Channel,Hardware Channel,WindowStartIdx,WindowEndIdx,WindowStartSec,WindowEndSec,Mean,Std,Skewness,Day,Experiment,Wavelength,SkinTone,Orientation,Pol
Unpolarized_A_Green,C5,0,250,0.0,10.0,0.0,7.771403251771401,0.2446356141744104,Day_4,Experiment_3,IR,Fair,0,Un. Pol
Unpolarized_A_Green,C5,25,275,1.0,11.0,-2.842170943040401e-17,7.853841547531533,0.0739170662080129,Day_4,Experiment_3,IR,Fair,0,Un. Pol
Unpolarized_A_Green,C5,50,300,2.0,12.0,2.984279490192421e-16,7.897144936051183,0.0717982439913757,Day_4,Experiment_3,IR,Fair,0,Un. Pol
Unpolarized_A_Green,C5,75,325,3.0,13.0,1.8474111129762604e-16,7.327326988307168,0.1875781163988236,Day_4,Experiment_3,IR,Fair,0,Un. Pol
Unpolarized_A_Green,C5,100,350,4.0,14.0,1.4210854715202004e-16,7.379433229254032,0.1884172463605846,Day_4,Experiment_3,IR,Fair,0,Un. Pol
Unpolarized_A_Green,C5,125,375,5.0,15.0,1.9895196601282808e-16,8.700254949460083,0.2361494304825786,Day_4,Experiment_3,IR,Fair,0,Un. Pol
Unpolarized_A_Green,C5,150,400,6.0,16.0,-4.2632564145606006e-17,7.906934994313252,-0.4546372866228551,Day_4,Experiment_3,IR,Fair,0,Un. Pol
Unpolarized_A_Green,C5,175,425,7.0,17.0,-1.9895196601282808e-16,7.271583939639118,0.2445196304790751,Day_4,Experiment_3,IR,Fair,0,Un. Pol
Unpolarized_A_Green,C5,200,450,8.0,18.0,5.684341886080802e-17,7.698322266003768,0.1325934116158832,Day_4,Experiment_3,IR,Fair,0,Un. Pol
Unpolarized_A_Green,C5,225,475,9.0,19.0,-8.5265128291212e-17,7.716730784748164,-0.0038941696361715,Day_4,Experiment_3,IR,Fair,0,Un. Pol
Unpolarized_A_Green,C5,250,500,10.0,20.0,-1.1368683772161603e-16,7.577435408311219,0.1231765462439172,Day_4,Experiment_3,IR,Fair,0,Un. Pol
Unpolarized_A_Green,C5,275,525,11.0,21.0,-2.842170943040401e-17,7.941020369083437,0.0447279211411688,Day_4,Experiment_3,IR,Fair,0,Un. Pol
Unpolarized_A_Green,C5,300,550,12.0,22.0,-2.842170943040401e-17,7.661080052254799,-0.0580250195784588,Day_4,Experiment_3,IR,Fair,0,Un. Pol
Unpolarized_A_Green,C5,325,575,13.0,23.0,4.2632564145606006e-17,7.024210689147582,-0.0220140742492663,Day_4,Experiment_3,IR,Fair,0,Un. Pol
Unpolarized_A_Green,C5,350,600,14.0,24.0,8.5265128291212e-17,7.726833211014708,-0.0372327370782415,Day_4,Experiment_3,IR,Fair,0,Un. Pol
Unpolarized_A_Green,C5,375,625,15.0,25.0,7.105427357601002e-17,6.643894685042283,-0.0473858325675668,Day_4,Experiment_3,IR,Fair,0,Un. Pol
Unpolarized_A_Green,C5,400,650,16.0,26.0,1.1368683772161603e-16,6.442723892779018,0.3957825051566725,Day_4,Experiment_3,IR,Fair,0,Un. Pol
Unpolarized_A_Green,C5,425,675,17.0,27.0,-1.0658141036401505e-17,5.880614153804638,0.1967945983239127,Day_4,Experiment_3,IR,Fair,0,Un. Pol
Unpolarized_A_Green,C5,450,700,18.0,28.0,-1.0231815394945442e-15,51.5499597985398,0.0422564337367663,Day_4,Experiment_3,IR,Fair,0,Un. Pol
Unpolarized_A_Green,C5,475,725,19.0,29.0,9.663381206337365e-16,58.37672943912864,0.6843017310457941,Day_4,Experiment_3,IR,Fair,0,Un. Pol
Unpolarized_A_Green,C5,500,750,20.0,30.0,-1.3642420526593924e-15,58.56165514629521,0.6175802129890342,Day_4,Experiment_3,IR,Fair,0,Un. Pol
Unpolarized_A_Green,C5,525,775,21.0,31.0,-7.958078640513122e-16,58.480027216892104,0.5858059053737382,Day_4,Experiment_3,IR,Fair,0,Un. Pol
Unpolarized_A_Green,C5,550,800,22.0,32.0,-2.2737367544323206e-16,58.4880758721328,0.5806669767059349,Day_4,Experiment_3,IR,Fair,0,Un. Pol
Unpolarized_A_Green,C5,575,825,23.0,33.0,4.547473508864641e-16,60.01176076600848,0.5785558952766002,Day_4,Experiment_3,IR,Fair,0,Un. Pol
Unpolarized_A_Green,C5,600,850,24.0,34.0,-2.8421709430404013e-16,60.039554577005674,0.5759772653176912,Day_4,Experiment_3,IR,Fair,0,Un. Pol
Unpolarized_A_Green,C5,625,875,25.0,35.0,-2.8421709430404013e-16,60.07213293328008,0.6021083823586446,Day_4,Experiment_3,IR,Fair,0,Un. Pol
Unpolarized_A_Green,C5,650,900,26.0,36.0,-5.400124791776761e-16,60.00099932085492,0.5735157524712167,Day_4,Experiment_3,IR,Fair,0,Un. Pol
Unpolarized_A_Green,C5,675,925,27.0,37.0,6.821210263296962e-16,60.59039285817812,0.2240476394860455,Day_4,Experiment_3,IR,Fair,0,Un. Pol
Unpolarized_A_Green,C5,700,950,28.0,38.0,-1.875832822406665e-15,24.543496452953875,0.7069051389608279,Day_4,Experiment_3,IR,Fair,0,Un. Pol
Unpolarized_A_Green,C5,725,975,29.0,39.0,-2.8421709430404013e-16,15.58097748809137,0.8200123850341424,Day_4,Experiment_3,IR,Fair,0,Un. Pol
Unpolarized_A_Green,C5,750,1000,30.0,40.0,-5.684341886080802e-17,15.673450603539854,0.8939251113309362,Day_4,Experiment_3,IR,Fair,0,Un. Pol
Unpolarized_A_Green,C5,775,1025,31.0,41.0,3.410605131648481e-16,15.771103365501162,0.992100348207746,Day_4,Experiment_3,IR,Fair,0,Un. Pol
Unpolarized_A_Green,C5,800,1050,32.0,42.0,1.0800249583553525e-15,18.821078057683685,2.4452777810533393,Day_4,Experiment_3,IR,Fair,0,Un. Pol
Unpolarized_A_Green,C5,825,1075,33.0,43.0,-1.70530256582424e-16,9.08030321319547,0.0758238881458638,Day_4,Experiment_3,IR,Fair,0,Un. Pol
Unpolarized_A_Green,C5,850,1100,34.0,44.0,-7.105427357601002e-17,8.956616424785153,-0.0253163886134293,Day_4,Experiment_3,IR,Fair,0,Un. Pol
Unpolarized_A_Green,C5,875,1125,35.0,45.0,2.842170943040401e-17,9.138217069480586,0.1144270254085794,Day_4,Experiment_3,IR,Fair,0,Un. Pol
Unpolarized_A_Green,C5,900,1150,36.0,46.0,1.2079226507921704e-16,9.30912210623328,0.0214159322151861,Day_4,Experiment_3,IR,Fair,0,Un. Pol
Unpolarized_A_Green,C5,925,1175,37.0,47.0,-4.2632564145606006e-17,7.246362314993458,0.0897901819017692,Day_4,Experiment_3,IR,Fair,0,Un. Pol
Unpolarized_A_Green,C5,950,1200,38.0,48.0,-1.4210854715202004e-16,7.3805438519979,0.1914410969571276,Day_4,Experiment_3,IR,Fair,0,Un. Pol
Unpolarized_A_Green,C5,975,1225,39.0,49.0,3.7303493627405256e-17,7.785529319923892,-0.0148215945061369,Day_4,Experiment_3,IR,Fair,0,Un. Pol
Unpolarized_A_Green,C5,1000,1250,40.0,50.0,-1.70530256582424e-16,6.888772030479416,0.2190569433962291,Day_4,Experiment_3,IR,Fair,0,Un. Pol
Unpolarized_A_Green,C5,1025,1275,41.0,51.0,-1.70530256582424e-16,7.815548931271893,-0.9508149629705246,Day_4,Experiment_3,IR,Fair,0,Un. Pol
Unpolarized_A_Green,C5,1050,1300,42.0,52.0,1.7763568394002506e-16,6.429927118490173,0.0560480724150278,Day_4,Experiment_3,IR,Fair,0,Un. Pol
Unpolarized_A_Green,C5,1075,1325,43.0,53.0,-1.1368683772161603e-16,5.6403892564492395,-0.1725618278335824,Day_4,Experiment_3,IR,Fair,0,Un. Pol
Unpolarized_A_Green,C5,1100,1350,44.0,54.0,-1.4921397450962102e-16,5.810262539563296,-0.2033717097153755,Day_4,Experiment_3,IR,Fair,0,Un. Pol
Unpolarized_A_Green,C5,1125,1375,45.0,55.0,2.842170943040401e-17,6.023996394720136,0.054487923995571,Day_4,Experiment_3,IR,Fair,0,Un. Pol
Unpolarized_A_Green,C5,1150,1400,46.0,56.0,1.7763568394002506e-16,6.377215271591864,-0.1059484834093931,Day_4,Experiment_3,IR,Fair,0,Un. Pol
Unpolarized_A_Green,C5,1175,1425,47.0,57.0,-2.8421709430404013e-16,7.912955053714893,-0.0778853632111566,Day_4,Experiment_3,IR,Fair,0,Un. Pol
Unpolarized_A_Green,C5,1200,1450,48.0,58.0,-2.4158453015843413e-16,7.448300928311125,-0.1900773859688697,Day_4,Experiment_3,IR,Fair,0,Un. Pol
Unpolarized_A_Green,C5,1225,1475,49.0,59.0,2.842170943040401e-17,7.133661054793189,-0.1798375465701025,Day_4,Experiment_3,IR,Fair,0,Un. Pol
Unpolarized_A_Green,C5,1250,1500,50.0,60.0,0.0,7.305820066598113,-0.1097657533552789,Day_4,Experiment_3,IR,Fair,0,Un. Pol
Unpolarized_A_Green,C5,1275,1525,51.0,61.0,7.815970093361102e-17,7.630492881763653,-0.1410995447263392,Day_4,Experiment_3,IR,Fair,0,Un. Pol
Unpolarized_A_Green,C5,1300,1550,52.0,62.0,-5.684341886080802e-17,7.686534767684367,-0.0138682189589853,Day_4,Experiment_3,IR,Fair,0,Un. Pol
Unpolarized_A_Green,C5,1325,1575,53.0,63.0,-1.1368683772161603e-16,7.728218045658974,-0.0259658356218417,Day_4,Experiment_3,IR,Fair,0,Un. Pol
Unpolarized_A_Green,C5,1350,1600,54.0,64.0,-2.842170943040401e-17,7.793695522417552,0.2140400412683606,Day_4,Experiment_3,IR,Fair,0,Un. Pol
Unpolarized_A_Green,C5,1375,1625,55.0,65.0,4.973799150320702e-17,6.9854114304314585,0.1138708952507979,Day_4,Experiment_3,IR,Fair,0,Un. Pol
Unpolarized_A_Green,C5,1400,1650,56.0,66.0,1.1368683772161603e-16,6.4894126861350285,0.04153608498449,Day_4,Experiment_3,IR,Fair,0,Un. Pol
Unpolarized_A_Green,C5,1425,1675,57.0,67.0,-3.481659405224491e-16,6.664641337625463,0.1892708657904425,Day_4,Experiment_3,IR,Fair,0,Un. Pol
Unpolarized_A_Green,C5,1450,1700,58.0,68.0,2.2382096176443156e-16,5.978966663414662,0.1892339356823896,Day_4,Experiment_3,IR,Fair,0,Un. Pol
Unpolarized_A_Green,C5,1475,1725,59.0,69.0,-7.105427357601002e-17,6.2213357387775785,0.3659880191256011,Day_4,Experiment_3,IR,Fair,0,Un. Pol
Unpolarized_A_Green,C5,1500,1750,60.0,70.0,3.019806626980426e-17,5.932231009870557,0.2496338177179848,Day_4,Experiment_3,IR,Fair,0,Un. Pol
Unpolarized_A_Green,C5,1525,1775,61.0,71.0,-7.105427357601002e-17,5.869379254445167,0.2040642253480735,Day_4,Experiment_3,IR,Fair,0,Un. Pol
Unpolarized_A_Green,C5,1550,1800,62.0,72.0,1.06581410364015e-16,5.871295393600619,0.1143106921877806,Day_4,Experiment_3,IR,Fair,0,Un. Pol
Unpolarized_A_Green,C5,1575,1825,63.0,73.0,-1.4921397450962102e-16,5.94634027735465,0.2324160824699848,Day_4,Experiment_3,IR,Fair,0,Un. Pol
Unpolarized_A_Green,C5,1600,1850,64.0,74.0,4.2632564145606006e-17,6.138244841703381,0.2652655946919363,Day_4,Experiment_3,IR,Fair,0,Un. Pol
Unpolarized_A_Red,C2,0,250,0.0,10.0,1.5916157281026244e-15,113.83583033877082,0.7685575280586984,Day_4,Experiment_3,IR,Fair,0,Un. Pol
Unpolarized_A_Red,C2,25,275,1.0,11.0,9.379164112033325e-16,113.96333132425158,0.7349104243022058,Day_4,Experiment_3,IR,Fair,0,Un. Pol
Unpolarized_A_Red,C2,50,300,2.0,12.0,-1.1368683772161603e-16,113.06510209279756,0.8001057987174337,Day_4,Experiment_3,IR,Fair,0,Un. Pol
Unpolarized_A_Red,C2,75,325,3.0,13.0,1.2732925824820996e-14,55.99011869432014,-3.4542427351134646,Day_4,Experiment_3,IR,Fair,0,Un. Pol
Unpolarized_A_Red,C2,100,350,4.0,14.0,-1.9184653865522702e-16,9.257144191771848,-0.3815197330843647,Day_4,Experiment_3,IR,Fair,0,Un. Pol
Unpolarized_A_Red,C2,125,375,5.0,15.0,-3.05533376376843e-16,9.617027299277506,-0.4374501664207648,Day_4,Experiment_3,IR,Fair,0,Un. Pol
Unpolarized_A_Red,C2,150,400,6.0,16.0,5.684341886080802e-17,9.074608757478469,-0.3101948355131957,Day_4,Experiment_3,IR,Fair,0,Un. Pol
Unpolarized_A_Red,C2,175,425,7.0,17.0,-1.2345680033831742e-16,10.34741181920796,-0.1114520646738568,Day_4,Experiment_3,IR,Fair,0,Un. Pol
Unpolarized_A_Red,C2,200,450,8.0,18.0,1.1368683772161603e-16,10.405211458853277,-0.0542781915236161,Day_4,Experiment_3,IR,Fair,0,Un. Pol
Unpolarized_A_Red,C2,225,475,9.0,19.0,-9.947598300641404e-17,10.046889272375305,-0.1323865393659282,Day_4,Experiment_3,IR,Fair,0,Un. Pol
Unpolarized_A_Red,C2,250,500,10.0,20.0,8.5265128291212e-17,10.437856016078417,-0.0936163130217247,Day_4,Experiment_3,IR,Fair,0,Un. Pol
Unpolarized_A_Red,C2,275,525,11.0,21.0,1.2079226507921704e-16,9.45671947505773,0.2180582676303789,Day_4,Experiment_3,IR,Fair,0,Un. Pol
Unpolarized_A_Red,C2,300,550,12.0,22.0,-5.684341886080802e-17,9.216430120851122,0.1534798269555939,Day_4,Experiment_3,IR,Fair,0,Un. Pol
Unpolarized_A_Red,C2,325,575,13.0,23.0,7.105427357601002e-17,8.923115883324577,0.1239647446921353,Day_4,Experiment_3,IR,Fair,0,Un. Pol
Unpolarized_A_Red,C2,350,600,14.0,24.0,1.4210854715202004e-17,9.437469658687675,0.0659327813891283,Day_4,Experiment_3,IR,Fair,0,Un. Pol
Unpolarized_A_Red,C2,375,625,15.0,25.0,-1.4210854715202004e-16,9.390221364605209,0.1094952203471811,Day_4,Experiment_3,IR,Fair,0,Un. Pol
Unpolarized_A_Red,C2,400,650,16.0,26.0,-8.810729923425242e-16,10.66017834050367,0.2661538321066261,Day_4,Experiment_3,IR,Fair,0,Un. Pol
Unpolarized_A_Red,C2,425,675,17.0,27.0,0.0,9.398280032311789,0.2883040277209308,Day_4,Experiment_3,IR,Fair,0,Un. Pol
Unpolarized_A_Red,C2,450,700,18.0,28.0,-7.815970093361102e-17,9.26384926369902,0.1717480546761442,Day_4,Experiment_3,IR,Fair,0,Un. Pol
Unpolarized_A_Red,C2,475,725,19.0,29.0,1.70530256582424e-16,8.705717084928235,0.4051055168495203,Day_4,Experiment_3,IR,Fair,0,Un. Pol
Unpolarized_A_Red,C2,500,750,20.0,30.0,-5.684341886080802e-17,8.453044549122879,0.0721247288019277,Day_4,Experiment_3,IR,Fair,0,Un. Pol
Unpolarized_A_Red,C2,525,775,21.0,31.0,-3.410605131648481e-16,8.076726608681039,0.2035020833099894,Day_4,Experiment_3,IR,Fair,0,Un. Pol
Unpolarized_A_Red,C2,550,800,22.0,32.0,1.2789769243681802e-16,7.915871635402244,0.1072249469939209,Day_4,Experiment_3,IR,Fair,0,Un. Pol
Unpolarized_A_Red,C2,575,825,23.0,33.0,-4.547473508864641e-16,57.39628574359273,-3.0771065232552894,Day_4,Experiment_3,IR,Fair,0,Un. Pol
Unpolarized_A_Red,C2,600,850,24.0,34.0,-1.0231815394945442e-15,61.17043739923282,0.0955045477140743,Day_4,Experiment_3,IR,Fair,0,Un. Pol
Unpolarized_A_Red,C2,625,875,25.0,35.0,3.6948222259525213e-16,61.95721480146503,-0.2246453817588035,Day_4,Experiment_3,IR,Fair,0,Un. Pol
Unpolarized_A_Red,C2,650,900,26.0,36.0,8.526512829121202e-16,62.27018364184793,-0.3451198002348536,Day_4,Experiment_3,IR,Fair,0,Un. Pol
Unpolarized_A_Red,C2,675,925,27.0,37.0,1.1262102361797588e-15,62.41134650619376,-0.3242903870843149,Day_4,Experiment_3,IR,Fair,0,Un. Pol
Unpolarized_A_Red,C2,700,950,28.0,38.0,9.094947017729285e-16,62.43471927470802,-0.3420866048523572,Day_4,Experiment_3,IR,Fair,0,Un. Pol
Unpolarized_A_Red,C2,725,975,29.0,39.0,-4.547473508864641e-16,62.44384880113523,-0.3268778617444512,Day_4,Experiment_3,IR,Fair,0,Un. Pol
Unpolarized_A_Red,C2,750,1000,30.0,40.0,6.252776074688881e-16,62.458814126059075,-0.3051870973158653,Day_4,Experiment_3,IR,Fair,0,Un. Pol
Unpolarized_A_Red,C2,775,1025,31.0,41.0,-6.821210263296962e-16,62.55588163119935,-0.2813048488880823,Day_4,Experiment_3,IR,Fair,0,Un. Pol
Unpolarized_A_Red,C2,800,1050,32.0,42.0,-6.5369931689929285e-16,63.25307862050728,-0.2750818776202299,Day_4,Experiment_3,IR,Fair,0,Un. Pol
Unpolarized_A_Red,C2,825,1075,33.0,43.0,0.0,72.80317639201554,-0.257540221729384,Day_4,Experiment_3,IR,Fair,0,Un. Pol
Unpolarized_A_Red,C2,850,1100,34.0,44.0,2.842170943040401e-17,8.094537709991993,0.0812666310737733,Day_4,Experiment_3,IR,Fair,0,Un. Pol
Unpolarized_A_Red,C2,875,1125,35.0,45.0,-2.842170943040401e-17,7.902856916132245,0.1390302231319998,Day_4,Experiment_3,IR,Fair,0,Un. Pol
Unpolarized_A_Red,C2,900,1150,36.0,46.0,-1.4210854715202004e-16,8.487628569029233,0.2766489725402699,Day_4,Experiment_3,IR,Fair,0,Un. Pol
Unpolarized_A_Red,C2,925,1175,37.0,47.0,1.8474111129762604e-16,8.277072940349829,0.1625257663776903,Day_4,Experiment_3,IR,Fair,0,Un. Pol
Unpolarized_A_Red,C2,950,1200,38.0,48.0,-8.5265128291212e-17,8.486889206471426,0.0962385990094854,Day_4,Experiment_3,IR,Fair,0,Un. Pol
Unpolarized_A_Red,C2,975,1225,39.0,49.0,1.70530256582424e-16,8.567927680657474,0.1444864943708109,Day_4,Experiment_3,IR,Fair,0,Un. Pol
Unpolarized_A_Red,C2,1000,1250,40.0,50.0,3.410605131648481e-16,9.026879460574747,0.1883780496236944,Day_4,Experiment_3,IR,Fair,0,Un. Pol
Unpolarized_A_Red,C2,1025,1275,41.0,51.0,-5.684341886080802e-17,8.114806909297373,0.1659179677076579,Day_4,Experiment_3,IR,Fair,0,Un. Pol
Unpolarized_A_Red,C2,1050,1300,42.0,52.0,-5.684341886080802e-17,7.635472003543208,0.2145386648949652,Day_4,Experiment_3,IR,Fair,0,Un. Pol
Unpolarized_A_Red,C2,1075,1325,43.0,53.0,1.4210854715202004e-17,8.402823028320489,0.0931588022258634,Day_4,Experiment_3,IR,Fair,0,Un. Pol
Unpolarized_A_Red,C2,1100,1350,44.0,54.0,0.0,8.357515706310258,0.1901236148038871,Day_4,Experiment_3,IR,Fair,0,Un. Pol
Unpolarized_A_Red,C2,1125,1375,45.0,55.0,-1.70530256582424e-16,7.8224948712569295,0.1525808981369666,Day_4,Experiment_3,IR,Fair,0,Un. Pol
Unpolarized_A_Red,C2,1150,1400,46.0,56.0,4.263256414560601e-17,7.547865584340452,0.0114749301985031,Day_4,Experiment_3,IR,Fair,0,Un. Pol
Unpolarized_A_Red,C2,1175,1425,47.0,57.0,-4.263256414560601e-17,7.573921256592065,0.0586309931828884,Day_4,Experiment_3,IR,Fair,0,Un. Pol
Unpolarized_A_Red,C2,1200,1450,48.0,58.0,-5.684341886080802e-17,7.399133122604341,0.0998537557890482,Day_4,Experiment_3,IR,Fair,0,Un. Pol
Unpolarized_A_Red,C2,1225,1475,49.0,59.0,2.842170943040401e-17,7.271935278245591,0.0357414275810011,Day_4,Experiment_3,IR,Fair,0,Un. Pol
Unpolarized_A_Red,C2,1250,1500,50.0,60.0,-2.842170943040401e-17,7.314290289969336,-0.0120313914427538,Day_4,Experiment_3,IR,Fair,0,Un. Pol
Unpolarized_A_Red,C2,1275,1525,51.0,61.0,5.684341886080802e-17,7.556919772460171,-0.1491212614964968,Day_4,Experiment_3,IR,Fair,0,Un. Pol
Unpolarized_A_Red,C2,1300,1550,52.0,62.0,-7.105427357601002e-17,8.827467681642817,-0.061417934499566,Day_4,Experiment_3,IR,Fair,0,Un. Pol
Unpolarized_A_Red,C2,1325,1575,53.0,63.0,-1.9895196601282808e-16,8.953682798662006,-0.2733993212685829,Day_4,Experiment_3,IR,Fair,0,Un. Pol
Unpolarized_A_Red,C2,1350,1600,54.0,64.0,-1.06581410364015e-16,8.005283747315689,-0.6460801017230183,Day_4,Experiment_3,IR,Fair,0,Un. Pol
Unpolarized_A_Red,C2,1375,1625,55.0,65.0,-5.684341886080802e-17,9.025928094695947,-0.4660910075796592,Day_4,Experiment_3,IR,Fair,0,Un. Pol
Unpolarized_A_Red,C2,1400,1650,56.0,66.0,-2.842170943040401e-17,8.627067449481197,-0.3920855756464489,Day_4,Experiment_3,IR,Fair,0,Un. Pol
Unpolarized_A_Red,C2,1425,1675,57.0,67.0,1.8474111129762604e-16,8.87401911907858,-0.2486955889175752,Day_4,Experiment_3,IR,Fair,0,Un. Pol
Unpolarized_A_Red,C2,1450,1700,58.0,68.0,5.684341886080802e-17,8.52489462615311,-0.3816505944440307,Day_4,Experiment_3,IR,Fair,0,Un. Pol
Unpolarized_A_Red,C2,1475,1725,59.0,69.0,-1.70530256582424e-16,8.869893545987429,-0.3015671517037695,Day_4,Experiment_3,IR,Fair,0,Un. Pol
Unpolarized_A_Red,C2,1500,1750,60.0,70.0,4.973799150320702e-17,8.092736255975025,-0.1810324591687666,Day_4,Experiment_3,IR,Fair,0,Un. Pol
Unpolarized_A_Red,C2,1525,1775,61.0,71.0,2.5579538487363605e-16,6.806920278711134,0.3941168121820836,Day_4,Experiment_3,IR,Fair,0,Un. Pol
Unpolarized_A_Red,C2,1550,1800,62.0,72.0,8.5265128291212e-17,5.6940958804918465,0.3270223502013754,Day_4,Experiment_3,IR,Fair,0,Un. Pol
Unpolarized_A_Red,C2,1575,1825,63.0,73.0,1.4210854715202004e-16,5.592309899457958,-0.2281228180203666,Day_4,Experiment_3,IR,Fair,0,Un. Pol
Unpolarized_A_Red,C2,1600,1850,64.0,74.0,-1.70530256582424e-16,5.803756653038147,-0.3254084317093564,Day_4,Experiment_3,IR,Fair,0,Un. Pol
Unpolarized_A_IR,C4,0,250,0.0,10.0,-3.979039320256561e-16,21.98722981898374,-1.8393577183035472,Day_4,Experiment_3,IR,Fair,0,Un. Pol
Unpolarized_A_IR,C4,25,275,1.0,11.0,1.1368683772161603e-16,9.84826757666936,0.1199093005545288,Day_4,Experiment_3,IR,Fair,0,Un. Pol
Unpolarized_A_IR,C4,50,300,2.0,12.0,-7.958078640513122e-16,12.247074657262822,0.1854489235978126,Day_4,Experiment_3,IR,Fair,0,Un. Pol
Unpolarized_A_IR,C4,75,325,3.0,13.0,-5.684341886080802e-17,11.069111488399678,0.185451047769656,Day_4,Experiment_3,IR,Fair,0,Un. Pol
Unpolarized_A_IR,C4,100,350,4.0,14.0,-2.842170943040401e-17,11.779375547549268,0.0616640694290185,Day_4,Experiment_3,IR,Fair,0,Un. Pol
Unpolarized_A_IR,C4,125,375,5.0,15.0,2.2737367544323206e-16,11.6353896944736,0.2755164580265795,Day_4,Experiment_3,IR,Fair,0,Un. Pol
Unpolarized_A_IR,C4,150,400,6.0,16.0,-4.547473508864641e-16,11.07530885119767,0.1199561152476074,Day_4,Experiment_3,IR,Fair,0,Un. Pol
Unpolarized_A_IR,C4,175,425,7.0,17.0,-8.5265128291212e-17,10.539153603459054,0.0280977218122447,Day_4,Experiment_3,IR,Fair,0,Un. Pol
Unpolarized_A_IR,C4,200,450,8.0,18.0,-2.842170943040401e-17,10.357513018750163,0.1053812044070441,Day_4,Experiment_3,IR,Fair,0,Un. Pol
Unpolarized_A_IR,C4,225,475,9.0,19.0,2.842170943040401e-17,9.82308286405935,-0.017001444880398,Day_4,Experiment_3,IR,Fair,0,Un. Pol
Unpolarized_A_IR,C4,250,500,10.0,20.0,-9.947598300641404e-17,9.801669427774366,0.018467830382001,Day_4,Experiment_3,IR,Fair,0,Un. Pol
Unpolarized_A_IR,C4,275,525,11.0,21.0,-1.70530256582424e-16,10.697023826346223,0.4777317622141571,Day_4,Experiment_3,IR,Fair,0,Un. Pol
Unpolarized_A_IR,C4,300,550,12.0,22.0,-5.115907697472721e-16,11.313730387819575,-0.7190839328538824,Day_4,Experiment_3,IR,Fair,0,Un. Pol
Unpolarized_A_IR,C4,325,575,13.0,23.0,3.552713678800501e-16,9.6731670153663,-0.5019884295090751,Day_4,Experiment_3,IR,Fair,0,Un. Pol
Unpolarized_A_IR,C4,350,600,14.0,24.0,2.62900812231237e-16,9.18005605779561,-0.490192840168629,Day_4,Experiment_3,IR,Fair,0,Un. Pol
Unpolarized_A_IR,C4,375,625,15.0,25.0,-6.750155989720952e-16,10.41604411376811,-0.3408204342835655,Day_4,Experiment_3,IR,Fair,0,Un. Pol
Unpolarized_A_IR,C4,400,650,16.0,26.0,2.8421709430404013e-16,11.489819413648735,-0.2195652403735485,Day_4,Experiment_3,IR,Fair,0,Un. Pol
Unpolarized_A_IR,C4,425,675,17.0,27.0,-1.70530256582424e-16,11.112775215473526,-0.3124723207660803,Day_4,Experiment_3,IR,Fair,0,Un. Pol
Unpolarized_A_IR,C4,450,700,18.0,28.0,-7.815970093361102e-17,12.833665380804964,-0.2533060247736604,Day_4,Experiment_3,IR,Fair,0,Un. Pol
Unpolarized_A_IR,C4,475,725,19.0,29.0,0.0,14.094445344520905,-0.2257667074969194,Day_4,Experiment_3,IR,Fair,0,Un. Pol
Unpolarized_A_IR,C4,500,750,20.0,30.0,-5.4569682106375695e-15,102.41670142267614,0.0095559028378178,Day_4,Experiment_3,IR,Fair,0,Un. Pol
Unpolarized_A_IR,C4,525,775,21.0,31.0,2.0179413695586843e-15,93.60861680386569,-0.0328097778288664,Day_4,Experiment_3,IR,Fair,0,Un. Pol
Unpolarized_A_IR,C4,550,800,22.0,32.0,-5.826450433232822e-16,93.32042577215432,0.0236783942426758,Day_4,Experiment_3,IR,Fair,0,Un. Pol
Unpolarized_A_IR,C4,575,825,23.0,33.0,2.8421709430404013e-16,93.31321507213414,0.0253199209839054,Day_4,Experiment_3,IR,Fair,0,Un. Pol
Unpolarized_A_IR,C4,600,850,24.0,34.0,9.379164112033325e-16,93.38841129622922,0.0063519363566087,Day_4,Experiment_3,IR,Fair,0,Un. Pol
Unpolarized_A_IR,C4,625,875,25.0,35.0,9.094947017729285e-16,93.339769589384,-0.0090610190378981,Day_4,Experiment_3,IR,Fair,0,Un. Pol
Unpolarized_A_IR,C4,650,900,26.0,36.0,3.410605131648481e-16,93.426696688225,0.013453319067182,Day_4,Experiment_3,IR,Fair,0,Un. Pol
Unpolarized_A_IR,C4,675,925,27.0,37.0,8.5265128291212e-17,93.41325706109754,0.0364930393943873,Day_4,Experiment_3,IR,Fair,0,Un. Pol
Unpolarized_A_IR,C4,700,950,28.0,38.0,-1.9895196601282808e-16,93.0066961150203,-0.0269660972351153,Day_4,Experiment_3,IR,Fair,0,Un. Pol
Unpolarized_A_IR,C4,725,975,29.0,39.0,-7.048583938740194e-15,89.56577854772439,-0.1055954603851318,Day_4,Experiment_3,IR,Fair,0,Un. Pol
Unpolarized_A_IR,C4,750,1000,30.0,40.0,1.70530256582424e-16,10.149085457530711,-0.141109054643825,Day_4,Experiment_3,IR,Fair,0,Un. Pol
Unpolarized_A_IR,C4,775,1025,31.0,41.0,-2.2737367544323206e-16,8.35157824127632,0.1101633587307579,Day_4,Experiment_3,IR,Fair,0,Un. Pol
Unpolarized_A_IR,C4,800,1050,32.0,42.0,2.842170943040401e-17,7.841553176405286,0.0550054081251455,Day_4,Experiment_3,IR,Fair,0,Un. Pol
Unpolarized_A_IR,C4,825,1075,33.0,43.0,-7.815970093361102e-17,8.57083679299025,0.0132347881786685,Day_4,Experiment_3,IR,Fair,0,Un. Pol
Unpolarized_A_IR,C4,850,1100,34.0,44.0,2.842170943040401e-17,9.116621226235376,-0.3300158895850155,Day_4,Experiment_3,IR,Fair,0,Un. Pol
Unpolarized_A_IR,C4,875,1125,35.0,45.0,-1.1368683772161603e-16,10.203729337942772,-0.0697848921491982,Day_4,Experiment_3,IR,Fair,0,Un. Pol
Unpolarized_A_IR,C4,900,1150,36.0,46.0,7.105427357601002e-17,9.980760340607782,-0.1317370328655595,Day_4,Experiment_3,IR,Fair,0,Un. Pol
Unpolarized_A_IR,C4,925,1175,37.0,47.0,-2.842170943040401e-17,10.118364699887229,-0.0999474190371433,Day_4,Experiment_3,IR,Fair,0,Un. Pol
Unpolarized_A_IR,C4,950,1200,38.0,48.0,3.1263880373444406e-16,10.521746869645163,-0.0853628433830387,Day_4,Experiment_3,IR,Fair,0,Un. Pol
Unpolarized_A_IR,C4,975,1225,39.0,49.0,-4.405364961712621e-16,10.61947931467383,-0.2531070807771828,Day_4,Experiment_3,IR,Fair,0,Un. Pol
Unpolarized_A_IR,C4,1000,1250,40.0,50.0,-8.5265128291212e-17,10.432175188902242,-0.249337299399709,Day_4,Experiment_3,IR,Fair,0,Un. Pol
Unpolarized_A_IR,C4,1025,1275,41.0,51.0,-5.684341886080802e-17,12.892866860595277,-0.2051392717409096,Day_4,Experiment_3,IR,Fair,0,Un. Pol
Unpolarized_A_IR,C4,1050,1300,42.0,52.0,-4.2632564145606006e-17,12.142511339879531,-0.1969999954430117,Day_4,Experiment_3,IR,Fair,0,Un. Pol
Unpolarized_A_IR,C4,1075,1325,43.0,53.0,1.5454304502782178e-16,13.347551731234464,-0.0644743196091372,Day_4,Experiment_3,IR,Fair,0,Un. Pol
Unpolarized_A_IR,C4,1100,1350,44.0,54.0,3.552713678800501e-17,12.464672429778036,-0.2458063986963043,Day_4,Experiment_3,IR,Fair,0,Un. Pol
Unpolarized_A_IR,C4,1125,1375,45.0,55.0,1.1368683772161603e-16,12.88139288812012,-0.1229850037738036,Day_4,Experiment_3,IR,Fair,0,Un. Pol
Unpolarized_A_IR,C4,1150,1400,46.0,56.0,-4.2632564145606006e-17,12.021824026228533,-0.1428546747477746,Day_4,Experiment_3,IR,Fair,0,Un. Pol
Unpolarized_A_IR,C4,1175,1425,47.0,57.0,-4.547473508864641e-16,12.325612949380332,0.0070047907741542,Day_4,Experiment_3,IR,Fair,0,Un. Pol
Unpolarized_A_IR,C4,1200,1450,48.0,58.0,8.5265128291212e-17,11.424900803810662,0.1128936693579176,Day_4,Experiment_3,IR,Fair,0,Un. Pol
Unpolarized_A_IR,C4,1225,1475,49.0,59.0,-1.4210854715202004e-17,12.597104181604784,-0.0247609204545657,Day_4,Experiment_3,IR,Fair,0,Un. Pol
Unpolarized_A_IR,C4,1250,1500,50.0,60.0,7.105427357601002e-17,11.73766761451279,0.2250740137014047,Day_4,Experiment_3,IR,Fair,0,Un. Pol
Unpolarized_A_IR,C4,1275,1525,51.0,61.0,0.0,9.97749486320079,0.1403741839633026,Day_4,Experiment_3,IR,Fair,0,Un. Pol
Unpolarized_A_IR,C4,1300,1550,52.0,62.0,2.1316282072803002e-16,10.873045484864903,0.1303175970663447,Day_4,Experiment_3,IR,Fair,0,Un. Pol
Unpolarized_A_IR,C4,1325,1575,53.0,63.0,-6.252776074688881e-16,10.163988795308052,0.2392036527075307,Day_4,Experiment_3,IR,Fair,0,Un. Pol
Unpolarized_A_IR,C4,1350,1600,54.0,64.0,1.1368683772161603e-16,9.501557941080408,0.2998474838143289,Day_4,Experiment_3,IR,Fair,0,Un. Pol
Unpolarized_A_IR,C4,1375,1625,55.0,65.0,-1.1368683772161603e-16,9.144729554430333,0.2672179688665762,Day_4,Experiment_3,IR,Fair,0,Un. Pol
Unpolarized_A_IR,C4,1400,1650,56.0,66.0,5.684341886080802e-17,8.858247164572694,0.3547279811697133,Day_4,Experiment_3,IR,Fair,0,Un. Pol
Unpolarized_A_IR,C4,1425,1675,57.0,67.0,-6.5369931689929285e-16,9.571633566175462,0.2745606911754395,Day_4,Experiment_3,IR,Fair,0,Un. Pol
Unpolarized_A_IR,C4,1450,1700,58.0,68.0,-5.684341886080802e-17,11.52667588454674,0.7491506270068137,Day_4,Experiment_3,IR,Fair,0,Un. Pol
Unpolarized_A_IR,C4,1475,1725,59.0,69.0,5.684341886080802e-17,9.539448325558856,0.3161037959310284,Day_4,Experiment_3,IR,Fair,0,Un. Pol
Unpolarized_A_IR,C4,1500,1750,60.0,70.0,-1.70530256582424e-16,10.897719913156951,0.243441388382338,Day_4,Experiment_3,IR,Fair,0,Un. Pol
Unpolarized_A_IR,C4,1525,1775,61.0,71.0,1.2789769243681802e-16,10.70966985861796,0.1048983416558993,Day_4,Experiment_3,IR,Fair,0,Un. Pol
Unpolarized_A_IR,C4,1550,1800,62.0,72.0,-2.8421709430404013e-16,10.26453910663634,0.2640329628346699,Day_4,Experiment_3,IR,Fair,0,Un. Pol
Unpolarized_A_IR,C4,1575,1825,63.0,73.0,-1.1368683772161603e-16,10.800623970474238,0.3265621476702407,Day_4,Experiment_3,IR,Fair,0,Un. Pol
Unpolarized_A_IR,C4,1600,1850,64.0,74.0,-5.684341886080802e-17,11.554157202472805,0.1468003257533722,Day_4,Experiment_3,IR,Fair,0,Un. Pol
Unpolarized_B_Green,C11,0,250,0.0,10.0,-1.9895196601282808e-16,7.383198631249028,-0.1386660148431596,Day_4,Experiment_3,IR,Fair,0,Un. Pol
Unpolarized_B_Green,C11,25,275,1.0,11.0,1.4210854715202004e-17,6.875129242269037,-0.1198749001040197,Day_4,Experiment_3,IR,Fair,0,Un. Pol
Unpolarized_B_Green,C11,50,300,2.0,12.0,6.750155989720952e-17,7.327785403085319,0.049802411217989,Day_4,Experiment_3,IR,Fair,0,Un. Pol
Unpolarized_B_Green,C11,75,325,3.0,13.0,0.0,8.252620636247569,0.2493133574499495,Day_4,Experiment_3,IR,Fair,0,Un. Pol
Unpolarized_B_Green,C11,100,350,4.0,14.0,2.842170943040401e-16,8.34416006014828,0.4096695662957037,Day_4,Experiment_3,IR,Fair,0,Un. Pol
Unpolarized_B_Green,C11,125,375,5.0,15.0,1.1368683772161603e-16,9.326059181435962,0.5128298417049229,Day_4,Experiment_3,IR,Fair,0,Un. Pol
Unpolarized_B_Green,C11,150,400,6.0,16.0,-1.2789769243681802e-16,9.305967036469507,0.2577091487229017,Day_4,Experiment_3,IR,Fair,0,Un. Pol
Unpolarized_B_Green,C11,175,425,7.0,17.0,-6.394884621840901e-17,8.64597916714019,0.4470825785136605,Day_4,Experiment_3,IR,Fair,0,Un. Pol
Unpolarized_B_Green,C11,200,450,8.0,18.0,1.1368683772161603e-16,8.743666499677067,0.4365396106310987,Day_4,Experiment_3,IR,Fair,0,Un. Pol
Unpolarized_B_Green,C11,225,475,9.0,19.0,-5.684341886080802e-17,8.655873592171739,0.4005258092270164,Day_4,Experiment_3,IR,Fair,0,Un. Pol
Unpolarized_B_Green,C11,250,500,10.0,20.0,1.4921397450962102e-16,8.796944892667698,0.3607950877372975,Day_4,Experiment_3,IR,Fair,0,Un. Pol
Unpolarized_B_Green,C11,275,525,11.0,21.0,-1.1368683772161603e-16,9.091180082091352,0.3227839994576154,Day_4,Experiment_3,IR,Fair,0,Un. Pol
Unpolarized_B_Green,C11,300,550,12.0,22.0,7.105427357601002e-17,8.685386820833987,0.2250784624703377,Day_4,Experiment_3,IR,Fair,0,Un. Pol
Unpolarized_B_Green,C11,325,575,13.0,23.0,6.750155989720952e-17,7.343890063232062,-0.024902390005293,Day_4,Experiment_3,IR,Fair,0,Un. Pol
Unpolarized_B_Green,C11,350,600,14.0,24.0,2.842170943040401e-17,8.927788587995886,-0.0391029571578843,Day_4,Experiment_3,IR,Fair,0,Un. Pol
Unpolarized_B_Green,C11,375,625,15.0,25.0,3.410605131648481e-16,7.899973886181544,0.2179859871668935,Day_4,Experiment_3,IR,Fair,0,Un. Pol
Unpolarized_B_Green,C11,400,650,16.0,26.0,3.1263880373444406e-16,8.667412210435298,0.0835618309818525,Day_4,Experiment_3,IR,Fair,0,Un. Pol
Unpolarized_B_Green,C11,425,675,17.0,27.0,7.105427357601002e-17,7.84215525373706,0.157207628149467,Day_4,Experiment_3,IR,Fair,0,Un. Pol
Unpolarized_B_Green,C11,450,700,18.0,28.0,1.70530256582424e-16,9.111053770443004,0.0178661179317572,Day_4,Experiment_3,IR,Fair,0,Un. Pol
Unpolarized_B_Green,C11,475,725,19.0,29.0,-9.947598300641404e-17,9.749049305066276,0.149307439417122,Day_4,Experiment_3,IR,Fair,0,Un. Pol
Unpolarized_B_Green,C11,500,750,20.0,30.0,-8.5265128291212e-17,10.331454847591475,0.1264639988416368,Day_4,Experiment_3,IR,Fair,0,Un. Pol
Unpolarized_B_Green,C11,525,775,21.0,31.0,-1.7763568394002506e-16,10.692696242174906,0.0123478911083612,Day_4,Experiment_3,IR,Fair,0,Un. Pol
Unpolarized_B_Green,C11,550,800,22.0,32.0,-4.263256414560601e-17,10.672110660015711,0.0529445768813794,Day_4,Experiment_3,IR,Fair,0,Un. Pol
Unpolarized_B_Green,C11,575,825,23.0,33.0,0.0,10.40015506178965,0.0843989081285042,Day_4,Experiment_3,IR,Fair,0,Un. Pol
Unpolarized_B_Green,C11,600,850,24.0,34.0,3.836930773104541e-16,11.710005982188736,0.2494888312145107,Day_4,Experiment_3,IR,Fair,0,Un. Pol
Unpolarized_B_Green,C11,625,875,25.0,35.0,-1.2789769243681802e-16,10.675684897611228,0.1624388966739966,Day_4,Experiment_3,IR,Fair,0,Un. Pol
Unpolarized_B_Green,C11,650,900,26.0,36.0,-2.2737367544323206e-16,10.298037592316392,0.1311004064194546,Day_4,Experiment_3,IR,Fair,0,Un. Pol
Unpolarized_B_Green,C11,675,925,27.0,37.0,3.410605131648481e-16,12.08247232670366,0.1454319563949211,Day_4,Experiment_3,IR,Fair,0,Un. Pol
Unpolarized_B_Green,C11,700,950,28.0,38.0,0.0,10.579738683070277,-0.1098100103575856,Day_4,Experiment_3,IR,Fair,0,Un. Pol
Unpolarized_B_Green,C11,725,975,29.0,39.0,1.70530256582424e-16,10.515034630809572,-0.191083778873591,Day_4,Experiment_3,IR,Fair,0,Un. Pol
Unpolarized_B_Green,C11,750,1000,30.0,40.0,1.70530256582424e-16,9.79662831955084,-0.2650279603830036,Day_4,Experiment_3,IR,Fair,0,Un. Pol
Unpolarized_B_Green,C11,775,1025,31.0,41.0,-2.2737367544323206e-16,10.448162826550918,-0.3824999815266264,Day_4,Experiment_3,IR,Fair,0,Un. Pol
Unpolarized_B_Green,C11,800,1050,32.0,42.0,-3.019806626980426e-17,9.459353725372072,-0.2704211661621902,Day_4,Experiment_3,IR,Fair,0,Un. Pol
Unpolarized_B_Green,C11,825,1075,33.0,43.0,-1.1368683772161603e-16,9.39297517239842,-0.2872087831711709,Day_4,Experiment_3,IR,Fair,0,Un. Pol
Unpolarized_B_Green,C11,850,1100,34.0,44.0,6.110667527536861e-16,9.681410521238472,-0.0564921354470048,Day_4,Experiment_3,IR,Fair,0,Un. Pol
Unpolarized_B_Green,C11,875,1125,35.0,45.0,-5.684341886080802e-17,9.02667429564471,-0.1364499585342505,Day_4,Experiment_3,IR,Fair,0,Un. Pol
Unpolarized_B_Green,C11,900,1150,36.0,46.0,5.400124791776761e-16,9.56260292841848,-0.2357102636614285,Day_4,Experiment_3,IR,Fair,0,Un. Pol
Unpolarized_B_Green,C11,925,1175,37.0,47.0,-2.4158453015843413e-16,7.471862689888583,-0.0061555652812819,Day_4,Experiment_3,IR,Fair,0,Un. Pol
Unpolarized_B_Green,C11,950,1200,38.0,48.0,-5.684341886080802e-17,7.808943685172017,0.0258322996940306,Day_4,Experiment_3,IR,Fair,0,Un. Pol
Unpolarized_B_Green,C11,975,1225,39.0,49.0,-5.684341886080802e-17,8.581744063882985,0.4667082076084768,Day_4,Experiment_3,IR,Fair,0,Un. Pol
Unpolarized_B_Green,C11,1000,1250,40.0,50.0,-5.684341886080802e-17,7.757253050082125,0.0065404456422426,Day_4,Experiment_3,IR,Fair,0,Un. Pol
Unpolarized_B_Green,C11,1025,1275,41.0,51.0,9.237055564881302e-17,8.609752992271494,-0.1959560619201298,Day_4,Experiment_3,IR,Fair,0,Un. Pol
Unpolarized_B_Green,C11,1050,1300,42.0,52.0,1.9895196601282808e-16,8.556885000336543,-0.020893495574324,Day_4,Experiment_3,IR,Fair,0,Un. Pol
Unpolarized_B_Green,C11,1075,1325,43.0,53.0,-2.842170943040401e-16,9.266157365839485,0.2736287538719828,Day_4,Experiment_3,IR,Fair,0,Un. Pol
Unpolarized_B_Green,C11,1100,1350,44.0,54.0,-6.60804744256894e-16,9.268681605731048,0.2657413599183821,Day_4,Experiment_3,IR,Fair,0,Un. Pol
Unpolarized_B_Green,C11,1125,1375,45.0,55.0,-4.8316906031686895e-16,9.094554011196696,0.2727706474291141,Day_4,Experiment_3,IR,Fair,0,Un. Pol
Unpolarized_B_Green,C11,1150,1400,46.0,56.0,-1.9184653865522702e-16,9.013911470186835,0.3342723969607267,Day_4,Experiment_3,IR,Fair,0,Un. Pol
Unpolarized_B_Green,C11,1175,1425,47.0,57.0,2.842170943040401e-17,9.783554401944848,0.464571356791715,Day_4,Experiment_3,IR,Fair,0,Un. Pol
Unpolarized_B_Green,C11,1200,1450,48.0,58.0,2.4158453015843413e-16,10.041961692102069,0.1167191501651026,Day_4,Experiment_3,IR,Fair,0,Un. Pol
Unpolarized_B_Green,C11,1225,1475,49.0,59.0,5.684341886080802e-17,10.13851005913414,0.2580926838247981,Day_4,Experiment_3,IR,Fair,0,Un. Pol
Unpolarized_B_Green,C11,1250,1500,50.0,60.0,-4.689582056016661e-16,9.98157095635402,0.1930782367841944,Day_4,Experiment_3,IR,Fair,0,Un. Pol
Unpolarized_B_Green,C11,1275,1525,51.0,61.0,5.684341886080802e-17,9.98824804268858,0.093725621535781,Day_4,Experiment_3,IR,Fair,0,Un. Pol
Unpolarized_B_Green,C11,1300,1550,52.0,62.0,1.1368683772161603e-16,10.467497946473332,0.0240490297484266,Day_4,Experiment_3,IR,Fair,0,Un. Pol
Unpolarized_B_Green,C11,1325,1575,53.0,63.0,0.0,10.014798963772389,-0.0958042811121457,Day_4,Experiment_3,IR,Fair,0,Un. Pol
Unpolarized_B_Green,C11,1350,1600,54.0,64.0,2.842170943040401e-17,9.975845013012131,0.0416213420019548,Day_4,Experiment_3,IR,Fair,0,Un. Pol
Unpolarized_B_Green,C11,1375,1625,55.0,65.0,-2.842170943040401e-17,9.518665923243526,0.0125457732884606,Day_4,Experiment_3,IR,Fair,0,Un. Pol
Unpolarized_B_Green,C11,1400,1650,56.0,66.0,-5.684341886080802e-17,9.412412525173492,-0.1077276120974985,Day_4,Experiment_3,IR,Fair,0,Un. Pol
Unpolarized_B_Green,C11,1425,1675,57.0,67.0,-2.0961010704922952e-16,8.76260524843621,0.0375755479643692,Day_4,Experiment_3,IR,Fair,0,Un. Pol
Unpolarized_B_Green,C11,1450,1700,58.0,68.0,-3.410605131648481e-16,9.066049667851976,0.0994659676053679,Day_4,Experiment_3,IR,Fair,0,Un. Pol
Unpolarized_B_Green,C11,1475,1725,59.0,69.0,-4.263256414560601e-17,8.033422181234332,-0.005091619676941,Day_4,Experiment_3,IR,Fair,0,Un. Pol
Unpolarized_B_Green,C11,1500,1750,60.0,70.0,8.5265128291212e-17,7.723180622170744,-0.15653280265773,Day_4,Experiment_3,IR,Fair,0,Un. Pol
Unpolarized_B_Green,C11,1525,1775,61.0,71.0,-7.105427357601002e-17,7.443792200734327,-0.0867404342567482,Day_4,Experiment_3,IR,Fair,0,Un. Pol
Unpolarized_B_Green,C11,1550,1800,62.0,72.0,-7.105427357601002e-17,8.298790706553538,-0.1596700796555161,Day_4,Experiment_3,IR,Fair,0,Un. Pol
Unpolarized_B_Green,C11,1575,1825,63.0,73.0,1.8474111129762604e-16,7.245691424543042,0.3427913810304143,Day_4,Experiment_3,IR,Fair,0,Un. Pol
Unpolarized_B_Green,C11,1600,1850,64.0,74.0,0.0,7.101864916101863,0.2271683447847162,Day_4,Experiment_3,IR,Fair,0,Un. Pol
Unpolarized_B_Red,C8,0,250,0.0,10.0,0.0,8.620755201757015,-0.0022944916040063,Day_4,Experiment_3,IR,Fair,0,Un. Pol
Unpolarized_B_Red,C8,25,275,1.0,11.0,-2.842170943040401e-17,10.540088479923758,0.5713892220307489,Day_4,Experiment_3,IR,Fair,0,Un. Pol
Unpolarized_B_Red,C8,50,300,2.0,12.0,-9.947598300641404e-17,10.045021571452573,-0.0167357231443956,Day_4,Experiment_3,IR,Fair,0,Un. Pol
Unpolarized_B_Red,C8,75,325,3.0,13.0,-5.684341886080802e-17,9.815741310113657,-0.1053471379265974,Day_4,Experiment_3,IR,Fair,0,Un. Pol
Unpolarized_B_Red,C8,100,350,4.0,14.0,2.7000623958883806e-16,9.729783660567987,-0.0568784104870939,Day_4,Experiment_3,IR,Fair,0,Un. Pol
Unpolarized_B_Red,C8,125,375,5.0,15.0,4.547473508864641e-16,11.422235481934996,-0.2037096107462279,Day_4,Experiment_3,IR,Fair,0,Un. Pol
Unpolarized_B_Red,C8,150,400,6.0,16.0,-5.684341886080802e-17,10.66641768918394,-0.0644442729091735,Day_4,Experiment_3,IR,Fair,0,Un. Pol
Unpolarized_B_Red,C8,175,425,7.0,17.0,-1.9895196601282808e-16,10.857774822652145,-0.077305268506872,Day_4,Experiment_3,IR,Fair,0,Un. Pol
Unpolarized_B_Red,C8,200,450,8.0,18.0,1.06581410364015e-16,11.012413828121051,-0.064495766861297,Day_4,Experiment_3,IR,Fair,0,Un. Pol
Unpolarized_B_Red,C8,225,475,9.0,19.0,-5.684341886080802e-17,10.93619488988752,-0.087957097708726,Day_4,Experiment_3,IR,Fair,0,Un. Pol
Unpolarized_B_Red,C8,250,500,10.0,20.0,3.979039320256561e-16,11.360924158098626,-0.1538117996283981,Day_4,Experiment_3,IR,Fair,0,Un. Pol
Unpolarized_B_Red,C8,275,525,11.0,21.0,4.263256414560601e-16,11.128745863549776,0.1763812221520259,Day_4,Experiment_3,IR,Fair,0,Un. Pol
Unpolarized_B_Red,C8,300,550,12.0,22.0,-4.2632564145606006e-17,10.255170228421964,-0.0147117590326283,Day_4,Experiment_3,IR,Fair,0,Un. Pol
Unpolarized_B_Red,C8,325,575,13.0,23.0,-8.5265128291212e-17,10.398396213998012,0.0618657774306635,Day_4,Experiment_3,IR,Fair,0,Un. Pol
Unpolarized_B_Red,C8,350,600,14.0,24.0,-1.4210854715202004e-16,11.019767350231566,0.0503590943189406,Day_4,Experiment_3,IR,Fair,0,Un. Pol
Unpolarized_B_Red,C8,375,625,15.0,25.0,-2.842170943040401e-17,9.464078008109842,0.0769815744617075,Day_4,Experiment_3,IR,Fair,0,Un. Pol
Unpolarized_B_Red,C8,400,650,16.0,26.0,2.2737367544323206e-16,10.273874112608684,0.1018508372717282,Day_4,Experiment_3,IR,Fair,0,Un. Pol
Unpolarized_B_Red,C8,425,675,17.0,27.0,-1.2789769243681802e-16,9.562490978910091,-0.0180169495400088,Day_4,Experiment_3,IR,Fair,0,Un. Pol
Unpolarized_B_Red,C8,450,700,18.0,28.0,-3.410605131648481e-16,9.71672721534361,0.1007094856439849,Day_4,Experiment_3,IR,Fair,0,Un. Pol
Unpolarized_B_Red,C8,475,725,19.0,29.0,-1.2789769243681802e-16,9.66667856202475,0.0226457934298529,Day_4,Experiment_3,IR,Fair,0,Un. Pol
Unpolarized_B_Red,C8,500,750,20.0,30.0,1.5631940186722203e-16,10.34349758845433,0.204493969042147,Day_4,Experiment_3,IR,Fair,0,Un. Pol
Unpolarized_B_Red,C8,525,775,21.0,31.0,-1.70530256582424e-16,9.61138294893614,-0.0989745162403915,Day_4,Experiment_3,IR,Fair,0,Un. Pol
Unpolarized_B_Red,C8,550,800,22.0,32.0,2.131628207280301e-17,10.02060600766841,-0.1511137294550669,Day_4,Experiment_3,IR,Fair,0,Un. Pol
Unpolarized_B_Red,C8,575,825,23.0,33.0,-2.8421709430404013e-16,10.777199969276229,-0.4258734155294871,Day_4,Experiment_3,IR,Fair,0,Un. Pol
Unpolarized_B_Red,C8,600,850,24.0,34.0,-8.5265128291212e-17,10.590589401494524,-0.1288228648020893,Day_4,Experiment_3,IR,Fair,0,Un. Pol
Unpolarized_B_Red,C8,625,875,25.0,35.0,-2.8421709430404013e-16,9.780364733497729,-0.2238497712152019,Day_4,Experiment_3,IR,Fair,0,Un. Pol
Unpolarized_B_Red,C8,650,900,26.0,36.0,-1.3500311979441903e-16,9.692340379243522,0.0017391314045088,Day_4,Experiment_3,IR,Fair,0,Un. Pol
Unpolarized_B_Red,C8,675,925,27.0,37.0,1.3500311979441903e-16,9.42754800193324,-0.0505827346560869,Day_4,Experiment_3,IR,Fair,0,Un. Pol
Unpolarized_B_Red,C8,700,950,28.0,38.0,9.379164112033325e-16,10.666600406637295,0.2264932907861721,Day_4,Experiment_3,IR,Fair,0,Un. Pol
Unpolarized_B_Red,C8,725,975,29.0,39.0,1.1368683772161603e-16,9.298201646974611,-0.1569231374116006,Day_4,Experiment_3,IR,Fair,0,Un. Pol
Unpolarized_B_Red,C8,750,1000,30.0,40.0,1.1368683772161603e-16,10.113065194437832,0.4446088165736523,Day_4,Experiment_3,IR,Fair,0,Un. Pol
Unpolarized_B_Red,C8,775,1025,31.0,41.0,-9.947598300641404e-17,8.856041648008517,0.1855507287472683,Day_4,Experiment_3,IR,Fair,0,Un. Pol
Unpolarized_B_Red,C8,800,1050,32.0,42.0,-5.684341886080802e-17,9.425804136800846,0.3965046352652084,Day_4,Experiment_3,IR,Fair,0,Un. Pol
Unpolarized_B_Red,C8,825,1075,33.0,43.0,-7.105427357601002e-17,8.136623102508793,-0.0342965578617659,Day_4,Experiment_3,IR,Fair,0,Un. Pol
Unpolarized_B_Red,C8,850,1100,34.0,44.0,-1.1368683772161603e-16,8.458250047599055,0.0727388577534076,Day_4,Experiment_3,IR,Fair,0,Un. Pol
Unpolarized_B_Red,C8,875,1125,35.0,45.0,-3.552713678800501e-17,8.508402042902073,-0.0081277597502675,Day_4,Experiment_3,IR,Fair,0,Un. Pol
Unpolarized_B_Red,C8,900,1150,36.0,46.0,0.0,9.498194097277098,0.096143343320168,Day_4,Experiment_3,IR,Fair,0,Un. Pol
Unpolarized_B_Red,C8,925,1175,37.0,47.0,-2.842170943040401e-17,9.607403251471412,-0.0515141560321545,Day_4,Experiment_3,IR,Fair,0,Un. Pol
Unpolarized_B_Red,C8,950,1200,38.0,48.0,-1.4210854715202004e-16,9.73535653693662,-0.1532283896847485,Day_4,Experiment_3,IR,Fair,0,Un. Pol
Unpolarized_B_Red,C8,975,1225,39.0,49.0,-2.2737367544323206e-16,10.352082487832892,0.0883518502283594,Day_4,Experiment_3,IR,Fair,0,Un. Pol
Unpolarized_B_Red,C8,1000,1250,40.0,50.0,2.842170943040401e-17,9.88550557570281,-0.1070578992381369,Day_4,Experiment_3,IR,Fair,0,Un. Pol
Unpolarized_B_Red,C8,1025,1275,41.0,51.0,8.5265128291212e-17,9.23914964271153,-0.1426706942479555,Day_4,Experiment_3,IR,Fair,0,Un. Pol
Unpolarized_B_Red,C8,1050,1300,42.0,52.0,0.0,9.147983035957385,-0.1373646050118815,Day_4,Experiment_3,IR,Fair,0,Un. Pol
Unpolarized_B_Red,C8,1075,1325,43.0,53.0,-3.481659405224491e-16,9.575955976404776,-0.1048925433561398,Day_4,Experiment_3,IR,Fair,0,Un. Pol
Unpolarized_B_Red,C8,1100,1350,44.0,54.0,-2.842170943040401e-17,8.226991848813698,-0.3127799035675653,Day_4,Experiment_3,IR,Fair,0,Un. Pol
Unpolarized_B_Red,C8,1125,1375,45.0,55.0,-4.973799150320702e-17,8.241479924412932,-0.1625355421663917,Day_4,Experiment_3,IR,Fair,0,Un. Pol
Unpolarized_B_Red,C8,1150,1400,46.0,56.0,6.394884621840901e-17,7.705809743173546,-0.0912765877607905,Day_4,Experiment_3,IR,Fair,0,Un. Pol
Unpolarized_B_Red,C8,1175,1425,47.0,57.0,1.4210854715202004e-16,7.573989764880651,-0.0503286975063905,Day_4,Experiment_3,IR,Fair,0,Un. Pol
Unpolarized_B_Red,C8,1200,1450,48.0,58.0,1.1368683772161603e-16,7.845440644832776,0.0570556184446764,Day_4,Experiment_3,IR,Fair,0,Un. Pol
Unpolarized_B_Red,C8,1225,1475,49.0,59.0,-3.410605131648481e-16,7.905232536287999,-0.0360964520343802,Day_4,Experiment_3,IR,Fair,0,Un. Pol
Unpolarized_B_Red,C8,1250,1500,50.0,60.0,1.5631940186722203e-16,8.0954768365372,0.0128815862708169,Day_4,Experiment_3,IR,Fair,0,Un. Pol
Unpolarized_B_Red,C8,1275,1525,51.0,61.0,-2.842170943040401e-17,7.934510206278766,-0.0352557380283145,Day_4,Experiment_3,IR,Fair,0,Un. Pol
Unpolarized_B_Red,C8,1300,1550,52.0,62.0,-8.5265128291212e-17,8.936860836114267,0.3577327340204501,Day_4,Experiment_3,IR,Fair,0,Un. Pol
Unpolarized_B_Red,C8,1325,1575,53.0,63.0,2.842170943040401e-17,9.006515213843285,0.1609927775547803,Day_4,Experiment_3,IR,Fair,0,Un. Pol
Unpolarized_B_Red,C8,1350,1600,54.0,64.0,2.842170943040401e-17,8.239780186471188,-0.2331184466562001,Day_4,Experiment_3,IR,Fair,0,Un. Pol
Unpolarized_B_Red,C8,1375,1625,55.0,65.0,-9.947598300641404e-17,8.606609045581793,-0.1722963700946878,Day_4,Experiment_3,IR,Fair,0,Un. Pol
Unpolarized_B_Red,C8,1400,1650,56.0,66.0,1.7763568394002505e-17,8.801948004155262,-0.0153891044707008,Day_4,Experiment_3,IR,Fair,0,Un. Pol
Unpolarized_B_Red,C8,1425,1675,57.0,67.0,0.0,8.970071451084396,0.059204695185939,Day_4,Experiment_3,IR,Fair,0,Un. Pol
Unpolarized_B_Red,C8,1450,1700,58.0,68.0,-9.947598300641404e-17,9.294504072584354,0.0088565203580697,Day_4,Experiment_3,IR,Fair,0,Un. Pol
Unpolarized_B_Red,C8,1475,1725,59.0,69.0,-1.9895196601282808e-16,9.256047778670895,0.0221907198421367,Day_4,Experiment_3,IR,Fair,0,Un. Pol
Unpolarized_B_Red,C8,1500,1750,60.0,70.0,2.5579538487363605e-16,8.891372514027053,-0.1000110655818311,Day_4,Experiment_3,IR,Fair,0,Un. Pol
Unpolarized_B_Red,C8,1525,1775,61.0,71.0,-3.410605131648481e-16,9.177196945867198,0.3299420186252469,Day_4,Experiment_3,IR,Fair,0,Un. Pol
Unpolarized_B_Red,C8,1550,1800,62.0,72.0,0.0,8.696040757027205,-0.094283574221147,Day_4,Experiment_3,IR,Fair,0,Un. Pol
Unpolarized_B_Red,C8,1575,1825,63.0,73.0,-2.842170943040401e-17,7.676899910483516,-0.0673329719674438,Day_4,Experiment_3,IR,Fair,0,Un. Pol
Unpolarized_B_Red,C8,1600,1850,64.0,74.0,-5.684341886080809e-16,8.298737195106767,-0.1726246439016212,Day_4,Experiment_3,IR,Fair,0,Un. Pol
Unpolarized_B_IR,C10,0,250,0.0,10.0,8.526512829121202e-16,13.90359083734262,0.1089884246435199,Day_4,Experiment_3,IR,Fair,0,Un. Pol
Unpolarized_B_IR,C10,25,275,1.0,11.0,-2.842170943040401e-17,14.16046974075447,0.1759236322821104,Day_4,Experiment_3,IR,Fair,0,Un. Pol
Unpolarized_B_IR,C10,50,300,2.0,12.0,-4.547473508864641e-16,15.671538478104372,0.1665889083281164,Day_4,Experiment_3,IR,Fair,0,Un. Pol
Unpolarized_B_IR,C10,75,325,3.0,13.0,-5.684341886080802e-17,14.429234983621834,0.1479024383667719,Day_4,Experiment_3,IR,Fair,0,Un. Pol
Unpolarized_B_IR,C10,100,350,4.0,14.0,4.263256414560601e-16,15.56549027339844,0.1510488041914456,Day_4,Experiment_3,IR,Fair,0,Un. Pol
Unpolarized_B_IR,C10,125,375,5.0,15.0,0.0,15.595940182048238,0.1360150007292832,Day_4,Experiment_3,IR,Fair,0,Un. Pol
Unpolarized_B_IR,C10,150,400,6.0,16.0,-1.4210854715202004e-16,14.490469612941164,-0.0127362783946815,Day_4,Experiment_3,IR,Fair,0,Un. Pol
Unpolarized_B_IR,C10,175,425,7.0,17.0,-2.842170943040401e-16,13.724699570870207,-0.0223245438503827,Day_4,Experiment_3,IR,Fair,0,Un. Pol
Unpolarized_B_IR,C10,200,450,8.0,18.0,-2.984279490192421e-16,13.731021587682283,-0.0100282843543261,Day_4,Experiment_3,IR,Fair,0,Un. Pol
Unpolarized_B_IR,C10,225,475,9.0,19.0,0.0,12.722235306677057,-0.0759956561391704,Day_4,Experiment_3,IR,Fair,0,Un. Pol
Unpolarized_B_IR,C10,250,500,10.0,20.0,-1.4210854715202004e-17,13.51245720372869,-0.1057445662507635,Day_4,Experiment_3,IR,Fair,0,Un. Pol
Unpolarized_B_IR,C10,275,525,11.0,21.0,-1.1937117960769684e-15,13.888374997034088,0.1908636124528174,Day_4,Experiment_3,IR,Fair,0,Un. Pol
Unpolarized_B_IR,C10,300,550,12.0,22.0,8.2422957348171675e-16,13.971679022612424,-0.239613790889525,Day_4,Experiment_3,IR,Fair,0,Un. Pol
Unpolarized_B_IR,C10,325,575,13.0,23.0,-5.684341886080802e-17,12.705977232167996,-0.1465206427214908,Day_4,Experiment_3,IR,Fair,0,Un. Pol
Unpolarized_B_IR,C10,350,600,14.0,24.0,-4.973799150320702e-17,12.304381280038038,-0.0250209628987009,Day_4,Experiment_3,IR,Fair,0,Un. Pol
Unpolarized_B_IR,C10,375,625,15.0,25.0,8.5265128291212e-17,13.002843277410843,-0.1332472248835322,Day_4,Experiment_3,IR,Fair,0,Un. Pol
Unpolarized_B_IR,C10,400,650,16.0,26.0,1.1368683772161603e-16,14.545970592867866,-0.1489648851459227,Day_4,Experiment_3,IR,Fair,0,Un. Pol
Unpolarized_B_IR,C10,425,675,17.0,27.0,5.684341886080802e-17,13.322562259909748,-0.1229449423414673,Day_4,Experiment_3,IR,Fair,0,Un. Pol
Unpolarized_B_IR,C10,450,700,18.0,28.0,-6.110667527536861e-16,15.6957642753536,-0.158642362253211,Day_4,Experiment_3,IR,Fair,0,Un. Pol
Unpolarized_B_IR,C10,475,725,19.0,29.0,-7.105427357601002e-16,15.346079570025124,-0.0855082783716708,Day_4,Experiment_3,IR,Fair,0,Un. Pol
Unpolarized_B_IR,C10,500,750,20.0,30.0,-2.2737367544323206e-16,15.752870576140587,-0.1822127346467284,Day_4,Experiment_3,IR,Fair,0,Un. Pol
Unpolarized_B_IR,C10,525,775,21.0,31.0,0.0,14.863590519501686,-0.0890668820098374,Day_4,Experiment_3,IR,Fair,0,Un. Pol
Unpolarized_B_IR,C10,550,800,22.0,32.0,-2.5579538487363605e-16,14.333364640569716,-0.1092060933506832,Day_4,Experiment_3,IR,Fair,0,Un. Pol
Unpolarized_B_IR,C10,575,825,23.0,33.0,2.4158453015843413e-16,13.302875858520776,-0.0755439925966447,Day_4,Experiment_3,IR,Fair,0,Un. Pol
Unpolarized_B_IR,C10,600,850,24.0,34.0,-6.821210263296962e-16,14.869770414726,0.0614055250200915,Day_4,Experiment_3,IR,Fair,0,Un. Pol
Unpolarized_B_IR,C10,625,875,25.0,35.0,-4.547473508864641e-16,13.89380789712471,-0.0425283707012015,Day_4,Experiment_3,IR,Fair,0,Un. Pol
Unpolarized_B_IR,C10,650,900,26.0,36.0,-2.2737367544323206e-16,14.05724573020792,0.0521901069726548,Day_4,Experiment_3,IR,Fair,0,Un. Pol
Unpolarized_B_IR,C10,675,925,27.0,37.0,6.9100281052669765e-16,13.751476680041836,0.1632707206244114,Day_4,Experiment_3,IR,Fair,0,Un. Pol
Unpolarized_B_IR,C10,700,950,28.0,38.0,8.5265128291212e-17,12.570484521341466,0.1556619920553594,Day_4,Experiment_3,IR,Fair,0,Un. Pol
Unpolarized_B_IR,C10,725,975,29.0,39.0,1.8474111129762604e-16,13.106736857905144,0.0622814091959886,Day_4,Experiment_3,IR,Fair,0,Un. Pol
Unpolarized_B_IR,C10,750,1000,30.0,40.0,5.684341886080802e-17,13.170824976280036,0.1981485817588685,Day_4,Experiment_3,IR,Fair,0,Un. Pol
Unpolarized_B_IR,C10,775,1025,31.0,41.0,2.842170943040401e-17,12.723464433533708,0.2588154821686191,Day_4,Experiment_3,IR,Fair,0,Un. Pol
Unpolarized_B_IR,C10,800,1050,32.0,42.0,5.684341886080802e-17,12.19872527930686,0.2156109411835649,Day_4,Experiment_3,IR,Fair,0,Un. Pol
Unpolarized_B_IR,C10,825,1075,33.0,43.0,-9.237055564881302e-17,12.442663024187665,0.1119145906524851,Day_4,Experiment_3,IR,Fair,0,Un. Pol
Unpolarized_B_IR,C10,850,1100,34.0,44.0,-1.4210854715202004e-16,11.932098105472573,0.0022496447049085,Day_4,Experiment_3,IR,Fair,0,Un. Pol
Unpolarized_B_IR,C10,875,1125,35.0,45.0,-3.6948222259525213e-16,12.96634610348782,0.0450683425693498,Day_4,Experiment_3,IR,Fair,0,Un. Pol
Unpolarized_B_IR,C10,900,1150,36.0,46.0,1.70530256582424e-16,12.62921642034918,0.0024245464667489,Day_4,Experiment_3,IR,Fair,0,Un. Pol
Unpolarized_B_IR,C10,925,1175,37.0,47.0,1.70530256582424e-16,12.517382185944804,0.0402589035093628,Day_4,Experiment_3,IR,Fair,0,Un. Pol
Unpolarized_B_IR,C10,950,1200,38.0,48.0,5.684341886080802e-17,13.391708150435088,0.0150968702114827,Day_4,Experiment_3,IR,Fair,0,Un. Pol
Unpolarized_B_IR,C10,975,1225,39.0,49.0,9.947598300641404e-16,13.95071773286669,-0.1102615338368277,Day_4,Experiment_3,IR,Fair,0,Un. Pol
Unpolarized_B_IR,C10,1000,1250,40.0,50.0,4.973799150320702e-17,12.246572644510705,-0.17218037164989,Day_4,Experiment_3,IR,Fair,0,Un. Pol
Unpolarized_B_IR,C10,1025,1275,41.0,51.0,6.821210263296962e-16,13.93733824505285,-0.1752423080730838,Day_4,Experiment_3,IR,Fair,0,Un. Pol
Unpolarized_B_IR,C10,1050,1300,42.0,52.0,-8.5265128291212e-17,13.678439857162914,-0.1300851100320161,Day_4,Experiment_3,IR,Fair,0,Un. Pol
Unpolarized_B_IR,C10,1075,1325,43.0,53.0,-1.4210854715202004e-16,15.919264458089485,0.1288946660415212,Day_4,Experiment_3,IR,Fair,0,Un. Pol
Unpolarized_B_IR,C10,1100,1350,44.0,54.0,-2.842170943040401e-17,14.070130342353684,-0.1631393947113686,Day_4,Experiment_3,IR,Fair,0,Un. Pol
Unpolarized_B_IR,C10,1125,1375,45.0,55.0,6.536993168992928e-16,15.455947757640915,-0.1196447993774166,Day_4,Experiment_3,IR,Fair,0,Un. Pol
Unpolarized_B_IR,C10,1150,1400,46.0,56.0,2.0161650127192843e-16,13.673622484161603,-0.0923388159831054,Day_4,Experiment_3,IR,Fair,0,Un. Pol
Unpolarized_B_IR,C10,1175,1425,47.0,57.0,1.1368683772161605e-15,14.59346089137438,-0.1802287286562988,Day_4,Experiment_3,IR,Fair,0,Un. Pol
Unpolarized_B_IR,C10,1200,1450,48.0,58.0,-1.2789769243681802e-16,13.054356668262727,0.0041161116040883,Day_4,Experiment_3,IR,Fair,0,Un. Pol
Unpolarized_B_IR,C10,1225,1475,49.0,59.0,-4.263256414560601e-16,13.852690017699985,-0.0022919914996194,Day_4,Experiment_3,IR,Fair,0,Un. Pol
Unpolarized_B_IR,C10,1250,1500,50.0,60.0,-1.4210854715202004e-16,13.30673025127462,0.1259409613776612,Day_4,Experiment_3,IR,Fair,0,Un. Pol
Unpolarized_B_IR,C10,1275,1525,51.0,61.0,8.5265128291212e-17,12.871242637719106,0.0522465411142547,Day_4,Experiment_3,IR,Fair,0,Un. Pol
Unpolarized_B_IR,C10,1300,1550,52.0,62.0,1.2789769243681802e-16,12.801964766441897,0.0587297534647768,Day_4,Experiment_3,IR,Fair,0,Un. Pol
Unpolarized_B_IR,C10,1325,1575,53.0,63.0,0.0,12.85064591565349,0.2380121990806008,Day_4,Experiment_3,IR,Fair,0,Un. Pol
Unpolarized_B_IR,C10,1350,1600,54.0,64.0,0.0,11.48507494823939,0.1454735304680058,Day_4,Experiment_3,IR,Fair,0,Un. Pol
Unpolarized_B_IR,C10,1375,1625,55.0,65.0,5.684341886080802e-17,10.851550603847514,0.1003529053222952,Day_4,Experiment_3,IR,Fair,0,Un. Pol
Unpolarized_B_IR,C10,1400,1650,56.0,66.0,-2.2737367544323206e-16,10.87174545321188,0.0278987559189836,Day_4,Experiment_3,IR,Fair,0,Un. Pol
Unpolarized_B_IR,C10,1425,1675,57.0,67.0,-4.263256414560601e-16,11.64358314565713,0.2130442439264989,Day_4,Experiment_3,IR,Fair,0,Un. Pol
Unpolarized_B_IR,C10,1450,1700,58.0,68.0,0.0,13.90653576517044,0.5421048359474189,Day_4,Experiment_3,IR,Fair,0,Un. Pol
Unpolarized_B_IR,C10,1475,1725,59.0,69.0,1.1368683772161603e-16,12.056990949879092,0.1110018540815129,Day_4,Experiment_3,IR,Fair,0,Un. Pol
Unpolarized_B_IR,C10,1500,1750,60.0,70.0,-2.1316282072803e-16,13.199904988494197,0.0969452539188815,Day_4,Experiment_3,IR,Fair,0,Un. Pol
Unpolarized_B_IR,C10,1525,1775,61.0,71.0,-5.684341886080802e-17,12.394205688145735,0.0554140122961164,Day_4,Experiment_3,IR,Fair,0,Un. Pol
Unpolarized_B_IR,C10,1550,1800,62.0,72.0,2.842170943040401e-16,13.254963431652488,0.0842290677911101,Day_4,Experiment_3,IR,Fair,0,Un. Pol
Unpolarized_B_IR,C10,1575,1825,63.0,73.0,0.0,13.37838734366982,0.1402401630422584,Day_4,Experiment_3,IR,Fair,0,Un. Pol
Unpolarized_B_IR,C10,1600,1850,64.0,74.0,3.979039320256561e-16,14.334947866889264,-0.0164162471425357,Day_4,Experiment_3,IR,Fair,0,Un. Pol
Co-Polarized_Green,C13,0,250,0.0,10.0,-3.2684965844964613e-16,30.739278527772903,-1.1503728130454305,Day_4,Experiment_3,IR,Fair,0,Un. Pol
Co-Polarized_Green,C13,25,275,1.0,11.0,6.252776074688881e-16,31.617388870045264,-0.9044135670063782,Day_4,Experiment_3,IR,Fair,0,Un. Pol
Co-Polarized_Green,C13,50,300,2.0,12.0,-6.252776074688881e-16,31.812597026709124,-0.9844572227768896,Day_4,Experiment_3,IR,Fair,0,Un. Pol
Co-Polarized_Green,C13,75,325,3.0,13.0,2.984279490192421e-16,30.68110405498402,-0.8753617841731018,Day_4,Experiment_3,IR,Fair,0,Un. Pol
Co-Polarized_Green,C13,100,350,4.0,14.0,-8.526512829121202e-16,30.14492022610692,-1.4397783828991666,Day_4,Experiment_3,IR,Fair,0,Un. Pol
Co-Polarized_Green,C13,125,375,5.0,15.0,5.684341886080802e-17,15.613150455979612,0.6906093256503608,Day_4,Experiment_3,IR,Fair,0,Un. Pol
Co-Polarized_Green,C13,150,400,6.0,16.0,2.4158453015843413e-16,16.742927779859933,0.559376366802382,Day_4,Experiment_3,IR,Fair,0,Un. Pol
Co-Polarized_Green,C13,175,425,7.0,17.0,-3.2684965844964613e-16,17.51863005503224,0.4406770116619646,Day_4,Experiment_3,IR,Fair,0,Un. Pol
Co-Polarized_Green,C13,200,450,8.0,18.0,-3.410605131648481e-16,17.719180954980075,0.4856136221558441,Day_4,Experiment_3,IR,Fair,0,Un. Pol
Co-Polarized_Green,C13,225,475,9.0,19.0,-1.5631940186722203e-16,16.08011902965236,0.3012004651267462,Day_4,Experiment_3,IR,Fair,0,Un. Pol
Co-Polarized_Green,C13,250,500,10.0,20.0,1.0516032489249482e-15,15.831539464434554,0.4289145014131909,Day_4,Experiment_3,IR,Fair,0,Un. Pol
Co-Polarized_Green,C13,275,525,11.0,21.0,-3.979039320256561e-16,16.874383862841288,0.2022610623093612,Day_4,Experiment_3,IR,Fair,0,Un. Pol
Co-Polarized_Green,C13,300,550,12.0,22.0,1.9895196601282808e-16,15.05186661397589,-0.0019832631130733,Day_4,Experiment_3,IR,Fair,0,Un. Pol
Co-Polarized_Green,C13,325,575,13.0,23.0,-4.2632564145606006e-17,15.753767320549208,9.778090380302964e-05,Day_4,Experiment_3,IR,Fair,0,Un. Pol
Co-Polarized_Green,C13,350,600,14.0,24.0,-1.5365486660812163e-16,15.58946621374857,-0.0730067898585934,Day_4,Experiment_3,IR,Fair,0,Un. Pol
Co-Polarized_Green,C13,375,625,15.0,25.0,1.1368683772161603e-16,15.47854354699638,-0.0771375852367329,Day_4,Experiment_3,IR,Fair,0,Un. Pol
Co-Polarized_Green,C13,400,650,16.0,26.0,2.2737367544323206e-16,16.153412456317753,0.1673068286994647,Day_4,Experiment_3,IR,Fair,0,Un. Pol
Co-Polarized_Green,C13,425,675,17.0,27.0,4.547473508864641e-16,16.585867885236986,-0.024001233172489,Day_4,Experiment_3,IR,Fair,0,Un. Pol
Co-Polarized_Green,C13,450,700,18.0,28.0,4.263256414560601e-16,15.125146923267812,0.0760810197208858,Day_4,Experiment_3,IR,Fair,0,Un. Pol
Co-Polarized_Green,C13,475,725,19.0,29.0,2.131628207280301e-17,15.319595301370986,0.1632147117381341,Day_4,Experiment_3,IR,Fair,0,Un. Pol
Co-Polarized_Green,C13,500,750,20.0,30.0,-1.4210854715202004e-16,15.315115632318657,0.1406323756989133,Day_4,Experiment_3,IR,Fair,0,Un. Pol
Co-Polarized_Green,C13,525,775,21.0,31.0,-5.684341886080802e-17,12.948322259890933,0.2117328157279204,Day_4,Experiment_3,IR,Fair,0,Un. Pol
Co-Polarized_Green,C13,550,800,22.0,32.0,-2.842170943040401e-17,12.13129693227232,0.2082174734135994,Day_4,Experiment_3,IR,Fair,0,Un. Pol
Co-Polarized_Green,C13,575,825,23.0,33.0,-1.2789769243681802e-16,12.258939158301263,0.2454524971044478,Day_4,Experiment_3,IR,Fair,0,Un. Pol
Co-Polarized_Green,C13,600,850,24.0,34.0,-1.9895196601282808e-16,12.52480821335856,0.3057742848625736,Day_4,Experiment_3,IR,Fair,0,Un. Pol
Co-Polarized_Green,C13,625,875,25.0,35.0,8.185452315956354e-15,171.00897619026634,-2.359209431313582,Day_4,Experiment_3,IR,Fair,0,Un. Pol
Co-Polarized_Green,C13,650,900,26.0,36.0,-6.821210263296962e-16,182.166814314685,0.1369703287626238,Day_4,Experiment_3,IR,Fair,0,Un. Pol
Co-Polarized_Green,C13,675,925,27.0,37.0,-2.273736754432321e-15,187.9360601069053,0.7107540012387996,Day_4,Experiment_3,IR,Fair,0,Un. Pol
Co-Polarized_Green,C13,700,950,28.0,38.0,-1.9895196601282808e-16,188.20290374557115,0.651888433510853,Day_4,Experiment_3,IR,Fair,0,Un. Pol
Co-Polarized_Green,C13,725,975,29.0,39.0,1.3073986337985845e-15,188.41657605047143,0.7058918993263643,Day_4,Experiment_3,IR,Fair,0,Un. Pol
Co-Polarized_Green,C13,750,1000,30.0,40.0,-3.637978807091713e-15,188.48037541787673,0.6970510853997279,Day_4,Experiment_3,IR,Fair,0,Un. Pol
Co-Polarized_Green,C13,775,1025,31.0,41.0,-4.547473508864641e-16,188.59736073328463,0.6699427404631031,Day_4,Experiment_3,IR,Fair,0,Un. Pol
Co-Polarized_Green,C13,800,1050,32.0,42.0,-7.958078640513122e-16,188.64909373352535,0.6884769128214754,Day_4,Experiment_3,IR,Fair,0,Un. Pol
Co-Polarized_Green,C13,825,1075,33.0,43.0,-2.5295321393059565e-15,188.6852095056772,0.6626160675863091,Day_4,Experiment_3,IR,Fair,0,Un. Pol
Co-Polarized_Green,C13,850,1100,34.0,44.0,-2.7284841053187848e-15,192.00488454576228,1.197511724218726,Day_4,Experiment_3,IR,Fair,0,Un. Pol
Co-Polarized_Green,C13,875,1125,35.0,45.0,1.3642420526593923e-14,194.32908250566695,-2.001469816659567,Day_4,Experiment_3,IR,Fair,0,Un. Pol
Co-Polarized_Green,C13,900,1150,36.0,46.0,-7.958078640513122e-16,17.22759285940985,-0.3664713369966307,Day_4,Experiment_3,IR,Fair,0,Un. Pol
Co-Polarized_Green,C13,925,1175,37.0,47.0,-2.7000623958883806e-16,16.47004660450874,-0.1210998455698663,Day_4,Experiment_3,IR,Fair,0,Un. Pol
Co-Polarized_Green,C13,950,1200,38.0,48.0,2.8421709430404013e-16,14.490732622005996,-0.3448058815838264,Day_4,Experiment_3,IR,Fair,0,Un. Pol
Co-Polarized_Green,C13,975,1225,39.0,49.0,3.836930773104541e-16,18.320355947779458,-0.1255493147814697,Day_4,Experiment_3,IR,Fair,0,Un. Pol
Co-Polarized_Green,C13,1000,1250,40.0,50.0,-2.4158453015843413e-16,16.369113044853023,-0.0430207901894494,Day_4,Experiment_3,IR,Fair,0,Un. Pol
Co-Polarized_Green,C13,1025,1275,41.0,51.0,5.684341886080802e-17,16.864280336551026,0.0990076760753374,Day_4,Experiment_3,IR,Fair,0,Un. Pol
Co-Polarized_Green,C13,1050,1300,42.0,52.0,8.5265128291212e-17,16.030742918033503,0.1368972437772265,Day_4,Experiment_3,IR,Fair,0,Un. Pol
Co-Polarized_Green,C13,1075,1325,43.0,53.0,1.70530256582424e-16,16.564228225502376,0.0839993417030789,Day_4,Experiment_3,IR,Fair,0,Un. Pol
Co-Polarized_Green,C13,1100,1350,44.0,54.0,3.410605131648481e-16,19.314998385091624,-0.0882357768404427,Day_4,Experiment_3,IR,Fair,0,Un. Pol
Co-Polarized_Green,C13,1125,1375,45.0,55.0,1.2789769243681802e-16,19.661760757855852,-0.2035774049825588,Day_4,Experiment_3,IR,Fair,0,Un. Pol
Co-Polarized_Green,C13,1150,1400,46.0,56.0,2.4158453015843413e-16,19.321524307791428,-0.2770571539911144,Day_4,Experiment_3,IR,Fair,0,Un. Pol
Co-Polarized_Green,C13,1175,1425,47.0,57.0,-1.8474111129762604e-16,18.880367099894556,-0.3126562778160762,Day_4,Experiment_3,IR,Fair,0,Un. Pol
Co-Polarized_Green,C13,1200,1450,48.0,58.0,-3.979039320256561e-16,18.964873565362065,-0.187338730659464,Day_4,Experiment_3,IR,Fair,0,Un. Pol
Co-Polarized_Green,C13,1225,1475,49.0,59.0,-3.410605131648481e-16,17.272463510835784,-0.5193288898343879,Day_4,Experiment_3,IR,Fair,0,Un. Pol
Co-Polarized_Green,C13,1250,1500,50.0,60.0,-5.684341886080802e-17,15.59052112030723,-0.6432151008063919,Day_4,Experiment_3,IR,Fair,0,Un. Pol
Co-Polarized_Green,C13,1275,1525,51.0,61.0,1.1368683772161603e-16,16.34924115989672,-0.3775515483644966,Day_4,Experiment_3,IR,Fair,0,Un. Pol
Co-Polarized_Green,C13,1300,1550,52.0,62.0,-1.1937117960769684e-15,17.110853142115598,-0.464702816136411,Day_4,Experiment_3,IR,Fair,0,Un. Pol
Co-Polarized_Green,C13,1325,1575,53.0,63.0,1.4210854715202004e-16,18.33204384445585,0.0908349896729687,Day_4,Experiment_3,IR,Fair,0,Un. Pol
Co-Polarized_Green,C13,1350,1600,54.0,64.0,-8.5265128291212e-17,15.583737004697165,0.3041070418071818,Day_4,Experiment_3,IR,Fair,0,Un. Pol
Co-Polarized_Green,C13,1375,1625,55.0,65.0,5.684341886080802e-17,15.643368869041677,0.1356258496846646,Day_4,Experiment_3,IR,Fair,0,Un. Pol
Co-Polarized_Green,C13,1400,1650,56.0,66.0,-1.70530256582424e-16,16.063640380490032,0.2146618207113918,Day_4,Experiment_3,IR,Fair,0,Un. Pol
Co-Polarized_Green,C13,1425,1675,57.0,67.0,-1.1368683772161603e-16,16.546950760129082,0.1537445095482505,Day_4,Experiment_3,IR,Fair,0,Un. Pol
Co-Polarized_Green,C13,1450,1700,58.0,68.0,-1.9895196601282808e-16,16.105119310017717,0.1749890918856805,Day_4,Experiment_3,IR,Fair,0,Un. Pol
Co-Polarized_Green,C13,1475,1725,59.0,69.0,-2.8421709430404013e-16,17.157490522409788,0.0777793886930707,Day_4,Experiment_3,IR,Fair,0,Un. Pol
Co-Polarized_Green,C13,1500,1750,60.0,70.0,-7.105427357601002e-16,15.99734474316812,0.1776537855213399,Day_4,Experiment_3,IR,Fair,0,Un. Pol
Co-Polarized_Green,C13,1525,1775,61.0,71.0,-2.8421709430404013e-16,16.053720237759567,0.1729036851217596,Day_4,Experiment_3,IR,Fair,0,Un. Pol
Co-Polarized_Green,C13,1550,1800,62.0,72.0,4.263256414560601e-16,15.010677532318288,0.0176957511924655,Day_4,Experiment_3,IR,Fair,0,Un. Pol
Co-Polarized_Green,C13,1575,1825,63.0,73.0,1.5631940186722203e-16,12.25425946174223,0.0014910547877225,Day_4,Experiment_3,IR,Fair,0,Un. Pol
Co-Polarized_Green,C13,1600,1850,64.0,74.0,-3.907985046680551e-16,12.67823083640148,0.111245094526091,Day_4,Experiment_3,IR,Fair,0,Un. Pol
Co-Polarized_Red,C12,0,250,0.0,10.0,-5.684341886080802e-17,20.665392590316387,0.09571230677205,Day_4,Experiment_3,IR,Fair,0,Un. Pol
Co-Polarized_Red,C12,25,275,1.0,11.0,-3.410605131648481e-16,19.128265523985316,0.0515089634352844,Day_4,Experiment_3,IR,Fair,0,Un. Pol
Co-Polarized_Red,C12,50,300,2.0,12.0,1.9895196601282808e-16,19.400916102370157,0.129188910901737,Day_4,Experiment_3,IR,Fair,0,Un. Pol
Co-Polarized_Red,C12,75,325,3.0,13.0,7.958078640513122e-16,19.496469804993673,0.1291428948891635,Day_4,Experiment_3,IR,Fair,0,Un. Pol
Co-Polarized_Red,C12,100,350,4.0,14.0,-7.105427357601002e-17,17.69168680240002,0.2623989801341829,Day_4,Experiment_3,IR,Fair,0,Un. Pol
Co-Polarized_Red,C12,125,375,5.0,15.0,-1.1368683772161603e-16,16.437548088347718,0.0333233183592693,Day_4,Experiment_3,IR,Fair,0,Un. Pol
Co-Polarized_Red,C12,150,400,6.0,16.0,-2.842170943040401e-16,16.010888537171933,-0.3359939733654526,Day_4,Experiment_3,IR,Fair,0,Un. Pol
Co-Polarized_Red,C12,175,425,7.0,17.0,3.836930773104541e-16,16.256278830291237,-0.2666320159830567,Day_4,Experiment_3,IR,Fair,0,Un. Pol
Co-Polarized_Red,C12,200,450,8.0,18.0,9.094947017729285e-16,15.567952710356144,0.0696976998975582,Day_4,Experiment_3,IR,Fair,0,Un. Pol
Co-Polarized_Red,C12,225,475,9.0,19.0,4.902744876744692e-16,15.087116660451056,-0.1090057374689233,Day_4,Experiment_3,IR,Fair,0,Un. Pol
Co-Polarized_Red,C12,250,500,10.0,20.0,-5.684341886080802e-17,15.36938047380836,0.0015908176347304,Day_4,Experiment_3,IR,Fair,0,Un. Pol
Co-Polarized_Red,C12,275,525,11.0,21.0,-3.410605131648481e-16,15.909218958802448,-0.0885854874715842,Day_4,Experiment_3,IR,Fair,0,Un. Pol
Co-Polarized_Red,C12,300,550,12.0,22.0,-5.684341886080806e-16,16.010045622931614,-0.1973800233574297,Day_4,Experiment_3,IR,Fair,0,Un. Pol
Co-Polarized_Red,C12,325,575,13.0,23.0,1.70530256582424e-16,16.209953228723954,-0.2028405063218623,Day_4,Experiment_3,IR,Fair,0,Un. Pol
Co-Polarized_Red,C12,350,600,14.0,24.0,-5.684341886080802e-17,16.13148715318219,-0.2523242539497149,Day_4,Experiment_3,IR,Fair,0,Un. Pol
Co-Polarized_Red,C12,375,625,15.0,25.0,5.684341886080806e-16,15.506806242854088,-0.1021111670008904,Day_4,Experiment_3,IR,Fair,0,Un. Pol
Co-Polarized_Red,C12,400,650,16.0,26.0,-2.5579538487363605e-16,13.34935959365694,-0.1984965442782677,Day_4,Experiment_3,IR,Fair,0,Un. Pol
Co-Polarized_Red,C12,425,675,17.0,27.0,2.2737367544323206e-16,13.312380671516472,-0.2134509473584225,Day_4,Experiment_3,IR,Fair,0,Un. Pol
Co-Polarized_Red,C12,450,700,18.0,28.0,1.1368683772161603e-16,14.68786537821686,-0.159082848174796,Day_4,Experiment_3,IR,Fair,0,Un. Pol
Co-Polarized_Red,C12,475,725,19.0,29.0,3.1263880373444406e-16,13.5274906826639,-0.3548000643069355,Day_4,Experiment_3,IR,Fair,0,Un. Pol
Co-Polarized_Red,C12,500,750,20.0,30.0,1.4210854715202004e-16,14.745554352348076,-0.2778722299756118,Day_4,Experiment_3,IR,Fair,0,Un. Pol
Co-Polarized_Red,C12,525,775,21.0,31.0,2.2737367544323206e-16,13.49937263160669,-0.2927073015107028,Day_4,Experiment_3,IR,Fair,0,Un. Pol
Co-Polarized_Red,C12,550,800,22.0,32.0,-9.947598300641404e-16,14.262774378892075,-0.4174877864124319,Day_4,Experiment_3,IR,Fair,0,Un. Pol
Co-Polarized_Red,C12,575,825,23.0,33.0,-8.5265128291212e-17,13.590169778651282,-0.3976135915562593,Day_4,Experiment_3,IR,Fair,0,Un. Pol
Co-Polarized_Red,C12,600,850,24.0,34.0,-6.110667527536861e-16,14.300972130627734,-0.1747653729497674,Day_4,Experiment_3,IR,Fair,0,Un. Pol
Co-Polarized_Red,C12,625,875,25.0,35.0,4.973799150320702e-17,13.918705578839536,-0.3478053381588551,Day_4,Experiment_3,IR,Fair,0,Un. Pol
Co-Polarized_Red,C12,650,900,26.0,36.0,-1.1368683772161603e-16,13.257471954868414,-0.2296272255246169,Day_4,Experiment_3,IR,Fair,0,Un. Pol
Co-Polarized_Red,C12,675,925,27.0,37.0,-2.7284841053187848e-15,104.94601151604824,-0.3187635260721673,Day_4,Experiment_3,IR,Fair,0,Un. Pol
Co-Polarized_Red,C12,700,950,28.0,38.0,-2.5011104298755525e-15,196.46519380771863,0.3592383382715168,Day_4,Experiment_3,IR,Fair,0,Un. Pol
Co-Polarized_Red,C12,725,975,29.0,39.0,1.7053025658242404e-15,201.2556038711025,0.9529004521585016,Day_4,Experiment_3,IR,Fair,0,Un. Pol
Co-Polarized_Red,C12,750,1000,30.0,40.0,-3.183231456205249e-15,201.87195183831625,0.9501838045762984,Day_4,Experiment_3,IR,Fair,0,Un. Pol
Co-Polarized_Red,C12,775,1025,31.0,41.0,0.0,201.7767058391261,0.997491841190166,Day_4,Experiment_3,IR,Fair,0,Un. Pol
Co-Polarized_Red,C12,800,1050,32.0,42.0,1.8189894035458565e-15,201.67093080691225,0.9987710030005452,Day_4,Experiment_3,IR,Fair,0,Un. Pol
Co-Polarized_Red,C12,825,1075,33.0,43.0,-9.094947017729285e-16,201.82295644711695,0.9911437467027118,Day_4,Experiment_3,IR,Fair,0,Un. Pol
Co-Polarized_Red,C12,850,1100,34.0,44.0,-1.1368683772161605e-15,201.84434871919197,0.9945088112336956,Day_4,Experiment_3,IR,Fair,0,Un. Pol
Co-Polarized_Red,C12,875,1125,35.0,45.0,1.4210854715202005e-15,201.5661605169343,0.971743600505009,Day_4,Experiment_3,IR,Fair,0,Un. Pol
Co-Polarized_Red,C12,900,1150,36.0,46.0,-4.547473508864641e-16,203.27601301925787,1.4396132091140554,Day_4,Experiment_3,IR,Fair,0,Un. Pol
Co-Polarized_Red,C12,925,1175,37.0,47.0,-7.275957614183426e-15,88.27953617801647,-2.335025250764879,Day_4,Experiment_3,IR,Fair,0,Un. Pol
Co-Polarized_Red,C12,950,1200,38.0,48.0,3.979039320256561e-16,14.667231872151508,-0.02389025014725,Day_4,Experiment_3,IR,Fair,0,Un. Pol
Co-Polarized_Red,C12,975,1225,39.0,49.0,3.979039320256561e-16,15.277432765459498,-0.364980204995076,Day_4,Experiment_3,IR,Fair,0,Un. Pol
Co-Polarized_Red,C12,1000,1250,40.0,50.0,3.410605131648481e-16,14.275948710947029,0.0234168070152262,Day_4,Experiment_3,IR,Fair,0,Un. Pol
Co-Polarized_Red,C12,1025,1275,41.0,51.0,3.410605131648481e-16,16.02470453445964,-0.0422875045990476,Day_4,Experiment_3,IR,Fair,0,Un. Pol
Co-Polarized_Red,C12,1050,1300,42.0,52.0,0.0,14.734429704350042,0.1298625162607884,Day_4,Experiment_3,IR,Fair,0,Un. Pol
Co-Polarized_Red,C12,1075,1325,43.0,53.0,-1.9895196601282808e-16,15.736330530099488,0.0632918692294956,Day_4,Experiment_3,IR,Fair,0,Un. Pol
Co-Polarized_Red,C12,1100,1350,44.0,54.0,-2.842170943040401e-16,14.708167789129304,-0.0282369830585202,Day_4,Experiment_3,IR,Fair,0,Un. Pol
Co-Polarized_Red,C12,1125,1375,45.0,55.0,1.1368683772161603e-16,15.26268168476082,-0.0564163460052866,Day_4,Experiment_3,IR,Fair,0,Un. Pol
Co-Polarized_Red,C12,1150,1400,46.0,56.0,1.1368683772161603e-16,15.068411941656016,-0.1030613737999408,Day_4,Experiment_3,IR,Fair,0,Un. Pol
Co-Polarized_Red,C12,1175,1425,47.0,57.0,3.1263880373444406e-16,15.35407206054882,0.1062383500242271,Day_4,Experiment_3,IR,Fair,0,Un. Pol
Co-Polarized_Red,C12,1200,1450,48.0,58.0,-1.70530256582424e-16,15.63369880287661,0.0265262093413367,Day_4,Experiment_3,IR,Fair,0,Un. Pol
Co-Polarized_Red,C12,1225,1475,49.0,59.0,4.547473508864641e-16,14.890086736824196,0.0761090843731031,Day_4,Experiment_3,IR,Fair,0,Un. Pol
Co-Polarized_Red,C12,1250,1500,50.0,60.0,0.0,15.415877206045714,-0.0273865876709224,Day_4,Experiment_3,IR,Fair,0,Un. Pol
Co-Polarized_Red,C12,1275,1525,51.0,61.0,3.410605131648481e-16,16.027354548688514,0.0590394315551475,Day_4,Experiment_3,IR,Fair,0,Un. Pol
Co-Polarized_Red,C12,1300,1550,52.0,62.0,-2.842170943040401e-16,15.464092520219731,0.0627498580125084,Day_4,Experiment_3,IR,Fair,0,Un. Pol
Co-Polarized_Red,C12,1325,1575,53.0,63.0,-2.2737367544323206e-16,16.450512357793045,0.0418150631131649,Day_4,Experiment_3,IR,Fair,0,Un. Pol
Co-Polarized_Red,C12,1350,1600,54.0,64.0,-1.4566126083082054e-16,15.685211702159712,0.0844820281478892,Day_4,Experiment_3,IR,Fair,0,Un. Pol
Co-Polarized_Red,C12,1375,1625,55.0,65.0,2.842170943040401e-17,15.374954271825706,0.0014270173044634,Day_4,Experiment_3,IR,Fair,0,Un. Pol
Co-Polarized_Red,C12,1400,1650,56.0,66.0,-2.984279490192421e-16,13.343189758149077,0.2858444890924302,Day_4,Experiment_3,IR,Fair,0,Un. Pol
Co-Polarized_Red,C12,1425,1675,57.0,67.0,1.4921397450962102e-16,13.443885252559523,0.2189733663829351,Day_4,Experiment_3,IR,Fair,0,Un. Pol
Co-Polarized_Red,C12,1450,1700,58.0,68.0,2.7711166694643907e-16,12.617839983089686,0.4878168342242407,Day_4,Experiment_3,IR,Fair,0,Un. Pol
Co-Polarized_Red,C12,1475,1725,59.0,69.0,-2.131628207280301e-17,10.9622440540752,-0.0481324380898304,Day_4,Experiment_3,IR,Fair,0,Un. Pol
Co-Polarized_Red,C12,1500,1750,60.0,70.0,-1.1368683772161603e-16,11.299232477466948,-0.2024891522488653,Day_4,Experiment_3,IR,Fair,0,Un. Pol
Co-Polarized_Red,C12,1525,1775,61.0,71.0,1.1368683772161603e-16,12.2769809361525,-0.2524212384296621,Day_4,Experiment_3,IR,Fair,0,Un. Pol
Co-Polarized_Red,C12,1550,1800,62.0,72.0,-1.5631940186722203e-16,13.360829295323038,0.0595469816850037,Day_4,Experiment_3,IR,Fair,0,Un. Pol
Co-Polarized_Red,C12,1575,1825,63.0,73.0,5.826450433232822e-16,15.629221816039433,0.1078868224192561,Day_4,Experiment_3,IR,Fair,0,Un. Pol
Co-Polarized_Red,C12,1600,1850,64.0,74.0,-2.842170943040401e-16,13.862245000388446,-0.0363883691101583,Day_4,Experiment_3,IR,Fair,0,Un. Pol
Co-Polarized_IR,C15,0,250,0.0,10.0,-9.094947017729285e-16,159.88651801740303,1.341340728188331,Day_4,Experiment_3,IR,Fair,0,Un. Pol
Co-Polarized_IR,C15,25,275,1.0,11.0,1.3642420526593924e-15,101.26712085465508,1.3707103169561694,Day_4,Experiment_3,IR,Fair,0,Un. Pol
Co-Polarized_IR,C15,50,300,2.0,12.0,-6.252776074688881e-16,20.94341115353069,-0.0894106086514998,Day_4,Experiment_3,IR,Fair,0,Un. Pol
Co-Polarized_IR,C15,75,325,3.0,13.0,1.70530256582424e-16,18.479778322948977,0.0882324705158557,Day_4,Experiment_3,IR,Fair,0,Un. Pol
Co-Polarized_IR,C15,100,350,4.0,14.0,-2.2737367544323206e-16,19.19732682391919,0.0279771830470507,Day_4,Experiment_3,IR,Fair,0,Un. Pol
Co-Polarized_IR,C15,125,375,5.0,15.0,2.8421709430404013e-16,19.586200811294493,0.1687424893303376,Day_4,Experiment_3,IR,Fair,0,Un. Pol
Co-Polarized_IR,C15,150,400,6.0,16.0,-5.115907697472721e-16,20.485089584472902,0.1265598358413533,Day_4,Experiment_3,IR,Fair,0,Un. Pol
Co-Polarized_IR,C15,175,425,7.0,17.0,-5.684341886080802e-17,21.91144104827885,0.1330173580138814,Day_4,Experiment_3,IR,Fair,0,Un. Pol
Co-Polarized_IR,C15,200,450,8.0,18.0,2.2737367544323206e-16,19.664707281024715,-0.0033316396405868,Day_4,Experiment_3,IR,Fair,0,Un. Pol
Co-Polarized_IR,C15,225,475,9.0,19.0,1.1368683772161603e-16,20.59807052966737,-0.0451350464562349,Day_4,Experiment_3,IR,Fair,0,Un. Pol
Co-Polarized_IR,C15,250,500,10.0,20.0,-5.684341886080802e-17,20.71098080436314,-0.1190166867960271,Day_4,Experiment_3,IR,Fair,0,Un. Pol
Co-Polarized_IR,C15,275,525,11.0,21.0,1.70530256582424e-16,22.5767247007174,-0.0127379381473518,Day_4,Experiment_3,IR,Fair,0,Un. Pol
Co-Polarized_IR,C15,300,550,12.0,22.0,-2.2737367544323206e-16,22.163397373517785,-0.1379571892844787,Day_4,Experiment_3,IR,Fair,0,Un. Pol
Co-Polarized_IR,C15,325,575,13.0,23.0,1.1368683772161603e-16,21.931598771577928,-0.0916864900498115,Day_4,Experiment_3,IR,Fair,0,Un. Pol
Co-Polarized_IR,C15,350,600,14.0,24.0,3.410605131648481e-16,22.743538927639236,-0.1447378541423459,Day_4,Experiment_3,IR,Fair,0,Un. Pol
Co-Polarized_IR,C15,375,625,15.0,25.0,6.821210263296962e-16,21.87404071032875,0.0144243801373075,Day_4,Experiment_3,IR,Fair,0,Un. Pol
Co-Polarized_IR,C15,400,650,16.0,26.0,5.115907697472721e-16,24.40831373507922,-0.0247224047925125,Day_4,Experiment_3,IR,Fair,0,Un. Pol
Co-Polarized_IR,C15,425,675,17.0,27.0,-2.2737367544323206e-16,22.00944459357806,-0.0750651017328192,Day_4,Experiment_3,IR,Fair,0,Un. Pol
Co-Polarized_IR,C15,450,700,18.0,28.0,-5.684341886080802e-17,23.63938221679673,-0.0761169875777018,Day_4,Experiment_3,IR,Fair,0,Un. Pol
Co-Polarized_IR,C15,475,725,19.0,29.0,-5.684341886080802e-17,21.7248300290703,-0.0076835545681195,Day_4,Experiment_3,IR,Fair,0,Un. Pol
Co-Polarized_IR,C15,500,750,20.0,30.0,-2.8421709430404013e-16,21.70762381161188,0.0089066656917456,Day_4,Experiment_3,IR,Fair,0,Un. Pol
Co-Polarized_IR,C15,525,775,21.0,31.0,-8.5265128291212e-17,23.67901060133385,0.3255947263009338,Day_4,Experiment_3,IR,Fair,0,Un. Pol
Co-Polarized_IR,C15,550,800,22.0,32.0,8.185452315956354e-15,279.67447272110894,1.526504971235148,Day_4,Experiment_3,IR,Fair,0,Un. Pol
Co-Polarized_IR,C15,575,825,23.0,33.0,-2.0463630789890884e-15,260.55225717735226,0.2450571965040705,Day_4,Experiment_3,IR,Fair,0,Un. Pol
Co-Polarized_IR,C15,600,850,24.0,34.0,0.0,260.51851127021956,0.1945253767363813,Day_4,Experiment_3,IR,Fair,0,Un. Pol
Co-Polarized_IR,C15,625,875,25.0,35.0,7.389644451905045e-16,260.4035592448488,0.2401823794865487,Day_4,Experiment_3,IR,Fair,0,Un. Pol
Co-Polarized_IR,C15,650,900,26.0,36.0,-9.094947017729285e-16,260.0760350714573,0.2379291825394413,Day_4,Experiment_3,IR,Fair,0,Un. Pol
Co-Polarized_IR,C15,675,925,27.0,37.0,-1.8189894035458565e-15,260.1785642725534,0.2530586801593232,Day_4,Experiment_3,IR,Fair,0,Un. Pol
Co-Polarized_IR,C15,700,950,28.0,38.0,1.3642420526593924e-15,259.9452790182838,0.2361991406494281,Day_4,Experiment_3,IR,Fair,0,Un. Pol
Co-Polarized_IR,C15,725,975,29.0,39.0,1.5347723092418164e-15,259.9549669524265,0.2335525812505397,Day_4,Experiment_3,IR,Fair,0,Un. Pol
Co-Polarized_IR,C15,750,1000,30.0,40.0,2.756905814749189e-15,258.95209382626615,0.1072573286585078,Day_4,Experiment_3,IR,Fair,0,Un. Pol
Co-Polarized_IR,C15,775,1025,31.0,41.0,0.0,262.59669537069317,1.3778159880426806,Day_4,Experiment_3,IR,Fair,0,Un. Pol
Co-Polarized_IR,C15,800,1050,32.0,42.0,2.2737367544323206e-16,35.5511401087201,-1.7004926694853182,Day_4,Experiment_3,IR,Fair,0,Un. Pol
Co-Polarized_IR,C15,825,1075,33.0,43.0,1.2505552149377765e-15,21.749141442102975,-0.2451980855782211,Day_4,Experiment_3,IR,Fair,0,Un. Pol
Co-Polarized_IR,C15,850,1100,34.0,44.0,-5.684341886080802e-17,17.81749701572413,0.031361877386022,Day_4,Experiment_3,IR,Fair,0,Un. Pol
Co-Polarized_IR,C15,875,1125,35.0,45.0,7.389644451905045e-16,20.033282724943064,-0.2830734230007883,Day_4,Experiment_3,IR,Fair,0,Un. Pol
Co-Polarized_IR,C15,900,1150,36.0,46.0,-5.684341886080802e-17,19.197737576783695,-0.281067146512124,Day_4,Experiment_3,IR,Fair,0,Un. Pol
Co-Polarized_IR,C15,925,1175,37.0,47.0,-4.1211478674085813e-16,19.678961218894266,-0.2624029836282772,Day_4,Experiment_3,IR,Fair,0,Un. Pol
Co-Polarized_IR,C15,950,1200,38.0,48.0,-1.1368683772161603e-16,19.70016189398328,-0.1825055374556538,Day_4,Experiment_3,IR,Fair,0,Un. Pol
Co-Polarized_IR,C15,975,1225,39.0,49.0,1.1368683772161605e-15,23.20560484976983,-0.1811507150934649,Day_4,Experiment_3,IR,Fair,0,Un. Pol
Co-Polarized_IR,C15,1000,1250,40.0,50.0,1.70530256582424e-16,21.592971845460504,-0.0557562594400901,Day_4,Experiment_3,IR,Fair,0,Un. Pol
Co-Polarized_IR,C15,1025,1275,41.0,51.0,-5.684341886080802e-17,22.62119281875716,0.0609335356967517,Day_4,Experiment_3,IR,Fair,0,Un. Pol
Co-Polarized_IR,C15,1050,1300,42.0,52.0,-1.70530256582424e-16,21.956702448920964,0.0533088097325316,Day_4,Experiment_3,IR,Fair,0,Un. Pol
Co-Polarized_IR,C15,1075,1325,43.0,53.0,2.2737367544323206e-16,21.200422111430377,0.2556776927462944,Day_4,Experiment_3,IR,Fair,0,Un. Pol
Co-Polarized_IR,C15,1100,1350,44.0,54.0,-4.405364961712621e-16,20.412686995590125,0.1345187649967094,Day_4,Experiment_3,IR,Fair,0,Un. Pol
Co-Polarized_IR,C15,1125,1375,45.0,55.0,-9.094947017729285e-16,21.273414816667216,0.3702124735812039,Day_4,Experiment_3,IR,Fair,0,Un. Pol
Co-Polarized_IR,C15,1150,1400,46.0,56.0,8.5265128291212e-17,20.120466413527303,0.2278441862179062,Day_4,Experiment_3,IR,Fair,0,Un. Pol
Co-Polarized_IR,C15,1175,1425,47.0,57.0,-9.094947017729285e-16,23.789237865193147,0.0760299682070674,Day_4,Experiment_3,IR,Fair,0,Un. Pol
Co-Polarized_IR,C15,1200,1450,48.0,58.0,7.105427357601002e-16,21.81456780082502,-0.1392984314438408,Day_4,Experiment_3,IR,Fair,0,Un. Pol
Co-Polarized_IR,C15,1225,1475,49.0,59.0,-8.100187187665142e-16,22.34861346663708,-0.1331915651825852,Day_4,Experiment_3,IR,Fair,0,Un. Pol
Co-Polarized_IR,C15,1250,1500,50.0,60.0,0.0,21.773543355045796,-0.2207410138840357,Day_4,Experiment_3,IR,Fair,0,Un. Pol
Co-Polarized_IR,C15,1275,1525,51.0,61.0,0.0,21.992802171782323,-0.1715698192659737,Day_4,Experiment_3,IR,Fair,0,Un. Pol
Co-Polarized_IR,C15,1300,1550,52.0,62.0,1.70530256582424e-16,22.42575145790176,-0.0720134921051809,Day_4,Experiment_3,IR,Fair,0,Un. Pol
Co-Polarized_IR,C15,1325,1575,53.0,63.0,-1.70530256582424e-16,22.60241158915178,-0.153673829072578,Day_4,Experiment_3,IR,Fair,0,Un. Pol
Co-Polarized_IR,C15,1350,1600,54.0,64.0,-1.70530256582424e-16,22.99433494237535,-0.1952795827019005,Day_4,Experiment_3,IR,Fair,0,Un. Pol
Co-Polarized_IR,C15,1375,1625,55.0,65.0,2.2737367544323206e-16,21.545894417362938,-0.07474260159307,Day_4,Experiment_3,IR,Fair,0,Un. Pol
Co-Polarized_IR,C15,1400,1650,56.0,66.0,1.6484591469634325e-15,23.287888108060574,-0.2782360738609529,Day_4,Experiment_3,IR,Fair,0,Un. Pol
Co-Polarized_IR,C15,1425,1675,57.0,67.0,2.2737367544323206e-16,21.525289994605945,0.1530061078748562,Day_4,Experiment_3,IR,Fair,0,Un. Pol
Co-Polarized_IR,C15,1450,1700,58.0,68.0,5.684341886080805e-16,20.520680731201033,0.0227697961126501,Day_4,Experiment_3,IR,Fair,0,Un. Pol
Co-Polarized_IR,C15,1475,1725,59.0,69.0,-1.4210854715202004e-16,19.243153679132877,0.0412224860487963,Day_4,Experiment_3,IR,Fair,0,Un. Pol
Co-Polarized_IR,C15,1500,1750,60.0,70.0,6.821210263296962e-16,19.751346612538764,-0.0115993096603766,Day_4,Experiment_3,IR,Fair,0,Un. Pol
Co-Polarized_IR,C15,1525,1775,61.0,71.0,-2.5579538487363605e-16,18.33526986778164,-0.1345462022605434,Day_4,Experiment_3,IR,Fair,0,Un. Pol
Co-Polarized_IR,C15,1550,1800,62.0,72.0,-3.979039320256561e-16,19.34908971372605,0.0061917012689357,Day_4,Experiment_3,IR,Fair,0,Un. Pol
Co-Polarized_IR,C15,1575,1825,63.0,73.0,-1.1368683772161603e-16,19.13502805940173,0.0103733493018699,Day_4,Experiment_3,IR,Fair,0,Un. Pol
Co-Polarized_IR,C15,1600,1850,64.0,74.0,6.181721801112871e-16,20.17433807897278,-0.0340327562607302,Day_4,Experiment_3,IR,Fair,0,Un. Pol
Cross-Polarized_Green,C19,0,250,0.0,10.0,1.1368683772161603e-16,17.51543986704503,0.0659246637586057,Day_4,Experiment_3,IR,Fair,0,Un. Pol
Cross-Polarized_Green,C19,25,275,1.0,11.0,5.684341886080802e-17,18.06175822728984,0.1538747875214266,Day_4,Experiment_3,IR,Fair,0,Un. Pol
Cross-Polarized_Green,C19,50,300,2.0,12.0,5.684341886080802e-17,18.443744110048584,0.19079881877877,Day_4,Experiment_3,IR,Fair,0,Un. Pol
Cross-Polarized_Green,C19,75,325,3.0,13.0,-2.2737367544323206e-16,17.515880014015416,0.1023877206836665,Day_4,Experiment_3,IR,Fair,0,Un. Pol
Cross-Polarized_Green,C19,100,350,4.0,14.0,2.842170943040401e-17,18.363536973661542,0.148337802482319,Day_4,Experiment_3,IR,Fair,0,Un. Pol
Cross-Polarized_Green,C19,125,375,5.0,15.0,-1.4210854715202004e-16,18.660326715092843,0.1999297892185439,Day_4,Experiment_3,IR,Fair,0,Un. Pol
Cross-Polarized_Green,C19,150,400,6.0,16.0,-1.5631940186722203e-16,18.52270828500968,-0.0016128908540246,Day_4,Experiment_3,IR,Fair,0,Un. Pol
Cross-Polarized_Green,C19,175,425,7.0,17.0,2.842170943040401e-17,18.765503934623705,0.0930691963763087,Day_4,Experiment_3,IR,Fair,0,Un. Pol
Cross-Polarized_Green,C19,200,450,8.0,18.0,2.842170943040401e-17,18.466122787719335,0.1643177813295479,Day_4,Experiment_3,IR,Fair,0,Un. Pol
Cross-Polarized_Green,C19,225,475,9.0,19.0,3.979039320256561e-16,17.32248619875654,-0.140277043636296,Day_4,Experiment_3,IR,Fair,0,Un. Pol
Cross-Polarized_Green,C19,250,500,10.0,20.0,5.115907697472721e-16,17.207648831559066,-0.1780745464739528,Day_4,Experiment_3,IR,Fair,0,Un. Pol
Cross-Polarized_Green,C19,275,525,11.0,21.0,-1.1368683772161603e-16,17.204711279776177,-0.3441918803007464,Day_4,Experiment_3,IR,Fair,0,Un. Pol
Cross-Polarized_Green,C19,300,550,12.0,22.0,6.252776074688881e-16,17.92206194989677,-0.171969985657989,Day_4,Experiment_3,IR,Fair,0,Un. Pol
Cross-Polarized_Green,C19,325,575,13.0,23.0,-4.547473508864641e-16,17.590895849793274,-0.1741595716473364,Day_4,Experiment_3,IR,Fair,0,Un. Pol
Cross-Polarized_Green,C19,350,600,14.0,24.0,-1.4210854715202004e-16,18.012307404987553,-0.2789340092468352,Day_4,Experiment_3,IR,Fair,0,Un. Pol
Cross-Polarized_Green,C19,375,625,15.0,25.0,3.1263880373444406e-16,16.965437075851916,-0.0486605890469342,Day_4,Experiment_3,IR,Fair,0,Un. Pol
Cross-Polarized_Green,C19,400,650,16.0,26.0,-5.684341886080802e-17,17.000450311668907,-0.0949377192539498,Day_4,Experiment_3,IR,Fair,0,Un. Pol
Cross-Polarized_Green,C19,425,675,17.0,27.0,-1.4210854715202004e-16,16.827550253380124,-0.0405002807253633,Day_4,Experiment_3,IR,Fair,0,Un. Pol
Cross-Polarized_Green,C19,450,700,18.0,28.0,-5.684341886080804e-16,16.715170762000916,-0.0528230987490819,Day_4,Experiment_3,IR,Fair,0,Un. Pol
Cross-Polarized_Green,C19,475,725,19.0,29.0,1.1368683772161603e-16,16.100351138995872,-0.0943701978987222,Day_4,Experiment_3,IR,Fair,0,Un. Pol
Cross-Polarized_Green,C19,500,750,20.0,30.0,-5.115907697472721e-16,17.789194499615597,-0.1936323808485679,Day_4,Experiment_3,IR,Fair,0,Un. Pol
Cross-Polarized_Green,C19,525,775,21.0,31.0,7.105427357601002e-18,15.536656987179354,0.0759219135946129,Day_4,Experiment_3,IR,Fair,0,Un. Pol
Cross-Polarized_Green,C19,550,800,22.0,32.0,3.979039320256561e-16,14.575682141868946,0.0242675685497186,Day_4,Experiment_3,IR,Fair,0,Un. Pol
Cross-Polarized_Green,C19,575,825,23.0,33.0,1.2789769243681802e-16,13.916761805661556,0.0729069958046686,Day_4,Experiment_3,IR,Fair,0,Un. Pol
Cross-Polarized_Green,C19,600,850,24.0,34.0,1.4210854715202005e-15,15.386834049070815,-0.043330432152282,Day_4,Experiment_3,IR,Fair,0,Un. Pol
Cross-Polarized_Green,C19,625,875,25.0,35.0,-1.2505552149377765e-15,37.30388081530044,-1.7711875523259248,Day_4,Experiment_3,IR,Fair,0,Un. Pol
Cross-Polarized_Green,C19,650,900,26.0,36.0,-7.958078640513122e-16,37.61317246073906,-0.3998098862861613,Day_4,Experiment_3,IR,Fair,0,Un. Pol
Cross-Polarized_Green,C19,675,925,27.0,37.0,5.684341886080802e-17,37.424048843612766,0.2261885552978654,Day_4,Experiment_3,IR,Fair,0,Un. Pol
Cross-Polarized_Green,C19,700,950,28.0,38.0,3.979039320256561e-16,38.54119933580614,0.110642822404574,Day_4,Experiment_3,IR,Fair,0,Un. Pol
Cross-Polarized_Green,C19,725,975,29.0,39.0,-1.1368683772161603e-16,38.850673447289026,0.2752316712622645,Day_4,Experiment_3,IR,Fair,0,Un. Pol
Cross-Polarized_Green,C19,750,1000,30.0,40.0,0.0,39.07374218144665,0.2538475286112356,Day_4,Experiment_3,IR,Fair,0,Un. Pol
Cross-Polarized_Green,C19,775,1025,31.0,41.0,2.2737367544323206e-16,39.22659313845075,0.2285137017455885,Day_4,Experiment_3,IR,Fair,0,Un. Pol
Cross-Polarized_Green,C19,800,1050,32.0,42.0,-2.842170943040401e-16,39.14556975009497,0.2590151661636964,Day_4,Experiment_3,IR,Fair,0,Un. Pol
Cross-Polarized_Green,C19,825,1075,33.0,43.0,-7.673861546209082e-16,39.28469787916016,0.182318729360673,Day_4,Experiment_3,IR,Fair,0,Un. Pol
Cross-Polarized_Green,C19,850,1100,34.0,44.0,3.6948222259525213e-16,39.23018155613795,0.4984297654756138,Day_4,Experiment_3,IR,Fair,0,Un. Pol
Cross-Polarized_Green,C19,875,1125,35.0,45.0,2.2737367544323206e-16,43.398283791695974,-1.9824436742097749,Day_4,Experiment_3,IR,Fair,0,Un. Pol
Cross-Polarized_Green,C19,900,1150,36.0,46.0,6.821210263296962e-16,18.574366011946147,0.0196586932529274,Day_4,Experiment_3,IR,Fair,0,Un. Pol
Cross-Polarized_Green,C19,925,1175,37.0,47.0,9.947598300641404e-17,17.669895814085073,-0.0886646451932415,Day_4,Experiment_3,IR,Fair,0,Un. Pol
Cross-Polarized_Green,C19,950,1200,38.0,48.0,0.0,15.501680604120445,0.0052875999994854,Day_4,Experiment_3,IR,Fair,0,Un. Pol
Cross-Polarized_Green,C19,975,1225,39.0,49.0,3.410605131648481e-16,15.680122262368071,0.1830165839301742,Day_4,Experiment_3,IR,Fair,0,Un. Pol
Cross-Polarized_Green,C19,1000,1250,40.0,50.0,-4.263256414560601e-17,14.714109134058598,0.2277756333515552,Day_4,Experiment_3,IR,Fair,0,Un. Pol
Cross-Polarized_Green,C19,1025,1275,41.0,51.0,-1.9895196601282808e-16,15.32854486673071,0.0382306806220468,Day_4,Experiment_3,IR,Fair,0,Un. Pol
Cross-Polarized_Green,C19,1050,1300,42.0,52.0,-1.70530256582424e-16,14.843520068989664,0.0809162963073968,Day_4,Experiment_3,IR,Fair,0,Un. Pol
Cross-Polarized_Green,C19,1075,1325,43.0,53.0,-1.1368683772161603e-16,17.759515687050797,0.4274211105961998,Day_4,Experiment_3,IR,Fair,0,Un. Pol
Cross-Polarized_Green,C19,1100,1350,44.0,54.0,0.0,17.600837537294392,0.128031326867602,Day_4,Experiment_3,IR,Fair,0,Un. Pol
Cross-Polarized_Green,C19,1125,1375,45.0,55.0,2.2737367544323206e-16,17.283792297084943,0.1379889915136479,Day_4,Experiment_3,IR,Fair,0,Un. Pol
Cross-Polarized_Green,C19,1150,1400,46.0,56.0,-2.842170943040401e-16,17.50782372003545,-0.0208328924031481,Day_4,Experiment_3,IR,Fair,0,Un. Pol
Cross-Polarized_Green,C19,1175,1425,47.0,57.0,3.979039320256561e-16,18.337030272931937,0.0550047073695981,Day_4,Experiment_3,IR,Fair,0,Un. Pol
Cross-Polarized_Green,C19,1200,1450,48.0,58.0,1.9895196601282808e-16,18.50910229680416,0.0139598665401735,Day_4,Experiment_3,IR,Fair,0,Un. Pol
Cross-Polarized_Green,C19,1225,1475,49.0,59.0,-5.684341886080804e-16,18.813459301186143,-0.0208925118018585,Day_4,Experiment_3,IR,Fair,0,Un. Pol
Cross-Polarized_Green,C19,1250,1500,50.0,60.0,-6.252776074688881e-16,19.486080149926448,-0.0619605634515221,Day_4,Experiment_3,IR,Fair,0,Un. Pol
Cross-Polarized_Green,C19,1275,1525,51.0,61.0,-4.547473508864641e-16,20.332030491112583,0.0376405090389793,Day_4,Experiment_3,IR,Fair,0,Un. Pol
Cross-Polarized_Green,C19,1300,1550,52.0,62.0,2.2737367544323206e-16,19.686464932363627,0.037812450776611,Day_4,Experiment_3,IR,Fair,0,Un. Pol
Cross-Polarized_Green,C19,1325,1575,53.0,63.0,-2.2737367544323206e-16,20.674758973866783,0.0871719594792317,Day_4,Experiment_3,IR,Fair,0,Un. Pol
Cross-Polarized_Green,C19,1350,1600,54.0,64.0,2.5579538487363605e-16,18.23939741489909,-0.0862436591461019,Day_4,Experiment_3,IR,Fair,0,Un. Pol
Cross-Polarized_Green,C19,1375,1625,55.0,65.0,4.547473508864641e-16,17.876977715595125,-0.0214848943033466,Day_4,Experiment_3,IR,Fair,0,Un. Pol
Cross-Polarized_Green,C19,1400,1650,56.0,66.0,-3.1263880373444406e-16,18.70718377250043,-0.0609317868823172,Day_4,Experiment_3,IR,Fair,0,Un. Pol
Cross-Polarized_Green,C19,1425,1675,57.0,67.0,2.131628207280301e-17,17.621922045402393,-0.1655149797526152,Day_4,Experiment_3,IR,Fair,0,Un. Pol
Cross-Polarized_Green,C19,1450,1700,58.0,68.0,9.379164112033325e-16,18.22913547102552,-0.1668675034600659,Day_4,Experiment_3,IR,Fair,0,Un. Pol
Cross-Polarized_Green,C19,1475,1725,59.0,69.0,7.389644451905044e-16,18.62555075008985,-0.2936136520934536,Day_4,Experiment_3,IR,Fair,0,Un. Pol
Cross-Polarized_Green,C19,1500,1750,60.0,70.0,2.2737367544323206e-16,16.175975764334574,-0.279415395911136,Day_4,Experiment_3,IR,Fair,0,Un. Pol
Cross-Polarized_Green,C19,1525,1775,61.0,71.0,1.5631940186722203e-16,15.040523894506176,-0.0948538488869221,Day_4,Experiment_3,IR,Fair,0,Un. Pol
Cross-Polarized_Green,C19,1550,1800,62.0,72.0,6.821210263296962e-16,17.07312576445368,-0.0224717690606967,Day_4,Experiment_3,IR,Fair,0,Un. Pol
Cross-Polarized_Green,C19,1575,1825,63.0,73.0,2.842170943040401e-17,15.666197325312892,0.0196811501001875,Day_4,Experiment_3,IR,Fair,0,Un. Pol
Cross-Polarized_Green,C19,1600,1850,64.0,74.0,-4.831690603168684e-16,16.445353319315664,0.020238489086186,Day_4,Experiment_3,IR,Fair,0,Un. Pol
Cross-Polarized_Red,C18,0,250,0.0,10.0,1.1368683772161605e-15,31.496298410010304,-0.217801858923655,Day_4,Experiment_3,IR,Fair,0,Un. Pol
Cross-Polarized_Red,C18,25,275,1.0,11.0,1.1368683772161603e-16,30.856556891913755,-0.0231329190697657,Day_4,Experiment_3,IR,Fair,0,Un. Pol
Cross-Polarized_Red,C18,50,300,2.0,12.0,-6.536993168992923e-16,28.947706967941272,0.03481283784968,Day_4,Experiment_3,IR,Fair,0,Un. Pol
Cross-Polarized_Red,C18,75,325,3.0,13.0,-1.1368683772161603e-16,28.089643193181185,0.0328952613643728,Day_4,Experiment_3,IR,Fair,0,Un. Pol
Cross-Polarized_Red,C18,100,350,4.0,14.0,-7.389644451905043e-16,30.38935687833616,-0.0957221600216123,Day_4,Experiment_3,IR,Fair,0,Un. Pol
Cross-Polarized_Red,C18,125,375,5.0,15.0,4.547473508864641e-16,32.45770658463274,0.0754797178015191,Day_4,Experiment_3,IR,Fair,0,Un. Pol
Cross-Polarized_Red,C18,150,400,6.0,16.0,-2.2737367544323206e-16,30.783092790744103,-0.0170930297529028,Day_4,Experiment_3,IR,Fair,0,Un. Pol
Cross-Polarized_Red,C18,175,425,7.0,17.0,2.2737367544323206e-16,31.24373526872684,0.053844115724083,Day_4,Experiment_3,IR,Fair,0,Un. Pol
Cross-Polarized_Red,C18,200,450,8.0,18.0,-9.947598300641404e-16,30.603650286822,0.0234551037308866,Day_4,Experiment_3,IR,Fair,0,Un. Pol
Cross-Polarized_Red,C18,225,475,9.0,19.0,6.821210263296962e-16,31.302974121915938,0.0025301609718193,Day_4,Experiment_3,IR,Fair,0,Un. Pol
Cross-Polarized_Red,C18,250,500,10.0,20.0,-4.547473508864641e-16,30.908237016711468,0.0447930865035802,Day_4,Experiment_3,IR,Fair,0,Un. Pol
Cross-Polarized_Red,C18,275,525,11.0,21.0,3.410605131648481e-16,31.38473421783107,0.1421486733447289,Day_4,Experiment_3,IR,Fair,0,Un. Pol
Cross-Polarized_Red,C18,300,550,12.0,22.0,-1.9895196601282808e-16,32.34798579628444,0.1366988931475714,Day_4,Experiment_3,IR,Fair,0,Un. Pol
Cross-Polarized_Red,C18,325,575,13.0,23.0,-4.547473508864641e-16,30.76566694160549,0.0139225308639673,Day_4,Experiment_3,IR,Fair,0,Un. Pol
Cross-Polarized_Red,C18,350,600,14.0,24.0,7.958078640513122e-16,30.802171947934035,0.0366914532492679,Day_4,Experiment_3,IR,Fair,0,Un. Pol
Cross-Polarized_Red,C18,375,625,15.0,25.0,1.2505552149377765e-15,30.319916748015416,-0.04141881746653,Day_4,Experiment_3,IR,Fair,0,Un. Pol
Cross-Polarized_Red,C18,400,650,16.0,26.0,1.1368683772161603e-16,31.187871808168303,0.0848750659060116,Day_4,Experiment_3,IR,Fair,0,Un. Pol
Cross-Polarized_Red,C18,425,675,17.0,27.0,-1.1368683772161603e-16,27.17843004707887,0.0092396284251246,Day_4,Experiment_3,IR,Fair,0,Un. Pol
Cross-Polarized_Red,C18,450,700,18.0,28.0,-3.979039320256561e-16,29.053152857771952,-0.1340555556922763,Day_4,Experiment_3,IR,Fair,0,Un. Pol
Cross-Polarized_Red,C18,475,725,19.0,29.0,0.0,27.815262692859793,-0.0922971423498275,Day_4,Experiment_3,IR,Fair,0,Un. Pol
Cross-Polarized_Red,C18,500,750,20.0,30.0,-5.684341886080803e-16,30.4573139017061,-0.1725350714391488,Day_4,Experiment_3,IR,Fair,0,Un. Pol
Cross-Polarized_Red,C18,525,775,21.0,31.0,5.684341886080802e-17,28.227877382328785,-0.117527835987598,Day_4,Experiment_3,IR,Fair,0,Un. Pol
Cross-Polarized_Red,C18,550,800,22.0,32.0,-1.2505552149377765e-15,31.046100373679145,-0.1081213869325688,Day_4,Experiment_3,IR,Fair,0,Un. Pol
Cross-Polarized_Red,C18,575,825,23.0,33.0,-8.242295734817164e-16,29.17971523169211,-0.0663271838656392,Day_4,Experiment_3,IR,Fair,0,Un. Pol
Cross-Polarized_Red,C18,600,850,24.0,34.0,1.0231815394945442e-15,32.07014227314205,-0.0439336391387358,Day_4,Experiment_3,IR,Fair,0,Un. Pol
Cross-Polarized_Red,C18,625,875,25.0,35.0,-5.684341886080803e-16,31.05660187408521,-0.0054955113166892,Day_4,Experiment_3,IR,Fair,0,Un. Pol
Cross-Polarized_Red,C18,650,900,26.0,36.0,-1.4779288903810085e-15,32.53217562461076,0.0509820430422711,Day_4,Experiment_3,IR,Fair,0,Un. Pol
Cross-Polarized_Red,C18,675,925,27.0,37.0,1.0231815394945442e-15,39.61109120004415,0.0408521196089649,Day_4,Experiment_3,IR,Fair,0,Un. Pol
Cross-Polarized_Red,C18,700,950,28.0,38.0,-1.7053025658242404e-15,42.80005128837934,-0.0686098129370234,Day_4,Experiment_3,IR,Fair,0,Un. Pol
Cross-Polarized_Red,C18,725,975,29.0,39.0,-5.684341886080802e-17,42.87116863896238,0.2333397940943671,Day_4,Experiment_3,IR,Fair,0,Un. Pol
Cross-Polarized_Red,C18,750,1000,30.0,40.0,-1.1368683772161603e-16,43.80808726929149,0.2234181928883891,Day_4,Experiment_3,IR,Fair,0,Un. Pol
Cross-Polarized_Red,C18,775,1025,31.0,41.0,7.958078640513122e-16,43.6501550555906,0.2163363590553524,Day_4,Experiment_3,IR,Fair,0,Un. Pol
Cross-Polarized_Red,C18,800,1050,32.0,42.0,0.0,42.82177808676749,0.2349835557549543,Day_4,Experiment_3,IR,Fair,0,Un. Pol
Cross-Polarized_Red,C18,825,1075,33.0,43.0,7.958078640513122e-16,42.4123558845049,0.2218361488597851,Day_4,Experiment_3,IR,Fair,0,Un. Pol
Cross-Polarized_Red,C18,850,1100,34.0,44.0,-1.2789769243681805e-15,42.8095812542733,0.1359930114888715,Day_4,Experiment_3,IR,Fair,0,Un. Pol
Cross-Polarized_Red,C18,875,1125,35.0,45.0,-6.252776074688881e-16,43.77791511102455,0.257959939185351,Day_4,Experiment_3,IR,Fair,0,Un. Pol
Cross-Polarized_Red,C18,900,1150,36.0,46.0,-7.958078640513122e-16,43.73298356558618,0.7481035028082962,Day_4,Experiment_3,IR,Fair,0,Un. Pol
Cross-Polarized_Red,C18,925,1175,37.0,47.0,-1.0800249583553525e-15,34.87132741359403,-0.3951180036521545,Day_4,Experiment_3,IR,Fair,0,Un. Pol
Cross-Polarized_Red,C18,950,1200,38.0,48.0,-2.2737367544323206e-16,29.570665812726418,-0.1237066650322241,Day_4,Experiment_3,IR,Fair,0,Un. Pol
Cross-Polarized_Red,C18,975,1225,39.0,49.0,-7.958078640513122e-16,32.55189545190241,-0.2467815892177671,Day_4,Experiment_3,IR,Fair,0,Un. Pol
Cross-Polarized_Red,C18,1000,1250,40.0,50.0,-3.1263880373444406e-16,29.202135564247193,-0.091230482108857,Day_4,Experiment_3,IR,Fair,0,Un. Pol
Cross-Polarized_Red,C18,1025,1275,41.0,51.0,-3.410605131648481e-16,29.26078418038304,-0.0401883005545756,Day_4,Experiment_3,IR,Fair,0,Un. Pol
Cross-Polarized_Red,C18,1050,1300,42.0,52.0,2.8421709430404013e-16,28.84825070434124,-0.1326264309297641,Day_4,Experiment_3,IR,Fair,0,Un. Pol
Cross-Polarized_Red,C18,1075,1325,43.0,53.0,6.821210263296962e-16,30.86020446922128,0.0713104403291242,Day_4,Experiment_3,IR,Fair,0,Un. Pol
Cross-Polarized_Red,C18,1100,1350,44.0,54.0,-7.105427357601002e-16,29.380381215799407,-0.0889805528129998,Day_4,Experiment_3,IR,Fair,0,Un. Pol
Cross-Polarized_Red,C18,1125,1375,45.0,55.0,7.958078640513122e-16,31.269009216957485,-0.106717779761223,Day_4,Experiment_3,IR,Fair,0,Un. Pol
Cross-Polarized_Red,C18,1150,1400,46.0,56.0,-3.836930773104541e-16,29.88920957613602,-0.057534652685839,Day_4,Experiment_3,IR,Fair,0,Un. Pol
Cross-Polarized_Red,C18,1175,1425,47.0,57.0,-2.2737367544323206e-16,31.694241338196527,-0.0536543615125797,Day_4,Experiment_3,IR,Fair,0,Un. Pol
Cross-Polarized_Red,C18,1200,1450,48.0,58.0,-3.1263880373444406e-16,31.931733642099033,-0.1321403404071447,Day_4,Experiment_3,IR,Fair,0,Un. Pol
Cross-Polarized_Red,C18,1225,1475,49.0,59.0,4.547473508864641e-16,30.595046848321143,-0.0725100989634489,Day_4,Experiment_3,IR,Fair,0,Un. Pol
Cross-Polarized_Red,C18,1250,1500,50.0,60.0,-3.410605131648481e-16,30.73030330201811,-0.1081006798296279,Day_4,Experiment_3,IR,Fair,0,Un. Pol
Cross-Polarized_Red,C18,1275,1525,51.0,61.0,0.0,31.12171988914229,-0.083514217142155,Day_4,Experiment_3,IR,Fair,0,Un. Pol
Cross-Polarized_Red,C18,1300,1550,52.0,62.0,6.821210263296962e-16,30.945505165201435,-0.0983460536102913,Day_4,Experiment_3,IR,Fair,0,Un. Pol
Cross-Polarized_Red,C18,1325,1575,53.0,63.0,-4.547473508864641e-16,31.273428554228687,-0.0438725611202254,Day_4,Experiment_3,IR,Fair,0,Un. Pol
Cross-Polarized_Red,C18,1350,1600,54.0,64.0,5.684341886080802e-17,30.59935916947106,-0.0362153810780899,Day_4,Experiment_3,IR,Fair,0,Un. Pol
Cross-Polarized_Red,C18,1375,1625,55.0,65.0,-2.2737367544323206e-16,28.70772547355011,-0.0167943526422329,Day_4,Experiment_3,IR,Fair,0,Un. Pol
Cross-Polarized_Red,C18,1400,1650,56.0,66.0,5.684341886080802e-17,29.35525960468761,-0.1247269549318877,Day_4,Experiment_3,IR,Fair,0,Un. Pol
Cross-Polarized_Red,C18,1425,1675,57.0,67.0,5.684341886080802e-17,28.070475076488677,-0.0262822080195814,Day_4,Experiment_3,IR,Fair,0,Un. Pol
Cross-Polarized_Red,C18,1450,1700,58.0,68.0,1.1368683772161603e-16,29.85827126811075,0.1611556391597544,Day_4,Experiment_3,IR,Fair,0,Un. Pol
Cross-Polarized_Red,C18,1475,1725,59.0,69.0,0.0,27.094905062988524,0.0875720374655524,Day_4,Experiment_3,IR,Fair,0,Un. Pol
Cross-Polarized_Red,C18,1500,1750,60.0,70.0,2.2737367544323206e-16,29.03323394605945,-0.0476633058195808,Day_4,Experiment_3,IR,Fair,0,Un. Pol
Cross-Polarized_Red,C18,1525,1775,61.0,71.0,3.410605131648481e-16,27.43291723210187,0.0416431365419494,Day_4,Experiment_3,IR,Fair,0,Un. Pol
Cross-Polarized_Red,C18,1550,1800,62.0,72.0,6.821210263296962e-16,29.251203940446104,0.0724684044848557,Day_4,Experiment_3,IR,Fair,0,Un. Pol
Cross-Polarized_Red,C18,1575,1825,63.0,73.0,-5.115907697472721e-16,27.180295576842862,-0.0266403434873841,Day_4,Experiment_3,IR,Fair,0,Un. Pol
Cross-Polarized_Red,C18,1600,1850,64.0,74.0,1.3642420526593924e-15,28.951723542848587,-0.0372182731630016,Day_4,Experiment_3,IR,Fair,0,Un. Pol
Cross-Polarized_IR,C21,0,250,0.0,10.0,2.842170943040401e-16,59.96096300908576,0.49641923866841997,Day_4,Experiment_3,IR,Fair,0,Un. Pol
Cross-Polarized_IR,C21,25,275,1.0,11.0,-2.2737367544323206e-16,52.70543328152789,0.17213099670493776,Day_4,Experiment_3,IR,Fair,0,Un. Pol
Cross-Polarized_IR,C21,50,300,2.0,12.0,-5.684341886080802e-17,46.55959434959928,0.025592963745610146,Day_4,Experiment_3,IR,Fair,0,Un. Pol
Cross-Polarized_IR,C21,75,325,3.0,13.0,4.547473508864641e-16,44.433469179404845,0.02194763717464766,Day_4,Experiment_3,IR,Fair,0,Un. Pol
Cross-Polarized_IR,C21,100,350,4.0,14.0,3.0695446184836328e-15,46.29241071440826,-0.04292876914571088,Day_4,Experiment_3,IR,Fair,0,Un. Pol
Cross-Polarized_IR,C21,125,375,5.0,15.0,2.2737367544323206e-15,48.45262767703555,0.018180680301749314,Day_4,Experiment_3,IR,Fair,0,Un. Pol
Cross-Polarized_IR,C21,150,400,6.0,16.0,-1.3642420526593924e-15,47.08144106568182,-0.008362705356111515,Day_4,Experiment_3,IR,Fair,0,Un. Pol
Cross-Polarized_IR,C21,175,425,7.0,17.0,1.1368683772161603e-15,47.50434509850029,0.03957944649547269,Day_4,Experiment_3,IR,Fair,0,Un. Pol
Cross-Polarized_IR,C21,200,450,8.0,18.0,1.7621459846850484e-15,45.49205097029256,0.007297937569613296,Day_4,Experiment_3,IR,Fair,0,Un. Pol
Cross-Polarized_IR,C21,225,475,9.0,19.0,7.958078640513122e-16,47.27676004219729,-0.03588544648133285,Day_4,Experiment_3,IR,Fair,0,Un. Pol
Cross-Polarized_IR,C21,250,500,10.0,20.0,-1.4495071809506043e-15,46.5203171534803,-0.06481591086607859,Day_4,Experiment_3,IR,Fair,0,Un. Pol
Cross-Polarized_IR,C21,275,525,11.0,21.0,3.637978807091713e-15,47.542764824650455,0.05974612141941069,Day_4,Experiment_3,IR,Fair,0,Un. Pol
Cross-Polarized_IR,C21,300,550,12.0,22.0,1.2505552149377763e-15,48.23478673085753,0.049187426202845407,Day_4,Experiment_3,IR,Fair,0,Un. Pol
Cross-Polarized_IR,C21,325,575,13.0,23.0,5.684341886080802e-16,45.39813651650132,0.01267748922438759,Day_4,Experiment_3,IR,Fair,0,Un. Pol
Cross-Polarized_IR,C21,350,600,14.0,24.0,1.7053025658242404e-15,47.89806045767358,-0.031165921224325575,Day_4,Experiment_3,IR,Fair,0,Un. Pol
Cross-Polarized_IR,C21,375,625,15.0,25.0,2.2737367544323206e-16,46.14575579168,0.016496858363004727,Day_4,Experiment_3,IR,Fair,0,Un. Pol
Cross-Polarized_IR,C21,400,650,16.0,26.0,3.410605131648481e-16,50.75308076385464,0.046299363831205656,Day_4,Experiment_3,IR,Fair,0,Un. Pol
Cross-Polarized_IR,C21,425,675,17.0,27.0,-1.1368683772161603e-16,45.76239030362659,0.028555396727794606,Day_4,Experiment_3,IR,Fair,0,Un. Pol
Cross-Polarized_IR,C21,450,700,18.0,28.0,-1.3642420526593924e-15,48.37339876822406,-0.012429825451158696,Day_4,Experiment_3,IR,Fair,0,Un. Pol
Cross-Polarized_IR,C21,475,725,19.0,29.0,-5.115907697472721e-16,46.08250558114035,-0.009984041012648404,Day_4,Experiment_3,IR,Fair,0,Un. Pol
Cross-Polarized_IR,C21,500,750,20.0,30.0,-6.821210263296962e-16,49.859118982479536,-0.03814548350753706,Day_4,Experiment_3,IR,Fair,0,Un. Pol
Cross-Polarized_IR,C21,525,775,21.0,31.0,3.410605131648481e-16,45.46031485235509,0.03609628511069316,Day_4,Experiment_3,IR,Fair,0,Un. Pol
Cross-Polarized_IR,C21,550,800,22.0,32.0,-4.547473508864641e-16,65.6353242071044,0.28233926501920137,Day_4,Experiment_3,IR,Fair,0,Un. Pol
Cross-Polarized_IR,C21,575,825,23.0,33.0,0.0,62.829802002002914,-0.19981763290916493,Day_4,Experiment_3,IR,Fair,0,Un. Pol
Cross-Polarized_IR,C21,600,850,24.0,34.0,-2.2737367544323206e-16,67.15594540488627,-0.26920305009279366,Day_4,Experiment_3,IR,Fair,0,Un. Pol
Cross-Polarized_IR,C21,625,875,25.0,35.0,2.842170943040401e-17,64.25022390216002,-0.1688267561133606,Day_4,Experiment_3,IR,Fair,0,Un. Pol
Cross-Polarized_IR,C21,650,900,26.0,36.0,2.2737367544323206e-16,64.16442835889698,-0.15677122881496067,Day_4,Experiment_3,IR,Fair,0,Un. Pol
Cross-Polarized_IR,C21,675,925,27.0,37.0,-1.5916157281026244e-15,63.48026161334218,-0.1528098647132553,Day_4,Experiment_3,IR,Fair,0,Un. Pol
Cross-Polarized_IR,C21,700,950,28.0,38.0,0.0,64.35264197267654,-0.15589741246453545,Day_4,Experiment_3,IR,Fair,0,Un. Pol
Cross-Polarized_IR,C21,725,975,29.0,39.0,-7.958078640513122e-16,63.06459532735894,-0.22069658676711035,Day_4,Experiment_3,IR,Fair,0,Un. Pol
Cross-Polarized_IR,C21,750,1000,30.0,40.0,1.8189894035458565e-15,63.82774783485609,-0.20390407105788722,Day_4,Experiment_3,IR,Fair,0,Un. Pol
Cross-Polarized_IR,C21,775,1025,31.0,41.0,-1.1937117960769684e-15,62.90991695577965,-0.0410908636701638,Day_4,Experiment_3,IR,Fair,0,Un. Pol
Cross-Polarized_IR,C21,800,1050,32.0,42.0,2.2737367544323206e-16,47.380786771809014,-0.04172379786606751,Day_4,Experiment_3,IR,Fair,0,Un. Pol
Cross-Polarized_IR,C21,825,1075,33.0,43.0,-7.958078640513122e-16,48.03375945295617,-0.055712847267529945,Day_4,Experiment_3,IR,Fair,0,Un. Pol
Cross-Polarized_IR,C21,850,1100,34.0,44.0,-9.094947017729283e-16,46.41031381185348,0.012190015957058457,Day_4,Experiment_3,IR,Fair,0,Un. Pol
Cross-Polarized_IR,C21,875,1125,35.0,45.0,2.9558577807620166e-15,48.80180460709962,-0.0645753260681373,Day_4,Experiment_3,IR,Fair,0,Un. Pol
Cross-Polarized_IR,C21,900,1150,36.0,46.0,2.2737367544323206e-16,46.11219265782909,-0.0201229295761998,Day_4,Experiment_3,IR,Fair,0,Un. Pol
Cross-Polarized_IR,C21,925,1175,37.0,47.0,-6.252776074688881e-16,48.30250829788582,-0.07068926075054102,Day_4,Experiment_3,IR,Fair,0,Un. Pol
Cross-Polarized_IR,C21,950,1200,38.0,48.0,-3.410605131648481e-16,48.05499269765458,-0.050690962795874324,Day_4,Experiment_3,IR,Fair,0,Un. Pol
Cross-Polarized_IR,C21,975,1225,39.0,49.0,2.7284841053187848e-15,53.631310571480725,-0.055117546877962026,Day_4,Experiment_3,IR,Fair,0,Un. Pol
Cross-Polarized_IR,C21,1000,1250,40.0,50.0,-2.2737367544323206e-16,47.860191396650066,-0.0037137848715070518,Day_4,Experiment_3,IR,Fair,0,Un. Pol
Cross-Polarized_IR,C21,1025,1275,41.0,51.0,-1.5916157281026244e-15,49.89831254066284,0.011715296758902856,Day_4,Experiment_3,IR,Fair,0,Un. Pol
Cross-Polarized_IR,C21,1050,1300,42.0,52.0,1.1368683772161603e-16,48.11272627945635,-0.04107268427444422,Day_4,Experiment_3,IR,Fair,0,Un. Pol
Cross-Polarized_IR,C21,1075,1325,43.0,53.0,-3.183231456205249e-15,52.16807746632211,0.08400071228069134,Day_4,Experiment_3,IR,Fair,0,Un. Pol
Cross-Polarized_IR,C21,1100,1350,44.0,54.0,-6.252776074688881e-16,47.45858584444205,0.002662073950046935,Day_4,Experiment_3,IR,Fair,0,Un. Pol
Cross-Polarized_IR,C21,1125,1375,45.0,55.0,-2.5011104298755525e-15,48.97602172595545,0.005745401303706944,Day_4,Experiment_3,IR,Fair,0,Un. Pol
Cross-Polarized_IR,C21,1150,1400,46.0,56.0,-3.410605131648481e-16,46.22301910096746,-0.03269369066032494,Day_4,Experiment_3,IR,Fair,0,Un. Pol
Cross-Polarized_IR,C21,1175,1425,47.0,57.0,2.0463630789890884e-15,51.978429293548864,-0.039085743532270595,Day_4,Experiment_3,IR,Fair,0,Un. Pol
Cross-Polarized_IR,C21,1200,1450,48.0,58.0,1.2789769243681803e-15,48.10880931281425,-0.034642658103123024,Day_4,Experiment_3,IR,Fair,0,Un. Pol
Cross-Polarized_IR,C21,1225,1475,49.0,59.0,-1.7053025658242404e-15,48.9491443256475,0.007591908803063518,Day_4,Experiment_3,IR,Fair,0,Un. Pol
Cross-Polarized_IR,C21,1250,1500,50.0,60.0,-9.094947017729283e-16,47.845091397971274,-0.033833191356580465,Day_4,Experiment_3,IR,Fair,0,Un. Pol
Cross-Polarized_IR,C21,1275,1525,51.0,61.0,-2.2737367544323206e-16,48.96495522534702,-0.025247308334277397,Day_4,Experiment_3,IR,Fair,0,Un. Pol
Cross-Polarized_IR,C21,1300,1550,52.0,62.0,-5.115907697472721e-16,48.95735224991322,-0.006047297934312533,Day_4,Experiment_3,IR,Fair,0,Un. Pol
Cross-Polarized_IR,C21,1325,1575,53.0,63.0,6.821210263296962e-16,49.00732964908394,0.019821919299732677,Day_4,Experiment_3,IR,Fair,0,Un. Pol
Cross-Polarized_IR,C21,1350,1600,54.0,64.0,-1.7621459846850484e-15,49.6863858891738,0.06911292510736297,Day_4,Experiment_3,IR,Fair,0,Un. Pol
Cross-Polarized_IR,C21,1375,1625,55.0,65.0,7.958078640513122e-16,47.11755342659403,0.01529373184312588,Day_4,Experiment_3,IR,Fair,0,Un. Pol
Cross-Polarized_IR,C21,1400,1650,56.0,66.0,-1.5916157281026244e-15,49.34123027241739,-0.057092368999571035,Day_4,Experiment_3,IR,Fair,0,Un. Pol
Cross-Polarized_IR,C21,1425,1675,57.0,67.0,-1.8189894035458565e-15,46.87328015431211,0.02000332242194863,Day_4,Experiment_3,IR,Fair,0,Un. Pol
Cross-Polarized_IR,C21,1450,1700,58.0,68.0,-1.1368683772161603e-15,48.84661199198449,0.03878437147741454,Day_4,Experiment_3,IR,Fair,0,Un. Pol
Cross-Polarized_IR,C21,1475,1725,59.0,69.0,-4.547473508864641e-16,44.36020798712504,0.07372150736183503,Day_4,Experiment_3,IR,Fair,0,Un. Pol
Cross-Polarized_IR,C21,1500,1750,60.0,70.0,-2.2737367544323206e-16,46.57268137341263,-0.025173121948764546,Day_4,Experiment_3,IR,Fair,0,Un. Pol
Cross-Polarized_IR,C21,1525,1775,61.0,71.0,3.410605131648481e-16,44.057832254326414,-0.007279782178922717,Day_4,Experiment_3,IR,Fair,0,Un. Pol
Cross-Polarized_IR,C21,1550,1800,62.0,72.0,-2.2737367544323206e-16,49.144550015694016,0.0522916167085476,Day_4,Experiment_3,IR,Fair,0,Un. Pol
Cross-Polarized_IR,C21,1575,1825,63.0,73.0,0.0,45.208243979210465,0.03765721649600298,Day_4,Experiment_3,IR,Fair,0,Un. Pol
Cross-Polarized_IR,C21,1600,1850,64.0,74.0,2.2737367544323206e-16,46.94358610508933,0.01158552792655827,Day_4,Experiment_3,IR,Fair,0,Un. Pol
