time,Unpolarized_A_Green,Unpolarized_A_Red,Unpolarized_A_IR,Unpolarized_B_Green,Unpolarized_B_Red,Unpolarized_B_IR,Co-Polarized_Green,Co-Polarized_Red,Co-Polarized_IR,Cross-Polarized_Green,Cross-Polarized_Red,Cross-Polarized_IR,Day,SkinTone,Speed,Depth,Experiment
2025-10-23T02:31:36.935Z,12,766,1480,255,883,1213,4041,3487,12042,2649,2470,6909,Day_1,Fair,Slow,5mm,Experiment_2
2025-10-23T02:31:36.975Z,17,757,1479,259,874,1213,4045,3477,12061,2650,2464,6914,Day_1,Fair,Slow,5mm,Experiment_2
2025-10-23T02:31:37.015Z,27,760,1476,267,877,1212,4051,3466,12092,2655,2460,6923,Day_1,Fair,Slow,5mm,Experiment_2
2025-10-23T02:31:37.055Z,38,769,1474,275,887,1212,4057,3445,12114,2661,2450,6930,Day_1,Fair,Slow,5mm,Experiment_2
2025-10-23T02:31:37.095Z,46,779,1472,282,896,1210,4058,3423,12110,2666,2441,6929,Day_1,Fair,Slow,5mm,Experiment_2
2025-10-23T02:35:53.963Z,47,786,1467,284,903,1207,4052,3413,12072,2668,2437,6923,Day_1,Fair,Slow,5mm,Experiment_2
2025-10-23T02:35:54.003Z,44,789,1460,283,906,1205,4031,3408,12015,2664,2434,6916,Day_1,Fair,Slow,5mm,Experiment_2
2025-10-23T02:35:54.043Z,37,787,1453,282,905,1203,4000,3410,11980,2655,2435,6915,Day_1,Fair,Slow,5mm,Experiment_2
2025-10-23T02:35:54.083Z,32,782,1450,280,901,1203,3983,3425,11988,2649,2443,6920,Day_1,Fair,Slow,5mm,Experiment_2
2025-10-23T02:35:54.123Z,30,783,1454,278,901,1205,3991,3443,12012,2651,2452,6921,Day_1,Fair,Slow,5mm,Experiment_2
2025-10-23T02:35:54.163Z,28,791,1468,275,907,1217,4013,3448,12041,2659,2459,6925,Day_1,Fair,Slow,5mm,Experiment_2
2025-10-23T02:35:54.203Z,30,815,1548,278,935,1307,4033,3456,12132,2668,2474,7001,Day_1,Fair,Slow,5mm,Experiment_2
2025-10-23T02:35:54.243Z,86,946,2065,348,1107,1923,4067,3566,12654,2701,2595,7547,Day_1,Fair,Slow,5mm,Experiment_2
2025-10-23T02:35:54.283Z,334,1477,4183,663,1815,4451,4179,4043,14738,2843,3102,9772,Day_1,Fair,Slow,5mm,Experiment_2
2025-10-23T02:35:54.324Z,910,2739,9153,1403,3492,10381,4433,5131,19592,3176,4279,14970,Day_1,Fair,Slow,5mm,Experiment_2
2025-10-23T02:35:54.364Z,1661,4431,15765,2374,5732,18268,4764,6512,26023,3613,5807,21868,Day_1,Fair,Slow,5mm,Experiment_2
2025-10-23T02:35:54.404Z,2218,5711,20746,3097,7420,24209,5013,7473,30846,3938,6910,27052,Day_1,Fair,Slow,5mm,Experiment_2
2025-10-23T02:35:54.444Z,2458,6255,22874,3404,8134,26744,5123,7817,32890,4075,7348,29257,Day_1,Fair,Slow,5mm,Experiment_2
2025-10-23T02:35:54.484Z,2519,6380,23395,3480,8300,27360,5139,7853,33385,4102,7439,29792,Day_1,Fair,Slow,5mm,Experiment_2
2025-10-23T02:35:54.524Z,2522,6397,23479,3486,8324,27453,5120,7837,33469,4091,7442,29873,Day_1,Fair,Slow,5mm,Experiment_2
2025-10-23T02:35:54.564Z,2513,6404,23501,3478,8332,27473,5115,7858,33494,4083,7437,29886,Day_1,Fair,Slow,5mm,Experiment_2
2025-10-23T02:35:54.604Z,2507,6409,23512,3472,8337,27484,5137,7903,33510,4091,7438,29891,Day_1,Fair,Slow,5mm,Experiment_2
2025-10-23T02:35:54.644Z,2507,6411,23513,3471,8340,27490,5164,7939,33523,4104,7446,29894,Day_1,Fair,Slow,5mm,Experiment_2
2025-10-23T02:35:54.684Z,2509,6412,23505,3475,8343,27486,5182,7963,33524,4116,7458,29892,Day_1,Fair,Slow,5mm,Experiment_2
2025-10-23T02:35:54.724Z,2510,6409,23491,3478,8342,27470,5194,7984,33507,4126,7471,29888,Day_1,Fair,Slow,5mm,Experiment_2
2025-10-23T02:35:54.764Z,2508,6405,23476,3479,8336,27450,5198,7991,33491,4129,7476,29885,Day_1,Fair,Slow,5mm,Experiment_2
2025-10-23T02:35:54.804Z,2508,6399,23465,3478,8330,27435,5191,7976,33489,4124,7466,29883,Day_1,Fair,Slow,5mm,Experiment_2
2025-10-23T02:35:54.844Z,2512,6394,23459,3480,8325,27432,5175,7959,33497,4115,7452,29881,Day_1,Fair,Slow,5mm,Experiment_2
2025-10-23T02:35:54.884Z,2519,6392,23458,3483,8322,27436,5154,7959,33502,4104,7448,29882,Day_1,Fair,Slow,5mm,Experiment_2
2025-10-23T02:35:54.924Z,2524,6391,23455,3483,8320,27439,5137,7961,33495,4097,7451,29883,Day_1,Fair,Slow,5mm,Experiment_2
2025-10-23T02:35:54.964Z,2523,6394,23450,3481,8322,27438,5140,7954,33483,4099,7453,29881,Day_1,Fair,Slow,5mm,Experiment_2
2025-10-23T02:35:55.004Z,2519,6403,23450,3479,8329,27435,5159,7951,33480,4106,7454,29883,Day_1,Fair,Slow,5mm,Experiment_2
2025-10-23T02:35:55.044Z,2518,6414,23461,3478,8338,27435,5165,7961,33484,4105,7459,29889,Day_1,Fair,Slow,5mm,Experiment_2
2025-10-23T02:35:55.084Z,2520,6423,23469,3480,8348,27435,5145,7969,33487,4093,7464,29894,Day_1,Fair,Slow,5mm,Experiment_2
2025-10-23T02:35:55.124Z,2525,6429,23466,3485,8356,27431,5131,7960,33486,4088,7458,29897,Day_1,Fair,Slow,5mm,Experiment_2
2025-10-23T02:35:55.164Z,2529,6425,23460,3487,8354,27427,5145,7943,33477,4095,7450,29896,Day_1,Fair,Slow,5mm,Experiment_2
2025-10-23T02:35:55.204Z,2524,6417,23460,3483,8342,27433,5156,7938,33457,4103,7451,29884,Day_1,Fair,Slow,5mm,Experiment_2
2025-10-23T02:35:55.244Z,2518,6409,23464,3478,8329,27446,5139,7947,33434,4101,7457,29867,Day_1,Fair,Slow,5mm,Experiment_2
2025-10-23T02:35:55.284Z,2518,6401,23465,3481,8320,27452,5116,7953,33431,4097,7460,29861,Day_1,Fair,Slow,5mm,Experiment_2
2025-10-23T02:35:55.324Z,2517,6397,23462,3482,8319,27449,5115,7941,33454,4101,7454,29871,Day_1,Fair,Slow,5mm,Experiment_2
2025-10-23T02:35:55.364Z,2511,6397,23464,3474,8324,27447,5125,7918,33482,4106,7443,29886,Day_1,Fair,Slow,5mm,Experiment_2
2025-10-23T02:35:55.404Z,2505,6402,23475,3465,8332,27456,5131,7898,33497,4106,7432,29896,Day_1,Fair,Slow,5mm,Experiment_2
2025-10-23T02:35:55.444Z,2505,6411,23488,3464,8341,27469,5126,7893,33503,4099,7429,29898,Day_1,Fair,Slow,5mm,Experiment_2
2025-10-23T02:35:55.484Z,2508,6420,23495,3472,8348,27476,5116,7902,33508,4090,7434,29896,Day_1,Fair,Slow,5mm,Experiment_2
2025-10-23T02:35:55.524Z,2507,6423,23495,3478,8351,27476,5116,7907,33511,4089,7439,29893,Day_1,Fair,Slow,5mm,Experiment_2
2025-10-23T02:35:55.564Z,2507,6421,23490,3481,8350,27468,5131,7902,33513,4094,7436,29892,Day_1,Fair,Slow,5mm,Experiment_2
2025-10-23T02:35:55.604Z,2515,6421,23482,3487,8348,27456,5142,7897,33518,4098,7429,29893,Day_1,Fair,Slow,5mm,Experiment_2
2025-10-23T02:35:55.644Z,2526,6423,23478,3494,8348,27450,5144,7901,33519,4099,7425,29890,Day_1,Fair,Slow,5mm,Experiment_2
2025-10-23T02:35:55.684Z,2530,6420,23478,3496,8346,27451,5152,7910,33511,4103,7429,29882,Day_1,Fair,Slow,5mm,Experiment_2
2025-10-23T02:35:55.724Z,2529,6411,23470,3493,8341,27449,5168,7914,33497,4109,7437,29873,Day_1,Fair,Slow,5mm,Experiment_2
2025-10-23T02:35:55.764Z,2529,6399,23451,3491,8333,27438,5182,7913,33489,4116,7444,29867,Day_1,Fair,Slow,5mm,Experiment_2
2025-10-23T02:35:55.804Z,2527,6389,23433,3489,8326,27426,5197,7912,33488,4123,7448,29867,Day_1,Fair,Slow,5mm,Experiment_2
2025-10-23T02:35:55.844Z,2520,6385,23430,3486,8322,27424,5208,7909,33488,4129,7446,29869,Day_1,Fair,Slow,5mm,Experiment_2
2025-10-23T02:35:55.884Z,2514,6382,23439,3482,8317,27430,5202,7904,33484,4131,7438,29869,Day_1,Fair,Slow,5mm,Experiment_2
2025-10-23T02:35:55.924Z,2517,6382,23450,3484,8311,27437,5191,7894,33484,4131,7430,29866,Day_1,Fair,Slow,5mm,Experiment_2
2025-10-23T02:35:55.964Z,2522,6388,23458,3487,8312,27442,5195,7879,33496,4135,7423,29867,Day_1,Fair,Slow,5mm,Experiment_2
2025-10-23T02:35:56.004Z,2523,6401,23461,3489,8324,27443,5203,7864,33515,4135,7419,29875,Day_1,Fair,Slow,5mm,Experiment_2
2025-10-23T02:35:56.044Z,2523,6412,23454,3491,8337,27440,5189,7860,33527,4126,7418,29883,Day_1,Fair,Slow,5mm,Experiment_2
2025-10-23T02:35:56.084Z,2527,6419,23438,3494,8347,27431,5161,7868,33527,4113,7421,29886,Day_1,Fair,Slow,5mm,Experiment_2
2025-10-23T02:35:56.124Z,2528,6427,23427,3493,8355,27421,5132,7875,33519,4100,7424,29886,Day_1,Fair,Slow,5mm,Experiment_2
2025-10-23T02:35:56.164Z,2522,6436,23432,3485,8361,27421,5110,7881,33514,4088,7429,29887,Day_1,Fair,Slow,5mm,Experiment_2
2025-10-23T02:35:56.204Z,2514,6432,23448,3476,8357,27430,5110,7896,33516,4084,7437,29890,Day_1,Fair,Slow,5mm,Experiment_2
2025-10-23T02:35:56.244Z,2515,6418,23466,3476,8348,27446,5131,7918,33513,4091,7443,29887,Day_1,Fair,Slow,5mm,Experiment_2
2025-10-23T02:35:56.284Z,2524,6408,23480,3483,8343,27459,5149,7924,33506,4098,7441,29882,Day_1,Fair,Slow,5mm,Experiment_2
2025-10-23T02:35:56.324Z,2529,6408,23486,3488,8342,27464,5155,7915,33506,4103,7434,29883,Day_1,Fair,Slow,5mm,Experiment_2
2025-10-23T02:35:56.364Z,2525,6413,23483,3487,8346,27461,5155,7908,33511,4106,7431,29885,Day_1,Fair,Slow,5mm,Experiment_2
2025-10-23T02:35:56.404Z,2518,6419,23475,3483,8353,27452,5147,7912,33508,4105,7433,29884,Day_1,Fair,Slow,5mm,Experiment_2
2025-10-23T02:35:56.444Z,2515,6421,23466,3482,8356,27440,5126,7920,33500,4092,7435,29888,Day_1,Fair,Slow,5mm,Experiment_2
2025-10-23T02:35:56.484Z,2515,6415,23461,3483,8348,27433,5107,7924,33495,4078,7432,29894,Day_1,Fair,Slow,5mm,Experiment_2
2025-10-23T02:35:56.524Z,2512,6403,23460,3481,8333,27432,5109,7913,33492,4076,7425,29895,Day_1,Fair,Slow,5mm,Experiment_2
2025-10-23T02:35:56.564Z,2508,6392,23461,3476,8321,27433,5129,7896,33495,4085,7420,29893,Day_1,Fair,Slow,5mm,Experiment_2
2025-10-23T02:35:56.604Z,2511,6387,23462,3476,8316,27436,5150,7893,33509,4097,7422,29891,Day_1,Fair,Slow,5mm,Experiment_2
2025-10-23T02:35:56.644Z,2523,6388,23460,3485,8319,27439,5153,7907,33532,4105,7426,29892,Day_1,Fair,Slow,5mm,Experiment_2
2025-10-23T02:35:56.684Z,2532,6397,23456,3494,8330,27441,5143,7929,33562,4109,7430,29897,Day_1,Fair,Slow,5mm,Experiment_2
2025-10-23T02:35:56.724Z,2529,6409,23451,3496,8341,27438,5144,7947,33583,4114,7438,29903,Day_1,Fair,Slow,5mm,Experiment_2
2025-10-23T02:35:56.764Z,2519,6413,23446,3490,8341,27430,5157,7954,33569,4118,7443,29899,Day_1,Fair,Slow,5mm,Experiment_2
2025-10-23T02:35:56.804Z,2512,6402,23443,3486,8327,27422,5164,7950,33526,4118,7443,29887,Day_1,Fair,Slow,5mm,Experiment_2
2025-10-23T02:35:56.844Z,2514,6383,23445,3488,8308,27420,5161,7944,33495,4117,7442,29878,Day_1,Fair,Slow,5mm,Experiment_2
2025-10-23T02:35:56.884Z,2522,6370,23447,3493,8298,27423,5160,7938,33492,4118,7441,29881,Day_1,Fair,Slow,5mm,Experiment_2
2025-10-23T02:35:56.924Z,2527,6369,23445,3494,8301,27424,5166,7920,33500,4119,7438,29886,Day_1,Fair,Slow,5mm,Experiment_2
2025-10-23T02:35:56.964Z,2525,6374,23440,3490,8310,27425,5172,7891,33499,4116,7429,29882,Day_1,Fair,Slow,5mm,Experiment_2
2025-10-23T02:35:57.004Z,2520,6379,23441,3486,8317,27431,5175,7874,33488,4112,7424,29873,Day_1,Fair,Slow,5mm,Experiment_2
2025-10-23T02:35:57.044Z,2516,6383,23453,3482,8321,27442,5182,7885,33484,4111,7431,29872,Day_1,Fair,Slow,5mm,Experiment_2
2025-10-23T02:35:57.084Z,2513,6389,23469,3477,8326,27448,5184,7914,33494,4113,7446,29881,Day_1,Fair,Slow,5mm,Experiment_2
2025-10-23T02:35:57.124Z,2514,6396,23482,3475,8333,27448,5163,7936,33501,4107,7458,29889,Day_1,Fair,Slow,5mm,Experiment_2
2025-10-23T02:35:57.164Z,2520,6404,23489,3480,8342,27447,5131,7941,33507,4098,7460,29893,Day_1,Fair,Slow,5mm,Experiment_2
2025-10-23T02:35:57.204Z,2525,6412,23488,3485,8351,27446,5127,7938,33524,4100,7456,29898,Day_1,Fair,Slow,5mm,Experiment_2
2025-10-23T02:35:57.244Z,2525,6420,23484,3483,8356,27446,5149,7938,33542,4111,7454,29901,Day_1,Fair,Slow,5mm,Experiment_2
2025-10-23T02:35:57.284Z,2522,6426,23476,3479,8356,27444,5158,7942,33547,4112,7453,29897,Day_1,Fair,Slow,5mm,Experiment_2
2025-10-23T02:35:57.324Z,2520,6424,23465,3477,8351,27441,5145,7945,33536,4104,7450,29889,Day_1,Fair,Slow,5mm,Experiment_2
2025-10-23T02:35:57.364Z,2519,6410,23463,3479,8340,27440,5136,7945,33515,4100,7448,29880,Day_1,Fair,Slow,5mm,Experiment_2
2025-10-23T02:35:57.404Z,2518,6397,23469,3481,8330,27443,5142,7946,33489,4104,7447,29871,Day_1,Fair,Slow,5mm,Experiment_2
2025-10-23T02:35:57.444Z,2520,6392,23474,3483,8327,27443,5155,7944,33461,4108,7446,29860,Day_1,Fair,Slow,5mm,Experiment_2
2025-10-23T02:35:57.484Z,2521,6394,23473,3487,8329,27441,5173,7937,33444,4112,7445,29849,Day_1,Fair,Slow,5mm,Experiment_2
2025-10-23T02:35:57.524Z,2518,6398,23467,3490,8332,27440,5194,7931,33447,4122,7449,29843,Day_1,Fair,Slow,5mm,Experiment_2
2025-10-23T02:35:57.565Z,2512,6401,23460,3487,8333,27441,5204,7927,33462,4127,7454,29844,Day_1,Fair,Slow,5mm,Experiment_2
2025-10-23T02:35:57.605Z,2509,6403,23454,3481,8333,27440,5192,7925,33483,4122,7453,29852,Day_1,Fair,Slow,5mm,Experiment_2
2025-10-23T02:35:57.645Z,2512,6402,23451,3478,8332,27432,5180,7930,33508,4117,7454,29865,Day_1,Fair,Slow,5mm,Experiment_2
2025-10-23T02:35:57.685Z,2517,6397,23451,3477,8329,27424,5185,7942,33523,4121,7457,29876,Day_1,Fair,Slow,5mm,Experiment_2
2025-10-23T02:35:57.725Z,2518,6391,23450,3476,8323,27418,5190,7950,33521,4122,7456,29880,Day_1,Fair,Slow,5mm,Experiment_2
2025-10-23T02:35:57.765Z,2519,6391,23448,3477,8320,27417,5185,7958,33511,4116,7456,29881,Day_1,Fair,Slow,5mm,Experiment_2
2025-10-23T02:35:57.805Z,2520,6395,23450,3483,8320,27423,5183,7973,33505,4115,7460,29884,Day_1,Fair,Slow,5mm,Experiment_2
2025-10-23T02:35:57.845Z,2519,6400,23458,3486,8325,27434,5183,7983,33499,4116,7463,29888,Day_1,Fair,Slow,5mm,Experiment_2
2025-10-23T02:35:57.885Z,2516,6405,23466,3485,8333,27440,5174,7980,33491,4112,7457,29886,Day_1,Fair,Slow,5mm,Experiment_2
2025-10-23T02:35:57.924Z,2513,6408,23471,3482,8341,27442,5155,7973,33481,4102,7449,29877,Day_1,Fair,Slow,5mm,Experiment_2
2025-10-23T02:35:57.964Z,2515,6407,23475,3483,8346,27443,5143,7968,33475,4097,7444,29873,Day_1,Fair,Slow,5mm,Experiment_2
2025-10-23T02:35:58.004Z,2521,6405,23477,3487,8348,27441,5143,7954,33486,4101,7436,29879,Day_1,Fair,Slow,5mm,Experiment_2
2025-10-23T02:35:58.044Z,2526,6401,23471,3492,8345,27434,5162,7925,33510,4111,7424,29888,Day_1,Fair,Slow,5mm,Experiment_2
2025-10-23T02:35:58.084Z,2526,6397,23460,3494,8340,27431,5187,7906,33538,4121,7420,29893,Day_1,Fair,Slow,5mm,Experiment_2
2025-10-23T02:35:58.124Z,2528,6399,23455,3495,8339,27435,5197,7920,33558,4122,7429,29894,Day_1,Fair,Slow,5mm,Experiment_2
2025-10-23T02:35:58.164Z,2531,6408,23459,3496,8344,27440,5188,7945,33554,4116,7444,29891,Day_1,Fair,Slow,5mm,Experiment_2
2025-10-23T02:35:58.204Z,2529,6414,23464,3494,8347,27438,5172,7960,33531,4111,7452,29885,Day_1,Fair,Slow,5mm,Experiment_2
2025-10-23T02:35:58.244Z,2527,6409,23467,3493,8339,27434,5158,7956,33518,4109,7453,29883,Day_1,Fair,Slow,5mm,Experiment_2
2025-10-23T02:35:58.285Z,2526,6398,23469,3495,8327,27433,5148,7939,33523,4109,7447,29887,Day_1,Fair,Slow,5mm,Experiment_2
2025-10-23T02:35:58.325Z,2525,6389,23469,3495,8319,27434,5141,7915,33522,4107,7437,29887,Day_1,Fair,Slow,5mm,Experiment_2
2025-10-23T02:35:58.365Z,2521,6384,23467,3491,8315,27434,5138,7892,33501,4102,7430,29875,Day_1,Fair,Slow,5mm,Experiment_2
2025-10-23T02:35:58.405Z,2519,6382,23461,3489,8316,27432,5137,7882,33477,4098,7429,29860,Day_1,Fair,Slow,5mm,Experiment_2
2025-10-23T02:35:58.445Z,2522,6385,23458,3491,8319,27431,5135,7893,33471,4095,7432,29855,Day_1,Fair,Slow,5mm,Experiment_2
2025-10-23T02:35:58.485Z,2525,6391,23458,3493,8324,27430,5127,7916,33486,4092,7435,29858,Day_1,Fair,Slow,5mm,Experiment_2
2025-10-23T02:35:58.525Z,2524,6403,23454,3492,8331,27428,5116,7935,33512,4090,7437,29865,Day_1,Fair,Slow,5mm,Experiment_2
2025-10-23T02:35:58.565Z,2521,6414,23441,3490,8339,27422,5127,7942,33534,4097,7439,29873,Day_1,Fair,Slow,5mm,Experiment_2
2025-10-23T02:35:58.605Z,2517,6415,23430,3487,8338,27419,5165,7945,33532,4113,7441,29877,Day_1,Fair,Slow,5mm,Experiment_2
2025-10-23T02:35:58.645Z,2513,6403,23432,3484,8328,27424,5197,7942,33519,4126,7442,29878,Day_1,Fair,Slow,5mm,Experiment_2
2025-10-23T02:35:58.685Z,2511,6393,23447,3481,8319,27434,5198,7928,33518,4126,7439,29881,Day_1,Fair,Slow,5mm,Experiment_2
2025-10-23T02:35:58.725Z,2513,6395,23466,3482,8320,27445,5182,7906,33529,4120,7432,29887,Day_1,Fair,Slow,5mm,Experiment_2
2025-10-23T02:35:58.765Z,2520,6401,23480,3488,8325,27451,5169,7892,33539,4113,7424,29893,Day_1,Fair,Slow,5mm,Experiment_2
2025-10-23T02:35:58.805Z,2522,6404,23480,3490,8328,27446,5158,7899,33538,4107,7424,29896,Day_1,Fair,Slow,5mm,Experiment_2
2025-10-23T02:35:58.845Z,2517,6406,23468,3488,8330,27434,5146,7922,33527,4101,7436,29890,Day_1,Fair,Slow,5mm,Experiment_2
2025-10-23T02:35:58.885Z,2512,6407,23451,3485,8333,27424,5140,7940,33523,4097,7446,29881,Day_1,Fair,Slow,5mm,Experiment_2
2025-10-23T02:35:58.925Z,2510,6405,23436,3485,8335,27420,5145,7943,33534,4100,7449,29880,Day_1,Fair,Slow,5mm,Experiment_2
2025-10-23T02:35:58.965Z,2514,6408,23426,3489,8336,27419,5156,7935,33549,4108,7446,29889,Day_1,Fair,Slow,5mm,Experiment_2
2025-10-23T02:35:59.005Z,2523,6414,23425,3495,8341,27418,5176,7926,33547,4121,7445,29894,Day_1,Fair,Slow,5mm,Experiment_2
2025-10-23T02:35:59.045Z,2533,6417,23433,3502,8346,27418,5202,7930,33526,4138,7447,29889,Day_1,Fair,Slow,5mm,Experiment_2
2025-10-23T02:35:59.085Z,2535,6415,23442,3500,8347,27419,5220,7939,33506,4145,7448,29883,Day_1,Fair,Slow,5mm,Experiment_2
2025-10-23T02:35:59.125Z,2524,6413,23448,3488,8345,27421,5219,7938,33500,4139,7444,29882,Day_1,Fair,Slow,5mm,Experiment_2
2025-10-23T02:35:59.165Z,2506,6411,23449,3473,8341,27422,5207,7930,33506,4128,7439,29883,Day_1,Fair,Slow,5mm,Experiment_2
2025-10-23T02:35:59.205Z,2494,6411,23450,3464,8336,27421,5203,7919,33518,4123,7435,29880,Day_1,Fair,Slow,5mm,Experiment_2
2025-10-23T02:35:59.245Z,2493,6411,23449,3461,8332,27423,5203,7905,33536,4123,7427,29877,Day_1,Fair,Slow,5mm,Experiment_2
2025-10-23T02:35:59.285Z,2498,6407,23445,3464,8326,27423,5188,7894,33557,4117,7421,29882,Day_1,Fair,Slow,5mm,Experiment_2
2025-10-23T02:35:59.325Z,2508,6400,23434,3473,8321,27417,5158,7894,33570,4103,7420,29893,Day_1,Fair,Slow,5mm,Experiment_2
2025-10-23T02:35:59.365Z,2518,6400,23424,3486,8322,27407,5134,7902,33576,4091,7422,29904,Day_1,Fair,Slow,5mm,Experiment_2
2025-10-23T02:35:59.405Z,2526,6404,23421,3494,8325,27404,5123,7896,33587,4089,7418,29912,Day_1,Fair,Slow,5mm,Experiment_2
2025-10-23T02:35:59.445Z,2530,6401,23427,3496,8321,27408,5119,7874,33591,4092,7410,29916,Day_1,Fair,Slow,5mm,Experiment_2
2025-10-23T02:35:59.485Z,2530,6395,23441,3492,8316,27419,5120,7865,33571,4095,7409,29910,Day_1,Fair,Slow,5mm,Experiment_2
2025-10-23T02:35:59.525Z,2527,6400,23457,3488,8321,27433,5118,7888,33540,4096,7422,29897,Day_1,Fair,Slow,5mm,Experiment_2
2025-10-23T02:35:59.565Z,2531,6415,23470,3491,8338,27447,5115,7923,33526,4096,7439,29890,Day_1,Fair,Slow,5mm,Experiment_2
2025-10-23T02:35:59.605Z,2541,6425,23477,3498,8353,27458,5115,7945,33533,4097,7449,29891,Day_1,Fair,Slow,5mm,Experiment_2
2025-10-23T02:35:59.645Z,2544,6422,23473,3500,8358,27459,5120,7951,33550,4100,7453,29894,Day_1,Fair,Slow,5mm,Experiment_2
2025-10-23T02:35:59.685Z,2538,6408,23456,3496,8350,27449,5137,7955,33561,4108,7455,29895,Day_1,Fair,Slow,5mm,Experiment_2
2025-10-23T02:35:59.725Z,2529,6394,23443,3491,8340,27438,5162,7958,33559,4118,7455,29894,Day_1,Fair,Slow,5mm,Experiment_2
2025-10-23T02:35:59.765Z,2521,6387,23443,3486,8334,27432,5180,7951,33551,4124,7450,29892,Day_1,Fair,Slow,5mm,Experiment_2
2025-10-23T02:35:59.805Z,2512,6386,23452,3479,8333,27432,5182,7936,33542,4122,7443,29889,Day_1,Fair,Slow,5mm,Experiment_2
2025-10-23T02:35:59.845Z,2501,6391,23462,3472,8332,27434,5179,7928,33529,4119,7439,29884,Day_1,Fair,Slow,5mm,Experiment_2
2025-10-23T02:35:59.885Z,2494,6396,23465,3466,8333,27436,5186,7939,33514,4121,7442,29877,Day_1,Fair,Slow,5mm,Experiment_2
2025-10-23T02:35:59.925Z,2493,6393,23458,3462,8330,27432,5188,7953,33502,4122,7448,29870,Day_1,Fair,Slow,5mm,Experiment_2
2025-10-23T02:35:59.965Z,2493,6379,23443,3460,8316,27423,5171,7944,33504,4115,7450,29867,Day_1,Fair,Slow,5mm,Experiment_2
2025-10-23T02:36:00.005Z,2496,6367,23432,3461,8302,27417,5150,7923,33524,4108,7444,29876,Day_1,Fair,Slow,5mm,Experiment_2
2025-10-23T02:36:00.045Z,2505,6372,23431,3469,8303,27418,5154,7919,33552,4112,7440,29889,Day_1,Fair,Slow,5mm,Experiment_2
2025-10-23T02:36:00.085Z,2515,6393,23438,3479,8322,27421,5173,7946,33573,4122,7446,29898,Day_1,Fair,Slow,5mm,Experiment_2
2025-10-23T02:36:00.125Z,2523,6418,23442,3485,8345,27423,5180,7986,33582,4125,7458,29900,Day_1,Fair,Slow,5mm,Experiment_2
2025-10-23T02:36:00.165Z,2525,6433,23441,3488,8359,27423,5166,8004,33575,4117,7463,29896,Day_1,Fair,Slow,5mm,Experiment_2
2025-10-23T02:36:00.205Z,2524,6433,23435,3489,8358,27419,5147,7990,33553,4106,7458,29887,Day_1,Fair,Slow,5mm,Experiment_2
2025-10-23T02:36:00.245Z,2525,6421,23425,3493,8344,27415,5133,7967,33531,4097,7451,29880,Day_1,Fair,Slow,5mm,Experiment_2
2025-10-23T02:36:00.285Z,2532,6407,23417,3500,8331,27413,5122,7953,33519,4089,7448,29877,Day_1,Fair,Slow,5mm,Experiment_2
2025-10-23T02:36:00.325Z,2538,6402,23420,3504,8328,27417,5118,7948,33517,4087,7446,29878,Day_1,Fair,Slow,5mm,Experiment_2
2025-10-23T02:36:00.365Z,2537,6407,23432,3501,8336,27423,5122,7945,33532,4093,7443,29884,Day_1,Fair,Slow,5mm,Experiment_2
2025-10-23T02:36:00.405Z,2529,6417,23443,3493,8349,27426,5129,7944,33555,4099,7441,29894,Day_1,Fair,Slow,5mm,Experiment_2
2025-10-23T02:36:00.445Z,2520,6426,23449,3483,8358,27426,5136,7944,33571,4102,7440,29902,Day_1,Fair,Slow,5mm,Experiment_2
2025-10-23T02:36:00.485Z,2512,6421,23451,3476,8353,27425,5143,7941,33581,4101,7438,29909,Day_1,Fair,Slow,5mm,Experiment_2
2025-10-23T02:36:00.525Z,2509,6403,23445,3474,8338,27424,5151,7943,33577,4101,7439,29908,Day_1,Fair,Slow,5mm,Experiment_2
2025-10-23T02:36:00.565Z,2514,6386,23435,3478,8326,27422,5161,7964,33547,4105,7448,29896,Day_1,Fair,Slow,5mm,Experiment_2
2025-10-23T02:36:00.605Z,2520,6379,23427,3483,8320,27421,5169,7997,33508,4110,7459,29882,Day_1,Fair,Slow,5mm,Experiment_2
2025-10-23T02:36:00.645Z,2523,6379,23427,3486,8318,27416,5168,8011,33487,4114,7464,29878,Day_1,Fair,Slow,5mm,Experiment_2
2025-10-23T02:36:00.685Z,2524,6382,23432,3488,8319,27412,5164,7990,33494,4119,7459,29885,Day_1,Fair,Slow,5mm,Experiment_2
2025-10-23T02:36:00.725Z,2523,6383,23441,3490,8320,27417,5170,7953,33521,4126,7448,29897,Day_1,Fair,Slow,5mm,Experiment_2
2025-10-23T02:36:00.765Z,2519,6384,23449,3488,8321,27427,5183,7932,33543,4132,7441,29902,Day_1,Fair,Slow,5mm,Experiment_2
2025-10-23T02:36:00.805Z,2514,6383,23451,3483,8319,27434,5188,7944,33549,4131,7444,29896,Day_1,Fair,Slow,5mm,Experiment_2
2025-10-23T02:36:00.845Z,2509,6383,23447,3475,8317,27433,5186,7972,33555,4127,7454,29894,Day_1,Fair,Slow,5mm,Experiment_2
2025-10-23T02:36:00.885Z,2502,6386,23439,3466,8318,27426,5180,7991,33580,4123,7460,29903,Day_1,Fair,Slow,5mm,Experiment_2
2025-10-23T02:36:00.925Z,2495,6392,23434,3459,8323,27419,5168,7984,33603,4118,7456,29912,Day_1,Fair,Slow,5mm,Experiment_2
2025-10-23T02:36:00.965Z,2498,6395,23434,3461,8325,27417,5159,7963,33597,4113,7448,29912,Day_1,Fair,Slow,5mm,Experiment_2
2025-10-23T02:36:01.005Z,2513,6394,23436,3476,8323,27420,5160,7950,33565,4113,7445,29904,Day_1,Fair,Slow,5mm,Experiment_2
2025-10-23T02:36:01.045Z,2531,6397,23437,3491,8323,27422,5164,7953,33530,4114,7448,29895,Day_1,Fair,Slow,5mm,Experiment_2
2025-10-23T02:36:01.085Z,2536,6403,23438,3495,8327,27421,5162,7962,33516,4115,7451,29892,Day_1,Fair,Slow,5mm,Experiment_2
2025-10-23T02:36:01.125Z,2526,6407,23438,3487,8328,27419,5162,7965,33526,4117,7450,29892,Day_1,Fair,Slow,5mm,Experiment_2
2025-10-23T02:36:01.165Z,2516,6411,23441,3483,8332,27420,5167,7957,33538,4120,7447,29892,Day_1,Fair,Slow,5mm,Experiment_2
2025-10-23T02:36:01.205Z,2515,6422,23451,3486,8343,27429,5170,7941,33541,4119,7444,29892,Day_1,Fair,Slow,5mm,Experiment_2
2025-10-23T02:36:01.245Z,2516,6433,23460,3487,8356,27438,5170,7925,33555,4117,7439,29899,Day_1,Fair,Slow,5mm,Experiment_2
2025-10-23T02:36:01.285Z,2516,6430,23455,3484,8356,27435,5170,7917,33578,4115,7436,29911,Day_1,Fair,Slow,5mm,Experiment_2
2025-10-23T02:36:01.325Z,2515,6414,23443,3482,8342,27427,5162,7923,33586,4109,7439,29915,Day_1,Fair,Slow,5mm,Experiment_2
2025-10-23T02:36:01.365Z,2516,6398,23440,3484,8326,27424,5148,7946,33576,4101,7448,29908,Day_1,Fair,Slow,5mm,Experiment_2
2025-10-23T02:36:01.405Z,2520,6392,23448,3488,8321,27427,5143,7973,33561,4099,7457,29899,Day_1,Fair,Slow,5mm,Experiment_2
2025-10-23T02:36:01.445Z,2526,6397,23456,3491,8328,27435,5148,7988,33546,4103,7459,29887,Day_1,Fair,Slow,5mm,Experiment_2
2025-10-23T02:36:01.485Z,2530,6405,23465,3493,8336,27446,5154,7982,33541,4109,7456,29878,Day_1,Fair,Slow,5mm,Experiment_2
2025-10-23T02:36:01.525Z,2526,6406,23469,3491,8337,27452,5155,7960,33556,4110,7451,29878,Day_1,Fair,Slow,5mm,Experiment_2
2025-10-23T02:36:01.565Z,2516,6400,23464,3484,8330,27448,5154,7949,33573,4107,7450,29888,Day_1,Fair,Slow,5mm,Experiment_2
2025-10-23T02:36:01.605Z,2507,6392,23453,3478,8323,27440,5157,7960,33574,4108,7455,29893,Day_1,Fair,Slow,5mm,Experiment_2
2025-10-23T02:36:01.645Z,2504,6386,23437,3475,8317,27432,5163,7973,33558,4114,7459,29888,Day_1,Fair,Slow,5mm,Experiment_2
2025-10-23T02:36:01.685Z,2501,6383,23420,3474,8314,27421,5168,7970,33530,4120,7458,29881,Day_1,Fair,Slow,5mm,Experiment_2
2025-10-23T02:36:01.725Z,2495,6386,23410,3469,8318,27409,5167,7953,33503,4121,7453,29879,Day_1,Fair,Slow,5mm,Experiment_2
2025-10-23T02:36:01.765Z,2493,6396,23413,3465,8327,27404,5158,7940,33497,4117,7448,29883,Day_1,Fair,Slow,5mm,Experiment_2
2025-10-23T02:36:01.805Z,2495,6405,23424,3463,8336,27404,5150,7951,33517,4114,7452,29890,Day_1,Fair,Slow,5mm,Experiment_2
2025-10-23T02:36:01.845Z,2496,6413,23432,3464,8344,27407,5149,7986,33547,4114,7466,29894,Day_1,Fair,Slow,5mm,Experiment_2
2025-10-23T02:36:01.885Z,2500,6418,23437,3469,8350,27412,5150,8009,33561,4116,7476,29890,Day_1,Fair,Slow,5mm,Experiment_2
2025-10-23T02:36:01.925Z,2506,6413,23440,3477,8349,27419,5150,7991,33557,4116,7467,29878,Day_1,Fair,Slow,5mm,Experiment_2
2025-10-23T02:36:01.965Z,2512,6400,23446,3483,8340,27430,5148,7952,33545,4112,7449,29865,Day_1,Fair,Slow,5mm,Experiment_2
2025-10-23T02:36:02.005Z,2515,6391,23454,3485,8333,27443,5143,7930,33534,4107,7438,29864,Day_1,Fair,Slow,5mm,Experiment_2
2025-10-23T02:36:02.045Z,2514,6390,23454,3485,8333,27448,5137,7945,33530,4104,7442,29877,Day_1,Fair,Slow,5mm,Experiment_2
2025-10-23T02:36:02.085Z,2513,6394,23448,3486,8336,27445,5133,7976,33536,4103,7455,29895,Day_1,Fair,Slow,5mm,Experiment_2
2025-10-23T02:36:02.125Z,2511,6398,23443,3485,8340,27440,5140,7987,33544,4107,7463,29903,Day_1,Fair,Slow,5mm,Experiment_2
2025-10-23T02:36:02.165Z,2511,6401,23446,3486,8342,27437,5158,7973,33544,4114,7462,29903,Day_1,Fair,Slow,5mm,Experiment_2
2025-10-23T02:36:02.205Z,2515,6398,23449,3490,8337,27433,5169,7956,33540,4119,7458,29903,Day_1,Fair,Slow,5mm,Experiment_2
2025-10-23T02:36:02.246Z,2521,6393,23446,3495,8329,27427,5164,7952,33544,4118,7455,29906,Day_1,Fair,Slow,5mm,Experiment_2
2025-10-23T02:36:02.286Z,2524,6395,23442,3494,8326,27424,5156,7957,33554,4115,7454,29909,Day_1,Fair,Slow,5mm,Experiment_2
2025-10-23T02:36:02.326Z,2521,6405,23443,3486,8333,27427,5152,7961,33565,4110,7453,29909,Day_1,Fair,Slow,5mm,Experiment_2
2025-10-23T02:36:02.366Z,2514,6416,23444,3478,8342,27427,5144,7961,33583,4100,7454,29907,Day_1,Fair,Slow,5mm,Experiment_2
2025-10-23T02:36:02.406Z,2510,6418,23441,3474,8349,27422,5138,7953,33605,4095,7452,29906,Day_1,Fair,Slow,5mm,Experiment_2
2025-10-23T02:36:02.446Z,2508,6413,23436,3473,8349,27418,5149,7945,33607,4102,7448,29906,Day_1,Fair,Slow,5mm,Experiment_2
2025-10-23T02:36:02.486Z,2505,6410,23433,3471,8347,27417,5172,7945,33586,4115,7448,29904,Day_1,Fair,Slow,5mm,Experiment_2
2025-10-23T02:36:02.526Z,2503,6411,23429,3470,8345,27416,5186,7948,33565,4119,7449,29905,Day_1,Fair,Slow,5mm,Experiment_2
2025-10-23T02:36:02.566Z,2501,6413,23422,3468,8346,27411,5181,7943,33557,4112,7448,29907,Day_1,Fair,Slow,5mm,Experiment_2
2025-10-23T02:36:02.606Z,2503,6411,23416,3469,8344,27405,5170,7929,33552,4106,7442,29904,Day_1,Fair,Slow,5mm,Experiment_2
2025-10-23T02:36:02.646Z,2505,6401,23416,3473,8336,27403,5170,7920,33545,4108,7436,29893,Day_1,Fair,Slow,5mm,Experiment_2
2025-10-23T02:36:02.686Z,2509,6387,23418,3479,8324,27407,5179,7936,33545,4116,7441,29885,Day_1,Fair,Slow,5mm,Experiment_2
2025-10-23T02:36:02.726Z,2515,6375,23418,3486,8315,27412,5189,7963,33554,4121,7452,29882,Day_1,Fair,Slow,5mm,Experiment_2
2025-10-23T02:36:02.766Z,2520,6372,23414,3492,8312,27414,5192,7972,33566,4121,7458,29880,Day_1,Fair,Slow,5mm,Experiment_2
2025-10-23T02:36:02.806Z,2522,6383,23412,3496,8320,27413,5177,7964,33572,4118,7457,29881,Day_1,Fair,Slow,5mm,Experiment_2
2025-10-23T02:36:02.846Z,2528,6402,23422,3500,8336,27421,5144,7955,33572,4110,7455,29889,Day_1,Fair,Slow,5mm,Experiment_2
2025-10-23T02:36:02.886Z,2534,6416,23440,3503,8349,27437,5118,7954,33572,4102,7454,29901,Day_1,Fair,Slow,5mm,Experiment_2
2025-10-23T02:36:02.926Z,2532,6417,23454,3500,8350,27448,5122,7964,33568,4106,7457,29906,Day_1,Fair,Slow,5mm,Experiment_2
2025-10-23T02:36:02.966Z,2523,6404,23459,3491,8338,27450,5152,7973,33559,4119,7459,29903,Day_1,Fair,Slow,5mm,Experiment_2
2025-10-23T02:36:03.006Z,2515,6387,23459,3485,8321,27445,5184,7968,33558,4129,7457,29902,Day_1,Fair,Slow,5mm,Experiment_2
2025-10-23T02:36:03.046Z,2513,6375,23452,3484,8308,27438,5199,7954,33569,4128,7454,29904,Day_1,Fair,Slow,5mm,Experiment_2
2025-10-23T02:36:03.086Z,2510,6368,23440,3484,8300,27430,5190,7941,33580,4119,7452,29905,Day_1,Fair,Slow,5mm,Experiment_2
2025-10-23T02:36:03.126Z,2509,6368,23425,3484,8300,27420,5170,7939,33582,4111,7454,29903,Day_1,Fair,Slow,5mm,Experiment_2
2025-10-23T02:36:03.166Z,2512,6374,23413,3486,8306,27407,5159,7950,33584,4112,7457,29904,Day_1,Fair,Slow,5mm,Experiment_2
2025-10-23T02:36:03.206Z,2517,6384,23412,3489,8315,27400,5162,7961,33600,4116,7457,29911,Day_1,Fair,Slow,5mm,Experiment_2
2025-10-23T02:36:03.246Z,2520,6396,23418,3490,8325,27403,5169,7961,33613,4119,7451,29916,Day_1,Fair,Slow,5mm,Experiment_2
2025-10-23T02:36:03.286Z,2521,6403,23420,3490,8331,27410,5177,7957,33604,4120,7443,29911,Day_1,Fair,Slow,5mm,Experiment_2
2025-10-23T02:36:03.326Z,2520,6400,23417,3486,8329,27415,5179,7947,33583,4118,7437,29900,Day_1,Fair,Slow,5mm,Experiment_2
2025-10-23T02:36:03.366Z,2517,6392,23417,3482,8321,27417,5174,7937,33566,4119,7438,29890,Day_1,Fair,Slow,5mm,Experiment_2
2025-10-23T02:36:03.406Z,2514,6387,23421,3481,8317,27418,5169,7938,33549,4125,7446,29883,Day_1,Fair,Slow,5mm,Experiment_2
2025-10-23T02:36:03.446Z,2515,6387,23429,3483,8318,27417,5170,7953,33533,4130,7457,29882,Day_1,Fair,Slow,5mm,Experiment_2
2025-10-23T02:36:03.486Z,2521,6389,23442,3489,8320,27418,5182,7969,33528,4131,7462,29887,Day_1,Fair,Slow,5mm,Experiment_2
2025-10-23T02:36:03.526Z,2526,6387,23455,3491,8319,27425,5201,7966,33541,4133,7459,29894,Day_1,Fair,Slow,5mm,Experiment_2
2025-10-23T02:36:03.566Z,2525,6380,23458,3489,8314,27433,5212,7946,33557,4135,7448,29894,Day_1,Fair,Slow,5mm,Experiment_2
2025-10-23T02:36:03.606Z,2519,6373,23448,3485,8309,27436,5205,7935,33563,4132,7441,29891,Day_1,Fair,Slow,5mm,Experiment_2
2025-10-23T02:36:03.646Z,2512,6377,23435,3483,8313,27434,5193,7950,33565,4128,7449,29892,Day_1,Fair,Slow,5mm,Experiment_2
2025-10-23T02:36:03.686Z,2508,6393,23435,3483,8327,27434,5200,7976,33560,4131,7461,29894,Day_1,Fair,Slow,5mm,Experiment_2
2025-10-23T02:36:03.726Z,2511,6407,23443,3487,8340,27438,5225,7983,33545,4141,7465,29895,Day_1,Fair,Slow,5mm,Experiment_2
2025-10-23T02:36:03.766Z,2515,6409,23445,3490,8342,27438,5244,7962,33529,4147,7456,29895,Day_1,Fair,Slow,5mm,Experiment_2
2025-10-23T02:36:03.806Z,2511,6401,23437,3486,8335,27431,5234,7926,33521,4140,7440,29895,Day_1,Fair,Slow,5mm,Experiment_2
2025-10-23T02:36:03.846Z,2506,6391,23429,3481,8327,27425,5201,7900,33522,4126,7426,29890,Day_1,Fair,Slow,5mm,Experiment_2
2025-10-23T02:36:03.886Z,2505,6387,23424,3479,8323,27423,5173,7896,33523,4117,7424,29878,Day_1,Fair,Slow,5mm,Experiment_2
2025-10-23T02:36:03.926Z,2505,6390,23419,3478,8324,27422,5164,7910,33519,4115,7433,29868,Day_1,Fair,Slow,5mm,Experiment_2
2025-10-23T02:36:03.966Z,2504,6394,23416,3478,8327,27420,5163,7929,33523,4111,7444,29873,Day_1,Fair,Slow,5mm,Experiment_2
2025-10-23T02:36:04.006Z,2506,6397,23415,3478,8331,27416,5159,7950,33544,4104,7451,29895,Day_1,Fair,Slow,5mm,Experiment_2
2025-10-23T02:36:04.046Z,2509,6396,23415,3478,8333,27411,5149,7964,33569,4096,7455,29916,Day_1,Fair,Slow,5mm,Experiment_2
2025-10-23T02:36:04.086Z,2510,6392,23412,3478,8332,27407,5144,7959,33588,4095,7453,29925,Day_1,Fair,Slow,5mm,Experiment_2
2025-10-23T02:36:04.126Z,2511,6386,23411,3480,8327,27408,5153,7945,33595,4102,7449,29923,Day_1,Fair,Slow,5mm,Experiment_2
2025-10-23T02:36:04.166Z,2509,6378,23415,3481,8319,27417,5164,7944,33577,4110,7452,29911,Day_1,Fair,Slow,5mm,Experiment_2
2025-10-23T02:36:04.206Z,2503,6376,23423,3476,8316,27428,5159,7954,33546,4107,7458,29890,Day_1,Fair,Slow,5mm,Experiment_2
2025-10-23T02:36:04.246Z,2497,6387,23428,3469,8322,27434,5140,7960,33525,4098,7460,29875,Day_1,Fair,Slow,5mm,Experiment_2
2025-10-23T02:36:04.286Z,2499,6401,23424,3471,8331,27431,5134,7964,33524,4099,7458,29871,Day_1,Fair,Slow,5mm,Experiment_2
2025-10-23T02:36:04.326Z,2505,6402,23412,3480,8331,27422,5150,7968,33538,4111,7455,29876,Day_1,Fair,Slow,5mm,Experiment_2
2025-10-23T02:36:04.366Z,2509,6390,23404,3486,8319,27413,5159,7961,33559,4118,7452,29888,Day_1,Fair,Slow,5mm,Experiment_2
2025-10-23T02:36:04.406Z,2508,6379,23404,3486,8311,27410,5149,7944,33584,4113,7447,29906,Day_1,Fair,Slow,5mm,Experiment_2
2025-10-23T02:36:04.446Z,2505,6380,23408,3482,8316,27411,5142,7938,33601,4109,7447,29925,Day_1,Fair,Slow,5mm,Experiment_2
2025-10-23T02:36:04.486Z,2502,6387,23409,3476,8327,27410,5158,7945,33595,4115,7453,29932,Day_1,Fair,Slow,5mm,Experiment_2
2025-10-23T02:36:04.526Z,2499,6392,23410,3471,8333,27410,5185,7953,33572,4124,7456,29926,Day_1,Fair,Slow,5mm,Experiment_2
2025-10-23T02:36:04.566Z,2497,6388,23419,3468,8328,27416,5199,7954,33549,4127,7455,29915,Day_1,Fair,Slow,5mm,Experiment_2
2025-10-23T02:36:04.606Z,2499,6386,23429,3468,8323,27426,5190,7954,33537,4122,7454,29908,Day_1,Fair,Slow,5mm,Experiment_2
2025-10-23T02:36:04.646Z,2503,6392,23429,3472,8328,27431,5175,7960,33542,4116,7456,29907,Day_1,Fair,Slow,5mm,Experiment_2
2025-10-23T02:36:04.686Z,2509,6402,23416,3477,8338,27429,5171,7972,33560,4115,7463,29910,Day_1,Fair,Slow,5mm,Experiment_2
2025-10-23T02:36:04.726Z,2517,6407,23402,3485,8344,27423,5170,7981,33569,4114,7471,29908,Day_1,Fair,Slow,5mm,Experiment_2
2025-10-23T02:36:04.766Z,2527,6403,23397,3495,8341,27415,5162,7973,33555,4110,7470,29902,Day_1,Fair,Slow,5mm,Experiment_2
2025-10-23T02:36:04.806Z,2532,6398,23400,3501,8335,27407,5163,7951,33525,4109,7459,29896,Day_1,Fair,Slow,5mm,Experiment_2
2025-10-23T02:36:04.846Z,2528,6400,23405,3498,8337,27403,5179,7939,33508,4116,7448,29896,Day_1,Fair,Slow,5mm,Experiment_2
2025-10-23T02:36:04.886Z,2516,6406,23408,3487,8344,27403,5189,7946,33529,4121,7446,29906,Day_1,Fair,Slow,5mm,Experiment_2
2025-10-23T02:36:04.926Z,2510,6407,23406,3479,8346,27403,5180,7954,33556,4121,7448,29911,Day_1,Fair,Slow,5mm,Experiment_2
2025-10-23T02:36:04.966Z,2517,6398,23404,3485,8339,27403,5166,7949,33553,4118,7447,29899,Day_1,Fair,Slow,5mm,Experiment_2
2025-10-23T02:36:05.006Z,2527,6389,23409,3494,8331,27411,5157,7943,33534,4115,7446,29881,Day_1,Fair,Slow,5mm,Experiment_2
2025-10-23T02:36:05.046Z,2528,6384,23416,3495,8324,27423,5153,7944,33529,4110,7447,29874,Day_1,Fair,Slow,5mm,Experiment_2
2025-10-23T02:36:05.086Z,2524,6381,23415,3491,8318,27429,5156,7947,33536,4110,7450,29880,Day_1,Fair,Slow,5mm,Experiment_2
2025-10-23T02:36:05.126Z,2529,6381,23407,3497,8315,27424,5177,7947,33548,4120,7449,29896,Day_1,Fair,Slow,5mm,Experiment_2
2025-10-23T02:36:05.166Z,2538,6390,23395,3505,8321,27407,5201,7947,33560,4133,7449,29913,Day_1,Fair,Slow,5mm,Experiment_2
2025-10-23T02:36:05.206Z,2535,6395,23385,3501,8326,27390,5207,7950,33557,4137,7450,29919,Day_1,Fair,Slow,5mm,Experiment_2
2025-10-23T02:36:05.246Z,2518,6389,23387,3487,8321,27390,5189,7954,33539,4133,7454,29912,Day_1,Fair,Slow,5mm,Experiment_2
2025-10-23T02:36:05.286Z,2504,6384,23403,3476,8317,27408,5166,7960,33529,4124,7459,29902,Day_1,Fair,Slow,5mm,Experiment_2
2025-10-23T02:36:05.326Z,2504,6391,23426,3476,8326,27434,5157,7972,33538,4117,7466,29899,Day_1,Fair,Slow,5mm,Experiment_2
2025-10-23T02:36:05.366Z,2514,6403,23440,3483,8339,27449,5166,7981,33552,4115,7469,29902,Day_1,Fair,Slow,5mm,Experiment_2
2025-10-23T02:36:05.406Z,2521,6407,23435,3487,8346,27446,5181,7977,33560,4116,7465,29904,Day_1,Fair,Slow,5mm,Experiment_2
2025-10-23T02:36:05.446Z,2519,6404,23415,3485,8344,27431,5182,7956,33559,4113,7456,29903,Day_1,Fair,Slow,5mm,Experiment_2
2025-10-23T02:36:05.486Z,2512,6402,23395,3480,8340,27414,5161,7933,33550,4104,7448,29900,Day_1,Fair,Slow,5mm,Experiment_2
2025-10-23T02:36:05.526Z,2510,6397,23389,3480,8332,27404,5146,7924,33541,4099,7443,29899,Day_1,Fair,Slow,5mm,Experiment_2
2025-10-23T02:36:05.566Z,2519,6395,23397,3489,8326,27404,5158,7927,33536,4106,7438,29898,Day_1,Fair,Slow,5mm,Experiment_2
2025-10-23T02:36:05.606Z,2531,6400,23408,3499,8329,27409,5180,7936,33543,4116,7437,29896,Day_1,Fair,Slow,5mm,Experiment_2
2025-10-23T02:36:05.646Z,2535,6405,23411,3503,8334,27414,5188,7950,33567,4118,7441,29898,Day_1,Fair,Slow,5mm,Experiment_2
2025-10-23T02:36:05.686Z,2528,6402,23407,3499,8334,27415,5183,7968,33605,4116,7447,29904,Day_1,Fair,Slow,5mm,Experiment_2
2025-10-23T02:36:05.726Z,2516,6393,23401,3489,8328,27411,5172,7983,33632,4116,7452,29907,Day_1,Fair,Slow,5mm,Experiment_2
2025-10-23T02:36:05.766Z,2505,6383,23394,3477,8320,27407,5154,7985,33635,4114,7455,29906,Day_1,Fair,Slow,5mm,Experiment_2
2025-10-23T02:36:05.806Z,2499,6373,23384,3468,8311,27400,5143,7979,33621,4114,7458,29904,Day_1,Fair,Slow,5mm,Experiment_2
2025-10-23T02:36:05.846Z,2499,6363,23380,3467,8305,27395,5154,7974,33605,4120,7462,29904,Day_1,Fair,Slow,5mm,Experiment_2
2025-10-23T02:36:05.886Z,2500,6362,23391,3470,8306,27400,5182,7967,33586,4132,7463,29900,Day_1,Fair,Slow,5mm,Experiment_2
2025-10-23T02:36:05.926Z,2501,6370,23407,3474,8310,27410,5207,7955,33559,4143,7457,29892,Day_1,Fair,Slow,5mm,Experiment_2
2025-10-23T02:36:05.966Z,2503,6374,23412,3477,8311,27416,5220,7947,33539,4148,7451,29887,Day_1,Fair,Slow,5mm,Experiment_2
2025-10-23T02:36:06.006Z,2507,6374,23406,3479,8310,27417,5224,7941,33541,4146,7445,29888,Day_1,Fair,Slow,5mm,Experiment_2
2025-10-23T02:36:06.046Z,2510,6373,23399,3481,8312,27419,5216,7930,33558,4137,7440,29895,Day_1,Fair,Slow,5mm,Experiment_2
2025-10-23T02:36:06.086Z,2514,6376,23398,3483,8316,27424,5198,7916,33569,4125,7434,29903,Day_1,Fair,Slow,5mm,Experiment_2
2025-10-23T02:36:06.126Z,2520,6381,23406,3485,8320,27429,5176,7907,33564,4117,7430,29905,Day_1,Fair,Slow,5mm,Experiment_2
2025-10-23T02:36:06.166Z,2524,6388,23414,3485,8326,27433,5162,7914,33556,4114,7434,29903,Day_1,Fair,Slow,5mm,Experiment_2
2025-10-23T02:36:06.207Z,2523,6396,23415,3483,8334,27432,5162,7930,33564,4116,7443,29905,Day_1,Fair,Slow,5mm,Experiment_2
2025-10-23T02:36:06.247Z,2521,6397,23412,3484,8337,27429,5173,7938,33585,4119,7449,29912,Day_1,Fair,Slow,5mm,Experiment_2
2025-10-23T02:36:06.287Z,2521,6393,23411,3486,8333,27426,5176,7934,33596,4118,7447,29912,Day_1,Fair,Slow,5mm,Experiment_2
2025-10-23T02:36:06.327Z,2519,6394,23411,3486,8334,27423,5167,7928,33588,4114,7443,29902,Day_1,Fair,Slow,5mm,Experiment_2
2025-10-23T02:36:06.367Z,2521,6403,23408,3487,8342,27423,5159,7935,33581,4110,7445,29896,Day_1,Fair,Slow,5mm,Experiment_2
2025-10-23T02:36:06.407Z,2526,6410,23404,3492,8345,27425,5156,7955,33594,4108,7455,29902,Day_1,Fair,Slow,5mm,Experiment_2
2025-10-23T02:36:06.447Z,2529,6405,23402,3495,8337,27424,5151,7976,33616,4106,7463,29917,Day_1,Fair,Slow,5mm,Experiment_2
2025-10-23T02:36:06.487Z,2525,6401,23402,3492,8331,27416,5144,7983,33623,4106,7462,29928,Day_1,Fair,Slow,5mm,Experiment_2
2025-10-23T02:36:06.527Z,2518,6408,23403,3487,8339,27406,5138,7973,33611,4107,7456,29926,Day_1,Fair,Slow,5mm,Experiment_2
2025-10-23T02:36:06.567Z,2514,6419,23403,3484,8352,27401,5138,7961,33598,4108,7453,29916,Day_1,Fair,Slow,5mm,Experiment_2
2025-10-23T02:36:06.607Z,2513,6419,23401,3484,8355,27404,5148,7960,33587,4112,7455,29906,Day_1,Fair,Slow,5mm,Experiment_2
2025-10-23T02:36:06.647Z,2512,6407,23399,3483,8346,27411,5171,7961,33585,4121,7458,29904,Day_1,Fair,Slow,5mm,Experiment_2
2025-10-23T02:36:06.687Z,2513,6398,23398,3482,8336,27415,5192,7961,33600,4128,7459,29911,Day_1,Fair,Slow,5mm,Experiment_2
2025-10-23T02:36:06.727Z,2515,6394,23404,3483,8330,27417,5201,7964,33614,4129,7459,29921,Day_1,Fair,Slow,5mm,Experiment_2
2025-10-23T02:36:06.767Z,2515,6387,23412,3484,8321,27420,5202,7960,33599,4127,7454,29925,Day_1,Fair,Slow,5mm,Experiment_2
2025-10-23T02:36:06.807Z,2519,6378,23416,3489,8314,27424,5194,7948,33569,4122,7445,29922,Day_1,Fair,Slow,5mm,Experiment_2
2025-10-23T02:36:06.847Z,2528,6374,23418,3497,8313,27427,5181,7941,33551,4115,7439,29914,Day_1,Fair,Slow,5mm,Experiment_2
2025-10-23T02:36:06.887Z,2532,6374,23423,3501,8315,27433,5170,7947,33548,4109,7440,29906,Day_1,Fair,Slow,5mm,Experiment_2
2025-10-23T02:36:06.927Z,2524,6377,23430,3495,8319,27437,5160,7954,33552,4104,7445,29903,Day_1,Fair,Slow,5mm,Experiment_2
2025-10-23T02:36:06.967Z,2513,6383,23431,3485,8326,27438,5153,7953,33554,4098,7449,29905,Day_1,Fair,Slow,5mm,Experiment_2
2025-10-23T02:36:07.007Z,2505,6394,23427,3479,8336,27438,5157,7948,33549,4098,7449,29903,Day_1,Fair,Slow,5mm,Experiment_2
2025-10-23T02:36:07.047Z,2505,6403,23423,3480,8341,27439,5168,7949,33544,4108,7450,29900,Day_1,Fair,Slow,5mm,Experiment_2
2025-10-23T02:36:07.087Z,2511,6406,23418,3485,8342,27436,5178,7950,33556,4118,7454,29905,Day_1,Fair,Slow,5mm,Experiment_2
2025-10-23T02:36:07.127Z,2511,6407,23414,3482,8342,27430,5184,7945,33580,4122,7455,29920,Day_1,Fair,Slow,5mm,Experiment_2
2025-10-23T02:36:07.167Z,2504,6408,23413,3474,8343,27425,5190,7941,33596,4124,7453,29932,Day_1,Fair,Slow,5mm,Experiment_2
2025-10-23T02:36:07.207Z,2501,6405,23413,3469,8342,27421,5192,7948,33591,4126,7450,29932,Day_1,Fair,Slow,5mm,Experiment_2
2025-10-23T02:36:07.247Z,2506,6397,23411,3473,8336,27419,5192,7959,33572,4128,7449,29925,Day_1,Fair,Slow,5mm,Experiment_2
2025-10-23T02:36:07.287Z,2511,6387,23407,3478,8328,27420,5195,7964,33556,4132,7451,29915,Day_1,Fair,Slow,5mm,Experiment_2
2025-10-23T02:36:07.327Z,2512,6374,23404,3480,8316,27424,5197,7954,33547,4137,7450,29907,Day_1,Fair,Slow,5mm,Experiment_2
2025-10-23T02:36:07.367Z,2512,6364,23402,3481,8305,27430,5197,7933,33538,4140,7444,29899,Day_1,Fair,Slow,5mm,Experiment_2
2025-10-23T02:36:07.407Z,2516,6365,23403,3485,8304,27434,5205,7917,33530,4142,7438,29895,Day_1,Fair,Slow,5mm,Experiment_2
2025-10-23T02:36:07.447Z,2519,6374,23404,3488,8311,27431,5223,7922,33535,4142,7438,29900,Day_1,Fair,Slow,5mm,Experiment_2
2025-10-23T02:36:07.487Z,2515,6380,23407,3486,8320,27428,5236,7944,33558,4142,7442,29911,Day_1,Fair,Slow,5mm,Experiment_2
2025-10-23T02:36:07.527Z,2512,6378,23406,3487,8320,27424,5228,7964,33600,4138,7448,29926,Day_1,Fair,Slow,5mm,Experiment_2
2025-10-23T02:36:07.567Z,2517,6369,23395,3494,8313,27415,5202,7965,33642,4131,7452,29935,Day_1,Fair,Slow,5mm,Experiment_2
2025-10-23T02:36:07.607Z,2522,6366,23378,3497,8309,27405,5175,7942,33657,4123,7449,29934,Day_1,Fair,Slow,5mm,Experiment_2
2025-10-23T02:36:07.647Z,2520,6374,23371,3491,8315,27404,5159,7916,33648,4118,7441,29930,Day_1,Fair,Slow,5mm,Experiment_2
2025-10-23T02:36:07.687Z,2511,6383,23376,3478,8325,27410,5160,7917,33631,4121,7443,29927,Day_1,Fair,Slow,5mm,Experiment_2
2025-10-23T02:36:07.727Z,2502,6389,23391,3469,8331,27421,5175,7949,33611,4129,7455,29923,Day_1,Fair,Slow,5mm,Experiment_2
2025-10-23T02:36:07.767Z,2497,6397,23411,3465,8339,27436,5191,7973,33587,4133,7463,29917,Day_1,Fair,Slow,5mm,Experiment_2
2025-10-23T02:36:07.807Z,2496,6407,23429,3465,8347,27452,5201,7960,33568,4132,7458,29914,Day_1,Fair,Slow,5mm,Experiment_2
2025-10-23T02:36:07.847Z,2498,6410,23432,3467,8349,27458,5201,7928,33566,4131,7453,29916,Day_1,Fair,Slow,5mm,Experiment_2
2025-10-23T02:36:07.887Z,2502,6405,23421,3473,8344,27450,5190,7907,33575,4130,7458,29925,Day_1,Fair,Slow,5mm,Experiment_2
2025-10-23T02:36:07.927Z,2508,6395,23411,3478,8339,27439,5177,7909,33586,4129,7466,29937,Day_1,Fair,Slow,5mm,Experiment_2
2025-10-23T02:36:07.967Z,2511,6391,23411,3479,8338,27436,5175,7932,33596,4130,7467,29946,Day_1,Fair,Slow,5mm,Experiment_2
2025-10-23T02:36:08.007Z,2509,6393,23413,3475,8340,27435,5184,7960,33605,4139,7461,29947,Day_1,Fair,Slow,5mm,Experiment_2
2025-10-23T02:36:08.047Z,2511,6393,23409,3477,8335,27427,5195,7977,33602,4148,7457,29939,Day_1,Fair,Slow,5mm,Experiment_2
2025-10-23T02:36:08.087Z,2519,6390,23400,3486,8326,27415,5195,7984,33588,4149,7459,29925,Day_1,Fair,Slow,5mm,Experiment_2
2025-10-23T02:36:08.127Z,2525,6386,23394,3490,8323,27407,5189,7983,33585,4140,7462,29919,Day_1,Fair,Slow,5mm,Experiment_2
2025-10-23T02:36:08.167Z,2523,6384,23394,3486,8324,27407,5188,7977,33593,4134,7462,29925,Day_1,Fair,Slow,5mm,Experiment_2
2025-10-23T02:36:08.207Z,2520,6386,23396,3483,8328,27414,5197,7975,33593,4135,7461,29933,Day_1,Fair,Slow,5mm,Experiment_2
2025-10-23T02:36:08.247Z,2519,6386,23395,3486,8329,27419,5208,7983,33587,4140,7463,29937,Day_1,Fair,Slow,5mm,Experiment_2
2025-10-23T02:36:08.287Z,2521,6378,23394,3490,8322,27421,5209,7983,33591,4140,7463,29939,Day_1,Fair,Slow,5mm,Experiment_2
2025-10-23T02:36:08.327Z,2524,6372,23393,3492,8318,27423,5200,7966,33602,4136,7458,29940,Day_1,Fair,Slow,5mm,Experiment_2
2025-10-23T02:36:08.367Z,2526,6376,23391,3493,8321,27422,5194,7949,33601,4133,7452,29937,Day_1,Fair,Slow,5mm,Experiment_2
2025-10-23T02:36:08.407Z,2523,6382,23385,3491,8325,27416,5193,7949,33578,4133,7451,29927,Day_1,Fair,Slow,5mm,Experiment_2
2025-10-23T02:36:08.447Z,2516,6382,23382,3485,8325,27407,5194,7967,33553,4135,7460,29919,Day_1,Fair,Slow,5mm,Experiment_2
2025-10-23T02:36:08.487Z,2508,6381,23385,3478,8322,27406,5196,7989,33551,4138,7470,29919,Day_1,Fair,Slow,5mm,Experiment_2
2025-10-23T02:36:08.527Z,2502,6386,23395,3471,8324,27414,5198,8004,33565,4140,7478,29923,Day_1,Fair,Slow,5mm,Experiment_2
2025-10-23T02:36:08.567Z,2501,6400,23402,3467,8333,27420,5204,8014,33578,4140,7483,29924,Day_1,Fair,Slow,5mm,Experiment_2
2025-10-23T02:36:08.607Z,2502,6407,23401,3467,8340,27420,5210,8016,33582,4141,7482,29918,Day_1,Fair,Slow,5mm,Experiment_2
2025-10-23T02:36:08.647Z,2501,6399,23400,3469,8336,27424,5210,8005,33580,4140,7474,29913,Day_1,Fair,Slow,5mm,Experiment_2
2025-10-23T02:36:08.687Z,2501,6384,23403,3472,8325,27431,5201,7986,33579,4135,7461,29916,Day_1,Fair,Slow,5mm,Experiment_2
2025-10-23T02:36:08.727Z,2503,6376,23403,3475,8316,27433,5186,7967,33582,4128,7450,29924,Day_1,Fair,Slow,5mm,Experiment_2
2025-10-23T02:36:08.767Z,2503,6371,23402,3474,8311,27429,5168,7952,33589,4120,7445,29934,Day_1,Fair,Slow,5mm,Experiment_2
2025-10-23T02:36:08.807Z,2506,6366,23402,3477,8305,27424,5158,7950,33600,4118,7447,29945,Day_1,Fair,Slow,5mm,Experiment_2
2025-10-23T02:36:08.847Z,2513,6361,23397,3485,8301,27417,5168,7961,33608,4124,7456,29951,Day_1,Fair,Slow,5mm,Experiment_2
2025-10-23T02:36:08.887Z,2518,6363,23388,3491,8302,27412,5182,7976,33597,4130,7464,29943,Day_1,Fair,Slow,5mm,Experiment_2
2025-10-23T02:36:08.927Z,2525,6370,23381,3495,8311,27408,5183,7986,33568,4128,7466,29919,Day_1,Fair,Slow,5mm,Experiment_2
2025-10-23T02:36:08.967Z,2532,6383,23373,3499,8323,27403,5172,7978,33549,4123,7460,29900,Day_1,Fair,Slow,5mm,Experiment_2
2025-10-23T02:36:09.007Z,2530,6395,23363,3497,8334,27398,5160,7960,33564,4119,7455,29901,Day_1,Fair,Slow,5mm,Experiment_2
2025-10-23T02:36:09.047Z,2516,6398,23361,3487,8335,27396,5152,7954,33594,4117,7457,29916,Day_1,Fair,Slow,5mm,Experiment_2
2025-10-23T02:36:09.087Z,2504,6396,23371,3477,8330,27400,5147,7961,33607,4114,7461,29929,Day_1,Fair,Slow,5mm,Experiment_2
2025-10-23T02:36:09.127Z,2500,6400,23383,3475,8333,27407,5149,7967,33594,4114,7462,29927,Day_1,Fair,Slow,5mm,Experiment_2
2025-10-23T02:36:09.167Z,2502,6407,23388,3478,8343,27413,5154,7973,33576,4116,7464,29917,Day_1,Fair,Slow,5mm,Experiment_2
2025-10-23T02:36:09.207Z,2505,6407,23388,3480,8346,27417,5153,7979,33573,4114,7467,29912,Day_1,Fair,Slow,5mm,Experiment_2
2025-10-23T02:36:09.247Z,2509,6397,23385,3481,8339,27418,5153,7981,33584,4111,7469,29919,Day_1,Fair,Slow,5mm,Experiment_2
2025-10-23T02:36:09.287Z,2515,6385,23382,3485,8328,27416,5161,7984,33598,4112,7469,29931,Day_1,Fair,Slow,5mm,Experiment_2
2025-10-23T02:36:09.327Z,2523,6376,23380,3493,8320,27415,5170,7983,33604,4118,7468,29933,Day_1,Fair,Slow,5mm,Experiment_2
2025-10-23T02:36:09.367Z,2529,6373,23378,3501,8319,27416,5177,7976,33592,4124,7466,29926,Day_1,Fair,Slow,5mm,Experiment_2
2025-10-23T02:36:09.407Z,2530,6380,23380,3505,8325,27422,5187,7959,33576,4129,7459,29922,Day_1,Fair,Slow,5mm,Experiment_2
2025-10-23T02:36:09.447Z,2530,6388,23394,3504,8332,27436,5196,7930,33571,4132,7449,29925,Day_1,Fair,Slow,5mm,Experiment_2
2025-10-23T02:36:09.487Z,2525,6391,23411,3499,8332,27446,5193,7907,33572,4130,7442,29928,Day_1,Fair,Slow,5mm,Experiment_2
2025-10-23T02:36:09.527Z,2516,6385,23417,3492,8327,27446,5184,7904,33575,4125,7444,29929,Day_1,Fair,Slow,5mm,Experiment_2
2025-10-23T02:36:09.567Z,2505,6376,23408,3487,8320,27437,5181,7924,33589,4124,7454,29935,Day_1,Fair,Slow,5mm,Experiment_2
2025-10-23T02:36:09.607Z,2496,6371,23393,3482,8317,27425,5179,7959,33613,4124,7466,29946,Day_1,Fair,Slow,5mm,Experiment_2
2025-10-23T02:36:09.647Z,2496,6373,23380,3481,8319,27414,5177,7991,33637,4124,7474,29955,Day_1,Fair,Slow,5mm,Experiment_2
2025-10-23T02:36:09.687Z,2505,6376,23374,3485,8321,27412,5179,7996,33645,4127,7473,29956,Day_1,Fair,Slow,5mm,Experiment_2
2025-10-23T02:36:09.727Z,2513,6376,23375,3489,8321,27419,5189,7964,33632,4134,7458,29950,Day_1,Fair,Slow,5mm,Experiment_2
2025-10-23T02:36:09.767Z,2510,6380,23375,3485,8324,27422,5197,7918,33603,4139,7437,29943,Day_1,Fair,Slow,5mm,Experiment_2
2025-10-23T02:36:09.807Z,2499,6387,23374,3473,8328,27417,5199,7883,33569,4137,7423,29937,Day_1,Fair,Slow,5mm,Experiment_2
2025-10-23T02:36:09.847Z,2487,6395,23376,3460,8331,27409,5199,7878,33541,4129,7423,29926,Day_1,Fair,Slow,5mm,Experiment_2
2025-10-23T02:36:09.887Z,2480,6401,23378,3453,8334,27403,5199,7904,33527,4120,7435,29914,Day_1,Fair,Slow,5mm,Experiment_2
2025-10-23T02:36:09.927Z,2482,6402,23376,3457,8334,27399,5199,7943,33533,4117,7449,29909,Day_1,Fair,Slow,5mm,Experiment_2
2025-10-23T02:36:09.967Z,2494,6400,23373,3472,8331,27398,5203,7981,33557,4120,7459,29916,Day_1,Fair,Slow,5mm,Experiment_2
2025-10-23T02:36:10.007Z,2513,6395,23376,3490,8326,27404,5208,8001,33580,4128,7464,29926,Day_1,Fair,Slow,5mm,Experiment_2
2025-10-23T02:36:10.047Z,2527,6388,23387,3499,8320,27418,5210,7995,33593,4131,7464,29931,Day_1,Fair,Slow,5mm,Experiment_2
2025-10-23T02:36:10.087Z,2532,6380,23399,3502,8313,27429,5206,7974,33595,4129,7456,29930,Day_1,Fair,Slow,5mm,Experiment_2
2025-10-23T02:36:10.127Z,2533,6378,23401,3504,8313,27428,5193,7946,33595,4122,7442,29927,Day_1,Fair,Slow,5mm,Experiment_2
2025-10-23T02:36:10.167Z,2530,6383,23399,3501,8319,27423,5173,7923,33601,4114,7431,29930,Day_1,Fair,Slow,5mm,Experiment_2
2025-10-23T02:36:10.207Z,2525,6389,23405,3494,8324,27428,5158,7920,33604,4109,7432,29934,Day_1,Fair,Slow,5mm,Experiment_2
2025-10-23T02:36:10.247Z,2517,6392,23414,3486,8328,27436,5152,7928,33595,4108,7441,29932,Day_1,Fair,Slow,5mm,Experiment_2
2025-10-23T02:36:10.287Z,2505,6386,23414,3476,8326,27437,5152,7931,33591,4107,7448,29931,Day_1,Fair,Slow,5mm,Experiment_2
2025-10-23T02:36:10.327Z,2495,6379,23405,3467,8324,27431,5157,7926,33610,4106,7450,29939,Day_1,Fair,Slow,5mm,Experiment_2
2025-10-23T02:36:10.367Z,2497,6382,23389,3469,8329,27419,5170,7925,33643,4108,7452,29951,Day_1,Fair,Slow,5mm,Experiment_2
2025-10-23T02:36:10.407Z,2512,6392,23372,3484,8337,27407,5189,7936,33665,4116,7457,29961,Day_1,Fair,Slow,5mm,Experiment_2
2025-10-23T02:36:10.447Z,2524,6399,23359,3497,8340,27399,5207,7940,33661,4130,7458,29966,Day_1,Fair,Slow,5mm,Experiment_2
2025-10-23T02:36:10.487Z,2523,6398,23354,3497,8338,27396,5215,7925,33641,4141,7450,29965,Day_1,Fair,Slow,5mm,Experiment_2
2025-10-23T02:36:10.528Z,2513,6396,23361,3488,8336,27395,5209,7910,33618,4144,7440,29957,Day_1,Fair,Slow,5mm,Experiment_2
2025-10-23T02:36:10.568Z,2503,6397,23373,3479,8339,27398,5202,7913,33595,4142,7438,29947,Day_1,Fair,Slow,5mm,Experiment_2
2025-10-23T02:36:10.608Z,2498,6400,23380,3476,8344,27404,5199,7929,33576,4135,7443,29938,Day_1,Fair,Slow,5mm,Experiment_2
2025-10-23T02:36:10.648Z,2493,6401,23380,3475,8345,27408,5199,7940,33567,4130,7450,29930,Day_1,Fair,Slow,5mm,Experiment_2
2025-10-23T02:36:10.688Z,2487,6400,23376,3468,8343,27409,5199,7941,33565,4127,7453,29921,Day_1,Fair,Slow,5mm,Experiment_2
2025-10-23T02:36:10.728Z,2484,6396,23375,3462,8338,27406,5193,7935,33557,4125,7450,29918,Day_1,Fair,Slow,5mm,Experiment_2
2025-10-23T02:36:10.768Z,2487,6386,23374,3461,8329,27399,5183,7927,33549,4123,7445,29920,Day_1,Fair,Slow,5mm,Experiment_2
2025-10-23T02:36:10.808Z,2495,6375,23367,3466,8318,27390,5185,7917,33545,4125,7442,29918,Day_1,Fair,Slow,5mm,Experiment_2
2025-10-23T02:36:10.848Z,2506,6370,23357,3474,8312,27388,5202,7914,33547,4133,7444,29912,Day_1,Fair,Slow,5mm,Experiment_2
2025-10-23T02:36:10.888Z,2514,6368,23354,3480,8308,27394,5223,7920,33561,4141,7449,29910,Day_1,Fair,Slow,5mm,Experiment_2
2025-10-23T02:36:10.928Z,2517,6369,23353,3483,8307,27400,5237,7930,33584,4145,7450,29915,Day_1,Fair,Slow,5mm,Experiment_2
2025-10-23T02:36:10.968Z,2512,6369,23356,3482,8305,27403,5239,7944,33604,4144,7452,29925,Day_1,Fair,Slow,5mm,Experiment_2
2025-10-23T02:36:11.008Z,2508,6369,23367,3483,8307,27411,5228,7956,33613,4142,7455,29934,Day_1,Fair,Slow,5mm,Experiment_2
2025-10-23T02:36:11.048Z,2508,6371,23384,3487,8312,27423,5205,7958,33616,4136,7455,29942,Day_1,Fair,Slow,5mm,Experiment_2
2025-10-23T02:36:11.088Z,2512,6372,23395,3489,8318,27429,5181,7947,33618,4128,7450,29948,Day_1,Fair,Slow,5mm,Experiment_2
2025-10-23T02:36:11.128Z,2515,6368,23401,3489,8317,27428,5172,7926,33615,4122,7440,29950,Day_1,Fair,Slow,5mm,Experiment_2
2025-10-23T02:36:11.168Z,2518,6358,23408,3489,8308,27427,5175,7907,33610,4122,7428,29949,Day_1,Fair,Slow,5mm,Experiment_2
2025-10-23T02:36:11.208Z,2520,6351,23410,3490,8301,27427,5178,7910,33608,4127,7426,29946,Day_1,Fair,Slow,5mm,Experiment_2
2025-10-23T02:36:11.248Z,2521,6359,23406,3491,8308,27429,5173,7933,33602,4130,7438,29940,Day_1,Fair,Slow,5mm,Experiment_2
2025-10-23T02:36:11.288Z,2521,6378,23396,3492,8321,27428,5166,7951,33594,4130,7453,29933,Day_1,Fair,Slow,5mm,Experiment_2
2025-10-23T02:36:11.328Z,2517,6389,23380,3490,8328,27421,5162,7953,33588,4127,7462,29929,Day_1,Fair,Slow,5mm,Experiment_2
2025-10-23T02:36:11.368Z,2509,6389,23369,3487,8327,27410,5165,7956,33581,4124,7466,29929,Day_1,Fair,Slow,5mm,Experiment_2
2025-10-23T02:36:11.408Z,2504,6390,23366,3485,8329,27403,5170,7967,33582,4121,7470,29935,Day_1,Fair,Slow,5mm,Experiment_2
2025-10-23T02:36:11.448Z,2505,6398,23367,3484,8339,27401,5164,7979,33598,4115,7474,29947,Day_1,Fair,Slow,5mm,Experiment_2
2025-10-23T02:36:11.488Z,2510,6407,23372,3485,8348,27407,5147,7985,33617,4108,7472,29956,Day_1,Fair,Slow,5mm,Experiment_2
2025-10-23T02:36:11.528Z,2520,6407,23384,3491,8349,27417,5132,7986,33621,4105,7467,29955,Day_1,Fair,Slow,5mm,Experiment_2
2025-10-23T02:36:11.568Z,2528,6400,23394,3498,8342,27428,5126,7984,33615,4106,7464,29949,Day_1,Fair,Slow,5mm,Experiment_2
2025-10-23T02:36:11.608Z,2529,6394,23393,3499,8335,27432,5131,7975,33613,4109,7464,29946,Day_1,Fair,Slow,5mm,Experiment_2
2025-10-23T02:36:11.648Z,2524,6394,23385,3496,8334,27429,5140,7956,33612,4114,7460,29946,Day_1,Fair,Slow,5mm,Experiment_2
2025-10-23T02:36:11.688Z,2520,6395,23379,3490,8334,27421,5148,7941,33602,4117,7457,29946,Day_1,Fair,Slow,5mm,Experiment_2
2025-10-23T02:36:11.728Z,2513,6387,23379,3483,8331,27410,5158,7946,33585,4121,7460,29946,Day_1,Fair,Slow,5mm,Experiment_2
2025-10-23T02:36:11.768Z,2506,6379,23381,3477,8324,27403,5174,7970,33582,4128,7466,29954,Day_1,Fair,Slow,5mm,Experiment_2
2025-10-23T02:36:11.808Z,2507,6385,23383,3480,8325,27404,5179,7990,33593,4129,7464,29965,Day_1,Fair,Slow,5mm,Experiment_2
2025-10-23T02:36:11.848Z,2517,6404,23386,3491,8338,27411,5168,7990,33595,4122,7455,29966,Day_1,Fair,Slow,5mm,Experiment_2
2025-10-23T02:36:11.888Z,2527,6420,23385,3501,8352,27417,5155,7981,33589,4116,7448,29959,Day_1,Fair,Slow,5mm,Experiment_2
2025-10-23T02:36:11.928Z,2530,6421,23377,3504,8357,27415,5153,7976,33597,4114,7452,29956,Day_1,Fair,Slow,5mm,Experiment_2
2025-10-23T02:36:11.968Z,2526,6412,23368,3500,8353,27412,5160,7976,33606,4115,7461,29957,Day_1,Fair,Slow,5mm,Experiment_2
2025-10-23T02:36:12.008Z,2516,6407,23364,3490,8350,27415,5172,7973,33591,4120,7466,29955,Day_1,Fair,Slow,5mm,Experiment_2
2025-10-23T02:36:12.048Z,2503,6409,23362,3479,8349,27418,5189,7965,33567,4128,7465,29951,Day_1,Fair,Slow,5mm,Experiment_2
2025-10-23T02:36:12.088Z,2496,6411,23364,3474,8348,27420,5211,7968,33561,4138,7468,29950,Day_1,Fair,Slow,5mm,Experiment_2
2025-10-23T02:36:12.128Z,2494,6402,23370,3474,8342,27423,5224,7989,33570,4143,7479,29951,Day_1,Fair,Slow,5mm,Experiment_2
2025-10-23T02:36:12.168Z,2496,6384,23374,3477,8328,27424,5214,8013,33587,4139,7492,29954,Day_1,Fair,Slow,5mm,Experiment_2
2025-10-23T02:36:12.208Z,2506,6368,23374,3484,8316,27424,5183,8025,33601,4132,7497,29957,Day_1,Fair,Slow,5mm,Experiment_2
2025-10-23T02:36:12.248Z,2514,6366,23375,3488,8318,27424,5154,8018,33604,4135,7492,29957,Day_1,Fair,Slow,5mm,Experiment_2
2025-10-23T02:36:12.288Z,2510,6374,23374,3481,8328,27425,5150,8001,33599,4146,7481,29953,Day_1,Fair,Slow,5mm,Experiment_2
2025-10-23T02:36:12.328Z,2505,6385,23373,3474,8336,27422,5171,7991,33598,4151,7473,29954,Day_1,Fair,Slow,5mm,Experiment_2
2025-10-23T02:36:12.368Z,2511,6392,23368,3480,8337,27414,5198,7995,33605,4148,7472,29960,Day_1,Fair,Slow,5mm,Experiment_2
2025-10-23T02:36:12.408Z,2525,6389,23357,3495,8330,27401,5210,7999,33613,4141,7476,29967,Day_1,Fair,Slow,5mm,Experiment_2
2025-10-23T02:36:12.448Z,2537,6381,23345,3507,8322,27388,5201,7994,33606,4130,7476,29968,Day_1,Fair,Slow,5mm,Experiment_2
2025-10-23T02:36:12.488Z,2539,6376,23340,3508,8319,27384,5185,7981,33588,4120,7470,29960,Day_1,Fair,Slow,5mm,Experiment_2
2025-10-23T02:36:12.528Z,2529,6371,23345,3499,8314,27393,5190,7960,33579,4120,7463,29951,Day_1,Fair,Slow,5mm,Experiment_2
2025-10-23T02:36:12.568Z,2515,6363,23356,3489,8304,27411,5214,7945,33585,4129,7460,29946,Day_1,Fair,Slow,5mm,Experiment_2
2025-10-23T02:36:12.608Z,2506,6361,23364,3483,8300,27421,5224,7947,33603,4136,7464,29947,Day_1,Fair,Slow,5mm,Experiment_2
2025-10-23T02:36:12.648Z,2503,6371,23365,3481,8311,27419,5210,7961,33622,4136,7472,29955,Day_1,Fair,Slow,5mm,Experiment_2
2025-10-23T02:36:12.688Z,2505,6388,23362,3483,8331,27411,5205,7971,33636,4137,7479,29967,Day_1,Fair,Slow,5mm,Experiment_2
2025-10-23T02:36:12.728Z,2510,6399,23366,3487,8344,27409,5225,7967,33643,4143,7479,29978,Day_1,Fair,Slow,5mm,Experiment_2
2025-10-23T02:36:12.768Z,2517,6397,23376,3489,8343,27412,5239,7950,33639,4146,7470,29983,Day_1,Fair,Slow,5mm,Experiment_2
2025-10-23T02:36:12.808Z,2523,6390,23383,3492,8337,27413,5228,7935,33624,4143,7461,29980,Day_1,Fair,Slow,5mm,Experiment_2
2025-10-23T02:36:12.848Z,2525,6388,23382,3495,8335,27412,5212,7929,33604,4140,7458,29974,Day_1,Fair,Slow,5mm,Experiment_2
2025-10-23T02:36:12.888Z,2520,6393,23378,3493,8340,27412,5210,7934,33590,4140,7461,29968,Day_1,Fair,Slow,5mm,Experiment_2
2025-10-23T02:36:12.928Z,2511,6398,23370,3488,8344,27412,5210,7948,33589,4141,7469,29966,Day_1,Fair,Slow,5mm,Experiment_2
2025-10-23T02:36:12.968Z,2504,6395,23361,3482,8341,27411,5197,7960,33604,4138,7474,29972,Day_1,Fair,Slow,5mm,Experiment_2
2025-10-23T02:36:13.008Z,2495,6388,23358,3474,8334,27407,5177,7964,33632,4132,7475,29984,Day_1,Fair,Slow,5mm,Experiment_2
2025-10-23T02:36:13.048Z,2486,6384,23367,3464,8329,27408,5160,7965,33652,4126,7473,29998,Day_1,Fair,Slow,5mm,Experiment_2
2025-10-23T02:36:13.088Z,2481,6379,23383,3458,8324,27414,5146,7958,33646,4119,7467,29999,Day_1,Fair,Slow,5mm,Experiment_2
2025-10-23T02:36:13.128Z,2481,6374,23388,3456,8320,27419,5145,7938,33625,4115,7455,29987,Day_1,Fair,Slow,5mm,Experiment_2
2025-10-23T02:36:13.168Z,2484,6370,23379,3457,8315,27416,5166,7926,33607,4119,7447,29972,Day_1,Fair,Slow,5mm,Experiment_2
2025-10-23T02:36:13.208Z,2492,6366,23369,3464,8312,27412,5190,7940,33586,4124,7453,29959,Day_1,Fair,Slow,5mm,Experiment_2
2025-10-23T02:36:13.248Z,2505,6365,23363,3476,8313,27410,5201,7969,33560,4129,7468,29948,Day_1,Fair,Slow,5mm,Experiment_2
2025-10-23T02:36:13.288Z,2517,6367,23358,3489,8315,27409,5210,7986,33554,4138,7478,29943,Day_1,Fair,Slow,5mm,Experiment_2
2025-10-23T02:36:13.328Z,2525,6368,23355,3499,8313,27409,5217,7984,33579,4148,7478,29951,Day_1,Fair,Slow,5mm,Experiment_2
2025-10-23T02:36:13.368Z,2526,6366,23356,3502,8307,27409,5209,7972,33612,4146,7471,29964,Day_1,Fair,Slow,5mm,Experiment_2
2025-10-23T02:36:13.408Z,2522,6368,23360,3499,8308,27407,5187,7956,33627,4133,7461,29972,Day_1,Fair,Slow,5mm,Experiment_2
2025-10-23T02:36:13.448Z,2518,6378,23362,3495,8318,27405,5167,7940,33623,4121,7451,29974,Day_1,Fair,Slow,5mm,Experiment_2
2025-10-23T02:36:13.488Z,2515,6391,23361,3490,8332,27404,5162,7933,33611,4120,7448,29978,Day_1,Fair,Slow,5mm,Experiment_2
2025-10-23T02:36:13.528Z,2512,6397,23358,3484,8339,27405,5176,7942,33612,4130,7453,29986,Day_1,Fair,Slow,5mm,Experiment_2
2025-10-23T02:36:13.568Z,2516,6394,23361,3484,8339,27409,5193,7946,33638,4137,7459,29998,Day_1,Fair,Slow,5mm,Experiment_2
2025-10-23T02:36:13.608Z,2525,6387,23371,3488,8335,27418,5197,7932,33669,4134,7461,30008,Day_1,Fair,Slow,5mm,Experiment_2
2025-10-23T02:36:13.648Z,2526,6384,23383,3490,8333,27427,5191,7922,33674,4128,7463,30007,Day_1,Fair,Slow,5mm,Experiment_2
2025-10-23T02:36:13.688Z,2516,6383,23388,3486,8331,27434,5197,7928,33662,4133,7469,30000,Day_1,Fair,Slow,5mm,Experiment_2
2025-10-23T02:36:13.728Z,2502,6382,23381,3479,8330,27435,5220,7939,33653,4148,7475,29994,Day_1,Fair,Slow,5mm,Experiment_2
2025-10-23T02:36:13.768Z,2495,6381,23365,3473,8327,27425,5236,7947,33645,4158,7474,29990,Day_1,Fair,Slow,5mm,Experiment_2
2025-10-23T02:36:13.808Z,2497,6377,23352,3472,8322,27411,5233,7952,33632,4155,7470,29987,Day_1,Fair,Slow,5mm,Experiment_2
2025-10-23T02:36:13.848Z,2503,6369,23350,3474,8314,27402,5222,7959,33622,4147,7470,29985,Day_1,Fair,Slow,5mm,Experiment_2
2025-10-23T02:36:13.888Z,2505,6365,23355,3475,8310,27401,5214,7961,33613,4144,7469,29985,Day_1,Fair,Slow,5mm,Experiment_2
2025-10-23T02:36:13.928Z,2502,6368,23360,3475,8315,27403,5205,7946,33607,4145,7461,29985,Day_1,Fair,Slow,5mm,Experiment_2
2025-10-23T02:36:13.968Z,2497,6372,23362,3470,8321,27408,5202,7919,33616,4145,7448,29986,Day_1,Fair,Slow,5mm,Experiment_2
2025-10-23T02:36:14.008Z,2492,6375,23362,3462,8324,27413,5207,7900,33639,4146,7444,29990,Day_1,Fair,Slow,5mm,Experiment_2
2025-10-23T02:36:14.048Z,2490,6377,23357,3457,8328,27414,5207,7899,33659,4146,7450,29991,Day_1,Fair,Slow,5mm,Experiment_2
2025-10-23T02:36:14.088Z,2488,6380,23349,3457,8330,27409,5198,7912,33666,4142,7464,29989,Day_1,Fair,Slow,5mm,Experiment_2
2025-10-23T02:36:14.128Z,2486,6380,23342,3461,8327,27402,5190,7934,33660,4135,7477,29990,Day_1,Fair,Slow,5mm,Experiment_2
2025-10-23T02:36:14.168Z,2486,6375,23340,3467,8320,27396,5186,7951,33645,4131,7482,29994,Day_1,Fair,Slow,5mm,Experiment_2
2025-10-23T02:36:14.208Z,2487,6369,23342,3472,8314,27391,5180,7954,33631,4127,7478,29993,Day_1,Fair,Slow,5mm,Experiment_2
2025-10-23T02:36:14.248Z,2488,6366,23348,3475,8313,27388,5173,7947,33627,4122,7472,29991,Day_1,Fair,Slow,5mm,Experiment_2
2025-10-23T02:36:14.288Z,2491,6372,23353,3474,8318,27387,5174,7943,33631,4122,7467,29990,Day_1,Fair,Slow,5mm,Experiment_2
2025-10-23T02:36:14.328Z,2496,6386,23357,3474,8327,27389,5184,7945,33629,4129,7466,29988,Day_1,Fair,Slow,5mm,Experiment_2
2025-10-23T02:36:14.368Z,2505,6399,23365,3477,8336,27400,5190,7947,33623,4136,7468,29986,Day_1,Fair,Slow,5mm,Experiment_2
2025-10-23T02:36:14.408Z,2514,6402,23380,3482,8340,27421,5186,7949,33622,4138,7472,29987,Day_1,Fair,Slow,5mm,Experiment_2
2025-10-23T02:36:14.448Z,2520,6392,23393,3488,8334,27442,5177,7954,33627,4134,7477,29990,Day_1,Fair,Slow,5mm,Experiment_2
2025-10-23T02:36:14.489Z,2522,6378,23396,3494,8326,27452,5169,7960,33629,4133,7481,29990,Day_1,Fair,Slow,5mm,Experiment_2
2025-10-23T02:36:14.529Z,2524,6372,23390,3498,8324,27452,5167,7964,33616,4134,7483,29981,Day_1,Fair,Slow,5mm,Experiment_2
2025-10-23T02:36:14.569Z,2527,6373,23379,3502,8326,27445,5164,7964,33592,4133,7482,29964,Day_1,Fair,Slow,5mm,Experiment_2
2025-10-23T02:36:14.609Z,2525,6374,23362,3501,8323,27431,5162,7967,33571,4131,7476,29951,Day_1,Fair,Slow,5mm,Experiment_2
2025-10-23T02:36:14.649Z,2513,6370,23342,3491,8314,27410,5170,7973,33570,4132,7471,29952,Day_1,Fair,Slow,5mm,Experiment_2
2025-10-23T02:36:14.689Z,2504,6361,23332,3481,8304,27394,5193,7978,33592,4139,7469,29964,Day_1,Fair,Slow,5mm,Experiment_2
2025-10-23T02:36:14.729Z,2504,6358,23342,3480,8302,27392,5214,7980,33613,4147,7473,29975,Day_1,Fair,Slow,5mm,Experiment_2
2025-10-23T02:36:14.769Z,2507,6361,23361,3483,8308,27404,5221,7978,33616,4151,7474,29980,Day_1,Fair,Slow,5mm,Experiment_2
2025-10-23T02:36:14.809Z,2505,6364,23375,3482,8311,27414,5213,7972,33614,4149,7470,29986,Day_1,Fair,Slow,5mm,Experiment_2
2025-10-23T02:36:14.849Z,2504,6371,23378,3482,8316,27418,5198,7968,33620,4145,7463,29994,Day_1,Fair,Slow,5mm,Experiment_2
2025-10-23T02:36:14.889Z,2506,6386,23374,3485,8327,27417,5195,7959,33629,4143,7457,29997,Day_1,Fair,Slow,5mm,Experiment_2
2025-10-23T02:36:14.929Z,2506,6397,23368,3488,8335,27417,5203,7945,33637,4145,7454,29996,Day_1,Fair,Slow,5mm,Experiment_2
2025-10-23T02:36:14.969Z,2502,6394,23365,3487,8335,27418,5205,7945,33644,4143,7459,29997,Day_1,Fair,Slow,5mm,Experiment_2
2025-10-23T02:36:15.009Z,2500,6380,23364,3485,8325,27416,5198,7968,33640,4137,7469,29991,Day_1,Fair,Slow,5mm,Experiment_2
2025-10-23T02:36:15.049Z,2505,6364,23366,3486,8311,27412,5198,7999,33624,4132,7478,29978,Day_1,Fair,Slow,5mm,Experiment_2
2025-10-23T02:36:15.089Z,2514,6355,23366,3492,8301,27405,5206,8010,33612,4133,7478,29963,Day_1,Fair,Slow,5mm,Experiment_2
2025-10-23T02:36:15.129Z,2519,6352,23361,3495,8299,27399,5203,7993,33611,4132,7468,29953,Day_1,Fair,Slow,5mm,Experiment_2
2025-10-23T02:36:15.169Z,2522,6358,23360,3497,8308,27404,5187,7964,33617,4127,7455,29955,Day_1,Fair,Slow,5mm,Experiment_2
2025-10-23T02:36:15.209Z,2529,6370,23370,3502,8322,27425,5174,7939,33633,4126,7445,29969,Day_1,Fair,Slow,5mm,Experiment_2
2025-10-23T02:36:15.249Z,2534,6381,23387,3506,8331,27450,5176,7925,33651,4131,7442,29984,Day_1,Fair,Slow,5mm,Experiment_2
2025-10-23T02:36:15.289Z,2529,6387,23394,3503,8334,27455,5185,7916,33654,4136,7443,29992,Day_1,Fair,Slow,5mm,Experiment_2
2025-10-23T02:36:15.329Z,2516,6393,23383,3490,8337,27437,5193,7916,33638,4136,7448,29993,Day_1,Fair,Slow,5mm,Experiment_2
2025-10-23T02:36:15.369Z,2503,6397,23366,3478,8340,27413,5200,7935,33625,4136,7459,29992,Day_1,Fair,Slow,5mm,Experiment_2
2025-10-23T02:36:15.409Z,2495,6396,23350,3473,8339,27400,5205,7967,33628,4141,7469,29990,Day_1,Fair,Slow,5mm,Experiment_2
2025-10-23T02:36:15.449Z,2491,6387,23340,3472,8333,27399,5205,7997,33643,4144,7478,29986,Day_1,Fair,Slow,5mm,Experiment_2
2025-10-23T02:36:15.489Z,2492,6377,23337,3472,8326,27403,5195,8004,33652,4143,7479,29983,Day_1,Fair,Slow,5mm,Experiment_2
2025-10-23T02:36:15.529Z,2499,6373,23343,3477,8323,27409,5183,7986,33652,4141,7471,29983,Day_1,Fair,Slow,5mm,Experiment_2
2025-10-23T02:36:15.569Z,2507,6377,23353,3480,8326,27415,5193,7969,33647,4146,7464,29988,Day_1,Fair,Slow,5mm,Experiment_2
2025-10-23T02:36:15.609Z,2508,6381,23365,3477,8329,27421,5227,7970,33640,4160,7467,29989,Day_1,Fair,Slow,5mm,Experiment_2
2025-10-23T02:36:15.649Z,2506,6376,23375,3473,8323,27429,5254,7973,33632,4170,7473,29986,Day_1,Fair,Slow,5mm,Experiment_2
2025-10-23T02:36:15.689Z,2504,6366,23380,3474,8312,27434,5251,7967,33623,4167,7474,29981,Day_1,Fair,Slow,5mm,Experiment_2
2025-10-23T02:36:15.729Z,2498,6365,23381,3474,8311,27434,5225,7964,33615,4154,7473,29982,Day_1,Fair,Slow,5mm,Experiment_2
2025-10-23T02:36:15.769Z,2493,6375,23380,3473,8320,27431,5196,7966,33616,4140,7474,29991,Day_1,Fair,Slow,5mm,Experiment_2
2025-10-23T02:36:15.809Z,2492,6383,23372,3473,8328,27423,5177,7959,33628,4128,7469,30001,Day_1,Fair,Slow,5mm,Experiment_2
2025-10-23T02:36:15.849Z,2492,6384,23357,3473,8328,27408,5175,7940,33634,4122,7458,30002,Day_1,Fair,Slow,5mm,Experiment_2
2025-10-23T02:36:15.889Z,2496,6384,23342,3476,8325,27393,5193,7933,33619,4127,7454,29992,Day_1,Fair,Slow,5mm,Experiment_2
2025-10-23T02:36:15.929Z,2502,6390,23337,3481,8330,27387,5208,7950,33601,4130,7467,29979,Day_1,Fair,Slow,5mm,Experiment_2
2025-10-23T02:36:15.969Z,2506,6396,23344,3485,8337,27396,5209,7966,33604,4127,7481,29977,Day_1,Fair,Slow,5mm,Experiment_2
2025-10-23T02:36:16.009Z,2506,6392,23353,3484,8337,27410,5209,7957,33622,4127,7477,29984,Day_1,Fair,Slow,5mm,Experiment_2
2025-10-23T02:36:16.049Z,2502,6385,23354,3481,8331,27416,5218,7930,33638,4137,7461,29991,Day_1,Fair,Slow,5mm,Experiment_2
2025-10-23T02:36:16.089Z,2496,6386,23348,3474,8328,27414,5224,7916,33639,4150,7452,29992,Day_1,Fair,Slow,5mm,Experiment_2
2025-10-23T02:36:16.129Z,2491,6387,23341,3467,8327,27409,5209,7926,33620,4153,7454,29985,Day_1,Fair,Slow,5mm,Experiment_2
2025-10-23T02:36:16.169Z,2490,6379,23336,3465,8324,27405,5188,7943,33597,4148,7460,29979,Day_1,Fair,Slow,5mm,Experiment_2
2025-10-23T02:36:16.209Z,2491,6370,23337,3466,8322,27404,5180,7952,33582,4140,7463,29980,Day_1,Fair,Slow,5mm,Experiment_2
2025-10-23T02:36:16.249Z,2489,6366,23344,3464,8318,27407,5191,7958,33575,4136,7466,29980,Day_1,Fair,Slow,5mm,Experiment_2
2025-10-23T02:36:16.289Z,2486,6364,23346,3460,8313,27409,5214,7966,33581,4142,7469,29981,Day_1,Fair,Slow,5mm,Experiment_2
2025-10-23T02:36:16.329Z,2486,6364,23340,3459,8309,27408,5233,7962,33608,4149,7468,29986,Day_1,Fair,Slow,5mm,Experiment_2
2025-10-23T02:36:16.369Z,2490,6362,23334,3463,8308,27406,5236,7951,33651,4152,7464,29997,Day_1,Fair,Slow,5mm,Experiment_2
2025-10-23T02:36:16.409Z,2495,6365,23336,3468,8311,27411,5229,7954,33679,4154,7464,30005,Day_1,Fair,Slow,5mm,Experiment_2
2025-10-23T02:36:16.449Z,2495,6369,23342,3471,8314,27414,5223,7962,33672,4156,7468,30001,Day_1,Fair,Slow,5mm,Experiment_2
2025-10-23T02:36:16.489Z,2495,6371,23339,3473,8313,27406,5215,7963,33648,4153,7472,29993,Day_1,Fair,Slow,5mm,Experiment_2
2025-10-23T02:36:16.529Z,2498,6370,23337,3475,8312,27397,5201,7970,33639,4142,7480,29991,Day_1,Fair,Slow,5mm,Experiment_2
2025-10-23T02:36:16.569Z,2501,6369,23345,3476,8313,27400,5191,7987,33643,4134,7488,29995,Day_1,Fair,Slow,5mm,Experiment_2
2025-10-23T02:36:16.609Z,2502,6365,23355,3477,8312,27408,5191,7995,33653,4133,7490,30000,Day_1,Fair,Slow,5mm,Experiment_2
2025-10-23T02:36:16.649Z,2506,6360,23355,3481,8308,27411,5192,7991,33662,4132,7487,30004,Day_1,Fair,Slow,5mm,Experiment_2
2025-10-23T02:36:16.689Z,2512,6359,23350,3489,8304,27410,5198,7979,33660,4132,7481,30003,Day_1,Fair,Slow,5mm,Experiment_2
2025-10-23T02:36:16.729Z,2514,6362,23347,3494,8305,27412,5209,7960,33645,4134,7472,29996,Day_1,Fair,Slow,5mm,Experiment_2
2025-10-23T02:36:16.769Z,2507,6364,23345,3492,8308,27413,5209,7936,33621,4137,7461,29986,Day_1,Fair,Slow,5mm,Experiment_2
2025-10-23T02:36:16.809Z,2498,6362,23341,3485,8308,27409,5190,7922,33604,4135,7457,29983,Day_1,Fair,Slow,5mm,Experiment_2
2025-10-23T02:36:16.849Z,2495,6361,23334,3481,8305,27403,5163,7934,33602,4126,7465,29989,Day_1,Fair,Slow,5mm,Experiment_2
2025-10-23T02:36:16.889Z,2503,6363,23331,3485,8304,27397,5145,7962,33605,4117,7478,29995,Day_1,Fair,Slow,5mm,Experiment_2
2025-10-23T02:36:16.929Z,2514,6370,23337,3492,8308,27398,5141,7982,33609,4112,7484,30000,Day_1,Fair,Slow,5mm,Experiment_2
2025-10-23T02:36:16.969Z,2518,6379,23349,3495,8314,27406,5145,7983,33620,4111,7482,30004,Day_1,Fair,Slow,5mm,Experiment_2
2025-10-23T02:36:17.009Z,2517,6383,23359,3494,8318,27414,5150,7976,33624,4112,7478,30002,Day_1,Fair,Slow,5mm,Experiment_2
2025-10-23T02:36:17.049Z,2511,6381,23361,3489,8319,27417,5159,7978,33612,4118,7478,29989,Day_1,Fair,Slow,5mm,Experiment_2
2025-10-23T02:36:17.089Z,2503,6377,23351,3482,8319,27413,5173,7993,33597,4128,7484,29974,Day_1,Fair,Slow,5mm,Experiment_2
2025-10-23T02:36:17.129Z,2500,6379,23335,3477,8322,27405,5189,8007,33601,4137,7489,29971,Day_1,Fair,Slow,5mm,Experiment_2
2025-10-23T02:36:17.169Z,2503,6389,23321,3478,8331,27394,5196,8007,33621,4139,7490,29984,Day_1,Fair,Slow,5mm,Experiment_2
2025-10-23T02:36:17.209Z,2501,6398,23317,3475,8340,27389,5185,7993,33637,4132,7487,29998,Day_1,Fair,Slow,5mm,Experiment_2
2025-10-23T02:36:17.249Z,2492,6400,23330,3467,8343,27394,5164,7979,33647,4124,7485,30008,Day_1,Fair,Slow,5mm,Experiment_2
2025-10-23T02:36:17.289Z,2487,6397,23348,3463,8341,27403,5152,7976,33661,4120,7484,30016,Day_1,Fair,Slow,5mm,Experiment_2
2025-10-23T02:36:17.329Z,2491,6394,23354,3468,8337,27404,5167,7973,33667,4124,7477,30018,Day_1,Fair,Slow,5mm,Experiment_2
2025-10-23T02:36:17.369Z,2501,6388,23346,3476,8333,27400,5206,7960,33655,4137,7469,30010,Day_1,Fair,Slow,5mm,Experiment_2
2025-10-23T02:36:17.409Z,2511,6380,23339,3482,8328,27400,5238,7953,33640,4150,7470,30000,Day_1,Fair,Slow,5mm,Experiment_2
2025-10-23T02:36:17.449Z,2516,6371,23336,3485,8318,27404,5240,7962,33634,4156,7479,29996,Day_1,Fair,Slow,5mm,Experiment_2
2025-10-23T02:36:17.489Z,2518,6365,23334,3486,8311,27406,5219,7972,33626,4153,7482,29995,Day_1,Fair,Slow,5mm,Experiment_2
2025-10-23T02:36:17.529Z,2518,6370,23332,3487,8315,27401,5203,7963,33609,4149,7473,29994,Day_1,Fair,Slow,5mm,Experiment_2
2025-10-23T02:36:17.569Z,2516,6383,23332,3487,8327,27396,5200,7940,33605,4146,7459,29999,Day_1,Fair,Slow,5mm,Experiment_2
2025-10-23T02:36:17.609Z,2507,6396,23339,3483,8336,27399,5197,7933,33627,4141,7453,30013,Day_1,Fair,Slow,5mm,Experiment_2
2025-10-23T02:36:17.649Z,2496,6402,23349,3477,8339,27409,5191,7946,33659,4132,7459,30028,Day_1,Fair,Slow,5mm,Experiment_2
2025-10-23T02:36:17.689Z,2495,6395,23363,3477,8333,27422,5194,7956,33677,4131,7467,30035,Day_1,Fair,Slow,5mm,Experiment_2
2025-10-23T02:36:17.729Z,2509,6375,23374,3490,8319,27435,5210,7954,33677,4139,7471,30035,Day_1,Fair,Slow,5mm,Experiment_2
2025-10-23T02:36:17.769Z,2529,6357,23376,3508,8308,27441,5223,7953,33668,4149,7472,30034,Day_1,Fair,Slow,5mm,Experiment_2
2025-10-23T02:36:17.809Z,2540,6354,23370,3518,8306,27438,5222,7961,33663,4156,7474,30031,Day_1,Fair,Slow,5mm,Experiment_2
2025-10-23T02:36:17.849Z,2539,6370,23357,3518,8318,27426,5220,7966,33669,4158,7476,30027,Day_1,Fair,Slow,5mm,Experiment_2
2025-10-23T02:36:17.889Z,2538,6392,23343,3517,8335,27413,5232,7962,33677,4159,7476,30021,Day_1,Fair,Slow,5mm,Experiment_2
2025-10-23T02:36:17.929Z,2539,6401,23331,3518,8343,27407,5249,7961,33680,4159,7478,30012,Day_1,Fair,Slow,5mm,Experiment_2
2025-10-23T02:36:17.969Z,2531,6389,23324,3511,8335,27406,5259,7964,33677,4155,7479,30001,Day_1,Fair,Slow,5mm,Experiment_2
2025-10-23T02:36:18.009Z,2518,6377,23321,3499,8323,27405,5254,7957,33662,4149,7478,29991,Day_1,Fair,Slow,5mm,Experiment_2
2025-10-23T02:36:18.049Z,2511,6378,23320,3489,8321,27402,5222,7943,33642,4141,7473,29989,Day_1,Fair,Slow,5mm,Experiment_2
2025-10-23T02:36:18.089Z,2508,6380,23325,3483,8320,27402,5180,7942,33627,4133,7467,29994,Day_1,Fair,Slow,5mm,Experiment_2
2025-10-23T02:36:18.129Z,2504,6365,23337,3477,8308,27407,5157,7961,33612,4129,7466,29995,Day_1,Fair,Slow,5mm,Experiment_2
2025-10-23T02:36:18.169Z,2498,6348,23345,3474,8297,27412,5159,7981,33600,4129,7470,29988,Day_1,Fair,Slow,5mm,Experiment_2
2025-10-23T02:36:18.209Z,2495,6348,23347,3473,8299,27414,5170,7986,33603,4132,7473,29983,Day_1,Fair,Slow,5mm,Experiment_2
2025-10-23T02:36:18.249Z,2494,6362,23346,3474,8313,27414,5185,7980,33615,4138,7473,29984,Day_1,Fair,Slow,5mm,Experiment_2
2025-10-23T02:36:18.289Z,2493,6373,23341,3473,8323,27411,5201,7981,33617,4142,7475,29986,Day_1,Fair,Slow,5mm,Experiment_2
2025-10-23T02:36:18.329Z,2490,6372,23332,3469,8323,27402,5212,7993,33613,4143,7484,29988,Day_1,Fair,Slow,5mm,Experiment_2
2025-10-23T02:36:18.369Z,2484,6361,23325,3465,8314,27394,5207,8007,33615,4139,7492,29990,Day_1,Fair,Slow,5mm,Experiment_2
2025-10-23T02:36:18.409Z,2483,6348,23326,3466,8302,27395,5194,8011,33623,4135,7496,29995,Day_1,Fair,Slow,5mm,Experiment_2
2025-10-23T02:36:18.449Z,2494,6342,23336,3477,8295,27402,5190,8003,33630,4135,7493,29999,Day_1,Fair,Slow,5mm,Experiment_2
2025-10-23T02:36:18.489Z,2514,6344,23344,3493,8296,27409,5204,7987,33632,4141,7485,30001,Day_1,Fair,Slow,5mm,Experiment_2
2025-10-23T02:36:18.529Z,2530,6354,23345,3504,8304,27410,5222,7969,33632,4148,7476,30004,Day_1,Fair,Slow,5mm,Experiment_2
2025-10-23T02:36:18.569Z,2532,6368,23341,3506,8317,27408,5225,7951,33629,4145,7467,30005,Day_1,Fair,Slow,5mm,Experiment_2
2025-10-23T02:36:18.609Z,2524,6380,23336,3500,8328,27406,5221,7941,33623,4140,7464,30000,Day_1,Fair,Slow,5mm,Experiment_2
2025-10-23T02:36:18.649Z,2510,6382,23334,3490,8331,27410,5219,7953,33615,4140,7471,29994,Day_1,Fair,Slow,5mm,Experiment_2
2025-10-23T02:36:18.689Z,2502,6378,23340,3481,8330,27417,5218,7985,33612,4144,7484,29992,Day_1,Fair,Slow,5mm,Experiment_2
2025-10-23T02:36:18.729Z,2505,6376,23351,3482,8330,27422,5212,8005,33613,4146,7491,29996,Day_1,Fair,Slow,5mm,Experiment_2
2025-10-23T02:36:18.769Z,2510,6375,23355,3486,8327,27419,5202,7994,33613,4144,7487,29999,Day_1,Fair,Slow,5mm,Experiment_2
2025-10-23T02:36:18.810Z,2508,6371,23351,3483,8321,27412,5190,7965,33619,4140,7478,30003,Day_1,Fair,Slow,5mm,Experiment_2
2025-10-23T02:36:18.850Z,2506,6371,23347,3481,8322,27411,5181,7940,33630,4133,7471,30008,Day_1,Fair,Slow,5mm,Experiment_2
2025-10-23T02:36:18.890Z,2507,6380,23343,3484,8331,27411,5180,7924,33651,4127,7466,30015,Day_1,Fair,Slow,5mm,Experiment_2
2025-10-23T02:36:18.930Z,2510,6383,23333,3486,8335,27407,5187,7917,33685,4126,7461,30025,Day_1,Fair,Slow,5mm,Experiment_2
2025-10-23T02:36:18.970Z,2511,6377,23323,3488,8328,27400,5197,7918,33718,4128,7459,30031,Day_1,Fair,Slow,5mm,Experiment_2
2025-10-23T02:36:19.010Z,2511,6374,23320,3490,8322,27397,5194,7925,33717,4126,7458,30028,Day_1,Fair,Slow,5mm,Experiment_2
2025-10-23T02:36:19.050Z,2512,6379,23324,3493,8327,27400,5192,7937,33681,4127,7461,30016,Day_1,Fair,Slow,5mm,Experiment_2
2025-10-23T02:36:19.090Z,2519,6385,23334,3499,8331,27406,5210,7952,33642,4139,7469,30002,Day_1,Fair,Slow,5mm,Experiment_2
2025-10-23T02:36:19.130Z,2527,6380,23342,3505,8325,27410,5235,7961,33629,4153,7475,29990,Day_1,Fair,Slow,5mm,Experiment_2
2025-10-23T02:36:19.170Z,2527,6367,23346,3504,8312,27411,5244,7956,33629,4160,7476,29983,Day_1,Fair,Slow,5mm,Experiment_2
2025-10-23T02:36:19.210Z,2520,6361,23347,3497,8306,27415,5238,7941,33615,4158,7471,29978,Day_1,Fair,Slow,5mm,Experiment_2
2025-10-23T02:36:19.250Z,2516,6370,23347,3493,8315,27421,5222,7927,33595,4153,7464,29973,Day_1,Fair,Slow,5mm,Experiment_2
2025-10-23T02:36:19.290Z,2517,6383,23344,3494,8328,27422,5203,7927,33591,4146,7461,29977,Day_1,Fair,Slow,5mm,Experiment_2
2025-10-23T02:36:19.330Z,2521,6380,23339,3499,8328,27419,5188,7944,33609,4140,7466,29990,Day_1,Fair,Slow,5mm,Experiment_2
2025-10-23T02:36:19.370Z,2524,6364,23339,3503,8316,27419,5170,7959,33630,4133,7471,29999,Day_1,Fair,Slow,5mm,Experiment_2
2025-10-23T02:36:19.410Z,2524,6352,23342,3504,8305,27423,5156,7961,33640,4127,7472,29998,Day_1,Fair,Slow,5mm,Experiment_2
2025-10-23T02:36:19.450Z,2519,6352,23340,3499,8303,27423,5156,7956,33638,4127,7470,29992,Day_1,Fair,Slow,5mm,Experiment_2
2025-10-23T02:36:19.490Z,2514,6356,23338,3495,8306,27418,5168,7953,33637,4131,7468,29994,Day_1,Fair,Slow,5mm,Experiment_2
2025-10-23T02:36:19.530Z,2515,6358,23340,3494,8309,27419,5181,7962,33647,4133,7470,30005,Day_1,Fair,Slow,5mm,Experiment_2
2025-10-23T02:36:19.570Z,2513,6364,23347,3490,8314,27427,5187,7984,33662,4132,7476,30018,Day_1,Fair,Slow,5mm,Experiment_2
2025-10-23T02:36:19.610Z,2507,6373,23353,3483,8320,27437,5194,7998,33671,4136,7479,30022,Day_1,Fair,Slow,5mm,Experiment_2
2025-10-23T02:36:19.650Z,2500,6381,23348,3477,8327,27437,5210,7986,33672,4145,7474,30021,Day_1,Fair,Slow,5mm,Experiment_2
2025-10-23T02:36:19.690Z,2493,6390,23336,3469,8334,27428,5225,7959,33675,4154,7465,30023,Day_1,Fair,Slow,5mm,Experiment_2
2025-10-23T02:36:19.730Z,2488,6393,23328,3462,8335,27418,5231,7941,33680,4158,7460,30028,Day_1,Fair,Slow,5mm,Experiment_2
2025-10-23T02:36:19.770Z,2489,6390,23328,3463,8329,27412,5233,7945,33675,4159,7462,30028,Day_1,Fair,Slow,5mm,Experiment_2
2025-10-23T02:36:19.810Z,2496,6385,23330,3471,8324,27407,5237,7964,33657,4159,7468,30020,Day_1,Fair,Slow,5mm,Experiment_2
2025-10-23T02:36:19.850Z,2505,6380,23322,3480,8325,27398,5234,7971,33642,4156,7471,30009,Day_1,Fair,Slow,5mm,Experiment_2
2025-10-23T02:36:19.890Z,2509,6375,23306,3484,8326,27383,5224,7949,33641,4150,7463,30004,Day_1,Fair,Slow,5mm,Experiment_2
2025-10-23T02:36:19.930Z,2505,6372,23293,3481,8327,27372,5217,7930,33651,4148,7455,30004,Day_1,Fair,Slow,5mm,Experiment_2
2025-10-23T02:36:19.970Z,2498,6375,23298,3475,8329,27377,5213,7950,33661,4147,7464,30007,Day_1,Fair,Slow,5mm,Experiment_2
2025-10-23T02:36:20.010Z,2495,6384,23314,3472,8336,27395,5206,7990,33663,4146,7484,30005,Day_1,Fair,Slow,5mm,Experiment_2
2025-10-23T02:36:20.050Z,2494,6393,23325,3469,8343,27410,5203,8006,33651,4148,7496,29991,Day_1,Fair,Slow,5mm,Experiment_2
2025-10-23T02:36:20.090Z,2492,6396,23328,3467,8348,27416,5211,7988,33640,4154,7492,29982,Day_1,Fair,Slow,5mm,Experiment_2
2025-10-23T02:36:20.130Z,2490,6394,23327,3466,8347,27419,5223,7968,33641,4158,7486,29987,Day_1,Fair,Slow,5mm,Experiment_2
2025-10-23T02:36:20.170Z,2488,6390,23331,3466,8342,27422,5229,7964,33645,4154,7485,29999,Day_1,Fair,Slow,5mm,Experiment_2
2025-10-23T02:36:20.210Z,2487,6385,23340,3469,8334,27428,5225,7969,33643,4144,7487,30008,Day_1,Fair,Slow,5mm,Experiment_2
2025-10-23T02:36:20.250Z,2492,6379,23344,3475,8324,27431,5206,7974,33648,4131,7485,30017,Day_1,Fair,Slow,5mm,Experiment_2
2025-10-23T02:36:20.290Z,2501,6376,23341,3480,8320,27426,5181,7976,33656,4121,7481,30024,Day_1,Fair,Slow,5mm,Experiment_2
2025-10-23T02:36:20.330Z,2506,6381,23338,3480,8323,27419,5171,7982,33656,4122,7479,30022,Day_1,Fair,Slow,5mm,Experiment_2
2025-10-23T02:36:20.370Z,2504,6386,23333,3474,8327,27412,5185,7992,33652,4134,7483,30016,Day_1,Fair,Slow,5mm,Experiment_2
2025-10-23T02:36:20.410Z,2496,6386,23323,3467,8326,27402,5206,8006,33648,4145,7491,30015,Day_1,Fair,Slow,5mm,Experiment_2
2025-10-23T02:36:20.450Z,2491,6380,23317,3466,8321,27394,5218,8027,33643,4149,7502,30016,Day_1,Fair,Slow,5mm,Experiment_2
2025-10-23T02:36:20.490Z,2491,6372,23320,3468,8315,27395,5221,8037,33638,4150,7506,30014,Day_1,Fair,Slow,5mm,Experiment_2
2025-10-23T02:36:20.530Z,2491,6367,23321,3469,8315,27400,5223,8017,33634,4152,7497,30009,Day_1,Fair,Slow,5mm,Experiment_2
2025-10-23T02:36:20.570Z,2491,6373,23315,3471,8324,27401,5225,7984,33632,4155,7483,30006,Day_1,Fair,Slow,5mm,Experiment_2
2025-10-23T02:36:20.610Z,2490,6388,23302,3471,8337,27394,5219,7962,33637,4155,7473,30007,Day_1,Fair,Slow,5mm,Experiment_2
2025-10-23T02:36:20.650Z,2488,6398,23291,3469,8346,27388,5213,7953,33642,4154,7469,30009,Day_1,Fair,Slow,5mm,Experiment_2
2025-10-23T02:36:20.690Z,2489,6401,23290,3469,8346,27386,5220,7951,33644,4154,7468,30012,Day_1,Fair,Slow,5mm,Experiment_2
2025-10-23T02:36:20.730Z,2495,6395,23296,3473,8341,27390,5225,7946,33648,4150,7466,30017,Day_1,Fair,Slow,5mm,Experiment_2
2025-10-23T02:36:20.770Z,2498,6384,23308,3475,8334,27398,5219,7935,33659,4145,7459,30021,Day_1,Fair,Slow,5mm,Experiment_2
2025-10-23T02:36:20.810Z,2495,6376,23317,3472,8329,27407,5211,7928,33671,4145,7456,30022,Day_1,Fair,Slow,5mm,Experiment_2
2025-10-23T02:36:20.850Z,2491,6373,23322,3468,8326,27413,5210,7930,33670,4150,7458,30017,Day_1,Fair,Slow,5mm,Experiment_2
2025-10-23T02:36:20.890Z,2489,6371,23327,3466,8325,27418,5216,7944,33653,4152,7462,30007,Day_1,Fair,Slow,5mm,Experiment_2
2025-10-23T02:36:20.930Z,2492,6366,23339,3467,8325,27429,5223,7973,33638,4151,7470,30001,Day_1,Fair,Slow,5mm,Experiment_2
2025-10-23T02:36:20.970Z,2499,6358,23349,3474,8321,27439,5229,7995,33640,4151,7479,30004,Day_1,Fair,Slow,5mm,Experiment_2
2025-10-23T02:36:21.010Z,2507,6353,23344,3481,8313,27438,5233,7989,33645,4153,7479,30012,Day_1,Fair,Slow,5mm,Experiment_2
2025-10-23T02:36:21.050Z,2508,6353,23335,3484,8306,27431,5233,7972,33640,4154,7474,30017,Day_1,Fair,Slow,5mm,Experiment_2
2025-10-23T02:36:21.090Z,2505,6359,23332,3482,8308,27422,5230,7964,33638,4152,7475,30022,Day_1,Fair,Slow,5mm,Experiment_2
2025-10-23T02:36:21.130Z,2501,6366,23332,3478,8315,27416,5229,7966,33646,4150,7479,30025,Day_1,Fair,Slow,5mm,Experiment_2
2025-10-23T02:36:21.170Z,2498,6362,23331,3474,8316,27413,5226,7972,33656,4148,7483,30024,Day_1,Fair,Slow,5mm,Experiment_2
2025-10-23T02:36:21.210Z,2497,6349,23327,3475,8307,27413,5210,7978,33673,4142,7484,30025,Day_1,Fair,Slow,5mm,Experiment_2
2025-10-23T02:36:21.250Z,2500,6338,23318,3481,8295,27409,5190,7979,33699,4136,7483,30033,Day_1,Fair,Slow,5mm,Experiment_2
2025-10-23T02:36:21.290Z,2509,6334,23309,3489,8287,27402,5181,7977,33717,4133,7481,30045,Day_1,Fair,Slow,5mm,Experiment_2
2025-10-23T02:36:21.330Z,2515,6333,23309,3492,8285,27398,5184,7974,33715,4136,7480,30049,Day_1,Fair,Slow,5mm,Experiment_2
2025-10-23T02:36:21.370Z,2513,6331,23315,3489,8283,27401,5195,7974,33701,4144,7479,30041,Day_1,Fair,Slow,5mm,Experiment_2
2025-10-23T02:36:21.410Z,2508,6331,23321,3485,8281,27408,5204,7971,33691,4149,7474,30031,Day_1,Fair,Slow,5mm,Experiment_2
2025-10-23T02:36:21.450Z,2504,6336,23322,3486,8286,27414,5202,7971,33687,4145,7472,30023,Day_1,Fair,Slow,5mm,Experiment_2
2025-10-23T02:36:21.490Z,2503,6348,23321,3489,8298,27417,5192,7991,33682,4137,7480,30016,Day_1,Fair,Slow,5mm,Experiment_2
2025-10-23T02:36:21.530Z,2505,6358,23321,3491,8308,27418,5180,8017,33677,4128,7495,30012,Day_1,Fair,Slow,5mm,Experiment_2
2025-10-23T02:36:21.570Z,2509,6359,23323,3492,8309,27417,5173,8022,33677,4126,7501,30014,Day_1,Fair,Slow,5mm,Experiment_2
2025-10-23T02:36:21.610Z,2514,6356,23324,3494,8305,27412,5180,8009,33673,4133,7498,30018,Day_1,Fair,Slow,5mm,Experiment_2
2025-10-23T02:36:21.650Z,2515,6352,23326,3493,8302,27408,5200,7993,33660,4143,7492,30018,Day_1,Fair,Slow,5mm,Experiment_2
2025-10-23T02:36:21.690Z,2507,6347,23334,3485,8298,27414,5220,7971,33640,4152,7485,30010,Day_1,Fair,Slow,5mm,Experiment_2
2025-10-23T02:36:21.730Z,2495,6344,23343,3473,8297,27425,5224,7948,33624,4156,7480,29998,Day_1,Fair,Slow,5mm,Experiment_2
2025-10-23T02:36:21.770Z,2489,6352,23351,3466,8305,27437,5214,7936,33619,4155,7480,29991,Day_1,Fair,Slow,5mm,Experiment_2
2025-10-23T02:36:21.810Z,2492,6370,23357,3467,8325,27446,5202,7939,33619,4150,7481,29995,Day_1,Fair,Slow,5mm,Experiment_2
2025-10-23T02:36:21.850Z,2496,6386,23356,3469,8342,27448,5189,7950,33618,4142,7481,30006,Day_1,Fair,Slow,5mm,Experiment_2
2025-10-23T02:36:21.890Z,2494,6388,23342,3470,8344,27438,5176,7956,33622,4134,7478,30017,Day_1,Fair,Slow,5mm,Experiment_2
2025-10-23T02:36:21.930Z,2487,6380,23323,3469,8335,27420,5169,7956,33625,4130,7476,30022,Day_1,Fair,Slow,5mm,Experiment_2
2025-10-23T02:36:21.970Z,2485,6370,23314,3472,8324,27406,5180,7957,33619,4133,7476,30016,Day_1,Fair,Slow,5mm,Experiment_2
2025-10-23T02:36:22.010Z,2491,6365,23313,3480,8318,27404,5199,7967,33608,4139,7477,30001,Day_1,Fair,Slow,5mm,Experiment_2
2025-10-23T02:36:22.050Z,2496,6372,23308,3486,8325,27406,5206,7981,33607,4139,7479,29990,Day_1,Fair,Slow,5mm,Experiment_2
2025-10-23T02:36:22.090Z,2496,6386,23296,3488,8338,27402,5203,7990,33621,4132,7483,29993,Day_1,Fair,Slow,5mm,Experiment_2
2025-10-23T02:36:22.130Z,2499,6392,23287,3489,8344,27395,5199,7986,33637,4124,7485,30004,Day_1,Fair,Slow,5mm,Experiment_2
2025-10-23T02:36:22.170Z,2507,6388,23290,3494,8342,27393,5201,7978,33649,4123,7482,30018,Day_1,Fair,Slow,5mm,Experiment_2
2025-10-23T02:36:22.210Z,2513,6379,23301,3495,8337,27398,5210,7981,33661,4135,7479,30032,Day_1,Fair,Slow,5mm,Experiment_2
2025-10-23T02:36:22.250Z,2512,6369,23311,3491,8331,27407,5224,7982,33673,4151,7478,30042,Day_1,Fair,Slow,5mm,Experiment_2
2025-10-23T02:36:22.290Z,2509,6362,23316,3489,8325,27416,5233,7967,33683,4161,7474,30045,Day_1,Fair,Slow,5mm,Experiment_2
2025-10-23T02:36:22.330Z,2504,6361,23321,3485,8321,27421,5227,7951,33690,4158,7472,30041,Day_1,Fair,Slow,5mm,Experiment_2
2025-10-23T02:36:22.370Z,2499,6368,23328,3479,8323,27422,5214,7947,33690,4150,7473,30032,Day_1,Fair,Slow,5mm,Experiment_2
2025-10-23T02:36:22.410Z,2498,6377,23333,3476,8328,27419,5214,7948,33673,4148,7473,30017,Day_1,Fair,Slow,5mm,Experiment_2
2025-10-23T02:36:22.450Z,2500,6379,23336,3476,8331,27416,5225,7951,33655,4150,7474,30009,Day_1,Fair,Slow,5mm,Experiment_2
2025-10-23T02:36:22.490Z,2500,6372,23338,3476,8328,27419,5233,7946,33653,4151,7474,30012,Day_1,Fair,Slow,5mm,Experiment_2
2025-10-23T02:36:22.530Z,2498,6362,23337,3474,8320,27427,5240,7938,33663,4153,7474,30020,Day_1,Fair,Slow,5mm,Experiment_2
2025-10-23T02:36:22.570Z,2493,6357,23334,3470,8312,27438,5242,7947,33684,4158,7480,30028,Day_1,Fair,Slow,5mm,Experiment_2
2025-10-23T02:36:22.610Z,2487,6364,23329,3468,8313,27446,5234,7974,33714,4159,7491,30038,Day_1,Fair,Slow,5mm,Experiment_2
2025-10-23T02:36:22.650Z,2484,6374,23322,3469,8324,27444,5226,7999,33731,4157,7501,30051,Day_1,Fair,Slow,5mm,Experiment_2
2025-10-23T02:36:22.690Z,2480,6380,23316,3467,8333,27433,5227,8006,33723,4157,7506,30058,Day_1,Fair,Slow,5mm,Experiment_2
2025-10-23T02:36:22.730Z,2478,6384,23315,3463,8340,27424,5227,8009,33697,4157,7509,30054,Day_1,Fair,Slow,5mm,Experiment_2
2025-10-23T02:36:22.770Z,2483,6393,23320,3464,8347,27421,5219,8020,33677,4153,7511,30045,Day_1,Fair,Slow,5mm,Experiment_2
2025-10-23T02:36:22.810Z,2492,6399,23323,3471,8349,27421,5223,8019,33668,4153,7504,30040,Day_1,Fair,Slow,5mm,Experiment_2
2025-10-23T02:36:22.850Z,2498,6392,23320,3476,8338,27420,5242,7993,33656,4160,7491,30034,Day_1,Fair,Slow,5mm,Experiment_2
2025-10-23T02:36:22.890Z,2499,6379,23318,3476,8324,27420,5253,7971,33638,4164,7481,30026,Day_1,Fair,Slow,5mm,Experiment_2
2025-10-23T02:36:22.930Z,2498,6372,23323,3474,8318,27422,5247,7974,33627,4159,7480,30022,Day_1,Fair,Slow,5mm,Experiment_2
2025-10-23T02:36:22.970Z,2497,6368,23326,3473,8317,27425,5231,7987,33629,4152,7480,30023,Day_1,Fair,Slow,5mm,Experiment_2
2025-10-23T02:36:23.010Z,2496,6366,23318,3472,8319,27423,5213,7986,33639,4146,7476,30029,Day_1,Fair,Slow,5mm,Experiment_2
2025-10-23T02:36:23.050Z,2495,6368,23305,3473,8323,27413,5193,7977,33657,4142,7473,30037,Day_1,Fair,Slow,5mm,Experiment_2
2025-10-23T02:36:23.090Z,2494,6371,23296,3476,8328,27401,5171,7977,33671,4136,7476,30044,Day_1,Fair,Slow,5mm,Experiment_2
2025-10-23T02:36:23.131Z,2495,6367,23294,3480,8326,27395,5162,7982,33661,4133,7483,30039,Day_1,Fair,Slow,5mm,Experiment_2
2025-10-23T02:36:23.171Z,2497,6355,23299,3482,8314,27401,5176,7978,33638,4136,7486,30026,Day_1,Fair,Slow,5mm,Experiment_2
2025-10-23T02:36:23.211Z,2496,6344,23306,3482,8303,27412,5197,7961,33634,4142,7485,30019,Day_1,Fair,Slow,5mm,Experiment_2
2025-10-23T02:36:23.251Z,2496,6345,23309,3482,8301,27423,5199,7945,33652,4140,7481,30021,Day_1,Fair,Slow,5mm,Experiment_2
2025-10-23T02:36:23.291Z,2501,6354,23304,3486,8304,27425,5183,7945,33667,4134,7478,30027,Day_1,Fair,Slow,5mm,Experiment_2
2025-10-23T02:36:23.331Z,2509,6354,23294,3492,8301,27417,5180,7957,33659,4135,7477,30030,Day_1,Fair,Slow,5mm,Experiment_2
2025-10-23T02:36:23.371Z,2517,6346,23287,3499,8295,27405,5195,7960,33641,4142,7473,30031,Day_1,Fair,Slow,5mm,Experiment_2
2025-10-23T02:36:23.411Z,2528,6344,23294,3508,8298,27405,5206,7952,33637,4143,7467,30035,Day_1,Fair,Slow,5mm,Experiment_2
2025-10-23T02:36:23.451Z,2532,6350,23313,3512,8308,27416,5205,7948,33649,4141,7465,30044,Day_1,Fair,Slow,5mm,Experiment_2
2025-10-23T02:36:23.491Z,2520,6357,23328,3502,8317,27428,5208,7948,33664,4145,7465,30056,Day_1,Fair,Slow,5mm,Experiment_2
2025-10-23T02:36:23.531Z,2503,6366,23330,3486,8325,27435,5213,7948,33669,4152,7467,30061,Day_1,Fair,Slow,5mm,Experiment_2
2025-10-23T02:36:23.571Z,2493,6371,23329,3478,8327,27439,5219,7950,33660,4159,7471,30057,Day_1,Fair,Slow,5mm,Experiment_2
2025-10-23T02:36:23.611Z,2491,6365,23329,3476,8321,27438,5231,7958,33650,4165,7479,30052,Day_1,Fair,Slow,5mm,Experiment_2
2025-10-23T02:36:23.651Z,2497,6353,23326,3481,8311,27430,5234,7967,33668,4163,7487,30058,Day_1,Fair,Slow,5mm,Experiment_2
2025-10-23T02:36:23.691Z,2507,6345,23317,3488,8307,27422,5217,7973,33698,4150,7491,30064,Day_1,Fair,Slow,5mm,Experiment_2
2025-10-23T02:36:23.731Z,2511,6345,23305,3490,8308,27417,5196,7981,33706,4136,7496,30060,Day_1,Fair,Slow,5mm,Experiment_2
2025-10-23T02:36:23.771Z,2508,6348,23296,3487,8308,27416,5188,8002,33692,4130,7507,30050,Day_1,Fair,Slow,5mm,Experiment_2
2025-10-23T02:36:23.811Z,2505,6351,23291,3485,8308,27415,5195,8020,33675,4132,7513,30042,Day_1,Fair,Slow,5mm,Experiment_2
2025-10-23T02:36:23.851Z,2509,6360,23292,3489,8314,27413,5201,8015,33667,4137,7502,30039,Day_1,Fair,Slow,5mm,Experiment_2
2025-10-23T02:36:23.891Z,2518,6378,23299,3494,8330,27415,5197,7999,33668,4141,7485,30040,Day_1,Fair,Slow,5mm,Experiment_2
2025-10-23T02:36:23.931Z,2522,6396,23314,3493,8346,27423,5196,7990,33673,4147,7476,30038,Day_1,Fair,Slow,5mm,Experiment_2
2025-10-23T02:36:23.971Z,2519,6402,23326,3491,8353,27430,5208,7987,33677,4152,7476,30038,Day_1,Fair,Slow,5mm,Experiment_2
2025-10-23T02:36:24.011Z,2515,6397,23323,3489,8351,27429,5226,7985,33670,4155,7480,30040,Day_1,Fair,Slow,5mm,Experiment_2
2025-10-23T02:36:24.051Z,2512,6391,23309,3488,8348,27420,5228,7979,33655,4152,7484,30044,Day_1,Fair,Slow,5mm,Experiment_2
2025-10-23T02:36:24.091Z,2510,6390,23300,3488,8348,27412,5209,7967,33652,4143,7485,30052,Day_1,Fair,Slow,5mm,Experiment_2
2025-10-23T02:36:24.131Z,2502,6389,23299,3481,8347,27407,5189,7955,33669,4136,7483,30064,Day_1,Fair,Slow,5mm,Experiment_2
2025-10-23T02:36:24.171Z,2488,6384,23301,3469,8340,27406,5176,7944,33683,4133,7474,30072,Day_1,Fair,Slow,5mm,Experiment_2
2025-10-23T02:36:24.211Z,2478,6378,23299,3462,8333,27403,5167,7939,33680,4130,7462,30072,Day_1,Fair,Slow,5mm,Experiment_2
2025-10-23T02:36:24.251Z,2481,6373,23300,3467,8329,27403,5170,7943,33666,4131,7458,30067,Day_1,Fair,Slow,5mm,Experiment_2
2025-10-23T02:36:24.291Z,2488,6367,23311,3472,8324,27416,5181,7951,33649,4135,7461,30059,Day_1,Fair,Slow,5mm,Experiment_2
2025-10-23T02:36:24.331Z,2488,6363,23327,3469,8322,27435,5188,7948,33647,4138,7465,30055,Day_1,Fair,Slow,5mm,Experiment_2
2025-10-23T02:36:24.371Z,2486,6363,23335,3464,8322,27448,5190,7937,33678,4137,7467,30059,Day_1,Fair,Slow,5mm,Experiment_2
2025-10-23T02:36:24.411Z,2491,6361,23331,3468,8319,27447,5194,7943,33725,4136,7474,30069,Day_1,Fair,Slow,5mm,Experiment_2
2025-10-23T02:36:24.451Z,2502,6354,23319,3479,8311,27435,5205,7968,33745,4140,7486,30078,Day_1,Fair,Slow,5mm,Experiment_2
2025-10-23T02:36:24.491Z,2512,6349,23306,3489,8308,27417,5220,7990,33724,4148,7494,30079,Day_1,Fair,Slow,5mm,Experiment_2
2025-10-23T02:36:24.531Z,2515,6356,23298,3492,8315,27399,5223,8001,33690,4151,7497,30071,Day_1,Fair,Slow,5mm,Experiment_2
2025-10-23T02:36:24.571Z,2510,6371,23296,3486,8328,27390,5206,8002,33667,4144,7497,30060,Day_1,Fair,Slow,5mm,Experiment_2
2025-10-23T02:36:24.611Z,2501,6382,23299,3475,8334,27395,5190,7999,33660,4139,7496,30054,Day_1,Fair,Slow,5mm,Experiment_2
2025-10-23T02:36:24.651Z,2492,6378,23302,3467,8328,27407,5197,7994,33666,4146,7494,30055,Day_1,Fair,Slow,5mm,Experiment_2
2025-10-23T02:36:24.691Z,2489,6368,23304,3467,8316,27415,5211,7990,33669,4159,7493,30060,Day_1,Fair,Slow,5mm,Experiment_2
2025-10-23T02:36:24.731Z,2492,6361,23304,3474,8310,27418,5207,7994,33661,4161,7495,30063,Day_1,Fair,Slow,5mm,Experiment_2
2025-10-23T02:36:24.771Z,2495,6362,23300,3481,8311,27413,5192,8006,33652,4149,7502,30063,Day_1,Fair,Slow,5mm,Experiment_2
2025-10-23T02:36:24.811Z,2493,6367,23291,3482,8315,27404,5192,8016,33653,4142,7507,30060,Day_1,Fair,Slow,5mm,Experiment_2
2025-10-23T02:36:24.851Z,2488,6374,23286,3478,8320,27399,5206,8010,33662,4143,7504,30055,Day_1,Fair,Slow,5mm,Experiment_2
2025-10-23T02:36:24.891Z,2484,6378,23286,3474,8326,27402,5214,7981,33674,4144,7488,30049,Day_1,Fair,Slow,5mm,Experiment_2
2025-10-23T02:36:24.931Z,2481,6375,23288,3471,8328,27410,5206,7945,33688,4141,7464,30047,Day_1,Fair,Slow,5mm,Experiment_2
2025-10-23T02:36:24.971Z,2479,6366,23286,3470,8320,27414,5191,7936,33701,4137,7448,30054,Day_1,Fair,Slow,5mm,Experiment_2
2025-10-23T02:36:25.011Z,2479,6356,23283,3468,8311,27412,5183,7965,33703,4138,7446,30064,Day_1,Fair,Slow,5mm,Experiment_2
2025-10-23T02:36:25.051Z,2483,6352,23287,3470,8307,27408,5186,7993,33686,4143,7453,30067,Day_1,Fair,Slow,5mm,Experiment_2
2025-10-23T02:36:25.091Z,2487,6354,23297,3472,8308,27409,5194,7993,33662,4147,7465,30061,Day_1,Fair,Slow,5mm,Experiment_2
2025-10-23T02:36:25.131Z,2488,6360,23309,3472,8314,27416,5204,7986,33649,4151,7480,30051,Day_1,Fair,Slow,5mm,Experiment_2
2025-10-23T02:36:25.171Z,2488,6368,23317,3472,8322,27423,5205,7991,33654,4151,7492,30045,Day_1,Fair,Slow,5mm,Experiment_2
2025-10-23T02:36:25.211Z,2489,6368,23318,3472,8325,27427,5196,7987,33668,4146,7495,30044,Day_1,Fair,Slow,5mm,Experiment_2
2025-10-23T02:36:25.251Z,2487,6357,23320,3469,8317,27430,5187,7966,33678,4142,7488,30045,Day_1,Fair,Slow,5mm,Experiment_2
2025-10-23T02:36:25.291Z,2483,6349,23328,3463,8309,27436,5184,7953,33677,4139,7480,30045,Day_1,Fair,Slow,5mm,Experiment_2
2025-10-23T02:36:25.331Z,2483,6355,23335,3460,8314,27440,5179,7964,33665,4135,7478,30042,Day_1,Fair,Slow,5mm,Experiment_2
2025-10-23T02:36:25.371Z,2487,6372,23328,3463,8329,27436,5173,7985,33659,4132,7483,30039,Day_1,Fair,Slow,5mm,Experiment_2
2025-10-23T02:36:25.411Z,2491,6390,23310,3467,8342,27424,5171,8000,33673,4133,7491,30043,Day_1,Fair,Slow,5mm,Experiment_2
2025-10-23T02:36:25.451Z,2494,6393,23292,3472,8343,27413,5179,8010,33700,4140,7501,30052,Day_1,Fair,Slow,5mm,Experiment_2
2025-10-23T02:36:25.491Z,2496,6384,23280,3475,8335,27408,5192,8013,33712,4150,7508,30059,Day_1,Fair,Slow,5mm,Experiment_2
2025-10-23T02:36:25.531Z,2492,6377,23276,3474,8328,27409,5201,8011,33703,4152,7509,30060,Day_1,Fair,Slow,5mm,Experiment_2
2025-10-23T02:36:25.571Z,2486,6375,23276,3468,8325,27407,5192,8014,33694,4142,7507,30063,Day_1,Fair,Slow,5mm,Experiment_2
2025-10-23T02:36:25.611Z,2481,6373,23276,3467,8322,27403,5178,8017,33698,4130,7503,30067,Day_1,Fair,Slow,5mm,Experiment_2
2025-10-23T02:36:25.651Z,2482,6367,23279,3470,8317,27401,5173,8006,33710,4125,7499,30073,Day_1,Fair,Slow,5mm,Experiment_2
2025-10-23T02:36:25.691Z,2487,6360,23279,3476,8314,27400,5184,7987,33717,4131,7495,30078,Day_1,Fair,Slow,5mm,Experiment_2
2025-10-23T02:36:25.731Z,2491,6358,23276,3480,8316,27399,5206,7976,33706,4144,7494,30080,Day_1,Fair,Slow,5mm,Experiment_2
2025-10-23T02:36:25.771Z,2492,6362,23276,3481,8320,27401,5225,7974,33683,4157,7491,30073,Day_1,Fair,Slow,5mm,Experiment_2
2025-10-23T02:36:25.811Z,2490,6372,23279,3479,8326,27409,5236,7977,33670,4163,7490,30063,Day_1,Fair,Slow,5mm,Experiment_2
2025-10-23T02:36:25.851Z,2488,6378,23282,3478,8331,27418,5244,7980,33673,4166,7491,30058,Day_1,Fair,Slow,5mm,Experiment_2
2025-10-23T02:36:25.891Z,2490,6373,23287,3482,8330,27424,5251,7978,33684,4168,7492,30063,Day_1,Fair,Slow,5mm,Experiment_2
2025-10-23T02:36:25.931Z,2497,6361,23299,3490,8323,27427,5257,7977,33693,4170,7493,30072,Day_1,Fair,Slow,5mm,Experiment_2
2025-10-23T02:36:25.971Z,2505,6349,23310,3500,8314,27426,5261,7991,33697,4174,7500,30076,Day_1,Fair,Slow,5mm,Experiment_2
2025-10-23T02:36:26.011Z,2513,6344,23316,3508,8308,27426,5254,8002,33700,4173,7505,30077,Day_1,Fair,Slow,5mm,Experiment_2
2025-10-23T02:36:26.051Z,2517,6352,23314,3511,8314,27425,5236,7981,33702,4166,7495,30077,Day_1,Fair,Slow,5mm,Experiment_2
2025-10-23T02:36:26.091Z,2515,6364,23303,3507,8326,27421,5225,7935,33700,4160,7472,30077,Day_1,Fair,Slow,5mm,Experiment_2
2025-10-23T02:36:26.131Z,2507,6366,23285,3497,8327,27412,5227,7903,33696,4160,7457,30074,Day_1,Fair,Slow,5mm,Experiment_2
2025-10-23T02:36:26.171Z,2500,6358,23267,3489,8317,27403,5235,7906,33695,4162,7461,30071,Day_1,Fair,Slow,5mm,Experiment_2
2025-10-23T02:36:26.211Z,2502,6353,23262,3490,8308,27401,5239,7928,33696,4164,7474,30069,Day_1,Fair,Slow,5mm,Experiment_2
2025-10-23T02:36:26.251Z,2508,6356,23276,3493,8306,27408,5231,7951,33696,4161,7481,30068,Day_1,Fair,Slow,5mm,Experiment_2
2025-10-23T02:36:26.291Z,2511,6358,23302,3492,8310,27423,5209,7982,33701,4150,7487,30066,Day_1,Fair,Slow,5mm,Experiment_2
2025-10-23T02:36:26.331Z,2511,6362,23317,3493,8320,27436,5185,8012,33706,4138,7496,30065,Day_1,Fair,Slow,5mm,Experiment_2
2025-10-23T02:36:26.371Z,2510,6370,23310,3495,8332,27438,5176,8016,33708,4133,7499,30064,Day_1,Fair,Slow,5mm,Experiment_2
2025-10-23T02:36:26.411Z,2506,6378,23292,3496,8340,27429,5187,8002,33709,4137,7495,30066,Day_1,Fair,Slow,5mm,Experiment_2
2025-10-23T02:36:26.451Z,2504,6382,23279,3495,8341,27417,5208,7996,33712,4148,7493,30070,Day_1,Fair,Slow,5mm,Experiment_2
2025-10-23T02:36:26.491Z,2505,6379,23276,3495,8337,27409,5222,8000,33716,4156,7495,30074,Day_1,Fair,Slow,5mm,Experiment_2
2025-10-23T02:36:26.531Z,2510,6366,23280,3498,8329,27407,5228,8006,33725,4158,7501,30076,Day_1,Fair,Slow,5mm,Experiment_2
2025-10-23T02:36:26.571Z,2511,6352,23281,3498,8318,27410,5236,8019,33729,4159,7510,30073,Day_1,Fair,Slow,5mm,Experiment_2
2025-10-23T02:36:26.611Z,2504,6345,23286,3491,8309,27418,5247,8032,33714,4164,7519,30065,Day_1,Fair,Slow,5mm,Experiment_2
2025-10-23T02:36:26.651Z,2502,6350,23296,3488,8308,27426,5249,8032,33693,4169,7521,30059,Day_1,Fair,Slow,5mm,Experiment_2
2025-10-23T02:36:26.691Z,2511,6361,23300,3498,8315,27424,5231,8019,33686,4164,7516,30064,Day_1,Fair,Slow,5mm,Experiment_2
2025-10-23T02:36:26.731Z,2524,6368,23293,3512,8324,27412,5207,8009,33687,4152,7513,30071,Day_1,Fair,Slow,5mm,Experiment_2
2025-10-23T02:36:26.771Z,2536,6367,23289,3522,8326,27406,5197,8013,33683,4148,7516,30072,Day_1,Fair,Slow,5mm,Experiment_2
2025-10-23T02:36:26.811Z,2542,6361,23296,3526,8321,27413,5206,8023,33681,4154,7517,30072,Day_1,Fair,Slow,5mm,Experiment_2
2025-10-23T02:36:26.851Z,2539,6358,23308,3524,8318,27423,5220,8027,33699,4163,7510,30080,Day_1,Fair,Slow,5mm,Experiment_2
2025-10-23T02:36:26.891Z,2535,6364,23314,3522,8323,27427,5230,8027,33722,4164,7501,30086,Day_1,Fair,Slow,5mm,Experiment_2
2025-10-23T02:36:26.931Z,2529,6374,23313,3518,8332,27425,5235,8024,33722,4162,7498,30084,Day_1,Fair,Slow,5mm,Experiment_2
2025-10-23T02:36:26.971Z,2520,6380,23309,3507,8337,27425,5239,8010,33700,4163,7498,30078,Day_1,Fair,Slow,5mm,Experiment_2
2025-10-23T02:36:27.011Z,2512,6379,23304,3497,8338,27426,5241,7980,33674,4166,7493,30072,Day_1,Fair,Slow,5mm,Experiment_2
2025-10-23T02:36:27.051Z,2511,6375,23290,3494,8337,27421,5236,7945,33660,4168,7480,30066,Day_1,Fair,Slow,5mm,Experiment_2
2025-10-23T02:36:27.091Z,2516,6370,23276,3500,8333,27413,5230,7925,33661,4167,7468,30062,Day_1,Fair,Slow,5mm,Experiment_2
2025-10-23T02:36:27.131Z,2526,6370,23271,3513,8330,27411,5228,7924,33666,4165,7462,30062,Day_1,Fair,Slow,5mm,Experiment_2
2025-10-23T02:36:27.171Z,2532,6375,23278,3523,8331,27417,5221,7939,33672,4161,7468,30066,Day_1,Fair,Slow,5mm,Experiment_2
2025-10-23T02:36:27.211Z,2527,6374,23290,3517,8330,27423,5204,7964,33683,4156,7482,30074,Day_1,Fair,Slow,5mm,Experiment_2
2025-10-23T02:36:27.251Z,2517,6365,23300,3505,8325,27425,5189,7991,33688,4152,7495,30076,Day_1,Fair,Slow,5mm,Experiment_2
2025-10-23T02:36:27.291Z,2509,6362,23304,3497,8325,27425,5184,8006,33676,4149,7504,30064,Day_1,Fair,Slow,5mm,Experiment_2
2025-10-23T02:36:27.331Z,2501,6368,23303,3492,8332,27426,5189,8009,33663,4148,7510,30050,Day_1,Fair,Slow,5mm,Experiment_2
2025-10-23T02:36:27.371Z,2493,6376,23297,3485,8340,27424,5198,8002,33675,4150,7511,30051,Day_1,Fair,Slow,5mm,Experiment_2
2025-10-23T02:36:27.411Z,2491,6379,23289,3481,8343,27422,5200,7990,33701,4149,7505,30066,Day_1,Fair,Slow,5mm,Experiment_2
2025-10-23T02:36:27.451Z,2497,6371,23284,3483,8334,27423,5188,7977,33698,4144,7496,30073,Day_1,Fair,Slow,5mm,Experiment_2
2025-10-23T02:36:27.491Z,2504,6357,23292,3487,8319,27428,5178,7964,33671,4137,7486,30072,Day_1,Fair,Slow,5mm,Experiment_2
2025-10-23T02:36:27.531Z,2507,6349,23304,3489,8308,27434,5185,7961,33662,4135,7484,30073,Day_1,Fair,Slow,5mm,Experiment_2
2025-10-23T02:36:27.571Z,2507,6349,23312,3490,8305,27437,5208,7976,33677,4140,7492,30077,Day_1,Fair,Slow,5mm,Experiment_2
2025-10-23T02:36:27.611Z,2503,6358,23321,3485,8310,27443,5227,7998,33693,4146,7500,30080,Day_1,Fair,Slow,5mm,Experiment_2
2025-10-23T02:36:27.651Z,2499,6368,23325,3479,8320,27449,5231,8004,33702,4151,7502,30078,Day_1,Fair,Slow,5mm,Experiment_2
2025-10-23T02:36:27.691Z,2496,6372,23319,3476,8324,27451,5222,7993,33697,4152,7496,30073,Day_1,Fair,Slow,5mm,Experiment_2
2025-10-23T02:36:27.731Z,2490,6376,23307,3473,8326,27446,5205,7985,33682,4147,7492,30067,Day_1,Fair,Slow,5mm,Experiment_2
2025-10-23T02:36:27.771Z,2483,6376,23294,3471,8325,27438,5184,7994,33673,4140,7494,30065,Day_1,Fair,Slow,5mm,Experiment_2
2025-10-23T02:36:27.812Z,2472,6369,23281,3478,8317,27428,5171,8004,33676,4137,7500,30070,Day_1,Fair,Slow,5mm,Experiment_2
2025-10-23T02:36:27.852Z,2456,6358,23272,3491,8305,27418,5176,8002,33693,4141,7504,30080,Day_1,Fair,Slow,5mm,Experiment_2
2025-10-23T02:36:27.892Z,2435,6351,23272,3500,8302,27410,5195,7994,33712,4151,7501,30089,Day_1,Fair,Slow,5mm,Experiment_2
2025-10-23T02:36:27.932Z,2392,6353,23279,3499,8309,27406,5212,7983,33721,4157,7490,30089,Day_1,Fair,Slow,5mm,Experiment_2
2025-10-23T02:36:27.972Z,2308,6354,23283,3490,8314,27406,5217,7969,33725,4156,7478,30086,Day_1,Fair,Slow,5mm,Experiment_2
2025-10-23T02:36:28.012Z,2257,6350,23278,3483,8309,27406,5215,7958,33729,4153,7476,30083,Day_1,Fair,Slow,5mm,Experiment_2
2025-10-23T02:36:28.052Z,2311,6347,23269,3482,8304,27404,5214,7957,33731,4152,7483,30081,Day_1,Fair,Slow,5mm,Experiment_2
2025-10-23T02:36:28.092Z,2407,6348,23265,3492,8305,27404,5214,7965,33729,4154,7497,30080,Day_1,Fair,Slow,5mm,Experiment_2
2025-10-23T02:36:28.132Z,2477,6349,23271,3503,8305,27411,5209,7986,33722,4152,7514,30084,Day_1,Fair,Slow,5mm,Experiment_2
2025-10-23T02:36:28.172Z,2556,6351,23286,3508,8305,27422,5191,8005,33710,4144,7522,30088,Day_1,Fair,Slow,5mm,Experiment_2
2025-10-23T02:36:28.212Z,2668,6354,23297,3510,8306,27427,5177,8002,33692,4136,7512,30085,Day_1,Fair,Slow,5mm,Experiment_2
2025-10-23T02:36:28.252Z,2753,6356,23292,3507,8309,27416,5181,7985,33673,4133,7496,30077,Day_1,Fair,Slow,5mm,Experiment_2
2025-10-23T02:36:28.292Z,2804,6357,23275,3498,8311,27398,5190,7972,33667,4136,7491,30075,Day_1,Fair,Slow,5mm,Experiment_2
2025-10-23T02:36:28.332Z,2906,6359,23268,3487,8314,27392,5195,7965,33678,4139,7493,30078,Day_1,Fair,Slow,5mm,Experiment_2
2025-10-23T02:36:28.372Z,2970,6359,23276,3482,8317,27402,5210,7955,33687,4146,7491,30077,Day_1,Fair,Slow,5mm,Experiment_2
2025-10-23T02:36:28.412Z,2848,6361,23290,3482,8322,27418,5230,7942,33682,4157,7480,30068,Day_1,Fair,Slow,5mm,Experiment_2
2025-10-23T02:36:28.452Z,2655,6365,23304,3488,8329,27436,5233,7943,33672,4162,7473,30062,Day_1,Fair,Slow,5mm,Experiment_2
2025-10-23T02:36:28.492Z,2533,6367,23312,3492,8333,27447,5223,7963,33673,4161,7481,30061,Day_1,Fair,Slow,5mm,Experiment_2
2025-10-23T02:36:28.532Z,2438,6365,23312,3489,8332,27448,5222,7979,33681,4164,7492,30062,Day_1,Fair,Slow,5mm,Experiment_2
2025-10-23T02:36:28.572Z,2317,6362,23302,3486,8328,27442,5235,7973,33692,4172,7492,30066,Day_1,Fair,Slow,5mm,Experiment_2
2025-10-23T02:36:28.612Z,2204,6356,23289,3485,8319,27434,5239,7960,33705,4174,7487,30071,Day_1,Fair,Slow,5mm,Experiment_2
2025-10-23T02:36:28.652Z,2072,6349,23279,3477,8310,27425,5218,7955,33715,4165,7486,30076,Day_1,Fair,Slow,5mm,Experiment_2
2025-10-23T02:36:28.692Z,1841,6352,23270,3462,8310,27415,5195,7951,33708,4153,7488,30076,Day_1,Fair,Slow,5mm,Experiment_2
2025-10-23T02:36:28.732Z,1722,6366,23264,3454,8320,27403,5189,7956,33689,4149,7494,30076,Day_1,Fair,Slow,5mm,Experiment_2
2025-10-23T02:36:28.772Z,1969,6379,23262,3454,8332,27395,5193,7968,33676,4151,7499,30076,Day_1,Fair,Slow,5mm,Experiment_2
2025-10-23T02:36:28.812Z,2375,6383,23264,3460,8337,27396,5191,7977,33675,4153,7501,30077,Day_1,Fair,Slow,5mm,Experiment_2
2025-10-23T02:36:28.852Z,2613,6380,23270,3472,8337,27409,5185,7979,33682,4154,7499,30077,Day_1,Fair,Slow,5mm,Experiment_2
2025-10-23T02:36:28.892Z,2648,6377,23275,3483,8336,27423,5188,7973,33696,4156,7495,30078,Day_1,Fair,Slow,5mm,Experiment_2
2025-10-23T02:36:28.932Z,2624,6377,23278,3490,8339,27430,5201,7965,33711,4160,7493,30079,Day_1,Fair,Slow,5mm,Experiment_2
2025-10-23T02:36:28.972Z,2620,6380,23282,3492,8342,27433,5219,7967,33705,4165,7495,30076,Day_1,Fair,Slow,5mm,Experiment_2
2025-10-23T02:36:29.012Z,2650,6378,23288,3495,8338,27432,5230,7979,33683,4167,7499,30074,Day_1,Fair,Slow,5mm,Experiment_2
2025-10-23T02:36:29.052Z,2728,6364,23287,3505,8323,27426,5225,7991,33670,4161,7500,30078,Day_1,Fair,Slow,5mm,Experiment_2
2025-10-23T02:36:29.092Z,2778,6347,23283,3513,8305,27418,5219,8000,33679,4157,7502,30086,Day_1,Fair,Slow,5mm,Experiment_2
2025-10-23T02:36:29.132Z,2713,6343,23281,3508,8298,27415,5225,8003,33701,4160,7507,30093,Day_1,Fair,Slow,5mm,Experiment_2
2025-10-23T02:36:29.172Z,2607,6348,23282,3496,8303,27415,5245,8001,33722,4168,7510,30098,Day_1,Fair,Slow,5mm,Experiment_2
2025-10-23T02:36:29.212Z,2547,6350,23288,3487,8308,27420,5264,8002,33729,4176,7512,30099,Day_1,Fair,Slow,5mm,Experiment_2
2025-10-23T02:36:29.252Z,2528,6351,23295,3487,8312,27425,5266,8003,33719,4177,7510,30097,Day_1,Fair,Slow,5mm,Experiment_2
2025-10-23T02:36:29.292Z,2520,6358,23296,3491,8319,27426,5254,7998,33701,4174,7505,30090,Day_1,Fair,Slow,5mm,Experiment_2
2025-10-23T02:36:29.332Z,2512,6370,23292,3491,8327,27422,5235,7984,33682,4166,7497,30080,Day_1,Fair,Slow,5mm,Experiment_2
2025-10-23T02:36:29.372Z,2501,6376,23286,3484,8331,27416,5216,7974,33669,4157,7492,30071,Day_1,Fair,Slow,5mm,Experiment_2
2025-10-23T02:36:29.412Z,2489,6375,23279,3472,8333,27412,5208,7978,33663,4152,7495,30065,Day_1,Fair,Slow,5mm,Experiment_2
2025-10-23T02:36:29.452Z,2481,6371,23276,3462,8333,27411,5207,7979,33667,4153,7501,30064,Day_1,Fair,Slow,5mm,Experiment_2
2025-10-23T02:36:29.492Z,2477,6365,23277,3458,8328,27417,5199,7966,33684,4151,7498,30070,Day_1,Fair,Slow,5mm,Experiment_2
2025-10-23T02:36:29.532Z,2475,6359,23281,3459,8320,27426,5194,7959,33695,4146,7491,30076,Day_1,Fair,Slow,5mm,Experiment_2
2025-10-23T02:36:29.572Z,2476,6355,23283,3462,8313,27430,5217,7967,33686,4150,7488,30078,Day_1,Fair,Slow,5mm,Experiment_2
2025-10-23T02:36:29.612Z,2478,6351,23280,3465,8310,27426,5275,7985,33673,4165,7492,30080,Day_1,Fair,Slow,5mm,Experiment_2
2025-10-23T02:36:29.652Z,2478,6352,23274,3464,8308,27419,5338,8006,33661,4177,7500,30080,Day_1,Fair,Slow,5mm,Experiment_2
2025-10-23T02:36:29.692Z,2481,6358,23269,3466,8310,27418,5362,8018,33640,4177,7506,30071,Day_1,Fair,Slow,5mm,Experiment_2
2025-10-23T02:36:29.732Z,2485,6363,23253,3471,8313,27420,5331,8009,33621,4171,7505,30059,Day_1,Fair,Slow,5mm,Experiment_2
2025-10-23T02:36:29.772Z,2484,6365,23219,3472,8316,27418,5274,7993,33626,4164,7500,30056,Day_1,Fair,Slow,5mm,Experiment_2
2025-10-23T02:36:29.812Z,2485,6366,23179,3474,8319,27416,5229,7978,33670,4157,7495,30069,Day_1,Fair,Slow,5mm,Experiment_2
2025-10-23T02:36:29.852Z,2493,6373,23129,3480,8328,27417,5208,7963,33732,4156,7494,30089,Day_1,Fair,Slow,5mm,Experiment_2
2025-10-23T02:36:29.892Z,2497,6380,23045,3481,8338,27420,5210,7957,33773,4160,7496,30101,Day_1,Fair,Slow,5mm,Experiment_2
2025-10-23T02:36:29.932Z,2489,6378,22999,3472,8340,27423,5214,7964,33773,4162,7498,30100,Day_1,Fair,Slow,5mm,Experiment_2
2025-10-23T02:36:29.972Z,2483,6364,23070,3465,8328,27429,5213,7965,33749,4160,7496,30097,Day_1,Fair,Slow,5mm,Experiment_2
2025-10-23T02:36:30.012Z,2492,6346,23192,3475,8310,27440,5231,7953,33732,4166,7489,30098,Day_1,Fair,Slow,5mm,Experiment_2
2025-10-23T02:36:30.052Z,2508,6334,23290,3491,8298,27455,5266,7931,33730,4177,7478,30097,Day_1,Fair,Slow,5mm,Experiment_2
2025-10-23T02:36:30.092Z,2518,6333,23392,3501,8299,27468,5288,7915,33726,4183,7466,30093,Day_1,Fair,Slow,5mm,Experiment_2
2025-10-23T02:36:30.132Z,2517,6342,23522,3500,8308,27469,5285,7920,33714,4180,7465,30090,Day_1,Fair,Slow,5mm,Experiment_2
2025-10-23T02:36:30.172Z,2508,6354,23629,3491,8319,27462,5267,7945,33711,4174,7476,30092,Day_1,Fair,Slow,5mm,Experiment_2
2025-10-23T02:36:30.212Z,2495,6365,23717,3478,8328,27454,5244,7975,33723,4168,7489,30095,Day_1,Fair,Slow,5mm,Experiment_2
2025-10-23T02:36:30.252Z,2482,6369,23877,3467,8330,27447,5215,7996,33731,4157,7500,30095,Day_1,Fair,Slow,5mm,Experiment_2
2025-10-23T02:36:30.292Z,2474,6365,23971,3459,8325,27437,5184,8009,33724,4144,7507,30089,Day_1,Fair,Slow,5mm,Experiment_2
2025-10-23T02:36:30.332Z,2468,6358,23829,3455,8318,27427,5171,8017,33709,4141,7513,30084,Day_1,Fair,Slow,5mm,Experiment_2
2025-10-23T02:36:30.372Z,2462,6350,23639,3449,8311,27423,5186,8018,33692,4150,7516,30082,Day_1,Fair,Slow,5mm,Experiment_2
2025-10-23T02:36:30.412Z,2458,6342,23583,3444,8306,27427,5217,8005,33671,4164,7510,30080,Day_1,Fair,Slow,5mm,Experiment_2
2025-10-23T02:36:30.452Z,2462,6338,23646,3446,8305,27436,5253,7978,33662,4177,7497,30083,Day_1,Fair,Slow,5mm,Experiment_2
2025-10-23T02:36:30.492Z,2473,6342,23807,3457,8309,27441,5280,7959,33675,4184,7489,30088,Day_1,Fair,Slow,5mm,Experiment_2
2025-10-23T02:36:30.532Z,2484,6351,23845,3471,8316,27437,5277,7957,33690,4181,7492,30087,Day_1,Fair,Slow,5mm,Experiment_2
2025-10-23T02:36:30.572Z,2490,6364,23478,3478,8327,27427,5250,7965,33700,4171,7500,30083,Day_1,Fair,Slow,5mm,Experiment_2
2025-10-23T02:36:30.612Z,2494,6375,22871,3479,8336,27417,5217,7967,33714,4157,7503,30085,Day_1,Fair,Slow,5mm,Experiment_2
2025-10-23T02:36:30.652Z,2497,6382,22528,3479,8342,27412,5192,7961,33726,4145,7499,30091,Day_1,Fair,Slow,5mm,Experiment_2
2025-10-23T02:36:30.692Z,2499,6383,22668,3481,8343,27414,5178,7960,33733,4137,7494,30095,Day_1,Fair,Slow,5mm,Experiment_2
2025-10-23T02:36:30.732Z,2499,6373,22973,3483,8336,27421,5177,7971,33730,4135,7495,30094,Day_1,Fair,Slow,5mm,Experiment_2
2025-10-23T02:36:30.772Z,2494,6356,23140,3482,8323,27429,5191,7982,33727,4140,7498,30093,Day_1,Fair,Slow,5mm,Experiment_2
2025-10-23T02:36:30.812Z,2488,6348,23182,3475,8319,27437,5214,7979,33734,4154,7496,30095,Day_1,Fair,Slow,5mm,Experiment_2
2025-10-23T02:36:30.852Z,2480,6356,23169,3466,8326,27442,5233,7968,33736,4170,7491,30094,Day_1,Fair,Slow,5mm,Experiment_2
2025-10-23T02:36:30.892Z,2470,6362,23174,3456,8331,27441,5226,7961,33717,4173,7489,30086,Day_1,Fair,Slow,5mm,Experiment_2
2025-10-23T02:36:30.932Z,2464,6356,23275,3450,8323,27438,5205,7961,33693,4160,7495,30078,Day_1,Fair,Slow,5mm,Experiment_2
2025-10-23T02:36:30.972Z,2465,6351,23443,3451,8316,27435,5198,7960,33691,4152,7501,30082,Day_1,Fair,Slow,5mm,Experiment_2
2025-10-23T02:36:31.012Z,2472,6358,23535,3457,8321,27429,5211,7958,33708,4157,7502,30096,Day_1,Fair,Slow,5mm,Experiment_2
2025-10-23T02:36:31.052Z,2485,6366,23478,3470,8328,27428,5215,7965,33728,4159,7501,30110,Day_1,Fair,Slow,5mm,Experiment_2
2025-10-23T02:36:31.092Z,2500,6362,23372,3486,8324,27432,5206,7980,33740,4152,7502,30114,Day_1,Fair,Slow,5mm,Experiment_2
2025-10-23T02:36:31.132Z,2512,6347,23310,3497,8313,27437,5213,7980,33736,4154,7498,30106,Day_1,Fair,Slow,5mm,Experiment_2
2025-10-23T02:36:31.172Z,2514,6337,23284,3500,8306,27440,5244,7956,33720,4168,7488,30090,Day_1,Fair,Slow,5mm,Experiment_2
2025-10-23T02:36:31.212Z,2504,6340,23268,3493,8308,27438,5272,7933,33702,4179,7477,30080,Day_1,Fair,Slow,5mm,Experiment_2
2025-10-23T02:36:31.252Z,2493,6346,23262,3482,8312,27435,5274,7929,33691,4177,7475,30083,Day_1,Fair,Slow,5mm,Experiment_2
2025-10-23T02:36:31.292Z,2490,6344,23268,3476,8312,27435,5255,7936,33687,4168,7476,30089,Day_1,Fair,Slow,5mm,Experiment_2
2025-10-23T02:36:31.332Z,2491,6337,23273,3473,8308,27433,5232,7947,33684,4161,7480,30089,Day_1,Fair,Slow,5mm,Experiment_2
2025-10-23T02:36:31.372Z,2493,6337,23268,3474,8309,27428,5219,7963,33680,4159,7489,30084,Day_1,Fair,Slow,5mm,Experiment_2
2025-10-23T02:36:31.412Z,2497,6343,23263,3479,8313,27428,5215,7975,33676,4160,7496,30081,Day_1,Fair,Slow,5mm,Experiment_2
2025-10-23T02:36:31.452Z,2500,6347,23265,3484,8313,27434,5214,7978,33678,4160,7498,30084,Day_1,Fair,Slow,5mm,Experiment_2
2025-10-23T02:36:31.492Z,2503,6349,23271,3487,8313,27437,5215,7977,33681,4158,7497,30089,Day_1,Fair,Slow,5mm,Experiment_2
2025-10-23T02:36:31.532Z,2506,6352,23274,3490,8315,27434,5218,7972,33675,4156,7496,30091,Day_1,Fair,Slow,5mm,Experiment_2
2025-10-23T02:36:31.572Z,2508,6353,23273,3492,8314,27426,5225,7973,33667,4155,7496,30092,Day_1,Fair,Slow,5mm,Experiment_2
2025-10-23T02:36:31.612Z,2510,6347,23271,3495,8308,27420,5235,7985,33667,4158,7499,30095,Day_1,Fair,Slow,5mm,Experiment_2
2025-10-23T02:36:31.652Z,2512,6342,23270,3499,8305,27420,5241,7995,33671,4159,7501,30094,Day_1,Fair,Slow,5mm,Experiment_2
2025-10-23T02:36:31.692Z,2512,6347,23270,3500,8312,27425,5237,7992,33683,4156,7504,30093,Day_1,Fair,Slow,5mm,Experiment_2
2025-10-23T02:36:31.732Z,2507,6359,23271,3498,8323,27434,5232,7980,33690,4154,7507,30098,Day_1,Fair,Slow,5mm,Experiment_2
2025-10-23T02:36:31.772Z,2499,6365,23275,3492,8329,27440,5246,7963,33620,4161,7505,30094,Day_1,Fair,Slow,5mm,Experiment_2
2025-10-23T02:36:31.812Z,2494,6358,23280,3487,8322,27441,5270,7947,33450,4174,7495,30071,Day_1,Fair,Slow,5mm,Experiment_2
2025-10-23T02:36:31.852Z,2494,6343,23288,3484,8309,27442,5275,7950,33335,4181,7490,30054,Day_1,Fair,Slow,5mm,Experiment_2
2025-10-23T02:36:31.892Z,2497,6332,23297,3484,8300,27448,5255,7965,33426,4176,7493,30065,Day_1,Fair,Slow,5mm,Experiment_2
2025-10-23T02:36:31.932Z,2502,6329,23298,3487,8299,27452,5231,7965,33614,4164,7494,30089,Day_1,Fair,Slow,5mm,Experiment_2
2025-10-23T02:36:31.972Z,2509,6335,23288,3493,8304,27450,5220,7951,33754,4151,7487,30102,Day_1,Fair,Slow,5mm,Experiment_2
2025-10-23T02:36:32.012Z,2513,6346,23270,3497,8312,27442,5214,7949,33893,4144,7483,30115,Day_1,Fair,Slow,5mm,Experiment_2
2025-10-23T02:36:32.052Z,2509,6358,23251,3494,8322,27430,5208,7968,34112,4144,7490,30150,Day_1,Fair,Slow,5mm,Experiment_2
2025-10-23T02:36:32.092Z,2502,6365,23240,3491,8325,27418,5215,7987,34320,4154,7499,30196,Day_1,Fair,Slow,5mm,Experiment_2
2025-10-23T02:36:32.132Z,2502,6362,23241,3493,8321,27412,5235,8001,34510,4167,7504,30241,Day_1,Fair,Slow,5mm,Experiment_2
2025-10-23T02:36:32.172Z,2503,6354,23245,3495,8313,27411,5249,8018,34841,4175,7510,30297,Day_1,Fair,Slow,5mm,Experiment_2
2025-10-23T02:36:32.212Z,2497,6346,23250,3490,8307,27414,5249,8029,35022,4174,7512,30319,Day_1,Fair,Slow,5mm,Experiment_2
2025-10-23T02:36:32.252Z,2488,6347,23257,3479,8309,27422,5239,8023,34654,4169,7511,30253,Day_1,Fair,Slow,5mm,Experiment_2
2025-10-23T02:36:32.292Z,2483,6358,23261,3474,8319,27429,5228,8013,34073,4166,7511,30152,Day_1,Fair,Slow,5mm,Experiment_2
2025-10-23T02:36:32.332Z,2486,6369,23258,3478,8329,27432,5218,8012,33743,4163,7513,30093,Day_1,Fair,Slow,5mm,Experiment_2
2025-10-23T02:36:32.372Z,2491,6370,23251,3485,8332,27431,5217,8022,33652,4165,7519,30080,Day_1,Fair,Slow,5mm,Experiment_2
2025-10-23T02:36:32.412Z,2493,6366,23246,3488,8329,27427,5225,8031,33628,4169,7523,30086,Day_1,Fair,Slow,5mm,Experiment_2
2025-10-23T02:36:32.452Z,2492,6362,23247,3487,8325,27426,5230,8029,33585,4171,7523,30089,Day_1,Fair,Slow,5mm,Experiment_2
2025-10-23T02:36:32.493Z,2488,6359,23259,3483,8323,27430,5237,8019,33449,4173,7520,30076,Day_1,Fair,Slow,5mm,Experiment_2
2025-10-23T02:36:32.533Z,2482,6363,23277,3476,8329,27442,5250,8006,33191,4179,7515,30043,Day_1,Fair,Slow,5mm,Experiment_2
2025-10-23T02:36:32.573Z,2478,6375,23289,3472,8342,27455,5259,7991,33035,4186,7508,30018,Day_1,Fair,Slow,5mm,Experiment_2
2025-10-23T02:36:32.613Z,2477,6381,23291,3472,8347,27459,5269,7968,33188,4191,7497,30033,Day_1,Fair,Slow,5mm,Experiment_2
2025-10-23T02:36:32.653Z,2476,6375,23289,3473,8337,27458,5274,7943,33470,4191,7482,30070,Day_1,Fair,Slow,5mm,Experiment_2
2025-10-23T02:36:32.693Z,2474,6365,23288,3468,8325,27457,5260,7937,33655,4180,7473,30098,Day_1,Fair,Slow,5mm,Experiment_2
2025-10-23T02:36:32.733Z,2471,6358,23287,3462,8320,27454,5232,7959,33756,4164,7479,30114,Day_1,Fair,Slow,5mm,Experiment_2
2025-10-23T02:36:32.773Z,2474,6354,23277,3463,8317,27445,5217,7986,33823,4153,7493,30125,Day_1,Fair,Slow,5mm,Experiment_2
2025-10-23T02:36:32.813Z,2485,6350,23264,3470,8314,27433,5219,7995,33766,4152,7503,30118,Day_1,Fair,Slow,5mm,Experiment_2
2025-10-23T02:36:32.853Z,2498,6347,23259,3480,8310,27429,5221,7987,33396,4152,7503,30061,Day_1,Fair,Slow,5mm,Experiment_2
2025-10-23T02:36:32.893Z,2505,6344,23263,3488,8308,27431,5215,7979,32755,4152,7497,29957,Day_1,Fair,Slow,5mm,Experiment_2
2025-10-23T02:36:32.933Z,2501,6340,23267,3488,8305,27434,5218,7978,32394,4158,7493,29892,Day_1,Fair,Slow,5mm,Experiment_2
2025-10-23T02:36:32.973Z,2494,6337,23275,3484,8305,27438,5232,7979,32718,4170,7489,29937,Day_1,Fair,Slow,5mm,Experiment_2
2025-10-23T02:36:33.013Z,2494,6339,23289,3484,8307,27446,5234,7979,33293,4173,7489,30023,Day_1,Fair,Slow,5mm,Experiment_2
2025-10-23T02:36:33.053Z,2497,6348,23297,3487,8313,27457,5220,7976,33619,4166,7494,30071,Day_1,Fair,Slow,5mm,Experiment_2
2025-10-23T02:36:33.093Z,2499,6359,23293,3490,8321,27462,5205,7974,33714,4156,7499,30090,Day_1,Fair,Slow,5mm,Experiment_2
2025-10-23T02:36:33.133Z,2501,6363,23283,3494,8325,27461,5202,7982,33741,4152,7503,30109,Day_1,Fair,Slow,5mm,Experiment_2
2025-10-23T02:36:33.173Z,2502,6362,23274,3498,8326,27453,5213,7997,33760,4157,7508,30130,Day_1,Fair,Slow,5mm,Experiment_2
2025-10-23T02:36:33.213Z,2502,6359,23265,3496,8325,27439,5229,7998,33767,4166,7509,30141,Day_1,Fair,Slow,5mm,Experiment_2
2025-10-23T02:36:33.253Z,2497,6360,23264,3489,8324,27432,5233,7983,33754,4171,7503,30137,Day_1,Fair,Slow,5mm,Experiment_2
2025-10-23T02:36:33.293Z,2491,6362,23277,3484,8326,27440,5224,7972,33737,4169,7496,30126,Day_1,Fair,Slow,5mm,Experiment_2
2025-10-23T02:36:33.333Z,2489,6365,23288,3483,8330,27450,5213,7981,33734,4164,7495,30121,Day_1,Fair,Slow,5mm,Experiment_2
2025-10-23T02:36:33.373Z,2493,6367,23287,3487,8335,27450,5201,8002,33748,4157,7501,30123,Day_1,Fair,Slow,5mm,Experiment_2
2025-10-23T02:36:33.413Z,2502,6366,23283,3492,8335,27448,5193,8019,33754,4151,7508,30122,Day_1,Fair,Slow,5mm,Experiment_2
2025-10-23T02:36:33.453Z,2506,6357,23281,3495,8330,27450,5199,8025,33737,4153,7512,30114,Day_1,Fair,Slow,5mm,Experiment_2
2025-10-23T02:36:33.493Z,2504,6344,23277,3492,8325,27450,5213,8018,33715,4160,7511,30102,Day_1,Fair,Slow,5mm,Experiment_2
2025-10-23T02:36:33.533Z,2500,6343,23269,3488,8327,27445,5224,8011,33713,4165,7510,30097,Day_1,Fair,Slow,5mm,Experiment_2
2025-10-23T02:36:33.574Z,2500,6363,23270,3485,8337,27442,5231,8023,33725,4168,7517,30098,Day_1,Fair,Slow,5mm,Experiment_2
2025-10-23T02:36:33.614Z,2503,6385,23280,3487,8337,27445,5238,8044,33735,4170,7528,30100,Day_1,Fair,Slow,5mm,Experiment_2
2025-10-23T02:36:33.654Z,2508,6382,23289,3492,8328,27448,5239,8053,33741,4171,7533,30106,Day_1,Fair,Slow,5mm,Experiment_2
2025-10-23T02:36:33.694Z,2510,6339,23292,3495,8325,27449,5236,8042,33742,4168,7530,30112,Day_1,Fair,Slow,5mm,Experiment_2
2025-10-23T02:36:33.734Z,2508,6264,23290,3494,8329,27451,5235,8021,33741,4166,7524,30116,Day_1,Fair,Slow,5mm,Experiment_2
2025-10-23T02:36:33.774Z,2513,6211,23283,3499,8332,27451,5234,7996,33746,4165,7515,30120,Day_1,Fair,Slow,5mm,Experiment_2
2025-10-23T02:36:33.814Z,2522,6229,23271,3507,8331,27448,5226,7970,33758,4163,7506,30122,Day_1,Fair,Slow,5mm,Experiment_2
2025-10-23T02:36:33.854Z,2522,6299,23260,3506,8325,27444,5204,7951,33776,4159,7495,30124,Day_1,Fair,Slow,5mm,Experiment_2
2025-10-23T02:36:33.894Z,2512,6364,23255,3499,8317,27440,5177,7953,33793,4151,7489,30131,Day_1,Fair,Slow,5mm,Experiment_2
2025-10-23T02:36:33.933Z,2504,6383,23261,3495,8314,27437,5163,7983,33780,4144,7493,30136,Day_1,Fair,Slow,5mm,Experiment_2
2025-10-23T02:36:33.973Z,2502,6374,23271,3494,8319,27440,5166,8021,33741,4139,7506,30129,Day_1,Fair,Slow,5mm,Experiment_2
2025-10-23T02:36:34.013Z,2500,6360,23276,3492,8318,27442,5180,8041,33712,4140,7515,30120,Day_1,Fair,Slow,5mm,Experiment_2
2025-10-23T02:36:34.053Z,2499,6345,23272,3488,8310,27442,5198,8038,33714,4148,7516,30119,Day_1,Fair,Slow,5mm,Experiment_2
2025-10-23T02:36:34.093Z,2498,6331,23272,3488,8305,27446,5208,8019,33724,4154,7507,30119,Day_1,Fair,Slow,5mm,Experiment_2
2025-10-23T02:36:34.133Z,2498,6327,23282,3488,8311,27457,5204,7987,33718,4155,7493,30115,Day_1,Fair,Slow,5mm,Experiment_2
2025-10-23T02:36:34.173Z,2497,6324,23294,3486,8323,27471,5196,7958,33710,4155,7485,30111,Day_1,Fair,Slow,5mm,Experiment_2
2025-10-23T02:36:34.213Z,2494,6311,23300,3484,8335,27482,5194,7949,33714,4157,7487,30111,Day_1,Fair,Slow,5mm,Experiment_2
2025-10-23T02:36:34.253Z,2489,6303,23299,3480,8339,27485,5192,7963,33720,4156,7499,30109,Day_1,Fair,Slow,5mm,Experiment_2
2025-10-23T02:36:34.293Z,2483,6320,23292,3473,8339,27477,5187,7985,33714,4150,7510,30104,Day_1,Fair,Slow,5mm,Experiment_2
2025-10-23T02:36:34.333Z,2482,6343,23280,3471,8341,27461,5186,8000,33706,4145,7517,30099,Day_1,Fair,Slow,5mm,Experiment_2
2025-10-23T02:36:34.373Z,2496,6322,23265,3481,8339,27445,5199,8010,33706,4148,7521,30097,Day_1,Fair,Slow,5mm,Experiment_2
2025-10-23T02:36:34.413Z,2514,6193,23252,3497,8329,27436,5220,8018,33711,4157,7521,30098,Day_1,Fair,Slow,5mm,Experiment_2
2025-10-23T02:36:34.453Z,2521,5944,23247,3505,8313,27433,5237,8022,33725,4163,7518,30106,Day_1,Fair,Slow,5mm,Experiment_2
2025-10-23T02:36:34.493Z,2517,5741,23250,3502,8301,27441,5247,8020,33737,4167,7516,30118,Day_1,Fair,Slow,5mm,Experiment_2
2025-10-23T02:36:34.533Z,2514,5742,23256,3499,8295,27452,5252,8017,33736,4173,7516,30124,Day_1,Fair,Slow,5mm,Experiment_2
2025-10-23T02:36:34.573Z,2519,5894,23259,3503,8293,27456,5244,8019,33726,4175,7516,30125,Day_1,Fair,Slow,5mm,Experiment_2
2025-10-23T02:36:34.613Z,2525,6102,23260,3507,8291,27450,5220,8028,33714,4166,7515,30120,Day_1,Fair,Slow,5mm,Experiment_2
2025-10-23T02:36:34.654Z,2524,6326,23268,3505,8296,27450,5198,8034,33700,4154,7513,30112,Day_1,Fair,Slow,5mm,Experiment_2
2025-10-23T02:36:34.694Z,2515,6556,23282,3495,8308,27461,5201,8026,33701,4150,7510,30109,Day_1,Fair,Slow,5mm,Experiment_2
2025-10-23T02:36:34.734Z,2501,6739,23291,3482,8322,27471,5231,8022,33713,4157,7516,30109,Day_1,Fair,Slow,5mm,Experiment_2
2025-10-23T02:36:34.774Z,2491,6758,23286,3474,8325,27471,5262,8044,33721,4167,7534,30103,Day_1,Fair,Slow,5mm,Experiment_2
2025-10-23T02:36:34.814Z,2490,6624,23275,3476,8321,27464,5274,8073,33727,4173,7547,30096,Day_1,Fair,Slow,5mm,Experiment_2
2025-10-23T02:36:34.854Z,2494,6482,23269,3481,8315,27462,5276,8075,33729,4177,7542,30093,Day_1,Fair,Slow,5mm,Experiment_2
2025-10-23T02:36:34.894Z,2500,6403,23272,3485,8312,27466,5270,8050,33723,4176,7528,30092,Day_1,Fair,Slow,5mm,Experiment_2
2025-10-23T02:36:34.934Z,2509,6372,23277,3493,8314,27473,5251,8019,33725,4170,7518,30099,Day_1,Fair,Slow,5mm,Experiment_2
2025-10-23T02:36:34.974Z,2516,6366,23280,3500,8321,27477,5227,7995,33748,4166,7513,30117,Day_1,Fair,Slow,5mm,Experiment_2
2025-10-23T02:36:35.013Z,2512,6369,23278,3500,8331,27473,5208,7976,33770,4165,7506,30136,Day_1,Fair,Slow,5mm,Experiment_2
2025-10-23T02:36:35.053Z,2504,6375,23271,3493,8339,27463,5191,7959,33767,4160,7496,30140,Day_1,Fair,Slow,5mm,Experiment_2
2025-10-23T02:36:35.093Z,2498,6382,23265,3487,8347,27451,5189,7945,33740,4156,7489,30128,Day_1,Fair,Slow,5mm,Experiment_2
2025-10-23T02:36:35.133Z,2493,6388,23263,3481,8354,27443,5212,7941,33714,4162,7488,30111,Day_1,Fair,Slow,5mm,Experiment_2
2025-10-23T02:36:35.173Z,2485,6391,23259,3474,8357,27438,5245,7946,33708,4171,7489,30101,Day_1,Fair,Slow,5mm,Experiment_2
2025-10-23T02:36:35.213Z,2475,6385,23249,3466,8351,27435,5261,7952,33719,4175,7489,30105,Day_1,Fair,Slow,5mm,Experiment_2
2025-10-23T02:36:35.253Z,2473,6371,23243,3467,8338,27435,5250,7954,33732,4170,7491,30117,Day_1,Fair,Slow,5mm,Experiment_2
2025-10-23T02:36:35.293Z,2485,6359,23249,3480,8327,27439,5221,7952,33734,4159,7493,30129,Day_1,Fair,Slow,5mm,Experiment_2
2025-10-23T02:36:35.333Z,2505,6353,23260,3495,8323,27445,5201,7947,33728,4155,7494,30134,Day_1,Fair,Slow,5mm,Experiment_2
2025-10-23T02:36:35.374Z,2518,6355,23269,3503,8325,27454,5199,7942,33714,4160,7496,30127,Day_1,Fair,Slow,5mm,Experiment_2
2025-10-23T02:36:35.414Z,2514,6361,23274,3497,8330,27462,5193,7950,33694,4161,7502,30115,Day_1,Fair,Slow,5mm,Experiment_2
2025-10-23T02:36:35.454Z,2499,6366,23274,3484,8333,27461,5178,7973,33689,4156,7509,30113,Day_1,Fair,Slow,5mm,Experiment_2
2025-10-23T02:36:35.494Z,2489,6366,23271,3477,8332,27453,5171,8003,33702,4154,7516,30121,Day_1,Fair,Slow,5mm,Experiment_2
2025-10-23T02:36:35.534Z,2489,6365,23272,3479,8333,27445,5171,8023,33724,4156,7519,30133,Day_1,Fair,Slow,5mm,Experiment_2
2025-10-23T02:36:35.574Z,2491,6365,23271,3482,8335,27441,5160,8023,33751,4155,7516,30142,Day_1,Fair,Slow,5mm,Experiment_2
2025-10-23T02:36:35.614Z,2489,6363,23267,3480,8338,27440,5093,8016,33783,4142,7511,30146,Day_1,Fair,Slow,5mm,Experiment_2
2025-10-23T02:36:35.654Z,2482,6358,23262,3475,8336,27444,4961,8021,33799,4120,7511,30142,Day_1,Fair,Slow,5mm,Experiment_2
2025-10-23T02:36:35.694Z,2476,6347,23256,3469,8329,27448,4884,8038,33789,4114,7515,30135,Day_1,Fair,Slow,5mm,Experiment_2
2025-10-23T02:36:35.734Z,2477,6338,23250,3469,8319,27450,4972,8052,33767,4142,7518,30129,Day_1,Fair,Slow,5mm,Experiment_2
2025-10-23T02:36:35.774Z,2485,6337,23251,3475,8315,27458,5156,8057,33745,4190,7521,30123,Day_1,Fair,Slow,5mm,Experiment_2
2025-10-23T02:36:35.814Z,2497,6345,23266,3485,8315,27473,5352,8046,33730,4241,7522,30117,Day_1,Fair,Slow,5mm,Experiment_2
2025-10-23T02:36:35.854Z,2503,6350,23284,3492,8314,27483,5639,8019,33723,4286,7517,30114,Day_1,Fair,Slow,5mm,Experiment_2
2025-10-23T02:36:35.894Z,2504,6351,23290,3496,8313,27479,6162,7991,33725,4322,7507,30116,Day_1,Fair,Slow,5mm,Experiment_2
2025-10-23T02:36:35.934Z,2501,6355,23283,3495,8319,27465,6699,7977,33727,4322,7502,30117,Day_1,Fair,Slow,5mm,Experiment_2
2025-10-23T02:36:35.974Z,2497,6362,23275,3493,8329,27456,6763,7976,33727,4264,7503,30113,Day_1,Fair,Slow,5mm,Experiment_2
2025-10-23T02:36:36.014Z,2498,6368,23271,3495,8335,27455,6383,7983,33726,4192,7508,30112,Day_1,Fair,Slow,5mm,Experiment_2
2025-10-23T02:36:36.054Z,2499,6372,23266,3497,8338,27452,5954,7994,33726,4159,7513,30120,Day_1,Fair,Slow,5mm,Experiment_2
2025-10-23T02:36:36.094Z,2496,6372,23264,3493,8341,27446,5589,8003,33723,4156,7517,30131,Day_1,Fair,Slow,5mm,Experiment_2
2025-10-23T02:36:36.134Z,2490,6363,23272,3486,8334,27448,5267,8004,33719,4157,7517,30137,Day_1,Fair,Slow,5mm,Experiment_2
2025-10-23T02:36:36.174Z,2488,6346,23285,3483,8318,27461,4977,8003,33726,4155,7513,30136,Day_1,Fair,Slow,5mm,Experiment_2
2025-10-23T02:36:36.214Z,2489,6336,23289,3485,8306,27471,4656,8009,33741,4152,7511,30130,Day_1,Fair,Slow,5mm,Experiment_2
2025-10-23T02:36:36.254Z,2490,6334,23276,3489,8305,27467,4306,8016,33747,4152,7511,30122,Day_1,Fair,Slow,5mm,Experiment_2
2025-10-23T02:36:36.294Z,2490,6338,23256,3492,8309,27456,4189,8007,33739,4153,7508,30115,Day_1,Fair,Slow,5mm,Experiment_2
2025-10-23T02:36:36.334Z,2494,6345,23240,3495,8318,27443,4505,7991,33725,4148,7505,30111,Day_1,Fair,Slow,5mm,Experiment_2
2025-10-23T02:36:36.374Z,2499,6356,23233,3498,8329,27432,4938,7993,33712,4126,7508,30111,Day_1,Fair,Slow,5mm,Experiment_2
2025-10-23T02:36:36.414Z,2499,6361,23235,3498,8333,27427,5109,8005,33704,4109,7513,30115,Day_1,Fair,Slow,5mm,Experiment_2
2025-10-23T02:36:36.454Z,2498,6356,23239,3496,8328,27427,4940,8003,33704,4121,7512,30122,Day_1,Fair,Slow,5mm,Experiment_2
2025-10-23T02:36:36.494Z,2500,6350,23243,3495,8321,27432,4549,7995,33711,4147,7509,30126,Day_1,Fair,Slow,5mm,Experiment_2
2025-10-23T02:36:36.534Z,2508,6351,23252,3497,8323,27442,4286,7993,33719,4169,7510,30125,Day_1,Fair,Slow,5mm,Experiment_2
2025-10-23T02:36:36.574Z,2517,6354,23264,3504,8328,27454,4453,7996,33731,4193,7511,30119,Day_1,Fair,Slow,5mm,Experiment_2
2025-10-23T02:36:36.614Z,2520,6355,23274,3508,8333,27461,4916,8000,33751,4223,7511,30119,Day_1,Fair,Slow,5mm,Experiment_2
2025-10-23T02:36:36.654Z,2514,6352,23275,3504,8333,27465,5318,8007,33775,4240,7510,30128,Day_1,Fair,Slow,5mm,Experiment_2
2025-10-23T02:36:36.694Z,2507,6347,23274,3499,8326,27468,5423,8017,33783,4224,7512,30139,Day_1,Fair,Slow,5mm,Experiment_2
2025-10-23T02:36:36.734Z,2500,6346,23277,3495,8317,27470,5314,8029,33771,4198,7520,30142,Day_1,Fair,Slow,5mm,Experiment_2
2025-10-23T02:36:36.774Z,2493,6352,23275,3489,8315,27465,5181,8036,33755,4186,7528,30140,Day_1,Fair,Slow,5mm,Experiment_2
2025-10-23T02:36:36.814Z,2490,6361,23268,3488,8320,27458,5112,8027,33741,4183,7526,30138,Day_1,Fair,Slow,5mm,Experiment_2
2025-10-23T02:36:36.854Z,2493,6367,23265,3491,8326,27460,5142,8003,33729,4181,7514,30135,Day_1,Fair,Slow,5mm,Experiment_2
2025-10-23T02:36:36.894Z,2497,6375,23268,3493,8335,27468,5216,7981,33722,4181,7499,30128,Day_1,Fair,Slow,5mm,Experiment_2
2025-10-23T02:36:36.934Z,2493,6383,23267,3488,8343,27470,5255,7974,33726,4179,7493,30122,Day_1,Fair,Slow,5mm,Experiment_2
2025-10-23T02:36:36.974Z,2487,6384,23258,3482,8341,27461,5258,7973,33732,4175,7493,30121,Day_1,Fair,Slow,5mm,Experiment_2
2025-10-23T02:36:37.014Z,2489,6375,23248,3483,8333,27451,5252,7967,33737,4172,7491,30127,Day_1,Fair,Slow,5mm,Experiment_2
2025-10-23T02:36:37.054Z,2502,6362,23246,3495,8326,27446,5246,7961,33742,4171,7489,30138,Day_1,Fair,Slow,5mm,Experiment_2
2025-10-23T02:36:37.094Z,2517,6346,23250,3509,8317,27444,5238,7968,33745,4169,7491,30143,Day_1,Fair,Slow,5mm,Experiment_2
2025-10-23T02:36:37.134Z,2524,6332,23255,3514,8309,27442,5236,7980,33741,4168,7495,30141,Day_1,Fair,Slow,5mm,Experiment_2
2025-10-23T02:36:37.174Z,2518,6334,23256,3507,8312,27443,5234,7985,33737,4166,7497,30136,Day_1,Fair,Slow,5mm,Experiment_2
2025-10-23T02:36:37.214Z,2503,6350,23256,3493,8326,27447,5231,7990,33738,4164,7499,30133,Day_1,Fair,Slow,5mm,Experiment_2
2025-10-23T02:36:37.254Z,2492,6360,23254,3484,8332,27453,5233,8001,33744,4165,7504,30131,Day_1,Fair,Slow,5mm,Experiment_2
2025-10-23T02:36:37.294Z,2496,6360,23247,3486,8327,27455,5241,8012,33746,4171,7506,30129,Day_1,Fair,Slow,5mm,Experiment_2
2025-10-23T02:36:37.334Z,2504,6361,23238,3490,8324,27449,5248,8014,33734,4177,7503,30125,Day_1,Fair,Slow,5mm,Experiment_2
2025-10-23T02:36:37.374Z,2501,6366,23234,3487,8329,27440,5250,7988,33714,4179,7501,30122,Day_1,Fair,Slow,5mm,Experiment_2
2025-10-23T02:36:37.414Z,2492,6369,23242,3480,8335,27438,5246,7880,33698,4177,7502,30125,Day_1,Fair,Slow,5mm,Experiment_2
2025-10-23T02:36:37.454Z,2487,6368,23253,3477,8336,27444,5239,7673,33688,4174,7502,30125,Day_1,Fair,Slow,5mm,Experiment_2
2025-10-23T02:36:37.494Z,2489,6366,23261,3480,8335,27449,5233,7502,33683,4173,7500,30122,Day_1,Fair,Slow,5mm,Experiment_2
2025-10-23T02:36:37.534Z,2493,6369,23263,3483,8337,27450,5229,7486,33693,4171,7501,30122,Day_1,Fair,Slow,5mm,Experiment_2
2025-10-23T02:36:37.574Z,2492,6367,23263,3479,8337,27453,5232,7579,33718,4169,7503,30129,Day_1,Fair,Slow,5mm,Experiment_2
2025-10-23T02:36:37.614Z,2489,6356,23260,3476,8329,27460,5240,7744,33744,4169,7508,30137,Day_1,Fair,Slow,5mm,Experiment_2
2025-10-23T02:36:37.654Z,2494,6343,23249,3483,8318,27462,5251,8001,33769,4172,7515,30144,Day_1,Fair,Slow,5mm,Experiment_2
2025-10-23T02:36:37.694Z,2500,6337,23235,3491,8311,27457,5263,8354,33789,4178,7521,30151,Day_1,Fair,Slow,5mm,Experiment_2
2025-10-23T02:36:37.734Z,2496,6338,23230,3489,8310,27447,5268,8733,33793,4181,7535,30158,Day_1,Fair,Slow,5mm,Experiment_2
2025-10-23T02:36:37.774Z,2487,6343,23239,3481,8315,27444,5263,9061,33785,4181,7581,30165,Day_1,Fair,Slow,5mm,Experiment_2
2025-10-23T02:36:37.814Z,2486,6345,23252,3479,8320,27446,5252,9360,33777,4179,7669,30167,Day_1,Fair,Slow,5mm,Experiment_2
2025-10-23T02:36:37.854Z,2493,6345,23258,3485,8322,27449,5239,9422,33772,4178,7744,30161,Day_1,Fair,Slow,5mm,Experiment_2
2025-10-23T02:36:37.894Z,2498,6350,23258,3491,8327,27456,5229,8978,33764,4177,7748,30149,Day_1,Fair,Slow,5mm,Experiment_2
2025-10-23T02:36:37.934Z,2497,6360,23259,3492,8336,27464,5224,8295,33753,4175,7697,30137,Day_1,Fair,Slow,5mm,Experiment_2
2025-10-23T02:36:37.974Z,2492,6366,23256,3490,8343,27466,5231,7727,33745,4173,7621,30130,Day_1,Fair,Slow,5mm,Experiment_2
2025-10-23T02:36:38.014Z,2485,6367,23247,3484,8341,27461,5244,7381,33738,4174,7536,30130,Day_1,Fair,Slow,5mm,Experiment_2
2025-10-23T02:36:38.054Z,2480,6363,23238,3478,8334,27450,5247,7296,33728,4175,7453,30132,Day_1,Fair,Slow,5mm,Experiment_2
2025-10-23T02:36:38.094Z,2481,6357,23233,3478,8326,27438,5237,7412,33716,4174,7380,30133,Day_1,Fair,Slow,5mm,Experiment_2
2025-10-23T02:36:38.134Z,2491,6351,23232,3486,8320,27429,5228,7629,33717,4169,7328,30136,Day_1,Fair,Slow,5mm,Experiment_2
2025-10-23T02:36:38.174Z,2498,6344,23232,3492,8316,27422,5226,7822,33733,4164,7289,30142,Day_1,Fair,Slow,5mm,Experiment_2
2025-10-23T02:36:38.214Z,2492,6343,23232,3488,8317,27420,5230,7907,33750,4165,7286,30149,Day_1,Fair,Slow,5mm,Experiment_2
2025-10-23T02:36:38.254Z,2484,6354,23237,3480,8329,27426,5232,7916,33760,4168,7353,30154,Day_1,Fair,Slow,5mm,Experiment_2
2025-10-23T02:36:38.294Z,2483,6374,23245,3479,8347,27438,5226,7902,33762,4166,7459,30154,Day_1,Fair,Slow,5mm,Experiment_2
2025-10-23T02:36:38.334Z,2489,6386,23248,3485,8358,27449,5219,7906,33768,4163,7549,30150,Day_1,Fair,Slow,5mm,Experiment_2
2025-10-23T02:36:38.374Z,2494,6382,23250,3487,8354,27456,5222,7941,33785,4163,7601,30149,Day_1,Fair,Slow,5mm,Experiment_2
2025-10-23T02:36:38.414Z,2492,6373,23253,3483,8344,27462,5226,7978,33799,4167,7607,30154,Day_1,Fair,Slow,5mm,Experiment_2
2025-10-23T02:36:38.454Z,2489,6366,23255,3479,8335,27461,5223,8003,33791,4169,7586,30158,Day_1,Fair,Slow,5mm,Experiment_2
2025-10-23T02:36:38.494Z,2492,6362,23250,3482,8328,27453,5219,8032,33777,4167,7560,30154,Day_1,Fair,Slow,5mm,Experiment_2
2025-10-23T02:36:38.534Z,2498,6356,23246,3487,8321,27445,5225,8070,33779,4166,7544,30153,Day_1,Fair,Slow,5mm,Experiment_2
2025-10-23T02:36:38.574Z,2500,6352,23251,3490,8320,27446,5241,8092,33795,4169,7537,30158,Day_1,Fair,Slow,5mm,Experiment_2
2025-10-23T02:36:38.614Z,2500,6355,23261,3492,8328,27455,5250,8085,33808,4172,7531,30163,Day_1,Fair,Slow,5mm,Experiment_2
2025-10-23T02:36:38.654Z,2499,6363,23264,3491,8340,27464,5241,8064,33813,4172,7526,30165,Day_1,Fair,Slow,5mm,Experiment_2
2025-10-23T02:36:38.694Z,2495,6370,23258,3485,8344,27465,5220,8037,33807,4166,7521,30163,Day_1,Fair,Slow,5mm,Experiment_2
2025-10-23T02:36:38.734Z,2492,6372,23250,3478,8341,27456,5200,8012,33782,4155,7518,30158,Day_1,Fair,Slow,5mm,Experiment_2
2025-10-23T02:36:38.774Z,2491,6370,23242,3476,8337,27441,5194,8009,33752,4148,7521,30152,Day_1,Fair,Slow,5mm,Experiment_2
2025-10-23T02:36:38.814Z,2491,6359,23234,3478,8329,27429,5207,8020,33734,4150,7527,30148,Day_1,Fair,Slow,5mm,Experiment_2
2025-10-23T02:36:38.854Z,2490,6346,23233,3480,8319,27431,5222,8021,33729,4156,7525,30142,Day_1,Fair,Slow,5mm,Experiment_2
2025-10-23T02:36:38.894Z,2494,6342,23238,3485,8313,27443,5222,8012,33730,4159,7518,30135,Day_1,Fair,Slow,5mm,Experiment_2
2025-10-23T02:36:38.934Z,2500,6344,23242,3493,8312,27453,5204,8008,33741,4157,7514,30134,Day_1,Fair,Slow,5mm,Experiment_2
2025-10-23T02:36:38.974Z,2498,6344,23241,3494,8314,27455,5187,8014,33758,4153,7512,30141,Day_1,Fair,Slow,5mm,Experiment_2
2025-10-23T02:36:39.014Z,2490,6344,23236,3489,8315,27453,5189,8033,33770,4152,7511,30149,Day_1,Fair,Slow,5mm,Experiment_2
2025-10-23T02:36:39.054Z,2486,6348,23237,3485,8319,27454,5210,8048,33774,4157,7512,30154,Day_1,Fair,Slow,5mm,Experiment_2
2025-10-23T02:36:39.094Z,2488,6354,23248,3484,8325,27463,5239,8049,33781,4164,7515,30160,Day_1,Fair,Slow,5mm,Experiment_2
2025-10-23T02:36:39.134Z,2487,6352,23258,3481,8326,27470,5267,8041,33792,4171,7517,30168,Day_1,Fair,Slow,5mm,Experiment_2
2025-10-23T02:36:39.174Z,2487,6345,23262,3481,8321,27473,5289,8028,33793,4179,7516,30173,Day_1,Fair,Slow,5mm,Experiment_2
2025-10-23T02:36:39.214Z,2490,6341,23265,3487,8316,27475,5294,8010,33782,4185,7511,30169,Day_1,Fair,Slow,5mm,Experiment_2
2025-10-23T02:36:39.254Z,2489,6349,23267,3490,8320,27474,5278,7988,33775,4184,7503,30163,Day_1,Fair,Slow,5mm,Experiment_2
2025-10-23T02:36:39.294Z,2482,6364,23256,3488,8330,27466,5261,7967,33779,4182,7496,30162,Day_1,Fair,Slow,5mm,Experiment_2
2025-10-23T02:36:39.335Z,2478,6372,23239,3486,8336,27453,5253,7962,33781,4182,7497,30162,Day_1,Fair,Slow,5mm,Experiment_2
2025-10-23T02:36:39.375Z,2482,6369,23225,3485,8334,27439,5245,7979,33768,4179,7508,30155,Day_1,Fair,Slow,5mm,Experiment_2
2025-10-23T02:36:39.415Z,2486,6358,23216,3482,8327,27429,5236,8008,33753,4174,7521,30149,Day_1,Fair,Slow,5mm,Experiment_2
2025-10-23T02:36:39.455Z,2486,6343,23214,3479,8317,27423,5240,8029,33746,4174,7529,30147,Day_1,Fair,Slow,5mm,Experiment_2
2025-10-23T02:36:39.495Z,2485,6332,23221,3477,8310,27426,5255,8029,33740,4181,7527,30143,Day_1,Fair,Slow,5mm,Experiment_2
2025-10-23T02:36:39.535Z,2488,6331,23231,3478,8309,27436,5262,8021,33735,4185,7522,30141,Day_1,Fair,Slow,5mm,Experiment_2
2025-10-23T02:36:39.575Z,2495,6337,23241,3484,8315,27441,5256,8018,33746,4181,7522,30148,Day_1,Fair,Slow,5mm,Experiment_2
2025-10-23T02:36:39.615Z,2498,6345,23243,3486,8323,27436,5252,8016,33768,4176,7526,30164,Day_1,Fair,Slow,5mm,Experiment_2
2025-10-23T02:36:39.655Z,2495,6355,23237,3482,8333,27429,5256,8002,33787,4172,7525,30178,Day_1,Fair,Slow,5mm,Experiment_2
2025-10-23T02:36:39.695Z,2491,6367,23232,3478,8343,27432,5258,7981,33790,4171,7515,30176,Day_1,Fair,Slow,5mm,Experiment_2
2025-10-23T02:36:39.735Z,2490,6374,23234,3480,8348,27443,5260,7972,33786,4172,7508,30164,Day_1,Fair,Slow,5mm,Experiment_2
2025-10-23T02:36:39.775Z,2494,6372,23244,3486,8344,27460,5266,7980,33792,4176,7509,30156,Day_1,Fair,Slow,5mm,Experiment_2
2025-10-23T02:36:39.815Z,2496,6363,23259,3488,8336,27477,5269,7986,33808,4178,7512,30160,Day_1,Fair,Slow,5mm,Experiment_2
2025-10-23T02:36:39.855Z,2492,6353,23271,3483,8325,27488,5254,7978,33815,4175,7509,30164,Day_1,Fair,Slow,5mm,Experiment_2
2025-10-23T02:36:39.895Z,2482,6346,23271,3476,8317,27489,5223,7968,33806,4165,7503,30161,Day_1,Fair,Slow,5mm,Experiment_2
2025-10-23T02:36:39.935Z,2476,6342,23264,3472,8313,27484,5199,7967,33788,4158,7500,30156,Day_1,Fair,Slow,5mm,Experiment_2
2025-10-23T02:36:39.975Z,2475,6344,23264,3474,8315,27481,5199,7981,33774,4158,7504,30154,Day_1,Fair,Slow,5mm,Experiment_2
2025-10-23T02:36:40.015Z,2480,6353,23268,3479,8324,27482,5217,8001,33766,4164,7514,30155,Day_1,Fair,Slow,5mm,Experiment_2
2025-10-23T02:36:40.055Z,2489,6358,23266,3484,8332,27478,5227,8009,33759,4168,7519,30155,Day_1,Fair,Slow,5mm,Experiment_2
2025-10-23T02:36:40.095Z,2496,6357,23257,3488,8334,27467,5216,8001,33764,4162,7514,30158,Day_1,Fair,Slow,5mm,Experiment_2
2025-10-23T02:36:40.135Z,2495,6358,23247,3490,8336,27456,5195,7990,33790,4153,7508,30167,Day_1,Fair,Slow,5mm,Experiment_2
2025-10-23T02:36:40.175Z,2487,6364,23240,3485,8339,27449,5184,7986,33810,4151,7506,30171,Day_1,Fair,Slow,5mm,Experiment_2
2025-10-23T02:36:40.215Z,2482,6368,23233,3481,8339,27444,5190,7988,33803,4155,7508,30165,Day_1,Fair,Slow,5mm,Experiment_2
2025-10-23T02:36:40.255Z,2485,6367,23231,3482,8335,27441,5203,7994,33785,4161,7512,30160,Day_1,Fair,Slow,5mm,Experiment_2
2025-10-23T02:36:40.295Z,2489,6362,23237,3486,8330,27444,5209,8004,33776,4163,7517,30160,Day_1,Fair,Slow,5mm,Experiment_2
2025-10-23T02:36:40.335Z,2492,6357,23247,3489,8326,27449,5204,8009,33771,4161,7517,30160,Day_1,Fair,Slow,5mm,Experiment_2
2025-10-23T02:36:40.375Z,2496,6356,23251,3492,8325,27451,5197,8009,33759,4159,7513,30156,Day_1,Fair,Slow,5mm,Experiment_2
2025-10-23T02:36:40.415Z,2501,6354,23249,3494,8324,27448,5194,8019,33748,4157,7517,30153,Day_1,Fair,Slow,5mm,Experiment_2
2025-10-23T02:36:40.455Z,2501,6348,23244,3492,8320,27446,5205,8040,33761,4159,7529,30157,Day_1,Fair,Slow,5mm,Experiment_2
2025-10-23T02:36:40.495Z,2495,6342,23237,3486,8313,27444,5228,8054,33787,4166,7539,30162,Day_1,Fair,Slow,5mm,Experiment_2
2025-10-23T02:36:40.535Z,2485,6339,23227,3479,8310,27439,5238,8060,33800,4170,7541,30160,Day_1,Fair,Slow,5mm,Experiment_2
2025-10-23T02:36:40.575Z,2476,6339,23216,3473,8308,27434,5225,8068,33799,4167,7542,30152,Day_1,Fair,Slow,5mm,Experiment_2
2025-10-23T02:36:40.615Z,2470,6337,23210,3470,8305,27433,5220,8075,33797,4167,7545,30148,Day_1,Fair,Slow,5mm,Experiment_2
2025-10-23T02:36:40.655Z,2467,6337,23209,3467,8306,27436,5246,8071,33791,4176,7546,30147,Day_1,Fair,Slow,5mm,Experiment_2
2025-10-23T02:36:40.695Z,2464,6341,23208,3465,8314,27440,5274,8056,33781,4188,7542,30150,Day_1,Fair,Slow,5mm,Experiment_2
2025-10-23T02:36:40.735Z,2462,6346,23212,3463,8323,27445,5275,8046,33769,4191,7537,30156,Day_1,Fair,Slow,5mm,Experiment_2
2025-10-23T02:36:40.775Z,2465,6347,23228,3467,8327,27455,5258,8049,33760,4186,7539,30159,Day_1,Fair,Slow,5mm,Experiment_2
2025-10-23T02:36:40.815Z,2474,6346,23242,3475,8326,27463,5249,8054,33753,4183,7545,30157,Day_1,Fair,Slow,5mm,Experiment_2
2025-10-23T02:36:40.855Z,2482,6347,23246,3482,8326,27465,5252,8052,33750,4183,7549,30158,Day_1,Fair,Slow,5mm,Experiment_2
2025-10-23T02:36:40.895Z,2485,6352,23245,3484,8329,27463,5255,8049,33752,4182,7546,30162,Day_1,Fair,Slow,5mm,Experiment_2
2025-10-23T02:36:40.935Z,2487,6350,23246,3485,8326,27465,5251,8041,33756,4178,7539,30163,Day_1,Fair,Slow,5mm,Experiment_2
2025-10-23T02:36:40.975Z,2488,6341,23247,3484,8315,27467,5246,8027,33753,4175,7531,30157,Day_1,Fair,Slow,5mm,Experiment_2
2025-10-23T02:36:41.015Z,2491,6328,23246,3483,8301,27465,5243,8015,33742,4178,7526,30151,Day_1,Fair,Slow,5mm,Experiment_2
2025-10-23T02:36:41.055Z,2494,6319,23239,3482,8291,27460,5237,8020,33734,4177,7525,30150,Day_1,Fair,Slow,5mm,Experiment_2
2025-10-23T02:36:41.095Z,2494,6319,23231,3479,8292,27456,5226,8035,33733,4169,7529,30154,Day_1,Fair,Slow,5mm,Experiment_2
2025-10-23T02:36:41.135Z,2493,6330,23232,3481,8303,27456,5219,8044,33742,4163,7530,30162,Day_1,Fair,Slow,5mm,Experiment_2
2025-10-23T02:36:41.175Z,2498,6344,23243,3490,8318,27460,5213,8032,33765,4162,7521,30170,Day_1,Fair,Slow,5mm,Experiment_2
2025-10-23T02:36:41.215Z,2506,6349,23255,3500,8324,27467,5205,8005,33782,4160,7505,30176,Day_1,Fair,Slow,5mm,Experiment_2
2025-10-23T02:36:41.255Z,2510,6345,23260,3503,8322,27472,5206,7974,33772,4160,7493,30173,Day_1,Fair,Slow,5mm,Experiment_2
2025-10-23T02:36:41.295Z,2506,6339,23257,3499,8317,27474,5226,7951,33749,4167,7485,30164,Day_1,Fair,Slow,5mm,Experiment_2
2025-10-23T02:36:41.335Z,2502,6334,23249,3494,8312,27472,5245,7952,33735,4174,7486,30158,Day_1,Fair,Slow,5mm,Experiment_2
2025-10-23T02:36:41.375Z,2496,6325,23236,3487,8303,27462,5251,7973,33726,4178,7493,30158,Day_1,Fair,Slow,5mm,Experiment_2
2025-10-23T02:36:41.415Z,2489,6319,23224,3480,8297,27447,5248,7988,33715,4180,7499,30157,Day_1,Fair,Slow,5mm,Experiment_2
2025-10-23T02:36:41.455Z,2488,6322,23218,3481,8300,27435,5241,7982,33711,4181,7498,30154,Day_1,Fair,Slow,5mm,Experiment_2
2025-10-23T02:36:41.495Z,2493,6333,23217,3488,8310,27430,5232,7974,33725,4181,7498,30154,Day_1,Fair,Slow,5mm,Experiment_2
2025-10-23T02:36:41.535Z,2496,6345,23220,3491,8320,27431,5230,7982,33746,4179,7506,30157,Day_1,Fair,Slow,5mm,Experiment_2
2025-10-23T02:36:41.575Z,2496,6356,23233,3491,8328,27440,5243,8004,33758,4180,7517,30158,Day_1,Fair,Slow,5mm,Experiment_2
2025-10-23T02:36:41.615Z,2502,6362,23250,3493,8335,27457,5257,8028,33763,4183,7527,30158,Day_1,Fair,Slow,5mm,Experiment_2
2025-10-23T02:36:41.655Z,2510,6362,23258,3497,8338,27470,5252,8039,33769,4179,7532,30162,Day_1,Fair,Slow,5mm,Experiment_2
2025-10-23T02:36:41.695Z,2510,6353,23258,3499,8332,27473,5239,8039,33772,4173,7537,30166,Day_1,Fair,Slow,5mm,Experiment_2
2025-10-23T02:36:41.735Z,2504,6343,23258,3497,8320,27473,5241,8050,33760,4174,7546,30166,Day_1,Fair,Slow,5mm,Experiment_2
2025-10-23T02:36:41.775Z,2500,6334,23261,3495,8309,27471,5254,8068,33737,4178,7553,30160,Day_1,Fair,Slow,5mm,Experiment_2
2025-10-23T02:36:41.815Z,2501,6329,23258,3494,8304,27464,5262,8068,33708,4178,7551,30147,Day_1,Fair,Slow,5mm,Experiment_2
2025-10-23T02:36:41.855Z,2499,6329,23246,3488,8306,27453,5268,8047,33689,4177,7540,30133,Day_1,Fair,Slow,5mm,Experiment_2
2025-10-23T02:36:41.895Z,2496,6334,23232,3481,8312,27446,5288,8017,33707,4181,7526,30132,Day_1,Fair,Slow,5mm,Experiment_2
2025-10-23T02:36:41.935Z,2499,6337,23224,3481,8315,27448,5312,7990,33755,4190,7518,30146,Day_1,Fair,Slow,5mm,Experiment_2
2025-10-23T02:36:41.975Z,2505,6338,23220,3488,8316,27451,5317,7976,33793,4196,7516,30161,Day_1,Fair,Slow,5mm,Experiment_2
2025-10-23T02:36:42.015Z,2505,6340,23221,3493,8316,27451,5302,7984,33791,4197,7522,30167,Day_1,Fair,Slow,5mm,Experiment_2
2025-10-23T02:36:42.055Z,2492,6344,23225,3485,8318,27448,5280,8012,33762,4193,7534,30164,Day_1,Fair,Slow,5mm,Experiment_2
2025-10-23T02:36:42.095Z,2475,6351,23229,3472,8325,27449,5255,8045,33739,4185,7548,30159,Day_1,Fair,Slow,5mm,Experiment_2
2025-10-23T02:36:42.135Z,2468,6354,23232,3467,8330,27454,5232,8071,33724,4176,7559,30151,Day_1,Fair,Slow,5mm,Experiment_2
2025-10-23T02:36:42.175Z,2470,6349,23235,3470,8326,27459,5224,8085,33715,4172,7563,30143,Day_1,Fair,Slow,5mm,Experiment_2
2025-10-23T02:36:42.215Z,2475,6342,23236,3474,8318,27461,5228,8078,33721,4173,7559,30146,Day_1,Fair,Slow,5mm,Experiment_2
2025-10-23T02:36:42.255Z,2480,6340,23232,3474,8314,27455,5229,8046,33740,4174,7548,30156,Day_1,Fair,Slow,5mm,Experiment_2
2025-10-23T02:36:42.295Z,2483,6344,23222,3476,8315,27440,5219,8008,33757,4171,7533,30166,Day_1,Fair,Slow,5mm,Experiment_2
2025-10-23T02:36:42.335Z,2484,6348,23214,3479,8317,27428,5209,7984,33776,4166,7519,30175,Day_1,Fair,Slow,5mm,Experiment_2
2025-10-23T02:36:42.375Z,2481,6349,23221,3479,8318,27432,5204,7979,33796,4162,7509,30186,Day_1,Fair,Slow,5mm,Experiment_2
2025-10-23T02:36:42.415Z,2474,6352,23243,3475,8324,27452,5211,7984,33809,4162,7504,30198,Day_1,Fair,Slow,5mm,Experiment_2
2025-10-23T02:36:42.455Z,2470,6355,23261,3469,8331,27473,5226,7994,33814,4167,7506,30204,Day_1,Fair,Slow,5mm,Experiment_2
2025-10-23T02:36:42.495Z,2471,6351,23261,3467,8331,27480,5236,7998,33816,4173,7509,30204,Day_1,Fair,Slow,5mm,Experiment_2
2025-10-23T02:36:42.535Z,2477,6342,23244,3470,8324,27473,5230,7997,33822,4174,7513,30201,Day_1,Fair,Slow,5mm,Experiment_2
2025-10-23T02:36:42.575Z,2487,6339,23228,3478,8319,27463,5225,7996,33824,4173,7520,30199,Day_1,Fair,Slow,5mm,Experiment_2
2025-10-23T02:36:42.615Z,2497,6344,23225,3487,8321,27460,5234,7998,33813,4177,7526,30195,Day_1,Fair,Slow,5mm,Experiment_2
2025-10-23T02:36:42.655Z,2503,6346,23233,3494,8321,27459,5251,7998,33795,4186,7528,30187,Day_1,Fair,Slow,5mm,Experiment_2
2025-10-23T02:36:42.695Z,2506,6341,23237,3499,8315,27453,5261,8000,33783,4193,7526,30180,Day_1,Fair,Slow,5mm,Experiment_2
2025-10-23T02:36:42.735Z,2504,6332,23232,3499,8305,27444,5259,8010,33774,4193,7526,30174,Day_1,Fair,Slow,5mm,Experiment_2
2025-10-23T02:36:42.775Z,2504,6321,23222,3498,8296,27435,5255,8018,33769,4187,7525,30171,Day_1,Fair,Slow,5mm,Experiment_2
