time,Unpolarized_A_Green,Unpolarized_A_Red,Unpolarized_A_IR,Unpolarized_B_Green,Unpolarized_B_Red,Unpolarized_B_IR,Co-Polarized_Green,Co-Polarized_Red,Co-Polarized_IR,Cross-Polarized_Green,Cross-Polarized_Red,Cross-Polarized_IR,Day,SkinTone,Speed,Depth,Experiment
2025-10-23T00:34:16.858Z,2744,6943,24469,3606,8610,27598,4238,5811,22609,3914,6482,24795,Day_1,Fair,Intermediate,2.5mm,Experiment_2
2025-10-23T00:34:16.898Z,2746,6935,24457,3610,8602,27592,4224,5813,22647,3908,6491,24846,Day_1,Fair,Intermediate,2.5mm,Experiment_2
2025-10-23T00:34:16.938Z,2748,6929,24454,3613,8598,27593,4206,5812,22660,3900,6490,24857,Day_1,Fair,Intermediate,2.5mm,Experiment_2
2025-10-23T00:34:16.978Z,2749,6928,24447,3614,8599,27594,4209,5818,22686,3909,6500,24891,Day_1,Fair,Intermediate,2.5mm,Experiment_2
2025-10-23T00:34:17.018Z,2750,6927,24432,3613,8600,27587,4231,5831,22742,3930,6524,24973,Day_1,Fair,Intermediate,2.5mm,Experiment_2
2025-10-23T00:34:17.058Z,2751,6927,24420,3612,8602,27578,4248,5846,22798,3946,6553,25063,Day_1,Fair,Intermediate,2.5mm,Experiment_2
2025-10-23T00:34:17.098Z,2751,6930,24421,3614,8606,27576,4248,5856,22824,3950,6571,25111,Day_1,Fair,Intermediate,2.5mm,Experiment_2
2025-10-23T00:34:17.138Z,2754,6931,24433,3616,8607,27580,4235,5855,22817,3943,6573,25100,Day_1,Fair,Intermediate,2.5mm,Experiment_2
2025-10-23T00:34:17.178Z,2760,6931,24455,3620,8605,27589,4216,5834,22766,3925,6549,25007,Day_1,Fair,Intermediate,2.5mm,Experiment_2
2025-10-23T00:34:17.218Z,2768,6932,24491,3623,8608,27603,4198,5798,22649,3898,6493,24809,Day_1,Fair,Intermediate,2.5mm,Experiment_2
2025-10-23T00:34:17.258Z,2772,6935,24528,3621,8613,27615,4189,5765,22500,3868,6424,24564,Day_1,Fair,Intermediate,2.5mm,Experiment_2
2025-10-23T00:34:17.298Z,2772,6937,24544,3618,8617,27619,4193,5755,22406,3851,6383,24415,Day_1,Fair,Intermediate,2.5mm,Experiment_2
2025-10-23T00:34:17.338Z,2767,6938,24527,3617,8617,27615,4207,5769,22416,3856,6390,24441,Day_1,Fair,Intermediate,2.5mm,Experiment_2
2025-10-23T00:34:17.378Z,2755,6936,24492,3613,8611,27605,4223,5790,22501,3876,6426,24592,Day_1,Fair,Intermediate,2.5mm,Experiment_2
2025-10-23T00:34:17.418Z,2746,6936,24462,3609,8606,27598,4232,5806,22595,3898,6464,24754,Day_1,Fair,Intermediate,2.5mm,Experiment_2
2025-10-23T00:34:17.458Z,2744,6939,24455,3608,8605,27599,4227,5814,22647,3910,6488,24847,Day_1,Fair,Intermediate,2.5mm,Experiment_2
2025-10-23T00:34:17.498Z,2745,6940,24458,3606,8606,27601,4215,5817,22665,3913,6500,24881,Day_1,Fair,Intermediate,2.5mm,Experiment_2
2025-10-23T00:34:17.538Z,2744,6933,24454,3601,8604,27596,4211,5826,22697,3918,6513,24920,Day_1,Fair,Intermediate,2.5mm,Experiment_2
2025-10-23T00:34:17.578Z,2741,6924,24444,3600,8598,27591,4219,5840,22759,3930,6533,24992,Day_1,Fair,Intermediate,2.5mm,Experiment_2
2025-10-23T00:34:17.618Z,2740,6922,24439,3601,8597,27592,4226,5844,22808,3943,6548,25059,Day_1,Fair,Intermediate,2.5mm,Experiment_2
2025-10-23T00:34:17.658Z,2742,6929,24442,3603,8600,27595,4228,5837,22819,3950,6555,25096,Day_1,Fair,Intermediate,2.5mm,Experiment_2
2025-10-23T00:34:17.698Z,2748,6936,24449,3605,8603,27598,4231,5831,22805,3952,6556,25099,Day_1,Fair,Intermediate,2.5mm,Experiment_2
2025-10-23T00:34:17.738Z,2756,6937,24466,3609,8604,27606,4234,5828,22756,3949,6544,25037,Day_1,Fair,Intermediate,2.5mm,Experiment_2
2025-10-23T00:34:17.778Z,2760,6935,24498,3612,8603,27616,4225,5820,22634,3929,6505,24852,Day_1,Fair,Intermediate,2.5mm,Experiment_2
2025-10-23T00:34:17.818Z,2761,6934,24538,3613,8604,27624,4202,5797,22456,3890,6441,24570,Day_1,Fair,Intermediate,2.5mm,Experiment_2
2025-10-23T00:34:17.858Z,2760,6938,24562,3613,8608,27623,4185,5770,22329,3856,6386,24355,Day_1,Fair,Intermediate,2.5mm,Experiment_2
2025-10-23T00:34:17.898Z,2758,6944,24546,3612,8614,27610,4180,5766,22341,3848,6383,24350,Day_1,Fair,Intermediate,2.5mm,Experiment_2
2025-10-23T00:34:17.938Z,2752,6946,24503,3608,8616,27594,4182,5790,22461,3863,6425,24510,Day_1,Fair,Intermediate,2.5mm,Experiment_2
2025-10-23T00:34:17.978Z,2744,6944,24466,3603,8615,27584,4191,5820,22583,3887,6476,24692,Day_1,Fair,Intermediate,2.5mm,Experiment_2
2025-10-23T00:34:18.018Z,2738,6941,24455,3600,8612,27586,4202,5833,22642,3905,6506,24807,Day_1,Fair,Intermediate,2.5mm,Experiment_2
2025-10-23T00:34:18.058Z,2736,6941,24465,3601,8612,27597,4203,5831,22651,3908,6514,24854,Day_1,Fair,Intermediate,2.5mm,Experiment_2
2025-10-23T00:34:18.098Z,2736,6948,24472,3604,8619,27605,4193,5829,22660,3904,6517,24888,Day_1,Fair,Intermediate,2.5mm,Experiment_2
2025-10-23T00:34:18.138Z,2740,6956,24463,3608,8629,27605,4195,5834,22702,3911,6530,24951,Day_1,Fair,Intermediate,2.5mm,Experiment_2
2025-10-23T00:34:18.178Z,2748,6960,24450,3613,8633,27599,4213,5840,22759,3930,6549,25023,Day_1,Fair,Intermediate,2.5mm,Experiment_2
2025-10-23T00:34:18.218Z,2753,6956,24443,3615,8629,27597,4234,5844,22802,3948,6561,25072,Day_1,Fair,Intermediate,2.5mm,Experiment_2
2025-10-23T00:34:18.258Z,2754,6949,24441,3615,8623,27598,4246,5847,22817,3959,6564,25092,Day_1,Fair,Intermediate,2.5mm,Experiment_2
2025-10-23T00:34:18.298Z,2751,6941,24445,3613,8617,27601,4242,5848,22795,3954,6556,25061,Day_1,Fair,Intermediate,2.5mm,Experiment_2
2025-10-23T00:34:18.338Z,2750,6938,24465,3610,8615,27606,4218,5830,22711,3928,6521,24927,Day_1,Fair,Intermediate,2.5mm,Experiment_2
2025-10-23T00:34:18.378Z,2755,6943,24504,3608,8617,27613,4188,5787,22564,3887,6456,24688,Day_1,Fair,Intermediate,2.5mm,Experiment_2
2025-10-23T00:34:18.418Z,2764,6952,24535,3612,8622,27621,4169,5746,22429,3855,6397,24476,Day_1,Fair,Intermediate,2.5mm,Experiment_2
2025-10-23T00:34:18.458Z,2766,6957,24533,3617,8624,27619,4169,5737,22400,3848,6388,24438,Day_1,Fair,Intermediate,2.5mm,Experiment_2
2025-10-23T00:34:18.498Z,2760,6952,24504,3618,8621,27607,4184,5763,22478,3867,6419,24554,Day_1,Fair,Intermediate,2.5mm,Experiment_2
2025-10-23T00:34:18.538Z,2754,6944,24473,3617,8618,27592,4203,5800,22585,3893,6460,24708,Day_1,Fair,Intermediate,2.5mm,Experiment_2
2025-10-23T00:34:18.578Z,2751,6937,24456,3618,8619,27586,4213,5826,22652,3910,6488,24820,Day_1,Fair,Intermediate,2.5mm,Experiment_2
2025-10-23T00:34:18.618Z,2750,6935,24457,3620,8621,27590,4213,5833,22663,3913,6497,24865,Day_1,Fair,Intermediate,2.5mm,Experiment_2
2025-10-23T00:34:18.658Z,2750,6938,24464,3620,8623,27598,4207,5830,22661,3911,6497,24881,Day_1,Fair,Intermediate,2.5mm,Experiment_2
2025-10-23T00:34:18.698Z,2751,6944,24461,3619,8625,27600,4212,5831,22692,3921,6510,24931,Day_1,Fair,Intermediate,2.5mm,Experiment_2
2025-10-23T00:34:18.738Z,2752,6947,24450,3619,8623,27596,4231,5844,22751,3941,6536,25016,Day_1,Fair,Intermediate,2.5mm,Experiment_2
2025-10-23T00:34:18.778Z,2753,6946,24439,3618,8618,27591,4248,5859,22803,3957,6560,25089,Day_1,Fair,Intermediate,2.5mm,Experiment_2
2025-10-23T00:34:18.818Z,2751,6945,24434,3615,8614,27587,4252,5868,22825,3963,6571,25121,Day_1,Fair,Intermediate,2.5mm,Experiment_2
2025-10-23T00:34:18.858Z,2748,6944,24436,3611,8612,27587,4245,5866,22807,3959,6567,25101,Day_1,Fair,Intermediate,2.5mm,Experiment_2
2025-10-23T00:34:18.898Z,2748,6941,24450,3611,8611,27588,4229,5846,22735,3942,6539,24995,Day_1,Fair,Intermediate,2.5mm,Experiment_2
2025-10-23T00:34:18.938Z,2749,6940,24478,3610,8610,27592,4208,5808,22607,3915,6483,24790,Day_1,Fair,Intermediate,2.5mm,Experiment_2
2025-10-23T00:34:18.978Z,2752,6937,24510,3609,8609,27600,4190,5771,22476,3886,6422,24575,Day_1,Fair,Intermediate,2.5mm,Experiment_2
2025-10-23T00:34:19.018Z,2753,6930,24524,3607,8605,27608,4178,5758,22417,3867,6393,24477,Day_1,Fair,Intermediate,2.5mm,Experiment_2
2025-10-23T00:34:19.058Z,2751,6923,24510,3604,8601,27608,4176,5772,22454,3863,6406,24526,Day_1,Fair,Intermediate,2.5mm,Experiment_2
2025-10-23T00:34:19.098Z,2749,6925,24480,3601,8602,27597,4189,5802,22546,3876,6444,24663,Day_1,Fair,Intermediate,2.5mm,Experiment_2
2025-10-23T00:34:19.138Z,2746,6939,24456,3603,8611,27589,4206,5828,22628,3895,6479,24789,Day_1,Fair,Intermediate,2.5mm,Experiment_2
2025-10-23T00:34:19.178Z,2740,6954,24455,3605,8622,27593,4212,5832,22655,3904,6494,24845,Day_1,Fair,Intermediate,2.5mm,Experiment_2
2025-10-23T00:34:19.218Z,2737,6960,24467,3606,8626,27603,4208,5819,22647,3904,6493,24852,Day_1,Fair,Intermediate,2.5mm,Experiment_2
2025-10-23T00:34:19.258Z,2742,6957,24472,3609,8623,27610,4204,5810,22661,3904,6497,24877,Day_1,Fair,Intermediate,2.5mm,Experiment_2
2025-10-23T00:34:19.298Z,2748,6949,24462,3612,8616,27607,4207,5817,22715,3908,6515,24943,Day_1,Fair,Intermediate,2.5mm,Experiment_2
2025-10-23T00:34:19.338Z,2749,6937,24447,3611,8607,27598,4216,5836,22772,3916,6541,25021,Day_1,Fair,Intermediate,2.5mm,Experiment_2
2025-10-23T00:34:19.378Z,2742,6926,24435,3606,8599,27589,4232,5857,22802,3930,6565,25077,Day_1,Fair,Intermediate,2.5mm,Experiment_2
2025-10-23T00:34:19.418Z,2737,6926,24428,3603,8597,27584,4245,5868,22800,3942,6576,25089,Day_1,Fair,Intermediate,2.5mm,Experiment_2
2025-10-23T00:34:19.458Z,2736,6934,24436,3602,8602,27586,4244,5860,22750,3940,6559,25020,Day_1,Fair,Intermediate,2.5mm,Experiment_2
2025-10-23T00:34:19.498Z,2736,6943,24470,3598,8612,27595,4227,5837,22628,3916,6510,24828,Day_1,Fair,Intermediate,2.5mm,Experiment_2
2025-10-23T00:34:19.538Z,2737,6947,24513,3593,8618,27603,4203,5808,22466,3876,6441,24552,Day_1,Fair,Intermediate,2.5mm,Experiment_2
2025-10-23T00:34:19.579Z,2743,6946,24531,3595,8618,27601,4184,5781,22363,3844,6390,24356,Day_1,Fair,Intermediate,2.5mm,Experiment_2
2025-10-23T00:34:19.619Z,2751,6949,24516,3605,8621,27595,4183,5773,22389,3840,6388,24366,Day_1,Fair,Intermediate,2.5mm,Experiment_2
2025-10-23T00:34:19.659Z,2757,6955,24493,3617,8628,27597,4198,5792,22503,3860,6426,24534,Day_1,Fair,Intermediate,2.5mm,Experiment_2
2025-10-23T00:34:19.699Z,2755,6958,24478,3622,8630,27602,4209,5816,22613,3886,6470,24719,Day_1,Fair,Intermediate,2.5mm,Experiment_2
2025-10-23T00:34:19.739Z,2747,6952,24468,3618,8624,27603,4207,5820,22664,3900,6493,24834,Day_1,Fair,Intermediate,2.5mm,Experiment_2
2025-10-23T00:34:19.779Z,2743,6944,24456,3611,8615,27596,4207,5811,22673,3909,6499,24887,Day_1,Fair,Intermediate,2.5mm,Experiment_2
2025-10-23T00:34:19.819Z,2744,6939,24436,3607,8607,27583,4220,5812,22691,3924,6511,24945,Day_1,Fair,Intermediate,2.5mm,Experiment_2
2025-10-23T00:34:19.859Z,2747,6938,24415,3606,8600,27570,4237,5832,22737,3944,6539,25026,Day_1,Fair,Intermediate,2.5mm,Experiment_2
2025-10-23T00:34:19.899Z,2751,6941,24408,3610,8598,27564,4242,5856,22783,3951,6568,25080,Day_1,Fair,Intermediate,2.5mm,Experiment_2
2025-10-23T00:34:19.939Z,2756,6944,24413,3617,8600,27567,4239,5871,22809,3952,6586,25097,Day_1,Fair,Intermediate,2.5mm,Experiment_2
2025-10-23T00:34:19.979Z,2759,6949,24423,3622,8607,27573,4237,5881,22814,3956,6593,25097,Day_1,Fair,Intermediate,2.5mm,Experiment_2
2025-10-23T00:34:20.019Z,2757,6957,24440,3622,8618,27583,4236,5880,22780,3954,6581,25048,Day_1,Fair,Intermediate,2.5mm,Experiment_2
2025-10-23T00:34:20.059Z,2753,6964,24476,3618,8627,27602,4223,5865,22675,3931,6538,24885,Day_1,Fair,Intermediate,2.5mm,Experiment_2
2025-10-23T00:34:20.099Z,2754,6965,24520,3613,8632,27617,4202,5835,22507,3890,6466,24615,Day_1,Fair,Intermediate,2.5mm,Experiment_2
2025-10-23T00:34:20.139Z,2759,6960,24540,3611,8632,27615,4189,5803,22365,3861,6402,24394,Day_1,Fair,Intermediate,2.5mm,Experiment_2
2025-10-23T00:34:20.179Z,2759,6952,24527,3609,8627,27602,4193,5788,22346,3858,6388,24373,Day_1,Fair,Intermediate,2.5mm,Experiment_2
2025-10-23T00:34:20.219Z,2751,6948,24499,3604,8624,27593,4204,5789,22438,3874,6415,24517,Day_1,Fair,Intermediate,2.5mm,Experiment_2
2025-10-23T00:34:20.259Z,2740,6950,24478,3599,8625,27593,4219,5796,22555,3893,6454,24690,Day_1,Fair,Intermediate,2.5mm,Experiment_2
2025-10-23T00:34:20.299Z,2732,6951,24465,3596,8627,27595,4230,5800,22633,3907,6483,24803,Day_1,Fair,Intermediate,2.5mm,Experiment_2
2025-10-23T00:34:20.339Z,2730,6950,24458,3597,8627,27598,4230,5803,22653,3909,6499,24840,Day_1,Fair,Intermediate,2.5mm,Experiment_2
2025-10-23T00:34:20.379Z,2735,6945,24455,3602,8621,27601,4229,5816,22657,3912,6512,24857,Day_1,Fair,Intermediate,2.5mm,Experiment_2
2025-10-23T00:34:20.419Z,2740,6936,24450,3607,8612,27602,4240,5836,22698,3926,6533,24919,Day_1,Fair,Intermediate,2.5mm,Experiment_2
2025-10-23T00:34:20.459Z,2743,6929,24440,3606,8603,27595,4260,5846,22763,3946,6554,25012,Day_1,Fair,Intermediate,2.5mm,Experiment_2
2025-10-23T00:34:20.499Z,2742,6927,24433,3603,8599,27586,4271,5842,22812,3954,6564,25081,Day_1,Fair,Intermediate,2.5mm,Experiment_2
2025-10-23T00:34:20.539Z,2742,6923,24434,3603,8596,27583,4267,5838,22834,3951,6565,25108,Day_1,Fair,Intermediate,2.5mm,Experiment_2
2025-10-23T00:34:20.579Z,2741,6919,24446,3605,8592,27591,4251,5837,22817,3943,6558,25081,Day_1,Fair,Intermediate,2.5mm,Experiment_2
2025-10-23T00:34:20.619Z,2738,6924,24469,3604,8597,27605,4227,5824,22732,3930,6531,24957,Day_1,Fair,Intermediate,2.5mm,Experiment_2
2025-10-23T00:34:20.659Z,2737,6939,24503,3600,8612,27619,4204,5793,22580,3907,6477,24735,Day_1,Fair,Intermediate,2.5mm,Experiment_2
2025-10-23T00:34:20.699Z,2737,6954,24530,3595,8630,27624,4184,5767,22441,3882,6422,24531,Day_1,Fair,Intermediate,2.5mm,Experiment_2
2025-10-23T00:34:20.739Z,2739,6962,24527,3593,8639,27615,4181,5767,22399,3873,6403,24477,Day_1,Fair,Intermediate,2.5mm,Experiment_2
2025-10-23T00:34:20.779Z,2745,6961,24501,3597,8637,27600,4199,5781,22453,3884,6422,24559,Day_1,Fair,Intermediate,2.5mm,Experiment_2
2025-10-23T00:34:20.819Z,2754,6958,24475,3605,8629,27593,4222,5798,22540,3903,6457,24684,Day_1,Fair,Intermediate,2.5mm,Experiment_2
2025-10-23T00:34:20.859Z,2761,6954,24457,3612,8621,27591,4235,5814,22604,3917,6489,24784,Day_1,Fair,Intermediate,2.5mm,Experiment_2
2025-10-23T00:34:20.899Z,2765,6951,24451,3617,8615,27590,4244,5824,22628,3923,6503,24829,Day_1,Fair,Intermediate,2.5mm,Experiment_2
2025-10-23T00:34:20.939Z,2766,6947,24450,3621,8613,27592,4254,5826,22636,3929,6506,24841,Day_1,Fair,Intermediate,2.5mm,Experiment_2
2025-10-23T00:34:20.979Z,2760,6942,24446,3621,8609,27594,4258,5825,22666,3934,6517,24881,Day_1,Fair,Intermediate,2.5mm,Experiment_2
2025-10-23T00:34:21.019Z,2753,6937,24437,3618,8605,27593,4255,5832,22733,3938,6539,24969,Day_1,Fair,Intermediate,2.5mm,Experiment_2
2025-10-23T00:34:21.059Z,2749,6934,24429,3617,8603,27588,4249,5843,22805,3941,6559,25059,Day_1,Fair,Intermediate,2.5mm,Experiment_2
2025-10-23T00:34:21.099Z,2742,6931,24423,3611,8600,27579,4240,5849,22843,3939,6567,25106,Day_1,Fair,Intermediate,2.5mm,Experiment_2
2025-10-23T00:34:21.139Z,2730,6929,24422,3600,8597,27572,4227,5850,22830,3935,6562,25094,Day_1,Fair,Intermediate,2.5mm,Experiment_2
2025-10-23T00:34:21.179Z,2725,6930,24437,3594,8596,27575,4214,5842,22759,3927,6539,25002,Day_1,Fair,Intermediate,2.5mm,Experiment_2
2025-10-23T00:34:21.219Z,2732,6934,24478,3595,8601,27596,4202,5814,22628,3909,6483,24801,Day_1,Fair,Intermediate,2.5mm,Experiment_2
2025-10-23T00:34:21.259Z,2741,6940,24529,3600,8608,27620,4193,5772,22473,3882,6410,24550,Day_1,Fair,Intermediate,2.5mm,Experiment_2
2025-10-23T00:34:21.299Z,2747,6945,24552,3603,8615,27628,4197,5749,22380,3867,6369,24396,Day_1,Fair,Intermediate,2.5mm,Experiment_2
2025-10-23T00:34:21.339Z,2751,6944,24534,3605,8619,27620,4223,5762,22398,3877,6382,24424,Day_1,Fair,Intermediate,2.5mm,Experiment_2
2025-10-23T00:34:21.379Z,2750,6941,24499,3605,8618,27607,4254,5790,22493,3902,6428,24578,Day_1,Fair,Intermediate,2.5mm,Experiment_2
2025-10-23T00:34:21.419Z,2743,6942,24472,3604,8617,27601,4265,5811,22596,3922,6472,24742,Day_1,Fair,Intermediate,2.5mm,Experiment_2
2025-10-23T00:34:21.459Z,2735,6947,24462,3603,8616,27600,4246,5821,22654,3927,6497,24838,Day_1,Fair,Intermediate,2.5mm,Experiment_2
2025-10-23T00:34:21.499Z,2731,6948,24458,3601,8613,27595,4218,5824,22671,3922,6509,24877,Day_1,Fair,Intermediate,2.5mm,Experiment_2
2025-10-23T00:34:21.539Z,2730,6945,24449,3600,8609,27585,4207,5828,22697,3924,6525,24923,Day_1,Fair,Intermediate,2.5mm,Experiment_2
2025-10-23T00:34:21.579Z,2730,6939,24437,3598,8601,27580,4216,5839,22757,3933,6545,24997,Day_1,Fair,Intermediate,2.5mm,Experiment_2
2025-10-23T00:34:21.619Z,2734,6932,24431,3601,8594,27584,4234,5848,22814,3942,6561,25065,Day_1,Fair,Intermediate,2.5mm,Experiment_2
2025-10-23T00:34:21.659Z,2743,6931,24428,3607,8597,27585,4255,5850,22836,3950,6567,25098,Day_1,Fair,Intermediate,2.5mm,Experiment_2
2025-10-23T00:34:21.699Z,2748,6934,24425,3608,8606,27580,4266,5845,22828,3955,6564,25098,Day_1,Fair,Intermediate,2.5mm,Experiment_2
2025-10-23T00:34:21.739Z,2745,6938,24432,3603,8613,27577,4259,5833,22787,3945,6545,25037,Day_1,Fair,Intermediate,2.5mm,Experiment_2
2025-10-23T00:34:21.779Z,2744,6942,24463,3602,8616,27586,4240,5809,22676,3917,6498,24859,Day_1,Fair,Intermediate,2.5mm,Experiment_2
2025-10-23T00:34:21.819Z,2750,6945,24511,3605,8619,27601,4216,5776,22502,3878,6427,24583,Day_1,Fair,Intermediate,2.5mm,Experiment_2
2025-10-23T00:34:21.859Z,2753,6947,24544,3605,8620,27608,4195,5757,22370,3851,6373,24371,Day_1,Fair,Intermediate,2.5mm,Experiment_2
2025-10-23T00:34:21.899Z,2748,6949,24534,3601,8622,27604,4193,5763,22370,3854,6372,24368,Day_1,Fair,Intermediate,2.5mm,Experiment_2
2025-10-23T00:34:21.939Z,2738,6952,24499,3598,8621,27595,4204,5781,22474,3879,6412,24530,Day_1,Fair,Intermediate,2.5mm,Experiment_2
2025-10-23T00:34:21.979Z,2732,6951,24470,3597,8620,27591,4213,5795,22589,3903,6458,24710,Day_1,Fair,Intermediate,2.5mm,Experiment_2
2025-10-23T00:34:22.019Z,2732,6948,24462,3599,8620,27594,4212,5808,22656,3917,6491,24820,Day_1,Fair,Intermediate,2.5mm,Experiment_2
2025-10-23T00:34:22.059Z,2735,6947,24467,3603,8620,27601,4206,5818,22679,3919,6508,24864,Day_1,Fair,Intermediate,2.5mm,Experiment_2
2025-10-23T00:34:22.099Z,2741,6945,24468,3608,8618,27602,4204,5822,22698,3920,6514,24897,Day_1,Fair,Intermediate,2.5mm,Experiment_2
2025-10-23T00:34:22.139Z,2746,6948,24459,3610,8618,27596,4210,5828,22735,3927,6528,24956,Day_1,Fair,Intermediate,2.5mm,Experiment_2
2025-10-23T00:34:22.179Z,2746,6954,24448,3610,8621,27590,4219,5839,22777,3935,6549,25023,Day_1,Fair,Intermediate,2.5mm,Experiment_2
2025-10-23T00:34:22.219Z,2744,6952,24442,3609,8621,27589,4226,5844,22805,3938,6563,25070,Day_1,Fair,Intermediate,2.5mm,Experiment_2
2025-10-23T00:34:22.259Z,2742,6947,24440,3607,8617,27591,4235,5838,22813,3940,6565,25090,Day_1,Fair,Intermediate,2.5mm,Experiment_2
2025-10-23T00:34:22.299Z,2738,6945,24446,3604,8614,27594,4243,5827,22780,3938,6554,25056,Day_1,Fair,Intermediate,2.5mm,Experiment_2
2025-10-23T00:34:22.339Z,2735,6946,24462,3599,8614,27597,4236,5810,22681,3923,6519,24916,Day_1,Fair,Intermediate,2.5mm,Experiment_2
2025-10-23T00:34:22.379Z,2736,6946,24486,3595,8615,27597,4213,5785,22533,3892,6456,24676,Day_1,Fair,Intermediate,2.5mm,Experiment_2
2025-10-23T00:34:22.419Z,2742,6944,24508,3596,8616,27596,4192,5763,22416,3866,6401,24469,Day_1,Fair,Intermediate,2.5mm,Experiment_2
2025-10-23T00:34:22.459Z,2746,6942,24509,3601,8615,27599,4190,5759,22410,3862,6392,24436,Day_1,Fair,Intermediate,2.5mm,Experiment_2
2025-10-23T00:34:22.499Z,2746,6942,24492,3606,8615,27602,4205,5768,22495,3879,6421,24551,Day_1,Fair,Intermediate,2.5mm,Experiment_2
2025-10-23T00:34:22.539Z,2744,6947,24473,3609,8622,27602,4227,5780,22593,3903,6458,24704,Day_1,Fair,Intermediate,2.5mm,Experiment_2
2025-10-23T00:34:22.579Z,2748,6956,24466,3613,8631,27602,4238,5787,22647,3918,6481,24813,Day_1,Fair,Intermediate,2.5mm,Experiment_2
2025-10-23T00:34:22.619Z,2755,6962,24468,3617,8634,27604,4230,5788,22649,3920,6488,24855,Day_1,Fair,Intermediate,2.5mm,Experiment_2
2025-10-23T00:34:22.659Z,2758,6958,24470,3617,8628,27605,4212,5797,22636,3914,6495,24864,Day_1,Fair,Intermediate,2.5mm,Experiment_2
2025-10-23T00:34:22.699Z,2755,6950,24464,3612,8619,27602,4202,5821,22658,3914,6516,24904,Day_1,Fair,Intermediate,2.5mm,Experiment_2
2025-10-23T00:34:22.739Z,2753,6948,24450,3611,8618,27596,4209,5846,22715,3924,6543,24982,Day_1,Fair,Intermediate,2.5mm,Experiment_2
2025-10-23T00:34:22.779Z,2749,6950,24435,3610,8622,27589,4225,5858,22770,3939,6561,25052,Day_1,Fair,Intermediate,2.5mm,Experiment_2
2025-10-23T00:34:22.819Z,2742,6947,24427,3605,8619,27585,4238,5856,22798,3950,6566,25090,Day_1,Fair,Intermediate,2.5mm,Experiment_2
2025-10-23T00:34:22.859Z,2734,6937,24433,3600,8610,27589,4239,5844,22790,3950,6558,25085,Day_1,Fair,Intermediate,2.5mm,Experiment_2
2025-10-23T00:34:22.899Z,2732,6932,24459,3600,8605,27600,4220,5822,22726,3931,6528,24996,Day_1,Fair,Intermediate,2.5mm,Experiment_2
2025-10-23T00:34:22.939Z,2735,6934,24496,3603,8608,27610,4193,5793,22597,3897,6473,24801,Day_1,Fair,Intermediate,2.5mm,Experiment_2
2025-10-23T00:34:22.979Z,2740,6938,24528,3605,8614,27614,4176,5766,22458,3866,6415,24587,Day_1,Fair,Intermediate,2.5mm,Experiment_2
2025-10-23T00:34:23.019Z,2745,6942,24535,3608,8619,27610,4170,5755,22402,3853,6387,24484,Day_1,Fair,Intermediate,2.5mm,Experiment_2
2025-10-23T00:34:23.059Z,2746,6944,24519,3610,8622,27605,4166,5765,22454,3858,6399,24526,Day_1,Fair,Intermediate,2.5mm,Experiment_2
2025-10-23T00:34:23.099Z,2744,6941,24493,3609,8619,27601,4170,5793,22560,3875,6438,24653,Day_1,Fair,Intermediate,2.5mm,Experiment_2
2025-10-23T00:34:23.139Z,2743,6938,24473,3608,8617,27601,4181,5828,22648,3893,6480,24774,Day_1,Fair,Intermediate,2.5mm,Experiment_2
2025-10-23T00:34:23.179Z,2748,6941,24469,3612,8622,27605,4194,5849,22674,3904,6504,24829,Day_1,Fair,Intermediate,2.5mm,Experiment_2
2025-10-23T00:34:23.219Z,2751,6949,24475,3617,8626,27610,4210,5855,22656,3914,6511,24836,Day_1,Fair,Intermediate,2.5mm,Experiment_2
2025-10-23T00:34:23.259Z,2750,6954,24475,3617,8624,27611,4227,5859,22653,3926,6524,24862,Day_1,Fair,Intermediate,2.5mm,Experiment_2
2025-10-23T00:34:23.299Z,2746,6954,24460,3610,8619,27604,4237,5866,22697,3938,6547,24934,Day_1,Fair,Intermediate,2.5mm,Experiment_2
2025-10-23T00:34:23.339Z,2740,6950,24442,3602,8613,27594,4240,5873,22760,3946,6571,25023,Day_1,Fair,Intermediate,2.5mm,Experiment_2
2025-10-23T00:34:23.379Z,2734,6941,24434,3596,8606,27588,4236,5879,22811,3949,6586,25088,Day_1,Fair,Intermediate,2.5mm,Experiment_2
2025-10-23T00:34:23.419Z,2734,6932,24437,3594,8600,27586,4229,5877,22833,3949,6586,25106,Day_1,Fair,Intermediate,2.5mm,Experiment_2
2025-10-23T00:34:23.459Z,2737,6933,24451,3596,8602,27588,4225,5859,22793,3943,6563,25036,Day_1,Fair,Intermediate,2.5mm,Experiment_2
2025-10-23T00:34:23.499Z,2742,6947,24483,3596,8614,27599,4218,5824,22657,3924,6507,24833,Day_1,Fair,Intermediate,2.5mm,Experiment_2
2025-10-23T00:34:23.539Z,2743,6962,24527,3595,8625,27614,4203,5779,22469,3889,6430,24549,Day_1,Fair,Intermediate,2.5mm,Experiment_2
2025-10-23T00:34:23.579Z,2743,6963,24554,3595,8622,27624,4190,5752,22348,3860,6374,24355,Day_1,Fair,Intermediate,2.5mm,Experiment_2
2025-10-23T00:34:23.619Z,2742,6950,24547,3598,8609,27624,4190,5765,22364,3856,6376,24369,Day_1,Fair,Intermediate,2.5mm,Experiment_2
2025-10-23T00:34:23.659Z,2740,6935,24513,3600,8597,27615,4200,5799,22476,3873,6419,24535,Day_1,Fair,Intermediate,2.5mm,Experiment_2
2025-10-23T00:34:23.699Z,2735,6927,24473,3598,8592,27596,4210,5820,22595,3896,6465,24722,Day_1,Fair,Intermediate,2.5mm,Experiment_2
2025-10-23T00:34:23.739Z,2732,6923,24445,3595,8591,27578,4212,5824,22664,3910,6493,24844,Day_1,Fair,Intermediate,2.5mm,Experiment_2
2025-10-23T00:34:23.779Z,2732,6920,24432,3597,8592,27568,4210,5825,22687,3914,6510,24901,Day_1,Fair,Intermediate,2.5mm,Experiment_2
2025-10-23T00:34:23.819Z,2737,6919,24424,3600,8595,27566,4210,5830,22709,3919,6525,24954,Day_1,Fair,Intermediate,2.5mm,Experiment_2
2025-10-23T00:34:23.859Z,2742,6924,24419,3605,8601,27567,4215,5839,22751,3930,6543,25025,Day_1,Fair,Intermediate,2.5mm,Experiment_2
2025-10-23T00:34:23.899Z,2748,6934,24420,3610,8608,27571,4226,5850,22787,3945,6557,25075,Day_1,Fair,Intermediate,2.5mm,Experiment_2
2025-10-23T00:34:23.939Z,2756,6938,24424,3619,8609,27576,4240,5864,22807,3960,6568,25090,Day_1,Fair,Intermediate,2.5mm,Experiment_2
2025-10-23T00:34:23.979Z,2762,6935,24430,3626,8605,27584,4246,5869,22818,3964,6574,25089,Day_1,Fair,Intermediate,2.5mm,Experiment_2
2025-10-23T00:34:24.019Z,2759,6937,24444,3623,8608,27594,4243,5853,22802,3952,6559,25042,Day_1,Fair,Intermediate,2.5mm,Experiment_2
2025-10-23T00:34:24.059Z,2752,6947,24472,3614,8617,27602,4229,5820,22713,3924,6512,24886,Day_1,Fair,Intermediate,2.5mm,Experiment_2
2025-10-23T00:34:24.099Z,2753,6959,24511,3608,8626,27608,4207,5778,22553,3886,6439,24628,Day_1,Fair,Intermediate,2.5mm,Experiment_2
2025-10-23T00:34:24.139Z,2756,6965,24538,3607,8629,27611,4190,5742,22417,3855,6380,24419,Day_1,Fair,Intermediate,2.5mm,Experiment_2
2025-10-23T00:34:24.179Z,2756,6963,24534,3605,8629,27609,4187,5733,22401,3849,6371,24403,Day_1,Fair,Intermediate,2.5mm,Experiment_2
2025-10-23T00:34:24.219Z,2750,6954,24507,3602,8625,27603,4194,5755,22484,3863,6403,24540,Day_1,Fair,Intermediate,2.5mm,Experiment_2
2025-10-23T00:34:24.260Z,2744,6947,24479,3599,8620,27595,4206,5787,22585,3884,6448,24703,Day_1,Fair,Intermediate,2.5mm,Experiment_2
2025-10-23T00:34:24.300Z,2740,6945,24462,3597,8619,27591,4223,5809,22650,3903,6483,24816,Day_1,Fair,Intermediate,2.5mm,Experiment_2
2025-10-23T00:34:24.340Z,2742,6946,24457,3597,8621,27589,4231,5815,22669,3913,6497,24860,Day_1,Fair,Intermediate,2.5mm,Experiment_2
2025-10-23T00:34:24.380Z,2746,6946,24453,3598,8622,27585,4222,5815,22677,3912,6501,24880,Day_1,Fair,Intermediate,2.5mm,Experiment_2
2025-10-23T00:34:24.420Z,2743,6944,24442,3598,8623,27578,4209,5820,22714,3912,6516,24936,Day_1,Fair,Intermediate,2.5mm,Experiment_2
2025-10-23T00:34:24.460Z,2736,6944,24432,3596,8624,27576,4205,5832,22770,3920,6544,25018,Day_1,Fair,Intermediate,2.5mm,Experiment_2
2025-10-23T00:34:24.500Z,2732,6946,24429,3595,8623,27579,4209,5841,22807,3929,6564,25074,Day_1,Fair,Intermediate,2.5mm,Experiment_2
2025-10-23T00:34:24.540Z,2734,6947,24432,3599,8621,27582,4219,5846,22812,3936,6568,25091,Day_1,Fair,Intermediate,2.5mm,Experiment_2
2025-10-23T00:34:24.580Z,2741,6948,24443,3606,8619,27588,4226,5852,22786,3939,6562,25066,Day_1,Fair,Intermediate,2.5mm,Experiment_2
2025-10-23T00:34:24.620Z,2750,6953,24471,3613,8621,27603,4218,5850,22709,3927,6537,24954,Day_1,Fair,Intermediate,2.5mm,Experiment_2
2025-10-23T00:34:24.660Z,2758,6955,24512,3616,8625,27621,4193,5821,22574,3897,6484,24746,Day_1,Fair,Intermediate,2.5mm,Experiment_2
2025-10-23T00:34:24.700Z,2760,6947,24539,3613,8619,27626,4167,5775,22452,3866,6424,24554,Day_1,Fair,Intermediate,2.5mm,Experiment_2
2025-10-23T00:34:24.740Z,2761,6929,24531,3609,8603,27619,4165,5748,22430,3857,6398,24507,Day_1,Fair,Intermediate,2.5mm,Experiment_2
2025-10-23T00:34:24.780Z,2762,6921,24503,3611,8593,27610,4185,5758,22502,3869,6415,24590,Day_1,Fair,Intermediate,2.5mm,Experiment_2
2025-10-23T00:34:24.820Z,2762,6926,24475,3614,8598,27606,4211,5786,22604,3890,6451,24716,Day_1,Fair,Intermediate,2.5mm,Experiment_2
2025-10-23T00:34:24.860Z,2755,6929,24456,3613,8604,27600,4229,5809,22681,3909,6480,24817,Day_1,Fair,Intermediate,2.5mm,Experiment_2
2025-10-23T00:34:24.900Z,2746,6926,24446,3610,8605,27592,4234,5819,22703,3918,6491,24858,Day_1,Fair,Intermediate,2.5mm,Experiment_2
2025-10-23T00:34:24.940Z,2742,6929,24444,3611,8607,27588,4234,5820,22685,3920,6493,24857,Day_1,Fair,Intermediate,2.5mm,Experiment_2
2025-10-23T00:34:24.980Z,2744,6939,24439,3613,8615,27584,4236,5824,22679,3925,6506,24883,Day_1,Fair,Intermediate,2.5mm,Experiment_2
2025-10-23T00:34:25.020Z,2744,6948,24425,3613,8621,27577,4235,5833,22714,3932,6533,24961,Day_1,Fair,Intermediate,2.5mm,Experiment_2
2025-10-23T00:34:25.060Z,2741,6952,24408,3609,8624,27569,4237,5842,22766,3937,6557,25049,Day_1,Fair,Intermediate,2.5mm,Experiment_2
2025-10-23T00:34:25.100Z,2738,6955,24403,3604,8627,27567,4251,5844,22794,3945,6567,25095,Day_1,Fair,Intermediate,2.5mm,Experiment_2
2025-10-23T00:34:25.140Z,2738,6958,24417,3600,8633,27573,4266,5839,22783,3951,6559,25077,Day_1,Fair,Intermediate,2.5mm,Experiment_2
2025-10-23T00:34:25.180Z,2742,6959,24445,3599,8637,27585,4255,5822,22719,3940,6527,24975,Day_1,Fair,Intermediate,2.5mm,Experiment_2
2025-10-23T00:34:25.220Z,2750,6957,24483,3601,8637,27598,4217,5792,22587,3907,6470,24773,Day_1,Fair,Intermediate,2.5mm,Experiment_2
2025-10-23T00:34:25.260Z,2756,6955,24521,3605,8634,27608,4180,5761,22433,3869,6406,24532,Day_1,Fair,Intermediate,2.5mm,Experiment_2
2025-10-23T00:34:25.300Z,2755,6956,24541,3605,8631,27611,4168,5749,22345,3849,6372,24386,Day_1,Fair,Intermediate,2.5mm,Experiment_2
2025-10-23T00:34:25.340Z,2748,6959,24535,3602,8631,27611,4176,5758,22367,3854,6384,24409,Day_1,Fair,Intermediate,2.5mm,Experiment_2
2025-10-23T00:34:25.380Z,2744,6960,24513,3601,8633,27609,4193,5777,22467,3876,6423,24555,Day_1,Fair,Intermediate,2.5mm,Experiment_2
2025-10-23T00:34:25.420Z,2744,6956,24491,3602,8632,27604,4210,5790,22582,3900,6463,24720,Day_1,Fair,Intermediate,2.5mm,Experiment_2
2025-10-23T00:34:25.460Z,2744,6952,24478,3603,8628,27597,4222,5793,22657,3915,6487,24827,Day_1,Fair,Intermediate,2.5mm,Experiment_2
2025-10-23T00:34:25.500Z,2743,6948,24470,3604,8623,27589,4229,5792,22686,3922,6495,24874,Day_1,Fair,Intermediate,2.5mm,Experiment_2
2025-10-23T00:34:25.540Z,2742,6947,24459,3603,8620,27583,4233,5802,22706,3927,6505,24917,Day_1,Fair,Intermediate,2.5mm,Experiment_2
2025-10-23T00:34:25.580Z,2738,6946,24441,3599,8617,27581,4237,5824,22744,3934,6526,24983,Day_1,Fair,Intermediate,2.5mm,Experiment_2
2025-10-23T00:34:25.620Z,2735,6941,24426,3596,8614,27582,4235,5840,22785,3937,6549,25047,Day_1,Fair,Intermediate,2.5mm,Experiment_2
2025-10-23T00:34:25.660Z,2736,6937,24420,3596,8611,27584,4225,5840,22809,3931,6559,25085,Day_1,Fair,Intermediate,2.5mm,Experiment_2
2025-10-23T00:34:25.700Z,2741,6939,24426,3600,8613,27588,4219,5832,22802,3925,6559,25086,Day_1,Fair,Intermediate,2.5mm,Experiment_2
2025-10-23T00:34:25.740Z,2747,6943,24448,3605,8616,27597,4222,5819,22746,3922,6544,25015,Day_1,Fair,Intermediate,2.5mm,Experiment_2
2025-10-23T00:34:25.780Z,2753,6945,24483,3608,8618,27606,4223,5797,22626,3912,6499,24831,Day_1,Fair,Intermediate,2.5mm,Experiment_2
2025-10-23T00:34:25.820Z,2759,6947,24526,3612,8619,27615,4207,5768,22466,3885,6430,24562,Day_1,Fair,Intermediate,2.5mm,Experiment_2
2025-10-23T00:34:25.860Z,2762,6948,24553,3615,8617,27621,4182,5752,22354,3852,6378,24359,Day_1,Fair,Intermediate,2.5mm,Experiment_2
2025-10-23T00:34:25.900Z,2758,6945,24544,3615,8612,27621,4172,5763,22366,3841,6382,24356,Day_1,Fair,Intermediate,2.5mm,Experiment_2
2025-10-23T00:34:25.940Z,2753,6940,24508,3614,8606,27613,4187,5794,22480,3858,6426,24514,Day_1,Fair,Intermediate,2.5mm,Experiment_2
2025-10-23T00:34:25.980Z,2748,6941,24473,3613,8608,27600,4211,5822,22598,3881,6471,24698,Day_1,Fair,Intermediate,2.5mm,Experiment_2
2025-10-23T00:34:26.020Z,2742,6949,24453,3608,8618,27591,4225,5838,22652,3894,6497,24815,Day_1,Fair,Intermediate,2.5mm,Experiment_2
2025-10-23T00:34:26.060Z,2733,6956,24449,3601,8626,27591,4224,5840,22654,3898,6509,24859,Day_1,Fair,Intermediate,2.5mm,Experiment_2
2025-10-23T00:34:26.100Z,2726,6956,24447,3597,8626,27594,4220,5836,22663,3904,6518,24892,Day_1,Fair,Intermediate,2.5mm,Experiment_2
2025-10-23T00:34:26.140Z,2724,6949,24438,3595,8622,27589,4220,5833,22715,3915,6534,24958,Day_1,Fair,Intermediate,2.5mm,Experiment_2
2025-10-23T00:34:26.180Z,2722,6944,24426,3594,8620,27580,4225,5838,22785,3927,6553,25034,Day_1,Fair,Intermediate,2.5mm,Experiment_2
2025-10-23T00:34:26.220Z,2721,6943,24416,3593,8619,27572,4233,5849,22828,3937,6568,25084,Day_1,Fair,Intermediate,2.5mm,Experiment_2
2025-10-23T00:34:26.260Z,2725,6941,24413,3597,8615,27566,4241,5859,22830,3946,6574,25101,Day_1,Fair,Intermediate,2.5mm,Experiment_2
2025-10-23T00:34:26.300Z,2733,6937,24424,3604,8608,27569,4240,5852,22796,3945,6562,25065,Day_1,Fair,Intermediate,2.5mm,Experiment_2
2025-10-23T00:34:26.340Z,2744,6936,24458,3611,8605,27582,4224,5824,22703,3926,6522,24926,Day_1,Fair,Intermediate,2.5mm,Experiment_2
2025-10-23T00:34:26.380Z,2757,6940,24504,3616,8607,27598,4198,5783,22550,3891,6457,24680,Day_1,Fair,Intermediate,2.5mm,Experiment_2
2025-10-23T00:34:26.420Z,2769,6941,24535,3621,8609,27606,4179,5751,22421,3859,6398,24464,Day_1,Fair,Intermediate,2.5mm,Experiment_2
2025-10-23T00:34:26.460Z,2777,6939,24532,3626,8608,27604,4177,5749,22407,3853,6384,24426,Day_1,Fair,Intermediate,2.5mm,Experiment_2
2025-10-23T00:34:26.500Z,2780,6936,24508,3629,8608,27597,4186,5770,22491,3867,6414,24543,Day_1,Fair,Intermediate,2.5mm,Experiment_2
2025-10-23T00:34:26.540Z,2776,6936,24485,3626,8611,27593,4204,5791,22588,3888,6456,24695,Day_1,Fair,Intermediate,2.5mm,Experiment_2
2025-10-23T00:34:26.580Z,2763,6942,24473,3617,8618,27596,4226,5799,22641,3908,6486,24803,Day_1,Fair,Intermediate,2.5mm,Experiment_2
2025-10-23T00:34:26.620Z,2750,6951,24471,3607,8626,27599,4234,5800,22650,3918,6495,24847,Day_1,Fair,Intermediate,2.5mm,Experiment_2
2025-10-23T00:34:26.660Z,2744,6960,24470,3605,8631,27599,4228,5802,22654,3919,6494,24870,Day_1,Fair,Intermediate,2.5mm,Experiment_2
2025-10-23T00:34:26.700Z,2749,6962,24464,3610,8629,27594,4231,5806,22695,3928,6502,24927,Day_1,Fair,Intermediate,2.5mm,Experiment_2
2025-10-23T00:34:26.740Z,2754,6954,24453,3613,8622,27590,4256,5818,22768,3951,6525,25015,Day_1,Fair,Intermediate,2.5mm,Experiment_2
2025-10-23T00:34:26.780Z,2747,6942,24441,3605,8615,27585,4277,5835,22829,3968,6552,25089,Day_1,Fair,Intermediate,2.5mm,Experiment_2
2025-10-23T00:34:26.820Z,2737,6932,24429,3595,8609,27578,4268,5849,22848,3966,6567,25122,Day_1,Fair,Intermediate,2.5mm,Experiment_2
2025-10-23T00:34:26.860Z,2735,6931,24428,3592,8607,27577,4247,5848,22817,3950,6564,25103,Day_1,Fair,Intermediate,2.5mm,Experiment_2
2025-10-23T00:34:26.900Z,2744,6940,24451,3599,8612,27589,4231,5829,22729,3930,6534,24996,Day_1,Fair,Intermediate,2.5mm,Experiment_2
2025-10-23T00:34:26.940Z,2754,6952,24493,3607,8620,27610,4216,5797,22585,3903,6477,24786,Day_1,Fair,Intermediate,2.5mm,Experiment_2
2025-10-23T00:34:26.980Z,2756,6956,24527,3607,8625,27623,4203,5767,22445,3878,6417,24566,Day_1,Fair,Intermediate,2.5mm,Experiment_2
2025-10-23T00:34:27.020Z,2749,6950,24528,3602,8622,27616,4200,5755,22396,3866,6388,24472,Day_1,Fair,Intermediate,2.5mm,Experiment_2
2025-10-23T00:34:27.060Z,2743,6938,24497,3599,8614,27596,4202,5764,22452,3869,6401,24527,Day_1,Fair,Intermediate,2.5mm,Experiment_2
2025-10-23T00:34:27.100Z,2745,6930,24463,3603,8608,27580,4201,5782,22553,3878,6440,24658,Day_1,Fair,Intermediate,2.5mm,Experiment_2
2025-10-23T00:34:27.140Z,2752,6930,24446,3611,8608,27576,4195,5799,22630,3886,6478,24775,Day_1,Fair,Intermediate,2.5mm,Experiment_2
2025-10-23T00:34:27.180Z,2754,6933,24446,3613,8609,27582,4191,5807,22657,3891,6497,24826,Day_1,Fair,Intermediate,2.5mm,Experiment_2
2025-10-23T00:34:27.220Z,2748,6935,24454,3607,8608,27592,4195,5810,22661,3896,6501,24837,Day_1,Fair,Intermediate,2.5mm,Experiment_2
2025-10-23T00:34:27.260Z,2739,6935,24455,3600,8605,27597,4205,5814,22688,3905,6506,24874,Day_1,Fair,Intermediate,2.5mm,Experiment_2
2025-10-23T00:34:27.300Z,2735,6937,24449,3600,8603,27593,4215,5823,22744,3920,6525,24958,Day_1,Fair,Intermediate,2.5mm,Experiment_2
2025-10-23T00:34:27.340Z,2736,6940,24441,3603,8602,27585,4226,5835,22800,3939,6546,25045,Day_1,Fair,Intermediate,2.5mm,Experiment_2
2025-10-23T00:34:27.380Z,2738,6939,24434,3606,8600,27579,4237,5841,22835,3955,6560,25099,Day_1,Fair,Intermediate,2.5mm,Experiment_2
2025-10-23T00:34:27.420Z,2738,6935,24432,3605,8598,27579,4243,5840,22839,3958,6562,25108,Day_1,Fair,Intermediate,2.5mm,Experiment_2
2025-10-23T00:34:27.460Z,2739,6937,24447,3602,8602,27590,4248,5832,22782,3949,6548,25038,Day_1,Fair,Intermediate,2.5mm,Experiment_2
2025-10-23T00:34:27.500Z,2745,6947,24485,3602,8616,27608,4244,5811,22643,3927,6504,24846,Day_1,Fair,Intermediate,2.5mm,Experiment_2
2025-10-23T00:34:27.540Z,2756,6953,24530,3608,8626,27618,4225,5772,22461,3892,6433,24566,Day_1,Fair,Intermediate,2.5mm,Experiment_2
2025-10-23T00:34:27.580Z,2763,6949,24553,3613,8625,27617,4203,5727,22340,3859,6377,24360,Day_1,Fair,Intermediate,2.5mm,Experiment_2
2025-10-23T00:34:27.620Z,2764,6944,24540,3614,8622,27614,4194,5703,22348,3849,6374,24358,Day_1,Fair,Intermediate,2.5mm,Experiment_2
2025-10-23T00:34:27.660Z,2758,6946,24506,3611,8623,27612,4198,5720,22451,3863,6417,24515,Day_1,Fair,Intermediate,2.5mm,Experiment_2
2025-10-23T00:34:27.700Z,2749,6949,24475,3606,8620,27603,4206,5767,22561,3888,6463,24694,Day_1,Fair,Intermediate,2.5mm,Experiment_2
2025-10-23T00:34:27.740Z,2740,6950,24455,3601,8614,27590,4213,5808,22622,3907,6490,24809,Day_1,Fair,Intermediate,2.5mm,Experiment_2
2025-10-23T00:34:27.780Z,2736,6950,24447,3601,8611,27582,4211,5825,22639,3915,6505,24860,Day_1,Fair,Intermediate,2.5mm,Experiment_2
2025-10-23T00:34:27.820Z,2737,6948,24438,3603,8613,27577,4205,5828,22665,3916,6520,24911,Day_1,Fair,Intermediate,2.5mm,Experiment_2
2025-10-23T00:34:27.860Z,2738,6943,24424,3603,8614,27569,4206,5827,22729,3921,6539,24993,Day_1,Fair,Intermediate,2.5mm,Experiment_2
2025-10-23T00:34:27.900Z,2739,6939,24420,3602,8611,27568,4217,5830,22795,3931,6553,25066,Day_1,Fair,Intermediate,2.5mm,Experiment_2
2025-10-23T00:34:27.940Z,2743,6938,24430,3604,8609,27576,4233,5844,22829,3944,6565,25104,Day_1,Fair,Intermediate,2.5mm,Experiment_2
2025-10-23T00:34:27.980Z,2748,6939,24439,3607,8609,27583,4244,5865,22831,3951,6576,25113,Day_1,Fair,Intermediate,2.5mm,Experiment_2
2025-10-23T00:34:28.020Z,2748,6942,24442,3606,8611,27586,4245,5875,22797,3946,6577,25070,Day_1,Fair,Intermediate,2.5mm,Experiment_2
2025-10-23T00:34:28.060Z,2748,6945,24454,3605,8618,27588,4235,5859,22696,3923,6544,24920,Day_1,Fair,Intermediate,2.5mm,Experiment_2
2025-10-23T00:34:28.100Z,2751,6948,24484,3610,8625,27590,4221,5819,22541,3891,6474,24668,Day_1,Fair,Intermediate,2.5mm,Experiment_2
2025-10-23T00:34:28.140Z,2757,6948,24510,3619,8625,27592,4205,5784,22426,3867,6410,24456,Day_1,Fair,Intermediate,2.5mm,Experiment_2
2025-10-23T00:34:28.180Z,2761,6948,24509,3626,8623,27590,4192,5774,22425,3861,6395,24427,Day_1,Fair,Intermediate,2.5mm,Experiment_2
2025-10-23T00:34:28.221Z,2762,6947,24487,3626,8620,27588,4187,5779,22507,3870,6419,24551,Day_1,Fair,Intermediate,2.5mm,Experiment_2
2025-10-23T00:34:28.261Z,2763,6942,24469,3621,8614,27588,4191,5787,22597,3884,6450,24707,Day_1,Fair,Intermediate,2.5mm,Experiment_2
2025-10-23T00:34:28.301Z,2763,6936,24464,3617,8606,27590,4197,5794,22654,3896,6474,24819,Day_1,Fair,Intermediate,2.5mm,Experiment_2
2025-10-23T00:34:28.341Z,2763,6933,24466,3614,8602,27591,4200,5801,22673,3902,6486,24866,Day_1,Fair,Intermediate,2.5mm,Experiment_2
2025-10-23T00:34:28.381Z,2763,6932,24466,3615,8602,27591,4207,5808,22679,3905,6493,24884,Day_1,Fair,Intermediate,2.5mm,Experiment_2
2025-10-23T00:34:28.421Z,2761,6930,24458,3616,8603,27589,4215,5821,22707,3911,6509,24931,Day_1,Fair,Intermediate,2.5mm,Experiment_2
2025-10-23T00:34:28.461Z,2756,6928,24448,3615,8602,27584,4216,5838,22757,3920,6535,25013,Day_1,Fair,Intermediate,2.5mm,Experiment_2
2025-10-23T00:34:28.501Z,2750,6928,24440,3612,8601,27578,4208,5844,22803,3928,6556,25086,Day_1,Fair,Intermediate,2.5mm,Experiment_2
2025-10-23T00:34:28.541Z,2746,6929,24432,3611,8602,27570,4203,5837,22824,3932,6562,25117,Day_1,Fair,Intermediate,2.5mm,Experiment_2
2025-10-23T00:34:28.581Z,2745,6932,24426,3611,8606,27565,4208,5820,22808,3933,6553,25096,Day_1,Fair,Intermediate,2.5mm,Experiment_2
2025-10-23T00:34:28.621Z,2747,6934,24437,3610,8610,27567,4216,5802,22737,3923,6523,24994,Day_1,Fair,Intermediate,2.5mm,Experiment_2
2025-10-23T00:34:28.661Z,2751,6934,24472,3610,8612,27582,4210,5783,22608,3895,6471,24794,Day_1,Fair,Intermediate,2.5mm,Experiment_2
2025-10-23T00:34:28.701Z,2756,6935,24515,3611,8612,27604,4188,5765,22470,3861,6418,24581,Day_1,Fair,Intermediate,2.5mm,Experiment_2
2025-10-23T00:34:28.741Z,2756,6939,24536,3608,8614,27622,4166,5761,22404,3842,6394,24481,Day_1,Fair,Intermediate,2.5mm,Experiment_2
2025-10-23T00:34:28.781Z,2750,6942,24525,3604,8616,27623,4166,5779,22435,3849,6412,24524,Day_1,Fair,Intermediate,2.5mm,Experiment_2
2025-10-23T00:34:28.821Z,2744,6942,24494,3601,8616,27610,4195,5808,22521,3878,6453,24650,Day_1,Fair,Intermediate,2.5mm,Experiment_2
2025-10-23T00:34:28.861Z,2741,6939,24466,3601,8614,27598,4234,5826,22609,3913,6486,24777,Day_1,Fair,Intermediate,2.5mm,Experiment_2
2025-10-23T00:34:28.901Z,2741,6937,24459,3603,8613,27596,4249,5828,22660,3932,6497,24843,Day_1,Fair,Intermediate,2.5mm,Experiment_2
2025-10-23T00:34:28.941Z,2742,6941,24463,3607,8613,27600,4231,5827,22675,3928,6498,24856,Day_1,Fair,Intermediate,2.5mm,Experiment_2
2025-10-23T00:34:28.981Z,2743,6950,24460,3608,8615,27599,4206,5831,22693,3917,6508,24880,Day_1,Fair,Intermediate,2.5mm,Experiment_2
2025-10-23T00:34:29.021Z,2741,6956,24445,3606,8616,27592,4198,5842,22734,3918,6528,24947,Day_1,Fair,Intermediate,2.5mm,Experiment_2
2025-10-23T00:34:29.061Z,2742,6953,24433,3606,8611,27588,4205,5856,22778,3928,6551,25029,Day_1,Fair,Intermediate,2.5mm,Experiment_2
2025-10-23T00:34:29.101Z,2749,6942,24431,3610,8600,27586,4211,5870,22811,3936,6569,25086,Day_1,Fair,Intermediate,2.5mm,Experiment_2
2025-10-23T00:34:29.141Z,2754,6930,24432,3613,8592,27582,4208,5873,22826,3932,6573,25096,Day_1,Fair,Intermediate,2.5mm,Experiment_2
2025-10-23T00:34:29.181Z,2749,6924,24444,3607,8593,27582,4201,5852,22784,3918,6548,25021,Day_1,Fair,Intermediate,2.5mm,Experiment_2
2025-10-23T00:34:29.221Z,2738,6927,24479,3594,8602,27597,4193,5805,22647,3896,6487,24818,Day_1,Fair,Intermediate,2.5mm,Experiment_2
2025-10-23T00:34:29.261Z,2734,6939,24527,3588,8615,27616,4182,5748,22462,3868,6409,24541,Day_1,Fair,Intermediate,2.5mm,Experiment_2
2025-10-23T00:34:29.301Z,2741,6948,24555,3594,8623,27624,4168,5706,22343,3846,6360,24354,Day_1,Fair,Intermediate,2.5mm,Experiment_2
2025-10-23T00:34:29.341Z,2752,6950,24546,3606,8621,27619,4167,5695,22359,3846,6367,24373,Day_1,Fair,Intermediate,2.5mm,Experiment_2
2025-10-23T00:34:29.381Z,2756,6944,24515,3612,8614,27609,4191,5721,22469,3871,6414,24540,Day_1,Fair,Intermediate,2.5mm,Experiment_2
2025-10-23T00:34:29.421Z,2752,6938,24486,3611,8609,27600,4219,5770,22586,3903,6465,24722,Day_1,Fair,Intermediate,2.5mm,Experiment_2
2025-10-23T00:34:29.461Z,2744,6937,24475,3605,8609,27598,4230,5805,22655,3922,6497,24832,Day_1,Fair,Intermediate,2.5mm,Experiment_2
2025-10-23T00:34:29.501Z,2737,6939,24477,3599,8610,27604,4223,5813,22682,3925,6508,24877,Day_1,Fair,Intermediate,2.5mm,Experiment_2
2025-10-23T00:34:29.541Z,2735,6940,24473,3598,8608,27606,4212,5809,22707,3922,6514,24925,Day_1,Fair,Intermediate,2.5mm,Experiment_2
2025-10-23T00:34:29.581Z,2738,6944,24452,3602,8609,27597,4207,5811,22750,3924,6526,25003,Day_1,Fair,Intermediate,2.5mm,Experiment_2
2025-10-23T00:34:29.621Z,2743,6949,24432,3608,8613,27585,4215,5822,22798,3933,6541,25072,Day_1,Fair,Intermediate,2.5mm,Experiment_2
2025-10-23T00:34:29.661Z,2746,6949,24427,3612,8614,27581,4231,5835,22838,3945,6551,25110,Day_1,Fair,Intermediate,2.5mm,Experiment_2
2025-10-23T00:34:29.701Z,2746,6948,24433,3612,8613,27585,4240,5841,22858,3952,6553,25122,Day_1,Fair,Intermediate,2.5mm,Experiment_2
2025-10-23T00:34:29.741Z,2744,6950,24447,3609,8614,27591,4230,5838,22827,3943,6544,25081,Day_1,Fair,Intermediate,2.5mm,Experiment_2
2025-10-23T00:34:29.781Z,2744,6954,24475,3605,8620,27600,4204,5825,22714,3915,6510,24926,Day_1,Fair,Intermediate,2.5mm,Experiment_2
2025-10-23T00:34:29.821Z,2748,6952,24512,3604,8625,27608,4177,5797,22538,3876,6450,24665,Day_1,Fair,Intermediate,2.5mm,Experiment_2
2025-10-23T00:34:29.861Z,2751,6939,24533,3605,8621,27607,4170,5764,22399,3847,6396,24444,Day_1,Fair,Intermediate,2.5mm,Experiment_2
2025-10-23T00:34:29.901Z,2750,6918,24521,3606,8614,27599,4183,5752,22382,3845,6385,24411,Day_1,Fair,Intermediate,2.5mm,Experiment_2
2025-10-23T00:34:29.941Z,2745,6902,24492,3605,8613,27591,4201,5767,22463,3861,6416,24533,Day_1,Fair,Intermediate,2.5mm,Experiment_2
2025-10-23T00:34:29.981Z,2740,6902,24466,3603,8618,27587,4214,5792,22560,3882,6457,24690,Day_1,Fair,Intermediate,2.5mm,Experiment_2
2025-10-23T00:34:29.521Z,2737,6916,24449,3598,8619,27582,4218,5805,22626,3897,6484,24807,Day_1,Fair,Intermediate,2.5mm,Experiment_2
2025-10-23T00:34:29.561Z,2736,6927,24445,3595,8611,27579,4213,5800,22654,3902,6489,24862,Day_1,Fair,Intermediate,2.5mm,Experiment_2
2025-10-23T00:34:29.601Z,2737,6928,24447,3595,8601,27581,4207,5796,22667,3903,6492,24884,Day_1,Fair,Intermediate,2.5mm,Experiment_2
2025-10-23T00:34:29.641Z,2742,6925,24445,3599,8595,27583,4210,5814,22697,3913,6510,24928,Day_1,Fair,Intermediate,2.5mm,Experiment_2
2025-10-23T00:34:29.681Z,2748,6925,24436,3604,8597,27582,4221,5840,22750,3929,6539,25002,Day_1,Fair,Intermediate,2.5mm,Experiment_2
2025-10-23T00:34:29.721Z,2750,6929,24427,3606,8603,27580,4232,5854,22799,3941,6559,25068,Day_1,Fair,Intermediate,2.5mm,Experiment_2
2025-10-23T00:34:29.761Z,2749,6937,24423,3606,8608,27578,4237,5856,22825,3945,6568,25101,Day_1,Fair,Intermediate,2.5mm,Experiment_2
2025-10-23T00:34:29.801Z,2749,6947,24426,3609,8609,27580,4232,5854,22812,3941,6567,25085,Day_1,Fair,Intermediate,2.5mm,Experiment_2
2025-10-23T00:34:29.841Z,2751,6959,24443,3615,8607,27583,4217,5842,22738,3929,6543,24979,Day_1,Fair,Intermediate,2.5mm,Experiment_2
2025-10-23T00:34:30.381Z,2750,6965,24480,3618,8607,27590,4197,5809,22602,3905,6488,24767,Day_1,Fair,Intermediate,2.5mm,Experiment_2
2025-10-23T00:34:30.421Z,2744,6963,24517,3612,8615,27600,4184,5774,22464,3878,6428,24550,Day_1,Fair,Intermediate,2.5mm,Experiment_2
2025-10-23T00:34:30.461Z,2738,6957,24525,3603,8621,27601,4183,5767,22409,3862,6400,24463,Day_1,Fair,Intermediate,2.5mm,Experiment_2
2025-10-23T00:34:30.501Z,2733,6948,24503,3595,8618,27591,4194,5789,22456,3865,6415,24526,Day_1,Fair,Intermediate,2.5mm,Experiment_2
2025-10-23T00:34:30.541Z,2731,6940,24474,3590,8611,27582,4213,5816,22555,3884,6451,24664,Day_1,Fair,Intermediate,2.5mm,Experiment_2
2025-10-23T00:34:30.581Z,2733,6942,24463,3591,8611,27586,4229,5831,22638,3910,6482,24787,Day_1,Fair,Intermediate,2.5mm,Experiment_2
2025-10-23T00:34:30.621Z,2742,6950,24468,3598,8619,27599,4236,5828,22661,3927,6493,24836,Day_1,Fair,Intermediate,2.5mm,Experiment_2
2025-10-23T00:34:30.661Z,2752,6956,24471,3607,8626,27606,4235,5814,22646,3931,6493,24839,Day_1,Fair,Intermediate,2.5mm,Experiment_2
2025-10-23T00:34:30.701Z,2756,6951,24461,3614,8621,27602,4232,5806,22651,3929,6500,24868,Day_1,Fair,Intermediate,2.5mm,Experiment_2
2025-10-23T00:34:30.741Z,2751,6940,24448,3614,8608,27595,4232,5815,22702,3931,6521,24947,Day_1,Fair,Intermediate,2.5mm,Experiment_2
2025-10-23T00:34:30.781Z,2743,6935,24442,3611,8603,27590,4235,5838,22768,3939,6547,25034,Day_1,Fair,Intermediate,2.5mm,Experiment_2
2025-10-23T00:34:30.821Z,2739,6939,24441,3611,8609,27590,4236,5863,22809,3946,6566,25085,Day_1,Fair,Intermediate,2.5mm,Experiment_2
2025-10-23T00:34:30.861Z,2741,6944,24446,3615,8616,27593,4229,5875,22808,3945,6569,25083,Day_1,Fair,Intermediate,2.5mm,Experiment_2
2025-10-23T00:34:30.901Z,2748,6945,24463,3618,8617,27598,4217,5866,22754,3934,6547,25002,Day_1,Fair,Intermediate,2.5mm,Experiment_2
2025-10-23T00:34:30.941Z,2758,6944,24496,3620,8615,27605,4204,5836,22625,3910,6494,24804,Day_1,Fair,Intermediate,2.5mm,Experiment_2
2025-10-23T00:34:30.981Z,2769,6943,24536,3622,8614,27611,4188,5803,22453,3877,6425,24532,Day_1,Fair,Intermediate,2.5mm,Experiment_2
2025-10-23T00:34:31.021Z,2772,6941,24556,3621,8613,27615,4175,5790,22345,3851,6380,24349,Day_1,Fair,Intermediate,2.5mm,Experiment_2
2025-10-23T00:34:31.061Z,2771,6934,24543,3622,8606,27613,4175,5798,22366,3847,6384,24372,Day_1,Fair,Intermediate,2.5mm,Experiment_2
2025-10-23T00:34:31.101Z,2769,6929,24511,3622,8601,27605,4189,5812,22476,3862,6424,24543,Day_1,Fair,Intermediate,2.5mm,Experiment_2
2025-10-23T00:34:31.141Z,2762,6930,24482,3617,8601,27596,4207,5826,22589,3883,6469,24722,Day_1,Fair,Intermediate,2.5mm,Experiment_2
2025-10-23T00:34:31.181Z,2754,6933,24464,3609,8601,27590,4217,5834,22647,3898,6496,24826,Day_1,Fair,Intermediate,2.5mm,Experiment_2
2025-10-23T00:34:31.221Z,2750,6933,24452,3608,8598,27582,4221,5833,22661,3907,6506,24876,Day_1,Fair,Intermediate,2.5mm,Experiment_2
2025-10-23T00:34:31.261Z,2750,6934,24438,3612,8597,27571,4228,5833,22687,3918,6519,24941,Day_1,Fair,Intermediate,2.5mm,Experiment_2
2025-10-23T00:34:31.301Z,2752,6936,24424,3615,8601,27562,4235,5837,22747,3933,6543,25031,Day_1,Fair,Intermediate,2.5mm,Experiment_2
2025-10-23T00:34:31.341Z,2751,6940,24420,3614,8608,27565,4237,5844,22799,3940,6562,25090,Day_1,Fair,Intermediate,2.5mm,Experiment_2
2025-10-23T00:34:31.381Z,2747,6944,24424,3610,8617,27575,4229,5850,22816,3937,6569,25105,Day_1,Fair,Intermediate,2.5mm,Experiment_2
2025-10-23T00:34:31.421Z,2745,6946,24427,3607,8622,27582,4218,5854,22808,3934,6568,25096,Day_1,Fair,Intermediate,2.5mm,Experiment_2
2025-10-23T00:34:31.461Z,2750,6945,24438,3611,8622,27588,4212,5846,22778,3931,6552,25044,Day_1,Fair,Intermediate,2.5mm,Experiment_2
2025-10-23T00:34:31.501Z,2759,6945,24471,3617,8621,27600,4208,5818,22689,3919,6506,24884,Day_1,Fair,Intermediate,2.5mm,Experiment_2
2025-10-23T00:34:31.541Z,2765,6951,24518,3617,8625,27614,4199,5779,22529,3892,6434,24620,Day_1,Fair,Intermediate,2.5mm,Experiment_2
2025-10-23T00:34:31.581Z,2765,6957,24550,3613,8629,27622,4194,5751,22387,3867,6378,24406,Day_1,Fair,Intermediate,2.5mm,Experiment_2
2025-10-23T00:34:31.621Z,2762,6961,24546,3610,8629,27621,4202,5751,22369,3867,6374,24389,Day_1,Fair,Intermediate,2.5mm,Experiment_2
2025-10-23T00:34:31.661Z,2754,6961,24515,3605,8629,27611,4216,5774,22462,3887,6412,24535,Day_1,Fair,Intermediate,2.5mm,Experiment_2
2025-10-23T00:34:31.701Z,2747,6958,24484,3602,8626,27600,4218,5798,22581,3904,6456,24711,Day_1,Fair,Intermediate,2.5mm,Experiment_2
2025-10-23T00:34:31.741Z,2750,6954,24468,3608,8622,27594,4209,5806,22659,3910,6484,24830,Day_1,Fair,Intermediate,2.5mm,Experiment_2
2025-10-23T00:34:31.781Z,2756,6950,24467,3617,8619,27595,4197,5801,22675,3906,6492,24870,Day_1,Fair,Intermediate,2.5mm,Experiment_2
2025-10-23T00:34:31.821Z,2758,6946,24467,3619,8618,27598,4194,5800,22665,3905,6499,24877,Day_1,Fair,Intermediate,2.5mm,Experiment_2
2025-10-23T00:34:31.861Z,2755,6943,24455,3617,8617,27595,4205,5816,22688,3916,6518,24922,Day_1,Fair,Intermediate,2.5mm,Experiment_2
2025-10-23T00:34:31.901Z,2753,6940,24437,3615,8616,27587,4224,5836,22750,3934,6544,25008,Day_1,Fair,Intermediate,2.5mm,Experiment_2
2025-10-23T00:34:31.941Z,2747,6942,24426,3611,8618,27581,4238,5844,22803,3948,6560,25077,Day_1,Fair,Intermediate,2.5mm,Experiment_2
2025-10-23T00:34:31.981Z,2738,6947,24422,3602,8620,27580,4244,5842,22819,3954,6564,25100,Day_1,Fair,Intermediate,2.5mm,Experiment_2
2025-10-23T00:34:32.021Z,2735,6948,24430,3596,8618,27585,4241,5833,22795,3950,6556,25067,Day_1,Fair,Intermediate,2.5mm,Experiment_2
2025-10-23T00:34:32.061Z,2739,6945,24452,3599,8616,27591,4229,5814,22710,3932,6527,24940,Day_1,Fair,Intermediate,2.5mm,Experiment_2
2025-10-23T00:34:32.101Z,2745,6943,24487,3604,8617,27595,4211,5783,22558,3902,6472,24713,Day_1,Fair,Intermediate,2.5mm,Experiment_2
2025-10-23T00:34:32.141Z,2748,6939,24512,3607,8616,27596,4198,5756,22417,3879,6415,24507,Day_1,Fair,Intermediate,2.5mm,Experiment_2
2025-10-23T00:34:32.182Z,2746,6929,24511,3606,8607,27593,4192,5751,22384,3872,6395,24459,Day_1,Fair,Intermediate,2.5mm,Experiment_2
2025-10-23T00:34:32.222Z,2742,6921,24491,3604,8600,27588,4190,5764,22453,3877,6414,24557,Day_1,Fair,Intermediate,2.5mm,Experiment_2
2025-10-23T00:34:32.262Z,2741,6923,24470,3605,8601,27585,4191,5780,22550,3888,6445,24699,Day_1,Fair,Intermediate,2.5mm,Experiment_2
2025-10-23T00:34:32.302Z,2743,6928,24461,3610,8606,27589,4198,5795,22617,3900,6471,24806,Day_1,Fair,Intermediate,2.5mm,Experiment_2
2025-10-23T00:34:32.342Z,2746,6933,24462,3614,8610,27594,4217,5803,22640,3913,6482,24844,Day_1,Fair,Intermediate,2.5mm,Experiment_2
2025-10-23T00:34:32.382Z,2747,6935,24463,3613,8611,27595,4238,5800,22642,3924,6484,24846,Day_1,Fair,Intermediate,2.5mm,Experiment_2
2025-10-23T00:34:32.422Z,2745,6933,24456,3608,8608,27591,4248,5794,22666,3931,6492,24879,Day_1,Fair,Intermediate,2.5mm,Experiment_2
2025-10-23T00:34:32.462Z,2744,6928,24442,3605,8603,27585,4249,5798,22727,3939,6514,24962,Day_1,Fair,Intermediate,2.5mm,Experiment_2
2025-10-23T00:34:32.502Z,2746,6924,24426,3604,8599,27577,4255,5818,22785,3952,6540,25046,Day_1,Fair,Intermediate,2.5mm,Experiment_2
2025-10-23T00:34:32.542Z,2746,6929,24418,3603,8600,27570,4254,5840,22806,3958,6557,25088,Day_1,Fair,Intermediate,2.5mm,Experiment_2
2025-10-23T00:34:32.582Z,2746,6941,24428,3600,8609,27573,4238,5843,22786,3947,6556,25076,Day_1,Fair,Intermediate,2.5mm,Experiment_2
2025-10-23T00:34:32.622Z,2750,6954,24459,3602,8622,27590,4211,5826,22722,3924,6533,24988,Day_1,Fair,Intermediate,2.5mm,Experiment_2
2025-10-23T00:34:32.662Z,2761,6965,24503,3612,8635,27612,4190,5794,22602,3893,6483,24797,Day_1,Fair,Intermediate,2.5mm,Experiment_2
2025-10-23T00:34:32.702Z,2770,6967,24543,3621,8641,27623,4179,5762,22464,3866,6421,24564,Day_1,Fair,Intermediate,2.5mm,Experiment_2
2025-10-23T00:34:32.742Z,2767,6957,24552,3618,8634,27617,4180,5751,22389,3856,6385,24427,Day_1,Fair,Intermediate,2.5mm,Experiment_2
2025-10-23T00:34:32.782Z,2755,6940,24527,3609,8620,27602,4200,5763,22421,3870,6394,24456,Day_1,Fair,Intermediate,2.5mm,Experiment_2
2025-10-23T00:34:32.822Z,2746,6928,24489,3606,8608,27594,4229,5788,22524,3894,6431,24599,Day_1,Fair,Intermediate,2.5mm,Experiment_2
2025-10-23T00:34:32.862Z,2744,6929,24465,3607,8604,27594,4247,5811,22623,3910,6470,24748,Day_1,Fair,Intermediate,2.5mm,Experiment_2
2025-10-23T00:34:32.902Z,2744,6938,24462,3607,8608,27599,4249,5824,22668,3912,6495,24830,Day_1,Fair,Intermediate,2.5mm,Experiment_2
2025-10-23T00:34:32.942Z,2741,6943,24464,3600,8611,27598,4241,5825,22671,3912,6508,24855,Day_1,Fair,Intermediate,2.5mm,Experiment_2
2025-10-23T00:34:32.982Z,2736,6936,24459,3592,8605,27591,4230,5831,22687,3919,6522,24889,Day_1,Fair,Intermediate,2.5mm,Experiment_2
2025-10-23T00:34:33.022Z,2733,6925,24446,3590,8598,27584,4221,5848,22734,3931,6543,24960,Day_1,Fair,Intermediate,2.5mm,Experiment_2
2025-10-23T00:34:33.062Z,2732,6921,24434,3592,8597,27582,4218,5864,22781,3940,6560,25039,Day_1,Fair,Intermediate,2.5mm,Experiment_2
2025-10-23T00:34:33.102Z,2731,6925,24424,3593,8600,27582,4216,5871,22806,3943,6571,25093,Day_1,Fair,Intermediate,2.5mm,Experiment_2
2025-10-23T00:34:33.142Z,2732,6936,24419,3594,8609,27580,4212,5871,22808,3939,6575,25104,Day_1,Fair,Intermediate,2.5mm,Experiment_2
2025-10-23T00:34:33.182Z,2742,6952,24427,3600,8623,27579,4210,5853,22768,3930,6558,25039,Day_1,Fair,Intermediate,2.5mm,Experiment_2
2025-10-23T00:34:33.222Z,2755,6963,24460,3610,8634,27589,4205,5809,22651,3909,6504,24850,Day_1,Fair,Intermediate,2.5mm,Experiment_2
2025-10-23T00:34:33.262Z,2761,6965,24512,3614,8636,27605,4187,5761,22482,3869,6426,24567,Day_1,Fair,Intermediate,2.5mm,Experiment_2
2025-10-23T00:34:33.302Z,2758,6960,24552,3615,8630,27620,4166,5738,22368,3825,6369,24353,Day_1,Fair,Intermediate,2.5mm,Experiment_2
2025-10-23T00:34:33.342Z,2753,6950,24554,3616,8619,27625,4167,5746,22384,3800,6366,24348,Day_1,Fair,Intermediate,2.5mm,Experiment_2
2025-10-23T00:34:33.382Z,2747,6940,24525,3613,8610,27618,4189,5769,22488,3806,6405,24508,Day_1,Fair,Intermediate,2.5mm,Experiment_2
2025-10-23T00:34:33.422Z,2742,6935,24491,3607,8605,27606,4214,5796,22594,3844,6453,24695,Day_1,Fair,Intermediate,2.5mm,Experiment_2
2025-10-23T00:34:33.462Z,2741,6938,24474,3603,8608,27601,4239,5816,22654,3889,6487,24815,Day_1,Fair,Intermediate,2.5mm,Experiment_2
2025-10-23T00:34:33.502Z,2744,6942,24469,3603,8612,27603,4255,5821,22673,3919,6500,24864,Day_1,Fair,Intermediate,2.5mm,Experiment_2
2025-10-23T00:34:33.542Z,2752,6942,24463,3609,8611,27602,4254,5821,22695,3930,6507,24903,Day_1,Fair,Intermediate,2.5mm,Experiment_2
2025-10-23T00:34:33.582Z,2760,6940,24452,3615,8608,27597,4238,5827,22743,3930,6525,24973,Day_1,Fair,Intermediate,2.5mm,Experiment_2
2025-10-23T00:34:33.622Z,2762,6942,24444,3617,8608,27592,4219,5833,22791,3927,6544,25043,Day_1,Fair,Intermediate,2.5mm,Experiment_2
2025-10-23T00:34:33.662Z,2759,6945,24440,3615,8612,27590,4214,5834,22818,3930,6554,25088,Day_1,Fair,Intermediate,2.5mm,Experiment_2
2025-10-23T00:34:33.702Z,2752,6940,24437,3612,8612,27586,4223,5838,22830,3942,6556,25107,Day_1,Fair,Intermediate,2.5mm,Experiment_2
2025-10-23T00:34:33.742Z,2743,6934,24440,3605,8611,27587,4237,5845,22806,3947,6548,25075,Day_1,Fair,Intermediate,2.5mm,Experiment_2
2025-10-23T00:34:33.782Z,2734,6937,24464,3598,8614,27600,4241,5835,22708,3932,6513,24930,Day_1,Fair,Intermediate,2.5mm,Experiment_2
2025-10-23T00:34:33.822Z,2732,6947,24504,3594,8622,27615,4232,5803,22545,3899,6449,24678,Day_1,Fair,Intermediate,2.5mm,Experiment_2
2025-10-23T00:34:33.862Z,2736,6954,24526,3594,8628,27614,4222,5773,22413,3871,6396,24461,Day_1,Fair,Intermediate,2.5mm,Experiment_2
2025-10-23T00:34:33.902Z,2740,6952,24508,3598,8626,27596,4218,5766,22398,3868,6390,24427,Day_1,Fair,Intermediate,2.5mm,Experiment_2
2025-10-23T00:34:33.942Z,2741,6945,24473,3601,8621,27577,4214,5774,22480,3878,6420,24550,Day_1,Fair,Intermediate,2.5mm,Experiment_2
2025-10-23T00:34:33.982Z,2738,6941,24450,3600,8617,27572,4209,5785,22586,3891,6455,24708,Day_1,Fair,Intermediate,2.5mm,Experiment_2
2025-10-23T00:34:34.022Z,2734,6944,24449,3597,8619,27578,4212,5797,22664,3908,6481,24821,Day_1,Fair,Intermediate,2.5mm,Experiment_2
2025-10-23T00:34:34.062Z,2733,6952,24460,3596,8629,27589,4221,5807,22693,3923,6495,24869,Day_1,Fair,Intermediate,2.5mm,Experiment_2
2025-10-23T00:34:34.102Z,2736,6961,24469,3600,8638,27597,4226,5814,22696,3929,6501,24886,Day_1,Fair,Intermediate,2.5mm,Experiment_2
2025-10-23T00:34:34.142Z,2738,6960,24460,3605,8636,27595,4229,5823,22717,3932,6514,24934,Day_1,Fair,Intermediate,2.5mm,Experiment_2
2025-10-23T00:34:34.182Z,2739,6951,24434,3607,8625,27584,4237,5836,22763,3938,6539,25015,Day_1,Fair,Intermediate,2.5mm,Experiment_2
2025-10-23T00:34:34.222Z,2739,6943,24412,3606,8615,27573,4252,5849,22807,3949,6562,25084,Day_1,Fair,Intermediate,2.5mm,Experiment_2
2025-10-23T00:34:34.262Z,2737,6937,24409,3605,8612,27568,4266,5857,22833,3960,6574,25116,Day_1,Fair,Intermediate,2.5mm,Experiment_2
2025-10-23T00:34:34.302Z,2737,6933,24418,3606,8614,27569,4268,5855,22826,3961,6573,25097,Day_1,Fair,Intermediate,2.5mm,Experiment_2
2025-10-23T00:34:34.342Z,2741,6933,24435,3608,8616,27571,4251,5838,22752,3943,6551,24987,Day_1,Fair,Intermediate,2.5mm,Experiment_2
2025-10-23T00:34:34.382Z,2748,6938,24464,3609,8617,27575,4221,5807,22603,3906,6498,24773,Day_1,Fair,Intermediate,2.5mm,Experiment_2
2025-10-23T00:34:34.422Z,2755,6943,24492,3610,8618,27582,4193,5778,22452,3870,6439,24554,Day_1,Fair,Intermediate,2.5mm,Experiment_2
2025-10-23T00:34:34.462Z,2759,6945,24498,3611,8619,27586,4181,5770,22390,3855,6408,24461,Day_1,Fair,Intermediate,2.5mm,Experiment_2
2025-10-23T00:34:34.502Z,2756,6948,24482,3608,8621,27586,4190,5785,22437,3865,6416,24516,Day_1,Fair,Intermediate,2.5mm,Experiment_2
2025-10-23T00:34:34.542Z,2746,6952,24465,3600,8623,27586,4211,5806,22549,3887,6446,24657,Day_1,Fair,Intermediate,2.5mm,Experiment_2
2025-10-23T00:34:34.582Z,2737,6952,24457,3594,8623,27589,4225,5817,22657,3904,6476,24792,Day_1,Fair,Intermediate,2.5mm,Experiment_2
2025-10-23T00:34:34.622Z,2733,6951,24459,3594,8625,27594,4227,5813,22703,3906,6488,24851,Day_1,Fair,Intermediate,2.5mm,Experiment_2
2025-10-23T00:34:34.662Z,2734,6948,24466,3597,8627,27598,4222,5805,22691,3900,6489,24853,Day_1,Fair,Intermediate,2.5mm,Experiment_2
2025-10-23T00:34:34.702Z,2738,6939,24469,3603,8621,27602,4219,5811,22685,3899,6499,24876,Day_1,Fair,Intermediate,2.5mm,Experiment_2
2025-10-23T00:34:34.742Z,2742,6928,24462,3608,8609,27602,4220,5830,22722,3907,6524,24953,Day_1,Fair,Intermediate,2.5mm,Experiment_2
2025-10-23T00:34:34.782Z,2743,6921,24446,3609,8601,27596,4220,5846,22770,3914,6551,25038,Day_1,Fair,Intermediate,2.5mm,Experiment_2
2025-10-23T00:34:34.822Z,2747,6925,24427,3612,8602,27584,4214,5853,22792,3918,6567,25086,Day_1,Fair,Intermediate,2.5mm,Experiment_2
2025-10-23T00:34:34.862Z,2753,6934,24420,3618,8608,27575,4210,5851,22781,3920,6568,25081,Day_1,Fair,Intermediate,2.5mm,Experiment_2
2025-10-23T00:34:34.902Z,2757,6941,24435,3621,8616,27577,4208,5838,22726,3917,6547,24999,Day_1,Fair,Intermediate,2.5mm,Experiment_2
2025-10-23T00:34:34.942Z,2758,6944,24471,3620,8622,27587,4201,5808,22604,3900,6496,24805,Day_1,Fair,Intermediate,2.5mm,Experiment_2
2025-10-23T00:34:34.982Z,2760,6946,24516,3617,8626,27599,4188,5766,22445,3873,6427,24541,Day_1,Fair,Intermediate,2.5mm,Experiment_2
2025-10-23T00:34:35.022Z,2763,6946,24547,3617,8623,27608,4182,5739,22346,3858,6379,24365,Day_1,Fair,Intermediate,2.5mm,Experiment_2
2025-10-23T00:34:35.062Z,2764,6946,24545,3618,8617,27614,4190,5743,22376,3866,6381,24387,Day_1,Fair,Intermediate,2.5mm,Experiment_2
2025-10-23T00:34:35.102Z,2759,6951,24520,3616,8616,27613,4205,5765,22495,3886,6419,24549,Day_1,Fair,Intermediate,2.5mm,Experiment_2
2025-10-23T00:34:35.142Z,2748,6959,24490,3608,8623,27605,4217,5789,22609,3905,6460,24721,Day_1,Fair,Intermediate,2.5mm,Experiment_2
2025-10-23T00:34:35.182Z,2737,6962,24470,3599,8628,27599,4222,5806,22661,3916,6484,24821,Day_1,Fair,Intermediate,2.5mm,Experiment_2
2025-10-23T00:34:35.222Z,2735,6958,24461,3598,8626,27597,4229,5819,22665,3923,6501,24866,Day_1,Fair,Intermediate,2.5mm,Experiment_2
2025-10-23T00:34:35.262Z,2741,6946,24453,3602,8617,27593,4242,5837,22685,3936,6526,24921,Day_1,Fair,Intermediate,2.5mm,Experiment_2
2025-10-23T00:34:35.302Z,2744,6933,24442,3605,8610,27585,4255,5854,22740,3949,6551,25002,Day_1,Fair,Intermediate,2.5mm,Experiment_2
2025-10-23T00:34:35.342Z,2743,6928,24433,3606,8608,27580,4260,5858,22792,3953,6562,25064,Day_1,Fair,Intermediate,2.5mm,Experiment_2
2025-10-23T00:34:35.382Z,2747,6930,24432,3610,8607,27582,4256,5850,22818,3945,6561,25095,Day_1,Fair,Intermediate,2.5mm,Experiment_2
2025-10-23T00:34:35.422Z,2756,6934,24439,3617,8606,27589,4246,5844,22821,3935,6558,25098,Day_1,Fair,Intermediate,2.5mm,Experiment_2
2025-10-23T00:34:35.462Z,2767,6940,24457,3624,8606,27597,4233,5837,22785,3926,6545,25042,Day_1,Fair,Intermediate,2.5mm,Experiment_2
2025-10-23T00:34:35.502Z,2769,6947,24487,3623,8611,27607,4219,5812,22676,3908,6499,24874,Day_1,Fair,Intermediate,2.5mm,Experiment_2
2025-10-23T00:34:35.542Z,2765,6957,24524,3615,8620,27613,4201,5767,22505,3880,6427,24608,Day_1,Fair,Intermediate,2.5mm,Experiment_2
2025-10-23T00:34:35.582Z,2760,6967,24541,3607,8630,27611,4186,5719,22371,3854,6372,24394,Day_1,Fair,Intermediate,2.5mm,Experiment_2
2025-10-23T00:34:35.622Z,2760,6971,24528,3608,8635,27605,4181,5692,22364,3848,6374,24377,Day_1,Fair,Intermediate,2.5mm,Experiment_2
2025-10-23T00:34:35.662Z,2760,6965,24500,3612,8631,27602,4190,5708,22458,3864,6420,24523,Day_1,Fair,Intermediate,2.5mm,Experiment_2
2025-10-23T00:34:35.702Z,2760,6953,24477,3617,8620,27600,4208,5758,22565,3889,6468,24697,Day_1,Fair,Intermediate,2.5mm,Experiment_2
2025-10-23T00:34:35.742Z,2764,6943,24470,3623,8611,27601,4221,5807,22628,3908,6497,24812,Day_1,Fair,Intermediate,2.5mm,Experiment_2
2025-10-23T00:34:35.782Z,2770,6937,24472,3628,8605,27604,4226,5829,22640,3914,6509,24851,Day_1,Fair,Intermediate,2.5mm,Experiment_2
2025-10-23T00:34:35.822Z,2769,6934,24467,3625,8603,27601,4229,5834,22643,3915,6516,24866,Day_1,Fair,Intermediate,2.5mm,Experiment_2
2025-10-23T00:34:35.862Z,2765,6933,24450,3620,8602,27590,4239,5842,22682,3926,6530,24924,Day_1,Fair,Intermediate,2.5mm,Experiment_2
2025-10-23T00:34:35.902Z,2764,6935,24433,3620,8603,27581,4258,5851,22748,3947,6547,25014,Day_1,Fair,Intermediate,2.5mm,Experiment_2
2025-10-23T00:34:35.942Z,2764,6938,24423,3623,8606,27578,4270,5855,22800,3962,6557,25079,Day_1,Fair,Intermediate,2.5mm,Experiment_2
2025-10-23T00:34:35.982Z,2759,6941,24419,3622,8608,27576,4262,5859,22815,3961,6560,25100,Day_1,Fair,Intermediate,2.5mm,Experiment_2
2025-10-23T00:34:36.022Z,2752,6940,24424,3619,8608,27575,4240,5859,22793,3948,6554,25070,Day_1,Fair,Intermediate,2.5mm,Experiment_2
2025-10-23T00:34:36.062Z,2752,6936,24448,3618,8605,27581,4213,5838,22720,3925,6522,24949,Day_1,Fair,Intermediate,2.5mm,Experiment_2
2025-10-23T00:34:36.102Z,2758,6934,24487,3620,8603,27589,4186,5797,22587,3896,6461,24729,Day_1,Fair,Intermediate,2.5mm,Experiment_2
2025-10-23T00:34:36.143Z,2761,6934,24516,3619,8602,27592,4172,5765,22464,3875,6406,24532,Day_1,Fair,Intermediate,2.5mm,Experiment_2
2025-10-23T00:34:36.183Z,2758,6935,24517,3614,8601,27593,4182,5763,22443,3876,6393,24493,Day_1,Fair,Intermediate,2.5mm,Experiment_2
2025-10-23T00:34:36.223Z,2751,6936,24498,3607,8602,27594,4204,5785,22520,3889,6418,24595,Day_1,Fair,Intermediate,2.5mm,Experiment_2
2025-10-23T00:34:36.263Z,2743,6937,24477,3598,8604,27596,4216,5810,22621,3899,6454,24734,Day_1,Fair,Intermediate,2.5mm,Experiment_2
2025-10-23T00:34:36.303Z,2739,6934,24461,3592,8604,27594,4213,5823,22679,3905,6482,24829,Day_1,Fair,Intermediate,2.5mm,Experiment_2
2025-10-23T00:34:36.343Z,2739,6933,24453,3593,8603,27592,4206,5820,22674,3906,6494,24855,Day_1,Fair,Intermediate,2.5mm,Experiment_2
2025-10-23T00:34:36.383Z,2740,6933,24451,3598,8604,27591,4203,5813,22651,3906,6497,24853,Day_1,Fair,Intermediate,2.5mm,Experiment_2
2025-10-23T00:34:36.423Z,2736,6933,24444,3599,8606,27586,4210,5813,22671,3911,6506,24887,Day_1,Fair,Intermediate,2.5mm,Experiment_2
2025-10-23T00:34:36.463Z,2731,6934,24433,3599,8608,27577,4225,5824,22734,3924,6528,24967,Day_1,Fair,Intermediate,2.5mm,Experiment_2
2025-10-23T00:34:36.503Z,2735,6940,24427,3601,8611,27572,4239,5838,22794,3938,6552,25049,Day_1,Fair,Intermediate,2.5mm,Experiment_2
2025-10-23T00:34:36.543Z,2742,6946,24430,3606,8614,27575,4235,5853,22821,3944,6566,25098,Day_1,Fair,Intermediate,2.5mm,Experiment_2
2025-10-23T00:34:36.583Z,2740,6948,24439,3604,8616,27583,4212,5863,22816,3936,6566,25099,Day_1,Fair,Intermediate,2.5mm,Experiment_2
2025-10-23T00:34:36.623Z,2732,6946,24455,3599,8617,27591,4188,5856,22764,3918,6543,25013,Day_1,Fair,Intermediate,2.5mm,Experiment_2
2025-10-23T00:34:36.663Z,2731,6941,24487,3597,8616,27601,4174,5821,22647,3890,6490,24813,Day_1,Fair,Intermediate,2.5mm,Experiment_2
2025-10-23T00:34:36.703Z,2740,6934,24528,3601,8613,27613,4166,5772,22495,3860,6420,24571,Day_1,Fair,Intermediate,2.5mm,Experiment_2
2025-10-23T00:34:36.743Z,2750,6930,24553,3604,8610,27623,4165,5740,22399,3842,6374,24432,Day_1,Fair,Intermediate,2.5mm,Experiment_2
2025-10-23T00:34:36.783Z,2753,6938,24547,3605,8616,27625,4176,5743,22411,3847,6380,24463,Day_1,Fair,Intermediate,2.5mm,Experiment_2
2025-10-23T00:34:36.823Z,2752,6955,24518,3606,8627,27615,4194,5777,22501,3870,6424,24605,Day_1,Fair,Intermediate,2.5mm,Experiment_2
2025-10-23T00:34:36.863Z,2751,6966,24487,3609,8632,27600,4206,5815,22591,3894,6469,24748,Day_1,Fair,Intermediate,2.5mm,Experiment_2
2025-10-23T00:34:36.903Z,2749,6966,24471,3611,8630,27592,4211,5837,22633,3908,6492,24823,Day_1,Fair,Intermediate,2.5mm,Experiment_2
2025-10-23T00:34:36.943Z,2747,6959,24469,3609,8626,27596,4221,5844,22642,3918,6499,24843,Day_1,Fair,Intermediate,2.5mm,Experiment_2
2025-10-23T00:34:36.983Z,2746,6953,24469,3607,8624,27603,4234,5856,22661,3928,6512,24872,Day_1,Fair,Intermediate,2.5mm,Experiment_2
2025-10-23T00:34:37.023Z,2747,6948,24458,3608,8621,27599,4244,5875,22708,3940,6537,24939,Day_1,Fair,Intermediate,2.5mm,Experiment_2
2025-10-23T00:34:37.063Z,2751,6943,24439,3613,8614,27588,4249,5885,22762,3953,6559,25017,Day_1,Fair,Intermediate,2.5mm,Experiment_2
2025-10-23T00:34:37.103Z,2755,6937,24424,3618,8606,27580,4251,5883,22802,3962,6570,25075,Day_1,Fair,Intermediate,2.5mm,Experiment_2
2025-10-23T00:34:37.143Z,2753,6937,24421,3617,8604,27580,4248,5878,22811,3961,6568,25091,Day_1,Fair,Intermediate,2.5mm,Experiment_2
2025-10-23T00:34:37.183Z,2746,6944,24439,3610,8610,27589,4235,5861,22766,3948,6549,25027,Day_1,Fair,Intermediate,2.5mm,Experiment_2
2025-10-23T00:34:37.223Z,2742,6951,24480,3604,8619,27606,4214,5819,22639,3919,6498,24840,Day_1,Fair,Intermediate,2.5mm,Experiment_2
2025-10-23T00:34:37.263Z,2742,6955,24528,3600,8626,27622,4191,5765,22464,3880,6423,24561,Day_1,Fair,Intermediate,2.5mm,Experiment_2
2025-10-23T00:34:37.303Z,2746,6955,24548,3602,8628,27623,4175,5731,22351,3849,6367,24352,Day_1,Fair,Intermediate,2.5mm,Experiment_2
2025-10-23T00:34:37.343Z,2759,6950,24530,3611,8623,27614,4178,5729,22370,3847,6363,24351,Day_1,Fair,Intermediate,2.5mm,Experiment_2
2025-10-23T00:34:37.383Z,2774,6943,24498,3625,8616,27605,4199,5749,22483,3870,6403,24516,Day_1,Fair,Intermediate,2.5mm,Experiment_2
2025-10-23T00:34:37.423Z,2781,6938,24477,3635,8610,27601,4223,5773,22606,3897,6450,24713,Day_1,Fair,Intermediate,2.5mm,Experiment_2
2025-10-23T00:34:37.463Z,2775,6931,24467,3636,8606,27600,4235,5788,22687,3912,6479,24848,Day_1,Fair,Intermediate,2.5mm,Experiment_2
2025-10-23T00:34:37.503Z,2762,6926,24457,3628,8603,27595,4229,5792,22714,3914,6491,24902,Day_1,Fair,Intermediate,2.5mm,Experiment_2
2025-10-23T00:34:37.543Z,2747,6928,24445,3615,8606,27586,4214,5799,22721,3911,6500,24929,Day_1,Fair,Intermediate,2.5mm,Experiment_2
2025-10-23T00:34:37.583Z,2739,6934,24434,3605,8609,27578,4210,5817,22751,3917,6521,24980,Day_1,Fair,Intermediate,2.5mm,Experiment_2
2025-10-23T00:34:37.623Z,2741,6937,24429,3604,8608,27576,4224,5839,22797,3936,6546,25042,Day_1,Fair,Intermediate,2.5mm,Experiment_2
2025-10-23T00:34:37.663Z,2746,6936,24429,3606,8604,27579,4241,5854,22829,3955,6564,25087,Day_1,Fair,Intermediate,2.5mm,Experiment_2
2025-10-23T00:34:37.703Z,2747,6936,24431,3606,8606,27584,4245,5866,22827,3962,6576,25105,Day_1,Fair,Intermediate,2.5mm,Experiment_2
2025-10-23T00:34:37.743Z,2743,6940,24442,3602,8613,27589,4238,5878,22788,3953,6576,25070,Day_1,Fair,Intermediate,2.5mm,Experiment_2
2025-10-23T00:34:37.783Z,2739,6946,24469,3599,8622,27600,4228,5869,22692,3931,6543,24927,Day_1,Fair,Intermediate,2.5mm,Experiment_2
2025-10-23T00:34:37.823Z,2739,6950,24511,3599,8628,27614,4213,5823,22535,3897,6471,24674,Day_1,Fair,Intermediate,2.5mm,Experiment_2
2025-10-23T00:34:37.863Z,2739,6947,24544,3601,8625,27626,4196,5768,22401,3867,6402,24455,Day_1,Fair,Intermediate,2.5mm,Experiment_2
2025-10-23T00:34:37.903Z,2740,6939,24544,3606,8615,27630,4186,5746,22384,3858,6384,24419,Day_1,Fair,Intermediate,2.5mm,Experiment_2
2025-10-23T00:34:37.943Z,2745,6938,24517,3612,8610,27625,4187,5761,22463,3868,6412,24540,Day_1,Fair,Intermediate,2.5mm,Experiment_2
2025-10-23T00:34:37.983Z,2753,6946,24489,3615,8613,27613,4194,5791,22562,3887,6453,24695,Day_1,Fair,Intermediate,2.5mm,Experiment_2
2025-10-23T00:34:38.023Z,2758,6954,24471,3614,8619,27602,4202,5819,22628,3906,6486,24804,Day_1,Fair,Intermediate,2.5mm,Experiment_2
2025-10-23T00:34:38.063Z,2760,6952,24465,3613,8620,27594,4212,5835,22649,3917,6502,24848,Day_1,Fair,Intermediate,2.5mm,Experiment_2
2025-10-23T00:34:38.103Z,2757,6945,24463,3613,8618,27591,4222,5836,22656,3921,6508,24868,Day_1,Fair,Intermediate,2.5mm,Experiment_2
2025-10-23T00:34:38.143Z,2747,6935,24454,3609,8612,27588,4231,5834,22689,3923,6520,24922,Day_1,Fair,Intermediate,2.5mm,Experiment_2
2025-10-23T00:34:38.183Z,2735,6929,24439,3603,8607,27584,4239,5839,22748,3930,6540,25009,Day_1,Fair,Intermediate,2.5mm,Experiment_2
2025-10-23T00:34:38.223Z,2732,6928,24429,3599,8603,27581,4246,5846,22798,3940,6560,25080,Day_1,Fair,Intermediate,2.5mm,Experiment_2
2025-10-23T00:34:38.263Z,2737,6929,24429,3602,8603,27583,4249,5853,22819,3949,6573,25110,Day_1,Fair,Intermediate,2.5mm,Experiment_2
2025-10-23T00:34:38.303Z,2743,6933,24438,3607,8605,27588,4248,5858,22807,3953,6574,25097,Day_1,Fair,Intermediate,2.5mm,Experiment_2
2025-10-23T00:34:38.343Z,2751,6939,24458,3611,8611,27596,4237,5843,22742,3941,6546,25001,Day_1,Fair,Intermediate,2.5mm,Experiment_2
2025-10-23T00:34:38.383Z,2760,6951,24489,3614,8621,27604,4210,5801,22611,3908,6485,24800,Day_1,Fair,Intermediate,2.5mm,Experiment_2
2025-10-23T00:34:38.423Z,2764,6961,24517,3613,8630,27607,4184,5762,22470,3873,6420,24583,Day_1,Fair,Intermediate,2.5mm,Experiment_2
2025-10-23T00:34:38.463Z,2759,6964,24526,3610,8636,27605,4181,5754,22410,3860,6392,24485,Day_1,Fair,Intermediate,2.5mm,Experiment_2
2025-10-23T00:34:38.503Z,2752,6959,24518,3607,8636,27605,4198,5771,22453,3868,6403,24531,Day_1,Fair,Intermediate,2.5mm,Experiment_2
2025-10-23T00:34:38.543Z,2749,6952,24501,3607,8629,27608,4220,5796,22550,3886,6436,24656,Day_1,Fair,Intermediate,2.5mm,Experiment_2
2025-10-23T00:34:38.583Z,2749,6941,24479,3611,8617,27606,4237,5815,22634,3907,6468,24774,Day_1,Fair,Intermediate,2.5mm,Experiment_2
2025-10-23T00:34:38.623Z,2748,6930,24461,3611,8604,27600,4240,5818,22668,3920,6482,24829,Day_1,Fair,Intermediate,2.5mm,Experiment_2
2025-10-23T00:34:38.663Z,2740,6926,24449,3604,8598,27592,4224,5810,22670,3919,6484,24843,Day_1,Fair,Intermediate,2.5mm,Experiment_2
2025-10-23T00:34:38.703Z,2732,6930,24439,3598,8598,27583,4205,5808,22698,3916,6491,24880,Day_1,Fair,Intermediate,2.5mm,Experiment_2
2025-10-23T00:34:38.743Z,2734,6934,24432,3599,8602,27580,4201,5821,22759,3922,6514,24965,Day_1,Fair,Intermediate,2.5mm,Experiment_2
2025-10-23T00:34:38.783Z,2742,6935,24436,3606,8604,27586,4210,5841,22813,3937,6543,25056,Day_1,Fair,Intermediate,2.5mm,Experiment_2
2025-10-23T00:34:38.823Z,2749,6931,24447,3611,8604,27595,4219,5854,22838,3949,6565,25115,Day_1,Fair,Intermediate,2.5mm,Experiment_2
2025-10-23T00:34:38.863Z,2753,6930,24455,3614,8605,27600,4221,5850,22831,3952,6566,25121,Day_1,Fair,Intermediate,2.5mm,Experiment_2
2025-10-23T00:34:38.903Z,2758,6936,24468,3617,8610,27604,4221,5827,22769,3943,6541,25040,Day_1,Fair,Intermediate,2.5mm,Experiment_2
2025-10-23T00:34:38.943Z,2768,6946,24499,3624,8617,27614,4217,5793,22632,3917,6486,24832,Day_1,Fair,Intermediate,2.5mm,Experiment_2
2025-10-23T00:34:38.983Z,2780,6955,24539,3635,8620,27622,4206,5757,22453,3881,6414,24546,Day_1,Fair,Intermediate,2.5mm,Experiment_2
2025-10-23T00:34:38.523Z,2786,6958,24556,3642,8620,27620,4198,5740,22334,3855,6366,24345,Day_1,Fair,Intermediate,2.5mm,Experiment_2
2025-10-23T00:34:38.563Z,2778,6956,24538,3637,8619,27610,4206,5753,22350,3856,6371,24351,Day_1,Fair,Intermediate,2.5mm,Experiment_2
2025-10-23T00:34:38.603Z,2764,6950,24504,3625,8616,27603,4221,5782,22464,3876,6415,24517,Day_1,Fair,Intermediate,2.5mm,Experiment_2
2025-10-23T00:34:38.643Z,2759,6947,24480,3620,8613,27601,4231,5804,22589,3898,6463,24708,Day_1,Fair,Intermediate,2.5mm,Experiment_2
2025-10-23T00:34:38.683Z,2763,6947,24471,3623,8611,27600,4230,5808,22665,3911,6492,24832,Day_1,Fair,Intermediate,2.5mm,Experiment_2
2025-10-23T00:34:38.723Z,2767,6947,24461,3626,8613,27592,4225,5799,22691,3918,6503,24891,Day_1,Fair,Intermediate,2.5mm,Experiment_2
2025-10-23T00:34:38.763Z,2764,6946,24442,3622,8614,27577,4221,5795,22713,3925,6515,24950,Day_1,Fair,Intermediate,2.5mm,Experiment_2
2025-10-23T00:34:38.803Z,2761,6945,24424,3621,8614,27565,4224,5803,22753,3934,6532,25030,Day_1,Fair,Intermediate,2.5mm,Experiment_2
2025-10-23T00:34:38.843Z,2763,6946,24421,3625,8616,27566,4230,5816,22784,3938,6545,25083,Day_1,Fair,Intermediate,2.5mm,Experiment_2
2025-10-23T00:34:39.383Z,2764,6946,24426,3629,8616,27574,4230,5831,22792,3938,6553,25098,Day_1,Fair,Intermediate,2.5mm,Experiment_2
2025-10-23T00:34:39.423Z,2764,6940,24429,3628,8612,27576,4227,5842,22784,3941,6559,25092,Day_1,Fair,Intermediate,2.5mm,Experiment_2
2025-10-23T00:34:39.463Z,2771,6935,24440,3629,8606,27580,4227,5839,22742,3941,6551,25038,Day_1,Fair,Intermediate,2.5mm,Experiment_2
2025-10-23T00:34:39.503Z,2778,6936,24475,3632,8605,27594,4223,5818,22640,3927,6510,24876,Day_1,Fair,Intermediate,2.5mm,Experiment_2
2025-10-23T00:34:39.543Z,2776,6942,24518,3627,8610,27608,4204,5780,22488,3891,6438,24619,Day_1,Fair,Intermediate,2.5mm,Experiment_2
2025-10-23T00:34:39.583Z,2772,6946,24536,3619,8617,27609,4181,5744,22374,3856,6376,24413,Day_1,Fair,Intermediate,2.5mm,Experiment_2
2025-10-23T00:34:39.623Z,2771,6946,24522,3618,8621,27603,4178,5741,22370,3847,6369,24396,Day_1,Fair,Intermediate,2.5mm,Experiment_2
2025-10-23T00:34:39.663Z,2769,6946,24497,3620,8621,27602,4197,5777,22453,3864,6413,24531,Day_1,Fair,Intermediate,2.5mm,Experiment_2
2025-10-23T00:34:39.703Z,2762,6946,24476,3621,8619,27602,4223,5819,22557,3892,6466,24695,Day_1,Fair,Intermediate,2.5mm,Experiment_2
2025-10-23T00:34:39.743Z,2752,6946,24464,3617,8618,27600,4241,5838,22631,3916,6498,24812,Day_1,Fair,Intermediate,2.5mm,Experiment_2
2025-10-23T00:34:39.783Z,2744,6948,24458,3611,8621,27595,4246,5837,22655,3924,6505,24860,Day_1,Fair,Intermediate,2.5mm,Experiment_2
2025-10-23T00:34:39.823Z,2744,6952,24456,3611,8625,27591,4247,5831,22665,3923,6505,24883,Day_1,Fair,Intermediate,2.5mm,Experiment_2
2025-10-23T00:34:39.863Z,2752,6949,24447,3618,8622,27589,4253,5832,22704,3931,6518,24939,Day_1,Fair,Intermediate,2.5mm,Experiment_2
2025-10-23T00:34:39.903Z,2759,6941,24435,3624,8611,27584,4260,5842,22765,3948,6544,25025,Day_1,Fair,Intermediate,2.5mm,Experiment_2
2025-10-23T00:34:39.943Z,2761,6936,24426,3625,8605,27578,4262,5853,22808,3960,6570,25088,Day_1,Fair,Intermediate,2.5mm,Experiment_2
2025-10-23T00:34:39.983Z,2757,6938,24421,3620,8608,27573,4258,5857,22824,3957,6583,25110,Day_1,Fair,Intermediate,2.5mm,Experiment_2
2025-10-23T00:34:40.023Z,2755,6941,24423,3616,8612,27572,4253,5853,22812,3943,6580,25082,Day_1,Fair,Intermediate,2.5mm,Experiment_2
2025-10-23T00:34:40.063Z,2761,6942,24439,3620,8614,27578,4239,5837,22740,3919,6548,24963,Day_1,Fair,Intermediate,2.5mm,Experiment_2
2025-10-23T00:34:40.103Z,2767,6943,24470,3624,8617,27587,4210,5805,22593,3888,6486,24739,Day_1,Fair,Intermediate,2.5mm,Experiment_2
2025-10-23T00:34:40.143Z,2766,6946,24498,3618,8620,27594,4181,5768,22447,3864,6426,24531,Day_1,Fair,Intermediate,2.5mm,Experiment_2
2025-10-23T00:34:40.183Z,2760,6948,24503,3610,8621,27594,4172,5751,22403,3864,6406,24481,Day_1,Fair,Intermediate,2.5mm,Experiment_2
2025-10-23T00:34:40.223Z,2753,6949,24489,3604,8622,27590,4182,5761,22466,3881,6423,24576,Day_1,Fair,Intermediate,2.5mm,Experiment_2
2025-10-23T00:34:40.263Z,2744,6948,24474,3600,8620,27588,4192,5784,22568,3898,6452,24713,Day_1,Fair,Intermediate,2.5mm,Experiment_2
2025-10-23T00:34:40.303Z,2735,6946,24465,3598,8616,27589,4196,5809,22637,3909,6479,24815,Day_1,Fair,Intermediate,2.5mm,Experiment_2
2025-10-23T00:34:40.343Z,2722,6949,24463,3596,8617,27592,4196,5826,22648,3912,6493,24851,Day_1,Fair,Intermediate,2.5mm,Experiment_2
2025-10-23T00:34:40.383Z,2688,6954,24464,3590,8621,27597,4198,5831,22637,3912,6497,24854,Day_1,Fair,Intermediate,2.5mm,Experiment_2
2025-10-23T00:34:40.423Z,2630,6955,24463,3585,8623,27602,4207,5830,22659,3915,6507,24887,Day_1,Fair,Intermediate,2.5mm,Experiment_2
2025-10-23T00:34:40.463Z,2602,6949,24458,3589,8617,27602,4225,5832,22720,3927,6530,24966,Day_1,Fair,Intermediate,2.5mm,Experiment_2
2025-10-23T00:34:40.503Z,2644,6941,24449,3601,8608,27596,4241,5838,22785,3942,6557,25048,Day_1,Fair,Intermediate,2.5mm,Experiment_2
2025-10-23T00:34:40.543Z,2705,6933,24444,3608,8601,27591,4251,5846,22825,3952,6574,25096,Day_1,Fair,Intermediate,2.5mm,Experiment_2
2025-10-23T00:34:40.583Z,2741,6931,24451,3608,8600,27592,4257,5857,22822,3956,6578,25090,Day_1,Fair,Intermediate,2.5mm,Experiment_2
2025-10-23T00:34:40.623Z,2773,6938,24472,3609,8609,27602,4251,5865,22749,3946,6561,24993,Day_1,Fair,Intermediate,2.5mm,Experiment_2
2025-10-23T00:34:40.663Z,2831,6950,24507,3622,8622,27617,4225,5849,22600,3916,6511,24784,Day_1,Fair,Intermediate,2.5mm,Experiment_2
2025-10-23T00:34:40.703Z,2904,6957,24543,3636,8629,27628,4191,5807,22433,3875,6440,24533,Day_1,Fair,Intermediate,2.5mm,Experiment_2
2025-10-23T00:34:40.743Z,3012,6957,24558,3642,8627,27630,4167,5768,22345,3848,6393,24386,Day_1,Fair,Intermediate,2.5mm,Experiment_2
2025-10-23T00:34:40.783Z,3189,6954,24542,3644,8624,27623,4163,5762,22380,3846,6396,24420,Day_1,Fair,Intermediate,2.5mm,Experiment_2
2025-10-23T00:34:40.823Z,3292,6952,24504,3642,8624,27609,4176,5782,22490,3865,6432,24578,Day_1,Fair,Intermediate,2.5mm,Experiment_2
2025-10-23T00:34:40.863Z,3191,6950,24466,3632,8625,27592,4194,5802,22594,3889,6469,24740,Day_1,Fair,Intermediate,2.5mm,Experiment_2
2025-10-23T00:34:40.903Z,3039,6944,24448,3623,8621,27584,4207,5810,22647,3906,6490,24832,Day_1,Fair,Intermediate,2.5mm,Experiment_2
2025-10-23T00:34:40.943Z,2952,6935,24455,3622,8613,27591,4219,5812,22660,3916,6501,24864,Day_1,Fair,Intermediate,2.5mm,Experiment_2
2025-10-23T00:34:40.983Z,2846,6931,24468,3620,8609,27604,4230,5816,22685,3924,6513,24900,Day_1,Fair,Intermediate,2.5mm,Experiment_2
2025-10-23T00:34:41.023Z,2698,6935,24470,3614,8612,27610,4235,5825,22742,3933,6531,24968,Day_1,Fair,Intermediate,2.5mm,Experiment_2
2025-10-23T00:34:41.063Z,2567,6941,24468,3606,8616,27612,4238,5835,22795,3941,6547,25040,Day_1,Fair,Intermediate,2.5mm,Experiment_2
2025-10-23T00:34:41.103Z,2406,6943,24463,3598,8616,27610,4245,5843,22819,3946,6558,25090,Day_1,Fair,Intermediate,2.5mm,Experiment_2
2025-10-23T00:34:41.143Z,2146,6942,24455,3589,8614,27602,4248,5848,22823,3948,6561,25107,Day_1,Fair,Intermediate,2.5mm,Experiment_2
2025-10-23T00:34:41.183Z,1996,6939,24454,3583,8613,27594,4239,5837,22788,3942,6545,25049,Day_1,Fair,Intermediate,2.5mm,Experiment_2
2025-10-23T00:34:41.223Z,2179,6939,24477,3591,8614,27596,4217,5801,22671,3918,6493,24862,Day_1,Fair,Intermediate,2.5mm,Experiment_2
2025-10-23T00:34:41.263Z,2482,6945,24518,3606,8618,27607,4190,5749,22489,3881,6416,24576,Day_1,Fair,Intermediate,2.5mm,Experiment_2
2025-10-23T00:34:41.303Z,2656,6958,24546,3617,8623,27615,4176,5718,22358,3854,6361,24360,Day_1,Fair,Intermediate,2.5mm,Experiment_2
2025-10-23T00:34:41.343Z,2741,6969,24539,3622,8621,27614,4184,5728,22363,3857,6365,24356,Day_1,Fair,Intermediate,2.5mm,Experiment_2
2025-10-23T00:34:41.383Z,2809,6971,24509,3619,8614,27606,4205,5764,22469,3880,6410,24522,Day_1,Fair,Intermediate,2.5mm,Experiment_2
2025-10-23T00:34:41.423Z,2853,6961,24481,3611,8611,27595,4219,5801,22586,3901,6458,24710,Day_1,Fair,Intermediate,2.5mm,Experiment_2
2025-10-23T00:34:41.463Z,2888,6944,24467,3604,8608,27590,4223,5824,22659,3910,6490,24829,Day_1,Fair,Intermediate,2.5mm,Experiment_2
2025-10-23T00:34:41.503Z,2955,6928,24466,3603,8601,27590,4220,5830,22681,3913,6502,24874,Day_1,Fair,Intermediate,2.5mm,Experiment_2
2025-10-23T00:34:41.543Z,2995,6916,24461,3605,8591,27588,4218,5825,22698,3920,6507,24908,Day_1,Fair,Intermediate,2.5mm,Experiment_2
2025-10-23T00:34:41.583Z,2932,6908,24441,3607,8583,27581,4226,5827,22747,3933,6519,24977,Day_1,Fair,Intermediate,2.5mm,Experiment_2
2025-10-23T00:34:41.623Z,2833,6906,24419,3611,8579,27573,4238,5838,22808,3946,6538,25054,Day_1,Fair,Intermediate,2.5mm,Experiment_2
2025-10-23T00:34:41.663Z,2780,6913,24409,3616,8582,27570,4241,5855,22841,3950,6557,25098,Day_1,Fair,Intermediate,2.5mm,Experiment_2
2025-10-23T00:34:41.703Z,2764,6927,24414,3619,8592,27573,4235,5874,22841,3944,6573,25108,Day_1,Fair,Intermediate,2.5mm,Experiment_2
2025-10-23T00:34:41.743Z,2762,6939,24433,3619,8604,27580,4224,5878,22807,3933,6570,25069,Day_1,Fair,Intermediate,2.5mm,Experiment_2
2025-10-23T00:34:41.783Z,2761,6945,24466,3616,8614,27591,4215,5847,22709,3916,6530,24929,Day_1,Fair,Intermediate,2.5mm,Experiment_2
2025-10-23T00:34:41.823Z,2758,6945,24511,3609,8615,27604,4206,5796,22547,3892,6458,24684,Day_1,Fair,Intermediate,2.5mm,Experiment_2
2025-10-23T00:34:41.863Z,2752,6943,24540,3603,8616,27612,4194,5758,22405,3870,6395,24468,Day_1,Fair,Intermediate,2.5mm,Experiment_2
2025-10-23T00:34:41.903Z,2748,6948,24535,3602,8620,27612,4186,5753,22380,3863,6382,24431,Day_1,Fair,Intermediate,2.5mm,Experiment_2
2025-10-23T00:34:41.943Z,2748,6958,24513,3604,8627,27612,4190,5772,22463,3874,6412,24550,Day_1,Fair,Intermediate,2.5mm,Experiment_2
2025-10-23T00:34:41.983Z,2744,6966,24496,3602,8629,27612,4203,5792,22572,3892,6451,24706,Day_1,Fair,Intermediate,2.5mm,Experiment_2
2025-10-23T00:34:42.023Z,2737,6966,24486,3597,8629,27612,4214,5797,22641,3905,6478,24813,Day_1,Fair,Intermediate,2.5mm,Experiment_2
2025-10-23T00:34:42.063Z,2734,6959,24476,3597,8629,27610,4211,5794,22655,3904,6487,24851,Day_1,Fair,Intermediate,2.5mm,Experiment_2
2025-10-23T00:34:42.103Z,2738,6949,24458,3602,8625,27606,4197,5796,22648,3896,6492,24867,Day_1,Fair,Intermediate,2.5mm,Experiment_2
2025-10-23T00:34:42.143Z,2745,6940,24428,3609,8615,27597,4191,5810,22666,3899,6509,24917,Day_1,Fair,Intermediate,2.5mm,Experiment_2
2025-10-23T00:34:42.183Z,2751,6934,24378,3613,8606,27584,4201,5828,22714,3917,6537,24999,Day_1,Fair,Intermediate,2.5mm,Experiment_2
2025-10-23T00:34:42.223Z,2751,6931,24310,3613,8601,27575,4218,5844,22763,3937,6558,25066,Day_1,Fair,Intermediate,2.5mm,Experiment_2
2025-10-23T00:34:42.263Z,2748,6930,24271,3613,8600,27573,4230,5857,22796,3948,6569,25102,Day_1,Fair,Intermediate,2.5mm,Experiment_2
2025-10-23T00:34:42.303Z,2749,6933,24299,3613,8603,27577,4235,5865,22797,3948,6569,25095,Day_1,Fair,Intermediate,2.5mm,Experiment_2
2025-10-23T00:34:42.343Z,2753,6942,24352,3614,8613,27580,4235,5854,22730,3936,6545,24994,Day_1,Fair,Intermediate,2.5mm,Experiment_2
2025-10-23T00:34:42.383Z,2760,6953,24408,3616,8623,27585,4231,5820,22588,3915,6490,24782,Day_1,Fair,Intermediate,2.5mm,Experiment_2
2025-10-23T00:34:42.423Z,2764,6960,24494,3617,8627,27594,4218,5784,22447,3891,6431,24564,Day_1,Fair,Intermediate,2.5mm,Experiment_2
2025-10-23T00:34:42.463Z,2760,6960,24586,3614,8622,27604,4203,5769,22397,3875,6403,24475,Day_1,Fair,Intermediate,2.5mm,Experiment_2
2025-10-23T00:34:42.503Z,2753,6956,24613,3611,8618,27609,4200,5775,22449,3875,6414,24529,Day_1,Fair,Intermediate,2.5mm,Experiment_2
2025-10-23T00:34:42.543Z,2752,6954,24536,3613,8618,27604,4209,5792,22543,3886,6446,24652,Day_1,Fair,Intermediate,2.5mm,Experiment_2
2025-10-23T00:34:42.583Z,2757,6951,24411,3619,8619,27593,4217,5812,22618,3900,6478,24763,Day_1,Fair,Intermediate,2.5mm,Experiment_2
2025-10-23T00:34:42.623Z,2759,6945,24345,3620,8616,27589,4217,5822,22647,3906,6495,24818,Day_1,Fair,Intermediate,2.5mm,Experiment_2
2025-10-23T00:34:42.663Z,2752,6939,24373,3612,8613,27596,4217,5822,22645,3909,6500,24833,Day_1,Fair,Intermediate,2.5mm,Experiment_2
2025-10-23T00:34:42.703Z,2743,6940,24422,3603,8615,27600,4227,5824,22656,3918,6508,24867,Day_1,Fair,Intermediate,2.5mm,Experiment_2
2025-10-23T00:34:42.743Z,2739,6945,24421,3601,8620,27594,4243,5830,22706,3933,6526,24944,Day_1,Fair,Intermediate,2.5mm,Experiment_2
2025-10-23T00:34:42.783Z,2739,6946,24351,3603,8617,27583,4251,5835,22766,3945,6544,25028,Day_1,Fair,Intermediate,2.5mm,Experiment_2
2025-10-23T00:34:42.823Z,2739,6939,24228,3606,8608,27571,4244,5839,22805,3950,6555,25081,Day_1,Fair,Intermediate,2.5mm,Experiment_2
2025-10-23T00:34:42.863Z,2743,6934,24123,3609,8603,27562,4232,5839,22810,3949,6553,25085,Day_1,Fair,Intermediate,2.5mm,Experiment_2
2025-10-23T00:34:42.903Z,2750,6938,24035,3614,8609,27564,4219,5826,22765,3937,6531,25013,Day_1,Fair,Intermediate,2.5mm,Experiment_2
2025-10-23T00:34:42.943Z,2759,6950,23887,3617,8620,27574,4203,5798,22642,3911,6477,24822,Day_1,Fair,Intermediate,2.5mm,Experiment_2
2025-10-23T00:34:42.983Z,2765,6961,23824,3617,8630,27589,4184,5761,22476,3876,6405,24553,Day_1,Fair,Intermediate,2.5mm,Experiment_2
2025-10-23T00:34:43.023Z,2767,6966,24024,3616,8636,27600,4171,5736,22374,3851,6357,24370,Day_1,Fair,Intermediate,2.5mm,Experiment_2
2025-10-23T00:34:43.063Z,2764,6959,24293,3614,8632,27600,4178,5738,22397,3852,6362,24389,Day_1,Fair,Intermediate,2.5mm,Experiment_2
2025-10-23T00:34:43.103Z,2761,6944,24425,3613,8621,27593,4199,5760,22499,3872,6405,24553,Day_1,Fair,Intermediate,2.5mm,Experiment_2
2025-10-23T00:34:43.143Z,2759,6935,24477,3612,8612,27588,4215,5786,22606,3892,6452,24731,Day_1,Fair,Intermediate,2.5mm,Experiment_2
2025-10-23T00:34:43.183Z,2757,6937,24534,3609,8612,27590,4218,5803,22668,3905,6484,24839,Day_1,Fair,Intermediate,2.5mm,Experiment_2
2025-10-23T00:34:43.223Z,2756,6942,24580,3607,8616,27594,4219,5813,22682,3914,6501,24886,Day_1,Fair,Intermediate,2.5mm,Experiment_2
2025-10-23T00:34:43.263Z,2753,6941,24597,3605,8617,27596,4224,5819,22694,3926,6513,24939,Day_1,Fair,Intermediate,2.5mm,Experiment_2
2025-10-23T00:34:43.303Z,2746,6937,24621,3602,8614,27595,4230,5826,22733,3938,6531,25018,Day_1,Fair,Intermediate,2.5mm,Experiment_2
2025-10-23T00:34:43.343Z,2741,6937,24632,3599,8613,27594,4233,5837,22775,3946,6548,25079,Day_1,Fair,Intermediate,2.5mm,Experiment_2
2025-10-23T00:34:43.383Z,2745,6941,24570,3604,8613,27585,4234,5853,22804,3951,6561,25104,Day_1,Fair,Intermediate,2.5mm,Experiment_2
2025-10-23T00:34:43.423Z,2755,6944,24483,3614,8612,27573,4237,5868,22817,3953,6570,25106,Day_1,Fair,Intermediate,2.5mm,Experiment_2
2025-10-23T00:34:43.463Z,2765,6942,24446,3622,8611,27572,4241,5871,22788,3947,6561,25048,Day_1,Fair,Intermediate,2.5mm,Experiment_2
2025-10-23T00:34:43.503Z,2768,6938,24464,3624,8613,27581,4229,5846,22673,3922,6519,24869,Day_1,Fair,Intermediate,2.5mm,Experiment_2
2025-10-23T00:34:43.543Z,2765,6939,24506,3621,8618,27593,4201,5802,22491,3878,6448,24589,Day_1,Fair,Intermediate,2.5mm,Experiment_2
2025-10-23T00:34:43.583Z,2758,6946,24537,3615,8625,27603,4175,5771,22356,3833,6392,24370,Day_1,Fair,Intermediate,2.5mm,Experiment_2
2025-10-23T00:34:43.623Z,2750,6953,24533,3609,8630,27608,4168,5768,22357,3806,6386,24358,Day_1,Fair,Intermediate,2.5mm,Experiment_2
2025-10-23T00:34:43.663Z,2748,6956,24507,3606,8631,27605,4177,5779,22463,3810,6418,24511,Day_1,Fair,Intermediate,2.5mm,Experiment_2
2025-10-23T00:34:43.703Z,2753,6953,24481,3607,8622,27597,4189,5789,22583,3842,6457,24693,Day_1,Fair,Intermediate,2.5mm,Experiment_2
2025-10-23T00:34:43.743Z,2760,6946,24466,3610,8613,27591,4200,5799,22661,3878,6485,24817,Day_1,Fair,Intermediate,2.5mm,Experiment_2
2025-10-23T00:34:43.783Z,2764,6942,24464,3614,8610,27594,4215,5809,22685,3902,6500,24864,Day_1,Fair,Intermediate,2.5mm,Experiment_2
2025-10-23T00:34:43.823Z,2768,6946,24464,3617,8614,27599,4229,5824,22685,3918,6512,24880,Day_1,Fair,Intermediate,2.5mm,Experiment_2
2025-10-23T00:34:43.863Z,2771,6949,24462,3619,8616,27599,4237,5845,22697,3931,6533,24927,Day_1,Fair,Intermediate,2.5mm,Experiment_2
2025-10-23T00:34:43.903Z,2769,6946,24457,3620,8611,27597,4235,5860,22717,3939,6554,25000,Day_1,Fair,Intermediate,2.5mm,Experiment_2
2025-10-23T00:34:43.943Z,2759,6940,24448,3615,8606,27595,4233,5859,22717,3942,6565,25052,Day_1,Fair,Intermediate,2.5mm,Experiment_2
2025-10-23T00:34:43.983Z,2746,6942,24436,3606,8609,27589,4234,5853,22660,3946,6567,25064,Day_1,Fair,Intermediate,2.5mm,Experiment_2
2025-10-23T00:34:44.023Z,2739,6950,24431,3599,8619,27582,4233,5843,22523,3948,6557,25020,Day_1,Fair,Intermediate,2.5mm,Experiment_2
2025-10-23T00:34:44.064Z,2738,6955,24442,3597,8624,27580,4220,5822,22380,3934,6522,24895,Day_1,Fair,Intermediate,2.5mm,Experiment_2
2025-10-23T00:34:44.104Z,2743,6953,24472,3599,8621,27585,4199,5787,22311,3904,6461,24689,Day_1,Fair,Intermediate,2.5mm,Experiment_2
2025-10-23T00:34:44.144Z,2751,6950,24504,3602,8618,27593,4190,5759,22286,3875,6407,24501,Day_1,Fair,Intermediate,2.5mm,Experiment_2
2025-10-23T00:34:44.184Z,2757,6951,24515,3604,8619,27600,4199,5757,22330,3868,6395,24458,Day_1,Fair,Intermediate,2.5mm,Experiment_2
2025-10-23T00:34:44.224Z,2756,6950,24504,3604,8621,27605,4220,5776,22523,3880,6419,24570,Day_1,Fair,Intermediate,2.5mm,Experiment_2
2025-10-23T00:34:44.264Z,2751,6946,24484,3605,8618,27605,4240,5799,22823,3899,6453,24744,Day_1,Fair,Intermediate,2.5mm,Experiment_2
2025-10-23T00:34:44.304Z,2748,6946,24470,3609,8616,27603,4248,5816,23072,3913,6481,24881,Day_1,Fair,Intermediate,2.5mm,Experiment_2
2025-10-23T00:34:44.344Z,2746,6952,24461,3611,8620,27600,4240,5825,23281,3917,6494,24952,Day_1,Fair,Intermediate,2.5mm,Experiment_2
2025-10-23T00:34:44.384Z,2742,6957,24451,3606,8624,27592,4225,5831,23610,3913,6497,25016,Day_1,Fair,Intermediate,2.5mm,Experiment_2
2025-10-23T00:34:44.424Z,2741,6957,24441,3602,8625,27583,4215,5839,23826,3912,6506,25086,Day_1,Fair,Intermediate,2.5mm,Experiment_2
2025-10-23T00:34:44.464Z,2745,6955,24436,3605,8623,27579,4210,5848,23591,3917,6526,25117,Day_1,Fair,Intermediate,2.5mm,Experiment_2
2025-10-23T00:34:44.504Z,2751,6952,24435,3611,8620,27580,4215,5856,23178,3928,6549,25121,Day_1,Fair,Intermediate,2.5mm,Experiment_2
2025-10-23T00:34:44.544Z,2753,6948,24432,3614,8619,27577,4227,5858,22959,3937,6564,25128,Day_1,Fair,Intermediate,2.5mm,Experiment_2
2025-10-23T00:34:44.584Z,2754,6943,24430,3614,8617,27574,4236,5856,22925,3939,6566,25120,Day_1,Fair,Intermediate,2.5mm,Experiment_2
2025-10-23T00:34:44.624Z,2757,6941,24441,3613,8615,27577,4236,5843,22930,3930,6546,25041,Day_1,Fair,Intermediate,2.5mm,Experiment_2
2025-10-23T00:34:44.664Z,2758,6945,24469,3611,8621,27586,4218,5817,22779,3907,6495,24839,Day_1,Fair,Intermediate,2.5mm,Experiment_2
2025-10-23T00:34:44.704Z,2758,6956,24504,3610,8633,27596,4187,5785,22305,3872,6428,24548,Day_1,Fair,Intermediate,2.5mm,Experiment_2
2025-10-23T00:34:44.744Z,2760,6967,24525,3615,8645,27602,4162,5763,21655,3844,6384,24318,Day_1,Fair,Intermediate,2.5mm,Experiment_2
2025-10-23T00:34:44.784Z,2766,6970,24519,3623,8648,27605,4160,5764,21356,3842,6387,24292,Day_1,Fair,Intermediate,2.5mm,Experiment_2
2025-10-23T00:34:44.824Z,2766,6961,24495,3623,8639,27604,4174,5785,21686,3861,6428,24469,Day_1,Fair,Intermediate,2.5mm,Experiment_2
2025-10-23T00:34:44.864Z,2759,6949,24470,3616,8623,27599,4192,5807,22213,3886,6473,24687,Day_1,Fair,Intermediate,2.5mm,Experiment_2
2025-10-23T00:34:44.904Z,2751,6943,24455,3607,8611,27592,4204,5814,22518,3901,6496,24816,Day_1,Fair,Intermediate,2.5mm,Experiment_2
2025-10-23T00:34:44.944Z,2748,6944,24451,3603,8610,27588,4210,5811,22669,3906,6501,24872,Day_1,Fair,Intermediate,2.5mm,Experiment_2
2025-10-23T00:34:44.984Z,2747,6952,24448,3602,8619,27584,4213,5812,22829,3911,6511,24934,Day_1,Fair,Intermediate,2.5mm,Experiment_2
2025-10-23T00:34:45.024Z,2746,6959,24442,3602,8628,27580,4222,5824,22986,3925,6536,25022,Day_1,Fair,Intermediate,2.5mm,Experiment_2
2025-10-23T00:34:45.064Z,2750,6961,24432,3605,8631,27575,4230,5843,23102,3939,6562,25102,Day_1,Fair,Intermediate,2.5mm,Experiment_2
2025-10-23T00:34:45.104Z,2755,6961,24421,3609,8627,27568,4227,5859,23232,3943,6578,25164,Day_1,Fair,Intermediate,2.5mm,Experiment_2
2025-10-23T00:34:45.144Z,2754,6959,24415,3608,8622,27563,4223,5866,23292,3944,6579,25180,Day_1,Fair,Intermediate,2.5mm,Experiment_2
2025-10-23T00:34:45.184Z,2749,6957,24426,3604,8621,27567,4223,5858,23123,3937,6561,25089,Day_1,Fair,Intermediate,2.5mm,Experiment_2
2025-10-23T00:34:45.224Z,2747,6957,24461,3604,8623,27577,4207,5829,22811,3906,6510,24864,Day_1,Fair,Intermediate,2.5mm,Experiment_2
2025-10-23T00:34:45.264Z,2754,6959,24506,3609,8626,27589,4177,5789,22526,3861,6435,24564,Day_1,Fair,Intermediate,2.5mm,Experiment_2
2025-10-23T00:34:45.304Z,2764,6958,24532,3615,8626,27597,4155,5767,22363,3832,6380,24348,Day_1,Fair,Intermediate,2.5mm,Experiment_2
2025-10-23T00:34:45.344Z,2765,6955,24526,3614,8626,27600,4158,5777,22361,3838,6380,24346,Day_1,Fair,Intermediate,2.5mm,Experiment_2
2025-10-23T00:34:45.384Z,2755,6957,24502,3608,8629,27600,4181,5805,22470,3866,6422,24510,Day_1,Fair,Intermediate,2.5mm,Experiment_2
2025-10-23T00:34:45.424Z,2744,6962,24479,3602,8632,27597,4210,5831,22590,3896,6470,24698,Day_1,Fair,Intermediate,2.5mm,Experiment_2
2025-10-23T00:34:45.464Z,2739,6964,24467,3602,8632,27592,4224,5845,22656,3914,6503,24820,Day_1,Fair,Intermediate,2.5mm,Experiment_2
2025-10-23T00:34:45.504Z,2741,6961,24460,3607,8630,27590,4216,5845,22668,3916,6515,24868,Day_1,Fair,Intermediate,2.5mm,Experiment_2
2025-10-23T00:34:45.544Z,2746,6956,24450,3614,8624,27587,4205,5845,22675,3914,6521,24900,Day_1,Fair,Intermediate,2.5mm,Experiment_2
2025-10-23T00:34:45.584Z,2749,6947,24439,3618,8618,27585,4209,5864,22712,3918,6538,24962,Day_1,Fair,Intermediate,2.5mm,Experiment_2
2025-10-23T00:34:45.624Z,2746,6937,24430,3614,8612,27583,4221,5884,22756,3927,6557,25030,Day_1,Fair,Intermediate,2.5mm,Experiment_2
2025-10-23T00:34:45.664Z,2739,6930,24424,3604,8609,27583,4227,5882,22780,3936,6565,25072,Day_1,Fair,Intermediate,2.5mm,Experiment_2
2025-10-23T00:34:45.704Z,2735,6927,24426,3597,8612,27585,4228,5867,22792,3941,6566,25085,Day_1,Fair,Intermediate,2.5mm,Experiment_2
2025-10-23T00:34:45.744Z,2737,6920,24442,3597,8621,27594,4225,5849,22780,3940,6557,25049,Day_1,Fair,Intermediate,2.5mm,Experiment_2
2025-10-23T00:34:45.784Z,2746,6877,24478,3604,8628,27609,4216,5820,22698,3923,6523,24909,Day_1,Fair,Intermediate,2.5mm,Experiment_2
2025-10-23T00:34:45.824Z,2758,6786,24521,3612,8629,27622,4199,5782,22552,3888,6461,24669,Day_1,Fair,Intermediate,2.5mm,Experiment_2
2025-10-23T00:34:45.864Z,2767,6709,24544,3616,8623,27623,4187,5758,22437,3859,6405,24465,Day_1,Fair,Intermediate,2.5mm,Experiment_2
2025-10-23T00:34:45.904Z,2769,6713,24528,3617,8617,27611,4191,5766,22430,3858,6395,24435,Day_1,Fair,Intermediate,2.5mm,Experiment_2
2025-10-23T00:34:45.944Z,2764,6778,24493,3615,8616,27596,4207,5791,22503,3877,6423,24555,Day_1,Fair,Intermediate,2.5mm,Experiment_2
2025-10-23T00:34:45.984Z,2758,6872,24461,3612,8615,27582,4219,5809,22593,3895,6458,24711,Day_1,Fair,Intermediate,2.5mm,Experiment_2
2025-10-23T00:34:46.024Z,2750,7002,24444,3607,8606,27576,4227,5820,22653,3905,6485,24818,Day_1,Fair,Intermediate,2.5mm,Experiment_2
2025-10-23T00:34:46.064Z,2743,7185,24444,3602,8595,27576,4231,5829,22666,3908,6497,24855,Day_1,Fair,Intermediate,2.5mm,Experiment_2
2025-10-23T00:34:46.104Z,2744,7338,24448,3607,8584,27578,4229,5835,22665,3909,6503,24868,Day_1,Fair,Intermediate,2.5mm,Experiment_2
2025-10-23T00:34:46.144Z,2752,7287,24446,3620,8573,27578,4223,5835,22692,3914,6514,24919,Day_1,Fair,Intermediate,2.5mm,Experiment_2
2025-10-23T00:34:46.184Z,2760,7042,24439,3629,8566,27580,4221,5835,22744,3927,6533,25002,Day_1,Fair,Intermediate,2.5mm,Experiment_2
2025-10-23T00:34:46.224Z,2759,6842,24434,3626,8573,27585,4232,5839,22787,3944,6551,25069,Day_1,Fair,Intermediate,2.5mm,Experiment_2
2025-10-23T00:34:46.264Z,2749,6830,24432,3617,8594,27588,4257,5849,22811,3961,6564,25104,Day_1,Fair,Intermediate,2.5mm,Experiment_2
2025-10-23T00:34:46.304Z,2740,6918,24433,3609,8614,27588,4273,5857,22814,3967,6565,25097,Day_1,Fair,Intermediate,2.5mm,Experiment_2
2025-10-23T00:34:46.344Z,2735,6980,24446,3604,8622,27588,4261,5853,22765,3954,6542,25001,Day_1,Fair,Intermediate,2.5mm,Experiment_2
2025-10-23T00:34:46.384Z,2733,6930,24479,3600,8618,27597,4231,5829,22634,3920,6486,24790,Day_1,Fair,Intermediate,2.5mm,Experiment_2
2025-10-23T00:34:46.424Z,2736,6751,24520,3599,8605,27614,4197,5792,22484,3882,6422,24567,Day_1,Fair,Intermediate,2.5mm,Experiment_2
2025-10-23T00:34:46.464Z,2743,6612,24541,3603,8592,27626,4181,5767,22423,3863,6390,24473,Day_1,Fair,Intermediate,2.5mm,Experiment_2
2025-10-23T00:34:46.504Z,2749,6668,24529,3608,8587,27626,4194,5769,22475,3872,6401,24531,Day_1,Fair,Intermediate,2.5mm,Experiment_2
2025-10-23T00:34:46.544Z,2749,6812,24503,3609,8589,27618,4221,5792,22574,3898,6439,24666,Day_1,Fair,Intermediate,2.5mm,Experiment_2
2025-10-23T00:34:46.584Z,2745,6903,24485,3609,8596,27614,4240,5821,22652,3920,6476,24788,Day_1,Fair,Intermediate,2.5mm,Experiment_2
2025-10-23T00:34:46.624Z,2746,6935,24482,3613,8607,27618,4243,5834,22680,3929,6495,24842,Day_1,Fair,Intermediate,2.5mm,Experiment_2
2025-10-23T00:34:46.664Z,2749,6937,24481,3616,8613,27619,4241,5830,22674,3930,6497,24849,Day_1,Fair,Intermediate,2.5mm,Experiment_2
2025-10-23T00:34:46.704Z,2748,6933,24467,3612,8617,27608,4243,5828,22678,3933,6502,24875,Day_1,Fair,Intermediate,2.5mm,Experiment_2
2025-10-23T00:34:46.744Z,2744,6934,24446,3607,8625,27589,4247,5837,22715,3938,6520,24947,Day_1,Fair,Intermediate,2.5mm,Experiment_2
2025-10-23T00:34:46.784Z,2738,6937,24431,3602,8634,27577,4245,5847,22765,3939,6545,25030,Day_1,Fair,Intermediate,2.5mm,Experiment_2
2025-10-23T00:34:46.824Z,2735,6945,24429,3598,8637,27579,4238,5851,22803,3936,6562,25084,Day_1,Fair,Intermediate,2.5mm,Experiment_2
2025-10-23T00:34:46.864Z,2736,6968,24434,3596,8633,27586,4229,5850,22819,3932,6565,25093,Day_1,Fair,Intermediate,2.5mm,Experiment_2
2025-10-23T00:34:46.904Z,2738,7010,24446,3598,8633,27594,4220,5837,22783,3926,6545,25025,Day_1,Fair,Intermediate,2.5mm,Experiment_2
2025-10-23T00:34:46.944Z,2739,7045,24479,3601,8640,27607,4201,5802,22661,3904,6492,24832,Day_1,Fair,Intermediate,2.5mm,Experiment_2
2025-10-23T00:34:46.984Z,2743,7051,24530,3606,8645,27624,4173,5762,22486,3864,6419,24554,Day_1,Fair,Intermediate,2.5mm,Experiment_2
2025-10-23T00:34:47.024Z,2753,7029,24563,3614,8641,27634,4157,5749,22367,3833,6373,24357,Day_1,Fair,Intermediate,2.5mm,Experiment_2
2025-10-23T00:34:47.064Z,2762,6992,24553,3619,8629,27626,4170,5771,22381,3833,6379,24367,Day_1,Fair,Intermediate,2.5mm,Experiment_2
2025-10-23T00:34:47.104Z,2759,6957,24516,3617,8616,27611,4198,5805,22491,3858,6422,24533,Day_1,Fair,Intermediate,2.5mm,Experiment_2
2025-10-23T00:34:47.144Z,2747,6940,24485,3609,8608,27603,4213,5826,22603,3886,6467,24717,Day_1,Fair,Intermediate,2.5mm,Experiment_2
2025-10-23T00:34:47.184Z,2736,6936,24475,3602,8606,27606,4207,5832,22667,3902,6495,24832,Day_1,Fair,Intermediate,2.5mm,Experiment_2
2025-10-23T00:34:47.224Z,2732,6937,24472,3599,8608,27608,4198,5838,22688,3909,6507,24890,Day_1,Fair,Intermediate,2.5mm,Experiment_2
2025-10-23T00:34:47.264Z,2732,6940,24458,3600,8610,27598,4201,5849,22704,3920,6524,24948,Day_1,Fair,Intermediate,2.5mm,Experiment_2
2025-10-23T00:34:47.304Z,2736,6945,24443,3604,8614,27589,4219,5862,22741,3937,6548,25023,Day_1,Fair,Intermediate,2.5mm,Experiment_2
2025-10-23T00:34:47.344Z,2741,6948,24442,3608,8615,27594,4243,5868,22782,3953,6567,25078,Day_1,Fair,Intermediate,2.5mm,Experiment_2
2025-10-23T00:34:47.384Z,2745,6945,24445,3611,8613,27603,4260,5872,22810,3960,6574,25100,Day_1,Fair,Intermediate,2.5mm,Experiment_2
2025-10-23T00:34:47.424Z,2750,6942,24443,3614,8612,27603,4266,5869,22818,3958,6572,25101,Day_1,Fair,Intermediate,2.5mm,Experiment_2
2025-10-23T00:34:47.464Z,2757,6940,24448,3616,8612,27600,4261,5850,22791,3944,6553,25050,Day_1,Fair,Intermediate,2.5mm,Experiment_2
2025-10-23T00:34:47.504Z,2760,6940,24473,3616,8612,27603,4238,5818,22696,3908,6508,24886,Day_1,Fair,Intermediate,2.5mm,Experiment_2
2025-10-23T00:34:47.544Z,2757,6943,24514,3612,8614,27610,4173,5782,22530,3865,6440,24614,Day_1,Fair,Intermediate,2.5mm,Experiment_2
2025-10-23T00:34:47.584Z,2751,6948,24545,3606,8617,27619,4008,5756,22398,3839,6387,24394,Day_1,Fair,Intermediate,2.5mm,Experiment_2
2025-10-23T00:34:47.624Z,2746,6950,24544,3603,8617,27623,3737,5754,22404,3835,6382,24384,Day_1,Fair,Intermediate,2.5mm,Experiment_2
2025-10-23T00:34:47.664Z,2745,6945,24522,3605,8612,27622,3536,5772,22516,3849,6415,24542,Day_1,Fair,Intermediate,2.5mm,Experiment_2
2025-10-23T00:34:47.704Z,2745,6938,24498,3606,8606,27617,3554,5792,22631,3875,6454,24724,Day_1,Fair,Intermediate,2.5mm,Experiment_2
2025-10-23T00:34:47.744Z,2746,6933,24483,3606,8604,27612,3710,5800,22688,3897,6480,24841,Day_1,Fair,Intermediate,2.5mm,Experiment_2
2025-10-23T00:34:47.784Z,2747,6934,24481,3606,8606,27614,3951,5803,22690,3907,6495,24882,Day_1,Fair,Intermediate,2.5mm,Experiment_2
2025-10-23T00:34:47.824Z,2748,6939,24483,3608,8612,27620,4362,5818,22675,3915,6512,24894,Day_1,Fair,Intermediate,2.5mm,Experiment_2
2025-10-23T00:34:47.864Z,2750,6943,24474,3609,8617,27620,4995,5850,22689,3929,6545,24943,Day_1,Fair,Intermediate,2.5mm,Experiment_2
2025-10-23T00:34:47.904Z,2751,6945,24451,3608,8620,27609,5664,5882,22740,3962,6582,25028,Day_1,Fair,Intermediate,2.5mm,Experiment_2
2025-10-23T00:34:47.944Z,2755,6951,24431,3609,8623,27594,6109,5896,22792,4044,6602,25093,Day_1,Fair,Intermediate,2.5mm,Experiment_2
2025-10-23T00:34:47.984Z,2759,6959,24426,3612,8629,27584,6362,5888,22815,4182,6601,25111,Day_1,Fair,Intermediate,2.5mm,Experiment_2
2025-10-23T00:34:48.024Z,2759,6959,24435,3614,8631,27583,6280,5862,22797,4286,6580,25072,Day_1,Fair,Intermediate,2.5mm,Experiment_2
2025-10-23T00:34:48.064Z,2754,6952,24459,3612,8627,27591,5599,5827,22721,4259,6536,24942,Day_1,Fair,Intermediate,2.5mm,Experiment_2
2025-10-23T00:34:48.104Z,2750,6945,24495,3610,8622,27604,4767,5788,22589,4131,6469,24721,Day_1,Fair,Intermediate,2.5mm,Experiment_2
2025-10-23T00:34:48.144Z,2752,6938,24524,3611,8616,27612,4308,5756,22469,3985,6410,24523,Day_1,Fair,Intermediate,2.5mm,Experiment_2
2025-10-23T00:34:48.184Z,2761,6933,24530,3617,8610,27613,4140,5747,22438,3884,6395,24477,Day_1,Fair,Intermediate,2.5mm,Experiment_2
2025-10-23T00:34:48.224Z,2769,6931,24519,3622,8607,27613,4039,5762,22494,3842,6417,24570,Day_1,Fair,Intermediate,2.5mm,Experiment_2
2025-10-23T00:34:48.264Z,2768,6934,24499,3620,8607,27612,3944,5787,22586,3843,6453,24705,Day_1,Fair,Intermediate,2.5mm,Experiment_2
2025-10-23T00:34:48.304Z,2760,6939,24481,3612,8609,27609,3802,5807,22659,3874,6482,24810,Day_1,Fair,Intermediate,2.5mm,Experiment_2
2025-10-23T00:34:48.344Z,2753,6943,24474,3605,8615,27611,3571,5811,22684,3911,6496,24848,Day_1,Fair,Intermediate,2.5mm,Experiment_2
2025-10-23T00:34:48.384Z,2750,6948,24476,3603,8623,27616,3454,5811,22679,3930,6501,24851,Day_1,Fair,Intermediate,2.5mm,Experiment_2
2025-10-23T00:34:48.424Z,2750,6950,24473,3605,8624,27615,3620,5823,22692,3935,6513,24887,Day_1,Fair,Intermediate,2.5mm,Experiment_2
2025-10-23T00:34:48.464Z,2748,6946,24457,3608,8616,27603,3864,5846,22744,3945,6536,24972,Day_1,Fair,Intermediate,2.5mm,Experiment_2
2025-10-23T00:34:48.504Z,2744,6937,24436,3610,8605,27586,4056,5866,22807,3962,6560,25061,Day_1,Fair,Intermediate,2.5mm,Experiment_2
2025-10-23T00:34:48.544Z,2740,6926,24424,3609,8595,27573,4296,5873,22843,3983,6573,25107,Day_1,Fair,Intermediate,2.5mm,Experiment_2
2025-10-23T00:34:48.584Z,2737,6923,24426,3606,8594,27570,4559,5870,22830,4016,6569,25093,Day_1,Fair,Intermediate,2.5mm,Experiment_2
2025-10-23T00:34:48.624Z,2735,6935,24442,3601,8606,27576,4658,5859,22752,4036,6545,24991,Day_1,Fair,Intermediate,2.5mm,Experiment_2
2025-10-23T00:34:48.664Z,2733,6953,24476,3597,8622,27590,4516,5829,22610,3982,6491,24783,Day_1,Fair,Intermediate,2.5mm,Experiment_2
2025-10-23T00:34:48.704Z,2734,6961,24513,3594,8629,27604,4307,5788,22455,3858,6425,24538,Day_1,Fair,Intermediate,2.5mm,Experiment_2
2025-10-23T00:34:48.745Z,2735,6957,24530,3594,8624,27612,4202,5763,22375,3768,6387,24398,Day_1,Fair,Intermediate,2.5mm,Experiment_2
2025-10-23T00:34:48.785Z,2737,6946,24523,3597,8614,27615,4192,5762,22411,3783,6395,24436,Day_1,Fair,Intermediate,2.5mm,Experiment_2
2025-10-23T00:34:48.825Z,2737,6937,24503,3600,8605,27614,4213,5777,22523,3864,6433,24594,Day_1,Fair,Intermediate,2.5mm,Experiment_2
2025-10-23T00:34:48.865Z,2737,6933,24484,3598,8605,27609,4227,5793,22636,3943,6471,24757,Day_1,Fair,Intermediate,2.5mm,Experiment_2
2025-10-23T00:34:48.905Z,2739,6937,24476,3596,8613,27606,4230,5801,22690,3979,6493,24848,Day_1,Fair,Intermediate,2.5mm,Experiment_2
2025-10-23T00:34:48.945Z,2747,6943,24480,3601,8623,27611,4223,5806,22692,3963,6503,24876,Day_1,Fair,Intermediate,2.5mm,Experiment_2
2025-10-23T00:34:48.985Z,2755,6946,24481,3612,8626,27615,4210,5814,22695,3931,6517,24905,Day_1,Fair,Intermediate,2.5mm,Experiment_2
2025-10-23T00:34:49.025Z,2756,6944,24467,3620,8621,27609,4201,5822,22730,3920,6536,24969,Day_1,Fair,Intermediate,2.5mm,Experiment_2
2025-10-23T00:34:49.065Z,2753,6936,24446,3620,8607,27593,4206,5830,22778,3928,6553,25042,Day_1,Fair,Intermediate,2.5mm,Experiment_2
2025-10-23T00:34:49.105Z,2752,6926,24432,3615,8593,27581,4221,5836,22814,3941,6563,25093,Day_1,Fair,Intermediate,2.5mm,Experiment_2
2025-10-23T00:34:49.145Z,2754,6922,24433,3612,8589,27583,4236,5834,22820,3954,6564,25103,Day_1,Fair,Intermediate,2.5mm,Experiment_2
2025-10-23T00:34:49.185Z,2759,6929,24451,3613,8597,27595,4241,5818,22770,3957,6543,25036,Day_1,Fair,Intermediate,2.5mm,Experiment_2
2025-10-23T00:34:49.225Z,2763,6940,24489,3615,8612,27614,4231,5787,22646,3935,6486,24845,Day_1,Fair,Intermediate,2.5mm,Experiment_2
2025-10-23T00:34:49.265Z,2765,6948,24535,3613,8622,27630,4204,5747,22480,3891,6393,24564,Day_1,Fair,Intermediate,2.5mm,Experiment_2
2025-10-23T00:34:49.305Z,2765,6950,24560,3611,8625,27633,4173,5713,22366,3850,6294,24352,Day_1,Fair,Intermediate,2.5mm,Experiment_2
2025-10-23T00:34:49.345Z,2764,6949,24547,3611,8621,27623,4162,5687,22371,3841,6235,24348,Day_1,Fair,Intermediate,2.5mm,Experiment_2
2025-10-23T00:34:49.385Z,2764,6944,24511,3615,8614,27609,4179,5612,22468,3862,6247,24511,Day_1,Fair,Intermediate,2.5mm,Experiment_2
2025-10-23T00:34:49.425Z,2768,6943,24483,3622,8610,27601,4210,5440,22578,3894,6309,24697,Day_1,Fair,Intermediate,2.5mm,Experiment_2
2025-10-23T00:34:49.465Z,2771,6951,24470,3624,8615,27599,4237,5304,22641,3919,6378,24812,Day_1,Fair,Intermediate,2.5mm,Experiment_2
2025-10-23T00:34:49.505Z,2766,6957,24465,3619,8621,27599,4249,5379,22656,3931,6446,24852,Day_1,Fair,Intermediate,2.5mm,Experiment_2
2025-10-23T00:34:49.545Z,2756,6952,24457,3611,8621,27596,4247,5625,22675,3933,6515,24884,Day_1,Fair,Intermediate,2.5mm,Experiment_2
2025-10-23T00:34:49.585Z,2745,6945,24442,3603,8618,27588,4238,5934,22729,3933,6570,24953,Day_1,Fair,Intermediate,2.5mm,Experiment_2
2025-10-23T00:34:49.625Z,2737,6941,24427,3598,8617,27580,4232,6345,22794,3939,6597,25033,Day_1,Fair,Intermediate,2.5mm,Experiment_2
2025-10-23T00:34:49.665Z,2736,6941,24421,3597,8614,27575,4235,7005,22835,3949,6607,25089,Day_1,Fair,Intermediate,2.5mm,Experiment_2
2025-10-23T00:34:49.705Z,2744,6939,24421,3603,8608,27573,4245,7674,22844,3959,6614,25112,Day_1,Fair,Intermediate,2.5mm,Experiment_2
2025-10-23T00:34:49.745Z,2751,6937,24427,3610,8602,27577,4254,7809,22807,3963,6621,25076,Day_1,Fair,Intermediate,2.5mm,Experiment_2
2025-10-23T00:34:49.785Z,2750,6940,24452,3610,8605,27588,4246,7430,22699,3947,6619,24929,Day_1,Fair,Intermediate,2.5mm,Experiment_2
2025-10-23T00:34:49.824Z,2749,6950,24493,3606,8617,27604,4218,6921,22534,3907,6574,24675,Day_1,Fair,Intermediate,2.5mm,Experiment_2
2025-10-23T00:34:49.864Z,2752,6954,24522,3605,8624,27612,4186,6382,22405,3864,6487,24459,Day_1,Fair,Intermediate,2.5mm,Experiment_2
2025-10-23T00:34:49.904Z,2753,6945,24516,3604,8620,27609,4170,5877,22402,3843,6426,24427,Day_1,Fair,Intermediate,2.5mm,Experiment_2
2025-10-23T00:34:49.944Z,2745,6933,24493,3597,8610,27601,4172,5445,22499,3851,6425,24549,Day_1,Fair,Intermediate,2.5mm,Experiment_2
2025-10-23T00:34:49.984Z,2736,6928,24476,3591,8605,27596,4185,4982,22609,3873,6453,24706,Day_1,Fair,Intermediate,2.5mm,Experiment_2
2025-10-23T00:34:50.024Z,2736,6929,24475,3592,8604,27597,4201,4488,22676,3895,6481,24819,Day_1,Fair,Intermediate,2.5mm,Experiment_2
2025-10-23T00:34:50.064Z,2741,6933,24483,3600,8605,27601,4214,4322,22692,3908,6493,24869,Day_1,Fair,Intermediate,2.5mm,Experiment_2
2025-10-23T00:34:50.104Z,2742,6939,24479,3605,8610,27599,4224,4760,22688,3916,6489,24885,Day_1,Fair,Intermediate,2.5mm,Experiment_2
2025-10-23T00:34:50.144Z,2738,6945,24458,3605,8614,27588,4237,5380,22708,3928,6485,24927,Day_1,Fair,Intermediate,2.5mm,Experiment_2
2025-10-23T00:34:50.184Z,2735,6945,24437,3604,8613,27577,4252,5708,22754,3943,6496,25003,Day_1,Fair,Intermediate,2.5mm,Experiment_2
2025-10-23T00:34:50.224Z,2732,6940,24427,3603,8608,27573,4263,5734,22801,3954,6517,25074,Day_1,Fair,Intermediate,2.5mm,Experiment_2
2025-10-23T00:34:50.264Z,2731,6936,24423,3601,8605,27573,4266,5610,22828,3956,6526,25112,Day_1,Fair,Intermediate,2.5mm,Experiment_2
2025-10-23T00:34:50.304Z,2736,6936,24426,3602,8606,27575,4260,5519,22824,3953,6527,25101,Day_1,Fair,Intermediate,2.5mm,Experiment_2
2025-10-23T00:34:50.344Z,2746,6936,24447,3608,8606,27583,4244,5630,22763,3940,6532,25004,Day_1,Fair,Intermediate,2.5mm,Experiment_2
2025-10-23T00:34:50.384Z,2756,6936,24486,3613,8606,27599,4221,5916,22631,3912,6531,24800,Day_1,Fair,Intermediate,2.5mm,Experiment_2
2025-10-23T00:34:50.424Z,2760,6934,24521,3614,8605,27611,4201,6126,22483,3882,6500,24581,Day_1,Fair,Intermediate,2.5mm,Experiment_2
2025-10-23T00:34:50.464Z,2757,6933,24524,3612,8604,27610,4192,6078,22417,3867,6450,24483,Day_1,Fair,Intermediate,2.5mm,Experiment_2
2025-10-23T00:34:50.504Z,2747,6935,24498,3608,8605,27599,4194,5898,22453,3872,6430,24530,Day_1,Fair,Intermediate,2.5mm,Experiment_2
2025-10-23T00:34:50.544Z,2739,6940,24461,3606,8610,27584,4204,5749,22535,3886,6450,24654,Day_1,Fair,Intermediate,2.5mm,Experiment_2
2025-10-23T00:34:50.584Z,2741,6946,24436,3612,8614,27574,4212,5670,22599,3896,6477,24770,Day_1,Fair,Intermediate,2.5mm,Experiment_2
2025-10-23T00:34:50.624Z,2748,6952,24436,3620,8619,27576,4213,5685,22620,3902,6487,24826,Day_1,Fair,Intermediate,2.5mm,Experiment_2
2025-10-23T00:34:50.664Z,2752,6953,24446,3622,8620,27586,4216,5757,22621,3911,6490,24839,Day_1,Fair,Intermediate,2.5mm,Experiment_2
2025-10-23T00:34:50.704Z,2751,6949,24447,3618,8617,27590,4221,5817,22650,3922,6501,24873,Day_1,Fair,Intermediate,2.5mm,Experiment_2
2025-10-23T00:34:50.744Z,2753,6944,24440,3618,8616,27590,4231,5851,22710,3933,6519,24949,Day_1,Fair,Intermediate,2.5mm,Experiment_2
2025-10-23T00:34:50.784Z,2756,6942,24440,3619,8617,27594,4243,5865,22762,3945,6538,25029,Day_1,Fair,Intermediate,2.5mm,Experiment_2
2025-10-23T00:34:50.824Z,2754,6942,24446,3615,8617,27599,4249,5858,22790,3952,6549,25077,Day_1,Fair,Intermediate,2.5mm,Experiment_2
2025-10-23T00:34:50.864Z,2751,6942,24448,3608,8615,27597,4242,5834,22799,3950,6548,25084,Day_1,Fair,Intermediate,2.5mm,Experiment_2
2025-10-23T00:34:50.904Z,2752,6942,24453,3604,8614,27592,4221,5810,22764,3934,6529,25015,Day_1,Fair,Intermediate,2.5mm,Experiment_2
2025-10-23T00:34:50.944Z,2753,6945,24482,3604,8617,27599,4198,5785,22638,3908,6481,24819,Day_1,Fair,Intermediate,2.5mm,Experiment_2
2025-10-23T00:34:50.984Z,2754,6954,24530,3604,8628,27615,4183,5759,22456,3878,6411,24540,Day_1,Fair,Intermediate,2.5mm,Experiment_2
2025-10-23T00:34:51.024Z,2758,6965,24563,3607,8639,27626,4174,5742,22339,3855,6360,24347,Day_1,Fair,Intermediate,2.5mm,Experiment_2
2025-10-23T00:34:51.064Z,2762,6966,24559,3612,8639,27627,4168,5749,22357,3848,6361,24362,Day_1,Fair,Intermediate,2.5mm,Experiment_2
2025-10-23T00:34:51.104Z,2761,6955,24532,3614,8629,27625,4170,5775,22470,3857,6403,24531,Day_1,Fair,Intermediate,2.5mm,Experiment_2
2025-10-23T00:34:51.144Z,2755,6944,24505,3612,8619,27622,4189,5803,22598,3879,6453,24721,Day_1,Fair,Intermediate,2.5mm,Experiment_2
2025-10-23T00:34:51.184Z,2748,6942,24489,3609,8615,27619,4214,5822,22681,3904,6489,24844,Day_1,Fair,Intermediate,2.5mm,Experiment_2
2025-10-23T00:34:51.224Z,2744,6943,24478,3608,8615,27612,4230,5833,22706,3925,6511,24900,Day_1,Fair,Intermediate,2.5mm,Experiment_2
2025-10-23T00:34:51.264Z,2742,6943,24462,3605,8615,27601,4240,5842,22720,3944,6531,24955,Day_1,Fair,Intermediate,2.5mm,Experiment_2
2025-10-23T00:34:51.304Z,2742,6942,24444,3603,8610,27592,4253,5855,22766,3963,6555,25039,Day_1,Fair,Intermediate,2.5mm,Experiment_2
2025-10-23T00:34:51.344Z,2743,6937,24436,3603,8602,27589,4263,5867,22818,3972,6570,25104,Day_1,Fair,Intermediate,2.5mm,Experiment_2
2025-10-23T00:34:51.384Z,2742,6933,24435,3600,8599,27590,4258,5873,22846,3969,6572,25127,Day_1,Fair,Intermediate,2.5mm,Experiment_2
2025-10-23T00:34:51.424Z,2736,6936,24434,3592,8604,27590,4241,5867,22840,3959,6566,25116,Day_1,Fair,Intermediate,2.5mm,Experiment_2
2025-10-23T00:34:51.464Z,2731,6943,24444,3585,8613,27594,4219,5850,22792,3943,6548,25048,Day_1,Fair,Intermediate,2.5mm,Experiment_2
2025-10-23T00:34:51.504Z,2735,6947,24479,3587,8618,27608,4199,5822,22674,3917,6505,24874,Day_1,Fair,Intermediate,2.5mm,Experiment_2
2025-10-23T00:34:51.544Z,2744,6949,24531,3594,8622,27626,4181,5780,22500,3881,6435,24606,Day_1,Fair,Intermediate,2.5mm,Experiment_2
2025-10-23T00:34:51.584Z,2748,6953,24566,3598,8628,27633,4176,5742,22366,3851,6374,24392,Day_1,Fair,Intermediate,2.5mm,Experiment_2
2025-10-23T00:34:51.624Z,2744,6955,24554,3596,8634,27623,4187,5739,22361,3846,6365,24376,Day_1,Fair,Intermediate,2.5mm,Experiment_2
2025-10-23T00:34:51.664Z,2738,6952,24514,3594,8631,27607,4201,5768,22464,3864,6404,24523,Day_1,Fair,Intermediate,2.5mm,Experiment_2
2025-10-23T00:34:51.704Z,2734,6942,24479,3595,8619,27599,4211,5801,22589,3888,6453,24705,Day_1,Fair,Intermediate,2.5mm,Experiment_2
2025-10-23T00:34:51.744Z,2729,6936,24462,3596,8610,27598,4216,5821,22670,3907,6486,24829,Day_1,Fair,Intermediate,2.5mm,Experiment_2
2025-10-23T00:34:51.784Z,2723,6937,24452,3594,8608,27595,4218,5823,22693,3917,6496,24869,Day_1,Fair,Intermediate,2.5mm,Experiment_2
2025-10-23T00:34:51.824Z,2718,6943,24444,3590,8613,27588,4224,5814,22694,3922,6498,24878,Day_1,Fair,Intermediate,2.5mm,Experiment_2
2025-10-23T00:34:51.864Z,2718,6949,24435,3588,8619,27584,4243,5812,22718,3933,6511,24927,Day_1,Fair,Intermediate,2.5mm,Experiment_2
2025-10-23T00:34:51.904Z,2724,6954,24429,3593,8622,27585,4264,5821,22765,3947,6533,25012,Day_1,Fair,Intermediate,2.5mm,Experiment_2
2025-10-23T00:34:51.944Z,2736,6953,24428,3603,8620,27589,4268,5834,22809,3955,6553,25080,Day_1,Fair,Intermediate,2.5mm,Experiment_2
2025-10-23T00:34:51.984Z,2748,6949,24426,3611,8616,27586,4257,5846,22836,3958,6565,25109,Day_1,Fair,Intermediate,2.5mm,Experiment_2
2025-10-23T00:34:52.024Z,2755,6945,24431,3616,8614,27582,4241,5847,22828,3956,6560,25083,Day_1,Fair,Intermediate,2.5mm,Experiment_2
2025-10-23T00:34:52.064Z,2758,6942,24457,3618,8612,27589,4220,5826,22752,3939,6527,24963,Day_1,Fair,Intermediate,2.5mm,Experiment_2
2025-10-23T00:34:52.104Z,2759,6943,24498,3619,8614,27604,4192,5787,22604,3904,6465,24740,Day_1,Fair,Intermediate,2.5mm,Experiment_2
2025-10-23T00:34:52.144Z,2756,6948,24526,3614,8621,27614,4166,5754,22463,3869,6408,24534,Day_1,Fair,Intermediate,2.5mm,Experiment_2
2025-10-23T00:34:52.184Z,2748,6952,24526,3607,8626,27615,4152,5749,22416,3854,6392,24479,Day_1,Fair,Intermediate,2.5mm,Experiment_2
2025-10-23T00:34:52.224Z,2736,6955,24506,3599,8627,27610,4159,5768,22464,3863,6417,24563,Day_1,Fair,Intermediate,2.5mm,Experiment_2
2025-10-23T00:34:52.264Z,2727,6957,24483,3593,8626,27600,4185,5796,22557,3881,6458,24695,Day_1,Fair,Intermediate,2.5mm,Experiment_2
2025-10-23T00:34:52.304Z,2725,6955,24470,3593,8625,27593,4211,5818,22641,3895,6490,24802,Day_1,Fair,Intermediate,2.5mm,Experiment_2
2025-10-23T00:34:52.344Z,2730,6949,24471,3596,8620,27596,4224,5826,22680,3904,6500,24851,Day_1,Fair,Intermediate,2.5mm,Experiment_2
2025-10-23T00:34:52.384Z,2733,6943,24473,3596,8613,27601,4228,5825,22680,3910,6499,24860,Day_1,Fair,Intermediate,2.5mm,Experiment_2
2025-10-23T00:34:52.424Z,2734,6940,24466,3593,8608,27600,4232,5831,22696,3920,6508,24893,Day_1,Fair,Intermediate,2.5mm,Experiment_2
2025-10-23T00:34:52.464Z,2732,6937,24453,3590,8603,27595,4234,5840,22750,3933,6531,24973,Day_1,Fair,Intermediate,2.5mm,Experiment_2
2025-10-23T00:34:52.504Z,2725,6936,24442,3584,8600,27589,4230,5843,22805,3940,6552,25059,Day_1,Fair,Intermediate,2.5mm,Experiment_2
2025-10-23T00:34:52.544Z,2717,6938,24438,3578,8601,27586,4224,5842,22830,3941,6560,25107,Day_1,Fair,Intermediate,2.5mm,Experiment_2
2025-10-23T00:34:52.584Z,2717,6942,24444,3578,8607,27590,4224,5834,22818,3941,6552,25098,Day_1,Fair,Intermediate,2.5mm,Experiment_2
2025-10-23T00:34:52.624Z,2726,6944,24465,3586,8614,27601,4224,5818,22756,3936,6526,25005,Day_1,Fair,Intermediate,2.5mm,Experiment_2
2025-10-23T00:34:52.664Z,2740,6947,24498,3595,8621,27613,4208,5792,22630,3914,6472,24806,Day_1,Fair,Intermediate,2.5mm,Experiment_2
2025-10-23T00:34:52.705Z,2751,6950,24528,3602,8624,27617,4184,5761,22479,3879,6405,24566,Day_1,Fair,Intermediate,2.5mm,Experiment_2
2025-10-23T00:34:52.745Z,2757,6955,24536,3606,8624,27612,4174,5745,22397,3858,6368,24425,Day_1,Fair,Intermediate,2.5mm,Experiment_2
2025-10-23T00:34:52.785Z,2760,6962,24517,3613,8625,27605,4181,5758,22428,3859,6383,24458,Day_1,Fair,Intermediate,2.5mm,Experiment_2
2025-10-23T00:34:52.825Z,2760,6965,24483,3618,8626,27598,4190,5785,22526,3871,6430,24609,Day_1,Fair,Intermediate,2.5mm,Experiment_2
2025-10-23T00:34:52.865Z,2754,6962,24457,3617,8625,27591,4198,5802,22617,3885,6474,24761,Day_1,Fair,Intermediate,2.5mm,Experiment_2
2025-10-23T00:34:52.905Z,2744,6957,24450,3608,8624,27591,4207,5804,22661,3899,6495,24844,Day_1,Fair,Intermediate,2.5mm,Experiment_2
2025-10-23T00:34:52.945Z,2738,6950,24456,3603,8619,27599,4216,5807,22677,3910,6504,24876,Day_1,Fair,Intermediate,2.5mm,Experiment_2
2025-10-23T00:34:52.985Z,2735,6939,24460,3602,8610,27604,4227,5823,22707,3922,6519,24918,Day_1,Fair,Intermediate,2.5mm,Experiment_2
2025-10-23T00:34:53.025Z,2733,6931,24454,3603,8603,27601,4240,5838,22761,3937,6539,24990,Day_1,Fair,Intermediate,2.5mm,Experiment_2
2025-10-23T00:34:53.065Z,2731,6930,24443,3605,8601,27594,4250,5839,22806,3951,6550,25057,Day_1,Fair,Intermediate,2.5mm,Experiment_2
2025-10-23T00:34:53.105Z,2734,6937,24437,3608,8605,27589,4251,5839,22823,3959,6557,25093,Day_1,Fair,Intermediate,2.5mm,Experiment_2
2025-10-23T00:34:53.145Z,2739,6945,24434,3611,8610,27586,4250,5847,22812,3961,6562,25091,Day_1,Fair,Intermediate,2.5mm,Experiment_2
2025-10-23T00:34:53.185Z,2743,6950,24440,3612,8613,27584,4251,5848,22761,3954,6553,25022,Day_1,Fair,Intermediate,2.5mm,Experiment_2
2025-10-23T00:34:53.225Z,2745,6955,24464,3611,8618,27586,4237,5828,22645,3930,6507,24838,Day_1,Fair,Intermediate,2.5mm,Experiment_2
2025-10-23T00:34:53.265Z,2749,6962,24503,3610,8626,27593,4203,5783,22485,3892,6433,24562,Day_1,Fair,Intermediate,2.5mm,Experiment_2
2025-10-23T00:34:53.305Z,2751,6967,24529,3608,8632,27597,4173,5728,22369,3862,6375,24349,Day_1,Fair,Intermediate,2.5mm,Experiment_2
2025-10-23T00:34:53.345Z,2746,6965,24518,3604,8633,27593,4166,5694,22368,3856,6371,24340,Day_1,Fair,Intermediate,2.5mm,Experiment_2
2025-10-23T00:34:53.385Z,2740,6956,24484,3599,8627,27585,4175,5700,22456,3868,6411,24497,Day_1,Fair,Intermediate,2.5mm,Experiment_2
2025-10-23T00:34:53.425Z,2740,6945,24457,3600,8617,27583,4190,5738,22561,3887,6453,24686,Day_1,Fair,Intermediate,2.5mm,Experiment_2
2025-10-23T00:34:53.465Z,2744,6936,24450,3603,8608,27588,4202,5774,22633,3900,6476,24813,Day_1,Fair,Intermediate,2.5mm,Experiment_2
2025-10-23T00:34:53.505Z,2745,6931,24452,3603,8604,27594,4206,5796,22655,3905,6485,24865,Day_1,Fair,Intermediate,2.5mm,Experiment_2
2025-10-23T00:34:53.545Z,2744,6932,24447,3602,8605,27594,4207,5811,22670,3908,6497,24900,Day_1,Fair,Intermediate,2.5mm,Experiment_2
2025-10-23T00:34:53.585Z,2743,6939,24440,3604,8610,27590,4209,5825,22719,3914,6518,24966,Day_1,Fair,Intermediate,2.5mm,Experiment_2
2025-10-23T00:34:53.625Z,2741,6950,24439,3607,8617,27590,4211,5832,22773,3920,6538,25033,Day_1,Fair,Intermediate,2.5mm,Experiment_2
2025-10-23T00:34:53.665Z,2741,6956,24443,3606,8617,27591,4214,5833,22800,3925,6549,25072,Day_1,Fair,Intermediate,2.5mm,Experiment_2
2025-10-23T00:34:53.705Z,2742,6952,24443,3602,8613,27589,4218,5836,22807,3929,6553,25089,Day_1,Fair,Intermediate,2.5mm,Experiment_2
2025-10-23T00:34:53.745Z,2746,6946,24449,3601,8610,27591,4214,5841,22787,3927,6548,25061,Day_1,Fair,Intermediate,2.5mm,Experiment_2
2025-10-23T00:34:53.785Z,2751,6944,24476,3604,8610,27600,4200,5834,22696,3912,6517,24921,Day_1,Fair,Intermediate,2.5mm,Experiment_2
2025-10-23T00:34:53.825Z,2757,6945,24517,3611,8611,27611,4191,5806,22535,3887,6459,24665,Day_1,Fair,Intermediate,2.5mm,Experiment_2
2025-10-23T00:34:53.865Z,2762,6946,24545,3615,8612,27614,4193,5776,22400,3868,6408,24446,Day_1,Fair,Intermediate,2.5mm,Experiment_2
2025-10-23T00:34:53.905Z,2759,6944,24542,3614,8614,27611,4205,5767,22385,3868,6399,24414,Day_1,Fair,Intermediate,2.5mm,Experiment_2
2025-10-23T00:34:53.945Z,2751,6942,24514,3610,8615,27604,4222,5779,22476,3881,6427,24543,Day_1,Fair,Intermediate,2.5mm,Experiment_2
2025-10-23T00:34:53.985Z,2741,6946,24478,3604,8619,27592,4232,5801,22598,3895,6467,24711,Day_1,Fair,Intermediate,2.5mm,Experiment_2
2025-10-23T00:34:54.025Z,2735,6955,24453,3598,8628,27582,4230,5822,22685,3903,6499,24829,Day_1,Fair,Intermediate,2.5mm,Experiment_2
2025-10-23T00:34:54.065Z,2736,6960,24449,3597,8632,27586,4217,5829,22710,3904,6509,24873,Day_1,Fair,Intermediate,2.5mm,Experiment_2
2025-10-23T00:34:54.105Z,2741,6958,24454,3601,8628,27595,4206,5824,22709,3902,6510,24888,Day_1,Fair,Intermediate,2.5mm,Experiment_2
2025-10-23T00:34:54.145Z,2745,6954,24444,3607,8623,27595,4215,5828,22732,3910,6524,24936,Day_1,Fair,Intermediate,2.5mm,Experiment_2
2025-10-23T00:34:54.185Z,2744,6948,24423,3608,8620,27584,4239,5849,22777,3930,6551,25015,Day_1,Fair,Intermediate,2.5mm,Experiment_2
2025-10-23T00:34:54.225Z,2739,6940,24409,3604,8617,27574,4253,5862,22808,3947,6568,25080,Day_1,Fair,Intermediate,2.5mm,Experiment_2
2025-10-23T00:34:54.265Z,2736,6936,24410,3600,8615,27577,4248,5856,22820,3953,6569,25109,Day_1,Fair,Intermediate,2.5mm,Experiment_2
2025-10-23T00:34:54.305Z,2739,6938,24424,3601,8614,27589,4237,5841,22810,3952,6560,25093,Day_1,Fair,Intermediate,2.5mm,Experiment_2
2025-10-23T00:34:54.345Z,2745,6939,24451,3605,8612,27603,4225,5820,22743,3941,6535,24990,Day_1,Fair,Intermediate,2.5mm,Experiment_2
2025-10-23T00:34:54.385Z,2753,6938,24491,3612,8611,27617,4205,5788,22598,3912,6481,24779,Day_1,Fair,Intermediate,2.5mm,Experiment_2
2025-10-23T00:34:54.425Z,2759,6938,24524,3619,8613,27624,4180,5755,22448,3876,6420,24559,Day_1,Fair,Intermediate,2.5mm,Experiment_2
2025-10-23T00:34:54.465Z,2761,6938,24530,3619,8613,27620,4168,5744,22395,3856,6392,24469,Day_1,Fair,Intermediate,2.5mm,Experiment_2
2025-10-23T00:34:54.505Z,2761,6935,24510,3617,8608,27611,4174,5762,22454,3861,6408,24527,Day_1,Fair,Intermediate,2.5mm,Experiment_2
2025-10-23T00:34:54.545Z,2760,6931,24482,3615,8605,27602,4190,5792,22558,3881,6445,24662,Day_1,Fair,Intermediate,2.5mm,Experiment_2
2025-10-23T00:34:54.585Z,2757,6933,24461,3610,8608,27595,4210,5813,22636,3904,6476,24785,Day_1,Fair,Intermediate,2.5mm,Experiment_2
2025-10-23T00:34:54.625Z,2752,6939,24455,3607,8614,27591,4231,5823,22659,3922,6489,24839,Day_1,Fair,Intermediate,2.5mm,Experiment_2
2025-10-23T00:34:54.665Z,2749,6941,24456,3605,8617,27588,4246,5827,22651,3931,6493,24840,Day_1,Fair,Intermediate,2.5mm,Experiment_2
2025-10-23T00:34:54.705Z,2747,6939,24453,3603,8614,27585,4242,5831,22661,3931,6503,24856,Day_1,Fair,Intermediate,2.5mm,Experiment_2
2025-10-23T00:34:54.745Z,2746,6935,24442,3602,8608,27581,4228,5836,22713,3928,6525,24923,Day_1,Fair,Intermediate,2.5mm,Experiment_2
2025-10-23T00:34:54.785Z,2747,6930,24432,3601,8601,27578,4227,5839,22780,3931,6546,25012,Day_1,Fair,Intermediate,2.5mm,Experiment_2
2025-10-23T00:34:54.825Z,2746,6926,24432,3602,8596,27582,4244,5840,22826,3938,6560,25078,Day_1,Fair,Intermediate,2.5mm,Experiment_2
2025-10-23T00:34:54.865Z,2744,6926,24443,3603,8594,27590,4261,5838,22834,3945,6564,25093,Day_1,Fair,Intermediate,2.5mm,Experiment_2
2025-10-23T00:34:54.905Z,2742,6928,24464,3605,8595,27601,4259,5831,22786,3939,6550,25026,Day_1,Fair,Intermediate,2.5mm,Experiment_2
2025-10-23T00:34:54.945Z,2742,6934,24501,3608,8600,27615,4232,5812,22657,3909,6504,24832,Day_1,Fair,Intermediate,2.5mm,Experiment_2
2025-10-23T00:34:54.985Z,2743,6944,24548,3608,8610,27631,4194,5781,22470,3866,6434,24547,Day_1,Fair,Intermediate,2.5mm,Experiment_2
2025-10-23T00:34:55.025Z,2746,6949,24574,3608,8617,27638,4167,5756,22338,3835,6380,24340,Day_1,Fair,Intermediate,2.5mm,Experiment_2
2025-10-23T00:34:55.065Z,2752,6944,24559,3609,8615,27631,4165,5754,22352,3831,6375,24345,Day_1,Fair,Intermediate,2.5mm,Experiment_2
2025-10-23T00:34:55.105Z,2755,6937,24521,3609,8611,27615,4177,5776,22471,3847,6411,24510,Day_1,Fair,Intermediate,2.5mm,Experiment_2
2025-10-23T00:34:55.145Z,2753,6936,24487,3606,8609,27601,4186,5803,22587,3868,6454,24691,Day_1,Fair,Intermediate,2.5mm,Experiment_2
2025-10-23T00:34:55.185Z,2749,6937,24465,3604,8612,27592,4187,5817,22640,3885,6483,24804,Day_1,Fair,Intermediate,2.5mm,Experiment_2
2025-10-23T00:34:55.225Z,2750,6936,24451,3606,8612,27585,4190,5817,22656,3897,6496,24859,Day_1,Fair,Intermediate,2.5mm,Experiment_2
2025-10-23T00:34:55.265Z,2755,6929,24438,3612,8607,27575,4207,5817,22688,3912,6509,24919,Day_1,Fair,Intermediate,2.5mm,Experiment_2
2025-10-23T00:34:55.305Z,2759,6922,24426,3617,8601,27566,4232,5827,22742,3930,6531,25002,Day_1,Fair,Intermediate,2.5mm,Experiment_2
2025-10-23T00:34:55.345Z,2755,6923,24420,3617,8601,27565,4247,5840,22786,3944,6551,25065,Day_1,Fair,Intermediate,2.5mm,Experiment_2
2025-10-23T00:34:55.385Z,2744,6926,24419,3611,8601,27569,4242,5848,22806,3948,6561,25092,Day_1,Fair,Intermediate,2.5mm,Experiment_2
2025-10-23T00:34:55.425Z,2731,6931,24421,3599,8601,27572,4227,5850,22809,3946,6561,25095,Day_1,Fair,Intermediate,2.5mm,Experiment_2
2025-10-23T00:34:55.465Z,2723,6941,24434,3588,8610,27580,4213,5841,22785,3934,6546,25048,Day_1,Fair,Intermediate,2.5mm,Experiment_2
2025-10-23T00:34:55.505Z,2726,6956,24468,3586,8625,27596,4202,5819,22699,3908,6506,24893,Day_1,Fair,Intermediate,2.5mm,Experiment_2
2025-10-23T00:34:55.545Z,2737,6968,24516,3594,8635,27617,4189,5792,22550,3874,6448,24637,Day_1,Fair,Intermediate,2.5mm,Experiment_2
2025-10-23T00:34:55.585Z,2746,6967,24544,3602,8634,27624,4176,5773,22427,3848,6403,24430,Day_1,Fair,Intermediate,2.5mm,Experiment_2
2025-10-23T00:34:55.625Z,2743,6961,24530,3600,8629,27613,4175,5775,22417,3846,6397,24414,Day_1,Fair,Intermediate,2.5mm,Experiment_2
2025-10-23T00:34:55.665Z,2734,6953,24497,3595,8624,27598,4187,5790,22498,3864,6426,24549,Day_1,Fair,Intermediate,2.5mm,Experiment_2
2025-10-23T00:34:55.705Z,2732,6945,24472,3595,8618,27590,4200,5806,22598,3886,6463,24710,Day_1,Fair,Intermediate,2.5mm,Experiment_2
2025-10-23T00:34:55.745Z,2736,6938,24463,3599,8615,27590,4211,5815,22663,3903,6489,24822,Day_1,Fair,Intermediate,2.5mm,Experiment_2
2025-10-23T00:34:55.785Z,2742,6937,24464,3605,8616,27590,4224,5817,22682,3916,6498,24867,Day_1,Fair,Intermediate,2.5mm,Experiment_2
2025-10-23T00:34:55.825Z,2749,6940,24466,3610,8618,27590,4236,5824,22690,3924,6506,24887,Day_1,Fair,Intermediate,2.5mm,Experiment_2
2025-10-23T00:34:55.865Z,2754,6939,24462,3614,8616,27592,4241,5838,22728,3929,6525,24944,Day_1,Fair,Intermediate,2.5mm,Experiment_2
2025-10-23T00:34:55.905Z,2753,6933,24454,3613,8609,27596,4240,5851,22782,3933,6550,25031,Day_1,Fair,Intermediate,2.5mm,Experiment_2
2025-10-23T00:34:55.945Z,2747,6925,24446,3608,8599,27597,4238,5860,22814,3938,6567,25092,Day_1,Fair,Intermediate,2.5mm,Experiment_2
2025-10-23T00:34:55.985Z,2742,6920,24437,3604,8592,27591,4240,5865,22828,3944,6570,25114,Day_1,Fair,Intermediate,2.5mm,Experiment_2
2025-10-23T00:34:56.025Z,2740,6924,24435,3603,8591,27586,4244,5860,22822,3949,6558,25095,Day_1,Fair,Intermediate,2.5mm,Experiment_2
2025-10-23T00:34:56.065Z,2739,6932,24455,3603,8596,27592,4244,5844,22757,3942,6524,24988,Day_1,Fair,Intermediate,2.5mm,Experiment_2
2025-10-23T00:34:56.105Z,2738,6935,24492,3602,8601,27605,4235,5822,22617,3918,6473,24771,Day_1,Fair,Intermediate,2.5mm,Experiment_2
2025-10-23T00:34:56.145Z,2736,6935,24521,3597,8605,27611,4220,5804,22470,3889,6427,24553,Day_1,Fair,Intermediate,2.5mm,Experiment_2
2025-10-23T00:34:56.185Z,2732,6932,24517,3591,8609,27603,4206,5790,22413,3872,6410,24477,Day_1,Fair,Intermediate,2.5mm,Experiment_2
2025-10-23T00:34:56.225Z,2732,6932,24492,3590,8612,27589,4200,5783,22463,3872,6424,24552,Day_1,Fair,Intermediate,2.5mm,Experiment_2
2025-10-23T00:34:56.265Z,2736,6934,24466,3595,8613,27579,4203,5788,22562,3884,6454,24688,Day_1,Fair,Intermediate,2.5mm,Experiment_2
2025-10-23T00:34:56.305Z,2740,6940,24452,3600,8616,27578,4203,5800,22641,3897,6479,24798,Day_1,Fair,Intermediate,2.5mm,Experiment_2
2025-10-23T00:34:56.345Z,2742,6950,24451,3602,8623,27584,4195,5805,22663,3899,6489,24842,Day_1,Fair,Intermediate,2.5mm,Experiment_2
2025-10-23T00:34:56.385Z,2744,6959,24454,3605,8630,27589,4193,5806,22652,3898,6493,24852,Day_1,Fair,Intermediate,2.5mm,Experiment_2
2025-10-23T00:34:56.425Z,2747,6959,24453,3611,8627,27589,4208,5813,22669,3907,6508,24892,Day_1,Fair,Intermediate,2.5mm,Experiment_2
2025-10-23T00:34:56.465Z,2751,6949,24446,3615,8615,27588,4228,5826,22732,3922,6533,24974,Day_1,Fair,Intermediate,2.5mm,Experiment_2
2025-10-23T00:34:56.505Z,2752,6940,24442,3615,8605,27591,4238,5839,22798,3933,6556,25057,Day_1,Fair,Intermediate,2.5mm,Experiment_2
2025-10-23T00:34:56.545Z,2750,6938,24445,3612,8601,27598,4235,5845,22829,3940,6567,25104,Day_1,Fair,Intermediate,2.5mm,Experiment_2
2025-10-23T00:34:56.585Z,2745,6940,24454,3609,8602,27605,4226,5842,22818,3941,6565,25094,Day_1,Fair,Intermediate,2.5mm,Experiment_2
2025-10-23T00:34:56.625Z,2741,6947,24471,3606,8609,27613,4210,5834,22750,3928,6545,24995,Day_1,Fair,Intermediate,2.5mm,Experiment_2
2025-10-23T00:34:56.666Z,2738,6955,24500,3601,8621,27618,4187,5814,22614,3899,6497,24785,Day_1,Fair,Intermediate,2.5mm,Experiment_2
2025-10-23T00:34:56.706Z,2739,6959,24530,3598,8628,27615,4170,5779,22457,3865,6429,24530,Day_1,Fair,Intermediate,2.5mm,Experiment_2
2025-10-23T00:34:56.746Z,2749,6954,24538,3604,8625,27606,4162,5752,22368,3848,6384,24380,Day_1,Fair,Intermediate,2.5mm,Experiment_2
2025-10-23T00:34:56.786Z,2760,6943,24519,3613,8616,27597,4160,5758,22396,3852,6391,24416,Day_1,Fair,Intermediate,2.5mm,Experiment_2
2025-10-23T00:34:56.826Z,2766,6934,24485,3617,8609,27588,4169,5790,22500,3870,6433,24576,Day_1,Fair,Intermediate,2.5mm,Experiment_2
2025-10-23T00:34:56.866Z,2766,6930,24460,3618,8607,27583,4193,5819,22601,3893,6475,24740,Day_1,Fair,Intermediate,2.5mm,Experiment_2
2025-10-23T00:34:56.906Z,2762,6931,24452,3616,8608,27585,4221,5829,22649,3911,6497,24833,Day_1,Fair,Intermediate,2.5mm,Experiment_2
2025-10-23T00:34:56.946Z,2751,6932,24455,3609,8607,27591,4233,5825,22662,3920,6504,24868,Day_1,Fair,Intermediate,2.5mm,Experiment_2
2025-10-23T00:34:56.986Z,2739,6933,24452,3602,8604,27592,4235,5825,22696,3929,6516,24914,Day_1,Fair,Intermediate,2.5mm,Experiment_2
2025-10-23T00:34:57.026Z,2734,6934,24440,3601,8604,27587,4241,5836,22759,3942,6538,24994,Day_1,Fair,Intermediate,2.5mm,Experiment_2
2025-10-23T00:34:57.066Z,2735,6934,24429,3603,8605,27583,4248,5849,22811,3949,6559,25065,Day_1,Fair,Intermediate,2.5mm,Experiment_2
2025-10-23T00:34:57.106Z,2740,6936,24426,3605,8608,27584,4248,5854,22836,3947,6568,25104,Day_1,Fair,Intermediate,2.5mm,Experiment_2
2025-10-23T00:34:57.146Z,2741,6945,24428,3603,8617,27586,4245,5850,22842,3945,6565,25110,Day_1,Fair,Intermediate,2.5mm,Experiment_2
2025-10-23T00:34:57.186Z,2739,6957,24439,3597,8627,27589,4243,5840,22795,3939,6547,25042,Day_1,Fair,Intermediate,2.5mm,Experiment_2
2025-10-23T00:34:57.226Z,2737,6963,24471,3595,8634,27598,4233,5819,22660,3920,6502,24849,Day_1,Fair,Intermediate,2.5mm,Experiment_2
2025-10-23T00:34:57.266Z,2741,6959,24518,3598,8633,27610,4211,5786,22472,3886,6435,24562,Day_1,Fair,Intermediate,2.5mm,Experiment_2
2025-10-23T00:34:57.306Z,2744,6951,24553,3601,8626,27618,4192,5765,22348,3859,6380,24347,Day_1,Fair,Intermediate,2.5mm,Experiment_2
2025-10-23T00:34:57.346Z,2740,6943,24554,3597,8618,27622,4195,5771,22363,3861,6374,24343,Day_1,Fair,Intermediate,2.5mm,Experiment_2
2025-10-23T00:34:57.386Z,2736,6939,24529,3593,8612,27620,4215,5788,22474,3886,6409,24507,Day_1,Fair,Intermediate,2.5mm,Experiment_2
2025-10-23T00:34:57.426Z,2736,6939,24502,3591,8611,27615,4225,5800,22588,3909,6453,24700,Day_1,Fair,Intermediate,2.5mm,Experiment_2
2025-10-23T00:34:57.466Z,2739,6944,24485,3593,8613,27610,4217,5809,22652,3916,6484,24831,Day_1,Fair,Intermediate,2.5mm,Experiment_2
2025-10-23T00:34:57.506Z,2744,6950,24479,3599,8617,27609,4205,5814,22667,3914,6497,24879,Day_1,Fair,Intermediate,2.5mm,Experiment_2
2025-10-23T00:34:57.546Z,2747,6955,24476,3604,8620,27609,4200,5814,22680,3913,6502,24904,Day_1,Fair,Intermediate,2.5mm,Experiment_2
2025-10-23T00:34:57.586Z,2745,6955,24462,3603,8620,27606,4204,5812,22728,3922,6514,24962,Day_1,Fair,Intermediate,2.5mm,Experiment_2
2025-10-23T00:34:57.626Z,2739,6949,24442,3597,8617,27597,4213,5811,22790,3934,6531,25037,Day_1,Fair,Intermediate,2.5mm,Experiment_2
2025-10-23T00:34:57.666Z,2736,6942,24426,3594,8610,27587,4222,5812,22828,3944,6544,25088,Day_1,Fair,Intermediate,2.5mm,Experiment_2
2025-10-23T00:34:57.706Z,2741,6939,24420,3597,8606,27581,4229,5814,22836,3948,6550,25103,Day_1,Fair,Intermediate,2.5mm,Experiment_2
2025-10-23T00:34:57.746Z,2751,6942,24428,3606,8606,27583,4234,5811,22805,3948,6545,25065,Day_1,Fair,Intermediate,2.5mm,Experiment_2
2025-10-23T00:34:57.786Z,2760,6946,24454,3614,8608,27597,4236,5796,22707,3938,6515,24924,Day_1,Fair,Intermediate,2.5mm,Experiment_2
2025-10-23T00:34:57.826Z,2762,6951,24497,3615,8614,27616,4230,5774,22549,3912,6459,24683,Day_1,Fair,Intermediate,2.5mm,Experiment_2
2025-10-23T00:34:57.866Z,2758,6957,24532,3610,8623,27628,4219,5768,22414,3883,6415,24476,Day_1,Fair,Intermediate,2.5mm,Experiment_2
2025-10-23T00:34:57.906Z,2749,6963,24535,3603,8632,27626,4210,5793,22387,3874,6415,24442,Day_1,Fair,Intermediate,2.5mm,Experiment_2
2025-10-23T00:34:57.946Z,2738,6965,24511,3594,8637,27613,4213,5822,22454,3887,6446,24553,Day_1,Fair,Intermediate,2.5mm,Experiment_2
2025-10-23T00:34:57.986Z,2731,6962,24478,3590,8636,27598,4223,5828,22544,3906,6475,24697,Day_1,Fair,Intermediate,2.5mm,Experiment_2
2025-10-23T00:34:58.026Z,2735,6953,24457,3592,8630,27589,4230,5818,22615,3918,6492,24804,Day_1,Fair,Intermediate,2.5mm,Experiment_2
2025-10-23T00:34:58.066Z,2744,6945,24451,3598,8623,27586,4233,5810,22657,3920,6499,24853,Day_1,Fair,Intermediate,2.5mm,Experiment_2
2025-10-23T00:34:58.106Z,2745,6942,24453,3599,8619,27587,4238,5817,22681,3924,6505,24873,Day_1,Fair,Intermediate,2.5mm,Experiment_2
2025-10-23T00:34:58.146Z,2738,6945,24453,3596,8618,27587,4246,5839,22715,3933,6519,24922,Day_1,Fair,Intermediate,2.5mm,Experiment_2
2025-10-23T00:34:58.186Z,2732,6948,24447,3595,8618,27587,4251,5863,22766,3944,6540,25005,Day_1,Fair,Intermediate,2.5mm,Experiment_2
2025-10-23T00:34:58.226Z,2732,6947,24437,3597,8616,27587,4248,5875,22811,3949,6559,25080,Day_1,Fair,Intermediate,2.5mm,Experiment_2
2025-10-23T00:34:58.266Z,2734,6941,24427,3600,8611,27584,4242,5869,22837,3945,6566,25115,Day_1,Fair,Intermediate,2.5mm,Experiment_2
2025-10-23T00:34:58.306Z,2741,6934,24423,3605,8605,27582,4238,5849,22830,3938,6558,25095,Day_1,Fair,Intermediate,2.5mm,Experiment_2
2025-10-23T00:34:58.346Z,2749,6932,24442,3612,8604,27589,4234,5819,22765,3926,6528,24987,Day_1,Fair,Intermediate,2.5mm,Experiment_2
2025-10-23T00:34:58.386Z,2754,6939,24484,3612,8612,27607,4216,5782,22630,3903,6474,24781,Day_1,Fair,Intermediate,2.5mm,Experiment_2
2025-10-23T00:34:58.426Z,2754,6949,24527,3610,8622,27625,4189,5750,22482,3874,6417,24558,Day_1,Fair,Intermediate,2.5mm,Experiment_2
2025-10-23T00:34:58.466Z,2755,6952,24542,3609,8627,27628,4173,5739,22409,3858,6389,24447,Day_1,Fair,Intermediate,2.5mm,Experiment_2
2025-10-23T00:34:58.506Z,2753,6948,24519,3607,8624,27614,4179,5752,22440,3863,6401,24490,Day_1,Fair,Intermediate,2.5mm,Experiment_2
2025-10-23T00:34:58.546Z,2746,6939,24482,3601,8616,27595,4198,5774,22535,3881,6436,24625,Day_1,Fair,Intermediate,2.5mm,Experiment_2
2025-10-23T00:34:58.586Z,2739,6932,24457,3595,8610,27585,4220,5793,22623,3902,6469,24761,Day_1,Fair,Intermediate,2.5mm,Experiment_2
2025-10-23T00:34:58.626Z,2738,6931,24452,3597,8611,27585,4231,5801,22665,3912,6485,24833,Day_1,Fair,Intermediate,2.5mm,Experiment_2
2025-10-23T00:34:58.666Z,2743,6934,24458,3602,8615,27590,4225,5805,22668,3911,6491,24853,Day_1,Fair,Intermediate,2.5mm,Experiment_2
2025-10-23T00:34:58.706Z,2745,6940,24459,3605,8618,27593,4220,5819,22675,3913,6506,24879,Day_1,Fair,Intermediate,2.5mm,Experiment_2
2025-10-23T00:34:58.746Z,2741,6945,24450,3604,8619,27590,4224,5845,22709,3926,6531,24942,Day_1,Fair,Intermediate,2.5mm,Experiment_2
2025-10-23T00:34:58.786Z,2735,6944,24436,3601,8616,27584,4229,5862,22752,3943,6554,25017,Day_1,Fair,Intermediate,2.5mm,Experiment_2
2025-10-23T00:34:58.826Z,2734,6935,24427,3599,8608,27581,4235,5856,22781,3954,6565,25069,Day_1,Fair,Intermediate,2.5mm,Experiment_2
2025-10-23T00:34:58.866Z,2736,6930,24424,3598,8603,27581,4246,5836,22789,3956,6561,25080,Day_1,Fair,Intermediate,2.5mm,Experiment_2
2025-10-23T00:34:58.906Z,2735,6932,24432,3596,8604,27583,4249,5812,22754,3944,6536,25017,Day_1,Fair,Intermediate,2.5mm,Experiment_2
2025-10-23T00:34:58.946Z,2735,6941,24466,3594,8611,27593,4229,5785,22642,3913,6484,24831,Day_1,Fair,Intermediate,2.5mm,Experiment_2
2025-10-23T00:34:58.986Z,2740,6947,24519,3595,8619,27610,4196,5753,22474,3871,6413,24557,Day_1,Fair,Intermediate,2.5mm,Experiment_2
2025-10-23T00:34:59.026Z,2746,6947,24553,3599,8623,27621,4169,5735,22356,3837,6363,24358,Day_1,Fair,Intermediate,2.5mm,Experiment_2
2025-10-23T00:34:59.066Z,2751,6944,24545,3606,8622,27618,4159,5743,22366,3828,6366,24364,Day_1,Fair,Intermediate,2.5mm,Experiment_2
2025-10-23T00:34:59.106Z,2757,6940,24511,3616,8617,27608,4163,5765,22472,3843,6409,24526,Day_1,Fair,Intermediate,2.5mm,Experiment_2
2025-10-23T00:34:59.146Z,2761,6937,24480,3622,8610,27598,4177,5782,22589,3870,6456,24711,Day_1,Fair,Intermediate,2.5mm,Experiment_2
2025-10-23T00:34:59.186Z,2758,6937,24466,3621,8607,27595,4193,5789,22660,3892,6485,24829,Day_1,Fair,Intermediate,2.5mm,Experiment_2
2025-10-23T00:34:59.226Z,2753,6941,24458,3617,8611,27590,4203,5795,22687,3902,6502,24884,Day_1,Fair,Intermediate,2.5mm,Experiment_2
2025-10-23T00:34:59.266Z,2749,6940,24445,3613,8611,27580,4209,5810,22714,3908,6518,24940,Day_1,Fair,Intermediate,2.5mm,Experiment_2
2025-10-23T00:34:59.306Z,2744,6936,24431,3610,8609,27575,4213,5831,22761,3917,6536,25016,Day_1,Fair,Intermediate,2.5mm,Experiment_2
2025-10-23T00:34:59.346Z,2745,6936,24426,3611,8611,27580,4221,5850,22792,3928,6553,25066,Day_1,Fair,Intermediate,2.5mm,Experiment_2
2025-10-23T00:34:59.386Z,2754,6940,24433,3616,8615,27588,4235,5861,22792,3938,6567,25083,Day_1,Fair,Intermediate,2.5mm,Experiment_2
2025-10-23T00:34:59.426Z,2758,6942,24445,3619,8612,27596,4248,5864,22777,3946,6573,25082,Day_1,Fair,Intermediate,2.5mm,Experiment_2
2025-10-23T00:34:59.466Z,2755,6939,24462,3617,8606,27603,4251,5863,22748,3949,6562,25039,Day_1,Fair,Intermediate,2.5mm,Experiment_2
2025-10-23T00:34:59.506Z,2753,6936,24485,3615,8604,27607,4236,5850,22665,3934,6523,24888,Day_1,Fair,Intermediate,2.5mm,Experiment_2
2025-10-23T00:34:59.546Z,2753,6938,24513,3613,8609,27608,4207,5817,22519,3901,6457,24631,Day_1,Fair,Intermediate,2.5mm,Experiment_2
2025-10-23T00:34:59.586Z,2747,6945,24528,3608,8616,27607,4181,5781,22396,3869,6400,24418,Day_1,Fair,Intermediate,2.5mm,Experiment_2
2025-10-23T00:34:59.626Z,2738,6950,24514,3601,8620,27602,4169,5766,22392,3859,6391,24402,Day_1,Fair,Intermediate,2.5mm,Experiment_2
2025-10-23T00:34:59.666Z,2735,6950,24484,3597,8620,27595,4174,5776,22489,3870,6421,24547,Day_1,Fair,Intermediate,2.5mm,Experiment_2
2025-10-23T00:34:59.706Z,2738,6951,24464,3598,8619,27594,4191,5797,22599,3888,6460,24716,Day_1,Fair,Intermediate,2.5mm,Experiment_2
2025-10-23T00:34:59.746Z,2740,6956,24458,3601,8622,27599,4212,5817,22664,3904,6488,24826,Day_1,Fair,Intermediate,2.5mm,Experiment_2
2025-10-23T00:34:59.786Z,2741,6958,24457,3604,8624,27603,4228,5831,22683,3912,6502,24867,Day_1,Fair,Intermediate,2.5mm,Experiment_2
2025-10-23T00:34:59.826Z,2742,6951,24451,3608,8617,27601,4239,5837,22695,3918,6511,24888,Day_1,Fair,Intermediate,2.5mm,Experiment_2
2025-10-23T00:34:59.866Z,2744,6942,24438,3613,8605,27592,4245,5837,22738,3926,6526,24946,Day_1,Fair,Intermediate,2.5mm,Experiment_2
2025-10-23T00:34:59.906Z,2746,6934,24424,3614,8597,27582,4246,5841,22794,3938,6544,25034,Day_1,Fair,Intermediate,2.5mm,Experiment_2
2025-10-23T00:34:59.946Z,2748,6930,24418,3612,8596,27578,4242,5847,22830,3947,6557,25099,Day_1,Fair,Intermediate,2.5mm,Experiment_2
2025-10-23T00:34:59.986Z,2748,6928,24424,3610,8598,27581,4232,5852,22843,3948,6562,25123,Day_1,Fair,Intermediate,2.5mm,Experiment_2
2025-10-23T00:35:00.026Z,2745,6929,24437,3610,8600,27588,4220,5862,22829,3943,6559,25099,Day_1,Fair,Intermediate,2.5mm,Experiment_2
2025-10-23T00:35:00.066Z,2747,6935,24462,3614,8603,27598,4209,5875,22758,3932,6538,24987,Day_1,Fair,Intermediate,2.5mm,Experiment_2
2025-10-23T00:35:00.106Z,2754,6946,24503,3619,8612,27615,4201,5885,22618,3911,6492,24771,Day_1,Fair,Intermediate,2.5mm,Experiment_2
2025-10-23T00:35:00.146Z,2757,6953,24538,3620,8621,27626,4200,5877,22479,3891,6440,24559,Day_1,Fair,Intermediate,2.5mm,Experiment_2
2025-10-23T00:35:00.186Z,2753,6948,24534,3613,8621,27617,4202,5851,22436,3884,6416,24487,Day_1,Fair,Intermediate,2.5mm,Experiment_2
2025-10-23T00:35:00.226Z,2749,6941,24497,3608,8615,27595,4201,5833,22485,3886,6428,24557,Day_1,Fair,Intermediate,2.5mm,Experiment_2
2025-10-23T00:35:00.266Z,2748,6938,24459,3606,8610,27579,4202,5834,22560,3894,6457,24682,Day_1,Fair,Intermediate,2.5mm,Experiment_2
2025-10-23T00:35:00.306Z,2747,6940,24441,3605,8609,27575,4206,5845,22613,3904,6483,24785,Day_1,Fair,Intermediate,2.5mm,Experiment_2
2025-10-23T00:35:00.346Z,2746,6946,24446,3604,8612,27583,4210,5850,22637,3910,6494,24830,Day_1,Fair,Intermediate,2.5mm,Experiment_2
2025-10-23T00:35:00.386Z,2749,6951,24463,3605,8618,27595,4214,5852,22646,3913,6500,24838,Day_1,Fair,Intermediate,2.5mm,Experiment_2
2025-10-23T00:35:00.426Z,2751,6949,24475,3607,8617,27604,4218,5861,22667,3919,6516,24868,Day_1,Fair,Intermediate,2.5mm,Experiment_2
2025-10-23T00:35:00.466Z,2753,6942,24473,3609,8610,27604,4218,5869,22719,3925,6541,24947,Day_1,Fair,Intermediate,2.5mm,Experiment_2
2025-10-23T00:35:00.506Z,2752,6940,24458,3611,8605,27595,4212,5866,22785,3930,6561,25041,Day_1,Fair,Intermediate,2.5mm,Experiment_2
2025-10-23T00:35:00.546Z,2749,6943,24443,3611,8605,27584,4211,5854,22831,3937,6569,25104,Day_1,Fair,Intermediate,2.5mm,Experiment_2
2025-10-23T00:35:00.586Z,2749,6946,24441,3611,8606,27581,4216,5839,22835,3942,6564,25112,Day_1,Fair,Intermediate,2.5mm,Experiment_2
2025-10-23T00:35:00.627Z,2753,6947,24458,3611,8609,27589,4215,5819,22775,3934,6537,25031,Day_1,Fair,Intermediate,2.5mm,Experiment_2
2025-10-23T00:35:00.667Z,2755,6951,24494,3608,8616,27605,4199,5791,22630,3907,6483,24822,Day_1,Fair,Intermediate,2.5mm,Experiment_2
2025-10-23T00:35:00.707Z,2758,6955,24535,3605,8622,27617,4171,5762,22446,3869,6416,24545,Day_1,Fair,Intermediate,2.5mm,Experiment_2
2025-10-23T00:35:00.747Z,2762,6951,24557,3605,8621,27620,4148,5746,22337,3841,6375,24369,Day_1,Fair,Intermediate,2.5mm,Experiment_2
2025-10-23T00:35:00.787Z,2762,6944,24546,3605,8615,27615,4145,5756,22362,3837,6384,24392,Day_1,Fair,Intermediate,2.5mm,Experiment_2
2025-10-23T00:35:00.827Z,2755,6939,24516,3602,8611,27609,4160,5783,22473,3854,6424,24556,Day_1,Fair,Intermediate,2.5mm,Experiment_2
2025-10-23T00:35:00.867Z,2751,6939,24486,3603,8610,27603,4178,5809,22583,3876,6465,24732,Day_1,Fair,Intermediate,2.5mm,Experiment_2
2025-10-23T00:35:00.907Z,2753,6942,24467,3609,8611,27600,4190,5827,22639,3894,6491,24837,Day_1,Fair,Intermediate,2.5mm,Experiment_2
2025-10-23T00:35:00.947Z,2758,6944,24464,3614,8612,27602,4199,5830,22655,3909,6504,24883,Day_1,Fair,Intermediate,2.5mm,Experiment_2
2025-10-23T00:35:00.987Z,2759,6941,24467,3616,8611,27605,4218,5828,22682,3928,6518,24937,Day_1,Fair,Intermediate,2.5mm,Experiment_2
2025-10-23T00:35:01.027Z,2753,6934,24457,3613,8608,27601,4248,5832,22734,3951,6536,25013,Day_1,Fair,Intermediate,2.5mm,Experiment_2
2025-10-23T00:35:01.067Z,2745,6933,24437,3608,8609,27586,4266,5840,22779,3961,6549,25069,Day_1,Fair,Intermediate,2.5mm,Experiment_2
2025-10-23T00:35:01.107Z,2744,6941,24420,3607,8615,27573,4257,5846,22806,3955,6555,25097,Day_1,Fair,Intermediate,2.5mm,Experiment_2
2025-10-23T00:35:01.147Z,2749,6953,24417,3611,8621,27572,4241,5848,22814,3943,6556,25100,Day_1,Fair,Intermediate,2.5mm,Experiment_2
2025-10-23T00:35:01.187Z,2756,6957,24433,3616,8623,27583,4233,5840,22774,3930,6543,25042,Day_1,Fair,Intermediate,2.5mm,Experiment_2
2025-10-23T00:35:01.227Z,2760,6958,24469,3619,8624,27598,4221,5815,22657,3906,6500,24864,Day_1,Fair,Intermediate,2.5mm,Experiment_2
2025-10-23T00:35:01.267Z,2763,6963,24515,3619,8630,27608,4194,5775,22487,3868,6430,24587,Day_1,Fair,Intermediate,2.5mm,Experiment_2
2025-10-23T00:35:01.307Z,2765,6967,24543,3618,8633,27608,4165,5746,22360,3836,6373,24369,Day_1,Fair,Intermediate,2.5mm,Experiment_2
2025-10-23T00:35:01.347Z,2767,6956,24538,3618,8623,27604,4149,5751,22363,3828,6368,24363,Day_1,Fair,Intermediate,2.5mm,Experiment_2
2025-10-23T00:35:01.387Z,2764,6938,24510,3618,8604,27598,4151,5780,22475,3846,6406,24529,Day_1,Fair,Intermediate,2.5mm,Experiment_2
2025-10-23T00:35:01.427Z,2756,6925,24477,3613,8592,27586,4166,5809,22608,3872,6455,24720,Day_1,Fair,Intermediate,2.5mm,Experiment_2
2025-10-23T00:35:01.467Z,2747,6920,24451,3605,8592,27577,4184,5821,22698,3892,6490,24846,Day_1,Fair,Intermediate,2.5mm,Experiment_2
2025-10-23T00:35:01.507Z,2741,6924,24439,3599,8601,27576,4202,5816,22733,3904,6501,24895,Day_1,Fair,Intermediate,2.5mm,Experiment_2
2025-10-23T00:35:01.547Z,2740,6933,24435,3599,8613,27578,4222,5808,22743,3916,6503,24916,Day_1,Fair,Intermediate,2.5mm,Experiment_2
2025-10-23T00:35:01.587Z,2744,6939,24431,3606,8619,27578,4240,5816,22769,3932,6516,24964,Day_1,Fair,Intermediate,2.5mm,Experiment_2
2025-10-23T00:35:01.627Z,2748,6937,24430,3610,8614,27578,4242,5835,22804,3945,6540,25031,Day_1,Fair,Intermediate,2.5mm,Experiment_2
2025-10-23T00:35:01.667Z,2746,6932,24440,3606,8605,27583,4227,5853,22823,3946,6563,25078,Day_1,Fair,Intermediate,2.5mm,Experiment_2
2025-10-23T00:35:01.707Z,2740,6928,24458,3602,8597,27595,4220,5868,22819,3944,6577,25093,Day_1,Fair,Intermediate,2.5mm,Experiment_2
2025-10-23T00:35:01.747Z,2737,6927,24478,3604,8594,27610,4231,5875,22781,3942,6574,25056,Day_1,Fair,Intermediate,2.5mm,Experiment_2
2025-10-23T00:35:01.787Z,2738,6929,24504,3608,8597,27622,4238,5859,22682,3931,6539,24916,Day_1,Fair,Intermediate,2.5mm,Experiment_2
2025-10-23T00:35:01.827Z,2743,6934,24529,3612,8606,27626,4224,5813,22528,3902,6474,24677,Day_1,Fair,Intermediate,2.5mm,Experiment_2
2025-10-23T00:35:01.867Z,2753,6940,24538,3616,8617,27618,4204,5752,22408,3875,6413,24472,Day_1,Fair,Intermediate,2.5mm,Experiment_2
2025-10-23T00:35:01.907Z,2762,6945,24523,3622,8625,27603,4194,5709,22397,3866,6397,24438,Day_1,Fair,Intermediate,2.5mm,Experiment_2
2025-10-23T00:35:01.947Z,2763,6950,24498,3623,8630,27592,4190,5712,22473,3871,6423,24551,Day_1,Fair,Intermediate,2.5mm,Experiment_2
2025-10-23T00:35:01.987Z,2757,6953,24482,3619,8630,27591,4186,5755,22562,3879,6458,24696,Day_1,Fair,Intermediate,2.5mm,Experiment_2
2025-10-23T00:35:02.027Z,2751,6951,24478,3614,8625,27595,4183,5798,22618,3886,6481,24797,Day_1,Fair,Intermediate,2.5mm,Experiment_2
2025-10-23T00:35:02.067Z,2747,6953,24481,3612,8623,27601,4185,5810,22631,3891,6486,24831,Day_1,Fair,Intermediate,2.5mm,Experiment_2
2025-10-23T00:35:02.107Z,2743,6960,24480,3609,8626,27605,4194,5804,22634,3897,6485,24839,Day_1,Fair,Intermediate,2.5mm,Experiment_2
2025-10-23T00:35:02.147Z,2739,6964,24469,3604,8625,27605,4207,5806,22668,3907,6493,24888,Day_1,Fair,Intermediate,2.5mm,Experiment_2
2025-10-23T00:35:02.187Z,2738,6961,24451,3600,8619,27601,4216,5822,22728,3920,6514,24978,Day_1,Fair,Intermediate,2.5mm,Experiment_2
2025-10-23T00:35:02.227Z,2744,6957,24437,3599,8614,27595,4223,5839,22782,3935,6539,25059,Day_1,Fair,Intermediate,2.5mm,Experiment_2
2025-10-23T00:35:02.267Z,2753,6953,24432,3602,8613,27588,4230,5845,22813,3945,6557,25096,Day_1,Fair,Intermediate,2.5mm,Experiment_2
2025-10-23T00:35:02.307Z,2755,6952,24434,3605,8618,27583,4238,5837,22812,3947,6563,25077,Day_1,Fair,Intermediate,2.5mm,Experiment_2
2025-10-23T00:35:02.347Z,2749,6954,24447,3605,8627,27583,4235,5815,22745,3934,6541,24973,Day_1,Fair,Intermediate,2.5mm,Experiment_2
2025-10-23T00:35:02.387Z,2740,6957,24477,3601,8633,27590,4213,5789,22595,3904,6486,24772,Day_1,Fair,Intermediate,2.5mm,Experiment_2
2025-10-23T00:35:02.427Z,2734,6954,24509,3594,8631,27597,4187,5772,22427,3870,6424,24548,Day_1,Fair,Intermediate,2.5mm,Experiment_2
2025-10-23T00:35:02.467Z,2734,6951,24524,3590,8626,27601,4174,5768,22347,3852,6390,24432,Day_1,Fair,Intermediate,2.5mm,Experiment_2
2025-10-23T00:35:02.507Z,2741,6953,24516,3596,8625,27602,4179,5777,22390,3855,6397,24471,Day_1,Fair,Intermediate,2.5mm,Experiment_2
2025-10-23T00:35:02.547Z,2751,6953,24491,3608,8623,27597,4196,5793,22510,3875,6432,24613,Day_1,Fair,Intermediate,2.5mm,Experiment_2
2025-10-23T00:35:02.587Z,2754,6949,24464,3614,8616,27587,4213,5808,22623,3897,6469,24758,Day_1,Fair,Intermediate,2.5mm,Experiment_2
2025-10-23T00:35:02.627Z,2747,6944,24452,3611,8609,27583,4218,5812,22671,3907,6490,24834,Day_1,Fair,Intermediate,2.5mm,Experiment_2
2025-10-23T00:35:02.667Z,2742,6942,24454,3606,8610,27587,4215,5809,22667,3905,6496,24851,Day_1,Fair,Intermediate,2.5mm,Experiment_2
2025-10-23T00:35:02.707Z,2744,6944,24453,3607,8615,27591,4216,5817,22670,3905,6507,24879,Day_1,Fair,Intermediate,2.5mm,Experiment_2
2025-10-23T00:35:02.747Z,2748,6943,24440,3609,8614,27587,4227,5838,22711,3916,6528,24950,Day_1,Fair,Intermediate,2.5mm,Experiment_2
2025-10-23T00:35:02.787Z,2752,6934,24424,3609,8603,27579,4239,5854,22760,3933,6548,25028,Day_1,Fair,Intermediate,2.5mm,Experiment_2
2025-10-23T00:35:02.827Z,2756,6919,24418,3611,8591,27573,4248,5856,22790,3946,6559,25076,Day_1,Fair,Intermediate,2.5mm,Experiment_2
2025-10-23T00:35:02.867Z,2759,6911,24421,3615,8590,27574,4258,5851,22796,3950,6563,25081,Day_1,Fair,Intermediate,2.5mm,Experiment_2
2025-10-23T00:35:02.907Z,2756,6923,24436,3613,8604,27579,4265,5842,22757,3944,6552,25012,Day_1,Fair,Intermediate,2.5mm,Experiment_2
2025-10-23T00:35:02.947Z,2749,6948,24473,3606,8626,27595,4256,5822,22640,3920,6506,24824,Day_1,Fair,Intermediate,2.5mm,Experiment_2
2025-10-23T00:35:02.987Z,2745,6968,24529,3601,8639,27617,4231,5787,22473,3886,6431,24551,Day_1,Fair,Intermediate,2.5mm,Experiment_2
2025-10-23T00:35:03.027Z,2750,6971,24570,3603,8638,27633,4220,5755,22360,3867,6370,24355,Day_1,Fair,Intermediate,2.5mm,Experiment_2
2025-10-23T00:35:03.067Z,2757,6964,24568,3611,8631,27635,4236,5749,22375,3876,6364,24366,Day_1,Fair,Intermediate,2.5mm,Experiment_2
2025-10-23T00:35:03.107Z,2759,6958,24532,3617,8627,27623,4251,5770,22482,3895,6407,24531,Day_1,Fair,Intermediate,2.5mm,Experiment_2
2025-10-23T00:35:03.147Z,2754,6958,24494,3618,8631,27609,4244,5798,22595,3906,6459,24712,Day_1,Fair,Intermediate,2.5mm,Experiment_2
2025-10-23T00:35:03.187Z,2749,6960,24474,3615,8634,27603,4230,5816,22658,3911,6491,24825,Day_1,Fair,Intermediate,2.5mm,Experiment_2
2025-10-23T00:35:03.227Z,2751,6960,24470,3615,8632,27604,4228,5820,22676,3917,6499,24875,Day_1,Fair,Intermediate,2.5mm,Experiment_2
2025-10-23T00:35:03.267Z,2760,6957,24466,3621,8629,27604,4239,5821,22693,3926,6508,24921,Day_1,Fair,Intermediate,2.5mm,Experiment_2
2025-10-23T00:35:03.307Z,2767,6951,24451,3625,8622,27596,4251,5826,22734,3937,6529,24993,Day_1,Fair,Intermediate,2.5mm,Experiment_2
2025-10-23T00:35:03.347Z,2769,6940,24435,3624,8612,27586,4256,5831,22770,3947,6549,25055,Day_1,Fair,Intermediate,2.5mm,Experiment_2
2025-10-23T00:35:03.387Z,2768,6932,24427,3623,8605,27579,4254,5834,22787,3955,6558,25083,Day_1,Fair,Intermediate,2.5mm,Experiment_2
2025-10-23T00:35:03.427Z,2766,6928,24424,3623,8602,27576,4248,5837,22793,3956,6562,25086,Day_1,Fair,Intermediate,2.5mm,Experiment_2
2025-10-23T00:35:03.467Z,2761,6927,24431,3621,8600,27578,4240,5839,22771,3947,6556,25041,Day_1,Fair,Intermediate,2.5mm,Experiment_2
2025-10-23T00:35:03.507Z,2754,6930,24459,3614,8601,27588,4228,5820,22684,3922,6517,24891,Day_1,Fair,Intermediate,2.5mm,Experiment_2
2025-10-23T00:35:03.547Z,2748,6932,24503,3605,8602,27600,4207,5778,22533,3885,6443,24637,Day_1,Fair,Intermediate,2.5mm,Experiment_2
2025-10-23T00:35:03.587Z,2742,6932,24535,3596,8603,27609,4185,5740,22405,3855,6381,24423,Day_1,Fair,Intermediate,2.5mm,Experiment_2
2025-10-23T00:35:03.627Z,2737,6933,24533,3591,8606,27611,4175,5733,22395,3848,6372,24398,Day_1,Fair,Intermediate,2.5mm,Experiment_2
2025-10-23T00:35:03.667Z,2739,6935,24506,3595,8609,27606,4187,5753,22484,3863,6407,24533,Day_1,Fair,Intermediate,2.5mm,Experiment_2
2025-10-23T00:35:03.707Z,2744,6931,24479,3602,8606,27596,4205,5783,22588,3887,6449,24700,Day_1,Fair,Intermediate,2.5mm,Experiment_2
2025-10-23T00:35:03.747Z,2748,6928,24468,3608,8601,27592,4212,5806,22649,3903,6480,24812,Day_1,Fair,Intermediate,2.5mm,Experiment_2
2025-10-23T00:35:03.787Z,2748,6931,24468,3608,8602,27595,4207,5815,22660,3908,6492,24849,Day_1,Fair,Intermediate,2.5mm,Experiment_2
2025-10-23T00:35:03.827Z,2745,6936,24469,3606,8604,27599,4205,5816,22661,3909,6498,24865,Day_1,Fair,Intermediate,2.5mm,Experiment_2
2025-10-23T00:35:03.867Z,2745,6936,24460,3604,8603,27598,4208,5822,22698,3915,6514,24925,Day_1,Fair,Intermediate,2.5mm,Experiment_2
2025-10-23T00:35:03.907Z,2746,6934,24442,3606,8603,27591,4209,5832,22760,3924,6538,25020,Day_1,Fair,Intermediate,2.5mm,Experiment_2
2025-10-23T00:35:03.947Z,2746,6934,24429,3608,8605,27586,4210,5838,22806,3931,6556,25090,Day_1,Fair,Intermediate,2.5mm,Experiment_2
2025-10-23T00:35:03.987Z,2744,6930,24428,3608,8605,27585,4214,5837,22822,3935,6559,25112,Day_1,Fair,Intermediate,2.5mm,Experiment_2
2025-10-23T00:35:04.027Z,2745,6922,24438,3607,8601,27587,4224,5833,22804,3937,6551,25086,Day_1,Fair,Intermediate,2.5mm,Experiment_2
2025-10-23T00:35:04.067Z,2748,6918,24462,3608,8595,27595,4226,5824,22725,3931,6524,24975,Day_1,Fair,Intermediate,2.5mm,Experiment_2
2025-10-23T00:35:04.107Z,2753,6922,24500,3611,8593,27608,4208,5804,22584,3906,6473,24767,Day_1,Fair,Intermediate,2.5mm,Experiment_2
2025-10-23T00:35:04.147Z,2756,6928,24533,3616,8595,27616,4177,5778,22452,3871,6419,24564,Day_1,Fair,Intermediate,2.5mm,Experiment_2
2025-10-23T00:35:04.187Z,2758,6932,24537,3618,8597,27611,4158,5767,22417,3852,6397,24494,Day_1,Fair,Intermediate,2.5mm,Experiment_2
2025-10-23T00:35:04.227Z,2757,6935,24513,3616,8600,27600,4162,5771,22485,3857,6410,24564,Day_1,Fair,Intermediate,2.5mm,Experiment_2
2025-10-23T00:35:04.267Z,2758,6939,24486,3615,8603,27597,4179,5779,22589,3877,6441,24692,Day_1,Fair,Intermediate,2.5mm,Experiment_2
2025-10-23T00:35:04.307Z,2758,6943,24475,3617,8607,27606,4193,5788,22659,3895,6469,24797,Day_1,Fair,Intermediate,2.5mm,Experiment_2
2025-10-23T00:35:04.347Z,2754,6950,24475,3618,8612,27615,4197,5798,22668,3903,6485,24840,Day_1,Fair,Intermediate,2.5mm,Experiment_2
2025-10-23T00:35:04.387Z,2749,6959,24477,3615,8621,27619,4200,5802,22648,3907,6492,24846,Day_1,Fair,Intermediate,2.5mm,Experiment_2
2025-10-23T00:35:04.427Z,2745,6965,24473,3609,8627,27617,4210,5801,22656,3914,6502,24879,Day_1,Fair,Intermediate,2.5mm,Experiment_2
2025-10-23T00:35:04.467Z,2743,6965,24460,3604,8628,27607,4222,5808,22708,3922,6524,24955,Day_1,Fair,Intermediate,2.5mm,Experiment_2
2025-10-23T00:35:04.507Z,2746,6960,24443,3603,8626,27594,4224,5826,22767,3926,6547,25036,Day_1,Fair,Intermediate,2.5mm,Experiment_2
2025-10-23T00:35:04.547Z,2753,6951,24438,3607,8623,27591,4218,5844,22800,3928,6560,25082,Day_1,Fair,Intermediate,2.5mm,Experiment_2
2025-10-23T00:35:04.588Z,2756,6946,24450,3609,8621,27600,4212,5854,22795,3929,6562,25079,Day_1,Fair,Intermediate,2.5mm,Experiment_2
2025-10-23T00:35:04.628Z,2756,6947,24475,3610,8621,27612,4206,5846,22741,3922,6544,24997,Day_1,Fair,Intermediate,2.5mm,Experiment_2
2025-10-23T00:35:04.668Z,2761,6954,24507,3616,8625,27620,4195,5817,22616,3899,6495,24795,Day_1,Fair,Intermediate,2.5mm,Experiment_2
2025-10-23T00:35:04.708Z,2768,6963,24538,3621,8631,27622,4179,5783,22454,3865,6427,24530,Day_1,Fair,Intermediate,2.5mm,Experiment_2
2025-10-23T00:35:04.748Z,2767,6965,24550,3618,8632,27617,4171,5766,22359,3844,6384,24368,Day_1,Fair,Intermediate,2.5mm,Experiment_2
2025-10-23T00:35:04.788Z,2758,6959,24534,3611,8629,27608,4170,5777,22384,3846,6391,24402,Day_1,Fair,Intermediate,2.5mm,Experiment_2
2025-10-23T00:35:04.828Z,2743,6951,24503,3603,8623,27600,4174,5803,22485,3864,6429,24565,Day_1,Fair,Intermediate,2.5mm,Experiment_2
2025-10-23T00:35:04.868Z,2731,6944,24476,3594,8615,27597,4184,5827,22587,3886,6469,24732,Day_1,Fair,Intermediate,2.5mm,Experiment_2
2025-10-23T00:35:04.908Z,2728,6939,24464,3592,8608,27598,4203,5830,22647,3902,6489,24833,Day_1,Fair,Intermediate,2.5mm,Experiment_2
2025-10-23T00:35:04.948Z,2736,6939,24466,3599,8606,27601,4224,5816,22675,3912,6495,24881,Day_1,Fair,Intermediate,2.5mm,Experiment_2
2025-10-23T00:35:04.988Z,2746,6939,24470,3608,8605,27601,4241,5806,22710,3921,6506,24938,Day_1,Fair,Intermediate,2.5mm,Experiment_2
2025-10-23T00:35:05.028Z,2750,6940,24468,3614,8605,27599,4250,5812,22765,3932,6529,25019,Day_1,Fair,Intermediate,2.5mm,Experiment_2
2025-10-23T00:35:05.068Z,2748,6939,24460,3617,8602,27594,4246,5824,22810,3939,6551,25083,Day_1,Fair,Intermediate,2.5mm,Experiment_2
2025-10-23T00:35:05.108Z,2746,6933,24445,3615,8597,27586,4236,5833,22832,3940,6562,25112,Day_1,Fair,Intermediate,2.5mm,Experiment_2
2025-10-23T00:35:05.148Z,2744,6922,24428,3611,8592,27577,4229,5834,22829,3939,6560,25107,Day_1,Fair,Intermediate,2.5mm,Experiment_2
2025-10-23T00:35:05.188Z,2743,6909,24427,3608,8591,27576,4222,5823,22785,3933,6539,25038,Day_1,Fair,Intermediate,2.5mm,Experiment_2
2025-10-23T00:35:05.228Z,2746,6903,24458,3608,8598,27585,4208,5798,22669,3913,6491,24854,Day_1,Fair,Intermediate,2.5mm,Experiment_2
2025-10-23T00:35:05.268Z,2756,6912,24507,3611,8613,27596,4194,5769,22490,3883,6422,24573,Day_1,Fair,Intermediate,2.5mm,Experiment_2
2025-10-23T00:35:05.308Z,2764,6932,24539,3611,8626,27599,4190,5755,22351,3861,6373,24352,Day_1,Fair,Intermediate,2.5mm,Experiment_2
2025-10-23T00:35:05.348Z,2765,6945,24532,3610,8630,27598,4199,5772,22353,3862,6378,24343,Day_1,Fair,Intermediate,2.5mm,Experiment_2
2025-10-23T00:35:05.388Z,2761,6945,24502,3609,8626,27599,4214,5808,22467,3881,6423,24506,Day_1,Fair,Intermediate,2.5mm,Experiment_2
2025-10-23T00:35:05.428Z,2755,6943,24480,3609,8619,27605,4221,5837,22593,3901,6469,24697,Day_1,Fair,Intermediate,2.5mm,Experiment_2
2025-10-23T00:35:05.468Z,2752,6948,24475,3609,8616,27612,4218,5847,22671,3912,6496,24824,Day_1,Fair,Intermediate,2.5mm,Experiment_2
2025-10-23T00:35:05.508Z,2753,6953,24476,3610,8615,27616,4210,5839,22698,3913,6507,24872,Day_1,Fair,Intermediate,2.5mm,Experiment_2
2025-10-23T00:35:05.548Z,2754,6951,24472,3610,8612,27613,4207,5826,22714,3913,6515,24899,Day_1,Fair,Intermediate,2.5mm,Experiment_2
2025-10-23T00:35:05.588Z,2750,6944,24460,3608,8606,27604,4214,5819,22746,3920,6530,24959,Day_1,Fair,Intermediate,2.5mm,Experiment_2
2025-10-23T00:35:05.628Z,2746,6937,24448,3606,8602,27595,4221,5821,22784,3930,6545,25035,Day_1,Fair,Intermediate,2.5mm,Experiment_2
2025-10-23T00:35:05.668Z,2744,6931,24446,3607,8597,27596,4218,5824,22808,3933,6551,25084,Day_1,Fair,Intermediate,2.5mm,Experiment_2
2025-10-23T00:35:05.708Z,2741,6926,24453,3609,8595,27605,4206,5825,22813,3928,6552,25099,Day_1,Fair,Intermediate,2.5mm,Experiment_2
2025-10-23T00:35:05.748Z,2739,6927,24463,3611,8599,27609,4196,5822,22785,3918,6545,25063,Day_1,Fair,Intermediate,2.5mm,Experiment_2
2025-10-23T00:35:05.788Z,2742,6937,24478,3610,8608,27608,4192,5810,22691,3902,6515,24925,Day_1,Fair,Intermediate,2.5mm,Experiment_2
2025-10-23T00:35:05.828Z,2749,6949,24503,3610,8618,27607,4186,5786,22532,3876,6458,24680,Day_1,Fair,Intermediate,2.5mm,Experiment_2
2025-10-23T00:35:05.868Z,2758,6956,24523,3612,8625,27605,4183,5772,22396,3853,6408,24463,Day_1,Fair,Intermediate,2.5mm,Experiment_2
2025-10-23T00:35:05.908Z,2762,6955,24522,3613,8624,27604,4187,5781,22374,3851,6401,24425,Day_1,Fair,Intermediate,2.5mm,Experiment_2
2025-10-23T00:35:05.948Z,2762,6947,24505,3615,8617,27604,4189,5800,22458,3863,6426,24543,Day_1,Fair,Intermediate,2.5mm,Experiment_2
2025-10-23T00:35:05.988Z,2763,6941,24483,3619,8610,27602,4188,5814,22569,3878,6458,24698,Day_1,Fair,Intermediate,2.5mm,Experiment_2
2025-10-23T00:35:06.028Z,2762,6942,24460,3620,8610,27594,4191,5820,22644,3890,6482,24803,Day_1,Fair,Intermediate,2.5mm,Experiment_2
2025-10-23T00:35:06.068Z,2758,6948,24445,3616,8615,27589,4199,5818,22664,3900,6490,24841,Day_1,Fair,Intermediate,2.5mm,Experiment_2
2025-10-23T00:35:06.108Z,2754,6949,24444,3610,8619,27591,4206,5814,22665,3907,6490,24857,Day_1,Fair,Intermediate,2.5mm,Experiment_2
2025-10-23T00:35:06.148Z,2750,6946,24443,3608,8618,27595,4213,5817,22699,3917,6497,24913,Day_1,Fair,Intermediate,2.5mm,Experiment_2
2025-10-23T00:35:06.188Z,2746,6944,24436,3606,8615,27591,4224,5831,22763,3931,6519,25003,Day_1,Fair,Intermediate,2.5mm,Experiment_2
2025-10-23T00:35:06.228Z,2744,6948,24429,3603,8618,27582,4225,5856,22815,3942,6548,25077,Day_1,Fair,Intermediate,2.5mm,Experiment_2
2025-10-23T00:35:06.268Z,2745,6957,24428,3602,8625,27574,4210,5877,22837,3939,6568,25108,Day_1,Fair,Intermediate,2.5mm,Experiment_2
2025-10-23T00:35:06.308Z,2748,6962,24434,3603,8632,27572,4193,5879,22825,3929,6570,25089,Day_1,Fair,Intermediate,2.5mm,Experiment_2
2025-10-23T00:35:06.348Z,2749,6964,24456,3606,8636,27586,4189,5860,22759,3917,6545,24989,Day_1,Fair,Intermediate,2.5mm,Experiment_2
2025-10-23T00:35:06.388Z,2750,6963,24499,3611,8636,27610,4193,5818,22627,3903,6488,24792,Day_1,Fair,Intermediate,2.5mm,Experiment_2
2025-10-23T00:35:06.428Z,2749,6961,24539,3613,8632,27629,4184,5770,22473,3881,6418,24570,Day_1,Fair,Intermediate,2.5mm,Experiment_2
2025-10-23T00:35:06.468Z,2749,6960,24548,3613,8630,27631,4169,5746,22389,3862,6378,24455,Day_1,Fair,Intermediate,2.5mm,Experiment_2
2025-10-23T00:35:06.508Z,2748,6962,24525,3611,8634,27616,4167,5756,22413,3859,6389,24489,Day_1,Fair,Intermediate,2.5mm,Experiment_2
2025-10-23T00:35:06.548Z,2745,6962,24490,3607,8637,27597,4181,5785,22507,3871,6432,24617,Day_1,Fair,Intermediate,2.5mm,Experiment_2
2025-10-23T00:35:06.588Z,2745,6958,24465,3605,8633,27585,4199,5814,22598,3888,6475,24750,Day_1,Fair,Intermediate,2.5mm,Experiment_2
2025-10-23T00:35:06.628Z,2754,6951,24459,3612,8625,27582,4214,5828,22642,3902,6498,24827,Day_1,Fair,Intermediate,2.5mm,Experiment_2
2025-10-23T00:35:06.668Z,2768,6943,24465,3624,8616,27587,4229,5826,22657,3910,6505,24858,Day_1,Fair,Intermediate,2.5mm,Experiment_2
2025-10-23T00:35:06.708Z,2775,6937,24467,3633,8607,27594,4245,5826,22682,3923,6515,24893,Day_1,Fair,Intermediate,2.5mm,Experiment_2
2025-10-23T00:35:06.748Z,2770,6938,24460,3633,8605,27598,4255,5837,22723,3940,6536,24958,Day_1,Fair,Intermediate,2.5mm,Experiment_2
2025-10-23T00:35:06.788Z,2762,6947,24452,3629,8610,27600,4258,5852,22761,3954,6556,25031,Day_1,Fair,Intermediate,2.5mm,Experiment_2
2025-10-23T00:35:06.828Z,2758,6954,24448,3628,8617,27603,4256,5859,22786,3958,6570,25080,Day_1,Fair,Intermediate,2.5mm,Experiment_2
2025-10-23T00:35:06.868Z,2760,6952,24450,3630,8617,27605,4254,5858,22795,3955,6573,25087,Day_1,Fair,Intermediate,2.5mm,Experiment_2
2025-10-23T00:35:06.908Z,2759,6945,24459,3628,8614,27604,4241,5849,22758,3940,6556,25015,Day_1,Fair,Intermediate,2.5mm,Experiment_2
2025-10-23T00:35:06.948Z,2754,6944,24485,3619,8617,27605,4210,5827,22638,3906,6507,24819,Day_1,Fair,Intermediate,2.5mm,Experiment_2
2025-10-23T00:35:06.988Z,2749,6947,24527,3608,8623,27610,4176,5789,22468,3865,6432,24544,Day_1,Fair,Intermediate,2.5mm,Experiment_2
2025-10-23T00:35:07.028Z,2751,6947,24557,3603,8625,27618,4161,5756,22359,3841,6374,24352,Day_1,Fair,Intermediate,2.5mm,Experiment_2
2025-10-23T00:35:07.068Z,2754,6942,24552,3603,8620,27621,4165,5753,22388,3845,6371,24370,Day_1,Fair,Intermediate,2.5mm,Experiment_2
2025-10-23T00:35:07.108Z,2753,6935,24517,3602,8612,27615,4173,5778,22512,3863,6413,24546,Day_1,Fair,Intermediate,2.5mm,Experiment_2
2025-10-23T00:35:07.148Z,2747,6931,24479,3600,8604,27600,4180,5807,22633,3882,6461,24736,Day_1,Fair,Intermediate,2.5mm,Experiment_2
2025-10-23T00:35:07.188Z,2744,6927,24454,3601,8598,27587,4196,5818,22692,3900,6491,24848,Day_1,Fair,Intermediate,2.5mm,Experiment_2
2025-10-23T00:35:07.228Z,2745,6923,24448,3606,8596,27581,4215,5812,22701,3914,6502,24891,Day_1,Fair,Intermediate,2.5mm,Experiment_2
2025-10-23T00:35:07.268Z,2748,6921,24449,3610,8597,27582,4217,5804,22712,3923,6512,24935,Day_1,Fair,Intermediate,2.5mm,Experiment_2
2025-10-23T00:35:07.308Z,2750,6926,24449,3613,8600,27589,4207,5809,22751,3925,6531,25006,Day_1,Fair,Intermediate,2.5mm,Experiment_2
2025-10-23T00:35:07.348Z,2751,6939,24452,3616,8608,27600,4203,5823,22794,3928,6548,25065,Day_1,Fair,Intermediate,2.5mm,Experiment_2
2025-10-23T00:35:07.388Z,2752,6953,24455,3619,8618,27608,4207,5836,22816,3930,6556,25094,Day_1,Fair,Intermediate,2.5mm,Experiment_2
2025-10-23T00:35:07.428Z,2756,6958,24455,3621,8623,27606,4206,5843,22819,3930,6557,25100,Day_1,Fair,Intermediate,2.5mm,Experiment_2
2025-10-23T00:35:07.468Z,2759,6955,24462,3622,8621,27604,4201,5843,22792,3923,6545,25061,Day_1,Fair,Intermediate,2.5mm,Experiment_2
2025-10-23T00:35:07.508Z,2760,6951,24487,3618,8618,27608,4194,5824,22703,3904,6509,24915,Day_1,Fair,Intermediate,2.5mm,Experiment_2
2025-10-23T00:35:07.548Z,2759,6951,24522,3612,8617,27612,4183,5785,22553,3876,6446,24662,Day_1,Fair,Intermediate,2.5mm,Experiment_2
2025-10-23T00:35:07.588Z,2757,6950,24544,3606,8620,27611,4177,5750,22424,3854,6389,24444,Day_1,Fair,Intermediate,2.5mm,Experiment_2
2025-10-23T00:35:07.628Z,2753,6949,24536,3603,8622,27607,4184,5750,22404,3857,6378,24413,Day_1,Fair,Intermediate,2.5mm,Experiment_2
2025-10-23T00:35:07.668Z,2747,6947,24512,3598,8620,27604,4201,5783,22476,3879,6410,24540,Day_1,Fair,Intermediate,2.5mm,Experiment_2
2025-10-23T00:35:07.708Z,2743,6943,24493,3595,8616,27604,4215,5819,22568,3904,6453,24696,Day_1,Fair,Intermediate,2.5mm,Experiment_2
2025-10-23T00:35:07.748Z,2741,6941,24485,3595,8615,27606,4223,5833,22625,3917,6485,24799,Day_1,Fair,Intermediate,2.5mm,Experiment_2
2025-10-23T00:35:07.788Z,2741,6943,24482,3597,8617,27611,4225,5828,22639,3919,6497,24836,Day_1,Fair,Intermediate,2.5mm,Experiment_2
2025-10-23T00:35:07.828Z,2743,6943,24476,3600,8618,27617,4222,5819,22645,3916,6502,24855,Day_1,Fair,Intermediate,2.5mm,Experiment_2
2025-10-23T00:35:07.868Z,2743,6945,24461,3600,8621,27616,4224,5823,22682,3922,6518,24915,Day_1,Fair,Intermediate,2.5mm,Experiment_2
2025-10-23T00:35:07.908Z,2738,6948,24443,3598,8625,27605,4234,5835,22739,3936,6541,25005,Day_1,Fair,Intermediate,2.5mm,Experiment_2
2025-10-23T00:35:07.948Z,2731,6949,24429,3597,8624,27592,4239,5837,22781,3945,6554,25073,Day_1,Fair,Intermediate,2.5mm,Experiment_2
2025-10-23T00:35:07.988Z,2728,6947,24423,3597,8618,27583,4232,5829,22799,3945,6556,25101,Day_1,Fair,Intermediate,2.5mm,Experiment_2
2025-10-23T00:35:08.028Z,2728,6947,24425,3598,8616,27581,4217,5821,22789,3938,6553,25082,Day_1,Fair,Intermediate,2.5mm,Experiment_2
2025-10-23T00:35:08.068Z,2729,6953,24444,3596,8622,27589,4199,5811,22721,3922,6534,24974,Day_1,Fair,Intermediate,2.5mm,Experiment_2
2025-10-23T00:35:08.108Z,2732,6959,24481,3594,8630,27603,4181,5790,22585,3895,6490,24760,Day_1,Fair,Intermediate,2.5mm,Experiment_2
2025-10-23T00:35:08.148Z,2737,6957,24515,3594,8633,27615,4169,5769,22451,3869,6439,24550,Day_1,Fair,Intermediate,2.5mm,Experiment_2
2025-10-23T00:35:08.188Z,2741,6946,24525,3595,8626,27621,4172,5765,22411,3861,6413,24474,Day_1,Fair,Intermediate,2.5mm,Experiment_2
2025-10-23T00:35:08.228Z,2744,6933,24516,3599,8612,27623,4194,5776,22477,3871,6420,24542,Day_1,Fair,Intermediate,2.5mm,Experiment_2
2025-10-23T00:35:08.268Z,2747,6923,24504,3603,8600,27621,4218,5795,22584,3891,6447,24678,Day_1,Fair,Intermediate,2.5mm,Experiment_2
2025-10-23T00:35:08.308Z,2745,6921,24494,3603,8595,27616,4225,5812,22663,3906,6475,24795,Day_1,Fair,Intermediate,2.5mm,Experiment_2
2025-10-23T00:35:08.348Z,2738,6929,24487,3599,8602,27612,4211,5817,22677,3908,6489,24843,Day_1,Fair,Intermediate,2.5mm,Experiment_2
2025-10-23T00:35:08.388Z,2733,6945,24485,3598,8617,27614,4193,5809,22657,3903,6491,24848,Day_1,Fair,Intermediate,2.5mm,Experiment_2
2025-10-23T00:35:08.428Z,2735,6956,24479,3602,8626,27612,4185,5799,22660,3900,6497,24880,Day_1,Fair,Intermediate,2.5mm,Experiment_2
2025-10-23T00:35:08.468Z,2740,6954,24460,3607,8623,27598,4187,5805,22706,3906,6518,24962,Day_1,Fair,Intermediate,2.5mm,Experiment_2
2025-10-23T00:35:08.508Z,2743,6943,24437,3606,8614,27580,4196,5828,22763,3915,6543,25051,Day_1,Fair,Intermediate,2.5mm,Experiment_2
2025-10-23T00:35:08.549Z,2742,6935,24424,3601,8609,27572,4204,5851,22798,3923,6561,25102,Day_1,Fair,Intermediate,2.5mm,Experiment_2
2025-10-23T00:35:08.589Z,2745,6930,24431,3603,8603,27574,4204,5856,22806,3924,6564,25099,Day_1,Fair,Intermediate,2.5mm,Experiment_2
2025-10-23T00:35:08.629Z,2754,6927,24455,3611,8598,27584,4197,5844,22766,3915,6545,25017,Day_1,Fair,Intermediate,2.5mm,Experiment_2
2025-10-23T00:35:08.669Z,2756,6930,24491,3612,8600,27596,4189,5819,22646,3895,6495,24818,Day_1,Fair,Intermediate,2.5mm,Experiment_2
2025-10-23T00:35:08.709Z,2751,6937,24527,3605,8607,27603,4184,5785,22482,3869,6425,24555,Day_1,Fair,Intermediate,2.5mm,Experiment_2
2025-10-23T00:35:08.749Z,2749,6940,24542,3600,8614,27604,4186,5760,22376,3854,6377,24381,Day_1,Fair,Intermediate,2.5mm,Experiment_2
2025-10-23T00:35:08.789Z,2751,6940,24529,3602,8615,27601,4194,5760,22387,3860,6380,24400,Day_1,Fair,Intermediate,2.5mm,Experiment_2
2025-10-23T00:35:08.829Z,2755,6937,24502,3609,8612,27599,4204,5785,22487,3882,6424,24561,Day_1,Fair,Intermediate,2.5mm,Experiment_2
2025-10-23T00:35:08.869Z,2755,6937,24480,3613,8609,27599,4216,5812,22605,3906,6474,24740,Day_1,Fair,Intermediate,2.5mm,Experiment_2
2025-10-23T00:35:08.909Z,2753,6941,24470,3612,8614,27600,4232,5823,22679,3923,6504,24843,Day_1,Fair,Intermediate,2.5mm,Experiment_2
2025-10-23T00:35:08.949Z,2751,6949,24466,3611,8622,27599,4251,5825,22700,3934,6516,24878,Day_1,Fair,Intermediate,2.5mm,Experiment_2
2025-10-23T00:35:08.989Z,2745,6955,24461,3609,8625,27594,4261,5830,22712,3943,6529,24919,Day_1,Fair,Intermediate,2.5mm,Experiment_2
2025-10-23T00:35:09.029Z,2739,6958,24448,3605,8622,27584,4258,5842,22748,3951,6546,24993,Day_1,Fair,Intermediate,2.5mm,Experiment_2
2025-10-23T00:35:09.069Z,2738,6956,24437,3605,8617,27576,4248,5857,22787,3955,6560,25056,Day_1,Fair,Intermediate,2.5mm,Experiment_2
2025-10-23T00:35:09.109Z,2744,6944,24434,3611,8608,27575,4249,5873,22812,3956,6567,25089,Day_1,Fair,Intermediate,2.5mm,Experiment_2
2025-10-23T00:35:09.149Z,2750,6927,24443,3618,8594,27585,4262,5878,22824,3957,6565,25097,Day_1,Fair,Intermediate,2.5mm,Experiment_2
2025-10-23T00:35:09.189Z,2752,6910,24464,3619,8579,27603,4272,5860,22792,3953,6546,25043,Day_1,Fair,Intermediate,2.5mm,Experiment_2
2025-10-23T00:35:09.229Z,2753,6903,24499,3616,8571,27620,4262,5825,22671,3932,6498,24864,Day_1,Fair,Intermediate,2.5mm,Experiment_2
2025-10-23T00:35:09.269Z,2755,6912,24538,3615,8580,27626,4226,5786,22484,3892,6430,24583,Day_1,Fair,Intermediate,2.5mm,Experiment_2
2025-10-23T00:35:09.309Z,2755,6932,24560,3615,8599,27625,4184,5767,22352,3856,6379,24366,Day_1,Fair,Intermediate,2.5mm,Experiment_2
2025-10-23T00:35:09.349Z,2751,6948,24548,3613,8616,27621,4163,5775,22362,3844,6378,24362,Day_1,Fair,Intermediate,2.5mm,Experiment_2
2025-10-23T00:35:09.389Z,2745,6953,24516,3608,8621,27618,4161,5797,22475,3852,6416,24527,Day_1,Fair,Intermediate,2.5mm,Experiment_2
2025-10-23T00:35:09.429Z,2742,6947,24493,3604,8616,27619,4164,5813,22595,3864,6460,24717,Day_1,Fair,Intermediate,2.5mm,Experiment_2
2025-10-23T00:35:09.469Z,2744,6936,24488,3606,8606,27621,4164,5814,22664,3873,6486,24837,Day_1,Fair,Intermediate,2.5mm,Experiment_2
2025-10-23T00:35:09.509Z,2749,6929,24488,3609,8601,27620,4161,5807,22673,3881,6495,24875,Day_1,Fair,Intermediate,2.5mm,Experiment_2
2025-10-23T00:35:09.549Z,2755,6937,24482,3613,8610,27616,4163,5809,22668,3891,6504,24888,Day_1,Fair,Intermediate,2.5mm,Experiment_2
2025-10-23T00:35:09.589Z,2767,6953,24469,3622,8624,27610,4178,5829,22696,3907,6525,24941,Day_1,Fair,Intermediate,2.5mm,Experiment_2
2025-10-23T00:35:09.629Z,2778,6965,24454,3631,8634,27602,4198,5853,22752,3924,6551,25022,Day_1,Fair,Intermediate,2.5mm,Experiment_2
2025-10-23T00:35:09.669Z,2776,6968,24445,3629,8636,27595,4214,5866,22799,3937,6568,25081,Day_1,Fair,Intermediate,2.5mm,Experiment_2
2025-10-23T00:35:09.709Z,2762,6964,24442,3616,8632,27592,4227,5864,22816,3949,6572,25100,Day_1,Fair,Intermediate,2.5mm,Experiment_2
2025-10-23T00:35:09.749Z,2749,6959,24446,3604,8628,27595,4234,5844,22789,3954,6556,25066,Day_1,Fair,Intermediate,2.5mm,Experiment_2
2025-10-23T00:35:09.789Z,2742,6955,24463,3601,8626,27599,4223,5809,22691,3935,6515,24932,Day_1,Fair,Intermediate,2.5mm,Experiment_2
2025-10-23T00:35:09.829Z,2741,6952,24494,3602,8625,27604,4193,5772,22530,3894,6453,24692,Day_1,Fair,Intermediate,2.5mm,Experiment_2
2025-10-23T00:35:09.869Z,2741,6950,24518,3601,8626,27603,4172,5752,22395,3861,6403,24474,Day_1,Fair,Intermediate,2.5mm,Experiment_2
2025-10-23T00:35:09.909Z,2739,6947,24516,3599,8626,27598,4181,5759,22381,3858,6395,24429,Day_1,Fair,Intermediate,2.5mm,Experiment_2
2025-10-23T00:35:09.949Z,2738,6944,24496,3601,8622,27593,4200,5782,22476,3877,6426,24542,Day_1,Fair,Intermediate,2.5mm,Experiment_2
2025-10-23T00:35:09.989Z,2744,6939,24480,3607,8617,27593,4208,5809,22589,3896,6468,24701,Day_1,Fair,Intermediate,2.5mm,Experiment_2
2025-10-23T00:35:10.029Z,2749,6934,24473,3610,8615,27596,4206,5826,22653,3908,6498,24814,Day_1,Fair,Intermediate,2.5mm,Experiment_2
2025-10-23T00:35:10.069Z,2748,6933,24471,3605,8616,27595,4206,5821,22660,3909,6506,24856,Day_1,Fair,Intermediate,2.5mm,Experiment_2
2025-10-23T00:35:10.109Z,2744,6936,24470,3599,8618,27592,4212,5804,22654,3906,6502,24865,Day_1,Fair,Intermediate,2.5mm,Experiment_2
2025-10-23T00:35:10.149Z,2742,6939,24464,3599,8617,27591,4225,5800,22680,3910,6505,24906,Day_1,Fair,Intermediate,2.5mm,Experiment_2
2025-10-23T00:35:10.189Z,2739,6937,24451,3601,8613,27590,4241,5821,22738,3924,6522,24990,Day_1,Fair,Intermediate,2.5mm,Experiment_2
2025-10-23T00:35:10.229Z,2730,6934,24435,3597,8613,27587,4252,5856,22795,3940,6547,25071,Day_1,Fair,Intermediate,2.5mm,Experiment_2
2025-10-23T00:35:10.269Z,2719,6934,24420,3590,8617,27578,4258,5880,22826,3953,6566,25114,Day_1,Fair,Intermediate,2.5mm,Experiment_2
2025-10-23T00:35:10.309Z,2715,6936,24415,3588,8619,27569,4264,5881,22820,3960,6569,25101,Day_1,Fair,Intermediate,2.5mm,Experiment_2
2025-10-23T00:35:10.349Z,2723,6939,24431,3593,8618,27568,4264,5853,22755,3955,6544,25004,Day_1,Fair,Intermediate,2.5mm,Experiment_2
2025-10-23T00:35:10.389Z,2735,6948,24468,3599,8622,27578,4248,5806,22620,3931,6485,24802,Day_1,Fair,Intermediate,2.5mm,Experiment_2
2025-10-23T00:35:10.429Z,2744,6957,24509,3602,8627,27591,4223,5766,22466,3898,6420,24573,Day_1,Fair,Intermediate,2.5mm,Experiment_2
2025-10-23T00:35:10.469Z,2748,6960,24529,3603,8628,27602,4206,5759,22389,3874,6390,24452,Day_1,Fair,Intermediate,2.5mm,Experiment_2
2025-10-23T00:35:10.509Z,2751,6955,24521,3606,8622,27605,4202,5782,22427,3868,6408,24492,Day_1,Fair,Intermediate,2.5mm,Experiment_2
2025-10-23T00:35:10.549Z,2753,6945,24493,3610,8614,27600,4203,5816,22533,3875,6452,24631,Day_1,Fair,Intermediate,2.5mm,Experiment_2
2025-10-23T00:35:10.589Z,2749,6936,24464,3608,8608,27590,4202,5850,22627,3884,6495,24767,Day_1,Fair,Intermediate,2.5mm,Experiment_2
2025-10-23T00:35:10.629Z,2741,6931,24455,3602,8606,27587,4205,5868,22665,3892,6519,24834,Day_1,Fair,Intermediate,2.5mm,Experiment_2
2025-10-23T00:35:10.669Z,2736,6933,24462,3600,8607,27593,4216,5867,22668,3902,6526,24852,Day_1,Fair,Intermediate,2.5mm,Experiment_2
2025-10-23T00:35:10.709Z,2736,6939,24466,3602,8611,27600,4233,5863,22686,3916,6533,24884,Day_1,Fair,Intermediate,2.5mm,Experiment_2
2025-10-23T00:35:10.749Z,2737,6945,24457,3602,8614,27599,4248,5867,22737,3933,6550,24957,Day_1,Fair,Intermediate,2.5mm,Experiment_2
2025-10-23T00:35:10.789Z,2740,6947,24442,3602,8614,27593,4251,5867,22799,3945,6565,25040,Day_1,Fair,Intermediate,2.5mm,Experiment_2
2025-10-23T00:35:10.829Z,2746,6947,24430,3606,8610,27585,4240,5855,22840,3947,6568,25097,Day_1,Fair,Intermediate,2.5mm,Experiment_2
2025-10-23T00:35:10.869Z,2750,6949,24428,3610,8610,27581,4228,5839,22839,3942,6560,25106,Day_1,Fair,Intermediate,2.5mm,Experiment_2
2025-10-23T00:35:10.909Z,2750,6959,24440,3611,8620,27584,4225,5823,22779,3933,6540,25032,Day_1,Fair,Intermediate,2.5mm,Experiment_2
2025-10-23T00:35:10.949Z,2746,6971,24471,3608,8637,27592,4219,5801,22649,3911,6492,24836,Day_1,Fair,Intermediate,2.5mm,Experiment_2
2025-10-23T00:35:10.989Z,2743,6976,24515,3604,8649,27601,4199,5768,22478,3876,6419,24553,Day_1,Fair,Intermediate,2.5mm,Experiment_2
2025-10-23T00:35:11.029Z,2743,6969,24544,3604,8646,27610,4181,5745,22357,3850,6363,24345,Day_1,Fair,Intermediate,2.5mm,Experiment_2
2025-10-23T00:35:11.069Z,2741,6959,24538,3604,8637,27613,4173,5752,22361,3847,6362,24340,Day_1,Fair,Intermediate,2.5mm,Experiment_2
2025-10-23T00:35:11.109Z,2740,6952,24506,3605,8629,27607,4177,5777,22465,3863,6405,24500,Day_1,Fair,Intermediate,2.5mm,Experiment_2
2025-10-23T00:35:11.149Z,2743,6944,24474,3605,8621,27596,4193,5798,22587,3885,6457,24689,Day_1,Fair,Intermediate,2.5mm,Experiment_2
2025-10-23T00:35:11.189Z,2748,6936,24462,3605,8614,27590,4209,5812,22661,3904,6493,24813,Day_1,Fair,Intermediate,2.5mm,Experiment_2
2025-10-23T00:35:11.229Z,2751,6935,24466,3605,8611,27592,4218,5828,22684,3916,6513,24870,Day_1,Fair,Intermediate,2.5mm,Experiment_2
2025-10-23T00:35:11.269Z,2751,6938,24465,3606,8610,27590,4225,5855,22706,3924,6532,24925,Day_1,Fair,Intermediate,2.5mm,Experiment_2
2025-10-23T00:35:11.309Z,2744,6938,24448,3604,8607,27582,4232,5876,22750,3929,6552,25003,Day_1,Fair,Intermediate,2.5mm,Experiment_2
2025-10-23T00:35:11.349Z,2738,6933,24433,3603,8603,27577,4231,5875,22793,3930,6562,25067,Day_1,Fair,Intermediate,2.5mm,Experiment_2
2025-10-23T00:35:11.389Z,2740,6930,24430,3609,8599,27579,4228,5863,22820,3933,6562,25098,Day_1,Fair,Intermediate,2.5mm,Experiment_2
2025-10-23T00:35:11.429Z,2747,6934,24436,3616,8601,27583,4235,5850,22822,3942,6557,25099,Day_1,Fair,Intermediate,2.5mm,Experiment_2
2025-10-23T00:35:11.469Z,2753,6947,24454,3620,8612,27592,4244,5832,22779,3948,6541,25043,Day_1,Fair,Intermediate,2.5mm,Experiment_2
2025-10-23T00:35:11.509Z,2756,6960,24486,3620,8626,27607,4240,5802,22667,3934,6500,24880,Day_1,Fair,Intermediate,2.5mm,Experiment_2
2025-10-23T00:35:11.549Z,2756,6966,24523,3617,8634,27620,4225,5762,22501,3901,6436,24619,Day_1,Fair,Intermediate,2.5mm,Experiment_2
2025-10-23T00:35:11.589Z,2754,6963,24545,3611,8634,27623,4214,5737,22373,3874,6387,24405,Day_1,Fair,Intermediate,2.5mm,Experiment_2
2025-10-23T00:35:11.629Z,2752,6952,24541,3608,8628,27620,4215,5744,22370,3873,6387,24387,Day_1,Fair,Intermediate,2.5mm,Experiment_2
2025-10-23T00:35:11.669Z,2755,6941,24522,3612,8619,27620,4219,5776,22472,3891,6423,24530,Day_1,Fair,Intermediate,2.5mm,Experiment_2
2025-10-23T00:35:11.709Z,2762,6936,24500,3621,8610,27618,4224,5808,22596,3909,6463,24707,Day_1,Fair,Intermediate,2.5mm,Experiment_2
2025-10-23T00:35:11.749Z,2768,6935,24481,3624,8603,27612,4226,5825,22677,3918,6489,24833,Day_1,Fair,Intermediate,2.5mm,Experiment_2
2025-10-23T00:35:11.789Z,2767,6936,24470,3620,8603,27603,4220,5823,22690,3914,6498,24880,Day_1,Fair,Intermediate,2.5mm,Experiment_2
2025-10-23T00:35:11.829Z,2763,6941,24465,3612,8610,27596,4211,5816,22671,3907,6500,24894,Day_1,Fair,Intermediate,2.5mm,Experiment_2
2025-10-23T00:35:11.869Z,2756,6950,24458,3606,8619,27589,4211,5823,22683,3913,6516,24943,Day_1,Fair,Intermediate,2.5mm,Experiment_2
2025-10-23T00:35:11.909Z,2748,6960,24447,3602,8628,27584,4227,5847,22732,3934,6545,25027,Day_1,Fair,Intermediate,2.5mm,Experiment_2
2025-10-23T00:35:11.949Z,2743,6962,24441,3600,8629,27585,4249,5868,22779,3955,6567,25092,Day_1,Fair,Intermediate,2.5mm,Experiment_2
2025-10-23T00:35:11.989Z,2744,6949,24447,3601,8617,27593,4262,5874,22805,3965,6571,25120,Day_1,Fair,Intermediate,2.5mm,Experiment_2
2025-10-23T00:35:12.029Z,2748,6931,24463,3606,8601,27609,4258,5870,22800,3960,6560,25099,Day_1,Fair,Intermediate,2.5mm,Experiment_2
2025-10-23T00:35:12.069Z,2751,6925,24489,3610,8596,27623,4240,5847,22734,3942,6526,24978,Day_1,Fair,Intermediate,2.5mm,Experiment_2
2025-10-23T00:35:12.109Z,2749,6933,24518,3608,8607,27630,4222,5805,22594,3913,6465,24752,Day_1,Fair,Intermediate,2.5mm,Experiment_2
2025-10-23T00:35:12.149Z,2743,6943,24536,3604,8619,27627,4212,5768,22455,3884,6409,24543,Day_1,Fair,Intermediate,2.5mm,Experiment_2
