time,Unpolarized_A_Green,Unpolarized_A_Red,Unpolarized_A_IR,Unpolarized_B_Green,Unpolarized_B_Red,Unpolarized_B_IR,Co-Polarized_Green,Co-Polarized_Red,Co-Polarized_IR,Cross-Polarized_Green,Cross-Polarized_Red,Cross-Polarized_IR,Day,SkinTone,Speed,Depth,Experiment
2025-10-23T02:43:58.429Z,2463,6249,22904,3581,8465,28041,5386,8104,34187,4334,7733,31047,Day_1,Fair,Fast,5mm,Experiment_2
2025-10-23T02:43:58.469Z,2474,6252,22907,3592,8468,28038,5380,8093,34177,4334,7728,31046,Day_1,Fair,Fast,5mm,Experiment_2
2025-10-23T02:43:58.509Z,2478,6253,22904,3598,8468,28032,5373,8091,34174,4332,7729,31044,Day_1,Fair,Fast,5mm,Experiment_2
2025-10-23T02:43:58.549Z,2471,6253,22895,3593,8467,28024,5373,8096,34177,4330,7735,31044,Day_1,Fair,Fast,5mm,Experiment_2
2025-10-23T02:43:58.589Z,2458,6257,22886,3582,8471,28019,5379,8100,34189,4328,7741,31045,Day_1,Fair,Fast,5mm,Experiment_2
2025-10-23T02:43:58.629Z,2447,6267,22881,3573,8481,28020,5384,8097,34204,4329,7741,31047,Day_1,Fair,Fast,5mm,Experiment_2
2025-10-23T02:43:58.669Z,2442,6274,22882,3567,8487,28023,5388,8091,34224,4333,7738,31052,Day_1,Fair,Fast,5mm,Experiment_2
2025-10-23T02:43:58.709Z,2442,6270,22885,3565,8483,28027,5393,8085,34248,4339,7736,31060,Day_1,Fair,Fast,5mm,Experiment_2
2025-10-23T02:43:58.749Z,2445,6261,22891,3569,8472,28031,5395,8086,34256,4341,7736,31063,Day_1,Fair,Fast,5mm,Experiment_2
2025-10-23T02:43:58.789Z,2449,6256,22894,3573,8465,28031,5390,8093,34239,4339,7736,31061,Day_1,Fair,Fast,5mm,Experiment_2
2025-10-23T02:43:58.829Z,2448,6255,22895,3573,8462,28032,5375,8097,34216,4329,7732,31059,Day_1,Fair,Fast,5mm,Experiment_2
2025-10-23T02:43:58.869Z,2446,6255,22901,3572,8463,28040,5353,8096,34207,4314,7726,31059,Day_1,Fair,Fast,5mm,Experiment_2
2025-10-23T02:43:58.909Z,2444,6255,22913,3573,8467,28051,5337,8104,34210,4302,7727,31058,Day_1,Fair,Fast,5mm,Experiment_2
2025-10-23T02:43:58.949Z,2443,6255,22920,3574,8470,28057,5344,8123,34218,4304,7736,31059,Day_1,Fair,Fast,5mm,Experiment_2
2025-10-23T02:43:58.989Z,2441,6256,22913,3572,8474,28049,5369,8129,34227,4319,7741,31067,Day_1,Fair,Fast,5mm,Experiment_2
2025-10-23T02:43:59.029Z,2435,6258,22897,3566,8477,28033,5390,8110,34229,4334,7735,31073,Day_1,Fair,Fast,5mm,Experiment_2
2025-10-23T02:43:59.069Z,2426,6257,22885,3558,8475,28020,5393,8087,34224,4341,7727,31067,Day_1,Fair,Fast,5mm,Experiment_2
2025-10-23T02:43:59.109Z,2423,6250,22888,3557,8465,28021,5384,8085,34210,4338,7726,31050,Day_1,Fair,Fast,5mm,Experiment_2
2025-10-23T02:43:59.149Z,2429,6242,22903,3562,8455,28031,5371,8101,34193,4331,7733,31035,Day_1,Fair,Fast,5mm,Experiment_2
2025-10-23T02:43:59.189Z,2439,6239,22914,3566,8452,28038,5370,8109,34181,4328,7737,31031,Day_1,Fair,Fast,5mm,Experiment_2
2025-10-23T02:43:59.229Z,2444,6240,22912,3564,8454,28035,5386,8098,34183,4332,7733,31035,Day_1,Fair,Fast,5mm,Experiment_2
2025-10-23T02:43:59.269Z,2442,6242,22906,3560,8458,28031,5404,8085,34200,4335,7727,31046,Day_1,Fair,Fast,5mm,Experiment_2
2025-10-23T02:43:59.309Z,2433,6246,22907,3556,8464,28035,5410,8087,34218,4331,7725,31060,Day_1,Fair,Fast,5mm,Experiment_2
2025-10-23T02:43:59.349Z,2426,6255,22919,3555,8473,28048,5412,8098,34226,4326,7727,31067,Day_1,Fair,Fast,5mm,Experiment_2
2025-10-23T02:43:59.389Z,2425,6262,22929,3556,8480,28059,5416,8110,34226,4324,7733,31067,Day_1,Fair,Fast,5mm,Experiment_2
2025-10-23T02:43:59.429Z,2427,6259,22926,3556,8478,28057,5417,8116,34228,4326,7741,31068,Day_1,Fair,Fast,5mm,Experiment_2
2025-10-23T02:43:59.469Z,2427,6248,22914,3555,8468,28046,5413,8113,34227,4330,7744,31069,Day_1,Fair,Fast,5mm,Experiment_2
2025-10-23T02:43:59.509Z,2427,6240,22905,3555,8460,28038,5413,8113,34223,4337,7743,31066,Day_1,Fair,Fast,5mm,Experiment_2
2025-10-23T02:43:59.549Z,2429,6244,22903,3557,8464,28036,5423,8123,34226,4343,7745,31064,Day_1,Fair,Fast,5mm,Experiment_2
2025-10-23T02:43:59.589Z,2431,6255,22906,3558,8475,28038,5430,8134,34235,4343,7751,31064,Day_1,Fair,Fast,5mm,Experiment_2
2025-10-23T02:43:59.629Z,2434,6263,22909,3560,8482,28041,5416,8127,34236,4333,7750,31059,Day_1,Fair,Fast,5mm,Experiment_2
2025-10-23T02:43:59.669Z,2442,6262,22909,3564,8481,28041,5392,8108,34229,4324,7743,31051,Day_1,Fair,Fast,5mm,Experiment_2
2025-10-23T02:43:59.709Z,2449,6254,22908,3568,8474,28039,5384,8105,34223,4325,7741,31047,Day_1,Fair,Fast,5mm,Experiment_2
2025-10-23T02:43:59.749Z,2450,6245,22907,3567,8468,28036,5396,8120,34220,4332,7745,31046,Day_1,Fair,Fast,5mm,Experiment_2
2025-10-23T02:43:59.789Z,2446,6242,22907,3561,8467,28034,5408,8133,34222,4336,7747,31047,Day_1,Fair,Fast,5mm,Experiment_2
2025-10-23T02:43:59.829Z,2440,6243,22911,3557,8465,28038,5417,8136,34217,4340,7746,31045,Day_1,Fair,Fast,5mm,Experiment_2
2025-10-23T02:43:59.869Z,2433,6243,22919,3555,8462,28045,5427,8135,34203,4346,7745,31038,Day_1,Fair,Fast,5mm,Experiment_2
2025-10-23T02:43:59.909Z,2429,6245,22922,3556,8461,28048,5426,8138,34195,4348,7750,31037,Day_1,Fair,Fast,5mm,Experiment_2
2025-10-23T02:43:59.950Z,2430,6248,22914,3560,8464,28041,5411,8148,34204,4341,7758,31046,Day_1,Fair,Fast,5mm,Experiment_2
2025-10-23T02:43:59.990Z,2439,6250,22900,3567,8468,28029,5396,8163,34225,4334,7765,31060,Day_1,Fair,Fast,5mm,Experiment_2
2025-10-23T02:44:00.030Z,2449,6253,22887,3575,8472,28018,5392,8175,34244,4331,7767,31070,Day_1,Fair,Fast,5mm,Experiment_2
2025-10-23T02:44:00.070Z,2457,6258,22879,3581,8476,28013,5398,8178,34247,4332,7764,31071,Day_1,Fair,Fast,5mm,Experiment_2
2025-10-23T02:44:00.110Z,2462,6262,22877,3584,8480,28015,5404,8169,34236,4333,7756,31064,Day_1,Fair,Fast,5mm,Experiment_2
2025-10-23T02:44:00.150Z,2458,6260,22881,3582,8480,28023,5398,8150,34221,4328,7747,31053,Day_1,Fair,Fast,5mm,Experiment_2
2025-10-23T02:44:00.190Z,2449,6257,22890,3575,8480,28034,5381,8129,34210,4319,7743,31043,Day_1,Fair,Fast,5mm,Experiment_2
2025-10-23T02:44:00.230Z,2440,6261,22905,3568,8483,28045,5366,8123,34199,4315,7743,31038,Day_1,Fair,Fast,5mm,Experiment_2
2025-10-23T02:44:00.270Z,2433,6266,22917,3561,8487,28053,5363,8131,34187,4318,7745,31037,Day_1,Fair,Fast,5mm,Experiment_2
2025-10-23T02:44:00.309Z,2426,6267,22923,3555,8485,28056,5370,8134,34180,4324,7743,31040,Day_1,Fair,Fast,5mm,Experiment_2
2025-10-23T02:44:00.349Z,2422,6264,22924,3550,8479,28053,5375,8131,34183,4326,7740,31046,Day_1,Fair,Fast,5mm,Experiment_2
2025-10-23T02:44:00.389Z,2422,6264,22918,3546,8476,28044,5376,8131,34196,4326,7741,31054,Day_1,Fair,Fast,5mm,Experiment_2
2025-10-23T02:44:00.429Z,2428,6269,22910,3548,8477,28034,5380,8131,34209,4332,7744,31061,Day_1,Fair,Fast,5mm,Experiment_2
2025-10-23T02:44:00.469Z,2435,6268,22910,3555,8474,28030,5388,8130,34215,4339,7744,31066,Day_1,Fair,Fast,5mm,Experiment_2
2025-10-23T02:44:00.509Z,2435,6260,22918,3558,8468,28032,5389,8132,34218,4340,7746,31068,Day_1,Fair,Fast,5mm,Experiment_2
2025-10-23T02:44:00.549Z,2431,6253,22921,3555,8464,28035,5378,8139,34220,4337,7748,31065,Day_1,Fair,Fast,5mm,Experiment_2
2025-10-23T02:44:00.589Z,2433,6252,22915,3553,8468,28039,5368,8144,34223,4333,7749,31061,Day_1,Fair,Fast,5mm,Experiment_2
2025-10-23T02:44:00.629Z,2442,6257,22911,3560,8475,28045,5369,8136,34225,4329,7744,31059,Day_1,Fair,Fast,5mm,Experiment_2
2025-10-23T02:44:00.669Z,2447,6264,22909,3567,8479,28044,5381,8116,34233,4328,7736,31065,Day_1,Fair,Fast,5mm,Experiment_2
2025-10-23T02:44:00.709Z,2442,6266,22910,3565,8477,28039,5395,8098,34247,4330,7729,31070,Day_1,Fair,Fast,5mm,Experiment_2
2025-10-23T02:44:00.749Z,2436,6259,22912,3560,8470,28034,5402,8092,34255,4333,7728,31069,Day_1,Fair,Fast,5mm,Experiment_2
2025-10-23T02:44:00.789Z,2435,6245,22910,3558,8459,28031,5404,8095,34251,4335,7729,31065,Day_1,Fair,Fast,5mm,Experiment_2
2025-10-23T02:44:00.829Z,2433,6235,22904,3557,8452,28030,5405,8096,34242,4337,7728,31062,Day_1,Fair,Fast,5mm,Experiment_2
2025-10-23T02:44:00.869Z,2427,6237,22898,3554,8457,28033,5405,8094,34243,4337,7724,31066,Day_1,Fair,Fast,5mm,Experiment_2
2025-10-23T02:44:00.909Z,2420,6247,22895,3548,8469,28038,5407,8094,34248,4337,7723,31076,Day_1,Fair,Fast,5mm,Experiment_2
2025-10-23T02:44:00.949Z,2419,6253,22896,3544,8477,28043,5414,8097,34242,4341,7726,31081,Day_1,Fair,Fast,5mm,Experiment_2
2025-10-23T02:44:00.989Z,2426,6254,22898,3547,8477,28048,5413,8104,34233,4344,7732,31083,Day_1,Fair,Fast,5mm,Experiment_2
2025-10-23T02:44:01.030Z,2437,6253,22901,3556,8474,28047,5401,8115,34237,4344,7740,31089,Day_1,Fair,Fast,5mm,Experiment_2
2025-10-23T02:44:01.070Z,2445,6251,22907,3564,8471,28044,5393,8117,34244,4342,7746,31089,Day_1,Fair,Fast,5mm,Experiment_2
2025-10-23T02:44:01.110Z,2450,6248,22914,3570,8470,28044,5399,8108,34238,4340,7746,31076,Day_1,Fair,Fast,5mm,Experiment_2
2025-10-23T02:44:01.150Z,2452,6246,22919,3574,8470,28047,5404,8099,34230,4336,7744,31061,Day_1,Fair,Fast,5mm,Experiment_2
2025-10-23T02:44:01.190Z,2451,6248,22918,3575,8469,28048,5398,8098,34234,4325,7746,31056,Day_1,Fair,Fast,5mm,Experiment_2
2025-10-23T02:44:01.230Z,2446,6252,22912,3570,8469,28042,5384,8101,34241,4316,7747,31057,Day_1,Fair,Fast,5mm,Experiment_2
2025-10-23T02:44:01.270Z,2437,6255,22907,3560,8469,28035,5380,8097,34241,4314,7742,31061,Day_1,Fair,Fast,5mm,Experiment_2
2025-10-23T02:44:01.310Z,2430,6253,22904,3552,8469,28033,5382,8089,34232,4318,7735,31065,Day_1,Fair,Fast,5mm,Experiment_2
2025-10-23T02:44:01.350Z,2425,6251,22903,3548,8469,28034,5378,8094,34216,4322,7734,31064,Day_1,Fair,Fast,5mm,Experiment_2
2025-10-23T02:44:01.390Z,2422,6254,22901,3543,8471,28033,5372,8109,34201,4326,7741,31062,Day_1,Fair,Fast,5mm,Experiment_2
2025-10-23T02:44:01.430Z,2421,6260,22894,3540,8477,28030,5368,8117,34197,4330,7745,31065,Day_1,Fair,Fast,5mm,Experiment_2
2025-10-23T02:44:01.470Z,2422,6268,22888,3541,8484,28031,5363,8109,34194,4328,7739,31066,Day_1,Fair,Fast,5mm,Experiment_2
2025-10-23T02:44:01.510Z,2424,6272,22893,3543,8490,28038,5363,8093,34187,4324,7728,31061,Day_1,Fair,Fast,5mm,Experiment_2
2025-10-23T02:44:01.550Z,2424,6272,22904,3544,8491,28045,5372,8087,34192,4322,7725,31059,Day_1,Fair,Fast,5mm,Experiment_2
2025-10-23T02:44:01.590Z,2428,6270,22913,3548,8491,28046,5389,8093,34204,4326,7732,31062,Day_1,Fair,Fast,5mm,Experiment_2
2025-10-23T02:44:01.630Z,2438,6263,22917,3556,8487,28045,5407,8102,34210,4335,7741,31063,Day_1,Fair,Fast,5mm,Experiment_2
2025-10-23T02:44:01.670Z,2445,6255,22920,3563,8479,28048,5412,8117,34213,4340,7747,31059,Day_1,Fair,Fast,5mm,Experiment_2
2025-10-23T02:44:01.710Z,2444,6250,22917,3563,8475,28045,5392,8136,34223,4332,7754,31058,Day_1,Fair,Fast,5mm,Experiment_2
2025-10-23T02:44:01.750Z,2439,6248,22907,3561,8472,28034,5359,8149,34223,4315,7759,31060,Day_1,Fair,Fast,5mm,Experiment_2
2025-10-23T02:44:01.790Z,2437,6245,22899,3560,8468,28025,5337,8152,34211,4303,7760,31062,Day_1,Fair,Fast,5mm,Experiment_2
2025-10-23T02:44:01.830Z,2439,6245,22895,3559,8467,28021,5345,8145,34200,4306,7754,31060,Day_1,Fair,Fast,5mm,Experiment_2
2025-10-23T02:44:01.870Z,2438,6250,22891,3555,8471,28019,5371,8128,34199,4318,7741,31057,Day_1,Fair,Fast,5mm,Experiment_2
2025-10-23T02:44:01.910Z,2432,6257,22887,3549,8474,28016,5391,8113,34206,4327,7733,31058,Day_1,Fair,Fast,5mm,Experiment_2
2025-10-23T02:44:01.950Z,2425,6260,22890,3543,8475,28019,5396,8107,34220,4331,7733,31062,Day_1,Fair,Fast,5mm,Experiment_2
2025-10-23T02:44:01.990Z,2419,6261,22904,3541,8475,28031,5393,8097,34233,4333,7734,31065,Day_1,Fair,Fast,5mm,Experiment_2
2025-10-23T02:44:02.030Z,2422,6260,22920,3548,8474,28047,5392,8084,34238,4334,7732,31064,Day_1,Fair,Fast,5mm,Experiment_2
2025-10-23T02:44:02.070Z,2433,6252,22929,3562,8469,28057,5396,8082,34235,4333,7731,31059,Day_1,Fair,Fast,5mm,Experiment_2
2025-10-23T02:44:02.110Z,2448,6243,22929,3575,8462,28059,5400,8091,34227,4332,7733,31054,Day_1,Fair,Fast,5mm,Experiment_2
2025-10-23T02:44:02.150Z,2458,6241,22923,3580,8462,28056,5404,8100,34221,4336,7738,31053,Day_1,Fair,Fast,5mm,Experiment_2
2025-10-23T02:44:02.190Z,2457,6245,22917,3575,8466,28052,5404,8100,34219,4338,7739,31054,Day_1,Fair,Fast,5mm,Experiment_2
2025-10-23T02:44:02.230Z,2441,6249,22916,3562,8470,28049,5394,8091,34210,4333,7735,31050,Day_1,Fair,Fast,5mm,Experiment_2
2025-10-23T02:44:02.270Z,2421,6256,22911,3548,8476,28041,5375,8089,34194,4324,7733,31042,Day_1,Fair,Fast,5mm,Experiment_2
2025-10-23T02:44:02.310Z,2410,6263,22895,3542,8482,28026,5363,8096,34181,4318,7733,31035,Day_1,Fair,Fast,5mm,Experiment_2
2025-10-23T02:44:02.350Z,2411,6266,22877,3544,8483,28011,5364,8106,34182,4318,7734,31033,Day_1,Fair,Fast,5mm,Experiment_2
2025-10-23T02:44:02.390Z,2417,6268,22869,3547,8483,28005,5366,8116,34200,4319,7738,31040,Day_1,Fair,Fast,5mm,Experiment_2
2025-10-23T02:44:02.430Z,2421,6269,22873,3546,8484,28010,5367,8126,34222,4320,7743,31050,Day_1,Fair,Fast,5mm,Experiment_2
2025-10-23T02:44:02.470Z,2421,6269,22885,3545,8484,28022,5375,8133,34225,4326,7746,31053,Day_1,Fair,Fast,5mm,Experiment_2
2025-10-23T02:44:02.510Z,2420,6265,22897,3544,8481,28031,5382,8133,34217,4332,7746,31054,Day_1,Fair,Fast,5mm,Experiment_2
2025-10-23T02:44:02.550Z,2419,6258,22905,3542,8474,28034,5384,8131,34221,4333,7746,31062,Day_1,Fair,Fast,5mm,Experiment_2
2025-10-23T02:44:02.590Z,2421,6255,22908,3544,8469,28034,5390,8128,34241,4332,7747,31073,Day_1,Fair,Fast,5mm,Experiment_2
2025-10-23T02:44:02.630Z,2426,6262,22913,3549,8473,28037,5402,8125,34249,4337,7748,31079,Day_1,Fair,Fast,5mm,Experiment_2
2025-10-23T02:44:02.670Z,2430,6272,22922,3553,8480,28041,5412,8121,34234,4343,7747,31074,Day_1,Fair,Fast,5mm,Experiment_2
2025-10-23T02:44:02.710Z,2433,6274,22927,3554,8482,28043,5416,8117,34213,4342,7745,31067,Day_1,Fair,Fast,5mm,Experiment_2
2025-10-23T02:44:02.750Z,2434,6268,22922,3554,8477,28043,5420,8118,34206,4341,7745,31065,Day_1,Fair,Fast,5mm,Experiment_2
2025-10-23T02:44:02.790Z,2436,6255,22910,3555,8467,28039,5416,8126,34213,4340,7751,31066,Day_1,Fair,Fast,5mm,Experiment_2
2025-10-23T02:44:02.830Z,2439,6246,22897,3559,8459,28027,5399,8132,34223,4334,7754,31068,Day_1,Fair,Fast,5mm,Experiment_2
2025-10-23T02:44:02.870Z,2440,6248,22893,3562,8462,28019,5375,8132,34229,4322,7749,31068,Day_1,Fair,Fast,5mm,Experiment_2
2025-10-23T02:44:02.910Z,2437,6253,22895,3562,8468,28021,5356,8123,34227,4310,7739,31062,Day_1,Fair,Fast,5mm,Experiment_2
2025-10-23T02:44:02.950Z,2436,6248,22898,3565,8464,28027,5342,8112,34224,4304,7733,31056,Day_1,Fair,Fast,5mm,Experiment_2
2025-10-23T02:44:02.990Z,2441,6239,22899,3572,8454,28028,5337,8112,34225,4305,7735,31057,Day_1,Fair,Fast,5mm,Experiment_2
2025-10-23T02:44:03.030Z,2448,6232,22900,3577,8447,28028,5347,8119,34226,4308,7738,31062,Day_1,Fair,Fast,5mm,Experiment_2
2025-10-23T02:44:03.070Z,2449,6231,22905,3574,8448,28030,5365,8124,34221,4310,7738,31063,Day_1,Fair,Fast,5mm,Experiment_2
2025-10-23T02:44:03.110Z,2441,6236,22914,3567,8454,28034,5383,8126,34220,4313,7738,31063,Day_1,Fair,Fast,5mm,Experiment_2
2025-10-23T02:44:03.150Z,2433,6245,22922,3561,8462,28041,5394,8126,34230,4317,7736,31067,Day_1,Fair,Fast,5mm,Experiment_2
2025-10-23T02:44:03.190Z,2433,6254,22926,3562,8469,28046,5396,8118,34240,4323,7731,31073,Day_1,Fair,Fast,5mm,Experiment_2
2025-10-23T02:44:03.230Z,2437,6260,22924,3565,8470,28046,5399,8107,34235,4329,7727,31073,Day_1,Fair,Fast,5mm,Experiment_2
2025-10-23T02:44:03.270Z,2438,6260,22917,3565,8466,28039,5404,8102,34223,4334,7730,31066,Day_1,Fair,Fast,5mm,Experiment_2
2025-10-23T02:44:03.310Z,2434,6262,22911,3560,8467,28034,5404,8098,34221,4333,7732,31061,Day_1,Fair,Fast,5mm,Experiment_2
2025-10-23T02:44:03.350Z,2429,6271,22909,3555,8477,28033,5395,8086,34228,4330,7727,31062,Day_1,Fair,Fast,5mm,Experiment_2
2025-10-23T02:44:03.390Z,2426,6282,22910,3552,8494,28038,5388,8080,34237,4329,7723,31065,Day_1,Fair,Fast,5mm,Experiment_2
2025-10-23T02:44:03.430Z,2425,6285,22915,3550,8501,28045,5389,8092,34246,4333,7730,31068,Day_1,Fair,Fast,5mm,Experiment_2
2025-10-23T02:44:03.470Z,2424,6273,22924,3551,8494,28056,5391,8120,34250,4337,7745,31067,Day_1,Fair,Fast,5mm,Experiment_2
2025-10-23T02:44:03.510Z,2424,6258,22933,3554,8482,28064,5391,8149,34248,4339,7757,31065,Day_1,Fair,Fast,5mm,Experiment_2
2025-10-23T02:44:03.550Z,2428,6253,22935,3559,8477,28062,5393,8163,34247,4340,7760,31062,Day_1,Fair,Fast,5mm,Experiment_2
2025-10-23T02:44:03.590Z,2435,6258,22930,3564,8477,28053,5399,8157,34251,4345,7754,31062,Day_1,Fair,Fast,5mm,Experiment_2
2025-10-23T02:44:03.630Z,2438,6262,22920,3565,8477,28044,5405,8143,34257,4350,7745,31067,Day_1,Fair,Fast,5mm,Experiment_2
2025-10-23T02:44:03.670Z,2434,6262,22911,3562,8476,28039,5405,8130,34261,4351,7734,31076,Day_1,Fair,Fast,5mm,Experiment_2
2025-10-23T02:44:03.710Z,2429,6260,22910,3556,8476,28039,5400,8116,34263,4346,7727,31081,Day_1,Fair,Fast,5mm,Experiment_2
2025-10-23T02:44:03.750Z,2428,6260,22910,3554,8473,28043,5389,8108,34257,4337,7728,31075,Day_1,Fair,Fast,5mm,Experiment_2
2025-10-23T02:44:03.790Z,2432,6259,22907,3557,8468,28045,5376,8108,34242,4328,7734,31066,Day_1,Fair,Fast,5mm,Experiment_2
2025-10-23T02:44:03.830Z,2439,6256,22901,3563,8465,28043,5372,8108,34230,4323,7736,31062,Day_1,Fair,Fast,5mm,Experiment_2
2025-10-23T02:44:03.870Z,2446,6252,22895,3570,8467,28038,5372,8109,34233,4322,7737,31064,Day_1,Fair,Fast,5mm,Experiment_2
2025-10-23T02:44:03.910Z,2449,6248,22887,3572,8469,28031,5372,8111,34242,4322,7735,31067,Day_1,Fair,Fast,5mm,Experiment_2
2025-10-23T02:44:03.950Z,2449,6241,22883,3572,8464,28027,5376,8112,34245,4326,7732,31067,Day_1,Fair,Fast,5mm,Experiment_2
2025-10-23T02:44:03.990Z,2447,6234,22890,3571,8456,28030,5383,8116,34245,4333,7733,31067,Day_1,Fair,Fast,5mm,Experiment_2
2025-10-23T02:44:04.030Z,2442,6231,22906,3568,8452,28036,5388,8124,34239,4336,7738,31064,Day_1,Fair,Fast,5mm,Experiment_2
2025-10-23T02:44:04.070Z,2438,6234,22922,3564,8454,28042,5380,8133,34222,4332,7743,31058,Day_1,Fair,Fast,5mm,Experiment_2
2025-10-23T02:44:04.110Z,2437,6239,22930,3564,8456,28045,5366,8137,34196,4323,7747,31054,Day_1,Fair,Fast,5mm,Experiment_2
2025-10-23T02:44:04.150Z,2438,6243,22929,3566,8456,28045,5362,8137,34179,4318,7749,31053,Day_1,Fair,Fast,5mm,Experiment_2
2025-10-23T02:44:04.190Z,2440,6249,22922,3568,8459,28039,5366,8129,34176,4319,7746,31052,Day_1,Fair,Fast,5mm,Experiment_2
2025-10-23T02:44:04.230Z,2442,6259,22912,3570,8469,28032,5368,8113,34181,4320,7736,31049,Day_1,Fair,Fast,5mm,Experiment_2
2025-10-23T02:44:04.270Z,2443,6265,22905,3570,8475,28030,5365,8093,34185,4320,7724,31048,Day_1,Fair,Fast,5mm,Experiment_2
2025-10-23T02:44:04.310Z,2440,6263,22903,3567,8472,28030,5362,8075,34186,4322,7716,31049,Day_1,Fair,Fast,5mm,Experiment_2
2025-10-23T02:44:04.350Z,2433,6255,22901,3559,8466,28027,5365,8070,34189,4323,7717,31051,Day_1,Fair,Fast,5mm,Experiment_2
2025-10-23T02:44:04.390Z,2428,6247,22894,3553,8462,28020,5371,8082,34199,4323,7723,31049,Day_1,Fair,Fast,5mm,Experiment_2
2025-10-23T02:44:04.430Z,2430,6243,22888,3555,8464,28017,5376,8100,34215,4324,7729,31049,Day_1,Fair,Fast,5mm,Experiment_2
2025-10-23T02:44:04.470Z,2442,6247,22890,3565,8468,28023,5382,8116,34230,4326,7734,31056,Day_1,Fair,Fast,5mm,Experiment_2
2025-10-23T02:44:04.510Z,2454,6258,22895,3573,8475,28030,5389,8130,34229,4328,7739,31061,Day_1,Fair,Fast,5mm,Experiment_2
2025-10-23T02:44:04.550Z,2454,6270,22898,3572,8485,28032,5398,8137,34213,4328,7742,31060,Day_1,Fair,Fast,5mm,Experiment_2
2025-10-23T02:44:04.590Z,2444,6279,22901,3564,8491,28032,5410,8132,34197,4332,7741,31058,Day_1,Fair,Fast,5mm,Experiment_2
2025-10-23T02:44:04.630Z,2438,6280,22901,3561,8491,28031,5422,8121,34191,4341,7740,31055,Day_1,Fair,Fast,5mm,Experiment_2
2025-10-23T02:44:04.670Z,2440,6275,22898,3564,8486,28032,5422,8111,34200,4345,7739,31053,Day_1,Fair,Fast,5mm,Experiment_2
2025-10-23T02:44:04.710Z,2445,6262,22900,3571,8474,28036,5401,8102,34214,4335,7738,31052,Day_1,Fair,Fast,5mm,Experiment_2
2025-10-23T02:44:04.750Z,2452,6247,22906,3577,8458,28042,5371,8090,34218,4319,7736,31049,Day_1,Fair,Fast,5mm,Experiment_2
2025-10-23T02:44:04.790Z,2454,6240,22909,3577,8452,28044,5350,8073,34214,4309,7728,31048,Day_1,Fair,Fast,5mm,Experiment_2
2025-10-23T02:44:04.830Z,2447,6243,22906,3569,8457,28039,5349,8060,34210,4309,7719,31050,Day_1,Fair,Fast,5mm,Experiment_2
2025-10-23T02:44:04.870Z,2435,6249,22902,3557,8465,28032,5362,8063,34205,4317,7719,31050,Day_1,Fair,Fast,5mm,Experiment_2
2025-10-23T02:44:04.910Z,2430,6255,22902,3550,8473,28029,5376,8084,34199,4323,7730,31047,Day_1,Fair,Fast,5mm,Experiment_2
2025-10-23T02:44:04.950Z,2434,6264,22905,3550,8481,28031,5381,8101,34203,4325,7740,31047,Day_1,Fair,Fast,5mm,Experiment_2
2025-10-23T02:44:04.990Z,2442,6268,22906,3556,8483,28034,5382,8103,34215,4324,7740,31053,Day_1,Fair,Fast,5mm,Experiment_2
2025-10-23T02:44:05.030Z,2446,6259,22901,3562,8474,28033,5379,8104,34223,4322,7739,31058,Day_1,Fair,Fast,5mm,Experiment_2
2025-10-23T02:44:05.070Z,2444,6244,22895,3565,8459,28028,5372,8112,34228,4319,7744,31061,Day_1,Fair,Fast,5mm,Experiment_2
2025-10-23T02:44:05.110Z,2440,6235,22890,3566,8449,28023,5369,8117,34228,4317,7750,31062,Day_1,Fair,Fast,5mm,Experiment_2
2025-10-23T02:44:05.150Z,2441,6239,22886,3568,8450,28022,5376,8114,34216,4320,7750,31062,Day_1,Fair,Fast,5mm,Experiment_2
2025-10-23T02:44:05.190Z,2444,6248,22889,3570,8460,28028,5395,8108,34205,4329,7746,31061,Day_1,Fair,Fast,5mm,Experiment_2
2025-10-23T02:44:05.230Z,2448,6251,22896,3572,8466,28039,5408,8104,34212,4337,7744,31067,Day_1,Fair,Fast,5mm,Experiment_2
2025-10-23T02:44:05.270Z,2445,6241,22897,3570,8461,28041,5397,8107,34227,4337,7745,31077,Day_1,Fair,Fast,5mm,Experiment_2
2025-10-23T02:44:05.310Z,2438,6229,22890,3564,8451,28031,5372,8122,34233,4329,7751,31083,Day_1,Fair,Fast,5mm,Experiment_2
2025-10-23T02:44:05.351Z,2437,6222,22885,3561,8445,28023,5354,8138,34228,4322,7757,31080,Day_1,Fair,Fast,5mm,Experiment_2
2025-10-23T02:44:05.391Z,2442,6223,22887,3564,8445,28020,5351,8144,34214,4318,7755,31064,Day_1,Fair,Fast,5mm,Experiment_2
2025-10-23T02:44:05.431Z,2446,6228,22891,3567,8449,28021,5356,8136,34204,4317,7745,31046,Day_1,Fair,Fast,5mm,Experiment_2
2025-10-23T02:44:05.471Z,2446,6232,22895,3569,8452,28021,5364,8125,34213,4316,7736,31041,Day_1,Fair,Fast,5mm,Experiment_2
2025-10-23T02:44:05.511Z,2441,6237,22896,3567,8457,28018,5375,8121,34237,4318,7736,31048,Day_1,Fair,Fast,5mm,Experiment_2
2025-10-23T02:44:05.551Z,2434,6243,22898,3561,8464,28019,5381,8120,34249,4322,7740,31057,Day_1,Fair,Fast,5mm,Experiment_2
2025-10-23T02:44:05.591Z,2433,6246,22905,3558,8467,28029,5377,8114,34239,4323,7744,31061,Day_1,Fair,Fast,5mm,Experiment_2
2025-10-23T02:44:05.631Z,2437,6251,22914,3561,8468,28042,5372,8095,34223,4323,7741,31066,Day_1,Fair,Fast,5mm,Experiment_2
2025-10-23T02:44:05.671Z,2442,6258,22918,3567,8471,28051,5369,8068,34218,4323,7733,31074,Day_1,Fair,Fast,5mm,Experiment_2
2025-10-23T02:44:05.711Z,2444,6261,22915,3570,8473,28051,5363,8058,34221,4322,7729,31081,Day_1,Fair,Fast,5mm,Experiment_2
2025-10-23T02:44:05.751Z,2445,6260,22913,3569,8473,28048,5360,8081,34223,4322,7732,31079,Day_1,Fair,Fast,5mm,Experiment_2
2025-10-23T02:44:05.791Z,2444,6259,22915,3563,8471,28048,5364,8116,34226,4323,7738,31074,Day_1,Fair,Fast,5mm,Experiment_2
2025-10-23T02:44:05.831Z,2442,6255,22922,3560,8469,28052,5373,8141,34230,4322,7740,31071,Day_1,Fair,Fast,5mm,Experiment_2
2025-10-23T02:44:05.871Z,2441,6251,22925,3563,8466,28054,5384,8152,34227,4324,7746,31070,Day_1,Fair,Fast,5mm,Experiment_2
2025-10-23T02:44:05.911Z,2443,6248,22924,3569,8463,28050,5394,8146,34215,4328,7752,31066,Day_1,Fair,Fast,5mm,Experiment_2
2025-10-23T02:44:05.951Z,2446,6249,22920,3575,8465,28044,5394,8123,34206,4327,7750,31065,Day_1,Fair,Fast,5mm,Experiment_2
2025-10-23T02:44:05.991Z,2448,6252,22917,3577,8470,28040,5383,8103,34210,4318,7743,31069,Day_1,Fair,Fast,5mm,Experiment_2
2025-10-23T02:44:06.031Z,2446,6255,22915,3574,8473,28040,5373,8101,34227,4312,7740,31077,Day_1,Fair,Fast,5mm,Experiment_2
2025-10-23T02:44:06.071Z,2447,6257,22920,3572,8474,28043,5371,8105,34240,4315,7738,31082,Day_1,Fair,Fast,5mm,Experiment_2
2025-10-23T02:44:06.111Z,2451,6254,22929,3573,8469,28050,5372,8105,34239,4320,7732,31079,Day_1,Fair,Fast,5mm,Experiment_2
2025-10-23T02:44:06.151Z,2452,6248,22927,3574,8463,28046,5375,8098,34232,4326,7727,31073,Day_1,Fair,Fast,5mm,Experiment_2
2025-10-23T02:44:06.191Z,2451,6248,22909,3574,8462,28030,5377,8085,34230,4331,7723,31071,Day_1,Fair,Fast,5mm,Experiment_2
2025-10-23T02:44:06.231Z,2446,6251,22886,3572,8463,28013,5378,8076,34235,4337,7720,31071,Day_1,Fair,Fast,5mm,Experiment_2
2025-10-23T02:44:06.271Z,2442,6250,22876,3571,8464,28008,5387,8082,34236,4341,7721,31070,Day_1,Fair,Fast,5mm,Experiment_2
2025-10-23T02:44:06.311Z,2444,6247,22878,3574,8464,28012,5399,8094,34231,4343,7724,31069,Day_1,Fair,Fast,5mm,Experiment_2
2025-10-23T02:44:06.351Z,2450,6245,22887,3579,8465,28018,5395,8104,34230,4335,7728,31070,Day_1,Fair,Fast,5mm,Experiment_2
2025-10-23T02:44:06.391Z,2452,6242,22897,3581,8464,28024,5372,8106,34236,4318,7730,31070,Day_1,Fair,Fast,5mm,Experiment_2
2025-10-23T02:44:06.431Z,2453,6240,22904,3584,8462,28030,5351,8098,34237,4305,7728,31067,Day_1,Fair,Fast,5mm,Experiment_2
2025-10-23T02:44:06.471Z,2449,6249,22911,3583,8466,28037,5344,8094,34226,4301,7728,31061,Day_1,Fair,Fast,5mm,Experiment_2
2025-10-23T02:44:06.511Z,2441,6260,22920,3576,8472,28048,5338,8115,34217,4300,7737,31057,Day_1,Fair,Fast,5mm,Experiment_2
2025-10-23T02:44:06.551Z,2442,6264,22924,3576,8474,28057,5338,8146,34220,4303,7750,31059,Day_1,Fair,Fast,5mm,Experiment_2
2025-10-23T02:44:06.591Z,2455,6263,22921,3588,8474,28057,5353,8160,34230,4312,7755,31068,Day_1,Fair,Fast,5mm,Experiment_2
2025-10-23T02:44:06.631Z,2469,6262,22909,3599,8474,28045,5370,8157,34235,4321,7754,31071,Day_1,Fair,Fast,5mm,Experiment_2
2025-10-23T02:44:06.671Z,2480,6260,22897,3606,8471,28032,5372,8146,34237,4322,7750,31069,Day_1,Fair,Fast,5mm,Experiment_2
2025-10-23T02:44:06.711Z,2487,6258,22896,3610,8469,28030,5364,8129,34248,4321,7743,31068,Day_1,Fair,Fast,5mm,Experiment_2
2025-10-23T02:44:06.751Z,2486,6259,22906,3609,8471,28038,5361,8115,34254,4322,7737,31070,Day_1,Fair,Fast,5mm,Experiment_2
2025-10-23T02:44:06.791Z,2482,6259,22919,3604,8474,28045,5368,8114,34243,4324,7737,31068,Day_1,Fair,Fast,5mm,Experiment_2
2025-10-23T02:44:06.831Z,2476,6257,22924,3597,8473,28046,5381,8118,34228,4325,7738,31059,Day_1,Fair,Fast,5mm,Experiment_2
2025-10-23T02:44:06.871Z,2467,6254,22921,3586,8467,28045,5391,8118,34224,4325,7739,31046,Day_1,Fair,Fast,5mm,Experiment_2
2025-10-23T02:44:06.911Z,2456,6256,22918,3574,8465,28046,5394,8117,34225,4326,7741,31038,Day_1,Fair,Fast,5mm,Experiment_2
2025-10-23T02:44:06.951Z,2450,6259,22920,3567,8469,28049,5389,8115,34220,4327,7742,31039,Day_1,Fair,Fast,5mm,Experiment_2
2025-10-23T02:44:06.991Z,2446,6258,22925,3564,8474,28055,5375,8115,34213,4324,7743,31045,Day_1,Fair,Fast,5mm,Experiment_2
2025-10-23T02:44:07.031Z,2444,6259,22928,3564,8478,28063,5361,8120,34213,4319,7746,31053,Day_1,Fair,Fast,5mm,Experiment_2
2025-10-23T02:44:07.071Z,2440,6265,22929,3566,8482,28066,5356,8129,34213,4319,7751,31057,Day_1,Fair,Fast,5mm,Experiment_2
2025-10-23T02:44:07.111Z,2429,6270,22925,3567,8482,28060,5359,8129,34210,4322,7752,31052,Day_1,Fair,Fast,5mm,Experiment_2
2025-10-23T02:44:07.151Z,2404,6268,22918,3561,8477,28052,5367,8110,34223,4326,7744,31048,Day_1,Fair,Fast,5mm,Experiment_2
2025-10-23T02:44:07.191Z,2372,6264,22916,3549,8475,28050,5379,8080,34257,4330,7730,31060,Day_1,Fair,Fast,5mm,Experiment_2
2025-10-23T02:44:07.231Z,2333,6262,22917,3543,8478,28050,5390,8064,34285,4331,7722,31076,Day_1,Fair,Fast,5mm,Experiment_2
2025-10-23T02:44:07.271Z,2278,6264,22911,3550,8484,28046,5391,8073,34284,4328,7725,31081,Day_1,Fair,Fast,5mm,Experiment_2
2025-10-23T02:44:07.311Z,2246,6267,22900,3561,8486,28039,5389,8088,34268,4325,7730,31079,Day_1,Fair,Fast,5mm,Experiment_2
2025-10-23T02:44:07.351Z,2275,6265,22891,3567,8484,28033,5390,8092,34255,4324,7727,31077,Day_1,Fair,Fast,5mm,Experiment_2
2025-10-23T02:44:07.391Z,2308,6262,22891,3567,8479,28032,5391,8086,34250,4325,7721,31076,Day_1,Fair,Fast,5mm,Experiment_2
2025-10-23T02:44:07.431Z,2321,6262,22903,3562,8475,28039,5393,8076,34256,4324,7714,31077,Day_1,Fair,Fast,5mm,Experiment_2
2025-10-23T02:44:07.471Z,2358,6266,22916,3554,8475,28048,5394,8072,34263,4322,7712,31080,Day_1,Fair,Fast,5mm,Experiment_2
2025-10-23T02:44:07.511Z,2426,6279,22919,3550,8487,28050,5392,8081,34256,4319,7716,31079,Day_1,Fair,Fast,5mm,Experiment_2
2025-10-23T02:44:07.551Z,2509,6299,22913,3553,8510,28043,5384,8087,34239,4316,7716,31071,Day_1,Fair,Fast,5mm,Experiment_2
2025-10-23T02:44:07.591Z,2659,6314,22909,3564,8527,28037,5380,8084,34223,4318,7713,31061,Day_1,Fair,Fast,5mm,Experiment_2
2025-10-23T02:44:07.631Z,2909,6306,22913,3582,8522,28040,5384,8087,34218,4326,7717,31055,Day_1,Fair,Fast,5mm,Experiment_2
2025-10-23T02:44:07.671Z,3069,6283,22919,3597,8499,28047,5391,8100,34229,4336,7729,31054,Day_1,Fair,Fast,5mm,Experiment_2
2025-10-23T02:44:07.711Z,2980,6269,22917,3594,8481,28047,5395,8110,34234,4343,7739,31053,Day_1,Fair,Fast,5mm,Experiment_2
2025-10-23T02:44:07.751Z,2821,6272,22904,3578,8480,28035,5392,8113,34215,4344,7743,31049,Day_1,Fair,Fast,5mm,Experiment_2
2025-10-23T02:44:07.791Z,2726,6281,22890,3565,8489,28020,5387,8113,34186,4338,7743,31045,Day_1,Fair,Fast,5mm,Experiment_2
2025-10-23T02:44:07.831Z,2624,6284,22887,3565,8495,28014,5385,8109,34175,4333,7739,31045,Day_1,Fair,Fast,5mm,Experiment_2
2025-10-23T02:44:07.871Z,2517,6276,22899,3574,8493,28023,5391,8102,34183,4332,7732,31048,Day_1,Fair,Fast,5mm,Experiment_2
2025-10-23T02:44:07.911Z,2425,6265,22920,3580,8485,28041,5399,8098,34197,4335,7729,31048,Day_1,Fair,Fast,5mm,Experiment_2
2025-10-23T02:44:07.951Z,2259,6256,22934,3575,8475,28053,5406,8099,34208,4336,7731,31046,Day_1,Fair,Fast,5mm,Experiment_2
2025-10-23T02:44:07.991Z,1991,6253,22933,3569,8468,28053,5409,8099,34210,4334,7731,31045,Day_1,Fair,Fast,5mm,Experiment_2
2025-10-23T02:44:08.031Z,1827,6254,22922,3569,8465,28045,5401,8094,34207,4330,7727,31046,Day_1,Fair,Fast,5mm,Experiment_2
2025-10-23T02:44:08.071Z,1920,6254,22909,3564,8464,28036,5379,8096,34201,4325,7725,31048,Day_1,Fair,Fast,5mm,Experiment_2
2025-10-23T02:44:08.111Z,2080,6250,22900,3554,8461,28030,5358,8114,34189,4319,7732,31044,Day_1,Fair,Fast,5mm,Experiment_2
2025-10-23T02:44:08.151Z,2167,6250,22898,3546,8461,28030,5356,8132,34172,4317,7745,31034,Day_1,Fair,Fast,5mm,Experiment_2
2025-10-23T02:44:08.191Z,2257,6255,22902,3546,8466,28036,5372,8138,34170,4321,7751,31030,Day_1,Fair,Fast,5mm,Experiment_2
2025-10-23T02:44:08.231Z,2356,6259,22905,3553,8470,28042,5396,8134,34192,4330,7749,31036,Day_1,Fair,Fast,5mm,Experiment_2
2025-10-23T02:44:08.271Z,2411,6259,22907,3560,8471,28045,5407,8130,34219,4336,7744,31047,Day_1,Fair,Fast,5mm,Experiment_2
2025-10-23T02:44:08.311Z,2429,6258,22911,3560,8470,28047,5397,8130,34234,4333,7745,31060,Day_1,Fair,Fast,5mm,Experiment_2
2025-10-23T02:44:08.351Z,2435,6257,22913,3558,8470,28047,5385,8134,34243,4330,7749,31075,Day_1,Fair,Fast,5mm,Experiment_2
2025-10-23T02:44:08.391Z,2439,6255,22911,3554,8468,28044,5386,8134,34249,4330,7748,31089,Day_1,Fair,Fast,5mm,Experiment_2
2025-10-23T02:44:08.431Z,2445,6247,22906,3548,8463,28041,5396,8120,34244,4331,7738,31092,Day_1,Fair,Fast,5mm,Experiment_2
2025-10-23T02:44:08.471Z,2460,6242,22900,3544,8462,28038,5402,8101,34227,4331,7727,31080,Day_1,Fair,Fast,5mm,Experiment_2
2025-10-23T02:44:08.511Z,2472,6251,22894,3547,8473,28036,5397,8093,34212,4327,7727,31064,Day_1,Fair,Fast,5mm,Experiment_2
2025-10-23T02:44:08.551Z,2465,6265,22894,3556,8486,28035,5390,8093,34206,4324,7731,31053,Day_1,Fair,Fast,5mm,Experiment_2
2025-10-23T02:44:08.591Z,2454,6273,22896,3566,8490,28035,5390,8095,34215,4323,7732,31053,Day_1,Fair,Fast,5mm,Experiment_2
2025-10-23T02:44:08.631Z,2451,6272,22895,3574,8487,28033,5388,8098,34231,4323,7732,31060,Day_1,Fair,Fast,5mm,Experiment_2
2025-10-23T02:44:08.671Z,2449,6270,22891,3574,8484,28026,5380,8100,34244,4323,7731,31068,Day_1,Fair,Fast,5mm,Experiment_2
2025-10-23T02:44:08.711Z,2448,6268,22891,3570,8483,28019,5379,8103,34246,4326,7732,31069,Day_1,Fair,Fast,5mm,Experiment_2
2025-10-23T02:44:08.751Z,2464,6265,22899,3571,8482,28022,5389,8121,34232,4332,7737,31060,Day_1,Fair,Fast,5mm,Experiment_2
2025-10-23T02:44:08.791Z,2528,6262,22910,3583,8479,28036,5405,8143,34215,4338,7744,31051,Day_1,Fair,Fast,5mm,Experiment_2
2025-10-23T02:44:08.831Z,2634,6263,22920,3603,8478,28050,5411,8151,34210,4335,7746,31050,Day_1,Fair,Fast,5mm,Experiment_2
2025-10-23T02:44:08.871Z,2689,6264,22921,3612,8477,28049,5398,8148,34210,4323,7746,31052,Day_1,Fair,Fast,5mm,Experiment_2
2025-10-23T02:44:08.911Z,2623,6264,22914,3601,8478,28038,5382,8143,34214,4316,7745,31051,Day_1,Fair,Fast,5mm,Experiment_2
2025-10-23T02:44:08.952Z,2523,6267,22906,3588,8480,28027,5379,8135,34218,4321,7744,31051,Day_1,Fair,Fast,5mm,Experiment_2
2025-10-23T02:44:08.992Z,2477,6266,22899,3586,8477,28021,5381,8121,34212,4329,7744,31050,Day_1,Fair,Fast,5mm,Experiment_2
2025-10-23T02:44:09.032Z,2468,6261,22890,3587,8472,28020,5384,8114,34206,4334,7746,31050,Day_1,Fair,Fast,5mm,Experiment_2
2025-10-23T02:44:09.072Z,2461,6255,22878,3584,8467,28023,5394,8120,34219,4338,7748,31056,Day_1,Fair,Fast,5mm,Experiment_2
2025-10-23T02:44:09.112Z,2451,6251,22862,3576,8464,28026,5407,8130,34239,4342,7749,31063,Day_1,Fair,Fast,5mm,Experiment_2
2025-10-23T02:44:09.152Z,2441,6245,22827,3565,8461,28024,5414,8131,34251,4345,7748,31068,Day_1,Fair,Fast,5mm,Experiment_2
2025-10-23T02:44:09.192Z,2432,6236,22766,3554,8455,28020,5413,8124,34256,4348,7746,31068,Day_1,Fair,Fast,5mm,Experiment_2
2025-10-23T02:44:09.232Z,2430,6228,22735,3550,8448,28023,5405,8115,34259,4348,7742,31069,Day_1,Fair,Fast,5mm,Experiment_2
2025-10-23T02:44:09.272Z,2442,6225,22785,3563,8444,28034,5392,8107,34253,4341,7738,31073,Day_1,Fair,Fast,5mm,Experiment_2
2025-10-23T02:44:09.312Z,2462,6227,22860,3585,8445,28040,5383,8101,34234,4334,7734,31073,Day_1,Fair,Fast,5mm,Experiment_2
2025-10-23T02:44:09.352Z,2468,6236,22894,3593,8453,28034,5380,8101,34207,4331,7733,31065,Day_1,Fair,Fast,5mm,Experiment_2
2025-10-23T02:44:09.392Z,2454,6253,22896,3581,8468,28023,5377,8105,34193,4329,7736,31058,Day_1,Fair,Fast,5mm,Experiment_2
2025-10-23T02:44:09.432Z,2441,6272,22893,3568,8485,28015,5376,8106,34199,4326,7739,31057,Day_1,Fair,Fast,5mm,Experiment_2
2025-10-23T02:44:09.472Z,2442,6281,22929,3568,8495,28014,5378,8101,34215,4322,7737,31061,Day_1,Fair,Fast,5mm,Experiment_2
2025-10-23T02:44:09.512Z,2447,6280,23087,3571,8495,28018,5382,8097,34225,4322,7734,31067,Day_1,Fair,Fast,5mm,Experiment_2
2025-10-23T02:44:09.552Z,2445,6276,23373,3567,8493,28023,5383,8101,34232,4325,7734,31071,Day_1,Fair,Fast,5mm,Experiment_2
2025-10-23T02:44:09.592Z,2437,6271,23535,3558,8488,28024,5376,8108,34248,4324,7737,31071,Day_1,Fair,Fast,5mm,Experiment_2
2025-10-23T02:44:09.632Z,2432,6266,23377,3551,8482,28025,5368,8110,34270,4320,7739,31072,Day_1,Fair,Fast,5mm,Experiment_2
2025-10-23T02:44:09.672Z,2436,6261,23107,3551,8476,28036,5366,8112,34279,4316,7744,31075,Day_1,Fair,Fast,5mm,Experiment_2
2025-10-23T02:44:09.712Z,2442,6257,22950,3556,8475,28051,5370,8121,34263,4314,7752,31075,Day_1,Fair,Fast,5mm,Experiment_2
2025-10-23T02:44:09.752Z,2442,6257,22850,3559,8477,28056,5378,8128,34235,4318,7754,31072,Day_1,Fair,Fast,5mm,Experiment_2
2025-10-23T02:44:09.792Z,2438,6257,22716,3562,8478,28047,5393,8125,34222,4328,7749,31075,Day_1,Fair,Fast,5mm,Experiment_2
2025-10-23T02:44:09.832Z,2434,6253,22600,3564,8473,28033,5403,8120,34228,4336,7743,31087,Day_1,Fair,Fast,5mm,Experiment_2
2025-10-23T02:44:09.872Z,2431,6249,22526,3564,8467,28023,5396,8126,34234,4336,7746,31095,Day_1,Fair,Fast,5mm,Experiment_2
2025-10-23T02:44:09.912Z,2428,6245,22406,3562,8461,28019,5378,8136,34227,4330,7752,31087,Day_1,Fair,Fast,5mm,Experiment_2
2025-10-23T02:44:09.952Z,2431,6243,22335,3562,8457,28018,5371,8137,34213,4328,7753,31071,Day_1,Fair,Fast,5mm,Experiment_2
2025-10-23T02:44:09.992Z,2440,6242,22477,3565,8455,28018,5377,8132,34206,4332,7746,31059,Day_1,Fair,Fast,5mm,Experiment_2
2025-10-23T02:44:10.032Z,2451,6241,22704,3569,8452,28020,5384,8131,34203,4337,7741,31052,Day_1,Fair,Fast,5mm,Experiment_2
2025-10-23T02:44:10.072Z,2455,6241,22848,3568,8452,28030,5387,8133,34196,4339,7741,31044,Day_1,Fair,Fast,5mm,Experiment_2
2025-10-23T02:44:10.112Z,2448,6248,22940,3564,8458,28051,5391,8131,34183,4340,7742,31030,Day_1,Fair,Fast,5mm,Experiment_2
2025-10-23T02:44:10.152Z,2441,6260,23029,3564,8471,28070,5400,8130,34180,4340,7743,31021,Day_1,Fair,Fast,5mm,Experiment_2
2025-10-23T02:44:10.192Z,2443,6271,23081,3568,8485,28077,5407,8126,34190,4342,7743,31024,Day_1,Fair,Fast,5mm,Experiment_2
2025-10-23T02:44:10.232Z,2445,6274,23071,3568,8491,28071,5412,8117,34199,4344,7741,31031,Day_1,Fair,Fast,5mm,Experiment_2
2025-10-23T02:44:10.272Z,2443,6271,23050,3564,8490,28057,5417,8108,34203,4344,7739,31036,Day_1,Fair,Fast,5mm,Experiment_2
2025-10-23T02:44:10.312Z,2442,6267,23032,3563,8488,28041,5418,8101,34204,4339,7738,31037,Day_1,Fair,Fast,5mm,Experiment_2
2025-10-23T02:44:10.352Z,2450,6263,22984,3569,8482,28031,5417,8089,34204,4333,7733,31036,Day_1,Fair,Fast,5mm,Experiment_2
2025-10-23T02:44:10.392Z,2462,6257,22921,3576,8476,28028,5415,8076,34218,4328,7724,31042,Day_1,Fair,Fast,5mm,Experiment_2
2025-10-23T02:44:10.432Z,2465,6250,22885,3578,8471,28030,5409,8069,34245,4327,7715,31057,Day_1,Fair,Fast,5mm,Experiment_2
2025-10-23T02:44:10.472Z,2453,6252,22884,3571,8473,28031,5405,8065,34264,4331,7709,31071,Day_1,Fair,Fast,5mm,Experiment_2
2025-10-23T02:44:10.512Z,2434,6262,22896,3557,8478,28030,5406,8059,34270,4338,7705,31081,Day_1,Fair,Fast,5mm,Experiment_2
2025-10-23T02:44:10.552Z,2421,6269,22900,3550,8483,28028,5405,8066,34278,4342,7710,31092,Day_1,Fair,Fast,5mm,Experiment_2
2025-10-23T02:44:10.592Z,2423,6268,22896,3553,8483,28029,5398,8094,34280,4340,7726,31097,Day_1,Fair,Fast,5mm,Experiment_2
2025-10-23T02:44:10.632Z,2434,6260,22894,3561,8477,28032,5390,8123,34262,4337,7744,31089,Day_1,Fair,Fast,5mm,Experiment_2
2025-10-23T02:44:10.672Z,2444,6252,22893,3565,8467,28031,5393,8130,34233,4338,7750,31072,Day_1,Fair,Fast,5mm,Experiment_2
2025-10-23T02:44:10.712Z,2451,6248,22890,3566,8461,28026,5405,8118,34219,4345,7746,31064,Day_1,Fair,Fast,5mm,Experiment_2
2025-10-23T02:44:10.752Z,2455,6246,22885,3567,8461,28021,5415,8102,34229,4350,7739,31067,Day_1,Fair,Fast,5mm,Experiment_2
2025-10-23T02:44:10.792Z,2456,6247,22883,3569,8466,28020,5414,8087,34245,4349,7732,31070,Day_1,Fair,Fast,5mm,Experiment_2
2025-10-23T02:44:10.832Z,2450,6251,22886,3568,8471,28021,5405,8080,34252,4341,7728,31069,Day_1,Fair,Fast,5mm,Experiment_2
2025-10-23T02:44:10.872Z,2441,6255,22893,3565,8476,28021,5396,8089,34254,4335,7729,31065,Day_1,Fair,Fast,5mm,Experiment_2
2025-10-23T02:44:10.912Z,2438,6263,22899,3567,8482,28024,5386,8107,34222,4332,7731,31060,Day_1,Fair,Fast,5mm,Experiment_2
2025-10-23T02:44:10.952Z,2441,6275,22904,3572,8491,28031,5374,8115,34080,4329,7731,31045,Day_1,Fair,Fast,5mm,Experiment_2
2025-10-23T02:44:10.992Z,2441,6282,22906,3573,8498,28038,5367,8106,33821,4330,7726,31012,Day_1,Fair,Fast,5mm,Experiment_2
2025-10-23T02:44:11.032Z,2438,6279,22911,3572,8497,28048,5367,8091,33672,4334,7720,30994,Day_1,Fair,Fast,5mm,Experiment_2
2025-10-23T02:44:11.072Z,2441,6268,22915,3574,8491,28057,5368,8086,33816,4334,7719,31020,Day_1,Fair,Fast,5mm,Experiment_2
2025-10-23T02:44:11.112Z,2450,6258,22913,3577,8484,28058,5369,8095,34073,4332,7727,31062,Day_1,Fair,Fast,5mm,Experiment_2
2025-10-23T02:44:11.152Z,2454,6257,22905,3575,8483,28050,5373,8114,34258,4335,7740,31085,Day_1,Fair,Fast,5mm,Experiment_2
2025-10-23T02:44:11.192Z,2447,6261,22899,3567,8485,28042,5373,8135,34461,4336,7750,31106,Day_1,Fair,Fast,5mm,Experiment_2
2025-10-23T02:44:11.232Z,2440,6263,22900,3560,8483,28042,5376,8144,34776,4334,7753,31146,Day_1,Fair,Fast,5mm,Experiment_2
2025-10-23T02:44:11.272Z,2434,6260,22905,3554,8478,28045,5394,8137,35006,4333,7750,31177,Day_1,Fair,Fast,5mm,Experiment_2
2025-10-23T02:44:11.312Z,2426,6255,22910,3545,8474,28047,5410,8127,35043,4336,7747,31182,Day_1,Fair,Fast,5mm,Experiment_2
2025-10-23T02:44:11.352Z,2423,6256,22909,3539,8475,28043,5404,8120,35138,4335,7744,31202,Day_1,Fair,Fast,5mm,Experiment_2
2025-10-23T02:44:11.392Z,2432,6259,22907,3544,8477,28037,5381,8110,35201,4327,7737,31217,Day_1,Fair,Fast,5mm,Experiment_2
2025-10-23T02:44:11.432Z,2460,6259,22907,3555,8475,28031,5367,8097,34916,4321,7731,31170,Day_1,Fair,Fast,5mm,Experiment_2
2025-10-23T02:44:11.472Z,2502,6260,22908,3569,8477,28029,5372,8089,34493,4321,7728,31100,Day_1,Fair,Fast,5mm,Experiment_2
2025-10-23T02:44:11.512Z,2526,6271,22912,3576,8488,28032,5387,8094,34208,4328,7729,31055,Day_1,Fair,Fast,5mm,Experiment_2
2025-10-23T02:44:11.552Z,2504,6286,22918,3573,8502,28035,5396,8106,33918,4333,7733,31009,Day_1,Fair,Fast,5mm,Experiment_2
2025-10-23T02:44:11.592Z,2465,6298,22922,3567,8512,28035,5388,8119,33491,4330,7737,30940,Day_1,Fair,Fast,5mm,Experiment_2
2025-10-23T02:44:11.632Z,2447,6298,22920,3569,8513,28034,5371,8128,33221,4324,7737,30898,Day_1,Fair,Fast,5mm,Experiment_2
2025-10-23T02:44:11.672Z,2445,6285,22914,3572,8504,28030,5362,8131,33352,4321,7737,30925,Day_1,Fair,Fast,5mm,Experiment_2
2025-10-23T02:44:11.712Z,2443,6265,22912,3568,8487,28028,5364,8129,33581,4323,7740,30968,Day_1,Fair,Fast,5mm,Experiment_2
2025-10-23T02:44:11.752Z,2455,6253,22911,3562,8475,28028,5368,8124,33713,4324,7743,30992,Day_1,Fair,Fast,5mm,Experiment_2
2025-10-23T02:44:11.792Z,2524,6250,22902,3564,8470,28025,5366,8115,33900,4323,7742,31026,Day_1,Fair,Fast,5mm,Experiment_2
2025-10-23T02:44:11.832Z,2653,6253,22892,3573,8471,28024,5355,8104,34115,4319,7736,31065,Day_1,Fair,Fast,5mm,Experiment_2
2025-10-23T02:44:11.872Z,2729,6260,22893,3580,8476,28030,5344,8096,34248,4313,7733,31083,Day_1,Fair,Fast,5mm,Experiment_2
2025-10-23T02:44:11.912Z,2662,6268,22907,3579,8484,28041,5343,8097,34381,4311,7737,31097,Day_1,Fair,Fast,5mm,Experiment_2
2025-10-23T02:44:11.952Z,2541,6273,22920,3576,8492,28048,5350,8107,34596,4315,7742,31133,Day_1,Fair,Fast,5mm,Experiment_2
2025-10-23T02:44:11.992Z,2471,6271,22926,3574,8492,28048,5357,8116,34738,4319,7744,31165,Day_1,Fair,Fast,5mm,Experiment_2
2025-10-23T02:44:12.032Z,2446,6264,22923,3569,8487,28042,5363,8118,34645,4322,7743,31152,Day_1,Fair,Fast,5mm,Experiment_2
2025-10-23T02:44:12.072Z,2437,6262,22915,3562,8484,28035,5367,8119,34467,4323,7741,31118,Day_1,Fair,Fast,5mm,Experiment_2
2025-10-23T02:44:12.112Z,2448,6264,22911,3559,8482,28033,5364,8123,34376,4318,7740,31100,Day_1,Fair,Fast,5mm,Experiment_2
2025-10-23T02:44:12.152Z,2511,6264,22906,3564,8480,28034,5352,8134,34338,4308,7743,31094,Day_1,Fair,Fast,5mm,Experiment_2
2025-10-23T02:44:12.192Z,2629,6264,22894,3572,8479,28030,5349,8143,34298,4305,7747,31086,Day_1,Fair,Fast,5mm,Experiment_2
2025-10-23T02:44:12.232Z,2698,6265,22881,3576,8481,28022,5364,8136,34263,4313,7747,31074,Day_1,Fair,Fast,5mm,Experiment_2
2025-10-23T02:44:12.272Z,2631,6265,22881,3569,8482,28023,5375,8122,34254,4322,7741,31067,Day_1,Fair,Fast,5mm,Experiment_2
2025-10-23T02:44:12.312Z,2506,6263,22894,3553,8483,28031,5370,8116,34263,4325,7734,31067,Day_1,Fair,Fast,5mm,Experiment_2
2025-10-23T02:44:12.352Z,2431,6262,22906,3540,8482,28035,5366,8118,34264,4324,7730,31070,Day_1,Fair,Fast,5mm,Experiment_2
2025-10-23T02:44:12.392Z,2408,6259,22910,3535,8480,28032,5373,8126,34251,4325,7731,31068,Day_1,Fair,Fast,5mm,Experiment_2
2025-10-23T02:44:12.432Z,2406,6256,22911,3535,8478,28031,5384,8132,34245,4328,7735,31065,Day_1,Fair,Fast,5mm,Experiment_2
2025-10-23T02:44:12.472Z,2412,6252,22912,3539,8475,28035,5383,8121,34248,4331,7732,31063,Day_1,Fair,Fast,5mm,Experiment_2
2025-10-23T02:44:12.512Z,2426,6241,22913,3546,8470,28041,5374,8098,34238,4331,7723,31057,Day_1,Fair,Fast,5mm,Experiment_2
2025-10-23T02:44:12.552Z,2442,6222,22910,3550,8467,28042,5368,8082,34213,4326,7715,31048,Day_1,Fair,Fast,5mm,Experiment_2
2025-10-23T02:44:12.592Z,2456,6196,22902,3556,8469,28038,5371,8081,34198,4321,7715,31044,Day_1,Fair,Fast,5mm,Experiment_2
2025-10-23T02:44:12.632Z,2464,6154,22891,3565,8465,28032,5375,8095,34202,4318,7724,31048,Day_1,Fair,Fast,5mm,Experiment_2
2025-10-23T02:44:12.672Z,2466,6097,22881,3573,8451,28025,5370,8111,34218,4312,7734,31056,Day_1,Fair,Fast,5mm,Experiment_2
2025-10-23T02:44:12.712Z,2459,6076,22873,3573,8443,28018,5351,8117,34227,4303,7739,31061,Day_1,Fair,Fast,5mm,Experiment_2
2025-10-23T02:44:12.752Z,2447,6128,22869,3565,8448,28012,5330,8117,34224,4296,7741,31058,Day_1,Fair,Fast,5mm,Experiment_2
2025-10-23T02:44:12.792Z,2439,6205,22874,3559,8457,28018,5326,8113,34218,4294,7742,31050,Day_1,Fair,Fast,5mm,Experiment_2
2025-10-23T02:44:12.832Z,2441,6253,22887,3559,8462,28034,5335,8104,34206,4297,7740,31044,Day_1,Fair,Fast,5mm,Experiment_2
2025-10-23T02:44:12.872Z,2446,6274,22899,3562,8465,28048,5348,8094,34171,4302,7734,31043,Day_1,Fair,Fast,5mm,Experiment_2
2025-10-23T02:44:12.912Z,2447,6290,22901,3562,8470,28047,5364,8091,34107,4309,7728,31043,Day_1,Fair,Fast,5mm,Experiment_2
2025-10-23T02:44:12.952Z,2441,6302,22896,3556,8479,28035,5384,8098,34060,4318,7727,31041,Day_1,Fair,Fast,5mm,Experiment_2
2025-10-23T02:44:12.992Z,2430,6300,22898,3547,8491,28028,5399,8111,34076,4323,7733,31041,Day_1,Fair,Fast,5mm,Experiment_2
2025-10-23T02:44:13.032Z,2427,6287,22906,3546,8494,28029,5396,8119,34120,4321,7738,31041,Day_1,Fair,Fast,5mm,Experiment_2
2025-10-23T02:44:13.072Z,2437,6275,22909,3559,8486,28030,5377,8120,34150,4313,7742,31038,Day_1,Fair,Fast,5mm,Experiment_2
2025-10-23T02:44:13.112Z,2447,6269,22903,3573,8473,28025,5358,8114,34167,4308,7743,31041,Day_1,Fair,Fast,5mm,Experiment_2
2025-10-23T02:44:13.152Z,2447,6273,22894,3576,8464,28022,5349,8103,34177,4307,7739,31047,Day_1,Fair,Fast,5mm,Experiment_2
2025-10-23T02:44:13.192Z,2444,6277,22894,3572,8463,28026,5344,8091,34179,4308,7730,31047,Day_1,Fair,Fast,5mm,Experiment_2
2025-10-23T02:44:13.232Z,2451,6262,22903,3575,8467,28033,5341,8079,34184,4307,7721,31044,Day_1,Fair,Fast,5mm,Experiment_2
2025-10-23T02:44:13.273Z,2461,6235,22914,3582,8477,28041,5341,8064,34199,4306,7715,31046,Day_1,Fair,Fast,5mm,Experiment_2
2025-10-23T02:44:13.313Z,2462,6248,22923,3581,8486,28046,5348,8061,34210,4309,7716,31050,Day_1,Fair,Fast,5mm,Experiment_2
2025-10-23T02:44:13.353Z,2456,6401,22923,3575,8485,28041,5356,8078,34205,4311,7725,31053,Day_1,Fair,Fast,5mm,Experiment_2
2025-10-23T02:44:13.393Z,2451,6704,22913,3570,8479,28028,5358,8096,34197,4311,7735,31053,Day_1,Fair,Fast,5mm,Experiment_2
2025-10-23T02:44:13.433Z,2447,6887,22908,3570,8476,28023,5359,8108,34198,4311,7743,31052,Day_1,Fair,Fast,5mm,Experiment_2
2025-10-23T02:44:13.473Z,2442,6705,22915,3568,8471,28033,5366,8116,34214,4314,7743,31056,Day_1,Fair,Fast,5mm,Experiment_2
2025-10-23T02:44:13.513Z,2434,6325,22920,3563,8466,28048,5375,8114,34238,4316,7736,31069,Day_1,Fair,Fast,5mm,Experiment_2
2025-10-23T02:44:13.553Z,2424,6005,22892,3554,8466,28049,5375,8100,34245,4315,7725,31079,Day_1,Fair,Fast,5mm,Experiment_2
2025-10-23T02:44:13.593Z,2416,5878,22790,3545,8471,28035,5364,8081,34232,4311,7717,31079,Day_1,Fair,Fast,5mm,Experiment_2
2025-10-23T02:44:13.633Z,2414,5969,22621,3542,8473,28015,5348,8069,34215,4306,7716,31071,Day_1,Fair,Fast,5mm,Experiment_2
2025-10-23T02:44:13.673Z,2419,6128,22528,3547,8472,28005,5341,8075,34204,4304,7725,31061,Day_1,Fair,Fast,5mm,Experiment_2
2025-10-23T02:44:13.713Z,2431,6218,22624,3557,8471,28016,5341,8092,34194,4305,7738,31050,Day_1,Fair,Fast,5mm,Experiment_2
2025-10-23T02:44:13.753Z,2442,6243,22789,3565,8471,28032,5342,8110,34190,4307,7748,31046,Day_1,Fair,Fast,5mm,Experiment_2
2025-10-23T02:44:13.793Z,2447,6249,22879,3565,8474,28036,5349,8116,34197,4311,7751,31047,Day_1,Fair,Fast,5mm,Experiment_2
2025-10-23T02:44:13.833Z,2447,6252,22898,3562,8475,28028,5361,8115,34214,4317,7749,31049,Day_1,Fair,Fast,5mm,Experiment_2
2025-10-23T02:44:13.873Z,2445,6253,22899,3561,8470,28023,5372,8116,34221,4319,7747,31049,Day_1,Fair,Fast,5mm,Experiment_2
2025-10-23T02:44:13.913Z,2438,6251,22908,3559,8463,28025,5378,8114,34211,4318,7742,31050,Day_1,Fair,Fast,5mm,Experiment_2
2025-10-23T02:44:13.953Z,2423,6249,22933,3557,8461,28031,5384,8104,34209,4324,7732,31056,Day_1,Fair,Fast,5mm,Experiment_2
2025-10-23T02:44:13.993Z,2405,6248,22972,3557,8465,28038,5383,8094,34222,4329,7723,31065,Day_1,Fair,Fast,5mm,Experiment_2
2025-10-23T02:44:14.033Z,2399,6252,22994,3558,8472,28043,5375,8094,34227,4329,7723,31069,Day_1,Fair,Fast,5mm,Experiment_2
2025-10-23T02:44:14.073Z,2414,6263,22974,3559,8482,28045,5368,8097,34222,4327,7726,31069,Day_1,Fair,Fast,5mm,Experiment_2
2025-10-23T02:44:14.113Z,2432,6277,22939,3561,8492,28048,5365,8093,34218,4325,7727,31071,Day_1,Fair,Fast,5mm,Experiment_2
2025-10-23T02:44:14.153Z,2442,6279,22921,3563,8492,28052,5363,8086,34215,4320,7724,31070,Day_1,Fair,Fast,5mm,Experiment_2
2025-10-23T02:44:14.193Z,2446,6271,22916,3566,8483,28051,5363,8079,34208,4317,7720,31065,Day_1,Fair,Fast,5mm,Experiment_2
2025-10-23T02:44:14.233Z,2444,6263,22910,3566,8474,28045,5370,8071,34202,4320,7715,31061,Day_1,Fair,Fast,5mm,Experiment_2
2025-10-23T02:44:14.273Z,2439,6264,22905,3562,8475,28040,5378,8064,34196,4329,7710,31058,Day_1,Fair,Fast,5mm,Experiment_2
2025-10-23T02:44:14.313Z,2438,6268,22907,3561,8481,28042,5382,8071,34189,4339,7713,31054,Day_1,Fair,Fast,5mm,Experiment_2
2025-10-23T02:44:14.353Z,2440,6267,22914,3564,8484,28048,5385,8092,34182,4345,7723,31051,Day_1,Fair,Fast,5mm,Experiment_2
2025-10-23T02:44:14.393Z,2440,6263,22921,3563,8484,28051,5361,8105,34174,4342,7728,31049,Day_1,Fair,Fast,5mm,Experiment_2
2025-10-23T02:44:14.433Z,2437,6262,22921,3560,8486,28048,5240,8101,34178,4314,7724,31049,Day_1,Fair,Fast,5mm,Experiment_2
2025-10-23T02:44:14.473Z,2435,6262,22913,3560,8487,28039,5000,8102,34194,4265,7724,31053,Day_1,Fair,Fast,5mm,Experiment_2
2025-10-23T02:44:14.513Z,2433,6258,22905,3559,8481,28030,4796,8117,34196,4227,7735,31051,Day_1,Fair,Fast,5mm,Experiment_2
2025-10-23T02:44:14.553Z,2427,6253,22902,3555,8474,28028,4760,8127,34182,4222,7750,31042,Day_1,Fair,Fast,5mm,Experiment_2
2025-10-23T02:44:14.593Z,2421,6258,22903,3551,8477,28034,4824,8115,34181,4232,7761,31038,Day_1,Fair,Fast,5mm,Experiment_2
2025-10-23T02:44:14.633Z,2418,6268,22907,3548,8485,28046,4984,8092,34194,4257,7760,31044,Day_1,Fair,Fast,5mm,Experiment_2
2025-10-23T02:44:14.673Z,2413,6271,22909,3543,8486,28054,5300,8085,34205,4307,7750,31052,Day_1,Fair,Fast,5mm,Experiment_2
2025-10-23T02:44:14.713Z,2409,6263,22902,3538,8482,28047,5738,8092,34207,4376,7738,31057,Day_1,Fair,Fast,5mm,Experiment_2
2025-10-23T02:44:14.753Z,2415,6258,22892,3544,8483,28033,6166,8104,34208,4444,7731,31058,Day_1,Fair,Fast,5mm,Experiment_2
2025-10-23T02:44:14.793Z,2434,6263,22892,3561,8490,28026,6454,8117,34221,4490,7732,31060,Day_1,Fair,Fast,5mm,Experiment_2
2025-10-23T02:44:14.833Z,2448,6269,22900,3574,8493,28029,6615,8121,34232,4514,7732,31064,Day_1,Fair,Fast,5mm,Experiment_2
2025-10-23T02:44:14.873Z,2451,6269,22907,3577,8488,28031,6558,8113,34228,4505,7728,31068,Day_1,Fair,Fast,5mm,Experiment_2
2025-10-23T02:44:14.913Z,2451,6265,22904,3578,8482,28029,6111,8105,34221,4435,7723,31070,Day_1,Fair,Fast,5mm,Experiment_2
2025-10-23T02:44:14.953Z,2447,6259,22900,3576,8476,28027,5477,8104,34232,4335,7723,31071,Day_1,Fair,Fast,5mm,Experiment_2
2025-10-23T02:44:14.993Z,2441,6254,22901,3570,8472,28031,4964,8106,34273,4253,7726,31075,Day_1,Fair,Fast,5mm,Experiment_2
2025-10-23T02:44:15.033Z,2435,6253,22907,3564,8471,28040,4731,8103,34389,4216,7729,31092,Day_1,Fair,Fast,5mm,Experiment_2
2025-10-23T02:44:15.073Z,2427,6256,22913,3555,8474,28050,4809,8097,34593,4229,7729,31129,Day_1,Fair,Fast,5mm,Experiment_2
2025-10-23T02:44:15.113Z,2419,6256,22919,3545,8475,28059,5025,8089,34716,4265,7729,31154,Day_1,Fair,Fast,5mm,Experiment_2
2025-10-23T02:44:15.153Z,2419,6256,22922,3543,8474,28064,5210,8082,34600,4298,7728,31136,Day_1,Fair,Fast,5mm,Experiment_2
2025-10-23T02:44:15.193Z,2425,6264,22918,3550,8478,28061,5319,8077,34390,4319,7724,31096,Day_1,Fair,Fast,5mm,Experiment_2
2025-10-23T02:44:15.233Z,2432,6272,22912,3559,8485,28049,5349,8074,34276,4330,7719,31075,Day_1,Fair,Fast,5mm,Experiment_2
2025-10-23T02:44:15.273Z,2437,6268,22909,3566,8482,28037,5293,8074,34253,4338,7717,31077,Day_1,Fair,Fast,5mm,Experiment_2
2025-10-23T02:44:15.313Z,2437,6253,22911,3565,8468,28029,5159,8075,34249,4342,7717,31081,Day_1,Fair,Fast,5mm,Experiment_2
2025-10-23T02:44:15.353Z,2431,6239,22930,3557,8457,28025,5046,8082,34235,4342,7718,31075,Day_1,Fair,Fast,5mm,Experiment_2
2025-10-23T02:44:15.393Z,2428,6235,23006,3552,8454,28027,5045,8098,34224,4336,7722,31064,Day_1,Fair,Fast,5mm,Experiment_2
2025-10-23T02:44:15.433Z,2437,6238,23147,3560,8459,28035,5127,8112,34229,4327,7724,31063,Day_1,Fair,Fast,5mm,Experiment_2
2025-10-23T02:44:15.473Z,2451,6246,23230,3575,8466,28045,5235,8124,34241,4321,7727,31070,Day_1,Fair,Fast,5mm,Experiment_2
2025-10-23T02:44:15.513Z,2456,6252,23154,3582,8471,28051,5338,8138,34236,4320,7735,31075,Day_1,Fair,Fast,5mm,Experiment_2
2025-10-23T02:44:15.553Z,2454,6253,23022,3582,8470,28058,5423,8147,34216,4322,7743,31072,Day_1,Fair,Fast,5mm,Experiment_2
2025-10-23T02:44:15.593Z,2456,6249,22947,3581,8466,28061,5483,8145,34209,4322,7746,31070,Day_1,Fair,Fast,5mm,Experiment_2
2025-10-23T02:44:15.633Z,2457,6247,22917,3577,8466,28055,5488,8136,34222,4319,7743,31074,Day_1,Fair,Fast,5mm,Experiment_2
2025-10-23T02:44:15.673Z,2454,6252,22901,3572,8469,28043,5442,8125,34237,4315,7739,31077,Day_1,Fair,Fast,5mm,Experiment_2
2025-10-23T02:44:15.713Z,2446,6256,22897,3568,8472,28038,5398,8118,34257,4315,7741,31076,Day_1,Fair,Fast,5mm,Experiment_2
2025-10-23T02:44:15.753Z,2435,6253,22904,3563,8470,28038,5385,8120,34330,4316,7746,31083,Day_1,Fair,Fast,5mm,Experiment_2
2025-10-23T02:44:15.793Z,2425,6248,22910,3557,8469,28036,5387,8125,34467,4313,7746,31106,Day_1,Fair,Fast,5mm,Experiment_2
2025-10-23T02:44:15.833Z,2423,6251,22908,3554,8474,28030,5376,8127,34544,4305,7745,31123,Day_1,Fair,Fast,5mm,Experiment_2
2025-10-23T02:44:15.873Z,2428,6258,22904,3557,8477,28026,5356,8127,34463,4300,7745,31112,Day_1,Fair,Fast,5mm,Experiment_2
2025-10-23T02:44:15.913Z,2433,6263,22904,3561,8473,28030,5344,8122,34321,4300,7747,31082,Day_1,Fair,Fast,5mm,Experiment_2
2025-10-23T02:44:15.953Z,2441,6271,22907,3566,8466,28038,5345,8107,34239,4302,7744,31061,Day_1,Fair,Fast,5mm,Experiment_2
2025-10-23T02:44:15.993Z,2449,6279,22915,3570,8464,28047,5350,8086,34222,4304,7737,31058,Day_1,Fair,Fast,5mm,Experiment_2
2025-10-23T02:44:16.033Z,2452,6276,22923,3570,8467,28051,5353,8076,34229,4306,7734,31064,Day_1,Fair,Fast,5mm,Experiment_2
2025-10-23T02:44:16.073Z,2443,6270,22922,3561,8475,28046,5356,8089,34230,4308,7739,31065,Day_1,Fair,Fast,5mm,Experiment_2
2025-10-23T02:44:16.113Z,2433,6265,22917,3550,8481,28040,5368,8117,34211,4312,7745,31057,Day_1,Fair,Fast,5mm,Experiment_2
2025-10-23T02:44:16.153Z,2429,6257,22916,3543,8481,28041,5388,8136,34196,4319,7748,31053,Day_1,Fair,Fast,5mm,Experiment_2
2025-10-23T02:44:16.193Z,2430,6252,22917,3544,8480,28045,5407,8116,34217,4325,7743,31063,Day_1,Fair,Fast,5mm,Experiment_2
2025-10-23T02:44:16.233Z,2435,6258,22912,3551,8484,28043,5410,8016,34252,4329,7723,31078,Day_1,Fair,Fast,5mm,Experiment_2
2025-10-23T02:44:16.273Z,2440,6269,22901,3560,8489,28032,5398,7843,34268,4328,7691,31089,Day_1,Fair,Fast,5mm,Experiment_2
2025-10-23T02:44:16.313Z,2443,6272,22893,3564,8489,28021,5382,7733,34267,4323,7674,31095,Day_1,Fair,Fast,5mm,Experiment_2
2025-10-23T02:44:16.353Z,2443,6267,22895,3564,8483,28022,5375,7822,34261,4323,7693,31094,Day_1,Fair,Fast,5mm,Experiment_2
2025-10-23T02:44:16.393Z,2438,6265,22904,3561,8482,28033,5379,8057,34250,4328,7735,31081,Day_1,Fair,Fast,5mm,Experiment_2
2025-10-23T02:44:16.433Z,2432,6267,22911,3558,8483,28045,5389,8307,34237,4334,7776,31064,Day_1,Fair,Fast,5mm,Experiment_2
2025-10-23T02:44:16.473Z,2431,6263,22910,3559,8480,28047,5395,8608,34222,4336,7822,31049,Day_1,Fair,Fast,5mm,Experiment_2
2025-10-23T02:44:16.513Z,2436,6249,22903,3564,8470,28040,5389,9142,34200,4332,7906,31040,Day_1,Fair,Fast,5mm,Experiment_2
2025-10-23T02:44:16.553Z,2438,6238,22895,3567,8461,28029,5376,9685,34179,4327,7992,31037,Day_1,Fair,Fast,5mm,Experiment_2
2025-10-23T02:44:16.593Z,2434,6237,22893,3563,8459,28022,5369,9657,34171,4324,7984,31041,Day_1,Fair,Fast,5mm,Experiment_2
2025-10-23T02:44:16.633Z,2432,6238,22899,3559,8458,28025,5375,9082,34170,4326,7888,31045,Day_1,Fair,Fast,5mm,Experiment_2
2025-10-23T02:44:16.673Z,2435,6234,22910,3559,8453,28033,5390,8528,34163,4333,7802,31043,Day_1,Fair,Fast,5mm,Experiment_2
2025-10-23T02:44:16.713Z,2439,6227,22915,3562,8446,28039,5400,8250,34162,4336,7765,31041,Day_1,Fair,Fast,5mm,Experiment_2
2025-10-23T02:44:16.753Z,2441,6224,22910,3563,8444,28039,5407,8154,34184,4336,7756,31047,Day_1,Fair,Fast,5mm,Experiment_2
2025-10-23T02:44:16.793Z,2439,6231,22903,3562,8453,28039,5412,8116,34220,4335,7749,31061,Day_1,Fair,Fast,5mm,Experiment_2
2025-10-23T02:44:16.833Z,2437,6246,22900,3561,8469,28042,5403,8034,34246,4331,7728,31077,Day_1,Fair,Fast,5mm,Experiment_2
2025-10-23T02:44:16.873Z,2439,6261,22902,3563,8483,28044,5386,7870,34251,4324,7696,31086,Day_1,Fair,Fast,5mm,Experiment_2
2025-10-23T02:44:16.913Z,2447,6267,22902,3571,8489,28043,5375,7739,34238,4322,7680,31081,Day_1,Fair,Fast,5mm,Experiment_2
2025-10-23T02:44:16.953Z,2449,6266,22897,3573,8487,28039,5369,7755,34223,4323,7695,31070,Day_1,Fair,Fast,5mm,Experiment_2
2025-10-23T02:44:16.993Z,2438,6263,22890,3562,8483,28031,5360,7874,34212,4321,7720,31056,Day_1,Fair,Fast,5mm,Experiment_2
2025-10-23T02:44:17.033Z,2423,6259,22889,3545,8478,28025,5354,8021,34195,4315,7731,31039,Day_1,Fair,Fast,5mm,Experiment_2
2025-10-23T02:44:17.073Z,2417,6259,22899,3535,8477,28028,5359,8181,34173,4313,7730,31024,Day_1,Fair,Fast,5mm,Experiment_2
2025-10-23T02:44:17.113Z,2419,6267,22914,3535,8482,28036,5372,8382,34159,4316,7724,31020,Day_1,Fair,Fast,5mm,Experiment_2
2025-10-23T02:44:17.153Z,2424,6278,22923,3540,8488,28043,5395,8560,34162,4325,7722,31029,Day_1,Fair,Fast,5mm,Experiment_2
2025-10-23T02:44:17.193Z,2430,6281,22924,3548,8483,28049,5424,8558,34177,4336,7725,31043,Day_1,Fair,Fast,5mm,Experiment_2
2025-10-23T02:44:17.234Z,2434,6279,22919,3554,8468,28051,5445,8383,34197,4344,7730,31057,Day_1,Fair,Fast,5mm,Experiment_2
2025-10-23T02:44:17.274Z,2435,6278,22912,3558,8457,28047,5448,8208,34210,4347,7732,31065,Day_1,Fair,Fast,5mm,Experiment_2
2025-10-23T02:44:17.314Z,2436,6278,22907,3564,8460,28044,5439,8127,34217,4350,7732,31070,Day_1,Fair,Fast,5mm,Experiment_2
2025-10-23T02:44:17.354Z,2436,6277,22910,3567,8469,28045,5423,8113,34225,4347,7733,31072,Day_1,Fair,Fast,5mm,Experiment_2
2025-10-23T02:44:17.394Z,2432,6272,22917,3565,8474,28048,5411,8119,34227,4342,7733,31069,Day_1,Fair,Fast,5mm,Experiment_2
2025-10-23T02:44:17.434Z,2433,6265,22923,3565,8473,28049,5399,8123,34220,4336,7731,31061,Day_1,Fair,Fast,5mm,Experiment_2
2025-10-23T02:44:17.474Z,2440,6259,22921,3572,8472,28044,5382,8116,34215,4328,7726,31056,Day_1,Fair,Fast,5mm,Experiment_2
2025-10-23T02:44:17.514Z,2449,6261,22910,3580,8478,28034,5369,8098,34207,4318,7723,31054,Day_1,Fair,Fast,5mm,Experiment_2
2025-10-23T02:44:17.554Z,2453,6272,22901,3580,8488,28026,5372,8083,34189,4315,7721,31050,Day_1,Fair,Fast,5mm,Experiment_2
2025-10-23T02:44:17.594Z,2450,6282,22902,3575,8494,28027,5385,8084,34180,4321,7721,31048,Day_1,Fair,Fast,5mm,Experiment_2
2025-10-23T02:44:17.634Z,2443,6281,22910,3567,8489,28035,5399,8096,34189,4331,7726,31052,Day_1,Fair,Fast,5mm,Experiment_2
2025-10-23T02:44:17.674Z,2436,6269,22918,3558,8479,28042,5409,8107,34205,4340,7732,31059,Day_1,Fair,Fast,5mm,Experiment_2
2025-10-23T02:44:17.714Z,2433,6256,22918,3553,8473,28041,5412,8115,34229,4341,7737,31071,Day_1,Fair,Fast,5mm,Experiment_2
2025-10-23T02:44:17.754Z,2439,6252,22911,3557,8477,28034,5404,8120,34257,4334,7741,31085,Day_1,Fair,Fast,5mm,Experiment_2
2025-10-23T02:44:17.794Z,2446,6259,22904,3565,8486,28028,5386,8123,34275,4321,7744,31091,Day_1,Fair,Fast,5mm,Experiment_2
2025-10-23T02:44:17.834Z,2447,6268,22901,3569,8493,28029,5362,8124,34270,4309,7747,31084,Day_1,Fair,Fast,5mm,Experiment_2
2025-10-23T02:44:17.874Z,2449,6271,22906,3566,8492,28034,5344,8125,34246,4300,7748,31069,Day_1,Fair,Fast,5mm,Experiment_2
2025-10-23T02:44:17.914Z,2477,6267,22917,3564,8484,28041,5344,8132,34223,4299,7750,31057,Day_1,Fair,Fast,5mm,Experiment_2
2025-10-23T02:44:17.954Z,2537,6258,22927,3566,8476,28049,5360,8140,34210,4304,7751,31051,Day_1,Fair,Fast,5mm,Experiment_2
2025-10-23T02:44:17.994Z,2571,6251,22931,3566,8470,28053,5384,8138,34200,4314,7748,31046,Day_1,Fair,Fast,5mm,Experiment_2
2025-10-23T02:44:18.034Z,2533,6248,22925,3559,8467,28046,5397,8125,34193,4322,7742,31040,Day_1,Fair,Fast,5mm,Experiment_2
2025-10-23T02:44:18.074Z,2471,6245,22910,3552,8464,28031,5385,8110,34199,4319,7737,31039,Day_1,Fair,Fast,5mm,Experiment_2
2025-10-23T02:44:18.114Z,2442,6241,22896,3555,8461,28021,5367,8099,34217,4312,7734,31047,Day_1,Fair,Fast,5mm,Experiment_2
2025-10-23T02:44:18.154Z,2439,6242,22891,3564,8462,28022,5365,8093,34227,4310,7732,31056,Day_1,Fair,Fast,5mm,Experiment_2
2025-10-23T02:44:18.194Z,2441,6247,22893,3569,8466,28028,5371,8091,34229,4311,7729,31062,Day_1,Fair,Fast,5mm,Experiment_2
2025-10-23T02:44:18.234Z,2441,6250,22897,3567,8468,28034,5366,8092,34226,4310,7729,31066,Day_1,Fair,Fast,5mm,Experiment_2
2025-10-23T02:44:18.274Z,2437,6251,22897,3561,8468,28034,5350,8105,34216,4302,7735,31066,Day_1,Fair,Fast,5mm,Experiment_2
2025-10-23T02:44:18.314Z,2429,6251,22893,3551,8467,28028,5338,8125,34210,4295,7742,31062,Day_1,Fair,Fast,5mm,Experiment_2
2025-10-23T02:44:18.354Z,2419,6248,22891,3541,8466,28020,5341,8139,34215,4296,7748,31059,Day_1,Fair,Fast,5mm,Experiment_2
2025-10-23T02:44:18.394Z,2413,6247,22891,3540,8465,28016,5351,8145,34225,4305,7754,31058,Day_1,Fair,Fast,5mm,Experiment_2
2025-10-23T02:44:18.434Z,2417,6251,22891,3549,8468,28018,5358,8143,34232,4313,7756,31058,Day_1,Fair,Fast,5mm,Experiment_2
2025-10-23T02:44:18.474Z,2426,6256,22890,3558,8472,28019,5366,8132,34237,4317,7750,31057,Day_1,Fair,Fast,5mm,Experiment_2
2025-10-23T02:44:18.514Z,2431,6255,22888,3558,8473,28019,5376,8122,34235,4321,7744,31057,Day_1,Fair,Fast,5mm,Experiment_2
2025-10-23T02:44:18.554Z,2425,6249,22890,3549,8468,28020,5382,8125,34219,4324,7745,31056,Day_1,Fair,Fast,5mm,Experiment_2
2025-10-23T02:44:18.594Z,2413,6248,22896,3538,8467,28026,5385,8131,34198,4326,7750,31054,Day_1,Fair,Fast,5mm,Experiment_2
2025-10-23T02:44:18.634Z,2401,6256,22906,3530,8476,28035,5391,8131,34188,4331,7755,31058,Day_1,Fair,Fast,5mm,Experiment_2
2025-10-23T02:44:18.674Z,2397,6267,22914,3528,8488,28046,5397,8136,34196,4336,7759,31069,Day_1,Fair,Fast,5mm,Experiment_2
2025-10-23T02:44:18.714Z,2405,6269,22914,3534,8491,28052,5397,8141,34206,4337,7757,31077,Day_1,Fair,Fast,5mm,Experiment_2
2025-10-23T02:44:18.754Z,2423,6261,22909,3548,8484,28048,5401,8129,34207,4338,7746,31074,Day_1,Fair,Fast,5mm,Experiment_2
2025-10-23T02:44:18.794Z,2439,6252,22901,3561,8475,28038,5417,8107,34204,4345,7730,31065,Day_1,Fair,Fast,5mm,Experiment_2
2025-10-23T02:44:18.834Z,2444,6247,22897,3565,8471,28031,5433,8092,34204,4351,7720,31060,Day_1,Fair,Fast,5mm,Experiment_2
2025-10-23T02:44:18.874Z,2438,6247,22900,3559,8469,28033,5427,8090,34209,4348,7721,31060,Day_1,Fair,Fast,5mm,Experiment_2
2025-10-23T02:44:18.914Z,2428,6246,22904,3550,8467,28038,5406,8099,34215,4341,7730,31063,Day_1,Fair,Fast,5mm,Experiment_2
2025-10-23T02:44:18.954Z,2420,6242,22901,3546,8464,28038,5392,8116,34213,4338,7739,31062,Day_1,Fair,Fast,5mm,Experiment_2
2025-10-23T02:44:18.994Z,2418,6233,22894,3549,8460,28032,5392,8127,34209,4340,7742,31058,Day_1,Fair,Fast,5mm,Experiment_2
2025-10-23T02:44:19.034Z,2421,6225,22891,3554,8455,28025,5401,8125,34209,4345,7740,31055,Day_1,Fair,Fast,5mm,Experiment_2
2025-10-23T02:44:19.074Z,2430,6221,22895,3560,8452,28023,5407,8111,34208,4346,7734,31052,Day_1,Fair,Fast,5mm,Experiment_2
2025-10-23T02:44:19.114Z,2442,6224,22907,3567,8452,28032,5405,8094,34205,4340,7727,31050,Day_1,Fair,Fast,5mm,Experiment_2
2025-10-23T02:44:19.154Z,2448,6233,22920,3568,8456,28046,5401,8081,34214,4332,7720,31053,Day_1,Fair,Fast,5mm,Experiment_2
2025-10-23T02:44:19.194Z,2446,6243,22922,3563,8465,28051,5402,8070,34229,4329,7708,31061,Day_1,Fair,Fast,5mm,Experiment_2
2025-10-23T02:44:19.234Z,2442,6252,22908,3558,8474,28039,5400,8066,34232,4329,7693,31065,Day_1,Fair,Fast,5mm,Experiment_2
2025-10-23T02:44:19.274Z,2439,6258,22892,3555,8481,28022,5387,8078,34230,4329,7681,31067,Day_1,Fair,Fast,5mm,Experiment_2
2025-10-23T02:44:19.314Z,2433,6261,22885,3549,8483,28015,5372,8097,34227,4324,7682,31064,Day_1,Fair,Fast,5mm,Experiment_2
2025-10-23T02:44:19.354Z,2424,6260,22887,3544,8482,28017,5364,8108,34218,4316,7696,31055,Day_1,Fair,Fast,5mm,Experiment_2
2025-10-23T02:44:19.394Z,2417,6258,22891,3541,8480,28017,5366,8105,34204,4312,7710,31045,Day_1,Fair,Fast,5mm,Experiment_2
2025-10-23T02:44:19.434Z,2413,6257,22892,3539,8478,28012,5372,8091,34195,4315,7715,31042,Day_1,Fair,Fast,5mm,Experiment_2
2025-10-23T02:44:19.474Z,2413,6255,22893,3539,8474,28009,5376,8080,34196,4322,7714,31051,Day_1,Fair,Fast,5mm,Experiment_2
2025-10-23T02:44:19.514Z,2420,6252,22898,3546,8470,28014,5378,8085,34210,4327,7720,31067,Day_1,Fair,Fast,5mm,Experiment_2
2025-10-23T02:44:19.554Z,2430,6254,22907,3558,8469,28028,5381,8102,34225,4325,7730,31078,Day_1,Fair,Fast,5mm,Experiment_2
2025-10-23T02:44:19.594Z,2432,6259,22915,3561,8471,28041,5380,8113,34227,4319,7736,31077,Day_1,Fair,Fast,5mm,Experiment_2
2025-10-23T02:44:19.634Z,2424,6260,22914,3552,8472,28045,5379,8121,34223,4315,7741,31067,Day_1,Fair,Fast,5mm,Experiment_2
2025-10-23T02:44:19.674Z,2418,6256,22886,3546,8470,28041,5383,8130,34227,4316,7749,31059,Day_1,Fair,Fast,5mm,Experiment_2
2025-10-23T02:44:19.714Z,2425,6255,22790,3552,8471,28033,5394,8134,34239,4322,7751,31055,Day_1,Fair,Fast,5mm,Experiment_2
2025-10-23T02:44:19.754Z,2435,6261,22627,3563,8477,28024,5401,8129,34241,4329,7743,31050,Day_1,Fair,Fast,5mm,Experiment_2
2025-10-23T02:44:19.794Z,2438,6266,22532,3566,8479,28020,5398,8121,34231,4334,7735,31045,Day_1,Fair,Fast,5mm,Experiment_2
2025-10-23T02:44:19.834Z,2436,6261,22621,3564,8473,28026,5392,8110,34227,4336,7731,31046,Day_1,Fair,Fast,5mm,Experiment_2
2025-10-23T02:44:19.874Z,2438,6251,22780,3564,8463,28035,5393,8088,34227,4339,7727,31050,Day_1,Fair,Fast,5mm,Experiment_2
2025-10-23T02:44:19.914Z,2439,6246,22875,3563,8460,28045,5402,8067,34216,4342,7722,31050,Day_1,Fair,Fast,5mm,Experiment_2
2025-10-23T02:44:19.954Z,2436,6250,22909,3561,8465,28056,5409,8066,34205,4343,7722,31050,Day_1,Fair,Fast,5mm,Experiment_2
2025-10-23T02:44:19.994Z,2436,6253,22922,3560,8471,28064,5408,8083,34211,4339,7728,31056,Day_1,Fair,Fast,5mm,Experiment_2
2025-10-23T02:44:20.034Z,2442,6251,22924,3564,8472,28063,5401,8099,34226,4330,7735,31066,Day_1,Fair,Fast,5mm,Experiment_2
2025-10-23T02:44:20.074Z,2449,6249,22914,3569,8469,28054,5390,8103,34241,4319,7737,31077,Day_1,Fair,Fast,5mm,Experiment_2
2025-10-23T02:44:20.114Z,2448,6253,22899,3570,8467,28041,5377,8100,34255,4312,7735,31089,Day_1,Fair,Fast,5mm,Experiment_2
2025-10-23T02:44:20.154Z,2439,6257,22892,3564,8468,28034,5362,8093,34257,4307,7731,31093,Day_1,Fair,Fast,5mm,Experiment_2
2025-10-23T02:44:20.194Z,2432,6259,22897,3558,8470,28037,5352,8088,34245,4303,7728,31085,Day_1,Fair,Fast,5mm,Experiment_2
2025-10-23T02:44:20.234Z,2435,6259,22909,3560,8468,28044,5349,8095,34223,4301,7733,31069,Day_1,Fair,Fast,5mm,Experiment_2
2025-10-23T02:44:20.274Z,2440,6257,22918,3564,8464,28048,5353,8108,34199,4306,7740,31056,Day_1,Fair,Fast,5mm,Experiment_2
2025-10-23T02:44:20.314Z,2439,6253,22920,3563,8461,28046,5363,8121,34183,4317,7747,31046,Day_1,Fair,Fast,5mm,Experiment_2
2025-10-23T02:44:20.354Z,2435,6254,22918,3558,8465,28043,5372,8127,34184,4327,7751,31040,Day_1,Fair,Fast,5mm,Experiment_2
2025-10-23T02:44:20.394Z,2433,6262,22917,3556,8475,28041,5377,8124,34199,4330,7750,31043,Day_1,Fair,Fast,5mm,Experiment_2
2025-10-23T02:44:20.434Z,2431,6270,22919,3556,8484,28044,5384,8118,34213,4330,7742,31050,Day_1,Fair,Fast,5mm,Experiment_2
2025-10-23T02:44:20.474Z,2429,6265,22921,3555,8481,28050,5391,8112,34211,4329,7724,31055,Day_1,Fair,Fast,5mm,Experiment_2
2025-10-23T02:44:20.514Z,2428,6255,22921,3554,8473,28055,5387,8112,34202,4325,7712,31057,Day_1,Fair,Fast,5mm,Experiment_2
2025-10-23T02:44:20.554Z,2430,6252,22919,3558,8471,28054,5372,8118,34195,4317,7717,31058,Day_1,Fair,Fast,5mm,Experiment_2
2025-10-23T02:44:20.594Z,2435,6256,22914,3565,8475,28048,5355,8120,34192,4310,7728,31056,Day_1,Fair,Fast,5mm,Experiment_2
2025-10-23T02:44:20.634Z,2435,6265,22910,3565,8482,28042,5353,8110,34198,4312,7733,31054,Day_1,Fair,Fast,5mm,Experiment_2
2025-10-23T02:44:20.674Z,2428,6275,22912,3558,8487,28043,5368,8096,34205,4320,7734,31053,Day_1,Fair,Fast,5mm,Experiment_2
2025-10-23T02:44:20.714Z,2424,6279,22919,3554,8488,28049,5386,8086,34201,4324,7732,31052,Day_1,Fair,Fast,5mm,Experiment_2
2025-10-23T02:44:20.754Z,2426,6275,22920,3554,8487,28052,5390,8080,34189,4320,7728,31047,Day_1,Fair,Fast,5mm,Experiment_2
2025-10-23T02:44:20.794Z,2431,6266,22913,3556,8482,28051,5388,8077,34178,4316,7722,31042,Day_1,Fair,Fast,5mm,Experiment_2
2025-10-23T02:44:20.834Z,2435,6258,22908,3559,8477,28048,5393,8075,34174,4320,7715,31040,Day_1,Fair,Fast,5mm,Experiment_2
2025-10-23T02:44:20.874Z,2433,6258,22910,3558,8477,28048,5401,8073,34180,4326,7710,31043,Day_1,Fair,Fast,5mm,Experiment_2
2025-10-23T02:44:20.914Z,2424,6261,22920,3550,8479,28053,5398,8074,34201,4327,7711,31051,Day_1,Fair,Fast,5mm,Experiment_2
2025-10-23T02:44:20.954Z,2417,6260,22933,3542,8478,28061,5387,8084,34222,4325,7717,31061,Day_1,Fair,Fast,5mm,Experiment_2
2025-10-23T02:44:20.994Z,2416,6253,22941,3540,8472,28067,5378,8101,34230,4324,7726,31064,Day_1,Fair,Fast,5mm,Experiment_2
2025-10-23T02:44:21.034Z,2422,6251,22939,3544,8470,28068,5368,8111,34222,4320,7732,31061,Day_1,Fair,Fast,5mm,Experiment_2
2025-10-23T02:44:21.074Z,2433,6255,22932,3551,8472,28065,5355,8108,34212,4314,7736,31057,Day_1,Fair,Fast,5mm,Experiment_2
2025-10-23T02:44:21.114Z,2443,6258,22924,3557,8474,28061,5350,8100,34212,4313,7738,31058,Day_1,Fair,Fast,5mm,Experiment_2
2025-10-23T02:44:21.154Z,2445,6256,22915,3561,8474,28054,5358,8102,34219,4317,7741,31060,Day_1,Fair,Fast,5mm,Experiment_2
2025-10-23T02:44:21.195Z,2438,6257,22903,3561,8478,28042,5369,8112,34223,4322,7744,31058,Day_1,Fair,Fast,5mm,Experiment_2
2025-10-23T02:44:21.235Z,2432,6261,22895,3558,8486,28029,5375,8118,34218,4321,7744,31056,Day_1,Fair,Fast,5mm,Experiment_2
2025-10-23T02:44:21.275Z,2432,6268,22896,3556,8496,28024,5375,8116,34208,4317,7743,31058,Day_1,Fair,Fast,5mm,Experiment_2
2025-10-23T02:44:21.315Z,2436,6277,22905,3557,8504,28028,5374,8116,34207,4316,7745,31062,Day_1,Fair,Fast,5mm,Experiment_2
2025-10-23T02:44:21.355Z,2437,6286,22916,3557,8507,28033,5371,8119,34218,4319,7747,31069,Day_1,Fair,Fast,5mm,Experiment_2
2025-10-23T02:44:21.395Z,2433,6288,22925,3556,8503,28041,5367,8118,34223,4320,7746,31071,Day_1,Fair,Fast,5mm,Experiment_2
2025-10-23T02:44:21.435Z,2432,6281,22931,3556,8493,28050,5371,8118,34214,4321,7744,31064,Day_1,Fair,Fast,5mm,Experiment_2
2025-10-23T02:44:21.475Z,2436,6270,22927,3561,8483,28057,5381,8125,34206,4325,7744,31056,Day_1,Fair,Fast,5mm,Experiment_2
2025-10-23T02:44:21.515Z,2442,6260,22913,3568,8478,28055,5385,8131,34209,4328,7746,31055,Day_1,Fair,Fast,5mm,Experiment_2
2025-10-23T02:44:21.555Z,2449,6254,22897,3574,8475,28045,5385,8130,34222,4330,7749,31062,Day_1,Fair,Fast,5mm,Experiment_2
2025-10-23T02:44:21.595Z,2453,6249,22889,3576,8468,28035,5384,8122,34238,4332,7749,31070,Day_1,Fair,Fast,5mm,Experiment_2
2025-10-23T02:44:21.635Z,2452,6245,22891,3575,8460,28030,5377,8122,34240,4331,7749,31068,Day_1,Fair,Fast,5mm,Experiment_2
2025-10-23T02:44:21.675Z,2447,6244,22895,3573,8458,28029,5371,8130,34220,4328,7750,31053,Day_1,Fair,Fast,5mm,Experiment_2
2025-10-23T02:44:21.715Z,2443,6245,22897,3571,8461,28028,5380,8130,34197,4331,7749,31033,Day_1,Fair,Fast,5mm,Experiment_2
2025-10-23T02:44:21.755Z,2443,6245,22897,3572,8463,28029,5398,8119,34192,4337,7747,31026,Day_1,Fair,Fast,5mm,Experiment_2
2025-10-23T02:44:21.795Z,2443,6244,22901,3572,8463,28034,5408,8115,34209,4340,7748,31037,Day_1,Fair,Fast,5mm,Experiment_2
2025-10-23T02:44:21.835Z,2439,6243,22906,3566,8460,28038,5402,8128,34227,4332,7753,31053,Day_1,Fair,Fast,5mm,Experiment_2
2025-10-23T02:44:21.875Z,2434,6240,22909,3560,8455,28039,5391,8145,34225,4324,7754,31059,Day_1,Fair,Fast,5mm,Experiment_2
2025-10-23T02:44:21.915Z,2433,6241,22908,3558,8457,28038,5389,8155,34217,4322,7752,31059,Day_1,Fair,Fast,5mm,Experiment_2
2025-10-23T02:44:21.955Z,2435,6254,22903,3559,8470,28038,5400,8155,34224,4329,7751,31063,Day_1,Fair,Fast,5mm,Experiment_2
2025-10-23T02:44:21.995Z,2437,6269,22896,3559,8486,28040,5416,8152,34236,4337,7751,31068,Day_1,Fair,Fast,5mm,Experiment_2
2025-10-23T02:44:22.035Z,2440,6273,22892,3560,8489,28038,5420,8155,34232,4341,7751,31069,Day_1,Fair,Fast,5mm,Experiment_2
2025-10-23T02:44:22.075Z,2447,6264,22890,3563,8480,28033,5404,8156,34218,4333,7750,31066,Day_1,Fair,Fast,5mm,Experiment_2
2025-10-23T02:44:22.115Z,2454,6251,22898,3567,8467,28036,5380,8137,34202,4322,7743,31059,Day_1,Fair,Fast,5mm,Experiment_2
2025-10-23T02:44:22.155Z,2452,6242,22913,3567,8460,28046,5368,8106,34185,4319,7731,31049,Day_1,Fair,Fast,5mm,Experiment_2
2025-10-23T02:44:22.195Z,2444,6239,22924,3564,8459,28052,5369,8088,34178,4323,7721,31045,Day_1,Fair,Fast,5mm,Experiment_2
2025-10-23T02:44:22.235Z,2445,6242,22926,3567,8461,28052,5369,8086,34190,4325,7717,31049,Day_1,Fair,Fast,5mm,Experiment_2
2025-10-23T02:44:22.275Z,2454,6254,22924,3576,8468,28050,5365,8090,34204,4321,7720,31056,Day_1,Fair,Fast,5mm,Experiment_2
2025-10-23T02:44:22.315Z,2459,6271,22919,3580,8482,28044,5368,8096,34208,4318,7727,31059,Day_1,Fair,Fast,5mm,Experiment_2
2025-10-23T02:44:22.355Z,2449,6283,22907,3572,8493,28033,5385,8107,34204,4320,7736,31056,Day_1,Fair,Fast,5mm,Experiment_2
2025-10-23T02:44:22.395Z,2430,6282,22896,3557,8495,28024,5409,8120,34195,4329,7745,31051,Day_1,Fair,Fast,5mm,Experiment_2
2025-10-23T02:44:22.435Z,2414,6271,22892,3543,8490,28022,5413,8127,34191,4334,7748,31049,Day_1,Fair,Fast,5mm,Experiment_2
2025-10-23T02:44:22.475Z,2405,6262,22892,3537,8484,28025,5388,8122,34200,4327,7741,31055,Day_1,Fair,Fast,5mm,Experiment_2
2025-10-23T02:44:22.515Z,2406,6261,22893,3539,8482,28028,5358,8111,34216,4319,7728,31065,Day_1,Fair,Fast,5mm,Experiment_2
2025-10-23T02:44:22.555Z,2417,6263,22895,3550,8480,28032,5347,8112,34227,4317,7722,31068,Day_1,Fair,Fast,5mm,Experiment_2
2025-10-23T02:44:22.595Z,2430,6257,22901,3560,8471,28041,5355,8134,34234,4321,7726,31061,Day_1,Fair,Fast,5mm,Experiment_2
2025-10-23T02:44:22.635Z,2435,6248,22913,3562,8453,28055,5371,8157,34236,4329,7732,31050,Day_1,Fair,Fast,5mm,Experiment_2
2025-10-23T02:44:22.675Z,2434,6249,22925,3558,8441,28065,5384,8158,34232,4336,7732,31043,Day_1,Fair,Fast,5mm,Experiment_2
2025-10-23T02:44:22.715Z,2437,6261,22931,3557,8447,28065,5384,8141,34222,4337,7732,31044,Day_1,Fair,Fast,5mm,Experiment_2
2025-10-23T02:44:22.755Z,2444,6271,22933,3561,8464,28062,5380,8121,34218,4330,7733,31052,Day_1,Fair,Fast,5mm,Experiment_2
2025-10-23T02:44:22.795Z,2449,6272,22933,3567,8475,28066,5375,8104,34229,4320,7730,31064,Day_1,Fair,Fast,5mm,Experiment_2
2025-10-23T02:44:22.835Z,2446,6268,22933,3568,8471,28074,5366,8098,34239,4313,7730,31070,Day_1,Fair,Fast,5mm,Experiment_2
2025-10-23T02:44:22.875Z,2437,6267,22931,3563,8461,28075,5364,8108,34233,4314,7737,31064,Day_1,Fair,Fast,5mm,Experiment_2
2025-10-23T02:44:22.915Z,2428,6274,22927,3555,8453,28066,5380,8120,34213,4325,7744,31057,Day_1,Fair,Fast,5mm,Experiment_2
2025-10-23T02:44:22.955Z,2422,6282,22921,3550,8454,28054,5403,8126,34199,4341,7747,31055,Day_1,Fair,Fast,5mm,Experiment_2
2025-10-23T02:44:22.995Z,2420,6279,22914,3548,8464,28045,5415,8131,34201,4350,7748,31058,Day_1,Fair,Fast,5mm,Experiment_2
2025-10-23T02:44:23.035Z,2418,6265,22910,3545,8472,28043,5413,8143,34212,4348,7752,31058,Day_1,Fair,Fast,5mm,Experiment_2
2025-10-23T02:44:23.075Z,2416,6255,22910,3542,8475,28045,5402,8154,34220,4339,7753,31055,Day_1,Fair,Fast,5mm,Experiment_2
2025-10-23T02:44:23.115Z,2416,6252,22912,3541,8475,28047,5386,8150,34224,4328,7747,31053,Day_1,Fair,Fast,5mm,Experiment_2
2025-10-23T02:44:23.155Z,2417,6255,22920,3543,8477,28052,5372,8129,34224,4318,7733,31053,Day_1,Fair,Fast,5mm,Experiment_2
2025-10-23T02:44:23.195Z,2425,6259,22930,3551,8482,28060,5365,8103,34223,4313,7722,31053,Day_1,Fair,Fast,5mm,Experiment_2
2025-10-23T02:44:23.235Z,2436,6265,22929,3562,8488,28060,5367,8088,34220,4314,7720,31053,Day_1,Fair,Fast,5mm,Experiment_2
2025-10-23T02:44:23.275Z,2442,6272,22915,3568,8495,28048,5367,8087,34216,4318,7726,31050,Day_1,Fair,Fast,5mm,Experiment_2
2025-10-23T02:44:23.315Z,2437,6279,22902,3566,8499,28034,5362,8095,34206,4317,7734,31047,Day_1,Fair,Fast,5mm,Experiment_2
2025-10-23T02:44:23.355Z,2432,6280,22901,3562,8497,28029,5353,8105,34198,4308,7740,31046,Day_1,Fair,Fast,5mm,Experiment_2
2025-10-23T02:44:23.395Z,2430,6273,22906,3560,8488,28033,5347,8107,34197,4299,7741,31048,Day_1,Fair,Fast,5mm,Experiment_2
2025-10-23T02:44:23.435Z,2431,6266,22903,3559,8481,28034,5346,8102,34208,4300,7740,31054,Day_1,Fair,Fast,5mm,Experiment_2
2025-10-23T02:44:23.475Z,2432,6264,22892,3559,8481,28026,5353,8102,34222,4313,7741,31061,Day_1,Fair,Fast,5mm,Experiment_2
2025-10-23T02:44:23.515Z,2431,6267,22882,3556,8484,28017,5374,8107,34232,4332,7743,31065,Day_1,Fair,Fast,5mm,Experiment_2
2025-10-23T02:44:23.555Z,2428,6272,22882,3552,8487,28013,5399,8108,34242,4345,7742,31072,Day_1,Fair,Fast,5mm,Experiment_2
2025-10-23T02:44:23.595Z,2430,6273,22890,3554,8487,28018,5407,8098,34251,4347,7736,31080,Day_1,Fair,Fast,5mm,Experiment_2
2025-10-23T02:44:23.635Z,2437,6269,22905,3561,8485,28030,5397,8079,34248,4340,7725,31080,Day_1,Fair,Fast,5mm,Experiment_2
2025-10-23T02:44:23.675Z,2443,6262,22920,3566,8482,28039,5388,8066,34227,4335,7714,31068,Day_1,Fair,Fast,5mm,Experiment_2
2025-10-23T02:44:23.715Z,2443,6260,22923,3565,8481,28040,5385,8068,34204,4333,7713,31056,Day_1,Fair,Fast,5mm,Experiment_2
2025-10-23T02:44:23.755Z,2438,6270,22919,3561,8487,28037,5385,8082,34206,4330,7723,31058,Day_1,Fair,Fast,5mm,Experiment_2
2025-10-23T02:44:23.795Z,2434,6280,22917,3557,8494,28037,5385,8101,34231,4326,7736,31070,Day_1,Fair,Fast,5mm,Experiment_2
2025-10-23T02:44:23.835Z,2435,6282,22917,3558,8495,28038,5385,8121,34244,4322,7746,31076,Day_1,Fair,Fast,5mm,Experiment_2
2025-10-23T02:44:23.875Z,2443,6279,22917,3566,8492,28040,5393,8137,34236,4323,7750,31071,Day_1,Fair,Fast,5mm,Experiment_2
2025-10-23T02:44:23.915Z,2450,6279,22917,3573,8494,28042,5413,8139,34230,4330,7749,31070,Day_1,Fair,Fast,5mm,Experiment_2
2025-10-23T02:44:23.955Z,2449,6278,22918,3572,8497,28048,5430,8127,34232,4341,7745,31074,Day_1,Fair,Fast,5mm,Experiment_2
2025-10-23T02:44:23.995Z,2443,6271,22920,3567,8493,28057,5433,8114,34224,4348,7745,31071,Day_1,Fair,Fast,5mm,Experiment_2
2025-10-23T02:44:24.035Z,2439,6262,22925,3565,8482,28064,5428,8110,34202,4351,7749,31060,Day_1,Fair,Fast,5mm,Experiment_2
2025-10-23T02:44:24.075Z,2438,6258,22928,3565,8475,28067,5420,8115,34190,4347,7754,31053,Day_1,Fair,Fast,5mm,Experiment_2
2025-10-23T02:44:24.115Z,2436,6259,22929,3560,8474,28062,5407,8121,34199,4338,7755,31056,Day_1,Fair,Fast,5mm,Experiment_2
2025-10-23T02:44:24.155Z,2435,6256,22927,3554,8472,28054,5402,8123,34207,4333,7753,31060,Day_1,Fair,Fast,5mm,Experiment_2
2025-10-23T02:44:24.195Z,2436,6250,22926,3552,8467,28046,5413,8131,34208,4334,7754,31059,Day_1,Fair,Fast,5mm,Experiment_2
2025-10-23T02:44:24.235Z,2434,6244,22925,3551,8460,28042,5418,8144,34221,4332,7758,31060,Day_1,Fair,Fast,5mm,Experiment_2
2025-10-23T02:44:24.275Z,2428,6243,22925,3547,8458,28041,5406,8152,34242,4326,7759,31064,Day_1,Fair,Fast,5mm,Experiment_2
2025-10-23T02:44:24.315Z,2423,6247,22922,3543,8461,28040,5391,8146,34253,4323,7752,31069,Day_1,Fair,Fast,5mm,Experiment_2
2025-10-23T02:44:24.355Z,2418,6252,22914,3542,8467,28036,5382,8140,34245,4322,7744,31068,Day_1,Fair,Fast,5mm,Experiment_2
2025-10-23T02:44:24.395Z,2412,6256,22910,3542,8470,28037,5373,8148,34223,4318,7743,31062,Day_1,Fair,Fast,5mm,Experiment_2
2025-10-23T02:44:24.435Z,2406,6264,22916,3541,8474,28046,5361,8155,34206,4313,7745,31063,Day_1,Fair,Fast,5mm,Experiment_2
2025-10-23T02:44:24.475Z,2408,6272,22923,3544,8481,28055,5350,8133,34207,4308,7739,31071,Day_1,Fair,Fast,5mm,Experiment_2
2025-10-23T02:44:24.515Z,2415,6271,22923,3548,8483,28056,5348,8087,34215,4307,7720,31076,Day_1,Fair,Fast,5mm,Experiment_2
2025-10-23T02:44:24.555Z,2422,6266,22921,3550,8480,28054,5363,8056,34226,4314,7706,31080,Day_1,Fair,Fast,5mm,Experiment_2
2025-10-23T02:44:24.595Z,2428,6263,22919,3552,8478,28052,5376,8062,34235,4323,7710,31084,Day_1,Fair,Fast,5mm,Experiment_2
2025-10-23T02:44:24.635Z,2435,6262,22915,3558,8476,28047,5370,8086,34237,4323,7727,31083,Day_1,Fair,Fast,5mm,Experiment_2
2025-10-23T02:44:24.675Z,2435,6261,22910,3560,8476,28038,5351,8101,34236,4316,7741,31078,Day_1,Fair,Fast,5mm,Experiment_2
2025-10-23T02:44:24.715Z,2427,6257,22909,3555,8475,28032,5347,8102,34235,4312,7742,31075,Day_1,Fair,Fast,5mm,Experiment_2
2025-10-23T02:44:24.755Z,2420,6251,22911,3551,8473,28034,5363,8097,34235,4317,7737,31074,Day_1,Fair,Fast,5mm,Experiment_2
2025-10-23T02:44:24.795Z,2421,6241,22913,3552,8469,28040,5382,8101,34238,4324,7733,31072,Day_1,Fair,Fast,5mm,Experiment_2
2025-10-23T02:44:24.835Z,2429,6234,22912,3556,8467,28043,5389,8117,34241,4328,7732,31068,Day_1,Fair,Fast,5mm,Experiment_2
2025-10-23T02:44:24.875Z,2435,6240,22910,3559,8470,28046,5384,8129,34238,4328,7730,31064,Day_1,Fair,Fast,5mm,Experiment_2
2025-10-23T02:44:24.915Z,2437,6256,22910,3558,8477,28049,5375,8130,34234,4327,7731,31067,Day_1,Fair,Fast,5mm,Experiment_2
2025-10-23T02:44:24.955Z,2438,6267,22912,3558,8483,28053,5365,8123,34237,4327,7735,31074,Day_1,Fair,Fast,5mm,Experiment_2
2025-10-23T02:44:24.995Z,2438,6267,22920,3558,8481,28060,5350,8116,34235,4322,7742,31074,Day_1,Fair,Fast,5mm,Experiment_2
2025-10-23T02:44:25.035Z,2435,6260,22924,3557,8478,28060,5333,8115,34214,4311,7747,31064,Day_1,Fair,Fast,5mm,Experiment_2
2025-10-23T02:44:25.075Z,2432,6253,22913,3557,8476,28045,5330,8112,34186,4304,7743,31052,Day_1,Fair,Fast,5mm,Experiment_2
2025-10-23T02:44:25.115Z,2432,6248,22900,3560,8474,28027,5344,8106,34173,4310,7735,31049,Day_1,Fair,Fast,5mm,Experiment_2
2025-10-23T02:44:25.156Z,2434,6250,22901,3562,8474,28026,5361,8107,34178,4318,7732,31057,Day_1,Fair,Fast,5mm,Experiment_2
2025-10-23T02:44:25.196Z,2437,6258,22909,3563,8476,28035,5367,8111,34186,4318,7735,31068,Day_1,Fair,Fast,5mm,Experiment_2
2025-10-23T02:44:25.236Z,2438,6262,22913,3563,8474,28041,5365,8116,34186,4312,7739,31074,Day_1,Fair,Fast,5mm,Experiment_2
2025-10-23T02:44:25.276Z,2437,6259,22911,3563,8468,28041,5369,8123,34186,4313,7741,31072,Day_1,Fair,Fast,5mm,Experiment_2
2025-10-23T02:44:25.316Z,2435,6261,22907,3562,8469,28038,5382,8124,34192,4321,7741,31067,Day_1,Fair,Fast,5mm,Experiment_2
2025-10-23T02:44:25.356Z,2431,6271,22904,3558,8478,28039,5399,8113,34201,4328,7738,31065,Day_1,Fair,Fast,5mm,Experiment_2
2025-10-23T02:44:25.396Z,2424,6273,22909,3551,8482,28047,5417,8099,34211,4334,7736,31064,Day_1,Fair,Fast,5mm,Experiment_2
2025-10-23T02:44:25.436Z,2419,6264,22919,3548,8477,28057,5426,8093,34215,4339,7736,31059,Day_1,Fair,Fast,5mm,Experiment_2
2025-10-23T02:44:25.476Z,2419,6257,22920,3552,8474,28056,5418,8097,34212,4340,7738,31054,Day_1,Fair,Fast,5mm,Experiment_2
2025-10-23T02:44:25.516Z,2425,6256,22905,3559,8475,28042,5404,8116,34207,4338,7744,31050,Day_1,Fair,Fast,5mm,Experiment_2
2025-10-23T02:44:25.556Z,2435,6257,22890,3565,8477,28030,5392,8137,34202,4336,7750,31048,Day_1,Fair,Fast,5mm,Experiment_2
2025-10-23T02:44:25.596Z,2441,6257,22887,3564,8477,28029,5383,8138,34198,4334,7750,31043,Day_1,Fair,Fast,5mm,Experiment_2
2025-10-23T02:44:25.636Z,2439,6258,22890,3556,8478,28033,5372,8121,34196,4328,7740,31038,Day_1,Fair,Fast,5mm,Experiment_2
2025-10-23T02:44:25.676Z,2432,6261,22890,3546,8477,28033,5363,8098,34197,4322,7726,31038,Day_1,Fair,Fast,5mm,Experiment_2
2025-10-23T02:44:25.716Z,2427,6259,22888,3543,8473,28026,5368,8081,34196,4321,7713,31042,Day_1,Fair,Fast,5mm,Experiment_2
2025-10-23T02:44:25.756Z,2428,6253,22884,3546,8468,28019,5386,8074,34191,4330,7709,31046,Day_1,Fair,Fast,5mm,Experiment_2
2025-10-23T02:44:25.796Z,2434,6249,22885,3551,8466,28018,5397,8079,34185,4338,7717,31045,Day_1,Fair,Fast,5mm,Experiment_2
2025-10-23T02:44:25.836Z,2438,6252,22897,3556,8469,28031,5397,8091,34185,4342,7729,31042,Day_1,Fair,Fast,5mm,Experiment_2
2025-10-23T02:44:25.876Z,2440,6258,22916,3561,8471,28050,5401,8102,34202,4343,7737,31042,Day_1,Fair,Fast,5mm,Experiment_2
2025-10-23T02:44:25.916Z,2440,6258,22925,3566,8469,28060,5407,8108,34219,4342,7742,31043,Day_1,Fair,Fast,5mm,Experiment_2
2025-10-23T02:44:25.956Z,2442,6254,22917,3570,8465,28055,5410,8112,34219,4339,7745,31043,Day_1,Fair,Fast,5mm,Experiment_2
2025-10-23T02:44:25.996Z,2443,6251,22911,3570,8464,28050,5407,8117,34205,4339,7747,31043,Day_1,Fair,Fast,5mm,Experiment_2
2025-10-23T02:44:26.036Z,2444,6249,22918,3569,8465,28054,5405,8120,34196,4341,7749,31045,Day_1,Fair,Fast,5mm,Experiment_2
2025-10-23T02:44:26.076Z,2447,6248,22929,3569,8467,28063,5405,8122,34201,4339,7751,31049,Day_1,Fair,Fast,5mm,Experiment_2
2025-10-23T02:44:26.116Z,2449,6246,22928,3568,8466,28062,5397,8125,34214,4328,7751,31053,Day_1,Fair,Fast,5mm,Experiment_2
2025-10-23T02:44:26.156Z,2445,6246,22914,3562,8466,28050,5378,8127,34233,4315,7747,31061,Day_1,Fair,Fast,5mm,Experiment_2
2025-10-23T02:44:26.196Z,2435,6250,22898,3551,8470,28036,5368,8133,34254,4313,7745,31068,Day_1,Fair,Fast,5mm,Experiment_2
2025-10-23T02:44:26.236Z,2424,6260,22890,3543,8478,28031,5378,8150,34255,4322,7751,31066,Day_1,Fair,Fast,5mm,Experiment_2
2025-10-23T02:44:26.276Z,2419,6271,22891,3542,8486,28033,5396,8163,34236,4330,7756,31055,Day_1,Fair,Fast,5mm,Experiment_2
2025-10-23T02:44:26.316Z,2422,6278,22897,3548,8491,28038,5407,8157,34230,4334,7752,31050,Day_1,Fair,Fast,5mm,Experiment_2
2025-10-23T02:44:26.356Z,2431,6275,22904,3557,8488,28045,5413,8146,34246,4338,7747,31056,Day_1,Fair,Fast,5mm,Experiment_2
2025-10-23T02:44:26.396Z,2440,6261,22909,3566,8478,28051,5424,8138,34255,4348,7746,31061,Day_1,Fair,Fast,5mm,Experiment_2
2025-10-23T02:44:26.436Z,2447,6246,22912,3573,8465,28053,5436,8128,34241,4356,7746,31060,Day_1,Fair,Fast,5mm,Experiment_2
2025-10-23T02:44:26.476Z,2451,6236,22920,3577,8456,28056,5432,8117,34220,4354,7745,31057,Day_1,Fair,Fast,5mm,Experiment_2
2025-10-23T02:44:26.516Z,2453,6235,22929,3579,8453,28061,5419,8106,34210,4345,7742,31055,Day_1,Fair,Fast,5mm,Experiment_2
2025-10-23T02:44:26.556Z,2457,6244,22931,3582,8459,28060,5416,8098,34207,4342,7738,31054,Day_1,Fair,Fast,5mm,Experiment_2
2025-10-23T02:44:26.596Z,2460,6258,22920,3585,8469,28048,5423,8097,34207,4347,7736,31054,Day_1,Fair,Fast,5mm,Experiment_2
2025-10-23T02:44:26.636Z,2457,6266,22903,3583,8477,28032,5422,8103,34215,4348,7738,31057,Day_1,Fair,Fast,5mm,Experiment_2
2025-10-23T02:44:26.676Z,2444,6271,22890,3571,8483,28021,5414,8110,34234,4346,7738,31067,Day_1,Fair,Fast,5mm,Experiment_2
2025-10-23T02:44:26.716Z,2431,6275,22889,3557,8490,28020,5410,8110,34257,4346,7737,31078,Day_1,Fair,Fast,5mm,Experiment_2
2025-10-23T02:44:26.756Z,2427,6281,22898,3553,8496,28027,5417,8106,34261,4347,7736,31082,Day_1,Fair,Fast,5mm,Experiment_2
2025-10-23T02:44:26.796Z,2432,6280,22908,3559,8496,28037,5421,8097,34245,4341,7733,31076,Day_1,Fair,Fast,5mm,Experiment_2
2025-10-23T02:44:26.836Z,2439,6267,22910,3566,8486,28043,5414,8091,34224,4331,7730,31066,Day_1,Fair,Fast,5mm,Experiment_2
2025-10-23T02:44:26.876Z,2441,6249,22907,3567,8471,28043,5403,8092,34204,4323,7731,31054,Day_1,Fair,Fast,5mm,Experiment_2
2025-10-23T02:44:26.916Z,2437,6238,22904,3561,8462,28039,5394,8103,34182,4321,7738,31040,Day_1,Fair,Fast,5mm,Experiment_2
2025-10-23T02:44:26.956Z,2431,6234,22902,3553,8459,28035,5388,8112,34174,4322,7743,31031,Day_1,Fair,Fast,5mm,Experiment_2
2025-10-23T02:44:26.996Z,2427,6233,22901,3549,8458,28031,5388,8108,34188,4326,7741,31031,Day_1,Fair,Fast,5mm,Experiment_2
2025-10-23T02:44:27.036Z,2427,6235,22899,3550,8459,28028,5395,8100,34208,4333,7734,31038,Day_1,Fair,Fast,5mm,Experiment_2
2025-10-23T02:44:27.076Z,2432,6246,22897,3555,8464,28029,5406,8102,34221,4337,7729,31048,Day_1,Fair,Fast,5mm,Experiment_2
2025-10-23T02:44:27.116Z,2440,6262,22897,3562,8475,28033,5415,8113,34225,4340,7732,31054,Day_1,Fair,Fast,5mm,Experiment_2
2025-10-23T02:44:27.156Z,2447,6273,22901,3568,8485,28040,5417,8125,34216,4343,7740,31051,Day_1,Fair,Fast,5mm,Experiment_2
2025-10-23T02:44:27.196Z,2448,6272,22909,3570,8485,28048,5408,8130,34213,4344,7745,31046,Day_1,Fair,Fast,5mm,Experiment_2
2025-10-23T02:44:27.236Z,2444,6263,22915,3565,8480,28055,5391,8125,34235,4341,7745,31049,Day_1,Fair,Fast,5mm,Experiment_2
2025-10-23T02:44:27.276Z,2440,6255,22916,3559,8476,28054,5373,8118,34270,4334,7744,31061,Day_1,Fair,Fast,5mm,Experiment_2
2025-10-23T02:44:27.316Z,2439,6253,22915,3557,8478,28051,5360,8122,34291,4325,7746,31069,Day_1,Fair,Fast,5mm,Experiment_2
2025-10-23T02:44:27.356Z,2436,6252,22923,3554,8479,28055,5357,8129,34281,4320,7747,31065,Day_1,Fair,Fast,5mm,Experiment_2
2025-10-23T02:44:27.396Z,2431,6251,22935,3550,8476,28062,5366,8119,34255,4322,7743,31054,Day_1,Fair,Fast,5mm,Experiment_2
2025-10-23T02:44:27.436Z,2430,6251,22935,3551,8471,28061,5379,8101,34241,4328,7740,31047,Day_1,Fair,Fast,5mm,Experiment_2
2025-10-23T02:44:27.476Z,2430,6252,22921,3553,8469,28051,5388,8095,34239,4331,7740,31045,Day_1,Fair,Fast,5mm,Experiment_2
2025-10-23T02:44:27.516Z,2428,6254,22907,3553,8470,28042,5397,8109,34228,4332,7741,31044,Day_1,Fair,Fast,5mm,Experiment_2
2025-10-23T02:44:27.556Z,2432,6257,22905,3557,8474,28046,5410,8127,34215,4333,7742,31044,Day_1,Fair,Fast,5mm,Experiment_2
2025-10-23T02:44:27.596Z,2438,6262,22912,3562,8478,28057,5418,8130,34213,4334,7739,31047,Day_1,Fair,Fast,5mm,Experiment_2
2025-10-23T02:44:27.636Z,2438,6272,22920,3561,8488,28062,5411,8116,34220,4334,7735,31053,Day_1,Fair,Fast,5mm,Experiment_2
2025-10-23T02:44:27.676Z,2436,6280,22925,3557,8496,28060,5398,8107,34225,4330,7734,31059,Day_1,Fair,Fast,5mm,Experiment_2
2025-10-23T02:44:27.716Z,2438,6280,22929,3557,8498,28055,5389,8106,34224,4325,7736,31060,Day_1,Fair,Fast,5mm,Experiment_2
2025-10-23T02:44:27.756Z,2445,6279,22931,3563,8498,28051,5390,8105,34224,4326,7737,31062,Day_1,Fair,Fast,5mm,Experiment_2
2025-10-23T02:44:27.796Z,2451,6280,22927,3568,8500,28046,5405,8112,34232,4338,7744,31068,Day_1,Fair,Fast,5mm,Experiment_2
2025-10-23T02:44:27.836Z,2450,6279,22916,3571,8500,28036,5422,8128,34244,4348,7753,31075,Day_1,Fair,Fast,5mm,Experiment_2
2025-10-23T02:44:27.876Z,2443,6274,22906,3570,8495,28026,5424,8137,34256,4349,7759,31074,Day_1,Fair,Fast,5mm,Experiment_2
2025-10-23T02:44:27.916Z,2434,6266,22902,3566,8487,28023,5421,8128,34258,4345,7756,31065,Day_1,Fair,Fast,5mm,Experiment_2
2025-10-23T02:44:27.956Z,2430,6257,22902,3562,8477,28025,5421,8109,34243,4343,7749,31051,Day_1,Fair,Fast,5mm,Experiment_2
2025-10-23T02:44:27.996Z,2435,6253,22900,3563,8470,28026,5415,8091,34227,4342,7740,31041,Day_1,Fair,Fast,5mm,Experiment_2
2025-10-23T02:44:28.036Z,2443,6256,22898,3567,8471,28028,5402,8080,34221,4339,7734,31042,Day_1,Fair,Fast,5mm,Experiment_2
2025-10-23T02:44:28.076Z,2447,6257,22903,3569,8473,28035,5386,8078,34214,4334,7731,31050,Day_1,Fair,Fast,5mm,Experiment_2
2025-10-23T02:44:28.116Z,2445,6251,22915,3569,8470,28048,5372,8081,34203,4328,7730,31057,Day_1,Fair,Fast,5mm,Experiment_2
2025-10-23T02:44:28.156Z,2439,6245,22923,3566,8468,28055,5365,8087,34193,4323,7732,31059,Day_1,Fair,Fast,5mm,Experiment_2
2025-10-23T02:44:28.196Z,2436,6245,22922,3564,8471,28051,5366,8096,34186,4318,7736,31054,Day_1,Fair,Fast,5mm,Experiment_2
2025-10-23T02:44:28.236Z,2438,6249,22916,3566,8474,28046,5369,8101,34180,4316,7737,31050,Day_1,Fair,Fast,5mm,Experiment_2
2025-10-23T02:44:28.276Z,2443,6249,22913,3570,8473,28047,5372,8097,34181,4319,7732,31051,Day_1,Fair,Fast,5mm,Experiment_2
2025-10-23T02:44:28.316Z,2447,6240,22918,3573,8467,28054,5386,8089,34187,4329,7726,31050,Day_1,Fair,Fast,5mm,Experiment_2
2025-10-23T02:44:28.356Z,2448,6227,22923,3572,8456,28059,5405,8084,34192,4342,7722,31049,Day_1,Fair,Fast,5mm,Experiment_2
2025-10-23T02:44:28.396Z,2443,6223,22917,3566,8451,28055,5414,8087,34191,4347,7720,31050,Day_1,Fair,Fast,5mm,Experiment_2
2025-10-23T02:44:28.436Z,2436,6230,22906,3560,8456,28046,5405,8098,34185,4345,7723,31051,Day_1,Fair,Fast,5mm,Experiment_2
2025-10-23T02:44:28.476Z,2432,6241,22901,3558,8466,28042,5387,8107,34185,4338,7731,31051,Day_1,Fair,Fast,5mm,Experiment_2
2025-10-23T02:44:28.516Z,2434,6245,22901,3563,8471,28046,5368,8105,34193,4326,7735,31049,Day_1,Fair,Fast,5mm,Experiment_2
2025-10-23T02:44:28.556Z,2442,6246,22903,3571,8472,28051,5357,8102,34200,4314,7738,31046,Day_1,Fair,Fast,5mm,Experiment_2
2025-10-23T02:44:28.596Z,2449,6246,22910,3576,8472,28054,5361,8110,34200,4310,7743,31044,Day_1,Fair,Fast,5mm,Experiment_2
2025-10-23T02:44:28.636Z,2448,6249,22920,3574,8472,28055,5377,8125,34195,4317,7749,31044,Day_1,Fair,Fast,5mm,Experiment_2
2025-10-23T02:44:28.676Z,2443,6249,22928,3570,8467,28055,5391,8135,34193,4329,7752,31049,Day_1,Fair,Fast,5mm,Experiment_2
2025-10-23T02:44:28.716Z,2441,6246,22930,3572,8459,28055,5392,8133,34203,4338,7748,31058,Day_1,Fair,Fast,5mm,Experiment_2
2025-10-23T02:44:28.756Z,2446,6241,22926,3580,8450,28055,5387,8120,34213,4341,7743,31060,Day_1,Fair,Fast,5mm,Experiment_2
2025-10-23T02:44:28.796Z,2450,6236,22921,3586,8445,28053,5387,8107,34208,4341,7741,31052,Day_1,Fair,Fast,5mm,Experiment_2
2025-10-23T02:44:28.836Z,2450,6233,22917,3586,8445,28046,5392,8099,34197,4338,7739,31040,Day_1,Fair,Fast,5mm,Experiment_2
2025-10-23T02:44:28.876Z,2449,6231,22915,3581,8446,28039,5396,8092,34193,4332,7735,31033,Day_1,Fair,Fast,5mm,Experiment_2
2025-10-23T02:44:28.916Z,2449,6232,22916,3578,8450,28041,5395,8082,34198,4328,7729,31038,Day_1,Fair,Fast,5mm,Experiment_2
2025-10-23T02:44:28.956Z,2449,6240,22922,3574,8459,28051,5386,8078,34215,4321,7727,31056,Day_1,Fair,Fast,5mm,Experiment_2
2025-10-23T02:44:28.996Z,2450,6255,22934,3573,8472,28064,5373,8085,34242,4314,7731,31077,Day_1,Fair,Fast,5mm,Experiment_2
2025-10-23T02:44:29.036Z,2454,6270,22945,3575,8486,28072,5368,8103,34257,4313,7736,31085,Day_1,Fair,Fast,5mm,Experiment_2
2025-10-23T02:44:29.076Z,2455,6274,22943,3573,8492,28068,5369,8125,34252,4315,7740,31081,Day_1,Fair,Fast,5mm,Experiment_2
2025-10-23T02:44:29.116Z,2448,6266,22928,3565,8486,28055,5368,8132,34239,4314,7738,31071,Day_1,Fair,Fast,5mm,Experiment_2
2025-10-23T02:44:29.156Z,2436,6256,22916,3556,8475,28044,5366,8122,34229,4311,7734,31058,Day_1,Fair,Fast,5mm,Experiment_2
2025-10-23T02:44:29.196Z,2428,6254,22910,3551,8469,28040,5370,8111,34229,4311,7735,31050,Day_1,Fair,Fast,5mm,Experiment_2
2025-10-23T02:44:29.236Z,2426,6260,22902,3550,8472,28036,5377,8106,34245,4318,7739,31054,Day_1,Fair,Fast,5mm,Experiment_2
2025-10-23T02:44:29.276Z,2432,6267,22898,3553,8479,28031,5387,8106,34258,4327,7741,31064,Day_1,Fair,Fast,5mm,Experiment_2
2025-10-23T02:44:29.316Z,2439,6268,22899,3558,8481,28029,5397,8114,34248,4334,7746,31064,Day_1,Fair,Fast,5mm,Experiment_2
2025-10-23T02:44:29.356Z,2443,6262,22903,3560,8474,28031,5401,8124,34222,4335,7753,31057,Day_1,Fair,Fast,5mm,Experiment_2
2025-10-23T02:44:29.396Z,2444,6258,22905,3561,8469,28036,5395,8122,34201,4330,7753,31052,Day_1,Fair,Fast,5mm,Experiment_2
2025-10-23T02:44:29.436Z,2445,6263,22908,3562,8471,28045,5388,8109,34205,4324,7745,31055,Day_1,Fair,Fast,5mm,Experiment_2
2025-10-23T02:44:29.477Z,2445,6266,22917,3562,8476,28055,5383,8097,34229,4324,7738,31065,Day_1,Fair,Fast,5mm,Experiment_2
2025-10-23T02:44:29.517Z,2445,6264,22928,3562,8478,28063,5386,8104,34249,4330,7739,31073,Day_1,Fair,Fast,5mm,Experiment_2
2025-10-23T02:44:29.557Z,2440,6264,22931,3560,8482,28063,5390,8124,34248,4336,7747,31076,Day_1,Fair,Fast,5mm,Experiment_2
2025-10-23T02:44:29.597Z,2435,6269,22929,3558,8490,28058,5391,8144,34237,4337,7755,31074,Day_1,Fair,Fast,5mm,Experiment_2
2025-10-23T02:44:29.637Z,2434,6267,22925,3558,8488,28051,5395,8154,34229,4337,7758,31069,Day_1,Fair,Fast,5mm,Experiment_2
2025-10-23T02:44:29.677Z,2436,6257,22920,3560,8480,28044,5403,8161,34226,4339,7760,31064,Day_1,Fair,Fast,5mm,Experiment_2
2025-10-23T02:44:29.717Z,2436,6253,22916,3560,8476,28039,5402,8165,34221,4335,7760,31061,Day_1,Fair,Fast,5mm,Experiment_2
2025-10-23T02:44:29.757Z,2432,6259,22914,3558,8480,28036,5384,8166,34213,4324,7760,31056,Day_1,Fair,Fast,5mm,Experiment_2
2025-10-23T02:44:29.797Z,2428,6267,22914,3555,8483,28037,5362,8174,34216,4311,7761,31051,Day_1,Fair,Fast,5mm,Experiment_2
2025-10-23T02:44:29.837Z,2427,6272,22914,3556,8485,28040,5354,8180,34235,4307,7761,31054,Day_1,Fair,Fast,5mm,Experiment_2
2025-10-23T02:44:29.877Z,2430,6276,22911,3559,8489,28040,5363,8167,34256,4312,7756,31066,Day_1,Fair,Fast,5mm,Experiment_2
2025-10-23T02:44:29.917Z,2433,6281,22907,3560,8495,28037,5373,8139,34260,4319,7748,31077,Day_1,Fair,Fast,5mm,Experiment_2
2025-10-23T02:44:29.957Z,2432,6280,22905,3559,8496,28035,5373,8109,34241,4324,7741,31076,Day_1,Fair,Fast,5mm,Experiment_2
2025-10-23T02:44:29.997Z,2429,6274,22903,3556,8492,28037,5366,8094,34209,4326,7737,31059,Day_1,Fair,Fast,5mm,Experiment_2
2025-10-23T02:44:30.037Z,2428,6265,22902,3553,8486,28039,5365,8100,34182,4326,7739,31039,Day_1,Fair,Fast,5mm,Experiment_2
2025-10-23T02:44:30.077Z,2432,6258,22905,3554,8479,28042,5371,8115,34174,4327,7742,31029,Day_1,Fair,Fast,5mm,Experiment_2
2025-10-23T02:44:30.117Z,2438,6256,22915,3557,8476,28046,5377,8125,34184,4325,7744,31034,Day_1,Fair,Fast,5mm,Experiment_2
2025-10-23T02:44:30.157Z,2439,6258,22923,3558,8474,28048,5381,8126,34203,4322,7742,31049,Day_1,Fair,Fast,5mm,Experiment_2
2025-10-23T02:44:30.197Z,2437,6259,22918,3557,8474,28044,5391,8122,34224,4326,7741,31065,Day_1,Fair,Fast,5mm,Experiment_2
2025-10-23T02:44:30.237Z,2433,6259,22904,3557,8476,28034,5403,8124,34240,4332,7744,31074,Day_1,Fair,Fast,5mm,Experiment_2
2025-10-23T02:44:30.277Z,2432,6257,22893,3559,8478,28028,5406,8133,34246,4335,7751,31071,Day_1,Fair,Fast,5mm,Experiment_2
2025-10-23T02:44:30.317Z,2435,6255,22890,3563,8478,28030,5403,8131,34246,4337,7749,31067,Day_1,Fair,Fast,5mm,Experiment_2
2025-10-23T02:44:30.357Z,2443,6251,22892,3569,8476,28033,5400,8118,34241,4338,7740,31067,Day_1,Fair,Fast,5mm,Experiment_2
2025-10-23T02:44:30.397Z,2454,6246,22894,3575,8473,28036,5398,8107,34233,4337,7733,31064,Day_1,Fair,Fast,5mm,Experiment_2
2025-10-23T02:44:30.437Z,2459,6244,22896,3576,8471,28037,5393,8103,34224,4335,7733,31053,Day_1,Fair,Fast,5mm,Experiment_2
2025-10-23T02:44:30.477Z,2455,6250,22900,3571,8475,28039,5393,8109,34219,4335,7741,31041,Day_1,Fair,Fast,5mm,Experiment_2
2025-10-23T02:44:30.517Z,2444,6257,22905,3560,8480,28042,5399,8124,34216,4338,7751,31041,Day_1,Fair,Fast,5mm,Experiment_2
2025-10-23T02:44:30.557Z,2430,6256,22913,3548,8476,28047,5401,8131,34212,4337,7755,31051,Day_1,Fair,Fast,5mm,Experiment_2
2025-10-23T02:44:30.597Z,2421,6248,22917,3543,8466,28047,5397,8127,34199,4331,7753,31056,Day_1,Fair,Fast,5mm,Experiment_2
2025-10-23T02:44:30.637Z,2419,6243,22913,3544,8461,28041,5402,8126,34185,4330,7751,31052,Day_1,Fair,Fast,5mm,Experiment_2
2025-10-23T02:44:30.677Z,2423,6244,22904,3550,8463,28032,5415,8130,34179,4336,7751,31047,Day_1,Fair,Fast,5mm,Experiment_2
2025-10-23T02:44:30.717Z,2428,6248,22897,3556,8466,28026,5419,8125,34190,4344,7747,31054,Day_1,Fair,Fast,5mm,Experiment_2
2025-10-23T02:44:30.757Z,2430,6251,22896,3557,8468,28028,5415,8111,34214,4348,7739,31068,Day_1,Fair,Fast,5mm,Experiment_2
2025-10-23T02:44:30.797Z,2428,6254,22902,3551,8473,28036,5417,8103,34238,4352,7737,31077,Day_1,Fair,Fast,5mm,Experiment_2
2025-10-23T02:44:30.837Z,2424,6255,22909,3546,8479,28045,5417,8100,34246,4351,7739,31075,Day_1,Fair,Fast,5mm,Experiment_2
2025-10-23T02:44:30.877Z,2420,6256,22913,3544,8481,28049,5406,8100,34242,4343,7739,31068,Day_1,Fair,Fast,5mm,Experiment_2
2025-10-23T02:44:30.917Z,2417,6258,22910,3541,8483,28044,5394,8104,34240,4336,7739,31065,Day_1,Fair,Fast,5mm,Experiment_2
2025-10-23T02:44:30.957Z,2418,6263,22906,3539,8486,28036,5390,8106,34247,4334,7739,31067,Day_1,Fair,Fast,5mm,Experiment_2
2025-10-23T02:44:30.997Z,2424,6268,22906,3543,8488,28034,5393,8099,34254,4337,7735,31071,Day_1,Fair,Fast,5mm,Experiment_2
2025-10-23T02:44:31.037Z,2433,6268,22913,3550,8486,28041,5396,8089,34253,4338,7730,31072,Day_1,Fair,Fast,5mm,Experiment_2
2025-10-23T02:44:31.077Z,2436,6264,22920,3555,8479,28046,5388,8085,34239,4332,7725,31068,Day_1,Fair,Fast,5mm,Experiment_2
2025-10-23T02:44:31.117Z,2431,6256,22922,3554,8470,28042,5370,8088,34220,4321,7721,31061,Day_1,Fair,Fast,5mm,Experiment_2
2025-10-23T02:44:31.157Z,2425,6246,22919,3551,8460,28035,5355,8094,34207,4316,7720,31058,Day_1,Fair,Fast,5mm,Experiment_2
2025-10-23T02:44:31.197Z,2426,6240,22913,3551,8454,28033,5352,8101,34204,4316,7721,31058,Day_1,Fair,Fast,5mm,Experiment_2
2025-10-23T02:44:31.237Z,2432,6238,22911,3554,8454,28036,5360,8109,34209,4320,7724,31059,Day_1,Fair,Fast,5mm,Experiment_2
2025-10-23T02:44:31.277Z,2436,6240,22916,3557,8456,28044,5376,8118,34217,4324,7730,31058,Day_1,Fair,Fast,5mm,Experiment_2
2025-10-23T02:44:31.317Z,2434,6247,22924,3555,8461,28052,5393,8120,34212,4326,7734,31055,Day_1,Fair,Fast,5mm,Experiment_2
2025-10-23T02:44:31.357Z,2431,6257,22926,3555,8471,28057,5404,8114,34195,4329,7734,31049,Day_1,Fair,Fast,5mm,Experiment_2
2025-10-23T02:44:31.397Z,2428,6266,22918,3557,8481,28054,5403,8107,34182,4330,7732,31048,Day_1,Fair,Fast,5mm,Experiment_2
2025-10-23T02:44:31.437Z,2428,6266,22911,3558,8482,28049,5391,8100,34182,4327,7729,31051,Day_1,Fair,Fast,5mm,Experiment_2
2025-10-23T02:44:31.477Z,2431,6258,22911,3558,8476,28043,5386,8093,34186,4326,7727,31049,Day_1,Fair,Fast,5mm,Experiment_2
2025-10-23T02:44:31.517Z,2435,6248,22912,3557,8470,28036,5391,8094,34187,4329,7729,31043,Day_1,Fair,Fast,5mm,Experiment_2
2025-10-23T02:44:31.557Z,2433,6246,22907,3555,8467,28028,5395,8108,34188,4333,7737,31041,Day_1,Fair,Fast,5mm,Experiment_2
2025-10-23T02:44:31.597Z,2427,6254,22903,3550,8469,28025,5396,8127,34198,4334,7747,31048,Day_1,Fair,Fast,5mm,Experiment_2
2025-10-23T02:44:31.637Z,2423,6264,22903,3546,8473,28030,5397,8142,34210,4334,7754,31056,Day_1,Fair,Fast,5mm,Experiment_2
2025-10-23T02:44:31.677Z,2423,6272,22907,3547,8482,28037,5397,8142,34213,4331,7754,31060,Day_1,Fair,Fast,5mm,Experiment_2
2025-10-23T02:44:31.717Z,2431,6276,22908,3556,8493,28041,5385,8129,34213,4327,7749,31062,Day_1,Fair,Fast,5mm,Experiment_2
2025-10-23T02:44:31.757Z,2445,6274,22904,3568,8498,28041,5368,8118,34226,4325,7746,31068,Day_1,Fair,Fast,5mm,Experiment_2
2025-10-23T02:44:31.797Z,2454,6269,22898,3576,8495,28038,5361,8115,34241,4327,7745,31076,Day_1,Fair,Fast,5mm,Experiment_2
2025-10-23T02:44:31.837Z,2450,6265,22897,3572,8489,28037,5369,8113,34240,4330,7745,31070,Day_1,Fair,Fast,5mm,Experiment_2
2025-10-23T02:44:31.877Z,2442,6266,22904,3562,8487,28043,5388,8110,34222,4335,7745,31053,Day_1,Fair,Fast,5mm,Experiment_2
2025-10-23T02:44:31.917Z,2440,6273,22917,3556,8489,28053,5403,8109,34208,4337,7745,31042,Day_1,Fair,Fast,5mm,Experiment_2
2025-10-23T02:44:31.957Z,2442,6277,22927,3558,8490,28058,5407,8107,34217,4334,7739,31051,Day_1,Fair,Fast,5mm,Experiment_2
2025-10-23T02:44:31.997Z,2444,6266,22930,3561,8480,28055,5403,8097,34234,4330,7728,31063,Day_1,Fair,Fast,5mm,Experiment_2
2025-10-23T02:44:32.037Z,2446,6247,22925,3566,8460,28049,5399,8090,34236,4331,7722,31064,Day_1,Fair,Fast,5mm,Experiment_2
2025-10-23T02:44:32.077Z,2447,6239,22915,3571,8442,28042,5396,8101,34230,4337,7728,31059,Day_1,Fair,Fast,5mm,Experiment_2
2025-10-23T02:44:32.117Z,2449,6249,22908,3577,8435,28038,5395,8121,34236,4340,7739,31061,Day_1,Fair,Fast,5mm,Experiment_2
2025-10-23T02:44:32.157Z,2455,6261,22905,3582,8440,28036,5395,8135,34245,4339,7746,31072,Day_1,Fair,Fast,5mm,Experiment_2
2025-10-23T02:44:32.197Z,2459,6262,22901,3583,8452,28035,5391,8134,34240,4335,7747,31079,Day_1,Fair,Fast,5mm,Experiment_2
2025-10-23T02:44:32.237Z,2457,6256,22896,3580,8464,28035,5382,8124,34226,4329,7743,31073,Day_1,Fair,Fast,5mm,Experiment_2
2025-10-23T02:44:32.277Z,2453,6255,22895,3579,8471,28039,5372,8112,34219,4325,7738,31062,Day_1,Fair,Fast,5mm,Experiment_2
2025-10-23T02:44:32.317Z,2452,6257,22901,3576,8475,28047,5369,8099,34226,4326,7731,31059,Day_1,Fair,Fast,5mm,Experiment_2
2025-10-23T02:44:32.357Z,2447,6252,22907,3568,8472,28053,5377,8089,34240,4330,7722,31067,Day_1,Fair,Fast,5mm,Experiment_2
2025-10-23T02:44:32.397Z,2437,6241,22905,3559,8463,28049,5392,8083,34241,4336,7717,31072,Day_1,Fair,Fast,5mm,Experiment_2
2025-10-23T02:44:32.437Z,2432,6232,22898,3555,8458,28037,5407,8084,34218,4342,7718,31061,Day_1,Fair,Fast,5mm,Experiment_2
2025-10-23T02:44:32.477Z,2432,6234,22896,3555,8464,28028,5416,8093,34193,4348,7726,31047,Day_1,Fair,Fast,5mm,Experiment_2
2025-10-23T02:44:32.517Z,2435,6245,22900,3557,8474,28024,5410,8111,34194,4345,7739,31050,Day_1,Fair,Fast,5mm,Experiment_2
2025-10-23T02:44:32.557Z,2440,6257,22901,3561,8481,28023,5388,8131,34217,4329,7753,31067,Day_1,Fair,Fast,5mm,Experiment_2
2025-10-23T02:44:32.597Z,2444,6264,22904,3565,8484,28027,5370,8136,34232,4305,7759,31078,Day_1,Fair,Fast,5mm,Experiment_2
2025-10-23T02:44:32.637Z,2441,6268,22909,3561,8486,28034,5367,8122,34227,4287,7753,31073,Day_1,Fair,Fast,5mm,Experiment_2
2025-10-23T02:44:32.677Z,2438,6268,22913,3558,8485,28040,5368,8104,34216,4283,7743,31061,Day_1,Fair,Fast,5mm,Experiment_2
2025-10-23T02:44:32.717Z,2443,6261,22915,3563,8477,28044,5366,8093,34207,4296,7737,31052,Day_1,Fair,Fast,5mm,Experiment_2
2025-10-23T02:44:32.757Z,2455,6247,22921,3574,8464,28049,5369,8083,34201,4316,7733,31051,Day_1,Fair,Fast,5mm,Experiment_2
2025-10-23T02:44:32.797Z,2462,6239,22925,3582,8457,28053,5373,8075,34199,4326,7728,31056,Day_1,Fair,Fast,5mm,Experiment_2
2025-10-23T02:44:32.837Z,2461,6245,22924,3580,8462,28049,5366,8076,34199,4320,7725,31060,Day_1,Fair,Fast,5mm,Experiment_2
2025-10-23T02:44:32.877Z,2451,6256,22919,3571,8474,28040,5359,8083,34195,4312,7725,31059,Day_1,Fair,Fast,5mm,Experiment_2
2025-10-23T02:44:32.917Z,2440,6264,22914,3561,8483,28034,5369,8088,34186,4313,7726,31049,Day_1,Fair,Fast,5mm,Experiment_2
2025-10-23T02:44:32.957Z,2435,6267,22913,3557,8487,28034,5383,8091,34175,4320,7729,31036,Day_1,Fair,Fast,5mm,Experiment_2
2025-10-23T02:44:32.997Z,2437,6270,22917,3559,8489,28041,5386,8094,34175,4321,7731,31033,Day_1,Fair,Fast,5mm,Experiment_2
2025-10-23T02:44:33.037Z,2439,6270,22922,3565,8489,28049,5389,8094,34182,4319,7731,31039,Day_1,Fair,Fast,5mm,Experiment_2
2025-10-23T02:44:33.077Z,2438,6266,22924,3569,8486,28055,5400,8094,34191,4319,7732,31049,Day_1,Fair,Fast,5mm,Experiment_2
2025-10-23T02:44:33.117Z,2439,6264,22920,3573,8485,28057,5407,8091,34205,4324,7732,31059,Day_1,Fair,Fast,5mm,Experiment_2
2025-10-23T02:44:33.157Z,2440,6266,22913,3573,8486,28055,5407,8082,34221,4330,7727,31066,Day_1,Fair,Fast,5mm,Experiment_2
2025-10-23T02:44:33.197Z,2438,6267,22904,3569,8486,28047,5402,8074,34238,4332,7721,31070,Day_1,Fair,Fast,5mm,Experiment_2
2025-10-23T02:44:33.237Z,2441,6262,22895,3571,8482,28037,5389,8079,34243,4326,7721,31069,Day_1,Fair,Fast,5mm,Experiment_2
2025-10-23T02:44:33.277Z,2452,6255,22889,3581,8479,28026,5378,8096,34220,4318,7727,31058,Day_1,Fair,Fast,5mm,Experiment_2
2025-10-23T02:44:33.317Z,2464,6252,22886,3591,8480,28017,5380,8113,34182,4318,7735,31041,Day_1,Fair,Fast,5mm,Experiment_2
2025-10-23T02:44:33.357Z,2468,6250,22890,3592,8479,28018,5387,8123,34163,4322,7743,31032,Day_1,Fair,Fast,5mm,Experiment_2
2025-10-23T02:44:33.397Z,2461,6245,22900,3584,8470,28030,5388,8133,34166,4323,7751,31037,Day_1,Fair,Fast,5mm,Experiment_2
2025-10-23T02:44:33.438Z,2451,6241,22906,3574,8461,28037,5387,8139,34179,4325,7755,31049,Day_1,Fair,Fast,5mm,Experiment_2
2025-10-23T02:44:33.478Z,2442,6243,22910,3566,8460,28035,5392,8132,34186,4329,7754,31054,Day_1,Fair,Fast,5mm,Experiment_2
2025-10-23T02:44:33.518Z,2436,6248,22916,3562,8466,28035,5397,8117,34185,4331,7748,31049,Day_1,Fair,Fast,5mm,Experiment_2
2025-10-23T02:44:33.558Z,2434,6254,22920,3562,8474,28039,5389,8102,34182,4324,7740,31039,Day_1,Fair,Fast,5mm,Experiment_2
2025-10-23T02:44:33.598Z,2436,6261,22916,3564,8481,28043,5371,8098,34184,4314,7738,31033,Day_1,Fair,Fast,5mm,Experiment_2
2025-10-23T02:44:33.638Z,2440,6269,22908,3570,8486,28044,5361,8102,34194,4313,7739,31040,Day_1,Fair,Fast,5mm,Experiment_2
2025-10-23T02:44:33.678Z,2443,6277,22908,3576,8490,28044,5367,8102,34209,4324,7740,31058,Day_1,Fair,Fast,5mm,Experiment_2
2025-10-23T02:44:33.718Z,2443,6277,22913,3575,8487,28046,5376,8095,34221,4330,7737,31075,Day_1,Fair,Fast,5mm,Experiment_2
2025-10-23T02:44:33.758Z,2436,6269,22913,3563,8479,28044,5382,8087,34230,4330,7734,31082,Day_1,Fair,Fast,5mm,Experiment_2
2025-10-23T02:44:33.798Z,2426,6260,22906,3550,8471,28037,5387,8084,34230,4329,7733,31077,Day_1,Fair,Fast,5mm,Experiment_2
2025-10-23T02:44:33.838Z,2420,6254,22905,3544,8465,28033,5386,8089,34221,4328,7734,31067,Day_1,Fair,Fast,5mm,Experiment_2
2025-10-23T02:44:33.878Z,2420,6253,22917,3543,8465,28037,5373,8096,34220,4323,7735,31067,Day_1,Fair,Fast,5mm,Experiment_2
2025-10-23T02:44:33.918Z,2425,6259,22931,3547,8473,28048,5360,8094,34231,4320,7734,31077,Day_1,Fair,Fast,5mm,Experiment_2
2025-10-23T02:44:33.958Z,2429,6269,22937,3553,8483,28057,5365,8085,34237,4325,7730,31082,Day_1,Fair,Fast,5mm,Experiment_2
2025-10-23T02:44:33.998Z,2430,6273,22929,3554,8488,28054,5392,8083,34232,4338,7731,31078,Day_1,Fair,Fast,5mm,Experiment_2
2025-10-23T02:44:34.038Z,2429,6272,22911,3553,8488,28042,5421,8086,34222,4347,7732,31070,Day_1,Fair,Fast,5mm,Experiment_2
2025-10-23T02:44:34.078Z,2429,6271,22896,3551,8488,28032,5425,8084,34218,4345,7729,31067,Day_1,Fair,Fast,5mm,Experiment_2
2025-10-23T02:44:34.118Z,2429,6275,22891,3549,8491,28032,5411,8085,34230,4337,7727,31071,Day_1,Fair,Fast,5mm,Experiment_2
2025-10-23T02:44:34.158Z,2432,6279,22895,3555,8494,28036,5407,8098,34245,4336,7731,31077,Day_1,Fair,Fast,5mm,Experiment_2
2025-10-23T02:44:34.198Z,2443,6281,22901,3568,8495,28038,5415,8114,34245,4341,7738,31075,Day_1,Fair,Fast,5mm,Experiment_2
2025-10-23T02:44:34.238Z,2453,6280,22910,3578,8492,28040,5418,8117,34234,4344,7740,31071,Day_1,Fair,Fast,5mm,Experiment_2
2025-10-23T02:44:34.278Z,2453,6278,22921,3578,8488,28046,5408,8114,34231,4343,7738,31073,Day_1,Fair,Fast,5mm,Experiment_2
2025-10-23T02:44:34.318Z,2447,6277,22930,3571,8486,28053,5391,8111,34232,4339,7736,31078,Day_1,Fair,Fast,5mm,Experiment_2
2025-10-23T02:44:34.358Z,2445,6274,22936,3566,8483,28061,5365,8105,34226,4329,7733,31077,Day_1,Fair,Fast,5mm,Experiment_2
2025-10-23T02:44:34.398Z,2444,6267,22939,3563,8477,28068,5335,8098,34218,4312,7729,31074,Day_1,Fair,Fast,5mm,Experiment_2
2025-10-23T02:44:34.438Z,2443,6261,22938,3562,8472,28070,5327,8089,34214,4302,7725,31073,Day_1,Fair,Fast,5mm,Experiment_2
2025-10-23T02:44:34.478Z,2439,6259,22926,3562,8471,28061,5354,8080,34208,4310,7723,31066,Day_1,Fair,Fast,5mm,Experiment_2
2025-10-23T02:44:34.518Z,2435,6258,22907,3561,8471,28045,5390,8074,34198,4326,7724,31055,Day_1,Fair,Fast,5mm,Experiment_2
2025-10-23T02:44:34.558Z,2432,6256,22894,3559,8468,28033,5412,8066,34197,4336,7722,31051,Day_1,Fair,Fast,5mm,Experiment_2
2025-10-23T02:44:34.598Z,2430,6254,22895,3556,8467,28032,5427,8051,34208,4342,7714,31056,Day_1,Fair,Fast,5mm,Experiment_2
2025-10-23T02:44:34.638Z,2432,6255,22903,3556,8472,28036,5442,8042,34216,4346,7706,31062,Day_1,Fair,Fast,5mm,Experiment_2
2025-10-23T02:44:34.678Z,2440,6258,22910,3563,8478,28038,5449,8060,34218,4349,7712,31065,Day_1,Fair,Fast,5mm,Experiment_2
2025-10-23T02:44:34.718Z,2448,6262,22914,3568,8482,28038,5449,8104,34222,4352,7731,31067,Day_1,Fair,Fast,5mm,Experiment_2
2025-10-23T02:44:34.758Z,2447,6266,22918,3567,8485,28038,5443,8139,34226,4351,7747,31066,Day_1,Fair,Fast,5mm,Experiment_2
2025-10-23T02:44:34.798Z,2439,6265,22922,3560,8483,28040,5434,8142,34224,4347,7749,31062,Day_1,Fair,Fast,5mm,Experiment_2
2025-10-23T02:44:34.838Z,2432,6259,22927,3554,8479,28048,5423,8126,34233,4342,7743,31065,Day_1,Fair,Fast,5mm,Experiment_2
2025-10-23T02:44:34.878Z,2432,6257,22930,3553,8480,28058,5408,8115,34252,4335,7737,31075,Day_1,Fair,Fast,5mm,Experiment_2
2025-10-23T02:44:34.918Z,2438,6259,22928,3558,8484,28064,5388,8115,34252,4325,7737,31078,Day_1,Fair,Fast,5mm,Experiment_2
2025-10-23T02:44:34.958Z,2446,6256,22923,3568,8480,28064,5372,8129,34228,4318,7746,31068,Day_1,Fair,Fast,5mm,Experiment_2
2025-10-23T02:44:34.998Z,2453,6251,22918,3575,8472,28059,5373,8151,34200,4321,7756,31054,Day_1,Fair,Fast,5mm,Experiment_2
2025-10-23T02:44:35.038Z,2454,6252,22911,3575,8470,28050,5389,8163,34190,4330,7757,31048,Day_1,Fair,Fast,5mm,Experiment_2
2025-10-23T02:44:35.078Z,2447,6257,22903,3569,8475,28039,5403,8157,34192,4337,7750,31052,Day_1,Fair,Fast,5mm,Experiment_2
2025-10-23T02:44:35.118Z,2438,6261,22899,3561,8481,28033,5403,8145,34197,4337,7743,31059,Day_1,Fair,Fast,5mm,Experiment_2
2025-10-23T02:44:35.158Z,2433,6264,22899,3553,8485,28033,5390,8132,34201,4335,7740,31062,Day_1,Fair,Fast,5mm,Experiment_2
2025-10-23T02:44:35.198Z,2428,6270,22896,3548,8489,28032,5376,8115,34200,4333,7736,31060,Day_1,Fair,Fast,5mm,Experiment_2
2025-10-23T02:44:35.238Z,2423,6279,22895,3546,8496,28029,5368,8097,34193,4331,7729,31051,Day_1,Fair,Fast,5mm,Experiment_2
2025-10-23T02:44:35.278Z,2421,6287,22904,3549,8503,28032,5370,8085,34190,4331,7722,31047,Day_1,Fair,Fast,5mm,Experiment_2
2025-10-23T02:44:35.318Z,2424,6289,22916,3554,8499,28040,5384,8084,34204,4337,7722,31055,Day_1,Fair,Fast,5mm,Experiment_2
2025-10-23T02:44:35.358Z,2429,6289,22919,3558,8493,28045,5403,8096,34220,4347,7729,31069,Day_1,Fair,Fast,5mm,Experiment_2
2025-10-23T02:44:35.398Z,2435,6290,22916,3561,8491,28044,5413,8115,34221,4353,7741,31075,Day_1,Fair,Fast,5mm,Experiment_2
2025-10-23T02:44:35.438Z,2443,6287,22912,3566,8491,28042,5402,8129,34211,4348,7749,31073,Day_1,Fair,Fast,5mm,Experiment_2
2025-10-23T02:44:35.478Z,2446,6278,22908,3569,8488,28038,5385,8132,34211,4340,7751,31070,Day_1,Fair,Fast,5mm,Experiment_2
2025-10-23T02:44:35.518Z,2445,6268,22903,3570,8482,28034,5384,8134,34226,4337,7748,31073,Day_1,Fair,Fast,5mm,Experiment_2
2025-10-23T02:44:35.558Z,2446,6259,22899,3572,8475,28032,5392,8130,34237,4336,7744,31077,Day_1,Fair,Fast,5mm,Experiment_2
2025-10-23T02:44:35.598Z,2451,6253,22894,3576,8468,28031,5395,8115,34231,4334,7741,31075,Day_1,Fair,Fast,5mm,Experiment_2
2025-10-23T02:44:35.638Z,2451,6245,22889,3575,8462,28028,5391,8109,34221,4330,7743,31071,Day_1,Fair,Fast,5mm,Experiment_2
2025-10-23T02:44:35.678Z,2440,6242,22891,3565,8460,28030,5388,8119,34219,4326,7748,31067,Day_1,Fair,Fast,5mm,Experiment_2
2025-10-23T02:44:35.718Z,2426,6247,22905,3553,8465,28040,5390,8128,34213,4327,7750,31058,Day_1,Fair,Fast,5mm,Experiment_2
2025-10-23T02:44:35.758Z,2422,6255,22923,3547,8472,28050,5396,8124,34197,4330,7746,31047,Day_1,Fair,Fast,5mm,Experiment_2
2025-10-23T02:44:35.798Z,2431,6257,22932,3553,8473,28053,5400,8117,34183,4333,7740,31045,Day_1,Fair,Fast,5mm,Experiment_2
2025-10-23T02:44:35.838Z,2444,6255,22932,3564,8471,28050,5396,8110,34184,4333,7733,31054,Day_1,Fair,Fast,5mm,Experiment_2
2025-10-23T02:44:35.878Z,2453,6251,22922,3572,8468,28044,5388,8106,34201,4333,7730,31066,Day_1,Fair,Fast,5mm,Experiment_2
2025-10-23T02:44:35.918Z,2454,6246,22908,3573,8464,28037,5382,8115,34227,4331,7739,31077,Day_1,Fair,Fast,5mm,Experiment_2
2025-10-23T02:44:35.958Z,2451,6239,22892,3571,8460,28031,5379,8138,34254,4328,7755,31083,Day_1,Fair,Fast,5mm,Experiment_2
2025-10-23T02:44:35.998Z,2449,6238,22879,3569,8462,28026,5375,8158,34267,4326,7765,31082,Day_1,Fair,Fast,5mm,Experiment_2
2025-10-23T02:44:36.038Z,2445,6248,22873,3567,8471,28025,5372,8156,34262,4325,7762,31075,Day_1,Fair,Fast,5mm,Experiment_2
2025-10-23T02:44:36.078Z,2437,6260,22874,3562,8482,28024,5376,8135,34252,4325,7752,31068,Day_1,Fair,Fast,5mm,Experiment_2
2025-10-23T02:44:36.118Z,2430,6267,22878,3556,8489,28025,5381,8123,34245,4323,7746,31063,Day_1,Fair,Fast,5mm,Experiment_2
2025-10-23T02:44:36.158Z,2430,6270,22885,3556,8493,28028,5381,8136,34241,4322,7753,31061,Day_1,Fair,Fast,5mm,Experiment_2
2025-10-23T02:44:36.198Z,2432,6270,22895,3559,8494,28034,5380,8159,34237,4325,7763,31061,Day_1,Fair,Fast,5mm,Experiment_2
2025-10-23T02:44:36.238Z,2430,6268,22907,3559,8493,28042,5374,8168,34225,4326,7766,31058,Day_1,Fair,Fast,5mm,Experiment_2
2025-10-23T02:44:36.278Z,2428,6265,22919,3557,8488,28049,5361,8154,34205,4321,7762,31052,Day_1,Fair,Fast,5mm,Experiment_2
2025-10-23T02:44:36.318Z,2430,6260,22924,3559,8480,28051,5352,8136,34188,4316,7756,31044,Day_1,Fair,Fast,5mm,Experiment_2
2025-10-23T02:44:36.358Z,2433,6258,22919,3561,8475,28048,5357,8123,34177,4318,7751,31042,Day_1,Fair,Fast,5mm,Experiment_2
2025-10-23T02:44:36.398Z,2428,6255,22912,3557,8470,28044,5379,8111,34175,4327,7744,31047,Day_1,Fair,Fast,5mm,Experiment_2
2025-10-23T02:44:36.438Z,2418,6246,22910,3548,8463,28042,5407,8098,34183,4337,7736,31057,Day_1,Fair,Fast,5mm,Experiment_2
2025-10-23T02:44:36.478Z,2410,6238,22911,3540,8457,28043,5421,8092,34192,4338,7732,31064,Day_1,Fair,Fast,5mm,Experiment_2
2025-10-23T02:44:36.518Z,2409,6237,22909,3536,8455,28041,5405,8091,34198,4329,7729,31068,Day_1,Fair,Fast,5mm,Experiment_2
2025-10-23T02:44:36.558Z,2414,6238,22908,3538,8452,28037,5376,8088,34204,4319,7727,31070,Day_1,Fair,Fast,5mm,Experiment_2
2025-10-23T02:44:36.598Z,2422,6235,22913,3542,8447,28038,5356,8089,34215,4313,7730,31073,Day_1,Fair,Fast,5mm,Experiment_2
2025-10-23T02:44:36.638Z,2427,6233,22924,3547,8447,28047,5351,8100,34227,4311,7737,31074,Day_1,Fair,Fast,5mm,Experiment_2
2025-10-23T02:44:36.678Z,2428,6242,22933,3549,8459,28056,5362,8110,34242,4312,7740,31075,Day_1,Fair,Fast,5mm,Experiment_2
2025-10-23T02:44:36.718Z,2429,6257,22929,3550,8474,28053,5378,8114,34261,4318,7740,31078,Day_1,Fair,Fast,5mm,Experiment_2
2025-10-23T02:44:36.758Z,2432,6266,22919,3553,8480,28044,5382,8124,34271,4322,7744,31082,Day_1,Fair,Fast,5mm,Experiment_2
2025-10-23T02:44:36.798Z,2436,6264,22911,3559,8475,28039,5371,8138,34267,4319,7750,31085,Day_1,Fair,Fast,5mm,Experiment_2
2025-10-23T02:44:36.838Z,2443,6258,22909,3567,8471,28040,5357,8140,34261,4313,7750,31086,Day_1,Fair,Fast,5mm,Experiment_2
2025-10-23T02:44:36.878Z,2448,6254,22912,3571,8468,28044,5352,8132,34252,4311,7746,31081,Day_1,Fair,Fast,5mm,Experiment_2
2025-10-23T02:44:36.918Z,2449,6252,22914,3571,8463,28044,5355,8128,34238,4315,7745,31071,Day_1,Fair,Fast,5mm,Experiment_2
2025-10-23T02:44:36.958Z,2449,6252,22908,3570,8461,28039,5364,8136,34233,4322,7751,31065,Day_1,Fair,Fast,5mm,Experiment_2
2025-10-23T02:44:36.998Z,2451,6257,22900,3569,8467,28034,5374,8138,34234,4327,7757,31062,Day_1,Fair,Fast,5mm,Experiment_2
2025-10-23T02:44:37.038Z,2451,6260,22903,3568,8473,28039,5376,8124,34228,4328,7756,31060,Day_1,Fair,Fast,5mm,Experiment_2
2025-10-23T02:44:37.078Z,2450,6257,22917,3565,8475,28052,5370,8105,34226,4325,7751,31064,Day_1,Fair,Fast,5mm,Experiment_2
2025-10-23T02:44:37.118Z,2447,6255,22931,3562,8476,28061,5366,8101,34239,4323,7749,31073,Day_1,Fair,Fast,5mm,Experiment_2
2025-10-23T02:44:37.158Z,2442,6261,22936,3559,8480,28060,5370,8115,34252,4322,7752,31078,Day_1,Fair,Fast,5mm,Experiment_2
2025-10-23T02:44:37.198Z,2433,6270,22931,3555,8486,28051,5368,8132,34248,4316,7756,31076,Day_1,Fair,Fast,5mm,Experiment_2
2025-10-23T02:44:37.238Z,2426,6270,22921,3553,8485,28043,5359,8138,34234,4306,7755,31072,Day_1,Fair,Fast,5mm,Experiment_2
2025-10-23T02:44:37.278Z,2421,6259,22917,3551,8477,28043,5352,8132,34221,4303,7749,31069,Day_1,Fair,Fast,5mm,Experiment_2
2025-10-23T02:44:37.318Z,2419,6244,22916,3548,8463,28045,5349,8123,34207,4307,7742,31064,Day_1,Fair,Fast,5mm,Experiment_2
2025-10-23T02:44:37.358Z,2422,6234,22909,3547,8452,28039,5356,8119,34195,4317,7740,31058,Day_1,Fair,Fast,5mm,Experiment_2
2025-10-23T02:44:37.398Z,2428,6236,22900,3549,8453,28032,5377,8115,34196,4333,7739,31058,Day_1,Fair,Fast,5mm,Experiment_2
2025-10-23T02:44:37.438Z,2436,6245,22898,3554,8463,28033,5405,8105,34213,4348,7735,31061,Day_1,Fair,Fast,5mm,Experiment_2
2025-10-23T02:44:37.478Z,2440,6251,22902,3558,8470,28041,5417,8089,34237,4351,7727,31064,Day_1,Fair,Fast,5mm,Experiment_2
2025-10-23T02:44:37.518Z,2439,6251,22906,3558,8471,28045,5401,8076,34252,4339,7720,31063,Day_1,Fair,Fast,5mm,Experiment_2
2025-10-23T02:44:37.558Z,2438,6249,22910,3559,8469,28044,5374,8074,34247,4324,7717,31059,Day_1,Fair,Fast,5mm,Experiment_2
2025-10-23T02:44:37.598Z,2441,6251,22912,3562,8469,28037,5361,8083,34234,4315,7721,31059,Day_1,Fair,Fast,5mm,Experiment_2
2025-10-23T02:44:37.638Z,2447,6260,22908,3568,8474,28030,5366,8106,34228,4314,7734,31066,Day_1,Fair,Fast,5mm,Experiment_2
2025-10-23T02:44:37.678Z,2450,6269,22903,3573,8480,28025,5379,8132,34227,4320,7749,31073,Day_1,Fair,Fast,5mm,Experiment_2
2025-10-23T02:44:37.718Z,2445,6277,22904,3572,8486,28025,5394,8148,34231,4328,7754,31075,Day_1,Fair,Fast,5mm,Experiment_2
2025-10-23T02:44:37.759Z,2435,6281,22912,3567,8489,28026,5406,8152,34237,4335,7752,31075,Day_1,Fair,Fast,5mm,Experiment_2
2025-10-23T02:44:37.799Z,2430,6276,22916,3566,8487,28028,5408,8151,34240,4338,7750,31074,Day_1,Fair,Fast,5mm,Experiment_2
2025-10-23T02:44:37.839Z,2430,6265,22904,3566,8479,28026,5397,8145,34239,4337,7749,31070,Day_1,Fair,Fast,5mm,Experiment_2
2025-10-23T02:44:37.879Z,2429,6253,22886,3561,8471,28020,5386,8132,34242,4330,7746,31065,Day_1,Fair,Fast,5mm,Experiment_2
2025-10-23T02:44:37.919Z,2424,6247,22879,3552,8465,28016,5380,8107,34250,4322,7734,31065,Day_1,Fair,Fast,5mm,Experiment_2
2025-10-23T02:44:37.959Z,2421,6247,22887,3547,8463,28022,5379,8082,34254,4319,7722,31069,Day_1,Fair,Fast,5mm,Experiment_2
2025-10-23T02:44:37.999Z,2418,6250,22903,3543,8464,28036,5383,8074,34241,4323,7719,31069,Day_1,Fair,Fast,5mm,Experiment_2
2025-10-23T02:44:38.039Z,2417,6254,22916,3542,8469,28048,5388,8084,34213,4328,7726,31058,Day_1,Fair,Fast,5mm,Experiment_2
2025-10-23T02:44:38.079Z,2422,6254,22918,3549,8472,28049,5384,8104,34182,4326,7738,31042,Day_1,Fair,Fast,5mm,Experiment_2
2025-10-23T02:44:38.119Z,2435,6248,22912,3562,8470,28044,5371,8127,34164,4319,7749,31034,Day_1,Fair,Fast,5mm,Experiment_2
2025-10-23T02:44:38.159Z,2444,6245,22904,3571,8467,28039,5364,8144,34165,4314,7754,31038,Day_1,Fair,Fast,5mm,Experiment_2
2025-10-23T02:44:38.199Z,2441,6248,22895,3568,8467,28033,5376,8146,34178,4318,7754,31046,Day_1,Fair,Fast,5mm,Experiment_2
2025-10-23T02:44:38.239Z,2433,6255,22887,3560,8473,28030,5394,8132,34199,4329,7751,31054,Day_1,Fair,Fast,5mm,Experiment_2
2025-10-23T02:44:38.279Z,2429,6264,22883,3556,8481,28032,5407,8113,34218,4339,7746,31058,Day_1,Fair,Fast,5mm,Experiment_2
2025-10-23T02:44:38.319Z,2431,6270,22885,3557,8487,28039,5412,8104,34224,4344,7743,31058,Day_1,Fair,Fast,5mm,Experiment_2
2025-10-23T02:44:38.359Z,2435,6271,22894,3560,8488,28046,5411,8102,34227,4343,7739,31054,Day_1,Fair,Fast,5mm,Experiment_2
2025-10-23T02:44:38.399Z,2437,6266,22903,3562,8482,28049,5402,8093,34247,4335,7731,31059,Day_1,Fair,Fast,5mm,Experiment_2
2025-10-23T02:44:38.439Z,2438,6260,22910,3564,8474,28048,5386,8087,34273,4323,7723,31071,Day_1,Fair,Fast,5mm,Experiment_2
2025-10-23T02:44:38.479Z,2439,6259,22914,3565,8472,28048,5369,8095,34278,4315,7725,31078,Day_1,Fair,Fast,5mm,Experiment_2
2025-10-23T02:44:38.519Z,2441,6261,22916,3562,8474,28048,5366,8111,34258,4316,7732,31075,Day_1,Fair,Fast,5mm,Experiment_2
2025-10-23T02:44:38.559Z,2440,6261,22917,3558,8473,28047,5380,8115,34235,4321,7735,31071,Day_1,Fair,Fast,5mm,Experiment_2
2025-10-23T02:44:38.599Z,2435,6261,22916,3553,8473,28045,5400,8108,34226,4326,7731,31072,Day_1,Fair,Fast,5mm,Experiment_2
2025-10-23T02:44:38.639Z,2431,6263,22912,3550,8477,28040,5414,8098,34228,4329,7724,31074,Day_1,Fair,Fast,5mm,Experiment_2
2025-10-23T02:44:38.679Z,2429,6264,22903,3551,8480,28032,5416,8090,34231,4329,7719,31072,Day_1,Fair,Fast,5mm,Experiment_2
2025-10-23T02:44:38.719Z,2430,6264,22890,3553,8479,28023,5411,8089,34227,4328,7716,31066,Day_1,Fair,Fast,5mm,Experiment_2
2025-10-23T02:44:38.759Z,2435,6266,22881,3557,8478,28016,5405,8097,34222,4326,7719,31059,Day_1,Fair,Fast,5mm,Experiment_2
2025-10-23T02:44:38.799Z,2440,6272,22878,3560,8481,28013,5401,8104,34220,4324,7725,31057,Day_1,Fair,Fast,5mm,Experiment_2
2025-10-23T02:44:38.839Z,2442,6276,22885,3562,8486,28018,5400,8104,34216,4325,7729,31056,Day_1,Fair,Fast,5mm,Experiment_2
2025-10-23T02:44:38.879Z,2439,6278,22901,3563,8491,28036,5403,8102,34206,4330,7729,31055,Day_1,Fair,Fast,5mm,Experiment_2
2025-10-23T02:44:38.919Z,2438,6280,22917,3566,8494,28056,5412,8100,34204,4339,7727,31058,Day_1,Fair,Fast,5mm,Experiment_2
2025-10-23T02:44:38.959Z,2439,6281,22926,3570,8497,28064,5420,8094,34214,4347,7723,31065,Day_1,Fair,Fast,5mm,Experiment_2
2025-10-23T02:44:38.999Z,2438,6277,22925,3571,8492,28059,5421,8086,34228,4350,7721,31070,Day_1,Fair,Fast,5mm,Experiment_2
2025-10-23T02:44:39.039Z,2437,6269,22918,3569,8480,28049,5422,8091,34235,4350,7728,31073,Day_1,Fair,Fast,5mm,Experiment_2
2025-10-23T02:44:39.079Z,2438,6267,22910,3567,8475,28039,5427,8110,34229,4353,7739,31071,Day_1,Fair,Fast,5mm,Experiment_2
2025-10-23T02:44:39.119Z,2440,6272,22907,3565,8480,28034,5432,8127,34218,4354,7746,31063,Day_1,Fair,Fast,5mm,Experiment_2
2025-10-23T02:44:39.159Z,2440,6273,22910,3562,8485,28036,5427,8132,34208,4351,7749,31056,Day_1,Fair,Fast,5mm,Experiment_2
2025-10-23T02:44:39.199Z,2434,6265,22914,3557,8480,28041,5413,8128,34200,4342,7749,31051,Day_1,Fair,Fast,5mm,Experiment_2
2025-10-23T02:44:39.239Z,2426,6249,22911,3549,8466,28044,5402,8123,34195,4334,7746,31047,Day_1,Fair,Fast,5mm,Experiment_2
2025-10-23T02:44:39.279Z,2421,6234,22906,3544,8455,28046,5399,8117,34197,4331,7744,31042,Day_1,Fair,Fast,5mm,Experiment_2
2025-10-23T02:44:39.319Z,2422,6233,22906,3546,8457,28051,5399,8105,34211,4333,7740,31046,Day_1,Fair,Fast,5mm,Experiment_2
2025-10-23T02:44:39.359Z,2427,6245,22912,3554,8469,28060,5395,8094,34233,4334,7734,31059,Day_1,Fair,Fast,5mm,Experiment_2
2025-10-23T02:44:39.399Z,2429,6254,22920,3559,8478,28064,5389,8086,34247,4334,7727,31070,Day_1,Fair,Fast,5mm,Experiment_2
2025-10-23T02:44:39.439Z,2429,6254,22922,3560,8481,28062,5389,8086,34243,4336,7726,31071,Day_1,Fair,Fast,5mm,Experiment_2
2025-10-23T02:44:39.479Z,2432,6254,22920,3562,8482,28057,5393,8097,34230,4339,7733,31066,Day_1,Fair,Fast,5mm,Experiment_2
2025-10-23T02:44:39.519Z,2435,6258,22914,3563,8484,28052,5392,8113,34219,4340,7739,31061,Day_1,Fair,Fast,5mm,Experiment_2
2025-10-23T02:44:39.559Z,2432,6261,22907,3561,8483,28046,5388,8122,34213,4338,7741,31062,Day_1,Fair,Fast,5mm,Experiment_2
2025-10-23T02:44:39.599Z,2428,6261,22901,3558,8478,28040,5381,8117,34208,4334,7738,31064,Day_1,Fair,Fast,5mm,Experiment_2
2025-10-23T02:44:39.639Z,2427,6262,22903,3555,8472,28039,5369,8103,34207,4326,7735,31065,Day_1,Fair,Fast,5mm,Experiment_2
2025-10-23T02:44:39.679Z,2425,6264,22905,3551,8470,28039,5353,8092,34220,4315,7733,31066,Day_1,Fair,Fast,5mm,Experiment_2
2025-10-23T02:44:39.719Z,2427,6261,22905,3551,8468,28040,5350,8085,34232,4311,7730,31066,Day_1,Fair,Fast,5mm,Experiment_2
2025-10-23T02:44:39.759Z,2432,6253,22905,3558,8464,28041,5360,8080,34230,4316,7717,31063,Day_1,Fair,Fast,5mm,Experiment_2
2025-10-23T02:44:39.799Z,2438,6248,22908,3564,8462,28043,5369,8087,34230,4321,7703,31063,Day_1,Fair,Fast,5mm,Experiment_2
2025-10-23T02:44:39.839Z,2441,6250,22912,3568,8466,28045,5372,8100,34244,4322,7704,31069,Day_1,Fair,Fast,5mm,Experiment_2
2025-10-23T02:44:39.879Z,2446,6254,22911,3572,8469,28042,5375,8103,34250,4322,7717,31073,Day_1,Fair,Fast,5mm,Experiment_2
2025-10-23T02:44:39.417Z,2451,6256,22905,3576,8469,28036,5376,8095,34237,4323,7726,31073,Day_1,Fair,Fast,5mm,Experiment_2
2025-10-23T02:44:39.457Z,2453,6254,22902,3576,8467,28033,5372,8090,34229,4323,7726,31077,Day_1,Fair,Fast,5mm,Experiment_2
2025-10-23T02:44:39.497Z,2448,6253,22908,3573,8468,28037,5368,8092,34234,4323,7727,31084,Day_1,Fair,Fast,5mm,Experiment_2
2025-10-23T02:44:39.537Z,2439,6261,22914,3567,8480,28040,5371,8098,34233,4328,7731,31083,Day_1,Fair,Fast,5mm,Experiment_2
2025-10-23T02:44:39.577Z,2432,6274,22911,3564,8493,28040,5379,8107,34219,4334,7735,31075,Day_1,Fair,Fast,5mm,Experiment_2
2025-10-23T02:44:39.617Z,2433,6280,22904,3566,8494,28036,5384,8120,34207,4337,7740,31069,Day_1,Fair,Fast,5mm,Experiment_2
2025-10-23T02:44:39.657Z,2437,6272,22898,3569,8483,28034,5391,8129,34197,4340,7745,31063,Day_1,Fair,Fast,5mm,Experiment_2
2025-10-23T02:44:39.697Z,2439,6257,22900,3566,8470,28036,5400,8130,34186,4342,7746,31053,Day_1,Fair,Fast,5mm,Experiment_2
2025-10-23T02:44:39.737Z,2439,6247,22907,3562,8465,28044,5406,8127,34180,4337,7743,31047,Day_1,Fair,Fast,5mm,Experiment_2
2025-10-23T02:44:40.279Z,2443,6248,22918,3562,8468,28053,5407,8128,34187,4330,7745,31050,Day_1,Fair,Fast,5mm,Experiment_2
2025-10-23T02:44:40.319Z,2451,6253,22923,3568,8473,28057,5398,8128,34201,4325,7748,31060,Day_1,Fair,Fast,5mm,Experiment_2
2025-10-23T02:44:40.359Z,2455,6258,22917,3574,8477,28050,5379,8122,34217,4320,7743,31072,Day_1,Fair,Fast,5mm,Experiment_2
2025-10-23T02:44:40.399Z,2452,6264,22907,3571,8483,28040,5370,8111,34226,4322,7731,31080,Day_1,Fair,Fast,5mm,Experiment_2
2025-10-23T02:44:40.439Z,2445,6269,22902,3563,8488,28032,5382,8100,34223,4332,7723,31076,Day_1,Fair,Fast,5mm,Experiment_2
2025-10-23T02:44:40.479Z,2442,6266,22902,3558,8487,28029,5396,8093,34215,4341,7722,31067,Day_1,Fair,Fast,5mm,Experiment_2
2025-10-23T02:44:40.519Z,2442,6264,22905,3559,8484,28031,5395,8087,34214,4340,7722,31064,Day_1,Fair,Fast,5mm,Experiment_2
2025-10-23T02:44:40.559Z,2442,6267,22908,3563,8485,28036,5386,8083,34219,4336,7720,31070,Day_1,Fair,Fast,5mm,Experiment_2
2025-10-23T02:44:40.599Z,2444,6274,22908,3569,8489,28038,5377,8083,34224,4332,7720,31074,Day_1,Fair,Fast,5mm,Experiment_2
2025-10-23T02:44:40.639Z,2446,6282,22908,3573,8494,28036,5369,8082,34225,4325,7721,31071,Day_1,Fair,Fast,5mm,Experiment_2
2025-10-23T02:44:40.679Z,2445,6286,22910,3570,8498,28037,5368,8078,34226,4322,7722,31065,Day_1,Fair,Fast,5mm,Experiment_2
2025-10-23T02:44:40.719Z,2436,6280,22916,3562,8496,28042,5377,8080,34243,4326,7729,31067,Day_1,Fair,Fast,5mm,Experiment_2
2025-10-23T02:44:40.759Z,2425,6270,22919,3553,8487,28049,5387,8094,34264,4333,7741,31076,Day_1,Fair,Fast,5mm,Experiment_2
2025-10-23T02:44:40.799Z,2420,6261,22917,3552,8476,28051,5392,8109,34262,4337,7747,31076,Day_1,Fair,Fast,5mm,Experiment_2
2025-10-23T02:44:40.839Z,2426,6253,22914,3559,8465,28047,5395,8110,34232,4338,7744,31061,Day_1,Fair,Fast,5mm,Experiment_2
2025-10-23T02:44:40.879Z,2439,6248,22912,3569,8459,28039,5399,8097,34200,4338,7733,31045,Day_1,Fair,Fast,5mm,Experiment_2
2025-10-23T02:44:40.919Z,2450,6251,22909,3576,8460,28033,5399,8076,34189,4335,7720,31043,Day_1,Fair,Fast,5mm,Experiment_2
2025-10-23T02:44:40.959Z,2448,6258,22906,3572,8466,28032,5398,8064,34198,4332,7713,31052,Day_1,Fair,Fast,5mm,Experiment_2
2025-10-23T02:44:40.999Z,2440,6263,22906,3561,8475,28037,5392,8069,34213,4327,7716,31062,Day_1,Fair,Fast,5mm,Experiment_2
2025-10-23T02:44:41.039Z,2436,6269,22911,3555,8487,28045,5376,8085,34228,4316,7725,31069,Day_1,Fair,Fast,5mm,Experiment_2
2025-10-23T02:44:41.079Z,2437,6279,22916,3555,8499,28052,5361,8103,34241,4307,7734,31073,Day_1,Fair,Fast,5mm,Experiment_2
2025-10-23T02:44:41.119Z,2439,6287,22924,3556,8506,28059,5355,8114,34246,4304,7738,31073,Day_1,Fair,Fast,5mm,Experiment_2
2025-10-23T02:44:41.159Z,2437,6291,22935,3554,8506,28066,5354,8114,34242,4305,7736,31073,Day_1,Fair,Fast,5mm,Experiment_2
2025-10-23T02:44:41.199Z,2433,6289,22940,3550,8501,28069,5356,8114,34238,4311,7737,31073,Day_1,Fair,Fast,5mm,Experiment_2
2025-10-23T02:44:41.239Z,2428,6280,22934,3547,8493,28062,5371,8124,34239,4325,7743,31073,Day_1,Fair,Fast,5mm,Experiment_2
2025-10-23T02:44:41.279Z,2424,6272,22919,3547,8488,28046,5392,8134,34238,4340,7747,31069,Day_1,Fair,Fast,5mm,Experiment_2
2025-10-23T02:44:41.319Z,2423,6272,22906,3548,8490,28031,5405,8128,34225,4346,7743,31063,Day_1,Fair,Fast,5mm,Experiment_2
2025-10-23T02:44:41.359Z,2425,6273,22897,3551,8492,28021,5403,8113,34205,4342,7735,31057,Day_1,Fair,Fast,5mm,Experiment_2
2025-10-23T02:44:41.399Z,2429,6268,22891,3555,8487,28017,5395,8104,34194,4334,7733,31052,Day_1,Fair,Fast,5mm,Experiment_2
2025-10-23T02:44:41.439Z,2433,6255,22888,3557,8477,28018,5388,8104,34201,4329,7735,31052,Day_1,Fair,Fast,5mm,Experiment_2
2025-10-23T02:44:41.479Z,2432,6244,22889,3557,8468,28021,5386,8105,34219,4328,7735,31061,Day_1,Fair,Fast,5mm,Experiment_2
2025-10-23T02:44:41.519Z,2431,6237,22893,3556,8459,28026,5389,8104,34236,4332,7735,31077,Day_1,Fair,Fast,5mm,Experiment_2
2025-10-23T02:44:41.559Z,2431,6234,22900,3557,8454,28031,5394,8104,34244,4340,7740,31088,Day_1,Fair,Fast,5mm,Experiment_2
2025-10-23T02:44:41.599Z,2435,6235,22912,3561,8451,28040,5398,8105,34246,4347,7755,31091,Day_1,Fair,Fast,5mm,Experiment_2
2025-10-23T02:44:41.639Z,2439,6237,22922,3565,8449,28050,5398,8106,34246,4350,7775,31092,Day_1,Fair,Fast,5mm,Experiment_2
2025-10-23T02:44:41.679Z,2438,6240,22923,3566,8449,28055,5393,8108,34232,4346,7784,31087,Day_1,Fair,Fast,5mm,Experiment_2
2025-10-23T02:44:41.720Z,2435,6248,22921,3565,8456,28055,5386,8110,34206,4337,7774,31071,Day_1,Fair,Fast,5mm,Experiment_2
2025-10-23T02:44:41.760Z,2432,6257,22919,3563,8465,28052,5381,8103,34183,4327,7755,31054,Day_1,Fair,Fast,5mm,Experiment_2
2025-10-23T02:44:41.800Z,2431,6261,22916,3562,8470,28047,5387,8094,34174,4324,7743,31045,Day_1,Fair,Fast,5mm,Experiment_2
2025-10-23T02:44:41.840Z,2431,6259,22909,3561,8472,28040,5402,8098,34178,4331,7743,31042,Day_1,Fair,Fast,5mm,Experiment_2
2025-10-23T02:44:41.880Z,2433,6256,22901,3560,8472,28035,5419,8111,34184,4342,7743,31040,Day_1,Fair,Fast,5mm,Experiment_2
2025-10-23T02:44:41.920Z,2433,6253,22897,3557,8467,28034,5440,8119,34184,4354,7738,31040,Day_1,Fair,Fast,5mm,Experiment_2
2025-10-23T02:44:41.960Z,2428,6249,22898,3551,8463,28038,5463,8119,34178,4363,7732,31043,Day_1,Fair,Fast,5mm,Experiment_2
2025-10-23T02:44:42Z,2427,6248,22904,3549,8463,28044,5472,8111,34180,4358,7726,31049,Day_1,Fair,Fast,5mm,Experiment_2
2025-10-23T02:44:42.040Z,2436,6248,22910,3558,8464,28048,5462,8097,34192,4339,7721,31059,Day_1,Fair,Fast,5mm,Experiment_2
2025-10-23T02:44:42.080Z,2444,6250,22916,3567,8465,28050,5438,8086,34205,4320,7720,31069,Day_1,Fair,Fast,5mm,Experiment_2
2025-10-23T02:44:42.120Z,2440,6253,22917,3564,8469,28050,5414,8085,34214,4319,7724,31074,Day_1,Fair,Fast,5mm,Experiment_2
2025-10-23T02:44:42.160Z,2434,6255,22914,3558,8473,28048,5406,8099,34222,4333,7736,31072,Day_1,Fair,Fast,5mm,Experiment_2
2025-10-23T02:44:42.200Z,2436,6252,22915,3557,8472,28049,5408,8120,34226,4344,7749,31066,Day_1,Fair,Fast,5mm,Experiment_2
2025-10-23T02:44:42.240Z,2438,6244,22920,3556,8466,28054,5404,8132,34225,4345,7754,31062,Day_1,Fair,Fast,5mm,Experiment_2
2025-10-23T02:44:42.280Z,2433,6242,22921,3553,8464,28055,5396,8128,34221,4338,7749,31062,Day_1,Fair,Fast,5mm,Experiment_2
2025-10-23T02:44:42.320Z,2426,6250,22914,3550,8471,28048,5395,8123,34213,4334,7742,31060,Day_1,Fair,Fast,5mm,Experiment_2
2025-10-23T02:44:42.360Z,2421,6263,22907,3549,8483,28042,5401,8124,34209,4333,7740,31057,Day_1,Fair,Fast,5mm,Experiment_2
2025-10-23T02:44:42.400Z,2418,6270,22907,3547,8492,28042,5407,8116,34215,4334,7739,31060,Day_1,Fair,Fast,5mm,Experiment_2
2025-10-23T02:44:42.440Z,2416,6272,22915,3545,8493,28043,5408,8094,34223,4338,7733,31066,Day_1,Fair,Fast,5mm,Experiment_2
2025-10-23T02:44:42.480Z,2418,6269,22925,3548,8488,28047,5410,8078,34227,4343,7728,31068,Day_1,Fair,Fast,5mm,Experiment_2
2025-10-23T02:44:42.520Z,2421,6265,22931,3553,8483,28054,5416,8084,34232,4348,7733,31068,Day_1,Fair,Fast,5mm,Experiment_2
2025-10-23T02:44:42.560Z,2424,6262,22926,3551,8481,28057,5425,8101,34241,4352,7742,31069,Day_1,Fair,Fast,5mm,Experiment_2
2025-10-23T02:44:42.600Z,2426,6262,22915,3547,8481,28055,5431,8105,34253,4353,7746,31069,Day_1,Fair,Fast,5mm,Experiment_2
2025-10-23T02:44:42.640Z,2430,6265,22908,3549,8483,28051,5430,8098,34268,4352,7743,31069,Day_1,Fair,Fast,5mm,Experiment_2
2025-10-23T02:44:42.680Z,2433,6270,22907,3555,8488,28048,5424,8096,34281,4348,7741,31073,Day_1,Fair,Fast,5mm,Experiment_2
2025-10-23T02:44:42.720Z,2434,6272,22909,3559,8492,28044,5414,8107,34282,4343,7743,31074,Day_1,Fair,Fast,5mm,Experiment_2
2025-10-23T02:44:42.760Z,2434,6269,22912,3558,8490,28040,5404,8119,34268,4337,7748,31068,Day_1,Fair,Fast,5mm,Experiment_2
2025-10-23T02:44:42.800Z,2434,6264,22910,3559,8486,28038,5397,8126,34249,4331,7752,31062,Day_1,Fair,Fast,5mm,Experiment_2
2025-10-23T02:44:42.840Z,2439,6263,22907,3565,8484,28037,5393,8133,34235,4328,7753,31059,Day_1,Fair,Fast,5mm,Experiment_2
2025-10-23T02:44:42.880Z,2445,6265,22909,3570,8487,28040,5387,8136,34224,4326,7751,31059,Day_1,Fair,Fast,5mm,Experiment_2
2025-10-23T02:44:42.920Z,2446,6267,22918,3570,8490,28048,5375,8131,34217,4322,7748,31060,Day_1,Fair,Fast,5mm,Experiment_2
2025-10-23T02:44:42.960Z,2442,6268,22929,3564,8492,28059,5368,8126,34213,4321,7746,31061,Day_1,Fair,Fast,5mm,Experiment_2
2025-10-23T02:44:43Z,2434,6270,22931,3556,8492,28066,5365,8129,34204,4323,7747,31059,Day_1,Fair,Fast,5mm,Experiment_2
2025-10-23T02:44:43.040Z,2429,6268,22924,3551,8488,28063,5356,8140,34185,4318,7751,31051,Day_1,Fair,Fast,5mm,Experiment_2
2025-10-23T02:44:43.080Z,2429,6264,22911,3550,8483,28050,5348,8145,34170,4312,7754,31039,Day_1,Fair,Fast,5mm,Experiment_2
2025-10-23T02:44:43.120Z,2432,6262,22897,3552,8482,28033,5354,8136,34172,4314,7753,31033,Day_1,Fair,Fast,5mm,Experiment_2
2025-10-23T02:44:43.160Z,2436,6266,22888,3556,8484,28018,5368,8121,34185,4323,7751,31037,Day_1,Fair,Fast,5mm,Experiment_2
2025-10-23T02:44:43.200Z,2442,6271,22889,3561,8484,28014,5380,8116,34196,4329,7751,31047,Day_1,Fair,Fast,5mm,Experiment_2
2025-10-23T02:44:43.240Z,2446,6266,22896,3568,8476,28017,5391,8119,34197,4331,7749,31053,Day_1,Fair,Fast,5mm,Experiment_2
2025-10-23T02:44:43.280Z,2443,6251,22901,3569,8464,28023,5407,8116,34192,4335,7743,31053,Day_1,Fair,Fast,5mm,Experiment_2
2025-10-23T02:44:43.320Z,2435,6243,22901,3564,8459,28028,5421,8107,34189,4339,7734,31052,Day_1,Fair,Fast,5mm,Experiment_2
2025-10-23T02:44:43.360Z,2430,6251,22904,3558,8467,28035,5418,8095,34198,4337,7729,31056,Day_1,Fair,Fast,5mm,Experiment_2
2025-10-23T02:44:43.400Z,2433,6269,22910,3556,8483,28045,5396,8083,34216,4329,7728,31064,Day_1,Fair,Fast,5mm,Experiment_2
2025-10-23T02:44:43.440Z,2436,6283,22911,3556,8496,28049,5377,8087,34232,4323,7731,31071,Day_1,Fair,Fast,5mm,Experiment_2
2025-10-23T02:44:43.480Z,2431,6283,22906,3552,8498,28043,5373,8111,34241,4324,7737,31075,Day_1,Fair,Fast,5mm,Experiment_2
2025-10-23T02:44:43.520Z,2421,6274,22905,3546,8491,28036,5381,8127,34246,4333,7739,31074,Day_1,Fair,Fast,5mm,Experiment_2
2025-10-23T02:44:43.560Z,2413,6270,22910,3540,8484,28034,5395,8119,34246,4343,7733,31069,Day_1,Fair,Fast,5mm,Experiment_2
2025-10-23T02:44:43.600Z,2410,6274,22913,3536,8479,28033,5411,8104,34237,4349,7727,31062,Day_1,Fair,Fast,5mm,Experiment_2
2025-10-23T02:44:43.640Z,2413,6280,22911,3539,8480,28034,5420,8098,34224,4349,7725,31057,Day_1,Fair,Fast,5mm,Experiment_2
2025-10-23T02:44:43.680Z,2422,6284,22908,3547,8486,28035,5410,8099,34213,4342,7726,31054,Day_1,Fair,Fast,5mm,Experiment_2
2025-10-23T02:44:43.720Z,2428,6281,22907,3555,8489,28033,5388,8098,34206,4333,7726,31056,Day_1,Fair,Fast,5mm,Experiment_2
2025-10-23T02:44:43.760Z,2427,6270,22911,3557,8482,28035,5372,8093,34206,4329,7725,31064,Day_1,Fair,Fast,5mm,Experiment_2
2025-10-23T02:44:43.800Z,2422,6260,22920,3553,8473,28044,5366,8085,34208,4327,7722,31071,Day_1,Fair,Fast,5mm,Experiment_2
2025-10-23T02:44:43.840Z,2419,6258,22927,3547,8472,28051,5364,8074,34208,4322,7718,31072,Day_1,Fair,Fast,5mm,Experiment_2
2025-10-23T02:44:43.880Z,2419,6259,22924,3547,8475,28049,5365,8070,34208,4320,7715,31071,Day_1,Fair,Fast,5mm,Experiment_2
2025-10-23T02:44:43.920Z,2423,6257,22917,3549,8472,28044,5370,8076,34208,4324,7716,31071,Day_1,Fair,Fast,5mm,Experiment_2
2025-10-23T02:44:43.960Z,2427,6256,22919,3549,8472,28045,5376,8084,34203,4328,7715,31067,Day_1,Fair,Fast,5mm,Experiment_2
2025-10-23T02:44:44Z,2427,6258,22929,3547,8476,28054,5378,8083,34191,4328,7709,31057,Day_1,Fair,Fast,5mm,Experiment_2
2025-10-23T02:44:44.040Z,2426,6252,22937,3548,8474,28060,5377,8075,34184,4324,7705,31044,Day_1,Fair,Fast,5mm,Experiment_2
2025-10-23T02:44:44.080Z,2427,6237,22933,3553,8462,28058,5380,8074,34196,4323,7708,31039,Day_1,Fair,Fast,5mm,Experiment_2
2025-10-23T02:44:44.120Z,2430,6229,22919,3555,8454,28048,5387,8086,34215,4326,7719,31045,Day_1,Fair,Fast,5mm,Experiment_2
2025-10-23T02:44:44.160Z,2431,6239,22905,3554,8459,28036,5398,8103,34217,4333,7731,31053,Day_1,Fair,Fast,5mm,Experiment_2
2025-10-23T02:44:44.200Z,2431,6253,22899,3551,8469,28030,5407,8116,34210,4341,7740,31063,Day_1,Fair,Fast,5mm,Experiment_2
2025-10-23T02:44:44.240Z,2428,6255,22904,3551,8472,28034,5402,8122,34210,4340,7742,31074,Day_1,Fair,Fast,5mm,Experiment_2
2025-10-23T02:44:44.280Z,2427,6246,22911,3554,8467,28044,5385,8133,34216,4335,7746,31080,Day_1,Fair,Fast,5mm,Experiment_2
2025-10-23T02:44:44.320Z,2430,6241,22913,3557,8463,28052,5373,8152,34218,4333,7753,31076,Day_1,Fair,Fast,5mm,Experiment_2
2025-10-23T02:44:44.360Z,2428,6247,22912,3555,8463,28052,5370,8163,34211,4332,7756,31065,Day_1,Fair,Fast,5mm,Experiment_2
2025-10-23T02:44:44.400Z,2425,6257,22915,3553,8467,28049,5370,8147,34197,4329,7749,31053,Day_1,Fair,Fast,5mm,Experiment_2
2025-10-23T02:44:44.440Z,2432,6260,22924,3561,8467,28052,5367,8116,34190,4324,7736,31046,Day_1,Fair,Fast,5mm,Experiment_2
2025-10-23T02:44:44.480Z,2444,6250,22931,3573,8459,28060,5366,8087,34199,4324,7723,31048,Day_1,Fair,Fast,5mm,Experiment_2
2025-10-23T02:44:44.520Z,2447,6239,22928,3575,8449,28062,5370,8071,34215,4326,7718,31052,Day_1,Fair,Fast,5mm,Experiment_2
2025-10-23T02:44:44.560Z,2441,6236,22918,3568,8449,28053,5373,8073,34215,4326,7720,31048,Day_1,Fair,Fast,5mm,Experiment_2
2025-10-23T02:44:44.601Z,2434,6242,22907,3560,8460,28040,5375,8086,34200,4326,7726,31041,Day_1,Fair,Fast,5mm,Experiment_2
2025-10-23T02:44:44.641Z,2429,6251,22902,3556,8472,28034,5374,8094,34185,4329,7728,31038,Day_1,Fair,Fast,5mm,Experiment_2
2025-10-23T02:44:44.681Z,2427,6260,22908,3556,8482,28040,5368,8100,34178,4333,7730,31041,Day_1,Fair,Fast,5mm,Experiment_2
2025-10-23T02:44:44.721Z,2428,6267,22922,3558,8491,28057,5372,8119,34179,4337,7737,31046,Day_1,Fair,Fast,5mm,Experiment_2
2025-10-23T02:44:44.761Z,2432,6271,22932,3561,8495,28070,5391,8145,34188,4344,7751,31051,Day_1,Fair,Fast,5mm,Experiment_2
2025-10-23T02:44:44.801Z,2438,6265,22928,3564,8487,28069,5410,8159,34208,4349,7762,31059,Day_1,Fair,Fast,5mm,Experiment_2
2025-10-23T02:44:44.841Z,2439,6251,22916,3562,8472,28057,5411,8154,34229,4346,7763,31065,Day_1,Fair,Fast,5mm,Experiment_2
2025-10-23T02:44:44.881Z,2435,6242,22910,3556,8462,28046,5395,8137,34241,4341,7756,31068,Day_1,Fair,Fast,5mm,Experiment_2
2025-10-23T02:44:44.921Z,2434,6240,22917,3554,8459,28045,5382,8112,34244,4340,7747,31068,Day_1,Fair,Fast,5mm,Experiment_2
2025-10-23T02:44:44.961Z,2437,6242,22927,3557,8461,28050,5380,8084,34245,4340,7735,31067,Day_1,Fair,Fast,5mm,Experiment_2
2025-10-23T02:44:45.001Z,2440,6246,22931,3562,8467,28054,5383,8073,34240,4339,7727,31062,Day_1,Fair,Fast,5mm,Experiment_2
2025-10-23T02:44:45.041Z,2440,6254,22926,3567,8476,28051,5382,8084,34223,4335,7727,31057,Day_1,Fair,Fast,5mm,Experiment_2
2025-10-23T02:44:45.081Z,2437,6265,22917,3567,8486,28042,5372,8093,34217,4327,7725,31061,Day_1,Fair,Fast,5mm,Experiment_2
2025-10-23T02:44:45.121Z,2431,6274,22908,3564,8493,28035,5358,8091,34235,4316,7723,31075,Day_1,Fair,Fast,5mm,Experiment_2
2025-10-23T02:44:45.161Z,2423,6280,22909,3556,8496,28036,5351,8090,34255,4309,7727,31088,Day_1,Fair,Fast,5mm,Experiment_2
2025-10-23T02:44:45.201Z,2414,6278,22917,3547,8493,28043,5354,8093,34258,4310,7734,31092,Day_1,Fair,Fast,5mm,Experiment_2
2025-10-23T02:44:45.241Z,2409,6271,22918,3542,8482,28045,5360,8095,34243,4314,7737,31086,Day_1,Fair,Fast,5mm,Experiment_2
2025-10-23T02:44:45.281Z,2410,6265,22911,3541,8470,28040,5365,8100,34221,4321,7739,31076,Day_1,Fair,Fast,5mm,Experiment_2
2025-10-23T02:44:45.321Z,2415,6264,22904,3546,8467,28033,5365,8107,34204,4327,7741,31065,Day_1,Fair,Fast,5mm,Experiment_2
2025-10-23T02:44:45.361Z,2425,6267,22902,3555,8474,28031,5366,8110,34201,4328,7742,31061,Day_1,Fair,Fast,5mm,Experiment_2
2025-10-23T02:44:45.401Z,2435,6274,22902,3564,8484,28031,5378,8111,34208,4329,7742,31064,Day_1,Fair,Fast,5mm,Experiment_2
2025-10-23T02:44:45.441Z,2444,6278,22899,3571,8488,28027,5395,8110,34211,4332,7741,31063,Day_1,Fair,Fast,5mm,Experiment_2
2025-10-23T02:44:45.481Z,2452,6271,22893,3576,8482,28023,5401,8104,34206,4335,7738,31057,Day_1,Fair,Fast,5mm,Experiment_2
2025-10-23T02:44:45.521Z,2459,6262,22892,3580,8475,28023,5393,8101,34200,4332,7736,31048,Day_1,Fair,Fast,5mm,Experiment_2
2025-10-23T02:44:45.561Z,2459,6265,22897,3578,8479,28026,5380,8095,34200,4323,7730,31043,Day_1,Fair,Fast,5mm,Experiment_2
2025-10-23T02:44:45.601Z,2450,6277,22905,3570,8491,28030,5371,8086,34207,4316,7720,31044,Day_1,Fair,Fast,5mm,Experiment_2
2025-10-23T02:44:45.641Z,2440,6281,22910,3563,8494,28030,5373,8091,34215,4318,7718,31053,Day_1,Fair,Fast,5mm,Experiment_2
2025-10-23T02:44:45.681Z,2438,6275,22907,3563,8487,28028,5382,8111,34222,4326,7725,31068,Day_1,Fair,Fast,5mm,Experiment_2
2025-10-23T02:44:45.721Z,2443,6269,22906,3568,8480,28031,5384,8120,34223,4328,7730,31076,Day_1,Fair,Fast,5mm,Experiment_2
2025-10-23T02:44:45.761Z,2450,6268,22911,3572,8481,28042,5370,8103,34218,4321,7728,31070,Day_1,Fair,Fast,5mm,Experiment_2
2025-10-23T02:44:45.801Z,2449,6273,22914,3569,8487,28048,5357,8077,34219,4311,7721,31061,Day_1,Fair,Fast,5mm,Experiment_2
2025-10-23T02:44:45.841Z,2440,6274,22909,3561,8489,28045,5363,8066,34233,4310,7719,31057,Day_1,Fair,Fast,5mm,Experiment_2
2025-10-23T02:44:45.881Z,2433,6266,22900,3558,8484,28036,5378,8076,34255,4317,7725,31061,Day_1,Fair,Fast,5mm,Experiment_2
2025-10-23T02:44:45.921Z,2435,6260,22895,3562,8478,28031,5377,8102,34277,4322,7737,31071,Day_1,Fair,Fast,5mm,Experiment_2
2025-10-23T02:44:45.961Z,2439,6265,22898,3567,8480,28034,5366,8131,34289,4324,7750,31084,Day_1,Fair,Fast,5mm,Experiment_2
2025-10-23T02:44:46.001Z,2443,6274,22909,3568,8487,28040,5367,8140,34289,4327,7749,31092,Day_1,Fair,Fast,5mm,Experiment_2
2025-10-23T02:44:46.041Z,2448,6275,22923,3569,8488,28046,5386,8117,34279,4334,7734,31091,Day_1,Fair,Fast,5mm,Experiment_2
2025-10-23T02:44:46.081Z,2454,6269,22940,3573,8483,28059,5401,8089,34263,4340,7719,31081,Day_1,Fair,Fast,5mm,Experiment_2
2025-10-23T02:44:46.121Z,2457,6262,22950,3576,8476,28075,5404,8083,34243,4343,7720,31067,Day_1,Fair,Fast,5mm,Experiment_2
2025-10-23T02:44:46.161Z,2458,6258,22941,3578,8473,28077,5398,8092,34224,4345,7728,31057,Day_1,Fair,Fast,5mm,Experiment_2
2025-10-23T02:44:46.201Z,2459,6260,22923,3580,8474,28064,5396,8096,34213,4345,7733,31051,Day_1,Fair,Fast,5mm,Experiment_2
2025-10-23T02:44:46.241Z,2460,6262,22917,3581,8475,28055,5404,8095,34213,4345,7731,31050,Day_1,Fair,Fast,5mm,Experiment_2
2025-10-23T02:44:46.281Z,2458,6259,22919,3580,8474,28052,5412,8093,34216,4346,7727,31054,Day_1,Fair,Fast,5mm,Experiment_2
2025-10-23T02:44:46.321Z,2453,6254,22921,3575,8473,28052,5407,8085,34211,4343,7724,31056,Day_1,Fair,Fast,5mm,Experiment_2
2025-10-23T02:44:46.361Z,2447,6248,22923,3571,8473,28055,5393,8079,34199,4337,7724,31054,Day_1,Fair,Fast,5mm,Experiment_2
2025-10-23T02:44:46.401Z,2442,6243,22925,3569,8470,28057,5383,8087,34201,4333,7727,31055,Day_1,Fair,Fast,5mm,Experiment_2
2025-10-23T02:44:46.441Z,2439,6244,22921,3569,8468,28053,5378,8102,34215,4330,7729,31061,Day_1,Fair,Fast,5mm,Experiment_2
2025-10-23T02:44:46.481Z,2441,6253,22915,3572,8474,28047,5379,8117,34221,4330,7732,31068,Day_1,Fair,Fast,5mm,Experiment_2
2025-10-23T02:44:46.521Z,2445,6267,22914,3577,8486,28048,5390,8132,34227,4335,7740,31075,Day_1,Fair,Fast,5mm,Experiment_2
2025-10-23T02:44:46.561Z,2444,6279,22917,3576,8499,28052,5406,8141,34241,4341,7749,31086,Day_1,Fair,Fast,5mm,Experiment_2
2025-10-23T02:44:46.601Z,2439,6281,22918,3570,8502,28053,5407,8138,34245,4337,7749,31093,Day_1,Fair,Fast,5mm,Experiment_2
2025-10-23T02:44:46.641Z,2438,6273,22919,3567,8496,28052,5393,8129,34226,4326,7744,31085,Day_1,Fair,Fast,5mm,Experiment_2
2025-10-23T02:44:46.681Z,2440,6266,22919,3567,8490,28049,5380,8119,34197,4321,7739,31069,Day_1,Fair,Fast,5mm,Experiment_2
2025-10-23T02:44:46.721Z,2440,6264,22914,3564,8486,28043,5373,8108,34181,4322,7735,31059,Day_1,Fair,Fast,5mm,Experiment_2
2025-10-23T02:44:46.761Z,2436,6263,22910,3560,8483,28038,5371,8103,34183,4326,7734,31057,Day_1,Fair,Fast,5mm,Experiment_2
2025-10-23T02:44:46.801Z,2434,6257,22911,3558,8476,28039,5378,8112,34197,4330,7741,31055,Day_1,Fair,Fast,5mm,Experiment_2
2025-10-23T02:44:46.841Z,2439,6250,22915,3562,8469,28041,5385,8124,34212,4331,7749,31052,Day_1,Fair,Fast,5mm,Experiment_2
2025-10-23T02:44:46.881Z,2444,6251,22919,3566,8469,28040,5382,8124,34211,4323,7748,31050,Day_1,Fair,Fast,5mm,Experiment_2
2025-10-23T02:44:46.921Z,2443,6259,22923,3568,8477,28039,5370,8119,34194,4310,7744,31050,Day_1,Fair,Fast,5mm,Experiment_2
2025-10-23T02:44:46.961Z,2438,6270,22924,3568,8488,28040,5363,8115,34183,4303,7738,31053,Day_1,Fair,Fast,5mm,Experiment_2
2025-10-23T02:44:47.001Z,2431,6276,22919,3566,8495,28041,5370,8111,34194,4304,7733,31058,Day_1,Fair,Fast,5mm,Experiment_2
2025-10-23T02:44:47.041Z,2428,6271,22910,3563,8492,28038,5383,8108,34218,4310,7730,31065,Day_1,Fair,Fast,5mm,Experiment_2
2025-10-23T02:44:47.081Z,2433,6259,22901,3565,8481,28031,5394,8099,34235,4317,7725,31066,Day_1,Fair,Fast,5mm,Experiment_2
2025-10-23T02:44:47.121Z,2442,6254,22894,3572,8474,28025,5395,8084,34231,4322,7719,31060,Day_1,Fair,Fast,5mm,Experiment_2
2025-10-23T02:44:47.161Z,2444,6263,22892,3573,8481,28024,5385,8075,34215,4324,7716,31054,Day_1,Fair,Fast,5mm,Experiment_2
2025-10-23T02:44:47.201Z,2437,6279,22893,3565,8495,28028,5370,8081,34208,4324,7717,31053,Day_1,Fair,Fast,5mm,Experiment_2
2025-10-23T02:44:47.241Z,2430,6286,22897,3554,8501,28033,5357,8099,34206,4321,7727,31054,Day_1,Fair,Fast,5mm,Experiment_2
2025-10-23T02:44:47.281Z,2430,6281,22899,3551,8498,28037,5354,8111,34202,4316,7737,31053,Day_1,Fair,Fast,5mm,Experiment_2
2025-10-23T02:44:47.321Z,2436,6276,22898,3558,8495,28037,5360,8107,34203,4313,7738,31057,Day_1,Fair,Fast,5mm,Experiment_2
2025-10-23T02:44:47.361Z,2445,6275,22899,3570,8495,28038,5366,8097,34209,4313,7734,31064,Day_1,Fair,Fast,5mm,Experiment_2
2025-10-23T02:44:47.401Z,2457,6276,22906,3586,8496,28041,5368,8087,34206,4314,7730,31068,Day_1,Fair,Fast,5mm,Experiment_2
2025-10-23T02:44:47.441Z,2469,6278,22911,3599,8496,28045,5375,8087,34194,4319,7732,31068,Day_1,Fair,Fast,5mm,Experiment_2
2025-10-23T02:44:47.481Z,2471,6275,22907,3600,8493,28045,5384,8095,34185,4325,7738,31069,Day_1,Fair,Fast,5mm,Experiment_2
2025-10-23T02:44:47.521Z,2462,6264,22900,3590,8482,28043,5387,8106,34190,4328,7744,31070,Day_1,Fair,Fast,5mm,Experiment_2
2025-10-23T02:44:47.561Z,2450,6252,22897,3578,8472,28043,5384,8114,34207,4326,7745,31072,Day_1,Fair,Fast,5mm,Experiment_2
2025-10-23T02:44:47.601Z,2439,6245,22897,3567,8464,28039,5383,8119,34226,4327,7741,31076,Day_1,Fair,Fast,5mm,Experiment_2
2025-10-23T02:44:47.641Z,2430,6244,22893,3556,8463,28032,5384,8118,34239,4330,7733,31080,Day_1,Fair,Fast,5mm,Experiment_2
2025-10-23T02:44:47.681Z,2426,6247,22888,3551,8465,28027,5384,8114,34247,4329,7725,31080,Day_1,Fair,Fast,5mm,Experiment_2
2025-10-23T02:44:47.721Z,2430,6251,22893,3554,8467,28028,5387,8105,34242,4325,7721,31073,Day_1,Fair,Fast,5mm,Experiment_2
2025-10-23T02:44:47.761Z,2438,6252,22906,3562,8470,28034,5398,8092,34223,4325,7719,31063,Day_1,Fair,Fast,5mm,Experiment_2
2025-10-23T02:44:47.801Z,2443,6254,22919,3568,8475,28042,5412,8082,34204,4328,7718,31057,Day_1,Fair,Fast,5mm,Experiment_2
2025-10-23T02:44:47.841Z,2444,6258,22930,3568,8478,28052,5414,8092,34192,4329,7724,31060,Day_1,Fair,Fast,5mm,Experiment_2
2025-10-23T02:44:47.881Z,2438,6264,22935,3562,8484,28061,5404,8118,34191,4324,7737,31067,Day_1,Fair,Fast,5mm,Experiment_2
2025-10-23T02:44:47.921Z,2430,6272,22933,3553,8493,28062,5395,8139,34201,4319,7745,31072,Day_1,Fair,Fast,5mm,Experiment_2
2025-10-23T02:44:47.961Z,2425,6282,22925,3550,8502,28057,5395,8138,34218,4320,7741,31073,Day_1,Fair,Fast,5mm,Experiment_2
2025-10-23T02:44:48.001Z,2427,6285,22918,3554,8502,28053,5396,8127,34226,4322,7736,31071,Day_1,Fair,Fast,5mm,Experiment_2
2025-10-23T02:44:48.041Z,2434,6277,22918,3563,8491,28055,5383,8124,34222,4318,7741,31067,Day_1,Fair,Fast,5mm,Experiment_2
2025-10-23T02:44:48.081Z,2441,6262,22920,3570,8476,28060,5360,8122,34213,4308,7745,31062,Day_1,Fair,Fast,5mm,Experiment_2
2025-10-23T02:44:48.121Z,2444,6250,22920,3572,8467,28060,5346,8111,34209,4302,7741,31062,Day_1,Fair,Fast,5mm,Experiment_2
2025-10-23T02:44:48.161Z,2442,6254,22919,3569,8474,28055,5349,8101,34213,4307,7733,31066,Day_1,Fair,Fast,5mm,Experiment_2
2025-10-23T02:44:48.201Z,2433,6273,22920,3559,8493,28044,5359,8104,34221,4315,7731,31072,Day_1,Fair,Fast,5mm,Experiment_2
2025-10-23T02:44:48.241Z,2427,6292,22921,3550,8508,28034,5366,8111,34221,4320,7733,31073,Day_1,Fair,Fast,5mm,Experiment_2
2025-10-23T02:44:48.281Z,2429,6299,22928,3550,8510,28040,5373,8108,34215,4321,7732,31069,Day_1,Fair,Fast,5mm,Experiment_2
2025-10-23T02:44:48.321Z,2434,6299,22939,3556,8509,28057,5377,8100,34218,4322,7731,31070,Day_1,Fair,Fast,5mm,Experiment_2
2025-10-23T02:44:48.361Z,2433,6300,22940,3558,8510,28068,5371,8104,34233,4318,7734,31078,Day_1,Fair,Fast,5mm,Experiment_2
2025-10-23T02:44:48.401Z,2431,6294,22932,3557,8505,28067,5355,8117,34249,4307,7741,31081,Day_1,Fair,Fast,5mm,Experiment_2
2025-10-23T02:44:48.441Z,2431,6281,22925,3556,8494,28061,5351,8120,34256,4302,7743,31078,Day_1,Fair,Fast,5mm,Experiment_2
2025-10-23T02:44:48.481Z,2438,6271,22920,3560,8485,28055,5365,8107,34254,4309,7738,31074,Day_1,Fair,Fast,5mm,Experiment_2
2025-10-23T02:44:48.521Z,2449,6270,22911,3566,8485,28049,5380,8094,34243,4320,7732,31072,Day_1,Fair,Fast,5mm,Experiment_2
2025-10-23T02:44:48.562Z,2452,6275,22904,3564,8492,28043,5388,8095,34225,4328,7733,31068,Day_1,Fair,Fast,5mm,Experiment_2
2025-10-23T02:44:48.602Z,2442,6277,22904,3554,8496,28039,5391,8100,34210,4331,7738,31063,Day_1,Fair,Fast,5mm,Experiment_2
2025-10-23T02:44:48.642Z,2429,6276,22911,3545,8497,28039,5389,8101,34215,4327,7740,31062,Day_1,Fair,Fast,5mm,Experiment_2
2025-10-23T02:44:48.682Z,2422,6273,22916,3545,8496,28042,5386,8106,34231,4320,7742,31063,Day_1,Fair,Fast,5mm,Experiment_2
2025-10-23T02:44:48.722Z,2424,6268,22917,3552,8491,28045,5382,8118,34240,4315,7747,31065,Day_1,Fair,Fast,5mm,Experiment_2
2025-10-23T02:44:48.762Z,2428,6262,22915,3559,8482,28048,5374,8125,34243,4312,7752,31071,Day_1,Fair,Fast,5mm,Experiment_2
2025-10-23T02:44:48.802Z,2429,6257,22916,3560,8473,28051,5367,8126,34247,4308,7750,31083,Day_1,Fair,Fast,5mm,Experiment_2
2025-10-23T02:44:48.842Z,2431,6254,22918,3559,8466,28054,5365,8122,34246,4306,7744,31087,Day_1,Fair,Fast,5mm,Experiment_2
2025-10-23T02:44:48.882Z,2434,6258,22918,3560,8468,28053,5368,8114,34231,4309,7737,31077,Day_1,Fair,Fast,5mm,Experiment_2
2025-10-23T02:44:48.922Z,2437,6269,22915,3564,8476,28050,5370,8107,34215,4317,7734,31065,Day_1,Fair,Fast,5mm,Experiment_2
2025-10-23T02:44:48.962Z,2437,6276,22905,3563,8482,28041,5360,8104,34212,4320,7737,31064,Day_1,Fair,Fast,5mm,Experiment_2
2025-10-23T02:44:49.002Z,2431,6279,22890,3557,8487,28026,5347,8104,34216,4317,7742,31067,Day_1,Fair,Fast,5mm,Experiment_2
2025-10-23T02:44:49.042Z,2426,6277,22883,3550,8490,28016,5345,8105,34211,4314,7744,31062,Day_1,Fair,Fast,5mm,Experiment_2
2025-10-23T02:44:49.082Z,2425,6272,22887,3548,8486,28014,5354,8107,34196,4317,7744,31051,Day_1,Fair,Fast,5mm,Experiment_2
2025-10-23T02:44:49.122Z,2430,6271,22895,3551,8482,28020,5365,8108,34187,4322,7741,31042,Day_1,Fair,Fast,5mm,Experiment_2
2025-10-23T02:44:49.162Z,2437,6276,22903,3559,8483,28027,5371,8108,34194,4324,7737,31042,Day_1,Fair,Fast,5mm,Experiment_2
2025-10-23T02:44:49.202Z,2442,6279,22912,3569,8483,28037,5368,8109,34212,4320,7736,31050,Day_1,Fair,Fast,5mm,Experiment_2
2025-10-23T02:44:49.242Z,2442,6276,22919,3572,8481,28044,5354,8108,34224,4312,7737,31059,Day_1,Fair,Fast,5mm,Experiment_2
2025-10-23T02:44:49.282Z,2434,6268,22917,3563,8478,28042,5347,8106,34219,4306,7741,31067,Day_1,Fair,Fast,5mm,Experiment_2
2025-10-23T02:44:49.322Z,2424,6261,22908,3550,8475,28034,5354,8107,34210,4309,7745,31073,Day_1,Fair,Fast,5mm,Experiment_2
2025-10-23T02:44:49.362Z,2419,6257,22904,3543,8470,28028,5365,8115,34212,4318,7748,31078,Day_1,Fair,Fast,5mm,Experiment_2
2025-10-23T02:44:49.402Z,2420,6253,22908,3544,8465,28030,5376,8126,34225,4327,7749,31081,Day_1,Fair,Fast,5mm,Experiment_2
2025-10-23T02:44:49.442Z,2427,6249,22915,3549,8463,28036,5381,8137,34236,4332,7746,31078,Day_1,Fair,Fast,5mm,Experiment_2
2025-10-23T02:44:49.482Z,2437,6249,22919,3559,8467,28041,5374,8141,34234,4329,7742,31070,Day_1,Fair,Fast,5mm,Experiment_2
2025-10-23T02:44:49.522Z,2446,6253,22920,3568,8472,28042,5360,8133,34214,4320,7737,31057,Day_1,Fair,Fast,5mm,Experiment_2
2025-10-23T02:44:49.562Z,2447,6259,22918,3571,8476,28038,5353,8118,34178,4315,7732,31042,Day_1,Fair,Fast,5mm,Experiment_2
2025-10-23T02:44:49.602Z,2444,6264,22915,3571,8480,28033,5356,8108,34152,4316,7733,31033,Day_1,Fair,Fast,5mm,Experiment_2
2025-10-23T02:44:49.642Z,2442,6269,22914,3569,8484,28033,5366,8106,34162,4321,7735,31041,Day_1,Fair,Fast,5mm,Experiment_2
2025-10-23T02:44:49.682Z,2438,6269,22919,3564,8485,28039,5379,8105,34190,4327,7734,31055,Day_1,Fair,Fast,5mm,Experiment_2
2025-10-23T02:44:49.722Z,2433,6264,22921,3557,8481,28040,5387,8101,34203,4328,7731,31065,Day_1,Fair,Fast,5mm,Experiment_2
2025-10-23T02:44:49.762Z,2430,6257,22914,3553,8475,28032,5385,8095,34200,4325,7727,31068,Day_1,Fair,Fast,5mm,Experiment_2
2025-10-23T02:44:49.802Z,2429,6254,22902,3553,8475,28022,5381,8090,34193,4323,7723,31068,Day_1,Fair,Fast,5mm,Experiment_2
2025-10-23T02:44:49.842Z,2430,6260,22892,3556,8483,28016,5385,8089,34195,4324,7723,31066,Day_1,Fair,Fast,5mm,Experiment_2
2025-10-23T02:44:49.882Z,2434,6271,22887,3559,8492,28016,5392,8089,34208,4324,7727,31067,Day_1,Fair,Fast,5mm,Experiment_2
2025-10-23T02:44:49.922Z,2441,6280,22889,3562,8497,28020,5392,8093,34223,4322,7733,31069,Day_1,Fair,Fast,5mm,Experiment_2
2025-10-23T02:44:49.962Z,2445,6283,22897,3565,8496,28026,5392,8108,34234,4325,7741,31069,Day_1,Fair,Fast,5mm,Experiment_2
2025-10-23T02:44:50.002Z,2445,6280,22912,3565,8492,28035,5399,8128,34238,4332,7749,31065,Day_1,Fair,Fast,5mm,Experiment_2
2025-10-23T02:44:50.042Z,2444,6271,22922,3568,8485,28042,5404,8139,34235,4336,7753,31060,Day_1,Fair,Fast,5mm,Experiment_2
2025-10-23T02:44:50.082Z,2444,6260,22923,3572,8475,28045,5397,8134,34242,4334,7752,31064,Day_1,Fair,Fast,5mm,Experiment_2
2025-10-23T02:44:50.122Z,2445,6252,22921,3577,8467,28050,5377,8121,34264,4325,7750,31082,Day_1,Fair,Fast,5mm,Experiment_2
2025-10-23T02:44:50.162Z,2448,6254,22919,3582,8465,28054,5351,8111,34277,4314,7748,31097,Day_1,Fair,Fast,5mm,Experiment_2
2025-10-23T02:44:50.202Z,2453,6261,22915,3586,8470,28052,5343,8114,34259,4311,7749,31092,Day_1,Fair,Fast,5mm,Experiment_2
2025-10-23T02:44:50.242Z,2453,6265,22908,3584,8474,28045,5364,8126,34225,4322,7751,31075,Day_1,Fair,Fast,5mm,Experiment_2
2025-10-23T02:44:50.282Z,2449,6264,22899,3575,8472,28036,5401,8136,34204,4339,7752,31063,Day_1,Fair,Fast,5mm,Experiment_2
2025-10-23T02:44:50.322Z,2448,6260,22891,3571,8471,28029,5431,8133,34209,4351,7750,31064,Day_1,Fair,Fast,5mm,Experiment_2
2025-10-23T02:44:50.362Z,2449,6256,22889,3571,8473,28027,5448,8117,34230,4356,7744,31071,Day_1,Fair,Fast,5mm,Experiment_2
2025-10-23T02:44:50.402Z,2444,6254,22896,3569,8477,28032,5447,8099,34249,4357,7735,31074,Day_1,Fair,Fast,5mm,Experiment_2
2025-10-23T02:44:50.442Z,2432,6256,22906,3561,8480,28040,5430,8087,34248,4353,7729,31071,Day_1,Fair,Fast,5mm,Experiment_2
2025-10-23T02:44:50.482Z,2423,6258,22908,3552,8481,28042,5409,8087,34226,4346,7729,31064,Day_1,Fair,Fast,5mm,Experiment_2
2025-10-23T02:44:50.522Z,2420,6256,22908,3548,8480,28042,5398,8102,34205,4341,7734,31058,Day_1,Fair,Fast,5mm,Experiment_2
2025-10-23T02:44:50.562Z,2422,6253,22915,3546,8481,28050,5401,8114,34201,4338,7740,31057,Day_1,Fair,Fast,5mm,Experiment_2
2025-10-23T02:44:50.602Z,2427,6256,22927,3547,8484,28063,5409,8113,34204,4338,7741,31060,Day_1,Fair,Fast,5mm,Experiment_2
2025-10-23T02:44:50.642Z,2432,6263,22932,3551,8487,28069,5408,8104,34200,4335,7737,31060,Day_1,Fair,Fast,5mm,Experiment_2
2025-10-23T02:44:50.682Z,2433,6264,22924,3553,8485,28063,5386,8093,34191,4325,7729,31057,Day_1,Fair,Fast,5mm,Experiment_2
2025-10-23T02:44:50.722Z,2430,6262,22911,3554,8481,28052,5354,8088,34189,4309,7723,31054,Day_1,Fair,Fast,5mm,Experiment_2
2025-10-23T02:44:50.762Z,2431,6262,22904,3559,8480,28044,5338,8093,34199,4297,7727,31056,Day_1,Fair,Fast,5mm,Experiment_2
2025-10-23T02:44:50.802Z,2438,6260,22902,3566,8477,28039,5341,8102,34215,4296,7736,31059,Day_1,Fair,Fast,5mm,Experiment_2
2025-10-23T02:44:50.842Z,2446,6258,22900,3572,8471,28034,5352,8107,34228,4302,7740,31061,Day_1,Fair,Fast,5mm,Experiment_2
2025-10-23T02:44:50.882Z,2450,6259,22900,3572,8470,28031,5369,8110,34226,4313,7739,31056,Day_1,Fair,Fast,5mm,Experiment_2
2025-10-23T02:44:50.922Z,2447,6263,22902,3568,8477,28028,5384,8107,34212,4323,7736,31050,Day_1,Fair,Fast,5mm,Experiment_2
2025-10-23T02:44:50.962Z,2437,6270,22901,3561,8488,28026,5385,8104,34205,4324,7735,31057,Day_1,Fair,Fast,5mm,Experiment_2
2025-10-23T02:44:51.002Z,2427,6279,22905,3554,8498,28029,5378,8104,34216,4321,7735,31075,Day_1,Fair,Fast,5mm,Experiment_2
2025-10-23T02:44:51.042Z,2420,6283,22916,3549,8502,28039,5383,8105,34229,4321,7733,31086,Day_1,Fair,Fast,5mm,Experiment_2
2025-10-23T02:44:51.082Z,2419,6276,22928,3547,8496,28050,5391,8105,34227,4324,7732,31080,Day_1,Fair,Fast,5mm,Experiment_2
2025-10-23T02:44:51.122Z,2423,6266,22929,3550,8486,28058,5386,8103,34215,4324,7733,31064,Day_1,Fair,Fast,5mm,Experiment_2
2025-10-23T02:44:51.162Z,2431,6261,22923,3556,8480,28062,5370,8098,34211,4321,7731,31054,Day_1,Fair,Fast,5mm,Experiment_2
2025-10-23T02:44:51.202Z,2437,6265,22917,3561,8480,28060,5361,8099,34217,4317,7726,31057,Day_1,Fair,Fast,5mm,Experiment_2
2025-10-23T02:44:51.242Z,2436,6271,22912,3560,8485,28050,5370,8110,34217,4316,7725,31063,Day_1,Fair,Fast,5mm,Experiment_2
2025-10-23T02:44:51.282Z,2426,6275,22906,3549,8491,28037,5383,8120,34208,4318,7730,31064,Day_1,Fair,Fast,5mm,Experiment_2
2025-10-23T02:44:51.322Z,2416,6274,22903,3539,8493,28026,5382,8121,34201,4318,7737,31063,Day_1,Fair,Fast,5mm,Experiment_2
2025-10-23T02:44:51.362Z,2416,6273,22907,3538,8492,28026,5367,8118,34201,4313,7739,31064,Day_1,Fair,Fast,5mm,Experiment_2
2025-10-23T02:44:51.402Z,2422,6273,22917,3544,8492,28037,5348,8114,34209,4302,7735,31068,Day_1,Fair,Fast,5mm,Experiment_2
2025-10-23T02:44:51.442Z,2427,6277,22926,3551,8495,28050,5338,8111,34224,4292,7728,31074,Day_1,Fair,Fast,5mm,Experiment_2
2025-10-23T02:44:51.482Z,2430,6283,22930,3556,8497,28057,5344,8111,34240,4294,7726,31080,Day_1,Fair,Fast,5mm,Experiment_2
2025-10-23T02:44:51.522Z,2432,6286,22927,3560,8497,28055,5362,8114,34249,4307,7729,31087,Day_1,Fair,Fast,5mm,Experiment_2
2025-10-23T02:44:51.562Z,2433,6287,22916,3561,8494,28045,5381,8109,34247,4318,7730,31090,Day_1,Fair,Fast,5mm,Experiment_2
2025-10-23T02:44:51.602Z,2434,6286,22904,3559,8490,28036,5387,8098,34241,4322,7727,31092,Day_1,Fair,Fast,5mm,Experiment_2
2025-10-23T02:44:51.642Z,2432,6286,22899,3556,8488,28032,5379,8093,34244,4320,7729,31092,Day_1,Fair,Fast,5mm,Experiment_2
2025-10-23T02:44:51.682Z,2430,6288,22902,3554,8490,28036,5373,8097,34254,4321,7735,31090,Day_1,Fair,Fast,5mm,Experiment_2
2025-10-23T02:44:51.722Z,2430,6289,22905,3554,8496,28042,5378,8102,34265,4322,7741,31085,Day_1,Fair,Fast,5mm,Experiment_2
2025-10-23T02:44:51.762Z,2436,6288,22902,3558,8502,28042,5380,8098,34268,4318,7742,31080,Day_1,Fair,Fast,5mm,Experiment_2
2025-10-23T02:44:51.802Z,2440,6289,22896,3559,8507,28038,5369,8092,34260,4309,7738,31078,Day_1,Fair,Fast,5mm,Experiment_2
2025-10-23T02:44:51.842Z,2439,6289,22896,3557,8508,28036,5359,8093,34256,4308,7734,31081,Day_1,Fair,Fast,5mm,Experiment_2
2025-10-23T02:44:51.882Z,2432,6285,22906,3553,8505,28041,5353,8107,34263,4314,7736,31088,Day_1,Fair,Fast,5mm,Experiment_2
2025-10-23T02:44:51.922Z,2431,6279,22919,3553,8498,28050,5345,8122,34262,4318,7742,31089,Day_1,Fair,Fast,5mm,Experiment_2
2025-10-23T02:44:51.962Z,2435,6275,22927,3557,8492,28056,5335,8130,34252,4316,7746,31083,Day_1,Fair,Fast,5mm,Experiment_2
2025-10-23T02:44:52.002Z,2434,6275,22927,3555,8492,28055,5329,8125,34248,4310,7746,31079,Day_1,Fair,Fast,5mm,Experiment_2
2025-10-23T02:44:52.042Z,2429,6274,22923,3550,8492,28053,5336,8114,34247,4308,7743,31078,Day_1,Fair,Fast,5mm,Experiment_2
2025-10-23T02:44:52.082Z,2427,6264,22916,3549,8483,28052,5355,8105,34242,4315,7739,31080,Day_1,Fair,Fast,5mm,Experiment_2
2025-10-23T02:44:52.122Z,2435,6250,22911,3555,8469,28050,5372,8106,34234,4325,7737,31081,Day_1,Fair,Fast,5mm,Experiment_2
2025-10-23T02:44:52.162Z,2448,6242,22911,3566,8460,28053,5375,8115,34226,4325,7739,31079,Day_1,Fair,Fast,5mm,Experiment_2
2025-10-23T02:44:52.202Z,2456,6246,22915,3572,8462,28055,5365,8128,34216,4317,7742,31071,Day_1,Fair,Fast,5mm,Experiment_2
2025-10-23T02:44:52.242Z,2451,6257,22916,3567,8470,28053,5359,8133,34204,4312,7739,31057,Day_1,Fair,Fast,5mm,Experiment_2
2025-10-23T02:44:52.282Z,2440,6267,22915,3557,8478,28049,5361,8122,34190,4315,7729,31045,Day_1,Fair,Fast,5mm,Experiment_2
2025-10-23T02:44:52.322Z,2430,6271,22918,3550,8484,28048,5365,8107,34184,4318,7721,31040,Day_1,Fair,Fast,5mm,Experiment_2
2025-10-23T02:44:52.362Z,2423,6267,22926,3548,8485,28051,5369,8107,34200,4318,7722,31052,Day_1,Fair,Fast,5mm,Experiment_2
2025-10-23T02:44:52.402Z,2417,6260,22937,3546,8479,28057,5372,8116,34236,4316,7730,31075,Day_1,Fair,Fast,5mm,Experiment_2
2025-10-23T02:44:52.442Z,2412,6250,22938,3543,8469,28057,5373,8118,34269,4313,7736,31094,Day_1,Fair,Fast,5mm,Experiment_2
2025-10-23T02:44:52.482Z,2412,6241,22925,3542,8458,28048,5368,8119,34280,4306,7740,31099,Day_1,Fair,Fast,5mm,Experiment_2
2025-10-23T02:44:52.523Z,2422,6238,22913,3551,8453,28044,5358,8128,34268,4299,7746,31094,Day_1,Fair,Fast,5mm,Experiment_2
2025-10-23T02:44:52.563Z,2438,6242,22912,3566,8457,28051,5347,8135,34248,4295,7747,31088,Day_1,Fair,Fast,5mm,Experiment_2
2025-10-23T02:44:52.603Z,2449,6249,22914,3575,8464,28057,5341,8127,34230,4296,7736,31081,Day_1,Fair,Fast,5mm,Experiment_2
2025-10-23T02:44:52.643Z,2450,6256,22911,3575,8471,28054,5345,8113,34215,4304,7724,31071,Day_1,Fair,Fast,5mm,Experiment_2
2025-10-23T02:44:52.683Z,2449,6260,22905,3573,8475,28048,5352,8111,34205,4312,7722,31061,Day_1,Fair,Fast,5mm,Experiment_2
2025-10-23T02:44:52.723Z,2448,6262,22903,3572,8478,28043,5353,8112,34208,4313,7726,31058,Day_1,Fair,Fast,5mm,Experiment_2
2025-10-23T02:44:52.763Z,2447,6261,22908,3570,8479,28043,5351,8103,34216,4309,7726,31059,Day_1,Fair,Fast,5mm,Experiment_2
2025-10-23T02:44:52.803Z,2444,6256,22921,3567,8476,28051,5358,8094,34224,4312,7727,31066,Day_1,Fair,Fast,5mm,Experiment_2
2025-10-23T02:44:52.843Z,2440,6251,22936,3563,8472,28063,5372,8093,34230,4323,7729,31075,Day_1,Fair,Fast,5mm,Experiment_2
2025-10-23T02:44:52.883Z,2439,6248,22943,3561,8469,28070,5386,8093,34230,4333,7727,31079,Day_1,Fair,Fast,5mm,Experiment_2
2025-10-23T02:44:52.923Z,2445,6245,22937,3565,8467,28065,5386,8100,34230,4332,7723,31076,Day_1,Fair,Fast,5mm,Experiment_2
2025-10-23T02:44:52.963Z,2448,6246,22924,3568,8463,28052,5376,8107,34231,4326,7723,31074,Day_1,Fair,Fast,5mm,Experiment_2
2025-10-23T02:44:53.003Z,2443,6251,22913,3563,8463,28042,5371,8106,34222,4324,7724,31073,Day_1,Fair,Fast,5mm,Experiment_2
2025-10-23T02:44:53.043Z,2435,6259,22906,3557,8467,28033,5369,8101,34207,4326,7729,31069,Day_1,Fair,Fast,5mm,Experiment_2
2025-10-23T02:44:53.083Z,2427,6262,22897,3552,8470,28025,5362,8099,34200,4325,7732,31066,Day_1,Fair,Fast,5mm,Experiment_2
2025-10-23T02:44:53.123Z,2422,6257,22890,3550,8468,28021,5350,8100,34204,4320,7734,31064,Day_1,Fair,Fast,5mm,Experiment_2
2025-10-23T02:44:53.163Z,2421,6254,22891,3552,8469,28024,5344,8107,34213,4315,7739,31064,Day_1,Fair,Fast,5mm,Experiment_2
2025-10-23T02:44:53.203Z,2430,6257,22900,3558,8472,28034,5346,8115,34223,4312,7746,31064,Day_1,Fair,Fast,5mm,Experiment_2
2025-10-23T02:44:53.243Z,2442,6261,22917,3563,8475,28048,5356,8115,34231,4309,7748,31068,Day_1,Fair,Fast,5mm,Experiment_2
2025-10-23T02:44:53.283Z,2446,6264,22933,3564,8477,28060,5363,8111,34232,4306,7745,31071,Day_1,Fair,Fast,5mm,Experiment_2
2025-10-23T02:44:53.323Z,2443,6267,22937,3562,8480,28059,5368,8113,34219,4307,7741,31069,Day_1,Fair,Fast,5mm,Experiment_2
2025-10-23T02:44:53.363Z,2438,6274,22927,3560,8485,28047,5377,8123,34199,4318,7739,31061,Day_1,Fair,Fast,5mm,Experiment_2
2025-10-23T02:44:53.403Z,2435,6279,22915,3560,8488,28037,5393,8136,34185,4334,7742,31055,Day_1,Fair,Fast,5mm,Experiment_2
2025-10-23T02:44:53.443Z,2432,6276,22907,3558,8485,28034,5404,8134,34179,4342,7743,31058,Day_1,Fair,Fast,5mm,Experiment_2
2025-10-23T02:44:53.483Z,2427,6272,22902,3553,8479,28034,5399,8115,34173,4337,7737,31064,Day_1,Fair,Fast,5mm,Experiment_2
2025-10-23T02:44:53.523Z,2420,6273,22898,3545,8479,28036,5382,8102,34168,4324,7731,31064,Day_1,Fair,Fast,5mm,Experiment_2
2025-10-23T02:44:53.563Z,2418,6274,22893,3542,8483,28035,5364,8110,34166,4314,7733,31053,Day_1,Fair,Fast,5mm,Experiment_2
2025-10-23T02:44:53.603Z,2424,6268,22892,3547,8483,28034,5356,8131,34161,4312,7741,31037,Day_1,Fair,Fast,5mm,Experiment_2
2025-10-23T02:44:53.643Z,2430,6258,22894,3554,8478,28032,5360,8143,34162,4317,7746,31029,Day_1,Fair,Fast,5mm,Experiment_2
2025-10-23T02:44:53.683Z,2431,6253,22897,3558,8473,28032,5374,8133,34186,4321,7743,31037,Day_1,Fair,Fast,5mm,Experiment_2
2025-10-23T02:44:53.723Z,2427,6256,22907,3557,8473,28040,5385,8109,34218,4322,7734,31056,Day_1,Fair,Fast,5mm,Experiment_2
2025-10-23T02:44:53.763Z,2426,6265,22922,3556,8478,28053,5386,8092,34235,4321,7728,31070,Day_1,Fair,Fast,5mm,Experiment_2
2025-10-23T02:44:53.803Z,2428,6273,22935,3556,8484,28063,5384,8096,34244,4323,7732,31077,Day_1,Fair,Fast,5mm,Experiment_2
2025-10-23T02:44:53.843Z,2429,6277,22940,3554,8487,28069,5391,8115,34256,4330,7739,31082,Day_1,Fair,Fast,5mm,Experiment_2
2025-10-23T02:44:53.883Z,2426,6270,22933,3548,8481,28067,5400,8135,34262,4337,7744,31088,Day_1,Fair,Fast,5mm,Experiment_2
2025-10-23T02:44:53.923Z,2421,6257,22918,3543,8470,28057,5389,8144,34259,4331,7746,31095,Day_1,Fair,Fast,5mm,Experiment_2
2025-10-23T02:44:53.963Z,2418,6248,22901,3542,8462,28045,5360,8140,34250,4314,7746,31094,Day_1,Fair,Fast,5mm,Experiment_2
2025-10-23T02:44:54.003Z,2419,6245,22887,3545,8460,28034,5339,8135,34236,4303,7748,31082,Day_1,Fair,Fast,5mm,Experiment_2
2025-10-23T02:44:54.043Z,2424,6244,22877,3551,8460,28025,5340,8130,34219,4308,7751,31063,Day_1,Fair,Fast,5mm,Experiment_2
2025-10-23T02:44:54.083Z,2431,6242,22878,3559,8460,28024,5355,8117,34206,4318,7746,31051,Day_1,Fair,Fast,5mm,Experiment_2
2025-10-23T02:44:54.123Z,2441,6246,22892,3569,8466,28036,5371,8099,34207,4323,7734,31052,Day_1,Fair,Fast,5mm,Experiment_2
2025-10-23T02:44:54.163Z,2450,6258,22913,3576,8481,28055,5377,8087,34216,4320,7729,31061,Day_1,Fair,Fast,5mm,Experiment_2
2025-10-23T02:44:54.203Z,2450,6269,22931,3574,8494,28069,5373,8091,34218,4316,7732,31069,Day_1,Fair,Fast,5mm,Experiment_2
2025-10-23T02:44:54.243Z,2445,6274,22940,3568,8499,28073,5371,8102,34203,4318,7735,31069,Day_1,Fair,Fast,5mm,Experiment_2
2025-10-23T02:44:54.283Z,2445,6277,22939,3567,8499,28066,5371,8110,34180,4321,7735,31062,Day_1,Fair,Fast,5mm,Experiment_2
2025-10-23T02:44:54.323Z,2447,6281,22928,3570,8500,28050,5371,8115,34166,4321,7736,31057,Day_1,Fair,Fast,5mm,Experiment_2
2025-10-23T02:44:54.363Z,2441,6282,22910,3567,8498,28034,5375,8119,34171,4324,7741,31060,Day_1,Fair,Fast,5mm,Experiment_2
2025-10-23T02:44:54.403Z,2433,6273,22896,3562,8490,28024,5383,8124,34181,4329,7747,31062,Day_1,Fair,Fast,5mm,Experiment_2
2025-10-23T02:44:54.443Z,2433,6260,22892,3563,8479,28025,5382,8132,34185,4327,7754,31056,Day_1,Fair,Fast,5mm,Experiment_2
2025-10-23T02:44:54.483Z,2440,6256,22898,3569,8475,28035,5375,8134,34190,4322,7757,31049,Day_1,Fair,Fast,5mm,Experiment_2
2025-10-23T02:44:54.523Z,2445,6261,22911,3571,8478,28046,5373,8126,34203,4322,7756,31048,Day_1,Fair,Fast,5mm,Experiment_2
2025-10-23T02:44:54.563Z,2447,6269,22919,3570,8483,28050,5373,8119,34215,4326,7752,31054,Day_1,Fair,Fast,5mm,Experiment_2
2025-10-23T02:44:54.603Z,2448,6270,22919,3567,8483,28049,5374,8118,34220,4328,7748,31061,Day_1,Fair,Fast,5mm,Experiment_2
2025-10-23T02:44:54.643Z,2452,6263,22923,3569,8475,28050,5381,8117,34224,4331,7742,31067,Day_1,Fair,Fast,5mm,Experiment_2
2025-10-23T02:44:54.683Z,2458,6253,22927,3578,8468,28051,5396,8122,34224,4336,7740,31069,Day_1,Fair,Fast,5mm,Experiment_2
2025-10-23T02:44:54.723Z,2461,6246,22923,3585,8463,28046,5404,8134,34210,4338,7744,31065,Day_1,Fair,Fast,5mm,Experiment_2
2025-10-23T02:44:54.763Z,2458,6241,22913,3584,8458,28038,5395,8141,34195,4334,7748,31058,Day_1,Fair,Fast,5mm,Experiment_2
2025-10-23T02:44:54.803Z,2450,6242,22907,3576,8459,28037,5377,8132,34190,4328,7747,31055,Day_1,Fair,Fast,5mm,Experiment_2
2025-10-23T02:44:54.843Z,2441,6253,22904,3566,8466,28040,5364,8115,34192,4325,7742,31058,Day_1,Fair,Fast,5mm,Experiment_2
2025-10-23T02:44:54.883Z,2438,6261,22904,3562,8473,28041,5364,8100,34192,4324,7733,31062,Day_1,Fair,Fast,5mm,Experiment_2
2025-10-23T02:44:54.923Z,2438,6259,22907,3563,8476,28041,5376,8090,34185,4324,7724,31061,Day_1,Fair,Fast,5mm,Experiment_2
2025-10-23T02:44:54.963Z,2435,6250,22912,3564,8475,28041,5392,8095,34174,4326,7724,31052,Day_1,Fair,Fast,5mm,Experiment_2
2025-10-23T02:44:55.003Z,2434,6246,22918,3566,8474,28045,5396,8106,34170,4327,7733,31044,Day_1,Fair,Fast,5mm,Experiment_2
2025-10-23T02:44:55.043Z,2438,6252,22924,3571,8475,28052,5384,8107,34180,4324,7740,31046,Day_1,Fair,Fast,5mm,Experiment_2
2025-10-23T02:44:55.083Z,2442,6261,22922,3575,8478,28053,5367,8097,34194,4319,7740,31049,Day_1,Fair,Fast,5mm,Experiment_2
2025-10-23T02:44:55.123Z,2446,6258,22914,3578,8473,28045,5358,8090,34197,4318,7740,31047,Day_1,Fair,Fast,5mm,Experiment_2
2025-10-23T02:44:55.163Z,2452,6250,22905,3579,8466,28036,5358,8093,34198,4320,7744,31046,Day_1,Fair,Fast,5mm,Experiment_2
2025-10-23T02:44:55.203Z,2454,6254,22901,3577,8469,28032,5362,8102,34211,4323,7749,31057,Day_1,Fair,Fast,5mm,Experiment_2
2025-10-23T02:44:55.243Z,2452,6269,22904,3573,8479,28034,5365,8111,34221,4321,7752,31071,Day_1,Fair,Fast,5mm,Experiment_2
2025-10-23T02:44:55.283Z,2451,6278,22904,3572,8486,28033,5369,8120,34220,4320,7754,31074,Day_1,Fair,Fast,5mm,Experiment_2
2025-10-23T02:44:55.323Z,2455,6277,22895,3575,8486,28028,5382,8131,34214,4325,7755,31069,Day_1,Fair,Fast,5mm,Experiment_2
2025-10-23T02:44:55.363Z,2460,6270,22883,3582,8483,28022,5401,8139,34197,4332,7757,31058,Day_1,Fair,Fast,5mm,Experiment_2
2025-10-23T02:44:55.403Z,2459,6264,22876,3586,8480,28021,5422,8136,34172,4339,7755,31046,Day_1,Fair,Fast,5mm,Experiment_2
2025-10-23T02:44:55.443Z,2453,6262,22879,3582,8481,28026,5433,8120,34165,4344,7748,31045,Day_1,Fair,Fast,5mm,Experiment_2
2025-10-23T02:44:55.483Z,2449,6265,22891,3577,8485,28035,5418,8100,34191,4339,7736,31057,Day_1,Fair,Fast,5mm,Experiment_2
2025-10-23T02:44:55.523Z,2449,6268,22910,3574,8490,28044,5382,8085,34230,4324,7724,31073,Day_1,Fair,Fast,5mm,Experiment_2
2025-10-23T02:44:55.563Z,2445,6268,22927,3570,8491,28051,5351,8076,34263,4313,7719,31087,Day_1,Fair,Fast,5mm,Experiment_2
2025-10-23T02:44:55.603Z,2437,6267,22935,3564,8493,28053,5344,8079,34281,4314,7726,31095,Day_1,Fair,Fast,5mm,Experiment_2
2025-10-23T02:44:55.643Z,2426,6272,22932,3561,8496,28052,5360,8086,34288,4324,7735,31097,Day_1,Fair,Fast,5mm,Experiment_2
2025-10-23T02:44:55.683Z,2403,6281,22923,3559,8499,28050,5384,8084,34286,4333,7735,31095,Day_1,Fair,Fast,5mm,Experiment_2
2025-10-23T02:44:55.723Z,2360,6285,22915,3556,8500,28048,5388,8070,34271,4333,7723,31092,Day_1,Fair,Fast,5mm,Experiment_2
2025-10-23T02:44:55.763Z,2317,6283,22909,3555,8498,28043,5369,8062,34246,4324,7711,31084,Day_1,Fair,Fast,5mm,Experiment_2
2025-10-23T02:44:55.803Z,2267,6283,22896,3560,8498,28030,5352,8078,34220,4317,7713,31071,Day_1,Fair,Fast,5mm,Experiment_2
2025-10-23T02:44:55.843Z,2175,6287,22882,3569,8497,28014,5351,8108,34196,4315,7728,31058,Day_1,Fair,Fast,5mm,Experiment_2
2025-10-23T02:44:55.883Z,2122,6289,22878,3574,8495,28010,5352,8130,34187,4312,7743,31053,Day_1,Fair,Fast,5mm,Experiment_2
2025-10-23T02:44:55.923Z,2214,6284,22888,3575,8493,28021,5351,8140,34200,4312,7749,31060,Day_1,Fair,Fast,5mm,Experiment_2
2025-10-23T02:44:55.963Z,2372,6279,22908,3578,8496,28038,5352,8146,34216,4319,7752,31067,Day_1,Fair,Fast,5mm,Experiment_2
2025-10-23T02:44:56.003Z,2486,6284,22922,3581,8503,28048,5359,8148,34218,4326,7755,31067,Day_1,Fair,Fast,5mm,Experiment_2
2025-10-23T02:44:56.043Z,2597,6291,22923,3582,8509,28047,5363,8142,34215,4326,7756,31063,Day_1,Fair,Fast,5mm,Experiment_2
2025-10-23T02:44:56.083Z,2767,6292,22915,3588,8506,28040,5362,8135,34215,4321,7755,31062,Day_1,Fair,Fast,5mm,Experiment_2
2025-10-23T02:44:56.123Z,2908,6281,22904,3594,8495,28031,5356,8135,34221,4313,7755,31067,Day_1,Fair,Fast,5mm,Experiment_2
2025-10-23T02:44:56.163Z,2979,6268,22895,3590,8481,28026,5347,8132,34226,4304,7754,31079,Day_1,Fair,Fast,5mm,Experiment_2
2025-10-23T02:44:56.203Z,3116,6265,22895,3589,8478,28025,5340,8125,34227,4302,7751,31087,Day_1,Fair,Fast,5mm,Experiment_2
