time,Unpolarized_A_Green,Unpolarized_A_Red,Unpolarized_A_IR,Unpolarized_B_Green,Unpolarized_B_Red,Unpolarized_B_IR,Co-Polarized_Green,Co-Polarized_Red,Co-Polarized_IR,Cross-Polarized_Green,Cross-Polarized_Red,Cross-Polarized_IR,Day,SkinTone,Speed,Depth,Experiment
2025-10-23T02:39:58.026Z,2436,6247,22865,3554,8451,27980,5419,8121,34244,4338,7737,31029,Day_1,Fair,Intermediate,5mm,Experiment_2
2025-10-23T02:39:58.066Z,2441,6242,22862,3563,8448,27977,5427,8136,34250,4338,7747,31035,Day_1,Fair,Intermediate,5mm,Experiment_2
2025-10-23T02:39:58.106Z,2441,6237,22863,3565,8442,27975,5422,8156,34265,4334,7755,31046,Day_1,Fair,Intermediate,5mm,Experiment_2
2025-10-23T02:39:58.146Z,2437,6232,22870,3563,8435,27978,5408,8165,34270,4329,7757,31052,Day_1,Fair,Intermediate,5mm,Experiment_2
2025-10-23T02:39:58.186Z,2433,6228,22881,3559,8429,27987,5391,8158,34265,4325,7754,31046,Day_1,Fair,Intermediate,5mm,Experiment_2
2025-10-23T02:39:58.226Z,2431,6229,22893,3556,8430,27996,5384,8146,34271,4328,7750,31042,Day_1,Fair,Intermediate,5mm,Experiment_2
2025-10-23T02:39:58.266Z,2433,6238,22899,3556,8440,28004,5396,8136,34284,4335,7745,31045,Day_1,Fair,Intermediate,5mm,Experiment_2
2025-10-23T02:39:58.306Z,2436,6248,22899,3556,8451,28007,5413,8126,34283,4342,7739,31047,Day_1,Fair,Intermediate,5mm,Experiment_2
2025-10-23T02:39:58.346Z,2436,6251,22898,3552,8455,28005,5423,8118,34267,4346,7731,31044,Day_1,Fair,Intermediate,5mm,Experiment_2
2025-10-23T02:39:58.386Z,2437,6249,22895,3552,8454,27999,5421,8122,34246,4346,7728,31035,Day_1,Fair,Intermediate,5mm,Experiment_2
2025-10-23T02:39:58.426Z,2438,6249,22890,3555,8451,27996,5412,8135,34227,4342,7732,31025,Day_1,Fair,Intermediate,5mm,Experiment_2
2025-10-23T02:39:58.466Z,2434,6251,22887,3553,8448,27996,5408,8141,34216,4338,7739,31018,Day_1,Fair,Intermediate,5mm,Experiment_2
2025-10-23T02:39:58.506Z,2427,6254,22887,3545,8446,27998,5414,8137,34218,4338,7741,31020,Day_1,Fair,Intermediate,5mm,Experiment_2
2025-10-23T02:39:58.546Z,2425,6258,22889,3541,8449,28001,5415,8128,34225,4335,7737,31024,Day_1,Fair,Intermediate,5mm,Experiment_2
2025-10-23T02:39:58.586Z,2430,6260,22892,3546,8454,28000,5407,8120,34229,4329,7732,31027,Day_1,Fair,Intermediate,5mm,Experiment_2
2025-10-23T02:39:58.626Z,2436,6260,22889,3555,8460,27992,5399,8119,34235,4327,7731,31028,Day_1,Fair,Intermediate,5mm,Experiment_2
2025-10-23T02:39:58.666Z,2439,6262,22874,3559,8466,27977,5399,8125,34239,4328,7736,31029,Day_1,Fair,Intermediate,5mm,Experiment_2
2025-10-23T02:39:58.706Z,2438,6264,22858,3558,8469,27961,5399,8127,34238,4328,7741,31029,Day_1,Fair,Intermediate,5mm,Experiment_2
2025-10-23T02:39:58.746Z,2435,6263,22853,3554,8467,27957,5394,8122,34237,4326,7742,31031,Day_1,Fair,Intermediate,5mm,Experiment_2
2025-10-23T02:39:58.786Z,2435,6262,22857,3552,8465,27964,5392,8121,34246,4324,7742,31037,Day_1,Fair,Intermediate,5mm,Experiment_2
2025-10-23T02:39:58.826Z,2438,6266,22863,3555,8468,27976,5396,8123,34254,4327,7746,31041,Day_1,Fair,Intermediate,5mm,Experiment_2
2025-10-23T02:39:58.866Z,2438,6269,22868,3556,8470,27987,5399,8127,34257,4332,7750,31041,Day_1,Fair,Intermediate,5mm,Experiment_2
2025-10-23T02:39:58.906Z,2432,6261,22873,3553,8462,27994,5398,8135,34261,4336,7755,31042,Day_1,Fair,Intermediate,5mm,Experiment_2
2025-10-23T02:39:58.946Z,2427,6250,22877,3549,8450,27995,5398,8139,34265,4338,7755,31044,Day_1,Fair,Intermediate,5mm,Experiment_2
2025-10-23T02:39:58.986Z,2430,6247,22880,3551,8444,27992,5398,8128,34259,4338,7745,31041,Day_1,Fair,Intermediate,5mm,Experiment_2
2025-10-23T02:39:59.026Z,2434,6253,22882,3553,8448,27989,5389,8110,34246,4332,7733,31032,Day_1,Fair,Intermediate,5mm,Experiment_2
2025-10-23T02:39:59.066Z,2431,6265,22878,3551,8461,27984,5381,8099,34237,4324,7728,31027,Day_1,Fair,Intermediate,5mm,Experiment_2
2025-10-23T02:39:59.106Z,2421,6277,22868,3544,8474,27977,5386,8093,34233,4323,7727,31028,Day_1,Fair,Intermediate,5mm,Experiment_2
2025-10-23T02:39:59.146Z,2412,6280,22860,3536,8478,27971,5396,8094,34235,4326,7730,31033,Day_1,Fair,Intermediate,5mm,Experiment_2
2025-10-23T02:39:59.186Z,2410,6276,22858,3534,8474,27971,5398,8097,34245,4329,7735,31040,Day_1,Fair,Intermediate,5mm,Experiment_2
2025-10-23T02:39:59.226Z,2416,6271,22863,3538,8468,27974,5392,8100,34255,4328,7740,31044,Day_1,Fair,Intermediate,5mm,Experiment_2
2025-10-23T02:39:59.266Z,2427,6266,22868,3547,8462,27977,5394,8109,34259,4328,7744,31044,Day_1,Fair,Intermediate,5mm,Experiment_2
2025-10-23T02:39:59.306Z,2439,6256,22870,3556,8456,27981,5398,8124,34257,4329,7746,31043,Day_1,Fair,Intermediate,5mm,Experiment_2
2025-10-23T02:39:59.346Z,2450,6247,22873,3565,8450,27986,5394,8133,34247,4326,7745,31039,Day_1,Fair,Intermediate,5mm,Experiment_2
2025-10-23T02:39:59.386Z,2457,6247,22879,3570,8450,27993,5384,8129,34246,4321,7738,31038,Day_1,Fair,Intermediate,5mm,Experiment_2
2025-10-23T02:39:59.426Z,2454,6257,22887,3567,8459,27998,5380,8119,34265,4318,7730,31047,Day_1,Fair,Intermediate,5mm,Experiment_2
2025-10-23T02:39:59.466Z,2447,6262,22894,3561,8463,27999,5384,8113,34284,4320,7724,31056,Day_1,Fair,Intermediate,5mm,Experiment_2
2025-10-23T02:39:59.506Z,2444,6255,22896,3560,8458,27998,5402,8113,34282,4330,7723,31052,Day_1,Fair,Intermediate,5mm,Experiment_2
2025-10-23T02:39:59.546Z,2447,6250,22896,3563,8454,28000,5420,8117,34272,4342,7730,31040,Day_1,Fair,Intermediate,5mm,Experiment_2
2025-10-23T02:39:59.586Z,2449,6257,22894,3565,8462,28002,5419,8129,34271,4344,7739,31035,Day_1,Fair,Intermediate,5mm,Experiment_2
2025-10-23T02:39:59.626Z,2445,6271,22889,3562,8475,27998,5402,8138,34273,4337,7743,31037,Day_1,Fair,Intermediate,5mm,Experiment_2
2025-10-23T02:39:59.666Z,2438,6281,22884,3555,8483,27991,5383,8139,34267,4329,7739,31039,Day_1,Fair,Intermediate,5mm,Experiment_2
2025-10-23T02:39:59.706Z,2432,6280,22883,3550,8479,27987,5370,8139,34253,4325,7736,31041,Day_1,Fair,Intermediate,5mm,Experiment_2
2025-10-23T02:39:59.746Z,2430,6271,22879,3548,8469,27983,5362,8148,34232,4322,7742,31036,Day_1,Fair,Intermediate,5mm,Experiment_2
2025-10-23T02:39:59.786Z,2432,6264,22872,3549,8462,27980,5355,8167,34220,4316,7751,31031,Day_1,Fair,Intermediate,5mm,Experiment_2
2025-10-23T02:39:59.826Z,2438,6262,22869,3553,8460,27978,5351,8177,34231,4312,7753,31035,Day_1,Fair,Intermediate,5mm,Experiment_2
2025-10-23T02:39:59.866Z,2439,6261,22872,3555,8458,27983,5354,8170,34252,4313,7746,31041,Day_1,Fair,Intermediate,5mm,Experiment_2
2025-10-23T02:39:59.906Z,2432,6258,22877,3549,8455,27992,5366,8157,34260,4319,7740,31039,Day_1,Fair,Intermediate,5mm,Experiment_2
2025-10-23T02:39:59.946Z,2424,6256,22879,3543,8456,27998,5383,8146,34252,4328,7739,31033,Day_1,Fair,Intermediate,5mm,Experiment_2
2025-10-23T02:39:59.986Z,2424,6258,22871,3543,8460,27993,5397,8136,34242,4333,7740,31031,Day_1,Fair,Intermediate,5mm,Experiment_2
2025-10-23T02:40:00.026Z,2424,6258,22859,3544,8460,27980,5409,8123,34238,4338,7739,31031,Day_1,Fair,Intermediate,5mm,Experiment_2
2025-10-23T02:40:00.066Z,2421,6251,22851,3540,8452,27969,5423,8108,34238,4345,7734,31032,Day_1,Fair,Intermediate,5mm,Experiment_2
2025-10-23T02:40:00.106Z,2418,6243,22849,3536,8445,27963,5434,8104,34234,4352,7731,31027,Day_1,Fair,Intermediate,5mm,Experiment_2
2025-10-23T02:40:00.146Z,2422,6241,22853,3538,8445,27962,5439,8118,34225,4355,7738,31019,Day_1,Fair,Intermediate,5mm,Experiment_2
2025-10-23T02:40:00.186Z,2432,6241,22859,3544,8445,27966,5435,8140,34224,4354,7749,31019,Day_1,Fair,Intermediate,5mm,Experiment_2
2025-10-23T02:40:00.226Z,2438,6241,22864,3549,8443,27973,5420,8150,34235,4346,7755,31025,Day_1,Fair,Intermediate,5mm,Experiment_2
2025-10-23T02:40:00.266Z,2437,6246,22866,3552,8445,27980,5395,8145,34244,4333,7754,31026,Day_1,Fair,Intermediate,5mm,Experiment_2
2025-10-23T02:40:00.306Z,2431,6254,22867,3550,8451,27984,5377,8136,34240,4319,7749,31020,Day_1,Fair,Intermediate,5mm,Experiment_2
2025-10-23T02:40:00.346Z,2421,6255,22868,3544,8454,27983,5372,8143,34228,4309,7749,31013,Day_1,Fair,Intermediate,5mm,Experiment_2
2025-10-23T02:40:00.386Z,2416,6253,22869,3540,8456,27980,5369,8165,34226,4307,7756,31010,Day_1,Fair,Intermediate,5mm,Experiment_2
2025-10-23T02:40:00.426Z,2417,6255,22867,3539,8462,27975,5365,8182,34239,4310,7762,31018,Day_1,Fair,Intermediate,5mm,Experiment_2
2025-10-23T02:40:00.466Z,2421,6256,22865,3542,8464,27970,5373,8179,34253,4318,7763,31032,Day_1,Fair,Intermediate,5mm,Experiment_2
2025-10-23T02:40:00.506Z,2429,6253,22865,3550,8460,27972,5392,8163,34252,4328,7756,31039,Day_1,Fair,Intermediate,5mm,Experiment_2
2025-10-23T02:40:00.546Z,2443,6252,22869,3563,8458,27981,5410,8141,34245,4335,7747,31042,Day_1,Fair,Intermediate,5mm,Experiment_2
2025-10-23T02:40:00.586Z,2453,6255,22876,3570,8461,27991,5421,8122,34242,4339,7740,31047,Day_1,Fair,Intermediate,5mm,Experiment_2
2025-10-23T02:40:00.626Z,2450,6259,22880,3567,8464,27995,5423,8116,34237,4339,7739,31048,Day_1,Fair,Intermediate,5mm,Experiment_2
2025-10-23T02:40:00.666Z,2442,6266,22880,3560,8469,27992,5411,8120,34227,4334,7741,31043,Day_1,Fair,Intermediate,5mm,Experiment_2
2025-10-23T02:40:00.706Z,2436,6269,22880,3553,8471,27990,5391,8121,34221,4328,7740,31035,Day_1,Fair,Intermediate,5mm,Experiment_2
2025-10-23T02:40:00.746Z,2430,6261,22881,3547,8465,27990,5377,8117,34226,4322,7736,31031,Day_1,Fair,Intermediate,5mm,Experiment_2
2025-10-23T02:40:00.786Z,2424,6245,22882,3542,8451,27988,5376,8114,34237,4312,7736,31032,Day_1,Fair,Intermediate,5mm,Experiment_2
2025-10-23T02:40:00.826Z,2418,6232,22880,3537,8439,27983,5390,8112,34244,4300,7739,31040,Day_1,Fair,Intermediate,5mm,Experiment_2
2025-10-23T02:40:00.866Z,2414,6232,22877,3533,8436,27978,5407,8103,34248,4296,7734,31051,Day_1,Fair,Intermediate,5mm,Experiment_2
2025-10-23T02:40:00.906Z,2416,6241,22869,3533,8441,27974,5408,8093,34256,4303,7726,31058,Day_1,Fair,Intermediate,5mm,Experiment_2
2025-10-23T02:40:00.946Z,2421,6246,22861,3535,8443,27970,5396,8095,34268,4315,7725,31060,Day_1,Fair,Intermediate,5mm,Experiment_2
2025-10-23T02:40:00.986Z,2424,6239,22860,3535,8437,27970,5387,8103,34278,4328,7728,31061,Day_1,Fair,Intermediate,5mm,Experiment_2
2025-10-23T02:40:01.026Z,2427,6231,22868,3539,8432,27978,5390,8111,34279,4339,7731,31058,Day_1,Fair,Intermediate,5mm,Experiment_2
2025-10-23T02:40:01.066Z,2431,6228,22878,3549,8435,27989,5404,8125,34274,4346,7737,31053,Day_1,Fair,Intermediate,5mm,Experiment_2
2025-10-23T02:40:01.106Z,2432,6232,22886,3555,8440,27999,5418,8140,34276,4346,7743,31054,Day_1,Fair,Intermediate,5mm,Experiment_2
2025-10-23T02:40:01.146Z,2430,6237,22890,3553,8443,28005,5428,8146,34281,4345,7741,31060,Day_1,Fair,Intermediate,5mm,Experiment_2
2025-10-23T02:40:01.186Z,2425,6245,22884,3548,8447,28000,5428,8146,34273,4344,7736,31061,Day_1,Fair,Intermediate,5mm,Experiment_2
2025-10-23T02:40:01.227Z,2425,6254,22873,3548,8456,27986,5413,8146,34245,4338,7734,31047,Day_1,Fair,Intermediate,5mm,Experiment_2
2025-10-23T02:40:01.267Z,2429,6265,22864,3553,8466,27976,5395,8145,34220,4328,7738,31025,Day_1,Fair,Intermediate,5mm,Experiment_2
2025-10-23T02:40:01.307Z,2438,6276,22862,3563,8476,27976,5389,8138,34224,4322,7740,31016,Day_1,Fair,Intermediate,5mm,Experiment_2
2025-10-23T02:40:01.347Z,2450,6283,22861,3573,8480,27980,5399,8128,34244,4323,7739,31020,Day_1,Fair,Intermediate,5mm,Experiment_2
2025-10-23T02:40:01.387Z,2455,6278,22857,3577,8476,27980,5412,8115,34253,4329,7736,31022,Day_1,Fair,Intermediate,5mm,Experiment_2
2025-10-23T02:40:01.427Z,2450,6266,22853,3571,8468,27978,5419,8107,34255,4334,7730,31023,Day_1,Fair,Intermediate,5mm,Experiment_2
2025-10-23T02:40:01.467Z,2438,6256,22853,3561,8462,27974,5414,8102,34265,4334,7724,31031,Day_1,Fair,Intermediate,5mm,Experiment_2
2025-10-23T02:40:01.507Z,2427,6250,22857,3553,8458,27969,5403,8090,34281,4334,7714,31041,Day_1,Fair,Intermediate,5mm,Experiment_2
2025-10-23T02:40:01.547Z,2422,6248,22866,3546,8456,27970,5394,8066,34288,4337,7699,31048,Day_1,Fair,Intermediate,5mm,Experiment_2
2025-10-23T02:40:01.587Z,2420,6249,22876,3540,8456,27977,5394,8044,34279,4341,7687,31047,Day_1,Fair,Intermediate,5mm,Experiment_2
2025-10-23T02:40:01.627Z,2421,6251,22883,3537,8457,27985,5406,8042,34268,4346,7688,31043,Day_1,Fair,Intermediate,5mm,Experiment_2
2025-10-23T02:40:01.667Z,2422,6254,22886,3540,8459,27988,5419,8059,34264,4347,7697,31041,Day_1,Fair,Intermediate,5mm,Experiment_2
2025-10-23T02:40:01.707Z,2424,6260,22887,3547,8463,27987,5417,8080,34262,4342,7707,31042,Day_1,Fair,Intermediate,5mm,Experiment_2
2025-10-23T02:40:01.747Z,2424,6266,22883,3553,8468,27982,5402,8094,34258,4331,7714,31043,Day_1,Fair,Intermediate,5mm,Experiment_2
2025-10-23T02:40:01.787Z,2425,6268,22876,3556,8470,27980,5387,8108,34251,4321,7721,31039,Day_1,Fair,Intermediate,5mm,Experiment_2
2025-10-23T02:40:01.827Z,2430,6260,22870,3559,8466,27979,5384,8128,34240,4318,7734,31029,Day_1,Fair,Intermediate,5mm,Experiment_2
2025-10-23T02:40:01.867Z,2439,6243,22866,3563,8454,27981,5392,8149,34225,4324,7747,31016,Day_1,Fair,Intermediate,5mm,Experiment_2
2025-10-23T02:40:01.907Z,2445,6226,22871,3564,8439,27987,5400,8166,34212,4332,7756,31009,Day_1,Fair,Intermediate,5mm,Experiment_2
2025-10-23T02:40:01.947Z,2447,6224,22883,3560,8434,27993,5407,8171,34212,4339,7757,31017,Day_1,Fair,Intermediate,5mm,Experiment_2
2025-10-23T02:40:01.987Z,2445,6234,22890,3555,8439,27993,5411,8163,34230,4343,7751,31036,Day_1,Fair,Intermediate,5mm,Experiment_2
2025-10-23T02:40:02.027Z,2440,6241,22885,3550,8443,27985,5411,8152,34251,4340,7742,31052,Day_1,Fair,Intermediate,5mm,Experiment_2
2025-10-23T02:40:02.067Z,2433,6239,22873,3546,8440,27974,5406,8141,34260,4332,7734,31054,Day_1,Fair,Intermediate,5mm,Experiment_2
2025-10-23T02:40:02.107Z,2426,6232,22865,3544,8434,27968,5401,8135,34253,4327,7733,31046,Day_1,Fair,Intermediate,5mm,Experiment_2
2025-10-23T02:40:02.147Z,2422,6229,22863,3542,8434,27967,5402,8139,34240,4328,7740,31035,Day_1,Fair,Intermediate,5mm,Experiment_2
2025-10-23T02:40:02.187Z,2422,6238,22862,3543,8443,27967,5404,8143,34225,4328,7748,31025,Day_1,Fair,Intermediate,5mm,Experiment_2
2025-10-23T02:40:02.227Z,2426,6252,22866,3549,8457,27973,5401,8137,34215,4325,7748,31021,Day_1,Fair,Intermediate,5mm,Experiment_2
2025-10-23T02:40:02.267Z,2435,6257,22880,3560,8463,27992,5398,8127,34213,4322,7742,31025,Day_1,Fair,Intermediate,5mm,Experiment_2
2025-10-23T02:40:02.307Z,2446,6249,22898,3568,8458,28011,5398,8116,34219,4324,7735,31035,Day_1,Fair,Intermediate,5mm,Experiment_2
2025-10-23T02:40:02.347Z,2447,6246,22904,3564,8454,28016,5398,8110,34229,4326,7729,31045,Day_1,Fair,Intermediate,5mm,Experiment_2
2025-10-23T02:40:02.387Z,2438,6254,22895,3552,8459,28006,5396,8116,34231,4324,7730,31048,Day_1,Fair,Intermediate,5mm,Experiment_2
2025-10-23T02:40:02.427Z,2431,6263,22882,3543,8467,27994,5396,8126,34227,4324,7735,31042,Day_1,Fair,Intermediate,5mm,Experiment_2
2025-10-23T02:40:02.467Z,2437,6263,22871,3546,8468,27986,5404,8125,34231,4329,7734,31038,Day_1,Fair,Intermediate,5mm,Experiment_2
2025-10-23T02:40:02.507Z,2451,6257,22869,3559,8467,27985,5405,8113,34243,4332,7728,31039,Day_1,Fair,Intermediate,5mm,Experiment_2
2025-10-23T02:40:02.547Z,2457,6251,22873,3565,8464,27988,5395,8105,34251,4330,7727,31037,Day_1,Fair,Intermediate,5mm,Experiment_2
2025-10-23T02:40:02.587Z,2447,6247,22874,3560,8460,27990,5384,8109,34252,4330,7733,31031,Day_1,Fair,Intermediate,5mm,Experiment_2
2025-10-23T02:40:02.627Z,2436,6245,22870,3555,8457,27990,5389,8122,34252,4337,7741,31029,Day_1,Fair,Intermediate,5mm,Experiment_2
2025-10-23T02:40:02.667Z,2433,6241,22872,3555,8453,27993,5405,8130,34262,4344,7743,31036,Day_1,Fair,Intermediate,5mm,Experiment_2
2025-10-23T02:40:02.707Z,2432,6233,22878,3555,8447,27995,5419,8126,34272,4347,7740,31043,Day_1,Fair,Intermediate,5mm,Experiment_2
2025-10-23T02:40:02.747Z,2429,6230,22881,3552,8444,27994,5427,8123,34262,4348,7739,31037,Day_1,Fair,Intermediate,5mm,Experiment_2
2025-10-23T02:40:02.787Z,2429,6237,22881,3549,8449,27993,5431,8132,34230,4350,7741,31018,Day_1,Fair,Intermediate,5mm,Experiment_2
2025-10-23T02:40:02.827Z,2431,6247,22886,3549,8455,28001,5432,8136,34200,4352,7739,31006,Day_1,Fair,Intermediate,5mm,Experiment_2
2025-10-23T02:40:02.867Z,2431,6253,22896,3548,8457,28011,5433,8131,34196,4356,7735,31011,Day_1,Fair,Intermediate,5mm,Experiment_2
2025-10-23T02:40:02.907Z,2427,6257,22900,3545,8458,28013,5431,8133,34211,4359,7737,31022,Day_1,Fair,Intermediate,5mm,Experiment_2
2025-10-23T02:40:02.947Z,2428,6258,22894,3546,8460,28007,5418,8140,34222,4355,7741,31028,Day_1,Fair,Intermediate,5mm,Experiment_2
2025-10-23T02:40:02.987Z,2430,6256,22886,3548,8458,28000,5402,8142,34225,4346,7744,31030,Day_1,Fair,Intermediate,5mm,Experiment_2
2025-10-23T02:40:03.027Z,2431,6253,22880,3546,8454,27991,5395,8141,34235,4339,7746,31039,Day_1,Fair,Intermediate,5mm,Experiment_2
2025-10-23T02:40:03.067Z,2427,6252,22873,3541,8452,27981,5402,8138,34257,4339,7746,31052,Day_1,Fair,Intermediate,5mm,Experiment_2
2025-10-23T02:40:03.107Z,2419,6250,22867,3534,8449,27975,5417,8129,34264,4343,7743,31054,Day_1,Fair,Intermediate,5mm,Experiment_2
2025-10-23T02:40:03.147Z,2412,6244,22866,3530,8443,27974,5430,8124,34248,4347,7741,31043,Day_1,Fair,Intermediate,5mm,Experiment_2
2025-10-23T02:40:03.187Z,2411,6236,22865,3531,8438,27975,5435,8132,34241,4349,7742,31038,Day_1,Fair,Intermediate,5mm,Experiment_2
2025-10-23T02:40:03.227Z,2415,6233,22864,3535,8438,27975,5431,8134,34262,4344,7743,31046,Day_1,Fair,Intermediate,5mm,Experiment_2
2025-10-23T02:40:03.267Z,2427,6234,22864,3545,8438,27975,5419,8119,34288,4335,7736,31053,Day_1,Fair,Intermediate,5mm,Experiment_2
2025-10-23T02:40:03.307Z,2442,6234,22867,3558,8438,27979,5407,8102,34288,4330,7726,31050,Day_1,Fair,Intermediate,5mm,Experiment_2
2025-10-23T02:40:03.347Z,2450,6235,22875,3567,8441,27988,5404,8097,34264,4330,7720,31039,Day_1,Fair,Intermediate,5mm,Experiment_2
2025-10-23T02:40:03.387Z,2448,6237,22883,3566,8446,27993,5412,8097,34240,4335,7716,31029,Day_1,Fair,Intermediate,5mm,Experiment_2
2025-10-23T02:40:03.427Z,2442,6239,22884,3561,8449,27990,5424,8097,34231,4339,7714,31024,Day_1,Fair,Intermediate,5mm,Experiment_2
2025-10-23T02:40:03.467Z,2440,6241,22880,3557,8452,27983,5426,8101,34236,4336,7717,31026,Day_1,Fair,Intermediate,5mm,Experiment_2
2025-10-23T02:40:03.507Z,2438,6242,22872,3555,8453,27977,5415,8112,34246,4327,7723,31033,Day_1,Fair,Intermediate,5mm,Experiment_2
2025-10-23T02:40:03.547Z,2435,6242,22867,3552,8455,27974,5406,8129,34255,4323,7730,31040,Day_1,Fair,Intermediate,5mm,Experiment_2
2025-10-23T02:40:03.587Z,2430,6246,22869,3546,8461,27976,5404,8143,34259,4327,7737,31043,Day_1,Fair,Intermediate,5mm,Experiment_2
2025-10-23T02:40:03.627Z,2424,6252,22877,3542,8467,27982,5400,8150,34255,4330,7745,31043,Day_1,Fair,Intermediate,5mm,Experiment_2
2025-10-23T02:40:03.667Z,2419,6253,22888,3538,8465,27990,5395,8155,34241,4329,7753,31036,Day_1,Fair,Intermediate,5mm,Experiment_2
2025-10-23T02:40:03.707Z,2415,6251,22889,3536,8457,27992,5398,8157,34227,4328,7757,31026,Day_1,Fair,Intermediate,5mm,Experiment_2
2025-10-23T02:40:03.747Z,2417,6249,22878,3539,8449,27985,5405,8150,34224,4328,7757,31023,Day_1,Fair,Intermediate,5mm,Experiment_2
2025-10-23T02:40:03.787Z,2422,6249,22865,3546,8445,27975,5415,8139,34238,4334,7752,31031,Day_1,Fair,Intermediate,5mm,Experiment_2
2025-10-23T02:40:03.827Z,2425,6250,22862,3552,8445,27973,5422,8128,34266,4339,7744,31045,Day_1,Fair,Intermediate,5mm,Experiment_2
2025-10-23T02:40:03.867Z,2425,6252,22867,3556,8449,27978,5416,8119,34289,4336,7737,31054,Day_1,Fair,Intermediate,5mm,Experiment_2
2025-10-23T02:40:03.907Z,2426,6256,22874,3556,8456,27984,5403,8115,34286,4329,7735,31052,Day_1,Fair,Intermediate,5mm,Experiment_2
2025-10-23T02:40:03.947Z,2428,6260,22880,3557,8462,27992,5392,8114,34272,4326,7739,31046,Day_1,Fair,Intermediate,5mm,Experiment_2
2025-10-23T02:40:03.987Z,2430,6259,22890,3559,8462,28005,5389,8109,34270,4329,7742,31043,Day_1,Fair,Intermediate,5mm,Experiment_2
2025-10-23T02:40:04.027Z,2430,6254,22902,3559,8458,28016,5400,8104,34277,4335,7742,31044,Day_1,Fair,Intermediate,5mm,Experiment_2
2025-10-23T02:40:04.067Z,2426,6254,22906,3555,8457,28017,5411,8109,34277,4340,7741,31043,Day_1,Fair,Intermediate,5mm,Experiment_2
2025-10-23T02:40:04.107Z,2424,6262,22894,3552,8465,28006,5405,8125,34271,4338,7741,31044,Day_1,Fair,Intermediate,5mm,Experiment_2
2025-10-23T02:40:04.147Z,2424,6271,22872,3551,8473,27988,5387,8138,34268,4330,7741,31045,Day_1,Fair,Intermediate,5mm,Experiment_2
2025-10-23T02:40:04.187Z,2424,6274,22854,3549,8476,27974,5377,8142,34261,4325,7741,31045,Day_1,Fair,Intermediate,5mm,Experiment_2
2025-10-23T02:40:04.227Z,2422,6270,22852,3545,8472,27972,5380,8140,34245,4326,7740,31042,Day_1,Fair,Intermediate,5mm,Experiment_2
2025-10-23T02:40:04.267Z,2419,6265,22857,3541,8466,27978,5391,8140,34229,4332,7741,31039,Day_1,Fair,Intermediate,5mm,Experiment_2
2025-10-23T02:40:04.307Z,2419,6260,22856,3539,8460,27977,5402,8140,34223,4340,7741,31038,Day_1,Fair,Intermediate,5mm,Experiment_2
2025-10-23T02:40:04.347Z,2422,6249,22851,3541,8450,27970,5413,8135,34228,4347,7740,31039,Day_1,Fair,Intermediate,5mm,Experiment_2
2025-10-23T02:40:04.387Z,2424,6237,22849,3543,8439,27968,5417,8125,34236,4350,7738,31036,Day_1,Fair,Intermediate,5mm,Experiment_2
2025-10-23T02:40:04.427Z,2422,6229,22851,3542,8433,27973,5409,8115,34240,4344,7739,31034,Day_1,Fair,Intermediate,5mm,Experiment_2
2025-10-23T02:40:04.467Z,2424,6230,22859,3543,8435,27981,5398,8108,34242,4337,7740,31033,Day_1,Fair,Intermediate,5mm,Experiment_2
2025-10-23T02:40:04.507Z,2432,6242,22872,3546,8449,27989,5391,8105,34238,4331,7739,31027,Day_1,Fair,Intermediate,5mm,Experiment_2
2025-10-23T02:40:04.547Z,2438,6262,22883,3547,8467,27995,5386,8107,34237,4324,7737,31026,Day_1,Fair,Intermediate,5mm,Experiment_2
2025-10-23T02:40:04.587Z,2435,6273,22888,3544,8476,27997,5389,8117,34249,4322,7738,31037,Day_1,Fair,Intermediate,5mm,Experiment_2
2025-10-23T02:40:04.627Z,2428,6277,22885,3542,8477,27997,5404,8126,34258,4329,7741,31049,Day_1,Fair,Intermediate,5mm,Experiment_2
2025-10-23T02:40:04.667Z,2422,6280,22877,3541,8478,27995,5420,8125,34254,4338,7740,31053,Day_1,Fair,Intermediate,5mm,Experiment_2
2025-10-23T02:40:04.707Z,2426,6283,22872,3545,8483,27993,5429,8114,34246,4342,7735,31051,Day_1,Fair,Intermediate,5mm,Experiment_2
2025-10-23T02:40:04.747Z,2436,6280,22872,3552,8483,27994,5426,8106,34241,4341,7729,31047,Day_1,Fair,Intermediate,5mm,Experiment_2
2025-10-23T02:40:04.787Z,2443,6268,22874,3557,8473,27995,5413,8110,34236,4339,7728,31039,Day_1,Fair,Intermediate,5mm,Experiment_2
2025-10-23T02:40:04.827Z,2443,6254,22872,3558,8459,27990,5398,8127,34230,4339,7736,31030,Day_1,Fair,Intermediate,5mm,Experiment_2
2025-10-23T02:40:04.867Z,2438,6246,22864,3554,8449,27979,5391,8147,34231,4339,7748,31025,Day_1,Fair,Intermediate,5mm,Experiment_2
2025-10-23T02:40:04.907Z,2432,6244,22862,3550,8446,27974,5394,8160,34243,4341,7756,31028,Day_1,Fair,Intermediate,5mm,Experiment_2
2025-10-23T02:40:04.947Z,2431,6246,22869,3550,8449,27977,5404,8162,34255,4342,7758,31034,Day_1,Fair,Intermediate,5mm,Experiment_2
2025-10-23T02:40:04.987Z,2434,6245,22876,3552,8451,27979,5410,8154,34249,4340,7755,31033,Day_1,Fair,Intermediate,5mm,Experiment_2
2025-10-23T02:40:05.027Z,2437,6238,22874,3556,8446,27980,5405,8141,34231,4333,7749,31025,Day_1,Fair,Intermediate,5mm,Experiment_2
2025-10-23T02:40:05.067Z,2440,6232,22869,3560,8438,27982,5392,8131,34222,4326,7745,31016,Day_1,Fair,Intermediate,5mm,Experiment_2
2025-10-23T02:40:05.107Z,2441,6228,22867,3562,8432,27984,5379,8126,34226,4323,7743,31013,Day_1,Fair,Intermediate,5mm,Experiment_2
2025-10-23T02:40:05.147Z,2435,6227,22873,3557,8432,27990,5375,8124,34233,4325,7741,31013,Day_1,Fair,Intermediate,5mm,Experiment_2
2025-10-23T02:40:05.188Z,2427,6230,22881,3550,8437,27994,5385,8127,34236,4331,7739,31018,Day_1,Fair,Intermediate,5mm,Experiment_2
2025-10-23T02:40:05.228Z,2423,6237,22880,3547,8443,27989,5400,8137,34238,4336,7743,31027,Day_1,Fair,Intermediate,5mm,Experiment_2
2025-10-23T02:40:05.268Z,2422,6245,22870,3549,8448,27976,5419,8146,34244,4341,7750,31037,Day_1,Fair,Intermediate,5mm,Experiment_2
2025-10-23T02:40:05.308Z,2422,6251,22855,3550,8451,27964,5433,8142,34254,4344,7753,31045,Day_1,Fair,Intermediate,5mm,Experiment_2
2025-10-23T02:40:05.348Z,2425,6256,22847,3549,8455,27962,5429,8133,34259,4342,7748,31045,Day_1,Fair,Intermediate,5mm,Experiment_2
2025-10-23T02:40:05.388Z,2434,6262,22854,3553,8460,27974,5412,8130,34256,4334,7744,31036,Day_1,Fair,Intermediate,5mm,Experiment_2
2025-10-23T02:40:05.428Z,2443,6268,22868,3559,8464,27989,5408,8133,34252,4330,7742,31030,Day_1,Fair,Intermediate,5mm,Experiment_2
2025-10-23T02:40:05.468Z,2444,6273,22877,3561,8469,27996,5420,8134,34250,4334,7738,31032,Day_1,Fair,Intermediate,5mm,Experiment_2
2025-10-23T02:40:05.508Z,2439,6274,22879,3559,8472,27997,5435,8135,34250,4340,7736,31037,Day_1,Fair,Intermediate,5mm,Experiment_2
2025-10-23T02:40:05.548Z,2436,6266,22876,3558,8468,27997,5443,8143,34247,4347,7738,31040,Day_1,Fair,Intermediate,5mm,Experiment_2
2025-10-23T02:40:05.588Z,2435,6256,22866,3556,8459,27991,5446,8155,34240,4351,7744,31037,Day_1,Fair,Intermediate,5mm,Experiment_2
2025-10-23T02:40:05.628Z,2436,6251,22857,3555,8453,27983,5446,8153,34236,4353,7749,31036,Day_1,Fair,Intermediate,5mm,Experiment_2
2025-10-23T02:40:05.668Z,2435,6250,22860,3555,8450,27982,5441,8132,34243,4350,7745,31042,Day_1,Fair,Intermediate,5mm,Experiment_2
2025-10-23T02:40:05.708Z,2430,6249,22871,3552,8450,27990,5427,8112,34257,4343,7739,31053,Day_1,Fair,Intermediate,5mm,Experiment_2
2025-10-23T02:40:05.748Z,2425,6246,22879,3549,8450,27996,5416,8117,34270,4335,7741,31057,Day_1,Fair,Intermediate,5mm,Experiment_2
2025-10-23T02:40:05.788Z,2425,6240,22877,3551,8448,27993,5415,8132,34276,4333,7748,31057,Day_1,Fair,Intermediate,5mm,Experiment_2
2025-10-23T02:40:05.828Z,2429,6238,22868,3554,8450,27985,5421,8129,34273,4336,7748,31058,Day_1,Fair,Intermediate,5mm,Experiment_2
2025-10-23T02:40:05.868Z,2433,6242,22860,3557,8457,27976,5431,8108,34270,4342,7743,31062,Day_1,Fair,Intermediate,5mm,Experiment_2
2025-10-23T02:40:05.908Z,2436,6251,22857,3558,8465,27975,5436,8093,34270,4346,7740,31063,Day_1,Fair,Intermediate,5mm,Experiment_2
2025-10-23T02:40:05.948Z,2437,6255,22859,3559,8466,27980,5434,8094,34265,4345,7741,31057,Day_1,Fair,Intermediate,5mm,Experiment_2
2025-10-23T02:40:05.988Z,2438,6252,22864,3561,8460,27985,5436,8103,34257,4343,7744,31050,Day_1,Fair,Intermediate,5mm,Experiment_2
2025-10-23T02:40:06.028Z,2436,6249,22866,3560,8452,27984,5444,8113,34242,4343,7746,31042,Day_1,Fair,Intermediate,5mm,Experiment_2
2025-10-23T02:40:06.068Z,2434,6249,22868,3556,8448,27982,5451,8123,34222,4347,7750,31034,Day_1,Fair,Intermediate,5mm,Experiment_2
2025-10-23T02:40:06.108Z,2433,6247,22873,3552,8447,27986,5455,8133,34214,4353,7751,31030,Day_1,Fair,Intermediate,5mm,Experiment_2
2025-10-23T02:40:06.148Z,2432,6239,22878,3547,8444,27991,5461,8137,34226,4359,7746,31032,Day_1,Fair,Intermediate,5mm,Experiment_2
2025-10-23T02:40:06.188Z,2428,6233,22884,3542,8441,27994,5458,8129,34245,4358,7738,31037,Day_1,Fair,Intermediate,5mm,Experiment_2
2025-10-23T02:40:06.228Z,2425,6235,22891,3540,8442,27997,5436,8116,34257,4347,7733,31041,Day_1,Fair,Intermediate,5mm,Experiment_2
2025-10-23T02:40:06.268Z,2424,6244,22900,3539,8449,28001,5408,8110,34259,4333,7733,31043,Day_1,Fair,Intermediate,5mm,Experiment_2
2025-10-23T02:40:06.308Z,2425,6254,22906,3542,8458,28003,5384,8117,34253,4323,7738,31041,Day_1,Fair,Intermediate,5mm,Experiment_2
2025-10-23T02:40:06.348Z,2428,6265,22903,3546,8467,28003,5368,8128,34243,4316,7746,31042,Day_1,Fair,Intermediate,5mm,Experiment_2
2025-10-23T02:40:06.388Z,2427,6269,22892,3546,8468,28000,5358,8133,34237,4313,7748,31044,Day_1,Fair,Intermediate,5mm,Experiment_2
2025-10-23T02:40:06.428Z,2421,6259,22880,3542,8457,27995,5361,8129,34243,4317,7742,31045,Day_1,Fair,Intermediate,5mm,Experiment_2
2025-10-23T02:40:06.468Z,2416,6244,22871,3538,8442,27989,5379,8127,34254,4327,7733,31044,Day_1,Fair,Intermediate,5mm,Experiment_2
2025-10-23T02:40:06.508Z,2418,6238,22865,3538,8438,27984,5403,8131,34267,4340,7728,31042,Day_1,Fair,Intermediate,5mm,Experiment_2
2025-10-23T02:40:06.548Z,2426,6242,22861,3543,8442,27983,5419,8137,34276,4348,7729,31041,Day_1,Fair,Intermediate,5mm,Experiment_2
2025-10-23T02:40:06.588Z,2440,6245,22859,3556,8445,27982,5421,8136,34277,4349,7734,31043,Day_1,Fair,Intermediate,5mm,Experiment_2
2025-10-23T02:40:06.628Z,2455,6247,22859,3570,8447,27979,5413,8127,34281,4345,7737,31049,Day_1,Fair,Intermediate,5mm,Experiment_2
2025-10-23T02:40:06.668Z,2461,6251,22857,3577,8452,27971,5401,8111,34302,4336,7735,31064,Day_1,Fair,Intermediate,5mm,Experiment_2
2025-10-23T02:40:06.708Z,2457,6254,22853,3575,8457,27964,5388,8101,34326,4329,7732,31077,Day_1,Fair,Intermediate,5mm,Experiment_2
2025-10-23T02:40:06.748Z,2447,6251,22858,3568,8456,27968,5381,8106,34323,4326,7736,31075,Day_1,Fair,Intermediate,5mm,Experiment_2
2025-10-23T02:40:06.788Z,2437,6243,22872,3560,8449,27984,5381,8125,34296,4326,7746,31063,Day_1,Fair,Intermediate,5mm,Experiment_2
2025-10-23T02:40:06.828Z,2432,6236,22882,3554,8444,27998,5380,8142,34283,4326,7751,31058,Day_1,Fair,Intermediate,5mm,Experiment_2
2025-10-23T02:40:06.868Z,2434,6235,22879,3553,8443,27999,5374,8141,34292,4322,7746,31062,Day_1,Fair,Intermediate,5mm,Experiment_2
2025-10-23T02:40:06.908Z,2439,6234,22871,3556,8443,27991,5374,8127,34293,4318,7739,31057,Day_1,Fair,Intermediate,5mm,Experiment_2
2025-10-23T02:40:06.948Z,2439,6229,22870,3558,8439,27986,5389,8120,34279,4319,7735,31042,Day_1,Fair,Intermediate,5mm,Experiment_2
2025-10-23T02:40:06.988Z,2437,6227,22875,3556,8436,27986,5412,8137,34262,4328,7742,31031,Day_1,Fair,Intermediate,5mm,Experiment_2
2025-10-23T02:40:07.028Z,2439,6234,22882,3557,8439,27992,5429,8172,34250,4338,7758,31029,Day_1,Fair,Intermediate,5mm,Experiment_2
2025-10-23T02:40:07.068Z,2445,6245,22888,3562,8448,27997,5431,8195,34246,4342,7767,31031,Day_1,Fair,Intermediate,5mm,Experiment_2
2025-10-23T02:40:07.108Z,2445,6258,22893,3562,8461,28000,5428,8182,34250,4343,7761,31033,Day_1,Fair,Intermediate,5mm,Experiment_2
2025-10-23T02:40:07.148Z,2434,6269,22899,3550,8475,28004,5431,8154,34253,4345,7751,31034,Day_1,Fair,Intermediate,5mm,Experiment_2
2025-10-23T02:40:07.188Z,2420,6269,22904,3535,8476,28008,5432,8136,34245,4345,7746,31030,Day_1,Fair,Intermediate,5mm,Experiment_2
2025-10-23T02:40:07.228Z,2413,6260,22899,3529,8463,28004,5432,8126,34230,4342,7743,31021,Day_1,Fair,Intermediate,5mm,Experiment_2
2025-10-23T02:40:07.268Z,2415,6249,22881,3534,8448,27989,5437,8118,34215,4340,7740,31012,Day_1,Fair,Intermediate,5mm,Experiment_2
2025-10-23T02:40:07.308Z,2423,6239,22863,3542,8438,27972,5444,8120,34208,4340,7742,31008,Day_1,Fair,Intermediate,5mm,Experiment_2
2025-10-23T02:40:07.348Z,2430,6233,22856,3547,8435,27966,5443,8128,34205,4339,7748,31009,Day_1,Fair,Intermediate,5mm,Experiment_2
2025-10-23T02:40:07.388Z,2432,6235,22861,3550,8440,27970,5432,8132,34209,4337,7751,31015,Day_1,Fair,Intermediate,5mm,Experiment_2
2025-10-23T02:40:07.428Z,2432,6239,22873,3554,8443,27979,5418,8133,34224,4335,7753,31026,Day_1,Fair,Intermediate,5mm,Experiment_2
2025-10-23T02:40:07.468Z,2432,6236,22886,3555,8441,27993,5411,8137,34246,4333,7755,31037,Day_1,Fair,Intermediate,5mm,Experiment_2
2025-10-23T02:40:07.508Z,2429,6231,22896,3550,8436,28004,5412,8138,34255,4334,7753,31042,Day_1,Fair,Intermediate,5mm,Experiment_2
2025-10-23T02:40:07.548Z,2428,6231,22898,3545,8436,28009,5413,8130,34251,4336,7746,31042,Day_1,Fair,Intermediate,5mm,Experiment_2
2025-10-23T02:40:07.588Z,2430,6240,22892,3545,8445,28007,5413,8125,34244,4337,7743,31040,Day_1,Fair,Intermediate,5mm,Experiment_2
2025-10-23T02:40:07.628Z,2435,6249,22885,3548,8455,28003,5413,8128,34241,4339,7743,31036,Day_1,Fair,Intermediate,5mm,Experiment_2
2025-10-23T02:40:07.668Z,2441,6252,22884,3553,8458,28003,5413,8126,34242,4340,7739,31031,Day_1,Fair,Intermediate,5mm,Experiment_2
2025-10-23T02:40:07.708Z,2443,6250,22888,3553,8455,28006,5411,8117,34254,4336,7732,31030,Day_1,Fair,Intermediate,5mm,Experiment_2
2025-10-23T02:40:07.748Z,2435,6247,22892,3545,8448,28008,5407,8112,34274,4331,7729,31033,Day_1,Fair,Intermediate,5mm,Experiment_2
2025-10-23T02:40:07.788Z,2425,6240,22887,3539,8443,28001,5405,8108,34287,4330,7727,31033,Day_1,Fair,Intermediate,5mm,Experiment_2
2025-10-23T02:40:07.828Z,2422,6236,22872,3540,8443,27982,5410,8101,34281,4334,7724,31029,Day_1,Fair,Intermediate,5mm,Experiment_2
2025-10-23T02:40:07.868Z,2423,6242,22854,3543,8453,27964,5416,8094,34266,4337,7725,31031,Day_1,Fair,Intermediate,5mm,Experiment_2
2025-10-23T02:40:07.908Z,2427,6252,22844,3547,8463,27956,5410,8099,34264,4335,7733,31038,Day_1,Fair,Intermediate,5mm,Experiment_2
2025-10-23T02:40:07.948Z,2435,6259,22847,3554,8470,27960,5394,8118,34277,4329,7745,31044,Day_1,Fair,Intermediate,5mm,Experiment_2
2025-10-23T02:40:07.988Z,2443,6263,22858,3562,8475,27970,5385,8142,34290,4325,7755,31046,Day_1,Fair,Intermediate,5mm,Experiment_2
2025-10-23T02:40:08.028Z,2444,6263,22874,3563,8476,27986,5388,8154,34281,4327,7757,31043,Day_1,Fair,Intermediate,5mm,Experiment_2
2025-10-23T02:40:08.068Z,2438,6259,22889,3558,8468,28003,5395,8143,34259,4331,7750,31036,Day_1,Fair,Intermediate,5mm,Experiment_2
2025-10-23T02:40:08.108Z,2429,6250,22895,3551,8456,28010,5401,8127,34245,4333,7745,31033,Day_1,Fair,Intermediate,5mm,Experiment_2
2025-10-23T02:40:08.148Z,2425,6241,22889,3550,8448,28006,5413,8130,34244,4336,7749,31032,Day_1,Fair,Intermediate,5mm,Experiment_2
2025-10-23T02:40:08.188Z,2425,6236,22881,3549,8448,28002,5424,8148,34241,4343,7757,31029,Day_1,Fair,Intermediate,5mm,Experiment_2
2025-10-23T02:40:08.228Z,2422,6238,22880,3544,8453,28002,5423,8168,34236,4345,7765,31027,Day_1,Fair,Intermediate,5mm,Experiment_2
2025-10-23T02:40:08.268Z,2418,6249,22882,3537,8462,28002,5416,8187,34243,4342,7771,31033,Day_1,Fair,Intermediate,5mm,Experiment_2
2025-10-23T02:40:08.308Z,2418,6262,22879,3536,8473,27994,5408,8195,34261,4335,7772,31046,Day_1,Fair,Intermediate,5mm,Experiment_2
2025-10-23T02:40:08.348Z,2423,6272,22873,3543,8481,27983,5402,8180,34274,4328,7762,31055,Day_1,Fair,Intermediate,5mm,Experiment_2
2025-10-23T02:40:08.388Z,2432,6276,22869,3552,8482,27978,5398,8155,34267,4323,7749,31052,Day_1,Fair,Intermediate,5mm,Experiment_2
2025-10-23T02:40:07.928Z,2441,6274,22867,3559,8479,27974,5394,8143,34247,4321,7743,31040,Day_1,Fair,Intermediate,5mm,Experiment_2
2025-10-23T02:40:07.968Z,2442,6271,22861,3560,8476,27968,5391,8137,34239,4323,7745,31033,Day_1,Fair,Intermediate,5mm,Experiment_2
2025-10-23T02:40:08.008Z,2436,6273,22859,3555,8477,27967,5399,8126,34246,4331,7745,31035,Day_1,Fair,Intermediate,5mm,Experiment_2
2025-10-23T02:40:08.048Z,2426,6276,22870,3544,8478,27979,5419,8113,34247,4342,7742,31035,Day_1,Fair,Intermediate,5mm,Experiment_2
2025-10-23T02:40:08.088Z,2419,6276,22888,3537,8476,27999,5440,8102,34239,4348,7736,31031,Day_1,Fair,Intermediate,5mm,Experiment_2
2025-10-23T02:40:08.128Z,2420,6273,22898,3538,8471,28011,5444,8095,34236,4346,7729,31029,Day_1,Fair,Intermediate,5mm,Experiment_2
2025-10-23T02:40:08.168Z,2423,6265,22891,3541,8465,28006,5434,8099,34241,4342,7726,31032,Day_1,Fair,Intermediate,5mm,Experiment_2
2025-10-23T02:40:08.208Z,2426,6258,22874,3544,8460,27990,5425,8111,34247,4343,7725,31036,Day_1,Fair,Intermediate,5mm,Experiment_2
2025-10-23T02:40:08.248Z,2430,6259,22862,3548,8463,27977,5420,8124,34247,4345,7725,31034,Day_1,Fair,Intermediate,5mm,Experiment_2
2025-10-23T02:40:08.788Z,2439,6265,22859,3556,8469,27974,5422,8138,34245,4343,7727,31029,Day_1,Fair,Intermediate,5mm,Experiment_2
2025-10-23T02:40:08.828Z,2451,6268,22860,3567,8471,27975,5428,8152,34242,4340,7732,31026,Day_1,Fair,Intermediate,5mm,Experiment_2
2025-10-23T02:40:08.868Z,2459,6261,22860,3574,8466,27978,5429,8156,34238,4336,7738,31031,Day_1,Fair,Intermediate,5mm,Experiment_2
2025-10-23T02:40:08.908Z,2463,6253,22863,3576,8461,27981,5415,8139,34237,4330,7736,31042,Day_1,Fair,Intermediate,5mm,Experiment_2
2025-10-23T02:40:08.948Z,2458,6248,22872,3572,8456,27988,5399,8118,34238,4327,7731,31050,Day_1,Fair,Intermediate,5mm,Experiment_2
2025-10-23T02:40:08.988Z,2444,6243,22882,3559,8448,27995,5396,8116,34229,4328,7732,31045,Day_1,Fair,Intermediate,5mm,Experiment_2
2025-10-23T02:40:09.028Z,2429,6238,22887,3547,8442,27997,5403,8129,34211,4331,7741,31032,Day_1,Fair,Intermediate,5mm,Experiment_2
2025-10-23T02:40:09.068Z,2425,6240,22888,3545,8446,27997,5408,8139,34208,4333,7748,31026,Day_1,Fair,Intermediate,5mm,Experiment_2
2025-10-23T02:40:09.108Z,2433,6246,22887,3552,8456,27997,5398,8139,34226,4331,7750,31032,Day_1,Fair,Intermediate,5mm,Experiment_2
2025-10-23T02:40:09.148Z,2439,6249,22888,3557,8461,28000,5377,8131,34245,4325,7747,31038,Day_1,Fair,Intermediate,5mm,Experiment_2
2025-10-23T02:40:09.188Z,2437,6251,22889,3555,8462,28004,5365,8122,34251,4323,7743,31039,Day_1,Fair,Intermediate,5mm,Experiment_2
2025-10-23T02:40:09.228Z,2431,6256,22887,3548,8465,28002,5380,8117,34253,4333,7740,31043,Day_1,Fair,Intermediate,5mm,Experiment_2
2025-10-23T02:40:09.268Z,2426,6261,22880,3545,8468,27997,5409,8115,34255,4347,7737,31047,Day_1,Fair,Intermediate,5mm,Experiment_2
2025-10-23T02:40:09.308Z,2424,6262,22875,3547,8468,27994,5426,8117,34252,4352,7735,31041,Day_1,Fair,Intermediate,5mm,Experiment_2
2025-10-23T02:40:09.348Z,2419,6261,22873,3547,8469,27993,5417,8131,34246,4343,7736,31029,Day_1,Fair,Intermediate,5mm,Experiment_2
2025-10-23T02:40:09.388Z,2411,6258,22874,3541,8466,27990,5398,8149,34241,4330,7741,31026,Day_1,Fair,Intermediate,5mm,Experiment_2
2025-10-23T02:40:09.428Z,2413,6252,22878,3539,8456,27989,5386,8155,34238,4318,7744,31033,Day_1,Fair,Intermediate,5mm,Experiment_2
2025-10-23T02:40:09.468Z,2426,6248,22879,3550,8449,27991,5378,8150,34237,4309,7742,31041,Day_1,Fair,Intermediate,5mm,Experiment_2
2025-10-23T02:40:09.509Z,2440,6251,22877,3563,8449,27991,5373,8146,34236,4305,7743,31043,Day_1,Fair,Intermediate,5mm,Experiment_2
2025-10-23T02:40:09.549Z,2443,6254,22871,3567,8453,27988,5379,8146,34239,4311,7749,31045,Day_1,Fair,Intermediate,5mm,Experiment_2
2025-10-23T02:40:09.589Z,2441,6255,22867,3563,8458,27987,5396,8141,34252,4327,7755,31053,Day_1,Fair,Intermediate,5mm,Experiment_2
2025-10-23T02:40:09.629Z,2440,6260,22868,3558,8465,27990,5412,8129,34259,4339,7752,31059,Day_1,Fair,Intermediate,5mm,Experiment_2
2025-10-23T02:40:09.669Z,2439,6259,22875,3554,8465,27995,5417,8124,34247,4340,7748,31054,Day_1,Fair,Intermediate,5mm,Experiment_2
2025-10-23T02:40:09.709Z,2433,6252,22885,3550,8457,28000,5402,8134,34234,4332,7748,31044,Day_1,Fair,Intermediate,5mm,Experiment_2
2025-10-23T02:40:09.749Z,2424,6249,22895,3547,8455,28007,5379,8148,34237,4324,7749,31040,Day_1,Fair,Intermediate,5mm,Experiment_2
2025-10-23T02:40:09.789Z,2419,6257,22901,3546,8463,28010,5368,8148,34248,4321,7745,31042,Day_1,Fair,Intermediate,5mm,Experiment_2
2025-10-23T02:40:09.829Z,2418,6260,22904,3548,8468,28007,5376,8135,34251,4322,7738,31043,Day_1,Fair,Intermediate,5mm,Experiment_2
2025-10-23T02:40:09.869Z,2423,6253,22902,3551,8463,28000,5400,8121,34248,4329,7734,31048,Day_1,Fair,Intermediate,5mm,Experiment_2
2025-10-23T02:40:09.909Z,2432,6250,22894,3556,8459,27992,5421,8114,34256,4339,7736,31058,Day_1,Fair,Intermediate,5mm,Experiment_2
2025-10-23T02:40:09.949Z,2441,6258,22880,3562,8463,27986,5427,8113,34275,4345,7741,31068,Day_1,Fair,Intermediate,5mm,Experiment_2
2025-10-23T02:40:09.989Z,2444,6266,22868,3564,8468,27980,5433,8108,34287,4350,7742,31070,Day_1,Fair,Intermediate,5mm,Experiment_2
2025-10-23T02:40:10.029Z,2450,6265,22863,3566,8466,27973,5449,8100,34280,4356,7740,31061,Day_1,Fair,Intermediate,5mm,Experiment_2
2025-10-23T02:40:10.069Z,2457,6259,22863,3571,8460,27971,5461,8102,34263,4360,7738,31049,Day_1,Fair,Intermediate,5mm,Experiment_2
2025-10-23T02:40:10.109Z,2455,6252,22865,3571,8457,27974,5459,8122,34241,4358,7743,31038,Day_1,Fair,Intermediate,5mm,Experiment_2
2025-10-23T02:40:10.149Z,2444,6247,22865,3564,8451,27976,5448,8147,34209,4351,7748,31023,Day_1,Fair,Intermediate,5mm,Experiment_2
2025-10-23T02:40:10.189Z,2435,6245,22861,3558,8445,27976,5432,8154,34175,4346,7745,31003,Day_1,Fair,Intermediate,5mm,Experiment_2
2025-10-23T02:40:10.229Z,2432,6248,22859,3556,8446,27977,5413,8134,34164,4342,7735,30993,Day_1,Fair,Intermediate,5mm,Experiment_2
2025-10-23T02:40:10.269Z,2432,6256,22863,3557,8456,27982,5399,8111,34183,4341,7726,31001,Day_1,Fair,Intermediate,5mm,Experiment_2
2025-10-23T02:40:10.309Z,2432,6257,22872,3556,8462,27988,5395,8106,34213,4343,7727,31017,Day_1,Fair,Intermediate,5mm,Experiment_2
2025-10-23T02:40:10.349Z,2429,6251,22878,3554,8460,27988,5397,8113,34239,4341,7732,31034,Day_1,Fair,Intermediate,5mm,Experiment_2
2025-10-23T02:40:10.389Z,2429,6250,22877,3557,8457,27982,5406,8119,34252,4339,7733,31045,Day_1,Fair,Intermediate,5mm,Experiment_2
2025-10-23T02:40:10.429Z,2433,6252,22874,3560,8456,27973,5422,8125,34258,4340,7731,31049,Day_1,Fair,Intermediate,5mm,Experiment_2
2025-10-23T02:40:10.469Z,2436,6251,22872,3559,8455,27971,5434,8127,34259,4341,7730,31047,Day_1,Fair,Intermediate,5mm,Experiment_2
2025-10-23T02:40:10.509Z,2440,6246,22872,3558,8453,27974,5432,8125,34259,4338,7728,31045,Day_1,Fair,Intermediate,5mm,Experiment_2
2025-10-23T02:40:10.549Z,2439,6241,22868,3556,8449,27975,5415,8121,34259,4329,7726,31045,Day_1,Fair,Intermediate,5mm,Experiment_2
2025-10-23T02:40:10.589Z,2433,6237,22859,3552,8443,27970,5396,8114,34257,4321,7722,31042,Day_1,Fair,Intermediate,5mm,Experiment_2
2025-10-23T02:40:10.629Z,2432,6236,22852,3550,8441,27963,5389,8111,34248,4319,7720,31034,Day_1,Fair,Intermediate,5mm,Experiment_2
2025-10-23T02:40:10.669Z,2440,6243,22852,3555,8448,27961,5405,8114,34239,4325,7720,31027,Day_1,Fair,Intermediate,5mm,Experiment_2
2025-10-23T02:40:10.709Z,2449,6255,22857,3561,8461,27965,5426,8114,34241,4334,7721,31030,Day_1,Fair,Intermediate,5mm,Experiment_2
2025-10-23T02:40:10.749Z,2449,6266,22859,3560,8472,27970,5431,8110,34252,4339,7722,31038,Day_1,Fair,Intermediate,5mm,Experiment_2
2025-10-23T02:40:10.789Z,2444,6270,22861,3552,8477,27974,5422,8100,34262,4339,7721,31043,Day_1,Fair,Intermediate,5mm,Experiment_2
2025-10-23T02:40:10.829Z,2439,6266,22866,3547,8477,27977,5408,8085,34266,4337,7717,31043,Day_1,Fair,Intermediate,5mm,Experiment_2
2025-10-23T02:40:10.869Z,2439,6263,22873,3548,8477,27983,5401,8083,34257,4337,7715,31040,Day_1,Fair,Intermediate,5mm,Experiment_2
2025-10-23T02:40:10.909Z,2441,6266,22878,3553,8477,27990,5399,8101,34237,4335,7723,31034,Day_1,Fair,Intermediate,5mm,Experiment_2
2025-10-23T02:40:10.949Z,2441,6269,22875,3557,8474,27992,5396,8121,34223,4331,7736,31028,Day_1,Fair,Intermediate,5mm,Experiment_2
2025-10-23T02:40:10.989Z,2439,6269,22865,3557,8470,27985,5395,8123,34229,4329,7741,31029,Day_1,Fair,Intermediate,5mm,Experiment_2
2025-10-23T02:40:11.029Z,2436,6267,22858,3554,8467,27978,5401,8113,34234,4331,7735,31034,Day_1,Fair,Intermediate,5mm,Experiment_2
2025-10-23T02:40:11.069Z,2429,6264,22864,3548,8465,27978,5409,8110,34227,4332,7729,31031,Day_1,Fair,Intermediate,5mm,Experiment_2
2025-10-23T02:40:11.109Z,2424,6262,22875,3542,8466,27986,5413,8114,34223,4332,7726,31023,Day_1,Fair,Intermediate,5mm,Experiment_2
2025-10-23T02:40:11.149Z,2427,6258,22886,3546,8467,27998,5408,8114,34239,4330,7726,31020,Day_1,Fair,Intermediate,5mm,Experiment_2
2025-10-23T02:40:11.189Z,2436,6252,22894,3556,8464,28006,5390,8115,34256,4323,7731,31023,Day_1,Fair,Intermediate,5mm,Experiment_2
2025-10-23T02:40:11.229Z,2442,6244,22890,3562,8455,28002,5375,8124,34257,4318,7736,31025,Day_1,Fair,Intermediate,5mm,Experiment_2
2025-10-23T02:40:11.269Z,2442,6237,22877,3559,8444,27990,5376,8136,34249,4320,7739,31030,Day_1,Fair,Intermediate,5mm,Experiment_2
2025-10-23T02:40:11.309Z,2436,6233,22870,3551,8438,27984,5387,8141,34253,4327,7741,31042,Day_1,Fair,Intermediate,5mm,Experiment_2
2025-10-23T02:40:11.349Z,2427,6233,22871,3543,8439,27988,5400,8138,34266,4332,7744,31054,Day_1,Fair,Intermediate,5mm,Experiment_2
2025-10-23T02:40:11.389Z,2424,6234,22878,3542,8441,27996,5417,8130,34266,4336,7746,31054,Day_1,Fair,Intermediate,5mm,Experiment_2
2025-10-23T02:40:11.429Z,2435,6235,22891,3552,8442,28008,5435,8124,34243,4342,7747,31042,Day_1,Fair,Intermediate,5mm,Experiment_2
2025-10-23T02:40:11.469Z,2452,6241,22906,3567,8449,28019,5448,8126,34216,4350,7746,31031,Day_1,Fair,Intermediate,5mm,Experiment_2
2025-10-23T02:40:11.509Z,2461,6251,22912,3575,8461,28020,5448,8140,34211,4355,7748,31027,Day_1,Fair,Intermediate,5mm,Experiment_2
2025-10-23T02:40:11.549Z,2455,6261,22905,3569,8472,28011,5440,8154,34230,4354,7751,31034,Day_1,Fair,Intermediate,5mm,Experiment_2
2025-10-23T02:40:11.589Z,2444,6266,22892,3560,8475,28003,5428,8151,34263,4347,7752,31047,Day_1,Fair,Intermediate,5mm,Experiment_2
2025-10-23T02:40:11.629Z,2440,6265,22887,3554,8470,28000,5420,8142,34281,4340,7750,31054,Day_1,Fair,Intermediate,5mm,Experiment_2
2025-10-23T02:40:11.669Z,2439,6262,22888,3550,8462,27997,5416,8148,34260,4338,7753,31046,Day_1,Fair,Intermediate,5mm,Experiment_2
2025-10-23T02:40:11.709Z,2437,6257,22888,3546,8455,27993,5410,8161,34214,4337,7757,31027,Day_1,Fair,Intermediate,5mm,Experiment_2
2025-10-23T02:40:11.749Z,2435,6251,22880,3544,8448,27986,5403,8165,34181,4335,7755,31015,Day_1,Fair,Intermediate,5mm,Experiment_2
2025-10-23T02:40:11.789Z,2436,6245,22867,3546,8444,27979,5392,8154,34177,4328,7748,31015,Day_1,Fair,Intermediate,5mm,Experiment_2
2025-10-23T02:40:11.829Z,2437,6244,22859,3549,8446,27976,5377,8136,34192,4320,7744,31020,Day_1,Fair,Intermediate,5mm,Experiment_2
2025-10-23T02:40:11.869Z,2439,6248,22860,3553,8451,27980,5373,8127,34215,4319,7745,31027,Day_1,Fair,Intermediate,5mm,Experiment_2
2025-10-23T02:40:11.909Z,2439,6247,22861,3556,8452,27985,5391,8124,34239,4330,7746,31037,Day_1,Fair,Intermediate,5mm,Experiment_2
2025-10-23T02:40:11.949Z,2432,6246,22862,3551,8451,27987,5418,8118,34261,4345,7741,31049,Day_1,Fair,Intermediate,5mm,Experiment_2
2025-10-23T02:40:11.989Z,2422,6249,22869,3545,8454,27992,5432,8109,34272,4353,7730,31057,Day_1,Fair,Intermediate,5mm,Experiment_2
2025-10-23T02:40:12.029Z,2422,6255,22882,3547,8456,28001,5433,8108,34277,4351,7720,31062,Day_1,Fair,Intermediate,5mm,Experiment_2
2025-10-23T02:40:12.069Z,2430,6253,22890,3555,8452,28009,5423,8115,34280,4341,7717,31062,Day_1,Fair,Intermediate,5mm,Experiment_2
2025-10-23T02:40:12.109Z,2439,6248,22889,3561,8448,28008,5408,8121,34276,4331,7722,31058,Day_1,Fair,Intermediate,5mm,Experiment_2
2025-10-23T02:40:12.149Z,2443,6246,22878,3562,8450,27998,5403,8121,34266,4328,7726,31051,Day_1,Fair,Intermediate,5mm,Experiment_2
2025-10-23T02:40:12.189Z,2438,6247,22870,3556,8454,27989,5406,8124,34258,4329,7731,31046,Day_1,Fair,Intermediate,5mm,Experiment_2
2025-10-23T02:40:12.229Z,2430,6248,22867,3548,8457,27984,5402,8134,34253,4330,7736,31041,Day_1,Fair,Intermediate,5mm,Experiment_2
2025-10-23T02:40:12.269Z,2427,6251,22866,3545,8460,27979,5396,8141,34249,4330,7741,31035,Day_1,Fair,Intermediate,5mm,Experiment_2
2025-10-23T02:40:12.309Z,2435,6253,22862,3549,8460,27971,5403,8141,34241,4332,7742,31029,Day_1,Fair,Intermediate,5mm,Experiment_2
2025-10-23T02:40:12.349Z,2445,6252,22862,3557,8457,27968,5411,8136,34221,4335,7741,31023,Day_1,Fair,Intermediate,5mm,Experiment_2
2025-10-23T02:40:12.389Z,2450,6251,22869,3563,8457,27977,5406,8121,34195,4335,7737,31016,Day_1,Fair,Intermediate,5mm,Experiment_2
2025-10-23T02:40:12.429Z,2449,6255,22880,3567,8462,27991,5390,8102,34182,4331,7730,31013,Day_1,Fair,Intermediate,5mm,Experiment_2
2025-10-23T02:40:12.469Z,2444,6261,22887,3566,8467,27998,5376,8086,34192,4324,7723,31021,Day_1,Fair,Intermediate,5mm,Experiment_2
2025-10-23T02:40:12.509Z,2435,6262,22888,3559,8466,27998,5371,8082,34218,4317,7721,31038,Day_1,Fair,Intermediate,5mm,Experiment_2
2025-10-23T02:40:12.549Z,2429,6258,22888,3551,8461,27996,5375,8090,34243,4315,7722,31052,Day_1,Fair,Intermediate,5mm,Experiment_2
2025-10-23T02:40:12.589Z,2429,6252,22892,3549,8459,27997,5380,8102,34250,4318,7726,31053,Day_1,Fair,Intermediate,5mm,Experiment_2
2025-10-23T02:40:12.629Z,2433,6248,22898,3551,8459,28005,5381,8110,34240,4320,7732,31041,Day_1,Fair,Intermediate,5mm,Experiment_2
2025-10-23T02:40:12.669Z,2432,6247,22896,3549,8457,28008,5379,8115,34231,4322,7739,31032,Day_1,Fair,Intermediate,5mm,Experiment_2
2025-10-23T02:40:12.709Z,2424,6245,22886,3540,8453,28001,5382,8119,34239,4325,7743,31032,Day_1,Fair,Intermediate,5mm,Experiment_2
2025-10-23T02:40:12.749Z,2416,6247,22877,3533,8451,27992,5393,8121,34253,4332,7742,31034,Day_1,Fair,Intermediate,5mm,Experiment_2
2025-10-23T02:40:12.789Z,2416,6251,22875,3533,8452,27987,5406,8120,34255,4335,7741,31028,Day_1,Fair,Intermediate,5mm,Experiment_2
2025-10-23T02:40:12.829Z,2423,6250,22873,3539,8454,27985,5416,8127,34240,4336,7744,31018,Day_1,Fair,Intermediate,5mm,Experiment_2
2025-10-23T02:40:12.869Z,2430,6249,22868,3545,8456,27983,5424,8142,34219,4340,7750,31008,Day_1,Fair,Intermediate,5mm,Experiment_2
2025-10-23T02:40:12.909Z,2431,6251,22863,3545,8460,27981,5436,8160,34201,4345,7754,31001,Day_1,Fair,Intermediate,5mm,Experiment_2
2025-10-23T02:40:12.949Z,2426,6252,22864,3539,8463,27984,5448,8176,34196,4349,7759,30998,Day_1,Fair,Intermediate,5mm,Experiment_2
2025-10-23T02:40:12.989Z,2422,6253,22868,3536,8463,27987,5447,8180,34207,4348,7763,31005,Day_1,Fair,Intermediate,5mm,Experiment_2
2025-10-23T02:40:13.029Z,2424,6255,22869,3538,8462,27987,5426,8171,34229,4340,7763,31021,Day_1,Fair,Intermediate,5mm,Experiment_2
2025-10-23T02:40:13.069Z,2433,6255,22870,3546,8458,27987,5404,8155,34245,4334,7758,31034,Day_1,Fair,Intermediate,5mm,Experiment_2
2025-10-23T02:40:13.109Z,2442,6251,22877,3555,8454,27993,5395,8138,34245,4335,7749,31037,Day_1,Fair,Intermediate,5mm,Experiment_2
2025-10-23T02:40:13.149Z,2442,6246,22887,3558,8453,28003,5393,8130,34238,4338,7743,31032,Day_1,Fair,Intermediate,5mm,Experiment_2
2025-10-23T02:40:13.189Z,2434,6244,22896,3553,8455,28007,5400,8136,34232,4339,7745,31026,Day_1,Fair,Intermediate,5mm,Experiment_2
2025-10-23T02:40:13.229Z,2425,6242,22898,3547,8453,28001,5416,8154,34227,4343,7755,31023,Day_1,Fair,Intermediate,5mm,Experiment_2
2025-10-23T02:40:13.269Z,2421,6240,22892,3545,8447,27986,5429,8170,34224,4348,7764,31020,Day_1,Fair,Intermediate,5mm,Experiment_2
2025-10-23T02:40:13.309Z,2423,6239,22878,3547,8447,27973,5429,8163,34217,4349,7762,31015,Day_1,Fair,Intermediate,5mm,Experiment_2
2025-10-23T02:40:13.349Z,2425,6241,22870,3550,8450,27970,5425,8137,34207,4344,7751,31012,Day_1,Fair,Intermediate,5mm,Experiment_2
2025-10-23T02:40:13.389Z,2428,6241,22870,3551,8448,27974,5427,8111,34215,4340,7737,31022,Day_1,Fair,Intermediate,5mm,Experiment_2
2025-10-23T02:40:13.429Z,2430,6240,22870,3550,8444,27976,5432,8098,34243,4340,7729,31041,Day_1,Fair,Intermediate,5mm,Experiment_2
2025-10-23T02:40:13.469Z,2425,6241,22867,3544,8442,27977,5427,8106,34268,4338,7730,31058,Day_1,Fair,Intermediate,5mm,Experiment_2
2025-10-23T02:40:13.509Z,2418,6246,22865,3538,8444,27979,5412,8127,34277,4336,7739,31062,Day_1,Fair,Intermediate,5mm,Experiment_2
2025-10-23T02:40:13.549Z,2420,6258,22863,3541,8455,27981,5395,8149,34281,4332,7750,31060,Day_1,Fair,Intermediate,5mm,Experiment_2
2025-10-23T02:40:13.589Z,2430,6273,22860,3549,8470,27980,5387,8159,34295,4330,7753,31058,Day_1,Fair,Intermediate,5mm,Experiment_2
2025-10-23T02:40:13.629Z,2434,6277,22857,3551,8474,27977,5392,8151,34302,4333,7748,31057,Day_1,Fair,Intermediate,5mm,Experiment_2
2025-10-23T02:40:13.669Z,2433,6263,22859,3550,8462,27977,5407,8141,34286,4340,7742,31049,Day_1,Fair,Intermediate,5mm,Experiment_2
2025-10-23T02:40:13.709Z,2434,6243,22866,3552,8446,27982,5429,8140,34257,4349,7742,31035,Day_1,Fair,Intermediate,5mm,Experiment_2
2025-10-23T02:40:13.749Z,2435,6236,22874,3555,8440,27988,5454,8146,34243,4356,7745,31029,Day_1,Fair,Intermediate,5mm,Experiment_2
2025-10-23T02:40:13.789Z,2430,6242,22878,3550,8447,27992,5466,8156,34256,4359,7748,31038,Day_1,Fair,Intermediate,5mm,Experiment_2
2025-10-23T02:40:13.830Z,2422,6252,22878,3540,8459,27993,5453,8165,34276,4354,7750,31049,Day_1,Fair,Intermediate,5mm,Experiment_2
2025-10-23T02:40:13.870Z,2417,6258,22877,3531,8466,27992,5426,8162,34282,4344,7749,31051,Day_1,Fair,Intermediate,5mm,Experiment_2
2025-10-23T02:40:13.910Z,2420,6256,22876,3531,8464,27991,5408,8140,34273,4338,7745,31047,Day_1,Fair,Intermediate,5mm,Experiment_2
2025-10-23T02:40:13.950Z,2430,6248,22873,3541,8455,27986,5407,8118,34262,4338,7742,31043,Day_1,Fair,Intermediate,5mm,Experiment_2
2025-10-23T02:40:13.990Z,2438,6242,22871,3551,8449,27981,5414,8114,34257,4342,7744,31040,Day_1,Fair,Intermediate,5mm,Experiment_2
2025-10-23T02:40:14.030Z,2441,6244,22872,3554,8449,27981,5418,8121,34258,4346,7748,31039,Day_1,Fair,Intermediate,5mm,Experiment_2
2025-10-23T02:40:14.070Z,2442,6252,22876,3552,8451,27985,5413,8127,34258,4344,7752,31039,Day_1,Fair,Intermediate,5mm,Experiment_2
2025-10-23T02:40:14.110Z,2438,6259,22875,3548,8453,27983,5396,8131,34253,4337,7754,31038,Day_1,Fair,Intermediate,5mm,Experiment_2
2025-10-23T02:40:14.150Z,2433,6261,22867,3544,8458,27973,5381,8134,34248,4330,7754,31039,Day_1,Fair,Intermediate,5mm,Experiment_2
2025-10-23T02:40:14.190Z,2432,6260,22860,3542,8462,27965,5379,8131,34242,4327,7751,31039,Day_1,Fair,Intermediate,5mm,Experiment_2
2025-10-23T02:40:14.230Z,2437,6255,22858,3547,8462,27964,5393,8119,34230,4329,7746,31035,Day_1,Fair,Intermediate,5mm,Experiment_2
2025-10-23T02:40:14.270Z,2444,6249,22862,3554,8455,27971,5413,8114,34212,4336,7742,31027,Day_1,Fair,Intermediate,5mm,Experiment_2
2025-10-23T02:40:14.310Z,2445,6243,22872,3559,8448,27982,5422,8127,34205,4340,7743,31026,Day_1,Fair,Intermediate,5mm,Experiment_2
2025-10-23T02:40:14.350Z,2441,6242,22883,3558,8446,27992,5413,8150,34223,4337,7749,31036,Day_1,Fair,Intermediate,5mm,Experiment_2
2025-10-23T02:40:14.390Z,2438,6243,22893,3557,8447,27998,5399,8165,34256,4331,7753,31053,Day_1,Fair,Intermediate,5mm,Experiment_2
2025-10-23T02:40:14.430Z,2438,6241,22903,3557,8445,28005,5392,8163,34274,4328,7752,31064,Day_1,Fair,Intermediate,5mm,Experiment_2
2025-10-23T02:40:14.470Z,2440,6238,22912,3561,8442,28011,5393,8153,34261,4329,7749,31060,Day_1,Fair,Intermediate,5mm,Experiment_2
2025-10-23T02:40:14.510Z,2444,6235,22914,3565,8440,28013,5400,8149,34233,4334,7748,31048,Day_1,Fair,Intermediate,5mm,Experiment_2
2025-10-23T02:40:14.550Z,2444,6232,22910,3563,8438,28011,5406,8144,34219,4336,7748,31038,Day_1,Fair,Intermediate,5mm,Experiment_2
2025-10-23T02:40:14.590Z,2438,6233,22905,3556,8439,28007,5409,8134,34225,4336,7744,31034,Day_1,Fair,Intermediate,5mm,Experiment_2
2025-10-23T02:40:14.630Z,2432,6240,22899,3550,8444,28004,5414,8125,34233,4336,7737,31034,Day_1,Fair,Intermediate,5mm,Experiment_2
2025-10-23T02:40:14.670Z,2432,6245,22893,3548,8449,28001,5423,8126,34229,4338,7733,31033,Day_1,Fair,Intermediate,5mm,Experiment_2
2025-10-23T02:40:14.710Z,2432,6246,22885,3546,8449,27993,5425,8131,34214,4337,7732,31030,Day_1,Fair,Intermediate,5mm,Experiment_2
2025-10-23T02:40:14.750Z,2430,6245,22877,3543,8449,27985,5426,8134,34199,4338,7730,31025,Day_1,Fair,Intermediate,5mm,Experiment_2
2025-10-23T02:40:14.790Z,2430,6245,22865,3543,8451,27975,5436,8135,34201,4344,7730,31026,Day_1,Fair,Intermediate,5mm,Experiment_2
2025-10-23T02:40:14.830Z,2435,6246,22852,3550,8455,27966,5452,8134,34225,4355,7734,31035,Day_1,Fair,Intermediate,5mm,Experiment_2
2025-10-23T02:40:14.870Z,2439,6252,22850,3556,8460,27966,5461,8136,34249,4362,7738,31042,Day_1,Fair,Intermediate,5mm,Experiment_2
2025-10-23T02:40:14.910Z,2437,6259,22859,3558,8468,27974,5456,8142,34260,4360,7741,31043,Day_1,Fair,Intermediate,5mm,Experiment_2
2025-10-23T02:40:14.950Z,2434,6264,22869,3556,8473,27982,5445,8145,34259,4353,7742,31041,Day_1,Fair,Intermediate,5mm,Experiment_2
2025-10-23T02:40:14.990Z,2434,6260,22873,3554,8471,27985,5431,8134,34252,4342,7739,31040,Day_1,Fair,Intermediate,5mm,Experiment_2
2025-10-23T02:40:15.030Z,2434,6251,22875,3553,8463,27988,5413,8120,34253,4331,7739,31042,Day_1,Fair,Intermediate,5mm,Experiment_2
2025-10-23T02:40:15.070Z,2428,6248,22879,3549,8460,27990,5404,8113,34270,4329,7740,31049,Day_1,Fair,Intermediate,5mm,Experiment_2
2025-10-23T02:40:15.110Z,2420,6251,22881,3545,8461,27986,5403,8114,34292,4332,7741,31061,Day_1,Fair,Intermediate,5mm,Experiment_2
2025-10-23T02:40:15.150Z,2419,6251,22875,3545,8460,27980,5392,8118,34301,4332,7742,31068,Day_1,Fair,Intermediate,5mm,Experiment_2
2025-10-23T02:40:15.190Z,2427,6246,22868,3549,8453,27979,5371,8128,34295,4325,7744,31063,Day_1,Fair,Intermediate,5mm,Experiment_2
2025-10-23T02:40:15.230Z,2437,6241,22863,3554,8448,27981,5352,8140,34279,4319,7745,31050,Day_1,Fair,Intermediate,5mm,Experiment_2
2025-10-23T02:40:15.270Z,2440,6240,22861,3553,8449,27983,5346,8143,34258,4317,7742,31039,Day_1,Fair,Intermediate,5mm,Experiment_2
2025-10-23T02:40:15.310Z,2434,6242,22862,3546,8449,27983,5349,8132,34240,4319,7739,31037,Day_1,Fair,Intermediate,5mm,Experiment_2
2025-10-23T02:40:15.350Z,2426,6248,22863,3541,8451,27982,5364,8119,34233,4322,7739,31040,Day_1,Fair,Intermediate,5mm,Experiment_2
2025-10-23T02:40:15.390Z,2424,6254,22862,3542,8454,27981,5386,8111,34232,4327,7740,31043,Day_1,Fair,Intermediate,5mm,Experiment_2
2025-10-23T02:40:15.430Z,2429,6258,22862,3547,8457,27980,5402,8113,34230,4333,7740,31046,Day_1,Fair,Intermediate,5mm,Experiment_2
2025-10-23T02:40:15.470Z,2434,6256,22866,3552,8456,27981,5402,8130,34228,4335,7742,31046,Day_1,Fair,Intermediate,5mm,Experiment_2
2025-10-23T02:40:15.510Z,2435,6247,22875,3551,8448,27987,5403,8146,34232,4338,7745,31042,Day_1,Fair,Intermediate,5mm,Experiment_2
2025-10-23T02:40:15.550Z,2431,6236,22883,3545,8441,27995,5416,8145,34238,4343,7745,31037,Day_1,Fair,Intermediate,5mm,Experiment_2
2025-10-23T02:40:15.590Z,2429,6236,22880,3541,8442,27995,5427,8133,34242,4346,7743,31036,Day_1,Fair,Intermediate,5mm,Experiment_2
2025-10-23T02:40:15.630Z,2432,6242,22871,3542,8448,27987,5424,8130,34245,4346,7743,31040,Day_1,Fair,Intermediate,5mm,Experiment_2
2025-10-23T02:40:15.670Z,2438,6248,22864,3546,8452,27981,5412,8147,34245,4343,7747,31043,Day_1,Fair,Intermediate,5mm,Experiment_2
2025-10-23T02:40:15.710Z,2441,6254,22861,3551,8455,27975,5405,8167,34245,4341,7753,31041,Day_1,Fair,Intermediate,5mm,Experiment_2
2025-10-23T02:40:15.750Z,2438,6262,22856,3553,8463,27972,5409,8168,34244,4344,7755,31038,Day_1,Fair,Intermediate,5mm,Experiment_2
2025-10-23T02:40:15.790Z,2431,6270,22849,3551,8472,27970,5424,8154,34236,4349,7749,31033,Day_1,Fair,Intermediate,5mm,Experiment_2
2025-10-23T02:40:15.830Z,2426,6272,22847,3549,8476,27970,5442,8135,34218,4354,7738,31024,Day_1,Fair,Intermediate,5mm,Experiment_2
2025-10-23T02:40:15.870Z,2426,6268,22852,3549,8475,27973,5444,8117,34203,4353,7728,31018,Day_1,Fair,Intermediate,5mm,Experiment_2
2025-10-23T02:40:15.910Z,2431,6266,22859,3552,8472,27973,5429,8109,34199,4348,7724,31017,Day_1,Fair,Intermediate,5mm,Experiment_2
2025-10-23T02:40:15.950Z,2438,6267,22862,3554,8471,27970,5415,8117,34207,4345,7730,31019,Day_1,Fair,Intermediate,5mm,Experiment_2
2025-10-23T02:40:15.990Z,2440,6265,22863,3551,8470,27968,5408,8128,34216,4346,7740,31024,Day_1,Fair,Intermediate,5mm,Experiment_2
2025-10-23T02:40:16.030Z,2434,6255,22867,3544,8462,27972,5399,8131,34220,4344,7745,31031,Day_1,Fair,Intermediate,5mm,Experiment_2
2025-10-23T02:40:16.070Z,2426,6240,22871,3538,8450,27977,5390,8124,34226,4338,7742,31040,Day_1,Fair,Intermediate,5mm,Experiment_2
2025-10-23T02:40:16.110Z,2423,6231,22872,3541,8439,27981,5398,8112,34233,4340,7732,31044,Day_1,Fair,Intermediate,5mm,Experiment_2
2025-10-23T02:40:16.150Z,2428,6230,22871,3548,8435,27986,5419,8104,34237,4349,7727,31041,Day_1,Fair,Intermediate,5mm,Experiment_2
2025-10-23T02:40:16.190Z,2435,6232,22870,3556,8434,27990,5431,8108,34238,4357,7731,31034,Day_1,Fair,Intermediate,5mm,Experiment_2
2025-10-23T02:40:16.230Z,2441,6225,22867,3560,8429,27989,5425,8117,34240,4353,7736,31031,Day_1,Fair,Intermediate,5mm,Experiment_2
2025-10-23T02:40:16.270Z,2444,6213,22867,3562,8420,27986,5410,8118,34239,4342,7736,31029,Day_1,Fair,Intermediate,5mm,Experiment_2
2025-10-23T02:40:16.310Z,2445,6209,22871,3561,8417,27985,5403,8110,34233,4334,7731,31027,Day_1,Fair,Intermediate,5mm,Experiment_2
2025-10-23T02:40:16.350Z,2444,6218,22870,3561,8424,27981,5412,8105,34233,4336,7728,31029,Day_1,Fair,Intermediate,5mm,Experiment_2
2025-10-23T02:40:16.390Z,2444,6234,22860,3564,8438,27971,5420,8117,34236,4341,7733,31034,Day_1,Fair,Intermediate,5mm,Experiment_2
2025-10-23T02:40:16.430Z,2453,6252,22852,3575,8454,27961,5417,8137,34233,4341,7743,31040,Day_1,Fair,Intermediate,5mm,Experiment_2
2025-10-23T02:40:16.470Z,2465,6263,22851,3585,8464,27959,5407,8149,34228,4338,7750,31039,Day_1,Fair,Intermediate,5mm,Experiment_2
2025-10-23T02:40:16.510Z,2468,6260,22855,3585,8460,27964,5392,8149,34226,4334,7752,31032,Day_1,Fair,Intermediate,5mm,Experiment_2
2025-10-23T02:40:16.550Z,2459,6248,22862,3575,8453,27972,5370,8141,34233,4328,7754,31027,Day_1,Fair,Intermediate,5mm,Experiment_2
2025-10-23T02:40:16.590Z,2449,6244,22870,3564,8456,27980,5342,8136,34244,4322,7755,31031,Day_1,Fair,Intermediate,5mm,Experiment_2
2025-10-23T02:40:16.630Z,2444,6251,22876,3560,8464,27984,5325,8140,34253,4324,7756,31041,Day_1,Fair,Intermediate,5mm,Experiment_2
2025-10-23T02:40:16.670Z,2444,6258,22874,3559,8467,27981,5333,8143,34258,4335,7752,31049,Day_1,Fair,Intermediate,5mm,Experiment_2
2025-10-23T02:40:16.710Z,2444,6256,22866,3559,8460,27976,5359,8137,34255,4342,7744,31050,Day_1,Fair,Intermediate,5mm,Experiment_2
2025-10-23T02:40:16.750Z,2438,6253,22857,3553,8456,27971,5381,8134,34243,4340,7738,31045,Day_1,Fair,Intermediate,5mm,Experiment_2
2025-10-23T02:40:16.790Z,2428,6257,22852,3543,8460,27969,5390,8145,34229,4332,7739,31037,Day_1,Fair,Intermediate,5mm,Experiment_2
2025-10-23T02:40:16.830Z,2423,6258,22856,3540,8462,27971,5393,8155,34221,4327,7741,31031,Day_1,Fair,Intermediate,5mm,Experiment_2
2025-10-23T02:40:16.870Z,2430,6249,22866,3548,8453,27975,5399,8147,34228,4327,7738,31030,Day_1,Fair,Intermediate,5mm,Experiment_2
2025-10-23T02:40:16.910Z,2442,6237,22873,3561,8442,27982,5402,8128,34248,4328,7733,31035,Day_1,Fair,Intermediate,5mm,Experiment_2
2025-10-23T02:40:16.950Z,2450,6233,22875,3568,8437,27987,5406,8112,34258,4327,7728,31040,Day_1,Fair,Intermediate,5mm,Experiment_2
2025-10-23T02:40:16.990Z,2450,6239,22872,3567,8442,27985,5420,8110,34248,4332,7730,31039,Day_1,Fair,Intermediate,5mm,Experiment_2
2025-10-23T02:40:17.030Z,2444,6251,22866,3561,8455,27979,5437,8121,34237,4342,7741,31040,Day_1,Fair,Intermediate,5mm,Experiment_2
2025-10-23T02:40:17.070Z,2437,6266,22862,3552,8471,27976,5442,8133,34237,4348,7751,31044,Day_1,Fair,Intermediate,5mm,Experiment_2
2025-10-23T02:40:17.110Z,2432,6276,22863,3544,8481,27976,5428,8137,34241,4342,7754,31048,Day_1,Fair,Intermediate,5mm,Experiment_2
2025-10-23T02:40:17.150Z,2427,6276,22867,3537,8482,27980,5401,8135,34242,4329,7749,31048,Day_1,Fair,Intermediate,5mm,Experiment_2
2025-10-23T02:40:17.190Z,2421,6266,22877,3531,8475,27990,5382,8139,34236,4325,7744,31046,Day_1,Fair,Intermediate,5mm,Experiment_2
2025-10-23T02:40:17.230Z,2420,6257,22890,3531,8468,28003,5390,8149,34229,4333,7745,31045,Day_1,Fair,Intermediate,5mm,Experiment_2
2025-10-23T02:40:17.270Z,2425,6255,22892,3537,8465,28008,5416,8148,34227,4343,7746,31046,Day_1,Fair,Intermediate,5mm,Experiment_2
2025-10-23T02:40:17.310Z,2431,6257,22887,3547,8463,28004,5428,8137,34230,4342,7744,31043,Day_1,Fair,Intermediate,5mm,Experiment_2
2025-10-23T02:40:17.350Z,2434,6261,22884,3551,8462,28001,5413,8132,34228,4329,7742,31039,Day_1,Fair,Intermediate,5mm,Experiment_2
2025-10-23T02:40:17.390Z,2429,6268,22885,3546,8468,28001,5393,8131,34220,4316,7739,31036,Day_1,Fair,Intermediate,5mm,Experiment_2
2025-10-23T02:40:17.430Z,2423,6275,22886,3537,8478,28000,5394,8122,34211,4315,7735,31035,Day_1,Fair,Intermediate,5mm,Experiment_2
2025-10-23T02:40:17.470Z,2415,6274,22884,3531,8481,27999,5410,8110,34214,4324,7732,31038,Day_1,Fair,Intermediate,5mm,Experiment_2
2025-10-23T02:40:17.510Z,2408,6264,22877,3527,8474,27995,5417,8102,34223,4330,7732,31039,Day_1,Fair,Intermediate,5mm,Experiment_2
2025-10-23T02:40:17.550Z,2406,6254,22871,3527,8463,27991,5402,8097,34228,4325,7733,31038,Day_1,Fair,Intermediate,5mm,Experiment_2
2025-10-23T02:40:17.590Z,2410,6247,22873,3529,8453,27992,5383,8105,34232,4318,7739,31038,Day_1,Fair,Intermediate,5mm,Experiment_2
2025-10-23T02:40:17.630Z,2416,6241,22879,3532,8445,27997,5376,8129,34240,4318,7750,31038,Day_1,Fair,Intermediate,5mm,Experiment_2
2025-10-23T02:40:17.670Z,2422,6237,22877,3540,8442,27995,5375,8151,34246,4321,7760,31034,Day_1,Fair,Intermediate,5mm,Experiment_2
2025-10-23T02:40:17.710Z,2428,6240,22871,3548,8444,27988,5378,8158,34239,4323,7761,31025,Day_1,Fair,Intermediate,5mm,Experiment_2
2025-10-23T02:40:17.750Z,2434,6246,22869,3554,8449,27987,5393,8156,34222,4330,7759,31015,Day_1,Fair,Intermediate,5mm,Experiment_2
2025-10-23T02:40:17.790Z,2439,6245,22875,3559,8450,27993,5412,8149,34212,4342,7755,31015,Day_1,Fair,Intermediate,5mm,Experiment_2
2025-10-23T02:40:17.830Z,2443,6238,22880,3564,8447,27995,5421,8134,34218,4348,7751,31025,Day_1,Fair,Intermediate,5mm,Experiment_2
2025-10-23T02:40:17.870Z,2440,6234,22878,3563,8447,27989,5415,8112,34226,4346,7753,31034,Day_1,Fair,Intermediate,5mm,Experiment_2
2025-10-23T02:40:17.910Z,2432,6235,22869,3559,8450,27978,5401,8093,34224,4336,7761,31034,Day_1,Fair,Intermediate,5mm,Experiment_2
2025-10-23T02:40:17.950Z,2427,6237,22861,3557,8451,27969,5386,8085,34218,4329,7762,31029,Day_1,Fair,Intermediate,5mm,Experiment_2
2025-10-23T02:40:17.990Z,2431,6241,22857,3561,8453,27967,5378,8087,34219,4328,7747,31028,Day_1,Fair,Intermediate,5mm,Experiment_2
2025-10-23T02:40:18.030Z,2437,6246,22857,3565,8455,27969,5381,8095,34228,4331,7721,31035,Day_1,Fair,Intermediate,5mm,Experiment_2
2025-10-23T02:40:18.070Z,2440,6252,22858,3565,8459,27972,5393,8112,34236,4334,7703,31041,Day_1,Fair,Intermediate,5mm,Experiment_2
2025-10-23T02:40:18.110Z,2437,6256,22860,3561,8462,27974,5402,8132,34240,4332,7701,31043,Day_1,Fair,Intermediate,5mm,Experiment_2
2025-10-23T02:40:18.150Z,2432,6257,22862,3557,8460,27971,5396,8134,34243,4324,7714,31043,Day_1,Fair,Intermediate,5mm,Experiment_2
2025-10-23T02:40:18.190Z,2433,6258,22863,3559,8458,27966,5382,8120,34250,4319,7725,31048,Day_1,Fair,Intermediate,5mm,Experiment_2
2025-10-23T02:40:18.230Z,2437,6257,22861,3562,8458,27964,5384,8107,34263,4323,7729,31054,Day_1,Fair,Intermediate,5mm,Experiment_2
2025-10-23T02:40:18.270Z,2440,6253,22861,3562,8457,27971,5404,8110,34281,4334,7734,31059,Day_1,Fair,Intermediate,5mm,Experiment_2
2025-10-23T02:40:18.310Z,2444,6245,22869,3564,8454,27985,5421,8119,34298,4341,7737,31064,Day_1,Fair,Intermediate,5mm,Experiment_2
2025-10-23T02:40:18.350Z,2450,6240,22881,3568,8452,27995,5428,8113,34305,4345,7734,31065,Day_1,Fair,Intermediate,5mm,Experiment_2
2025-10-23T02:40:18.390Z,2453,6241,22885,3571,8453,27994,5428,8102,34299,4347,7727,31060,Day_1,Fair,Intermediate,5mm,Experiment_2
2025-10-23T02:40:18.430Z,2457,6246,22880,3577,8456,27989,5417,8103,34285,4345,7726,31054,Day_1,Fair,Intermediate,5mm,Experiment_2
2025-10-23T02:40:18.470Z,2456,6251,22872,3578,8457,27985,5401,8111,34265,4339,7730,31053,Day_1,Fair,Intermediate,5mm,Experiment_2
2025-10-23T02:40:18.511Z,2445,6249,22867,3568,8454,27983,5392,8124,34240,4332,7734,31050,Day_1,Fair,Intermediate,5mm,Experiment_2
2025-10-23T02:40:18.551Z,2436,6243,22873,3557,8447,27987,5384,8139,34219,4324,7742,31041,Day_1,Fair,Intermediate,5mm,Experiment_2
2025-10-23T02:40:18.591Z,2435,6237,22885,3554,8439,27995,5373,8144,34207,4318,7745,31031,Day_1,Fair,Intermediate,5mm,Experiment_2
2025-10-23T02:40:18.631Z,2438,6233,22892,3557,8435,28001,5368,8136,34207,4316,7743,31026,Day_1,Fair,Intermediate,5mm,Experiment_2
2025-10-23T02:40:18.671Z,2441,6232,22891,3561,8433,28001,5371,8142,34220,4319,7750,31030,Day_1,Fair,Intermediate,5mm,Experiment_2
2025-10-23T02:40:18.711Z,2440,6233,22885,3559,8433,27995,5380,8169,34239,4322,7775,31038,Day_1,Fair,Intermediate,5mm,Experiment_2
2025-10-23T02:40:18.751Z,2435,6237,22874,3554,8435,27986,5390,8185,34247,4325,7802,31043,Day_1,Fair,Intermediate,5mm,Experiment_2
2025-10-23T02:40:18.791Z,2437,6240,22864,3555,8439,27979,5399,8172,34239,4328,7807,31038,Day_1,Fair,Intermediate,5mm,Experiment_2
2025-10-23T02:40:18.831Z,2446,6245,22863,3562,8444,27981,5399,8145,34232,4326,7783,31034,Day_1,Fair,Intermediate,5mm,Experiment_2
2025-10-23T02:40:18.871Z,2450,6253,22871,3563,8453,27988,5386,8120,34247,4321,7751,31044,Day_1,Fair,Intermediate,5mm,Experiment_2
2025-10-23T02:40:18.911Z,2447,6260,22877,3559,8461,27993,5371,8103,34279,4317,7730,31063,Day_1,Fair,Intermediate,5mm,Experiment_2
2025-10-23T02:40:18.951Z,2442,6263,22881,3556,8465,27994,5373,8091,34297,4320,7720,31072,Day_1,Fair,Intermediate,5mm,Experiment_2
2025-10-23T02:40:18.991Z,2439,6263,22885,3556,8467,27996,5386,8085,34285,4327,7716,31066,Day_1,Fair,Intermediate,5mm,Experiment_2
2025-10-23T02:40:19.031Z,2439,6259,22886,3560,8462,27998,5392,8091,34257,4326,7717,31054,Day_1,Fair,Intermediate,5mm,Experiment_2
2025-10-23T02:40:19.071Z,2440,6248,22882,3562,8452,27997,5389,8104,34238,4322,7723,31047,Day_1,Fair,Intermediate,5mm,Experiment_2
2025-10-23T02:40:19.111Z,2443,6234,22877,3562,8440,27992,5382,8110,34234,4319,7727,31046,Day_1,Fair,Intermediate,5mm,Experiment_2
2025-10-23T02:40:19.151Z,2447,6230,22878,3563,8437,27989,5377,8109,34234,4320,7729,31041,Day_1,Fair,Intermediate,5mm,Experiment_2
2025-10-23T02:40:19.191Z,2446,6238,22880,3562,8441,27988,5380,8117,34234,4324,7731,31034,Day_1,Fair,Intermediate,5mm,Experiment_2
2025-10-23T02:40:19.231Z,2444,6248,22876,3563,8449,27985,5393,8128,34239,4328,7736,31032,Day_1,Fair,Intermediate,5mm,Experiment_2
2025-10-23T02:40:19.271Z,2449,6253,22867,3571,8452,27981,5405,8129,34244,4330,7736,31034,Day_1,Fair,Intermediate,5mm,Experiment_2
2025-10-23T02:40:19.311Z,2457,6247,22858,3580,8448,27973,5410,8122,34234,4332,7731,31034,Day_1,Fair,Intermediate,5mm,Experiment_2
2025-10-23T02:40:19.351Z,2457,6238,22853,3581,8444,27963,5414,8121,34212,4333,7728,31028,Day_1,Fair,Intermediate,5mm,Experiment_2
2025-10-23T02:40:19.391Z,2449,6234,22849,3573,8443,27955,5418,8124,34201,4334,7731,31021,Day_1,Fair,Intermediate,5mm,Experiment_2
2025-10-23T02:40:19.431Z,2441,6238,22850,3565,8447,27957,5419,8127,34207,4336,7738,31023,Day_1,Fair,Intermediate,5mm,Experiment_2
2025-10-23T02:40:19.471Z,2437,6246,22860,3560,8455,27972,5420,8128,34223,4340,7742,31034,Day_1,Fair,Intermediate,5mm,Experiment_2
2025-10-23T02:40:19.511Z,2438,6252,22876,3563,8463,27989,5419,8125,34236,4342,7739,31044,Day_1,Fair,Intermediate,5mm,Experiment_2
2025-10-23T02:40:19.551Z,2438,6254,22885,3570,8466,27998,5414,8121,34245,4338,7733,31051,Day_1,Fair,Intermediate,5mm,Experiment_2
2025-10-23T02:40:19.591Z,2419,6251,22885,3570,8461,27997,5406,8114,34255,4331,7727,31057,Day_1,Fair,Intermediate,5mm,Experiment_2
2025-10-23T02:40:19.631Z,2374,6241,22874,3566,8448,27985,5394,8114,34263,4323,7729,31058,Day_1,Fair,Intermediate,5mm,Experiment_2
2025-10-23T02:40:19.671Z,2327,6232,22861,3564,8439,27971,5381,8124,34263,4316,7737,31050,Day_1,Fair,Intermediate,5mm,Experiment_2
2025-10-23T02:40:19.711Z,2273,6228,22855,3565,8437,27964,5373,8133,34263,4314,7743,31043,Day_1,Fair,Intermediate,5mm,Experiment_2
2025-10-23T02:40:19.751Z,2178,6229,22858,3564,8438,27969,5370,8133,34270,4315,7744,31046,Day_1,Fair,Intermediate,5mm,Experiment_2
2025-10-23T02:40:19.791Z,2120,6228,22859,3561,8439,27976,5371,8130,34279,4315,7742,31054,Day_1,Fair,Intermediate,5mm,Experiment_2
2025-10-23T02:40:19.831Z,2197,6225,22854,3559,8438,27975,5372,8133,34292,4313,7739,31061,Day_1,Fair,Intermediate,5mm,Experiment_2
2025-10-23T02:40:19.871Z,2326,6222,22854,3563,8436,27971,5372,8141,34306,4314,7737,31068,Day_1,Fair,Intermediate,5mm,Experiment_2
2025-10-23T02:40:19.911Z,2381,6224,22865,3568,8435,27974,5370,8148,34305,4315,7735,31071,Day_1,Fair,Intermediate,5mm,Experiment_2
2025-10-23T02:40:19.951Z,2324,6232,22875,3567,8438,27979,5365,8141,34289,4315,7732,31065,Day_1,Fair,Intermediate,5mm,Experiment_2
2025-10-23T02:40:19.991Z,2196,6243,22876,3563,8446,27982,5368,8117,34271,4316,7725,31053,Day_1,Fair,Intermediate,5mm,Experiment_2
2025-10-23T02:40:20.031Z,2164,6255,22878,3562,8458,27985,5376,8094,34255,4320,7721,31043,Day_1,Fair,Intermediate,5mm,Experiment_2
2025-10-23T02:40:20.071Z,2415,6266,22885,3566,8471,27989,5377,8091,34247,4322,7725,31041,Day_1,Fair,Intermediate,5mm,Experiment_2
2025-10-23T02:40:20.111Z,2855,6274,22890,3577,8481,27988,5371,8101,34251,4318,7732,31047,Day_1,Fair,Intermediate,5mm,Experiment_2
2025-10-23T02:40:20.151Z,3106,6277,22885,3581,8487,27981,5369,8113,34264,4314,7738,31055,Day_1,Fair,Intermediate,5mm,Experiment_2
2025-10-23T02:40:20.191Z,2957,6272,22874,3571,8483,27974,5374,8130,34278,4314,7744,31063,Day_1,Fair,Intermediate,5mm,Experiment_2
2025-10-23T02:40:20.231Z,2664,6260,22866,3559,8472,27972,5375,8142,34278,4315,7748,31065,Day_1,Fair,Intermediate,5mm,Experiment_2
2025-10-23T02:40:20.271Z,2506,6248,22863,3556,8461,27973,5368,8143,34254,4314,7747,31057,Day_1,Fair,Intermediate,5mm,Experiment_2
2025-10-23T02:40:20.311Z,2490,6244,22866,3558,8457,27975,5365,8143,34219,4316,7744,31041,Day_1,Fair,Intermediate,5mm,Experiment_2
2025-10-23T02:40:20.351Z,2534,6249,22873,3564,8459,27979,5365,8143,34196,4320,7741,31028,Day_1,Fair,Intermediate,5mm,Experiment_2
2025-10-23T02:40:20.391Z,2517,6259,22876,3567,8462,27983,5367,8138,34196,4324,7735,31025,Day_1,Fair,Intermediate,5mm,Experiment_2
2025-10-23T02:40:20.431Z,2299,6264,22869,3565,8463,27982,5376,8134,34213,4330,7732,31027,Day_1,Fair,Intermediate,5mm,Experiment_2
2025-10-23T02:40:20.471Z,1917,6258,22856,3563,8458,27973,5394,8136,34233,4339,7733,31032,Day_1,Fair,Intermediate,5mm,Experiment_2
2025-10-23T02:40:20.511Z,1696,6253,22852,3563,8455,27967,5407,8139,34243,4343,7738,31037,Day_1,Fair,Intermediate,5mm,Experiment_2
2025-10-23T02:40:20.551Z,1851,6255,22860,3557,8456,27971,5407,8141,34246,4339,7742,31041,Day_1,Fair,Intermediate,5mm,Experiment_2
2025-10-23T02:40:20.591Z,2138,6259,22873,3549,8460,27980,5403,8134,34248,4336,7741,31043,Day_1,Fair,Intermediate,5mm,Experiment_2
2025-10-23T02:40:20.631Z,2308,6261,22879,3546,8466,27988,5399,8114,34246,4333,7733,31044,Day_1,Fair,Intermediate,5mm,Experiment_2
2025-10-23T02:40:20.671Z,2400,6262,22878,3549,8470,27992,5396,8100,34245,4331,7725,31049,Day_1,Fair,Intermediate,5mm,Experiment_2
2025-10-23T02:40:20.711Z,2481,6257,22876,3555,8467,27995,5396,8105,34257,4329,7723,31057,Day_1,Fair,Intermediate,5mm,Experiment_2
2025-10-23T02:40:20.751Z,2540,6247,22875,3560,8459,27996,5400,8114,34269,4331,7725,31064,Day_1,Fair,Intermediate,5mm,Experiment_2
2025-10-23T02:40:20.791Z,2595,6240,22876,3564,8452,27996,5401,8116,34271,4332,7728,31062,Day_1,Fair,Intermediate,5mm,Experiment_2
2025-10-23T02:40:20.831Z,2679,6240,22872,3567,8450,27990,5394,8122,34270,4333,7734,31059,Day_1,Fair,Intermediate,5mm,Experiment_2
2025-10-23T02:40:20.871Z,2722,6242,22861,3563,8449,27977,5387,8135,34274,4332,7742,31059,Day_1,Fair,Intermediate,5mm,Experiment_2
2025-10-23T02:40:20.911Z,2646,6241,22851,3557,8448,27965,5388,8134,34269,4331,7743,31058,Day_1,Fair,Intermediate,5mm,Experiment_2
2025-10-23T02:40:20.951Z,2535,6241,22848,3553,8452,27959,5394,8113,34248,4329,7734,31052,Day_1,Fair,Intermediate,5mm,Experiment_2
2025-10-23T02:40:20.991Z,2475,6248,22854,3551,8459,27962,5402,8093,34224,4328,7724,31042,Day_1,Fair,Intermediate,5mm,Experiment_2
2025-10-23T02:40:21.031Z,2451,6255,22864,3547,8466,27974,5416,8086,34214,4335,7718,31036,Day_1,Fair,Intermediate,5mm,Experiment_2
2025-10-23T02:40:21.071Z,2436,6252,22873,3542,8462,27984,5427,8093,34227,4346,7717,31040,Day_1,Fair,Intermediate,5mm,Experiment_2
2025-10-23T02:40:21.111Z,2431,6240,22878,3541,8450,27991,5427,8107,34241,4350,7725,31045,Day_1,Fair,Intermediate,5mm,Experiment_2
2025-10-23T02:40:21.151Z,2432,6232,22888,3543,8442,27998,5421,8116,34238,4345,7736,31042,Day_1,Fair,Intermediate,5mm,Experiment_2
2025-10-23T02:40:21.191Z,2434,6234,22900,3546,8443,28006,5409,8119,34231,4334,7744,31038,Day_1,Fair,Intermediate,5mm,Experiment_2
2025-10-23T02:40:21.231Z,2436,6244,22903,3551,8452,28006,5388,8119,34225,4322,7744,31038,Day_1,Fair,Intermediate,5mm,Experiment_2
2025-10-23T02:40:21.271Z,2438,6256,22893,3558,8461,27997,5375,8116,34215,4317,7737,31036,Day_1,Fair,Intermediate,5mm,Experiment_2
2025-10-23T02:40:21.311Z,2435,6263,22879,3557,8463,27986,5380,8119,34209,4320,7734,31033,Day_1,Fair,Intermediate,5mm,Experiment_2
2025-10-23T02:40:21.351Z,2427,6262,22871,3549,8461,27978,5389,8130,34217,4322,7739,31033,Day_1,Fair,Intermediate,5mm,Experiment_2
2025-10-23T02:40:21.391Z,2422,6259,22869,3546,8459,27976,5389,8136,34228,4323,7745,31033,Day_1,Fair,Intermediate,5mm,Experiment_2
2025-10-23T02:40:21.431Z,2420,6255,22868,3545,8458,27974,5385,8135,34233,4325,7745,31032,Day_1,Fair,Intermediate,5mm,Experiment_2
2025-10-23T02:40:21.471Z,2419,6250,22865,3541,8458,27974,5384,8128,34238,4327,7742,31031,Day_1,Fair,Intermediate,5mm,Experiment_2
2025-10-23T02:40:21.511Z,2423,6246,22857,3539,8457,27977,5391,8116,34246,4329,7739,31032,Day_1,Fair,Intermediate,5mm,Experiment_2
2025-10-23T02:40:21.551Z,2434,6241,22837,3544,8454,27981,5414,8102,34254,4335,7735,31035,Day_1,Fair,Intermediate,5mm,Experiment_2
2025-10-23T02:40:21.591Z,2445,6235,22806,3553,8448,27980,5437,8090,34257,4341,7727,31035,Day_1,Fair,Intermediate,5mm,Experiment_2
2025-10-23T02:40:21.631Z,2447,6233,22757,3557,8444,27976,5437,8088,34254,4340,7721,31033,Day_1,Fair,Intermediate,5mm,Experiment_2
2025-10-23T02:40:21.671Z,2443,6238,22682,3555,8447,27976,5419,8101,34249,4331,7723,31038,Day_1,Fair,Intermediate,5mm,Experiment_2
2025-10-23T02:40:21.711Z,2440,6247,22649,3554,8456,27986,5404,8120,34251,4323,7731,31047,Day_1,Fair,Intermediate,5mm,Experiment_2
2025-10-23T02:40:21.751Z,2438,6258,22713,3554,8466,28000,5403,8129,34257,4321,7736,31055,Day_1,Fair,Intermediate,5mm,Experiment_2
2025-10-23T02:40:21.791Z,2435,6267,22802,3553,8474,28005,5417,8131,34261,4328,7736,31058,Day_1,Fair,Intermediate,5mm,Experiment_2
2025-10-23T02:40:21.831Z,2434,6268,22847,3552,8474,27997,5425,8131,34261,4334,7735,31058,Day_1,Fair,Intermediate,5mm,Experiment_2
2025-10-23T02:40:21.871Z,2435,6256,22876,3552,8462,27986,5414,8131,34253,4337,7736,31054,Day_1,Fair,Intermediate,5mm,Experiment_2
2025-10-23T02:40:21.911Z,2434,6240,22919,3552,8448,27981,5393,8138,34233,4335,7739,31042,Day_1,Fair,Intermediate,5mm,Experiment_2
2025-10-23T02:40:21.951Z,2429,6232,22988,3548,8441,27984,5375,8149,34207,4329,7744,31025,Day_1,Fair,Intermediate,5mm,Experiment_2
2025-10-23T02:40:21.991Z,2426,6229,23137,3546,8439,27993,5368,8151,34201,4324,7746,31020,Day_1,Fair,Intermediate,5mm,Experiment_2
2025-10-23T02:40:22.031Z,2425,6230,23393,3544,8440,28000,5376,8142,34222,4325,7743,31031,Day_1,Fair,Intermediate,5mm,Experiment_2
2025-10-23T02:40:22.071Z,2422,6235,23539,3540,8445,28000,5396,8138,34246,4329,7740,31045,Day_1,Fair,Intermediate,5mm,Experiment_2
2025-10-23T02:40:22.111Z,2415,6247,23378,3533,8456,27988,5412,8146,34256,4332,7742,31055,Day_1,Fair,Intermediate,5mm,Experiment_2
2025-10-23T02:40:22.151Z,2413,6260,23109,3532,8469,27971,5414,8156,34251,4332,7745,31057,Day_1,Fair,Intermediate,5mm,Experiment_2
2025-10-23T02:40:22.191Z,2414,6266,22956,3534,8475,27963,5407,8161,34236,4333,7749,31051,Day_1,Fair,Intermediate,5mm,Experiment_2
2025-10-23T02:40:22.231Z,2416,6264,22875,3535,8474,27966,5404,8159,34220,4335,7751,31043,Day_1,Fair,Intermediate,5mm,Experiment_2
2025-10-23T02:40:22.271Z,2419,6261,22799,3537,8471,27971,5406,8147,34214,4337,7744,31040,Day_1,Fair,Intermediate,5mm,Experiment_2
2025-10-23T02:40:22.311Z,2427,6263,22779,3546,8470,27974,5406,8127,34223,4335,7732,31043,Day_1,Fair,Intermediate,5mm,Experiment_2
2025-10-23T02:40:22.351Z,2440,6271,22904,3562,8475,27978,5396,8116,34236,4328,7725,31048,Day_1,Fair,Intermediate,5mm,Experiment_2
2025-10-23T02:40:22.391Z,2452,6273,23134,3576,8478,27986,5381,8117,34247,4319,7727,31050,Day_1,Fair,Intermediate,5mm,Experiment_2
2025-10-23T02:40:22.431Z,2455,6262,23254,3580,8470,27991,5378,8119,34260,4316,7731,31053,Day_1,Fair,Intermediate,5mm,Experiment_2
2025-10-23T02:40:22.472Z,2450,6244,23112,3575,8456,27988,5389,8113,34272,4321,7733,31054,Day_1,Fair,Intermediate,5mm,Experiment_2
2025-10-23T02:40:22.512Z,2445,6234,22854,3569,8447,27984,5394,8110,34274,4324,7737,31050,Day_1,Fair,Intermediate,5mm,Experiment_2
2025-10-23T02:40:22.552Z,2436,6234,22713,3559,8445,27983,5384,8118,34271,4319,7743,31044,Day_1,Fair,Intermediate,5mm,Experiment_2
2025-10-23T02:40:22.592Z,2423,6234,22748,3545,8443,27984,5377,8126,34269,4314,7743,31042,Day_1,Fair,Intermediate,5mm,Experiment_2
2025-10-23T02:40:22.632Z,2411,6229,22847,3533,8438,27986,5386,8124,34276,4317,7738,31049,Day_1,Fair,Intermediate,5mm,Experiment_2
2025-10-23T02:40:22.672Z,2405,6228,22897,3525,8434,27982,5393,8123,34290,4321,7734,31061,Day_1,Fair,Intermediate,5mm,Experiment_2
2025-10-23T02:40:22.712Z,2403,6234,22889,3520,8437,27973,5386,8124,34301,4321,7734,31069,Day_1,Fair,Intermediate,5mm,Experiment_2
2025-10-23T02:40:22.752Z,2404,6246,22864,3519,8445,27963,5380,8117,34308,4319,7730,31072,Day_1,Fair,Intermediate,5mm,Experiment_2
2025-10-23T02:40:22.792Z,2408,6258,22854,3523,8453,27960,5387,8103,34307,4320,7724,31069,Day_1,Fair,Intermediate,5mm,Experiment_2
2025-10-23T02:40:22.832Z,2416,6262,22868,3532,8457,27968,5402,8098,34298,4326,7722,31061,Day_1,Fair,Intermediate,5mm,Experiment_2
2025-10-23T02:40:22.872Z,2426,6256,22900,3544,8454,27979,5413,8102,34283,4334,7725,31053,Day_1,Fair,Intermediate,5mm,Experiment_2
2025-10-23T02:40:22.912Z,2429,6246,22921,3553,8448,27985,5416,8102,34268,4341,7726,31049,Day_1,Fair,Intermediate,5mm,Experiment_2
2025-10-23T02:40:22.952Z,2427,6238,22911,3554,8444,27987,5417,8095,34259,4347,7721,31047,Day_1,Fair,Intermediate,5mm,Experiment_2
2025-10-23T02:40:22.992Z,2425,6238,22886,3550,8446,27984,5421,8095,34257,4350,7718,31045,Day_1,Fair,Intermediate,5mm,Experiment_2
2025-10-23T02:40:23.032Z,2427,6245,22871,3546,8453,27978,5420,8110,34258,4345,7725,31046,Day_1,Fair,Intermediate,5mm,Experiment_2
2025-10-23T02:40:23.072Z,2432,6252,22866,3546,8458,27974,5414,8130,34261,4337,7738,31050,Day_1,Fair,Intermediate,5mm,Experiment_2
2025-10-23T02:40:23.112Z,2437,6255,22864,3549,8459,27970,5409,8137,34264,4329,7743,31053,Day_1,Fair,Intermediate,5mm,Experiment_2
2025-10-23T02:40:23.152Z,2441,6253,22861,3555,8456,27966,5406,8120,34266,4326,7734,31052,Day_1,Fair,Intermediate,5mm,Experiment_2
2025-10-23T02:40:23.192Z,2445,6249,22864,3561,8453,27968,5410,8093,34268,4329,7720,31052,Day_1,Fair,Intermediate,5mm,Experiment_2
2025-10-23T02:40:23.232Z,2442,6249,22871,3559,8454,27975,5421,8081,34265,4335,7714,31053,Day_1,Fair,Intermediate,5mm,Experiment_2
2025-10-23T02:40:23.272Z,2436,6250,22871,3551,8456,27978,5430,8084,34256,4337,7717,31050,Day_1,Fair,Intermediate,5mm,Experiment_2
2025-10-23T02:40:23.312Z,2431,6253,22861,3544,8457,27973,5428,8094,34253,4334,7722,31045,Day_1,Fair,Intermediate,5mm,Experiment_2
2025-10-23T02:40:23.352Z,2424,6255,22849,3538,8458,27965,5414,8110,34253,4329,7731,31043,Day_1,Fair,Intermediate,5mm,Experiment_2
2025-10-23T02:40:23.392Z,2417,6253,22845,3536,8456,27962,5391,8125,34247,4320,7742,31039,Day_1,Fair,Intermediate,5mm,Experiment_2
2025-10-23T02:40:23.432Z,2414,6242,22851,3538,8448,27968,5366,8123,34235,4308,7745,31033,Day_1,Fair,Intermediate,5mm,Experiment_2
2025-10-23T02:40:23.472Z,2418,6231,22868,3543,8438,27982,5356,8112,34228,4301,7738,31032,Day_1,Fair,Intermediate,5mm,Experiment_2
2025-10-23T02:40:23.512Z,2426,6227,22890,3547,8437,27997,5357,8106,34222,4298,7730,31037,Day_1,Fair,Intermediate,5mm,Experiment_2
2025-10-23T02:40:23.552Z,2433,6233,22905,3550,8443,28007,5357,8105,34174,4297,7729,31030,Day_1,Fair,Intermediate,5mm,Experiment_2
2025-10-23T02:40:23.592Z,2437,6246,22900,3553,8454,28001,5360,8111,34046,4300,7732,31001,Day_1,Fair,Intermediate,5mm,Experiment_2
2025-10-23T02:40:23.632Z,2435,6259,22881,3552,8464,27983,5364,8122,33927,4309,7739,30973,Day_1,Fair,Intermediate,5mm,Experiment_2
2025-10-23T02:40:23.672Z,2429,6269,22863,3549,8471,27967,5364,8128,33873,4316,7744,30967,Day_1,Fair,Intermediate,5mm,Experiment_2
2025-10-23T02:40:23.712Z,2423,6275,22852,3544,8474,27961,5360,8127,33800,4319,7745,30966,Day_1,Fair,Intermediate,5mm,Experiment_2
2025-10-23T02:40:23.752Z,2421,6272,22848,3540,8470,27961,5360,8124,33766,4319,7746,30969,Day_1,Fair,Intermediate,5mm,Experiment_2
2025-10-23T02:40:23.792Z,2421,6258,22849,3540,8458,27964,5372,8128,33924,4322,7748,30995,Day_1,Fair,Intermediate,5mm,Experiment_2
2025-10-23T02:40:23.832Z,2422,6244,22850,3542,8448,27966,5394,8140,34175,4332,7752,31033,Day_1,Fair,Intermediate,5mm,Experiment_2
2025-10-23T02:40:23.872Z,2427,6237,22853,3547,8446,27965,5411,8149,34343,4348,7754,31061,Day_1,Fair,Intermediate,5mm,Experiment_2
2025-10-23T02:40:23.912Z,2431,6238,22856,3552,8448,27967,5412,8148,34424,4362,7751,31078,Day_1,Fair,Intermediate,5mm,Experiment_2
2025-10-23T02:40:23.952Z,2430,6243,22858,3553,8451,27971,5400,8151,34501,4363,7748,31091,Day_1,Fair,Intermediate,5mm,Experiment_2
2025-10-23T02:40:23.992Z,2426,6247,22860,3550,8452,27976,5393,8170,34584,4353,7751,31102,Day_1,Fair,Intermediate,5mm,Experiment_2
2025-10-23T02:40:24.032Z,2424,6252,22865,3546,8455,27982,5395,8186,34732,4346,7755,31124,Day_1,Fair,Intermediate,5mm,Experiment_2
2025-10-23T02:40:24.072Z,2424,6264,22873,3543,8464,27989,5401,8183,35039,4345,7756,31178,Day_1,Fair,Intermediate,5mm,Experiment_2
2025-10-23T02:40:24.112Z,2426,6274,22883,3542,8472,27998,5407,8176,35224,4345,7759,31216,Day_1,Fair,Intermediate,5mm,Experiment_2
2025-10-23T02:40:24.152Z,2431,6271,22890,3545,8470,28005,5413,8182,34958,4343,7765,31175,Day_1,Fair,Intermediate,5mm,Experiment_2
2025-10-23T02:40:24.192Z,2435,6264,22889,3547,8463,28004,5418,8188,34503,4344,7767,31096,Day_1,Fair,Intermediate,5mm,Experiment_2
2025-10-23T02:40:24.232Z,2435,6264,22879,3544,8462,27995,5421,8184,34215,4343,7762,31046,Day_1,Fair,Intermediate,5mm,Experiment_2
2025-10-23T02:40:24.272Z,2430,6268,22870,3538,8467,27984,5415,8172,34022,4337,7757,31018,Day_1,Fair,Intermediate,5mm,Experiment_2
2025-10-23T02:40:24.312Z,2427,6267,22870,3536,8471,27983,5399,8157,33778,4327,7753,30981,Day_1,Fair,Intermediate,5mm,Experiment_2
2025-10-23T02:40:24.352Z,2430,6265,22879,3541,8472,27993,5390,8145,33716,4323,7752,30972,Day_1,Fair,Intermediate,5mm,Experiment_2
2025-10-23T02:40:24.392Z,2437,6266,22886,3549,8473,28001,5398,8148,34209,4330,7754,31048,Day_1,Fair,Intermediate,5mm,Experiment_2
2025-10-23T02:40:24.432Z,2441,6269,22882,3553,8474,27996,5411,8163,35088,4339,7757,31186,Day_1,Fair,Intermediate,5mm,Experiment_2
2025-10-23T02:40:24.472Z,2440,6266,22877,3550,8472,27985,5419,8171,35588,4344,7758,31267,Day_1,Fair,Intermediate,5mm,Experiment_2
2025-10-23T02:40:24.512Z,2435,6257,22880,3544,8463,27981,5421,8171,35259,4344,7757,31218,Day_1,Fair,Intermediate,5mm,Experiment_2
2025-10-23T02:40:24.552Z,2435,6245,22881,3545,8451,27983,5417,8169,34612,4341,7756,31116,Day_1,Fair,Intermediate,5mm,Experiment_2
2025-10-23T02:40:24.592Z,2438,6239,22876,3550,8445,27985,5405,8161,34254,4335,7752,31057,Day_1,Fair,Intermediate,5mm,Experiment_2
2025-10-23T02:40:24.632Z,2441,6242,22874,3555,8450,27988,5390,8144,34235,4328,7744,31052,Day_1,Fair,Intermediate,5mm,Experiment_2
2025-10-23T02:40:24.672Z,2444,6244,22884,3558,8456,27997,5380,8129,34365,4325,7736,31077,Day_1,Fair,Intermediate,5mm,Experiment_2
2025-10-23T02:40:24.712Z,2443,6237,22896,3555,8455,28003,5383,8125,34491,4328,7733,31101,Day_1,Fair,Intermediate,5mm,Experiment_2
2025-10-23T02:40:24.752Z,2435,6235,22898,3548,8451,27998,5391,8128,34604,4334,7736,31119,Day_1,Fair,Intermediate,5mm,Experiment_2
2025-10-23T02:40:24.792Z,2426,6245,22890,3542,8455,27988,5384,8128,34771,4332,7739,31147,Day_1,Fair,Intermediate,5mm,Experiment_2
2025-10-23T02:40:24.832Z,2425,6254,22881,3543,8459,27983,5361,8119,34860,4320,7739,31161,Day_1,Fair,Intermediate,5mm,Experiment_2
2025-10-23T02:40:24.872Z,2428,6251,22875,3547,8457,27986,5350,8108,34711,4310,7737,31130,Day_1,Fair,Intermediate,5mm,Experiment_2
2025-10-23T02:40:24.912Z,2431,6240,22872,3549,8448,27987,5362,8109,34484,4312,7738,31084,Day_1,Fair,Intermediate,5mm,Experiment_2
2025-10-23T02:40:24.952Z,2428,6233,22866,3548,8441,27985,5381,8120,34362,4321,7743,31060,Day_1,Fair,Intermediate,5mm,Experiment_2
2025-10-23T02:40:24.992Z,2423,6239,22860,3544,8444,27981,5394,8127,34317,4330,7747,31054,Day_1,Fair,Intermediate,5mm,Experiment_2
2025-10-23T02:40:25.032Z,2421,6251,22855,3544,8456,27979,5405,8121,34287,4336,7746,31052,Day_1,Fair,Intermediate,5mm,Experiment_2
2025-10-23T02:40:25.072Z,2424,6255,22857,3549,8463,27980,5414,8112,34265,4339,7743,31047,Day_1,Fair,Intermediate,5mm,Experiment_2
2025-10-23T02:40:25.112Z,2431,6252,22860,3555,8460,27984,5419,8111,34256,4339,7740,31045,Day_1,Fair,Intermediate,5mm,Experiment_2
2025-10-23T02:40:25.152Z,2438,6251,22863,3558,8457,27988,5417,8115,34258,4337,7738,31050,Day_1,Fair,Intermediate,5mm,Experiment_2
2025-10-23T02:40:25.192Z,2445,6251,22865,3562,8455,27989,5407,8116,34257,4329,7733,31053,Day_1,Fair,Intermediate,5mm,Experiment_2
2025-10-23T02:40:25.232Z,2454,6245,22871,3570,8450,27992,5388,8110,34245,4317,7727,31050,Day_1,Fair,Intermediate,5mm,Experiment_2
2025-10-23T02:40:25.272Z,2461,6242,22880,3576,8448,27999,5369,8104,34233,4308,7727,31043,Day_1,Fair,Intermediate,5mm,Experiment_2
2025-10-23T02:40:25.312Z,2457,6245,22887,3571,8451,28006,5365,8108,34230,4308,7733,31039,Day_1,Fair,Intermediate,5mm,Experiment_2
2025-10-23T02:40:25.352Z,2449,6250,22891,3563,8455,28008,5380,8114,34235,4319,7738,31041,Day_1,Fair,Intermediate,5mm,Experiment_2
2025-10-23T02:40:25.392Z,2446,6250,22892,3561,8457,28006,5403,8117,34249,4335,7738,31048,Day_1,Fair,Intermediate,5mm,Experiment_2
2025-10-23T02:40:25.432Z,2443,6248,22887,3562,8458,28000,5419,8111,34270,4344,7732,31056,Day_1,Fair,Intermediate,5mm,Experiment_2
2025-10-23T02:40:25.472Z,2437,6246,22874,3558,8455,27990,5418,8105,34289,4341,7724,31060,Day_1,Fair,Intermediate,5mm,Experiment_2
2025-10-23T02:40:25.512Z,2432,6242,22861,3554,8446,27978,5411,8110,34299,4334,7721,31060,Day_1,Fair,Intermediate,5mm,Experiment_2
2025-10-23T02:40:25.552Z,2431,6223,22851,3553,8438,27968,5413,8128,34299,4334,7727,31061,Day_1,Fair,Intermediate,5mm,Experiment_2
2025-10-23T02:40:25.592Z,2434,6164,22847,3556,8438,27964,5415,8137,34294,4338,7729,31063,Day_1,Fair,Intermediate,5mm,Experiment_2
2025-10-23T02:40:25.632Z,2439,6055,22852,3560,8441,27969,5401,8131,34272,4334,7724,31054,Day_1,Fair,Intermediate,5mm,Experiment_2
2025-10-23T02:40:25.672Z,2441,5967,22865,3561,8441,27982,5377,8121,34236,4321,7722,31038,Day_1,Fair,Intermediate,5mm,Experiment_2
2025-10-23T02:40:25.712Z,2439,5971,22877,3558,8444,27998,5367,8113,34218,4313,7724,31032,Day_1,Fair,Intermediate,5mm,Experiment_2
2025-10-23T02:40:25.752Z,2436,6042,22887,3553,8452,28011,5375,8105,34230,4315,7728,31042,Day_1,Fair,Intermediate,5mm,Experiment_2
2025-10-23T02:40:25.792Z,2438,6150,22897,3553,8464,28020,5383,8104,34250,4321,7732,31057,Day_1,Fair,Intermediate,5mm,Experiment_2
2025-10-23T02:40:25.832Z,2443,6297,22903,3557,8474,28025,5376,8115,34260,4319,7737,31063,Day_1,Fair,Intermediate,5mm,Experiment_2
2025-10-23T02:40:25.872Z,2448,6488,22898,3563,8477,28020,5361,8132,34264,4313,7742,31061,Day_1,Fair,Intermediate,5mm,Experiment_2
2025-10-23T02:40:25.912Z,2448,6675,22884,3562,8472,28005,5358,8142,34267,4312,7746,31055,Day_1,Fair,Intermediate,5mm,Experiment_2
2025-10-23T02:40:25.952Z,2441,6789,22874,3554,8465,27991,5379,8136,34266,4322,7745,31050,Day_1,Fair,Intermediate,5mm,Experiment_2
2025-10-23T02:40:25.992Z,2432,6842,22874,3544,8459,27983,5402,8121,34267,4333,7741,31053,Day_1,Fair,Intermediate,5mm,Experiment_2
2025-10-23T02:40:26.032Z,2429,6808,22880,3543,8454,27982,5404,8113,34278,4336,7737,31063,Day_1,Fair,Intermediate,5mm,Experiment_2
2025-10-23T02:40:26.072Z,2434,6616,22889,3551,8449,27990,5390,8110,34295,4331,7733,31071,Day_1,Fair,Intermediate,5mm,Experiment_2
2025-10-23T02:40:26.112Z,2439,6356,22897,3559,8445,28002,5376,8111,34300,4322,7732,31070,Day_1,Fair,Intermediate,5mm,Experiment_2
2025-10-23T02:40:26.152Z,2438,6142,22897,3560,8443,28006,5371,8121,34291,4316,7737,31065,Day_1,Fair,Intermediate,5mm,Experiment_2
2025-10-23T02:40:26.192Z,2432,6003,22886,3554,8444,27996,5377,8131,34278,4318,7743,31062,Day_1,Fair,Intermediate,5mm,Experiment_2
2025-10-23T02:40:26.232Z,2429,5953,22870,3550,8450,27978,5384,8129,34279,4321,7741,31068,Day_1,Fair,Intermediate,5mm,Experiment_2
2025-10-23T02:40:26.272Z,2432,5988,22857,3552,8454,27964,5379,8125,34292,4320,7738,31080,Day_1,Fair,Intermediate,5mm,Experiment_2
2025-10-23T02:40:26.312Z,2433,6088,22856,3555,8450,27964,5372,8128,34289,4318,7740,31081,Day_1,Fair,Intermediate,5mm,Experiment_2
2025-10-23T02:40:26.352Z,2433,6202,22865,3557,8444,27975,5376,8134,34265,4320,7743,31069,Day_1,Fair,Intermediate,5mm,Experiment_2
2025-10-23T02:40:26.392Z,2435,6316,22876,3558,8449,27987,5395,8132,34242,4328,7742,31059,Day_1,Fair,Intermediate,5mm,Experiment_2
2025-10-23T02:40:26.432Z,2436,6530,22880,3557,8465,27990,5405,8119,34233,4332,7735,31054,Day_1,Fair,Intermediate,5mm,Experiment_2
2025-10-23T02:40:26.472Z,2434,6896,22877,3553,8484,27987,5385,8106,34232,4324,7727,31048,Day_1,Fair,Intermediate,5mm,Experiment_2
2025-10-23T02:40:26.512Z,2429,7187,22873,3549,8493,27986,5354,8106,34242,4311,7728,31044,Day_1,Fair,Intermediate,5mm,Experiment_2
2025-10-23T02:40:26.552Z,2426,7170,22871,3547,8484,27988,5344,8114,34259,4307,7736,31043,Day_1,Fair,Intermediate,5mm,Experiment_2
2025-10-23T02:40:26.592Z,2432,6941,22871,3552,8464,27990,5355,8119,34263,4313,7741,31041,Day_1,Fair,Intermediate,5mm,Experiment_2
2025-10-23T02:40:26.632Z,2442,6672,22872,3561,8455,27989,5374,8123,34250,4322,7742,31036,Day_1,Fair,Intermediate,5mm,Experiment_2
2025-10-23T02:40:26.672Z,2448,6502,22874,3569,8456,27987,5389,8136,34232,4329,7747,31036,Day_1,Fair,Intermediate,5mm,Experiment_2
2025-10-23T02:40:26.712Z,2453,6514,22875,3575,8452,27985,5395,8152,34223,4328,7755,31041,Day_1,Fair,Intermediate,5mm,Experiment_2
2025-10-23T02:40:26.752Z,2453,6605,22875,3575,8441,27984,5393,8154,34228,4323,7757,31045,Day_1,Fair,Intermediate,5mm,Experiment_2
2025-10-23T02:40:26.793Z,2446,6599,22872,3567,8434,27982,5388,8144,34239,4318,7751,31045,Day_1,Fair,Intermediate,5mm,Experiment_2
2025-10-23T02:40:26.833Z,2431,6483,22868,3551,8438,27978,5382,8137,34250,4316,7747,31045,Day_1,Fair,Intermediate,5mm,Experiment_2
2025-10-23T02:40:26.873Z,2419,6365,22866,3541,8447,27976,5386,8138,34264,4318,7749,31052,Day_1,Fair,Intermediate,5mm,Experiment_2
2025-10-23T02:40:26.913Z,2419,6296,22871,3544,8452,27984,5401,8140,34279,4323,7750,31064,Day_1,Fair,Intermediate,5mm,Experiment_2
2025-10-23T02:40:26.953Z,2425,6262,22879,3552,8454,27998,5419,8134,34285,4328,7746,31075,Day_1,Fair,Intermediate,5mm,Experiment_2
2025-10-23T02:40:26.993Z,2427,6248,22881,3555,8452,28005,5426,8121,34280,4330,7742,31076,Day_1,Fair,Intermediate,5mm,Experiment_2
2025-10-23T02:40:27.033Z,2423,6239,22875,3550,8445,27999,5417,8106,34273,4328,7739,31069,Day_1,Fair,Intermediate,5mm,Experiment_2
2025-10-23T02:40:27.073Z,2418,6235,22866,3542,8439,27983,5393,8097,34271,4320,7736,31063,Day_1,Fair,Intermediate,5mm,Experiment_2
2025-10-23T02:40:27.113Z,2417,6238,22859,3538,8440,27970,5368,8099,34268,4312,7734,31057,Day_1,Fair,Intermediate,5mm,Experiment_2
2025-10-23T02:40:27.153Z,2422,6245,22858,3539,8447,27966,5356,8099,34259,4311,7731,31047,Day_1,Fair,Intermediate,5mm,Experiment_2
2025-10-23T02:40:27.193Z,2432,6248,22861,3544,8451,27972,5367,8089,34257,4320,7723,31040,Day_1,Fair,Intermediate,5mm,Experiment_2
2025-10-23T02:40:27.233Z,2441,6243,22863,3550,8448,27978,5389,8081,34258,4332,7716,31038,Day_1,Fair,Intermediate,5mm,Experiment_2
2025-10-23T02:40:27.273Z,2444,6236,22863,3555,8443,27977,5406,8086,34247,4340,7718,31037,Day_1,Fair,Intermediate,5mm,Experiment_2
2025-10-23T02:40:27.313Z,2440,6231,22862,3556,8440,27972,5413,8098,34225,4343,7722,31032,Day_1,Fair,Intermediate,5mm,Experiment_2
2025-10-23T02:40:27.353Z,2437,6229,22868,3558,8439,27974,5412,8114,34209,4342,7729,31027,Day_1,Fair,Intermediate,5mm,Experiment_2
2025-10-23T02:40:27.393Z,2438,6226,22877,3562,8438,27984,5395,8134,34210,4335,7739,31024,Day_1,Fair,Intermediate,5mm,Experiment_2
2025-10-23T02:40:27.433Z,2437,6224,22885,3562,8436,27992,5363,8147,34229,4322,7747,31026,Day_1,Fair,Intermediate,5mm,Experiment_2
2025-10-23T02:40:27.473Z,2430,6226,22890,3555,8435,27998,5339,8142,34249,4308,7747,31030,Day_1,Fair,Intermediate,5mm,Experiment_2
2025-10-23T02:40:27.513Z,2425,6233,22893,3550,8438,28003,5340,8125,34254,4300,7742,31033,Day_1,Fair,Intermediate,5mm,Experiment_2
2025-10-23T02:40:27.553Z,2426,6240,22893,3554,8445,28006,5355,8113,34256,4297,7738,31038,Day_1,Fair,Intermediate,5mm,Experiment_2
2025-10-23T02:40:27.593Z,2432,6239,22893,3562,8447,28007,5353,8111,34263,4303,7737,31044,Day_1,Fair,Intermediate,5mm,Experiment_2
2025-10-23T02:40:27.633Z,2439,6233,22892,3567,8443,28005,5275,8118,34266,4323,7739,31049,Day_1,Fair,Intermediate,5mm,Experiment_2
2025-10-23T02:40:27.673Z,2444,6226,22892,3567,8438,28002,5089,8135,34263,4345,7745,31053,Day_1,Fair,Intermediate,5mm,Experiment_2
2025-10-23T02:40:27.713Z,2445,6224,22889,3567,8436,27996,4922,8158,34259,4352,7752,31058,Day_1,Fair,Intermediate,5mm,Experiment_2
2025-10-23T02:40:27.753Z,2444,6225,22884,3566,8438,27992,4927,8170,34262,4346,7757,31064,Day_1,Fair,Intermediate,5mm,Experiment_2
2025-10-23T02:40:27.793Z,2444,6225,22875,3567,8439,27991,5078,8169,34272,4345,7761,31066,Day_1,Fair,Intermediate,5mm,Experiment_2
2025-10-23T02:40:27.833Z,2444,6224,22865,3565,8437,27987,5297,8168,34285,4347,7764,31063,Day_1,Fair,Intermediate,5mm,Experiment_2
2025-10-23T02:40:27.873Z,2441,6222,22859,3559,8433,27979,5599,8169,34291,4341,7764,31057,Day_1,Fair,Intermediate,5mm,Experiment_2
2025-10-23T02:40:27.913Z,2439,6224,22859,3557,8432,27973,6051,8161,34277,4328,7758,31046,Day_1,Fair,Intermediate,5mm,Experiment_2
2025-10-23T02:40:27.953Z,2444,6235,22860,3562,8441,27971,6537,8144,34254,4331,7752,31031,Day_1,Fair,Intermediate,5mm,Experiment_2
2025-10-23T02:40:27.993Z,2452,6252,22863,3571,8457,27976,6819,8134,34242,4372,7750,31022,Day_1,Fair,Intermediate,5mm,Experiment_2
2025-10-23T02:40:28.033Z,2456,6260,22869,3576,8465,27986,6919,8147,34243,4455,7757,31026,Day_1,Fair,Intermediate,5mm,Experiment_2
2025-10-23T02:40:28.073Z,2454,6253,22877,3573,8458,27995,6798,8170,34247,4517,7768,31034,Day_1,Fair,Intermediate,5mm,Experiment_2
2025-10-23T02:40:28.113Z,2448,6240,22881,3566,8445,27998,6273,8179,34252,4502,7772,31038,Day_1,Fair,Intermediate,5mm,Experiment_2
2025-10-23T02:40:28.153Z,2440,6236,22880,3556,8443,27995,5567,8175,34262,4440,7766,31044,Day_1,Fair,Intermediate,5mm,Experiment_2
2025-10-23T02:40:28.193Z,2433,6243,22876,3549,8450,27990,4988,8167,34266,4369,7754,31050,Day_1,Fair,Intermediate,5mm,Experiment_2
2025-10-23T02:40:28.233Z,2433,6247,22867,3550,8455,27982,4631,8150,34253,4297,7739,31049,Day_1,Fair,Intermediate,5mm,Experiment_2
2025-10-23T02:40:28.273Z,2442,6244,22861,3562,8452,27975,4529,8125,34235,4223,7724,31041,Day_1,Fair,Intermediate,5mm,Experiment_2
2025-10-23T02:40:28.313Z,2456,6237,22864,3575,8444,27976,4654,8112,34231,4158,7719,31037,Day_1,Fair,Intermediate,5mm,Experiment_2
2025-10-23T02:40:28.353Z,2463,6234,22873,3580,8441,27983,4942,8116,34244,4131,7718,31039,Day_1,Fair,Intermediate,5mm,Experiment_2
2025-10-23T02:40:28.393Z,2457,6240,22879,3574,8449,27984,5225,8117,34267,4136,7714,31047,Day_1,Fair,Intermediate,5mm,Experiment_2
2025-10-23T02:40:28.433Z,2443,6251,22880,3562,8461,27982,5376,8109,34283,4165,7712,31052,Day_1,Fair,Intermediate,5mm,Experiment_2
2025-10-23T02:40:28.473Z,2432,6259,22876,3552,8469,27980,5459,8105,34283,4236,7719,31050,Day_1,Fair,Intermediate,5mm,Experiment_2
2025-10-23T02:40:28.513Z,2427,6262,22869,3547,8471,27978,5564,8104,34275,4333,7729,31049,Day_1,Fair,Intermediate,5mm,Experiment_2
2025-10-23T02:40:28.553Z,2424,6261,22861,3545,8470,27973,5647,8101,34275,4413,7736,31056,Day_1,Fair,Intermediate,5mm,Experiment_2
2025-10-23T02:40:28.593Z,2422,6257,22855,3541,8466,27966,5640,8097,34278,4439,7736,31065,Day_1,Fair,Intermediate,5mm,Experiment_2
2025-10-23T02:40:28.633Z,2420,6251,22854,3541,8459,27965,5568,8099,34269,4404,7733,31065,Day_1,Fair,Intermediate,5mm,Experiment_2
2025-10-23T02:40:28.673Z,2421,6249,22860,3544,8456,27971,5512,8107,34256,4354,7729,31059,Day_1,Fair,Intermediate,5mm,Experiment_2
2025-10-23T02:40:28.713Z,2420,6254,22866,3542,8459,27974,5602,8118,34253,4323,7730,31059,Day_1,Fair,Intermediate,5mm,Experiment_2
2025-10-23T02:40:28.753Z,2416,6258,22862,3537,8462,27969,5931,8128,34254,4309,7733,31060,Day_1,Fair,Intermediate,5mm,Experiment_2
2025-10-23T02:40:28.793Z,2414,6254,22854,3534,8456,27960,6298,8130,34247,4311,7733,31056,Day_1,Fair,Intermediate,5mm,Experiment_2
2025-10-23T02:40:28.833Z,2418,6250,22850,3539,8451,27958,6321,8128,34233,4320,7735,31045,Day_1,Fair,Intermediate,5mm,Experiment_2
2025-10-23T02:40:28.873Z,2424,6257,22851,3544,8454,27964,5988,8127,34224,4328,7739,31037,Day_1,Fair,Intermediate,5mm,Experiment_2
2025-10-23T02:40:28.913Z,2429,6265,22856,3547,8461,27971,5646,8131,34231,4330,7740,31035,Day_1,Fair,Intermediate,5mm,Experiment_2
2025-10-23T02:40:28.956Z,2434,6266,22859,3550,8463,27973,5466,8138,34244,4328,7738,31040,Day_1,Fair,Intermediate,5mm,Experiment_2
2025-10-23T02:40:28.996Z,2442,6259,22858,3557,8460,27972,5391,8145,34246,4319,7737,31046,Day_1,Fair,Intermediate,5mm,Experiment_2
2025-10-23T02:40:29.036Z,2446,6249,22856,3564,8454,27969,5364,8151,34230,4313,7743,31048,Day_1,Fair,Intermediate,5mm,Experiment_2
2025-10-23T02:40:29.076Z,2446,6243,22856,3566,8448,27969,5364,8152,34213,4314,7749,31045,Day_1,Fair,Intermediate,5mm,Experiment_2
2025-10-23T02:40:29.116Z,2445,6241,22856,3564,8448,27972,5378,8145,34213,4320,7748,31044,Day_1,Fair,Intermediate,5mm,Experiment_2
2025-10-23T02:40:29.156Z,2442,6245,22857,3558,8452,27974,5390,8134,34228,4324,7742,31048,Day_1,Fair,Intermediate,5mm,Experiment_2
2025-10-23T02:40:29.196Z,2428,6248,22862,3543,8458,27978,5398,8128,34243,4329,7738,31054,Day_1,Fair,Intermediate,5mm,Experiment_2
2025-10-23T02:40:29.236Z,2409,6247,22876,3526,8458,27988,5408,8128,34251,4338,7739,31057,Day_1,Fair,Intermediate,5mm,Experiment_2
2025-10-23T02:40:29.276Z,2403,6241,22892,3521,8452,28001,5418,8129,34247,4348,7739,31059,Day_1,Fair,Intermediate,5mm,Experiment_2
2025-10-23T02:40:29.313Z,2408,6234,22897,3526,8443,28007,5417,8118,34230,4354,7731,31055,Day_1,Fair,Intermediate,5mm,Experiment_2
2025-10-23T02:40:29.353Z,2411,6232,22892,3529,8439,28004,5409,8105,34213,4354,7726,31045,Day_1,Fair,Intermediate,5mm,Experiment_2
2025-10-23T02:40:29.393Z,2412,6235,22887,3529,8443,27997,5403,8111,34209,4350,7735,31039,Day_1,Fair,Intermediate,5mm,Experiment_2
2025-10-23T02:40:29.433Z,2418,6238,22889,3533,8448,27992,5404,8131,34209,4348,7753,31033,Day_1,Fair,Intermediate,5mm,Experiment_2
2025-10-23T02:40:29.473Z,2432,6240,22895,3545,8451,27995,5407,8144,34205,4350,7766,31020,Day_1,Fair,Intermediate,5mm,Experiment_2
2025-10-23T02:40:29.513Z,2448,6246,22896,3558,8453,28000,5409,8110,34201,4352,7759,31009,Day_1,Fair,Intermediate,5mm,Experiment_2
2025-10-23T02:40:29.553Z,2455,6249,22888,3566,8453,27999,5412,7983,34202,4352,7728,31009,Day_1,Fair,Intermediate,5mm,Experiment_2
2025-10-23T02:40:29.593Z,2456,6247,22873,3567,8449,27989,5415,7775,34212,4349,7690,31020,Day_1,Fair,Intermediate,5mm,Experiment_2
2025-10-23T02:40:29.633Z,2458,6246,22857,3569,8448,27973,5416,7648,34227,4346,7678,31031,Day_1,Fair,Intermediate,5mm,Experiment_2
2025-10-23T02:40:29.673Z,2461,6248,22848,3571,8449,27962,5415,7734,34236,4345,7711,31035,Day_1,Fair,Intermediate,5mm,Experiment_2
2025-10-23T02:40:29.713Z,2455,6246,22855,3567,8448,27966,5412,7961,34236,4344,7772,31034,Day_1,Fair,Intermediate,5mm,Experiment_2
2025-10-23T02:40:29.753Z,2444,6238,22873,3559,8442,27982,5410,8231,34242,4339,7837,31035,Day_1,Fair,Intermediate,5mm,Experiment_2
2025-10-23T02:40:29.793Z,2435,6233,22889,3552,8438,27998,5409,8616,34259,4334,7893,31044,Day_1,Fair,Intermediate,5mm,Experiment_2
2025-10-23T02:40:29.833Z,2429,6237,22901,3548,8441,28006,5403,9270,34272,4332,7934,31051,Day_1,Fair,Intermediate,5mm,Experiment_2
2025-10-23T02:40:29.873Z,2428,6242,22905,3548,8445,28004,5394,9908,34262,4332,7934,31046,Day_1,Fair,Intermediate,5mm,Experiment_2
2025-10-23T02:40:29.913Z,2429,6243,22900,3551,8444,27998,5387,9916,34243,4331,7873,31036,Day_1,Fair,Intermediate,5mm,Experiment_2
2025-10-23T02:40:29.953Z,2430,6238,22891,3554,8440,27992,5387,9322,34233,4329,7795,31030,Day_1,Fair,Intermediate,5mm,Experiment_2
2025-10-23T02:40:29.993Z,2430,6232,22888,3554,8437,27991,5398,8718,34226,4331,7742,31026,Day_1,Fair,Intermediate,5mm,Experiment_2
2025-10-23T02:40:30.033Z,2431,6229,22886,3556,8437,27987,5412,8374,34223,4334,7717,31022,Day_1,Fair,Intermediate,5mm,Experiment_2
2025-10-23T02:40:30.073Z,2436,6229,22876,3561,8440,27980,5426,8217,34225,4338,7722,31017,Day_1,Fair,Intermediate,5mm,Experiment_2
2025-10-23T02:40:30.113Z,2442,6234,22867,3566,8446,27977,5439,8158,34229,4340,7737,31014,Day_1,Fair,Intermediate,5mm,Experiment_2
2025-10-23T02:40:30.153Z,2446,6243,22873,3570,8452,27983,5445,8151,34229,4340,7745,31013,Day_1,Fair,Intermediate,5mm,Experiment_2
2025-10-23T02:40:30.193Z,2448,6248,22886,3569,8453,27993,5440,8168,34221,4336,7748,31014,Day_1,Fair,Intermediate,5mm,Experiment_2
2025-10-23T02:40:30.233Z,2445,6247,22895,3566,8448,28003,5424,8180,34215,4327,7750,31015,Day_1,Fair,Intermediate,5mm,Experiment_2
2025-10-23T02:40:30.273Z,2440,6243,22897,3560,8444,28006,5400,8175,34218,4318,7748,31020,Day_1,Fair,Intermediate,5mm,Experiment_2
2025-10-23T02:40:30.313Z,2437,6244,22892,3556,8445,28003,5382,8168,34228,4314,7741,31030,Day_1,Fair,Intermediate,5mm,Experiment_2
2025-10-23T02:40:30.353Z,2435,6247,22890,3556,8451,28000,5382,8174,34234,4321,7740,31041,Day_1,Fair,Intermediate,5mm,Experiment_2
2025-10-23T02:40:30.393Z,2435,6250,22894,3558,8459,28002,5401,8207,34230,4339,7748,31051,Day_1,Fair,Intermediate,5mm,Experiment_2
2025-10-23T02:40:30.433Z,2435,6252,22899,3558,8466,28010,5426,8257,34225,4357,7760,31054,Day_1,Fair,Intermediate,5mm,Experiment_2
2025-10-23T02:40:30.473Z,2437,6254,22901,3559,8468,28016,5440,8208,34231,4361,7763,31052,Day_1,Fair,Intermediate,5mm,Experiment_2
2025-10-23T02:40:30.513Z,2438,6253,22898,3557,8465,28011,5431,7841,34248,4350,7751,31052,Day_1,Fair,Intermediate,5mm,Experiment_2
2025-10-23T02:40:30.553Z,2432,6252,22889,3550,8461,27998,5411,7158,34268,4335,7732,31059,Day_1,Fair,Intermediate,5mm,Experiment_2
2025-10-23T02:40:30.593Z,2421,6258,22879,3541,8464,27990,5402,6744,34282,4326,7723,31064,Day_1,Fair,Intermediate,5mm,Experiment_2
2025-10-23T02:40:30.633Z,2416,6265,22875,3535,8469,27992,5404,7107,34288,4322,7727,31064,Day_1,Fair,Intermediate,5mm,Experiment_2
2025-10-23T02:40:30.673Z,2418,6267,22874,3536,8469,27992,5404,7900,34290,4319,7736,31065,Day_1,Fair,Intermediate,5mm,Experiment_2
2025-10-23T02:40:30.713Z,2422,6262,22867,3537,8465,27981,5400,8574,34289,4318,7741,31068,Day_1,Fair,Intermediate,5mm,Experiment_2
2025-10-23T02:40:30.753Z,2424,6250,22863,3538,8454,27973,5389,8860,34282,4316,7743,31069,Day_1,Fair,Intermediate,5mm,Experiment_2
2025-10-23T02:40:30.793Z,2426,6239,22867,3540,8444,27979,5376,8708,34266,4313,7749,31064,Day_1,Fair,Intermediate,5mm,Experiment_2
2025-10-23T02:40:30.833Z,2431,6241,22875,3545,8448,27989,5368,8401,34252,4313,7754,31056,Day_1,Fair,Intermediate,5mm,Experiment_2
2025-10-23T02:40:30.873Z,2437,6253,22874,3554,8460,27988,5366,8205,34239,4312,7749,31050,Day_1,Fair,Intermediate,5mm,Experiment_2
2025-10-23T02:40:30.913Z,2443,6264,22871,3560,8469,27983,5367,8130,34225,4309,7741,31044,Day_1,Fair,Intermediate,5mm,Experiment_2
2025-10-23T02:40:30.953Z,2443,6270,22877,3559,8471,27986,5366,8115,34216,4308,7738,31040,Day_1,Fair,Intermediate,5mm,Experiment_2
2025-10-23T02:40:30.993Z,2438,6271,22885,3552,8470,27995,5366,8122,34215,4312,7739,31039,Day_1,Fair,Intermediate,5mm,Experiment_2
2025-10-23T02:40:31.033Z,2432,6269,22886,3547,8470,27999,5370,8131,34223,4319,7738,31042,Day_1,Fair,Intermediate,5mm,Experiment_2
2025-10-23T02:40:31.073Z,2429,6263,22886,3544,8467,28003,5375,8132,34239,4322,7732,31043,Day_1,Fair,Intermediate,5mm,Experiment_2
2025-10-23T02:40:31.114Z,2432,6253,22889,3547,8461,28009,5373,8120,34256,4317,7722,31038,Day_1,Fair,Intermediate,5mm,Experiment_2
2025-10-23T02:40:31.154Z,2446,6248,22893,3559,8459,28011,5367,8107,34263,4311,7714,31034,Day_1,Fair,Intermediate,5mm,Experiment_2
2025-10-23T02:40:31.194Z,2459,6255,22892,3571,8465,28005,5373,8105,34258,4313,7718,31035,Day_1,Fair,Intermediate,5mm,Experiment_2
2025-10-23T02:40:31.234Z,2459,6264,22886,3573,8472,27996,5390,8112,34251,4323,7729,31042,Day_1,Fair,Intermediate,5mm,Experiment_2
2025-10-23T02:40:31.274Z,2448,6269,22879,3564,8474,27989,5406,8126,34252,4332,7743,31052,Day_1,Fair,Intermediate,5mm,Experiment_2
2025-10-23T02:40:31.314Z,2436,6271,22875,3553,8475,27987,5420,8142,34259,4339,7754,31059,Day_1,Fair,Intermediate,5mm,Experiment_2
2025-10-23T02:40:31.354Z,2428,6267,22879,3547,8470,27992,5430,8144,34264,4344,7755,31057,Day_1,Fair,Intermediate,5mm,Experiment_2
2025-10-23T02:40:31.394Z,2425,6252,22891,3547,8455,28003,5428,8125,34254,4346,7743,31050,Day_1,Fair,Intermediate,5mm,Experiment_2
2025-10-23T02:40:31.434Z,2426,6238,22901,3548,8442,28014,5414,8097,34235,4341,7725,31044,Day_1,Fair,Intermediate,5mm,Experiment_2
2025-10-23T02:40:31.473Z,2429,6240,22901,3551,8446,28017,5398,8078,34229,4335,7716,31044,Day_1,Fair,Intermediate,5mm,Experiment_2
2025-10-23T02:40:31.513Z,2434,6252,22901,3554,8459,28018,5393,8076,34240,4333,7720,31045,Day_1,Fair,Intermediate,5mm,Experiment_2
2025-10-23T02:40:31.553Z,2440,6258,22904,3556,8466,28021,5401,8084,34251,4336,7725,31043,Day_1,Fair,Intermediate,5mm,Experiment_2
2025-10-23T02:40:31.593Z,2441,6252,22899,3556,8461,28015,5408,8100,34252,4339,7730,31044,Day_1,Fair,Intermediate,5mm,Experiment_2
2025-10-23T02:40:31.633Z,2436,6246,22884,3552,8456,27999,5402,8120,34250,4335,7739,31049,Day_1,Fair,Intermediate,5mm,Experiment_2
2025-10-23T02:40:31.673Z,2433,6248,22871,3552,8456,27985,5393,8138,34255,4331,7748,31055,Day_1,Fair,Intermediate,5mm,Experiment_2
2025-10-23T02:40:31.713Z,2436,6252,22867,3557,8459,27980,5393,8148,34266,4334,7753,31058,Day_1,Fair,Intermediate,5mm,Experiment_2
2025-10-23T02:40:31.753Z,2445,6252,22875,3563,8458,27986,5394,8147,34268,4336,7754,31054,Day_1,Fair,Intermediate,5mm,Experiment_2
2025-10-23T02:40:31.793Z,2450,6249,22889,3564,8457,27998,5382,8137,34253,4329,7751,31051,Day_1,Fair,Intermediate,5mm,Experiment_2
2025-10-23T02:40:31.834Z,2447,6253,22898,3559,8463,28003,5368,8124,34242,4318,7745,31054,Day_1,Fair,Intermediate,5mm,Experiment_2
2025-10-23T02:40:31.874Z,2439,6261,22891,3551,8473,27997,5373,8119,34241,4318,7742,31054,Day_1,Fair,Intermediate,5mm,Experiment_2
2025-10-23T02:40:31.914Z,2436,6266,22880,3548,8477,27988,5397,8122,34243,4331,7744,31048,Day_1,Fair,Intermediate,5mm,Experiment_2
2025-10-23T02:40:31.954Z,2440,6264,22872,3551,8475,27985,5409,8126,34250,4344,7748,31045,Day_1,Fair,Intermediate,5mm,Experiment_2
2025-10-23T02:40:31.994Z,2442,6260,22870,3554,8467,27983,5399,8127,34253,4347,7750,31044,Day_1,Fair,Intermediate,5mm,Experiment_2
2025-10-23T02:40:32.034Z,2442,6254,22868,3556,8461,27979,5383,8125,34245,4341,7750,31040,Day_1,Fair,Intermediate,5mm,Experiment_2
2025-10-23T02:40:32.074Z,2441,6253,22865,3557,8462,27975,5370,8119,34240,4331,7746,31037,Day_1,Fair,Intermediate,5mm,Experiment_2
2025-10-23T02:40:32.114Z,2436,6256,22869,3557,8466,27980,5363,8116,34251,4323,7739,31039,Day_1,Fair,Intermediate,5mm,Experiment_2
2025-10-23T02:40:32.154Z,2433,6259,22881,3558,8469,27993,5366,8117,34263,4322,7730,31043,Day_1,Fair,Intermediate,5mm,Experiment_2
2025-10-23T02:40:32.194Z,2434,6257,22887,3558,8466,28003,5384,8111,34260,4329,7718,31044,Day_1,Fair,Intermediate,5mm,Experiment_2
2025-10-23T02:40:32.234Z,2434,6248,22884,3555,8455,28004,5406,8098,34246,4341,7713,31043,Day_1,Fair,Intermediate,5mm,Experiment_2
2025-10-23T02:40:32.274Z,2429,6242,22877,3549,8444,27999,5417,8097,34239,4346,7721,31043,Day_1,Fair,Intermediate,5mm,Experiment_2
2025-10-23T02:40:32.314Z,2423,6247,22868,3541,8443,27990,5413,8115,34238,4343,7739,31041,Day_1,Fair,Intermediate,5mm,Experiment_2
2025-10-23T02:40:32.354Z,2420,6258,22863,3537,8452,27981,5409,8132,34229,4336,7754,31035,Day_1,Fair,Intermediate,5mm,Experiment_2
2025-10-23T02:40:32.394Z,2421,6263,22863,3537,8459,27978,5416,8131,34217,4333,7756,31030,Day_1,Fair,Intermediate,5mm,Experiment_2
2025-10-23T02:40:32.434Z,2423,6259,22865,3539,8460,27979,5436,8118,34219,4337,7751,31034,Day_1,Fair,Intermediate,5mm,Experiment_2
2025-10-23T02:40:32.474Z,2424,6252,22864,3541,8456,27979,5454,8102,34232,4345,7741,31044,Day_1,Fair,Intermediate,5mm,Experiment_2
2025-10-23T02:40:32.514Z,2425,6247,22865,3544,8452,27977,5453,8086,34245,4348,7731,31051,Day_1,Fair,Intermediate,5mm,Experiment_2
2025-10-23T02:40:32.553Z,2423,6253,22866,3544,8456,27975,5439,8078,34254,4345,7727,31055,Day_1,Fair,Intermediate,5mm,Experiment_2
2025-10-23T02:40:32.593Z,2417,6266,22863,3539,8466,27971,5427,8082,34256,4342,7732,31052,Day_1,Fair,Intermediate,5mm,Experiment_2
2025-10-23T02:40:32.633Z,2412,6274,22862,3534,8472,27970,5417,8090,34246,4341,7736,31043,Day_1,Fair,Intermediate,5mm,Experiment_2
2025-10-23T02:40:32.673Z,2412,6274,22871,3534,8473,27980,5410,8098,34234,4340,7737,31035,Day_1,Fair,Intermediate,5mm,Experiment_2
2025-10-23T02:40:32.713Z,2414,6269,22882,3539,8472,27992,5413,8110,34227,4342,7739,31030,Day_1,Fair,Intermediate,5mm,Experiment_2
2025-10-23T02:40:32.753Z,2416,6260,22884,3542,8468,27994,5426,8128,34217,4345,7744,31025,Day_1,Fair,Intermediate,5mm,Experiment_2
2025-10-23T02:40:32.793Z,2418,6252,22882,3543,8463,27989,5435,8142,34206,4345,7747,31020,Day_1,Fair,Intermediate,5mm,Experiment_2
2025-10-23T02:40:32.833Z,2423,6250,22882,3546,8459,27984,5424,8146,34205,4340,7747,31021,Day_1,Fair,Intermediate,5mm,Experiment_2
2025-10-23T02:40:32.873Z,2431,6257,22881,3552,8460,27982,5398,8144,34215,4331,7745,31026,Day_1,Fair,Intermediate,5mm,Experiment_2
2025-10-23T02:40:32.914Z,2437,6268,22877,3557,8465,27980,5370,8142,34228,4318,7745,31032,Day_1,Fair,Intermediate,5mm,Experiment_2
2025-10-23T02:40:32.954Z,2436,6276,22870,3557,8471,27975,5350,8142,34241,4306,7744,31037,Day_1,Fair,Intermediate,5mm,Experiment_2
2025-10-23T02:40:32.994Z,2433,6275,22863,3555,8474,27971,5347,8142,34247,4303,7741,31041,Day_1,Fair,Intermediate,5mm,Experiment_2
2025-10-23T02:40:33.034Z,2434,6264,22856,3557,8470,27968,5358,8137,34243,4308,7738,31044,Day_1,Fair,Intermediate,5mm,Experiment_2
2025-10-23T02:40:33.074Z,2440,6252,22849,3561,8462,27966,5370,8126,34234,4315,7737,31042,Day_1,Fair,Intermediate,5mm,Experiment_2
2025-10-23T02:40:33.114Z,2445,6246,22848,3562,8458,27966,5386,8115,34223,4324,7737,31037,Day_1,Fair,Intermediate,5mm,Experiment_2
2025-10-23T02:40:33.154Z,2443,6247,22856,3559,8458,27971,5400,8117,34217,4332,7740,31035,Day_1,Fair,Intermediate,5mm,Experiment_2
2025-10-23T02:40:33.194Z,2439,6249,22868,3556,8456,27983,5401,8133,34221,4331,7748,31036,Day_1,Fair,Intermediate,5mm,Experiment_2
2025-10-23T02:40:33.234Z,2436,6251,22877,3552,8455,27995,5390,8152,34233,4325,7755,31039,Day_1,Fair,Intermediate,5mm,Experiment_2
2025-10-23T02:40:33.274Z,2435,6255,22880,3548,8460,28000,5386,8167,34251,4323,7758,31043,Day_1,Fair,Intermediate,5mm,Experiment_2
2025-10-23T02:40:33.314Z,2435,6259,22875,3550,8468,27997,5398,8174,34264,4327,7757,31047,Day_1,Fair,Intermediate,5mm,Experiment_2
2025-10-23T02:40:33.354Z,2438,6261,22867,3555,8474,27988,5409,8163,34267,4329,7752,31046,Day_1,Fair,Intermediate,5mm,Experiment_2
2025-10-23T02:40:33.394Z,2439,6259,22860,3558,8472,27980,5408,8135,34263,4329,7742,31041,Day_1,Fair,Intermediate,5mm,Experiment_2
2025-10-23T02:40:33.434Z,2440,6252,22858,3558,8463,27976,5406,8106,34263,4330,7729,31041,Day_1,Fair,Intermediate,5mm,Experiment_2
2025-10-23T02:40:33.474Z,2444,6246,22865,3562,8455,27981,5411,8095,34263,4335,7723,31048,Day_1,Fair,Intermediate,5mm,Experiment_2
2025-10-23T02:40:33.514Z,2451,6242,22876,3568,8449,27993,5421,8111,34251,4341,7730,31051,Day_1,Fair,Intermediate,5mm,Experiment_2
2025-10-23T02:40:33.554Z,2450,6240,22879,3569,8444,28000,5427,8138,34235,4343,7742,31048,Day_1,Fair,Intermediate,5mm,Experiment_2
2025-10-23T02:40:33.594Z,2442,6244,22872,3565,8447,27993,5417,8147,34237,4336,7743,31048,Day_1,Fair,Intermediate,5mm,Experiment_2
2025-10-23T02:40:33.634Z,2433,6253,22863,3557,8453,27982,5397,8130,34254,4325,7731,31052,Day_1,Fair,Intermediate,5mm,Experiment_2
2025-10-23T02:40:33.674Z,2426,6255,22856,3552,8456,27973,5390,8107,34266,4319,7719,31051,Day_1,Fair,Intermediate,5mm,Experiment_2
2025-10-23T02:40:33.714Z,2426,6252,22851,3551,8456,27966,5402,8094,34267,4321,7714,31046,Day_1,Fair,Intermediate,5mm,Experiment_2
2025-10-23T02:40:33.754Z,2431,6250,22850,3551,8457,27964,5418,8092,34268,4327,7714,31045,Day_1,Fair,Intermediate,5mm,Experiment_2
2025-10-23T02:40:33.794Z,2432,6255,22859,3548,8462,27973,5424,8103,34263,4334,7719,31048,Day_1,Fair,Intermediate,5mm,Experiment_2
2025-10-23T02:40:33.834Z,2428,6262,22880,3541,8468,27992,5428,8120,34250,4338,7727,31053,Day_1,Fair,Intermediate,5mm,Experiment_2
2025-10-23T02:40:33.874Z,2424,6264,22905,3539,8469,28014,5434,8129,34246,4339,7732,31056,Day_1,Fair,Intermediate,5mm,Experiment_2
2025-10-23T02:40:33.914Z,2421,6260,22917,3540,8466,28021,5440,8127,34252,4341,7733,31055,Day_1,Fair,Intermediate,5mm,Experiment_2
2025-10-23T02:40:33.954Z,2422,6256,22906,3543,8462,28012,5442,8125,34254,4348,7737,31050,Day_1,Fair,Intermediate,5mm,Experiment_2
2025-10-23T02:40:33.994Z,2430,6254,22890,3550,8461,28001,5435,8129,34248,4352,7744,31044,Day_1,Fair,Intermediate,5mm,Experiment_2
2025-10-23T02:40:34.034Z,2438,6256,22884,3557,8461,27998,5424,8134,34249,4349,7751,31045,Day_1,Fair,Intermediate,5mm,Experiment_2
2025-10-23T02:40:34.074Z,2434,6261,22884,3553,8464,27997,5414,8141,34258,4343,7752,31048,Day_1,Fair,Intermediate,5mm,Experiment_2
2025-10-23T02:40:34.114Z,2424,6268,22876,3545,8472,27990,5404,8149,34261,4337,7751,31049,Day_1,Fair,Intermediate,5mm,Experiment_2
2025-10-23T02:40:34.154Z,2422,6276,22862,3545,8480,27979,5395,8153,34261,4332,7751,31049,Day_1,Fair,Intermediate,5mm,Experiment_2
2025-10-23T02:40:34.194Z,2428,6279,22854,3551,8484,27975,5394,8146,34269,4330,7747,31050,Day_1,Fair,Intermediate,5mm,Experiment_2
2025-10-23T02:40:34.234Z,2434,6271,22857,3558,8476,27980,5397,8127,34276,4327,7738,31049,Day_1,Fair,Intermediate,5mm,Experiment_2
2025-10-23T02:40:34.274Z,2435,6254,22870,3559,8458,27989,5403,8113,34273,4329,7731,31049,Day_1,Fair,Intermediate,5mm,Experiment_2
2025-10-23T02:40:34.314Z,2432,6241,22883,3555,8444,27998,5417,8104,34260,4336,7724,31049,Day_1,Fair,Intermediate,5mm,Experiment_2
2025-10-23T02:40:34.354Z,2431,6236,22891,3550,8439,28005,5426,8097,34237,4340,7716,31039,Day_1,Fair,Intermediate,5mm,Experiment_2
2025-10-23T02:40:34.394Z,2434,6235,22896,3549,8439,28012,5426,8106,34214,4337,7717,31026,Day_1,Fair,Intermediate,5mm,Experiment_2
2025-10-23T02:40:34.434Z,2437,6235,22897,3550,8439,28015,5420,8136,34207,4335,7732,31023,Day_1,Fair,Intermediate,5mm,Experiment_2
2025-10-23T02:40:34.474Z,2436,6237,22893,3551,8442,28009,5406,8163,34212,4335,7750,31030,Day_1,Fair,Intermediate,5mm,Experiment_2
2025-10-23T02:40:34.514Z,2440,6240,22886,3555,8446,27999,5385,8170,34211,4332,7756,31032,Day_1,Fair,Intermediate,5mm,Experiment_2
2025-10-23T02:40:34.554Z,2447,6239,22877,3562,8447,27990,5376,8162,34204,4332,7755,31026,Day_1,Fair,Intermediate,5mm,Experiment_2
2025-10-23T02:40:34.594Z,2452,6238,22871,3568,8446,27987,5392,8154,34208,4339,7752,31019,Day_1,Fair,Intermediate,5mm,Experiment_2
2025-10-23T02:40:34.634Z,2452,6240,22869,3570,8447,27987,5420,8148,34222,4349,7747,31022,Day_1,Fair,Intermediate,5mm,Experiment_2
2025-10-23T02:40:34.674Z,2449,6243,22869,3569,8447,27987,5435,8150,34237,4352,7749,31032,Day_1,Fair,Intermediate,5mm,Experiment_2
2025-10-23T02:40:34.714Z,2443,6242,22872,3563,8448,27990,5424,8157,34244,4344,7758,31042,Day_1,Fair,Intermediate,5mm,Experiment_2
2025-10-23T02:40:34.754Z,2436,6240,22881,3554,8449,27996,5396,8167,34244,4329,7766,31046,Day_1,Fair,Intermediate,5mm,Experiment_2
2025-10-23T02:40:34.794Z,2430,6238,22892,3545,8449,28004,5371,8174,34240,4315,7767,31047,Day_1,Fair,Intermediate,5mm,Experiment_2
2025-10-23T02:40:34.834Z,2430,6239,22900,3542,8451,28006,5358,8167,34239,4308,7761,31050,Day_1,Fair,Intermediate,5mm,Experiment_2
2025-10-23T02:40:34.874Z,2434,6244,22900,3544,8455,28003,5358,8146,34237,4306,7753,31052,Day_1,Fair,Intermediate,5mm,Experiment_2
2025-10-23T02:40:34.914Z,2441,6252,22897,3547,8460,27998,5363,8122,34236,4307,7745,31052,Day_1,Fair,Intermediate,5mm,Experiment_2
2025-10-23T02:40:34.954Z,2444,6259,22892,3550,8465,27996,5367,8110,34239,4310,7740,31049,Day_1,Fair,Intermediate,5mm,Experiment_2
2025-10-23T02:40:34.994Z,2445,6258,22891,3552,8463,28002,5373,8115,34248,4315,7741,31046,Day_1,Fair,Intermediate,5mm,Experiment_2
2025-10-23T02:40:35.034Z,2446,6252,22893,3556,8459,28011,5383,8133,34262,4325,7742,31047,Day_1,Fair,Intermediate,5mm,Experiment_2
2025-10-23T02:40:35.074Z,2445,6249,22891,3559,8458,28012,5392,8149,34271,4332,7741,31049,Day_1,Fair,Intermediate,5mm,Experiment_2
2025-10-23T02:40:35.114Z,2439,6249,22885,3557,8461,28003,5394,8153,34270,4334,7739,31046,Day_1,Fair,Intermediate,5mm,Experiment_2
2025-10-23T02:40:35.154Z,2430,6249,22880,3551,8462,27992,5393,8158,34263,4331,7742,31044,Day_1,Fair,Intermediate,5mm,Experiment_2
2025-10-23T02:40:35.194Z,2424,6250,22878,3546,8461,27986,5392,8172,34257,4326,7751,31049,Day_1,Fair,Intermediate,5mm,Experiment_2
2025-10-23T02:40:35.234Z,2425,6250,22874,3548,8459,27979,5390,8189,34253,4319,7760,31054,Day_1,Fair,Intermediate,5mm,Experiment_2
2025-10-23T02:40:35.274Z,2428,6246,22870,3552,8454,27971,5388,8195,34242,4315,7765,31048,Day_1,Fair,Intermediate,5mm,Experiment_2
2025-10-23T02:40:35.314Z,2427,6242,22867,3551,8451,27966,5387,8191,34222,4314,7763,31033,Day_1,Fair,Intermediate,5mm,Experiment_2
2025-10-23T02:40:35.354Z,2424,6248,22865,3548,8456,27965,5387,8176,34206,4317,7756,31018,Day_1,Fair,Intermediate,5mm,Experiment_2
2025-10-23T02:40:35.394Z,2421,6260,22869,3548,8467,27970,5387,8152,34200,4321,7748,31013,Day_1,Fair,Intermediate,5mm,Experiment_2
2025-10-23T02:40:35.435Z,2419,6268,22879,3551,8476,27980,5388,8132,34198,4325,7743,31014,Day_1,Fair,Intermediate,5mm,Experiment_2
2025-10-23T02:40:35.475Z,2417,6269,22891,3551,8477,27991,5396,8132,34200,4330,7746,31018,Day_1,Fair,Intermediate,5mm,Experiment_2
2025-10-23T02:40:35.515Z,2414,6264,22902,3545,8471,28005,5410,8146,34215,4339,7750,31026,Day_1,Fair,Intermediate,5mm,Experiment_2
2025-10-23T02:40:35.555Z,2414,6254,22915,3539,8460,28024,5427,8154,34237,4349,7750,31034,Day_1,Fair,Intermediate,5mm,Experiment_2
2025-10-23T02:40:35.595Z,2418,6244,22923,3539,8448,28038,5437,8154,34250,4354,7750,31039,Day_1,Fair,Intermediate,5mm,Experiment_2
2025-10-23T02:40:35.635Z,2423,6239,22919,3542,8443,28034,5442,8153,34253,4354,7750,31039,Day_1,Fair,Intermediate,5mm,Experiment_2
2025-10-23T02:40:35.675Z,2432,6237,22904,3548,8444,28021,5444,8148,34254,4352,7747,31038,Day_1,Fair,Intermediate,5mm,Experiment_2
2025-10-23T02:40:35.715Z,2442,6236,22891,3555,8447,28008,5438,8139,34252,4350,7743,31036,Day_1,Fair,Intermediate,5mm,Experiment_2
2025-10-23T02:40:35.755Z,2445,6239,22885,3559,8452,27999,5426,8135,34241,4345,7741,31032,Day_1,Fair,Intermediate,5mm,Experiment_2
2025-10-23T02:40:35.795Z,2437,6243,22884,3553,8454,27996,5416,8137,34228,4340,7743,31029,Day_1,Fair,Intermediate,5mm,Experiment_2
2025-10-23T02:40:35.835Z,2427,6244,22881,3547,8453,27995,5411,8143,34220,4335,7748,31026,Day_1,Fair,Intermediate,5mm,Experiment_2
2025-10-23T02:40:35.875Z,2425,6241,22876,3547,8451,27995,5407,8147,34220,4332,7752,31025,Day_1,Fair,Intermediate,5mm,Experiment_2
2025-10-23T02:40:35.915Z,2430,6241,22873,3552,8450,27995,5403,8139,34225,4334,7751,31027,Day_1,Fair,Intermediate,5mm,Experiment_2
2025-10-23T02:40:35.955Z,2434,6242,22874,3554,8450,27995,5397,8123,34228,4336,7744,31031,Day_1,Fair,Intermediate,5mm,Experiment_2
2025-10-23T02:40:35.995Z,2434,6244,22871,3554,8453,27993,5389,8111,34230,4333,7737,31037,Day_1,Fair,Intermediate,5mm,Experiment_2
2025-10-23T02:40:36.035Z,2432,6248,22862,3551,8461,27987,5377,8111,34228,4325,7737,31038,Day_1,Fair,Intermediate,5mm,Experiment_2
2025-10-23T02:40:36.075Z,2430,6255,22857,3547,8470,27983,5364,8119,34219,4314,7740,31029,Day_1,Fair,Intermediate,5mm,Experiment_2
2025-10-23T02:40:36.115Z,2430,6261,22863,3547,8476,27985,5361,8131,34214,4309,7745,31023,Day_1,Fair,Intermediate,5mm,Experiment_2
2025-10-23T02:40:36.155Z,2436,6262,22872,3555,8476,27989,5367,8136,34221,4311,7747,31028,Day_1,Fair,Intermediate,5mm,Experiment_2
2025-10-23T02:40:36.195Z,2447,6258,22880,3563,8471,27994,5375,8129,34228,4314,7744,31034,Day_1,Fair,Intermediate,5mm,Experiment_2
2025-10-23T02:40:36.235Z,2455,6250,22883,3566,8462,27996,5383,8120,34227,4315,7741,31035,Day_1,Fair,Intermediate,5mm,Experiment_2
2025-10-23T02:40:36.275Z,2456,6240,22877,3565,8453,27988,5395,8118,34222,4316,7741,31036,Day_1,Fair,Intermediate,5mm,Experiment_2
2025-10-23T02:40:36.315Z,2448,6233,22864,3562,8447,27975,5409,8119,34231,4324,7742,31043,Day_1,Fair,Intermediate,5mm,Experiment_2
2025-10-23T02:40:36.355Z,2437,6230,22858,3556,8441,27969,5429,8125,34256,4339,7745,31056,Day_1,Fair,Intermediate,5mm,Experiment_2
2025-10-23T02:40:36.395Z,2427,6233,22860,3549,8442,27972,5451,8137,34282,4356,7749,31068,Day_1,Fair,Intermediate,5mm,Experiment_2
2025-10-23T02:40:36.435Z,2423,6243,22860,3546,8450,27972,5454,8147,34295,4360,7754,31071,Day_1,Fair,Intermediate,5mm,Experiment_2
2025-10-23T02:40:36.475Z,2429,6249,22854,3549,8459,27967,5439,8141,34281,4352,7753,31058,Day_1,Fair,Intermediate,5mm,Experiment_2
2025-10-23T02:40:36.515Z,2440,6250,22853,3557,8464,27966,5429,8123,34249,4345,7747,31039,Day_1,Fair,Intermediate,5mm,Experiment_2
2025-10-23T02:40:36.555Z,2447,6250,22858,3561,8466,27969,5434,8111,34224,4344,7742,31028,Day_1,Fair,Intermediate,5mm,Experiment_2
2025-10-23T02:40:36.595Z,2444,6247,22865,3556,8461,27974,5441,8106,34215,4345,7739,31024,Day_1,Fair,Intermediate,5mm,Experiment_2
2025-10-23T02:40:36.635Z,2435,6237,22872,3549,8448,27983,5438,8091,34217,4344,7731,31022,Day_1,Fair,Intermediate,5mm,Experiment_2
2025-10-23T02:40:36.675Z,2428,6225,22878,3546,8435,27994,5431,8066,34220,4340,7722,31024,Day_1,Fair,Intermediate,5mm,Experiment_2
2025-10-23T02:40:36.715Z,2427,6219,22884,3545,8430,28005,5431,8046,34224,4338,7720,31028,Day_1,Fair,Intermediate,5mm,Experiment_2
2025-10-23T02:40:36.755Z,2432,6224,22890,3549,8432,28013,5429,8043,34227,4338,7725,31031,Day_1,Fair,Intermediate,5mm,Experiment_2
2025-10-23T02:40:36.795Z,2439,6232,22892,3553,8439,28016,5419,8053,34225,4339,7725,31034,Day_1,Fair,Intermediate,5mm,Experiment_2
2025-10-23T02:40:36.835Z,2436,6239,22893,3552,8443,28014,5412,8059,34220,4340,7715,31040,Day_1,Fair,Intermediate,5mm,Experiment_2
2025-10-23T02:40:36.875Z,2425,6239,22896,3544,8443,28013,5418,8059,34211,4342,7706,31040,Day_1,Fair,Intermediate,5mm,Experiment_2
2025-10-23T02:40:36.915Z,2420,6238,22897,3541,8444,28010,5426,8061,34197,4343,7702,31032,Day_1,Fair,Intermediate,5mm,Experiment_2
2025-10-23T02:40:36.955Z,2422,6247,22889,3545,8454,28002,5423,8071,34187,4338,7705,31023,Day_1,Fair,Intermediate,5mm,Experiment_2
2025-10-23T02:40:36.995Z,2425,6259,22880,3552,8465,27992,5412,8083,34185,4328,7714,31020,Day_1,Fair,Intermediate,5mm,Experiment_2
2025-10-23T02:40:37.035Z,2429,6263,22874,3558,8467,27985,5404,8089,34190,4318,7719,31020,Day_1,Fair,Intermediate,5mm,Experiment_2
2025-10-23T02:40:37.075Z,2431,6256,22868,3561,8459,27979,5392,8091,34198,4309,7720,31020,Day_1,Fair,Intermediate,5mm,Experiment_2
2025-10-23T02:40:37.115Z,2429,6250,22864,3557,8449,27976,5380,8096,34202,4306,7722,31017,Day_1,Fair,Intermediate,5mm,Experiment_2
2025-10-23T02:40:37.155Z,2425,6254,22863,3549,8452,27976,5383,8100,34200,4313,7727,31011,Day_1,Fair,Intermediate,5mm,Experiment_2
2025-10-23T02:40:37.195Z,2421,6266,22863,3541,8463,27977,5404,8100,34201,4326,7729,31010,Day_1,Fair,Intermediate,5mm,Experiment_2
2025-10-23T02:40:37.235Z,2419,6271,22868,3541,8473,27980,5423,8098,34203,4335,7730,31015,Day_1,Fair,Intermediate,5mm,Experiment_2
2025-10-23T02:40:37.275Z,2424,6269,22879,3548,8477,27988,5425,8099,34204,4336,7732,31024,Day_1,Fair,Intermediate,5mm,Experiment_2
2025-10-23T02:40:37.315Z,2433,6264,22889,3556,8478,27995,5420,8107,34212,4337,7739,31032,Day_1,Fair,Intermediate,5mm,Experiment_2
2025-10-23T02:40:37.355Z,2438,6256,22893,3557,8473,27998,5423,8117,34228,4343,7746,31041,Day_1,Fair,Intermediate,5mm,Experiment_2
2025-10-23T02:40:37.395Z,2437,6244,22893,3552,8461,27998,5428,8125,34244,4348,7751,31047,Day_1,Fair,Intermediate,5mm,Experiment_2
2025-10-23T02:40:37.435Z,2433,6234,22892,3546,8450,27999,5424,8133,34254,4347,7755,31049,Day_1,Fair,Intermediate,5mm,Experiment_2
2025-10-23T02:40:37.475Z,2426,6229,22891,3543,8443,28000,5415,8142,34255,4343,7758,31044,Day_1,Fair,Intermediate,5mm,Experiment_2
2025-10-23T02:40:37.515Z,2418,6232,22887,3540,8443,27999,5409,8145,34252,4340,7757,31037,Day_1,Fair,Intermediate,5mm,Experiment_2
2025-10-23T02:40:37.555Z,2415,6236,22884,3540,8446,27999,5407,8141,34249,4339,7751,31034,Day_1,Fair,Intermediate,5mm,Experiment_2
2025-10-23T02:40:37.595Z,2421,6236,22881,3548,8443,28002,5405,8136,34249,4338,7745,31032,Day_1,Fair,Intermediate,5mm,Experiment_2
2025-10-23T02:40:37.635Z,2428,6238,22879,3557,8442,28005,5402,8130,34259,4338,7741,31034,Day_1,Fair,Intermediate,5mm,Experiment_2
2025-10-23T02:40:37.675Z,2431,6245,22879,3560,8447,28004,5400,8125,34278,4337,7738,31043,Day_1,Fair,Intermediate,5mm,Experiment_2
2025-10-23T02:40:37.715Z,2431,6247,22878,3557,8449,27999,5399,8125,34296,4333,7738,31055,Day_1,Fair,Intermediate,5mm,Experiment_2
2025-10-23T02:40:37.755Z,2429,6241,22875,3551,8446,27993,5405,8126,34303,4332,7737,31062,Day_1,Fair,Intermediate,5mm,Experiment_2
2025-10-23T02:40:37.795Z,2423,6240,22874,3544,8447,27990,5420,8115,34295,4336,7731,31060,Day_1,Fair,Intermediate,5mm,Experiment_2
2025-10-23T02:40:37.835Z,2417,6246,22876,3543,8453,27990,5433,8103,34274,4342,7726,31052,Day_1,Fair,Intermediate,5mm,Experiment_2
2025-10-23T02:40:37.875Z,2420,6251,22880,3547,8459,27991,5433,8106,34252,4345,7729,31041,Day_1,Fair,Intermediate,5mm,Experiment_2
2025-10-23T02:40:37.915Z,2427,6249,22885,3554,8457,27993,5416,8117,34235,4341,7736,31037,Day_1,Fair,Intermediate,5mm,Experiment_2
2025-10-23T02:40:37.955Z,2431,6245,22891,3555,8452,27997,5401,8128,34230,4336,7742,31039,Day_1,Fair,Intermediate,5mm,Experiment_2
2025-10-23T02:40:37.995Z,2430,6249,22895,3552,8454,28003,5402,8137,34240,4336,7745,31043,Day_1,Fair,Intermediate,5mm,Experiment_2
2025-10-23T02:40:38.035Z,2431,6254,22898,3553,8459,28009,5406,8142,34254,4336,7743,31049,Day_1,Fair,Intermediate,5mm,Experiment_2
2025-10-23T02:40:38.075Z,2437,6257,22897,3557,8461,28010,5393,8142,34254,4328,7739,31048,Day_1,Fair,Intermediate,5mm,Experiment_2
2025-10-23T02:40:38.115Z,2440,6258,22887,3559,8462,28004,5369,8138,34237,4318,7737,31038,Day_1,Fair,Intermediate,5mm,Experiment_2
2025-10-23T02:40:38.155Z,2437,6256,22871,3554,8462,27988,5354,8127,34227,4312,7733,31030,Day_1,Fair,Intermediate,5mm,Experiment_2
2025-10-23T02:40:38.195Z,2436,6251,22858,3551,8460,27973,5352,8118,34237,4311,7732,31036,Day_1,Fair,Intermediate,5mm,Experiment_2
2025-10-23T02:40:38.235Z,2441,6248,22856,3558,8459,27969,5351,8120,34257,4308,7740,31051,Day_1,Fair,Intermediate,5mm,Experiment_2
2025-10-23T02:40:38.275Z,2448,6246,22865,3566,8458,27980,5347,8133,34265,4298,7752,31061,Day_1,Fair,Intermediate,5mm,Experiment_2
2025-10-23T02:40:38.315Z,2446,6245,22880,3566,8456,27994,5354,8148,34255,4287,7759,31059,Day_1,Fair,Intermediate,5mm,Experiment_2
2025-10-23T02:40:38.355Z,2441,6244,22892,3563,8453,28003,5370,8156,34237,4286,7759,31047,Day_1,Fair,Intermediate,5mm,Experiment_2
2025-10-23T02:40:38.395Z,2438,6242,22895,3563,8449,28006,5376,8149,34224,4295,7754,31037,Day_1,Fair,Intermediate,5mm,Experiment_2
2025-10-23T02:40:38.435Z,2436,6241,22898,3565,8450,28008,5377,8132,34225,4307,7750,31041,Day_1,Fair,Intermediate,5mm,Experiment_2
2025-10-23T02:40:38.475Z,2437,6246,22902,3566,8457,28009,5389,8121,34238,4317,7750,31054,Day_1,Fair,Intermediate,5mm,Experiment_2
2025-10-23T02:40:38.515Z,2439,6256,22896,3566,8467,28003,5411,8126,34247,4326,7756,31059,Day_1,Fair,Intermediate,5mm,Experiment_2
2025-10-23T02:40:38.555Z,2440,6269,22878,3563,8479,27991,5427,8146,34246,4332,7762,31053,Day_1,Fair,Intermediate,5mm,Experiment_2
2025-10-23T02:40:38.595Z,2440,6277,22857,3559,8485,27981,5423,8157,34244,4332,7763,31046,Day_1,Fair,Intermediate,5mm,Experiment_2
2025-10-23T02:40:38.635Z,2442,6270,22846,3557,8477,27978,5402,8139,34249,4327,7752,31043,Day_1,Fair,Intermediate,5mm,Experiment_2
2025-10-23T02:40:38.675Z,2444,6251,22854,3558,8459,27983,5379,8101,34254,4321,7739,31046,Day_1,Fair,Intermediate,5mm,Experiment_2
2025-10-23T02:40:38.715Z,2442,6237,22868,3556,8447,27988,5366,8071,34254,4317,7739,31050,Day_1,Fair,Intermediate,5mm,Experiment_2
2025-10-23T02:40:38.755Z,2436,6234,22871,3549,8446,27988,5368,8072,34250,4315,7746,31051,Day_1,Fair,Intermediate,5mm,Experiment_2
2025-10-23T02:40:38.795Z,2430,6240,22868,3543,8452,27985,5384,8099,34239,4317,7748,31047,Day_1,Fair,Intermediate,5mm,Experiment_2
2025-10-23T02:40:38.835Z,2425,6249,22866,3542,8461,27983,5395,8131,34229,4320,7745,31041,Day_1,Fair,Intermediate,5mm,Experiment_2
2025-10-23T02:40:38.875Z,2423,6260,22865,3545,8472,27980,5384,8143,34231,4318,7742,31040,Day_1,Fair,Intermediate,5mm,Experiment_2
2025-10-23T02:40:38.915Z,2423,6268,22862,3547,8479,27975,5366,8123,34240,4318,7733,31044,Day_1,Fair,Intermediate,5mm,Experiment_2
2025-10-23T02:40:38.955Z,2422,6265,22864,3548,8474,27975,5364,8080,34246,4324,7719,31048,Day_1,Fair,Intermediate,5mm,Experiment_2
2025-10-23T02:40:38.995Z,2421,6254,22874,3548,8461,27984,5376,8046,34244,4332,7719,31049,Day_1,Fair,Intermediate,5mm,Experiment_2
2025-10-23T02:40:39.035Z,2420,6249,22886,3549,8454,27995,5391,8039,34235,4338,7737,31046,Day_1,Fair,Intermediate,5mm,Experiment_2
2025-10-23T02:40:39.075Z,2423,6251,22896,3551,8455,28005,5402,8058,34226,4341,7756,31041,Day_1,Fair,Intermediate,5mm,Experiment_2
2025-10-23T02:40:39.115Z,2427,6250,22905,3553,8456,28012,5406,8096,34222,4343,7760,31037,Day_1,Fair,Intermediate,5mm,Experiment_2
2025-10-23T02:40:39.155Z,2430,6243,22911,3557,8452,28015,5402,8131,34215,4341,7756,31033,Day_1,Fair,Intermediate,5mm,Experiment_2
2025-10-23T02:40:39.195Z,2433,6236,22908,3559,8446,28011,5393,8147,34201,4336,7751,31030,Day_1,Fair,Intermediate,5mm,Experiment_2
2025-10-23T02:40:39.235Z,2436,6237,22895,3557,8447,28002,5389,8146,34191,4331,7744,31026,Day_1,Fair,Intermediate,5mm,Experiment_2
2025-10-23T02:40:39.275Z,2434,6247,22879,3549,8456,27994,5392,8136,34195,4330,7737,31026,Day_1,Fair,Intermediate,5mm,Experiment_2
2025-10-23T02:40:39.315Z,2427,6259,22869,3539,8469,27988,5402,8128,34205,4334,7736,31028,Day_1,Fair,Intermediate,5mm,Experiment_2
2025-10-23T02:40:39.355Z,2423,6262,22864,3534,8473,27984,5416,8128,34208,4341,7743,31031,Day_1,Fair,Intermediate,5mm,Experiment_2
2025-10-23T02:40:39.395Z,2420,6253,22860,3533,8464,27977,5422,8128,34207,4346,7749,31032,Day_1,Fair,Intermediate,5mm,Experiment_2
2025-10-23T02:40:39.435Z,2414,6245,22855,3529,8453,27972,5411,8128,34212,4344,7750,31033,Day_1,Fair,Intermediate,5mm,Experiment_2
2025-10-23T02:40:39.475Z,2408,6243,22852,3525,8448,27972,5396,8136,34222,4339,7750,31033,Day_1,Fair,Intermediate,5mm,Experiment_2
2025-10-23T02:40:39.515Z,2411,6246,22850,3529,8448,27977,5401,8145,34226,4342,7748,31030,Day_1,Fair,Intermediate,5mm,Experiment_2
2025-10-23T02:40:39.555Z,2422,6252,22857,3541,8454,27986,5416,8138,34228,4352,7741,31032,Day_1,Fair,Intermediate,5mm,Experiment_2
2025-10-23T02:40:39.595Z,2433,6259,22869,3553,8462,27996,5422,8117,34237,4364,7731,31045,Day_1,Fair,Intermediate,5mm,Experiment_2
2025-10-23T02:40:39.635Z,2437,6263,22879,3561,8466,28004,5420,8101,34247,4369,7725,31054,Day_1,Fair,Intermediate,5mm,Experiment_2
2025-10-23T02:40:39.675Z,2439,6261,22881,3565,8466,28004,5426,8095,34244,4368,7723,31049,Day_1,Fair,Intermediate,5mm,Experiment_2
2025-10-23T02:40:39.715Z,2439,6261,22880,3565,8466,27998,5438,8098,34233,4363,7727,31040,Day_1,Fair,Intermediate,5mm,Experiment_2
2025-10-23T02:40:39.755Z,2440,6256,22875,3564,8462,27988,5440,8107,34226,4356,7734,31039,Day_1,Fair,Intermediate,5mm,Experiment_2
2025-10-23T02:40:39.795Z,2441,6246,22867,3563,8453,27978,5424,8122,34232,4346,7741,31046,Day_1,Fair,Intermediate,5mm,Experiment_2
2025-10-23T02:40:39.835Z,2441,6237,22859,3563,8445,27971,5408,8136,34249,4338,7746,31052,Day_1,Fair,Intermediate,5mm,Experiment_2
2025-10-23T02:40:39.875Z,2440,6233,22855,3561,8443,27969,5404,8143,34262,4335,7747,31053,Day_1,Fair,Intermediate,5mm,Experiment_2
2025-10-23T02:40:39.915Z,2440,6236,22858,3562,8448,27974,5403,8137,34263,4331,7742,31053,Day_1,Fair,Intermediate,5mm,Experiment_2
2025-10-23T02:40:39.955Z,2447,6247,22860,3569,8458,27980,5393,8113,34262,4321,7730,31058,Day_1,Fair,Intermediate,5mm,Experiment_2
2025-10-23T02:40:39.995Z,2455,6255,22863,3577,8467,27984,5384,8086,34259,4314,7719,31059,Day_1,Fair,Intermediate,5mm,Experiment_2
2025-10-23T02:40:40.035Z,2458,6253,22868,3580,8464,27986,5386,8078,34245,4314,7719,31051,Day_1,Fair,Intermediate,5mm,Experiment_2
2025-10-23T02:40:40.075Z,2459,6245,22871,3579,8453,27987,5393,8091,34234,4317,7726,31043,Day_1,Fair,Intermediate,5mm,Experiment_2
2025-10-23T02:40:40.115Z,2455,6242,22871,3573,8445,27988,5394,8109,34234,4321,7733,31041,Day_1,Fair,Intermediate,5mm,Experiment_2
2025-10-23T02:40:40.155Z,2442,6242,22872,3561,8443,27989,5397,8119,34237,4326,7736,31039,Day_1,Fair,Intermediate,5mm,Experiment_2
2025-10-23T02:40:40.195Z,2428,6243,22876,3548,8447,27988,5403,8122,34239,4329,7737,31037,Day_1,Fair,Intermediate,5mm,Experiment_2
2025-10-23T02:40:40.235Z,2423,6246,22880,3543,8455,27990,5399,8125,34247,4325,7739,31038,Day_1,Fair,Intermediate,5mm,Experiment_2
2025-10-23T02:40:40.275Z,2426,6251,22885,3546,8460,27997,5383,8128,34255,4317,7742,31040,Day_1,Fair,Intermediate,5mm,Experiment_2
2025-10-23T02:40:40.315Z,2432,6251,22887,3551,8458,28002,5372,8132,34254,4314,7746,31039,Day_1,Fair,Intermediate,5mm,Experiment_2
2025-10-23T02:40:40.355Z,2434,6246,22878,3554,8452,28000,5377,8141,34251,4321,7751,31036,Day_1,Fair,Intermediate,5mm,Experiment_2
2025-10-23T02:40:40.395Z,2434,6239,22863,3555,8447,27993,5395,8154,34249,4335,7754,31033,Day_1,Fair,Intermediate,5mm,Experiment_2
2025-10-23T02:40:40.435Z,2436,6237,22855,3556,8446,27988,5411,8167,34242,4347,7755,31026,Day_1,Fair,Intermediate,5mm,Experiment_2
2025-10-23T02:40:40.475Z,2439,6239,22858,3555,8446,27985,5416,8171,34234,4349,7755,31018,Day_1,Fair,Intermediate,5mm,Experiment_2
2025-10-23T02:40:40.515Z,2437,6241,22864,3552,8443,27984,5407,8154,34237,4341,7751,31019,Day_1,Fair,Intermediate,5mm,Experiment_2
2025-10-23T02:40:40.555Z,2440,6242,22867,3555,8440,27983,5389,8127,34251,4328,7744,31030,Day_1,Fair,Intermediate,5mm,Experiment_2
2025-10-23T02:40:40.595Z,2452,6244,22867,3563,8440,27980,5371,8113,34261,4317,7739,31042,Day_1,Fair,Intermediate,5mm,Experiment_2
2025-10-23T02:40:40.635Z,2460,6247,22865,3568,8445,27977,5367,8115,34257,4313,7737,31045,Day_1,Fair,Intermediate,5mm,Experiment_2
2025-10-23T02:40:40.675Z,2454,6254,22861,3563,8453,27976,5378,8121,34242,4314,7738,31039,Day_1,Fair,Intermediate,5mm,Experiment_2
2025-10-23T02:40:40.715Z,2440,6264,22861,3555,8463,27981,5394,8119,34231,4315,7740,31032,Day_1,Fair,Intermediate,5mm,Experiment_2
2025-10-23T02:40:40.755Z,2432,6264,22870,3554,8463,27992,5407,8110,34226,4317,7738,31033,Day_1,Fair,Intermediate,5mm,Experiment_2
2025-10-23T02:40:40.795Z,2435,6248,22880,3558,8450,28001,5411,8101,34221,4323,7732,31037,Day_1,Fair,Intermediate,5mm,Experiment_2
2025-10-23T02:40:40.836Z,2440,6234,22880,3561,8440,28000,5413,8102,34218,4330,7730,31042,Day_1,Fair,Intermediate,5mm,Experiment_2
2025-10-23T02:40:40.876Z,2441,6236,22871,3559,8443,27990,5423,8110,34227,4341,7733,31048,Day_1,Fair,Intermediate,5mm,Experiment_2
2025-10-23T02:40:40.916Z,2438,6243,22863,3555,8451,27982,5442,8119,34240,4352,7741,31053,Day_1,Fair,Intermediate,5mm,Experiment_2
2025-10-23T02:40:40.956Z,2432,6243,22859,3550,8451,27978,5453,8123,34244,4356,7746,31053,Day_1,Fair,Intermediate,5mm,Experiment_2
2025-10-23T02:40:40.996Z,2428,6238,22855,3548,8447,27973,5445,8119,34248,4350,7745,31054,Day_1,Fair,Intermediate,5mm,Experiment_2
2025-10-23T02:40:41.036Z,2427,6238,22851,3549,8449,27967,5433,8115,34257,4342,7742,31061,Day_1,Fair,Intermediate,5mm,Experiment_2
2025-10-23T02:40:41.076Z,2430,6241,22851,3553,8454,27969,5432,8115,34259,4341,7738,31061,Day_1,Fair,Intermediate,5mm,Experiment_2
2025-10-23T02:40:41.116Z,2436,6238,22856,3557,8451,27978,5430,8116,34248,4343,7735,31050,Day_1,Fair,Intermediate,5mm,Experiment_2
2025-10-23T02:40:41.156Z,2441,6240,22863,3559,8449,27984,5414,8120,34231,4340,7735,31036,Day_1,Fair,Intermediate,5mm,Experiment_2
2025-10-23T02:40:41.196Z,2441,6251,22867,3561,8455,27983,5392,8129,34217,4331,7740,31028,Day_1,Fair,Intermediate,5mm,Experiment_2
2025-10-23T02:40:41.236Z,2441,6262,22871,3562,8463,27984,5377,8137,34216,4322,7742,31029,Day_1,Fair,Intermediate,5mm,Experiment_2
2025-10-23T02:40:41.276Z,2443,6265,22880,3564,8463,27993,5376,8128,34236,4317,7736,31037,Day_1,Fair,Intermediate,5mm,Experiment_2
2025-10-23T02:40:41.316Z,2442,6259,22892,3563,8455,28005,5392,8108,34266,4322,7729,31047,Day_1,Fair,Intermediate,5mm,Experiment_2
2025-10-23T02:40:41.356Z,2436,6248,22899,3558,8444,28010,5417,8103,34282,4333,7729,31050,Day_1,Fair,Intermediate,5mm,Experiment_2
2025-10-23T02:40:41.396Z,2427,6237,22896,3551,8439,28004,5433,8116,34273,4341,7735,31049,Day_1,Fair,Intermediate,5mm,Experiment_2
2025-10-23T02:40:41.436Z,2420,6233,22883,3547,8439,27988,5427,8119,34250,4337,7735,31047,Day_1,Fair,Intermediate,5mm,Experiment_2
2025-10-23T02:40:41.476Z,2419,6236,22869,3548,8444,27975,5414,8106,34224,4326,7732,31044,Day_1,Fair,Intermediate,5mm,Experiment_2
2025-10-23T02:40:41.516Z,2422,6243,22862,3549,8449,27973,5411,8099,34207,4320,7733,31039,Day_1,Fair,Intermediate,5mm,Experiment_2
2025-10-23T02:40:41.556Z,2425,6247,22859,3549,8450,27976,5411,8106,34214,4321,7741,31040,Day_1,Fair,Intermediate,5mm,Experiment_2
2025-10-23T02:40:41.596Z,2429,6246,22859,3550,8448,27976,5399,8118,34242,4320,7750,31047,Day_1,Fair,Intermediate,5mm,Experiment_2
2025-10-23T02:40:41.636Z,2433,6247,22863,3550,8447,27977,5382,8128,34270,4319,7757,31053,Day_1,Fair,Intermediate,5mm,Experiment_2
2025-10-23T02:40:41.676Z,2430,6251,22867,3546,8450,27980,5374,8132,34280,4321,7759,31054,Day_1,Fair,Intermediate,5mm,Experiment_2
2025-10-23T02:40:41.716Z,2425,6256,22865,3540,8455,27980,5373,8128,34276,4323,7754,31052,Day_1,Fair,Intermediate,5mm,Experiment_2
2025-10-23T02:40:41.756Z,2420,6259,22861,3537,8459,27979,5375,8123,34266,4324,7750,31047,Day_1,Fair,Intermediate,5mm,Experiment_2
2025-10-23T02:40:41.796Z,2419,6260,22864,3539,8463,27983,5379,8127,34252,4325,7750,31044,Day_1,Fair,Intermediate,5mm,Experiment_2
2025-10-23T02:40:41.836Z,2425,6262,22874,3546,8466,27995,5381,8140,34240,4326,7759,31045,Day_1,Fair,Intermediate,5mm,Experiment_2
2025-10-23T02:40:41.876Z,2438,6263,22885,3559,8467,28007,5380,8154,34234,4327,7773,31049,Day_1,Fair,Intermediate,5mm,Experiment_2
2025-10-23T02:40:41.916Z,2451,6260,22890,3570,8466,28014,5377,8151,34230,4323,7785,31049,Day_1,Fair,Intermediate,5mm,Experiment_2
2025-10-23T02:40:41.956Z,2454,6256,22887,3573,8463,28013,5372,8132,34231,4319,7786,31048,Day_1,Fair,Intermediate,5mm,Experiment_2
2025-10-23T02:40:41.996Z,2447,6254,22880,3565,8462,28007,5373,8117,34245,4320,7772,31051,Day_1,Fair,Intermediate,5mm,Experiment_2
2025-10-23T02:40:42.036Z,2434,6252,22874,3553,8460,27999,5388,8109,34269,4325,7751,31058,Day_1,Fair,Intermediate,5mm,Experiment_2
2025-10-23T02:40:42.076Z,2423,6245,22869,3545,8454,27992,5407,8100,34297,4333,7730,31068,Day_1,Fair,Intermediate,5mm,Experiment_2
2025-10-23T02:40:42.116Z,2421,6236,22863,3546,8443,27985,5418,8090,34317,4340,7716,31076,Day_1,Fair,Intermediate,5mm,Experiment_2
2025-10-23T02:40:42.156Z,2427,6230,22860,3554,8436,27981,5421,8090,34317,4344,7713,31072,Day_1,Fair,Intermediate,5mm,Experiment_2
2025-10-23T02:40:42.196Z,2435,6230,22863,3559,8437,27980,5423,8105,34289,4345,7721,31055,Day_1,Fair,Intermediate,5mm,Experiment_2
2025-10-23T02:40:42.236Z,2438,6229,22868,3558,8437,27981,5423,8137,34250,4343,7736,31037,Day_1,Fair,Intermediate,5mm,Experiment_2
2025-10-23T02:40:42.276Z,2433,6229,22870,3551,8436,27981,5413,8165,34222,4338,7749,31031,Day_1,Fair,Intermediate,5mm,Experiment_2
2025-10-23T02:40:42.316Z,2424,6230,22868,3545,8438,27980,5401,8168,34208,4333,7752,31033,Day_1,Fair,Intermediate,5mm,Experiment_2
2025-10-23T02:40:42.356Z,2421,6231,22867,3544,8439,27982,5395,8149,34203,4329,7744,31033,Day_1,Fair,Intermediate,5mm,Experiment_2
2025-10-23T02:40:42.396Z,2420,6229,22872,3543,8438,27989,5395,8127,34211,4326,7735,31036,Day_1,Fair,Intermediate,5mm,Experiment_2
2025-10-23T02:40:42.436Z,2417,6230,22890,3541,8440,28004,5395,8109,34240,4322,7729,31048,Day_1,Fair,Intermediate,5mm,Experiment_2
2025-10-23T02:40:42.476Z,2414,6238,22911,3537,8449,28019,5388,8090,34273,4314,7725,31064,Day_1,Fair,Intermediate,5mm,Experiment_2
2025-10-23T02:40:42.516Z,2414,6249,22916,3537,8460,28024,5378,8077,34291,4309,7724,31074,Day_1,Fair,Intermediate,5mm,Experiment_2
2025-10-23T02:40:42.556Z,2419,6258,22900,3540,8467,28011,5381,8084,34294,4313,7730,31078,Day_1,Fair,Intermediate,5mm,Experiment_2
2025-10-23T02:40:42.596Z,2423,6260,22877,3542,8469,27990,5398,8101,34295,4322,7736,31076,Day_1,Fair,Intermediate,5mm,Experiment_2
2025-10-23T02:40:42.636Z,2423,6260,22863,3540,8469,27976,5412,8114,34294,4328,7739,31073,Day_1,Fair,Intermediate,5mm,Experiment_2
2025-10-23T02:40:42.676Z,2423,6262,22862,3541,8469,27975,5417,8121,34287,4330,7740,31068,Day_1,Fair,Intermediate,5mm,Experiment_2
2025-10-23T02:40:42.716Z,2431,6258,22864,3550,8463,27979,5415,8119,34273,4329,7740,31064,Day_1,Fair,Intermediate,5mm,Experiment_2
2025-10-23T02:40:42.756Z,2440,6248,22861,3561,8453,27979,5408,8115,34257,4328,7736,31059,Day_1,Fair,Intermediate,5mm,Experiment_2
2025-10-23T02:40:42.796Z,2440,6242,22857,3562,8449,27975,5404,8118,34244,4329,7733,31053,Day_1,Fair,Intermediate,5mm,Experiment_2
2025-10-23T02:40:42.836Z,2432,6250,22858,3553,8457,27972,5403,8126,34230,4332,7733,31044,Day_1,Fair,Intermediate,5mm,Experiment_2
2025-10-23T02:40:42.876Z,2424,6262,22862,3545,8470,27973,5401,8127,34215,4332,7731,31033,Day_1,Fair,Intermediate,5mm,Experiment_2
2025-10-23T02:40:42.916Z,2419,6263,22864,3541,8471,27976,5393,8109,34211,4325,7723,31027,Day_1,Fair,Intermediate,5mm,Experiment_2
2025-10-23T02:40:42.956Z,2418,6253,22863,3541,8461,27975,5381,8078,34218,4314,7711,31029,Day_1,Fair,Intermediate,5mm,Experiment_2
2025-10-23T02:40:42.996Z,2425,6241,22863,3546,8450,27973,5371,8059,34229,4309,7703,31034,Day_1,Fair,Intermediate,5mm,Experiment_2
2025-10-23T02:40:43.036Z,2436,6239,22868,3557,8448,27979,5364,8065,34237,4311,7706,31040,Day_1,Fair,Intermediate,5mm,Experiment_2
2025-10-23T02:40:43.076Z,2443,6247,22874,3566,8454,27989,5359,8092,34241,4315,7717,31045,Day_1,Fair,Intermediate,5mm,Experiment_2
2025-10-23T02:40:43.116Z,2444,6255,22875,3569,8459,27993,5357,8120,34244,4317,7730,31048,Day_1,Fair,Intermediate,5mm,Experiment_2
2025-10-23T02:40:43.156Z,2441,6256,22873,3567,8458,27989,5363,8127,34249,4319,7733,31050,Day_1,Fair,Intermediate,5mm,Experiment_2
2025-10-23T02:40:43.196Z,2438,6252,22875,3564,8453,27986,5369,8116,34253,4319,7731,31051,Day_1,Fair,Intermediate,5mm,Experiment_2
2025-10-23T02:40:43.236Z,2436,6250,22876,3560,8454,27986,5369,8113,34253,4316,7733,31050,Day_1,Fair,Intermediate,5mm,Experiment_2
2025-10-23T02:40:43.276Z,2434,6253,22873,3557,8458,27987,5373,8124,34254,4314,7741,31050,Day_1,Fair,Intermediate,5mm,Experiment_2
2025-10-23T02:40:43.316Z,2432,6254,22871,3557,8459,27991,5384,8128,34261,4320,7741,31053,Day_1,Fair,Intermediate,5mm,Experiment_2
2025-10-23T02:40:43.356Z,2433,6251,22876,3560,8453,27996,5394,8110,34274,4333,7729,31059,Day_1,Fair,Intermediate,5mm,Experiment_2
2025-10-23T02:40:43.396Z,2435,6248,22880,3564,8447,27997,5399,8088,34298,4350,7718,31068,Day_1,Fair,Intermediate,5mm,Experiment_2
2025-10-23T02:40:43.436Z,2436,6248,22880,3564,8449,27994,5396,8085,34319,4363,7720,31072,Day_1,Fair,Intermediate,5mm,Experiment_2
2025-10-23T02:40:43.476Z,2434,6248,22875,3558,8452,27988,5390,8099,34313,4366,7729,31066,Day_1,Fair,Intermediate,5mm,Experiment_2
2025-10-23T02:40:43.516Z,2429,6247,22869,3549,8453,27980,5393,8114,34289,4357,7736,31056,Day_1,Fair,Intermediate,5mm,Experiment_2
2025-10-23T02:40:43.556Z,2426,6245,22866,3543,8454,27978,5398,8124,34269,4346,7739,31053,Day_1,Fair,Intermediate,5mm,Experiment_2
2025-10-23T02:40:43.596Z,2427,6246,22867,3544,8459,27983,5396,8133,34263,4338,7745,31057,Day_1,Fair,Intermediate,5mm,Experiment_2
2025-10-23T02:40:43.636Z,2432,6251,22869,3551,8466,27987,5395,8139,34267,4337,7750,31064,Day_1,Fair,Intermediate,5mm,Experiment_2
2025-10-23T02:40:43.676Z,2439,6259,22868,3558,8469,27984,5405,8142,34275,4340,7753,31067,Day_1,Fair,Intermediate,5mm,Experiment_2
2025-10-23T02:40:43.716Z,2446,6267,22865,3564,8472,27980,5419,8142,34269,4345,7754,31061,Day_1,Fair,Intermediate,5mm,Experiment_2
2025-10-23T02:40:43.756Z,2448,6269,22870,3567,8473,27982,5426,8136,34248,4345,7750,31047,Day_1,Fair,Intermediate,5mm,Experiment_2
2025-10-23T02:40:43.796Z,2442,6263,22878,3563,8469,27987,5417,8121,34228,4341,7739,31037,Day_1,Fair,Intermediate,5mm,Experiment_2
2025-10-23T02:40:43.836Z,2432,6253,22882,3553,8462,27988,5392,8109,34222,4330,7731,31035,Day_1,Fair,Intermediate,5mm,Experiment_2
2025-10-23T02:40:43.876Z,2426,6247,22879,3547,8457,27983,5371,8118,34221,4320,7738,31036,Day_1,Fair,Intermediate,5mm,Experiment_2
2025-10-23T02:40:43.916Z,2428,6241,22871,3548,8451,27977,5373,8134,34220,4322,7749,31034,Day_1,Fair,Intermediate,5mm,Experiment_2
2025-10-23T02:40:43.956Z,2430,6236,22868,3552,8446,27978,5389,8138,34227,4331,7749,31030,Day_1,Fair,Intermediate,5mm,Experiment_2
2025-10-23T02:40:43.996Z,2430,6234,22871,3552,8443,27985,5400,8134,34244,4337,7742,31032,Day_1,Fair,Intermediate,5mm,Experiment_2
2025-10-23T02:40:44.036Z,2428,6236,22875,3552,8445,27988,5403,8135,34255,4336,7738,31041,Day_1,Fair,Intermediate,5mm,Experiment_2
2025-10-23T02:40:44.076Z,2430,6238,22877,3556,8449,27986,5409,8135,34243,4335,7740,31046,Day_1,Fair,Intermediate,5mm,Experiment_2
2025-10-23T02:40:44.116Z,2436,6239,22882,3563,8450,27987,5425,8134,34219,4338,7744,31045,Day_1,Fair,Intermediate,5mm,Experiment_2
2025-10-23T02:40:44.156Z,2446,6243,22894,3569,8451,27996,5438,8136,34204,4343,7746,31043,Day_1,Fair,Intermediate,5mm,Experiment_2
2025-10-23T02:40:44.196Z,2455,6252,22904,3574,8456,28005,5431,8146,34205,4339,7749,31041,Day_1,Fair,Intermediate,5mm,Experiment_2
2025-10-23T02:40:44.236Z,2458,6261,22902,3575,8465,28007,5405,8157,34215,4329,7753,31043,Day_1,Fair,Intermediate,5mm,Experiment_2
2025-10-23T02:40:44.276Z,2452,6267,22894,3571,8470,28004,5381,8155,34234,4320,7755,31049,Day_1,Fair,Intermediate,5mm,Experiment_2
2025-10-23T02:40:44.316Z,2443,6263,22886,3564,8466,28002,5372,8135,34252,4319,7751,31054,Day_1,Fair,Intermediate,5mm,Experiment_2
2025-10-23T02:40:44.356Z,2436,6254,22880,3559,8459,27999,5378,8112,34256,4322,7743,31053,Day_1,Fair,Intermediate,5mm,Experiment_2
2025-10-23T02:40:44.396Z,2434,6248,22877,3558,8457,27994,5389,8102,34248,4326,7736,31051,Day_1,Fair,Intermediate,5mm,Experiment_2
2025-10-23T02:40:44.436Z,2437,6248,22879,3558,8460,27992,5396,8102,34239,4329,7731,31049,Day_1,Fair,Intermediate,5mm,Experiment_2
2025-10-23T02:40:44.476Z,2439,6251,22884,3556,8464,27992,5401,8104,34234,4333,7732,31047,Day_1,Fair,Intermediate,5mm,Experiment_2
2025-10-23T02:40:44.516Z,2438,6254,22884,3552,8465,27991,5403,8107,34238,4337,7735,31047,Day_1,Fair,Intermediate,5mm,Experiment_2
2025-10-23T02:40:44.556Z,2435,6257,22882,3549,8465,27991,5401,8116,34252,4336,7737,31053,Day_1,Fair,Intermediate,5mm,Experiment_2
2025-10-23T02:40:44.596Z,2431,6260,22886,3549,8465,27995,5399,8137,34266,4334,7741,31062,Day_1,Fair,Intermediate,5mm,Experiment_2
2025-10-23T02:40:44.636Z,2430,6261,22893,3552,8466,28002,5400,8159,34268,4334,7747,31066,Day_1,Fair,Intermediate,5mm,Experiment_2
2025-10-23T02:40:44.676Z,2432,6260,22895,3558,8467,28006,5400,8169,34258,4336,7752,31060,Day_1,Fair,Intermediate,5mm,Experiment_2
2025-10-23T02:40:44.716Z,2437,6254,22890,3562,8465,28006,5396,8164,34249,4335,7754,31051,Day_1,Fair,Intermediate,5mm,Experiment_2
2025-10-23T02:40:44.756Z,2442,6242,22886,3563,8455,28005,5396,8150,34235,4332,7751,31042,Day_1,Fair,Intermediate,5mm,Experiment_2
2025-10-23T02:40:44.797Z,2442,6231,22886,3556,8445,28001,5405,8140,34212,4332,7745,31034,Day_1,Fair,Intermediate,5mm,Experiment_2
2025-10-23T02:40:44.837Z,2434,6234,22887,3543,8446,27996,5412,8139,34196,4333,7743,31029,Day_1,Fair,Intermediate,5mm,Experiment_2
2025-10-23T02:40:44.877Z,2426,6246,22886,3534,8455,27992,5407,8141,34203,4331,7742,31033,Day_1,Fair,Intermediate,5mm,Experiment_2
2025-10-23T02:40:44.917Z,2425,6255,22888,3537,8461,27994,5401,8142,34218,4330,7741,31040,Day_1,Fair,Intermediate,5mm,Experiment_2
2025-10-23T02:40:44.957Z,2429,6255,22888,3546,8460,27995,5402,8138,34220,4329,7739,31039,Day_1,Fair,Intermediate,5mm,Experiment_2
2025-10-23T02:40:44.997Z,2430,6249,22882,3551,8456,27988,5400,8125,34217,4323,7736,31035,Day_1,Fair,Intermediate,5mm,Experiment_2
2025-10-23T02:40:45.037Z,2432,6238,22867,3553,8448,27977,5387,8107,34230,4316,7736,31038,Day_1,Fair,Intermediate,5mm,Experiment_2
2025-10-23T02:40:45.077Z,2440,6225,22857,3557,8438,27974,5373,8097,34252,4314,7739,31044,Day_1,Fair,Intermediate,5mm,Experiment_2
2025-10-23T02:40:45.117Z,2444,6222,22859,3560,8434,27979,5373,8104,34268,4318,7747,31045,Day_1,Fair,Intermediate,5mm,Experiment_2
2025-10-23T02:40:45.157Z,2440,6234,22863,3558,8442,27982,5383,8119,34276,4322,7753,31046,Day_1,Fair,Intermediate,5mm,Experiment_2
2025-10-23T02:40:45.197Z,2435,6249,22864,3556,8456,27980,5394,8128,34266,4323,7752,31043,Day_1,Fair,Intermediate,5mm,Experiment_2
2025-10-23T02:40:45.237Z,2431,6257,22865,3557,8463,27981,5400,8134,34230,4322,7748,31032,Day_1,Fair,Intermediate,5mm,Experiment_2
2025-10-23T02:40:45.277Z,2432,6256,22872,3559,8464,27990,5402,8139,34195,4322,7746,31019,Day_1,Fair,Intermediate,5mm,Experiment_2
2025-10-23T02:40:45.317Z,2434,6250,22886,3561,8460,28002,5402,8142,34188,4324,7747,31017,Day_1,Fair,Intermediate,5mm,Experiment_2
2025-10-23T02:40:45.357Z,2435,6240,22894,3559,8454,28008,5395,8143,34199,4326,7749,31025,Day_1,Fair,Intermediate,5mm,Experiment_2
2025-10-23T02:40:45.397Z,2436,6235,22893,3556,8451,28006,5385,8143,34219,4327,7752,31038,Day_1,Fair,Intermediate,5mm,Experiment_2
2025-10-23T02:40:45.437Z,2439,6235,22891,3557,8449,28002,5382,8141,34240,4328,7753,31053,Day_1,Fair,Intermediate,5mm,Experiment_2
2025-10-23T02:40:45.477Z,2440,6240,22894,3559,8449,28000,5383,8138,34253,4326,7753,31061,Day_1,Fair,Intermediate,5mm,Experiment_2
2025-10-23T02:40:45.517Z,2439,6244,22892,3561,8450,27997,5386,8140,34252,4322,7754,31059,Day_1,Fair,Intermediate,5mm,Experiment_2
2025-10-23T02:40:45.557Z,2438,6246,22888,3562,8455,27995,5397,8146,34237,4323,7756,31050,Day_1,Fair,Intermediate,5mm,Experiment_2
2025-10-23T02:40:45.597Z,2439,6248,22884,3561,8460,27996,5416,8150,34216,4330,7756,31039,Day_1,Fair,Intermediate,5mm,Experiment_2
2025-10-23T02:40:45.637Z,2440,6248,22881,3560,8457,27996,5431,8144,34198,4336,7750,31026,Day_1,Fair,Intermediate,5mm,Experiment_2
2025-10-23T02:40:45.677Z,2438,6241,22882,3556,8446,27998,5430,8138,34191,4338,7741,31015,Day_1,Fair,Intermediate,5mm,Experiment_2
2025-10-23T02:40:45.717Z,2434,6231,22882,3552,8433,27999,5421,8144,34196,4338,7741,31015,Day_1,Fair,Intermediate,5mm,Experiment_2
2025-10-23T02:40:45.757Z,2435,6225,22876,3554,8429,27994,5419,8156,34215,4340,7747,31029,Day_1,Fair,Intermediate,5mm,Experiment_2
2025-10-23T02:40:45.797Z,2439,6228,22872,3559,8434,27989,5418,8158,34239,4340,7750,31048,Day_1,Fair,Intermediate,5mm,Experiment_2
2025-10-23T02:40:45.837Z,2438,6236,22878,3558,8445,27996,5400,8146,34255,4334,7743,31060,Day_1,Fair,Intermediate,5mm,Experiment_2
2025-10-23T02:40:45.877Z,2434,6248,22891,3555,8458,28009,5373,8130,34255,4325,7734,31060,Day_1,Fair,Intermediate,5mm,Experiment_2
2025-10-23T02:40:45.917Z,2436,6254,22901,3558,8466,28019,5363,8125,34244,4322,7732,31051,Day_1,Fair,Intermediate,5mm,Experiment_2
2025-10-23T02:40:45.957Z,2441,6252,22906,3561,8465,28022,5381,8136,34236,4329,7740,31045,Day_1,Fair,Intermediate,5mm,Experiment_2
2025-10-23T02:40:45.997Z,2442,6247,22906,3560,8458,28021,5404,8155,34243,4338,7753,31048,Day_1,Fair,Intermediate,5mm,Experiment_2
2025-10-23T02:40:46.037Z,2439,6247,22900,3556,8456,28014,5415,8175,34254,4342,7762,31053,Day_1,Fair,Intermediate,5mm,Experiment_2
2025-10-23T02:40:46.077Z,2435,6254,22889,3554,8461,28001,5415,8181,34246,4342,7763,31048,Day_1,Fair,Intermediate,5mm,Experiment_2
2025-10-23T02:40:46.117Z,2430,6261,22883,3549,8465,27993,5417,8170,34223,4340,7761,31034,Day_1,Fair,Intermediate,5mm,Experiment_2
2025-10-23T02:40:46.157Z,2420,6261,22886,3541,8463,27993,5426,8160,34212,4339,7760,31027,Day_1,Fair,Intermediate,5mm,Experiment_2
2025-10-23T02:40:46.197Z,2415,6253,22888,3537,8454,27993,5444,8159,34218,4342,7761,31029,Day_1,Fair,Intermediate,5mm,Experiment_2
2025-10-23T02:40:46.237Z,2417,6244,22880,3538,8448,27985,5464,8156,34229,4351,7757,31032,Day_1,Fair,Intermediate,5mm,Experiment_2
2025-10-23T02:40:46.277Z,2421,6243,22867,3540,8448,27975,5469,8148,34235,4358,7751,31033,Day_1,Fair,Intermediate,5mm,Experiment_2
2025-10-23T02:40:46.317Z,2420,6245,22864,3540,8450,27974,5453,8145,34227,4356,7745,31026,Day_1,Fair,Intermediate,5mm,Experiment_2
2025-10-23T02:40:46.357Z,2418,6246,22869,3540,8451,27981,5431,8144,34207,4347,7741,31011,Day_1,Fair,Intermediate,5mm,Experiment_2
2025-10-23T02:40:46.397Z,2421,6247,22876,3546,8455,27991,5413,8135,34191,4335,7734,31001,Day_1,Fair,Intermediate,5mm,Experiment_2
2025-10-23T02:40:46.437Z,2428,6247,22886,3553,8461,28001,5398,8114,34186,4325,7725,31004,Day_1,Fair,Intermediate,5mm,Experiment_2
2025-10-23T02:40:46.477Z,2431,6245,22892,3555,8461,28002,5396,8096,34193,4324,7718,31016,Day_1,Fair,Intermediate,5mm,Experiment_2
2025-10-23T02:40:46.517Z,2431,6245,22887,3553,8458,27993,5408,8097,34208,4329,7717,31030,Day_1,Fair,Intermediate,5mm,Experiment_2
2025-10-23T02:40:46.557Z,2429,6248,22879,3550,8457,27984,5421,8108,34218,4334,7722,31037,Day_1,Fair,Intermediate,5mm,Experiment_2
2025-10-23T02:40:46.597Z,2426,6248,22882,3546,8458,27989,5427,8117,34213,4339,7727,31032,Day_1,Fair,Intermediate,5mm,Experiment_2
2025-10-23T02:40:46.637Z,2424,6246,22889,3543,8459,27999,5431,8122,34199,4345,7730,31023,Day_1,Fair,Intermediate,5mm,Experiment_2
2025-10-23T02:40:46.677Z,2425,6249,22886,3542,8466,27997,5432,8123,34193,4346,7728,31020,Day_1,Fair,Intermediate,5mm,Experiment_2
2025-10-23T02:40:46.717Z,2430,6261,22880,3545,8478,27990,5422,8123,34198,4340,7730,31025,Day_1,Fair,Intermediate,5mm,Experiment_2
2025-10-23T02:40:46.757Z,2435,6274,22881,3551,8488,27991,5400,8125,34197,4330,7737,31024,Day_1,Fair,Intermediate,5mm,Experiment_2
2025-10-23T02:40:46.797Z,2434,6276,22883,3551,8487,27995,5378,8130,34190,4323,7744,31019,Day_1,Fair,Intermediate,5mm,Experiment_2
2025-10-23T02:40:46.837Z,2428,6266,22878,3545,8476,27990,5370,8138,34193,4322,7748,31021,Day_1,Fair,Intermediate,5mm,Experiment_2
2025-10-23T02:40:46.877Z,2421,6254,22870,3540,8463,27982,5376,8141,34207,4324,7745,31029,Day_1,Fair,Intermediate,5mm,Experiment_2
2025-10-23T02:40:46.917Z,2420,6245,22871,3539,8454,27983,5383,8133,34216,4325,7740,31035,Day_1,Fair,Intermediate,5mm,Experiment_2
2025-10-23T02:40:46.957Z,2423,6239,22878,3542,8450,27995,5377,8124,34218,4323,7736,31039,Day_1,Fair,Intermediate,5mm,Experiment_2
2025-10-23T02:40:46.997Z,2423,6236,22885,3544,8450,28007,5359,8117,34224,4317,7735,31045,Day_1,Fair,Intermediate,5mm,Experiment_2
2025-10-23T02:40:47.037Z,2425,6239,22893,3546,8455,28018,5345,8109,34230,4312,7736,31048,Day_1,Fair,Intermediate,5mm,Experiment_2
2025-10-23T02:40:47.077Z,2438,6248,22903,3556,8463,28026,5345,8106,34233,4311,7739,31048,Day_1,Fair,Intermediate,5mm,Experiment_2
2025-10-23T02:40:47.117Z,2461,6257,22909,3575,8469,28029,5360,8113,34236,4314,7743,31045,Day_1,Fair,Intermediate,5mm,Experiment_2
2025-10-23T02:40:47.157Z,2476,6257,22904,3590,8468,28022,5382,8129,34246,4321,7746,31045,Day_1,Fair,Intermediate,5mm,Experiment_2
2025-10-23T02:40:47.197Z,2473,6248,22893,3590,8457,28010,5405,8132,34263,4329,7744,31048,Day_1,Fair,Intermediate,5mm,Experiment_2
2025-10-23T02:40:47.237Z,2459,6234,22884,3579,8443,28003,5418,8112,34275,4332,7732,31053,Day_1,Fair,Intermediate,5mm,Experiment_2
2025-10-23T02:40:47.277Z,2444,6226,22880,3567,8434,28000,5419,8095,34277,4332,7722,31055,Day_1,Fair,Intermediate,5mm,Experiment_2
2025-10-23T02:40:47.317Z,2436,6224,22874,3559,8432,27995,5412,8103,34277,4334,7725,31058,Day_1,Fair,Intermediate,5mm,Experiment_2
2025-10-23T02:40:47.357Z,2433,6223,22866,3555,8432,27986,5399,8125,34274,4335,7734,31060,Day_1,Fair,Intermediate,5mm,Experiment_2
2025-10-23T02:40:47.397Z,2436,6225,22859,3557,8435,27977,5390,8138,34259,4333,7740,31060,Day_1,Fair,Intermediate,5mm,Experiment_2
2025-10-23T02:40:47.437Z,2442,6226,22856,3561,8439,27974,5393,8142,34247,4334,7744,31056,Day_1,Fair,Intermediate,5mm,Experiment_2
2025-10-23T02:40:47.477Z,2445,6224,22855,3560,8443,27976,5402,8143,34262,4336,7749,31058,Day_1,Fair,Intermediate,5mm,Experiment_2
2025-10-23T02:40:47.517Z,2446,6222,22857,3558,8445,27980,5406,8139,34293,4334,7752,31068,Day_1,Fair,Intermediate,5mm,Experiment_2
2025-10-23T02:40:47.557Z,2450,6226,22861,3561,8448,27987,5401,8130,34309,4328,7751,31073,Day_1,Fair,Intermediate,5mm,Experiment_2
2025-10-23T02:40:47.597Z,2452,6235,22866,3567,8452,27993,5394,8119,34295,4325,7747,31065,Day_1,Fair,Intermediate,5mm,Experiment_2
2025-10-23T02:40:47.637Z,2452,6239,22875,3569,8451,28001,5399,8111,34262,4330,7747,31047,Day_1,Fair,Intermediate,5mm,Experiment_2
2025-10-23T02:40:47.677Z,2452,6235,22887,3568,8444,28011,5413,8112,34231,4339,7750,31031,Day_1,Fair,Intermediate,5mm,Experiment_2
2025-10-23T02:40:47.717Z,2448,6233,22896,3563,8442,28019,5415,8119,34218,4341,7751,31023,Day_1,Fair,Intermediate,5mm,Experiment_2
2025-10-23T02:40:47.757Z,2437,6239,22898,3553,8448,28022,5405,8134,34222,4335,7751,31025,Day_1,Fair,Intermediate,5mm,Experiment_2
2025-10-23T02:40:47.797Z,2425,6245,22893,3544,8454,28018,5402,8150,34227,4331,7753,31030,Day_1,Fair,Intermediate,5mm,Experiment_2
2025-10-23T02:40:47.837Z,2419,6248,22885,3542,8456,28012,5412,8155,34225,4333,7756,31033,Day_1,Fair,Intermediate,5mm,Experiment_2
2025-10-23T02:40:47.877Z,2419,6247,22881,3544,8456,28005,5421,8146,34228,4338,7754,31039,Day_1,Fair,Intermediate,5mm,Experiment_2
2025-10-23T02:40:47.917Z,2420,6241,22883,3544,8451,28001,5421,8131,34233,4344,7749,31044,Day_1,Fair,Intermediate,5mm,Experiment_2
2025-10-23T02:40:47.957Z,2416,6231,22888,3539,8441,28000,5412,8120,34221,4347,7742,31038,Day_1,Fair,Intermediate,5mm,Experiment_2
2025-10-23T02:40:47.997Z,2411,6228,22887,3533,8438,27998,5401,8117,34195,4347,7738,31023,Day_1,Fair,Intermediate,5mm,Experiment_2
2025-10-23T02:40:48.037Z,2411,6237,22881,3534,8446,27992,5399,8121,34176,4348,7741,31014,Day_1,Fair,Intermediate,5mm,Experiment_2
2025-10-23T02:40:48.077Z,2418,6250,22877,3541,8457,27990,5408,8122,34175,4350,7743,31016,Day_1,Fair,Intermediate,5mm,Experiment_2
2025-10-23T02:40:48.117Z,2427,6257,22885,3549,8463,27999,5420,8119,34188,4349,7739,31019,Day_1,Fair,Intermediate,5mm,Experiment_2
2025-10-23T02:40:48.157Z,2432,6258,22900,3553,8465,28014,5421,8121,34207,4342,7735,31021,Day_1,Fair,Intermediate,5mm,Experiment_2
2025-10-23T02:40:48.197Z,2430,6259,22911,3551,8468,28024,5414,8127,34224,4334,7737,31027,Day_1,Fair,Intermediate,5mm,Experiment_2
2025-10-23T02:40:48.237Z,2426,6260,22910,3550,8468,28023,5404,8125,34230,4327,7740,31035,Day_1,Fair,Intermediate,5mm,Experiment_2
2025-10-23T02:40:48.277Z,2425,6252,22902,3550,8458,28017,5396,8124,34231,4327,7745,31038,Day_1,Fair,Intermediate,5mm,Experiment_2
2025-10-23T02:40:48.317Z,2425,6240,22896,3548,8447,28012,5393,8131,34235,4331,7752,31038,Day_1,Fair,Intermediate,5mm,Experiment_2
2025-10-23T02:40:48.357Z,2423,6238,22889,3544,8447,28007,5397,8135,34240,4336,7754,31039,Day_1,Fair,Intermediate,5mm,Experiment_2
2025-10-23T02:40:48.397Z,2422,6245,22879,3543,8455,28000,5407,8125,34237,4342,7746,31040,Day_1,Fair,Intermediate,5mm,Experiment_2
2025-10-23T02:40:48.437Z,2422,6251,22869,3545,8463,27993,5413,8108,34238,4348,7733,31046,Day_1,Fair,Intermediate,5mm,Experiment_2
2025-10-23T02:40:48.477Z,2424,6251,22863,3547,8465,27989,5413,8093,34252,4349,7722,31055,Day_1,Fair,Intermediate,5mm,Experiment_2
2025-10-23T02:40:48.517Z,2430,6248,22863,3549,8459,27987,5409,8082,34266,4343,7712,31059,Day_1,Fair,Intermediate,5mm,Experiment_2
2025-10-23T02:40:48.557Z,2440,6248,22870,3556,8453,27990,5407,8083,34269,4334,7710,31054,Day_1,Fair,Intermediate,5mm,Experiment_2
2025-10-23T02:40:48.597Z,2447,6250,22879,3563,8452,27995,5403,8097,34269,4325,7719,31049,Day_1,Fair,Intermediate,5mm,Experiment_2
2025-10-23T02:40:48.637Z,2446,6251,22881,3565,8453,27998,5393,8115,34272,4319,7728,31052,Day_1,Fair,Intermediate,5mm,Experiment_2
2025-10-23T02:40:48.677Z,2441,6251,22877,3564,8455,27998,5385,8134,34273,4319,7733,31056,Day_1,Fair,Intermediate,5mm,Experiment_2
2025-10-23T02:40:48.717Z,2437,6251,22877,3563,8457,28000,5389,8150,34263,4328,7736,31053,Day_1,Fair,Intermediate,5mm,Experiment_2
2025-10-23T02:40:48.757Z,2440,6251,22885,3567,8461,28005,5397,8155,34254,4337,7742,31051,Day_1,Fair,Intermediate,5mm,Experiment_2
2025-10-23T02:40:48.797Z,2446,6254,22892,3572,8469,28008,5402,8157,34257,4341,7752,31058,Day_1,Fair,Intermediate,5mm,Experiment_2
2025-10-23T02:40:48.837Z,2452,6261,22893,3577,8478,28008,5401,8162,34273,4338,7761,31070,Day_1,Fair,Intermediate,5mm,Experiment_2
2025-10-23T02:40:48.877Z,2454,6266,22889,3577,8481,28002,5396,8159,34284,4336,7758,31075,Day_1,Fair,Intermediate,5mm,Experiment_2
2025-10-23T02:40:48.917Z,2452,6261,22882,3574,8475,27991,5387,8144,34271,4332,7747,31066,Day_1,Fair,Intermediate,5mm,Experiment_2
2025-10-23T02:40:48.957Z,2440,6254,22875,3566,8469,27982,5377,8128,34241,4326,7738,31052,Day_1,Fair,Intermediate,5mm,Experiment_2
2025-10-23T02:40:48.997Z,2427,6256,22876,3555,8470,27984,5374,8124,34214,4322,7739,31045,Day_1,Fair,Intermediate,5mm,Experiment_2
2025-10-23T02:40:49.037Z,2420,6262,22881,3549,8473,27993,5381,8131,34207,4322,7745,31048,Day_1,Fair,Intermediate,5mm,Experiment_2
2025-10-23T02:40:49.077Z,2422,6262,22879,3551,8473,27997,5386,8140,34224,4322,7749,31058,Day_1,Fair,Intermediate,5mm,Experiment_2
2025-10-23T02:40:49.117Z,2427,6257,22871,3554,8468,27994,5381,8146,34248,4322,7748,31067,Day_1,Fair,Intermediate,5mm,Experiment_2
2025-10-23T02:40:49.157Z,2429,6249,22866,3550,8461,27989,5369,8149,34259,4321,7747,31068,Day_1,Fair,Intermediate,5mm,Experiment_2
2025-10-23T02:40:49.197Z,2425,6242,22867,3543,8455,27984,5358,8146,34249,4317,7751,31062,Day_1,Fair,Intermediate,5mm,Experiment_2
2025-10-23T02:40:49.237Z,2425,6237,22870,3543,8447,27981,5355,8142,34230,4312,7755,31051,Day_1,Fair,Intermediate,5mm,Experiment_2
2025-10-23T02:40:49.277Z,2431,6235,22871,3553,8443,27979,5364,8137,34213,4312,7757,31041,Day_1,Fair,Intermediate,5mm,Experiment_2
2025-10-23T02:40:49.317Z,2438,6240,22870,3563,8447,27979,5378,8128,34211,4320,7752,31039,Day_1,Fair,Intermediate,5mm,Experiment_2
2025-10-23T02:40:49.357Z,2441,6248,22873,3564,8455,27984,5392,8119,34226,4330,7746,31045,Day_1,Fair,Intermediate,5mm,Experiment_2
2025-10-23T02:40:49.397Z,2442,6253,22884,3561,8462,27992,5406,8116,34243,4336,7743,31051,Day_1,Fair,Intermediate,5mm,Experiment_2
2025-10-23T02:40:49.437Z,2445,6258,22894,3561,8468,27999,5414,8120,34248,4335,7741,31050,Day_1,Fair,Intermediate,5mm,Experiment_2
2025-10-23T02:40:49.477Z,2445,6264,22898,3562,8474,28001,5412,8125,34239,4334,7740,31046,Day_1,Fair,Intermediate,5mm,Experiment_2
2025-10-23T02:40:49.517Z,2441,6266,22895,3561,8475,28002,5406,8134,34232,4335,7740,31047,Day_1,Fair,Intermediate,5mm,Experiment_2
2025-10-23T02:40:49.557Z,2436,6262,22892,3558,8470,28003,5396,8145,34236,4335,7743,31054,Day_1,Fair,Intermediate,5mm,Experiment_2
2025-10-23T02:40:49.597Z,2435,6252,22889,3556,8461,28004,5389,8145,34246,4331,7748,31063,Day_1,Fair,Intermediate,5mm,Experiment_2
2025-10-23T02:40:49.637Z,2433,6242,22883,3554,8454,28002,5389,8129,34253,4327,7748,31066,Day_1,Fair,Intermediate,5mm,Experiment_2
2025-10-23T02:40:49.677Z,2428,6237,22876,3548,8451,27999,5392,8107,34256,4325,7740,31063,Day_1,Fair,Intermediate,5mm,Experiment_2
2025-10-23T02:40:49.717Z,2424,6235,22870,3544,8448,27998,5391,8100,34266,4324,7733,31061,Day_1,Fair,Intermediate,5mm,Experiment_2
2025-10-23T02:40:49.757Z,2427,6234,22871,3545,8442,28001,5393,8107,34292,4327,7731,31063,Day_1,Fair,Intermediate,5mm,Experiment_2
2025-10-23T02:40:49.797Z,2429,6236,22876,3548,8439,28003,5401,8110,34316,4331,7730,31063,Day_1,Fair,Intermediate,5mm,Experiment_2
2025-10-23T02:40:49.837Z,2424,6234,22883,3545,8438,28001,5413,8099,34312,4337,7723,31062,Day_1,Fair,Intermediate,5mm,Experiment_2
2025-10-23T02:40:49.877Z,2422,6229,22895,3541,8437,28003,5418,8084,34292,4339,7714,31060,Day_1,Fair,Intermediate,5mm,Experiment_2
2025-10-23T02:40:49.917Z,2430,6231,22906,3546,8442,28011,5402,8078,34280,4331,7710,31061,Day_1,Fair,Intermediate,5mm,Experiment_2
2025-10-23T02:40:49.957Z,2443,6243,22904,3559,8458,28014,5374,8084,34278,4316,7713,31063,Day_1,Fair,Intermediate,5mm,Experiment_2
2025-10-23T02:40:49.997Z,2449,6261,22892,3568,8477,28013,5349,8097,34277,4304,7719,31061,Day_1,Fair,Intermediate,5mm,Experiment_2
2025-10-23T02:40:50.037Z,2444,6274,22881,3568,8488,28010,5338,8114,34272,4299,7724,31053,Day_1,Fair,Intermediate,5mm,Experiment_2
2025-10-23T02:40:50.077Z,2439,6273,22875,3565,8486,28004,5345,8131,34263,4304,7731,31044,Day_1,Fair,Intermediate,5mm,Experiment_2
2025-10-23T02:40:50.117Z,2439,6262,22868,3565,8472,27992,5371,8152,34250,4319,7741,31036,Day_1,Fair,Intermediate,5mm,Experiment_2
2025-10-23T02:40:50.157Z,2442,6252,22865,3563,8451,27982,5402,8170,34235,4334,7750,31031,Day_1,Fair,Intermediate,5mm,Experiment_2
2025-10-23T02:40:50.197Z,2446,6255,22868,3561,8435,27979,5420,8166,34227,4341,7750,31030,Day_1,Fair,Intermediate,5mm,Experiment_2
2025-10-23T02:40:50.237Z,2448,6259,22872,3560,8429,27977,5429,8139,34232,4346,7743,31034,Day_1,Fair,Intermediate,5mm,Experiment_2
2025-10-23T02:40:50.277Z,2441,6252,22871,3556,8431,27972,5435,8113,34240,4350,7736,31034,Day_1,Fair,Intermediate,5mm,Experiment_2
2025-10-23T02:40:50.317Z,2429,6243,22866,3548,8438,27968,5437,8102,34250,4351,7735,31034,Day_1,Fair,Intermediate,5mm,Experiment_2
2025-10-23T02:40:50.357Z,2423,6245,22863,3546,8448,27970,5434,8108,34266,4349,7741,31045,Day_1,Fair,Intermediate,5mm,Experiment_2
2025-10-23T02:40:50.397Z,2428,6249,22867,3552,8456,27977,5432,8119,34279,4348,7747,31064,Day_1,Fair,Intermediate,5mm,Experiment_2
2025-10-23T02:40:50.437Z,2436,6247,22878,3559,8457,27989,5430,8130,34279,4350,7750,31076,Day_1,Fair,Intermediate,5mm,Experiment_2
2025-10-23T02:40:50.477Z,2441,6242,22890,3559,8453,28000,5424,8138,34268,4350,7752,31072,Day_1,Fair,Intermediate,5mm,Experiment_2
2025-10-23T02:40:50.517Z,2435,6238,22898,3552,8449,28008,5408,8141,34255,4347,7755,31064,Day_1,Fair,Intermediate,5mm,Experiment_2
2025-10-23T02:40:50.557Z,2421,6238,22899,3539,8448,28009,5388,8139,34247,4342,7758,31061,Day_1,Fair,Intermediate,5mm,Experiment_2
2025-10-23T02:40:50.597Z,2409,6242,22895,3529,8450,28001,5378,8135,34244,4333,7755,31059,Day_1,Fair,Intermediate,5mm,Experiment_2
2025-10-23T02:40:50.637Z,2407,6246,22897,3525,8452,27997,5376,8123,34239,4323,7742,31054,Day_1,Fair,Intermediate,5mm,Experiment_2
2025-10-23T02:40:50.677Z,2410,6247,22907,3526,8454,28004,5380,8108,34227,4318,7727,31048,Day_1,Fair,Intermediate,5mm,Experiment_2
2025-10-23T02:40:50.717Z,2417,6251,22911,3531,8458,28013,5387,8105,34223,4323,7724,31046,Day_1,Fair,Intermediate,5mm,Experiment_2
2025-10-23T02:40:50.757Z,2429,6257,22898,3541,8463,28009,5396,8111,34240,4333,7732,31051,Day_1,Fair,Intermediate,5mm,Experiment_2
2025-10-23T02:40:50.797Z,2441,6261,22878,3555,8466,27996,5401,8117,34254,4340,7739,31053,Day_1,Fair,Intermediate,5mm,Experiment_2
2025-10-23T02:40:50.837Z,2446,6263,22865,3563,8466,27985,5398,8111,34246,4339,7737,31047,Day_1,Fair,Intermediate,5mm,Experiment_2
2025-10-23T02:40:50.877Z,2445,6264,22862,3567,8469,27983,5400,8097,34226,4336,7729,31038,Day_1,Fair,Intermediate,5mm,Experiment_2
2025-10-23T02:40:50.917Z,2439,6267,22864,3565,8474,27985,5412,8095,34222,4337,7724,31037,Day_1,Fair,Intermediate,5mm,Experiment_2
2025-10-23T02:40:50.957Z,2430,6264,22865,3557,8474,27986,5422,8109,34239,4339,7727,31047,Day_1,Fair,Intermediate,5mm,Experiment_2
2025-10-23T02:40:50.997Z,2421,6256,22872,3546,8469,27991,5421,8120,34262,4339,7728,31059,Day_1,Fair,Intermediate,5mm,Experiment_2
2025-10-23T02:40:51.037Z,2418,6250,22883,3540,8464,28002,5416,8120,34267,4335,7725,31063,Day_1,Fair,Intermediate,5mm,Experiment_2
2025-10-23T02:40:51.077Z,2421,6246,22892,3542,8460,28011,5405,8121,34252,4327,7724,31059,Day_1,Fair,Intermediate,5mm,Experiment_2
2025-10-23T02:40:51.117Z,2427,6247,22896,3549,8458,28014,5393,8132,34236,4322,7732,31055,Day_1,Fair,Intermediate,5mm,Experiment_2
2025-10-23T02:40:51.157Z,2438,6246,22895,3559,8456,28009,5390,8145,34232,4327,7745,31054,Day_1,Fair,Intermediate,5mm,Experiment_2
2025-10-23T02:40:51.197Z,2447,6240,22890,3568,8449,28000,5398,8154,34238,4336,7756,31055,Day_1,Fair,Intermediate,5mm,Experiment_2
2025-10-23T02:40:51.237Z,2450,6234,22884,3568,8441,27994,5408,8149,34244,4342,7761,31056,Day_1,Fair,Intermediate,5mm,Experiment_2
2025-10-23T02:40:51.278Z,2444,6233,22880,3559,8440,27995,5414,8125,34245,4339,7753,31056,Day_1,Fair,Intermediate,5mm,Experiment_2
2025-10-23T02:40:51.318Z,2436,6238,22880,3550,8444,27998,5414,8098,34245,4334,7739,31058,Day_1,Fair,Intermediate,5mm,Experiment_2
2025-10-23T02:40:51.358Z,2431,6245,22879,3548,8448,27997,5408,8091,34248,4330,7733,31061,Day_1,Fair,Intermediate,5mm,Experiment_2
2025-10-23T02:40:51.398Z,2432,6250,22875,3550,8451,27994,5393,8105,34260,4327,7736,31063,Day_1,Fair,Intermediate,5mm,Experiment_2
2025-10-23T02:40:51.438Z,2435,6252,22869,3551,8453,27990,5376,8118,34278,4323,7740,31065,Day_1,Fair,Intermediate,5mm,Experiment_2
2025-10-23T02:40:51.478Z,2436,6252,22867,3551,8455,27985,5361,8124,34288,4318,7741,31062,Day_1,Fair,Intermediate,5mm,Experiment_2
2025-10-23T02:40:51.518Z,2436,6253,22870,3549,8458,27984,5352,8127,34282,4318,7743,31055,Day_1,Fair,Intermediate,5mm,Experiment_2
2025-10-23T02:40:51.558Z,2434,6255,22878,3546,8461,27989,5350,8131,34270,4322,7745,31049,Day_1,Fair,Intermediate,5mm,Experiment_2
2025-10-23T02:40:51.598Z,2432,6261,22883,3544,8467,27993,5346,8132,34264,4324,7743,31050,Day_1,Fair,Intermediate,5mm,Experiment_2
2025-10-23T02:40:51.638Z,2434,6267,22884,3548,8475,27994,5340,8127,34268,4328,7739,31059,Day_1,Fair,Intermediate,5mm,Experiment_2
2025-10-23T02:40:51.678Z,2440,6267,22885,3557,8476,27995,5350,8119,34274,4335,7733,31065,Day_1,Fair,Intermediate,5mm,Experiment_2
2025-10-23T02:40:51.718Z,2444,6259,22889,3564,8469,28000,5378,8110,34267,4339,7727,31058,Day_1,Fair,Intermediate,5mm,Experiment_2
2025-10-23T02:40:51.758Z,2443,6249,22892,3564,8459,28005,5406,8102,34251,4341,7723,31043,Day_1,Fair,Intermediate,5mm,Experiment_2
2025-10-23T02:40:51.798Z,2440,6241,22887,3560,8451,28003,5423,8098,34248,4345,7722,31035,Day_1,Fair,Intermediate,5mm,Experiment_2
2025-10-23T02:40:51.838Z,2436,6237,22875,3553,8446,27998,5425,8097,34257,4344,7721,31038,Day_1,Fair,Intermediate,5mm,Experiment_2
2025-10-23T02:40:51.878Z,2433,6241,22863,3549,8449,27992,5412,8100,34253,4337,7721,31039,Day_1,Fair,Intermediate,5mm,Experiment_2
2025-10-23T02:40:51.918Z,2432,6253,22853,3549,8460,27988,5399,8107,34229,4328,7725,31029,Day_1,Fair,Intermediate,5mm,Experiment_2
2025-10-23T02:40:51.958Z,2432,6263,22849,3553,8469,27985,5389,8121,34201,4324,7737,31017,Day_1,Fair,Intermediate,5mm,Experiment_2
2025-10-23T02:40:51.998Z,2433,6260,22855,3556,8468,27985,5382,8139,34189,4324,7751,31015,Day_1,Fair,Intermediate,5mm,Experiment_2
2025-10-23T02:40:52.038Z,2434,6248,22865,3557,8460,27987,5379,8146,34204,4324,7758,31025,Day_1,Fair,Intermediate,5mm,Experiment_2
2025-10-23T02:40:52.078Z,2432,6243,22870,3555,8457,27986,5382,8147,34235,4327,7759,31041,Day_1,Fair,Intermediate,5mm,Experiment_2
2025-10-23T02:40:52.118Z,2430,6248,22872,3553,8463,27984,5389,8146,34262,4332,7759,31057,Day_1,Fair,Intermediate,5mm,Experiment_2
2025-10-23T02:40:52.158Z,2433,6255,22877,3553,8469,27989,5392,8136,34271,4331,7755,31070,Day_1,Fair,Intermediate,5mm,Experiment_2
2025-10-23T02:40:52.198Z,2438,6258,22886,3555,8470,27999,5384,8125,34265,4324,7751,31078,Day_1,Fair,Intermediate,5mm,Experiment_2
2025-10-23T02:40:52.238Z,2441,6259,22894,3555,8471,28009,5374,8127,34259,4316,7749,31086,Day_1,Fair,Intermediate,5mm,Experiment_2
2025-10-23T02:40:52.278Z,2440,6261,22895,3554,8472,28012,5372,8139,34261,4315,7748,31088,Day_1,Fair,Intermediate,5mm,Experiment_2
2025-10-23T02:40:52.318Z,2440,6262,22890,3559,8471,28007,5374,8140,34265,4316,7741,31082,Day_1,Fair,Intermediate,5mm,Experiment_2
2025-10-23T02:40:52.358Z,2444,6260,22884,3564,8468,28001,5374,8126,34263,4314,7730,31070,Day_1,Fair,Intermediate,5mm,Experiment_2
2025-10-23T02:40:52.398Z,2448,6256,22877,3568,8462,27996,5372,8111,34251,4309,7724,31058,Day_1,Fair,Intermediate,5mm,Experiment_2
2025-10-23T02:40:52.438Z,2449,6252,22871,3570,8457,27993,5373,8105,34244,4308,7726,31053,Day_1,Fair,Intermediate,5mm,Experiment_2
2025-10-23T02:40:52.478Z,2450,6253,22869,3572,8458,27992,5373,8105,34252,4309,7730,31054,Day_1,Fair,Intermediate,5mm,Experiment_2
2025-10-23T02:40:52.518Z,2455,6257,22872,3578,8465,27995,5363,8107,34262,4307,7732,31056,Day_1,Fair,Intermediate,5mm,Experiment_2
2025-10-23T02:40:52.558Z,2459,6263,22875,3583,8473,27997,5352,8110,34259,4303,7732,31057,Day_1,Fair,Intermediate,5mm,Experiment_2
2025-10-23T02:40:52.598Z,2453,6265,22873,3574,8479,27994,5355,8108,34242,4308,7729,31056,Day_1,Fair,Intermediate,5mm,Experiment_2
2025-10-23T02:40:52.638Z,2439,6263,22868,3560,8477,27989,5371,8092,34214,4317,7719,31047,Day_1,Fair,Intermediate,5mm,Experiment_2
2025-10-23T02:40:52.678Z,2431,6257,22865,3553,8471,27988,5386,8073,34196,4323,7707,31038,Day_1,Fair,Intermediate,5mm,Experiment_2
2025-10-23T02:40:52.718Z,2430,6252,22867,3553,8465,27991,5389,8075,34200,4322,7707,31034,Day_1,Fair,Intermediate,5mm,Experiment_2
2025-10-23T02:40:52.758Z,2432,6247,22875,3554,8460,27997,5382,8100,34218,4317,7719,31036,Day_1,Fair,Intermediate,5mm,Experiment_2
2025-10-23T02:40:52.798Z,2435,6246,22893,3556,8458,28007,5372,8125,34232,4313,7730,31043,Day_1,Fair,Intermediate,5mm,Experiment_2
2025-10-23T02:40:52.838Z,2437,6245,22906,3560,8456,28015,5365,8129,34231,4313,7731,31050,Day_1,Fair,Intermediate,5mm,Experiment_2
2025-10-23T02:40:52.878Z,2437,6241,22903,3561,8450,28012,5364,8121,34223,4315,7731,31050,Day_1,Fair,Intermediate,5mm,Experiment_2
2025-10-23T02:40:52.918Z,2434,6242,22890,3558,8449,28005,5369,8117,34226,4318,7736,31050,Day_1,Fair,Intermediate,5mm,Experiment_2
2025-10-23T02:40:52.958Z,2430,6254,22881,3554,8460,28000,5376,8119,34244,4320,7740,31053,Day_1,Fair,Intermediate,5mm,Experiment_2
2025-10-23T02:40:52.998Z,2424,6269,22876,3548,8471,27999,5390,8116,34262,4325,7737,31059,Day_1,Fair,Intermediate,5mm,Experiment_2
2025-10-23T02:40:53.038Z,2422,6278,22874,3546,8478,27996,5404,8100,34261,4332,7723,31063,Day_1,Fair,Intermediate,5mm,Experiment_2
2025-10-23T02:40:53.078Z,2425,6279,22873,3548,8477,27993,5412,8079,34243,4337,7705,31062,Day_1,Fair,Intermediate,5mm,Experiment_2
2025-10-23T02:40:53.118Z,2430,6270,22874,3551,8470,27992,5405,8071,34220,4335,7699,31056,Day_1,Fair,Intermediate,5mm,Experiment_2
2025-10-23T02:40:53.158Z,2435,6260,22872,3554,8464,27990,5384,8083,34199,4328,7708,31045,Day_1,Fair,Intermediate,5mm,Experiment_2
2025-10-23T02:40:53.198Z,2438,6255,22867,3556,8462,27987,5364,8096,34189,4321,7719,31037,Day_1,Fair,Intermediate,5mm,Experiment_2
2025-10-23T02:40:53.238Z,2438,6250,22860,3557,8461,27985,5352,8098,34191,4317,7723,31038,Day_1,Fair,Intermediate,5mm,Experiment_2
2025-10-23T02:40:53.278Z,2434,6244,22859,3557,8457,27987,5348,8103,34202,4312,7727,31044,Day_1,Fair,Intermediate,5mm,Experiment_2
2025-10-23T02:40:53.318Z,2431,6238,22864,3558,8453,27992,5358,8117,34225,4311,7735,31058,Day_1,Fair,Intermediate,5mm,Experiment_2
2025-10-23T02:40:53.358Z,2429,6236,22872,3556,8451,27997,5374,8135,34260,4315,7742,31075,Day_1,Fair,Intermediate,5mm,Experiment_2
2025-10-23T02:40:53.398Z,2428,6237,22876,3553,8450,27998,5384,8139,34296,4316,7744,31087,Day_1,Fair,Intermediate,5mm,Experiment_2
2025-10-23T02:40:53.438Z,2433,6240,22872,3554,8449,27995,5388,8123,34308,4310,7741,31085,Day_1,Fair,Intermediate,5mm,Experiment_2
2025-10-23T02:40:53.478Z,2441,6244,22862,3559,8449,27986,5388,8111,34291,4304,7738,31073,Day_1,Fair,Intermediate,5mm,Experiment_2
2025-10-23T02:40:53.518Z,2446,6248,22854,3561,8449,27975,5397,8118,34270,4310,7738,31064,Day_1,Fair,Intermediate,5mm,Experiment_2
2025-10-23T02:40:53.558Z,2446,6255,22854,3561,8451,27971,5415,8126,34257,4328,7738,31059,Day_1,Fair,Intermediate,5mm,Experiment_2
2025-10-23T02:40:53.598Z,2444,6265,22862,3560,8458,27978,5422,8120,34246,4340,7733,31052,Day_1,Fair,Intermediate,5mm,Experiment_2
2025-10-23T02:40:53.638Z,2442,6271,22866,3560,8464,27984,5408,8108,34234,4339,7729,31041,Day_1,Fair,Intermediate,5mm,Experiment_2
2025-10-23T02:40:53.678Z,2439,6267,22864,3560,8464,27984,5386,8106,34229,4331,7731,31035,Day_1,Fair,Intermediate,5mm,Experiment_2
2025-10-23T02:40:53.718Z,2431,6262,22865,3554,8462,27985,5369,8117,34229,4326,7734,31034,Day_1,Fair,Intermediate,5mm,Experiment_2
2025-10-23T02:40:53.758Z,2418,6262,22875,3541,8461,27996,5365,8129,34220,4324,7735,31028,Day_1,Fair,Intermediate,5mm,Experiment_2
2025-10-23T02:40:53.798Z,2408,6261,22887,3530,8458,28007,5372,8133,34207,4324,7737,31019,Day_1,Fair,Intermediate,5mm,Experiment_2
2025-10-23T02:40:53.838Z,2406,6258,22894,3528,8447,28011,5381,8134,34205,4323,7743,31013,Day_1,Fair,Intermediate,5mm,Experiment_2
2025-10-23T02:40:53.878Z,2410,6258,22893,3532,8435,28012,5379,8133,34211,4318,7748,31014,Day_1,Fair,Intermediate,5mm,Experiment_2
2025-10-23T02:40:53.918Z,2416,6263,22891,3540,8432,28013,5367,8132,34219,4312,7748,31023,Day_1,Fair,Intermediate,5mm,Experiment_2
2025-10-23T02:40:53.958Z,2421,6262,22891,3547,8440,28015,5359,8142,34229,4307,7751,31034,Day_1,Fair,Intermediate,5mm,Experiment_2
2025-10-23T02:40:53.998Z,2425,6261,22892,3552,8456,28016,5370,8158,34234,4310,7757,31040,Day_1,Fair,Intermediate,5mm,Experiment_2
2025-10-23T02:40:54.038Z,2430,6265,22889,3556,8472,28011,5397,8159,34219,4320,7757,31034,Day_1,Fair,Intermediate,5mm,Experiment_2
2025-10-23T02:40:54.078Z,2437,6271,22882,3559,8482,28004,5416,8143,34189,4327,7751,31019,Day_1,Fair,Intermediate,5mm,Experiment_2
2025-10-23T02:40:54.118Z,2440,6270,22874,3558,8480,27998,5417,8130,34167,4329,7746,31006,Day_1,Fair,Intermediate,5mm,Experiment_2
2025-10-23T02:40:54.158Z,2438,6261,22866,3554,8471,27992,5407,8130,34173,4327,7748,31004,Day_1,Fair,Intermediate,5mm,Experiment_2
2025-10-23T02:40:54.198Z,2438,6253,22857,3552,8463,27983,5397,8133,34200,4324,7751,31017,Day_1,Fair,Intermediate,5mm,Experiment_2
2025-10-23T02:40:54.238Z,2437,6248,22851,3552,8458,27976,5385,8130,34216,4318,7751,31029,Day_1,Fair,Intermediate,5mm,Experiment_2
2025-10-23T02:40:54.278Z,2434,6244,22851,3552,8453,27978,5378,8122,34211,4315,7745,31031,Day_1,Fair,Intermediate,5mm,Experiment_2
2025-10-23T02:40:54.318Z,2431,6241,22854,3550,8451,27983,5383,8114,34210,4318,7736,31031,Day_1,Fair,Intermediate,5mm,Experiment_2
2025-10-23T02:40:54.358Z,2430,6241,22854,3548,8452,27981,5400,8107,34225,4324,7728,31035,Day_1,Fair,Intermediate,5mm,Experiment_2
2025-10-23T02:40:54.398Z,2434,6240,22855,3553,8453,27980,5413,8100,34239,4330,7726,31038,Day_1,Fair,Intermediate,5mm,Experiment_2
2025-10-23T02:40:54.438Z,2438,6239,22862,3560,8453,27986,5408,8096,34241,4328,7726,31040,Day_1,Fair,Intermediate,5mm,Experiment_2
2025-10-23T02:40:54.478Z,2437,6240,22870,3560,8451,27994,5382,8100,34240,4316,7726,31042,Day_1,Fair,Intermediate,5mm,Experiment_2
2025-10-23T02:40:54.518Z,2433,6238,22876,3555,8444,27999,5360,8110,34250,4307,7728,31047,Day_1,Fair,Intermediate,5mm,Experiment_2
2025-10-23T02:40:54.558Z,2432,6233,22881,3552,8437,28001,5362,8112,34268,4310,7727,31050,Day_1,Fair,Intermediate,5mm,Experiment_2
2025-10-23T02:40:54.598Z,2432,6236,22883,3551,8438,28001,5377,8100,34272,4318,7721,31052,Day_1,Fair,Intermediate,5mm,Experiment_2
2025-10-23T02:40:54.638Z,2431,6249,22876,3550,8449,27997,5394,8086,34263,4325,7713,31051,Day_1,Fair,Intermediate,5mm,Experiment_2
2025-10-23T02:40:54.678Z,2434,6260,22864,3553,8459,27989,5410,8084,34260,4334,7714,31050,Day_1,Fair,Intermediate,5mm,Experiment_2
2025-10-23T02:40:54.718Z,2442,6261,22855,3560,8461,27983,5418,8095,34259,4341,7725,31049,Day_1,Fair,Intermediate,5mm,Experiment_2
2025-10-23T02:40:54.758Z,2446,6257,22853,3567,8461,27983,5416,8105,34249,4341,7735,31047,Day_1,Fair,Intermediate,5mm,Experiment_2
2025-10-23T02:40:54.798Z,2441,6252,22859,3565,8462,27986,5405,8103,34234,4332,7732,31045,Day_1,Fair,Intermediate,5mm,Experiment_2
2025-10-23T02:40:54.838Z,2436,6249,22869,3562,8462,27990,5383,8091,34222,4319,7720,31042,Day_1,Fair,Intermediate,5mm,Experiment_2
2025-10-23T02:40:54.879Z,2442,6251,22877,3565,8463,27995,5356,8083,34224,4310,7712,31040,Day_1,Fair,Intermediate,5mm,Experiment_2
2025-10-23T02:40:54.919Z,2453,6259,22880,3573,8468,27998,5344,8086,34240,4309,7714,31043,Day_1,Fair,Intermediate,5mm,Experiment_2
2025-10-23T02:40:54.959Z,2462,6264,22878,3580,8470,27998,5354,8092,34255,4314,7723,31046,Day_1,Fair,Intermediate,5mm,Experiment_2
2025-10-23T02:40:54.999Z,2462,6261,22874,3580,8468,27994,5378,8095,34252,4324,7729,31046,Day_1,Fair,Intermediate,5mm,Experiment_2
2025-10-23T02:40:55.039Z,2452,6257,22871,3571,8465,27991,5395,8096,34234,4334,7728,31042,Day_1,Fair,Intermediate,5mm,Experiment_2
2025-10-23T02:40:55.079Z,2433,6256,22876,3556,8466,27994,5395,8098,34214,4334,7725,31036,Day_1,Fair,Intermediate,5mm,Experiment_2
2025-10-23T02:40:55.119Z,2420,6256,22885,3546,8466,28001,5385,8113,34203,4324,7728,31031,Day_1,Fair,Intermediate,5mm,Experiment_2
2025-10-23T02:40:55.159Z,2419,6253,22892,3546,8463,28003,5377,8135,34204,4314,7739,31030,Day_1,Fair,Intermediate,5mm,Experiment_2
2025-10-23T02:40:55.199Z,2424,6248,22892,3548,8459,28000,5374,8147,34215,4314,7748,31035,Day_1,Fair,Intermediate,5mm,Experiment_2
2025-10-23T02:40:55.239Z,2425,6248,22886,3547,8462,27997,5377,8152,34225,4321,7753,31040,Day_1,Fair,Intermediate,5mm,Experiment_2
2025-10-23T02:40:55.279Z,2427,6255,22886,3548,8471,28003,5385,8157,34223,4327,7754,31040,Day_1,Fair,Intermediate,5mm,Experiment_2
2025-10-23T02:40:55.319Z,2433,6260,22893,3556,8473,28015,5397,8149,34215,4329,7746,31040,Day_1,Fair,Intermediate,5mm,Experiment_2
2025-10-23T02:40:55.359Z,2438,6257,22895,3563,8465,28019,5411,8125,34212,4332,7733,31044,Day_1,Fair,Intermediate,5mm,Experiment_2
2025-10-23T02:40:55.399Z,2440,6249,22884,3566,8454,28009,5418,8104,34219,4336,7723,31051,Day_1,Fair,Intermediate,5mm,Experiment_2
2025-10-23T02:40:55.439Z,2440,6237,22871,3566,8443,27992,5413,8101,34235,4338,7724,31057,Day_1,Fair,Intermediate,5mm,Experiment_2
2025-10-23T02:40:55.479Z,2439,6229,22864,3563,8437,27983,5404,8113,34248,4337,7734,31057,Day_1,Fair,Intermediate,5mm,Experiment_2
2025-10-23T02:40:55.519Z,2437,6229,22864,3560,8438,27982,5395,8121,34244,4332,7742,31049,Day_1,Fair,Intermediate,5mm,Experiment_2
2025-10-23T02:40:55.559Z,2434,6238,22864,3558,8446,27984,5389,8120,34225,4328,7743,31039,Day_1,Fair,Intermediate,5mm,Experiment_2
2025-10-23T02:40:55.599Z,2432,6248,22866,3556,8458,27986,5388,8115,34209,4330,7740,31034,Day_1,Fair,Intermediate,5mm,Experiment_2
2025-10-23T02:40:55.639Z,2431,6255,22877,3553,8468,27996,5383,8113,34203,4328,7739,31034,Day_1,Fair,Intermediate,5mm,Experiment_2
2025-10-23T02:40:55.679Z,2433,6257,22894,3552,8474,28008,5375,8117,34203,4318,7744,31036,Day_1,Fair,Intermediate,5mm,Experiment_2
2025-10-23T02:40:55.719Z,2438,6260,22903,3555,8477,28014,5379,8123,34207,4312,7750,31039,Day_1,Fair,Intermediate,5mm,Experiment_2
2025-10-23T02:40:55.759Z,2444,6259,22900,3560,8475,28013,5394,8129,34208,4316,7751,31036,Day_1,Fair,Intermediate,5mm,Experiment_2
2025-10-23T02:40:55.799Z,2449,6255,22890,3567,8468,28005,5405,8143,34205,4323,7747,31030,Day_1,Fair,Intermediate,5mm,Experiment_2
2025-10-23T02:40:55.839Z,2453,6251,22877,3572,8461,27994,5400,8154,34206,4322,7740,31029,Day_1,Fair,Intermediate,5mm,Experiment_2
2025-10-23T02:40:55.879Z,2450,6251,22867,3569,8459,27984,5389,8150,34219,4317,7734,31041,Day_1,Fair,Intermediate,5mm,Experiment_2
2025-10-23T02:40:55.919Z,2444,6254,22868,3562,8460,27981,5381,8138,34236,4314,7734,31057,Day_1,Fair,Intermediate,5mm,Experiment_2
2025-10-23T02:40:55.959Z,2440,6254,22876,3556,8460,27985,5377,8131,34244,4316,7740,31065,Day_1,Fair,Intermediate,5mm,Experiment_2
2025-10-23T02:40:55.999Z,2436,6245,22886,3554,8455,27994,5378,8133,34238,4323,7747,31057,Day_1,Fair,Intermediate,5mm,Experiment_2
2025-10-23T02:40:56.039Z,2432,6238,22891,3552,8452,27998,5382,8141,34222,4329,7752,31039,Day_1,Fair,Intermediate,5mm,Experiment_2
2025-10-23T02:40:56.079Z,2429,6239,22890,3553,8453,27996,5382,8143,34206,4329,7751,31022,Day_1,Fair,Intermediate,5mm,Experiment_2
2025-10-23T02:40:56.119Z,2432,6242,22885,3558,8453,27989,5380,8134,34201,4324,7745,31016,Day_1,Fair,Intermediate,5mm,Experiment_2
2025-10-23T02:40:56.159Z,2437,6242,22881,3562,8451,27985,5380,8123,34209,4320,7740,31023,Day_1,Fair,Intermediate,5mm,Experiment_2
2025-10-23T02:40:56.199Z,2439,6246,22886,3565,8454,27989,5387,8117,34223,4323,7738,31035,Day_1,Fair,Intermediate,5mm,Experiment_2
2025-10-23T02:40:56.239Z,2438,6252,22897,3564,8462,28000,5399,8107,34234,4332,7734,31047,Day_1,Fair,Intermediate,5mm,Experiment_2
2025-10-23T02:40:56.279Z,2433,6257,22899,3559,8467,28007,5409,8094,34244,4338,7728,31056,Day_1,Fair,Intermediate,5mm,Experiment_2
2025-10-23T02:40:56.319Z,2427,6256,22886,3553,8464,28003,5411,8086,34254,4334,7725,31057,Day_1,Fair,Intermediate,5mm,Experiment_2
2025-10-23T02:40:56.359Z,2425,6251,22872,3551,8458,27995,5406,8088,34263,4323,7723,31052,Day_1,Fair,Intermediate,5mm,Experiment_2
2025-10-23T02:40:56.399Z,2429,6252,22867,3552,8460,27993,5392,8098,34267,4313,7724,31049,Day_1,Fair,Intermediate,5mm,Experiment_2
2025-10-23T02:40:56.439Z,2434,6258,22870,3555,8467,27994,5373,8111,34261,4308,7731,31051,Day_1,Fair,Intermediate,5mm,Experiment_2
2025-10-23T02:40:56.479Z,2443,6263,22873,3561,8471,27996,5365,8113,34253,4310,7736,31056,Day_1,Fair,Intermediate,5mm,Experiment_2
2025-10-23T02:40:56.519Z,2452,6263,22874,3569,8472,27996,5372,8099,34256,4317,7734,31060,Day_1,Fair,Intermediate,5mm,Experiment_2
2025-10-23T02:40:56.559Z,2455,6259,22876,3571,8472,27996,5382,8086,34257,4321,7731,31057,Day_1,Fair,Intermediate,5mm,Experiment_2
2025-10-23T02:40:56.599Z,2450,6253,22883,3566,8469,27999,5391,8090,34240,4323,7734,31045,Day_1,Fair,Intermediate,5mm,Experiment_2
2025-10-23T02:40:56.639Z,2445,6247,22896,3562,8461,28009,5400,8103,34215,4326,7736,31030,Day_1,Fair,Intermediate,5mm,Experiment_2
2025-10-23T02:40:56.679Z,2441,6246,22903,3560,8455,28016,5412,8105,34200,4330,7732,31021,Day_1,Fair,Intermediate,5mm,Experiment_2
2025-10-23T02:40:56.719Z,2435,6252,22896,3559,8458,28014,5420,8096,34200,4336,7724,31018,Day_1,Fair,Intermediate,5mm,Experiment_2
2025-10-23T02:40:56.759Z,2430,6258,22887,3556,8464,28009,5426,8087,34205,4340,7718,31020,Day_1,Fair,Intermediate,5mm,Experiment_2
2025-10-23T02:40:56.799Z,2429,6259,22885,3554,8465,28007,5429,8071,34204,4343,7712,31023,Day_1,Fair,Intermediate,5mm,Experiment_2
2025-10-23T02:40:56.839Z,2432,6259,22883,3555,8465,28005,5427,8047,34206,4343,7703,31027,Day_1,Fair,Intermediate,5mm,Experiment_2
2025-10-23T02:40:56.879Z,2439,6263,22875,3557,8471,27997,5416,8041,34217,4338,7702,31029,Day_1,Fair,Intermediate,5mm,Experiment_2
2025-10-23T02:40:56.919Z,2444,6269,22864,3560,8476,27987,5398,8061,34231,4331,7715,31027,Day_1,Fair,Intermediate,5mm,Experiment_2
2025-10-23T02:40:56.959Z,2446,6274,22859,3561,8478,27981,5380,8083,34242,4325,7729,31026,Day_1,Fair,Intermediate,5mm,Experiment_2
2025-10-23T02:40:56.999Z,2440,6272,22861,3560,8476,27978,5375,8091,34247,4324,7733,31029,Day_1,Fair,Intermediate,5mm,Experiment_2
2025-10-23T02:40:57.039Z,2434,6263,22865,3555,8471,27977,5387,8088,34250,4328,7729,31037,Day_1,Fair,Intermediate,5mm,Experiment_2
2025-10-23T02:40:57.079Z,2433,6251,22869,3553,8461,27979,5407,8082,34247,4333,7723,31045,Day_1,Fair,Intermediate,5mm,Experiment_2
2025-10-23T02:40:57.119Z,2438,6240,22868,3555,8450,27979,5426,8082,34240,4338,7722,31050,Day_1,Fair,Intermediate,5mm,Experiment_2
2025-10-23T02:40:57.159Z,2443,6235,22867,3558,8443,27978,5437,8087,34239,4338,7725,31056,Day_1,Fair,Intermediate,5mm,Experiment_2
2025-10-23T02:40:57.199Z,2444,6233,22870,3560,8440,27978,5435,8090,34241,4336,7729,31062,Day_1,Fair,Intermediate,5mm,Experiment_2
2025-10-23T02:40:57.239Z,2443,6228,22875,3559,8434,27983,5426,8092,34236,4335,7732,31059,Day_1,Fair,Intermediate,5mm,Experiment_2
2025-10-23T02:40:57.279Z,2441,6225,22874,3557,8432,27986,5416,8099,34231,4332,7735,31053,Day_1,Fair,Intermediate,5mm,Experiment_2
2025-10-23T02:40:57.319Z,2438,6232,22870,3553,8440,27986,5405,8109,34234,4328,7738,31052,Day_1,Fair,Intermediate,5mm,Experiment_2
2025-10-23T02:40:57.359Z,2436,6243,22871,3551,8454,27987,5393,8122,34242,4324,7741,31055,Day_1,Fair,Intermediate,5mm,Experiment_2
2025-10-23T02:40:57.399Z,2440,6251,22877,3554,8463,27993,5385,8130,34250,4319,7743,31058,Day_1,Fair,Intermediate,5mm,Experiment_2
2025-10-23T02:40:57.439Z,2442,6257,22882,3556,8466,27995,5387,8128,34258,4318,7740,31060,Day_1,Fair,Intermediate,5mm,Experiment_2
2025-10-23T02:40:57.479Z,2440,6259,22881,3557,8467,27993,5398,8118,34260,4324,7733,31058,Day_1,Fair,Intermediate,5mm,Experiment_2
2025-10-23T02:40:57.519Z,2441,6256,22879,3561,8467,27993,5405,8105,34243,4328,7723,31046,Day_1,Fair,Intermediate,5mm,Experiment_2
2025-10-23T02:40:57.559Z,2444,6256,22878,3566,8467,27997,5396,8097,34212,4326,7718,31030,Day_1,Fair,Intermediate,5mm,Experiment_2
2025-10-23T02:40:57.599Z,2442,6259,22877,3564,8469,27998,5380,8102,34203,4320,7723,31032,Day_1,Fair,Intermediate,5mm,Experiment_2
2025-10-23T02:40:57.639Z,2431,6263,22872,3555,8472,27993,5368,8108,34240,4314,7731,31058,Day_1,Fair,Intermediate,5mm,Experiment_2
2025-10-23T02:40:57.679Z,2422,6264,22867,3547,8473,27987,5365,8100,34286,4312,7729,31082,Day_1,Fair,Intermediate,5mm,Experiment_2
2025-10-23T02:40:57.719Z,2424,6261,22865,3552,8471,27984,5372,8078,34304,4319,7717,31087,Day_1,Fair,Intermediate,5mm,Experiment_2
2025-10-23T02:40:57.759Z,2439,6255,22865,3566,8465,27983,5392,8060,34300,4334,7705,31078,Day_1,Fair,Intermediate,5mm,Experiment_2
2025-10-23T02:40:57.799Z,2452,6250,22866,3576,8461,27982,5420,8064,34291,4351,7707,31069,Day_1,Fair,Intermediate,5mm,Experiment_2
2025-10-23T02:40:57.839Z,2453,6251,22867,3574,8461,27982,5443,8084,34282,4360,7719,31064,Day_1,Fair,Intermediate,5mm,Experiment_2
2025-10-23T02:40:57.879Z,2444,6260,22868,3563,8469,27984,5446,8096,34271,4359,7728,31060,Day_1,Fair,Intermediate,5mm,Experiment_2
2025-10-23T02:40:57.919Z,2434,6267,22878,3554,8474,27992,5432,8098,34256,4352,7729,31054,Day_1,Fair,Intermediate,5mm,Experiment_2
2025-10-23T02:40:57.959Z,2430,6265,22893,3551,8470,28007,5421,8102,34247,4349,7729,31052,Day_1,Fair,Intermediate,5mm,Experiment_2
2025-10-23T02:40:57.999Z,2429,6261,22898,3549,8466,28014,5417,8119,34255,4347,7734,31055,Day_1,Fair,Intermediate,5mm,Experiment_2
2025-10-23T02:40:58.039Z,2426,6261,22887,3547,8466,28005,5407,8147,34265,4339,7744,31060,Day_1,Fair,Intermediate,5mm,Experiment_2
2025-10-23T02:40:58.079Z,2424,6260,22871,3547,8465,27988,5392,8169,34256,4328,7756,31056,Day_1,Fair,Intermediate,5mm,Experiment_2
2025-10-23T02:40:58.119Z,2424,6258,22861,3549,8462,27976,5385,8170,34239,4321,7763,31045,Day_1,Fair,Intermediate,5mm,Experiment_2
2025-10-23T02:40:58.159Z,2424,6256,22863,3548,8461,27976,5386,8159,34239,4319,7765,31038,Day_1,Fair,Intermediate,5mm,Experiment_2
2025-10-23T02:40:58.199Z,2425,6253,22871,3546,8459,27983,5388,8141,34250,4322,7761,31037,Day_1,Fair,Intermediate,5mm,Experiment_2
2025-10-23T02:40:58.239Z,2427,6249,22876,3545,8456,27990,5386,8118,34249,4326,7751,31035,Day_1,Fair,Intermediate,5mm,Experiment_2
2025-10-23T02:40:58.279Z,2424,6243,22875,3543,8448,27991,5381,8103,34241,4326,7738,31036,Day_1,Fair,Intermediate,5mm,Experiment_2
2025-10-23T02:40:58.319Z,2419,6238,22872,3542,8443,27989,5376,8106,34243,4323,7730,31041,Day_1,Fair,Intermediate,5mm,Experiment_2
2025-10-23T02:40:58.359Z,2419,6238,22871,3542,8443,27992,5380,8110,34252,4324,7728,31046,Day_1,Fair,Intermediate,5mm,Experiment_2
2025-10-23T02:40:58.399Z,2422,6243,22873,3543,8448,27996,5393,8105,34257,4330,7727,31051,Day_1,Fair,Intermediate,5mm,Experiment_2
2025-10-23T02:40:58.439Z,2427,6250,22872,3545,8458,27996,5407,8109,34255,4337,7730,31054,Day_1,Fair,Intermediate,5mm,Experiment_2
2025-10-23T02:40:58.479Z,2437,6253,22875,3553,8466,27998,5411,8128,34249,4338,7738,31056,Day_1,Fair,Intermediate,5mm,Experiment_2
2025-10-23T02:40:58.519Z,2448,6250,22889,3563,8466,28007,5408,8143,34236,4334,7745,31053,Day_1,Fair,Intermediate,5mm,Experiment_2
2025-10-23T02:40:58.559Z,2447,6244,22904,3567,8463,28021,5401,8137,34222,4329,7748,31048,Day_1,Fair,Intermediate,5mm,Experiment_2
2025-10-23T02:40:58.599Z,2440,6248,22906,3565,8467,28026,5391,8117,34211,4326,7745,31041,Day_1,Fair,Intermediate,5mm,Experiment_2
2025-10-23T02:40:58.639Z,2437,6259,22899,3562,8476,28022,5374,8101,34202,4320,7736,31030,Day_1,Fair,Intermediate,5mm,Experiment_2
2025-10-23T02:40:58.679Z,2437,6267,22893,3559,8482,28015,5355,8094,34199,4313,7727,31024,Day_1,Fair,Intermediate,5mm,Experiment_2
2025-10-23T02:40:58.719Z,2432,6265,22888,3551,8480,28005,5344,8093,34213,4312,7721,31028,Day_1,Fair,Intermediate,5mm,Experiment_2
2025-10-23T02:40:58.759Z,2423,6260,22883,3542,8473,27993,5343,8099,34235,4314,7720,31039,Day_1,Fair,Intermediate,5mm,Experiment_2
2025-10-23T02:40:58.799Z,2418,6257,22883,3539,8469,27988,5353,8109,34250,4315,7722,31048,Day_1,Fair,Intermediate,5mm,Experiment_2
2025-10-23T02:40:58.840Z,2420,6256,22889,3542,8468,27993,5364,8124,34247,4318,7725,31046,Day_1,Fair,Intermediate,5mm,Experiment_2
2025-10-23T02:40:58.880Z,2427,6253,22893,3550,8464,28000,5364,8140,34225,4320,7731,31031,Day_1,Fair,Intermediate,5mm,Experiment_2
2025-10-23T02:40:58.920Z,2436,6253,22891,3560,8463,28001,5355,8146,34207,4320,7734,31019,Day_1,Fair,Intermediate,5mm,Experiment_2
2025-10-23T02:40:58.960Z,2440,6256,22885,3566,8466,28000,5353,8134,34215,4320,7733,31023,Day_1,Fair,Intermediate,5mm,Experiment_2
2025-10-23T02:40:59Z,2438,6256,22882,3563,8465,28001,5364,8117,34237,4327,7734,31038,Day_1,Fair,Intermediate,5mm,Experiment_2
2025-10-23T02:40:59.040Z,2431,6252,22884,3557,8463,28004,5380,8114,34250,4333,7739,31051,Day_1,Fair,Intermediate,5mm,Experiment_2
2025-10-23T02:40:59.080Z,2426,6251,22893,3551,8462,28008,5392,8119,34247,4332,7745,31055,Day_1,Fair,Intermediate,5mm,Experiment_2
2025-10-23T02:40:59.120Z,2427,6251,22906,3552,8462,28014,5398,8122,34240,4328,7746,31056,Day_1,Fair,Intermediate,5mm,Experiment_2
2025-10-23T02:40:59.160Z,2433,6249,22909,3557,8462,28013,5405,8124,34237,4325,7743,31057,Day_1,Fair,Intermediate,5mm,Experiment_2
2025-10-23T02:40:59.200Z,2439,6246,22897,3563,8458,28005,5413,8126,34233,4328,7743,31054,Day_1,Fair,Intermediate,5mm,Experiment_2
2025-10-23T02:40:59.240Z,2447,6242,22885,3570,8452,27999,5419,8128,34223,4333,7746,31048,Day_1,Fair,Intermediate,5mm,Experiment_2
2025-10-23T02:40:59.280Z,2456,6243,22884,3577,8451,28000,5412,8135,34217,4333,7751,31046,Day_1,Fair,Intermediate,5mm,Experiment_2
2025-10-23T02:40:59.320Z,2464,6250,22890,3582,8457,28007,5394,8145,34222,4325,7753,31049,Day_1,Fair,Intermediate,5mm,Experiment_2
2025-10-23T02:40:59.360Z,2464,6259,22891,3583,8462,28010,5378,8144,34236,4316,7748,31051,Day_1,Fair,Intermediate,5mm,Experiment_2
2025-10-23T02:40:59.400Z,2456,6262,22885,3578,8464,28006,5374,8134,34243,4314,7742,31048,Day_1,Fair,Intermediate,5mm,Experiment_2
2025-10-23T02:40:59.440Z,2451,6262,22878,3574,8463,28000,5378,8121,34241,4318,7736,31047,Day_1,Fair,Intermediate,5mm,Experiment_2
2025-10-23T02:40:59.480Z,2452,6262,22870,3572,8467,27991,5382,8107,34248,4322,7728,31053,Day_1,Fair,Intermediate,5mm,Experiment_2
2025-10-23T02:40:59.520Z,2449,6263,22860,3565,8473,27980,5379,8095,34265,4322,7720,31063,Day_1,Fair,Intermediate,5mm,Experiment_2
2025-10-23T02:40:59.560Z,2437,6261,22850,3553,8475,27970,5376,8095,34274,4320,7720,31070,Day_1,Fair,Intermediate,5mm,Experiment_2
2025-10-23T02:40:59.600Z,2428,6264,22849,3546,8475,27968,5389,8108,34270,4324,7729,31073,Day_1,Fair,Intermediate,5mm,Experiment_2
2025-10-23T02:40:59.640Z,2431,6269,22862,3551,8476,27979,5401,8122,34262,4328,7735,31072,Day_1,Fair,Intermediate,5mm,Experiment_2
2025-10-23T02:40:59.680Z,2439,6267,22885,3562,8472,27997,5393,8123,34261,4321,7733,31068,Day_1,Fair,Intermediate,5mm,Experiment_2
2025-10-23T02:40:59.720Z,2444,6255,22904,3568,8460,28014,5376,8115,34263,4310,7730,31062,Day_1,Fair,Intermediate,5mm,Experiment_2
2025-10-23T02:40:59.760Z,2441,6241,22909,3566,8448,28017,5370,8110,34260,4309,7730,31055,Day_1,Fair,Intermediate,5mm,Experiment_2
2025-10-23T02:40:59.800Z,2437,6232,22903,3561,8438,28010,5377,8110,34252,4322,7729,31046,Day_1,Fair,Intermediate,5mm,Experiment_2
2025-10-23T02:40:59.840Z,2438,6230,22896,3561,8434,28002,5390,8121,34248,4338,7732,31040,Day_1,Fair,Intermediate,5mm,Experiment_2
2025-10-23T02:40:59.880Z,2443,6231,22895,3564,8434,28003,5399,8141,34253,4346,7743,31042,Day_1,Fair,Intermediate,5mm,Experiment_2
2025-10-23T02:40:59.920Z,2443,6234,22897,3565,8439,28004,5400,8148,34257,4343,7750,31047,Day_1,Fair,Intermediate,5mm,Experiment_2
2025-10-23T02:40:59.960Z,2440,6242,22891,3565,8448,28000,5392,8131,34254,4334,7746,31050,Day_1,Fair,Intermediate,5mm,Experiment_2
2025-10-23T02:41:00Z,2442,6255,22877,3567,8461,27990,5379,8108,34242,4324,7737,31047,Day_1,Fair,Intermediate,5mm,Experiment_2
2025-10-23T02:41:00.040Z,2445,6263,22870,3569,8467,27988,5364,8098,34229,4315,7732,31040,Day_1,Fair,Intermediate,5mm,Experiment_2
2025-10-23T02:41:00.080Z,2442,6262,22875,3564,8464,27993,5351,8099,34227,4310,7732,31036,Day_1,Fair,Intermediate,5mm,Experiment_2
2025-10-23T02:41:00.120Z,2438,6260,22882,3557,8461,27999,5351,8106,34237,4311,7736,31038,Day_1,Fair,Intermediate,5mm,Experiment_2
2025-10-23T02:41:00.160Z,2438,6262,22883,3558,8465,27998,5361,8123,34245,4316,7744,31043,Day_1,Fair,Intermediate,5mm,Experiment_2
2025-10-23T02:41:00.200Z,2440,6263,22887,3563,8468,27997,5375,8144,34243,4321,7752,31047,Day_1,Fair,Intermediate,5mm,Experiment_2
2025-10-23T02:41:00.240Z,2439,6263,22905,3563,8469,28008,5384,8155,34240,4324,7754,31055,Day_1,Fair,Intermediate,5mm,Experiment_2
2025-10-23T02:41:00.280Z,2436,6263,22928,3560,8471,28026,5386,8153,34244,4322,7749,31064,Day_1,Fair,Intermediate,5mm,Experiment_2
2025-10-23T02:41:00.320Z,2435,6260,22933,3556,8469,28032,5392,8141,34253,4322,7742,31067,Day_1,Fair,Intermediate,5mm,Experiment_2
2025-10-23T02:41:00.360Z,2437,6249,22914,3555,8463,28019,5412,8127,34261,4329,7737,31066,Day_1,Fair,Intermediate,5mm,Experiment_2
2025-10-23T02:41:00.400Z,2440,6245,22887,3556,8462,27999,5442,8117,34271,4341,7733,31065,Day_1,Fair,Intermediate,5mm,Experiment_2
2025-10-23T02:41:00.440Z,2440,6254,22874,3556,8471,27986,5466,8107,34285,4350,7730,31068,Day_1,Fair,Intermediate,5mm,Experiment_2
2025-10-23T02:41:00.480Z,2434,6263,22876,3554,8476,27986,5469,8096,34296,4354,7728,31070,Day_1,Fair,Intermediate,5mm,Experiment_2
2025-10-23T02:41:00.520Z,2427,6260,22878,3552,8469,27992,5448,8089,34289,4349,7727,31064,Day_1,Fair,Intermediate,5mm,Experiment_2
2025-10-23T02:41:00.560Z,2423,6248,22875,3549,8456,27996,5417,8106,34266,4339,7734,31051,Day_1,Fair,Intermediate,5mm,Experiment_2
2025-10-23T02:41:00.600Z,2423,6239,22870,3548,8447,27996,5394,8148,34253,4331,7750,31040,Day_1,Fair,Intermediate,5mm,Experiment_2
2025-10-23T02:41:00.640Z,2428,6234,22868,3550,8443,27993,5386,8182,34253,4328,7763,31039,Day_1,Fair,Intermediate,5mm,Experiment_2
2025-10-23T02:41:00.680Z,2434,6230,22870,3554,8439,27990,5390,8183,34254,4330,7762,31045,Day_1,Fair,Intermediate,5mm,Experiment_2
2025-10-23T02:41:00.720Z,2439,6228,22875,3559,8435,27992,5401,8166,34250,4335,7754,31053,Day_1,Fair,Intermediate,5mm,Experiment_2
2025-10-23T02:41:00.760Z,2442,6231,22882,3560,8437,28000,5409,8147,34237,4337,7748,31055,Day_1,Fair,Intermediate,5mm,Experiment_2
2025-10-23T02:41:00.800Z,2444,6238,22888,3561,8446,28009,5406,8133,34226,4334,7744,31051,Day_1,Fair,Intermediate,5mm,Experiment_2
2025-10-23T02:41:00.840Z,2445,6243,22892,3564,8454,28013,5395,8127,34228,4329,7740,31047,Day_1,Fair,Intermediate,5mm,Experiment_2
2025-10-23T02:41:00.880Z,2443,6244,22892,3565,8454,28011,5378,8126,34232,4323,7737,31044,Day_1,Fair,Intermediate,5mm,Experiment_2
2025-10-23T02:41:00.920Z,2438,6244,22887,3559,8450,28003,5360,8129,34232,4316,7738,31038,Day_1,Fair,Intermediate,5mm,Experiment_2
2025-10-23T02:41:00.960Z,2433,6248,22881,3551,8449,27998,5355,8135,34221,4311,7742,31031,Day_1,Fair,Intermediate,5mm,Experiment_2
2025-10-23T02:41:01Z,2429,6252,22880,3546,8453,27999,5367,8143,34199,4316,7747,31021,Day_1,Fair,Intermediate,5mm,Experiment_2
2025-10-23T02:41:01.040Z,2428,6255,22881,3546,8459,28002,5385,8144,34189,4327,7748,31016,Day_1,Fair,Intermediate,5mm,Experiment_2
2025-10-23T02:41:01.080Z,2427,6259,22878,3547,8468,27997,5392,8139,34212,4332,7746,31023,Day_1,Fair,Intermediate,5mm,Experiment_2
2025-10-23T02:41:01.120Z,2431,6268,22876,3549,8478,27989,5384,8132,34252,4325,7745,31039,Day_1,Fair,Intermediate,5mm,Experiment_2
2025-10-23T02:41:01.160Z,2439,6275,22880,3554,8482,27991,5373,8128,34285,4314,7745,31052,Day_1,Fair,Intermediate,5mm,Experiment_2
2025-10-23T02:41:01.200Z,2447,6274,22884,3562,8479,27999,5373,8128,34294,4309,7744,31056,Day_1,Fair,Intermediate,5mm,Experiment_2
2025-10-23T02:41:01.240Z,2450,6268,22880,3567,8474,27999,5384,8127,34279,4313,7741,31054,Day_1,Fair,Intermediate,5mm,Experiment_2
2025-10-23T02:41:01.280Z,2445,6263,22875,3566,8470,27994,5401,8129,34251,4327,7739,31047,Day_1,Fair,Intermediate,5mm,Experiment_2
2025-10-23T02:41:01.320Z,2438,6261,22874,3560,8470,27992,5417,8136,34228,4340,7740,31041,Day_1,Fair,Intermediate,5mm,Experiment_2
2025-10-23T02:41:01.360Z,2433,6263,22878,3553,8473,27998,5417,8142,34228,4344,7741,31042,Day_1,Fair,Intermediate,5mm,Experiment_2
2025-10-23T02:41:01.400Z,2430,6265,22883,3549,8481,28006,5403,8141,34249,4341,7741,31051,Day_1,Fair,Intermediate,5mm,Experiment_2
2025-10-23T02:41:01.440Z,2425,6263,22887,3545,8485,28009,5391,8136,34269,4337,7741,31062,Day_1,Fair,Intermediate,5mm,Experiment_2
2025-10-23T02:41:01.480Z,2420,6257,22887,3539,8480,28007,5381,8125,34274,4331,7738,31070,Day_1,Fair,Intermediate,5mm,Experiment_2
2025-10-23T02:41:01.520Z,2420,6252,22884,3540,8471,28005,5372,8112,34272,4327,7731,31073,Day_1,Fair,Intermediate,5mm,Experiment_2
2025-10-23T02:41:01.560Z,2427,6246,22879,3547,8460,28004,5372,8102,34261,4327,7725,31064,Day_1,Fair,Intermediate,5mm,Experiment_2
2025-10-23T02:41:01.600Z,2433,6237,22878,3552,8445,28004,5378,8103,34238,4328,7728,31042,Day_1,Fair,Intermediate,5mm,Experiment_2
2025-10-23T02:41:01.640Z,2436,6229,22879,3555,8435,28004,5379,8112,34216,4325,7735,31025,Day_1,Fair,Intermediate,5mm,Experiment_2
2025-10-23T02:41:01.680Z,2437,6230,22875,3558,8435,28001,5379,8122,34217,4324,7740,31026,Day_1,Fair,Intermediate,5mm,Experiment_2
2025-10-23T02:41:01.720Z,2435,6240,22868,3560,8443,27993,5389,8126,34234,4327,7738,31042,Day_1,Fair,Intermediate,5mm,Experiment_2
2025-10-23T02:41:01.760Z,2433,6250,22864,3556,8451,27989,5399,8121,34249,4327,7730,31055,Day_1,Fair,Intermediate,5mm,Experiment_2
2025-10-23T02:41:01.800Z,2431,6256,22867,3550,8455,27990,5396,8124,34251,4324,7728,31054,Day_1,Fair,Intermediate,5mm,Experiment_2
2025-10-23T02:41:01.840Z,2429,6255,22874,3543,8456,27992,5395,8135,34241,4326,7733,31041,Day_1,Fair,Intermediate,5mm,Experiment_2
2025-10-23T02:41:01.880Z,2426,6251,22880,3538,8453,27992,5413,8132,34230,4335,7734,31028,Day_1,Fair,Intermediate,5mm,Experiment_2
2025-10-23T02:41:01.920Z,2423,6249,22881,3536,8453,27992,5435,8118,34221,4346,7729,31019,Day_1,Fair,Intermediate,5mm,Experiment_2
2025-10-23T02:41:01.960Z,2419,6254,22885,3534,8459,27999,5439,8122,34210,4350,7730,31018,Day_1,Fair,Intermediate,5mm,Experiment_2
2025-10-23T02:41:02Z,2417,6258,22896,3532,8465,28012,5424,8142,34207,4348,7740,31026,Day_1,Fair,Intermediate,5mm,Experiment_2
2025-10-23T02:41:02.040Z,2418,6256,22906,3531,8465,28020,5408,8146,34215,4344,7745,31039,Day_1,Fair,Intermediate,5mm,Experiment_2
2025-10-23T02:41:02.080Z,2426,6252,22903,3538,8461,28016,5406,8131,34228,4343,7741,31047,Day_1,Fair,Intermediate,5mm,Experiment_2
2025-10-23T02:41:02.120Z,2434,6252,22895,3549,8459,28009,5409,8121,34240,4342,7739,31047,Day_1,Fair,Intermediate,5mm,Experiment_2
2025-10-23T02:41:02.160Z,2436,6252,22890,3556,8457,28007,5408,8129,34247,4339,7744,31045,Day_1,Fair,Intermediate,5mm,Experiment_2
2025-10-23T02:41:02.200Z,2438,6252,22893,3557,8455,28013,5403,8145,34249,4335,7750,31044,Day_1,Fair,Intermediate,5mm,Experiment_2
2025-10-23T02:41:02.240Z,2443,6253,22897,3559,8457,28021,5393,8159,34250,4330,7756,31046,Day_1,Fair,Intermediate,5mm,Experiment_2
2025-10-23T02:41:02.280Z,2448,6249,22896,3563,8455,28019,5386,8171,34256,4326,7760,31051,Day_1,Fair,Intermediate,5mm,Experiment_2
2025-10-23T02:41:02.320Z,2448,6237,22884,3567,8446,28005,5392,8179,34267,4326,7760,31054,Day_1,Fair,Intermediate,5mm,Experiment_2
2025-10-23T02:41:02.360Z,2443,6224,22869,3564,8434,27990,5403,8175,34273,4327,7755,31049,Day_1,Fair,Intermediate,5mm,Experiment_2
2025-10-23T02:41:02.400Z,2435,6217,22860,3555,8429,27982,5409,8164,34272,4330,7751,31043,Day_1,Fair,Intermediate,5mm,Experiment_2
2025-10-23T02:41:02.440Z,2426,6219,22862,3545,8431,27983,5412,8154,34268,4333,7748,31040,Day_1,Fair,Intermediate,5mm,Experiment_2
2025-10-23T02:41:02.480Z,2421,6228,22869,3541,8441,27987,5414,8143,34260,4334,7742,31041,Day_1,Fair,Intermediate,5mm,Experiment_2
2025-10-23T02:41:02.520Z,2425,6241,22878,3544,8454,27991,5408,8132,34252,4330,7736,31042,Day_1,Fair,Intermediate,5mm,Experiment_2
2025-10-23T02:41:02.560Z,2434,6250,22886,3552,8467,27994,5394,8127,34241,4323,7733,31041,Day_1,Fair,Intermediate,5mm,Experiment_2
2025-10-23T02:41:02.600Z,2437,6252,22885,3557,8472,27992,5381,8125,34228,4320,7737,31037,Day_1,Fair,Intermediate,5mm,Experiment_2
2025-10-23T02:41:02.640Z,2435,6248,22872,3557,8467,27984,5372,8117,34219,4317,7739,31032,Day_1,Fair,Intermediate,5mm,Experiment_2
2025-10-23T02:41:02.680Z,2435,6241,22856,3559,8456,27975,5368,8104,34224,4315,7736,31030,Day_1,Fair,Intermediate,5mm,Experiment_2
2025-10-23T02:41:02.720Z,2438,6236,22847,3563,8446,27971,5373,8098,34250,4320,7732,31038,Day_1,Fair,Intermediate,5mm,Experiment_2
2025-10-23T02:41:02.760Z,2440,6234,22848,3564,8441,27976,5383,8099,34282,4329,7730,31053,Day_1,Fair,Intermediate,5mm,Experiment_2
2025-10-23T02:41:02.800Z,2440,6239,22857,3564,8443,27984,5385,8094,34291,4332,7726,31059,Day_1,Fair,Intermediate,5mm,Experiment_2
2025-10-23T02:41:02.840Z,2441,6247,22867,3566,8449,27991,5388,8087,34272,4332,7723,31050,Day_1,Fair,Intermediate,5mm,Experiment_2
2025-10-23T02:41:02.880Z,2443,6252,22874,3571,8455,27992,5397,8086,34249,4334,7724,31038,Day_1,Fair,Intermediate,5mm,Experiment_2
2025-10-23T02:41:02.920Z,2443,6253,22877,3572,8460,27991,5405,8091,34244,4340,7730,31037,Day_1,Fair,Intermediate,5mm,Experiment_2
2025-10-23T02:41:02.960Z,2439,6251,22877,3567,8464,27988,5412,8100,34248,4344,7738,31043,Day_1,Fair,Intermediate,5mm,Experiment_2
2025-10-23T02:41:03Z,2429,6250,22877,3557,8465,27987,5417,8109,34250,4344,7745,31049,Day_1,Fair,Intermediate,5mm,Experiment_2
2025-10-23T02:41:03.040Z,2421,6247,22877,3550,8461,27989,5412,8115,34257,4338,7748,31052,Day_1,Fair,Intermediate,5mm,Experiment_2
2025-10-23T02:41:03.080Z,2421,6241,22880,3551,8453,27994,5397,8117,34266,4332,7747,31053,Day_1,Fair,Intermediate,5mm,Experiment_2
2025-10-23T02:41:03.120Z,2429,6235,22888,3559,8445,28003,5382,8115,34267,4331,7744,31055,Day_1,Fair,Intermediate,5mm,Experiment_2
2025-10-23T02:41:03.160Z,2438,6236,22892,3566,8441,28009,5370,8112,34266,4330,7740,31060,Day_1,Fair,Intermediate,5mm,Experiment_2
2025-10-23T02:41:03.200Z,2442,6242,22886,3569,8442,28007,5366,8115,34266,4326,7739,31061,Day_1,Fair,Intermediate,5mm,Experiment_2
2025-10-23T02:41:03.240Z,2443,6247,22879,3569,8445,28004,5375,8115,34260,4324,7739,31055,Day_1,Fair,Intermediate,5mm,Experiment_2
2025-10-23T02:41:03.280Z,2441,6250,22875,3566,8450,28001,5390,8104,34244,4323,7735,31048,Day_1,Fair,Intermediate,5mm,Experiment_2
2025-10-23T02:41:03.320Z,2439,6252,22872,3562,8455,27996,5403,8092,34227,4327,7731,31044,Day_1,Fair,Intermediate,5mm,Experiment_2
2025-10-23T02:41:03.360Z,2438,6251,22869,3560,8456,27991,5413,8090,34216,4332,7729,31040,Day_1,Fair,Intermediate,5mm,Experiment_2
2025-10-23T02:41:03.400Z,2435,6248,22867,3556,8455,27986,5409,8105,34213,4331,7731,31033,Day_1,Fair,Intermediate,5mm,Experiment_2
2025-10-23T02:41:03.440Z,2432,6245,22867,3552,8453,27982,5392,8134,34208,4324,7739,31027,Day_1,Fair,Intermediate,5mm,Experiment_2
2025-10-23T02:41:03.480Z,2432,6243,22872,3551,8451,27983,5379,8159,34195,4320,7746,31019,Day_1,Fair,Intermediate,5mm,Experiment_2
2025-10-23T02:41:03.521Z,2432,6243,22878,3550,8453,27985,5381,8171,34186,4324,7750,31017,Day_1,Fair,Intermediate,5mm,Experiment_2
2025-10-23T02:41:03.561Z,2428,6250,22875,3549,8463,27982,5390,8174,34204,4327,7752,31029,Day_1,Fair,Intermediate,5mm,Experiment_2
2025-10-23T02:41:03.601Z,2423,6259,22870,3547,8474,27980,5394,8169,34243,4329,7757,31050,Day_1,Fair,Intermediate,5mm,Experiment_2
2025-10-23T02:41:03.641Z,2419,6263,22875,3545,8476,27987,5393,8153,34278,4329,7759,31067,Day_1,Fair,Intermediate,5mm,Experiment_2
2025-10-23T02:41:03.681Z,2418,6263,22888,3542,8471,28000,5394,8138,34297,4330,7758,31072,Day_1,Fair,Intermediate,5mm,Experiment_2
2025-10-23T02:41:03.721Z,2421,6262,22902,3541,8468,28011,5400,8138,34299,4330,7758,31071,Day_1,Fair,Intermediate,5mm,Experiment_2
2025-10-23T02:41:03.761Z,2426,6259,22911,3544,8467,28016,5418,8141,34289,4334,7757,31069,Day_1,Fair,Intermediate,5mm,Experiment_2
2025-10-23T02:41:03.801Z,2435,6253,22913,3551,8462,28017,5441,8132,34274,4343,7751,31064,Day_1,Fair,Intermediate,5mm,Experiment_2
2025-10-23T02:41:03.841Z,2442,6246,22911,3561,8456,28014,5445,8125,34256,4348,7745,31056,Day_1,Fair,Intermediate,5mm,Experiment_2
2025-10-23T02:41:03.881Z,2444,6247,22905,3566,8457,28008,5428,8130,34242,4343,7749,31047,Day_1,Fair,Intermediate,5mm,Experiment_2
2025-10-23T02:41:03.921Z,2442,6255,22900,3565,8466,28004,5403,8140,34238,4331,7766,31041,Day_1,Fair,Intermediate,5mm,Experiment_2
2025-10-23T02:41:03.961Z,2436,6259,22898,3561,8470,28003,5383,8140,34243,4319,7783,31042,Day_1,Fair,Intermediate,5mm,Experiment_2
2025-10-23T02:41:04.001Z,2428,6256,22893,3555,8466,28002,5373,8131,34255,4314,7784,31051,Day_1,Fair,Intermediate,5mm,Experiment_2
2025-10-23T02:41:04.041Z,2425,6249,22881,3550,8460,27998,5375,8130,34266,4315,7769,31060,Day_1,Fair,Intermediate,5mm,Experiment_2
2025-10-23T02:41:04.081Z,2429,6242,22867,3549,8454,27992,5385,8136,34265,4321,7755,31058,Day_1,Fair,Intermediate,5mm,Experiment_2
2025-10-23T02:41:04.121Z,2436,6241,22861,3550,8452,27989,5385,8138,34250,4323,7749,31047,Day_1,Fair,Intermediate,5mm,Experiment_2
2025-10-23T02:41:04.161Z,2439,6247,22872,3552,8456,27997,5376,8141,34232,4322,7752,31038,Day_1,Fair,Intermediate,5mm,Experiment_2
2025-10-23T02:41:04.201Z,2433,6254,22893,3548,8466,28012,5375,8149,34224,4323,7761,31035,Day_1,Fair,Intermediate,5mm,Experiment_2
2025-10-23T02:41:04.241Z,2423,6258,22908,3542,8473,28022,5380,8149,34230,4324,7766,31041,Day_1,Fair,Intermediate,5mm,Experiment_2
2025-10-23T02:41:04.281Z,2421,6257,22912,3542,8473,28022,5377,8141,34242,4319,7763,31052,Day_1,Fair,Intermediate,5mm,Experiment_2
2025-10-23T02:41:04.321Z,2426,6252,22910,3548,8465,28021,5371,8136,34255,4310,7756,31060,Day_1,Fair,Intermediate,5mm,Experiment_2
2025-10-23T02:41:04.361Z,2427,6246,22905,3550,8454,28019,5378,8136,34270,4310,7748,31062,Day_1,Fair,Intermediate,5mm,Experiment_2
2025-10-23T02:41:04.401Z,2421,6242,22897,3547,8447,28016,5395,8134,34281,4322,7744,31062,Day_1,Fair,Intermediate,5mm,Experiment_2
2025-10-23T02:41:04.441Z,2415,6243,22894,3544,8450,28016,5400,8126,34276,4331,7743,31062,Day_1,Fair,Intermediate,5mm,Experiment_2
2025-10-23T02:41:04.481Z,2417,6253,22897,3545,8461,28019,5384,8123,34257,4326,7743,31058,Day_1,Fair,Intermediate,5mm,Experiment_2
2025-10-23T02:41:04.521Z,2426,6269,22900,3551,8477,28020,5370,8125,34242,4318,7742,31051,Day_1,Fair,Intermediate,5mm,Experiment_2
2025-10-23T02:41:04.561Z,2436,6275,22897,3559,8484,28014,5375,8128,34238,4319,7741,31049,Day_1,Fair,Intermediate,5mm,Experiment_2
2025-10-23T02:41:04.601Z,2435,6265,22890,3560,8474,28004,5386,8129,34240,4323,7741,31053,Day_1,Fair,Intermediate,5mm,Experiment_2
2025-10-23T02:41:04.641Z,2429,6250,22882,3554,8460,27992,5384,8130,34239,4321,7742,31057,Day_1,Fair,Intermediate,5mm,Experiment_2
2025-10-23T02:41:04.681Z,2427,6243,22876,3551,8455,27985,5377,8128,34237,4317,7739,31060,Day_1,Fair,Intermediate,5mm,Experiment_2
2025-10-23T02:41:04.721Z,2431,6246,22872,3553,8459,27983,5391,8121,34232,4324,7736,31062,Day_1,Fair,Intermediate,5mm,Experiment_2
2025-10-23T02:41:04.761Z,2436,6252,22871,3557,8464,27984,5416,8118,34217,4338,7736,31057,Day_1,Fair,Intermediate,5mm,Experiment_2
2025-10-23T02:41:04.801Z,2436,6259,22872,3559,8468,27987,5431,8123,34197,4348,7739,31044,Day_1,Fair,Intermediate,5mm,Experiment_2
2025-10-23T02:41:04.841Z,2432,6263,22873,3555,8469,27994,5437,8134,34186,4352,7745,31034,Day_1,Fair,Intermediate,5mm,Experiment_2
2025-10-23T02:41:04.881Z,2427,6265,22873,3548,8470,27998,5442,8143,34196,4353,7749,31033,Day_1,Fair,Intermediate,5mm,Experiment_2
2025-10-23T02:41:04.921Z,2425,6264,22872,3543,8470,27997,5438,8145,34221,4348,7752,31040,Day_1,Fair,Intermediate,5mm,Experiment_2
2025-10-23T02:41:04.961Z,2424,6260,22872,3540,8469,27995,5418,8145,34245,4340,7755,31047,Day_1,Fair,Intermediate,5mm,Experiment_2
2025-10-23T02:41:05.001Z,2428,6256,22876,3541,8469,27997,5395,8146,34258,4334,7758,31049,Day_1,Fair,Intermediate,5mm,Experiment_2
2025-10-23T02:41:05.041Z,2433,6254,22884,3546,8470,28005,5380,8146,34263,4331,7755,31052,Day_1,Fair,Intermediate,5mm,Experiment_2
2025-10-23T02:41:05.081Z,2434,6253,22890,3551,8470,28012,5375,8147,34268,4332,7749,31056,Day_1,Fair,Intermediate,5mm,Experiment_2
2025-10-23T02:41:05.121Z,2429,6251,22884,3553,8465,28007,5378,8149,34262,4334,7743,31054,Day_1,Fair,Intermediate,5mm,Experiment_2
2025-10-23T02:41:05.161Z,2427,6246,22871,3555,8458,27992,5381,8147,34239,4334,7740,31045,Day_1,Fair,Intermediate,5mm,Experiment_2
2025-10-23T02:41:05.201Z,2429,6242,22864,3557,8451,27977,5378,8144,34212,4329,7737,31034,Day_1,Fair,Intermediate,5mm,Experiment_2
2025-10-23T02:41:05.241Z,2427,6243,22865,3554,8449,27972,5365,8144,34205,4320,7739,31031,Day_1,Fair,Intermediate,5mm,Experiment_2
2025-10-23T02:41:05.281Z,2419,6248,22865,3545,8452,27976,5352,8139,34225,4311,7741,31035,Day_1,Fair,Intermediate,5mm,Experiment_2
2025-10-23T02:41:05.321Z,2414,6250,22867,3541,8455,27982,5354,8129,34255,4309,7742,31043,Day_1,Fair,Intermediate,5mm,Experiment_2
2025-10-23T02:41:05.361Z,2415,6245,22876,3540,8453,27992,5362,8125,34275,4314,7743,31052,Day_1,Fair,Intermediate,5mm,Experiment_2
2025-10-23T02:41:05.401Z,2418,6240,22892,3541,8454,28004,5364,8133,34281,4318,7747,31057,Day_1,Fair,Intermediate,5mm,Experiment_2
2025-10-23T02:41:05.441Z,2419,6241,22909,3541,8458,28017,5370,8145,34271,4321,7752,31056,Day_1,Fair,Intermediate,5mm,Experiment_2
2025-10-23T02:41:05.481Z,2422,6244,22917,3541,8460,28024,5389,8152,34255,4326,7754,31050,Day_1,Fair,Intermediate,5mm,Experiment_2
2025-10-23T02:41:05.521Z,2429,6245,22909,3545,8459,28020,5409,8150,34236,4331,7749,31041,Day_1,Fair,Intermediate,5mm,Experiment_2
2025-10-23T02:41:05.561Z,2438,6246,22891,3553,8459,28007,5414,8149,34211,4334,7745,31028,Day_1,Fair,Intermediate,5mm,Experiment_2
2025-10-23T02:41:05.601Z,2444,6246,22877,3559,8461,27998,5401,8157,34195,4333,7748,31020,Day_1,Fair,Intermediate,5mm,Experiment_2
2025-10-23T02:41:05.641Z,2442,6249,22877,3560,8467,27998,5388,8165,34205,4330,7753,31022,Day_1,Fair,Intermediate,5mm,Experiment_2
2025-10-23T02:41:05.681Z,2431,6255,22882,3552,8472,27998,5387,8157,34236,4329,7753,31028,Day_1,Fair,Intermediate,5mm,Experiment_2
2025-10-23T02:41:05.721Z,2420,6253,22877,3541,8469,27992,5391,8138,34263,4328,7747,31030,Day_1,Fair,Intermediate,5mm,Experiment_2
2025-10-23T02:41:05.761Z,2411,6243,22868,3533,8457,27984,5389,8126,34269,4325,7741,31030,Day_1,Fair,Intermediate,5mm,Experiment_2
2025-10-23T02:41:05.801Z,2405,6234,22864,3529,8446,27981,5384,8128,34258,4322,7741,31034,Day_1,Fair,Intermediate,5mm,Experiment_2
2025-10-23T02:41:05.841Z,2404,6235,22871,3531,8443,27987,5382,8134,34253,4323,7745,31044,Day_1,Fair,Intermediate,5mm,Experiment_2
2025-10-23T02:41:05.881Z,2411,6237,22883,3536,8444,27998,5378,8135,34255,4323,7745,31052,Day_1,Fair,Intermediate,5mm,Experiment_2
2025-10-23T02:41:05.921Z,2422,6235,22893,3542,8443,28008,5371,8129,34248,4320,7742,31050,Day_1,Fair,Intermediate,5mm,Experiment_2
2025-10-23T02:41:05.961Z,2431,6237,22900,3547,8449,28015,5373,8124,34233,4321,7737,31041,Day_1,Fair,Intermediate,5mm,Experiment_2
2025-10-23T02:41:06.001Z,2434,6246,22905,3547,8461,28018,5385,8122,34219,4329,7734,31030,Day_1,Fair,Intermediate,5mm,Experiment_2
2025-10-23T02:41:06.041Z,2433,6252,22902,3547,8466,28013,5397,8119,34208,4338,7731,31022,Day_1,Fair,Intermediate,5mm,Experiment_2
2025-10-23T02:41:06.081Z,2434,6252,22892,3551,8463,27996,5401,8113,34200,4339,7730,31015,Day_1,Fair,Intermediate,5mm,Experiment_2
2025-10-23T02:41:06.121Z,2438,6247,22879,3558,8456,27977,5396,8107,34195,4333,7732,31014,Day_1,Fair,Intermediate,5mm,Experiment_2
2025-10-23T02:41:06.161Z,2442,6241,22871,3565,8450,27968,5390,8106,34196,4328,7736,31020,Day_1,Fair,Intermediate,5mm,Experiment_2
2025-10-23T02:41:06.201Z,2450,6236,22870,3572,8449,27974,5384,8108,34198,4324,7737,31030,Day_1,Fair,Intermediate,5mm,Experiment_2
2025-10-23T02:41:06.241Z,2458,6231,22876,3578,8448,27987,5379,8111,34204,4322,7735,31039,Day_1,Fair,Intermediate,5mm,Experiment_2
2025-10-23T02:41:06.281Z,2455,6228,22883,3576,8445,27999,5382,8119,34215,4323,7736,31045,Day_1,Fair,Intermediate,5mm,Experiment_2
2025-10-23T02:41:06.321Z,2441,6225,22883,3565,8440,28000,5390,8132,34223,4329,7741,31048,Day_1,Fair,Intermediate,5mm,Experiment_2
2025-10-23T02:41:06.361Z,2424,6226,22876,3550,8437,27995,5393,8145,34229,4334,7747,31047,Day_1,Fair,Intermediate,5mm,Experiment_2
2025-10-23T02:41:06.401Z,2413,6229,22872,3540,8437,27994,5392,8150,34239,4335,7748,31045,Day_1,Fair,Intermediate,5mm,Experiment_2
2025-10-23T02:41:06.441Z,2411,6229,22871,3536,8437,27996,5390,8154,34254,4328,7748,31047,Day_1,Fair,Intermediate,5mm,Experiment_2
2025-10-23T02:41:06.481Z,2420,6228,22873,3542,8438,28001,5382,8160,34264,4317,7750,31050,Day_1,Fair,Intermediate,5mm,Experiment_2
2025-10-23T02:41:06.521Z,2434,6232,22883,3554,8442,28011,5377,8170,34258,4311,7756,31052,Day_1,Fair,Intermediate,5mm,Experiment_2
2025-10-23T02:41:06.561Z,2450,6242,22898,3568,8451,28023,5391,8178,34243,4320,7762,31054,Day_1,Fair,Intermediate,5mm,Experiment_2
2025-10-23T02:41:06.601Z,2461,6250,22911,3578,8457,28033,5414,8174,34232,4332,7762,31053,Day_1,Fair,Intermediate,5mm,Experiment_2
2025-10-23T02:41:06.641Z,2459,6245,22916,3576,8451,28038,5422,8155,34239,4335,7754,31050,Day_1,Fair,Intermediate,5mm,Experiment_2
2025-10-23T02:41:06.681Z,2445,6234,22913,3564,8440,28033,5412,8135,34261,4330,7743,31051,Day_1,Fair,Intermediate,5mm,Experiment_2
2025-10-23T02:41:06.721Z,2434,6233,22904,3552,8440,28018,5395,8128,34275,4323,7741,31053,Day_1,Fair,Intermediate,5mm,Experiment_2
2025-10-23T02:41:06.761Z,2433,6244,22894,3549,8450,28002,5385,8131,34270,4319,7744,31052,Day_1,Fair,Intermediate,5mm,Experiment_2
2025-10-23T02:41:06.801Z,2437,6252,22888,3551,8458,27998,5387,8131,34258,4322,7745,31046,Day_1,Fair,Intermediate,5mm,Experiment_2
2025-10-23T02:41:06.841Z,2443,6250,22883,3558,8454,28001,5392,8128,34250,4327,7743,31040,Day_1,Fair,Intermediate,5mm,Experiment_2
2025-10-23T02:41:06.881Z,2450,6240,22874,3565,8443,27997,5390,8133,34242,4329,7745,31038,Day_1,Fair,Intermediate,5mm,Experiment_2
2025-10-23T02:41:06.921Z,2453,6234,22868,3567,8437,27986,5389,8140,34241,4329,7746,31041,Day_1,Fair,Intermediate,5mm,Experiment_2
2025-10-23T02:41:06.961Z,2452,6234,22871,3566,8438,27982,5394,8135,34252,4331,7743,31049,Day_1,Fair,Intermediate,5mm,Experiment_2
2025-10-23T02:41:07.001Z,2452,6235,22886,3566,8442,27991,5405,8122,34262,4337,7740,31052,Day_1,Fair,Intermediate,5mm,Experiment_2
2025-10-23T02:41:07.041Z,2451,6233,22900,3569,8446,28006,5423,8112,34254,4342,7741,31041,Day_1,Fair,Intermediate,5mm,Experiment_2
2025-10-23T02:41:07.081Z,2452,6234,22908,3571,8451,28018,5429,8108,34238,4343,7742,31030,Day_1,Fair,Intermediate,5mm,Experiment_2
2025-10-23T02:41:07.121Z,2458,6239,22913,3578,8453,28030,5417,8115,34228,4337,7743,31028,Day_1,Fair,Intermediate,5mm,Experiment_2
2025-10-23T02:41:07.161Z,2465,6245,22918,3584,8453,28040,5403,8132,34221,4332,7745,31030,Day_1,Fair,Intermediate,5mm,Experiment_2
2025-10-23T02:41:07.201Z,2463,6252,22919,3580,8455,28042,5391,8148,34213,4331,7746,31030,Day_1,Fair,Intermediate,5mm,Experiment_2
2025-10-23T02:41:07.241Z,2455,6258,22909,3568,8459,28032,5374,8155,34212,4325,7745,31033,Day_1,Fair,Intermediate,5mm,Experiment_2
2025-10-23T02:41:07.281Z,2446,6262,22897,3556,8462,28019,5353,8157,34219,4312,7745,31041,Day_1,Fair,Intermediate,5mm,Experiment_2
2025-10-23T02:41:07.321Z,2441,6262,22888,3549,8463,28008,5343,8161,34221,4301,7749,31049,Day_1,Fair,Intermediate,5mm,Experiment_2
2025-10-23T02:41:07.361Z,2440,6259,22885,3548,8462,28003,5349,8159,34213,4303,7751,31052,Day_1,Fair,Intermediate,5mm,Experiment_2
2025-10-23T02:41:07.401Z,2443,6259,22888,3553,8465,28004,5364,8142,34203,4312,7748,31050,Day_1,Fair,Intermediate,5mm,Experiment_2
2025-10-23T02:41:07.441Z,2450,6265,22888,3564,8472,28003,5378,8118,34202,4320,7741,31045,Day_1,Fair,Intermediate,5mm,Experiment_2
2025-10-23T02:41:07.482Z,2458,6271,22879,3574,8475,27997,5390,8101,34214,4323,7735,31040,Day_1,Fair,Intermediate,5mm,Experiment_2
2025-10-23T02:41:07.522Z,2458,6266,22869,3575,8468,27988,5403,8095,34229,4325,7729,31037,Day_1,Fair,Intermediate,5mm,Experiment_2
2025-10-23T02:41:07.562Z,2450,6255,22863,3570,8459,27982,5408,8092,34231,4325,7723,31033,Day_1,Fair,Intermediate,5mm,Experiment_2
2025-10-23T02:41:07.602Z,2444,6244,22862,3567,8453,27982,5401,8084,34222,4324,7716,31029,Day_1,Fair,Intermediate,5mm,Experiment_2
2025-10-23T02:41:07.642Z,2442,6239,22864,3566,8453,27987,5392,8078,34223,4325,7713,31032,Day_1,Fair,Intermediate,5mm,Experiment_2
2025-10-23T02:41:07.682Z,2440,6239,22869,3563,8453,27993,5395,8092,34242,4328,7722,31044,Day_1,Fair,Intermediate,5mm,Experiment_2
2025-10-23T02:41:07.722Z,2435,6242,22876,3557,8454,27997,5410,8118,34257,4331,7733,31052,Day_1,Fair,Intermediate,5mm,Experiment_2
2025-10-23T02:41:07.762Z,2431,6250,22878,3554,8459,27997,5429,8134,34253,4335,7738,31053,Day_1,Fair,Intermediate,5mm,Experiment_2
2025-10-23T02:41:07.802Z,2439,6263,22870,3562,8469,27990,5442,8135,34243,4340,7736,31052,Day_1,Fair,Intermediate,5mm,Experiment_2
2025-10-23T02:41:07.842Z,2458,6273,22861,3582,8474,27983,5443,8128,34231,4343,7733,31046,Day_1,Fair,Intermediate,5mm,Experiment_2
2025-10-23T02:41:07.882Z,2471,6272,22865,3596,8470,27982,5439,8122,34222,4342,7732,31040,Day_1,Fair,Intermediate,5mm,Experiment_2
2025-10-23T02:41:07.922Z,2470,6263,22876,3594,8461,27983,5436,8120,34228,4341,7734,31042,Day_1,Fair,Intermediate,5mm,Experiment_2
2025-10-23T02:41:07.962Z,2465,6251,22880,3586,8453,27980,5431,8116,34247,4339,7736,31052,Day_1,Fair,Intermediate,5mm,Experiment_2
2025-10-23T02:41:08.002Z,2459,6242,22875,3577,8450,27978,5420,8102,34264,4336,7731,31060,Day_1,Fair,Intermediate,5mm,Experiment_2
2025-10-23T02:41:08.042Z,2449,6237,22873,3566,8448,27981,5403,8085,34270,4332,7721,31063,Day_1,Fair,Intermediate,5mm,Experiment_2
2025-10-23T02:41:08.082Z,2443,6233,22877,3561,8444,27992,5391,8082,34262,4329,7719,31056,Day_1,Fair,Intermediate,5mm,Experiment_2
2025-10-23T02:41:08.122Z,2444,6229,22883,3565,8440,28004,5394,8094,34247,4328,7728,31043,Day_1,Fair,Intermediate,5mm,Experiment_2
2025-10-23T02:41:08.162Z,2447,6229,22887,3568,8440,28011,5405,8109,34236,4325,7742,31034,Day_1,Fair,Intermediate,5mm,Experiment_2
2025-10-23T02:41:08.202Z,2448,6236,22889,3566,8448,28014,5405,8124,34232,4318,7749,31032,Day_1,Fair,Intermediate,5mm,Experiment_2
2025-10-23T02:41:08.242Z,2446,6244,22888,3563,8459,28015,5390,8132,34229,4311,7746,31032,Day_1,Fair,Intermediate,5mm,Experiment_2
2025-10-23T02:41:08.282Z,2443,6251,22889,3563,8467,28014,5372,8132,34227,4307,7739,31031,Day_1,Fair,Intermediate,5mm,Experiment_2
2025-10-23T02:41:08.322Z,2446,6251,22889,3570,8467,28014,5365,8125,34235,4306,7735,31033,Day_1,Fair,Intermediate,5mm,Experiment_2
2025-10-23T02:41:08.362Z,2450,6246,22886,3577,8462,28011,5371,8119,34253,4307,7733,31043,Day_1,Fair,Intermediate,5mm,Experiment_2
2025-10-23T02:41:08.402Z,2448,6241,22881,3575,8458,28008,5381,8117,34262,4311,7732,31051,Day_1,Fair,Intermediate,5mm,Experiment_2
2025-10-23T02:41:08.442Z,2440,6239,22879,3564,8458,28008,5388,8119,34251,4315,7731,31051,Day_1,Fair,Intermediate,5mm,Experiment_2
2025-10-23T02:41:08.482Z,2432,6242,22879,3553,8461,28008,5391,8124,34232,4321,7733,31046,Day_1,Fair,Intermediate,5mm,Experiment_2
2025-10-23T02:41:08.522Z,2419,6247,22881,3548,8463,28006,5387,8133,34223,4325,7739,31041,Day_1,Fair,Intermediate,5mm,Experiment_2
2025-10-23T02:41:08.562Z,2392,6249,22883,3546,8459,28002,5382,8138,34228,4326,7744,31039,Day_1,Fair,Intermediate,5mm,Experiment_2
2025-10-23T02:41:08.602Z,2360,6245,22883,3544,8451,27997,5386,8134,34240,4328,7743,31042,Day_1,Fair,Intermediate,5mm,Experiment_2
2025-10-23T02:41:08.642Z,2318,6239,22880,3545,8445,27994,5396,8123,34250,4332,7739,31047,Day_1,Fair,Intermediate,5mm,Experiment_2
2025-10-23T02:41:08.682Z,2249,6241,22877,3551,8447,27992,5403,8113,34252,4337,7734,31048,Day_1,Fair,Intermediate,5mm,Experiment_2
2025-10-23T02:41:08.722Z,2213,6251,22876,3556,8455,27991,5405,8102,34251,4338,7726,31047,Day_1,Fair,Intermediate,5mm,Experiment_2
2025-10-23T02:41:08.762Z,2279,6256,22874,3562,8461,27991,5400,8097,34253,4333,7720,31046,Day_1,Fair,Intermediate,5mm,Experiment_2
2025-10-23T02:41:08.802Z,2384,6256,22876,3570,8465,27994,5395,8095,34260,4328,7717,31048,Day_1,Fair,Intermediate,5mm,Experiment_2
2025-10-23T02:41:08.842Z,2452,6258,22882,3578,8470,27998,5394,8086,34265,4329,7714,31060,Day_1,Fair,Intermediate,5mm,Experiment_2
2025-10-23T02:41:08.882Z,2497,6263,22895,3580,8477,28004,5391,8077,34267,4332,7712,31074,Day_1,Fair,Intermediate,5mm,Experiment_2
2025-10-23T02:41:08.922Z,2554,6268,22907,3574,8481,28011,5377,8085,34270,4330,7716,31078,Day_1,Fair,Intermediate,5mm,Experiment_2
2025-10-23T02:41:08.962Z,2619,6269,22908,3564,8481,28014,5358,8104,34282,4323,7723,31074,Day_1,Fair,Intermediate,5mm,Experiment_2
2025-10-23T02:41:09.002Z,2733,6266,22899,3555,8478,28012,5357,8122,34291,4317,7730,31067,Day_1,Fair,Intermediate,5mm,Experiment_2
2025-10-23T02:41:09.042Z,2946,6260,22891,3550,8470,28009,5375,8140,34277,4318,7742,31054,Day_1,Fair,Intermediate,5mm,Experiment_2
2025-10-23T02:41:09.082Z,3072,6248,22890,3552,8457,28009,5394,8153,34255,4322,7752,31041,Day_1,Fair,Intermediate,5mm,Experiment_2
2025-10-23T02:41:09.122Z,2906,6236,22889,3557,8446,28010,5400,8145,34250,4324,7752,31037,Day_1,Fair,Intermediate,5mm,Experiment_2
2025-10-23T02:41:09.162Z,2623,6235,22884,3559,8451,28008,5399,8122,34260,4326,7742,31043,Day_1,Fair,Intermediate,5mm,Experiment_2
2025-10-23T02:41:09.202Z,2461,6248,22880,3560,8465,28004,5394,8101,34272,4330,7731,31052,Day_1,Fair,Intermediate,5mm,Experiment_2
2025-10-23T02:41:09.242Z,2416,6261,22879,3565,8475,27999,5387,8093,34280,4332,7725,31059,Day_1,Fair,Intermediate,5mm,Experiment_2
2025-10-23T02:41:09.283Z,2405,6263,22881,3577,8472,27996,5384,8096,34277,4335,7727,31056,Day_1,Fair,Intermediate,5mm,Experiment_2
2025-10-23T02:41:09.323Z,2380,6254,22886,3588,8462,27998,5384,8103,34271,4337,7731,31049,Day_1,Fair,Intermediate,5mm,Experiment_2
2025-10-23T02:41:09.363Z,2295,6242,22889,3585,8452,28003,5385,8111,34267,4336,7735,31041,Day_1,Fair,Intermediate,5mm,Experiment_2
2025-10-23T02:41:09.403Z,2138,6233,22886,3576,8447,28004,5384,8123,34257,4332,7742,31033,Day_1,Fair,Intermediate,5mm,Experiment_2
2025-10-23T02:41:09.443Z,2049,6236,22880,3573,8451,27998,5382,8141,34249,4328,7749,31032,Day_1,Fair,Intermediate,5mm,Experiment_2
2025-10-23T02:41:09.483Z,2152,6249,22875,3573,8462,27991,5385,8154,34257,4329,7750,31041,Day_1,Fair,Intermediate,5mm,Experiment_2
2025-10-23T02:41:09.523Z,2330,6259,22872,3573,8469,27986,5399,8155,34264,4338,7746,31049,Day_1,Fair,Intermediate,5mm,Experiment_2
2025-10-23T02:41:09.563Z,2432,6260,22872,3573,8468,27986,5418,8146,34253,4346,7741,31045,Day_1,Fair,Intermediate,5mm,Experiment_2
2025-10-23T02:41:09.603Z,2460,6262,22874,3574,8466,27991,5428,8129,34236,4347,7732,31041,Day_1,Fair,Intermediate,5mm,Experiment_2
2025-10-23T02:41:09.642Z,2466,6263,22878,3577,8467,27999,5421,8106,34226,4341,7720,31042,Day_1,Fair,Intermediate,5mm,Experiment_2
2025-10-23T02:41:09.682Z,2470,6263,22880,3577,8468,28000,5407,8093,34220,4335,7712,31046,Day_1,Fair,Intermediate,5mm,Experiment_2
2025-10-23T02:41:09.722Z,2479,6264,22879,3568,8468,27996,5398,8103,34218,4331,7716,31051,Day_1,Fair,Intermediate,5mm,Experiment_2
2025-10-23T02:41:09.762Z,2500,6267,22877,3553,8469,27992,5396,8120,34220,4331,7729,31056,Day_1,Fair,Intermediate,5mm,Experiment_2
2025-10-23T02:41:09.802Z,2508,6269,22875,3542,8469,27992,5395,8130,34223,4333,7739,31055,Day_1,Fair,Intermediate,5mm,Experiment_2
2025-10-23T02:41:09.842Z,2480,6265,22874,3539,8468,27994,5389,8138,34222,4328,7746,31048,Day_1,Fair,Intermediate,5mm,Experiment_2
2025-10-23T02:41:09.882Z,2444,6259,22875,3541,8465,27997,5373,8149,34214,4316,7752,31037,Day_1,Fair,Intermediate,5mm,Experiment_2
2025-10-23T02:41:09.922Z,2431,6254,22878,3548,8462,27998,5357,8157,34209,4304,7756,31029,Day_1,Fair,Intermediate,5mm,Experiment_2
2025-10-23T02:41:09.962Z,2436,6254,22881,3557,8465,27999,5352,8156,34218,4301,7758,31029,Day_1,Fair,Intermediate,5mm,Experiment_2
2025-10-23T02:41:10.002Z,2446,6258,22881,3566,8471,27999,5366,8156,34226,4309,7762,31031,Day_1,Fair,Intermediate,5mm,Experiment_2
2025-10-23T02:41:10.042Z,2454,6258,22881,3570,8471,28003,5390,8166,34218,4325,7766,31030,Day_1,Fair,Intermediate,5mm,Experiment_2
2025-10-23T02:41:10.082Z,2452,6251,22886,3567,8462,28009,5406,8185,34211,4340,7769,31032,Day_1,Fair,Intermediate,5mm,Experiment_2
2025-10-23T02:41:10.122Z,2438,6241,22893,3554,8450,28013,5409,8195,34223,4346,7768,31042,Day_1,Fair,Intermediate,5mm,Experiment_2
2025-10-23T02:41:10.162Z,2420,6235,22892,3537,8444,28008,5411,8183,34236,4348,7759,31047,Day_1,Fair,Intermediate,5mm,Experiment_2
2025-10-23T02:41:10.202Z,2407,6234,22883,3525,8444,27997,5419,8157,34228,4350,7746,31039,Day_1,Fair,Intermediate,5mm,Experiment_2
2025-10-23T02:41:10.242Z,2404,6234,22873,3521,8443,27987,5418,8133,34214,4349,7732,31030,Day_1,Fair,Intermediate,5mm,Experiment_2
2025-10-23T02:41:10.282Z,2411,6230,22865,3528,8439,27985,5404,8120,34214,4340,7726,31030,Day_1,Fair,Intermediate,5mm,Experiment_2
2025-10-23T02:41:10.322Z,2424,6227,22852,3542,8437,27987,5387,8121,34222,4332,7730,31033,Day_1,Fair,Intermediate,5mm,Experiment_2
2025-10-23T02:41:10.363Z,2432,6231,22827,3556,8442,27986,5386,8128,34220,4329,7740,31031,Day_1,Fair,Intermediate,5mm,Experiment_2
2025-10-23T02:41:10.403Z,2430,6238,22797,3561,8449,27983,5398,8130,34200,4330,7749,31022,Day_1,Fair,Intermediate,5mm,Experiment_2
2025-10-23T02:41:10.443Z,2420,6241,22750,3552,8450,27979,5409,8120,34178,4334,7750,31013,Day_1,Fair,Intermediate,5mm,Experiment_2
2025-10-23T02:41:10.483Z,2414,6241,22675,3541,8447,27976,5406,8111,34176,4336,7743,31014,Day_1,Fair,Intermediate,5mm,Experiment_2
2025-10-23T02:41:10.523Z,2417,6240,22641,3538,8445,27980,5399,8117,34191,4336,7740,31024,Day_1,Fair,Intermediate,5mm,Experiment_2
2025-10-23T02:41:10.563Z,2424,6241,22718,3543,8448,27992,5409,8127,34210,4337,7740,31036,Day_1,Fair,Intermediate,5mm,Experiment_2
2025-10-23T02:41:10.603Z,2429,6244,22836,3548,8454,28005,5440,8125,34233,4337,7738,31048,Day_1,Fair,Intermediate,5mm,Experiment_2
2025-10-23T02:41:10.643Z,2432,6247,22910,3553,8458,28009,5471,8116,34250,4332,7733,31058,Day_1,Fair,Intermediate,5mm,Experiment_2
2025-10-23T02:41:10.683Z,2439,6248,22960,3559,8461,28006,5475,8115,34247,4327,7733,31061,Day_1,Fair,Intermediate,5mm,Experiment_2
2025-10-23T02:41:10.722Z,2448,6249,23019,3564,8464,28005,5455,8120,34230,4330,7736,31057,Day_1,Fair,Intermediate,5mm,Experiment_2
2025-10-23T02:41:10.762Z,2452,6254,23033,3564,8468,28008,5438,8121,34226,4341,7738,31053,Day_1,Fair,Intermediate,5mm,Experiment_2
2025-10-23T02:41:10.802Z,2449,6258,22929,3560,8472,28009,5435,8118,34241,4350,7738,31054,Day_1,Fair,Intermediate,5mm,Experiment_2
2025-10-23T02:41:10.842Z,2444,6255,22755,3558,8469,28007,5427,8118,34249,4347,7738,31051,Day_1,Fair,Intermediate,5mm,Experiment_2
2025-10-23T02:41:10.882Z,2439,6249,22656,3557,8461,28007,5407,8120,34233,4335,7737,31039,Day_1,Fair,Intermediate,5mm,Experiment_2
2025-10-23T02:41:10.922Z,2434,6244,22689,3555,8454,28010,5385,8114,34215,4322,7731,31026,Day_1,Fair,Intermediate,5mm,Experiment_2
2025-10-23T02:41:10.962Z,2433,6237,22757,3554,8450,28011,5372,8100,34217,4314,7722,31023,Day_1,Fair,Intermediate,5mm,Experiment_2
2025-10-23T02:41:11.002Z,2435,6229,22787,3557,8452,28009,5363,8089,34232,4312,7717,31028,Day_1,Fair,Intermediate,5mm,Experiment_2
2025-10-23T02:41:11.042Z,2440,6229,22794,3562,8463,28005,5365,8084,34254,4315,7717,31039,Day_1,Fair,Intermediate,5mm,Experiment_2
2025-10-23T02:41:11.082Z,2448,6240,22783,3568,8480,28005,5383,8079,34273,4321,7716,31051,Day_1,Fair,Intermediate,5mm,Experiment_2
2025-10-23T02:41:11.122Z,2455,6255,22769,3571,8487,28008,5406,8075,34275,4329,7717,31055,Day_1,Fair,Intermediate,5mm,Experiment_2
2025-10-23T02:41:11.162Z,2455,6261,22772,3567,8484,28014,5419,8081,34261,4337,7722,31053,Day_1,Fair,Intermediate,5mm,Experiment_2
2025-10-23T02:41:11.202Z,2447,6258,22758,3560,8475,28017,5418,8099,34243,4343,7731,31050,Day_1,Fair,Intermediate,5mm,Experiment_2
2025-10-23T02:41:11.242Z,2440,6252,22748,3555,8468,28015,5409,8121,34230,4344,7741,31045,Day_1,Fair,Intermediate,5mm,Experiment_2
2025-10-23T02:41:11.282Z,2434,6249,22801,3551,8462,28010,5403,8138,34226,4345,7748,31037,Day_1,Fair,Intermediate,5mm,Experiment_2
2025-10-23T02:41:11.322Z,2428,6246,22885,3547,8459,28004,5403,8144,34229,4348,7748,31034,Day_1,Fair,Intermediate,5mm,Experiment_2
2025-10-23T02:41:11.362Z,2431,6244,22929,3549,8458,27997,5402,8144,34234,4348,7745,31038,Day_1,Fair,Intermediate,5mm,Experiment_2
2025-10-23T02:41:11.402Z,2444,6243,22919,3563,8457,27992,5394,8143,34244,4341,7743,31045,Day_1,Fair,Intermediate,5mm,Experiment_2
2025-10-23T02:41:11.443Z,2458,6235,22889,3577,8449,27990,5384,8140,34267,4331,7741,31052,Day_1,Fair,Intermediate,5mm,Experiment_2
2025-10-23T02:41:11.483Z,2463,6224,22868,3582,8436,27988,5379,8136,34282,4326,7737,31051,Day_1,Fair,Intermediate,5mm,Experiment_2
2025-10-23T02:41:11.523Z,2461,6221,22863,3577,8430,27988,5384,8137,34264,4330,7735,31039,Day_1,Fair,Intermediate,5mm,Experiment_2
2025-10-23T02:41:11.563Z,2458,6225,22869,3571,8431,27993,5397,8133,34231,4336,7734,31024,Day_1,Fair,Intermediate,5mm,Experiment_2
2025-10-23T02:41:11.603Z,2454,6226,22877,3567,8433,27998,5409,8120,34215,4340,7732,31020,Day_1,Fair,Intermediate,5mm,Experiment_2
2025-10-23T02:41:11.643Z,2445,6228,22884,3560,8435,28003,5418,8104,34218,4340,7728,31024,Day_1,Fair,Intermediate,5mm,Experiment_2
2025-10-23T02:41:11.683Z,2436,6236,22891,3553,8443,28008,5431,8093,34227,4338,7723,31030,Day_1,Fair,Intermediate,5mm,Experiment_2
2025-10-23T02:41:11.723Z,2434,6251,22899,3552,8456,28014,5445,8090,34233,4337,7720,31033,Day_1,Fair,Intermediate,5mm,Experiment_2
2025-10-23T02:41:11.763Z,2441,6261,22904,3557,8469,28018,5446,8092,34235,4335,7721,31036,Day_1,Fair,Intermediate,5mm,Experiment_2
2025-10-23T02:41:11.803Z,2453,6263,22902,3564,8476,28017,5432,8100,34237,4333,7728,31039,Day_1,Fair,Intermediate,5mm,Experiment_2
2025-10-23T02:41:11.843Z,2455,6258,22891,3562,8475,28009,5413,8113,34238,4333,7740,31040,Day_1,Fair,Intermediate,5mm,Experiment_2
2025-10-23T02:41:11.883Z,2447,6256,22879,3556,8471,27997,5402,8130,34231,4336,7752,31035,Day_1,Fair,Intermediate,5mm,Experiment_2
2025-10-23T02:41:11.923Z,2441,6257,22869,3557,8468,27986,5400,8144,34224,4340,7760,31030,Day_1,Fair,Intermediate,5mm,Experiment_2
2025-10-23T02:41:11.963Z,2440,6256,22867,3565,8469,27985,5400,8154,34233,4340,7763,31031,Day_1,Fair,Intermediate,5mm,Experiment_2
2025-10-23T02:41:12.003Z,2443,6257,22876,3569,8472,27997,5399,8162,34238,4338,7764,31037,Day_1,Fair,Intermediate,5mm,Experiment_2
2025-10-23T02:41:12.043Z,2448,6259,22884,3569,8474,28007,5403,8164,34207,4337,7763,31038,Day_1,Fair,Intermediate,5mm,Experiment_2
2025-10-23T02:41:12.083Z,2448,6254,22882,3566,8467,28005,5402,8152,34153,4335,7757,31034,Day_1,Fair,Intermediate,5mm,Experiment_2
2025-10-23T02:41:12.123Z,2446,6249,22873,3563,8457,27994,5387,8130,34073,4327,7747,31024,Day_1,Fair,Intermediate,5mm,Experiment_2
2025-10-23T02:41:12.163Z,2447,6249,22868,3564,8453,27986,5372,8112,33950,4320,7740,31007,Day_1,Fair,Intermediate,5mm,Experiment_2
2025-10-23T02:41:12.203Z,2447,6249,22874,3564,8450,27990,5377,8110,33888,4322,7738,30997,Day_1,Fair,Intermediate,5mm,Experiment_2
2025-10-23T02:41:12.243Z,2440,6245,22884,3558,8446,28002,5396,8126,33993,4331,7743,31008,Day_1,Fair,Intermediate,5mm,Experiment_2
2025-10-23T02:41:12.283Z,2429,6238,22889,3548,8443,28009,5412,8145,34162,4337,7749,31028,Day_1,Fair,Intermediate,5mm,Experiment_2
2025-10-23T02:41:12.323Z,2425,6233,22886,3542,8442,28006,5411,8151,34275,4337,7752,31044,Day_1,Fair,Intermediate,5mm,Experiment_2
2025-10-23T02:41:12.363Z,2433,6229,22878,3544,8440,27998,5399,8148,34369,4331,7755,31060,Day_1,Fair,Intermediate,5mm,Experiment_2
2025-10-23T02:41:12.403Z,2447,6228,22873,3553,8437,27990,5385,8148,34515,4324,7759,31083,Day_1,Fair,Intermediate,5mm,Experiment_2
2025-10-23T02:41:12.443Z,2457,6233,22870,3562,8438,27987,5381,8155,34674,4321,7762,31106,Day_1,Fair,Intermediate,5mm,Experiment_2
2025-10-23T02:41:12.483Z,2462,6243,22868,3569,8447,27989,5387,8158,34873,4320,7759,31139,Day_1,Fair,Intermediate,5mm,Experiment_2
2025-10-23T02:41:12.523Z,2464,6247,22868,3572,8454,27993,5405,8153,35220,4325,7752,31202,Day_1,Fair,Intermediate,5mm,Experiment_2
2025-10-23T02:41:12.563Z,2462,6239,22873,3572,8449,28002,5426,8143,35404,4333,7744,31241,Day_1,Fair,Intermediate,5mm,Experiment_2
2025-10-23T02:41:12.603Z,2458,6226,22882,3572,8438,28014,5433,8136,35039,4338,7740,31187,Day_1,Fair,Intermediate,5mm,Experiment_2
2025-10-23T02:41:12.643Z,2456,6223,22882,3570,8433,28016,5424,8138,34428,4336,7743,31086,Day_1,Fair,Intermediate,5mm,Experiment_2
2025-10-23T02:41:12.683Z,2452,6231,22873,3565,8437,28007,5412,8150,34005,4332,7751,31012,Day_1,Fair,Intermediate,5mm,Experiment_2
2025-10-23T02:41:12.723Z,2446,6242,22867,3557,8446,27998,5406,8157,33665,4330,7755,30949,Day_1,Fair,Intermediate,5mm,Experiment_2
2025-10-23T02:41:12.763Z,2444,6253,22873,3553,8458,27998,5398,8150,33189,4328,7750,30861,Day_1,Fair,Intermediate,5mm,Experiment_2
2025-10-23T02:41:12.803Z,2449,6260,22888,3554,8466,28006,5373,8132,32933,4320,7740,30814,Day_1,Fair,Intermediate,5mm,Experiment_2
2025-10-23T02:41:12.843Z,2470,6257,22898,3559,8465,28013,5345,8114,33312,4308,7732,30879,Day_1,Fair,Intermediate,5mm,Experiment_2
2025-10-23T02:41:12.883Z,2503,6250,22901,3569,8458,28015,5337,8101,33959,4305,7727,30995,Day_1,Fair,Intermediate,5mm,Experiment_2
2025-10-23T02:41:12.923Z,2521,6244,22902,3574,8451,28020,5354,8096,34337,4313,7727,31067,Day_1,Fair,Intermediate,5mm,Experiment_2
2025-10-23T02:41:12.963Z,2500,6236,22907,3570,8443,28029,5388,8100,34410,4330,7730,31085,Day_1,Fair,Intermediate,5mm,Experiment_2
2025-10-23T02:41:13.003Z,2463,6231,22908,3564,8437,28031,5422,8110,34400,4346,7733,31084,Day_1,Fair,Intermediate,5mm,Experiment_2
2025-10-23T02:41:13.043Z,2440,6236,22900,3560,8441,28024,5434,8119,34409,4345,7737,31079,Day_1,Fair,Intermediate,5mm,Experiment_2
2025-10-23T02:41:13.083Z,2433,6245,22893,3559,8450,28016,5421,8116,34439,4326,7736,31074,Day_1,Fair,Intermediate,5mm,Experiment_2
2025-10-23T02:41:13.123Z,2432,6250,22888,3562,8454,28011,5412,8100,34505,4304,7728,31081,Day_1,Fair,Intermediate,5mm,Experiment_2
2025-10-23T02:41:13.163Z,2423,6248,22884,3563,8453,28005,5421,8088,34532,4297,7720,31089,Day_1,Fair,Intermediate,5mm,Experiment_2
2025-10-23T02:41:13.203Z,2380,6248,22881,3556,8456,27999,5429,8094,34439,4307,7722,31077,Day_1,Fair,Intermediate,5mm,Experiment_2
2025-10-23T02:41:13.243Z,2309,6252,22880,3547,8463,27995,5424,8102,34318,4319,7726,31058,Day_1,Fair,Intermediate,5mm,Experiment_2
2025-10-23T02:41:13.283Z,2274,6256,22878,3546,8467,27994,5414,8098,34265,4327,7726,31049,Day_1,Fair,Intermediate,5mm,Experiment_2
2025-10-23T02:41:13.323Z,2316,6258,22880,3548,8467,27995,5408,8095,34255,4332,7727,31046,Day_1,Fair,Intermediate,5mm,Experiment_2
2025-10-23T02:41:13.363Z,2379,6263,22884,3546,8468,27998,5412,8104,34244,4337,7732,31042,Day_1,Fair,Intermediate,5mm,Experiment_2
2025-10-23T02:41:13.403Z,2411,6270,22888,3541,8474,27999,5422,8112,34226,4343,7736,31037,Day_1,Fair,Intermediate,5mm,Experiment_2
2025-10-23T02:41:13.443Z,2420,6271,22891,3541,8478,28004,5421,8106,34209,4343,7736,31034,Day_1,Fair,Intermediate,5mm,Experiment_2
2025-10-23T02:41:13.483Z,2426,6269,22895,3545,8481,28013,5403,8098,34204,4336,7733,31034,Day_1,Fair,Intermediate,5mm,Experiment_2
2025-10-23T02:41:13.523Z,2432,6271,22897,3553,8488,28021,5385,8105,34214,4330,7733,31039,Day_1,Fair,Intermediate,5mm,Experiment_2
2025-10-23T02:41:13.563Z,2439,6272,22893,3558,8491,28023,5386,8123,34231,4333,7739,31044,Day_1,Fair,Intermediate,5mm,Experiment_2
2025-10-23T02:41:13.604Z,2449,6261,22886,3558,8481,28017,5397,8130,34243,4340,7740,31044,Day_1,Fair,Intermediate,5mm,Experiment_2
2025-10-23T02:41:13.644Z,2454,6251,22882,3555,8466,28009,5401,8123,34243,4343,7735,31041,Day_1,Fair,Intermediate,5mm,Experiment_2
2025-10-23T02:41:13.684Z,2448,6252,22882,3551,8459,28002,5395,8114,34234,4340,7731,31042,Day_1,Fair,Intermediate,5mm,Experiment_2
2025-10-23T02:41:13.724Z,2442,6255,22883,3550,8458,28001,5388,8112,34223,4336,7735,31044,Day_1,Fair,Intermediate,5mm,Experiment_2
2025-10-23T02:41:13.764Z,2445,6234,22882,3556,8455,28000,5387,8118,34211,4331,7744,31042,Day_1,Fair,Intermediate,5mm,Experiment_2
2025-10-23T02:41:13.804Z,2451,6149,22880,3566,8452,28000,5386,8121,34206,4325,7751,31042,Day_1,Fair,Intermediate,5mm,Experiment_2
2025-10-23T02:41:13.844Z,2454,5997,22879,3571,8449,27999,5384,8110,34220,4318,7747,31049,Day_1,Fair,Intermediate,5mm,Experiment_2
2025-10-23T02:41:13.884Z,2453,5881,22879,3571,8449,28000,5390,8091,34242,4318,7736,31061,Day_1,Fair,Intermediate,5mm,Experiment_2
2025-10-23T02:41:13.924Z,2453,5897,22879,3568,8453,28002,5411,8085,34251,4328,7730,31066,Day_1,Fair,Intermediate,5mm,Experiment_2
2025-10-23T02:41:13.963Z,2451,6010,22881,3566,8459,28003,5434,8091,34239,4340,7731,31058,Day_1,Fair,Intermediate,5mm,Experiment_2
2025-10-23T02:41:14.003Z,2445,6175,22888,3561,8467,28006,5438,8100,34221,4345,7732,31047,Day_1,Fair,Intermediate,5mm,Experiment_2
2025-10-23T02:41:14.043Z,2436,6433,22896,3556,8482,28009,5421,8110,34217,4339,7730,31045,Day_1,Fair,Intermediate,5mm,Experiment_2
2025-10-23T02:41:14.083Z,2434,6838,22897,3553,8508,28007,5400,8117,34222,4330,7728,31044,Day_1,Fair,Intermediate,5mm,Experiment_2
2025-10-23T02:41:14.123Z,2438,7220,22889,3554,8530,28001,5398,8120,34224,4327,7729,31041,Day_1,Fair,Intermediate,5mm,Experiment_2
2025-10-23T02:41:14.163Z,2437,7251,22880,3552,8524,27994,5410,8130,34223,4331,7735,31038,Day_1,Fair,Intermediate,5mm,Experiment_2
2025-10-23T02:41:14.203Z,2426,6944,22875,3544,8492,27987,5413,8149,34224,4332,7745,31041,Day_1,Fair,Intermediate,5mm,Experiment_2
2025-10-23T02:41:14.243Z,2414,6617,22876,3537,8465,27983,5400,8162,34223,4329,7752,31044,Day_1,Fair,Intermediate,5mm,Experiment_2
2025-10-23T02:41:14.283Z,2414,6416,22879,3538,8459,27984,5393,8163,34215,4328,7755,31043,Day_1,Fair,Intermediate,5mm,Experiment_2
2025-10-23T02:41:14.324Z,2424,6313,22878,3545,8462,27986,5402,8159,34208,4333,7755,31040,Day_1,Fair,Intermediate,5mm,Experiment_2
2025-10-23T02:41:14.364Z,2432,6251,22874,3550,8460,27986,5415,8147,34212,4340,7750,31039,Day_1,Fair,Intermediate,5mm,Experiment_2
2025-10-23T02:41:14.404Z,2431,6162,22875,3551,8458,27986,5421,8129,34227,4344,7740,31040,Day_1,Fair,Intermediate,5mm,Experiment_2
2025-10-23T02:41:14.444Z,2430,6022,22880,3552,8460,27990,5416,8113,34234,4341,7732,31041,Day_1,Fair,Intermediate,5mm,Experiment_2
2025-10-23T02:41:14.484Z,2433,5913,22881,3557,8460,27994,5406,8101,34235,4333,7728,31045,Day_1,Fair,Intermediate,5mm,Experiment_2
2025-10-23T02:41:14.524Z,2439,5918,22876,3564,8457,27995,5395,8095,34239,4324,7728,31049,Day_1,Fair,Intermediate,5mm,Experiment_2
2025-10-23T02:41:14.564Z,2447,5999,22872,3571,8454,27997,5383,8094,34235,4318,7726,31047,Day_1,Fair,Intermediate,5mm,Experiment_2
2025-10-23T02:41:14.604Z,2454,6099,22863,3574,8455,28002,5370,8097,34212,4314,7723,31034,Day_1,Fair,Intermediate,5mm,Experiment_2
2025-10-23T02:41:14.644Z,2450,6183,22818,3570,8459,28000,5360,8105,34198,4310,7728,31025,Day_1,Fair,Intermediate,5mm,Experiment_2
2025-10-23T02:41:14.684Z,2436,6227,22730,3558,8461,27988,5360,8116,34214,4310,7737,31032,Day_1,Fair,Intermediate,5mm,Experiment_2
2025-10-23T02:41:14.724Z,2423,6236,22679,3548,8454,27978,5368,8127,34232,4315,7743,31043,Day_1,Fair,Intermediate,5mm,Experiment_2
2025-10-23T02:41:14.764Z,2417,6229,22728,3540,8444,27979,5379,8131,34224,4325,7746,31041,Day_1,Fair,Intermediate,5mm,Experiment_2
2025-10-23T02:41:14.804Z,2415,6223,22811,3536,8444,27982,5384,8126,34208,4334,7745,31032,Day_1,Fair,Intermediate,5mm,Experiment_2
2025-10-23T02:41:14.844Z,2419,6229,22850,3539,8455,27979,5380,8117,34209,4337,7745,31026,Day_1,Fair,Intermediate,5mm,Experiment_2
2025-10-23T02:41:14.884Z,2424,6250,22856,3542,8469,27975,5370,8110,34218,4331,7743,31024,Day_1,Fair,Intermediate,5mm,Experiment_2
2025-10-23T02:41:14.924Z,2423,6269,22858,3542,8476,27975,5367,8109,34218,4321,7742,31025,Day_1,Fair,Intermediate,5mm,Experiment_2
2025-10-23T02:41:14.964Z,2426,6273,22868,3545,8475,27979,5379,8114,34210,4316,7741,31024,Day_1,Fair,Intermediate,5mm,Experiment_2
2025-10-23T02:41:15.004Z,2431,6266,22899,3550,8471,27983,5398,8114,34201,4323,7738,31020,Day_1,Fair,Intermediate,5mm,Experiment_2
2025-10-23T02:41:15.044Z,2437,6257,22945,3555,8465,27986,5409,8108,34196,4332,7733,31018,Day_1,Fair,Intermediate,5mm,Experiment_2
2025-10-23T02:41:15.084Z,2444,6252,22971,3563,8460,27988,5413,8105,34200,4337,7729,31021,Day_1,Fair,Intermediate,5mm,Experiment_2
2025-10-23T02:41:15.124Z,2451,6253,22949,3569,8460,27993,5416,8109,34216,4336,7727,31032,Day_1,Fair,Intermediate,5mm,Experiment_2
2025-10-23T02:41:15.164Z,2453,6255,22914,3570,8463,28002,5418,8111,34240,4336,7728,31049,Day_1,Fair,Intermediate,5mm,Experiment_2
2025-10-23T02:41:15.204Z,2457,6251,22900,3571,8461,28011,5417,8103,34261,4335,7727,31064,Day_1,Fair,Intermediate,5mm,Experiment_2
2025-10-23T02:41:15.244Z,2458,6243,22898,3575,8455,28016,5417,8091,34269,4335,7725,31071,Day_1,Fair,Intermediate,5mm,Experiment_2
2025-10-23T02:41:15.284Z,2451,6240,22893,3571,8453,28013,5418,8089,34262,4336,7725,31068,Day_1,Fair,Intermediate,5mm,Experiment_2
2025-10-23T02:41:15.324Z,2437,6245,22880,3558,8458,28002,5414,8090,34253,4333,7726,31061,Day_1,Fair,Intermediate,5mm,Experiment_2
2025-10-23T02:41:15.364Z,2425,6250,22868,3546,8462,27989,5406,8087,34242,4325,7724,31051,Day_1,Fair,Intermediate,5mm,Experiment_2
2025-10-23T02:41:15.404Z,2422,6248,22865,3544,8462,27982,5396,8084,34228,4312,7721,31039,Day_1,Fair,Intermediate,5mm,Experiment_2
2025-10-23T02:41:15.444Z,2427,6247,22872,3550,8461,27988,5359,8091,34221,4303,7720,31033,Day_1,Fair,Intermediate,5mm,Experiment_2
2025-10-23T02:41:15.484Z,2432,6248,22881,3557,8460,28000,5222,8105,34226,4304,7724,31037,Day_1,Fair,Intermediate,5mm,Experiment_2
2025-10-23T02:41:15.524Z,2437,6248,22882,3562,8457,28008,4958,8121,34232,4305,7731,31045,Day_1,Fair,Intermediate,5mm,Experiment_2
2025-10-23T02:41:15.564Z,2437,6243,22876,3559,8451,28006,4734,8133,34230,4299,7738,31049,Day_1,Fair,Intermediate,5mm,Experiment_2
2025-10-23T02:41:15.604Z,2428,6234,22869,3547,8444,28001,4727,8140,34225,4298,7741,31044,Day_1,Fair,Intermediate,5mm,Experiment_2
2025-10-23T02:41:15.644Z,2417,6235,22869,3532,8445,28001,4897,8138,34235,4308,7739,31046,Day_1,Fair,Intermediate,5mm,Experiment_2
2025-10-23T02:41:15.684Z,2411,6248,22877,3524,8459,28007,5156,8131,34264,4319,7734,31059,Day_1,Fair,Intermediate,5mm,Experiment_2
2025-10-23T02:41:15.724Z,2417,6267,22888,3530,8479,28013,5477,8122,34290,4327,7732,31073,Day_1,Fair,Intermediate,5mm,Experiment_2
2025-10-23T02:41:15.764Z,2435,6281,22894,3550,8492,28016,5864,8112,34290,4331,7733,31075,Day_1,Fair,Intermediate,5mm,Experiment_2
