time,Unpolarized_A_Green,Unpolarized_A_Red,Unpolarized_A_IR,Unpolarized_B_Green,Unpolarized_B_Red,Unpolarized_B_IR,Co-Polarized_Green,Co-Polarized_Red,Co-Polarized_IR,Cross-Polarized_Green,Cross-Polarized_Red,Cross-Polarized_IR,Day,SkinTone,Speed,Depth,Experiment
2025-10-23T01:37:58.867Z,1683,4683,17271,2542,6658,21674,4540,6191,24050,3661,6357,24726,Day_1,Fair,Intermediate,3.75mm,Experiment_2
2025-10-23T01:37:58.907Z,1689,4677,17277,2542,6654,21642,4516,6426,24017,3636,6285,24505,Day_1,Fair,Intermediate,3.75mm,Experiment_2
2025-10-23T01:37:58.947Z,1686,4675,17275,2544,6648,21608,4505,6804,23974,3620,6207,24305,Day_1,Fair,Intermediate,3.75mm,Experiment_2
2025-10-23T01:37:58.987Z,1680,4681,17264,2548,6651,21600,4510,7219,23947,3620,6193,24273,Day_1,Fair,Intermediate,3.75mm,Experiment_2
2025-10-23T01:37:59.027Z,1678,4689,17255,2552,6659,21620,4518,7457,23959,3628,6276,24399,Day_1,Fair,Intermediate,3.75mm,Experiment_2
2025-10-23T01:37:59.067Z,1678,4693,17258,2554,6667,21656,4519,7538,23994,3639,6417,24570,Day_1,Fair,Intermediate,3.75mm,Experiment_2
2025-10-23T01:37:59.107Z,1683,4692,17266,2556,6672,21687,4514,7434,24017,3648,6526,24686,Day_1,Fair,Intermediate,3.75mm,Experiment_2
2025-10-23T01:37:59.147Z,1690,4691,17266,2558,6676,21694,4511,6994,24017,3653,6551,24718,Day_1,Fair,Intermediate,3.75mm,Experiment_2
2025-10-23T01:37:59.187Z,1695,4691,17262,2560,6677,21689,4513,6397,24013,3656,6514,24714,Day_1,Fair,Intermediate,3.75mm,Experiment_2
2025-10-23T01:37:59.227Z,1696,4689,17265,2559,6673,21692,4518,5883,24023,3660,6447,24739,Day_1,Fair,Intermediate,3.75mm,Experiment_2
2025-10-23T01:37:59.267Z,1693,4684,17277,2556,6667,21707,4518,5484,24048,3662,6357,24801,Day_1,Fair,Intermediate,3.75mm,Experiment_2
2025-10-23T01:37:59.307Z,1686,4677,17285,2550,6659,21718,4525,5221,24068,3666,6240,24859,Day_1,Fair,Intermediate,3.75mm,Experiment_2
2025-10-23T01:37:59.347Z,1680,4670,17284,2548,6652,21718,4544,5234,24079,3676,6137,24889,Day_1,Fair,Intermediate,3.75mm,Experiment_2
2025-10-23T01:37:59.387Z,1680,4668,17278,2549,6649,21708,4560,5604,24088,3687,6131,24880,Day_1,Fair,Intermediate,3.75mm,Experiment_2
2025-10-23T01:37:59.427Z,1682,4671,17275,2550,6650,21687,4558,6038,24079,3686,6203,24789,Day_1,Fair,Intermediate,3.75mm,Experiment_2
2025-10-23T01:37:59.467Z,1683,4672,17280,2549,6648,21656,4545,6223,24038,3670,6243,24582,Day_1,Fair,Intermediate,3.75mm,Experiment_2
2025-10-23T01:37:59.507Z,1682,4665,17285,2547,6640,21624,4536,6163,23979,3645,6223,24349,Day_1,Fair,Intermediate,3.75mm,Experiment_2
2025-10-23T01:37:59.547Z,1676,4660,17281,2544,6637,21615,4530,5988,23943,3629,6202,24266,Day_1,Fair,Intermediate,3.75mm,Experiment_2
2025-10-23T01:37:59.587Z,1672,4663,17273,2544,6642,21635,4530,5875,23952,3633,6231,24378,Day_1,Fair,Intermediate,3.75mm,Experiment_2
2025-10-23T01:37:59.627Z,1671,4673,17267,2546,6653,21666,4539,5969,23990,3650,6307,24563,Day_1,Fair,Intermediate,3.75mm,Experiment_2
2025-10-23T01:37:59.667Z,1670,4679,17266,2544,6660,21690,4548,6224,24018,3666,6384,24698,Day_1,Fair,Intermediate,3.75mm,Experiment_2
2025-10-23T01:37:59.707Z,1667,4674,17268,2538,6656,21702,4548,6433,24021,3671,6417,24748,Day_1,Fair,Intermediate,3.75mm,Experiment_2
2025-10-23T01:37:59.747Z,1664,4667,17266,2534,6650,21698,4547,6448,24022,3669,6406,24755,Day_1,Fair,Intermediate,3.75mm,Experiment_2
2025-10-23T01:37:59.787Z,1664,4670,17257,2533,6651,21684,4553,6348,24038,3670,6390,24777,Day_1,Fair,Intermediate,3.75mm,Experiment_2
2025-10-23T01:37:59.827Z,1664,4677,17251,2533,6657,21676,4563,6253,24064,3677,6390,24834,Day_1,Fair,Intermediate,3.75mm,Experiment_2
2025-10-23T01:37:59.867Z,1664,4678,17254,2535,6657,21683,4564,6193,24088,3681,6388,24887,Day_1,Fair,Intermediate,3.75mm,Experiment_2
2025-10-23T01:37:59.907Z,1672,4679,17264,2543,6658,21698,4548,6190,24101,3677,6383,24909,Day_1,Fair,Intermediate,3.75mm,Experiment_2
2025-10-23T01:37:59.947Z,1684,4687,17270,2553,6665,21705,4525,6223,24103,3668,6381,24898,Day_1,Fair,Intermediate,3.75mm,Experiment_2
2025-10-23T01:37:59.987Z,1688,4692,17270,2557,6669,21694,4515,6249,24086,3666,6372,24826,Day_1,Fair,Intermediate,3.75mm,Experiment_2
2025-10-23T01:38:00.027Z,1681,4687,17275,2551,6662,21664,4528,6256,24039,3669,6337,24634,Day_1,Fair,Intermediate,3.75mm,Experiment_2
2025-10-23T01:38:00.067Z,1671,4677,17285,2540,6649,21620,4544,6253,23972,3661,6276,24357,Day_1,Fair,Intermediate,3.75mm,Experiment_2
2025-10-23T01:38:00.107Z,1663,4670,17283,2532,6639,21589,4543,6249,23925,3648,6234,24184,Day_1,Fair,Intermediate,3.75mm,Experiment_2
2025-10-23T01:38:00.147Z,1662,4669,17264,2533,6637,21595,4523,6251,23918,3639,6250,24253,Day_1,Fair,Intermediate,3.75mm,Experiment_2
2025-10-23T01:38:00.187Z,1663,4673,17241,2536,6645,21626,4491,6262,23941,3635,6304,24469,Day_1,Fair,Intermediate,3.75mm,Experiment_2
2025-10-23T01:38:00.227Z,1664,4680,17233,2539,6655,21656,4472,6271,23969,3635,6348,24658,Day_1,Fair,Intermediate,3.75mm,Experiment_2
2025-10-23T01:38:00.267Z,1666,4686,17246,2541,6662,21679,4483,6263,23982,3641,6359,24740,Day_1,Fair,Intermediate,3.75mm,Experiment_2
2025-10-23T01:38:00.307Z,1670,4693,17266,2543,6670,21695,4506,6248,23982,3652,6351,24739,Day_1,Fair,Intermediate,3.75mm,Experiment_2
2025-10-23T01:38:00.347Z,1671,4703,17273,2542,6674,21700,4519,6244,23984,3659,6349,24737,Day_1,Fair,Intermediate,3.75mm,Experiment_2
2025-10-23T01:38:00.387Z,1669,4713,17267,2541,6669,21700,4520,6254,23996,3662,6361,24780,Day_1,Fair,Intermediate,3.75mm,Experiment_2
2025-10-23T01:38:00.427Z,1667,4716,17262,2542,6662,21702,4527,6272,24012,3667,6379,24841,Day_1,Fair,Intermediate,3.75mm,Experiment_2
2025-10-23T01:38:00.467Z,1669,4714,17263,2544,6664,21703,4544,6298,24024,3679,6398,24880,Day_1,Fair,Intermediate,3.75mm,Experiment_2
2025-10-23T01:38:00.507Z,1672,4707,17266,2546,6669,21700,4553,6318,24036,3685,6410,24888,Day_1,Fair,Intermediate,3.75mm,Experiment_2
2025-10-23T01:38:00.547Z,1676,4697,17272,2546,6667,21695,4544,6317,24045,3679,6400,24845,Day_1,Fair,Intermediate,3.75mm,Experiment_2
2025-10-23T01:38:00.587Z,1680,4691,17287,2547,6661,21682,4530,6297,24033,3666,6359,24703,Day_1,Fair,Intermediate,3.75mm,Experiment_2
2025-10-23T01:38:00.627Z,1683,4688,17302,2548,6656,21649,4517,6276,23994,3647,6298,24458,Day_1,Fair,Intermediate,3.75mm,Experiment_2
2025-10-23T01:38:00.667Z,1681,4682,17300,2546,6648,21611,4509,6269,23948,3633,6252,24254,Day_1,Fair,Intermediate,3.75mm,Experiment_2
2025-10-23T01:38:00.707Z,1674,4672,17280,2544,6640,21599,4514,6267,23924,3639,6251,24242,Day_1,Fair,Intermediate,3.75mm,Experiment_2
2025-10-23T01:38:00.747Z,1665,4665,17260,2541,6641,21619,4525,6257,23940,3655,6281,24396,Day_1,Fair,Intermediate,3.75mm,Experiment_2
2025-10-23T01:38:00.787Z,1660,4664,17250,2540,6648,21647,4531,6245,23988,3666,6315,24584,Day_1,Fair,Intermediate,3.75mm,Experiment_2
2025-10-23T01:38:00.827Z,1659,4663,17245,2540,6653,21667,4531,6242,24036,3668,6338,24707,Day_1,Fair,Intermediate,3.75mm,Experiment_2
2025-10-23T01:38:00.867Z,1659,4665,17249,2538,6655,21677,4526,6250,24059,3666,6348,24739,Day_1,Fair,Intermediate,3.75mm,Experiment_2
2025-10-23T01:38:00.907Z,1660,4669,17257,2535,6657,21683,4517,6266,24062,3664,6355,24739,Day_1,Fair,Intermediate,3.75mm,Experiment_2
2025-10-23T01:38:00.947Z,1663,4670,17263,2536,6655,21689,4513,6279,24067,3666,6368,24769,Day_1,Fair,Intermediate,3.75mm,Experiment_2
2025-10-23T01:38:00.987Z,1671,4671,17265,2542,6654,21695,4518,6284,24080,3671,6383,24827,Day_1,Fair,Intermediate,3.75mm,Experiment_2
2025-10-23T01:38:01.027Z,1682,4676,17268,2553,6657,21701,4531,6288,24085,3679,6393,24871,Day_1,Fair,Intermediate,3.75mm,Experiment_2
2025-10-23T01:38:01.067Z,1688,4682,17270,2561,6660,21706,4546,6303,24075,3686,6404,24882,Day_1,Fair,Intermediate,3.75mm,Experiment_2
2025-10-23T01:38:01.107Z,1685,4687,17271,2560,6662,21705,4552,6320,24054,3685,6405,24849,Day_1,Fair,Intermediate,3.75mm,Experiment_2
2025-10-23T01:38:01.147Z,1675,4691,17273,2553,6662,21690,4543,6313,24027,3670,6375,24736,Day_1,Fair,Intermediate,3.75mm,Experiment_2
2025-10-23T01:38:01.187Z,1669,4687,17279,2548,6657,21658,4522,6284,23983,3644,6312,24522,Day_1,Fair,Intermediate,3.75mm,Experiment_2
2025-10-23T01:38:01.227Z,1669,4680,17284,2548,6650,21626,4502,6263,23926,3623,6255,24306,Day_1,Fair,Intermediate,3.75mm,Experiment_2
2025-10-23T01:38:01.267Z,1674,4678,17280,2552,6650,21620,4505,6260,23889,3626,6243,24249,Day_1,Fair,Intermediate,3.75mm,Experiment_2
2025-10-23T01:38:01.307Z,1677,4678,17267,2555,6654,21637,4524,6261,23898,3645,6273,24365,Day_1,Fair,Intermediate,3.75mm,Experiment_2
2025-10-23T01:38:01.347Z,1679,4674,17251,2556,6654,21656,4533,6261,23931,3658,6313,24541,Day_1,Fair,Intermediate,3.75mm,Experiment_2
2025-10-23T01:38:01.387Z,1679,4668,17241,2556,6652,21666,4523,6264,23961,3660,6342,24670,Day_1,Fair,Intermediate,3.75mm,Experiment_2
2025-10-23T01:38:01.427Z,1680,4665,17242,2557,6650,21672,4509,6260,23979,3656,6351,24717,Day_1,Fair,Intermediate,3.75mm,Experiment_2
2025-10-23T01:38:01.467Z,1682,4669,17254,2557,6653,21682,4505,6254,23984,3656,6352,24716,Day_1,Fair,Intermediate,3.75mm,Experiment_2
2025-10-23T01:38:01.507Z,1681,4682,17264,2554,6664,21692,4515,6263,23991,3662,6361,24732,Day_1,Fair,Intermediate,3.75mm,Experiment_2
2025-10-23T01:38:01.547Z,1677,4697,17265,2550,6676,21697,4525,6279,24017,3672,6382,24791,Day_1,Fair,Intermediate,3.75mm,Experiment_2
2025-10-23T01:38:01.587Z,1676,4707,17262,2547,6685,21698,4534,6286,24057,3680,6400,24856,Day_1,Fair,Intermediate,3.75mm,Experiment_2
2025-10-23T01:38:01.627Z,1677,4709,17264,2544,6687,21699,4550,6292,24089,3687,6410,24892,Day_1,Fair,Intermediate,3.75mm,Experiment_2
2025-10-23T01:38:01.667Z,1676,4707,17268,2539,6685,21699,4571,6303,24089,3693,6411,24885,Day_1,Fair,Intermediate,3.75mm,Experiment_2
2025-10-23T01:38:01.707Z,1671,4701,17272,2534,6678,21689,4570,6304,24056,3688,6393,24801,Day_1,Fair,Intermediate,3.75mm,Experiment_2
2025-10-23T01:38:01.747Z,1663,4687,17278,2530,6663,21657,4540,6282,24008,3664,6339,24596,Day_1,Fair,Intermediate,3.75mm,Experiment_2
2025-10-23T01:38:01.787Z,1657,4671,17284,2526,6644,21612,4498,6254,23959,3629,6267,24328,Day_1,Fair,Intermediate,3.75mm,Experiment_2
2025-10-23T01:38:01.827Z,1654,4658,17279,2524,6631,21583,4468,6242,23931,3606,6232,24192,Day_1,Fair,Intermediate,3.75mm,Experiment_2
2025-10-23T01:38:01.867Z,1655,4650,17259,2525,6628,21592,4459,6250,23938,3607,6259,24293,Day_1,Fair,Intermediate,3.75mm,Experiment_2
2025-10-23T01:38:01.907Z,1657,4647,17240,2528,6632,21624,4468,6269,23967,3625,6319,24508,Day_1,Fair,Intermediate,3.75mm,Experiment_2
2025-10-23T01:38:01.947Z,1661,4657,17235,2532,6645,21656,4494,6285,23993,3647,6364,24672,Day_1,Fair,Intermediate,3.75mm,Experiment_2
2025-10-23T01:38:01.987Z,1667,4676,17242,2538,6663,21674,4530,6287,24006,3663,6379,24740,Day_1,Fair,Intermediate,3.75mm,Experiment_2
2025-10-23T01:38:02.027Z,1676,4689,17252,2546,6673,21679,4549,6286,24010,3670,6380,24753,Day_1,Fair,Intermediate,3.75mm,Experiment_2
2025-10-23T01:38:02.067Z,1681,4686,17258,2552,6668,21680,4546,6297,24018,3670,6391,24778,Day_1,Fair,Intermediate,3.75mm,Experiment_2
2025-10-23T01:38:02.107Z,1677,4676,17262,2551,6658,21690,4540,6317,24031,3671,6413,24831,Day_1,Fair,Intermediate,3.75mm,Experiment_2
2025-10-23T01:38:02.147Z,1667,4677,17269,2543,6658,21705,4540,6328,24037,3674,6427,24870,Day_1,Fair,Intermediate,3.75mm,Experiment_2
2025-10-23T01:38:02.187Z,1660,4686,17276,2536,6664,21715,4547,6326,24033,3677,6426,24878,Day_1,Fair,Intermediate,3.75mm,Experiment_2
2025-10-23T01:38:02.227Z,1663,4691,17274,2537,6666,21711,4555,6316,24034,3679,6417,24870,Day_1,Fair,Intermediate,3.75mm,Experiment_2
2025-10-23T01:38:02.267Z,1670,4692,17268,2541,6665,21692,4558,6299,24040,3674,6398,24827,Day_1,Fair,Intermediate,3.75mm,Experiment_2
2025-10-23T01:38:02.307Z,1672,4695,17271,2540,6664,21663,4552,6282,24030,3659,6356,24683,Day_1,Fair,Intermediate,3.75mm,Experiment_2
2025-10-23T01:38:02.347Z,1668,4695,17284,2536,6659,21627,4536,6267,23990,3637,6289,24429,Day_1,Fair,Intermediate,3.75mm,Experiment_2
2025-10-23T01:38:02.387Z,1664,4690,17288,2532,6653,21602,4516,6251,23942,3621,6236,24224,Day_1,Fair,Intermediate,3.75mm,Experiment_2
2025-10-23T01:38:02.427Z,1658,4681,17278,2529,6648,21608,4503,6232,23915,3623,6236,24234,Day_1,Fair,Intermediate,3.75mm,Experiment_2
2025-10-23T01:38:02.467Z,1654,4669,17267,2527,6644,21643,4502,6225,23929,3640,6277,24412,Day_1,Fair,Intermediate,3.75mm,Experiment_2
2025-10-23T01:38:02.507Z,1656,4658,17264,2529,6640,21680,4522,6233,23974,3663,6325,24598,Day_1,Fair,Intermediate,3.75mm,Experiment_2
2025-10-23T01:38:02.547Z,1665,4650,17266,2536,6638,21696,4553,6244,24026,3682,6351,24701,Day_1,Fair,Intermediate,3.75mm,Experiment_2
2025-10-23T01:38:02.587Z,1675,4645,17267,2543,6636,21694,4566,6252,24060,3687,6358,24722,Day_1,Fair,Intermediate,3.75mm,Experiment_2
2025-10-23T01:38:02.627Z,1680,4643,17266,2546,6633,21690,4551,6267,24071,3680,6366,24724,Day_1,Fair,Intermediate,3.75mm,Experiment_2
2025-10-23T01:38:02.667Z,1682,4646,17265,2549,6631,21693,4529,6288,24074,3672,6386,24766,Day_1,Fair,Intermediate,3.75mm,Experiment_2
2025-10-23T01:38:02.707Z,1685,4655,17266,2553,6635,21700,4522,6306,24082,3671,6408,24834,Day_1,Fair,Intermediate,3.75mm,Experiment_2
2025-10-23T01:38:02.747Z,1686,4665,17271,2554,6642,21708,4532,6314,24094,3678,6417,24887,Day_1,Fair,Intermediate,3.75mm,Experiment_2
2025-10-23T01:38:02.787Z,1682,4677,17275,2549,6651,21713,4549,6314,24102,3685,6413,24904,Day_1,Fair,Intermediate,3.75mm,Experiment_2
2025-10-23T01:38:02.827Z,1679,4693,17275,2546,6664,21708,4560,6309,24090,3683,6398,24868,Day_1,Fair,Intermediate,3.75mm,Experiment_2
2025-10-23T01:38:02.867Z,1682,4705,17278,2549,6675,21690,4554,6296,24051,3668,6362,24737,Day_1,Fair,Intermediate,3.75mm,Experiment_2
2025-10-23T01:38:02.907Z,1682,4707,17287,2550,6676,21660,4528,6270,23997,3642,6301,24507,Day_1,Fair,Intermediate,3.75mm,Experiment_2
2025-10-23T01:38:02.947Z,1674,4702,17290,2545,6670,21629,4503,6242,23952,3620,6246,24302,Day_1,Fair,Intermediate,3.75mm,Experiment_2
2025-10-23T01:38:02.987Z,1670,4695,17280,2545,6665,21619,4500,6231,23935,3616,6238,24268,Day_1,Fair,Intermediate,3.75mm,Experiment_2
2025-10-23T01:38:03.027Z,1678,4691,17267,2555,6665,21633,4511,6233,23946,3627,6271,24388,Day_1,Fair,Intermediate,3.75mm,Experiment_2
2025-10-23T01:38:03.067Z,1686,4689,17257,2563,6669,21655,4525,6237,23970,3643,6313,24547,Day_1,Fair,Intermediate,3.75mm,Experiment_2
2025-10-23T01:38:03.108Z,1685,4691,17252,2559,6672,21672,4549,6234,23985,3662,6340,24656,Day_1,Fair,Intermediate,3.75mm,Experiment_2
2025-10-23T01:38:03.148Z,1675,4694,17258,2546,6673,21686,4577,6232,23993,3680,6349,24693,Day_1,Fair,Intermediate,3.75mm,Experiment_2
2025-10-23T01:38:03.188Z,1666,4694,17271,2533,6673,21697,4587,6247,24008,3689,6355,24700,Day_1,Fair,Intermediate,3.75mm,Experiment_2
2025-10-23T01:38:03.228Z,1662,4692,17282,2526,6672,21705,4578,6274,24031,3690,6370,24732,Day_1,Fair,Intermediate,3.75mm,Experiment_2
2025-10-23T01:38:03.268Z,1664,4689,17286,2528,6672,21712,4560,6292,24055,3687,6390,24795,Day_1,Fair,Intermediate,3.75mm,Experiment_2
2025-10-23T01:38:03.308Z,1672,4686,17285,2538,6672,21716,4540,6293,24076,3679,6401,24857,Day_1,Fair,Intermediate,3.75mm,Experiment_2
2025-10-23T01:38:03.348Z,1680,4684,17284,2548,6670,21718,4527,6283,24093,3673,6403,24893,Day_1,Fair,Intermediate,3.75mm,Experiment_2
2025-10-23T01:38:03.388Z,1683,4680,17283,2552,6662,21716,4522,6271,24098,3671,6397,24883,Day_1,Fair,Intermediate,3.75mm,Experiment_2
2025-10-23T01:38:03.428Z,1678,4673,17280,2546,6652,21698,4515,6264,24077,3664,6375,24787,Day_1,Fair,Intermediate,3.75mm,Experiment_2
2025-10-23T01:38:03.468Z,1671,4667,17284,2540,6646,21664,4501,6264,24024,3644,6327,24574,Day_1,Fair,Intermediate,3.75mm,Experiment_2
2025-10-23T01:38:03.508Z,1668,4667,17293,2539,6648,21629,4493,6266,23956,3624,6269,24331,Day_1,Fair,Intermediate,3.75mm,Experiment_2
2025-10-23T01:38:03.548Z,1669,4670,17292,2541,6653,21616,4502,6265,23914,3625,6245,24240,Day_1,Fair,Intermediate,3.75mm,Experiment_2
2025-10-23T01:38:03.588Z,1670,4675,17275,2545,6660,21627,4522,6263,23926,3646,6272,24359,Day_1,Fair,Intermediate,3.75mm,Experiment_2
2025-10-23T01:38:03.628Z,1672,4680,17251,2548,6666,21643,4531,6261,23983,3665,6323,24562,Day_1,Fair,Intermediate,3.75mm,Experiment_2
2025-10-23T01:38:03.668Z,1674,4681,17237,2550,6668,21656,4529,6264,24046,3669,6362,24714,Day_1,Fair,Intermediate,3.75mm,Experiment_2
2025-10-23T01:38:03.708Z,1680,4681,17237,2551,6666,21666,4540,6275,24083,3673,6381,24772,Day_1,Fair,Intermediate,3.75mm,Experiment_2
2025-10-23T01:38:03.748Z,1686,4679,17247,2553,6663,21672,4566,6286,24088,3683,6386,24770,Day_1,Fair,Intermediate,3.75mm,Experiment_2
2025-10-23T01:38:03.788Z,1688,4672,17261,2554,6658,21680,4587,6289,24078,3695,6386,24774,Day_1,Fair,Intermediate,3.75mm,Experiment_2
2025-10-23T01:38:03.828Z,1684,4664,17275,2553,6651,21694,4586,6285,24072,3703,6392,24816,Day_1,Fair,Intermediate,3.75mm,Experiment_2
2025-10-23T01:38:03.868Z,1678,4663,17281,2552,6650,21705,4578,6283,24076,3703,6401,24866,Day_1,Fair,Intermediate,3.75mm,Experiment_2
2025-10-23T01:38:03.908Z,1674,4672,17279,2550,6655,21707,4573,6285,24084,3698,6406,24889,Day_1,Fair,Intermediate,3.75mm,Experiment_2
2025-10-23T01:38:03.948Z,1674,4684,17280,2549,6662,21709,4565,6292,24083,3689,6406,24879,Day_1,Fair,Intermediate,3.75mm,Experiment_2
2025-10-23T01:38:03.988Z,1676,4691,17290,2546,6665,21710,4552,6298,24069,3676,6391,24810,Day_1,Fair,Intermediate,3.75mm,Experiment_2
2025-10-23T01:38:04.028Z,1673,4690,17307,2539,6662,21692,4534,6286,24041,3658,6343,24630,Day_1,Fair,Intermediate,3.75mm,Experiment_2
2025-10-23T01:38:04.068Z,1666,4681,17317,2530,6648,21649,4506,6262,24007,3628,6271,24366,Day_1,Fair,Intermediate,3.75mm,Experiment_2
2025-10-23T01:38:04.108Z,1659,4670,17306,2523,6634,21606,4476,6250,23985,3601,6224,24199,Day_1,Fair,Intermediate,3.75mm,Experiment_2
2025-10-23T01:38:04.148Z,1655,4670,17275,2522,6636,21595,4465,6251,23984,3600,6238,24264,Day_1,Fair,Intermediate,3.75mm,Experiment_2
2025-10-23T01:38:04.188Z,1658,4679,17244,2531,6655,21615,4486,6254,23996,3622,6287,24468,Day_1,Fair,Intermediate,3.75mm,Experiment_2
2025-10-23T01:38:04.228Z,1668,4687,17236,2543,6673,21648,4522,6258,24017,3649,6331,24644,Day_1,Fair,Intermediate,3.75mm,Experiment_2
2025-10-23T01:38:04.268Z,1679,4685,17249,2552,6677,21679,4547,6266,24038,3666,6355,24724,Day_1,Fair,Intermediate,3.75mm,Experiment_2
2025-10-23T01:38:04.308Z,1686,4684,17264,2556,6675,21696,4554,6270,24054,3671,6365,24732,Day_1,Fair,Intermediate,3.75mm,Experiment_2
2025-10-23T01:38:04.348Z,1688,4687,17269,2558,6674,21702,4551,6267,24079,3670,6371,24744,Day_1,Fair,Intermediate,3.75mm,Experiment_2
2025-10-23T01:38:04.388Z,1688,4689,17271,2560,6673,21708,4551,6264,24116,3673,6380,24802,Day_1,Fair,Intermediate,3.75mm,Experiment_2
2025-10-23T01:38:04.428Z,1687,4681,17276,2560,6664,21714,4562,6264,24146,3683,6390,24869,Day_1,Fair,Intermediate,3.75mm,Experiment_2
2025-10-23T01:38:04.468Z,1683,4669,17277,2555,6651,21712,4568,6276,24152,3691,6398,24901,Day_1,Fair,Intermediate,3.75mm,Experiment_2
2025-10-23T01:38:04.508Z,1676,4662,17274,2546,6644,21705,4553,6292,24140,3689,6402,24896,Day_1,Fair,Intermediate,3.75mm,Experiment_2
2025-10-23T01:38:04.548Z,1669,4663,17273,2536,6644,21695,4520,6289,24130,3676,6388,24851,Day_1,Fair,Intermediate,3.75mm,Experiment_2
2025-10-23T01:38:04.588Z,1665,4670,17280,2529,6647,21674,4492,6261,24123,3655,6342,24720,Day_1,Fair,Intermediate,3.75mm,Experiment_2
2025-10-23T01:38:04.628Z,1663,4674,17292,2526,6645,21639,4478,6229,24099,3631,6275,24488,Day_1,Fair,Intermediate,3.75mm,Experiment_2
2025-10-23T01:38:04.668Z,1661,4673,17299,2526,6642,21609,4474,6221,24056,3613,6229,24280,Day_1,Fair,Intermediate,3.75mm,Experiment_2
2025-10-23T01:38:04.708Z,1663,4671,17293,2532,6645,21607,4483,6234,24019,3614,6237,24251,Day_1,Fair,Intermediate,3.75mm,Experiment_2
2025-10-23T01:38:04.748Z,1667,4676,17280,2541,6656,21629,4500,6250,24008,3628,6280,24386,Day_1,Fair,Intermediate,3.75mm,Experiment_2
2025-10-23T01:38:04.788Z,1671,4685,17273,2548,6671,21660,4512,6259,24025,3644,6325,24563,Day_1,Fair,Intermediate,3.75mm,Experiment_2
2025-10-23T01:38:04.828Z,1673,4686,17278,2550,6674,21684,4515,6260,24057,3655,6350,24680,Day_1,Fair,Intermediate,3.75mm,Experiment_2
2025-10-23T01:38:04.868Z,1675,4677,17288,2549,6663,21695,4516,6257,24078,3658,6353,24712,Day_1,Fair,Intermediate,3.75mm,Experiment_2
2025-10-23T01:38:04.908Z,1675,4674,17291,2546,6656,21696,4527,6259,24083,3664,6352,24713,Day_1,Fair,Intermediate,3.75mm,Experiment_2
2025-10-23T01:38:04.948Z,1675,4683,17291,2545,6662,21700,4546,6274,24089,3676,6364,24749,Day_1,Fair,Intermediate,3.75mm,Experiment_2
2025-10-23T01:38:04.988Z,1683,4689,17292,2554,6668,21712,4554,6299,24106,3686,6389,24816,Day_1,Fair,Intermediate,3.75mm,Experiment_2
2025-10-23T01:38:05.028Z,1696,4682,17297,2568,6661,21725,4547,6317,24122,3686,6406,24871,Day_1,Fair,Intermediate,3.75mm,Experiment_2
2025-10-23T01:38:05.068Z,1702,4669,17300,2575,6648,21732,4535,6314,24128,3680,6408,24892,Day_1,Fair,Intermediate,3.75mm,Experiment_2
2025-10-23T01:38:05.108Z,1698,4667,17299,2571,6647,21725,4532,6296,24124,3675,6396,24874,Day_1,Fair,Intermediate,3.75mm,Experiment_2
2025-10-23T01:38:05.148Z,1688,4678,17294,2561,6658,21699,4543,6279,24106,3673,6368,24773,Day_1,Fair,Intermediate,3.75mm,Experiment_2
2025-10-23T01:38:05.188Z,1678,4690,17291,2551,6667,21656,4550,6266,24064,3662,6316,24563,Day_1,Fair,Intermediate,3.75mm,Experiment_2
2025-10-23T01:38:05.228Z,1669,4689,17288,2544,6663,21617,4536,6250,24011,3641,6256,24345,Day_1,Fair,Intermediate,3.75mm,Experiment_2
2025-10-23T01:38:05.268Z,1665,4676,17275,2541,6650,21606,4514,6236,23983,3627,6231,24284,Day_1,Fair,Intermediate,3.75mm,Experiment_2
2025-10-23T01:38:05.308Z,1662,4663,17259,2540,6641,21622,4505,6237,24000,3631,6259,24396,Day_1,Fair,Intermediate,3.75mm,Experiment_2
2025-10-23T01:38:05.348Z,1661,4654,17250,2540,6637,21646,4510,6258,24043,3645,6314,24564,Day_1,Fair,Intermediate,3.75mm,Experiment_2
2025-10-23T01:38:05.388Z,1663,4650,17251,2541,6635,21666,4522,6283,24082,3655,6356,24684,Day_1,Fair,Intermediate,3.75mm,Experiment_2
2025-10-23T01:38:05.428Z,1667,4651,17262,2544,6636,21677,4529,6294,24098,3658,6371,24721,Day_1,Fair,Intermediate,3.75mm,Experiment_2
2025-10-23T01:38:05.468Z,1669,4654,17277,2547,6637,21684,4524,6289,24090,3656,6369,24712,Day_1,Fair,Intermediate,3.75mm,Experiment_2
2025-10-23T01:38:05.508Z,1667,4655,17285,2545,6637,21690,4513,6284,24074,3659,6372,24722,Day_1,Fair,Intermediate,3.75mm,Experiment_2
2025-10-23T01:38:05.548Z,1665,4653,17282,2543,6633,21695,4508,6289,24065,3669,6386,24774,Day_1,Fair,Intermediate,3.75mm,Experiment_2
2025-10-23T01:38:05.588Z,1666,4650,17273,2543,6627,21696,4517,6292,24063,3681,6398,24828,Day_1,Fair,Intermediate,3.75mm,Experiment_2
2025-10-23T01:38:05.628Z,1670,4648,17265,2543,6623,21694,4529,6287,24061,3685,6396,24853,Day_1,Fair,Intermediate,3.75mm,Experiment_2
2025-10-23T01:38:05.668Z,1674,4651,17265,2543,6627,21691,4539,6281,24062,3682,6389,24847,Day_1,Fair,Intermediate,3.75mm,Experiment_2
2025-10-23T01:38:05.708Z,1676,4662,17273,2543,6639,21682,4543,6279,24069,3674,6376,24783,Day_1,Fair,Intermediate,3.75mm,Experiment_2
2025-10-23T01:38:05.748Z,1677,4678,17288,2545,6652,21655,4541,6272,24076,3661,6337,24605,Day_1,Fair,Intermediate,3.75mm,Experiment_2
2025-10-23T01:38:05.788Z,1683,4689,17305,2550,6656,21618,4530,6257,24066,3641,6273,24346,Day_1,Fair,Intermediate,3.75mm,Experiment_2
2025-10-23T01:38:05.828Z,1684,4693,17308,2552,6655,21597,4520,6240,24041,3628,6228,24193,Day_1,Fair,Intermediate,3.75mm,Experiment_2
2025-10-23T01:38:05.868Z,1673,4693,17291,2544,6659,21609,4523,6226,24036,3632,6237,24276,Day_1,Fair,Intermediate,3.75mm,Experiment_2
2025-10-23T01:38:05.908Z,1662,4690,17270,2537,6664,21643,4533,6219,24062,3647,6282,24494,Day_1,Fair,Intermediate,3.75mm,Experiment_2
2025-10-23T01:38:05.948Z,1662,4683,17262,2539,6664,21673,4542,6231,24091,3661,6331,24670,Day_1,Fair,Intermediate,3.75mm,Experiment_2
2025-10-23T01:38:05.988Z,1669,4674,17268,2545,6656,21690,4547,6261,24099,3669,6367,24741,Day_1,Fair,Intermediate,3.75mm,Experiment_2
2025-10-23T01:38:06.028Z,1673,4667,17278,2547,6649,21696,4549,6282,24096,3672,6381,24752,Day_1,Fair,Intermediate,3.75mm,Experiment_2
2025-10-23T01:38:06.068Z,1669,4668,17283,2541,6651,21701,4550,6284,24108,3674,6383,24780,Day_1,Fair,Intermediate,3.75mm,Experiment_2
2025-10-23T01:38:06.108Z,1665,4674,17283,2535,6658,21707,4552,6280,24131,3680,6390,24843,Day_1,Fair,Intermediate,3.75mm,Experiment_2
2025-10-23T01:38:06.148Z,1667,4679,17279,2534,6664,21710,4543,6283,24147,3682,6400,24897,Day_1,Fair,Intermediate,3.75mm,Experiment_2
2025-10-23T01:38:06.188Z,1671,4681,17277,2537,6662,21710,4521,6289,24152,3674,6406,24914,Day_1,Fair,Intermediate,3.75mm,Experiment_2
2025-10-23T01:38:06.228Z,1669,4678,17279,2536,6656,21712,4511,6292,24146,3669,6406,24902,Day_1,Fair,Intermediate,3.75mm,Experiment_2
2025-10-23T01:38:06.268Z,1663,4673,17285,2531,6653,21711,4521,6289,24128,3672,6394,24844,Day_1,Fair,Intermediate,3.75mm,Experiment_2
2025-10-23T01:38:06.308Z,1664,4676,17299,2529,6656,21695,4530,6282,24101,3669,6356,24686,Day_1,Fair,Intermediate,3.75mm,Experiment_2
2025-10-23T01:38:06.348Z,1670,4683,17317,2531,6658,21658,4518,6266,24069,3648,6291,24424,Day_1,Fair,Intermediate,3.75mm,Experiment_2
2025-10-23T01:38:06.388Z,1677,4687,17324,2537,6658,21622,4495,6246,24040,3623,6236,24211,Day_1,Fair,Intermediate,3.75mm,Experiment_2
2025-10-23T01:38:06.428Z,1684,4685,17311,2545,6657,21614,4489,6236,24028,3617,6233,24207,Day_1,Fair,Intermediate,3.75mm,Experiment_2
2025-10-23T01:38:06.468Z,1685,4682,17289,2548,6658,21633,4501,6239,24031,3630,6273,24373,Day_1,Fair,Intermediate,3.75mm,Experiment_2
2025-10-23T01:38:06.508Z,1681,4680,17273,2547,6658,21662,4514,6250,24041,3647,6321,24564,Day_1,Fair,Intermediate,3.75mm,Experiment_2
2025-10-23T01:38:06.548Z,1676,4674,17269,2545,6655,21685,4513,6260,24053,3655,6352,24684,Day_1,Fair,Intermediate,3.75mm,Experiment_2
2025-10-23T01:38:06.588Z,1674,4666,17273,2545,6648,21695,4502,6268,24066,3652,6362,24719,Day_1,Fair,Intermediate,3.75mm,Experiment_2
2025-10-23T01:38:06.628Z,1674,4657,17274,2544,6639,21693,4495,6279,24078,3650,6368,24727,Day_1,Fair,Intermediate,3.75mm,Experiment_2
2025-10-23T01:38:06.668Z,1671,4649,17273,2539,6629,21692,4504,6298,24083,3657,6386,24766,Day_1,Fair,Intermediate,3.75mm,Experiment_2
2025-10-23T01:38:06.709Z,1665,4650,17276,2533,6629,21700,4526,6315,24082,3670,6410,24829,Day_1,Fair,Intermediate,3.75mm,Experiment_2
2025-10-23T01:38:06.749Z,1663,4661,17282,2531,6640,21712,4541,6317,24084,3680,6421,24879,Day_1,Fair,Intermediate,3.75mm,Experiment_2
2025-10-23T01:38:06.789Z,1667,4676,17286,2533,6653,21720,4541,6308,24094,3682,6419,24900,Day_1,Fair,Intermediate,3.75mm,Experiment_2
2025-10-23T01:38:06.829Z,1676,4688,17289,2538,6663,21719,4533,6300,24094,3679,6409,24868,Day_1,Fair,Intermediate,3.75mm,Experiment_2
2025-10-23T01:38:06.869Z,1684,4697,17300,2543,6668,21707,4522,6288,24074,3669,6379,24736,Day_1,Fair,Intermediate,3.75mm,Experiment_2
2025-10-23T01:38:06.909Z,1691,4700,17317,2550,6669,21681,4511,6263,24045,3650,6318,24503,Day_1,Fair,Intermediate,3.75mm,Experiment_2
2025-10-23T01:38:06.949Z,1697,4697,17322,2560,6665,21650,4513,6240,24019,3633,6259,24294,Day_1,Fair,Intermediate,3.75mm,Experiment_2
2025-10-23T01:38:06.989Z,1704,4690,17307,2570,6660,21635,4533,6238,24004,3636,6247,24253,Day_1,Fair,Intermediate,3.75mm,Experiment_2
2025-10-23T01:38:07.029Z,1709,4687,17286,2576,6660,21643,4556,6248,24013,3655,6278,24379,Day_1,Fair,Intermediate,3.75mm,Experiment_2
2025-10-23T01:38:07.068Z,1709,4688,17274,2576,6666,21665,4568,6254,24039,3676,6319,24556,Day_1,Fair,Intermediate,3.75mm,Experiment_2
2025-10-23T01:38:07.108Z,1700,4690,17270,2569,6671,21685,4569,6259,24055,3688,6347,24681,Day_1,Fair,Intermediate,3.75mm,Experiment_2
2025-10-23T01:38:07.148Z,1689,4686,17270,2562,6668,21693,4563,6271,24054,3689,6360,24721,Day_1,Fair,Intermediate,3.75mm,Experiment_2
2025-10-23T01:38:07.188Z,1687,4676,17271,2562,6656,21692,4556,6287,24062,3684,6367,24726,Day_1,Fair,Intermediate,3.75mm,Experiment_2
2025-10-23T01:38:07.228Z,1691,4672,17273,2565,6646,21693,4552,6300,24084,3684,6378,24754,Day_1,Fair,Intermediate,3.75mm,Experiment_2
2025-10-23T01:38:07.268Z,1688,4682,17275,2560,6650,21699,4557,6310,24099,3692,6394,24810,Day_1,Fair,Intermediate,3.75mm,Experiment_2
2025-10-23T01:38:07.308Z,1681,4698,17272,2551,6663,21705,4571,6315,24098,3700,6409,24857,Day_1,Fair,Intermediate,3.75mm,Experiment_2
2025-10-23T01:38:07.348Z,1677,4707,17267,2545,6672,21706,4585,6315,24099,3700,6418,24879,Day_1,Fair,Intermediate,3.75mm,Experiment_2
2025-10-23T01:38:07.388Z,1681,4705,17264,2548,6669,21704,4594,6316,24113,3697,6419,24875,Day_1,Fair,Intermediate,3.75mm,Experiment_2
2025-10-23T01:38:07.429Z,1688,4702,17274,2555,6663,21692,4595,6307,24120,3692,6400,24797,Day_1,Fair,Intermediate,3.75mm,Experiment_2
2025-10-23T01:38:07.469Z,1689,4703,17289,2556,6663,21659,4581,6275,24100,3677,6344,24591,Day_1,Fair,Intermediate,3.75mm,Experiment_2
2025-10-23T01:38:07.509Z,1681,4707,17294,2549,6668,21611,4548,6232,24065,3649,6271,24332,Day_1,Fair,Intermediate,3.75mm,Experiment_2
2025-10-23T01:38:07.549Z,1672,4705,17280,2544,6674,21581,4511,6214,24040,3632,6233,24219,Day_1,Fair,Intermediate,3.75mm,Experiment_2
2025-10-23T01:38:07.589Z,1671,4696,17259,2545,6675,21593,4491,6228,24035,3640,6259,24333,Day_1,Fair,Intermediate,3.75mm,Experiment_2
2025-10-23T01:38:07.629Z,1674,4686,17247,2550,6672,21627,4496,6255,24045,3659,6314,24541,Day_1,Fair,Intermediate,3.75mm,Experiment_2
2025-10-23T01:38:07.669Z,1677,4680,17245,2553,6667,21655,4519,6276,24062,3669,6357,24697,Day_1,Fair,Intermediate,3.75mm,Experiment_2
2025-10-23T01:38:07.709Z,1678,4681,17247,2554,6665,21668,4546,6281,24079,3672,6373,24762,Day_1,Fair,Intermediate,3.75mm,Experiment_2
2025-10-23T01:38:07.749Z,1678,4685,17251,2554,6663,21671,4566,6280,24084,3676,6375,24768,Day_1,Fair,Intermediate,3.75mm,Experiment_2
2025-10-23T01:38:07.789Z,1677,4690,17257,2550,6662,21674,4572,6283,24080,3680,6381,24780,Day_1,Fair,Intermediate,3.75mm,Experiment_2
2025-10-23T01:38:07.829Z,1676,4695,17260,2547,6664,21683,4571,6288,24079,3687,6395,24826,Day_1,Fair,Intermediate,3.75mm,Experiment_2
2025-10-23T01:38:07.869Z,1677,4697,17268,2547,6667,21698,4576,6288,24075,3696,6404,24866,Day_1,Fair,Intermediate,3.75mm,Experiment_2
2025-10-23T01:38:07.909Z,1679,4690,17285,2548,6663,21717,4585,6288,24063,3706,6406,24876,Day_1,Fair,Intermediate,3.75mm,Experiment_2
2025-10-23T01:38:07.949Z,1678,4679,17302,2548,6657,21731,4590,6287,24052,3710,6404,24865,Day_1,Fair,Intermediate,3.75mm,Experiment_2
2025-10-23T01:38:07.989Z,1676,4680,17308,2546,6659,21725,4583,6282,24049,3699,6387,24812,Day_1,Fair,Intermediate,3.75mm,Experiment_2
2025-10-23T01:38:08.029Z,1674,4691,17310,2541,6668,21694,4560,6268,24049,3672,6340,24655,Day_1,Fair,Intermediate,3.75mm,Experiment_2
2025-10-23T01:38:08.069Z,1671,4699,17316,2536,6671,21646,4527,6249,24037,3640,6270,24399,Day_1,Fair,Intermediate,3.75mm,Experiment_2
2025-10-23T01:38:08.109Z,1666,4696,17314,2530,6666,21608,4505,6234,24019,3624,6222,24212,Day_1,Fair,Intermediate,3.75mm,Experiment_2
2025-10-23T01:38:08.149Z,1660,4690,17295,2527,6665,21607,4510,6226,24016,3632,6229,24250,Day_1,Fair,Intermediate,3.75mm,Experiment_2
2025-10-23T01:38:08.189Z,1655,4690,17273,2527,6671,21634,4529,6224,24039,3652,6270,24450,Day_1,Fair,Intermediate,3.75mm,Experiment_2
2025-10-23T01:38:08.229Z,1654,4693,17259,2529,6676,21664,4539,6229,24074,3664,6312,24647,Day_1,Fair,Intermediate,3.75mm,Experiment_2
2025-10-23T01:38:08.269Z,1652,4696,17252,2529,6678,21677,4530,6239,24099,3660,6338,24749,Day_1,Fair,Intermediate,3.75mm,Experiment_2
2025-10-23T01:38:08.309Z,1650,4693,17248,2527,6674,21677,4523,6243,24101,3658,6346,24766,Day_1,Fair,Intermediate,3.75mm,Experiment_2
2025-10-23T01:38:08.349Z,1655,4681,17246,2529,6661,21673,4533,6241,24093,3669,6347,24768,Day_1,Fair,Intermediate,3.75mm,Experiment_2
2025-10-23T01:38:08.389Z,1665,4669,17249,2537,6649,21675,4546,6242,24088,3681,6355,24812,Day_1,Fair,Intermediate,3.75mm,Experiment_2
2025-10-23T01:38:08.429Z,1671,4672,17261,2543,6654,21687,4548,6247,24086,3683,6368,24871,Day_1,Fair,Intermediate,3.75mm,Experiment_2
2025-10-23T01:38:08.469Z,1674,4685,17276,2546,6668,21704,4549,6256,24082,3682,6378,24901,Day_1,Fair,Intermediate,3.75mm,Experiment_2
2025-10-23T01:38:08.509Z,1675,4696,17287,2547,6675,21715,4552,6279,24075,3681,6388,24894,Day_1,Fair,Intermediate,3.75mm,Experiment_2
2025-10-23T01:38:08.549Z,1674,4698,17290,2547,6673,21717,4543,6305,24065,3677,6389,24841,Day_1,Fair,Intermediate,3.75mm,Experiment_2
2025-10-23T01:38:08.589Z,1672,4697,17293,2545,6669,21700,4523,6309,24042,3664,6361,24705,Day_1,Fair,Intermediate,3.75mm,Experiment_2
2025-10-23T01:38:08.629Z,1671,4697,17298,2543,6667,21663,4504,6283,24005,3641,6302,24478,Day_1,Fair,Intermediate,3.75mm,Experiment_2
2025-10-23T01:38:08.669Z,1668,4698,17299,2539,6666,21625,4492,6246,23967,3619,6246,24280,Day_1,Fair,Intermediate,3.75mm,Experiment_2
2025-10-23T01:38:08.709Z,1663,4699,17291,2535,6665,21615,4487,6221,23950,3611,6231,24254,Day_1,Fair,Intermediate,3.75mm,Experiment_2
2025-10-23T01:38:08.749Z,1662,4697,17279,2535,6667,21636,4486,6223,23968,3617,6259,24388,Day_1,Fair,Intermediate,3.75mm,Experiment_2
2025-10-23T01:38:08.789Z,1666,4694,17269,2540,6671,21666,4487,6246,23999,3627,6307,24561,Day_1,Fair,Intermediate,3.75mm,Experiment_2
2025-10-23T01:38:08.829Z,1671,4691,17264,2547,6674,21688,4491,6265,24010,3635,6345,24670,Day_1,Fair,Intermediate,3.75mm,Experiment_2
2025-10-23T01:38:08.869Z,1673,4685,17265,2550,6669,21695,4499,6260,24004,3642,6354,24699,Day_1,Fair,Intermediate,3.75mm,Experiment_2
2025-10-23T01:38:08.909Z,1673,4678,17269,2548,6659,21694,4508,6244,24006,3650,6351,24701,Day_1,Fair,Intermediate,3.75mm,Experiment_2
2025-10-23T01:38:08.949Z,1674,4670,17271,2547,6647,21694,4521,6252,24024,3660,6361,24733,Day_1,Fair,Intermediate,3.75mm,Experiment_2
2025-10-23T01:38:08.989Z,1676,4660,17270,2547,6634,21699,4537,6285,24050,3670,6387,24798,Day_1,Fair,Intermediate,3.75mm,Experiment_2
2025-10-23T01:38:09.029Z,1673,4653,17269,2543,6627,21706,4555,6313,24068,3681,6409,24856,Day_1,Fair,Intermediate,3.75mm,Experiment_2
2025-10-23T01:38:09.069Z,1665,4659,17271,2536,6635,21711,4572,6316,24070,3692,6412,24880,Day_1,Fair,Intermediate,3.75mm,Experiment_2
2025-10-23T01:38:09.109Z,1658,4675,17278,2531,6652,21710,4580,6306,24064,3695,6397,24861,Day_1,Fair,Intermediate,3.75mm,Experiment_2
2025-10-23T01:38:09.149Z,1657,4689,17286,2530,6664,21694,4572,6294,24055,3684,6363,24762,Day_1,Fair,Intermediate,3.75mm,Experiment_2
2025-10-23T01:38:09.189Z,1661,4693,17293,2532,6666,21659,4552,6274,24028,3663,6305,24557,Day_1,Fair,Intermediate,3.75mm,Experiment_2
2025-10-23T01:38:09.229Z,1669,4691,17290,2538,6663,21619,4530,6251,23974,3645,6246,24334,Day_1,Fair,Intermediate,3.75mm,Experiment_2
2025-10-23T01:38:09.269Z,1677,4689,17276,2547,6663,21602,4509,6236,23928,3637,6232,24255,Day_1,Fair,Intermediate,3.75mm,Experiment_2
2025-10-23T01:38:09.309Z,1681,4687,17261,2551,6667,21619,4495,6234,23930,3638,6268,24362,Day_1,Fair,Intermediate,3.75mm,Experiment_2
2025-10-23T01:38:09.349Z,1679,4684,17255,2551,6668,21653,4500,6243,23981,3647,6320,24546,Day_1,Fair,Intermediate,3.75mm,Experiment_2
2025-10-23T01:38:09.389Z,1677,4680,17263,2551,6663,21685,4521,6258,24037,3660,6357,24689,Day_1,Fair,Intermediate,3.75mm,Experiment_2
2025-10-23T01:38:09.429Z,1677,4675,17273,2552,6654,21699,4546,6268,24061,3670,6370,24742,Day_1,Fair,Intermediate,3.75mm,Experiment_2
2025-10-23T01:38:09.469Z,1674,4672,17276,2548,6647,21695,4561,6273,24055,3675,6369,24738,Day_1,Fair,Intermediate,3.75mm,Experiment_2
2025-10-23T01:38:09.509Z,1671,4676,17275,2541,6647,21689,4560,6277,24052,3675,6369,24752,Day_1,Fair,Intermediate,3.75mm,Experiment_2
2025-10-23T01:38:09.549Z,1671,4682,17273,2538,6653,21690,4553,6283,24070,3677,6379,24811,Day_1,Fair,Intermediate,3.75mm,Experiment_2
2025-10-23T01:38:09.589Z,1676,4686,17273,2541,6658,21696,4557,6285,24093,3683,6390,24875,Day_1,Fair,Intermediate,3.75mm,Experiment_2
2025-10-23T01:38:09.629Z,1681,4687,17277,2546,6660,21705,4574,6282,24102,3694,6398,24903,Day_1,Fair,Intermediate,3.75mm,Experiment_2
2025-10-23T01:38:09.669Z,1678,4685,17281,2542,6659,21708,4591,6271,24101,3702,6395,24894,Day_1,Fair,Intermediate,3.75mm,Experiment_2
2025-10-23T01:38:09.709Z,1670,4681,17288,2536,6655,21698,4584,6248,24096,3694,6369,24822,Day_1,Fair,Intermediate,3.75mm,Experiment_2
2025-10-23T01:38:09.749Z,1666,4679,17302,2533,6653,21673,4548,6228,24072,3666,6317,24629,Day_1,Fair,Intermediate,3.75mm,Experiment_2
2025-10-23T01:38:09.789Z,1666,4684,17316,2534,6657,21637,4504,6225,24019,3631,6256,24350,Day_1,Fair,Intermediate,3.75mm,Experiment_2
2025-10-23T01:38:09.829Z,1667,4689,17314,2535,6662,21613,4481,6232,23968,3612,6227,24179,Day_1,Fair,Intermediate,3.75mm,Experiment_2
2025-10-23T01:38:09.869Z,1666,4691,17289,2535,6665,21617,4485,6240,23955,3619,6251,24253,Day_1,Fair,Intermediate,3.75mm,Experiment_2
2025-10-23T01:38:09.909Z,1667,4693,17260,2535,6669,21637,4500,6248,23975,3641,6302,24469,Day_1,Fair,Intermediate,3.75mm,Experiment_2
2025-10-23T01:38:09.950Z,1673,4698,17247,2539,6672,21660,4515,6254,24005,3659,6342,24651,Day_1,Fair,Intermediate,3.75mm,Experiment_2
2025-10-23T01:38:09.990Z,1683,4698,17250,2548,6669,21676,4526,6257,24031,3667,6359,24732,Day_1,Fair,Intermediate,3.75mm,Experiment_2
2025-10-23T01:38:10.030Z,1685,4692,17260,2552,6664,21684,4532,6256,24046,3667,6363,24743,Day_1,Fair,Intermediate,3.75mm,Experiment_2
2025-10-23T01:38:10.070Z,1678,4682,17264,2548,6658,21684,4539,6254,24059,3668,6364,24756,Day_1,Fair,Intermediate,3.75mm,Experiment_2
2025-10-23T01:38:10.110Z,1673,4674,17262,2545,6655,21684,4551,6252,24075,3674,6367,24805,Day_1,Fair,Intermediate,3.75mm,Experiment_2
2025-10-23T01:38:10.150Z,1679,4674,17262,2550,6658,21691,4560,6256,24088,3681,6371,24857,Day_1,Fair,Intermediate,3.75mm,Experiment_2
2025-10-23T01:38:10.190Z,1689,4681,17268,2558,6663,21703,4566,6266,24087,3685,6377,24880,Day_1,Fair,Intermediate,3.75mm,Experiment_2
2025-10-23T01:38:10.230Z,1693,4682,17276,2561,6664,21710,4575,6270,24068,3689,6383,24875,Day_1,Fair,Intermediate,3.75mm,Experiment_2
2025-10-23T01:38:10.270Z,1688,4677,17283,2556,6659,21705,4576,6267,24042,3688,6379,24823,Day_1,Fair,Intermediate,3.75mm,Experiment_2
2025-10-23T01:38:10.309Z,1678,4671,17290,2549,6651,21680,4562,6264,24016,3676,6349,24675,Day_1,Fair,Intermediate,3.75mm,Experiment_2
2025-10-23T01:38:10.349Z,1669,4666,17294,2542,6642,21634,4537,6261,23989,3652,6293,24428,Day_1,Fair,Intermediate,3.75mm,Experiment_2
2025-10-23T01:38:10.389Z,1664,4662,17289,2539,6634,21593,4515,6254,23969,3632,6244,24224,Day_1,Fair,Intermediate,3.75mm,Experiment_2
2025-10-23T01:38:10.429Z,1663,4663,17272,2541,6637,21587,4508,6253,23967,3631,6242,24218,Day_1,Fair,Intermediate,3.75mm,Experiment_2
2025-10-23T01:38:10.469Z,1666,4669,17251,2547,6648,21610,4514,6268,23985,3646,6283,24379,Day_1,Fair,Intermediate,3.75mm,Experiment_2
2025-10-23T01:38:10.509Z,1671,4671,17239,2552,6653,21640,4523,6286,24020,3660,6333,24574,Day_1,Fair,Intermediate,3.75mm,Experiment_2
2025-10-23T01:38:10.549Z,1677,4670,17242,2555,6649,21667,4532,6288,24050,3669,6360,24701,Day_1,Fair,Intermediate,3.75mm,Experiment_2
2025-10-23T01:38:10.589Z,1678,4674,17255,2554,6649,21683,4537,6272,24059,3672,6359,24734,Day_1,Fair,Intermediate,3.75mm,Experiment_2
2025-10-23T01:38:10.629Z,1677,4682,17268,2551,6658,21694,4533,6258,24058,3668,6353,24736,Day_1,Fair,Intermediate,3.75mm,Experiment_2
2025-10-23T01:38:10.669Z,1678,4691,17279,2549,6669,21706,4526,6263,24066,3666,6364,24774,Day_1,Fair,Intermediate,3.75mm,Experiment_2
2025-10-23T01:38:10.709Z,1685,4693,17286,2552,6672,21717,4521,6278,24085,3668,6386,24843,Day_1,Fair,Intermediate,3.75mm,Experiment_2
2025-10-23T01:38:10.749Z,1694,4688,17291,2558,6666,21726,4529,6293,24103,3676,6403,24896,Day_1,Fair,Intermediate,3.75mm,Experiment_2
2025-10-23T01:38:10.789Z,1699,4680,17291,2561,6657,21725,4550,6300,24108,3687,6407,24910,Day_1,Fair,Intermediate,3.75mm,Experiment_2
2025-10-23T01:38:10.829Z,1692,4674,17286,2557,6650,21714,4565,6289,24100,3691,6398,24873,Day_1,Fair,Intermediate,3.75mm,Experiment_2
2025-10-23T01:38:10.869Z,1678,4670,17286,2547,6644,21694,4565,6269,24078,3680,6366,24754,Day_1,Fair,Intermediate,3.75mm,Experiment_2
2025-10-23T01:38:10.909Z,1666,4670,17292,2538,6643,21664,4554,6252,24040,3660,6312,24540,Day_1,Fair,Intermediate,3.75mm,Experiment_2
2025-10-23T01:38:10.949Z,1662,4679,17293,2534,6651,21631,4536,6239,23998,3640,6257,24336,Day_1,Fair,Intermediate,3.75mm,Experiment_2
2025-10-23T01:38:10.989Z,1663,4691,17280,2536,6662,21615,4516,6229,23972,3631,6238,24290,Day_1,Fair,Intermediate,3.75mm,Experiment_2
2025-10-23T01:38:11.030Z,1669,4690,17262,2543,6663,21626,4507,6225,23974,3639,6260,24403,Day_1,Fair,Intermediate,3.75mm,Experiment_2
2025-10-23T01:38:11.070Z,1678,4682,17253,2553,6656,21651,4511,6230,23995,3654,6298,24565,Day_1,Fair,Intermediate,3.75mm,Experiment_2
2025-10-23T01:38:11.110Z,1680,4680,17260,2555,6655,21678,4516,6238,24019,3666,6329,24682,Day_1,Fair,Intermediate,3.75mm,Experiment_2
2025-10-23T01:38:11.150Z,1672,4682,17272,2546,6655,21694,4523,6242,24028,3670,6341,24719,Day_1,Fair,Intermediate,3.75mm,Experiment_2
2025-10-23T01:38:11.190Z,1663,4680,17278,2536,6650,21698,4531,6249,24023,3671,6342,24711,Day_1,Fair,Intermediate,3.75mm,Experiment_2
2025-10-23T01:38:11.230Z,1662,4681,17278,2534,6649,21698,4537,6265,24033,3671,6354,24728,Day_1,Fair,Intermediate,3.75mm,Experiment_2
2025-10-23T01:38:11.270Z,1669,4690,17278,2540,6659,21703,4547,6287,24066,3675,6383,24793,Day_1,Fair,Intermediate,3.75mm,Experiment_2
2025-10-23T01:38:11.310Z,1674,4695,17278,2543,6669,21709,4565,6303,24100,3684,6406,24860,Day_1,Fair,Intermediate,3.75mm,Experiment_2
2025-10-23T01:38:11.350Z,1673,4692,17274,2542,6670,21710,4581,6305,24118,3696,6409,24894,Day_1,Fair,Intermediate,3.75mm,Experiment_2
2025-10-23T01:38:11.390Z,1673,4689,17271,2542,6666,21706,4579,6298,24120,3700,6400,24886,Day_1,Fair,Intermediate,3.75mm,Experiment_2
2025-10-23T01:38:11.430Z,1678,4691,17274,2547,6665,21695,4562,6284,24104,3692,6378,24804,Day_1,Fair,Intermediate,3.75mm,Experiment_2
2025-10-23T01:38:11.470Z,1680,4697,17284,2548,6666,21669,4543,6267,24066,3672,6326,24596,Day_1,Fair,Intermediate,3.75mm,Experiment_2
2025-10-23T01:38:11.510Z,1678,4706,17295,2542,6671,21631,4519,6249,24008,3643,6257,24324,Day_1,Fair,Intermediate,3.75mm,Experiment_2
2025-10-23T01:38:11.550Z,1680,4710,17294,2541,6675,21611,4492,6238,23955,3618,6223,24186,Day_1,Fair,Intermediate,3.75mm,Experiment_2
2025-10-23T01:38:11.590Z,1688,4702,17280,2551,6671,21625,4480,6243,23948,3613,6253,24290,Day_1,Fair,Intermediate,3.75mm,Experiment_2
2025-10-23T01:38:11.630Z,1691,4685,17261,2561,6661,21653,4486,6266,23986,3626,6316,24513,Day_1,Fair,Intermediate,3.75mm,Experiment_2
2025-10-23T01:38:11.670Z,1687,4668,17250,2561,6647,21672,4498,6290,24030,3641,6362,24684,Day_1,Fair,Intermediate,3.75mm,Experiment_2
2025-10-23T01:38:11.710Z,1681,4654,17249,2557,6635,21677,4509,6300,24050,3653,6380,24754,Day_1,Fair,Intermediate,3.75mm,Experiment_2
2025-10-23T01:38:11.750Z,1681,4648,17257,2556,6629,21680,4518,6302,24049,3663,6384,24766,Day_1,Fair,Intermediate,3.75mm,Experiment_2
2025-10-23T01:38:11.790Z,1685,4654,17266,2559,6635,21688,4527,6304,24047,3675,6392,24788,Day_1,Fair,Intermediate,3.75mm,Experiment_2
2025-10-23T01:38:11.830Z,1685,4670,17267,2556,6651,21696,4538,6309,24058,3689,6407,24843,Day_1,Fair,Intermediate,3.75mm,Experiment_2
2025-10-23T01:38:11.870Z,1677,4686,17262,2548,6669,21702,4536,6312,24076,3693,6419,24892,Day_1,Fair,Intermediate,3.75mm,Experiment_2
2025-10-23T01:38:11.910Z,1668,4692,17261,2541,6675,21709,4518,6306,24098,3684,6418,24914,Day_1,Fair,Intermediate,3.75mm,Experiment_2
2025-10-23T01:38:11.950Z,1665,4690,17262,2541,6672,21710,4508,6294,24120,3672,6409,24912,Day_1,Fair,Intermediate,3.75mm,Experiment_2
2025-10-23T01:38:11.990Z,1666,4685,17261,2543,6664,21694,4515,6280,24123,3665,6386,24859,Day_1,Fair,Intermediate,3.75mm,Experiment_2
2025-10-23T01:38:12.030Z,1668,4683,17270,2543,6656,21665,4519,6259,24087,3653,6334,24690,Day_1,Fair,Intermediate,3.75mm,Experiment_2
2025-10-23T01:38:12.070Z,1671,4686,17290,2542,6651,21631,4506,6236,24022,3630,6259,24416,Day_1,Fair,Intermediate,3.75mm,Experiment_2
2025-10-23T01:38:12.110Z,1673,4688,17301,2543,6649,21607,4495,6227,23968,3615,6210,24210,Day_1,Fair,Intermediate,3.75mm,Experiment_2
2025-10-23T01:38:12.150Z,1673,4682,17287,2542,6647,21611,4506,6232,23951,3624,6226,24231,Day_1,Fair,Intermediate,3.75mm,Experiment_2
2025-10-23T01:38:12.190Z,1670,4671,17264,2539,6645,21635,4524,6243,23963,3648,6283,24416,Day_1,Fair,Intermediate,3.75mm,Experiment_2
2025-10-23T01:38:12.230Z,1669,4662,17250,2538,6644,21661,4533,6260,23979,3669,6340,24601,Day_1,Fair,Intermediate,3.75mm,Experiment_2
2025-10-23T01:38:12.270Z,1672,4661,17247,2542,6646,21677,4535,6274,23992,3680,6372,24698,Day_1,Fair,Intermediate,3.75mm,Experiment_2
2025-10-23T01:38:12.310Z,1677,4665,17247,2545,6649,21677,4536,6274,23998,3684,6375,24714,Day_1,Fair,Intermediate,3.75mm,Experiment_2
2025-10-23T01:38:12.350Z,1678,4672,17249,2544,6654,21674,4537,6264,23998,3682,6367,24713,Day_1,Fair,Intermediate,3.75mm,Experiment_2
2025-10-23T01:38:12.390Z,1677,4684,17259,2541,6664,21685,4534,6258,24008,3680,6371,24754,Day_1,Fair,Intermediate,3.75mm,Experiment_2
2025-10-23T01:38:12.430Z,1677,4694,17275,2541,6674,21705,4529,6256,24039,3679,6384,24826,Day_1,Fair,Intermediate,3.75mm,Experiment_2
2025-10-23T01:38:12.470Z,1680,4692,17284,2545,6673,21720,4530,6255,24085,3681,6391,24885,Day_1,Fair,Intermediate,3.75mm,Experiment_2
2025-10-23T01:38:12.510Z,1683,4682,17281,2549,6662,21721,4536,6267,24118,3680,6393,24906,Day_1,Fair,Intermediate,3.75mm,Experiment_2
2025-10-23T01:38:12.550Z,1684,4677,17275,2553,6653,21713,4535,6292,24110,3669,6392,24869,Day_1,Fair,Intermediate,3.75mm,Experiment_2
2025-10-23T01:38:12.590Z,1682,4681,17279,2555,6651,21694,4521,6302,24065,3647,6372,24736,Day_1,Fair,Intermediate,3.75mm,Experiment_2
2025-10-23T01:38:12.630Z,1676,4688,17288,2552,6654,21661,4503,6287,24007,3625,6319,24505,Day_1,Fair,Intermediate,3.75mm,Experiment_2
2025-10-23T01:38:12.670Z,1670,4692,17290,2548,6660,21627,4491,6266,23958,3612,6266,24296,Day_1,Fair,Intermediate,3.75mm,Experiment_2
2025-10-23T01:38:12.710Z,1669,4688,17280,2547,6664,21616,4491,6258,23934,3617,6256,24254,Day_1,Fair,Intermediate,3.75mm,Experiment_2
2025-10-23T01:38:12.750Z,1672,4679,17262,2548,6664,21627,4505,6268,23942,3637,6288,24370,Day_1,Fair,Intermediate,3.75mm,Experiment_2
2025-10-23T01:38:12.790Z,1677,4671,17246,2551,6659,21648,4524,6285,23975,3659,6333,24537,Day_1,Fair,Intermediate,3.75mm,Experiment_2
2025-10-23T01:38:12.830Z,1684,4671,17239,2554,6658,21665,4538,6292,24018,3671,6360,24665,Day_1,Fair,Intermediate,3.75mm,Experiment_2
2025-10-23T01:38:12.870Z,1692,4674,17245,2560,6662,21675,4540,6289,24051,3673,6366,24712,Day_1,Fair,Intermediate,3.75mm,Experiment_2
2025-10-23T01:38:12.910Z,1695,4670,17256,2562,6658,21680,4528,6288,24062,3669,6366,24712,Day_1,Fair,Intermediate,3.75mm,Experiment_2
2025-10-23T01:38:12.950Z,1691,4658,17269,2560,6642,21688,4511,6297,24065,3667,6379,24732,Day_1,Fair,Intermediate,3.75mm,Experiment_2
2025-10-23T01:38:12.990Z,1685,4651,17280,2556,6631,21702,4497,6306,24075,3666,6399,24793,Day_1,Fair,Intermediate,3.75mm,Experiment_2
2025-10-23T01:38:13.030Z,1680,4660,17282,2553,6638,21712,4496,6307,24088,3666,6409,24854,Day_1,Fair,Intermediate,3.75mm,Experiment_2
2025-10-23T01:38:13.070Z,1675,4676,17276,2549,6653,21711,4512,6300,24093,3670,6406,24880,Day_1,Fair,Intermediate,3.75mm,Experiment_2
2025-10-23T01:38:13.110Z,1671,4685,17272,2544,6663,21705,4538,6287,24093,3678,6392,24862,Day_1,Fair,Intermediate,3.75mm,Experiment_2
2025-10-23T01:38:13.150Z,1675,4686,17280,2544,6663,21696,4554,6266,24085,3678,6362,24769,Day_1,Fair,Intermediate,3.75mm,Experiment_2
2025-10-23T01:38:13.190Z,1682,4682,17296,2546,6657,21676,4540,6243,24058,3657,6308,24565,Day_1,Fair,Intermediate,3.75mm,Experiment_2
2025-10-23T01:38:13.230Z,1680,4673,17304,2544,6648,21644,4510,6239,24013,3629,6252,24326,Day_1,Fair,Intermediate,3.75mm,Experiment_2
2025-10-23T01:38:13.270Z,1670,4659,17292,2540,6637,21623,4498,6256,23976,3623,6235,24231,Day_1,Fair,Intermediate,3.75mm,Experiment_2
2025-10-23T01:38:13.310Z,1664,4650,17271,2542,6632,21630,4513,6270,23966,3641,6268,24342,Day_1,Fair,Intermediate,3.75mm,Experiment_2
2025-10-23T01:38:13.350Z,1667,4652,17257,2548,6636,21654,4530,6270,23975,3661,6316,24532,Day_1,Fair,Intermediate,3.75mm,Experiment_2
2025-10-23T01:38:13.390Z,1674,4662,17256,2554,6645,21678,4530,6266,23993,3669,6351,24675,Day_1,Fair,Intermediate,3.75mm,Experiment_2
2025-10-23T01:38:13.430Z,1678,4676,17262,2555,6657,21695,4527,6268,24019,3673,6366,24741,Day_1,Fair,Intermediate,3.75mm,Experiment_2
2025-10-23T01:38:13.470Z,1676,4687,17269,2553,6664,21701,4533,6276,24048,3678,6373,24757,Day_1,Fair,Intermediate,3.75mm,Experiment_2
2025-10-23T01:38:13.510Z,1673,4686,17272,2552,6661,21704,4541,6284,24072,3684,6382,24776,Day_1,Fair,Intermediate,3.75mm,Experiment_2
2025-10-23T01:38:13.550Z,1675,4679,17272,2551,6654,21709,4543,6291,24089,3688,6397,24826,Day_1,Fair,Intermediate,3.75mm,Experiment_2
2025-10-23T01:38:13.590Z,1680,4677,17273,2551,6654,21712,4541,6301,24090,3688,6411,24876,Day_1,Fair,Intermediate,3.75mm,Experiment_2
2025-10-23T01:38:13.630Z,1689,4684,17276,2553,6663,21713,4543,6314,24083,3684,6417,24898,Day_1,Fair,Intermediate,3.75mm,Experiment_2
2025-10-23T01:38:13.670Z,1696,4693,17278,2557,6672,21712,4542,6322,24077,3677,6414,24891,Day_1,Fair,Intermediate,3.75mm,Experiment_2
2025-10-23T01:38:13.710Z,1697,4698,17280,2557,6675,21703,4525,6318,24070,3663,6393,24832,Day_1,Fair,Intermediate,3.75mm,Experiment_2
2025-10-23T01:38:13.750Z,1693,4698,17286,2555,6670,21675,4499,6299,24050,3639,6343,24661,Day_1,Fair,Intermediate,3.75mm,Experiment_2
2025-10-23T01:38:13.790Z,1688,4694,17296,2550,6660,21634,4484,6268,24011,3615,6272,24394,Day_1,Fair,Intermediate,3.75mm,Experiment_2
2025-10-23T01:38:13.830Z,1682,4692,17298,2546,6656,21608,4487,6237,23969,3604,6220,24204,Day_1,Fair,Intermediate,3.75mm,Experiment_2
2025-10-23T01:38:13.870Z,1674,4694,17289,2544,6661,21620,4500,6221,23950,3613,6225,24245,Day_1,Fair,Intermediate,3.75mm,Experiment_2
2025-10-23T01:38:13.910Z,1674,4693,17280,2550,6666,21658,4510,6227,23966,3632,6274,24444,Day_1,Fair,Intermediate,3.75mm,Experiment_2
2025-10-23T01:38:13.950Z,1685,4684,17276,2563,6664,21688,4512,6251,24001,3651,6330,24633,Day_1,Fair,Intermediate,3.75mm,Experiment_2
2025-10-23T01:38:13.990Z,1696,4674,17269,2572,6658,21693,4507,6280,24025,3659,6364,24727,Day_1,Fair,Intermediate,3.75mm,Experiment_2
2025-10-23T01:38:14.030Z,1703,4671,17259,2574,6657,21684,4500,6297,24028,3657,6371,24739,Day_1,Fair,Intermediate,3.75mm,Experiment_2
2025-10-23T01:38:14.070Z,1706,4672,17253,2573,6658,21678,4499,6297,24035,3653,6369,24742,Day_1,Fair,Intermediate,3.75mm,Experiment_2
2025-10-23T01:38:14.110Z,1705,4669,17255,2572,6653,21685,4510,6292,24062,3660,6378,24790,Day_1,Fair,Intermediate,3.75mm,Experiment_2
2025-10-23T01:38:14.150Z,1700,4665,17266,2568,6645,21701,4530,6291,24088,3675,6394,24853,Day_1,Fair,Intermediate,3.75mm,Experiment_2
2025-10-23T01:38:14.190Z,1693,4668,17278,2562,6646,21715,4551,6292,24093,3689,6404,24887,Day_1,Fair,Intermediate,3.75mm,Experiment_2
2025-10-23T01:38:14.230Z,1691,4681,17278,2559,6657,21714,4559,6287,24088,3694,6400,24887,Day_1,Fair,Intermediate,3.75mm,Experiment_2
2025-10-23T01:38:14.270Z,1694,4692,17268,2559,6665,21697,4546,6278,24080,3685,6384,24841,Day_1,Fair,Intermediate,3.75mm,Experiment_2
2025-10-23T01:38:14.310Z,1693,4694,17268,2556,6666,21669,4524,6271,24059,3668,6349,24700,Day_1,Fair,Intermediate,3.75mm,Experiment_2
2025-10-23T01:38:14.350Z,1684,4686,17283,2548,6661,21639,4511,6262,24016,3648,6296,24456,Day_1,Fair,Intermediate,3.75mm,Experiment_2
2025-10-23T01:38:14.390Z,1674,4674,17299,2541,6652,21619,4504,6250,23967,3632,6252,24244,Day_1,Fair,Intermediate,3.75mm,Experiment_2
2025-10-23T01:38:14.430Z,1670,4664,17296,2540,6645,21619,4501,6244,23946,3629,6251,24222,Day_1,Fair,Intermediate,3.75mm,Experiment_2
2025-10-23T01:38:14.470Z,1669,4657,17282,2544,6639,21637,4506,6246,23967,3637,6285,24372,Day_1,Fair,Intermediate,3.75mm,Experiment_2
2025-10-23T01:38:14.510Z,1669,4653,17271,2547,6635,21662,4522,6250,24011,3652,6322,24566,Day_1,Fair,Intermediate,3.75mm,Experiment_2
2025-10-23T01:38:14.550Z,1668,4657,17272,2548,6639,21686,4542,6250,24045,3667,6342,24696,Day_1,Fair,Intermediate,3.75mm,Experiment_2
2025-10-23T01:38:14.590Z,1666,4667,17279,2546,6648,21702,4554,6248,24053,3678,6346,24732,Day_1,Fair,Intermediate,3.75mm,Experiment_2
2025-10-23T01:38:14.630Z,1666,4671,17281,2541,6654,21708,4560,6246,24044,3686,6344,24727,Day_1,Fair,Intermediate,3.75mm,Experiment_2
2025-10-23T01:38:14.670Z,1665,4668,17277,2536,6652,21708,4558,6246,24044,3686,6347,24752,Day_1,Fair,Intermediate,3.75mm,Experiment_2
2025-10-23T01:38:14.710Z,1668,4667,17276,2535,6649,21712,4554,6257,24061,3682,6362,24816,Day_1,Fair,Intermediate,3.75mm,Experiment_2
2025-10-23T01:38:14.750Z,1679,4674,17276,2542,6653,21714,4558,6284,24088,3682,6386,24879,Day_1,Fair,Intermediate,3.75mm,Experiment_2
2025-10-23T01:38:14.790Z,1691,4681,17270,2554,6657,21709,4566,6307,24109,3686,6405,24909,Day_1,Fair,Intermediate,3.75mm,Experiment_2
2025-10-23T01:38:14.830Z,1696,4687,17264,2561,6660,21697,4559,6309,24115,3682,6404,24887,Day_1,Fair,Intermediate,3.75mm,Experiment_2
2025-10-23T01:38:14.870Z,1693,4695,17267,2561,6663,21680,4528,6294,24098,3662,6377,24780,Day_1,Fair,Intermediate,3.75mm,Experiment_2
2025-10-23T01:38:14.910Z,1686,4699,17276,2555,6664,21651,4489,6274,24054,3631,6323,24568,Day_1,Fair,Intermediate,3.75mm,Experiment_2
2025-10-23T01:38:14.950Z,1678,4693,17277,2546,6658,21616,4469,6255,23995,3606,6264,24346,Day_1,Fair,Intermediate,3.75mm,Experiment_2
2025-10-23T01:38:14.991Z,1676,4679,17268,2545,6650,21602,4478,6234,23954,3606,6238,24275,Day_1,Fair,Intermediate,3.75mm,Experiment_2
2025-10-23T01:38:15.031Z,1677,4666,17257,2549,6644,21618,4498,6221,23953,3625,6260,24382,Day_1,Fair,Intermediate,3.75mm,Experiment_2
2025-10-23T01:38:15.071Z,1677,4660,17248,2548,6641,21646,4506,6224,23982,3642,6303,24557,Day_1,Fair,Intermediate,3.75mm,Experiment_2
2025-10-23T01:38:15.111Z,1674,4661,17247,2545,6640,21672,4511,6239,24012,3652,6340,24686,Day_1,Fair,Intermediate,3.75mm,Experiment_2
2025-10-23T01:38:15.151Z,1674,4666,17257,2545,6643,21689,4519,6256,24025,3656,6360,24731,Day_1,Fair,Intermediate,3.75mm,Experiment_2
2025-10-23T01:38:15.191Z,1676,4671,17271,2549,6651,21695,4520,6268,24021,3654,6367,24724,Day_1,Fair,Intermediate,3.75mm,Experiment_2
2025-10-23T01:38:15.231Z,1677,4677,17274,2551,6659,21691,4514,6272,24024,3653,6372,24736,Day_1,Fair,Intermediate,3.75mm,Experiment_2
2025-10-23T01:38:15.271Z,1675,4684,17270,2549,6666,21688,4519,6276,24044,3660,6381,24795,Day_1,Fair,Intermediate,3.75mm,Experiment_2
2025-10-23T01:38:15.311Z,1672,4686,17267,2544,6667,21696,4536,6289,24066,3673,6393,24858,Day_1,Fair,Intermediate,3.75mm,Experiment_2
2025-10-23T01:38:15.351Z,1671,4679,17271,2541,6658,21710,4549,6313,24076,3680,6404,24891,Day_1,Fair,Intermediate,3.75mm,Experiment_2
2025-10-23T01:38:15.391Z,1675,4670,17279,2542,6648,21717,4547,6334,24081,3675,6409,24888,Day_1,Fair,Intermediate,3.75mm,Experiment_2
2025-10-23T01:38:15.431Z,1682,4669,17285,2544,6645,21705,4539,6341,24089,3667,6397,24821,Day_1,Fair,Intermediate,3.75mm,Experiment_2
2025-10-23T01:38:15.471Z,1682,4678,17287,2542,6653,21664,4535,6323,24081,3658,6352,24632,Day_1,Fair,Intermediate,3.75mm,Experiment_2
2025-10-23T01:38:15.511Z,1677,4688,17289,2538,6662,21613,4537,6286,24035,3647,6279,24357,Day_1,Fair,Intermediate,3.75mm,Experiment_2
2025-10-23T01:38:15.551Z,1675,4692,17293,2537,6667,21589,4538,6253,23981,3639,6231,24189,Day_1,Fair,Intermediate,3.75mm,Experiment_2
2025-10-23T01:38:15.591Z,1677,4692,17290,2540,6669,21612,4535,6245,23972,3643,6248,24266,Day_1,Fair,Intermediate,3.75mm,Experiment_2
2025-10-23T01:38:15.631Z,1678,4688,17278,2545,6669,21650,4532,6260,24007,3655,6307,24485,Day_1,Fair,Intermediate,3.75mm,Experiment_2
2025-10-23T01:38:15.671Z,1678,4682,17263,2546,6666,21674,4534,6278,24033,3666,6357,24665,Day_1,Fair,Intermediate,3.75mm,Experiment_2
2025-10-23T01:38:15.711Z,1676,4674,17257,2546,6660,21683,4536,6281,24031,3669,6375,24738,Day_1,Fair,Intermediate,3.75mm,Experiment_2
2025-10-23T01:38:15.751Z,1670,4666,17264,2543,6651,21690,4539,6272,24024,3670,6370,24745,Day_1,Fair,Intermediate,3.75mm,Experiment_2
2025-10-23T01:38:15.791Z,1664,4666,17270,2538,6649,21695,4551,6269,24036,3675,6371,24764,Day_1,Fair,Intermediate,3.75mm,Experiment_2
2025-10-23T01:38:15.831Z,1661,4674,17265,2533,6653,21695,4571,6280,24062,3687,6390,24826,Day_1,Fair,Intermediate,3.75mm,Experiment_2
2025-10-23T01:38:15.871Z,1665,4678,17257,2534,6652,21693,4582,6292,24088,3696,6410,24890,Day_1,Fair,Intermediate,3.75mm,Experiment_2
2025-10-23T01:38:15.911Z,1675,4676,17258,2542,6646,21694,4569,6295,24107,3690,6418,24920,Day_1,Fair,Intermediate,3.75mm,Experiment_2
2025-10-23T01:38:15.951Z,1682,4678,17263,2548,6646,21696,4543,6293,24116,3677,6414,24920,Day_1,Fair,Intermediate,3.75mm,Experiment_2
2025-10-23T01:38:15.991Z,1680,4686,17269,2547,6654,21693,4525,6288,24109,3666,6397,24868,Day_1,Fair,Intermediate,3.75mm,Experiment_2
2025-10-23T01:38:16.031Z,1674,4687,17279,2545,6657,21677,4527,6273,24082,3659,6354,24712,Day_1,Fair,Intermediate,3.75mm,Experiment_2
2025-10-23T01:38:16.071Z,1675,4678,17289,2548,6650,21642,4533,6247,24031,3647,6287,24452,Day_1,Fair,Intermediate,3.75mm,Experiment_2
2025-10-23T01:38:16.111Z,1683,4665,17287,2557,6638,21605,4527,6225,23969,3635,6234,24231,Day_1,Fair,Intermediate,3.75mm,Experiment_2
2025-10-23T01:38:16.151Z,1688,4657,17272,2564,6635,21599,4511,6215,23927,3633,6228,24210,Day_1,Fair,Intermediate,3.75mm,Experiment_2
2025-10-23T01:38:16.191Z,1685,4662,17259,2561,6644,21622,4503,6211,23933,3644,6259,24364,Day_1,Fair,Intermediate,3.75mm,Experiment_2
2025-10-23T01:38:16.231Z,1679,4675,17253,2555,6657,21648,4507,6214,23966,3657,6300,24552,Day_1,Fair,Intermediate,3.75mm,Experiment_2
2025-10-23T01:38:16.271Z,1676,4681,17256,2551,6661,21664,4516,6225,23989,3662,6330,24665,Day_1,Fair,Intermediate,3.75mm,Experiment_2
2025-10-23T01:38:16.311Z,1675,4675,17262,2550,6653,21673,4525,6240,23991,3662,6343,24691,Day_1,Fair,Intermediate,3.75mm,Experiment_2
2025-10-23T01:38:16.351Z,1675,4667,17265,2549,6645,21677,4533,6257,23996,3667,6349,24701,Day_1,Fair,Intermediate,3.75mm,Experiment_2
2025-10-23T01:38:16.391Z,1673,4667,17263,2546,6646,21683,4539,6272,24019,3675,6364,24757,Day_1,Fair,Intermediate,3.75mm,Experiment_2
2025-10-23T01:38:16.431Z,1670,4672,17261,2544,6651,21689,4542,6276,24048,3683,6383,24834,Day_1,Fair,Intermediate,3.75mm,Experiment_2
2025-10-23T01:38:16.471Z,1671,4679,17261,2545,6659,21695,4541,6274,24059,3687,6396,24878,Day_1,Fair,Intermediate,3.75mm,Experiment_2
2025-10-23T01:38:16.511Z,1677,4689,17264,2547,6670,21700,4537,6275,24060,3686,6400,24883,Day_1,Fair,Intermediate,3.75mm,Experiment_2
2025-10-23T01:38:16.551Z,1680,4700,17269,2546,6681,21699,4522,6277,24074,3675,6388,24856,Day_1,Fair,Intermediate,3.75mm,Experiment_2
2025-10-23T01:38:16.591Z,1680,4705,17274,2543,6684,21683,4500,6280,24086,3654,6357,24755,Day_1,Fair,Intermediate,3.75mm,Experiment_2
2025-10-23T01:38:16.631Z,1678,4701,17280,2540,6675,21651,4493,6283,24063,3635,6309,24547,Day_1,Fair,Intermediate,3.75mm,Experiment_2
2025-10-23T01:38:16.671Z,1677,4691,17279,2539,6663,21619,4510,6275,24009,3631,6265,24335,Day_1,Fair,Intermediate,3.75mm,Experiment_2
2025-10-23T01:38:16.711Z,1680,4681,17266,2544,6657,21607,4530,6262,23962,3638,6257,24276,Day_1,Fair,Intermediate,3.75mm,Experiment_2
2025-10-23T01:38:16.751Z,1689,4673,17252,2554,6654,21620,4536,6259,23950,3650,6288,24382,Day_1,Fair,Intermediate,3.75mm,Experiment_2
2025-10-23T01:38:16.791Z,1694,4668,17248,2564,6652,21648,4526,6262,23970,3658,6328,24546,Day_1,Fair,Intermediate,3.75mm,Experiment_2
2025-10-23T01:38:16.831Z,1692,4671,17253,2565,6655,21674,4510,6259,23998,3658,6350,24669,Day_1,Fair,Intermediate,3.75mm,Experiment_2
2025-10-23T01:38:16.871Z,1680,4678,17261,2556,6660,21689,4496,6255,24013,3652,6349,24711,Day_1,Fair,Intermediate,3.75mm,Experiment_2
2025-10-23T01:38:16.911Z,1665,4680,17266,2540,6659,21692,4491,6258,24021,3651,6345,24712,Day_1,Fair,Intermediate,3.75mm,Experiment_2
2025-10-23T01:38:16.951Z,1653,4682,17270,2528,6657,21694,4499,6264,24043,3659,6352,24738,Day_1,Fair,Intermediate,3.75mm,Experiment_2
2025-10-23T01:38:16.991Z,1649,4689,17274,2525,6661,21704,4517,6262,24079,3671,6369,24804,Day_1,Fair,Intermediate,3.75mm,Experiment_2
2025-10-23T01:38:17.031Z,1650,4696,17280,2525,6668,21718,4532,6250,24104,3678,6382,24865,Day_1,Fair,Intermediate,3.75mm,Experiment_2
2025-10-23T01:38:17.071Z,1652,4696,17285,2526,6668,21727,4534,6244,24108,3677,6387,24889,Day_1,Fair,Intermediate,3.75mm,Experiment_2
2025-10-23T01:38:17.111Z,1656,4688,17289,2529,6660,21726,4524,6240,24101,3668,6384,24872,Day_1,Fair,Intermediate,3.75mm,Experiment_2
2025-10-23T01:38:17.151Z,1662,4681,17292,2537,6649,21709,4510,6230,24085,3654,6359,24782,Day_1,Fair,Intermediate,3.75mm,Experiment_2
2025-10-23T01:38:17.191Z,1672,4680,17296,2548,6645,21673,4501,6221,24048,3638,6308,24575,Day_1,Fair,Intermediate,3.75mm,Experiment_2
2025-10-23T01:38:17.231Z,1684,4684,17294,2558,6649,21625,4496,6223,23989,3622,6250,24320,Day_1,Fair,Intermediate,3.75mm,Experiment_2
2025-10-23T01:38:17.271Z,1692,4687,17279,2564,6654,21595,4497,6230,23943,3619,6230,24205,Day_1,Fair,Intermediate,3.75mm,Experiment_2
2025-10-23T01:38:17.311Z,1693,4690,17261,2565,6661,21607,4504,6236,23944,3629,6262,24315,Day_1,Fair,Intermediate,3.75mm,Experiment_2
2025-10-23T01:38:17.351Z,1687,4694,17254,2561,6668,21644,4512,6242,23981,3644,6313,24525,Day_1,Fair,Intermediate,3.75mm,Experiment_2
2025-10-23T01:38:17.391Z,1679,4693,17259,2554,6669,21678,4523,6254,24020,3655,6354,24686,Day_1,Fair,Intermediate,3.75mm,Experiment_2
2025-10-23T01:38:17.431Z,1672,4684,17263,2547,6662,21692,4543,6274,24047,3667,6376,24757,Day_1,Fair,Intermediate,3.75mm,Experiment_2
2025-10-23T01:38:17.471Z,1667,4673,17260,2541,6653,21689,4574,6289,24066,3680,6383,24773,Day_1,Fair,Intermediate,3.75mm,Experiment_2
2025-10-23T01:38:17.511Z,1667,4667,17254,2539,6648,21683,4591,6293,24084,3690,6388,24794,Day_1,Fair,Intermediate,3.75mm,Experiment_2
2025-10-23T01:38:17.551Z,1678,4666,17252,2546,6645,21689,4582,6297,24100,3691,6401,24846,Day_1,Fair,Intermediate,3.75mm,Experiment_2
2025-10-23T01:38:17.591Z,1693,4666,17256,2558,6644,21700,4564,6306,24109,3687,6413,24892,Day_1,Fair,Intermediate,3.75mm,Experiment_2
2025-10-23T01:38:17.631Z,1698,4663,17259,2562,6641,21704,4556,6312,24109,3688,6412,24911,Day_1,Fair,Intermediate,3.75mm,Experiment_2
2025-10-23T01:38:17.671Z,1690,4660,17259,2555,6638,21697,4557,6312,24104,3691,6402,24904,Day_1,Fair,Intermediate,3.75mm,Experiment_2
2025-10-23T01:38:17.711Z,1681,4661,17260,2546,6637,21683,4550,6311,24091,3686,6386,24844,Day_1,Fair,Intermediate,3.75mm,Experiment_2
2025-10-23T01:38:17.751Z,1675,4667,17269,2541,6639,21660,4528,6304,24059,3663,6353,24673,Day_1,Fair,Intermediate,3.75mm,Experiment_2
2025-10-23T01:38:17.791Z,1675,4673,17282,2541,6642,21622,4494,6278,24006,3625,6292,24406,Day_1,Fair,Intermediate,3.75mm,Experiment_2
2025-10-23T01:38:17.831Z,1674,4674,17285,2541,6643,21589,4476,6246,23965,3601,6238,24218,Day_1,Fair,Intermediate,3.75mm,Experiment_2
2025-10-23T01:38:17.871Z,1672,4667,17274,2541,6643,21591,4486,6233,23963,3606,6240,24264,Day_1,Fair,Intermediate,3.75mm,Experiment_2
2025-10-23T01:38:17.911Z,1676,4662,17260,2546,6647,21623,4506,6243,23996,3624,6286,24465,Day_1,Fair,Intermediate,3.75mm,Experiment_2
2025-10-23T01:38:17.951Z,1684,4664,17253,2557,6655,21657,4515,6256,24037,3639,6333,24650,Day_1,Fair,Intermediate,3.75mm,Experiment_2
2025-10-23T01:38:17.991Z,1687,4671,17254,2562,6662,21676,4514,6260,24059,3649,6356,24733,Day_1,Fair,Intermediate,3.75mm,Experiment_2
2025-10-23T01:38:18.031Z,1681,4674,17258,2556,6662,21684,4508,6257,24055,3653,6360,24733,Day_1,Fair,Intermediate,3.75mm,Experiment_2
2025-10-23T01:38:18.071Z,1677,4669,17264,2549,6652,21690,4505,6256,24052,3656,6363,24730,Day_1,Fair,Intermediate,3.75mm,Experiment_2
2025-10-23T01:38:18.111Z,1678,4663,17268,2547,6644,21698,4513,6266,24067,3665,6380,24781,Day_1,Fair,Intermediate,3.75mm,Experiment_2
2025-10-23T01:38:18.151Z,1678,4663,17268,2544,6643,21702,4537,6282,24084,3681,6400,24852,Day_1,Fair,Intermediate,3.75mm,Experiment_2
2025-10-23T01:38:18.191Z,1675,4668,17267,2539,6647,21701,4570,6289,24093,3698,6409,24898,Day_1,Fair,Intermediate,3.75mm,Experiment_2
2025-10-23T01:38:18.231Z,1676,4674,17265,2540,6654,21698,4598,6289,24100,3707,6408,24908,Day_1,Fair,Intermediate,3.75mm,Experiment_2
2025-10-23T01:38:18.271Z,1680,4685,17265,2545,6665,21689,4604,6286,24099,3705,6396,24867,Day_1,Fair,Intermediate,3.75mm,Experiment_2
2025-10-23T01:38:18.311Z,1680,4697,17268,2546,6674,21668,4589,6272,24077,3687,6358,24727,Day_1,Fair,Intermediate,3.75mm,Experiment_2
2025-10-23T01:38:18.351Z,1675,4703,17275,2540,6676,21633,4564,6244,24028,3659,6292,24483,Day_1,Fair,Intermediate,3.75mm,Experiment_2
2025-10-23T01:38:18.391Z,1669,4701,17275,2534,6670,21602,4539,6212,23974,3632,6234,24271,Day_1,Fair,Intermediate,3.75mm,Experiment_2
2025-10-23T01:38:18.431Z,1664,4689,17263,2531,6659,21595,4520,6197,23952,3623,6224,24247,Day_1,Fair,Intermediate,3.75mm,Experiment_2
2025-10-23T01:38:18.471Z,1661,4671,17250,2530,6646,21614,4510,6208,23971,3629,6261,24392,Day_1,Fair,Intermediate,3.75mm,Experiment_2
2025-10-23T01:38:18.511Z,1663,4658,17246,2532,6635,21645,4506,6236,24010,3639,6313,24576,Day_1,Fair,Intermediate,3.75mm,Experiment_2
2025-10-23T01:38:18.551Z,1670,4654,17252,2536,6629,21675,4508,6259,24037,3649,6351,24695,Day_1,Fair,Intermediate,3.75mm,Experiment_2
2025-10-23T01:38:18.591Z,1676,4655,17269,2542,6626,21697,4515,6269,24034,3657,6363,24720,Day_1,Fair,Intermediate,3.75mm,Experiment_2
2025-10-23T01:38:18.631Z,1678,4657,17286,2547,6626,21711,4525,6273,24017,3664,6362,24707,Day_1,Fair,Intermediate,3.75mm,Experiment_2
2025-10-23T01:38:18.671Z,1678,4653,17292,2548,6626,21715,4540,6280,24015,3672,6371,24732,Day_1,Fair,Intermediate,3.75mm,Experiment_2
2025-10-23T01:38:18.711Z,1675,4644,17287,2545,6621,21714,4553,6293,24034,3682,6390,24796,Day_1,Fair,Intermediate,3.75mm,Experiment_2
2025-10-23T01:38:18.751Z,1671,4637,17275,2541,6617,21708,4553,6305,24059,3685,6408,24858,Day_1,Fair,Intermediate,3.75mm,Experiment_2
2025-10-23T01:38:18.791Z,1671,4642,17262,2540,6622,21696,4543,6306,24080,3680,6413,24891,Day_1,Fair,Intermediate,3.75mm,Experiment_2
2025-10-23T01:38:18.831Z,1674,4656,17259,2543,6635,21688,4533,6295,24090,3673,6404,24879,Day_1,Fair,Intermediate,3.75mm,Experiment_2
2025-10-23T01:38:18.871Z,1676,4672,17272,2543,6648,21683,4523,6273,24074,3663,6372,24776,Day_1,Fair,Intermediate,3.75mm,Experiment_2
2025-10-23T01:38:18.911Z,1677,4686,17290,2542,6659,21667,4509,6242,24023,3644,6310,24558,Day_1,Fair,Intermediate,3.75mm,Experiment_2
2025-10-23T01:38:18.951Z,1675,4697,17296,2539,6667,21640,4498,6219,23954,3625,6242,24324,Day_1,Fair,Intermediate,3.75mm,Experiment_2
2025-10-23T01:38:18.991Z,1669,4697,17285,2535,6666,21625,4502,6218,23913,3623,6219,24250,Day_1,Fair,Intermediate,3.75mm,Experiment_2
2025-10-23T01:38:19.031Z,1664,4684,17263,2535,6656,21630,4516,6237,23920,3637,6252,24369,Day_1,Fair,Intermediate,3.75mm,Experiment_2
2025-10-23T01:38:19.071Z,1665,4669,17244,2539,6647,21646,4527,6259,23954,3655,6308,24554,Day_1,Fair,Intermediate,3.75mm,Experiment_2
2025-10-23T01:38:19.111Z,1666,4663,17235,2543,6646,21659,4526,6282,23987,3665,6351,24683,Day_1,Fair,Intermediate,3.75mm,Experiment_2
2025-10-23T01:38:19.151Z,1663,4669,17235,2541,6654,21665,4513,6295,24009,3661,6367,24725,Day_1,Fair,Intermediate,3.75mm,Experiment_2
2025-10-23T01:38:19.191Z,1664,4680,17243,2542,6663,21668,4499,6290,24028,3651,6366,24724,Day_1,Fair,Intermediate,3.75mm,Experiment_2
2025-10-23T01:38:19.231Z,1670,4689,17252,2546,6668,21674,4495,6275,24047,3650,6369,24743,Day_1,Fair,Intermediate,3.75mm,Experiment_2
2025-10-23T01:38:19.271Z,1673,4693,17255,2547,6671,21682,4493,6262,24061,3657,6380,24802,Day_1,Fair,Intermediate,3.75mm,Experiment_2
2025-10-23T01:38:19.311Z,1669,4697,17252,2541,6672,21686,4483,6260,24069,3659,6393,24863,Day_1,Fair,Intermediate,3.75mm,Experiment_2
2025-10-23T01:38:19.351Z,1665,4697,17252,2535,6671,21689,4477,6270,24080,3656,6402,24895,Day_1,Fair,Intermediate,3.75mm,Experiment_2
2025-10-23T01:38:19.391Z,1666,4692,17255,2533,6667,21689,4482,6278,24090,3652,6401,24890,Day_1,Fair,Intermediate,3.75mm,Experiment_2
2025-10-23T01:38:19.431Z,1671,4691,17262,2538,6665,21684,4493,6274,24083,3649,6379,24816,Day_1,Fair,Intermediate,3.75mm,Experiment_2
2025-10-23T01:38:19.471Z,1675,4695,17274,2543,6666,21662,4502,6257,24048,3643,6325,24621,Day_1,Fair,Intermediate,3.75mm,Experiment_2
2025-10-23T01:38:19.511Z,1678,4695,17288,2545,6664,21623,4509,6232,23999,3631,6251,24349,Day_1,Fair,Intermediate,3.75mm,Experiment_2
2025-10-23T01:38:19.551Z,1679,4687,17291,2546,6656,21596,4520,6213,23972,3625,6207,24190,Day_1,Fair,Intermediate,3.75mm,Experiment_2
2025-10-23T01:38:19.591Z,1680,4678,17285,2549,6653,21608,4526,6221,23983,3635,6229,24271,Day_1,Fair,Intermediate,3.75mm,Experiment_2
2025-10-23T01:38:19.631Z,1677,4681,17278,2550,6663,21646,4519,6245,24011,3652,6290,24483,Day_1,Fair,Intermediate,3.75mm,Experiment_2
2025-10-23T01:38:19.671Z,1672,4695,17272,2549,6682,21678,4509,6264,24029,3663,6338,24659,Day_1,Fair,Intermediate,3.75mm,Experiment_2
2025-10-23T01:38:19.711Z,1668,4708,17269,2546,6694,21692,4508,6272,24031,3667,6358,24737,Day_1,Fair,Intermediate,3.75mm,Experiment_2
2025-10-23T01:38:19.751Z,1665,4711,17272,2539,6694,21696,4508,6270,24032,3663,6359,24749,Day_1,Fair,Intermediate,3.75mm,Experiment_2
2025-10-23T01:38:19.791Z,1666,4710,17279,2535,6689,21703,4504,6266,24043,3656,6361,24764,Day_1,Fair,Intermediate,3.75mm,Experiment_2
2025-10-23T01:38:19.831Z,1670,4708,17286,2537,6685,21715,4512,6271,24060,3658,6378,24816,Day_1,Fair,Intermediate,3.75mm,Experiment_2
2025-10-23T01:38:19.871Z,1675,4698,17285,2542,6673,21721,4544,6288,24073,3672,6403,24872,Day_1,Fair,Intermediate,3.75mm,Experiment_2
2025-10-23T01:38:19.911Z,1679,4685,17278,2546,6658,21719,4584,6308,24083,3690,6422,24901,Day_1,Fair,Intermediate,3.75mm,Experiment_2
2025-10-23T01:38:19.951Z,1682,4678,17275,2549,6649,21717,4605,6323,24091,3697,6429,24902,Day_1,Fair,Intermediate,3.75mm,Experiment_2
2025-10-23T01:38:19.991Z,1683,4680,17276,2550,6651,21711,4595,6323,24084,3689,6415,24853,Day_1,Fair,Intermediate,3.75mm,Experiment_2
2025-10-23T01:38:20.031Z,1683,4681,17278,2550,6653,21686,4566,6310,24050,3668,6369,24701,Day_1,Fair,Intermediate,3.75mm,Experiment_2
2025-10-23T01:38:20.071Z,1684,4674,17282,2551,6645,21641,4537,6289,24002,3646,6299,24450,Day_1,Fair,Intermediate,3.75mm,Experiment_2
2025-10-23T01:38:20.111Z,1682,4664,17284,2547,6635,21606,4521,6268,23970,3633,6244,24246,Day_1,Fair,Intermediate,3.75mm,Experiment_2
2025-10-23T01:38:20.151Z,1676,4663,17280,2543,6637,21606,4515,6243,23960,3635,6233,24236,Day_1,Fair,Intermediate,3.75mm,Experiment_2
2025-10-23T01:38:20.191Z,1673,4670,17272,2542,6648,21633,4512,6211,23965,3645,6253,24384,Day_1,Fair,Intermediate,3.75mm,Experiment_2
2025-10-23T01:38:20.231Z,1671,4676,17266,2542,6657,21662,4509,6187,23985,3656,6283,24565,Day_1,Fair,Intermediate,3.75mm,Experiment_2
2025-10-23T01:38:20.271Z,1668,4677,17267,2541,6660,21682,4504,6189,24005,3661,6312,24682,Day_1,Fair,Intermediate,3.75mm,Experiment_2
2025-10-23T01:38:20.311Z,1666,4678,17273,2540,6663,21690,4501,6214,24008,3660,6332,24710,Day_1,Fair,Intermediate,3.75mm,Experiment_2
2025-10-23T01:38:20.351Z,1667,4679,17274,2541,6663,21689,4500,6246,24006,3657,6351,24709,Day_1,Fair,Intermediate,3.75mm,Experiment_2
2025-10-23T01:38:20.392Z,1674,4682,17271,2546,6662,21690,4502,6275,24019,3657,6378,24749,Day_1,Fair,Intermediate,3.75mm,Experiment_2
2025-10-23T01:38:20.432Z,1680,4685,17269,2549,6661,21697,4501,6297,24043,3660,6407,24821,Day_1,Fair,Intermediate,3.75mm,Experiment_2
2025-10-23T01:38:20.472Z,1678,4678,17270,2546,6654,21703,4498,6306,24054,3661,6420,24872,Day_1,Fair,Intermediate,3.75mm,Experiment_2
2025-10-23T01:38:20.512Z,1670,4665,17271,2537,6643,21703,4502,6300,24046,3662,6416,24883,Day_1,Fair,Intermediate,3.75mm,Experiment_2
2025-10-23T01:38:20.552Z,1664,4661,17277,2532,6639,21703,4522,6285,24031,3665,6399,24850,Day_1,Fair,Intermediate,3.75mm,Experiment_2
2025-10-23T01:38:20.592Z,1662,4671,17291,2531,6646,21698,4548,6275,24016,3669,6368,24740,Day_1,Fair,Intermediate,3.75mm,Experiment_2
2025-10-23T01:38:20.632Z,1665,4682,17305,2532,6652,21677,4560,6270,23997,3662,6317,24535,Day_1,Fair,Intermediate,3.75mm,Experiment_2
2025-10-23T01:38:20.672Z,1667,4685,17306,2531,6653,21644,4552,6261,23975,3646,6268,24339,Day_1,Fair,Intermediate,3.75mm,Experiment_2
2025-10-23T01:38:20.712Z,1664,4688,17288,2528,6657,21622,4540,6246,23968,3639,6255,24301,Day_1,Fair,Intermediate,3.75mm,Experiment_2
2025-10-23T01:38:20.752Z,1661,4697,17268,2529,6669,21626,4538,6235,23986,3648,6277,24421,Day_1,Fair,Intermediate,3.75mm,Experiment_2
2025-10-23T01:38:20.792Z,1661,4703,17257,2535,6679,21648,4547,6233,24013,3663,6312,24584,Day_1,Fair,Intermediate,3.75mm,Experiment_2
2025-10-23T01:38:20.832Z,1661,4700,17255,2540,6676,21669,4561,6244,24025,3675,6343,24695,Day_1,Fair,Intermediate,3.75mm,Experiment_2
2025-10-23T01:38:20.872Z,1663,4686,17257,2542,6663,21679,4570,6260,24017,3682,6360,24724,Day_1,Fair,Intermediate,3.75mm,Experiment_2
2025-10-23T01:38:20.912Z,1668,4675,17258,2544,6652,21678,4566,6276,24011,3682,6367,24715,Day_1,Fair,Intermediate,3.75mm,Experiment_2
2025-10-23T01:38:20.952Z,1671,4677,17257,2546,6652,21675,4549,6299,24022,3675,6380,24733,Day_1,Fair,Intermediate,3.75mm,Experiment_2
2025-10-23T01:38:20.992Z,1670,4690,17254,2544,6661,21676,4529,6323,24048,3668,6399,24792,Day_1,Fair,Intermediate,3.75mm,Experiment_2
2025-10-23T01:38:21.032Z,1663,4700,17252,2538,6668,21682,4519,6326,24076,3666,6408,24855,Day_1,Fair,Intermediate,3.75mm,Experiment_2
2025-10-23T01:38:21.072Z,1660,4698,17257,2534,6668,21691,4523,6307,24101,3670,6404,24893,Day_1,Fair,Intermediate,3.75mm,Experiment_2
2025-10-23T01:38:21.112Z,1664,4688,17262,2535,6659,21696,4530,6289,24115,3672,6396,24894,Day_1,Fair,Intermediate,3.75mm,Experiment_2
2025-10-23T01:38:21.152Z,1672,4680,17269,2539,6652,21686,4521,6274,24106,3660,6376,24815,Day_1,Fair,Intermediate,3.75mm,Experiment_2
2025-10-23T01:38:21.192Z,1676,4680,17282,2542,6651,21659,4494,6251,24064,3633,6323,24605,Day_1,Fair,Intermediate,3.75mm,Experiment_2
2025-10-23T01:38:21.232Z,1676,4680,17298,2542,6649,21624,4470,6225,23995,3606,6253,24327,Day_1,Fair,Intermediate,3.75mm,Experiment_2
2025-10-23T01:38:21.272Z,1671,4673,17297,2539,6644,21604,4464,6211,23936,3597,6217,24186,Day_1,Fair,Intermediate,3.75mm,Experiment_2
2025-10-23T01:38:21.312Z,1667,4661,17275,2537,6639,21613,4470,6218,23922,3609,6240,24284,Day_1,Fair,Intermediate,3.75mm,Experiment_2
2025-10-23T01:38:21.352Z,1668,4654,17256,2540,6639,21640,4478,6235,23942,3627,6290,24494,Day_1,Fair,Intermediate,3.75mm,Experiment_2
2025-10-23T01:38:21.392Z,1675,4657,17251,2548,6644,21664,4491,6251,23975,3640,6332,24657,Day_1,Fair,Intermediate,3.75mm,Experiment_2
2025-10-23T01:38:21.432Z,1681,4669,17254,2554,6652,21676,4507,6259,24009,3646,6354,24730,Day_1,Fair,Intermediate,3.75mm,Experiment_2
2025-10-23T01:38:21.472Z,1680,4686,17253,2555,6663,21675,4514,6259,24041,3647,6360,24751,Day_1,Fair,Intermediate,3.75mm,Experiment_2
2025-10-23T01:38:21.512Z,1679,4697,17251,2555,6670,21673,4509,6262,24077,3649,6367,24785,Day_1,Fair,Intermediate,3.75mm,Experiment_2
2025-10-23T01:38:21.552Z,1679,4696,17254,2554,6671,21682,4503,6278,24115,3656,6385,24853,Day_1,Fair,Intermediate,3.75mm,Experiment_2
2025-10-23T01:38:21.592Z,1676,4692,17266,2550,6668,21700,4504,6294,24133,3664,6401,24909,Day_1,Fair,Intermediate,3.75mm,Experiment_2
2025-10-23T01:38:21.632Z,1673,4691,17278,2544,6669,21714,4509,6296,24127,3666,6403,24927,Day_1,Fair,Intermediate,3.75mm,Experiment_2
2025-10-23T01:38:21.672Z,1671,4693,17282,2541,6671,21714,4515,6285,24105,3666,6397,24912,Day_1,Fair,Intermediate,3.75mm,Experiment_2
2025-10-23T01:38:21.712Z,1670,4691,17280,2538,6668,21701,4516,6272,24077,3664,6383,24847,Day_1,Fair,Intermediate,3.75mm,Experiment_2
2025-10-23T01:38:21.752Z,1668,4686,17287,2537,6659,21678,4514,6262,24034,3655,6347,24675,Day_1,Fair,Intermediate,3.75mm,Experiment_2
2025-10-23T01:38:21.792Z,1667,4683,17299,2538,6651,21642,4511,6250,23970,3641,6285,24402,Day_1,Fair,Intermediate,3.75mm,Experiment_2
2025-10-23T01:38:21.832Z,1666,4677,17297,2538,6642,21607,4504,6231,23920,3631,6230,24200,Day_1,Fair,Intermediate,3.75mm,Experiment_2
2025-10-23T01:38:21.872Z,1666,4669,17280,2539,6637,21605,4492,6219,23925,3630,6228,24235,Day_1,Fair,Intermediate,3.75mm,Experiment_2
2025-10-23T01:38:21.912Z,1668,4665,17265,2542,6638,21636,4483,6225,23977,3636,6272,24433,Day_1,Fair,Intermediate,3.75mm,Experiment_2
2025-10-23T01:38:21.952Z,1672,4663,17263,2547,6641,21672,4490,6241,24033,3649,6322,24624,Day_1,Fair,Intermediate,3.75mm,Experiment_2
2025-10-23T01:38:21.992Z,1677,4661,17268,2553,6642,21691,4511,6250,24059,3666,6350,24722,Day_1,Fair,Intermediate,3.75mm,Experiment_2
2025-10-23T01:38:22.032Z,1682,4659,17272,2557,6641,21692,4532,6242,24053,3675,6353,24736,Day_1,Fair,Intermediate,3.75mm,Experiment_2
2025-10-23T01:38:22.072Z,1685,4657,17274,2557,6639,21686,4542,6232,24039,3675,6350,24735,Day_1,Fair,Intermediate,3.75mm,Experiment_2
2025-10-23T01:38:22.112Z,1684,4656,17274,2551,6637,21688,4541,6241,24041,3673,6362,24777,Day_1,Fair,Intermediate,3.75mm,Experiment_2
2025-10-23T01:38:22.152Z,1681,4658,17275,2546,6638,21698,4535,6265,24061,3672,6389,24844,Day_1,Fair,Intermediate,3.75mm,Experiment_2
2025-10-23T01:38:22.192Z,1681,4660,17274,2546,6641,21705,4526,6288,24081,3672,6410,24888,Day_1,Fair,Intermediate,3.75mm,Experiment_2
2025-10-23T01:38:22.232Z,1684,4666,17272,2549,6647,21705,4514,6297,24088,3669,6415,24891,Day_1,Fair,Intermediate,3.75mm,Experiment_2
2025-10-23T01:38:22.272Z,1685,4672,17274,2549,6653,21700,4509,6290,24077,3663,6402,24843,Day_1,Fair,Intermediate,3.75mm,Experiment_2
2025-10-23T01:38:22.312Z,1680,4676,17284,2546,6656,21687,4517,6271,24041,3656,6364,24703,Day_1,Fair,Intermediate,3.75mm,Experiment_2
2025-10-23T01:38:22.352Z,1673,4672,17293,2543,6652,21654,4520,6250,23985,3641,6305,24467,Day_1,Fair,Intermediate,3.75mm,Experiment_2
2025-10-23T01:38:22.392Z,1664,4663,17289,2536,6641,21616,4514,6237,23933,3625,6256,24263,Day_1,Fair,Intermediate,3.75mm,Experiment_2
2025-10-23T01:38:22.432Z,1652,4653,17272,2524,6631,21604,4513,6237,23914,3622,6251,24241,Day_1,Fair,Intermediate,3.75mm,Experiment_2
2025-10-23T01:38:22.472Z,1645,4648,17255,2516,6630,21620,4514,6240,23939,3630,6280,24379,Day_1,Fair,Intermediate,3.75mm,Experiment_2
2025-10-23T01:38:22.512Z,1648,4655,17245,2519,6642,21645,4512,6237,23980,3639,6313,24554,Day_1,Fair,Intermediate,3.75mm,Experiment_2
2025-10-23T01:38:22.552Z,1657,4666,17245,2530,6657,21668,4524,6242,24001,3650,6339,24669,Day_1,Fair,Intermediate,3.75mm,Experiment_2
2025-10-23T01:38:22.592Z,1662,4676,17250,2538,6666,21680,4551,6265,23998,3664,6359,24702,Day_1,Fair,Intermediate,3.75mm,Experiment_2
2025-10-23T01:38:22.632Z,1660,4685,17255,2538,6671,21682,4574,6292,24002,3677,6375,24705,Day_1,Fair,Intermediate,3.75mm,Experiment_2
2025-10-23T01:38:22.672Z,1658,4690,17260,2539,6671,21684,4575,6307,24038,3683,6391,24740,Day_1,Fair,Intermediate,3.75mm,Experiment_2
2025-10-23T01:38:22.712Z,1663,4685,17265,2542,6664,21691,4559,6312,24090,3682,6406,24810,Day_1,Fair,Intermediate,3.75mm,Experiment_2
2025-10-23T01:38:22.752Z,1669,4676,17265,2544,6656,21699,4539,6311,24116,3675,6417,24870,Day_1,Fair,Intermediate,3.75mm,Experiment_2
2025-10-23T01:38:22.792Z,1672,4674,17261,2542,6654,21702,4525,6308,24102,3667,6420,24889,Day_1,Fair,Intermediate,3.75mm,Experiment_2
2025-10-23T01:38:22.832Z,1671,4672,17260,2538,6653,21700,4516,6304,24066,3663,6410,24859,Day_1,Fair,Intermediate,3.75mm,Experiment_2
2025-10-23T01:38:22.872Z,1669,4666,17266,2534,6646,21686,4507,6294,24029,3655,6380,24755,Day_1,Fair,Intermediate,3.75mm,Experiment_2
2025-10-23T01:38:22.912Z,1668,4659,17276,2533,6636,21656,4494,6276,23994,3635,6322,24551,Day_1,Fair,Intermediate,3.75mm,Experiment_2
2025-10-23T01:38:22.952Z,1665,4652,17280,2531,6623,21621,4476,6254,23956,3612,6260,24331,Day_1,Fair,Intermediate,3.75mm,Experiment_2
2025-10-23T01:38:22.992Z,1658,4649,17269,2528,6617,21603,4461,6243,23935,3603,6240,24259,Day_1,Fair,Intermediate,3.75mm,Experiment_2
2025-10-23T01:38:23.032Z,1653,4654,17249,2526,6625,21612,4459,6243,23950,3614,6270,24372,Day_1,Fair,Intermediate,3.75mm,Experiment_2
2025-10-23T01:38:23.072Z,1652,4662,17239,2529,6638,21640,4477,6248,23982,3637,6316,24551,Day_1,Fair,Intermediate,3.75mm,Experiment_2
2025-10-23T01:38:23.112Z,1659,4666,17244,2536,6644,21669,4506,6252,24002,3659,6351,24683,Day_1,Fair,Intermediate,3.75mm,Experiment_2
2025-10-23T01:38:23.152Z,1668,4666,17256,2544,6641,21686,4522,6258,24015,3666,6364,24737,Day_1,Fair,Intermediate,3.75mm,Experiment_2
2025-10-23T01:38:23.192Z,1670,4666,17261,2545,6637,21685,4513,6268,24033,3659,6364,24745,Day_1,Fair,Intermediate,3.75mm,Experiment_2
2025-10-23T01:38:23.232Z,1665,4670,17260,2540,6638,21680,4495,6276,24056,3651,6366,24762,Day_1,Fair,Intermediate,3.75mm,Experiment_2
2025-10-23T01:38:23.272Z,1663,4677,17258,2537,6645,21681,4492,6278,24081,3654,6380,24817,Day_1,Fair,Intermediate,3.75mm,Experiment_2
2025-10-23T01:38:23.312Z,1674,4682,17260,2544,6652,21688,4505,6280,24095,3663,6397,24872,Day_1,Fair,Intermediate,3.75mm,Experiment_2
2025-10-23T01:38:23.352Z,1692,4681,17264,2558,6657,21695,4519,6275,24092,3670,6402,24891,Day_1,Fair,Intermediate,3.75mm,Experiment_2
2025-10-23T01:38:23.392Z,1703,4679,17269,2567,6660,21701,4522,6256,24084,3671,6392,24876,Day_1,Fair,Intermediate,3.75mm,Experiment_2
2025-10-23T01:38:23.432Z,1701,4680,17276,2566,6661,21699,4508,6239,24077,3663,6369,24809,Day_1,Fair,Intermediate,3.75mm,Experiment_2
2025-10-23T01:38:23.472Z,1690,4681,17288,2557,6657,21679,4489,6233,24050,3643,6324,24634,Day_1,Fair,Intermediate,3.75mm,Experiment_2
2025-10-23T01:38:23.512Z,1677,4679,17298,2544,6646,21640,4478,6232,24003,3618,6259,24376,Day_1,Fair,Intermediate,3.75mm,Experiment_2
2025-10-23T01:38:23.552Z,1666,4673,17292,2537,6636,21608,4472,6234,23971,3602,6218,24214,Day_1,Fair,Intermediate,3.75mm,Experiment_2
2025-10-23T01:38:23.592Z,1662,4669,17273,2539,6636,21609,4471,6246,23974,3606,6241,24280,Day_1,Fair,Intermediate,3.75mm,Experiment_2
2025-10-23T01:38:23.632Z,1662,4671,17261,2546,6647,21640,4480,6259,23998,3621,6300,24482,Day_1,Fair,Intermediate,3.75mm,Experiment_2
2025-10-23T01:38:23.672Z,1664,4673,17262,2548,6654,21672,4499,6267,24024,3636,6347,24657,Day_1,Fair,Intermediate,3.75mm,Experiment_2
2025-10-23T01:38:23.712Z,1667,4674,17264,2548,6658,21687,4522,6276,24038,3648,6369,24738,Day_1,Fair,Intermediate,3.75mm,Experiment_2
2025-10-23T01:38:23.752Z,1674,4678,17269,2552,6661,21693,4544,6288,24041,3659,6375,24753,Day_1,Fair,Intermediate,3.75mm,Experiment_2
2025-10-23T01:38:23.792Z,1685,4683,17279,2562,6664,21705,4559,6298,24042,3673,6383,24768,Day_1,Fair,Intermediate,3.75mm,Experiment_2
2025-10-23T01:38:23.832Z,1695,4689,17286,2568,6669,21718,4568,6303,24036,3687,6397,24814,Day_1,Fair,Intermediate,3.75mm,Experiment_2
2025-10-23T01:38:23.872Z,1696,4695,17282,2563,6675,21719,4579,6304,24024,3697,6407,24861,Day_1,Fair,Intermediate,3.75mm,Experiment_2
2025-10-23T01:38:23.912Z,1687,4696,17271,2552,6674,21706,4595,6296,24031,3706,6406,24887,Day_1,Fair,Intermediate,3.75mm,Experiment_2
2025-10-23T01:38:23.952Z,1676,4691,17264,2541,6666,21695,4605,6284,24058,3711,6396,24892,Day_1,Fair,Intermediate,3.75mm,Experiment_2
2025-10-23T01:38:23.992Z,1668,4689,17270,2535,6663,21693,4595,6269,24073,3703,6373,24847,Day_1,Fair,Intermediate,3.75mm,Experiment_2
2025-10-23T01:38:24.032Z,1669,4693,17287,2536,6665,21685,4568,6247,24052,3677,6327,24698,Day_1,Fair,Intermediate,3.75mm,Experiment_2
2025-10-23T01:38:24.072Z,1676,4694,17301,2542,6662,21654,4539,6229,24002,3643,6264,24446,Day_1,Fair,Intermediate,3.75mm,Experiment_2
2025-10-23T01:38:24.112Z,1677,4691,17303,2544,6658,21617,4521,6226,23961,3620,6223,24238,Day_1,Fair,Intermediate,3.75mm,Experiment_2
2025-10-23T01:38:24.152Z,1669,4688,17292,2540,6659,21609,4520,6238,23957,3622,6233,24227,Day_1,Fair,Intermediate,3.75mm,Experiment_2
2025-10-23T01:38:24.192Z,1661,4682,17276,2537,6662,21629,4527,6247,23986,3638,6274,24383,Day_1,Fair,Intermediate,3.75mm,Experiment_2
2025-10-23T01:38:24.232Z,1658,4676,17263,2537,6662,21656,4532,6241,24019,3654,6311,24570,Day_1,Fair,Intermediate,3.75mm,Experiment_2
2025-10-23T01:38:24.272Z,1661,4672,17259,2540,6659,21677,4539,6224,24038,3664,6325,24687,Day_1,Fair,Intermediate,3.75mm,Experiment_2
2025-10-23T01:38:24.312Z,1668,4667,17265,2544,6651,21687,4551,6212,24045,3667,6323,24718,Day_1,Fair,Intermediate,3.75mm,Experiment_2
2025-10-23T01:38:24.352Z,1675,4660,17272,2548,6643,21690,4562,6220,24049,3668,6326,24723,Day_1,Fair,Intermediate,3.75mm,Experiment_2
2025-10-23T01:38:24.392Z,1676,4664,17280,2547,6647,21699,4570,6240,24063,3676,6345,24764,Day_1,Fair,Intermediate,3.75mm,Experiment_2
2025-10-23T01:38:24.432Z,1674,4673,17292,2545,6657,21717,4580,6254,24090,3690,6369,24833,Day_1,Fair,Intermediate,3.75mm,Experiment_2
2025-10-23T01:38:24.472Z,1675,4677,17302,2547,6659,21731,4587,6258,24116,3701,6385,24885,Day_1,Fair,Intermediate,3.75mm,Experiment_2
2025-10-23T01:38:24.512Z,1680,4671,17298,2553,6652,21730,4584,6265,24126,3702,6393,24903,Day_1,Fair,Intermediate,3.75mm,Experiment_2
2025-10-23T01:38:24.552Z,1682,4670,17288,2557,6647,21718,4572,6279,24112,3693,6395,24876,Day_1,Fair,Intermediate,3.75mm,Experiment_2
2025-10-23T01:38:24.592Z,1678,4681,17288,2555,6655,21703,4554,6284,24071,3675,6374,24761,Day_1,Fair,Intermediate,3.75mm,Experiment_2
2025-10-23T01:38:24.632Z,1670,4693,17298,2547,6666,21675,4531,6277,24011,3651,6322,24541,Day_1,Fair,Intermediate,3.75mm,Experiment_2
2025-10-23T01:38:24.672Z,1664,4694,17297,2539,6666,21637,4515,6268,23957,3631,6268,24326,Day_1,Fair,Intermediate,3.75mm,Experiment_2
2025-10-23T01:38:24.712Z,1664,4684,17279,2535,6659,21614,4511,6270,23936,3629,6256,24275,Day_1,Fair,Intermediate,3.75mm,Experiment_2
2025-10-23T01:38:24.752Z,1665,4674,17261,2535,6654,21623,4523,6274,23955,3645,6285,24397,Day_1,Fair,Intermediate,3.75mm,Experiment_2
2025-10-23T01:38:24.792Z,1665,4668,17255,2536,6652,21650,4536,6266,23986,3666,6321,24571,Day_1,Fair,Intermediate,3.75mm,Experiment_2
2025-10-23T01:38:24.832Z,1664,4661,17255,2537,6647,21670,4534,6253,24004,3673,6344,24689,Day_1,Fair,Intermediate,3.75mm,Experiment_2
2025-10-23T01:38:24.872Z,1662,4656,17257,2538,6643,21677,4519,6248,24005,3664,6352,24719,Day_1,Fair,Intermediate,3.75mm,Experiment_2
2025-10-23T01:38:24.912Z,1666,4662,17264,2542,6647,21680,4515,6256,24002,3656,6354,24706,Day_1,Fair,Intermediate,3.75mm,Experiment_2
2025-10-23T01:38:24.952Z,1674,4674,17276,2549,6655,21689,4526,6270,24012,3658,6365,24720,Day_1,Fair,Intermediate,3.75mm,Experiment_2
2025-10-23T01:38:24.992Z,1679,4683,17284,2553,6659,21703,4535,6277,24035,3665,6382,24780,Day_1,Fair,Intermediate,3.75mm,Experiment_2
2025-10-23T01:38:25.032Z,1680,4686,17287,2554,6661,21713,4534,6273,24056,3673,6392,24839,Day_1,Fair,Intermediate,3.75mm,Experiment_2
2025-10-23T01:38:25.072Z,1680,4690,17285,2554,6666,21717,4539,6269,24066,3682,6392,24864,Day_1,Fair,Intermediate,3.75mm,Experiment_2
2025-10-23T01:38:25.112Z,1681,4695,17280,2553,6673,21711,4550,6269,24067,3689,6385,24856,Day_1,Fair,Intermediate,3.75mm,Experiment_2
2025-10-23T01:38:25.152Z,1682,4695,17275,2550,6674,21692,4546,6271,24063,3681,6369,24784,Day_1,Fair,Intermediate,3.75mm,Experiment_2
2025-10-23T01:38:25.192Z,1683,4689,17280,2546,6667,21660,4518,6268,24037,3654,6328,24592,Day_1,Fair,Intermediate,3.75mm,Experiment_2
2025-10-23T01:38:25.232Z,1681,4682,17296,2544,6658,21627,4492,6259,23978,3621,6269,24329,Day_1,Fair,Intermediate,3.75mm,Experiment_2
2025-10-23T01:38:25.272Z,1675,4678,17300,2541,6652,21610,4492,6250,23926,3609,6237,24192,Day_1,Fair,Intermediate,3.75mm,Experiment_2
2025-10-23T01:38:25.312Z,1668,4671,17278,2537,6647,21616,4512,6249,23927,3624,6259,24293,Day_1,Fair,Intermediate,3.75mm,Experiment_2
2025-10-23T01:38:25.352Z,1663,4660,17252,2535,6639,21637,4535,6255,23970,3650,6310,24508,Day_1,Fair,Intermediate,3.75mm,Experiment_2
2025-10-23T01:38:25.392Z,1661,4655,17241,2536,6635,21661,4550,6268,24006,3671,6353,24672,Day_1,Fair,Intermediate,3.75mm,Experiment_2
2025-10-23T01:38:25.432Z,1663,4661,17241,2539,6640,21675,4554,6285,24017,3680,6374,24737,Day_1,Fair,Intermediate,3.75mm,Experiment_2
2025-10-23T01:38:25.472Z,1668,4670,17238,2541,6645,21674,4555,6298,24016,3681,6381,24744,Day_1,Fair,Intermediate,3.75mm,Experiment_2
2025-10-23T01:38:25.512Z,1673,4669,17236,2542,6645,21669,4559,6304,24024,3684,6390,24767,Day_1,Fair,Intermediate,3.75mm,Experiment_2
2025-10-23T01:38:25.552Z,1677,4664,17242,2543,6643,21674,4567,6305,24043,3688,6403,24825,Day_1,Fair,Intermediate,3.75mm,Experiment_2
2025-10-23T01:38:25.592Z,1678,4661,17256,2543,6644,21687,4569,6302,24058,3690,6412,24874,Day_1,Fair,Intermediate,3.75mm,Experiment_2
2025-10-23T01:38:25.632Z,1679,4666,17268,2544,6650,21697,4564,6306,24064,3689,6419,24892,Day_1,Fair,Intermediate,3.75mm,Experiment_2
2025-10-23T01:38:25.672Z,1681,4677,17270,2548,6658,21700,4560,6317,24073,3688,6424,24885,Day_1,Fair,Intermediate,3.75mm,Experiment_2
2025-10-23T01:38:25.712Z,1683,4690,17273,2550,6668,21698,4562,6317,24079,3682,6411,24832,Day_1,Fair,Intermediate,3.75mm,Experiment_2
2025-10-23T01:38:25.752Z,1684,4696,17284,2548,6671,21683,4560,6295,24052,3667,6365,24670,Day_1,Fair,Intermediate,3.75mm,Experiment_2
2025-10-23T01:38:25.793Z,1681,4695,17294,2543,6667,21644,4540,6263,23991,3640,6294,24407,Day_1,Fair,Intermediate,3.75mm,Experiment_2
2025-10-23T01:38:25.833Z,1674,4694,17293,2536,6664,21608,4511,6236,23937,3616,6240,24210,Day_1,Fair,Intermediate,3.75mm,Experiment_2
2025-10-23T01:38:25.873Z,1669,4697,17281,2534,6671,21611,4491,6226,23920,3611,6240,24234,Day_1,Fair,Intermediate,3.75mm,Experiment_2
2025-10-23T01:38:25.913Z,1671,4704,17266,2536,6682,21641,4484,6229,23947,3622,6279,24423,Day_1,Fair,Intermediate,3.75mm,Experiment_2
2025-10-23T01:38:25.953Z,1674,4709,17261,2539,6690,21670,4487,6235,24002,3635,6323,24615,Day_1,Fair,Intermediate,3.75mm,Experiment_2
2025-10-23T01:38:25.993Z,1679,4706,17269,2543,6689,21691,4498,6237,24043,3643,6347,24714,Day_1,Fair,Intermediate,3.75mm,Experiment_2
2025-10-23T01:38:26.033Z,1682,4693,17283,2547,6676,21708,4512,6240,24047,3651,6352,24723,Day_1,Fair,Intermediate,3.75mm,Experiment_2
2025-10-23T01:38:26.073Z,1674,4682,17289,2543,6664,21717,4526,6251,24038,3661,6355,24719,Day_1,Fair,Intermediate,3.75mm,Experiment_2
2025-10-23T01:38:26.113Z,1661,4677,17283,2534,6657,21716,4540,6270,24046,3673,6370,24764,Day_1,Fair,Intermediate,3.75mm,Experiment_2
2025-10-23T01:38:26.153Z,1652,4679,17273,2527,6656,21707,4550,6289,24066,3680,6390,24834,Day_1,Fair,Intermediate,3.75mm,Experiment_2
2025-10-23T01:38:26.193Z,1651,4691,17266,2525,6663,21697,4547,6305,24078,3678,6402,24875,Day_1,Fair,Intermediate,3.75mm,Experiment_2
2025-10-23T01:38:26.233Z,1658,4705,17263,2532,6674,21693,4534,6315,24077,3673,6409,24880,Day_1,Fair,Intermediate,3.75mm,Experiment_2
2025-10-23T01:38:26.273Z,1668,4709,17269,2543,6678,21696,4523,6314,24072,3668,6406,24844,Day_1,Fair,Intermediate,3.75mm,Experiment_2
2025-10-23T01:38:26.313Z,1674,4702,17283,2550,6673,21692,4516,6303,24058,3662,6380,24727,Day_1,Fair,Intermediate,3.75mm,Experiment_2
2025-10-23T01:38:26.353Z,1671,4694,17297,2548,6667,21670,4517,6285,24030,3651,6324,24510,Day_1,Fair,Intermediate,3.75mm,Experiment_2
2025-10-23T01:38:26.393Z,1663,4690,17301,2541,6664,21641,4522,6271,23992,3638,6268,24307,Day_1,Fair,Intermediate,3.75mm,Experiment_2
2025-10-23T01:38:26.433Z,1659,4685,17295,2537,6659,21634,4524,6266,23964,3636,6254,24265,Day_1,Fair,Intermediate,3.75mm,Experiment_2
2025-10-23T01:38:26.473Z,1660,4675,17281,2537,6653,21646,4526,6267,23964,3646,6283,24383,Day_1,Fair,Intermediate,3.75mm,Experiment_2
2025-10-23T01:38:26.513Z,1662,4665,17264,2539,6649,21664,4532,6276,23991,3659,6328,24554,Day_1,Fair,Intermediate,3.75mm,Experiment_2
2025-10-23T01:38:26.553Z,1664,4658,17252,2539,6646,21674,4547,6287,24024,3669,6361,24681,Day_1,Fair,Intermediate,3.75mm,Experiment_2
2025-10-23T01:38:26.593Z,1662,4654,17245,2535,6644,21673,4560,6290,24048,3672,6370,24730,Day_1,Fair,Intermediate,3.75mm,Experiment_2
2025-10-23T01:38:26.633Z,1661,4660,17245,2532,6648,21670,4551,6283,24061,3667,6368,24736,Day_1,Fair,Intermediate,3.75mm,Experiment_2
2025-10-23T01:38:26.673Z,1661,4673,17253,2531,6657,21676,4525,6276,24070,3659,6371,24760,Day_1,Fair,Intermediate,3.75mm,Experiment_2
2025-10-23T01:38:26.713Z,1663,4685,17263,2533,6663,21689,4505,6277,24086,3658,6384,24816,Day_1,Fair,Intermediate,3.75mm,Experiment_2
2025-10-23T01:38:26.753Z,1667,4688,17267,2536,6662,21698,4510,6285,24110,3667,6399,24870,Day_1,Fair,Intermediate,3.75mm,Experiment_2
2025-10-23T01:38:26.793Z,1672,4679,17264,2540,6651,21697,4533,6296,24135,3681,6412,24897,Day_1,Fair,Intermediate,3.75mm,Experiment_2
2025-10-23T01:38:26.833Z,1674,4667,17261,2542,6640,21691,4546,6305,24145,3686,6413,24885,Day_1,Fair,Intermediate,3.75mm,Experiment_2
2025-10-23T01:38:26.873Z,1675,4662,17265,2543,6638,21680,4535,6304,24124,3672,6388,24792,Day_1,Fair,Intermediate,3.75mm,Experiment_2
2025-10-23T01:38:26.913Z,1676,4669,17275,2542,6645,21654,4508,6287,24072,3642,6327,24583,Day_1,Fair,Intermediate,3.75mm,Experiment_2
2025-10-23T01:38:26.953Z,1675,4677,17274,2540,6651,21615,4483,6265,24001,3612,6259,24340,Day_1,Fair,Intermediate,3.75mm,Experiment_2
2025-10-23T01:38:26.993Z,1672,4680,17258,2539,6654,21592,4480,6250,23949,3605,6229,24243,Day_1,Fair,Intermediate,3.75mm,Experiment_2
2025-10-23T01:38:27.033Z,1674,4681,17242,2544,6659,21607,4488,6246,23946,3619,6253,24352,Day_1,Fair,Intermediate,3.75mm,Experiment_2
2025-10-23T01:38:27.073Z,1679,4677,17240,2551,6661,21644,4494,6247,23978,3636,6302,24542,Day_1,Fair,Intermediate,3.75mm,Experiment_2
2025-10-23T01:38:27.113Z,1684,4668,17250,2555,6653,21679,4504,6254,24013,3650,6341,24682,Day_1,Fair,Intermediate,3.75mm,Experiment_2
2025-10-23T01:38:27.153Z,1687,4658,17261,2556,6641,21695,4525,6265,24039,3662,6362,24741,Day_1,Fair,Intermediate,3.75mm,Experiment_2
2025-10-23T01:38:27.193Z,1681,4656,17264,2551,6636,21694,4547,6271,24057,3674,6368,24753,Day_1,Fair,Intermediate,3.75mm,Experiment_2
2025-10-23T01:38:27.233Z,1669,4663,17263,2542,6643,21688,4561,6265,24075,3682,6369,24777,Day_1,Fair,Intermediate,3.75mm,Experiment_2
2025-10-23T01:38:27.273Z,1658,4677,17261,2533,6657,21687,4563,6254,24090,3686,6375,24831,Day_1,Fair,Intermediate,3.75mm,Experiment_2
2025-10-23T01:38:27.313Z,1656,4691,17261,2531,6669,21690,4552,6249,24097,3683,6383,24882,Day_1,Fair,Intermediate,3.75mm,Experiment_2
2025-10-23T01:38:27.353Z,1661,4698,17265,2534,6673,21694,4539,6252,24101,3676,6389,24905,Day_1,Fair,Intermediate,3.75mm,Experiment_2
2025-10-23T01:38:27.393Z,1663,4698,17270,2532,6673,21697,4546,6260,24106,3676,6393,24899,Day_1,Fair,Intermediate,3.75mm,Experiment_2
2025-10-23T01:38:27.433Z,1657,4693,17274,2526,6667,21692,4565,6269,24098,3679,6384,24833,Day_1,Fair,Intermediate,3.75mm,Experiment_2
2025-10-23T01:38:27.473Z,1652,4684,17282,2521,6656,21668,4566,6272,24062,3667,6344,24649,Day_1,Fair,Intermediate,3.75mm,Experiment_2
2025-10-23T01:38:27.513Z,1654,4677,17294,2521,6645,21628,4542,6263,24005,3635,6280,24371,Day_1,Fair,Intermediate,3.75mm,Experiment_2
2025-10-23T01:38:27.553Z,1661,4673,17296,2527,6642,21599,4516,6251,23956,3613,6235,24183,Day_1,Fair,Intermediate,3.75mm,Experiment_2
2025-10-23T01:38:27.593Z,1670,4669,17280,2539,6645,21601,4506,6250,23951,3620,6249,24238,Day_1,Fair,Intermediate,3.75mm,Experiment_2
2025-10-23T01:38:27.633Z,1676,4666,17257,2548,6647,21624,4506,6260,23990,3641,6302,24457,Day_1,Fair,Intermediate,3.75mm,Experiment_2
2025-10-23T01:38:27.673Z,1680,4668,17247,2553,6650,21652,4503,6273,24043,3657,6349,24660,Day_1,Fair,Intermediate,3.75mm,Experiment_2
2025-10-23T01:38:27.713Z,1680,4678,17259,2552,6657,21681,4504,6280,24072,3663,6369,24756,Day_1,Fair,Intermediate,3.75mm,Experiment_2
2025-10-23T01:38:27.753Z,1679,4691,17282,2547,6668,21704,4517,6288,24072,3669,6373,24763,Day_1,Fair,Intermediate,3.75mm,Experiment_2
2025-10-23T01:38:27.793Z,1678,4697,17298,2540,6675,21714,4531,6300,24064,3674,6380,24760,Day_1,Fair,Intermediate,3.75mm,Experiment_2
2025-10-23T01:38:27.833Z,1677,4694,17302,2537,6677,21716,4532,6311,24066,3674,6396,24800,Day_1,Fair,Intermediate,3.75mm,Experiment_2
2025-10-23T01:38:27.873Z,1676,4687,17299,2538,6672,21715,4529,6314,24084,3673,6410,24860,Day_1,Fair,Intermediate,3.75mm,Experiment_2
2025-10-23T01:38:27.913Z,1676,4679,17294,2542,6662,21715,4534,6314,24108,3677,6415,24896,Day_1,Fair,Intermediate,3.75mm,Experiment_2
2025-10-23T01:38:27.953Z,1676,4678,17289,2544,6657,21717,4545,6307,24112,3684,6408,24895,Day_1,Fair,Intermediate,3.75mm,Experiment_2
2025-10-23T01:38:27.993Z,1678,4680,17285,2545,6656,21711,4545,6294,24086,3680,6391,24839,Day_1,Fair,Intermediate,3.75mm,Experiment_2
2025-10-23T01:38:28.033Z,1683,4678,17283,2548,6651,21685,4529,6279,24043,3660,6353,24692,Day_1,Fair,Intermediate,3.75mm,Experiment_2
2025-10-23T01:38:28.073Z,1688,4673,17289,2550,6644,21643,4501,6259,24000,3629,6292,24455,Day_1,Fair,Intermediate,3.75mm,Experiment_2
2025-10-23T01:38:28.113Z,1687,4674,17290,2549,6643,21606,4478,6230,23968,3607,6235,24254,Day_1,Fair,Intermediate,3.75mm,Experiment_2
2025-10-23T01:38:28.153Z,1681,4676,17274,2546,6646,21593,4473,6193,23955,3607,6222,24234,Day_1,Fair,Intermediate,3.75mm,Experiment_2
2025-10-23T01:38:28.193Z,1674,4676,17249,2544,6649,21606,4485,6168,23960,3624,6257,24374,Day_1,Fair,Intermediate,3.75mm,Experiment_2
2025-10-23T01:38:28.233Z,1670,4674,17233,2544,6650,21628,4497,6187,23973,3641,6314,24550,Day_1,Fair,Intermediate,3.75mm,Experiment_2
2025-10-23T01:38:28.273Z,1674,4669,17233,2548,6647,21650,4500,6244,23982,3646,6358,24665,Day_1,Fair,Intermediate,3.75mm,Experiment_2
2025-10-23T01:38:28.313Z,1686,4665,17243,2557,6643,21665,4497,6292,23981,3644,6371,24695,Day_1,Fair,Intermediate,3.75mm,Experiment_2
2025-10-23T01:38:28.353Z,1697,4662,17250,2564,6641,21670,4497,6311,23978,3646,6369,24694,Day_1,Fair,Intermediate,3.75mm,Experiment_2
2025-10-23T01:38:28.393Z,1698,4662,17249,2564,6640,21673,4500,6315,23989,3654,6375,24729,Day_1,Fair,Intermediate,3.75mm,Experiment_2
2025-10-23T01:38:28.433Z,1692,4663,17250,2559,6641,21681,4503,6310,24018,3662,6388,24800,Day_1,Fair,Intermediate,3.75mm,Experiment_2
2025-10-23T01:38:28.473Z,1689,4668,17258,2558,6647,21691,4509,6301,24049,3666,6402,24861,Day_1,Fair,Intermediate,3.75mm,Experiment_2
2025-10-23T01:38:28.513Z,1687,4673,17269,2558,6653,21701,4523,6297,24070,3666,6412,24889,Day_1,Fair,Intermediate,3.75mm,Experiment_2
2025-10-23T01:38:28.553Z,1681,4680,17279,2553,6657,21706,4536,6298,24076,3663,6412,24870,Day_1,Fair,Intermediate,3.75mm,Experiment_2
2025-10-23T01:38:28.593Z,1675,4690,17289,2547,6661,21695,4531,6294,24062,3653,6387,24763,Day_1,Fair,Intermediate,3.75mm,Experiment_2
2025-10-23T01:38:28.633Z,1678,4700,17295,2547,6664,21661,4511,6284,24026,3635,6335,24551,Day_1,Fair,Intermediate,3.75mm,Experiment_2
2025-10-23T01:38:28.673Z,1683,4701,17294,2548,6665,21623,4493,6271,23983,3618,6278,24338,Day_1,Fair,Intermediate,3.75mm,Experiment_2
2025-10-23T01:38:28.713Z,1679,4691,17283,2546,6660,21609,4489,6264,23963,3615,6259,24280,Day_1,Fair,Intermediate,3.75mm,Experiment_2
2025-10-23T01:38:28.753Z,1671,4677,17269,2543,6653,21622,4493,6267,23979,3627,6284,24395,Day_1,Fair,Intermediate,3.75mm,Experiment_2
2025-10-23T01:38:28.793Z,1670,4670,17259,2545,6652,21646,4501,6278,24013,3644,6328,24567,Day_1,Fair,Intermediate,3.75mm,Experiment_2
2025-10-23T01:38:28.833Z,1676,4673,17257,2549,6656,21664,4512,6286,24042,3656,6359,24692,Day_1,Fair,Intermediate,3.75mm,Experiment_2
2025-10-23T01:38:28.873Z,1680,4681,17257,2550,6660,21672,4524,6279,24056,3661,6367,24741,Day_1,Fair,Intermediate,3.75mm,Experiment_2
2025-10-23T01:38:28.913Z,1678,4684,17259,2548,6659,21675,4537,6270,24053,3668,6365,24743,Day_1,Fair,Intermediate,3.75mm,Experiment_2
2025-10-23T01:38:28.953Z,1676,4684,17260,2548,6656,21679,4558,6277,24053,3682,6372,24757,Day_1,Fair,Intermediate,3.75mm,Experiment_2
2025-10-23T01:38:28.993Z,1676,4683,17258,2551,6656,21684,4577,6293,24067,3696,6388,24812,Day_1,Fair,Intermediate,3.75mm,Experiment_2
2025-10-23T01:38:29.033Z,1677,4683,17253,2553,6658,21685,4579,6298,24087,3699,6398,24871,Day_1,Fair,Intermediate,3.75mm,Experiment_2
2025-10-23T01:38:29.073Z,1678,4683,17254,2552,6660,21688,4571,6299,24095,3695,6401,24898,Day_1,Fair,Intermediate,3.75mm,Experiment_2
2025-10-23T01:38:29.113Z,1680,4683,17265,2549,6663,21697,4559,6309,24090,3688,6405,24882,Day_1,Fair,Intermediate,3.75mm,Experiment_2
2025-10-23T01:38:29.153Z,1682,4683,17281,2548,6663,21702,4540,6319,24079,3678,6393,24800,Day_1,Fair,Intermediate,3.75mm,Experiment_2
2025-10-23T01:38:29.193Z,1683,4686,17295,2548,6663,21681,4519,6306,24060,3660,6346,24609,Day_1,Fair,Intermediate,3.75mm,Experiment_2
2025-10-23T01:38:29.233Z,1678,4698,17302,2543,6667,21638,4510,6276,24025,3640,6273,24348,Day_1,Fair,Intermediate,3.75mm,Experiment_2
2025-10-23T01:38:29.273Z,1672,4707,17294,2538,6672,21604,4512,6246,23989,3629,6224,24200,Day_1,Fair,Intermediate,3.75mm,Experiment_2
2025-10-23T01:38:29.313Z,1669,4702,17272,2537,6668,21604,4521,6232,23979,3635,6235,24283,Day_1,Fair,Intermediate,3.75mm,Experiment_2
2025-10-23T01:38:29.353Z,1670,4687,17255,2541,6659,21631,4531,6243,24003,3650,6287,24495,Day_1,Fair,Intermediate,3.75mm,Experiment_2
2025-10-23T01:38:29.393Z,1673,4678,17257,2545,6654,21666,4542,6266,24039,3664,6335,24674,Day_1,Fair,Intermediate,3.75mm,Experiment_2
2025-10-23T01:38:29.433Z,1674,4680,17269,2544,6659,21690,4554,6279,24061,3673,6358,24757,Day_1,Fair,Intermediate,3.75mm,Experiment_2
2025-10-23T01:38:29.473Z,1675,4691,17279,2542,6670,21698,4556,6277,24066,3675,6361,24773,Day_1,Fair,Intermediate,3.75mm,Experiment_2
2025-10-23T01:38:29.513Z,1680,4696,17280,2546,6675,21695,4550,6272,24076,3676,6363,24796,Day_1,Fair,Intermediate,3.75mm,Experiment_2
2025-10-23T01:38:29.553Z,1690,4691,17272,2554,6670,21693,4546,6274,24098,3680,6377,24851,Day_1,Fair,Intermediate,3.75mm,Experiment_2
2025-10-23T01:38:29.593Z,1694,4685,17264,2559,6666,21695,4547,6284,24111,3686,6395,24895,Day_1,Fair,Intermediate,3.75mm,Experiment_2
2025-10-23T01:38:29.633Z,1689,4686,17264,2557,6668,21702,4550,6295,24109,3689,6407,24903,Day_1,Fair,Intermediate,3.75mm,Experiment_2
2025-10-23T01:38:29.673Z,1683,4689,17271,2553,6668,21708,4548,6303,24107,3686,6411,24891,Day_1,Fair,Intermediate,3.75mm,Experiment_2
2025-10-23T01:38:29.713Z,1678,4691,17282,2549,6667,21707,4535,6300,24100,3676,6399,24841,Day_1,Fair,Intermediate,3.75mm,Experiment_2
2025-10-23T01:38:29.754Z,1677,4695,17292,2546,6667,21686,4523,6283,24069,3662,6361,24689,Day_1,Fair,Intermediate,3.75mm,Experiment_2
2025-10-23T01:38:29.794Z,1679,4695,17301,2547,6664,21644,4519,6262,24011,3646,6297,24427,Day_1,Fair,Intermediate,3.75mm,Experiment_2
2025-10-23T01:38:29.834Z,1681,4686,17300,2549,6656,21609,4520,6238,23951,3634,6241,24211,Day_1,Fair,Intermediate,3.75mm,Experiment_2
2025-10-23T01:38:29.874Z,1677,4674,17285,2547,6649,21608,4525,6221,23919,3639,6232,24210,Day_1,Fair,Intermediate,3.75mm,Experiment_2
2025-10-23T01:38:29.914Z,1669,4664,17265,2543,6642,21634,4535,6223,23937,3657,6269,24388,Day_1,Fair,Intermediate,3.75mm,Experiment_2
2025-10-23T01:38:29.954Z,1664,4659,17255,2541,6638,21665,4545,6239,23986,3673,6317,24590,Day_1,Fair,Intermediate,3.75mm,Experiment_2
2025-10-23T01:38:29.994Z,1666,4663,17254,2543,6640,21683,4543,6259,24036,3677,6348,24709,Day_1,Fair,Intermediate,3.75mm,Experiment_2
2025-10-23T01:38:30.034Z,1670,4674,17255,2543,6648,21685,4526,6277,24069,3667,6361,24735,Day_1,Fair,Intermediate,3.75mm,Experiment_2
2025-10-23T01:38:30.074Z,1672,4684,17257,2543,6658,21683,4517,6286,24080,3660,6366,24734,Day_1,Fair,Intermediate,3.75mm,Experiment_2
2025-10-23T01:38:30.114Z,1674,4688,17261,2544,6665,21687,4526,6284,24086,3667,6374,24775,Day_1,Fair,Intermediate,3.75mm,Experiment_2
2025-10-23T01:38:30.154Z,1675,4687,17264,2546,6666,21696,4540,6277,24096,3680,6385,24845,Day_1,Fair,Intermediate,3.75mm,Experiment_2
2025-10-23T01:38:30.194Z,1677,4685,17267,2548,6663,21704,4551,6275,24103,3688,6395,24892,Day_1,Fair,Intermediate,3.75mm,Experiment_2
2025-10-23T01:38:30.234Z,1682,4682,17273,2550,6661,21711,4558,6278,24099,3690,6401,24897,Day_1,Fair,Intermediate,3.75mm,Experiment_2
2025-10-23T01:38:30.274Z,1683,4683,17284,2547,6663,21714,4554,6287,24083,3687,6399,24859,Day_1,Fair,Intermediate,3.75mm,Experiment_2
2025-10-23T01:38:30.314Z,1679,4687,17294,2541,6667,21704,4535,6295,24052,3674,6375,24742,Day_1,Fair,Intermediate,3.75mm,Experiment_2
2025-10-23T01:38:30.354Z,1677,4692,17299,2541,6670,21673,4514,6287,24003,3652,6320,24529,Day_1,Fair,Intermediate,3.75mm,Experiment_2
2025-10-23T01:38:30.394Z,1683,4696,17295,2550,6671,21637,4506,6265,23954,3634,6261,24321,Day_1,Fair,Intermediate,3.75mm,Experiment_2
2025-10-23T01:38:30.434Z,1689,4696,17281,2559,6670,21623,4505,6256,23931,3631,6247,24269,Day_1,Fair,Intermediate,3.75mm,Experiment_2
2025-10-23T01:38:30.474Z,1686,4690,17264,2557,6666,21633,4503,6269,23950,3639,6284,24381,Day_1,Fair,Intermediate,3.75mm,Experiment_2
2025-10-23T01:38:30.514Z,1674,4683,17251,2546,6662,21654,4507,6282,23997,3650,6334,24551,Day_1,Fair,Intermediate,3.75mm,Experiment_2
2025-10-23T01:38:30.554Z,1660,4679,17247,2533,6660,21673,4526,6274,24043,3662,6361,24682,Day_1,Fair,Intermediate,3.75mm,Experiment_2
2025-10-23T01:38:30.594Z,1653,4676,17251,2524,6659,21682,4552,6253,24069,3674,6360,24738,Day_1,Fair,Intermediate,3.75mm,Experiment_2
2025-10-23T01:38:30.634Z,1654,4676,17260,2522,6660,21686,4571,6247,24074,3684,6353,24745,Day_1,Fair,Intermediate,3.75mm,Experiment_2
2025-10-23T01:38:30.674Z,1662,4683,17271,2528,6666,21692,4578,6269,24070,3691,6364,24761,Day_1,Fair,Intermediate,3.75mm,Experiment_2
2025-10-23T01:38:30.714Z,1672,4690,17281,2539,6669,21703,4573,6298,24071,3691,6391,24810,Day_1,Fair,Intermediate,3.75mm,Experiment_2
2025-10-23T01:38:30.754Z,1681,4691,17290,2549,6666,21716,4551,6304,24073,3682,6407,24859,Day_1,Fair,Intermediate,3.75mm,Experiment_2
2025-10-23T01:38:30.794Z,1684,4689,17294,2555,6663,21721,4528,6291,24072,3672,6405,24879,Day_1,Fair,Intermediate,3.75mm,Experiment_2
2025-10-23T01:38:30.834Z,1681,4689,17290,2553,6662,21714,4522,6279,24071,3671,6393,24863,Day_1,Fair,Intermediate,3.75mm,Experiment_2
2025-10-23T01:38:30.874Z,1677,4690,17289,2548,6663,21700,4535,6270,24070,3674,6369,24782,Day_1,Fair,Intermediate,3.75mm,Experiment_2
2025-10-23T01:38:30.914Z,1680,4691,17300,2548,6663,21680,4548,6251,24048,3669,6315,24586,Day_1,Fair,Intermediate,3.75mm,Experiment_2
2025-10-23T01:38:30.954Z,1688,4688,17310,2550,6658,21651,4544,6228,23995,3648,6247,24326,Day_1,Fair,Intermediate,3.75mm,Experiment_2
2025-10-23T01:38:30.994Z,1693,4677,17305,2553,6647,21631,4523,6218,23945,3628,6220,24194,Day_1,Fair,Intermediate,3.75mm,Experiment_2
2025-10-23T01:38:31.034Z,1692,4664,17285,2554,6637,21635,4503,6223,23939,3625,6252,24294,Day_1,Fair,Intermediate,3.75mm,Experiment_2
2025-10-23T01:38:31.074Z,1684,4656,17265,2552,6635,21654,4497,6232,23972,3635,6309,24505,Day_1,Fair,Intermediate,3.75mm,Experiment_2
2025-10-23T01:38:31.114Z,1678,4662,17259,2552,6644,21673,4505,6243,24017,3647,6351,24672,Day_1,Fair,Intermediate,3.75mm,Experiment_2
2025-10-23T01:38:31.154Z,1679,4673,17264,2555,6655,21684,4516,6244,24046,3656,6360,24747,Day_1,Fair,Intermediate,3.75mm,Experiment_2
2025-10-23T01:38:31.194Z,1683,4674,17270,2559,6654,21688,4516,6236,24051,3658,6351,24761,Day_1,Fair,Intermediate,3.75mm,Experiment_2
2025-10-23T01:38:31.234Z,1687,4668,17270,2559,6649,21688,4507,6231,24051,3655,6350,24782,Day_1,Fair,Intermediate,3.75mm,Experiment_2
2025-10-23T01:38:31.274Z,1691,4669,17268,2559,6650,21692,4497,6234,24064,3656,6364,24839,Day_1,Fair,Intermediate,3.75mm,Experiment_2
2025-10-23T01:38:31.314Z,1697,4677,17268,2563,6658,21699,4504,6240,24078,3663,6376,24889,Day_1,Fair,Intermediate,3.75mm,Experiment_2
2025-10-23T01:38:31.354Z,1700,4687,17268,2567,6666,21704,4535,6255,24085,3679,6381,24907,Day_1,Fair,Intermediate,3.75mm,Experiment_2
2025-10-23T01:38:31.394Z,1696,4694,17265,2564,6671,21703,4572,6276,24083,3694,6385,24899,Day_1,Fair,Intermediate,3.75mm,Experiment_2
2025-10-23T01:38:31.434Z,1686,4702,17265,2554,6678,21694,4585,6280,24064,3697,6376,24836,Day_1,Fair,Intermediate,3.75mm,Experiment_2
2025-10-23T01:38:31.474Z,1676,4711,17276,2543,6684,21672,4572,6261,24022,3680,6338,24662,Day_1,Fair,Intermediate,3.75mm,Experiment_2
2025-10-23T01:38:31.514Z,1671,4712,17294,2537,6681,21636,4549,6241,23969,3651,6274,24390,Day_1,Fair,Intermediate,3.75mm,Experiment_2
2025-10-23T01:38:31.554Z,1669,4702,17296,2537,6672,21603,4526,6232,23923,3626,6224,24188,Day_1,Fair,Intermediate,3.75mm,Experiment_2
2025-10-23T01:38:31.594Z,1665,4692,17274,2537,6665,21598,4504,6233,23902,3617,6226,24209,Day_1,Fair,Intermediate,3.75mm,Experiment_2
2025-10-23T01:38:31.634Z,1665,4690,17247,2540,6665,21619,4485,6240,23915,3622,6274,24395,Day_1,Fair,Intermediate,3.75mm,Experiment_2
2025-10-23T01:38:31.674Z,1675,4693,17239,2551,6668,21648,4477,6258,23959,3633,6329,24588,Day_1,Fair,Intermediate,3.75mm,Experiment_2
2025-10-23T01:38:31.714Z,1693,4696,17247,2565,6669,21671,4484,6273,24010,3647,6357,24700,Day_1,Fair,Intermediate,3.75mm,Experiment_2
2025-10-23T01:38:31.754Z,1700,4695,17258,2568,6666,21682,4503,6273,24040,3659,6356,24724,Day_1,Fair,Intermediate,3.75mm,Experiment_2
2025-10-23T01:38:31.794Z,1689,4692,17262,2558,6661,21681,4519,6269,24049,3668,6356,24723,Day_1,Fair,Intermediate,3.75mm,Experiment_2
2025-10-23T01:38:31.834Z,1675,4691,17256,2547,6660,21677,4526,6271,24059,3672,6371,24761,Day_1,Fair,Intermediate,3.75mm,Experiment_2
2025-10-23T01:38:31.874Z,1671,4691,17253,2545,6661,21682,4527,6278,24075,3673,6391,24826,Day_1,Fair,Intermediate,3.75mm,Experiment_2
2025-10-23T01:38:31.914Z,1675,4685,17261,2549,6657,21696,4533,6287,24091,3677,6402,24875,Day_1,Fair,Intermediate,3.75mm,Experiment_2
2025-10-23T01:38:31.954Z,1682,4672,17274,2553,6648,21708,4540,6294,24100,3681,6403,24892,Day_1,Fair,Intermediate,3.75mm,Experiment_2
2025-10-23T01:38:31.994Z,1686,4659,17284,2554,6638,21710,4546,6295,24093,3680,6393,24858,Day_1,Fair,Intermediate,3.75mm,Experiment_2
2025-10-23T01:38:32.034Z,1683,4649,17289,2549,6630,21692,4551,6290,24066,3670,6366,24731,Day_1,Fair,Intermediate,3.75mm,Experiment_2
2025-10-23T01:38:32.074Z,1676,4645,17296,2541,6624,21658,4544,6279,24034,3650,6313,24509,Day_1,Fair,Intermediate,3.75mm,Experiment_2
2025-10-23T01:38:32.114Z,1670,4646,17297,2537,6623,21624,4522,6263,24009,3627,6262,24315,Day_1,Fair,Intermediate,3.75mm,Experiment_2
2025-10-23T01:38:32.154Z,1672,4655,17283,2543,6631,21611,4511,6247,23993,3621,6246,24285,Day_1,Fair,Intermediate,3.75mm,Experiment_2
2025-10-23T01:38:32.194Z,1679,4671,17265,2552,6649,21622,4527,6236,23994,3637,6268,24407,Day_1,Fair,Intermediate,3.75mm,Experiment_2
2025-10-23T01:38:32.234Z,1682,4683,17254,2555,6662,21646,4553,6234,24010,3661,6305,24572,Day_1,Fair,Intermediate,3.75mm,Experiment_2
2025-10-23T01:38:32.274Z,1682,4680,17253,2553,6661,21668,4566,6238,24025,3675,6338,24686,Day_1,Fair,Intermediate,3.75mm,Experiment_2
2025-10-23T01:38:32.314Z,1678,4669,17258,2547,6653,21683,4566,6250,24026,3679,6356,24714,Day_1,Fair,Intermediate,3.75mm,Experiment_2
2025-10-23T01:38:32.354Z,1671,4666,17266,2538,6653,21690,4559,6271,24015,3678,6365,24700,Day_1,Fair,Intermediate,3.75mm,Experiment_2
2025-10-23T01:38:32.394Z,1667,4670,17274,2532,6657,21698,4551,6297,24012,3679,6378,24713,Day_1,Fair,Intermediate,3.75mm,Experiment_2
2025-10-23T01:38:32.434Z,1668,4668,17279,2535,6655,21709,4547,6320,24028,3686,6395,24773,Day_1,Fair,Intermediate,3.75mm,Experiment_2
2025-10-23T01:38:32.474Z,1673,4664,17281,2541,6650,21718,4552,6326,24056,3695,6406,24840,Day_1,Fair,Intermediate,3.75mm,Experiment_2
2025-10-23T01:38:32.514Z,1673,4665,17280,2542,6649,21720,4557,6316,24079,3699,6408,24879,Day_1,Fair,Intermediate,3.75mm,Experiment_2
2025-10-23T01:38:32.554Z,1668,4669,17274,2536,6651,21709,4558,6301,24084,3695,6402,24871,Day_1,Fair,Intermediate,3.75mm,Experiment_2
2025-10-23T01:38:32.594Z,1662,4674,17270,2529,6651,21686,4558,6288,24070,3683,6381,24777,Day_1,Fair,Intermediate,3.75mm,Experiment_2
2025-10-23T01:38:32.634Z,1660,4673,17277,2529,6646,21655,4549,6274,24037,3664,6331,24571,Day_1,Fair,Intermediate,3.75mm,Experiment_2
2025-10-23T01:38:32.674Z,1663,4669,17285,2533,6640,21622,4531,6260,23982,3643,6270,24335,Day_1,Fair,Intermediate,3.75mm,Experiment_2
2025-10-23T01:38:32.714Z,1665,4666,17278,2535,6639,21604,4521,6259,23931,3636,6244,24242,Day_1,Fair,Intermediate,3.75mm,Experiment_2
2025-10-23T01:38:32.754Z,1664,4665,17263,2535,6645,21616,4533,6275,23930,3649,6272,24351,Day_1,Fair,Intermediate,3.75mm,Experiment_2
2025-10-23T01:38:32.794Z,1665,4671,17257,2538,6657,21647,4555,6293,23968,3670,6323,24540,Day_1,Fair,Intermediate,3.75mm,Experiment_2
2025-10-23T01:38:32.834Z,1671,4682,17266,2548,6671,21682,4564,6294,24000,3684,6356,24678,Day_1,Fair,Intermediate,3.75mm,Experiment_2
2025-10-23T01:38:32.874Z,1681,4693,17283,2562,6680,21706,4558,6284,24015,3684,6361,24733,Day_1,Fair,Intermediate,3.75mm,Experiment_2
2025-10-23T01:38:32.914Z,1691,4698,17296,2571,6681,21715,4552,6279,24030,3677,6359,24743,Day_1,Fair,Intermediate,3.75mm,Experiment_2
2025-10-23T01:38:32.954Z,1698,4697,17297,2574,6674,21714,4559,6288,24046,3676,6368,24764,Day_1,Fair,Intermediate,3.75mm,Experiment_2
2025-10-23T01:38:32.994Z,1701,4687,17289,2572,6662,21710,4569,6307,24056,3682,6391,24815,Day_1,Fair,Intermediate,3.75mm,Experiment_2
2025-10-23T01:38:33.034Z,1700,4680,17279,2567,6654,21710,4568,6322,24062,3689,6411,24861,Day_1,Fair,Intermediate,3.75mm,Experiment_2
2025-10-23T01:38:33.074Z,1694,4682,17275,2557,6657,21711,4551,6325,24072,3688,6416,24883,Day_1,Fair,Intermediate,3.75mm,Experiment_2
2025-10-23T01:38:33.114Z,1680,4687,17279,2544,6661,21711,4530,6312,24087,3679,6404,24882,Day_1,Fair,Intermediate,3.75mm,Experiment_2
2025-10-23T01:38:33.154Z,1666,4691,17285,2532,6663,21701,4519,6284,24092,3668,6376,24822,Day_1,Fair,Intermediate,3.75mm,Experiment_2
2025-10-23T01:38:33.194Z,1659,4697,17295,2527,6664,21675,4520,6252,24065,3656,6327,24642,Day_1,Fair,Intermediate,3.75mm,Experiment_2
2025-10-23T01:38:33.234Z,1659,4699,17304,2526,6662,21634,4523,6234,24006,3641,6262,24370,Day_1,Fair,Intermediate,3.75mm,Experiment_2
2025-10-23T01:38:33.274Z,1657,4695,17300,2525,6657,21601,4519,6243,23946,3630,6224,24191,Day_1,Fair,Intermediate,3.75mm,Experiment_2
2025-10-23T01:38:33.314Z,1652,4690,17280,2522,6659,21603,4507,6271,23918,3631,6250,24246,Day_1,Fair,Intermediate,3.75mm,Experiment_2
2025-10-23T01:38:33.354Z,1648,4691,17259,2522,6668,21633,4497,6289,23926,3644,6310,24446,Day_1,Fair,Intermediate,3.75mm,Experiment_2
2025-10-23T01:38:33.394Z,1650,4694,17250,2526,6675,21664,4495,6285,23955,3657,6355,24624,Day_1,Fair,Intermediate,3.75mm,Experiment_2
2025-10-23T01:38:33.434Z,1658,4693,17253,2536,6674,21684,4506,6269,23990,3666,6368,24711,Day_1,Fair,Intermediate,3.75mm,Experiment_2
2025-10-23T01:38:33.474Z,1670,4693,17262,2547,6670,21693,4534,6255,24012,3676,6363,24724,Day_1,Fair,Intermediate,3.75mm,Experiment_2
2025-10-23T01:38:33.514Z,1677,4694,17269,2551,6668,21696,4569,6252,24019,3690,6362,24731,Day_1,Fair,Intermediate,3.75mm,Experiment_2
2025-10-23T01:38:33.554Z,1676,4693,17271,2547,6667,21700,4587,6258,24027,3700,6375,24780,Day_1,Fair,Intermediate,3.75mm,Experiment_2
2025-10-23T01:38:33.594Z,1669,4689,17272,2539,6665,21705,4584,6268,24045,3701,6392,24847,Day_1,Fair,Intermediate,3.75mm,Experiment_2
2025-10-23T01:38:33.634Z,1663,4681,17273,2534,6659,21708,4580,6275,24066,3699,6400,24891,Day_1,Fair,Intermediate,3.75mm,Experiment_2
2025-10-23T01:38:33.674Z,1662,4673,17277,2535,6651,21714,4591,6280,24084,3700,6398,24900,Day_1,Fair,Intermediate,3.75mm,Experiment_2
2025-10-23T01:38:33.715Z,1668,4671,17286,2543,6649,21717,4623,6291,24085,3695,6386,24854,Day_1,Fair,Intermediate,3.75mm,Experiment_2
2025-10-23T01:38:33.755Z,1674,4678,17298,2548,6651,21701,4670,6295,24060,3675,6351,24707,Day_1,Fair,Intermediate,3.75mm,Experiment_2
2025-10-23T01:38:33.795Z,1672,4682,17302,2544,6650,21658,4704,6276,24008,3643,6292,24458,Day_1,Fair,Intermediate,3.75mm,Experiment_2
2025-10-23T01:38:33.835Z,1667,4675,17297,2537,6641,21616,4676,6254,23947,3618,6244,24248,Day_1,Fair,Intermediate,3.75mm,Experiment_2
2025-10-23T01:38:33.875Z,1663,4663,17283,2534,6633,21608,4600,6252,23913,3617,6244,24228,Day_1,Fair,Intermediate,3.75mm,Experiment_2
2025-10-23T01:38:33.915Z,1665,4653,17270,2536,6629,21631,4553,6261,23924,3639,6282,24375,Day_1,Fair,Intermediate,3.75mm,Experiment_2
2025-10-23T01:38:33.955Z,1672,4649,17261,2543,6631,21658,4558,6266,23974,3668,6324,24563,Day_1,Fair,Intermediate,3.75mm,Experiment_2
2025-10-23T01:38:33.995Z,1681,4651,17255,2550,6638,21673,4578,6267,24034,3688,6349,24691,Day_1,Fair,Intermediate,3.75mm,Experiment_2
2025-10-23T01:38:34.035Z,1686,4656,17251,2556,6643,21674,4587,6272,24064,3695,6358,24727,Day_1,Fair,Intermediate,3.75mm,Experiment_2
2025-10-23T01:38:34.075Z,1686,4663,17249,2559,6647,21671,4581,6275,24062,3695,6359,24726,Day_1,Fair,Intermediate,3.75mm,Experiment_2
2025-10-23T01:38:34.115Z,1682,4675,17251,2557,6656,21675,4569,6273,24060,3693,6363,24757,Day_1,Fair,Intermediate,3.75mm,Experiment_2
2025-10-23T01:38:34.155Z,1678,4685,17259,2551,6666,21689,4562,6282,24081,3695,6380,24822,Day_1,Fair,Intermediate,3.75mm,Experiment_2
2025-10-23T01:38:34.195Z,1680,4691,17273,2550,6671,21707,4560,6305,24112,3698,6401,24878,Day_1,Fair,Intermediate,3.75mm,Experiment_2
2025-10-23T01:38:34.235Z,1685,4693,17284,2553,6673,21720,4556,6319,24137,3696,6412,24903,Day_1,Fair,Intermediate,3.75mm,Experiment_2
2025-10-23T01:38:34.275Z,1682,4695,17286,2551,6672,21717,4543,6315,24144,3684,6405,24881,Day_1,Fair,Intermediate,3.75mm,Experiment_2
2025-10-23T01:38:34.315Z,1672,4698,17286,2543,6671,21693,4523,6300,24116,3661,6375,24768,Day_1,Fair,Intermediate,3.75mm,Experiment_2
2025-10-23T01:38:34.355Z,1663,4698,17291,2534,6668,21653,4501,6283,24051,3635,6324,24546,Day_1,Fair,Intermediate,3.75mm,Experiment_2
2025-10-23T01:38:34.395Z,1660,4693,17290,2530,6661,21615,4483,6266,23980,3617,6273,24327,Day_1,Fair,Intermediate,3.75mm,Experiment_2
2025-10-23T01:38:34.435Z,1661,4682,17276,2532,6650,21599,4480,6255,23944,3617,6257,24271,Day_1,Fair,Intermediate,3.75mm,Experiment_2
2025-10-23T01:38:34.475Z,1665,4671,17262,2540,6643,21615,4500,6252,23953,3639,6280,24385,Day_1,Fair,Intermediate,3.75mm,Experiment_2
2025-10-23T01:38:34.515Z,1667,4669,17255,2546,6648,21642,4538,6256,23984,3669,6318,24550,Day_1,Fair,Intermediate,3.75mm,Experiment_2
2025-10-23T01:38:34.555Z,1663,4678,17253,2543,6661,21664,4566,6266,24012,3686,6349,24665,Day_1,Fair,Intermediate,3.75mm,Experiment_2
2025-10-23T01:38:34.595Z,1658,4692,17255,2537,6672,21674,4565,6275,24027,3685,6361,24702,Day_1,Fair,Intermediate,3.75mm,Experiment_2
2025-10-23T01:38:34.635Z,1663,4702,17259,2540,6678,21678,4549,6278,24037,3680,6360,24700,Day_1,Fair,Intermediate,3.75mm,Experiment_2
2025-10-23T01:38:34.675Z,1675,4703,17264,2550,6678,21681,4544,6285,24059,3683,6367,24721,Day_1,Fair,Intermediate,3.75mm,Experiment_2
2025-10-23T01:38:34.715Z,1683,4696,17271,2556,6676,21688,4559,6311,24104,3693,6391,24787,Day_1,Fair,Intermediate,3.75mm,Experiment_2
2025-10-23T01:38:34.755Z,1685,4691,17281,2556,6674,21699,4575,6340,24151,3701,6417,24857,Day_1,Fair,Intermediate,3.75mm,Experiment_2
2025-10-23T01:38:34.795Z,1686,4692,17289,2554,6672,21709,4580,6344,24175,3701,6423,24895,Day_1,Fair,Intermediate,3.75mm,Experiment_2
2025-10-23T01:38:34.835Z,1685,4696,17289,2551,6670,21711,4571,6321,24179,3691,6410,24892,Day_1,Fair,Intermediate,3.75mm,Experiment_2
2025-10-23T01:38:34.875Z,1679,4699,17283,2545,6667,21696,4549,6290,24165,3673,6382,24816,Day_1,Fair,Intermediate,3.75mm,Experiment_2
2025-10-23T01:38:34.915Z,1672,4694,17281,2539,6657,21661,4512,6258,24112,3641,6327,24611,Day_1,Fair,Intermediate,3.75mm,Experiment_2
2025-10-23T01:38:34.955Z,1669,4685,17283,2535,6644,21617,4471,6228,24029,3604,6254,24331,Day_1,Fair,Intermediate,3.75mm,Experiment_2
2025-10-23T01:38:34.995Z,1668,4679,17277,2535,6641,21590,4448,6205,23967,3586,6209,24181,Day_1,Fair,Intermediate,3.75mm,Experiment_2
2025-10-23T01:38:35.035Z,1670,4681,17263,2539,6652,21602,4455,6203,23960,3598,6227,24278,Day_1,Fair,Intermediate,3.75mm,Experiment_2
2025-10-23T01:38:35.075Z,1676,4684,17255,2545,6664,21640,4482,6227,23994,3628,6286,24496,Day_1,Fair,Intermediate,3.75mm,Experiment_2
2025-10-23T01:38:35.115Z,1681,4680,17260,2549,6666,21674,4512,6255,24035,3657,6342,24667,Day_1,Fair,Intermediate,3.75mm,Experiment_2
2025-10-23T01:38:35.155Z,1684,4675,17269,2550,6661,21690,4538,6267,24059,3675,6369,24739,Day_1,Fair,Intermediate,3.75mm,Experiment_2
2025-10-23T01:38:35.195Z,1684,4674,17270,2550,6657,21689,4548,6271,24072,3682,6375,24754,Day_1,Fair,Intermediate,3.75mm,Experiment_2
2025-10-23T01:38:35.235Z,1677,4671,17266,2546,6651,21682,4542,6283,24099,3681,6381,24785,Day_1,Fair,Intermediate,3.75mm,Experiment_2
2025-10-23T01:38:35.275Z,1666,4662,17264,2538,6642,21681,4536,6298,24136,3685,6397,24846,Day_1,Fair,Intermediate,3.75mm,Experiment_2
2025-10-23T01:38:35.315Z,1658,4657,17265,2532,6637,21683,4545,6306,24157,3690,6411,24890,Day_1,Fair,Intermediate,3.75mm,Experiment_2
2025-10-23T01:38:35.355Z,1657,4665,17265,2533,6646,21683,4564,6311,24155,3694,6416,24900,Day_1,Fair,Intermediate,3.75mm,Experiment_2
2025-10-23T01:38:35.395Z,1663,4683,17266,2541,6663,21683,4585,6319,24147,3698,6414,24891,Day_1,Fair,Intermediate,3.75mm,Experiment_2
2025-10-23T01:38:35.435Z,1671,4693,17272,2551,6671,21682,4594,6308,24137,3695,6393,24841,Day_1,Fair,Intermediate,3.75mm,Experiment_2
2025-10-23T01:38:35.475Z,1680,4690,17284,2556,6665,21666,4584,6269,24105,3678,6338,24688,Day_1,Fair,Intermediate,3.75mm,Experiment_2
2025-10-23T01:38:35.515Z,1684,4680,17292,2554,6652,21627,4564,6221,24043,3651,6258,24433,Day_1,Fair,Intermediate,3.75mm,Experiment_2
2025-10-23T01:38:35.555Z,1682,4669,17290,2550,6641,21593,4554,6197,23980,3635,6204,24235,Day_1,Fair,Intermediate,3.75mm,Experiment_2
2025-10-23T01:38:35.595Z,1679,4661,17276,2547,6639,21596,4554,6203,23952,3641,6212,24249,Day_1,Fair,Intermediate,3.75mm,Experiment_2
2025-10-23T01:38:35.635Z,1682,4659,17262,2552,6645,21628,4553,6221,23965,3657,6261,24422,Day_1,Fair,Intermediate,3.75mm,Experiment_2
2025-10-23T01:38:35.675Z,1690,4662,17262,2560,6650,21667,4543,6241,24002,3665,6312,24602,Day_1,Fair,Intermediate,3.75mm,Experiment_2
2025-10-23T01:38:35.715Z,1691,4667,17273,2561,6652,21691,4525,6254,24041,3663,6341,24703,Day_1,Fair,Intermediate,3.75mm,Experiment_2
2025-10-23T01:38:35.755Z,1684,4677,17280,2553,6659,21696,4512,6251,24064,3655,6346,24724,Day_1,Fair,Intermediate,3.75mm,Experiment_2
2025-10-23T01:38:35.795Z,1676,4684,17282,2546,6668,21694,4516,6248,24075,3654,6347,24726,Day_1,Fair,Intermediate,3.75mm,Experiment_2
2025-10-23T01:38:35.835Z,1674,4680,17281,2544,6669,21696,4524,6257,24098,3661,6362,24770,Day_1,Fair,Intermediate,3.75mm,Experiment_2
2025-10-23T01:38:35.875Z,1678,4671,17280,2546,6662,21700,4525,6270,24140,3668,6383,24850,Day_1,Fair,Intermediate,3.75mm,Experiment_2
2025-10-23T01:38:35.915Z,1680,4666,17281,2547,6655,21702,4525,6274,24183,3675,6393,24914,Day_1,Fair,Intermediate,3.75mm,Experiment_2
2025-10-23T01:38:35.955Z,1677,4666,17285,2546,6653,21703,4529,6270,24207,3680,6393,24936,Day_1,Fair,Intermediate,3.75mm,Experiment_2
2025-10-23T01:38:35.995Z,1670,4670,17287,2541,6654,21702,4531,6265,24205,3677,6380,24899,Day_1,Fair,Intermediate,3.75mm,Experiment_2
2025-10-23T01:38:36.035Z,1664,4680,17289,2534,6662,21686,4524,6266,24168,3665,6351,24763,Day_1,Fair,Intermediate,3.75mm,Experiment_2
2025-10-23T01:38:36.075Z,1660,4693,17290,2527,6671,21651,4508,6268,24091,3642,6305,24519,Day_1,Fair,Intermediate,3.75mm,Experiment_2
2025-10-23T01:38:36.115Z,1660,4700,17287,2523,6671,21616,4486,6261,24010,3616,6259,24296,Day_1,Fair,Intermediate,3.75mm,Experiment_2
2025-10-23T01:38:36.155Z,1660,4698,17275,2521,6666,21603,4470,6248,23975,3603,6248,24254,Day_1,Fair,Intermediate,3.75mm,Experiment_2
2025-10-23T01:38:36.195Z,1657,4692,17259,2521,6660,21615,4472,6241,23993,3613,6276,24385,Day_1,Fair,Intermediate,3.75mm,Experiment_2
2025-10-23T01:38:36.235Z,1651,4682,17252,2521,6656,21642,4492,6249,24029,3637,6321,24561,Day_1,Fair,Intermediate,3.75mm,Experiment_2
2025-10-23T01:38:36.275Z,1646,4674,17257,2523,6653,21669,4516,6265,24053,3659,6357,24677,Day_1,Fair,Intermediate,3.75mm,Experiment_2
2025-10-23T01:38:36.315Z,1647,4671,17264,2525,6652,21683,4528,6275,24061,3668,6371,24706,Day_1,Fair,Intermediate,3.75mm,Experiment_2
2025-10-23T01:38:36.355Z,1654,4677,17267,2528,6657,21684,4525,6276,24070,3665,6370,24702,Day_1,Fair,Intermediate,3.75mm,Experiment_2
2025-10-23T01:38:36.395Z,1662,4693,17272,2530,6669,21689,4521,6286,24092,3662,6376,24728,Day_1,Fair,Intermediate,3.75mm,Experiment_2
2025-10-23T01:38:36.435Z,1667,4710,17285,2532,6684,21703,4525,6310,24126,3670,6396,24787,Day_1,Fair,Intermediate,3.75mm,Experiment_2
2025-10-23T01:38:36.475Z,1677,4717,17302,2541,6690,21720,4538,6331,24159,3683,6418,24846,Day_1,Fair,Intermediate,3.75mm,Experiment_2
2025-10-23T01:38:36.515Z,1690,4712,17312,2555,6686,21728,4553,6325,24178,3691,6425,24876,Day_1,Fair,Intermediate,3.75mm,Experiment_2
2025-10-23T01:38:36.555Z,1694,4701,17314,2562,6676,21724,4563,6300,24172,3693,6411,24862,Day_1,Fair,Intermediate,3.75mm,Experiment_2
2025-10-23T01:38:36.595Z,1691,4696,17311,2560,6669,21706,4555,6275,24137,3681,6375,24767,Day_1,Fair,Intermediate,3.75mm,Experiment_2
2025-10-23T01:38:36.635Z,1688,4701,17312,2556,6670,21676,4524,6259,24070,3653,6317,24559,Day_1,Fair,Intermediate,3.75mm,Experiment_2
2025-10-23T01:38:36.675Z,1683,4703,17315,2549,6671,21643,4487,6249,23992,3621,6254,24316,Day_1,Fair,Intermediate,3.75mm,Experiment_2
2025-10-23T01:38:36.715Z,1674,4685,17311,2540,6656,21630,4474,6249,23951,3610,6231,24221,Day_1,Fair,Intermediate,3.75mm,Experiment_2
2025-10-23T01:38:36.755Z,1665,4652,17296,2535,6629,21642,4493,6259,23966,3628,6262,24337,Day_1,Fair,Intermediate,3.75mm,Experiment_2
2025-10-23T01:38:36.795Z,1661,4628,17276,2537,6610,21661,4525,6266,24015,3659,6310,24542,Day_1,Fair,Intermediate,3.75mm,Experiment_2
2025-10-23T01:38:36.835Z,1658,4631,17263,2538,6615,21673,4549,6265,24067,3679,6341,24695,Day_1,Fair,Intermediate,3.75mm,Experiment_2
2025-10-23T01:38:36.875Z,1655,4655,17259,2536,6638,21678,4556,6268,24103,3683,6356,24757,Day_1,Fair,Intermediate,3.75mm,Experiment_2
2025-10-23T01:38:36.915Z,1656,4675,17263,2532,6656,21679,4549,6273,24126,3678,6364,24764,Day_1,Fair,Intermediate,3.75mm,Experiment_2
2025-10-23T01:38:36.955Z,1660,4680,17276,2531,6658,21685,4540,6274,24149,3676,6374,24781,Day_1,Fair,Intermediate,3.75mm,Experiment_2
2025-10-23T01:38:36.995Z,1664,4677,17290,2534,6652,21700,4530,6278,24176,3677,6391,24832,Day_1,Fair,Intermediate,3.75mm,Experiment_2
2025-10-23T01:38:37.035Z,1663,4674,17298,2535,6649,21713,4519,6285,24196,3678,6405,24879,Day_1,Fair,Intermediate,3.75mm,Experiment_2
2025-10-23T01:38:37.075Z,1662,4678,17302,2534,6653,21720,4521,6289,24212,3679,6410,24899,Day_1,Fair,Intermediate,3.75mm,Experiment_2
2025-10-23T01:38:37.115Z,1664,4686,17307,2536,6660,21723,4540,6294,24227,3682,6407,24896,Day_1,Fair,Intermediate,3.75mm,Experiment_2
2025-10-23T01:38:37.155Z,1669,4692,17312,2539,6664,21717,4555,6296,24221,3681,6392,24837,Day_1,Fair,Intermediate,3.75mm,Experiment_2
2025-10-23T01:38:37.195Z,1670,4697,17317,2538,6665,21690,4546,6285,24170,3661,6347,24659,Day_1,Fair,Intermediate,3.75mm,Experiment_2
2025-10-23T01:38:37.235Z,1666,4698,17320,2533,6663,21646,4526,6259,24082,3622,6278,24385,Day_1,Fair,Intermediate,3.75mm,Experiment_2
2025-10-23T01:38:37.275Z,1658,4691,17313,2527,6656,21612,4521,6234,24006,3587,6228,24198,Day_1,Fair,Intermediate,3.75mm,Experiment_2
2025-10-23T01:38:37.315Z,1654,4677,17294,2526,6647,21616,4533,6226,23983,3587,6233,24247,Day_1,Fair,Intermediate,3.75mm,Experiment_2
2025-10-23T01:38:37.355Z,1657,4668,17281,2532,6644,21650,4542,6231,24006,3620,6277,24448,Day_1,Fair,Intermediate,3.75mm,Experiment_2
2025-10-23T01:38:37.395Z,1665,4675,17283,2539,6655,21687,4547,6244,24042,3653,6325,24631,Day_1,Fair,Intermediate,3.75mm,Experiment_2
2025-10-23T01:38:37.435Z,1672,4691,17290,2544,6675,21707,4553,6261,24067,3669,6357,24722,Day_1,Fair,Intermediate,3.75mm,Experiment_2
2025-10-23T01:38:37.475Z,1673,4704,17291,2546,6688,21707,4553,6279,24078,3672,6368,24738,Day_1,Fair,Intermediate,3.75mm,Experiment_2
2025-10-23T01:38:37.515Z,1670,4705,17288,2544,6687,21703,4541,6300,24097,3669,6375,24748,Day_1,Fair,Intermediate,3.75mm,Experiment_2
2025-10-23T01:38:37.555Z,1665,4698,17288,2539,6676,21705,4527,6320,24144,3667,6389,24803,Day_1,Fair,Intermediate,3.75mm,Experiment_2
2025-10-23T01:38:37.595Z,1663,4691,17290,2536,6665,21709,4524,6323,24203,3669,6403,24875,Day_1,Fair,Intermediate,3.75mm,Experiment_2
2025-10-23T01:38:37.635Z,1665,4687,17289,2538,6659,21708,4535,6313,24248,3679,6407,24919,Day_1,Fair,Intermediate,3.75mm,Experiment_2
2025-10-23T01:38:37.675Z,1665,4686,17286,2537,6660,21703,4544,6307,24266,3689,6400,24924,Day_1,Fair,Intermediate,3.75mm,Experiment_2
2025-10-23T01:38:37.715Z,1664,4691,17284,2534,6666,21697,4537,6305,24240,3687,6381,24874,Day_1,Fair,Intermediate,3.75mm,Experiment_2
2025-10-23T01:38:37.755Z,1667,4695,17286,2534,6668,21678,4520,6292,24160,3668,6343,24724,Day_1,Fair,Intermediate,3.75mm,Experiment_2
2025-10-23T01:38:37.795Z,1670,4690,17288,2535,6659,21641,4499,6265,24049,3639,6283,24473,Day_1,Fair,Intermediate,3.75mm,Experiment_2
2025-10-23T01:38:37.835Z,1665,4681,17287,2532,6647,21607,4479,6239,23961,3615,6231,24261,Day_1,Fair,Intermediate,3.75mm,Experiment_2
2025-10-23T01:38:37.875Z,1661,4678,17282,2529,6645,21603,4471,6229,23938,3612,6223,24237,Day_1,Fair,Intermediate,3.75mm,Experiment_2
2025-10-23T01:38:37.915Z,1662,4683,17274,2533,6654,21625,4483,6240,23972,3630,6257,24378,Day_1,Fair,Intermediate,3.75mm,Experiment_2
2025-10-23T01:38:37.955Z,1663,4688,17263,2539,6664,21651,4503,6259,24024,3652,6308,24559,Day_1,Fair,Intermediate,3.75mm,Experiment_2
2025-10-23T01:38:37.995Z,1659,4688,17259,2537,6669,21671,4520,6270,24062,3665,6342,24678,Day_1,Fair,Intermediate,3.75mm,Experiment_2
2025-10-23T01:38:38.036Z,1657,4681,17265,2533,6666,21683,4534,6265,24074,3672,6349,24707,Day_1,Fair,Intermediate,3.75mm,Experiment_2
2025-10-23T01:38:38.076Z,1658,4672,17271,2534,6657,21688,4545,6253,24075,3677,6344,24703,Day_1,Fair,Intermediate,3.75mm,Experiment_2
2025-10-23T01:38:38.116Z,1661,4665,17272,2537,6647,21691,4546,6253,24098,3680,6351,24735,Day_1,Fair,Intermediate,3.75mm,Experiment_2
2025-10-23T01:38:38.156Z,1659,4657,17274,2535,6634,21695,4544,6266,24148,3680,6371,24804,Day_1,Fair,Intermediate,3.75mm,Experiment_2
2025-10-23T01:38:38.196Z,1654,4649,17281,2529,6624,21703,4543,6278,24195,3682,6388,24865,Day_1,Fair,Intermediate,3.75mm,Experiment_2
2025-10-23T01:38:38.236Z,1650,4654,17294,2524,6630,21713,4542,6287,24217,3684,6396,24893,Day_1,Fair,Intermediate,3.75mm,Experiment_2
2025-10-23T01:38:38.276Z,1649,4669,17306,2521,6647,21714,4540,6299,24210,3684,6393,24874,Day_1,Fair,Intermediate,3.75mm,Experiment_2
2025-10-23T01:38:38.316Z,1652,4686,17307,2521,6660,21693,4538,6305,24170,3679,6366,24774,Day_1,Fair,Intermediate,3.75mm,Experiment_2
2025-10-23T01:38:38.356Z,1656,4696,17301,2523,6667,21652,4539,6287,24095,3666,6307,24570,Day_1,Fair,Intermediate,3.75mm,Experiment_2
2025-10-23T01:38:38.396Z,1658,4697,17294,2526,6668,21617,4540,6257,24015,3650,6244,24354,Day_1,Fair,Intermediate,3.75mm,Experiment_2
2025-10-23T01:38:38.436Z,1656,4692,17285,2528,6668,21610,4544,6247,23979,3643,6228,24285,Day_1,Fair,Intermediate,3.75mm,Experiment_2
2025-10-23T01:38:38.476Z,1655,4686,17271,2531,6664,21627,4550,6261,24003,3649,6265,24392,Day_1,Fair,Intermediate,3.75mm,Experiment_2
2025-10-23T01:38:38.516Z,1659,4681,17261,2537,6655,21653,4550,6280,24051,3658,6319,24560,Day_1,Fair,Intermediate,3.75mm,Experiment_2
2025-10-23T01:38:38.556Z,1666,4673,17260,2544,6648,21676,4539,6290,24085,3661,6356,24681,Day_1,Fair,Intermediate,3.75mm,Experiment_2
2025-10-23T01:38:38.596Z,1672,4668,17267,2548,6646,21690,4522,6292,24091,3658,6369,24721,Day_1,Fair,Intermediate,3.75mm,Experiment_2
2025-10-23T01:38:38.636Z,1673,4667,17279,2547,6648,21696,4516,6290,24087,3659,6369,24716,Day_1,Fair,Intermediate,3.75mm,Experiment_2
2025-10-23T01:38:38.676Z,1670,4670,17290,2541,6652,21700,4527,6295,24108,3669,6374,24736,Day_1,Fair,Intermediate,3.75mm,Experiment_2
2025-10-23T01:38:38.716Z,1666,4679,17296,2534,6659,21705,4540,6309,24163,3677,6389,24801,Day_1,Fair,Intermediate,3.75mm,Experiment_2
2025-10-23T01:38:38.756Z,1665,4689,17294,2531,6666,21707,4544,6323,24214,3678,6405,24869,Day_1,Fair,Intermediate,3.75mm,Experiment_2
2025-10-23T01:38:38.796Z,1669,4696,17291,2535,6672,21705,4552,6327,24235,3677,6411,24901,Day_1,Fair,Intermediate,3.75mm,Experiment_2
2025-10-23T01:38:38.836Z,1676,4699,17289,2542,6674,21702,4574,6326,24229,3686,6407,24894,Day_1,Fair,Intermediate,3.75mm,Experiment_2
2025-10-23T01:38:38.876Z,1681,4695,17291,2548,6669,21694,4594,6322,24199,3695,6388,24815,Day_1,Fair,Intermediate,3.75mm,Experiment_2
2025-10-23T01:38:38.916Z,1684,4687,17296,2549,6657,21669,4587,6307,24130,3687,6343,24610,Day_1,Fair,Intermediate,3.75mm,Experiment_2
2025-10-23T01:38:38.956Z,1687,4682,17303,2552,6647,21628,4552,6281,24034,3658,6275,24330,Day_1,Fair,Intermediate,3.75mm,Experiment_2
2025-10-23T01:38:38.996Z,1693,4676,17305,2557,6643,21602,4516,6261,23956,3631,6231,24171,Day_1,Fair,Intermediate,3.75mm,Experiment_2
2025-10-23T01:38:39.036Z,1691,4666,17293,2559,6638,21615,4503,6255,23935,3629,6246,24250,Day_1,Fair,Intermediate,3.75mm,Experiment_2
2025-10-23T01:38:39.076Z,1679,4652,17276,2554,6632,21648,4510,6259,23969,3649,6299,24459,Day_1,Fair,Intermediate,3.75mm,Experiment_2
2025-10-23T01:38:39.116Z,1665,4644,17269,2547,6626,21676,4519,6264,24032,3668,6346,24640,Day_1,Fair,Intermediate,3.75mm,Experiment_2
2025-10-23T01:38:39.156Z,1658,4649,17273,2542,6630,21693,4524,6262,24084,3677,6366,24728,Day_1,Fair,Intermediate,3.75mm,Experiment_2
2025-10-23T01:38:39.196Z,1653,4662,17279,2536,6645,21698,4530,6260,24105,3681,6369,24747,Day_1,Fair,Intermediate,3.75mm,Experiment_2
2025-10-23T01:38:39.236Z,1649,4673,17281,2531,6657,21697,4546,6269,24122,3686,6373,24769,Day_1,Fair,Intermediate,3.75mm,Experiment_2
2025-10-23T01:38:39.276Z,1648,4674,17283,2527,6658,21698,4568,6280,24165,3692,6383,24832,Day_1,Fair,Intermediate,3.75mm,Experiment_2
2025-10-23T01:38:39.316Z,1651,4673,17286,2527,6655,21701,4581,6282,24210,3697,6390,24892,Day_1,Fair,Intermediate,3.75mm,Experiment_2
2025-10-23T01:38:39.356Z,1656,4675,17291,2529,6656,21705,4581,6281,24229,3700,6392,24914,Day_1,Fair,Intermediate,3.75mm,Experiment_2
2025-10-23T01:38:39.396Z,1659,4677,17297,2529,6658,21710,4568,6289,24225,3697,6395,24904,Day_1,Fair,Intermediate,3.75mm,Experiment_2
2025-10-23T01:38:39.436Z,1656,4680,17300,2524,6656,21704,4538,6297,24205,3680,6390,24846,Day_1,Fair,Intermediate,3.75mm,Experiment_2
2025-10-23T01:38:39.476Z,1652,4680,17299,2520,6649,21679,4503,6286,24150,3650,6354,24684,Day_1,Fair,Intermediate,3.75mm,Experiment_2
2025-10-23T01:38:39.516Z,1653,4676,17296,2520,6639,21633,4481,6257,24058,3619,6284,24420,Day_1,Fair,Intermediate,3.75mm,Experiment_2
2025-10-23T01:38:39.556Z,1655,4672,17282,2522,6636,21588,4480,6235,23970,3604,6225,24207,Day_1,Fair,Intermediate,3.75mm,Experiment_2
2025-10-23T01:38:39.596Z,1658,4671,17261,2530,6642,21577,4500,6245,23936,3616,6227,24206,Day_1,Fair,Intermediate,3.75mm,Experiment_2
2025-10-23T01:38:39.636Z,1664,4673,17244,2541,6653,21603,4527,6280,23957,3643,6284,24376,Day_1,Fair,Intermediate,3.75mm,Experiment_2
2025-10-23T01:38:39.676Z,1668,4681,17242,2548,6667,21640,4543,6313,24007,3666,6346,24568,Day_1,Fair,Intermediate,3.75mm,Experiment_2
2025-10-23T01:38:39.716Z,1668,4693,17252,2548,6680,21668,4541,6316,24057,3674,6374,24683,Day_1,Fair,Intermediate,3.75mm,Experiment_2
2025-10-23T01:38:39.756Z,1670,4697,17267,2549,6684,21683,4530,6295,24087,3672,6368,24711,Day_1,Fair,Intermediate,3.75mm,Experiment_2
2025-10-23T01:38:39.796Z,1678,4693,17282,2557,6680,21695,4526,6278,24106,3670,6359,24717,Day_1,Fair,Intermediate,3.75mm,Experiment_2
2025-10-23T01:38:39.836Z,1684,4689,17290,2564,6674,21706,4535,6279,24137,3677,6366,24761,Day_1,Fair,Intermediate,3.75mm,Experiment_2
2025-10-23T01:38:39.876Z,1680,4682,17288,2560,6665,21709,4551,6287,24184,3690,6383,24831,Day_1,Fair,Intermediate,3.75mm,Experiment_2
2025-10-23T01:38:39.916Z,1670,4670,17281,2550,6650,21705,4574,6293,24227,3702,6397,24882,Day_1,Fair,Intermediate,3.75mm,Experiment_2
2025-10-23T01:38:39.956Z,1667,4664,17274,2545,6640,21698,4596,6297,24246,3704,6403,24895,Day_1,Fair,Intermediate,3.75mm,Experiment_2
2025-10-23T01:38:39.996Z,1670,4670,17271,2547,6641,21692,4601,6298,24241,3693,6398,24865,Day_1,Fair,Intermediate,3.75mm,Experiment_2
2025-10-23T01:38:40.036Z,1669,4676,17273,2545,6646,21677,4582,6293,24208,3673,6371,24754,Day_1,Fair,Intermediate,3.75mm,Experiment_2
2025-10-23T01:38:40.076Z,1661,4673,17279,2535,6646,21649,4544,6276,24140,3647,6316,24542,Day_1,Fair,Intermediate,3.75mm,Experiment_2
2025-10-23T01:38:40.116Z,1656,4666,17283,2526,6641,21617,4508,6252,24060,3626,6258,24336,Day_1,Fair,Intermediate,3.75mm,Experiment_2
2025-10-23T01:38:40.156Z,1660,4662,17279,2527,6640,21607,4495,6242,24020,3625,6241,24291,Day_1,Fair,Intermediate,3.75mm,Experiment_2
2025-10-23T01:38:40.196Z,1668,4662,17269,2535,6643,21622,4499,6255,24030,3639,6271,24407,Day_1,Fair,Intermediate,3.75mm,Experiment_2
2025-10-23T01:38:40.236Z,1672,4660,17258,2542,6644,21646,4512,6275,24064,3654,6317,24573,Day_1,Fair,Intermediate,3.75mm,Experiment_2
2025-10-23T01:38:40.276Z,1675,4660,17250,2547,6645,21663,4530,6280,24091,3665,6348,24690,Day_1,Fair,Intermediate,3.75mm,Experiment_2
2025-10-23T01:38:40.316Z,1682,4667,17248,2556,6648,21670,4551,6269,24099,3674,6350,24725,Day_1,Fair,Intermediate,3.75mm,Experiment_2
2025-10-23T01:38:40.356Z,1689,4679,17253,2563,6654,21672,4569,6254,24102,3681,6341,24718,Day_1,Fair,Intermediate,3.75mm,Experiment_2
2025-10-23T01:38:40.396Z,1685,4691,17260,2559,6664,21676,4576,6248,24125,3685,6344,24742,Day_1,Fair,Intermediate,3.75mm,Experiment_2
2025-10-23T01:38:40.436Z,1679,4700,17267,2550,6674,21681,4575,6257,24164,3686,6363,24810,Day_1,Fair,Intermediate,3.75mm,Experiment_2
2025-10-23T01:38:40.476Z,1684,4699,17271,2550,6677,21687,4563,6278,24195,3681,6385,24873,Day_1,Fair,Intermediate,3.75mm,Experiment_2
2025-10-23T01:38:40.516Z,1693,4685,17276,2558,6665,21693,4539,6305,24207,3670,6401,24897,Day_1,Fair,Intermediate,3.75mm,Experiment_2
2025-10-23T01:38:40.556Z,1700,4670,17282,2568,6650,21697,4515,6324,24200,3660,6404,24880,Day_1,Fair,Intermediate,3.75mm,Experiment_2
2025-10-23T01:38:40.596Z,1697,4667,17288,2569,6647,21689,4507,6320,24167,3654,6381,24792,Day_1,Fair,Intermediate,3.75mm,Experiment_2
2025-10-23T01:38:40.636Z,1687,4672,17289,2559,6649,21659,4507,6288,24093,3645,6321,24585,Day_1,Fair,Intermediate,3.75mm,Experiment_2
2025-10-23T01:38:40.676Z,1681,4677,17285,2553,6650,21616,4504,6247,23991,3630,6246,24317,Day_1,Fair,Intermediate,3.75mm,Experiment_2
2025-10-23T01:38:40.716Z,1679,4685,17273,2553,6653,21592,4506,6234,23921,3626,6212,24181,Day_1,Fair,Intermediate,3.75mm,Experiment_2
2025-10-23T01:38:40.756Z,1668,4694,17260,2547,6662,21607,4523,6250,23923,3643,6244,24281,Day_1,Fair,Intermediate,3.75mm,Experiment_2
2025-10-23T01:38:40.796Z,1653,4698,17257,2535,6667,21645,4540,6267,23981,3665,6298,24495,Day_1,Fair,Intermediate,3.75mm,Experiment_2
2025-10-23T01:38:40.836Z,1652,4693,17265,2532,6665,21681,4541,6267,24052,3675,6336,24668,Day_1,Fair,Intermediate,3.75mm,Experiment_2
2025-10-23T01:38:40.876Z,1666,4689,17273,2541,6663,21697,4535,6260,24101,3674,6350,24745,Day_1,Fair,Intermediate,3.75mm,Experiment_2
2025-10-23T01:38:40.916Z,1684,4686,17279,2556,6664,21697,4538,6254,24118,3672,6352,24761,Day_1,Fair,Intermediate,3.75mm,Experiment_2
2025-10-23T01:38:40.956Z,1696,4681,17281,2566,6661,21692,4551,6255,24128,3678,6358,24782,Day_1,Fair,Intermediate,3.75mm,Experiment_2
2025-10-23T01:38:40.996Z,1696,4673,17280,2566,6651,21688,4562,6273,24148,3685,6380,24836,Day_1,Fair,Intermediate,3.75mm,Experiment_2
2025-10-23T01:38:41.036Z,1692,4667,17281,2561,6643,21689,4558,6300,24170,3687,6404,24883,Day_1,Fair,Intermediate,3.75mm,Experiment_2
2025-10-23T01:38:41.076Z,1692,4666,17288,2561,6644,21697,4548,6311,24186,3684,6413,24900,Day_1,Fair,Intermediate,3.75mm,Experiment_2
2025-10-23T01:38:41.116Z,1696,4668,17296,2566,6648,21707,4547,6305,24205,3685,6408,24897,Day_1,Fair,Intermediate,3.75mm,Experiment_2
2025-10-23T01:38:41.156Z,1697,4668,17303,2567,6647,21708,4550,6298,24218,3684,6389,24848,Day_1,Fair,Intermediate,3.75mm,Experiment_2
2025-10-23T01:38:41.196Z,1693,4675,17304,2562,6649,21683,4543,6292,24187,3669,6348,24688,Day_1,Fair,Intermediate,3.75mm,Experiment_2
2025-10-23T01:38:41.236Z,1683,4686,17301,2552,6656,21635,4525,6280,24102,3644,6286,24421,Day_1,Fair,Intermediate,3.75mm,Experiment_2
2025-10-23T01:38:41.276Z,1672,4691,17294,2543,6660,21599,4509,6267,24015,3627,6240,24214,Day_1,Fair,Intermediate,3.75mm,Experiment_2
2025-10-23T01:38:41.316Z,1665,4685,17285,2540,6659,21604,4500,6265,23983,3623,6248,24232,Day_1,Fair,Intermediate,3.75mm,Experiment_2
2025-10-23T01:38:41.356Z,1665,4677,17280,2542,6659,21640,4503,6272,24012,3633,6293,24420,Day_1,Fair,Intermediate,3.75mm,Experiment_2
2025-10-23T01:38:41.396Z,1668,4672,17278,2544,6658,21676,4512,6286,24069,3648,6343,24617,Day_1,Fair,Intermediate,3.75mm,Experiment_2
2025-10-23T01:38:41.436Z,1672,4668,17278,2548,6654,21693,4517,6304,24112,3658,6375,24725,Day_1,Fair,Intermediate,3.75mm,Experiment_2
2025-10-23T01:38:41.476Z,1668,4665,17279,2551,6650,21696,4516,6307,24120,3665,6380,24740,Day_1,Fair,Intermediate,3.75mm,Experiment_2
2025-10-23T01:38:41.516Z,1647,4662,17281,2548,6649,21694,4514,6281,24114,3669,6362,24734,Day_1,Fair,Intermediate,3.75mm,Experiment_2
2025-10-23T01:38:41.556Z,1618,4662,17283,2541,6650,21694,4514,6245,24130,3671,6346,24775,Day_1,Fair,Intermediate,3.75mm,Experiment_2
2025-10-23T01:38:41.596Z,1583,4668,17288,2538,6653,21699,4522,6231,24175,3671,6352,24847,Day_1,Fair,Intermediate,3.75mm,Experiment_2
2025-10-23T01:38:41.636Z,1527,4678,17295,2536,6658,21708,4545,6246,24224,3677,6372,24900,Day_1,Fair,Intermediate,3.75mm,Experiment_2
2025-10-23T01:38:41.676Z,1496,4686,17302,2537,6663,21716,4568,6276,24249,3685,6388,24912,Day_1,Fair,Intermediate,3.75mm,Experiment_2
2025-10-23T01:38:41.716Z,1536,4688,17309,2543,6664,21715,4573,6299,24234,3683,6388,24868,Day_1,Fair,Intermediate,3.75mm,Experiment_2
2025-10-23T01:38:41.756Z,1595,4683,17312,2548,6659,21696,4559,6292,24176,3668,6357,24732,Day_1,Fair,Intermediate,3.75mm,Experiment_2
2025-10-23T01:38:41.796Z,1628,4676,17303,2546,6649,21653,4533,6265,24088,3643,6296,24501,Day_1,Fair,Intermediate,3.75mm,Experiment_2
2025-10-23T01:38:41.836Z,1661,4671,17279,2542,6641,21603,4511,6245,24010,3622,6245,24297,Day_1,Fair,Intermediate,3.75mm,Experiment_2
2025-10-23T01:38:41.876Z,1709,4669,17259,2543,6639,21586,4511,6244,23987,3621,6241,24266,Day_1,Fair,Intermediate,3.75mm,Experiment_2
2025-10-23T01:38:41.916Z,1757,4667,17257,2551,6643,21609,4528,6252,24019,3634,6274,24396,Day_1,Fair,Intermediate,3.75mm,Experiment_2
2025-10-23T01:38:41.956Z,1813,4670,17266,2559,6651,21645,4544,6262,24064,3653,6315,24568,Day_1,Fair,Intermediate,3.75mm,Experiment_2
2025-10-23T01:38:41.996Z,1900,4676,17274,2562,6661,21674,4549,6268,24091,3667,6342,24685,Day_1,Fair,Intermediate,3.75mm,Experiment_2
2025-10-23T01:38:42.036Z,1947,4680,17278,2559,6667,21686,4540,6264,24098,3670,6348,24721,Day_1,Fair,Intermediate,3.75mm,Experiment_2
2025-10-23T01:38:42.076Z,1884,4680,17280,2548,6664,21688,4525,6259,24099,3663,6346,24718,Day_1,Fair,Intermediate,3.75mm,Experiment_2
2025-10-23T01:38:42.116Z,1790,4678,17284,2537,6660,21691,4519,6264,24108,3660,6356,24738,Day_1,Fair,Intermediate,3.75mm,Experiment_2
2025-10-23T01:38:42.156Z,1733,4680,17288,2532,6660,21697,4529,6282,24134,3670,6378,24795,Day_1,Fair,Intermediate,3.75mm,Experiment_2
2025-10-23T01:38:42.196Z,1671,4686,17286,2537,6665,21700,4544,6306,24176,3683,6399,24855,Day_1,Fair,Intermediate,3.75mm,Experiment_2
2025-10-23T01:38:42.236Z,1591,4693,17281,2546,6673,21698,4547,6323,24220,3687,6411,24891,Day_1,Fair,Intermediate,3.75mm,Experiment_2
2025-10-23T01:38:42.276Z,1564,4694,17281,2556,6676,21696,4534,6328,24241,3680,6408,24883,Day_1,Fair,Intermediate,3.75mm,Experiment_2
2025-10-23T01:38:42.316Z,1646,4691,17292,2560,6672,21692,4520,6317,24212,3668,6381,24784,Day_1,Fair,Intermediate,3.75mm,Experiment_2
2025-10-23T01:38:42.357Z,1787,4688,17302,2565,6664,21668,4509,6293,24127,3651,6323,24567,Day_1,Fair,Intermediate,3.75mm,Experiment_2
2025-10-23T01:38:42.397Z,1860,4685,17300,2566,6656,21630,4503,6265,24023,3634,6254,24321,Day_1,Fair,Intermediate,3.75mm,Experiment_2
2025-10-23T01:38:42.437Z,1801,4682,17283,2561,6651,21608,4507,6247,23964,3631,6224,24228,Day_1,Fair,Intermediate,3.75mm,Experiment_2
2025-10-23T01:38:42.477Z,1692,4679,17262,2558,6651,21618,4517,6246,23982,3645,6250,24347,Day_1,Fair,Intermediate,3.75mm,Experiment_2
2025-10-23T01:38:42.517Z,1637,4672,17244,2562,6647,21637,4529,6254,24046,3663,6304,24553,Day_1,Fair,Intermediate,3.75mm,Experiment_2
2025-10-23T01:38:42.557Z,1657,4663,17238,2566,6640,21647,4540,6267,24107,3677,6349,24709,Day_1,Fair,Intermediate,3.75mm,Experiment_2
2025-10-23T01:38:42.597Z,1706,4660,17243,2567,6638,21654,4548,6281,24132,3681,6375,24768,Day_1,Fair,Intermediate,3.75mm,Experiment_2
2025-10-23T01:38:42.637Z,1733,4665,17256,2564,6643,21662,4545,6293,24127,3678,6383,24762,Day_1,Fair,Intermediate,3.75mm,Experiment_2
2025-10-23T01:38:42.677Z,1723,4671,17268,2558,6647,21675,4535,6303,24126,3676,6389,24763,Day_1,Fair,Intermediate,3.75mm,Experiment_2
2025-10-23T01:38:42.717Z,1703,4676,17274,2552,6650,21688,4528,6311,24153,3679,6397,24812,Day_1,Fair,Intermediate,3.75mm,Experiment_2
2025-10-23T01:38:42.757Z,1693,4682,17278,2548,6654,21696,4528,6308,24189,3682,6397,24869,Day_1,Fair,Intermediate,3.75mm,Experiment_2
2025-10-23T01:38:42.797Z,1688,4688,17282,2541,6657,21699,4534,6301,24205,3681,6391,24894,Day_1,Fair,Intermediate,3.75mm,Experiment_2
2025-10-23T01:38:42.837Z,1692,4689,17290,2536,6655,21702,4546,6301,24205,3680,6385,24882,Day_1,Fair,Intermediate,3.75mm,Experiment_2
2025-10-23T01:38:42.877Z,1694,4684,17300,2534,6652,21699,4560,6291,24187,3677,6369,24811,Day_1,Fair,Intermediate,3.75mm,Experiment_2
2025-10-23T01:38:42.917Z,1686,4679,17308,2531,6649,21676,4563,6261,24128,3665,6320,24628,Day_1,Fair,Intermediate,3.75mm,Experiment_2
2025-10-23T01:38:42.957Z,1672,4676,17306,2525,6645,21631,4545,6233,24030,3639,6250,24357,Day_1,Fair,Intermediate,3.75mm,Experiment_2
2025-10-23T01:38:42.997Z,1658,4679,17291,2518,6647,21595,4512,6223,23952,3616,6206,24179,Day_1,Fair,Intermediate,3.75mm,Experiment_2
2025-10-23T01:38:43.037Z,1654,4685,17272,2521,6658,21602,4492,6226,23938,3615,6224,24235,Day_1,Fair,Intermediate,3.75mm,Experiment_2
2025-10-23T01:38:43.077Z,1661,4690,17262,2531,6668,21638,4498,6238,23974,3635,6280,24438,Day_1,Fair,Intermediate,3.75mm,Experiment_2
2025-10-23T01:38:43.117Z,1670,4691,17261,2539,6671,21668,4510,6265,24032,3653,6334,24626,Day_1,Fair,Intermediate,3.75mm,Experiment_2
2025-10-23T01:38:43.157Z,1673,4689,17262,2542,6669,21678,4514,6297,24084,3660,6367,24726,Day_1,Fair,Intermediate,3.75mm,Experiment_2
2025-10-23T01:38:43.197Z,1671,4684,17264,2542,6663,21678,4523,6313,24116,3663,6378,24750,Day_1,Fair,Intermediate,3.75mm,Experiment_2
2025-10-23T01:38:43.237Z,1669,4678,17267,2541,6660,21677,4546,6313,24139,3674,6381,24765,Day_1,Fair,Intermediate,3.75mm,Experiment_2
2025-10-23T01:38:43.277Z,1669,4676,17269,2542,6662,21680,4563,6311,24172,3684,6392,24820,Day_1,Fair,Intermediate,3.75mm,Experiment_2
2025-10-23T01:38:43.317Z,1672,4676,17271,2545,6664,21687,4561,6311,24208,3683,6405,24887,Day_1,Fair,Intermediate,3.75mm,Experiment_2
2025-10-23T01:38:43.357Z,1679,4670,17275,2550,6656,21694,4551,6303,24235,3679,6410,24923,Day_1,Fair,Intermediate,3.75mm,Experiment_2
2025-10-23T01:38:43.397Z,1691,4657,17272,2557,6641,21699,4542,6287,24245,3679,6401,24920,Day_1,Fair,Intermediate,3.75mm,Experiment_2
2025-10-23T01:38:43.437Z,1699,4651,17259,2561,6631,21696,4533,6276,24221,3676,6381,24865,Day_1,Fair,Intermediate,3.75mm,Experiment_2
2025-10-23T01:38:43.477Z,1698,4659,17243,2558,6637,21677,4522,6269,24146,3664,6346,24711,Day_1,Fair,Intermediate,3.75mm,Experiment_2
2025-10-23T01:38:43.517Z,1685,4674,17210,2547,6648,21638,4518,6262,24036,3645,6295,24458,Day_1,Fair,Intermediate,3.75mm,Experiment_2
2025-10-23T01:38:43.557Z,1669,4684,17136,2536,6653,21596,4518,6259,23950,3631,6251,24246,Day_1,Fair,Intermediate,3.75mm,Experiment_2
2025-10-23T01:38:43.597Z,1659,4686,17082,2529,6653,21584,4514,6259,23934,3629,6245,24225,Day_1,Fair,Intermediate,3.75mm,Experiment_2
2025-10-23T01:38:43.637Z,1655,4684,17120,2526,6655,21608,4507,6258,23974,3638,6273,24370,Day_1,Fair,Intermediate,3.75mm,Experiment_2
2025-10-23T01:38:43.677Z,1654,4680,17200,2527,6656,21646,4497,6258,24032,3648,6309,24552,Day_1,Fair,Intermediate,3.75mm,Experiment_2
2025-10-23T01:38:43.717Z,1657,4673,17249,2532,6653,21670,4483,6261,24081,3651,6338,24674,Day_1,Fair,Intermediate,3.75mm,Experiment_2
2025-10-23T01:38:43.757Z,1663,4667,17276,2539,6646,21676,4473,6262,24098,3645,6351,24707,Day_1,Fair,Intermediate,3.75mm,Experiment_2
2025-10-23T01:38:43.797Z,1672,4666,17312,2546,6643,21678,4473,6262,24097,3640,6356,24709,Day_1,Fair,Intermediate,3.75mm,Experiment_2
2025-10-23T01:38:43.837Z,1680,4673,17362,2552,6650,21689,4483,6269,24117,3642,6369,24748,Day_1,Fair,Intermediate,3.75mm,Experiment_2
2025-10-23T01:38:43.877Z,1684,4686,17439,2556,6664,21704,4500,6281,24159,3652,6388,24820,Day_1,Fair,Intermediate,3.75mm,Experiment_2
2025-10-23T01:38:43.917Z,1685,4693,17558,2557,6672,21714,4517,6290,24194,3664,6402,24874,Day_1,Fair,Intermediate,3.75mm,Experiment_2
2025-10-23T01:38:43.957Z,1684,4687,17623,2556,6666,21716,4527,6293,24211,3671,6405,24891,Day_1,Fair,Intermediate,3.75mm,Experiment_2
2025-10-23T01:38:43.997Z,1682,4673,17543,2555,6654,21713,4528,6290,24214,3670,6397,24865,Day_1,Fair,Intermediate,3.75mm,Experiment_2
2025-10-23T01:38:44.037Z,1679,4663,17412,2552,6647,21697,4517,6280,24190,3658,6370,24762,Day_1,Fair,Intermediate,3.75mm,Experiment_2
2025-10-23T01:38:44.077Z,1678,4666,17338,2546,6648,21663,4496,6258,24125,3635,6314,24556,Day_1,Fair,Intermediate,3.75mm,Experiment_2
2025-10-23T01:38:44.117Z,1682,4678,17305,2544,6654,21626,4487,6235,24038,3620,6254,24344,Day_1,Fair,Intermediate,3.75mm,Experiment_2
2025-10-23T01:38:44.157Z,1691,4682,17274,2551,6655,21616,4499,6234,23982,3625,6238,24281,Day_1,Fair,Intermediate,3.75mm,Experiment_2
2025-10-23T01:38:44.197Z,1696,4674,17219,2558,6646,21633,4512,6253,23991,3638,6271,24391,Day_1,Fair,Intermediate,3.75mm,Experiment_2
2025-10-23T01:38:44.237Z,1689,4665,17085,2553,6638,21657,4509,6274,24042,3644,6321,24562,Day_1,Fair,Intermediate,3.75mm,Experiment_2
2025-10-23T01:38:44.277Z,1676,4660,16860,2543,6636,21673,4502,6283,24090,3647,6355,24688,Day_1,Fair,Intermediate,3.75mm,Experiment_2
2025-10-23T01:38:44.317Z,1671,4657,16734,2540,6636,21678,4498,6279,24117,3648,6364,24733,Day_1,Fair,Intermediate,3.75mm,Experiment_2
2025-10-23T01:38:44.357Z,1672,4655,16871,2545,6634,21678,4490,6274,24130,3643,6362,24730,Day_1,Fair,Intermediate,3.75mm,Experiment_2
2025-10-23T01:38:44.397Z,1672,4659,17104,2549,6635,21680,4482,6277,24147,3638,6367,24744,Day_1,Fair,Intermediate,3.75mm,Experiment_2
2025-10-23T01:38:44.437Z,1671,4672,17238,2550,6646,21687,4491,6284,24175,3645,6380,24797,Day_1,Fair,Intermediate,3.75mm,Experiment_2
2025-10-23T01:38:44.477Z,1677,4690,17279,2552,6663,21696,4511,6284,24200,3662,6389,24850,Day_1,Fair,Intermediate,3.75mm,Experiment_2
2025-10-23T01:38:44.517Z,1687,4696,17286,2557,6667,21700,4520,6278,24219,3671,6389,24878,Day_1,Fair,Intermediate,3.75mm,Experiment_2
2025-10-23T01:38:44.557Z,1691,4684,17298,2556,6656,21697,4519,6267,24229,3668,6381,24877,Day_1,Fair,Intermediate,3.75mm,Experiment_2
2025-10-23T01:38:44.597Z,1681,4669,17348,2545,6642,21686,4518,6259,24209,3659,6360,24807,Day_1,Fair,Intermediate,3.75mm,Experiment_2
2025-10-23T01:38:44.637Z,1669,4669,17437,2532,6642,21658,4512,6257,24138,3642,6318,24609,Day_1,Fair,Intermediate,3.75mm,Experiment_2
2025-10-23T01:38:44.677Z,1664,4683,17488,2527,6657,21615,4503,6252,24037,3620,6263,24334,Day_1,Fair,Intermediate,3.75mm,Experiment_2
2025-10-23T01:38:44.717Z,1664,4700,17439,2532,6674,21586,4500,6241,23965,3612,6232,24180,Day_1,Fair,Intermediate,3.75mm,Experiment_2
2025-10-23T01:38:44.757Z,1667,4704,17353,2542,6682,21594,4498,6236,23958,3626,6252,24265,Day_1,Fair,Intermediate,3.75mm,Experiment_2
2025-10-23T01:38:44.797Z,1670,4695,17301,2548,6677,21626,4496,6240,23994,3646,6299,24477,Day_1,Fair,Intermediate,3.75mm,Experiment_2
2025-10-23T01:38:44.837Z,1671,4688,17277,2549,6670,21654,4504,6247,24038,3661,6337,24651,Day_1,Fair,Intermediate,3.75mm,Experiment_2
2025-10-23T01:38:44.877Z,1674,4688,17264,2548,6666,21670,4529,6250,24064,3673,6355,24728,Day_1,Fair,Intermediate,3.75mm,Experiment_2
2025-10-23T01:38:44.917Z,1675,4687,17259,2545,6662,21675,4552,6247,24075,3681,6359,24741,Day_1,Fair,Intermediate,3.75mm,Experiment_2
2025-10-23T01:38:44.957Z,1673,4681,17258,2542,6653,21675,4559,6251,24095,3685,6363,24763,Day_1,Fair,Intermediate,3.75mm,Experiment_2
2025-10-23T01:38:44.997Z,1672,4671,17257,2540,6643,21675,4559,6264,24137,3689,6373,24826,Day_1,Fair,Intermediate,3.75mm,Experiment_2
2025-10-23T01:38:45.037Z,1675,4670,17257,2540,6641,21676,4565,6281,24181,3694,6385,24885,Day_1,Fair,Intermediate,3.75mm,Experiment_2
2025-10-23T01:38:45.077Z,1676,4676,17260,2538,6648,21678,4573,6298,24210,3696,6394,24906,Day_1,Fair,Intermediate,3.75mm,Experiment_2
2025-10-23T01:38:45.117Z,1672,4682,17267,2538,6655,21681,4580,6306,24223,3696,6395,24896,Day_1,Fair,Intermediate,3.75mm,Experiment_2
2025-10-23T01:38:45.157Z,1672,4686,17278,2541,6659,21680,4581,6302,24207,3693,6383,24836,Day_1,Fair,Intermediate,3.75mm,Experiment_2
2025-10-23T01:38:45.197Z,1677,4686,17289,2547,6658,21665,4566,6286,24148,3679,6346,24673,Day_1,Fair,Intermediate,3.75mm,Experiment_2
2025-10-23T01:38:45.237Z,1685,4677,17294,2551,6646,21630,4539,6254,24062,3650,6279,24413,Day_1,Fair,Intermediate,3.75mm,Experiment_2
2025-10-23T01:38:45.277Z,1688,4660,17286,2551,6628,21594,4520,6220,23991,3625,6219,24210,Day_1,Fair,Intermediate,3.75mm,Experiment_2
2025-10-23T01:38:45.317Z,1681,4651,17270,2546,6622,21590,4519,6207,23960,3623,6214,24217,Day_1,Fair,Intermediate,3.75mm,Experiment_2
2025-10-23T01:38:45.357Z,1673,4659,17257,2543,6633,21617,4529,6219,23965,3643,6257,24383,Day_1,Fair,Intermediate,3.75mm,Experiment_2
2025-10-23T01:38:45.397Z,1674,4674,17251,2546,6650,21649,4546,6246,23993,3667,6314,24569,Day_1,Fair,Intermediate,3.75mm,Experiment_2
2025-10-23T01:38:45.437Z,1680,4685,17252,2551,6662,21669,4564,6268,24003,3685,6351,24679,Day_1,Fair,Intermediate,3.75mm,Experiment_2
2025-10-23T01:38:45.477Z,1689,4685,17259,2558,6663,21677,4576,6272,23947,3690,6360,24693,Day_1,Fair,Intermediate,3.75mm,Experiment_2
2025-10-23T01:38:45.517Z,1696,4677,17272,2562,6657,21684,4575,6270,23897,3688,6362,24682,Day_1,Fair,Intermediate,3.75mm,Experiment_2
2025-10-23T01:38:45.557Z,1700,4670,17286,2564,6652,21697,4568,6276,23934,3686,6372,24728,Day_1,Fair,Intermediate,3.75mm,Experiment_2
2025-10-23T01:38:45.597Z,1700,4673,17292,2561,6656,21707,4566,6284,24004,3686,6384,24808,Day_1,Fair,Intermediate,3.75mm,Experiment_2
2025-10-23T01:38:45.637Z,1694,4682,17287,2555,6664,21708,4566,6294,24062,3684,6392,24867,Day_1,Fair,Intermediate,3.75mm,Experiment_2
2025-10-23T01:38:45.677Z,1689,4686,17283,2551,6667,21706,4562,6310,24163,3680,6400,24895,Day_1,Fair,Intermediate,3.75mm,Experiment_2
2025-10-23T01:38:45.717Z,1689,4682,17288,2551,6663,21704,4555,6319,24302,3673,6399,24884,Day_1,Fair,Intermediate,3.75mm,Experiment_2
2025-10-23T01:38:45.757Z,1689,4673,17295,2550,6654,21688,4545,6304,24393,3661,6370,24782,Day_1,Fair,Intermediate,3.75mm,Experiment_2
2025-10-23T01:38:45.797Z,1681,4671,17295,2545,6647,21651,4531,6275,24461,3645,6310,24583,Day_1,Fair,Intermediate,3.75mm,Experiment_2
2025-10-23T01:38:45.837Z,1675,4675,17286,2541,6645,21612,4518,6256,24637,3632,6256,24423,Day_1,Fair,Intermediate,3.75mm,Experiment_2
2025-10-23T01:38:45.877Z,1676,4680,17274,2546,6649,21601,4511,6256,24787,3632,6248,24418,Day_1,Fair,Intermediate,3.75mm,Experiment_2
2025-10-23T01:38:45.917Z,1682,4681,17264,2556,6652,21618,4514,6269,24721,3645,6283,24519,Day_1,Fair,Intermediate,3.75mm,Experiment_2
2025-10-23T01:38:45.957Z,1687,4680,17257,2560,6654,21643,4527,6277,24617,3665,6325,24651,Day_1,Fair,Intermediate,3.75mm,Experiment_2
2025-10-23T01:38:45.997Z,1683,4681,17259,2555,6657,21663,4541,6263,24558,3680,6344,24748,Day_1,Fair,Intermediate,3.75mm,Experiment_2
2025-10-23T01:38:46.037Z,1673,4681,17272,2546,6659,21675,4546,6233,24374,3682,6335,24750,Day_1,Fair,Intermediate,3.75mm,Experiment_2
2025-10-23T01:38:46.077Z,1664,4682,17283,2540,6661,21678,4541,6216,24108,3675,6325,24702,Day_1,Fair,Intermediate,3.75mm,Experiment_2
2025-10-23T01:38:46.117Z,1662,4692,17285,2540,6669,21678,4530,6221,23929,3668,6335,24695,Day_1,Fair,Intermediate,3.75mm,Experiment_2
2025-10-23T01:38:46.157Z,1663,4704,17282,2540,6679,21683,4519,6243,23780,3666,6360,24733,Day_1,Fair,Intermediate,3.75mm,Experiment_2
2025-10-23T01:38:46.197Z,1667,4710,17280,2539,6684,21690,4518,6276,23509,3669,6387,24743,Day_1,Fair,Intermediate,3.75mm,Experiment_2
2025-10-23T01:38:46.237Z,1681,4706,17284,2539,6679,21699,4535,6307,23322,3681,6409,24734,Day_1,Fair,Intermediate,3.75mm,Experiment_2
2025-10-23T01:38:46.277Z,1717,4694,17298,2538,6667,21709,4565,6324,23456,3692,6417,24742,Day_1,Fair,Intermediate,3.75mm,Experiment_2
2025-10-23T01:38:46.317Z,1776,4680,17316,2537,6652,21709,4592,6315,23656,3690,6395,24692,Day_1,Fair,Intermediate,3.75mm,Experiment_2
2025-10-23T01:38:46.357Z,1811,4671,17320,2535,6642,21683,4607,6277,23710,3669,6335,24508,Day_1,Fair,Intermediate,3.75mm,Experiment_2
2025-10-23T01:38:46.397Z,1778,4665,17309,2538,6635,21639,4597,6221,23740,3643,6256,24282,Day_1,Fair,Intermediate,3.75mm,Experiment_2
2025-10-23T01:38:46.437Z,1720,4664,17288,2544,6633,21613,4567,6173,23803,3634,6207,24200,Day_1,Fair,Intermediate,3.75mm,Experiment_2
2025-10-23T01:38:46.477Z,1682,4669,17268,2545,6641,21623,4536,6154,23886,3641,6216,24324,Day_1,Fair,Intermediate,3.75mm,Experiment_2
2025-10-23T01:38:46.517Z,1663,4678,17259,2539,6652,21652,4515,6174,24034,3652,6267,24543,Day_1,Fair,Intermediate,3.75mm,Experiment_2
2025-10-23T01:38:46.557Z,1651,4686,17259,2533,6661,21675,4508,6210,24232,3661,6321,24724,Day_1,Fair,Intermediate,3.75mm,Experiment_2
2025-10-23T01:38:46.597Z,1630,4693,17261,2538,6671,21683,4516,6236,24353,3669,6353,24806,Day_1,Fair,Intermediate,3.75mm,Experiment_2
2025-10-23T01:38:46.637Z,1550,4699,17263,2552,6679,21681,4530,6249,24325,3673,6363,24809,Day_1,Fair,Intermediate,3.75mm,Experiment_2
2025-10-23T01:38:46.677Z,1395,4701,17266,2561,6679,21679,4541,6261,24256,3677,6371,24815,Day_1,Fair,Intermediate,3.75mm,Experiment_2
2025-10-23T01:38:46.717Z,1302,4695,17272,2560,6671,21684,4549,6277,24242,3683,6387,24868,Day_1,Fair,Intermediate,3.75mm,Experiment_2
2025-10-23T01:38:46.757Z,1397,4688,17283,2555,6663,21695,4556,6287,24254,3689,6401,24916,Day_1,Fair,Intermediate,3.75mm,Experiment_2
2025-10-23T01:38:46.797Z,1564,4687,17292,2554,6661,21704,4558,6288,24260,3690,6405,24926,Day_1,Fair,Intermediate,3.75mm,Experiment_2
2025-10-23T01:38:46.837Z,1658,4688,17296,2553,6663,21706,4556,6281,24263,3688,6399,24908,Day_1,Fair,Intermediate,3.75mm,Experiment_2
2025-10-23T01:38:46.877Z,1676,4688,17298,2546,6664,21697,4554,6267,24246,3681,6378,24842,Day_1,Fair,Intermediate,3.75mm,Experiment_2
2025-10-23T01:38:46.917Z,1666,4687,17302,2536,6662,21668,4541,6250,24179,3663,6333,24664,Day_1,Fair,Intermediate,3.75mm,Experiment_2
2025-10-23T01:38:46.957Z,1659,4685,17303,2532,6655,21622,4512,6236,24075,3631,6268,24387,Day_1,Fair,Intermediate,3.75mm,Experiment_2
2025-10-23T01:38:46.997Z,1662,4682,17292,2536,6648,21586,4489,6231,23986,3607,6223,24188,Day_1,Fair,Intermediate,3.75mm,Experiment_2
2025-10-23T01:38:47.037Z,1669,4683,17271,2541,6652,21588,4490,6234,23960,3612,6232,24225,Day_1,Fair,Intermediate,3.75mm,Experiment_2
2025-10-23T01:38:47.077Z,1671,4685,17252,2543,6662,21619,4497,6248,23997,3631,6284,24429,Day_1,Fair,Intermediate,3.75mm,Experiment_2
2025-10-23T01:38:47.117Z,1667,4682,17244,2541,6665,21647,4496,6268,24066,3646,6338,24629,Day_1,Fair,Intermediate,3.75mm,Experiment_2
2025-10-23T01:38:47.157Z,1660,4680,17247,2534,6663,21664,4496,6280,24122,3656,6364,24730,Day_1,Fair,Intermediate,3.75mm,Experiment_2
2025-10-23T01:38:47.197Z,1653,4681,17257,2526,6663,21674,4503,6277,24140,3664,6366,24746,Day_1,Fair,Intermediate,3.75mm,Experiment_2
2025-10-23T01:38:47.237Z,1649,4682,17264,2523,6666,21678,4511,6272,24138,3669,6367,24750,Day_1,Fair,Intermediate,3.75mm,Experiment_2
2025-10-23T01:38:47.277Z,1655,4680,17261,2530,6672,21676,4518,6276,24152,3675,6381,24795,Day_1,Fair,Intermediate,3.75mm,Experiment_2
2025-10-23T01:38:47.317Z,1667,4676,17256,2542,6672,21673,4527,6284,24184,3681,6396,24858,Day_1,Fair,Intermediate,3.75mm,Experiment_2
2025-10-23T01:38:47.357Z,1673,4669,17259,2547,6662,21674,4536,6288,24211,3682,6398,24897,Day_1,Fair,Intermediate,3.75mm,Experiment_2
2025-10-23T01:38:47.398Z,1671,4664,17269,2542,6653,21681,4537,6287,24220,3679,6390,24901,Day_1,Fair,Intermediate,3.75mm,Experiment_2
2025-10-23T01:38:47.438Z,1668,4662,17284,2538,6652,21689,4537,6286,24201,3676,6379,24854,Day_1,Fair,Intermediate,3.75mm,Experiment_2
2025-10-23T01:38:47.478Z,1669,4648,17299,2541,6656,21683,4541,6284,24149,3671,6351,24712,Day_1,Fair,Intermediate,3.75mm,Experiment_2
2025-10-23T01:38:47.518Z,1669,4611,17307,2544,6659,21654,4541,6275,24070,3660,6298,24474,Day_1,Fair,Intermediate,3.75mm,Experiment_2
2025-10-23T01:38:47.558Z,1666,4582,17300,2543,6661,21616,4529,6260,23997,3643,6249,24271,Day_1,Fair,Intermediate,3.75mm,Experiment_2
2025-10-23T01:38:47.598Z,1666,4597,17283,2541,6660,21604,4518,6247,23966,3636,6240,24249,Day_1,Fair,Intermediate,3.75mm,Experiment_2
2025-10-23T01:38:47.638Z,1670,4647,17270,2543,6657,21625,4525,6247,23988,3647,6273,24390,Day_1,Fair,Intermediate,3.75mm,Experiment_2
2025-10-23T01:38:47.678Z,1675,4706,17269,2547,6656,21660,4545,6262,24037,3664,6320,24572,Day_1,Fair,Intermediate,3.75mm,Experiment_2
2025-10-23T01:38:47.718Z,1676,4779,17273,2549,6664,21683,4553,6274,24082,3673,6351,24691,Day_1,Fair,Intermediate,3.75mm,Experiment_2
2025-10-23T01:38:47.757Z,1677,4894,17273,2551,6671,21686,4543,6276,24101,3672,6358,24719,Day_1,Fair,Intermediate,3.75mm,Experiment_2
2025-10-23T01:38:47.797Z,1682,5032,17274,2553,6667,21683,4530,6273,24100,3671,6359,24708,Day_1,Fair,Intermediate,3.75mm,Experiment_2
2025-10-23T01:38:47.837Z,1682,5146,17282,2550,6660,21690,4520,6276,24108,3672,6369,24730,Day_1,Fair,Intermediate,3.75mm,Experiment_2
2025-10-23T01:38:47.877Z,1675,5253,17297,2544,6664,21706,4509,6287,24141,3671,6386,24792,Day_1,Fair,Intermediate,3.75mm,Experiment_2
2025-10-23T01:38:47.917Z,1669,5276,17309,2541,6676,21719,4504,6301,24183,3670,6398,24853,Day_1,Fair,Intermediate,3.75mm,Experiment_2
2025-10-23T01:38:47.957Z,1667,5106,17310,2540,6685,21717,4510,6307,24208,3671,6398,24883,Day_1,Fair,Intermediate,3.75mm,Experiment_2
2025-10-23T01:38:47.997Z,1667,4873,17306,2540,6686,21704,4520,6299,24203,3670,6387,24864,Day_1,Fair,Intermediate,3.75mm,Experiment_2
2025-10-23T01:38:48.037Z,1670,4734,17310,2542,6679,21679,4522,6281,24162,3660,6360,24756,Day_1,Fair,Intermediate,3.75mm,Experiment_2
2025-10-23T01:38:48.077Z,1678,4671,17334,2549,6665,21641,4518,6252,24084,3639,6307,24538,Day_1,Fair,Intermediate,3.75mm,Experiment_2
2025-10-23T01:38:48.118Z,1686,4624,17378,2556,6650,21604,4515,6222,23992,3621,6251,24314,Day_1,Fair,Intermediate,3.75mm,Experiment_2
2025-10-23T01:38:48.158Z,1685,4595,17400,2555,6639,21597,4515,6214,23945,3620,6236,24249,Day_1,Fair,Intermediate,3.75mm,Experiment_2
2025-10-23T01:38:48.198Z,1677,4598,17364,2549,6633,21622,4524,6235,23980,3637,6271,24375,Day_1,Fair,Intermediate,3.75mm,Experiment_2
2025-10-23T01:38:48.238Z,1671,4620,17310,2547,6636,21655,4542,6271,24058,3661,6325,24564,Day_1,Fair,Intermediate,3.75mm,Experiment_2
2025-10-23T01:38:48.278Z,1673,4643,17283,2550,6648,21680,4560,6298,24112,3678,6365,24689,Day_1,Fair,Intermediate,3.75mm,Experiment_2
2025-10-23T01:38:48.318Z,1681,4667,17286,2556,6662,21696,4563,6301,24116,3681,6376,24719,Day_1,Fair,Intermediate,3.75mm,Experiment_2
2025-10-23T01:38:48.358Z,1690,4684,17305,2562,6669,21706,4558,6287,24097,3679,6368,24704,Day_1,Fair,Intermediate,3.75mm,Experiment_2
2025-10-23T01:38:48.398Z,1689,4687,17322,2560,6666,21712,4562,6276,24093,3684,6364,24717,Day_1,Fair,Intermediate,3.75mm,Experiment_2
2025-10-23T01:38:48.438Z,1675,4685,17321,2551,6660,21710,4578,6277,24118,3697,6373,24779,Day_1,Fair,Intermediate,3.75mm,Experiment_2
2025-10-23T01:38:48.478Z,1653,4686,17307,2543,6659,21704,4587,6284,24152,3705,6388,24845,Day_1,Fair,Intermediate,3.75mm,Experiment_2
2025-10-23T01:38:48.518Z,1636,4698,17296,2537,6664,21699,4585,6290,24185,3705,6398,24885,Day_1,Fair,Intermediate,3.75mm,Experiment_2
2025-10-23T01:38:48.558Z,1638,4727,17297,2533,6674,21700,4589,6296,24212,3705,6399,24891,Day_1,Fair,Intermediate,3.75mm,Experiment_2
2025-10-23T01:38:48.598Z,1651,4769,17306,2533,6680,21698,4593,6296,24208,3700,6384,24824,Day_1,Fair,Intermediate,3.75mm,Experiment_2
2025-10-23T01:38:48.638Z,1661,4790,17313,2533,6679,21676,4573,6284,24147,3678,6337,24625,Day_1,Fair,Intermediate,3.75mm,Experiment_2
2025-10-23T01:38:48.678Z,1662,4768,17309,2530,6674,21632,4531,6259,24057,3643,6267,24349,Day_1,Fair,Intermediate,3.75mm,Experiment_2
2025-10-23T01:38:48.718Z,1658,4728,17290,2527,6668,21592,4496,6233,23998,3616,6219,24193,Day_1,Fair,Intermediate,3.75mm,Experiment_2
2025-10-23T01:38:48.758Z,1659,4698,17267,2532,6660,21593,4491,6221,23993,3614,6231,24277,Day_1,Fair,Intermediate,3.75mm,Experiment_2
2025-10-23T01:38:48.798Z,1667,4681,17254,2544,6653,21625,4510,6228,24029,3632,6282,24490,Day_1,Fair,Intermediate,3.75mm,Experiment_2
2025-10-23T01:38:48.838Z,1678,4675,17251,2553,6651,21658,4529,6251,24078,3653,6333,24666,Day_1,Fair,Intermediate,3.75mm,Experiment_2
2025-10-23T01:38:48.878Z,1684,4678,17248,2556,6657,21669,4533,6276,24111,3665,6361,24741,Day_1,Fair,Intermediate,3.75mm,Experiment_2
2025-10-23T01:38:48.918Z,1682,4681,17246,2553,6661,21668,4523,6282,24127,3665,6365,24750,Day_1,Fair,Intermediate,3.75mm,Experiment_2
2025-10-23T01:38:48.958Z,1677,4677,17251,2547,6656,21670,4511,6272,24146,3662,6366,24770,Day_1,Fair,Intermediate,3.75mm,Experiment_2
2025-10-23T01:38:48.998Z,1672,4673,17262,2542,6651,21681,4518,6267,24181,3671,6380,24828,Day_1,Fair,Intermediate,3.75mm,Experiment_2
2025-10-23T01:38:49.038Z,1669,4678,17272,2540,6655,21693,4546,6271,24223,3690,6396,24881,Day_1,Fair,Intermediate,3.75mm,Experiment_2
2025-10-23T01:38:49.078Z,1668,4689,17279,2541,6665,21700,4564,6286,24253,3700,6407,24902,Day_1,Fair,Intermediate,3.75mm,Experiment_2
2025-10-23T01:38:49.118Z,1669,4698,17283,2542,6672,21700,4558,6313,24251,3694,6415,24894,Day_1,Fair,Intermediate,3.75mm,Experiment_2
2025-10-23T01:38:49.158Z,1667,4697,17283,2538,6671,21688,4536,6327,24206,3678,6406,24837,Day_1,Fair,Intermediate,3.75mm,Experiment_2
2025-10-23T01:38:49.198Z,1662,4690,17282,2534,6662,21658,4509,6311,24128,3656,6364,24679,Day_1,Fair,Intermediate,3.75mm,Experiment_2
2025-10-23T01:38:49.238Z,1660,4683,17282,2532,6654,21613,4483,6275,24045,3626,6293,24425,Day_1,Fair,Intermediate,3.75mm,Experiment_2
2025-10-23T01:38:49.278Z,1660,4683,17279,2534,6652,21577,4473,6238,23990,3598,6232,24224,Day_1,Fair,Intermediate,3.75mm,Experiment_2
2025-10-23T01:38:49.318Z,1663,4682,17271,2537,6651,21578,4479,6216,23990,3587,6221,24226,Day_1,Fair,Intermediate,3.75mm,Experiment_2
2025-10-23T01:38:49.358Z,1668,4673,17264,2542,6647,21613,4480,6227,24029,3602,6260,24392,Day_1,Fair,Intermediate,3.75mm,Experiment_2
2025-10-23T01:38:49.398Z,1676,4663,17267,2550,6643,21655,4430,6254,24074,3642,6315,24577,Day_1,Fair,Intermediate,3.75mm,Experiment_2
2025-10-23T01:38:49.438Z,1683,4661,17278,2556,6646,21683,4301,6263,24103,3679,6344,24686,Day_1,Fair,Intermediate,3.75mm,Experiment_2
2025-10-23T01:38:49.478Z,1683,4666,17289,2554,6651,21692,4182,6255,24112,3685,6344,24709,Day_1,Fair,Intermediate,3.75mm,Experiment_2
2025-10-23T01:38:49.518Z,1679,4673,17293,2548,6656,21689,4178,6258,24118,3668,6346,24714,Day_1,Fair,Intermediate,3.75mm,Experiment_2
2025-10-23T01:38:49.558Z,1678,4677,17292,2544,6659,21689,4271,6281,24141,3654,6366,24760,Day_1,Fair,Intermediate,3.75mm,Experiment_2
2025-10-23T01:38:49.598Z,1678,4675,17291,2543,6658,21697,4431,6305,24174,3655,6392,24829,Day_1,Fair,Intermediate,3.75mm,Experiment_2
2025-10-23T01:38:49.638Z,1674,4670,17292,2542,6653,21707,4717,6311,24200,3667,6407,24876,Day_1,Fair,Intermediate,3.75mm,Experiment_2
2025-10-23T01:38:49.678Z,1671,4669,17294,2543,6649,21712,5190,6294,24211,3682,6406,24886,Day_1,Fair,Intermediate,3.75mm,Experiment_2
2025-10-23T01:38:49.718Z,1675,4668,17294,2548,6644,21703,5660,6270,24205,3690,6390,24856,Day_1,Fair,Intermediate,3.75mm,Experiment_2
2025-10-23T01:38:49.758Z,1679,4669,17295,2551,6642,21679,5788,6249,24173,3694,6355,24745,Day_1,Fair,Intermediate,3.75mm,Experiment_2
2025-10-23T01:38:49.798Z,1676,4676,17302,2545,6645,21647,5588,6231,24104,3699,6298,24530,Day_1,Fair,Intermediate,3.75mm,Experiment_2
2025-10-23T01:38:49.838Z,1669,4683,17306,2537,6651,21624,5283,6222,24020,3693,6248,24318,Day_1,Fair,Intermediate,3.75mm,Experiment_2
2025-10-23T01:38:49.878Z,1666,4685,17301,2537,6654,21626,4924,6223,23983,3663,6237,24267,Day_1,Fair,Intermediate,3.75mm,Experiment_2
2025-10-23T01:38:49.918Z,1669,4682,17290,2543,6654,21649,4578,6232,24012,3630,6264,24384,Day_1,Fair,Intermediate,3.75mm,Experiment_2
2025-10-23T01:38:49.958Z,1670,4680,17280,2546,6655,21674,4327,6246,24072,3618,6305,24554,Day_1,Fair,Intermediate,3.75mm,Experiment_2
2025-10-23T01:38:49.998Z,1672,4679,17277,2544,6656,21693,4200,6257,24116,3621,6333,24679,Day_1,Fair,Intermediate,3.75mm,Experiment_2
2025-10-23T01:38:50.038Z,1672,4675,17280,2543,6652,21700,4207,6266,24125,3625,6343,24723,Day_1,Fair,Intermediate,3.75mm,Experiment_2
2025-10-23T01:38:50.078Z,1666,4669,17282,2539,6648,21697,4302,6280,24115,3632,6348,24721,Day_1,Fair,Intermediate,3.75mm,Experiment_2
2025-10-23T01:38:50.118Z,1660,4668,17283,2535,6650,21693,4426,6300,24125,3644,6366,24741,Day_1,Fair,Intermediate,3.75mm,Experiment_2
2025-10-23T01:38:50.158Z,1661,4674,17286,2534,6658,21694,4525,6319,24162,3650,6393,24804,Day_1,Fair,Intermediate,3.75mm,Experiment_2
2025-10-23T01:38:50.198Z,1668,4683,17288,2540,6665,21696,4565,6331,24163,3652,6414,24859,Day_1,Fair,Intermediate,3.75mm,Experiment_2
2025-10-23T01:38:50.238Z,1677,4689,17286,2551,6667,21698,4551,6333,24024,3660,6421,24855,Day_1,Fair,Intermediate,3.75mm,Experiment_2
2025-10-23T01:38:50.279Z,1684,4694,17287,2558,6667,21699,4512,6333,23743,3672,6416,24785,Day_1,Fair,Intermediate,3.75mm,Experiment_2
2025-10-23T01:38:50.319Z,1683,4696,17297,2555,6666,21694,4486,6330,23561,3676,6394,24667,Day_1,Fair,Intermediate,3.75mm,Experiment_2
2025-10-23T01:38:50.359Z,1673,4690,17306,2542,6661,21669,4496,6312,23657,3672,6340,24493,Day_1,Fair,Intermediate,3.75mm,Experiment_2
2025-10-23T01:38:50.399Z,1660,4680,17305,2528,6650,21626,4514,6274,23836,3667,6268,24285,Day_1,Fair,Intermediate,3.75mm,Experiment_2
2025-10-23T01:38:50.439Z,1651,4675,17291,2522,6645,21600,4489,6236,23917,3668,6228,24190,Day_1,Fair,Intermediate,3.75mm,Experiment_2
2025-10-23T01:38:50.479Z,1649,4681,17277,2526,6651,21615,4339,6219,23953,3674,6247,24304,Day_1,Fair,Intermediate,3.75mm,Experiment_2
2025-10-23T01:38:50.519Z,1654,4684,17270,2535,6657,21654,4037,6222,24008,3682,6295,24520,Day_1,Fair,Intermediate,3.75mm,Experiment_2
2025-10-23T01:38:50.559Z,1664,4680,17261,2543,6655,21689,3784,6235,24064,3684,6334,24686,Day_1,Fair,Intermediate,3.75mm,Experiment_2
2025-10-23T01:38:50.599Z,1673,4676,17220,2547,6654,21704,3787,6251,24092,3677,6353,24754,Day_1,Fair,Intermediate,3.75mm,Experiment_2
2025-10-23T01:38:50.638Z,1679,4677,17139,2548,6654,21700,3978,6269,24097,3668,6362,24761,Day_1,Fair,Intermediate,3.75mm,Experiment_2
2025-10-23T01:38:50.678Z,1678,4678,17087,2547,6653,21690,4209,6289,24118,3660,6374,24781,Day_1,Fair,Intermediate,3.75mm,Experiment_2
2025-10-23T01:38:50.718Z,1673,4677,17131,2545,6651,21686,4384,6304,24164,3655,6392,24837,Day_1,Fair,Intermediate,3.75mm,Experiment_2
2025-10-23T01:38:50.758Z,1669,4673,17214,2543,6648,21688,4470,6311,24207,3659,6407,24882,Day_1,Fair,Intermediate,3.75mm,Experiment_2
2025-10-23T01:38:50.798Z,1671,4666,17262,2544,6644,21689,4514,6312,24224,3670,6414,24892,Day_1,Fair,Intermediate,3.75mm,Experiment_2
2025-10-23T01:38:50.838Z,1673,4668,17280,2545,6647,21689,4550,6313,24216,3682,6415,24877,Day_1,Fair,Intermediate,3.75mm,Experiment_2
2025-10-23T01:38:50.878Z,1673,4682,17287,2545,6659,21683,4572,6310,24186,3685,6400,24814,Day_1,Fair,Intermediate,3.75mm,Experiment_2
2025-10-23T01:38:50.918Z,1670,4698,17296,2546,6669,21665,4561,6293,24130,3668,6356,24644,Day_1,Fair,Intermediate,3.75mm,Experiment_2
2025-10-23T01:38:50.958Z,1669,4706,17304,2546,6671,21633,4522,6265,24048,3635,6286,24376,Day_1,Fair,Intermediate,3.75mm,Experiment_2
2025-10-23T01:38:50.998Z,1670,4702,17303,2546,6667,21606,4490,6249,23977,3614,6233,24179,Day_1,Fair,Intermediate,3.75mm,Experiment_2
2025-10-23T01:38:51.038Z,1672,4692,17290,2547,6664,21610,4493,6256,23961,3625,6241,24212,Day_1,Fair,Intermediate,3.75mm,Experiment_2
2025-10-23T01:38:51.078Z,1671,4685,17276,2547,6667,21639,4513,6268,23994,3651,6287,24408,Day_1,Fair,Intermediate,3.75mm,Experiment_2
2025-10-23T01:38:51.118Z,1671,4685,17267,2548,6672,21664,4522,6258,24041,3664,6326,24600,Day_1,Fair,Intermediate,3.75mm,Experiment_2
2025-10-23T01:38:51.158Z,1679,4689,17264,2554,6676,21674,4520,6229,24074,3664,6335,24700,Day_1,Fair,Intermediate,3.75mm,Experiment_2
2025-10-23T01:38:51.198Z,1685,4695,17264,2558,6676,21673,4517,6204,24088,3661,6323,24718,Day_1,Fair,Intermediate,3.75mm,Experiment_2
2025-10-23T01:38:51.238Z,1682,4698,17264,2553,6675,21670,4511,6192,24114,3660,6315,24731,Day_1,Fair,Intermediate,3.75mm,Experiment_2
2025-10-23T01:38:51.278Z,1677,4697,17267,2546,6670,21674,4512,6193,24169,3665,6329,24791,Day_1,Fair,Intermediate,3.75mm,Experiment_2
2025-10-23T01:38:51.318Z,1680,4694,17276,2548,6665,21686,4533,6177,24226,3676,6357,24865,Day_1,Fair,Intermediate,3.75mm,Experiment_2
2025-10-23T01:38:51.359Z,1691,4692,17285,2554,6662,21698,4567,6110,24255,3691,6370,24904,Day_1,Fair,Intermediate,3.75mm,Experiment_2
2025-10-23T01:38:51.399Z,1698,4690,17289,2556,6661,21703,4595,6036,24258,3703,6369,24903,Day_1,Fair,Intermediate,3.75mm,Experiment_2
2025-10-23T01:38:51.439Z,1693,4685,17290,2550,6658,21699,4604,6046,24241,3706,6377,24857,Day_1,Fair,Intermediate,3.75mm,Experiment_2
2025-10-23T01:38:51.479Z,1683,4677,17298,2542,6649,21687,4585,6151,24182,3690,6399,24718,Day_1,Fair,Intermediate,3.75mm,Experiment_2
2025-10-23T01:38:51.519Z,1674,4670,17313,2536,6640,21661,4543,6309,24082,3656,6415,24478,Day_1,Fair,Intermediate,3.75mm,Experiment_2
2025-10-23T01:38:51.559Z,1665,4671,17317,2528,6638,21634,4506,6560,23991,3626,6420,24270,Day_1,Fair,Intermediate,3.75mm,Experiment_2
2025-10-23T01:38:51.599Z,1660,4680,17308,2525,6647,21626,4495,7020,23955,3622,6428,24240,Day_1,Fair,Intermediate,3.75mm,Experiment_2
2025-10-23T01:38:51.639Z,1661,4687,17298,2529,6658,21643,4504,7498,23978,3635,6439,24370,Day_1,Fair,Intermediate,3.75mm,Experiment_2
2025-10-23T01:38:51.679Z,1667,4690,17293,2539,6665,21670,4517,7570,24036,3653,6436,24547,Day_1,Fair,Intermediate,3.75mm,Experiment_2
2025-10-23T01:38:51.718Z,1674,4694,17291,2549,6672,21691,4523,7239,24089,3661,6430,24674,Day_1,Fair,Intermediate,3.75mm,Experiment_2
2025-10-23T01:38:51.758Z,1681,4695,17291,2556,6674,21697,4520,6852,24106,3658,6419,24710,Day_1,Fair,Intermediate,3.75mm,Experiment_2
2025-10-23T01:38:51.798Z,1681,4689,17290,2556,6669,21691,4522,6546,24100,3657,6388,24702,Day_1,Fair,Intermediate,3.75mm,Experiment_2
2025-10-23T01:38:51.838Z,1676,4678,17283,2553,6659,21682,4533,6333,24103,3665,6359,24724,Day_1,Fair,Intermediate,3.75mm,Experiment_2
2025-10-23T01:38:51.878Z,1676,4671,17278,2554,6651,21678,4542,6196,24128,3676,6360,24785,Day_1,Fair,Intermediate,3.75mm,Experiment_2
2025-10-23T01:38:51.918Z,1681,4672,17282,2558,6648,21682,4543,5989,24172,3681,6382,24850,Day_1,Fair,Intermediate,3.75mm,Experiment_2
2025-10-23T01:38:51.958Z,1683,4674,17291,2556,6646,21689,4536,5613,24214,3680,6398,24886,Day_1,Fair,Intermediate,3.75mm,Experiment_2
2025-10-23T01:38:51.998Z,1679,4668,17303,2551,6641,21695,4531,5267,24230,3674,6386,24875,Day_1,Fair,Intermediate,3.75mm,Experiment_2
2025-10-23T01:38:52.038Z,1676,4662,17308,2546,6635,21689,4529,5141,24208,3660,6328,24781,Day_1,Fair,Intermediate,3.75mm,Experiment_2
2025-10-23T01:38:52.078Z,1673,4664,17302,2543,6636,21657,4521,5137,24138,3634,6230,24569,Day_1,Fair,Intermediate,3.75mm,Experiment_2
2025-10-23T01:38:52.118Z,1667,4672,17288,2539,6643,21615,4505,5292,24030,3606,6150,24324,Day_1,Fair,Intermediate,3.75mm,Experiment_2
2025-10-23T01:38:52.158Z,1661,4678,17270,2536,6651,21595,4493,5681,23945,3596,6152,24226,Day_1,Fair,Intermediate,3.75mm,Experiment_2
2025-10-23T01:38:52.198Z,1657,4678,17259,2533,6658,21613,4500,6119,23936,3612,6222,24334,Day_1,Fair,Intermediate,3.75mm,Experiment_2
2025-10-23T01:38:52.238Z,1653,4678,17256,2532,6664,21646,4523,6449,23979,3643,6300,24524,Day_1,Fair,Intermediate,3.75mm,Experiment_2
2025-10-23T01:38:52.278Z,1654,4679,17257,2534,6668,21669,4545,6636,24035,3666,6357,24668,Day_1,Fair,Intermediate,3.75mm,Experiment_2
2025-10-23T01:38:52.318Z,1660,4681,17261,2540,6667,21679,4555,6672,24083,3674,6393,24730,Day_1,Fair,Intermediate,3.75mm,Experiment_2
2025-10-23T01:38:52.358Z,1660,4686,17272,2544,6665,21685,4558,6595,24106,3677,6404,24737,Day_1,Fair,Intermediate,3.75mm,Experiment_2
2025-10-23T01:38:52.398Z,1641,4704,17287,2546,6668,21694,4558,6450,24079,3679,6393,24741,Day_1,Fair,Intermediate,3.75mm,Experiment_2
2025-10-23T01:38:52.439Z,1607,4739,17297,2549,6675,21704,4555,6293,24010,3680,6384,24770,Day_1,Fair,Intermediate,3.75mm,Experiment_2
2025-10-23T01:38:52.479Z,1589,4771,17301,2551,6680,21711,4545,6175,23979,3676,6387,24813,Day_1,Fair,Intermediate,3.75mm,Experiment_2
2025-10-23T01:38:52.519Z,1610,4772,17305,2549,6681,21716,4537,6129,24048,3671,6395,24851,Day_1,Fair,Intermediate,3.75mm,Experiment_2
2025-10-23T01:38:52.559Z,1648,4740,17312,2549,6676,21719,4540,6158,24144,3672,6395,24860,Day_1,Fair,Intermediate,3.75mm,Experiment_2
2025-10-23T01:38:52.599Z,1673,4708,17317,2549,6669,21712,4542,6213,24185,3674,6377,24801,Day_1,Fair,Intermediate,3.75mm,Experiment_2
2025-10-23T01:38:52.639Z,1677,4690,17317,2545,6658,21682,4526,6250,24160,3662,6334,24622,Day_1,Fair,Intermediate,3.75mm,Experiment_2
2025-10-23T01:38:52.679Z,1670,4682,17311,2537,6647,21632,4497,6264,24088,3635,6272,24358,Day_1,Fair,Intermediate,3.75mm,Experiment_2
2025-10-23T01:38:52.719Z,1664,4682,17301,2534,6644,21598,4480,6268,24020,3613,6235,24189,Day_1,Fair,Intermediate,3.75mm,Experiment_2
2025-10-23T01:38:52.759Z,1662,4688,17289,2536,6652,21606,4487,6274,24010,3614,6253,24258,Day_1,Fair,Intermediate,3.75mm,Experiment_2
2025-10-23T01:38:52.798Z,1656,4692,17279,2533,6661,21639,4509,6287,24063,3632,6307,24475,Day_1,Fair,Intermediate,3.75mm,Experiment_2
2025-10-23T01:38:52.838Z,1645,4692,17273,2523,6663,21666,4531,6305,24137,3651,6358,24669,Day_1,Fair,Intermediate,3.75mm,Experiment_2
2025-10-23T01:38:52.878Z,1640,4693,17271,2518,6664,21677,4540,6314,24174,3660,6382,24762,Day_1,Fair,Intermediate,3.75mm,Experiment_2
2025-10-23T01:38:52.918Z,1646,4699,17270,2523,6671,21678,4540,6310,24167,3664,6384,24774,Day_1,Fair,Intermediate,3.75mm,Experiment_2
2025-10-23T01:38:52.958Z,1655,4705,17270,2533,6677,21679,4540,6301,24156,3669,6384,24779,Day_1,Fair,Intermediate,3.75mm,Experiment_2
2025-10-23T01:38:52.998Z,1663,4705,17272,2541,6679,21689,4536,6297,24181,3672,6395,24825,Day_1,Fair,Intermediate,3.75mm,Experiment_2
2025-10-23T01:38:53.038Z,1671,4696,17280,2545,6672,21703,4526,6300,24231,3667,6410,24887,Day_1,Fair,Intermediate,3.75mm,Experiment_2
2025-10-23T01:38:53.078Z,1683,4685,17290,2549,6662,21713,4519,6305,24275,3659,6414,24921,Day_1,Fair,Intermediate,3.75mm,Experiment_2
2025-10-23T01:38:53.118Z,1697,4681,17298,2555,6661,21718,4525,6315,24295,3658,6411,24918,Day_1,Fair,Intermediate,3.75mm,Experiment_2
2025-10-23T01:38:53.158Z,1708,4687,17305,2560,6666,21718,4541,6331,24282,3665,6402,24862,Day_1,Fair,Intermediate,3.75mm,Experiment_2
2025-10-23T01:38:53.198Z,1706,4690,17310,2559,6667,21699,4548,6342,24229,3666,6369,24711,Day_1,Fair,Intermediate,3.75mm,Experiment_2
2025-10-23T01:38:53.238Z,1691,4686,17310,2551,6658,21657,4540,6340,24137,3651,6304,24463,Day_1,Fair,Intermediate,3.75mm,Experiment_2
2025-10-23T01:38:53.278Z,1675,4673,17299,2541,6641,21614,4527,6328,24047,3633,6245,24254,Day_1,Fair,Intermediate,3.75mm,Experiment_2
2025-10-23T01:38:53.318Z,1663,4658,17280,2532,6628,21599,4520,6313,24010,3629,6241,24236,Day_1,Fair,Intermediate,3.75mm,Experiment_2
2025-10-23T01:38:53.358Z,1657,4654,17262,2530,6629,21614,4513,6298,24024,3637,6283,24384,Day_1,Fair,Intermediate,3.75mm,Experiment_2
2025-10-23T01:38:53.398Z,1656,4661,17254,2533,6639,21642,4503,6290,24062,3646,6331,24569,Day_1,Fair,Intermediate,3.75mm,Experiment_2
2025-10-23T01:38:53.438Z,1657,4672,17260,2535,6651,21666,4497,6285,24095,3650,6357,24689,Day_1,Fair,Intermediate,3.75mm,Experiment_2
2025-10-23T01:38:53.478Z,1661,4679,17273,2535,6658,21680,4496,6273,24109,3649,6354,24719,Day_1,Fair,Intermediate,3.75mm,Experiment_2
2025-10-23T01:38:53.018Z,1665,4679,17286,2536,6658,21688,4498,6259,24115,3650,6342,24719,Day_1,Fair,Intermediate,3.75mm,Experiment_2
2025-10-23T01:38:53.058Z,1671,4679,17290,2541,6656,21695,4507,6260,24144,3660,6347,24756,Day_1,Fair,Intermediate,3.75mm,Experiment_2
2025-10-23T01:38:53.098Z,1677,4683,17293,2548,6657,21703,4525,6281,24199,3675,6371,24826,Day_1,Fair,Intermediate,3.75mm,Experiment_2
2025-10-23T01:38:53.138Z,1679,4686,17298,2550,6659,21714,4541,6307,24252,3686,6397,24886,Day_1,Fair,Intermediate,3.75mm,Experiment_2
2025-10-23T01:38:53.178Z,1673,4688,17302,2545,6663,21718,4549,6327,24269,3689,6412,24907,Day_1,Fair,Intermediate,3.75mm,Experiment_2
2025-10-23T01:38:53.218Z,1667,4689,17306,2537,6666,21716,4558,6336,24246,3688,6409,24875,Day_1,Fair,Intermediate,3.75mm,Experiment_2
2025-10-23T01:38:53.258Z,1668,4691,17314,2536,6666,21704,4564,6322,24198,3682,6377,24757,Day_1,Fair,Intermediate,3.75mm,Experiment_2
2025-10-23T01:38:53.298Z,1677,4695,17321,2541,6663,21678,4554,6287,24127,3663,6314,24538,Day_1,Fair,Intermediate,3.75mm,Experiment_2
2025-10-23T01:38:53.338Z,1684,4701,17314,2547,6664,21646,4528,6254,24045,3638,6255,24321,Day_1,Fair,Intermediate,3.75mm,Experiment_2
2025-10-23T01:38:53.879Z,1685,4702,17294,2551,6667,21629,4504,6240,23997,3624,6241,24263,Day_1,Fair,Intermediate,3.75mm,Experiment_2
2025-10-23T01:38:53.919Z,1683,4699,17277,2555,6669,21639,4504,6250,24006,3632,6277,24374,Day_1,Fair,Intermediate,3.75mm,Experiment_2
2025-10-23T01:38:53.959Z,1677,4697,17269,2554,6670,21662,4521,6274,24049,3652,6328,24540,Day_1,Fair,Intermediate,3.75mm,Experiment_2
2025-10-23T01:38:53.999Z,1666,4696,17270,2543,6672,21681,4530,6291,24092,3665,6358,24663,Day_1,Fair,Intermediate,3.75mm,Experiment_2
2025-10-23T01:38:54.039Z,1657,4691,17281,2533,6671,21691,4528,6292,24112,3666,6361,24706,Day_1,Fair,Intermediate,3.75mm,Experiment_2
2025-10-23T01:38:54.079Z,1655,4687,17294,2530,6669,21695,4529,6281,24109,3664,6354,24701,Day_1,Fair,Intermediate,3.75mm,Experiment_2
2025-10-23T01:38:54.119Z,1658,4687,17300,2532,6667,21695,4530,6273,24123,3663,6358,24720,Day_1,Fair,Intermediate,3.75mm,Experiment_2
2025-10-23T01:38:54.159Z,1661,4690,17298,2533,6666,21695,4526,6272,24177,3665,6373,24789,Day_1,Fair,Intermediate,3.75mm,Experiment_2
2025-10-23T01:38:54.199Z,1666,4691,17293,2536,6665,21697,4525,6270,24237,3675,6383,24863,Day_1,Fair,Intermediate,3.75mm,Experiment_2
2025-10-23T01:38:54.239Z,1675,4688,17293,2543,6664,21702,4536,6267,24270,3692,6385,24901,Day_1,Fair,Intermediate,3.75mm,Experiment_2
2025-10-23T01:38:54.279Z,1681,4684,17298,2548,6663,21707,4548,6277,24270,3702,6386,24891,Day_1,Fair,Intermediate,3.75mm,Experiment_2
2025-10-23T01:38:54.319Z,1681,4680,17306,2547,6659,21702,4555,6289,24233,3695,6376,24803,Day_1,Fair,Intermediate,3.75mm,Experiment_2
2025-10-23T01:38:54.359Z,1677,4675,17312,2543,6652,21674,4556,6279,24148,3675,6330,24591,Day_1,Fair,Intermediate,3.75mm,Experiment_2
2025-10-23T01:38:54.399Z,1675,4672,17310,2539,6643,21630,4553,6250,24039,3654,6260,24318,Day_1,Fair,Intermediate,3.75mm,Experiment_2
2025-10-23T01:38:54.439Z,1677,4671,17296,2540,6638,21601,4549,6241,23967,3643,6226,24182,Day_1,Fair,Intermediate,3.75mm,Experiment_2
2025-10-23T01:38:54.479Z,1679,4670,17280,2542,6640,21611,4544,6267,23963,3645,6259,24283,Day_1,Fair,Intermediate,3.75mm,Experiment_2
2025-10-23T01:38:54.519Z,1688,4666,17283,2546,6645,21647,4539,6301,24009,3657,6322,24498,Day_1,Fair,Intermediate,3.75mm,Experiment_2
2025-10-23T01:38:54.559Z,1726,4656,17315,2557,6645,21680,4542,6316,24069,3676,6363,24670,Day_1,Fair,Intermediate,3.75mm,Experiment_2
2025-10-23T01:38:54.599Z,1795,4640,17365,2575,6638,21700,4551,6314,24108,3694,6374,24748,Day_1,Fair,Intermediate,3.75mm,Experiment_2
2025-10-23T01:38:54.639Z,1833,4628,17392,2585,6634,21708,4553,6305,24125,3701,6374,24763,Day_1,Fair,Intermediate,3.75mm,Experiment_2
2025-10-23T01:38:54.679Z,1791,4632,17370,2575,6635,21712,4548,6299,24150,3698,6382,24787,Day_1,Fair,Intermediate,3.75mm,Experiment_2
2025-10-23T01:38:54.719Z,1719,4648,17329,2555,6641,21714,4541,6292,24192,3692,6397,24846,Day_1,Fair,Intermediate,3.75mm,Experiment_2
2025-10-23T01:38:54.759Z,1677,4663,17305,2541,6648,21713,4529,6280,24228,3682,6404,24898,Day_1,Fair,Intermediate,3.75mm,Experiment_2
2025-10-23T01:38:54.799Z,1667,4675,17301,2535,6656,21715,4517,6277,24245,3675,6404,24912,Day_1,Fair,Intermediate,3.75mm,Experiment_2
2025-10-23T01:38:54.839Z,1670,4684,17304,2535,6665,21718,4522,6283,24252,3678,6398,24899,Day_1,Fair,Intermediate,3.75mm,Experiment_2
2025-10-23T01:38:54.879Z,1673,4687,17308,2539,6668,21713,4544,6286,24244,3683,6381,24845,Day_1,Fair,Intermediate,3.75mm,Experiment_2
2025-10-23T01:38:54.919Z,1675,4683,17314,2543,6662,21692,4558,6280,24199,3678,6341,24687,Day_1,Fair,Intermediate,3.75mm,Experiment_2
2025-10-23T01:38:54.959Z,1674,4676,17317,2543,6650,21651,4555,6264,24109,3662,6279,24424,Day_1,Fair,Intermediate,3.75mm,Experiment_2
2025-10-23T01:38:54.999Z,1670,4671,17306,2540,6641,21609,4546,6253,24027,3649,6233,24217,Day_1,Fair,Intermediate,3.75mm,Experiment_2
2025-10-23T01:38:55.039Z,1667,4671,17285,2539,6641,21603,4543,6255,24000,3649,6239,24229,Day_1,Fair,Intermediate,3.75mm,Experiment_2
2025-10-23T01:38:55.079Z,1663,4672,17267,2537,6647,21634,4544,6257,24017,3660,6281,24403,Day_1,Fair,Intermediate,3.75mm,Experiment_2
2025-10-23T01:38:55.119Z,1662,4674,17262,2536,6653,21670,4549,6257,24046,3669,6325,24585,Day_1,Fair,Intermediate,3.75mm,Experiment_2
2025-10-23T01:38:55.159Z,1664,4677,17259,2537,6658,21686,4546,6260,24077,3671,6350,24689,Day_1,Fair,Intermediate,3.75mm,Experiment_2
2025-10-23T01:38:55.199Z,1665,4682,17255,2537,6661,21682,4534,6257,24103,3669,6350,24713,Day_1,Fair,Intermediate,3.75mm,Experiment_2
2025-10-23T01:38:55.239Z,1663,4685,17257,2536,6663,21677,4529,6250,24119,3672,6343,24717,Day_1,Fair,Intermediate,3.75mm,Experiment_2
2025-10-23T01:38:55.279Z,1669,4681,17271,2544,6659,21683,4535,6254,24134,3680,6351,24758,Day_1,Fair,Intermediate,3.75mm,Experiment_2
2025-10-23T01:38:55.319Z,1685,4674,17294,2560,6653,21693,4537,6266,24156,3685,6367,24821,Day_1,Fair,Intermediate,3.75mm,Experiment_2
2025-10-23T01:38:55.359Z,1695,4673,17314,2570,6652,21703,4537,6276,24178,3684,6379,24863,Day_1,Fair,Intermediate,3.75mm,Experiment_2
2025-10-23T01:38:55.399Z,1692,4679,17321,2568,6657,21711,4540,6290,24203,3682,6387,24876,Day_1,Fair,Intermediate,3.75mm,Experiment_2
2025-10-23T01:38:55.439Z,1683,4684,17319,2561,6661,21710,4545,6302,24224,3679,6389,24850,Day_1,Fair,Intermediate,3.75mm,Experiment_2
2025-10-23T01:38:55.479Z,1676,4681,17320,2553,6657,21695,4541,6303,24209,3672,6369,24737,Day_1,Fair,Intermediate,3.75mm,Experiment_2
2025-10-23T01:38:55.519Z,1669,4675,17322,2546,6650,21661,4523,6293,24139,3654,6321,24515,Day_1,Fair,Intermediate,3.75mm,Experiment_2
2025-10-23T01:38:55.559Z,1661,4672,17314,2542,6645,21625,4508,6290,24044,3635,6275,24304,Day_1,Fair,Intermediate,3.75mm,Experiment_2
2025-10-23T01:38:55.599Z,1659,4670,17298,2546,6644,21614,4515,6300,23992,3632,6270,24257,Day_1,Fair,Intermediate,3.75mm,Experiment_2
2025-10-23T01:38:55.639Z,1662,4669,17284,2550,6646,21631,4536,6307,24011,3646,6299,24377,Day_1,Fair,Intermediate,3.75mm,Experiment_2
2025-10-23T01:38:55.679Z,1661,4672,17277,2546,6657,21658,4551,6307,24067,3661,6335,24548,Day_1,Fair,Intermediate,3.75mm,Experiment_2
2025-10-23T01:38:55.719Z,1656,4681,17279,2537,6671,21682,4555,6303,24117,3666,6360,24674,Day_1,Fair,Intermediate,3.75mm,Experiment_2
2025-10-23T01:38:55.759Z,1655,4688,17283,2533,6676,21694,4543,6298,24148,3661,6368,24721,Day_1,Fair,Intermediate,3.75mm,Experiment_2
2025-10-23T01:38:55.799Z,1660,4684,17284,2536,6668,21693,4520,6295,24167,3650,6367,24729,Day_1,Fair,Intermediate,3.75mm,Experiment_2
2025-10-23T01:38:55.839Z,1666,4679,17283,2540,6659,21690,4504,6297,24185,3644,6372,24754,Day_1,Fair,Intermediate,3.75mm,Experiment_2
2025-10-23T01:38:55.879Z,1671,4681,17283,2541,6661,21690,4501,6301,24205,3648,6387,24807,Day_1,Fair,Intermediate,3.75mm,Experiment_2
2025-10-23T01:38:55.919Z,1680,4684,17282,2545,6664,21689,4506,6306,24228,3657,6403,24860,Day_1,Fair,Intermediate,3.75mm,Experiment_2
2025-10-23T01:38:55.959Z,1690,4681,17281,2554,6661,21688,4511,6300,24253,3664,6407,24892,Day_1,Fair,Intermediate,3.75mm,Experiment_2
2025-10-23T01:38:55.999Z,1692,4674,17283,2559,6653,21688,4515,6249,24269,3667,6388,24883,Day_1,Fair,Intermediate,3.75mm,Experiment_2
2025-10-23T01:38:56.039Z,1687,4665,17288,2556,6646,21681,4516,6147,24248,3664,6340,24788,Day_1,Fair,Intermediate,3.75mm,Experiment_2
2025-10-23T01:38:56.079Z,1682,4661,17294,2550,6642,21656,4510,6052,24164,3649,6273,24574,Day_1,Fair,Intermediate,3.75mm,Experiment_2
2025-10-23T01:38:56.119Z,1680,4662,17292,2547,6642,21621,4498,6032,24037,3629,6215,24326,Day_1,Fair,Intermediate,3.75mm,Experiment_2
2025-10-23T01:38:56.159Z,1678,4665,17279,2544,6643,21602,4489,6091,23952,3621,6204,24228,Day_1,Fair,Intermediate,3.75mm,Experiment_2
2025-10-23T01:38:56.199Z,1671,4668,17265,2539,6645,21613,4492,6171,23965,3632,6247,24343,Day_1,Fair,Intermediate,3.75mm,Experiment_2
2025-10-23T01:38:56.239Z,1662,4669,17259,2532,6648,21641,4500,6231,24040,3647,6309,24546,Day_1,Fair,Intermediate,3.75mm,Experiment_2
2025-10-23T01:38:56.279Z,1656,4669,17262,2530,6651,21668,4503,6261,24111,3654,6349,24698,Day_1,Fair,Intermediate,3.75mm,Experiment_2
2025-10-23T01:38:56.319Z,1658,4670,17271,2535,6655,21688,4500,6273,24153,3653,6362,24758,Day_1,Fair,Intermediate,3.75mm,Experiment_2
2025-10-23T01:38:56.359Z,1664,4674,17283,2544,6659,21701,4506,6288,24175,3654,6368,24766,Day_1,Fair,Intermediate,3.75mm,Experiment_2
2025-10-23T01:38:56.399Z,1670,4680,17295,2551,6662,21709,4523,6308,24202,3662,6380,24786,Day_1,Fair,Intermediate,3.75mm,Experiment_2
2025-10-23T01:38:56.439Z,1676,4685,17302,2555,6663,21715,4546,6322,24242,3674,6396,24841,Day_1,Fair,Intermediate,3.75mm,Experiment_2
2025-10-23T01:38:56.479Z,1682,4687,17305,2557,6662,21719,4562,6326,24277,3681,6406,24891,Day_1,Fair,Intermediate,3.75mm,Experiment_2
2025-10-23T01:38:56.519Z,1685,4685,17305,2554,6660,21718,4566,6329,24295,3684,6412,24911,Day_1,Fair,Intermediate,3.75mm,Experiment_2
2025-10-23T01:38:56.559Z,1681,4682,17301,2545,6658,21712,4565,6334,24292,3687,6415,24904,Day_1,Fair,Intermediate,3.75mm,Experiment_2
2025-10-23T01:38:56.599Z,1670,4683,17293,2534,6659,21694,4560,6333,24259,3685,6403,24836,Day_1,Fair,Intermediate,3.75mm,Experiment_2
2025-10-23T01:38:56.639Z,1661,4686,17291,2527,6659,21662,4540,6312,24176,3666,6355,24644,Day_1,Fair,Intermediate,3.75mm,Experiment_2
2025-10-23T01:38:56.679Z,1660,4685,17299,2529,6656,21624,4505,6274,24045,3633,6274,24354,Day_1,Fair,Intermediate,3.75mm,Experiment_2
2025-10-23T01:38:56.719Z,1663,4682,17305,2535,6655,21602,4481,6239,23907,3611,6202,24156,Day_1,Fair,Intermediate,3.75mm,Experiment_2
2025-10-23T01:38:56.759Z,1665,4679,17296,2539,6658,21612,4485,6220,23818,3613,6178,24199,Day_1,Fair,Intermediate,3.75mm,Experiment_2
2025-10-23T01:38:56.799Z,1665,4673,17281,2540,6658,21644,4501,6214,23833,3630,6206,24406,Day_1,Fair,Intermediate,3.75mm,Experiment_2
2025-10-23T01:38:56.839Z,1668,4666,17274,2541,6653,21675,4514,6215,23947,3647,6263,24610,Day_1,Fair,Intermediate,3.75mm,Experiment_2
2025-10-23T01:38:56.879Z,1674,4663,17275,2546,6648,21694,4520,6218,24063,3655,6309,24716,Day_1,Fair,Intermediate,3.75mm,Experiment_2
2025-10-23T01:38:56.919Z,1681,4666,17278,2553,6647,21698,4514,6226,24114,3654,6329,24737,Day_1,Fair,Intermediate,3.75mm,Experiment_2
2025-10-23T01:38:56.959Z,1682,4673,17280,2555,6653,21696,4513,6243,24130,3655,6344,24747,Day_1,Fair,Intermediate,3.75mm,Experiment_2
2025-10-23T01:38:56.999Z,1681,4682,17283,2551,6661,21699,4528,6264,24159,3665,6368,24798,Day_1,Fair,Intermediate,3.75mm,Experiment_2
2025-10-23T01:38:57.039Z,1681,4691,17290,2550,6667,21707,4548,6278,24208,3678,6387,24864,Day_1,Fair,Intermediate,3.75mm,Experiment_2
2025-10-23T01:38:57.079Z,1681,4693,17294,2548,6669,21709,4563,6291,24257,3688,6395,24907,Day_1,Fair,Intermediate,3.75mm,Experiment_2
2025-10-23T01:38:57.119Z,1676,4687,17290,2543,6663,21701,4570,6314,24287,3694,6399,24920,Day_1,Fair,Intermediate,3.75mm,Experiment_2
2025-10-23T01:38:57.159Z,1668,4674,17288,2537,6653,21690,4566,6340,24286,3689,6398,24881,Day_1,Fair,Intermediate,3.75mm,Experiment_2
2025-10-23T01:38:57.199Z,1662,4667,17302,2532,6646,21678,4543,6339,24243,3669,6368,24738,Day_1,Fair,Intermediate,3.75mm,Experiment_2
2025-10-23T01:38:57.239Z,1662,4673,17317,2530,6648,21652,4504,6296,24158,3635,6300,24489,Day_1,Fair,Intermediate,3.75mm,Experiment_2
2025-10-23T01:38:57.279Z,1666,4684,17313,2533,6653,21619,4478,6247,24067,3607,6237,24272,Day_1,Fair,Intermediate,3.75mm,Experiment_2
2025-10-23T01:38:57.319Z,1670,4692,17295,2539,6662,21608,4483,6232,24014,3605,6229,24241,Day_1,Fair,Intermediate,3.75mm,Experiment_2
2025-10-23T01:38:57.359Z,1673,4699,17277,2544,6674,21625,4509,6241,24011,3626,6263,24376,Day_1,Fair,Intermediate,3.75mm,Experiment_2
2025-10-23T01:38:57.399Z,1670,4701,17268,2545,6680,21652,4532,6239,24038,3649,6298,24550,Day_1,Fair,Intermediate,3.75mm,Experiment_2
2025-10-23T01:38:57.439Z,1664,4695,17270,2540,6678,21674,4533,6231,24071,3660,6317,24665,Day_1,Fair,Intermediate,3.75mm,Experiment_2
2025-10-23T01:38:57.479Z,1659,4686,17276,2535,6670,21682,4513,6236,24097,3652,6324,24702,Day_1,Fair,Intermediate,3.75mm,Experiment_2
2025-10-23T01:38:57.519Z,1661,4674,17281,2536,6657,21682,4496,6255,24128,3642,6333,24718,Day_1,Fair,Intermediate,3.75mm,Experiment_2
2025-10-23T01:38:57.559Z,1671,4664,17283,2543,6645,21686,4500,6281,24169,3646,6353,24769,Day_1,Fair,Intermediate,3.75mm,Experiment_2
2025-10-23T01:38:57.599Z,1684,4666,17282,2553,6643,21692,4516,6307,24207,3657,6380,24839,Day_1,Fair,Intermediate,3.75mm,Experiment_2
2025-10-23T01:38:57.639Z,1693,4679,17277,2560,6653,21694,4529,6323,24231,3667,6402,24886,Day_1,Fair,Intermediate,3.75mm,Experiment_2
2025-10-23T01:38:57.679Z,1695,4695,17276,2561,6667,21696,4539,6323,24244,3674,6409,24900,Day_1,Fair,Intermediate,3.75mm,Experiment_2
2025-10-23T01:38:57.719Z,1690,4705,17290,2556,6676,21702,4549,6310,24240,3677,6396,24871,Day_1,Fair,Intermediate,3.75mm,Experiment_2
2025-10-23T01:38:57.759Z,1682,4706,17310,2550,6675,21701,4549,6293,24196,3669,6361,24756,Day_1,Fair,Intermediate,3.75mm,Experiment_2
2025-10-23T01:38:57.799Z,1676,4700,17317,2545,6667,21675,4532,6272,24106,3647,6303,24535,Day_1,Fair,Intermediate,3.75mm,Experiment_2
2025-10-23T01:38:57.839Z,1672,4698,17306,2544,6664,21634,4516,6255,24012,3622,6247,24318,Day_1,Fair,Intermediate,3.75mm,Experiment_2
2025-10-23T01:38:57.879Z,1670,4699,17283,2544,6668,21612,4513,6254,23975,3614,6235,24266,Day_1,Fair,Intermediate,3.75mm,Experiment_2
2025-10-23T01:38:57.919Z,1669,4695,17266,2545,6670,21622,4518,6272,24013,3627,6277,24393,Day_1,Fair,Intermediate,3.75mm,Experiment_2
2025-10-23T01:38:57.959Z,1669,4685,17262,2546,6667,21649,4527,6289,24088,3650,6333,24580,Day_1,Fair,Intermediate,3.75mm,Experiment_2
2025-10-23T01:38:57.999Z,1669,4678,17262,2547,6664,21668,4531,6291,24152,3666,6365,24715,Day_1,Fair,Intermediate,3.75mm,Experiment_2
2025-10-23T01:38:58.039Z,1671,4677,17267,2549,6663,21675,4526,6284,24179,3667,6367,24760,Day_1,Fair,Intermediate,3.75mm,Experiment_2
2025-10-23T01:38:58.079Z,1675,4675,17281,2552,6660,21682,4523,6275,24171,3662,6357,24748,Day_1,Fair,Intermediate,3.75mm,Experiment_2
2025-10-23T01:38:58.119Z,1677,4675,17303,2551,6660,21699,4528,6263,24160,3662,6354,24749,Day_1,Fair,Intermediate,3.75mm,Experiment_2
2025-10-23T01:38:58.159Z,1677,4684,17316,2548,6668,21712,4537,6253,24172,3668,6364,24796,Day_1,Fair,Intermediate,3.75mm,Experiment_2
2025-10-23T01:38:58.199Z,1679,4698,17312,2549,6679,21711,4535,6256,24192,3672,6383,24851,Day_1,Fair,Intermediate,3.75mm,Experiment_2
2025-10-23T01:38:58.239Z,1684,4709,17302,2553,6685,21705,4519,6280,24208,3666,6399,24879,Day_1,Fair,Intermediate,3.75mm,Experiment_2
2025-10-23T01:38:58.279Z,1687,4717,17302,2552,6687,21704,4510,6324,24223,3661,6409,24872,Day_1,Fair,Intermediate,3.75mm,Experiment_2
2025-10-23T01:38:58.319Z,1685,4721,17310,2549,6689,21700,4521,6376,24217,3658,6403,24794,Day_1,Fair,Intermediate,3.75mm,Experiment_2
2025-10-23T01:38:58.359Z,1686,4718,17319,2550,6687,21678,4528,6407,24154,3647,6360,24593,Day_1,Fair,Intermediate,3.75mm,Experiment_2
2025-10-23T01:38:58.399Z,1690,4706,17320,2557,6675,21640,4511,6386,24041,3621,6289,24318,Day_1,Fair,Intermediate,3.75mm,Experiment_2
2025-10-23T01:38:58.439Z,1689,4691,17311,2559,6658,21619,4489,6325,23954,3604,6241,24167,Day_1,Fair,Intermediate,3.75mm,Experiment_2
2025-10-23T01:38:58.479Z,1680,4681,17295,2552,6648,21633,4487,6275,23959,3614,6251,24266,Day_1,Fair,Intermediate,3.75mm,Experiment_2
2025-10-23T01:38:58.519Z,1670,4676,17280,2542,6649,21662,4503,6265,24033,3638,6297,24497,Day_1,Fair,Intermediate,3.75mm,Experiment_2
2025-10-23T01:38:58.560Z,1661,4673,17272,2533,6653,21680,4523,6283,24102,3654,6343,24679,Day_1,Fair,Intermediate,3.75mm,Experiment_2
2025-10-23T01:38:58.600Z,1655,4673,17274,2528,6656,21688,4537,6296,24128,3660,6367,24748,Day_1,Fair,Intermediate,3.75mm,Experiment_2
2025-10-23T01:38:58.640Z,1654,4678,17283,2529,6659,21692,4539,6292,24128,3664,6370,24752,Day_1,Fair,Intermediate,3.75mm,Experiment_2
2025-10-23T01:38:58.680Z,1657,4678,17291,2532,6659,21696,4534,6286,24145,3672,6374,24774,Day_1,Fair,Intermediate,3.75mm,Experiment_2
2025-10-23T01:38:58.720Z,1663,4669,17289,2537,6652,21695,4537,6289,24189,3682,6389,24836,Day_1,Fair,Intermediate,3.75mm,Experiment_2
2025-10-23T01:38:58.760Z,1669,4659,17279,2540,6644,21688,4548,6299,24235,3689,6404,24892,Day_1,Fair,Intermediate,3.75mm,Experiment_2
2025-10-23T01:38:58.800Z,1669,4662,17270,2539,6645,21682,4558,6308,24265,3693,6408,24912,Day_1,Fair,Intermediate,3.75mm,Experiment_2
2025-10-23T01:38:58.840Z,1666,4677,17267,2535,6655,21680,4560,6313,24269,3697,6406,24904,Day_1,Fair,Intermediate,3.75mm,Experiment_2
2025-10-23T01:38:58.880Z,1665,4688,17269,2533,6662,21673,4558,6313,24238,3700,6390,24847,Day_1,Fair,Intermediate,3.75mm,Experiment_2
2025-10-23T01:38:58.920Z,1669,4691,17276,2536,6664,21654,4551,6299,24165,3689,6348,24683,Day_1,Fair,Intermediate,3.75mm,Experiment_2
2025-10-23T01:38:58.960Z,1677,4691,17287,2542,6663,21621,4534,6268,24070,3660,6283,24417,Day_1,Fair,Intermediate,3.75mm,Experiment_2
2025-10-23T01:38:59Z,1682,4691,17291,2548,6662,21593,4513,6243,23997,3630,6234,24210,Day_1,Fair,Intermediate,3.75mm,Experiment_2
2025-10-23T01:38:59.040Z,1679,4690,17282,2548,6663,21596,4501,6243,23973,3618,6236,24217,Day_1,Fair,Intermediate,3.75mm,Experiment_2
2025-10-23T01:38:59.080Z,1670,4689,17268,2541,6665,21626,4498,6266,23998,3625,6278,24392,Day_1,Fair,Intermediate,3.75mm,Experiment_2
2025-10-23T01:38:59.120Z,1664,4692,17261,2536,6670,21660,4495,6302,24061,3636,6331,24590,Day_1,Fair,Intermediate,3.75mm,Experiment_2
2025-10-23T01:38:59.160Z,1662,4697,17264,2534,6674,21678,4487,6331,24128,3642,6368,24706,Day_1,Fair,Intermediate,3.75mm,Experiment_2
2025-10-23T01:38:59.200Z,1662,4699,17272,2535,6673,21682,4480,6333,24154,3639,6374,24724,Day_1,Fair,Intermediate,3.75mm,Experiment_2
2025-10-23T01:38:59.240Z,1668,4694,17283,2542,6667,21685,4486,6313,24141,3636,6367,24713,Day_1,Fair,Intermediate,3.75mm,Experiment_2
2025-10-23T01:38:59.280Z,1676,4686,17296,2551,6661,21700,4509,6295,24137,3647,6371,24745,Day_1,Fair,Intermediate,3.75mm,Experiment_2
2025-10-23T01:38:59.320Z,1678,4680,17308,2555,6658,21718,4536,6285,24164,3669,6386,24815,Day_1,Fair,Intermediate,3.75mm,Experiment_2
2025-10-23T01:38:59.360Z,1676,4679,17310,2554,6661,21725,4556,6274,24207,3690,6393,24873,Day_1,Fair,Intermediate,3.75mm,Experiment_2
2025-10-23T01:38:59.400Z,1673,4684,17304,2550,6668,21719,4565,6265,24249,3698,6388,24900,Day_1,Fair,Intermediate,3.75mm,Experiment_2
2025-10-23T01:38:59.440Z,1668,4691,17302,2544,6675,21711,4554,6264,24269,3691,6377,24874,Day_1,Fair,Intermediate,3.75mm,Experiment_2
2025-10-23T01:38:59.480Z,1664,4690,17307,2539,6674,21695,4530,6261,24242,3673,6348,24753,Day_1,Fair,Intermediate,3.75mm,Experiment_2
2025-10-23T01:38:59.520Z,1667,4678,17311,2539,6659,21664,4508,6248,24163,3648,6293,24525,Day_1,Fair,Intermediate,3.75mm,Experiment_2
2025-10-23T01:38:59.560Z,1676,4667,17306,2543,6644,21631,4497,6241,24074,3624,6245,24310,Day_1,Fair,Intermediate,3.75mm,Experiment_2
2025-10-23T01:38:59.600Z,1683,4666,17296,2549,6640,21624,4492,6254,24022,3612,6242,24261,Day_1,Fair,Intermediate,3.75mm,Experiment_2
2025-10-23T01:38:59.640Z,1684,4674,17287,2553,6649,21641,4491,6276,24023,3611,6279,24378,Day_1,Fair,Intermediate,3.75mm,Experiment_2
2025-10-23T01:38:59.680Z,1681,4684,17278,2553,6662,21663,4497,6291,24063,3623,6325,24550,Day_1,Fair,Intermediate,3.75mm,Experiment_2
2025-10-23T01:38:59.720Z,1679,4692,17270,2556,6672,21676,4511,6290,24110,3642,6353,24678,Day_1,Fair,Intermediate,3.75mm,Experiment_2
2025-10-23T01:38:59.760Z,1684,4687,17271,2562,6668,21682,4521,6273,24139,3655,6356,24722,Day_1,Fair,Intermediate,3.75mm,Experiment_2
2025-10-23T01:38:59.800Z,1688,4674,17281,2567,6654,21688,4515,6253,24155,3654,6348,24721,Day_1,Fair,Intermediate,3.75mm,Experiment_2
2025-10-23T01:38:59.840Z,1686,4664,17293,2565,6642,21697,4497,6247,24183,3650,6355,24749,Day_1,Fair,Intermediate,3.75mm,Experiment_2
2025-10-23T01:38:59.880Z,1678,4662,17299,2557,6639,21706,4493,6262,24229,3653,6379,24816,Day_1,Fair,Intermediate,3.75mm,Experiment_2
2025-10-23T01:38:59.920Z,1674,4666,17301,2552,6644,21712,4507,6286,24262,3662,6400,24878,Day_1,Fair,Intermediate,3.75mm,Experiment_2
2025-10-23T01:38:59.960Z,1678,4676,17307,2555,6654,21718,4522,6300,24265,3672,6404,24906,Day_1,Fair,Intermediate,3.75mm,Experiment_2
2025-10-23T01:39:00Z,1685,4686,17316,2561,6664,21723,4533,6297,24248,3679,6393,24891,Day_1,Fair,Intermediate,3.75mm,Experiment_2
2025-10-23T01:39:00.040Z,1690,4693,17323,2564,6668,21714,4538,6288,24208,3679,6369,24795,Day_1,Fair,Intermediate,3.75mm,Experiment_2
2025-10-23T01:39:00.080Z,1688,4697,17318,2561,6667,21678,4539,6277,24130,3666,6324,24578,Day_1,Fair,Intermediate,3.75mm,Experiment_2
2025-10-23T01:39:00.120Z,1680,4703,17300,2551,6667,21625,4533,6258,24032,3649,6263,24325,Day_1,Fair,Intermediate,3.75mm,Experiment_2
2025-10-23T01:39:00.160Z,1669,4705,17274,2538,6670,21591,4523,6244,23972,3641,6230,24225,Day_1,Fair,Intermediate,3.75mm,Experiment_2
2025-10-23T01:39:00.200Z,1661,4699,17257,2529,6671,21601,4514,6248,23981,3648,6253,24343,Day_1,Fair,Intermediate,3.75mm,Experiment_2
2025-10-23T01:39:00.240Z,1658,4685,17259,2526,6665,21639,4515,6261,24027,3665,6306,24541,Day_1,Fair,Intermediate,3.75mm,Experiment_2
2025-10-23T01:39:00.280Z,1661,4677,17272,2527,6660,21674,4516,6278,24073,3674,6350,24683,Day_1,Fair,Intermediate,3.75mm,Experiment_2
2025-10-23T01:39:00.320Z,1666,4680,17283,2532,6663,21692,4514,6298,24109,3671,6372,24740,Day_1,Fair,Intermediate,3.75mm,Experiment_2
2025-10-23T01:39:00.360Z,1673,4684,17290,2539,6666,21695,4519,6318,24136,3667,6381,24750,Day_1,Fair,Intermediate,3.75mm,Experiment_2
2025-10-23T01:39:00.400Z,1677,4682,17294,2546,6661,21695,4536,6330,24168,3673,6393,24776,Day_1,Fair,Intermediate,3.75mm,Experiment_2
2025-10-23T01:39:00.440Z,1673,4679,17299,2548,6652,21699,4549,6335,24209,3681,6412,24838,Day_1,Fair,Intermediate,3.75mm,Experiment_2
2025-10-23T01:39:00.480Z,1664,4680,17303,2544,6650,21706,4548,6334,24237,3682,6427,24889,Day_1,Fair,Intermediate,3.75mm,Experiment_2
2025-10-23T01:39:00.520Z,1658,4685,17302,2538,6653,21710,4549,6332,24236,3684,6432,24898,Day_1,Fair,Intermediate,3.75mm,Experiment_2
2025-10-23T01:39:00.560Z,1655,4690,17299,2533,6658,21711,4562,6326,24226,3694,6426,24881,Day_1,Fair,Intermediate,3.75mm,Experiment_2
2025-10-23T01:39:00.600Z,1654,4693,17299,2531,6662,21701,4572,6309,24217,3701,6400,24821,Day_1,Fair,Intermediate,3.75mm,Experiment_2
2025-10-23T01:39:00.640Z,1652,4690,17300,2529,6658,21670,4560,6279,24179,3688,6341,24655,Day_1,Fair,Intermediate,3.75mm,Experiment_2
2025-10-23T01:39:00.680Z,1650,4679,17296,2525,6649,21620,4528,6249,24097,3655,6262,24385,Day_1,Fair,Intermediate,3.75mm,Experiment_2
2025-10-23T01:39:00.720Z,1650,4672,17284,2524,6645,21581,4495,6239,24013,3627,6214,24184,Day_1,Fair,Intermediate,3.75mm,Experiment_2
2025-10-23T01:39:00.760Z,1656,4669,17269,2532,6650,21587,4480,6253,23985,3623,6232,24214,Day_1,Fair,Intermediate,3.75mm,Experiment_2
2025-10-23T01:39:00.800Z,1667,4669,17264,2547,6656,21627,4487,6271,24012,3637,6289,24410,Day_1,Fair,Intermediate,3.75mm,Experiment_2
2025-10-23T01:39:00.840Z,1677,4673,17270,2555,6662,21666,4505,6279,24062,3652,6338,24604,Day_1,Fair,Intermediate,3.75mm,Experiment_2
2025-10-23T01:39:00.880Z,1676,4685,17276,2551,6673,21684,4523,6279,24108,3659,6358,24711,Day_1,Fair,Intermediate,3.75mm,Experiment_2
2025-10-23T01:39:00.920Z,1671,4696,17274,2544,6678,21682,4538,6275,24129,3661,6361,24738,Day_1,Fair,Intermediate,3.75mm,Experiment_2
2025-10-23T01:39:00.960Z,1671,4692,17269,2545,6669,21680,4542,6272,24135,3663,6365,24744,Day_1,Fair,Intermediate,3.75mm,Experiment_2
2025-10-23T01:39:01Z,1676,4679,17271,2552,6653,21686,4531,6270,24157,3667,6379,24786,Day_1,Fair,Intermediate,3.75mm,Experiment_2
2025-10-23T01:39:01.040Z,1679,4670,17280,2558,6640,21696,4512,6272,24207,3668,6394,24853,Day_1,Fair,Intermediate,3.75mm,Experiment_2
2025-10-23T01:39:01.080Z,1676,4669,17292,2558,6639,21706,4504,6275,24261,3670,6399,24900,Day_1,Fair,Intermediate,3.75mm,Experiment_2
2025-10-23T01:39:01.120Z,1670,4675,17303,2553,6649,21715,4521,6283,24293,3680,6397,24911,Day_1,Fair,Intermediate,3.75mm,Experiment_2
2025-10-23T01:39:01.160Z,1660,4682,17311,2541,6660,21717,4546,6291,24294,3689,6385,24870,Day_1,Fair,Intermediate,3.75mm,Experiment_2
2025-10-23T01:39:01.200Z,1649,4686,17310,2526,6662,21694,4553,6281,24251,3680,6349,24733,Day_1,Fair,Intermediate,3.75mm,Experiment_2
2025-10-23T01:39:01.240Z,1645,4689,17302,2518,6658,21647,4535,6252,24157,3651,6287,24493,Day_1,Fair,Intermediate,3.75mm,Experiment_2
2025-10-23T01:39:01.280Z,1651,4689,17288,2521,6653,21601,4515,6228,24052,3624,6238,24281,Day_1,Fair,Intermediate,3.75mm,Experiment_2
2025-10-23T01:39:01.320Z,1655,4684,17274,2528,6652,21592,4510,6228,23996,3623,6240,24254,Day_1,Fair,Intermediate,3.75mm,Experiment_2
2025-10-23T01:39:01.360Z,1655,4676,17270,2530,6653,21620,4515,6242,24000,3639,6282,24389,Day_1,Fair,Intermediate,3.75mm,Experiment_2
2025-10-23T01:39:01.400Z,1657,4669,17273,2531,6655,21659,4513,6259,24029,3649,6331,24558,Day_1,Fair,Intermediate,3.75mm,Experiment_2
2025-10-23T01:39:01.440Z,1663,4666,17275,2536,6656,21680,4501,6278,24054,3649,6364,24662,Day_1,Fair,Intermediate,3.75mm,Experiment_2
2025-10-23T01:39:01.480Z,1668,4666,17276,2539,6655,21684,4490,6298,24070,3646,6377,24690,Day_1,Fair,Intermediate,3.75mm,Experiment_2
2025-10-23T01:39:01.520Z,1665,4671,17278,2536,6656,21683,4485,6308,24096,3643,6378,24698,Day_1,Fair,Intermediate,3.75mm,Experiment_2
2025-10-23T01:39:01.560Z,1661,4683,17280,2534,6662,21685,4488,6311,24134,3646,6382,24740,Day_1,Fair,Intermediate,3.75mm,Experiment_2
2025-10-23T01:39:01.600Z,1664,4694,17286,2540,6669,21693,4506,6313,24173,3659,6396,24807,Day_1,Fair,Intermediate,3.75mm,Experiment_2
2025-10-23T01:39:01.640Z,1671,4697,17291,2549,6674,21702,4541,6318,24202,3681,6411,24861,Day_1,Fair,Intermediate,3.75mm,Experiment_2
2025-10-23T01:39:01.680Z,1672,4696,17294,2552,6677,21710,4580,6322,24218,3701,6416,24884,Day_1,Fair,Intermediate,3.75mm,Experiment_2
2025-10-23T01:39:01.720Z,1670,4697,17297,2548,6678,21715,4599,6312,24224,3706,6405,24865,Day_1,Fair,Intermediate,3.75mm,Experiment_2
2025-10-23T01:39:01.760Z,1669,4702,17304,2543,6678,21710,4582,6288,24207,3687,6371,24766,Day_1,Fair,Intermediate,3.75mm,Experiment_2
2025-10-23T01:39:01.800Z,1668,4706,17310,2538,6675,21680,4551,6261,24145,3656,6314,24558,Day_1,Fair,Intermediate,3.75mm,Experiment_2
2025-10-23T01:39:01.840Z,1666,4697,17301,2534,6661,21634,4521,6242,24058,3631,6258,24336,Day_1,Fair,Intermediate,3.75mm,Experiment_2
2025-10-23T01:39:01.880Z,1666,4682,17280,2536,6646,21607,4498,6234,24008,3623,6240,24268,Day_1,Fair,Intermediate,3.75mm,Experiment_2
2025-10-23T01:39:01.920Z,1668,4670,17265,2541,6638,21620,4497,6238,24031,3634,6270,24390,Day_1,Fair,Intermediate,3.75mm,Experiment_2
2025-10-23T01:39:01.960Z,1670,4661,17268,2545,6635,21657,4514,6249,24090,3648,6317,24577,Day_1,Fair,Intermediate,3.75mm,Experiment_2
2025-10-23T01:39:02Z,1671,4658,17282,2545,6636,21690,4529,6259,24132,3649,6351,24703,Day_1,Fair,Intermediate,3.75mm,Experiment_2
2025-10-23T01:39:02.040Z,1669,4666,17295,2541,6645,21708,4530,6270,24136,3644,6364,24735,Day_1,Fair,Intermediate,3.75mm,Experiment_2
2025-10-23T01:39:02.080Z,1665,4677,17299,2534,6654,21708,4525,6278,24130,3649,6362,24721,Day_1,Fair,Intermediate,3.75mm,Experiment_2
2025-10-23T01:39:02.120Z,1659,4681,17296,2529,6656,21698,4528,6278,24150,3663,6360,24735,Day_1,Fair,Intermediate,3.75mm,Experiment_2
2025-10-23T01:39:02.160Z,1655,4682,17291,2531,6658,21690,4547,6274,24191,3680,6367,24794,Day_1,Fair,Intermediate,3.75mm,Experiment_2
2025-10-23T01:39:02.200Z,1657,4687,17290,2538,6664,21693,4568,6272,24220,3696,6379,24850,Day_1,Fair,Intermediate,3.75mm,Experiment_2
2025-10-23T01:39:02.240Z,1663,4690,17296,2546,6667,21706,4569,6269,24239,3701,6384,24879,Day_1,Fair,Intermediate,3.75mm,Experiment_2
2025-10-23T01:39:02.280Z,1670,4687,17307,2549,6664,21719,4548,6262,24260,3691,6383,24878,Day_1,Fair,Intermediate,3.75mm,Experiment_2
2025-10-23T01:39:02.320Z,1673,4686,17318,2546,6663,21715,4528,6257,24252,3672,6367,24809,Day_1,Fair,Intermediate,3.75mm,Experiment_2
2025-10-23T01:39:02.360Z,1671,4692,17327,2539,6667,21686,4523,6251,24176,3653,6327,24609,Day_1,Fair,Intermediate,3.75mm,Experiment_2
2025-10-23T01:39:02.400Z,1664,4699,17332,2530,6671,21645,4523,6236,24062,3637,6264,24325,Day_1,Fair,Intermediate,3.75mm,Experiment_2
2025-10-23T01:39:02.440Z,1657,4700,17323,2524,6667,21618,4520,6212,23995,3630,6217,24161,Day_1,Fair,Intermediate,3.75mm,Experiment_2
2025-10-23T01:39:02.480Z,1655,4694,17300,2524,6661,21622,4523,6192,24006,3641,6220,24245,Day_1,Fair,Intermediate,3.75mm,Experiment_2
2025-10-23T01:39:02.521Z,1660,4683,17278,2531,6654,21646,4536,6194,24052,3665,6264,24465,Day_1,Fair,Intermediate,3.75mm,Experiment_2
2025-10-23T01:39:02.561Z,1668,4674,17271,2540,6649,21670,4554,6212,24091,3688,6312,24647,Day_1,Fair,Intermediate,3.75mm,Experiment_2
2025-10-23T01:39:02.601Z,1674,4673,17275,2545,6650,21686,4566,6226,24111,3695,6338,24727,Day_1,Fair,Intermediate,3.75mm,Experiment_2
2025-10-23T01:39:02.641Z,1674,4683,17281,2544,6658,21692,4560,6239,24120,3686,6349,24741,Day_1,Fair,Intermediate,3.75mm,Experiment_2
2025-10-23T01:39:02.681Z,1672,4691,17283,2545,6663,21693,4541,6255,24144,3676,6359,24765,Day_1,Fair,Intermediate,3.75mm,Experiment_2
2025-10-23T01:39:02.721Z,1674,4695,17286,2549,6667,21698,4531,6266,24192,3678,6373,24827,Day_1,Fair,Intermediate,3.75mm,Experiment_2
2025-10-23T01:39:02.761Z,1682,4694,17293,2555,6668,21709,4532,6271,24238,3684,6381,24884,Day_1,Fair,Intermediate,3.75mm,Experiment_2
2025-10-23T01:39:02.801Z,1689,4690,17299,2559,6666,21716,4530,6279,24261,3683,6387,24904,Day_1,Fair,Intermediate,3.75mm,Experiment_2
2025-10-23T01:39:02.841Z,1692,4689,17297,2561,6666,21711,4529,6291,24261,3682,6393,24893,Day_1,Fair,Intermediate,3.75mm,Experiment_2
2025-10-23T01:39:02.881Z,1689,4693,17291,2559,6668,21693,4533,6298,24237,3680,6391,24834,Day_1,Fair,Intermediate,3.75mm,Experiment_2
2025-10-23T01:39:02.921Z,1682,4699,17293,2553,6670,21666,4529,6289,24175,3667,6357,24672,Day_1,Fair,Intermediate,3.75mm,Experiment_2
2025-10-23T01:39:02.961Z,1669,4700,17299,2540,6666,21628,4510,6267,24081,3640,6290,24410,Day_1,Fair,Intermediate,3.75mm,Experiment_2
2025-10-23T01:39:03.001Z,1655,4692,17295,2527,6656,21594,4488,6247,23998,3616,6232,24197,Day_1,Fair,Intermediate,3.75mm,Experiment_2
2025-10-23T01:39:03.041Z,1652,4683,17284,2524,6649,21592,4482,6237,23965,3612,6223,24184,Day_1,Fair,Intermediate,3.75mm,Experiment_2
2025-10-23T01:39:03.081Z,1659,4683,17277,2530,6655,21623,4491,6233,23979,3625,6256,24339,Day_1,Fair,Intermediate,3.75mm,Experiment_2
2025-10-23T01:39:03.121Z,1667,4692,17273,2538,6672,21661,4504,6231,24031,3642,6298,24535,Day_1,Fair,Intermediate,3.75mm,Experiment_2
2025-10-23T01:39:03.161Z,1670,4699,17269,2539,6684,21682,4515,6227,24094,3657,6327,24666,Day_1,Fair,Intermediate,3.75mm,Experiment_2
2025-10-23T01:39:03.201Z,1666,4701,17270,2533,6683,21687,4518,6228,24134,3665,6336,24704,Day_1,Fair,Intermediate,3.75mm,Experiment_2
2025-10-23T01:39:03.241Z,1663,4701,17274,2529,6678,21687,4508,6241,24151,3662,6344,24712,Day_1,Fair,Intermediate,3.75mm,Experiment_2
2025-10-23T01:39:03.281Z,1666,4701,17277,2532,6675,21689,4495,6261,24175,3655,6362,24755,Day_1,Fair,Intermediate,3.75mm,Experiment_2
2025-10-23T01:39:03.321Z,1672,4700,17281,2539,6672,21696,4489,6272,24211,3651,6381,24824,Day_1,Fair,Intermediate,3.75mm,Experiment_2
2025-10-23T01:39:03.361Z,1676,4693,17289,2544,6668,21705,4486,6271,24244,3652,6390,24875,Day_1,Fair,Intermediate,3.75mm,Experiment_2
2025-10-23T01:39:03.401Z,1676,4688,17299,2547,6667,21713,4494,6272,24269,3657,6392,24897,Day_1,Fair,Intermediate,3.75mm,Experiment_2
2025-10-23T01:39:03.441Z,1673,4686,17308,2547,6668,21715,4521,6282,24279,3669,6389,24876,Day_1,Fair,Intermediate,3.75mm,Experiment_2
2025-10-23T01:39:03.481Z,1667,4688,17317,2543,6667,21707,4544,6293,24254,3673,6367,24767,Day_1,Fair,Intermediate,3.75mm,Experiment_2
2025-10-23T01:39:03.521Z,1661,4692,17324,2539,6662,21682,4532,6291,24172,3655,6319,24551,Day_1,Fair,Intermediate,3.75mm,Experiment_2
2025-10-23T01:39:03.561Z,1662,4691,17316,2538,6656,21645,4492,6276,24069,3625,6268,24336,Day_1,Fair,Intermediate,3.75mm,Experiment_2
2025-10-23T01:39:03.601Z,1669,4684,17297,2542,6652,21626,4459,6256,24012,3609,6253,24278,Day_1,Fair,Intermediate,3.75mm,Experiment_2
2025-10-23T01:39:03.641Z,1679,4676,17286,2548,6650,21640,4451,6241,24027,3617,6275,24386,Day_1,Fair,Intermediate,3.75mm,Experiment_2
2025-10-23T01:39:03.681Z,1684,4674,17288,2552,6653,21671,4467,6243,24085,3636,6313,24553,Day_1,Fair,Intermediate,3.75mm,Experiment_2
2025-10-23T01:39:03.721Z,1680,4673,17294,2549,6654,21696,4500,6260,24148,3655,6344,24681,Day_1,Fair,Intermediate,3.75mm,Experiment_2
2025-10-23T01:39:03.761Z,1672,4672,17298,2544,6653,21708,4526,6279,24188,3664,6361,24729,Day_1,Fair,Intermediate,3.75mm,Experiment_2
2025-10-23T01:39:03.801Z,1667,4675,17300,2542,6655,21708,4526,6295,24196,3666,6368,24729,Day_1,Fair,Intermediate,3.75mm,Experiment_2
2025-10-23T01:39:03.841Z,1664,4682,17301,2541,6661,21702,4516,6310,24194,3666,6377,24746,Day_1,Fair,Intermediate,3.75mm,Experiment_2
2025-10-23T01:39:03.881Z,1661,4682,17304,2538,6663,21701,4520,6324,24206,3674,6393,24800,Day_1,Fair,Intermediate,3.75mm,Experiment_2
2025-10-23T01:39:03.921Z,1654,4675,17307,2530,6660,21709,4539,6338,24225,3684,6409,24853,Day_1,Fair,Intermediate,3.75mm,Experiment_2
2025-10-23T01:39:03.961Z,1648,4672,17306,2524,6656,21716,4547,6342,24240,3689,6417,24879,Day_1,Fair,Intermediate,3.75mm,Experiment_2
2025-10-23T01:39:04.001Z,1649,4674,17303,2525,6654,21715,4541,6325,24244,3684,6408,24867,Day_1,Fair,Intermediate,3.75mm,Experiment_2
2025-10-23T01:39:04.041Z,1655,4676,17302,2532,6651,21700,4534,6287,24223,3675,6376,24782,Day_1,Fair,Intermediate,3.75mm,Experiment_2
2025-10-23T01:39:04.081Z,1659,4671,17302,2536,6646,21666,4521,6244,24166,3657,6315,24578,Day_1,Fair,Intermediate,3.75mm,Experiment_2
2025-10-23T01:39:04.121Z,1663,4664,17301,2539,6636,21625,4492,6221,24076,3628,6248,24315,Day_1,Fair,Intermediate,3.75mm,Experiment_2
2025-10-23T01:39:04.161Z,1668,4664,17296,2541,6636,21605,4466,6229,23993,3610,6222,24180,Day_1,Fair,Intermediate,3.75mm,Experiment_2
2025-10-23T01:39:04.201Z,1672,4677,17289,2543,6653,21623,4471,6255,23971,3621,6254,24274,Day_1,Fair,Intermediate,3.75mm,Experiment_2
2025-10-23T01:39:04.241Z,1672,4694,17284,2543,6676,21658,4497,6275,24015,3647,6309,24487,Day_1,Fair,Intermediate,3.75mm,Experiment_2
2025-10-23T01:39:04.281Z,1668,4703,17284,2541,6688,21686,4515,6279,24085,3664,6347,24664,Day_1,Fair,Intermediate,3.75mm,Experiment_2
2025-10-23T01:39:04.321Z,1663,4700,17284,2538,6686,21695,4524,6275,24149,3670,6361,24751,Day_1,Fair,Intermediate,3.75mm,Experiment_2
2025-10-23T01:39:04.361Z,1660,4693,17283,2537,6677,21692,4536,6279,24194,3675,6369,24774,Day_1,Fair,Intermediate,3.75mm,Experiment_2
2025-10-23T01:39:04.401Z,1662,4687,17282,2539,6666,21691,4545,6291,24231,3681,6384,24803,Day_1,Fair,Intermediate,3.75mm,Experiment_2
2025-10-23T01:39:04.441Z,1667,4682,17286,2543,6653,21697,4547,6297,24267,3686,6402,24861,Day_1,Fair,Intermediate,3.75mm,Experiment_2
2025-10-23T01:39:04.481Z,1674,4680,17296,2548,6645,21710,4538,6293,24286,3684,6409,24903,Day_1,Fair,Intermediate,3.75mm,Experiment_2
2025-10-23T01:39:04.521Z,1682,4684,17305,2555,6647,21717,4526,6289,24288,3674,6409,24906,Day_1,Fair,Intermediate,3.75mm,Experiment_2
2025-10-23T01:39:04.561Z,1692,4694,17302,2563,6659,21710,4523,6294,24279,3667,6409,24887,Day_1,Fair,Intermediate,3.75mm,Experiment_2
2025-10-23T01:39:04.601Z,1702,4704,17293,2570,6672,21691,4524,6292,24254,3664,6392,24829,Day_1,Fair,Intermediate,3.75mm,Experiment_2
2025-10-23T01:39:04.641Z,1706,4712,17291,2571,6680,21663,4514,6264,24197,3653,6340,24668,Day_1,Fair,Intermediate,3.75mm,Experiment_2
2025-10-23T01:39:04.681Z,1700,4715,17296,2564,6680,21625,4493,6225,24104,3628,6263,24404,Day_1,Fair,Intermediate,3.75mm,Experiment_2
2025-10-23T01:39:04.721Z,1687,4708,17297,2553,6671,21599,4478,6211,24011,3607,6219,24199,Day_1,Fair,Intermediate,3.75mm,Experiment_2
2025-10-23T01:39:04.761Z,1675,4692,17291,2545,6661,21608,4483,6228,23975,3611,6239,24214,Day_1,Fair,Intermediate,3.75mm,Experiment_2
2025-10-23T01:39:04.801Z,1667,4682,17281,2541,6661,21642,4509,6250,24013,3637,6291,24400,Day_1,Fair,Intermediate,3.75mm,Experiment_2
2025-10-23T01:39:04.841Z,1664,4686,17272,2541,6671,21671,4542,6262,24086,3669,6332,24597,Day_1,Fair,Intermediate,3.75mm,Experiment_2
2025-10-23T01:39:04.881Z,1662,4691,17265,2540,6677,21679,4558,6275,24139,3686,6352,24706,Day_1,Fair,Intermediate,3.75mm,Experiment_2
2025-10-23T01:39:04.921Z,1665,4686,17263,2540,6669,21674,4549,6289,24151,3684,6357,24722,Day_1,Fair,Intermediate,3.75mm,Experiment_2
2025-10-23T01:39:04.961Z,1670,4674,17265,2542,6654,21672,4531,6298,24157,3675,6361,24721,Day_1,Fair,Intermediate,3.75mm,Experiment_2
2025-10-23T01:39:05.001Z,1675,4661,17271,2545,6639,21677,4521,6299,24190,3671,6374,24773,Day_1,Fair,Intermediate,3.75mm,Experiment_2
2025-10-23T01:39:05.041Z,1678,4654,17283,2549,6629,21690,4520,6300,24245,3672,6392,24854,Day_1,Fair,Intermediate,3.75mm,Experiment_2
2025-10-23T01:39:05.081Z,1681,4656,17301,2553,6629,21707,4522,6301,24293,3673,6402,24907,Day_1,Fair,Intermediate,3.75mm,Experiment_2
2025-10-23T01:39:05.121Z,1680,4669,17319,2553,6641,21721,4526,6299,24308,3676,6403,24913,Day_1,Fair,Intermediate,3.75mm,Experiment_2
2025-10-23T01:39:05.161Z,1678,4690,17327,2551,6661,21722,4533,6294,24281,3678,6392,24860,Day_1,Fair,Intermediate,3.75mm,Experiment_2
2025-10-23T01:39:05.201Z,1674,4703,17329,2547,6674,21703,4541,6286,24212,3673,6359,24712,Day_1,Fair,Intermediate,3.75mm,Experiment_2
2025-10-23T01:39:05.241Z,1671,4699,17329,2542,6672,21667,4546,6277,24118,3657,6303,24470,Day_1,Fair,Intermediate,3.75mm,Experiment_2
2025-10-23T01:39:05.281Z,1669,4690,17320,2538,6664,21629,4547,6269,24037,3642,6250,24264,Day_1,Fair,Intermediate,3.75mm,Experiment_2
2025-10-23T01:39:05.321Z,1669,4686,17302,2537,6661,21614,4550,6266,24006,3641,6239,24238,Day_1,Fair,Intermediate,3.75mm,Experiment_2
2025-10-23T01:39:05.361Z,1670,4684,17289,2542,6661,21630,4552,6266,24026,3653,6270,24372,Day_1,Fair,Intermediate,3.75mm,Experiment_2
2025-10-23T01:39:05.401Z,1673,4680,17284,2550,6660,21658,4542,6264,24069,3662,6313,24549,Day_1,Fair,Intermediate,3.75mm,Experiment_2
2025-10-23T01:39:05.441Z,1679,4676,17286,2559,6657,21680,4522,6252,24110,3660,6341,24673,Day_1,Fair,Intermediate,3.75mm,Experiment_2
2025-10-23T01:39:05.481Z,1684,4677,17290,2563,6656,21689,4507,6244,24134,3657,6350,24715,Day_1,Fair,Intermediate,3.75mm,Experiment_2
2025-10-23T01:39:05.521Z,1682,4685,17289,2560,6659,21687,4500,6257,24144,3659,6355,24718,Day_1,Fair,Intermediate,3.75mm,Experiment_2
2025-10-23T01:39:05.561Z,1675,4686,17284,2553,6658,21681,4504,6281,24166,3666,6366,24746,Day_1,Fair,Intermediate,3.75mm,Experiment_2
2025-10-23T01:39:05.601Z,1670,4678,17283,2548,6648,21682,4517,6295,24207,3675,6385,24810,Day_1,Fair,Intermediate,3.75mm,Experiment_2
2025-10-23T01:39:05.641Z,1667,4673,17289,2544,6644,21690,4534,6298,24251,3684,6403,24872,Day_1,Fair,Intermediate,3.75mm,Experiment_2
2025-10-23T01:39:05.681Z,1666,4677,17294,2541,6650,21696,4538,6293,24277,3684,6410,24906,Day_1,Fair,Intermediate,3.75mm,Experiment_2
2025-10-23T01:39:05.721Z,1667,4681,17297,2541,6658,21693,4523,6288,24278,3674,6404,24893,Day_1,Fair,Intermediate,3.75mm,Experiment_2
2025-10-23T01:39:05.761Z,1668,4682,17300,2541,6659,21682,4505,6288,24248,3656,6378,24793,Day_1,Fair,Intermediate,3.75mm,Experiment_2
2025-10-23T01:39:05.801Z,1668,4680,17302,2540,6655,21657,4496,6286,24175,3638,6328,24577,Day_1,Fair,Intermediate,3.75mm,Experiment_2
2025-10-23T01:39:05.841Z,1663,4679,17295,2534,6648,21621,4495,6270,24076,3625,6271,24337,Day_1,Fair,Intermediate,3.75mm,Experiment_2
2025-10-23T01:39:05.881Z,1655,4683,17280,2527,6648,21602,4497,6243,24011,3622,6246,24246,Day_1,Fair,Intermediate,3.75mm,Experiment_2
2025-10-23T01:39:05.921Z,1650,4690,17274,2522,6658,21620,4501,6215,24013,3629,6261,24355,Day_1,Fair,Intermediate,3.75mm,Experiment_2
2025-10-23T01:39:05.961Z,1650,4695,17281,2522,6668,21659,4506,6200,24059,3641,6295,24546,Day_1,Fair,Intermediate,3.75mm,Experiment_2
2025-10-23T01:39:06.001Z,1655,4697,17289,2527,6676,21689,4515,6204,24117,3654,6324,24696,Day_1,Fair,Intermediate,3.75mm,Experiment_2
2025-10-23T01:39:06.041Z,1661,4700,17294,2532,6684,21699,4526,6224,24165,3665,6342,24760,Day_1,Fair,Intermediate,3.75mm,Experiment_2
2025-10-23T01:39:06.081Z,1667,4703,17299,2538,6688,21700,4530,6249,24189,3671,6351,24763,Day_1,Fair,Intermediate,3.75mm,Experiment_2
2025-10-23T01:39:06.121Z,1672,4699,17304,2544,6684,21699,4532,6265,24197,3674,6358,24769,Day_1,Fair,Intermediate,3.75mm,Experiment_2
2025-10-23T01:39:06.161Z,1677,4694,17302,2552,6677,21700,4542,6271,24209,3683,6368,24812,Day_1,Fair,Intermediate,3.75mm,Experiment_2
2025-10-23T01:39:06.201Z,1680,4695,17295,2559,6677,21699,4558,6281,24228,3694,6383,24862,Day_1,Fair,Intermediate,3.75mm,Experiment_2
2025-10-23T01:39:06.241Z,1685,4699,17290,2566,6681,21698,4570,6297,24245,3699,6397,24885,Day_1,Fair,Intermediate,3.75mm,Experiment_2
2025-10-23T01:39:06.281Z,1690,4699,17293,2570,6680,21697,4569,6308,24247,3694,6402,24875,Day_1,Fair,Intermediate,3.75mm,Experiment_2
2025-10-23T01:39:06.321Z,1688,4695,17300,2567,6673,21692,4553,6299,24225,3679,6383,24802,Day_1,Fair,Intermediate,3.75mm,Experiment_2
2025-10-23T01:39:06.361Z,1684,4692,17304,2559,6666,21666,4522,6277,24168,3652,6334,24613,Day_1,Fair,Intermediate,3.75mm,Experiment_2
2025-10-23T01:39:06.401Z,1682,4694,17304,2553,6665,21621,4489,6255,24084,3621,6269,24341,Day_1,Fair,Intermediate,3.75mm,Experiment_2
2025-10-23T01:39:06.441Z,1682,4698,17296,2551,6669,21589,4475,6244,24018,3606,6231,24174,Day_1,Fair,Intermediate,3.75mm,Experiment_2
2025-10-23T01:39:06.481Z,1679,4696,17285,2550,6671,21602,4490,6245,24004,3619,6247,24248,Day_1,Fair,Intermediate,3.75mm,Experiment_2
2025-10-23T01:39:06.521Z,1674,4686,17280,2550,6668,21645,4517,6251,24030,3646,6296,24460,Day_1,Fair,Intermediate,3.75mm,Experiment_2
2025-10-23T01:39:06.561Z,1670,4680,17285,2551,6664,21684,4531,6252,24069,3665,6338,24640,Day_1,Fair,Intermediate,3.75mm,Experiment_2
2025-10-23T01:39:06.601Z,1671,4683,17290,2555,6667,21701,4521,6250,24099,3669,6354,24717,Day_1,Fair,Intermediate,3.75mm,Experiment_2
2025-10-23T01:39:06.641Z,1672,4689,17290,2557,6672,21701,4505,6251,24118,3663,6355,24726,Day_1,Fair,Intermediate,3.75mm,Experiment_2
2025-10-23T01:39:06.681Z,1672,4692,17285,2555,6673,21697,4501,6261,24150,3663,6360,24743,Day_1,Fair,Intermediate,3.75mm,Experiment_2
2025-10-23T01:39:06.721Z,1671,4691,17283,2549,6668,21700,4512,6278,24204,3671,6379,24808,Day_1,Fair,Intermediate,3.75mm,Experiment_2
2025-10-23T01:39:06.761Z,1669,4689,17292,2542,6663,21710,4526,6293,24255,3680,6401,24877,Day_1,Fair,Intermediate,3.75mm,Experiment_2
2025-10-23T01:39:06.801Z,1667,4690,17305,2537,6664,21719,4527,6294,24279,3679,6410,24905,Day_1,Fair,Intermediate,3.75mm,Experiment_2
2025-10-23T01:39:06.842Z,1665,4693,17313,2537,6669,21722,4523,6282,24284,3675,6400,24898,Day_1,Fair,Intermediate,3.75mm,Experiment_2
2025-10-23T01:39:06.882Z,1666,4689,17315,2543,6671,21717,4523,6270,24273,3671,6376,24848,Day_1,Fair,Intermediate,3.75mm,Experiment_2
2025-10-23T01:39:06.922Z,1669,4679,17316,2546,6662,21695,4518,6262,24227,3658,6337,24707,Day_1,Fair,Intermediate,3.75mm,Experiment_2
2025-10-23T01:39:06.962Z,1672,4671,17317,2546,6649,21654,4503,6257,24143,3634,6283,24468,Day_1,Fair,Intermediate,3.75mm,Experiment_2
2025-10-23T01:39:07.002Z,1672,4674,17313,2546,6643,21616,4489,6254,24062,3613,6242,24262,Day_1,Fair,Intermediate,3.75mm,Experiment_2
2025-10-23T01:39:07.042Z,1671,4679,17297,2546,6644,21609,4484,6255,24032,3610,6242,24238,Day_1,Fair,Intermediate,3.75mm,Experiment_2
2025-10-23T01:39:07.082Z,1669,4678,17280,2547,6646,21630,4487,6255,24058,3626,6275,24377,Day_1,Fair,Intermediate,3.75mm,Experiment_2
2025-10-23T01:39:07.122Z,1670,4674,17271,2549,6650,21658,4495,6259,24107,3649,6316,24553,Day_1,Fair,Intermediate,3.75mm,Experiment_2
2025-10-23T01:39:07.162Z,1676,4673,17275,2554,6656,21680,4507,6260,24146,3668,6342,24668,Day_1,Fair,Intermediate,3.75mm,Experiment_2
2025-10-23T01:39:07.202Z,1685,4676,17281,2561,6661,21687,4515,6253,24157,3675,6345,24697,Day_1,Fair,Intermediate,3.75mm,Experiment_2
2025-10-23T01:39:07.242Z,1690,4682,17282,2564,6664,21684,4520,6253,24147,3674,6341,24697,Day_1,Fair,Intermediate,3.75mm,Experiment_2
2025-10-23T01:39:07.282Z,1684,4686,17284,2560,6663,21687,4529,6263,24151,3677,6348,24731,Day_1,Fair,Intermediate,3.75mm,Experiment_2
2025-10-23T01:39:07.322Z,1673,4689,17291,2553,6662,21699,4542,6279,24188,3687,6369,24799,Day_1,Fair,Intermediate,3.75mm,Experiment_2
2025-10-23T01:39:07.362Z,1668,4693,17301,2549,6665,21714,4549,6301,24243,3696,6394,24858,Day_1,Fair,Intermediate,3.75mm,Experiment_2
2025-10-23T01:39:07.402Z,1668,4696,17308,2548,6671,21723,4545,6320,24283,3697,6411,24885,Day_1,Fair,Intermediate,3.75mm,Experiment_2
2025-10-23T01:39:07.442Z,1667,4699,17310,2543,6678,21715,4544,6324,24288,3693,6408,24861,Day_1,Fair,Intermediate,3.75mm,Experiment_2
2025-10-23T01:39:07.482Z,1666,4705,17306,2538,6685,21688,4546,6308,24256,3685,6379,24753,Day_1,Fair,Intermediate,3.75mm,Experiment_2
2025-10-23T01:39:07.522Z,1670,4708,17301,2537,6685,21647,4535,6280,24180,3665,6324,24540,Day_1,Fair,Intermediate,3.75mm,Experiment_2
2025-10-23T01:39:07.562Z,1677,4704,17295,2540,6677,21614,4514,6254,24081,3641,6269,24321,Day_1,Fair,Intermediate,3.75mm,Experiment_2
2025-10-23T01:39:07.602Z,1681,4698,17289,2542,6670,21608,4499,6249,24014,3630,6253,24256,Day_1,Fair,Intermediate,3.75mm,Experiment_2
2025-10-23T01:39:07.642Z,1678,4694,17282,2539,6669,21630,4504,6267,24017,3641,6285,24367,Day_1,Fair,Intermediate,3.75mm,Experiment_2
2025-10-23T01:39:07.682Z,1670,4691,17278,2536,6669,21659,4523,6290,24069,3660,6334,24541,Day_1,Fair,Intermediate,3.75mm,Experiment_2
2025-10-23T01:39:07.722Z,1665,4688,17277,2537,6669,21680,4532,6296,24117,3670,6363,24669,Day_1,Fair,Intermediate,3.75mm,Experiment_2
2025-10-23T01:39:07.762Z,1663,4687,17280,2539,6670,21690,4525,6284,24133,3667,6363,24711,Day_1,Fair,Intermediate,3.75mm,Experiment_2
2025-10-23T01:39:07.802Z,1661,4687,17287,2539,6670,21695,4516,6279,24135,3661,6355,24705,Day_1,Fair,Intermediate,3.75mm,Experiment_2
2025-10-23T01:39:07.842Z,1660,4687,17293,2539,6670,21698,4515,6283,24153,3660,6360,24722,Day_1,Fair,Intermediate,3.75mm,Experiment_2
2025-10-23T01:39:07.882Z,1665,4694,17295,2543,6674,21702,4526,6286,24188,3666,6375,24781,Day_1,Fair,Intermediate,3.75mm,Experiment_2
2025-10-23T01:39:07.922Z,1671,4703,17293,2548,6682,21707,4544,6289,24228,3675,6389,24843,Day_1,Fair,Intermediate,3.75mm,Experiment_2
2025-10-23T01:39:07.962Z,1675,4705,17288,2553,6681,21711,4563,6300,24258,3685,6400,24877,Day_1,Fair,Intermediate,3.75mm,Experiment_2
2025-10-23T01:39:08.002Z,1670,4699,17288,2550,6674,21713,4564,6309,24267,3688,6406,24872,Day_1,Fair,Intermediate,3.75mm,Experiment_2
2025-10-23T01:39:08.042Z,1662,4693,17295,2541,6668,21706,4542,6302,24244,3678,6389,24794,Day_1,Fair,Intermediate,3.75mm,Experiment_2
2025-10-23T01:39:08.082Z,1656,4690,17303,2531,6663,21678,4522,6280,24177,3655,6333,24592,Day_1,Fair,Intermediate,3.75mm,Experiment_2
2025-10-23T01:39:08.122Z,1656,4685,17305,2526,6654,21633,4520,6256,24075,3634,6259,24321,Day_1,Fair,Intermediate,3.75mm,Experiment_2
2025-10-23T01:39:08.162Z,1662,4678,17297,2530,6645,21606,4534,6246,23990,3632,6222,24172,Day_1,Fair,Intermediate,3.75mm,Experiment_2
2025-10-23T01:39:08.202Z,1669,4672,17281,2540,6644,21619,4552,6251,23974,3649,6248,24259,Day_1,Fair,Intermediate,3.75mm,Experiment_2
2025-10-23T01:39:08.242Z,1670,4671,17269,2546,6650,21650,4567,6270,24025,3670,6307,24472,Day_1,Fair,Intermediate,3.75mm,Experiment_2
2025-10-23T01:39:08.282Z,1665,4671,17268,2543,6657,21674,4572,6296,24098,3685,6356,24649,Day_1,Fair,Intermediate,3.75mm,Experiment_2
2025-10-23T01:39:08.322Z,1662,4668,17271,2538,6657,21685,4566,6315,24147,3691,6377,24730,Day_1,Fair,Intermediate,3.75mm,Experiment_2
2025-10-23T01:39:08.362Z,1665,4665,17274,2540,6655,21686,4555,6319,24164,3688,6381,24747,Day_1,Fair,Intermediate,3.75mm,Experiment_2
2025-10-23T01:39:08.402Z,1668,4670,17279,2546,6658,21692,4549,6314,24170,3687,6386,24768,Day_1,Fair,Intermediate,3.75mm,Experiment_2
2025-10-23T01:39:08.442Z,1664,4681,17291,2543,6664,21707,4551,6298,24184,3693,6393,24821,Day_1,Fair,Intermediate,3.75mm,Experiment_2
2025-10-23T01:39:08.482Z,1652,4688,17307,2530,6669,21725,4552,6269,24201,3699,6389,24867,Day_1,Fair,Intermediate,3.75mm,Experiment_2
2025-10-23T01:39:08.522Z,1644,4685,17318,2518,6667,21734,4550,6238,24218,3698,6382,24884,Day_1,Fair,Intermediate,3.75mm,Experiment_2
2025-10-23T01:39:08.562Z,1651,4676,17322,2520,6658,21736,4542,6213,24231,3689,6381,24878,Day_1,Fair,Intermediate,3.75mm,Experiment_2
2025-10-23T01:39:08.602Z,1668,4675,17324,2536,6655,21730,4528,6205,24223,3678,6377,24826,Day_1,Fair,Intermediate,3.75mm,Experiment_2
2025-10-23T01:39:08.642Z,1683,4686,17326,2551,6661,21706,4512,6213,24172,3662,6342,24667,Day_1,Fair,Intermediate,3.75mm,Experiment_2
2025-10-23T01:39:08.682Z,1688,4698,17321,2554,6665,21655,4500,6215,24084,3640,6274,24400,Day_1,Fair,Intermediate,3.75mm,Experiment_2
2025-10-23T01:39:08.722Z,1682,4699,17306,2548,6661,21606,4495,6212,24008,3622,6219,24191,Day_1,Fair,Intermediate,3.75mm,Experiment_2
2025-10-23T01:39:08.762Z,1674,4692,17289,2544,6657,21600,4502,6224,23985,3627,6224,24200,Day_1,Fair,Intermediate,3.75mm,Experiment_2
2025-10-23T01:39:08.802Z,1670,4688,17279,2543,6659,21634,4518,6250,24004,3648,6275,24377,Day_1,Fair,Intermediate,3.75mm,Experiment_2
2025-10-23T01:39:08.842Z,1668,4691,17275,2544,6666,21669,4529,6268,24042,3668,6328,24568,Day_1,Fair,Intermediate,3.75mm,Experiment_2
2025-10-23T01:39:08.882Z,1666,4699,17274,2544,6672,21686,4524,6271,24076,3670,6357,24677,Day_1,Fair,Intermediate,3.75mm,Experiment_2
2025-10-23T01:39:08.922Z,1666,4707,17281,2546,6676,21692,4511,6273,24095,3659,6364,24697,Day_1,Fair,Intermediate,3.75mm,Experiment_2
2025-10-23T01:39:08.962Z,1670,4710,17291,2548,6681,21695,4506,6289,24114,3653,6372,24701,Day_1,Fair,Intermediate,3.75mm,Experiment_2
2025-10-23T01:39:09.002Z,1670,4710,17298,2550,6685,21701,4516,6306,24158,3660,6390,24753,Day_1,Fair,Intermediate,3.75mm,Experiment_2
2025-10-23T01:39:09.042Z,1667,4707,17299,2551,6685,21707,4529,6301,24214,3671,6401,24831,Day_1,Fair,Intermediate,3.75mm,Experiment_2
2025-10-23T01:39:09.082Z,1666,4703,17298,2553,6684,21710,4528,6269,24252,3675,6389,24883,Day_1,Fair,Intermediate,3.75mm,Experiment_2
2025-10-23T01:39:09.122Z,1668,4697,17295,2553,6680,21705,4516,6234,24268,3670,6368,24898,Day_1,Fair,Intermediate,3.75mm,Experiment_2
2025-10-23T01:39:09.162Z,1669,4696,17298,2551,6675,21695,4511,6223,24265,3665,6353,24865,Day_1,Fair,Intermediate,3.75mm,Experiment_2
2025-10-23T01:39:09.202Z,1667,4700,17304,2544,6672,21676,4510,6234,24233,3655,6334,24738,Day_1,Fair,Intermediate,3.75mm,Experiment_2
2025-10-23T01:39:09.242Z,1664,4701,17307,2536,6668,21644,4501,6240,24159,3635,6292,24505,Day_1,Fair,Intermediate,3.75mm,Experiment_2
2025-10-23T01:39:09.282Z,1662,4697,17302,2530,6662,21613,4492,6233,24074,3618,6246,24293,Day_1,Fair,Intermediate,3.75mm,Experiment_2
2025-10-23T01:39:09.322Z,1663,4690,17292,2528,6660,21607,4494,6229,24032,3621,6235,24253,Day_1,Fair,Intermediate,3.75mm,Experiment_2
2025-10-23T01:39:09.362Z,1664,4686,17283,2531,6661,21627,4510,6241,24047,3640,6264,24377,Day_1,Fair,Intermediate,3.75mm,Experiment_2
2025-10-23T01:39:09.402Z,1664,4681,17277,2534,6661,21651,4532,6254,24095,3661,6305,24551,Day_1,Fair,Intermediate,3.75mm,Experiment_2
2025-10-23T01:39:09.442Z,1665,4674,17274,2537,6657,21667,4543,6261,24139,3674,6337,24676,Day_1,Fair,Intermediate,3.75mm,Experiment_2
2025-10-23T01:39:09.482Z,1665,4671,17274,2539,6656,21673,4537,6264,24151,3674,6352,24715,Day_1,Fair,Intermediate,3.75mm,Experiment_2
2025-10-23T01:39:09.522Z,1661,4676,17278,2535,6662,21677,4528,6262,24145,3669,6354,24709,Day_1,Fair,Intermediate,3.75mm,Experiment_2
2025-10-23T01:39:09.562Z,1657,4678,17284,2530,6665,21685,4532,6264,24157,3669,6359,24731,Day_1,Fair,Intermediate,3.75mm,Experiment_2
2025-10-23T01:39:09.602Z,1658,4674,17289,2532,6659,21696,4544,6283,24200,3676,6376,24797,Day_1,Fair,Intermediate,3.75mm,Experiment_2
2025-10-23T01:39:09.642Z,1668,4674,17293,2540,6657,21704,4550,6301,24249,3683,6394,24863,Day_1,Fair,Intermediate,3.75mm,Experiment_2
2025-10-23T01:39:09.682Z,1679,4685,17296,2550,6666,21705,4547,6301,24282,3686,6403,24896,Day_1,Fair,Intermediate,3.75mm,Experiment_2
2025-10-23T01:39:09.722Z,1682,4694,17301,2553,6673,21702,4549,6288,24285,3687,6398,24879,Day_1,Fair,Intermediate,3.75mm,Experiment_2
2025-10-23T01:39:09.762Z,1675,4694,17310,2548,6671,21692,4554,6273,24250,3683,6374,24778,Day_1,Fair,Intermediate,3.75mm,Experiment_2
2025-10-23T01:39:09.802Z,1669,4693,17318,2543,6665,21664,4550,6255,24173,3664,6320,24564,Day_1,Fair,Intermediate,3.75mm,Experiment_2
2025-10-23T01:39:09.842Z,1670,4690,17312,2544,6657,21620,4538,6237,24075,3641,6255,24315,Day_1,Fair,Intermediate,3.75mm,Experiment_2
2025-10-23T01:39:09.882Z,1679,4685,17292,2551,6652,21596,4534,6227,24011,3633,6227,24214,Day_1,Fair,Intermediate,3.75mm,Experiment_2
2025-10-23T01:39:09.922Z,1690,4682,17278,2560,6656,21616,4542,6232,24013,3645,6256,24331,Day_1,Fair,Intermediate,3.75mm,Experiment_2
2025-10-23T01:39:09.962Z,1697,4684,17278,2566,6665,21657,4552,6255,24059,3663,6315,24533,Day_1,Fair,Intermediate,3.75mm,Experiment_2
2025-10-23T01:39:10.002Z,1696,4690,17287,2566,6673,21689,4553,6288,24106,3675,6364,24677,Day_1,Fair,Intermediate,3.75mm,Experiment_2
2025-10-23T01:39:10.042Z,1690,4695,17291,2562,6678,21700,4539,6307,24131,3676,6384,24727,Day_1,Fair,Intermediate,3.75mm,Experiment_2
2025-10-23T01:39:10.082Z,1683,4696,17291,2553,6676,21698,4522,6303,24150,3671,6380,24731,Day_1,Fair,Intermediate,3.75mm,Experiment_2
2025-10-23T01:39:10.122Z,1680,4694,17294,2546,6670,21698,4520,6304,24184,3672,6381,24757,Day_1,Fair,Intermediate,3.75mm,Experiment_2
2025-10-23T01:39:10.162Z,1677,4694,17301,2544,6668,21707,4533,6322,24231,3681,6399,24821,Day_1,Fair,Intermediate,3.75mm,Experiment_2
2025-10-23T01:39:10.202Z,1670,4701,17310,2539,6674,21717,4539,6328,24267,3687,6407,24871,Day_1,Fair,Intermediate,3.75mm,Experiment_2
2025-10-23T01:39:10.242Z,1663,4707,17314,2534,6682,21723,4538,6305,24288,3686,6396,24885,Day_1,Fair,Intermediate,3.75mm,Experiment_2
2025-10-23T01:39:10.282Z,1663,4705,17314,2537,6681,21724,4536,6283,24301,3682,6384,24877,Day_1,Fair,Intermediate,3.75mm,Experiment_2
2025-10-23T01:39:10.322Z,1667,4700,17313,2544,6673,21715,4530,6285,24289,3675,6376,24820,Day_1,Fair,Intermediate,3.75mm,Experiment_2
2025-10-23T01:39:10.362Z,1669,4699,17315,2547,6667,21687,4514,6291,24228,3657,6339,24649,Day_1,Fair,Intermediate,3.75mm,Experiment_2
2025-10-23T01:39:10.402Z,1667,4703,17318,2545,6669,21644,4494,6281,24125,3627,6245,24378,Day_1,Fair,Intermediate,3.75mm,Experiment_2
2025-10-23T01:39:10.442Z,1665,4706,17312,2543,6674,21608,4479,6261,24032,3603,6112,24185,Day_1,Fair,Intermediate,3.75mm,Experiment_2
2025-10-23T01:39:10.482Z,1665,4702,17296,2545,6678,21606,4474,6245,23994,3600,6014,24222,Day_1,Fair,Intermediate,3.75mm,Experiment_2
2025-10-23T01:39:10.522Z,1671,4698,17280,2550,6680,21633,4477,6238,24013,3616,6034,24418,Day_1,Fair,Intermediate,3.75mm,Experiment_2
2025-10-23T01:39:10.562Z,1679,4702,17273,2556,6687,21662,4486,6243,24063,3635,6160,24608,Day_1,Fair,Intermediate,3.75mm,Experiment_2
2025-10-23T01:39:10.602Z,1683,4709,17270,2557,6694,21675,4496,6252,24107,3650,6284,24711,Day_1,Fair,Intermediate,3.75mm,Experiment_2
2025-10-23T01:39:10.642Z,1677,4712,17266,2550,6696,21673,4509,6261,24126,3661,6343,24733,Day_1,Fair,Intermediate,3.75mm,Experiment_2
2025-10-23T01:39:10.682Z,1671,4712,17265,2544,6694,21672,4527,6269,24133,3671,6364,24742,Day_1,Fair,Intermediate,3.75mm,Experiment_2
2025-10-23T01:39:10.722Z,1674,4707,17272,2549,6690,21682,4548,6270,24156,3682,6377,24787,Day_1,Fair,Intermediate,3.75mm,Experiment_2
2025-10-23T01:39:10.762Z,1688,4701,17287,2562,6684,21699,4563,6260,24198,3691,6381,24849,Day_1,Fair,Intermediate,3.75mm,Experiment_2
2025-10-23T01:39:10.803Z,1697,4698,17305,2569,6679,21713,4570,6253,24247,3698,6379,24892,Day_1,Fair,Intermediate,3.75mm,Experiment_2
2025-10-23T01:39:10.843Z,1694,4697,17315,2564,6674,21716,4573,6262,24284,3704,6377,24903,Day_1,Fair,Intermediate,3.75mm,Experiment_2
