time,Unpolarized_A_Green,Unpolarized_A_Red,Unpolarized_A_IR,Unpolarized_B_Green,Unpolarized_B_Red,Unpolarized_B_IR,Co-Polarized_Green,Co-Polarized_Red,Co-Polarized_IR,Cross-Polarized_Green,Cross-Polarized_Red,Cross-Polarized_IR,Day,SkinTone,Speed,Depth,Experiment
2025-10-23T00:30:27.784Z,2748,6911,24404,3616,8571,27568,4201,5872,22818,3934,6583,25123,Day_1,Fair,Slow,2.5mm,Experiment_2
2025-10-23T00:30:27.824Z,2747,6922,24446,3613,8583,27589,4193,5832,22708,3903,6530,24949,Day_1,Fair,Slow,2.5mm,Experiment_2
2025-10-23T00:30:27.864Z,2747,6931,24498,3612,8598,27610,4183,5785,22543,3867,6458,24684,Day_1,Fair,Slow,2.5mm,Experiment_2
2025-10-23T00:30:27.904Z,2746,6930,24529,3606,8603,27616,4166,5758,22396,3834,6398,24448,Day_1,Fair,Slow,2.5mm,Experiment_2
2025-10-23T00:30:27.944Z,2743,6921,24526,3598,8598,27609,4143,5750,22339,3814,6372,24356,Day_1,Fair,Slow,2.5mm,Experiment_2
2025-10-23T00:30:27.984Z,2741,6915,24499,3593,8594,27597,4076,5750,22372,3804,6380,24402,Day_1,Fair,Slow,2.5mm,Experiment_2
2025-10-23T00:30:28.024Z,2741,6918,24466,3593,8596,27583,3838,5760,22456,3785,6409,24522,Day_1,Fair,Slow,2.5mm,Experiment_2
2025-10-23T00:30:28.064Z,2743,6930,24436,3598,8602,27566,3387,5780,22560,3743,6446,24674,Day_1,Fair,Slow,2.5mm,Experiment_2
2025-10-23T00:30:28.104Z,2746,6941,24417,3604,8607,27554,3041,5804,22658,3719,6482,24815,Day_1,Fair,Slow,2.5mm,Experiment_2
2025-10-23T00:30:28.144Z,2749,6944,24412,3607,8612,27555,3100,5833,22725,3751,6513,24900,Day_1,Fair,Slow,2.5mm,Experiment_2
2025-10-23T00:30:28.184Z,2749,6941,24421,3606,8614,27566,3415,5854,22745,3807,6529,24918,Day_1,Fair,Slow,2.5mm,Experiment_2
2025-10-23T00:30:28.224Z,2744,6938,24437,3604,8614,27580,3788,5851,22721,3857,6527,24895,Day_1,Fair,Slow,2.5mm,Experiment_2
2025-10-23T00:30:28.264Z,2737,6939,24444,3602,8611,27585,4172,5831,22691,3914,6517,24885,Day_1,Fair,Slow,2.5mm,Experiment_2
2025-10-23T00:30:28.304Z,2732,6935,24435,3597,8601,27574,4558,5820,22700,3990,6517,24935,Day_1,Fair,Slow,2.5mm,Experiment_2
2025-10-23T00:30:28.344Z,2730,6924,24416,3596,8588,27555,4860,5827,22744,4059,6531,25031,Day_1,Fair,Slow,2.5mm,Experiment_2
2025-10-23T00:30:28.384Z,2735,6915,24400,3600,8577,27540,4902,5837,22787,4071,6547,25114,Day_1,Fair,Slow,2.5mm,Experiment_2
2025-10-23T00:30:28.424Z,2744,6907,24392,3607,8571,27536,4704,5845,22821,4029,6561,25153,Day_1,Fair,Slow,2.5mm,Experiment_2
2025-10-23T00:30:28.464Z,2750,6904,24386,3612,8569,27537,4483,5856,22856,3985,6577,25165,Day_1,Fair,Slow,2.5mm,Experiment_2
2025-10-23T00:30:28.504Z,2752,6909,24381,3611,8573,27540,4348,5864,22878,3968,6590,25181,Day_1,Fair,Slow,2.5mm,Experiment_2
2025-10-23T00:30:28.544Z,2751,6921,24384,3611,8583,27543,4285,5859,22863,3965,6591,25197,Day_1,Fair,Slow,2.5mm,Experiment_2
2025-10-23T00:30:28.584Z,2752,6934,24399,3613,8598,27549,4261,5845,22806,3962,6574,25173,Day_1,Fair,Slow,2.5mm,Experiment_2
2025-10-23T00:30:28.624Z,2749,6943,24425,3612,8613,27559,4250,5825,22714,3947,6541,25061,Day_1,Fair,Slow,2.5mm,Experiment_2
2025-10-23T00:30:28.664Z,2744,6944,24461,3606,8620,27572,4249,5799,22580,3920,6486,24834,Day_1,Fair,Slow,2.5mm,Experiment_2
2025-10-23T00:30:28.704Z,2739,6943,24499,3597,8621,27585,4250,5770,22419,3888,6418,24544,Day_1,Fair,Slow,2.5mm,Experiment_2
2025-10-23T00:30:28.744Z,2738,6937,24524,3593,8616,27594,4237,5749,22308,3865,6370,24329,Day_1,Fair,Slow,2.5mm,Experiment_2
2025-10-23T00:30:28.784Z,2744,6923,24522,3600,8604,27593,4220,5751,22301,3860,6363,24289,Day_1,Fair,Slow,2.5mm,Experiment_2
2025-10-23T00:30:28.824Z,2749,6906,24494,3609,8587,27580,4218,5778,22369,3868,6392,24394,Day_1,Fair,Slow,2.5mm,Experiment_2
2025-10-23T00:30:28.864Z,2746,6902,24459,3609,8582,27567,4229,5813,22462,3887,6439,24557,Day_1,Fair,Slow,2.5mm,Experiment_2
2025-10-23T00:30:28.904Z,2738,6913,24432,3604,8589,27562,4239,5843,22553,3908,6484,24711,Day_1,Fair,Slow,2.5mm,Experiment_2
2025-10-23T00:30:28.944Z,2732,6927,24419,3599,8602,27561,4239,5861,22628,3921,6512,24824,Day_1,Fair,Slow,2.5mm,Experiment_2
2025-10-23T00:30:28.984Z,2728,6936,24418,3594,8609,27562,4239,5866,22672,3926,6515,24892,Day_1,Fair,Slow,2.5mm,Experiment_2
2025-10-23T00:30:29.024Z,2723,6937,24422,3589,8608,27567,4238,5857,22676,3928,6502,24908,Day_1,Fair,Slow,2.5mm,Experiment_2
2025-10-23T00:30:29.064Z,2723,6931,24430,3588,8602,27575,4230,5807,22658,3924,6492,24891,Day_1,Fair,Slow,2.5mm,Experiment_2
2025-10-23T00:30:29.104Z,2728,6921,24436,3593,8589,27584,4223,5632,22662,3920,6495,24893,Day_1,Fair,Slow,2.5mm,Experiment_2
2025-10-23T00:30:29.144Z,2735,6915,24433,3600,8581,27588,4227,5312,22715,3922,6510,24953,Day_1,Fair,Slow,2.5mm,Experiment_2
2025-10-23T00:30:29.184Z,2743,6918,24422,3607,8583,27583,4231,5062,22788,3932,6533,25046,Day_1,Fair,Slow,2.5mm,Experiment_2
2025-10-23T00:30:29.224Z,2748,6919,24405,3611,8586,27570,4230,5092,22839,3942,6563,25123,Day_1,Fair,Slow,2.5mm,Experiment_2
2025-10-23T00:30:29.264Z,2746,6912,24392,3611,8584,27559,4229,5325,22861,3949,6589,25166,Day_1,Fair,Slow,2.5mm,Experiment_2
2025-10-23T00:30:29.304Z,2744,6909,24389,3610,8583,27557,4234,5644,22863,3952,6600,25192,Day_1,Fair,Slow,2.5mm,Experiment_2
2025-10-23T00:30:29.344Z,2743,6917,24398,3609,8590,27562,4241,6085,22850,3951,6594,25206,Day_1,Fair,Slow,2.5mm,Experiment_2
2025-10-23T00:30:29.384Z,2743,6934,24406,3605,8601,27564,4239,6740,22831,3948,6585,25199,Day_1,Fair,Slow,2.5mm,Experiment_2
2025-10-23T00:30:29.424Z,2742,6946,24412,3602,8610,27563,4228,7419,22793,3941,6585,25147,Day_1,Fair,Slow,2.5mm,Experiment_2
2025-10-23T00:30:29.464Z,2742,6951,24431,3600,8618,27569,4211,7764,22703,3923,6611,25011,Day_1,Fair,Slow,2.5mm,Experiment_2
2025-10-23T00:30:29.504Z,2746,6950,24470,3601,8622,27583,4186,7804,22545,3891,6654,24765,Day_1,Fair,Slow,2.5mm,Experiment_2
2025-10-23T00:30:29.544Z,2752,6948,24508,3600,8623,27593,4159,7565,22380,3855,6643,24484,Day_1,Fair,Slow,2.5mm,Experiment_2
2025-10-23T00:30:29.584Z,2757,6946,24519,3600,8620,27594,4146,6870,22299,3834,6536,24308,Day_1,Fair,Slow,2.5mm,Experiment_2
2025-10-23T00:30:29.624Z,2759,6941,24504,3600,8615,27590,4160,5980,22327,3837,6404,24313,Day_1,Fair,Slow,2.5mm,Experiment_2
2025-10-23T00:30:29.664Z,2756,6936,24480,3601,8611,27584,4198,5246,22422,3864,6311,24446,Day_1,Fair,Slow,2.5mm,Experiment_2
2025-10-23T00:30:29.704Z,2750,6930,24456,3600,8605,27576,4233,4757,22532,3893,6263,24614,Day_1,Fair,Slow,2.5mm,Experiment_2
2025-10-23T00:30:29.744Z,2745,6923,24436,3598,8598,27567,4242,4542,22629,3910,6259,24755,Day_1,Fair,Slow,2.5mm,Experiment_2
2025-10-23T00:30:29.784Z,2745,6918,24422,3597,8594,27563,4236,4650,22690,3916,6305,24846,Day_1,Fair,Slow,2.5mm,Experiment_2
2025-10-23T00:30:29.824Z,2746,6918,24415,3598,8593,27562,4228,5079,22709,3919,6397,24893,Day_1,Fair,Slow,2.5mm,Experiment_2
2025-10-23T00:30:29.864Z,2745,6917,24417,3602,8592,27566,4212,5533,22698,3916,6483,24908,Day_1,Fair,Slow,2.5mm,Experiment_2
2025-10-23T00:30:29.904Z,2742,6917,24423,3608,8592,27570,4190,5752,22685,3912,6518,24920,Day_1,Fair,Slow,2.5mm,Experiment_2
2025-10-23T00:30:29.944Z,2740,6913,24422,3612,8588,27571,4183,5796,22712,3917,6529,24972,Day_1,Fair,Slow,2.5mm,Experiment_2
2025-10-23T00:30:29.984Z,2743,6903,24414,3615,8579,27571,4196,5792,22773,3931,6549,25050,Day_1,Fair,Slow,2.5mm,Experiment_2
2025-10-23T00:30:30.024Z,2750,6898,24408,3618,8577,27571,4213,5797,22822,3941,6578,25106,Day_1,Fair,Slow,2.5mm,Experiment_2
2025-10-23T00:30:30.064Z,2753,6906,24404,3619,8587,27566,4222,5827,22841,3943,6607,25137,Day_1,Fair,Slow,2.5mm,Experiment_2
2025-10-23T00:30:30.104Z,2749,6915,24400,3615,8595,27559,4226,5866,22848,3943,6635,25167,Day_1,Fair,Slow,2.5mm,Experiment_2
2025-10-23T00:30:30.144Z,2742,6914,24403,3609,8592,27559,4235,5882,22851,3948,6645,25189,Day_1,Fair,Slow,2.5mm,Experiment_2
2025-10-23T00:30:30.184Z,2739,6907,24415,3604,8586,27567,4247,5868,22854,3952,6625,25189,Day_1,Fair,Slow,2.5mm,Experiment_2
2025-10-23T00:30:30.224Z,2737,6906,24427,3599,8587,27575,4252,5843,22852,3948,6592,25168,Day_1,Fair,Slow,2.5mm,Experiment_2
2025-10-23T00:30:30.264Z,2736,6914,24433,3595,8597,27578,4245,5820,22817,3935,6561,25100,Day_1,Fair,Slow,2.5mm,Experiment_2
2025-10-23T00:30:30.304Z,2744,6926,24447,3598,8607,27582,4223,5798,22705,3913,6519,24933,Day_1,Fair,Slow,2.5mm,Experiment_2
2025-10-23T00:30:30.344Z,2756,6935,24479,3608,8614,27591,4197,5781,22525,3882,6459,24675,Day_1,Fair,Slow,2.5mm,Experiment_2
2025-10-23T00:30:30.384Z,2762,6938,24512,3614,8615,27597,4178,5772,22363,3854,6405,24436,Day_1,Fair,Slow,2.5mm,Experiment_2
2025-10-23T00:30:30.424Z,2758,6935,24517,3612,8610,27591,4171,5777,22302,3842,6385,24342,Day_1,Fair,Slow,2.5mm,Experiment_2
2025-10-23T00:30:30.464Z,2754,6928,24498,3610,8601,27580,4174,5793,22350,3848,6401,24407,Day_1,Fair,Slow,2.5mm,Experiment_2
2025-10-23T00:30:30.504Z,2750,6922,24472,3609,8592,27569,4189,5806,22452,3864,6429,24545,Day_1,Fair,Slow,2.5mm,Experiment_2
2025-10-23T00:30:30.544Z,2746,6918,24448,3607,8588,27561,4207,5807,22561,3882,6452,24684,Day_1,Fair,Slow,2.5mm,Experiment_2
2025-10-23T00:30:30.584Z,2743,6913,24428,3609,8588,27558,4214,5810,22652,3899,6474,24798,Day_1,Fair,Slow,2.5mm,Experiment_2
2025-10-23T00:30:30.624Z,2748,6905,24420,3615,8586,27563,4213,5819,22705,3912,6498,24881,Day_1,Fair,Slow,2.5mm,Experiment_2
2025-10-23T00:30:30.664Z,2754,6906,24423,3618,8591,27568,4210,5825,22713,3917,6511,24918,Day_1,Fair,Slow,2.5mm,Experiment_2
2025-10-23T00:30:30.704Z,2750,6917,24426,3611,8600,27568,4200,5825,22687,3910,6511,24911,Day_1,Fair,Slow,2.5mm,Experiment_2
2025-10-23T00:30:30.744Z,2737,6929,24427,3599,8608,27565,4185,5835,22658,3900,6515,24893,Day_1,Fair,Slow,2.5mm,Experiment_2
2025-10-23T00:30:30.784Z,2729,6938,24426,3591,8611,27566,4181,5858,22667,3900,6536,24910,Day_1,Fair,Slow,2.5mm,Experiment_2
2025-10-23T00:30:30.824Z,2733,6941,24424,3594,8607,27571,4191,5878,22722,3913,6562,24978,Day_1,Fair,Slow,2.5mm,Experiment_2
2025-10-23T00:30:30.864Z,2742,6934,24415,3604,8599,27570,4201,5884,22777,3930,6577,25061,Day_1,Fair,Slow,2.5mm,Experiment_2
2025-10-23T00:30:30.904Z,2745,6919,24404,3608,8587,27563,4204,5876,22804,3942,6579,25123,Day_1,Fair,Slow,2.5mm,Experiment_2
2025-10-23T00:30:30.944Z,2741,6905,24397,3605,8575,27556,4209,5862,22813,3945,6574,25163,Day_1,Fair,Slow,2.5mm,Experiment_2
2025-10-23T00:30:30.984Z,2737,6899,24400,3602,8572,27557,4216,5852,22825,3940,6570,25182,Day_1,Fair,Slow,2.5mm,Experiment_2
2025-10-23T00:30:31.025Z,2741,6901,24409,3603,8576,27563,4214,5850,22843,3934,6567,25177,Day_1,Fair,Slow,2.5mm,Experiment_2
2025-10-23T00:30:31.065Z,2747,6904,24421,3607,8579,27569,4203,5850,22840,3931,6560,25140,Day_1,Fair,Slow,2.5mm,Experiment_2
2025-10-23T00:30:31.105Z,2756,6910,24440,3614,8584,27577,4193,5844,22778,3925,6540,25041,Day_1,Fair,Slow,2.5mm,Experiment_2
2025-10-23T00:30:31.145Z,2767,6926,24474,3623,8599,27590,4182,5822,22640,3903,6495,24838,Day_1,Fair,Slow,2.5mm,Experiment_2
2025-10-23T00:30:31.185Z,2774,6944,24515,3627,8617,27602,4166,5783,22465,3868,6428,24567,Day_1,Fair,Slow,2.5mm,Experiment_2
2025-10-23T00:30:31.225Z,2768,6950,24540,3620,8623,27606,4157,5747,22337,3839,6372,24362,Day_1,Fair,Slow,2.5mm,Experiment_2
2025-10-23T00:30:31.265Z,2758,6939,24534,3611,8615,27601,4164,5733,22310,3833,6354,24315,Day_1,Fair,Slow,2.5mm,Experiment_2
2025-10-23T00:30:31.305Z,2753,6924,24502,3609,8603,27589,4185,5742,22371,3845,6373,24402,Day_1,Fair,Slow,2.5mm,Experiment_2
2025-10-23T00:30:31.345Z,2750,6917,24466,3609,8597,27573,4210,5770,22478,3869,6417,24557,Day_1,Fair,Slow,2.5mm,Experiment_2
2025-10-23T00:30:31.385Z,2743,6919,24443,3606,8598,27566,4232,5808,22586,3895,6469,24721,Day_1,Fair,Slow,2.5mm,Experiment_2
2025-10-23T00:30:31.425Z,2739,6920,24441,3603,8598,27572,4242,5835,22662,3914,6508,24844,Day_1,Fair,Slow,2.5mm,Experiment_2
2025-10-23T00:30:31.465Z,2742,6919,24446,3605,8596,27582,4242,5842,22694,3925,6526,24904,Day_1,Fair,Slow,2.5mm,Experiment_2
2025-10-23T00:30:31.505Z,2746,6920,24450,3605,8597,27588,4236,5830,22685,3928,6524,24902,Day_1,Fair,Slow,2.5mm,Experiment_2
2025-10-23T00:30:31.545Z,2744,6926,24450,3599,8602,27589,4224,5813,22655,3924,6511,24870,Day_1,Fair,Slow,2.5mm,Experiment_2
2025-10-23T00:30:31.585Z,2740,6928,24439,3592,8605,27582,4221,5814,22640,3925,6508,24870,Day_1,Fair,Slow,2.5mm,Experiment_2
2025-10-23T00:30:31.625Z,2738,6922,24417,3591,8600,27569,4236,5852,22674,3938,6529,24944,Day_1,Fair,Slow,2.5mm,Experiment_2
2025-10-23T00:30:31.665Z,2736,6915,24399,3593,8596,27556,4252,5908,22741,3956,6557,25052,Day_1,Fair,Slow,2.5mm,Experiment_2
2025-10-23T00:30:31.705Z,2736,6915,24391,3598,8598,27547,4253,5945,22802,3964,6568,25127,Day_1,Fair,Slow,2.5mm,Experiment_2
2025-10-23T00:30:31.745Z,2742,6915,24390,3607,8598,27543,4243,5941,22842,3961,6566,25155,Day_1,Fair,Slow,2.5mm,Experiment_2
2025-10-23T00:30:31.785Z,2751,6912,24390,3619,8592,27543,4228,5904,22863,3955,6569,25165,Day_1,Fair,Slow,2.5mm,Experiment_2
2025-10-23T00:30:31.825Z,2754,6910,24388,3623,8587,27543,4213,5863,22862,3949,6577,25177,Day_1,Fair,Slow,2.5mm,Experiment_2
2025-10-23T00:30:31.865Z,2747,6914,24391,3616,8588,27544,4205,5839,22845,3945,6579,25179,Day_1,Fair,Slow,2.5mm,Experiment_2
2025-10-23T00:30:31.905Z,2736,6923,24403,3606,8595,27550,4203,5829,22812,3936,6565,25140,Day_1,Fair,Slow,2.5mm,Experiment_2
2025-10-23T00:30:31.945Z,2736,6930,24428,3605,8602,27562,4192,5816,22732,3917,6529,25012,Day_1,Fair,Slow,2.5mm,Experiment_2
2025-10-23T00:30:31.985Z,2747,6930,24469,3611,8603,27576,4168,5792,22581,3884,6471,24770,Day_1,Fair,Slow,2.5mm,Experiment_2
2025-10-23T00:30:32.025Z,2755,6929,24513,3612,8603,27582,4150,5775,22414,3850,6412,24493,Day_1,Fair,Slow,2.5mm,Experiment_2
2025-10-23T00:30:32.065Z,2751,6929,24533,3605,8604,27584,4156,5777,22328,3835,6382,24332,Day_1,Fair,Slow,2.5mm,Experiment_2
2025-10-23T00:30:32.104Z,2746,6924,24521,3602,8601,27586,4174,5783,22348,3842,6386,24353,Day_1,Fair,Slow,2.5mm,Experiment_2
2025-10-23T00:30:32.144Z,2749,6915,24490,3608,8594,27585,4189,5784,22427,3861,6410,24491,Day_1,Fair,Slow,2.5mm,Experiment_2
2025-10-23T00:30:32.184Z,2756,6911,24457,3617,8589,27577,4203,5789,22518,3882,6440,24654,Day_1,Fair,Slow,2.5mm,Experiment_2
2025-10-23T00:30:32.224Z,2762,6912,24434,3622,8587,27568,4221,5801,22604,3900,6468,24788,Day_1,Fair,Slow,2.5mm,Experiment_2
2025-10-23T00:30:32.264Z,2765,6913,24425,3626,8584,27567,4235,5812,22670,3914,6491,24874,Day_1,Fair,Slow,2.5mm,Experiment_2
2025-10-23T00:30:32.304Z,2768,6914,24429,3630,8581,27574,4233,5822,22694,3918,6508,24907,Day_1,Fair,Slow,2.5mm,Experiment_2
2025-10-23T00:30:32.344Z,2770,6915,24433,3631,8580,27579,4222,5827,22674,3915,6517,24896,Day_1,Fair,Slow,2.5mm,Experiment_2
2025-10-23T00:30:32.384Z,2771,6911,24431,3631,8579,27576,4219,5825,22651,3916,6521,24886,Day_1,Fair,Slow,2.5mm,Experiment_2
2025-10-23T00:30:32.424Z,2772,6908,24419,3632,8579,27565,4227,5819,22676,3926,6527,24934,Day_1,Fair,Slow,2.5mm,Experiment_2
2025-10-23T00:30:32.465Z,2769,6915,24406,3627,8584,27555,4233,5822,22742,3939,6541,25025,Day_1,Fair,Slow,2.5mm,Experiment_2
2025-10-23T00:30:32.505Z,2760,6928,24401,3617,8594,27552,4237,5836,22801,3950,6557,25095,Day_1,Fair,Slow,2.5mm,Experiment_2
2025-10-23T00:30:32.545Z,2750,6938,24402,3607,8603,27556,4244,5849,22831,3959,6568,25130,Day_1,Fair,Slow,2.5mm,Experiment_2
2025-10-23T00:30:32.585Z,2741,6942,24398,3601,8613,27559,4245,5853,22839,3963,6575,25152,Day_1,Fair,Slow,2.5mm,Experiment_2
2025-10-23T00:30:32.625Z,2731,6945,24391,3597,8621,27557,4236,5847,22839,3960,6577,25175,Day_1,Fair,Slow,2.5mm,Experiment_2
2025-10-23T00:30:32.665Z,2723,6945,24391,3596,8622,27553,4225,5837,22837,3954,6576,25190,Day_1,Fair,Slow,2.5mm,Experiment_2
2025-10-23T00:30:32.705Z,2722,6937,24398,3597,8613,27553,4221,5833,22823,3948,6574,25174,Day_1,Fair,Slow,2.5mm,Experiment_2
2025-10-23T00:30:32.745Z,2728,6929,24412,3598,8603,27560,4221,5829,22765,3940,6561,25089,Day_1,Fair,Slow,2.5mm,Experiment_2
2025-10-23T00:30:32.785Z,2734,6929,24441,3597,8601,27575,4214,5810,22637,3920,6523,24901,Day_1,Fair,Slow,2.5mm,Experiment_2
2025-10-23T00:30:32.825Z,2739,6936,24482,3598,8607,27592,4198,5777,22460,3889,6462,24637,Day_1,Fair,Slow,2.5mm,Experiment_2
2025-10-23T00:30:32.865Z,2741,6939,24514,3599,8611,27603,4185,5752,22315,3862,6406,24409,Day_1,Fair,Slow,2.5mm,Experiment_2
2025-10-23T00:30:32.905Z,2742,6931,24520,3599,8609,27603,4183,5745,22271,3850,6380,24321,Day_1,Fair,Slow,2.5mm,Experiment_2
2025-10-23T00:30:32.945Z,2744,6919,24506,3599,8602,27599,4189,5751,22321,3852,6388,24374,Day_1,Fair,Slow,2.5mm,Experiment_2
2025-10-23T00:30:32.985Z,2747,6912,24484,3601,8600,27592,4197,5767,22418,3861,6415,24505,Day_1,Fair,Slow,2.5mm,Experiment_2
2025-10-23T00:30:33.025Z,2749,6912,24457,3603,8601,27583,4204,5792,22519,3876,6452,24654,Day_1,Fair,Slow,2.5mm,Experiment_2
2025-10-23T00:30:33.065Z,2749,6917,24434,3606,8601,27576,4209,5820,22601,3893,6488,24786,Day_1,Fair,Slow,2.5mm,Experiment_2
2025-10-23T00:30:33.105Z,2746,6923,24421,3605,8599,27572,4207,5843,22651,3908,6513,24878,Day_1,Fair,Slow,2.5mm,Experiment_2
2025-10-23T00:30:33.145Z,2744,6924,24419,3603,8593,27570,4199,5853,22668,3912,6521,24916,Day_1,Fair,Slow,2.5mm,Experiment_2
2025-10-23T00:30:33.185Z,2744,6921,24427,3604,8589,27572,4189,5847,22656,3907,6513,24906,Day_1,Fair,Slow,2.5mm,Experiment_2
2025-10-23T00:30:33.225Z,2746,6922,24441,3608,8590,27579,4183,5837,22646,3900,6505,24891,Day_1,Fair,Slow,2.5mm,Experiment_2
2025-10-23T00:30:33.265Z,2753,6924,24445,3613,8592,27583,4182,5835,22671,3903,6510,24922,Day_1,Fair,Slow,2.5mm,Experiment_2
2025-10-23T00:30:33.305Z,2758,6925,24432,3616,8592,27579,4182,5837,22732,3916,6529,25008,Day_1,Fair,Slow,2.5mm,Experiment_2
2025-10-23T00:30:33.345Z,2756,6929,24410,3612,8596,27568,4187,5836,22791,3932,6549,25107,Day_1,Fair,Slow,2.5mm,Experiment_2
2025-10-23T00:30:33.385Z,2751,6932,24396,3608,8601,27556,4199,5834,22823,3943,6563,25173,Day_1,Fair,Slow,2.5mm,Experiment_2
2025-10-23T00:30:33.425Z,2749,6930,24392,3608,8602,27549,4211,5835,22838,3947,6570,25202,Day_1,Fair,Slow,2.5mm,Experiment_2
2025-10-23T00:30:33.465Z,2749,6921,24395,3610,8597,27546,4218,5837,22853,3947,6573,25207,Day_1,Fair,Slow,2.5mm,Experiment_2
2025-10-23T00:30:33.505Z,2746,6910,24407,3609,8590,27549,4226,5845,22862,3950,6576,25188,Day_1,Fair,Slow,2.5mm,Experiment_2
2025-10-23T00:30:33.545Z,2742,6899,24428,3607,8582,27563,4232,5855,22841,3952,6572,25139,Day_1,Fair,Slow,2.5mm,Experiment_2
2025-10-23T00:30:33.585Z,2743,6892,24456,3607,8573,27585,4231,5852,22768,3940,6550,25030,Day_1,Fair,Slow,2.5mm,Experiment_2
2025-10-23T00:30:33.625Z,2749,6891,24487,3612,8568,27604,4216,5828,22631,3912,6500,24824,Day_1,Fair,Slow,2.5mm,Experiment_2
2025-10-23T00:30:33.665Z,2756,6902,24510,3617,8574,27606,4190,5786,22457,3876,6432,24552,Day_1,Fair,Slow,2.5mm,Experiment_2
2025-10-23T00:30:33.705Z,2756,6916,24517,3614,8587,27597,4165,5748,22323,3849,6377,24341,Day_1,Fair,Slow,2.5mm,Experiment_2
2025-10-23T00:30:33.745Z,2753,6923,24505,3608,8594,27588,4155,5733,22285,3842,6360,24293,Day_1,Fair,Slow,2.5mm,Experiment_2
2025-10-23T00:30:33.785Z,2750,6922,24483,3604,8591,27580,4162,5747,22340,3855,6382,24390,Day_1,Fair,Slow,2.5mm,Experiment_2
2025-10-23T00:30:33.825Z,2749,6922,24458,3603,8587,27573,4176,5785,22453,3875,6427,24556,Day_1,Fair,Slow,2.5mm,Experiment_2
2025-10-23T00:30:33.865Z,2749,6929,24435,3603,8590,27569,4191,5823,22572,3895,6474,24723,Day_1,Fair,Slow,2.5mm,Experiment_2
2025-10-23T00:30:33.905Z,2753,6937,24417,3606,8598,27563,4203,5844,22650,3910,6507,24848,Day_1,Fair,Slow,2.5mm,Experiment_2
2025-10-23T00:30:33.945Z,2756,6939,24408,3608,8603,27556,4209,5845,22677,3916,6522,24912,Day_1,Fair,Slow,2.5mm,Experiment_2
2025-10-23T00:30:33.985Z,2755,6936,24414,3609,8608,27558,4206,5835,22663,3913,6519,24914,Day_1,Fair,Slow,2.5mm,Experiment_2
2025-10-23T00:30:34.025Z,2753,6938,24434,3609,8614,27572,4204,5827,22634,3911,6511,24883,Day_1,Fair,Slow,2.5mm,Experiment_2
2025-10-23T00:30:34.065Z,2747,6943,24448,3606,8617,27587,4217,5832,22635,3921,6514,24883,Day_1,Fair,Slow,2.5mm,Experiment_2
2025-10-23T00:30:34.105Z,2738,6945,24440,3600,8616,27588,4242,5850,22688,3943,6536,24950,Day_1,Fair,Slow,2.5mm,Experiment_2
2025-10-23T00:30:34.145Z,2732,6944,24419,3594,8611,27576,4264,5878,22757,3962,6568,25048,Day_1,Fair,Slow,2.5mm,Experiment_2
2025-10-23T00:30:34.185Z,2728,6940,24404,3590,8608,27563,4266,5900,22802,3966,6590,25124,Day_1,Fair,Slow,2.5mm,Experiment_2
2025-10-23T00:30:34.225Z,2722,6933,24399,3585,8608,27554,4258,5905,22828,3962,6598,25163,Day_1,Fair,Slow,2.5mm,Experiment_2
2025-10-23T00:30:34.265Z,2718,6921,24397,3585,8604,27551,4254,5895,22854,3962,6596,25178,Day_1,Fair,Slow,2.5mm,Experiment_2
2025-10-23T00:30:34.305Z,2720,6910,24395,3590,8600,27550,4256,5879,22873,3965,6591,25181,Day_1,Fair,Slow,2.5mm,Experiment_2
2025-10-23T00:30:34.345Z,2724,6910,24394,3595,8598,27551,4258,5868,22862,3962,6582,25175,Day_1,Fair,Slow,2.5mm,Experiment_2
2025-10-23T00:30:34.385Z,2727,6918,24401,3595,8598,27555,4257,5848,22809,3951,6563,25132,Day_1,Fair,Slow,2.5mm,Experiment_2
2025-10-23T00:30:34.425Z,2727,6922,24424,3592,8597,27567,4251,5806,22700,3931,6524,24995,Day_1,Fair,Slow,2.5mm,Experiment_2
2025-10-23T00:30:34.465Z,2729,6923,24467,3589,8600,27582,4236,5757,22542,3899,6460,24747,Day_1,Fair,Slow,2.5mm,Experiment_2
2025-10-23T00:30:34.505Z,2735,6924,24511,3589,8605,27590,4209,5727,22394,3862,6394,24478,Day_1,Fair,Slow,2.5mm,Experiment_2
2025-10-23T00:30:34.545Z,2739,6926,24530,3588,8608,27589,4181,5722,22332,3838,6355,24335,Day_1,Fair,Slow,2.5mm,Experiment_2
2025-10-23T00:30:34.585Z,2740,6929,24514,3589,8607,27583,4170,5733,22367,3842,6358,24370,Day_1,Fair,Slow,2.5mm,Experiment_2
2025-10-23T00:30:34.625Z,2744,6928,24479,3595,8601,27575,4176,5749,22449,3862,6391,24505,Day_1,Fair,Slow,2.5mm,Experiment_2
2025-10-23T00:30:34.665Z,2753,6920,24445,3604,8591,27567,4185,5767,22533,3881,6432,24652,Day_1,Fair,Slow,2.5mm,Experiment_2
2025-10-23T00:30:34.705Z,2763,6912,24423,3613,8584,27560,4186,5785,22604,3893,6469,24779,Day_1,Fair,Slow,2.5mm,Experiment_2
2025-10-23T00:30:34.745Z,2768,6909,24420,3617,8585,27559,4186,5804,22661,3899,6497,24879,Day_1,Fair,Slow,2.5mm,Experiment_2
2025-10-23T00:30:34.785Z,2768,6910,24431,3618,8589,27562,4190,5818,22692,3905,6514,24936,Day_1,Fair,Slow,2.5mm,Experiment_2
2025-10-23T00:30:34.825Z,2766,6912,24441,3619,8594,27565,4193,5826,22692,3909,6519,24937,Day_1,Fair,Slow,2.5mm,Experiment_2
2025-10-23T00:30:34.865Z,2762,6915,24440,3618,8596,27565,4195,5826,22686,3910,6519,24918,Day_1,Fair,Slow,2.5mm,Experiment_2
2025-10-23T00:30:34.905Z,2755,6916,24426,3614,8594,27565,4202,5826,22712,3916,6528,24943,Day_1,Fair,Slow,2.5mm,Experiment_2
2025-10-23T00:30:34.945Z,2746,6914,24409,3607,8588,27567,4211,5834,22766,3926,6548,25022,Day_1,Fair,Slow,2.5mm,Experiment_2
2025-10-23T00:30:34.986Z,2740,6912,24402,3601,8583,27569,4216,5839,22805,3935,6562,25100,Day_1,Fair,Slow,2.5mm,Experiment_2
2025-10-23T00:30:35.026Z,2737,6915,24404,3596,8583,27567,4218,5833,22812,3938,6566,25146,Day_1,Fair,Slow,2.5mm,Experiment_2
2025-10-23T00:30:35.066Z,2735,6919,24406,3594,8584,27562,4222,5834,22813,3939,6569,25166,Day_1,Fair,Slow,2.5mm,Experiment_2
2025-10-23T00:30:35.106Z,2736,6922,24406,3595,8584,27558,4231,5848,22829,3942,6575,25169,Day_1,Fair,Slow,2.5mm,Experiment_2
2025-10-23T00:30:35.146Z,2738,6924,24400,3600,8590,27556,4246,5860,22848,3952,6581,25162,Day_1,Fair,Slow,2.5mm,Experiment_2
2025-10-23T00:30:35.186Z,2740,6925,24391,3604,8597,27551,4251,5856,22849,3956,6582,25143,Day_1,Fair,Slow,2.5mm,Experiment_2
2025-10-23T00:30:35.226Z,2740,6921,24391,3604,8597,27547,4232,5838,22801,3944,6566,25077,Day_1,Fair,Slow,2.5mm,Experiment_2
2025-10-23T00:30:35.266Z,2740,6921,24420,3601,8596,27556,4202,5814,22682,3915,6522,24911,Day_1,Fair,Slow,2.5mm,Experiment_2
2025-10-23T00:30:35.306Z,2745,6929,24468,3599,8601,27574,4179,5787,22514,3880,6455,24658,Day_1,Fair,Slow,2.5mm,Experiment_2
2025-10-23T00:30:35.346Z,2751,6935,24503,3599,8607,27586,4171,5764,22374,3852,6395,24434,Day_1,Fair,Slow,2.5mm,Experiment_2
2025-10-23T00:30:35.386Z,2753,6935,24506,3601,8611,27585,4177,5760,22328,3843,6374,24348,Day_1,Fair,Slow,2.5mm,Experiment_2
2025-10-23T00:30:35.426Z,2751,6933,24484,3603,8610,27577,4188,5784,22376,3848,6397,24401,Day_1,Fair,Slow,2.5mm,Experiment_2
2025-10-23T00:30:35.466Z,2747,6931,24457,3604,8608,27567,4197,5827,22472,3861,6444,24532,Day_1,Fair,Slow,2.5mm,Experiment_2
2025-10-23T00:30:35.506Z,2745,6927,24434,3604,8604,27558,4204,5858,22574,3880,6490,24685,Day_1,Fair,Slow,2.5mm,Experiment_2
2025-10-23T00:30:35.546Z,2744,6922,24423,3603,8598,27556,4210,5852,22658,3900,6514,24816,Day_1,Fair,Slow,2.5mm,Experiment_2
2025-10-23T00:30:35.586Z,2743,6918,24425,3602,8590,27561,4209,5826,22706,3914,6518,24900,Day_1,Fair,Slow,2.5mm,Experiment_2
2025-10-23T00:30:35.626Z,2741,6914,24431,3602,8585,27569,4204,5807,22703,3918,6516,24923,Day_1,Fair,Slow,2.5mm,Experiment_2
2025-10-23T00:30:35.666Z,2738,6915,24432,3603,8586,27578,4204,5802,22665,3917,6513,24900,Day_1,Fair,Slow,2.5mm,Experiment_2
2025-10-23T00:30:35.706Z,2738,6919,24434,3606,8592,27589,4215,5809,22638,3921,6514,24882,Day_1,Fair,Slow,2.5mm,Experiment_2
2025-10-23T00:30:35.746Z,2741,6923,24432,3610,8592,27595,4238,5826,22663,3932,6527,24916,Day_1,Fair,Slow,2.5mm,Experiment_2
2025-10-23T00:30:35.786Z,2741,6922,24423,3609,8589,27592,4259,5848,22728,3946,6552,24992,Day_1,Fair,Slow,2.5mm,Experiment_2
2025-10-23T00:30:35.826Z,2737,6923,24416,3604,8589,27587,4263,5861,22793,3957,6575,25066,Day_1,Fair,Slow,2.5mm,Experiment_2
2025-10-23T00:30:35.866Z,2734,6924,24416,3602,8589,27586,4255,5860,22834,3962,6585,25117,Day_1,Fair,Slow,2.5mm,Experiment_2
2025-10-23T00:30:35.906Z,2735,6920,24411,3604,8584,27581,4247,5859,22850,3964,6587,25157,Day_1,Fair,Slow,2.5mm,Experiment_2
2025-10-23T00:30:35.946Z,2736,6914,24399,3607,8578,27569,4245,5866,22849,3964,6587,25183,Day_1,Fair,Slow,2.5mm,Experiment_2
2025-10-23T00:30:35.986Z,2738,6915,24389,3607,8580,27556,4246,5871,22836,3960,6584,25181,Day_1,Fair,Slow,2.5mm,Experiment_2
2025-10-23T00:30:36.026Z,2740,6920,24391,3605,8589,27549,4243,5863,22808,3949,6572,25136,Day_1,Fair,Slow,2.5mm,Experiment_2
2025-10-23T00:30:36.066Z,2741,6927,24416,3602,8601,27556,4226,5841,22735,3927,6542,25016,Day_1,Fair,Slow,2.5mm,Experiment_2
2025-10-23T00:30:36.106Z,2742,6934,24464,3598,8612,27575,4201,5804,22592,3898,6485,24791,Day_1,Fair,Slow,2.5mm,Experiment_2
2025-10-23T00:30:36.146Z,2742,6940,24515,3595,8619,27596,4181,5760,22423,3866,6414,24512,Day_1,Fair,Slow,2.5mm,Experiment_2
2025-10-23T00:30:36.186Z,2737,6939,24538,3592,8619,27605,4171,5731,22318,3844,6364,24323,Day_1,Fair,Slow,2.5mm,Experiment_2
2025-10-23T00:30:36.226Z,2733,6929,24523,3589,8609,27598,4174,5732,22319,3844,6357,24308,Day_1,Fair,Slow,2.5mm,Experiment_2
2025-10-23T00:30:36.266Z,2732,6915,24490,3587,8595,27585,4192,5755,22396,3862,6387,24427,Day_1,Fair,Slow,2.5mm,Experiment_2
2025-10-23T00:30:36.306Z,2731,6908,24462,3586,8588,27577,4215,5782,22505,3888,6431,24593,Day_1,Fair,Slow,2.5mm,Experiment_2
2025-10-23T00:30:36.346Z,2726,6915,24439,3585,8591,27571,4227,5807,22612,3909,6472,24744,Day_1,Fair,Slow,2.5mm,Experiment_2
2025-10-23T00:30:36.386Z,2724,6926,24423,3587,8599,27565,4222,5828,22690,3918,6503,24855,Day_1,Fair,Slow,2.5mm,Experiment_2
2025-10-23T00:30:36.426Z,2729,6936,24418,3593,8611,27562,4212,5841,22721,3917,6519,24919,Day_1,Fair,Slow,2.5mm,Experiment_2
2025-10-23T00:30:36.466Z,2734,6944,24423,3598,8622,27567,4208,5842,22706,3914,6518,24933,Day_1,Fair,Slow,2.5mm,Experiment_2
2025-10-23T00:30:36.506Z,2733,6946,24432,3597,8626,27576,4208,5836,22674,3913,6511,24921,Day_1,Fair,Slow,2.5mm,Experiment_2
2025-10-23T00:30:36.546Z,2725,6938,24428,3591,8621,27578,4213,5834,22673,3920,6517,24933,Day_1,Fair,Slow,2.5mm,Experiment_2
2025-10-23T00:30:36.586Z,2717,6926,24407,3585,8610,27569,4218,5836,22717,3930,6539,24996,Day_1,Fair,Slow,2.5mm,Experiment_2
2025-10-23T00:30:36.626Z,2714,6918,24390,3585,8602,27557,4213,5839,22768,3934,6562,25074,Day_1,Fair,Slow,2.5mm,Experiment_2
2025-10-23T00:30:36.666Z,2718,6914,24389,3591,8595,27550,4206,5846,22798,3935,6575,25130,Day_1,Fair,Slow,2.5mm,Experiment_2
2025-10-23T00:30:36.706Z,2730,6909,24392,3602,8587,27543,4208,5859,22815,3939,6582,25161,Day_1,Fair,Slow,2.5mm,Experiment_2
2025-10-23T00:30:36.746Z,2741,6903,24384,3610,8583,27536,4222,5875,22829,3946,6590,25170,Day_1,Fair,Slow,2.5mm,Experiment_2
2025-10-23T00:30:36.786Z,2741,6901,24376,3608,8584,27535,4251,5885,22840,3958,6597,25171,Day_1,Fair,Slow,2.5mm,Experiment_2
2025-10-23T00:30:36.826Z,2735,6905,24378,3600,8590,27540,4280,5878,22837,3970,6592,25167,Day_1,Fair,Slow,2.5mm,Experiment_2
2025-10-23T00:30:36.866Z,2733,6914,24392,3596,8599,27548,4286,5853,22796,3970,6571,25120,Day_1,Fair,Slow,2.5mm,Experiment_2
2025-10-23T00:30:36.906Z,2735,6920,24416,3597,8605,27559,4258,5814,22693,3947,6530,24978,Day_1,Fair,Slow,2.5mm,Experiment_2
2025-10-23T00:30:36.946Z,2736,6923,24457,3598,8607,27572,4208,5775,22543,3902,6471,24735,Day_1,Fair,Slow,2.5mm,Experiment_2
2025-10-23T00:30:36.986Z,2742,6928,24502,3601,8607,27583,4161,5748,22407,3857,6409,24484,Day_1,Fair,Slow,2.5mm,Experiment_2
2025-10-23T00:30:37.026Z,2749,6932,24520,3604,8608,27587,4141,5741,22350,3835,6374,24354,Day_1,Fair,Slow,2.5mm,Experiment_2
2025-10-23T00:30:37.066Z,2751,6933,24505,3606,8609,27589,4153,5755,22379,3842,6383,24386,Day_1,Fair,Slow,2.5mm,Experiment_2
2025-10-23T00:30:37.106Z,2748,6935,24480,3606,8612,27590,4188,5781,22453,3869,6420,24509,Day_1,Fair,Slow,2.5mm,Experiment_2
2025-10-23T00:30:37.146Z,2746,6934,24458,3606,8611,27587,4220,5806,22540,3898,6459,24654,Day_1,Fair,Slow,2.5mm,Experiment_2
2025-10-23T00:30:37.186Z,2746,6928,24438,3604,8604,27576,4238,5819,22623,3917,6486,24783,Day_1,Fair,Slow,2.5mm,Experiment_2
2025-10-23T00:30:37.226Z,2743,6920,24422,3598,8597,27566,4240,5816,22682,3924,6498,24873,Day_1,Fair,Slow,2.5mm,Experiment_2
2025-10-23T00:30:37.266Z,2739,6914,24420,3595,8592,27568,4227,5803,22695,3921,6498,24907,Day_1,Fair,Slow,2.5mm,Experiment_2
2025-10-23T00:30:37.306Z,2739,6910,24429,3596,8590,27576,4210,5784,22664,3913,6492,24892,Day_1,Fair,Slow,2.5mm,Experiment_2
2025-10-23T00:30:37.346Z,2740,6914,24433,3596,8594,27582,4199,5772,22631,3908,6488,24870,Day_1,Fair,Slow,2.5mm,Experiment_2
2025-10-23T00:30:37.386Z,2741,6930,24429,3596,8605,27581,4200,5784,22643,3912,6500,24897,Day_1,Fair,Slow,2.5mm,Experiment_2
2025-10-23T00:30:37.426Z,2742,6945,24418,3599,8616,27575,4217,5812,22696,3925,6525,24978,Day_1,Fair,Slow,2.5mm,Experiment_2
2025-10-23T00:30:37.466Z,2743,6942,24405,3603,8613,27567,4237,5841,22757,3939,6551,25068,Day_1,Fair,Slow,2.5mm,Experiment_2
2025-10-23T00:30:37.506Z,2745,6920,24400,3606,8592,27563,4244,5861,22806,3944,6568,25132,Day_1,Fair,Slow,2.5mm,Experiment_2
2025-10-23T00:30:37.546Z,2744,6898,24403,3606,8568,27562,4241,5865,22837,3946,6574,25160,Day_1,Fair,Slow,2.5mm,Experiment_2
2025-10-23T00:30:37.586Z,2741,6891,24403,3603,8558,27556,4241,5854,22857,3953,6575,25166,Day_1,Fair,Slow,2.5mm,Experiment_2
2025-10-23T00:30:37.626Z,2742,6897,24394,3604,8564,27547,4247,5839,22861,3962,6576,25168,Day_1,Fair,Slow,2.5mm,Experiment_2
2025-10-23T00:30:37.666Z,2750,6911,24392,3608,8580,27547,4257,5831,22833,3967,6575,25152,Day_1,Fair,Slow,2.5mm,Experiment_2
2025-10-23T00:30:37.706Z,2758,6926,24408,3613,8596,27559,4267,5830,22756,3963,6562,25074,Day_1,Fair,Slow,2.5mm,Experiment_2
2025-10-23T00:30:37.746Z,2764,6937,24443,3616,8607,27577,4261,5819,22618,3944,6521,24888,Day_1,Fair,Slow,2.5mm,Experiment_2
2025-10-23T00:30:37.786Z,2766,6942,24485,3618,8615,27591,4234,5792,22445,3907,6453,24622,Day_1,Fair,Slow,2.5mm,Experiment_2
2025-10-23T00:30:37.826Z,2764,6943,24517,3619,8618,27598,4207,5766,22316,3872,6394,24406,Day_1,Fair,Slow,2.5mm,Experiment_2
2025-10-23T00:30:37.866Z,2760,6936,24525,3619,8615,27600,4195,5760,22292,3855,6372,24343,Day_1,Fair,Slow,2.5mm,Experiment_2
2025-10-23T00:30:37.906Z,2755,6927,24513,3616,8606,27600,4195,5774,22362,3857,6386,24413,Day_1,Fair,Slow,2.5mm,Experiment_2
2025-10-23T00:30:37.946Z,2747,6920,24488,3608,8596,27597,4208,5798,22472,3872,6421,24547,Day_1,Fair,Slow,2.5mm,Experiment_2
2025-10-23T00:30:37.986Z,2738,6921,24457,3599,8594,27586,4222,5821,22583,3892,6462,24695,Day_1,Fair,Slow,2.5mm,Experiment_2
2025-10-23T00:30:38.026Z,2736,6934,24433,3594,8606,27575,4223,5836,22667,3907,6496,24823,Day_1,Fair,Slow,2.5mm,Experiment_2
2025-10-23T00:30:38.066Z,2738,6951,24425,3593,8620,27571,4217,5846,22709,3913,6516,24903,Day_1,Fair,Slow,2.5mm,Experiment_2
2025-10-23T00:30:38.106Z,2740,6957,24430,3595,8626,27574,4215,5849,22705,3913,6521,24923,Day_1,Fair,Slow,2.5mm,Experiment_2
2025-10-23T00:30:38.146Z,2742,6951,24439,3600,8623,27579,4227,5842,22673,3915,6516,24903,Day_1,Fair,Slow,2.5mm,Experiment_2
2025-10-23T00:30:38.186Z,2748,6939,24449,3608,8614,27586,4249,5827,22660,3924,6511,24896,Day_1,Fair,Slow,2.5mm,Experiment_2
2025-10-23T00:30:38.226Z,2753,6927,24447,3615,8603,27591,4261,5814,22703,3938,6516,24953,Day_1,Fair,Slow,2.5mm,Experiment_2
2025-10-23T00:30:38.266Z,2753,6919,24430,3616,8593,27584,4254,5812,22778,3946,6530,25056,Day_1,Fair,Slow,2.5mm,Experiment_2
2025-10-23T00:30:38.306Z,2750,6914,24407,3609,8585,27565,4241,5826,22826,3950,6547,25139,Day_1,Fair,Slow,2.5mm,Experiment_2
2025-10-23T00:30:38.346Z,2743,6908,24395,3598,8579,27549,4242,5849,22831,3955,6562,25170,Day_1,Fair,Slow,2.5mm,Experiment_2
2025-10-23T00:30:38.386Z,2735,6900,24400,3589,8571,27548,4252,5865,22829,3962,6574,25170,Day_1,Fair,Slow,2.5mm,Experiment_2
2025-10-23T00:30:38.426Z,2732,6897,24413,3589,8566,27560,4249,5866,22845,3965,6579,25173,Day_1,Fair,Slow,2.5mm,Experiment_2
2025-10-23T00:30:38.466Z,2735,6900,24421,3596,8569,27573,4230,5862,22871,3960,6582,25188,Day_1,Fair,Slow,2.5mm,Experiment_2
2025-10-23T00:30:38.506Z,2742,6905,24422,3605,8577,27580,4207,5860,22866,3949,6577,25171,Day_1,Fair,Slow,2.5mm,Experiment_2
2025-10-23T00:30:38.546Z,2748,6908,24429,3609,8582,27581,4195,5848,22787,3932,6550,25055,Day_1,Fair,Slow,2.5mm,Experiment_2
2025-10-23T00:30:38.586Z,2749,6915,24454,3606,8589,27582,4189,5814,22621,3907,6483,24812,Day_1,Fair,Slow,2.5mm,Experiment_2
2025-10-23T00:30:38.626Z,2749,6927,24491,3602,8599,27581,4180,5774,22424,3873,6387,24517,Day_1,Fair,Slow,2.5mm,Experiment_2
2025-10-23T00:30:38.666Z,2752,6938,24514,3603,8609,27578,4168,5757,22297,3844,6306,24317,Day_1,Fair,Slow,2.5mm,Experiment_2
2025-10-23T00:30:38.706Z,2756,6947,24511,3607,8618,27576,4167,5763,22292,3835,6285,24298,Day_1,Fair,Slow,2.5mm,Experiment_2
2025-10-23T00:30:38.746Z,2753,6951,24487,3607,8624,27574,4182,5773,22378,3850,6333,24418,Day_1,Fair,Slow,2.5mm,Experiment_2
2025-10-23T00:30:38.786Z,2745,6945,24460,3600,8621,27570,4205,5783,22500,3876,6407,24592,Day_1,Fair,Slow,2.5mm,Experiment_2
2025-10-23T00:30:38.826Z,2738,6926,24443,3594,8609,27567,4222,5794,22613,3898,6464,24755,Day_1,Fair,Slow,2.5mm,Experiment_2
2025-10-23T00:30:38.866Z,2735,6902,24441,3592,8599,27569,4229,5802,22687,3910,6495,24868,Day_1,Fair,Slow,2.5mm,Experiment_2
2025-10-23T00:30:38.906Z,2735,6884,24440,3592,8598,27569,4232,5800,22710,3916,6505,24920,Day_1,Fair,Slow,2.5mm,Experiment_2
2025-10-23T00:30:38.946Z,2736,6885,24435,3594,8608,27567,4235,5787,22689,3919,6501,24919,Day_1,Fair,Slow,2.5mm,Experiment_2
2025-10-23T00:30:38.986Z,2740,6901,24430,3599,8613,27568,4236,5779,22660,3920,6497,24901,Day_1,Fair,Slow,2.5mm,Experiment_2
2025-10-23T00:30:39.026Z,2748,6910,24422,3607,8601,27567,4237,5791,22668,3922,6506,24926,Day_1,Fair,Slow,2.5mm,Experiment_2
2025-10-23T00:30:39.066Z,2752,6907,24410,3612,8575,27561,4242,5815,22721,3928,6529,25001,Day_1,Fair,Slow,2.5mm,Experiment_2
2025-10-23T00:30:39.106Z,2747,6909,24403,3607,8554,27557,4251,5833,22783,3938,6553,25073,Day_1,Fair,Slow,2.5mm,Experiment_2
2025-10-23T00:30:39.146Z,2740,6924,24404,3600,8555,27559,4254,5836,22824,3947,6568,25113,Day_1,Fair,Slow,2.5mm,Experiment_2
2025-10-23T00:30:39.186Z,2738,6936,24409,3599,8573,27567,4250,5829,22841,3955,6577,25140,Day_1,Fair,Slow,2.5mm,Experiment_2
2025-10-23T00:30:39.226Z,2739,6935,24411,3601,8585,27572,4244,5826,22841,3960,6582,25170,Day_1,Fair,Slow,2.5mm,Experiment_2
2025-10-23T00:30:39.266Z,2740,6925,24406,3605,8585,27566,4241,5836,22836,3959,6584,25191,Day_1,Fair,Slow,2.5mm,Experiment_2
2025-10-23T00:30:39.306Z,2742,6916,24398,3608,8582,27555,4243,5853,22835,3958,6585,25186,Day_1,Fair,Slow,2.5mm,Experiment_2
2025-10-23T00:30:39.346Z,2743,6917,24400,3606,8586,27548,4249,5861,22815,3957,6574,25130,Day_1,Fair,Slow,2.5mm,Experiment_2
2025-10-23T00:30:39.386Z,2737,6925,24421,3597,8598,27550,4241,5847,22725,3944,6536,24980,Day_1,Fair,Slow,2.5mm,Experiment_2
2025-10-23T00:30:39.426Z,2733,6934,24461,3591,8612,27562,4211,5808,22559,3910,6469,24726,Day_1,Fair,Slow,2.5mm,Experiment_2
2025-10-23T00:30:39.466Z,2735,6934,24502,3592,8622,27579,4172,5759,22395,3867,6400,24469,Day_1,Fair,Slow,2.5mm,Experiment_2
2025-10-23T00:30:39.506Z,2740,6922,24519,3595,8627,27591,4150,5730,22328,3840,6364,24349,Day_1,Fair,Slow,2.5mm,Experiment_2
2025-10-23T00:30:39.546Z,2741,6904,24506,3594,8622,27596,4159,5734,22370,3844,6375,24396,Day_1,Fair,Slow,2.5mm,Experiment_2
2025-10-23T00:30:39.586Z,2741,6897,24475,3594,8611,27591,4184,5759,22460,3868,6411,24529,Day_1,Fair,Slow,2.5mm,Experiment_2
2025-10-23T00:30:39.626Z,2741,6904,24446,3597,8601,27577,4207,5786,22548,3894,6450,24674,Day_1,Fair,Slow,2.5mm,Experiment_2
2025-10-23T00:30:39.667Z,2741,6911,24432,3601,8595,27566,4222,5806,22620,3910,6480,24802,Day_1,Fair,Slow,2.5mm,Experiment_2
2025-10-23T00:30:39.707Z,2740,6914,24430,3603,8593,27565,4234,5815,22670,3920,6499,24889,Day_1,Fair,Slow,2.5mm,Experiment_2
2025-10-23T00:30:39.747Z,2740,6918,24431,3605,8594,27569,4245,5814,22686,3927,6509,24914,Day_1,Fair,Slow,2.5mm,Experiment_2
2025-10-23T00:30:39.787Z,2740,6925,24441,3607,8600,27576,4242,5813,22666,3929,6510,24888,Day_1,Fair,Slow,2.5mm,Experiment_2
2025-10-23T00:30:39.827Z,2738,6932,24454,3607,8604,27585,4229,5815,22640,3924,6511,24858,Day_1,Fair,Slow,2.5mm,Experiment_2
2025-10-23T00:30:39.867Z,2733,6935,24454,3604,8602,27584,4218,5826,22649,3921,6518,24882,Day_1,Fair,Slow,2.5mm,Experiment_2
2025-10-23T00:30:39.907Z,2728,6933,24440,3600,8597,27572,4215,5843,22703,3923,6535,24967,Day_1,Fair,Slow,2.5mm,Experiment_2
2025-10-23T00:30:39.947Z,2731,6930,24429,3601,8591,27562,4218,5854,22767,3929,6555,25062,Day_1,Fair,Slow,2.5mm,Experiment_2
2025-10-23T00:30:39.987Z,2742,6923,24426,3609,8584,27560,4225,5855,22810,3937,6570,25123,Day_1,Fair,Slow,2.5mm,Experiment_2
2025-10-23T00:30:40.027Z,2751,6911,24426,3616,8575,27565,4230,5856,22830,3946,6579,25146,Day_1,Fair,Slow,2.5mm,Experiment_2
2025-10-23T00:30:40.067Z,2751,6898,24424,3615,8564,27572,4232,5863,22840,3953,6585,25152,Day_1,Fair,Slow,2.5mm,Experiment_2
2025-10-23T00:30:40.107Z,2745,6890,24417,3609,8560,27571,4232,5864,22846,3955,6587,25152,Day_1,Fair,Slow,2.5mm,Experiment_2
2025-10-23T00:30:40.147Z,2741,6893,24412,3605,8565,27566,4236,5852,22839,3953,6580,25134,Day_1,Fair,Slow,2.5mm,Experiment_2
2025-10-23T00:30:40.187Z,2745,6903,24424,3607,8578,27568,4241,5830,22788,3946,6554,25053,Day_1,Fair,Slow,2.5mm,Experiment_2
2025-10-23T00:30:40.227Z,2749,6918,24457,3611,8597,27579,4236,5803,22658,3925,6502,24867,Day_1,Fair,Slow,2.5mm,Experiment_2
2025-10-23T00:30:40.267Z,2749,6932,24499,3610,8614,27590,4213,5770,22476,3892,6433,24602,Day_1,Fair,Slow,2.5mm,Experiment_2
2025-10-23T00:30:40.307Z,2748,6940,24526,3606,8623,27594,4191,5742,22337,3863,6377,24386,Day_1,Fair,Slow,2.5mm,Experiment_2
2025-10-23T00:30:40.347Z,2748,6938,24523,3603,8621,27594,4179,5737,22304,3851,6359,24321,Day_1,Fair,Slow,2.5mm,Experiment_2
2025-10-23T00:30:40.387Z,2745,6929,24495,3600,8610,27590,4175,5756,22360,3853,6379,24390,Day_1,Fair,Slow,2.5mm,Experiment_2
2025-10-23T00:30:40.427Z,2740,6920,24457,3595,8599,27575,4182,5786,22459,3866,6422,24531,Day_1,Fair,Slow,2.5mm,Experiment_2
2025-10-23T00:30:40.467Z,2739,6915,24423,3594,8591,27554,4203,5814,22568,3890,6469,24693,Day_1,Fair,Slow,2.5mm,Experiment_2
2025-10-23T00:30:40.507Z,2744,6913,24402,3597,8589,27540,4236,5830,22661,3919,6501,24834,Day_1,Fair,Slow,2.5mm,Experiment_2
2025-10-23T00:30:40.547Z,2752,6913,24399,3605,8592,27541,4258,5827,22710,3935,6511,24917,Day_1,Fair,Slow,2.5mm,Experiment_2
2025-10-23T00:30:40.587Z,2761,6917,24411,3615,8601,27556,4251,5816,22707,3933,6507,24928,Day_1,Fair,Slow,2.5mm,Experiment_2
2025-10-23T00:30:40.627Z,2767,6924,24428,3621,8610,27573,4227,5809,22678,3920,6500,24896,Day_1,Fair,Slow,2.5mm,Experiment_2
2025-10-23T00:30:40.667Z,2766,6925,24436,3620,8609,27585,4213,5812,22668,3912,6501,24887,Day_1,Fair,Slow,2.5mm,Experiment_2
2025-10-23T00:30:40.707Z,2760,6920,24428,3615,8600,27584,4221,5830,22710,3918,6520,24949,Day_1,Fair,Slow,2.5mm,Experiment_2
2025-10-23T00:30:40.747Z,2753,6918,24411,3610,8595,27573,4233,5861,22781,3931,6553,25054,Day_1,Fair,Slow,2.5mm,Experiment_2
2025-10-23T00:30:40.787Z,2748,6922,24397,3606,8597,27561,4237,5885,22829,3940,6580,25132,Day_1,Fair,Slow,2.5mm,Experiment_2
2025-10-23T00:30:40.827Z,2748,6924,24390,3606,8600,27550,4233,5884,22837,3946,6590,25162,Day_1,Fair,Slow,2.5mm,Experiment_2
2025-10-23T00:30:40.867Z,2751,6921,24389,3612,8601,27545,4228,5868,22829,3949,6589,25167,Day_1,Fair,Slow,2.5mm,Experiment_2
2025-10-23T00:30:40.907Z,2751,6919,24394,3615,8602,27548,4222,5856,22825,3950,6586,25169,Day_1,Fair,Slow,2.5mm,Experiment_2
2025-10-23T00:30:40.947Z,2745,6922,24400,3611,8602,27558,4221,5848,22821,3955,6578,25175,Day_1,Fair,Slow,2.5mm,Experiment_2
2025-10-23T00:30:40.987Z,2740,6925,24408,3604,8600,27565,4223,5838,22796,3957,6563,25151,Day_1,Fair,Slow,2.5mm,Experiment_2
2025-10-23T00:30:41.027Z,2739,6929,24424,3600,8601,27572,4213,5813,22718,3939,6527,25028,Day_1,Fair,Slow,2.5mm,Experiment_2
2025-10-23T00:30:41.067Z,2744,6932,24459,3603,8603,27580,4193,5771,22572,3902,6459,24783,Day_1,Fair,Slow,2.5mm,Experiment_2
2025-10-23T00:30:41.107Z,2752,6931,24501,3610,8601,27584,4172,5731,22398,3864,6367,24498,Day_1,Fair,Slow,2.5mm,Experiment_2
2025-10-23T00:30:41.147Z,2756,6925,24520,3612,8597,27581,4159,5722,22294,3844,6297,24319,Day_1,Fair,Slow,2.5mm,Experiment_2
2025-10-23T00:30:41.187Z,2751,6920,24509,3608,8598,27577,4164,5749,22307,3846,6293,24325,Day_1,Fair,Slow,2.5mm,Experiment_2
2025-10-23T00:30:41.227Z,2742,6920,24487,3605,8601,27578,4184,5783,22399,3862,6353,24457,Day_1,Fair,Slow,2.5mm,Experiment_2
2025-10-23T00:30:41.267Z,2740,6919,24468,3606,8600,27580,4207,5807,22514,3882,6429,24625,Day_1,Fair,Slow,2.5mm,Experiment_2
2025-10-23T00:30:41.307Z,2744,6916,24452,3610,8594,27578,4221,5829,22618,3899,6488,24779,Day_1,Fair,Slow,2.5mm,Experiment_2
2025-10-23T00:30:41.347Z,2745,6912,24438,3611,8590,27570,4220,5854,22686,3908,6523,24889,Day_1,Fair,Slow,2.5mm,Experiment_2
2025-10-23T00:30:41.387Z,2739,6911,24427,3607,8592,27560,4210,5864,22699,3909,6533,24938,Day_1,Fair,Slow,2.5mm,Experiment_2
2025-10-23T00:30:41.427Z,2733,6913,24423,3603,8598,27559,4203,5853,22670,3907,6524,24929,Day_1,Fair,Slow,2.5mm,Experiment_2
2025-10-23T00:30:41.467Z,2734,6919,24430,3603,8606,27568,4205,5835,22645,3908,6516,24913,Day_1,Fair,Slow,2.5mm,Experiment_2
2025-10-23T00:30:41.507Z,2740,6925,24435,3606,8610,27575,4216,5827,22672,3917,6526,24962,Day_1,Fair,Slow,2.5mm,Experiment_2
2025-10-23T00:30:41.547Z,2745,6929,24424,3609,8609,27572,4230,5835,22741,3930,6550,25064,Day_1,Fair,Slow,2.5mm,Experiment_2
2025-10-23T00:30:41.587Z,2748,6931,24408,3609,8607,27564,4240,5851,22798,3940,6566,25136,Day_1,Fair,Slow,2.5mm,Experiment_2
2025-10-23T00:30:41.627Z,2751,6928,24397,3607,8601,27556,4243,5862,22826,3943,6571,25156,Day_1,Fair,Slow,2.5mm,Experiment_2
2025-10-23T00:30:41.667Z,2751,6923,24395,3605,8593,27552,4239,5861,22843,3942,6574,25156,Day_1,Fair,Slow,2.5mm,Experiment_2
2025-10-23T00:30:41.707Z,2751,6919,24402,3605,8588,27558,4236,5852,22858,3943,6581,25157,Day_1,Fair,Slow,2.5mm,Experiment_2
2025-10-23T00:30:41.747Z,2754,6914,24407,3609,8583,27567,4232,5842,22864,3946,6585,25159,Day_1,Fair,Slow,2.5mm,Experiment_2
2025-10-23T00:30:41.787Z,2760,6905,24405,3615,8574,27569,4221,5831,22852,3943,6581,25147,Day_1,Fair,Slow,2.5mm,Experiment_2
2025-10-23T00:30:41.827Z,2762,6898,24408,3617,8570,27565,4203,5823,22801,3931,6561,25084,Day_1,Fair,Slow,2.5mm,Experiment_2
2025-10-23T00:30:41.867Z,2758,6910,24431,3612,8583,27570,4184,5812,22688,3911,6518,24925,Day_1,Fair,Slow,2.5mm,Experiment_2
2025-10-23T00:30:41.907Z,2754,6940,24469,3607,8612,27584,4167,5794,22521,3885,6456,24675,Day_1,Fair,Slow,2.5mm,Experiment_2
2025-10-23T00:30:41.947Z,2754,6966,24499,3605,8636,27592,4153,5778,22377,3860,6399,24445,Day_1,Fair,Slow,2.5mm,Experiment_2
2025-10-23T00:30:41.987Z,2755,6969,24506,3604,8638,27589,4142,5769,22331,3845,6372,24354,Day_1,Fair,Slow,2.5mm,Experiment_2
2025-10-23T00:30:42.027Z,2752,6953,24492,3602,8624,27583,4137,5766,22372,3843,6375,24404,Day_1,Fair,Slow,2.5mm,Experiment_2
2025-10-23T00:30:42.067Z,2745,6937,24467,3599,8609,27578,4139,5770,22454,3849,6399,24527,Day_1,Fair,Slow,2.5mm,Experiment_2
2025-10-23T00:30:42.107Z,2739,6924,24444,3597,8597,27574,4148,5783,22555,3863,6436,24672,Day_1,Fair,Slow,2.5mm,Experiment_2
2025-10-23T00:30:42.147Z,2737,6914,24428,3600,8589,27572,4164,5806,22651,3886,6478,24807,Day_1,Fair,Slow,2.5mm,Experiment_2
2025-10-23T00:30:42.187Z,2740,6914,24423,3601,8588,27571,4185,5824,22707,3909,6511,24902,Day_1,Fair,Slow,2.5mm,Experiment_2
2025-10-23T00:30:42.227Z,2741,6917,24426,3600,8591,27572,4205,5830,22707,3923,6523,24933,Day_1,Fair,Slow,2.5mm,Experiment_2
2025-10-23T00:30:42.267Z,2739,6915,24433,3596,8591,27575,4219,5832,22676,3925,6518,24911,Day_1,Fair,Slow,2.5mm,Experiment_2
2025-10-23T00:30:42.307Z,2733,6909,24434,3594,8588,27576,4232,5844,22660,3924,6515,24887,Day_1,Fair,Slow,2.5mm,Experiment_2
2025-10-23T00:30:42.347Z,2731,6905,24425,3595,8585,27573,4240,5868,22688,3928,6528,24920,Day_1,Fair,Slow,2.5mm,Experiment_2
2025-10-23T00:30:42.387Z,2737,6904,24414,3601,8582,27569,4237,5888,22754,3937,6552,25014,Day_1,Fair,Slow,2.5mm,Experiment_2
2025-10-23T00:30:42.427Z,2747,6909,24409,3610,8581,27565,4232,5894,22825,3944,6574,25118,Day_1,Fair,Slow,2.5mm,Experiment_2
2025-10-23T00:30:42.467Z,2756,6918,24410,3617,8585,27564,4231,5892,22870,3947,6588,25180,Day_1,Fair,Slow,2.5mm,Experiment_2
2025-10-23T00:30:42.507Z,2755,6922,24411,3615,8591,27564,4226,5891,22886,3947,6595,25192,Day_1,Fair,Slow,2.5mm,Experiment_2
2025-10-23T00:30:42.547Z,2747,6921,24407,3608,8595,27565,4215,5890,22892,3946,6599,25184,Day_1,Fair,Slow,2.5mm,Experiment_2
2025-10-23T00:30:42.587Z,2741,6920,24402,3605,8597,27570,4212,5883,22894,3950,6599,25178,Day_1,Fair,Slow,2.5mm,Experiment_2
2025-10-23T00:30:42.627Z,2743,6922,24404,3608,8600,27579,4219,5876,22869,3955,6593,25150,Day_1,Fair,Slow,2.5mm,Experiment_2
2025-10-23T00:30:42.667Z,2751,6926,24425,3615,8604,27590,4221,5865,22790,3948,6571,25050,Day_1,Fair,Slow,2.5mm,Experiment_2
2025-10-23T00:30:42.707Z,2762,6925,24463,3619,8606,27599,4208,5837,22650,3920,6519,24845,Day_1,Fair,Slow,2.5mm,Experiment_2
2025-10-23T00:30:42.747Z,2765,6916,24503,3616,8599,27603,4189,5795,22479,3879,6445,24574,Day_1,Fair,Slow,2.5mm,Experiment_2
2025-10-23T00:30:42.787Z,2760,6902,24524,3610,8587,27597,4181,5759,22353,3849,6385,24367,Day_1,Fair,Slow,2.5mm,Experiment_2
2025-10-23T00:30:42.827Z,2755,6895,24517,3607,8580,27589,4184,5750,22328,3839,6367,24317,Day_1,Fair,Slow,2.5mm,Experiment_2
2025-10-23T00:30:42.867Z,2750,6900,24489,3605,8583,27583,4183,5774,22389,3843,6391,24403,Day_1,Fair,Slow,2.5mm,Experiment_2
2025-10-23T00:30:42.907Z,2741,6908,24456,3598,8586,27575,4174,5813,22487,3857,6435,24561,Day_1,Fair,Slow,2.5mm,Experiment_2
2025-10-23T00:30:42.947Z,2732,6912,24427,3589,8586,27562,4180,5846,22583,3883,6480,24726,Day_1,Fair,Slow,2.5mm,Experiment_2
2025-10-23T00:30:42.987Z,2733,6915,24405,3588,8589,27548,4197,5861,22656,3907,6509,24850,Day_1,Fair,Slow,2.5mm,Experiment_2
2025-10-23T00:30:43.027Z,2742,6919,24391,3596,8596,27537,4206,5858,22693,3918,6519,24911,Day_1,Fair,Slow,2.5mm,Experiment_2
2025-10-23T00:30:43.067Z,2752,6925,24389,3603,8603,27536,4199,5846,22688,3916,6515,24913,Day_1,Fair,Slow,2.5mm,Experiment_2
2025-10-23T00:30:43.107Z,2756,6925,24403,3607,8602,27545,4190,5836,22658,3912,6507,24887,Day_1,Fair,Slow,2.5mm,Experiment_2
2025-10-23T00:30:43.147Z,2757,6920,24414,3609,8595,27553,4188,5835,22652,3912,6507,24892,Day_1,Fair,Slow,2.5mm,Experiment_2
2025-10-23T00:30:43.187Z,2757,6916,24410,3612,8587,27550,4196,5847,22703,3918,6527,24966,Day_1,Fair,Slow,2.5mm,Experiment_2
2025-10-23T00:30:43.227Z,2754,6913,24397,3614,8583,27542,4207,5862,22784,3927,6556,25065,Day_1,Fair,Slow,2.5mm,Experiment_2
2025-10-23T00:30:43.268Z,2749,6908,24389,3615,8583,27540,4221,5863,22834,3937,6573,25122,Day_1,Fair,Slow,2.5mm,Experiment_2
2025-10-23T00:30:43.308Z,2748,6904,24392,3617,8585,27549,4238,5849,22838,3950,6576,25131,Day_1,Fair,Slow,2.5mm,Experiment_2
2025-10-23T00:30:43.348Z,2749,6902,24402,3620,8585,27564,4249,5840,22833,3961,6576,25139,Day_1,Fair,Slow,2.5mm,Experiment_2
2025-10-23T00:30:43.388Z,2749,6901,24409,3619,8582,27573,4248,5847,22842,3965,6577,25165,Day_1,Fair,Slow,2.5mm,Experiment_2
2025-10-23T00:30:43.428Z,2748,6905,24407,3614,8583,27567,4243,5858,22844,3961,6575,25180,Day_1,Fair,Slow,2.5mm,Experiment_2
2025-10-23T00:30:43.468Z,2748,6917,24408,3611,8590,27557,4240,5857,22808,3950,6562,25141,Day_1,Fair,Slow,2.5mm,Experiment_2
2025-10-23T00:30:43.508Z,2752,6931,24425,3611,8599,27557,4230,5837,22712,3929,6525,25007,Day_1,Fair,Slow,2.5mm,Experiment_2
2025-10-23T00:30:43.548Z,2755,6942,24463,3610,8606,27572,4204,5803,22552,3893,6458,24760,Day_1,Fair,Slow,2.5mm,Experiment_2
2025-10-23T00:30:43.588Z,2754,6943,24507,3608,8608,27588,4169,5769,22383,3851,6376,24479,Day_1,Fair,Slow,2.5mm,Experiment_2
2025-10-23T00:30:43.628Z,2755,6936,24532,3608,8607,27599,4148,5756,22298,3828,6312,24313,Day_1,Fair,Slow,2.5mm,Experiment_2
2025-10-23T00:30:43.668Z,2759,6928,24527,3613,8603,27603,4151,5765,22332,3833,6306,24333,Day_1,Fair,Slow,2.5mm,Experiment_2
2025-10-23T00:30:43.708Z,2764,6923,24500,3618,8598,27599,4171,5778,22429,3857,6362,24473,Day_1,Fair,Slow,2.5mm,Experiment_2
2025-10-23T00:30:43.748Z,2762,6917,24471,3618,8590,27588,4196,5787,22525,3881,6431,24637,Day_1,Fair,Slow,2.5mm,Experiment_2
2025-10-23T00:30:43.788Z,2758,6914,24449,3616,8586,27578,4215,5793,22605,3897,6476,24779,Day_1,Fair,Slow,2.5mm,Experiment_2
2025-10-23T00:30:43.828Z,2755,6918,24434,3616,8592,27572,4219,5805,22660,3904,6501,24875,Day_1,Fair,Slow,2.5mm,Experiment_2
2025-10-23T00:30:43.868Z,2757,6927,24425,3621,8603,27571,4212,5825,22681,3903,6518,24912,Day_1,Fair,Slow,2.5mm,Experiment_2
2025-10-23T00:30:43.908Z,2764,6929,24421,3629,8608,27569,4205,5844,22677,3902,6527,24902,Day_1,Fair,Slow,2.5mm,Experiment_2
2025-10-23T00:30:43.948Z,2765,6926,24417,3629,8604,27562,4200,5849,22675,3901,6530,24891,Day_1,Fair,Slow,2.5mm,Experiment_2
2025-10-23T00:30:43.988Z,2755,6921,24410,3619,8594,27557,4195,5843,22705,3906,6537,24935,Day_1,Fair,Slow,2.5mm,Experiment_2
2025-10-23T00:30:44.028Z,2744,6915,24402,3607,8585,27559,4193,5842,22753,3915,6551,25022,Day_1,Fair,Slow,2.5mm,Experiment_2
2025-10-23T00:30:44.068Z,2736,6913,24399,3599,8585,27563,4199,5849,22785,3924,6564,25092,Day_1,Fair,Slow,2.5mm,Experiment_2
2025-10-23T00:30:44.108Z,2734,6917,24396,3597,8594,27558,4215,5855,22799,3934,6573,25125,Day_1,Fair,Slow,2.5mm,Experiment_2
2025-10-23T00:30:44.148Z,2736,6927,24394,3602,8605,27549,4237,5860,22809,3945,6582,25141,Day_1,Fair,Slow,2.5mm,Experiment_2
2025-10-23T00:30:44.188Z,2738,6935,24393,3608,8612,27548,4257,5871,22830,3958,6591,25156,Day_1,Fair,Slow,2.5mm,Experiment_2
2025-10-23T00:30:44.228Z,2741,6937,24393,3610,8609,27553,4265,5885,22857,3968,6599,25175,Day_1,Fair,Slow,2.5mm,Experiment_2
2025-10-23T00:30:44.268Z,2744,6932,24397,3610,8601,27558,4251,5885,22858,3964,6596,25177,Day_1,Fair,Slow,2.5mm,Experiment_2
2025-10-23T00:30:44.308Z,2746,6928,24417,3609,8596,27568,4225,5867,22796,3943,6575,25111,Day_1,Fair,Slow,2.5mm,Experiment_2
2025-10-23T00:30:44.348Z,2747,6933,24457,3608,8604,27585,4196,5836,22659,3909,6526,24933,Day_1,Fair,Slow,2.5mm,Experiment_2
2025-10-23T00:30:44.388Z,2749,6942,24503,3608,8615,27601,4166,5798,22478,3868,6457,24670,Day_1,Fair,Slow,2.5mm,Experiment_2
2025-10-23T00:30:44.428Z,2749,6946,24529,3605,8616,27603,4147,5766,22331,3840,6399,24440,Day_1,Fair,Slow,2.5mm,Experiment_2
2025-10-23T00:30:44.468Z,2744,6943,24523,3599,8607,27594,4149,5749,22282,3834,6377,24350,Day_1,Fair,Slow,2.5mm,Experiment_2
2025-10-23T00:30:44.508Z,2736,6936,24499,3591,8599,27584,4160,5753,22329,3843,6390,24395,Day_1,Fair,Slow,2.5mm,Experiment_2
2025-10-23T00:30:44.548Z,2729,6930,24470,3586,8598,27575,4166,5772,22433,3855,6422,24519,Day_1,Fair,Slow,2.5mm,Experiment_2
2025-10-23T00:30:44.588Z,2728,6925,24443,3588,8600,27565,4170,5798,22553,3869,6459,24671,Day_1,Fair,Slow,2.5mm,Experiment_2
2025-10-23T00:30:44.628Z,2731,6922,24425,3595,8598,27557,4178,5823,22647,3889,6493,24805,Day_1,Fair,Slow,2.5mm,Experiment_2
2025-10-23T00:30:44.668Z,2733,6921,24417,3599,8595,27552,4189,5844,22697,3909,6515,24888,Day_1,Fair,Slow,2.5mm,Experiment_2
2025-10-23T00:30:44.708Z,2730,6923,24416,3596,8596,27552,4196,5855,22699,3919,6523,24910,Day_1,Fair,Slow,2.5mm,Experiment_2
2025-10-23T00:30:44.748Z,2730,6926,24420,3594,8604,27558,4199,5852,22663,3918,6519,24886,Day_1,Fair,Slow,2.5mm,Experiment_2
2025-10-23T00:30:44.788Z,2738,6927,24421,3599,8609,27563,4195,5839,22627,3913,6512,24865,Day_1,Fair,Slow,2.5mm,Experiment_2
2025-10-23T00:30:44.828Z,2745,6925,24413,3606,8605,27562,4188,5834,22637,3914,6516,24892,Day_1,Fair,Slow,2.5mm,Experiment_2
2025-10-23T00:30:44.868Z,2745,6927,24397,3607,8600,27555,4196,5845,22696,3926,6539,24967,Day_1,Fair,Slow,2.5mm,Experiment_2
2025-10-23T00:30:44.908Z,2742,6931,24382,3605,8598,27548,4228,5865,22763,3947,6568,25052,Day_1,Fair,Slow,2.5mm,Experiment_2
2025-10-23T00:30:44.948Z,2739,6931,24377,3603,8596,27546,4278,5877,22807,3967,6589,25115,Day_1,Fair,Slow,2.5mm,Experiment_2
2025-10-23T00:30:44.988Z,2737,6930,24380,3601,8596,27548,4317,5876,22823,3973,6594,25157,Day_1,Fair,Slow,2.5mm,Experiment_2
2025-10-23T00:30:45.028Z,2730,6936,24383,3597,8603,27549,4314,5869,22823,3965,6591,25183,Day_1,Fair,Slow,2.5mm,Experiment_2
2025-10-23T00:30:45.068Z,2725,6949,24388,3597,8616,27551,4278,5861,22819,3956,6584,25187,Day_1,Fair,Slow,2.5mm,Experiment_2
2025-10-23T00:30:45.108Z,2728,6957,24404,3602,8626,27559,4247,5856,22803,3950,6574,25153,Day_1,Fair,Slow,2.5mm,Experiment_2
2025-10-23T00:30:45.148Z,2742,6956,24434,3609,8629,27572,4232,5854,22739,3937,6554,25044,Day_1,Fair,Slow,2.5mm,Experiment_2
2025-10-23T00:30:45.188Z,2761,6951,24475,3618,8626,27586,4215,5840,22605,3910,6508,24824,Day_1,Fair,Slow,2.5mm,Experiment_2
2025-10-23T00:30:45.228Z,2772,6948,24512,3622,8623,27594,4191,5806,22434,3877,6436,24542,Day_1,Fair,Slow,2.5mm,Experiment_2
2025-10-23T00:30:45.268Z,2766,6947,24531,3615,8622,27599,4172,5770,22312,3855,6375,24333,Day_1,Fair,Slow,2.5mm,Experiment_2
2025-10-23T00:30:45.308Z,2751,6942,24528,3604,8617,27602,4162,5755,22297,3849,6356,24293,Day_1,Fair,Slow,2.5mm,Experiment_2
2025-10-23T00:30:45.348Z,2741,6929,24508,3597,8604,27597,4159,5767,22368,3853,6377,24395,Day_1,Fair,Slow,2.5mm,Experiment_2
2025-10-23T00:30:45.388Z,2742,6918,24484,3598,8590,27589,4169,5805,22480,3868,6423,24561,Day_1,Fair,Slow,2.5mm,Experiment_2
2025-10-23T00:30:45.428Z,2749,6915,24465,3608,8583,27585,4193,5855,22597,3890,6475,24725,Day_1,Fair,Slow,2.5mm,Experiment_2
2025-10-23T00:30:45.468Z,2753,6918,24448,3616,8586,27584,4217,5892,22690,3910,6518,24846,Day_1,Fair,Slow,2.5mm,Experiment_2
2025-10-23T00:30:45.508Z,2750,6923,24434,3615,8595,27581,4233,5903,22727,3926,6543,24909,Day_1,Fair,Slow,2.5mm,Experiment_2
2025-10-23T00:30:45.548Z,2746,6926,24426,3609,8604,27576,4244,5893,22705,3936,6547,24915,Day_1,Fair,Slow,2.5mm,Experiment_2
2025-10-23T00:30:45.588Z,2742,6930,24427,3603,8611,27573,4248,5873,22663,3940,6538,24894,Day_1,Fair,Slow,2.5mm,Experiment_2
2025-10-23T00:30:45.628Z,2734,6935,24429,3594,8613,27569,4248,5860,22663,3944,6533,24906,Day_1,Fair,Slow,2.5mm,Experiment_2
2025-10-23T00:30:45.668Z,2725,6938,24423,3586,8612,27563,4245,5862,22726,3948,6544,24976,Day_1,Fair,Slow,2.5mm,Experiment_2
2025-10-23T00:30:45.708Z,2725,6940,24414,3584,8610,27558,4232,5864,22801,3946,6561,25062,Day_1,Fair,Slow,2.5mm,Experiment_2
2025-10-23T00:30:45.748Z,2730,6938,24404,3589,8609,27555,4217,5866,22836,3944,6576,25119,Day_1,Fair,Slow,2.5mm,Experiment_2
2025-10-23T00:30:45.788Z,2735,6933,24393,3595,8607,27550,4214,5874,22840,3945,6587,25154,Day_1,Fair,Slow,2.5mm,Experiment_2
2025-10-23T00:30:45.828Z,2736,6923,24389,3599,8600,27548,4226,5887,22847,3950,6598,25183,Day_1,Fair,Slow,2.5mm,Experiment_2
2025-10-23T00:30:45.868Z,2732,6914,24392,3598,8593,27552,4243,5899,22862,3956,6607,25201,Day_1,Fair,Slow,2.5mm,Experiment_2
2025-10-23T00:30:45.908Z,2729,6913,24398,3596,8591,27557,4256,5898,22858,3959,6608,25189,Day_1,Fair,Slow,2.5mm,Experiment_2
2025-10-23T00:30:45.948Z,2731,6918,24405,3595,8592,27559,4258,5874,22807,3956,6589,25121,Day_1,Fair,Slow,2.5mm,Experiment_2
2025-10-23T00:30:45.988Z,2737,6928,24426,3594,8596,27564,4248,5839,22698,3942,6545,24964,Day_1,Fair,Slow,2.5mm,Experiment_2
2025-10-23T00:30:46.028Z,2741,6944,24463,3593,8605,27575,4231,5800,22537,3915,6479,24716,Day_1,Fair,Slow,2.5mm,Experiment_2
2025-10-23T00:30:46.068Z,2739,6960,24499,3590,8611,27584,4208,5762,22377,3885,6410,24463,Day_1,Fair,Slow,2.5mm,Experiment_2
2025-10-23T00:30:46.108Z,2737,6966,24508,3593,8610,27586,4190,5740,22298,3867,6371,24334,Day_1,Fair,Slow,2.5mm,Experiment_2
2025-10-23T00:30:46.148Z,2741,6959,24491,3602,8611,27585,4187,5743,22325,3866,6377,24375,Day_1,Fair,Slow,2.5mm,Experiment_2
2025-10-23T00:30:46.188Z,2747,6946,24470,3611,8611,27585,4199,5759,22417,3877,6408,24511,Day_1,Fair,Slow,2.5mm,Experiment_2
2025-10-23T00:30:46.228Z,2747,6933,24454,3610,8604,27583,4216,5782,22526,3892,6445,24657,Day_1,Fair,Slow,2.5mm,Experiment_2
2025-10-23T00:30:46.268Z,2738,6923,24438,3600,8597,27577,4228,5809,22621,3906,6478,24775,Day_1,Fair,Slow,2.5mm,Experiment_2
2025-10-23T00:30:46.308Z,2729,6922,24421,3590,8600,27571,4234,5828,22681,3918,6504,24858,Day_1,Fair,Slow,2.5mm,Experiment_2
2025-10-23T00:30:46.348Z,2729,6928,24412,3590,8606,27570,4242,5834,22699,3931,6520,24901,Day_1,Fair,Slow,2.5mm,Experiment_2
2025-10-23T00:30:46.388Z,2739,6933,24415,3597,8611,27573,4254,5829,22688,3941,6522,24907,Day_1,Fair,Slow,2.5mm,Experiment_2
2025-10-23T00:30:46.428Z,2752,6934,24420,3605,8610,27573,4259,5821,22668,3944,6518,24907,Day_1,Fair,Slow,2.5mm,Experiment_2
2025-10-23T00:30:46.468Z,2759,6929,24414,3609,8603,27564,4255,5821,22676,3946,6524,24940,Day_1,Fair,Slow,2.5mm,Experiment_2
2025-10-23T00:30:46.508Z,2755,6924,24400,3606,8594,27553,4252,5835,22722,3950,6545,25003,Day_1,Fair,Slow,2.5mm,Experiment_2
2025-10-23T00:30:46.548Z,2747,6921,24390,3599,8588,27548,4250,5859,22766,3954,6570,25063,Day_1,Fair,Slow,2.5mm,Experiment_2
2025-10-23T00:30:46.588Z,2745,6917,24388,3597,8586,27549,4240,5875,22787,3955,6586,25110,Day_1,Fair,Slow,2.5mm,Experiment_2
2025-10-23T00:30:46.628Z,2749,6911,24389,3601,8584,27551,4222,5873,22804,3952,6590,25152,Day_1,Fair,Slow,2.5mm,Experiment_2
2025-10-23T00:30:46.668Z,2751,6910,24392,3605,8588,27551,4217,5862,22827,3951,6587,25179,Day_1,Fair,Slow,2.5mm,Experiment_2
2025-10-23T00:30:46.708Z,2747,6916,24395,3604,8596,27551,4231,5853,22847,3959,6589,25178,Day_1,Fair,Slow,2.5mm,Experiment_2
2025-10-23T00:30:46.748Z,2739,6921,24397,3597,8601,27553,4240,5848,22842,3967,6589,25148,Day_1,Fair,Slow,2.5mm,Experiment_2
2025-10-23T00:30:46.788Z,2730,6920,24405,3589,8601,27558,4227,5839,22789,3961,6573,25066,Day_1,Fair,Slow,2.5mm,Experiment_2
2025-10-23T00:30:46.828Z,2726,6919,24433,3587,8600,27569,4200,5817,22671,3931,6528,24891,Day_1,Fair,Slow,2.5mm,Experiment_2
2025-10-23T00:30:46.868Z,2729,6923,24480,3592,8604,27585,4177,5782,22508,3890,6460,24639,Day_1,Fair,Slow,2.5mm,Experiment_2
2025-10-23T00:30:46.908Z,2736,6929,24519,3598,8609,27595,4170,5752,22368,3860,6402,24422,Day_1,Fair,Slow,2.5mm,Experiment_2
2025-10-23T00:30:46.948Z,2746,6934,24523,3604,8614,27593,4176,5745,22318,3851,6383,24342,Day_1,Fair,Slow,2.5mm,Experiment_2
2025-10-23T00:30:46.988Z,2754,6934,24498,3608,8617,27585,4185,5762,22360,3857,6400,24396,Day_1,Fair,Slow,2.5mm,Experiment_2
2025-10-23T00:30:47.028Z,2760,6928,24468,3612,8612,27580,4191,5793,22456,3871,6433,24526,Day_1,Fair,Slow,2.5mm,Experiment_2
2025-10-23T00:30:47.068Z,2761,6923,24447,3615,8602,27575,4198,5821,22567,3886,6468,24684,Day_1,Fair,Slow,2.5mm,Experiment_2
2025-10-23T00:30:47.108Z,2759,6922,24431,3614,8596,27567,4209,5833,22651,3899,6493,24823,Day_1,Fair,Slow,2.5mm,Experiment_2
2025-10-23T00:30:47.148Z,2758,6924,24422,3614,8596,27560,4220,5833,22690,3906,6510,24905,Day_1,Fair,Slow,2.5mm,Experiment_2
2025-10-23T00:30:47.188Z,2755,6923,24422,3613,8598,27558,4229,5835,22684,3910,6519,24918,Day_1,Fair,Slow,2.5mm,Experiment_2
2025-10-23T00:30:47.229Z,2747,6919,24424,3610,8600,27558,4231,5839,22653,3906,6519,24886,Day_1,Fair,Slow,2.5mm,Experiment_2
2025-10-23T00:30:47.269Z,2741,6913,24420,3609,8600,27555,4229,5842,22631,3893,6520,24865,Day_1,Fair,Slow,2.5mm,Experiment_2
2025-10-23T00:30:47.309Z,2740,6909,24408,3611,8599,27550,4230,5846,22653,3883,6534,24906,Day_1,Fair,Slow,2.5mm,Experiment_2
2025-10-23T00:30:47.349Z,2740,6909,24394,3610,8596,27547,4235,5852,22715,3890,6557,25008,Day_1,Fair,Slow,2.5mm,Experiment_2
2025-10-23T00:30:47.389Z,2735,6913,24387,3605,8593,27546,4232,5858,22787,3912,6575,25117,Day_1,Fair,Slow,2.5mm,Experiment_2
2025-10-23T00:30:47.429Z,2731,6921,24389,3600,8594,27546,4223,5862,22835,3935,6582,25181,Day_1,Fair,Slow,2.5mm,Experiment_2
2025-10-23T00:30:47.469Z,2732,6931,24398,3598,8598,27547,4225,5865,22854,3951,6583,25200,Day_1,Fair,Slow,2.5mm,Experiment_2
2025-10-23T00:30:47.509Z,2736,6940,24409,3598,8597,27551,4236,5868,22857,3960,6588,25194,Day_1,Fair,Slow,2.5mm,Experiment_2
2025-10-23T00:30:47.549Z,2738,6948,24416,3598,8591,27557,4242,5868,22851,3963,6594,25170,Day_1,Fair,Slow,2.5mm,Experiment_2
2025-10-23T00:30:47.589Z,2737,6950,24418,3596,8587,27559,4237,5863,22828,3959,6591,25117,Day_1,Fair,Slow,2.5mm,Experiment_2
2025-10-23T00:30:47.629Z,2735,6946,24428,3595,8596,27560,4224,5844,22757,3944,6561,25002,Day_1,Fair,Slow,2.5mm,Experiment_2
2025-10-23T00:30:47.669Z,2732,6942,24455,3593,8612,27565,4211,5805,22613,3918,6502,24788,Day_1,Fair,Slow,2.5mm,Experiment_2
2025-10-23T00:30:47.709Z,2730,6944,24490,3590,8624,27574,4194,5763,22428,3881,6430,24517,Day_1,Fair,Slow,2.5mm,Experiment_2
2025-10-23T00:30:47.749Z,2732,6947,24514,3587,8626,27582,4174,5739,22300,3850,6376,24324,Day_1,Fair,Slow,2.5mm,Experiment_2
2025-10-23T00:30:47.789Z,2738,6948,24517,3590,8625,27588,4168,5742,22286,3843,6363,24301,Day_1,Fair,Slow,2.5mm,Experiment_2
2025-10-23T00:30:47.829Z,2744,6944,24503,3596,8622,27589,4183,5763,22362,3859,6388,24413,Day_1,Fair,Slow,2.5mm,Experiment_2
2025-10-23T00:30:47.869Z,2744,6938,24477,3601,8616,27584,4204,5788,22477,3884,6432,24577,Day_1,Fair,Slow,2.5mm,Experiment_2
2025-10-23T00:30:47.909Z,2740,6933,24449,3601,8609,27576,4213,5807,22584,3902,6473,24733,Day_1,Fair,Slow,2.5mm,Experiment_2
2025-10-23T00:30:47.949Z,2736,6929,24422,3597,8603,27567,4212,5817,22657,3909,6500,24851,Day_1,Fair,Slow,2.5mm,Experiment_2
2025-10-23T00:30:47.989Z,2733,6926,24402,3594,8598,27556,4212,5825,22694,3910,6514,24916,Day_1,Fair,Slow,2.5mm,Experiment_2
2025-10-23T00:30:48.029Z,2732,6928,24400,3596,8601,27553,4208,5828,22702,3906,6516,24927,Day_1,Fair,Slow,2.5mm,Experiment_2
2025-10-23T00:30:48.069Z,2736,6940,24415,3603,8615,27560,4194,5824,22696,3900,6511,24911,Day_1,Fair,Slow,2.5mm,Experiment_2
2025-10-23T00:30:48.109Z,2744,6956,24428,3610,8631,27571,4183,5824,22707,3899,6514,24923,Day_1,Fair,Slow,2.5mm,Experiment_2
2025-10-23T00:30:48.149Z,2748,6961,24428,3612,8635,27576,4185,5840,22749,3910,6537,24989,Day_1,Fair,Slow,2.5mm,Experiment_2
2025-10-23T00:30:48.189Z,2746,6953,24424,3610,8626,27578,4192,5862,22791,3925,6566,25072,Day_1,Fair,Slow,2.5mm,Experiment_2
2025-10-23T00:30:48.229Z,2745,6943,24417,3609,8616,27576,4195,5867,22813,3936,6580,25131,Day_1,Fair,Slow,2.5mm,Experiment_2
2025-10-23T00:30:48.269Z,2747,6935,24411,3611,8609,27571,4201,5856,22824,3943,6579,25161,Day_1,Fair,Slow,2.5mm,Experiment_2
2025-10-23T00:30:48.309Z,2748,6933,24409,3611,8606,27569,4208,5849,22829,3947,6579,25167,Day_1,Fair,Slow,2.5mm,Experiment_2
2025-10-23T00:30:48.349Z,2747,6937,24409,3610,8604,27570,4218,5857,22830,3952,6585,25160,Day_1,Fair,Slow,2.5mm,Experiment_2
2025-10-23T00:30:48.389Z,2746,6939,24406,3609,8599,27570,4227,5863,22825,3957,6585,25148,Day_1,Fair,Slow,2.5mm,Experiment_2
2025-10-23T00:30:48.429Z,2741,6934,24409,3604,8592,27568,4228,5853,22794,3954,6567,25100,Day_1,Fair,Slow,2.5mm,Experiment_2
2025-10-23T00:30:48.469Z,2736,6928,24430,3598,8591,27571,4220,5831,22705,3935,6527,24964,Day_1,Fair,Slow,2.5mm,Experiment_2
2025-10-23T00:30:48.509Z,2740,6928,24469,3598,8600,27581,4206,5801,22554,3901,6465,24727,Day_1,Fair,Slow,2.5mm,Experiment_2
2025-10-23T00:30:48.549Z,2748,6934,24506,3599,8609,27587,4188,5768,22398,3866,6401,24478,Day_1,Fair,Slow,2.5mm,Experiment_2
2025-10-23T00:30:48.589Z,2753,6941,24518,3599,8613,27585,4172,5746,22321,3848,6367,24353,Day_1,Fair,Slow,2.5mm,Experiment_2
2025-10-23T00:30:48.629Z,2755,6940,24502,3600,8611,27578,4162,5756,22350,3850,6380,24391,Day_1,Fair,Slow,2.5mm,Experiment_2
2025-10-23T00:30:48.669Z,2752,6933,24476,3600,8606,27573,4165,5789,22444,3863,6422,24520,Day_1,Fair,Slow,2.5mm,Experiment_2
2025-10-23T00:30:48.709Z,2743,6927,24455,3595,8603,27571,4180,5817,22544,3881,6464,24660,Day_1,Fair,Slow,2.5mm,Experiment_2
2025-10-23T00:30:48.749Z,2734,6928,24442,3590,8603,27570,4202,5822,22617,3900,6491,24781,Day_1,Fair,Slow,2.5mm,Experiment_2
2025-10-23T00:30:48.789Z,2735,6935,24440,3594,8607,27571,4218,5816,22658,3914,6503,24875,Day_1,Fair,Slow,2.5mm,Experiment_2
2025-10-23T00:30:48.829Z,2747,6939,24444,3605,8610,27574,4222,5817,22672,3920,6509,24923,Day_1,Fair,Slow,2.5mm,Experiment_2
2025-10-23T00:30:48.869Z,2759,6934,24442,3615,8610,27573,4227,5828,22664,3920,6514,24915,Day_1,Fair,Slow,2.5mm,Experiment_2
2025-10-23T00:30:48.909Z,2765,6928,24436,3619,8609,27571,4240,5842,22660,3922,6520,24893,Day_1,Fair,Slow,2.5mm,Experiment_2
2025-10-23T00:30:48.949Z,2764,6928,24428,3619,8609,27571,4256,5854,22693,3930,6533,24922,Day_1,Fair,Slow,2.5mm,Experiment_2
2025-10-23T00:30:48.989Z,2758,6926,24421,3614,8604,27574,4264,5857,22754,3944,6551,25015,Day_1,Fair,Slow,2.5mm,Experiment_2
2025-10-23T00:30:49.029Z,2748,6920,24418,3607,8595,27578,4264,5851,22804,3957,6565,25111,Day_1,Fair,Slow,2.5mm,Experiment_2
2025-10-23T00:30:49.069Z,2741,6913,24417,3602,8588,27577,4265,5848,22825,3964,6572,25162,Day_1,Fair,Slow,2.5mm,Experiment_2
2025-10-23T00:30:49.109Z,2740,6909,24413,3603,8586,27573,4272,5859,22828,3968,6577,25169,Day_1,Fair,Slow,2.5mm,Experiment_2
2025-10-23T00:30:49.149Z,2744,6913,24412,3608,8590,27572,4275,5884,22828,3972,6589,25164,Day_1,Fair,Slow,2.5mm,Experiment_2
2025-10-23T00:30:49.189Z,2747,6924,24413,3613,8598,27572,4261,5909,22828,3973,6604,25165,Day_1,Fair,Slow,2.5mm,Experiment_2
2025-10-23T00:30:49.229Z,2747,6939,24413,3612,8606,27567,4242,5921,22814,3970,6608,25154,Day_1,Fair,Slow,2.5mm,Experiment_2
2025-10-23T00:30:49.269Z,2744,6951,24418,3607,8615,27562,4229,5909,22756,3955,6588,25079,Day_1,Fair,Slow,2.5mm,Experiment_2
2025-10-23T00:30:49.309Z,2742,6951,24441,3602,8617,27566,4210,5869,22630,3919,6536,24894,Day_1,Fair,Slow,2.5mm,Experiment_2
2025-10-23T00:30:49.349Z,2742,6941,24482,3597,8611,27578,4180,5810,22463,3864,6459,24631,Day_1,Fair,Slow,2.5mm,Experiment_2
2025-10-23T00:30:49.389Z,2741,6933,24518,3593,8604,27590,4160,5761,22339,3814,6394,24415,Day_1,Fair,Slow,2.5mm,Experiment_2
2025-10-23T00:30:49.429Z,2741,6935,24526,3592,8606,27596,4165,5745,22316,3799,6369,24346,Day_1,Fair,Slow,2.5mm,Experiment_2
2025-10-23T00:30:49.469Z,2745,6942,24512,3597,8615,27597,4184,5754,22381,3821,6382,24407,Day_1,Fair,Slow,2.5mm,Experiment_2
2025-10-23T00:30:49.509Z,2751,6944,24488,3605,8621,27594,4197,5769,22497,3855,6414,24540,Day_1,Fair,Slow,2.5mm,Experiment_2
2025-10-23T00:30:49.549Z,2752,6938,24464,3610,8620,27587,4200,5786,22620,3881,6451,24702,Day_1,Fair,Slow,2.5mm,Experiment_2
2025-10-23T00:30:49.589Z,2746,6931,24441,3608,8614,27575,4200,5801,22704,3898,6484,24839,Day_1,Fair,Slow,2.5mm,Experiment_2
2025-10-23T00:30:49.629Z,2738,6933,24423,3601,8615,27562,4204,5808,22727,3912,6504,24909,Day_1,Fair,Slow,2.5mm,Experiment_2
2025-10-23T00:30:49.669Z,2733,6939,24417,3596,8620,27560,4205,5802,22706,3919,6504,24909,Day_1,Fair,Slow,2.5mm,Experiment_2
2025-10-23T00:30:49.709Z,2732,6944,24427,3594,8617,27570,4201,5791,22676,3917,6494,24876,Day_1,Fair,Slow,2.5mm,Experiment_2
2025-10-23T00:30:49.749Z,2734,6944,24438,3595,8600,27580,4204,5794,22670,3916,6494,24868,Day_1,Fair,Slow,2.5mm,Experiment_2
2025-10-23T00:30:49.789Z,2740,6930,24437,3602,8577,27582,4217,5818,22705,3924,6513,24925,Day_1,Fair,Slow,2.5mm,Experiment_2
2025-10-23T00:30:49.829Z,2750,6906,24426,3613,8561,27573,4228,5846,22765,3934,6539,25025,Day_1,Fair,Slow,2.5mm,Experiment_2
2025-10-23T00:30:49.869Z,2759,6885,24416,3620,8554,27562,4233,5860,22813,3939,6554,25105,Day_1,Fair,Slow,2.5mm,Experiment_2
2025-10-23T00:30:49.909Z,2761,6880,24410,3620,8554,27558,4235,5862,22834,3941,6561,25141,Day_1,Fair,Slow,2.5mm,Experiment_2
2025-10-23T00:30:49.949Z,2758,6895,24404,3614,8567,27556,4239,5864,22843,3948,6570,25149,Day_1,Fair,Slow,2.5mm,Experiment_2
2025-10-23T00:30:49.989Z,2755,6917,24396,3610,8587,27549,4248,5869,22846,3962,6582,25151,Day_1,Fair,Slow,2.5mm,Experiment_2
2025-10-23T00:30:50.029Z,2754,6931,24386,3607,8600,27540,4257,5872,22839,3974,6593,25152,Day_1,Fair,Slow,2.5mm,Experiment_2
2025-10-23T00:30:50.069Z,2750,6932,24386,3602,8602,27536,4257,5869,22809,3973,6593,25123,Day_1,Fair,Slow,2.5mm,Experiment_2
2025-10-23T00:30:50.109Z,2749,6926,24408,3598,8598,27543,4243,5853,22729,3954,6564,25011,Day_1,Fair,Slow,2.5mm,Experiment_2
2025-10-23T00:30:50.149Z,2754,6925,24450,3603,8598,27559,4223,5814,22584,3922,6501,24787,Day_1,Fair,Slow,2.5mm,Experiment_2
2025-10-23T00:30:50.189Z,2759,6933,24492,3608,8607,27572,4204,5764,22416,3882,6421,24512,Day_1,Fair,Slow,2.5mm,Experiment_2
2025-10-23T00:30:50.229Z,2755,6944,24512,3607,8619,27576,4190,5733,22313,3850,6366,24327,Day_1,Fair,Slow,2.5mm,Experiment_2
2025-10-23T00:30:50.269Z,2745,6953,24504,3604,8627,27575,4185,5741,22319,3841,6361,24321,Day_1,Fair,Slow,2.5mm,Experiment_2
2025-10-23T00:30:50.309Z,2741,6955,24480,3607,8626,27576,4192,5778,22406,3855,6397,24446,Day_1,Fair,Slow,2.5mm,Experiment_2
2025-10-23T00:30:50.349Z,2743,6948,24460,3612,8619,27581,4202,5814,22518,3877,6443,24612,Day_1,Fair,Slow,2.5mm,Experiment_2
2025-10-23T00:30:50.389Z,2747,6940,24448,3614,8611,27585,4207,5837,22611,3895,6481,24755,Day_1,Fair,Slow,2.5mm,Experiment_2
2025-10-23T00:30:50.429Z,2753,6938,24440,3616,8607,27583,4215,5852,22667,3909,6507,24851,Day_1,Fair,Slow,2.5mm,Experiment_2
2025-10-23T00:30:50.469Z,2757,6941,24432,3618,8607,27577,4225,5858,22688,3923,6522,24900,Day_1,Fair,Slow,2.5mm,Experiment_2
2025-10-23T00:30:50.509Z,2753,6940,24425,3616,8607,27571,4228,5848,22680,3929,6523,24906,Day_1,Fair,Slow,2.5mm,Experiment_2
2025-10-23T00:30:50.549Z,2745,6935,24418,3613,8605,27568,4222,5827,22666,3929,6516,24900,Day_1,Fair,Slow,2.5mm,Experiment_2
2025-10-23T00:30:50.589Z,2741,6934,24409,3611,8609,27562,4223,5815,22684,3934,6516,24936,Day_1,Fair,Slow,2.5mm,Experiment_2
2025-10-23T00:30:50.629Z,2739,6941,24399,3607,8614,27554,4238,5815,22741,3945,6529,25020,Day_1,Fair,Slow,2.5mm,Experiment_2
2025-10-23T00:30:50.669Z,2739,6944,24398,3603,8613,27553,4252,5818,22803,3955,6543,25096,Day_1,Fair,Slow,2.5mm,Experiment_2
2025-10-23T00:30:50.709Z,2744,6937,24407,3603,8606,27563,4257,5822,22839,3959,6555,25133,Day_1,Fair,Slow,2.5mm,Experiment_2
2025-10-23T00:30:50.749Z,2747,6925,24416,3608,8596,27572,4253,5837,22853,3960,6572,25153,Day_1,Fair,Slow,2.5mm,Experiment_2
2025-10-23T00:30:50.789Z,2748,6915,24416,3613,8585,27570,4246,5857,22859,3959,6591,25178,Day_1,Fair,Slow,2.5mm,Experiment_2
2025-10-23T00:30:50.829Z,2748,6908,24408,3616,8579,27559,4242,5865,22859,3960,6596,25201,Day_1,Fair,Slow,2.5mm,Experiment_2
2025-10-23T00:30:50.869Z,2748,6905,24403,3617,8579,27554,4249,5857,22846,3963,6585,25198,Day_1,Fair,Slow,2.5mm,Experiment_2
2025-10-23T00:30:50.909Z,2744,6905,24411,3614,8586,27561,4248,5847,22798,3956,6565,25137,Day_1,Fair,Slow,2.5mm,Experiment_2
2025-10-23T00:30:50.949Z,2741,6913,24435,3609,8597,27574,4220,5841,22685,3927,6530,24978,Day_1,Fair,Slow,2.5mm,Experiment_2
2025-10-23T00:30:50.989Z,2743,6926,24472,3607,8607,27586,4179,5818,22516,3883,6472,24722,Day_1,Fair,Slow,2.5mm,Experiment_2
2025-10-23T00:30:51.029Z,2748,6936,24513,3608,8612,27595,4152,5779,22366,3847,6409,24469,Day_1,Fair,Slow,2.5mm,Experiment_2
2025-10-23T00:30:51.069Z,2752,6945,24532,3607,8614,27599,4147,5754,22309,3835,6374,24356,Day_1,Fair,Slow,2.5mm,Experiment_2
2025-10-23T00:30:51.109Z,2750,6950,24516,3601,8616,27591,4161,5755,22353,3847,6380,24409,Day_1,Fair,Slow,2.5mm,Experiment_2
2025-10-23T00:30:51.149Z,2741,6950,24479,3591,8619,27575,4179,5768,22450,3871,6408,24541,Day_1,Fair,Slow,2.5mm,Experiment_2
2025-10-23T00:30:51.190Z,2737,6946,24447,3586,8616,27564,4194,5789,22555,3897,6443,24676,Day_1,Fair,Slow,2.5mm,Experiment_2
2025-10-23T00:30:51.230Z,2741,6941,24431,3591,8607,27568,4211,5816,22643,3919,6478,24792,Day_1,Fair,Slow,2.5mm,Experiment_2
2025-10-23T00:30:51.270Z,2744,6938,24426,3599,8601,27575,4230,5840,22697,3935,6508,24877,Day_1,Fair,Slow,2.5mm,Experiment_2
2025-10-23T00:30:51.310Z,2739,6940,24424,3601,8602,27577,4244,5847,22706,3941,6525,24917,Day_1,Fair,Slow,2.5mm,Experiment_2
2025-10-23T00:30:51.350Z,2735,6941,24427,3602,8606,27575,4243,5836,22677,3936,6524,24912,Day_1,Fair,Slow,2.5mm,Experiment_2
2025-10-23T00:30:51.390Z,2739,6938,24433,3607,8608,27576,4231,5820,22644,3929,6514,24893,Day_1,Fair,Slow,2.5mm,Experiment_2
2025-10-23T00:30:51.430Z,2750,6932,24431,3616,8607,27573,4223,5817,22653,3928,6515,24908,Day_1,Fair,Slow,2.5mm,Experiment_2
2025-10-23T00:30:51.470Z,2762,6927,24416,3622,8607,27566,4231,5828,22708,3935,6534,24971,Day_1,Fair,Slow,2.5mm,Experiment_2
2025-10-23T00:30:51.510Z,2766,6928,24395,3621,8610,27556,4243,5841,22769,3945,6559,25054,Day_1,Fair,Slow,2.5mm,Experiment_2
2025-10-23T00:30:51.550Z,2761,6933,24377,3614,8611,27547,4251,5850,22808,3954,6575,25124,Day_1,Fair,Slow,2.5mm,Experiment_2
2025-10-23T00:30:51.590Z,2754,6930,24366,3608,8605,27539,4256,5849,22833,3959,6577,25173,Day_1,Fair,Slow,2.5mm,Experiment_2
2025-10-23T00:30:51.630Z,2749,6920,24364,3603,8594,27534,4261,5836,22850,3962,6570,25196,Day_1,Fair,Slow,2.5mm,Experiment_2
2025-10-23T00:30:51.670Z,2745,6914,24371,3597,8589,27535,4269,5827,22850,3965,6566,25191,Day_1,Fair,Slow,2.5mm,Experiment_2
2025-10-23T00:30:51.710Z,2742,6916,24387,3594,8593,27543,4278,5827,22817,3969,6565,25154,Day_1,Fair,Slow,2.5mm,Experiment_2
2025-10-23T00:30:51.750Z,2741,6924,24413,3595,8602,27558,4270,5822,22739,3961,6552,25058,Day_1,Fair,Slow,2.5mm,Experiment_2
2025-10-23T00:30:51.790Z,2741,6935,24454,3597,8614,27577,4241,5800,22612,3934,6509,24865,Day_1,Fair,Slow,2.5mm,Experiment_2
2025-10-23T00:30:51.830Z,2743,6945,24499,3600,8627,27593,4206,5770,22459,3895,6443,24598,Day_1,Fair,Slow,2.5mm,Experiment_2
2025-10-23T00:30:51.870Z,2747,6947,24529,3605,8632,27604,4178,5743,22343,3860,6385,24384,Day_1,Fair,Slow,2.5mm,Experiment_2
2025-10-23T00:30:51.910Z,2748,6935,24531,3609,8623,27610,4164,5728,22321,3843,6359,24326,Day_1,Fair,Slow,2.5mm,Experiment_2
2025-10-23T00:30:51.950Z,2744,6921,24514,3608,8606,27608,4164,5733,22384,3845,6369,24405,Day_1,Fair,Slow,2.5mm,Experiment_2
2025-10-23T00:30:51.990Z,2738,6916,24490,3602,8594,27598,4180,5759,22489,3865,6405,24552,Day_1,Fair,Slow,2.5mm,Experiment_2
2025-10-23T00:30:52.030Z,2742,6916,24472,3601,8593,27588,4200,5791,22596,3891,6452,24709,Day_1,Fair,Slow,2.5mm,Experiment_2
2025-10-23T00:30:52.070Z,2753,6915,24462,3607,8593,27585,4208,5812,22681,3910,6491,24838,Day_1,Fair,Slow,2.5mm,Experiment_2
2025-10-23T00:30:52.110Z,2758,6911,24449,3611,8591,27583,4208,5818,22729,3923,6514,24912,Day_1,Fair,Slow,2.5mm,Experiment_2
2025-10-23T00:30:52.150Z,2751,6912,24436,3605,8593,27581,4209,5820,22732,3930,6525,24928,Day_1,Fair,Slow,2.5mm,Experiment_2
2025-10-23T00:30:52.190Z,2741,6919,24432,3599,8601,27582,4213,5822,22711,3932,6527,24908,Day_1,Fair,Slow,2.5mm,Experiment_2
2025-10-23T00:30:52.230Z,2738,6927,24432,3599,8608,27584,4221,5829,22699,3933,6531,24906,Day_1,Fair,Slow,2.5mm,Experiment_2
2025-10-23T00:30:52.270Z,2739,6930,24426,3603,8609,27578,4234,5849,22726,3941,6545,24961,Day_1,Fair,Slow,2.5mm,Experiment_2
2025-10-23T00:30:52.310Z,2736,6927,24412,3601,8602,27565,4249,5876,22782,3956,6567,25047,Day_1,Fair,Slow,2.5mm,Experiment_2
2025-10-23T00:30:52.350Z,2732,6924,24402,3595,8595,27554,4256,5891,22827,3969,6581,25110,Day_1,Fair,Slow,2.5mm,Experiment_2
2025-10-23T00:30:52.390Z,2733,6925,24398,3592,8595,27548,4256,5882,22850,3975,6584,25137,Day_1,Fair,Slow,2.5mm,Experiment_2
2025-10-23T00:30:52.430Z,2737,6927,24396,3593,8597,27547,4256,5864,22868,3978,6583,25155,Day_1,Fair,Slow,2.5mm,Experiment_2
2025-10-23T00:30:52.470Z,2738,6924,24394,3594,8595,27551,4261,5852,22879,3981,6585,25179,Day_1,Fair,Slow,2.5mm,Experiment_2
2025-10-23T00:30:52.510Z,2735,6919,24398,3594,8591,27561,4273,5846,22866,3982,6586,25197,Day_1,Fair,Slow,2.5mm,Experiment_2
2025-10-23T00:30:52.550Z,2734,6916,24411,3599,8591,27573,4278,5836,22817,3978,6575,25168,Day_1,Fair,Slow,2.5mm,Experiment_2
2025-10-23T00:30:52.590Z,2740,6917,24434,3607,8596,27584,4261,5814,22718,3955,6539,25039,Day_1,Fair,Slow,2.5mm,Experiment_2
2025-10-23T00:30:52.630Z,2748,6920,24473,3615,8600,27595,4221,5782,22565,3909,6472,24794,Day_1,Fair,Slow,2.5mm,Experiment_2
2025-10-23T00:30:52.670Z,2754,6923,24514,3618,8602,27602,4178,5748,22401,3858,6399,24510,Day_1,Fair,Slow,2.5mm,Experiment_2
2025-10-23T00:30:52.710Z,2754,6929,24528,3616,8605,27602,4156,5731,22306,3830,6360,24330,Day_1,Fair,Slow,2.5mm,Experiment_2
2025-10-23T00:30:52.750Z,2752,6934,24513,3615,8606,27596,4159,5737,22317,3834,6366,24328,Day_1,Fair,Slow,2.5mm,Experiment_2
2025-10-23T00:30:52.790Z,2753,6930,24486,3617,8601,27589,4178,5758,22405,3859,6398,24452,Day_1,Fair,Slow,2.5mm,Experiment_2
2025-10-23T00:30:52.830Z,2754,6919,24463,3616,8591,27582,4206,5780,22519,3889,6436,24613,Day_1,Fair,Slow,2.5mm,Experiment_2
2025-10-23T00:30:52.870Z,2749,6913,24445,3609,8585,27577,4230,5800,22621,3914,6468,24753,Day_1,Fair,Slow,2.5mm,Experiment_2
2025-10-23T00:30:52.910Z,2739,6916,24431,3599,8588,27574,4238,5815,22685,3925,6492,24848,Day_1,Fair,Slow,2.5mm,Experiment_2
2025-10-23T00:30:52.950Z,2733,6920,24423,3595,8592,27574,4232,5827,22708,3923,6508,24895,Day_1,Fair,Slow,2.5mm,Experiment_2
2025-10-23T00:30:52.990Z,2731,6920,24428,3598,8594,27579,4221,5838,22702,3917,6520,24910,Day_1,Fair,Slow,2.5mm,Experiment_2
2025-10-23T00:30:53.030Z,2729,6917,24440,3600,8595,27586,4218,5839,22700,3916,6525,24928,Day_1,Fair,Slow,2.5mm,Experiment_2
2025-10-23T00:30:53.070Z,2727,6918,24444,3600,8594,27587,4231,5832,22732,3926,6528,24989,Day_1,Fair,Slow,2.5mm,Experiment_2
2025-10-23T00:30:53.110Z,2730,6920,24435,3601,8593,27582,4256,5830,22790,3946,6539,25071,Day_1,Fair,Slow,2.5mm,Experiment_2
2025-10-23T00:30:53.150Z,2740,6920,24423,3604,8594,27578,4272,5843,22836,3965,6558,25118,Day_1,Fair,Slow,2.5mm,Experiment_2
2025-10-23T00:30:53.190Z,2747,6920,24416,3608,8597,27578,4270,5864,22863,3976,6578,25138,Day_1,Fair,Slow,2.5mm,Experiment_2
2025-10-23T00:30:53.230Z,2747,6923,24406,3608,8600,27574,4261,5884,22881,3980,6594,25163,Day_1,Fair,Slow,2.5mm,Experiment_2
2025-10-23T00:30:53.270Z,2740,6926,24396,3604,8599,27565,4253,5891,22886,3977,6598,25185,Day_1,Fair,Slow,2.5mm,Experiment_2
2025-10-23T00:30:53.310Z,2733,6928,24395,3598,8594,27562,4243,5882,22871,3968,6590,25187,Day_1,Fair,Slow,2.5mm,Experiment_2
2025-10-23T00:30:53.350Z,2733,6930,24405,3598,8590,27569,4232,5864,22847,3958,6577,25169,Day_1,Fair,Slow,2.5mm,Experiment_2
2025-10-23T00:30:53.390Z,2739,6933,24426,3602,8591,27585,4227,5845,22807,3948,6557,25106,Day_1,Fair,Slow,2.5mm,Experiment_2
2025-10-23T00:30:53.430Z,2744,6937,24464,3605,8599,27605,4219,5825,22705,3925,6518,24946,Day_1,Fair,Slow,2.5mm,Experiment_2
2025-10-23T00:30:53.470Z,2746,6936,24513,3604,8605,27617,4203,5798,22535,3892,6459,24691,Day_1,Fair,Slow,2.5mm,Experiment_2
2025-10-23T00:30:53.510Z,2745,6928,24545,3601,8601,27612,4194,5775,22384,3866,6404,24451,Day_1,Fair,Slow,2.5mm,Experiment_2
2025-10-23T00:30:53.550Z,2743,6917,24539,3600,8593,27593,4201,5774,22336,3860,6381,24354,Day_1,Fair,Slow,2.5mm,Experiment_2
2025-10-23T00:30:53.590Z,2745,6909,24508,3603,8588,27574,4214,5784,22382,3869,6392,24412,Day_1,Fair,Slow,2.5mm,Experiment_2
2025-10-23T00:30:53.630Z,2752,6909,24472,3610,8588,27563,4223,5788,22467,3883,6418,24540,Day_1,Fair,Slow,2.5mm,Experiment_2
2025-10-23T00:30:53.670Z,2761,6913,24443,3616,8591,27559,4223,5790,22558,3899,6449,24674,Day_1,Fair,Slow,2.5mm,Experiment_2
2025-10-23T00:30:53.710Z,2767,6917,24425,3618,8593,27557,4223,5801,22641,3916,6477,24799,Day_1,Fair,Slow,2.5mm,Experiment_2
2025-10-23T00:30:53.750Z,2760,6918,24419,3611,8592,27555,4224,5817,22700,3925,6495,24897,Day_1,Fair,Slow,2.5mm,Experiment_2
2025-10-23T00:30:53.790Z,2742,6917,24419,3597,8591,27552,4223,5828,22719,3924,6503,24938,Day_1,Fair,Slow,2.5mm,Experiment_2
2025-10-23T00:30:53.830Z,2734,6918,24423,3590,8592,27552,4224,5833,22696,3921,6505,24918,Day_1,Fair,Slow,2.5mm,Experiment_2
2025-10-23T00:30:53.870Z,2741,6921,24431,3595,8595,27560,4228,5845,22664,3921,6510,24882,Day_1,Fair,Slow,2.5mm,Experiment_2
2025-10-23T00:30:53.910Z,2749,6925,24438,3600,8598,27573,4227,5867,22671,3923,6528,24898,Day_1,Fair,Slow,2.5mm,Experiment_2
2025-10-23T00:30:53.950Z,2753,6928,24435,3603,8601,27582,4226,5879,22722,3930,6550,24984,Day_1,Fair,Slow,2.5mm,Experiment_2
2025-10-23T00:30:53.990Z,2758,6932,24426,3608,8604,27581,4228,5865,22772,3940,6560,25084,Day_1,Fair,Slow,2.5mm,Experiment_2
2025-10-23T00:30:54.030Z,2757,6931,24411,3610,8605,27570,4232,5843,22796,3950,6560,25142,Day_1,Fair,Slow,2.5mm,Experiment_2
2025-10-23T00:30:54.070Z,2748,6926,24395,3607,8603,27556,4237,5833,22810,3958,6564,25161,Day_1,Fair,Slow,2.5mm,Experiment_2
2025-10-23T00:30:54.110Z,2741,6920,24386,3603,8595,27547,4242,5840,22829,3965,6573,25176,Day_1,Fair,Slow,2.5mm,Experiment_2
2025-10-23T00:30:54.150Z,2742,6919,24389,3601,8589,27547,4245,5852,22841,3968,6580,25190,Day_1,Fair,Slow,2.5mm,Experiment_2
2025-10-23T00:30:54.190Z,2747,6926,24397,3601,8596,27554,4253,5855,22822,3969,6576,25170,Day_1,Fair,Slow,2.5mm,Experiment_2
2025-10-23T00:30:54.230Z,2753,6939,24411,3602,8612,27564,4257,5840,22752,3962,6553,25070,Day_1,Fair,Slow,2.5mm,Experiment_2
2025-10-23T00:30:54.270Z,2757,6952,24443,3603,8627,27576,4244,5812,22623,3937,6507,24866,Day_1,Fair,Slow,2.5mm,Experiment_2
2025-10-23T00:30:54.310Z,2758,6961,24490,3602,8633,27589,4214,5785,22457,3896,6444,24596,Day_1,Fair,Slow,2.5mm,Experiment_2
2025-10-23T00:30:54.350Z,2752,6955,24524,3598,8627,27597,4187,5770,22331,3861,6394,24384,Day_1,Fair,Slow,2.5mm,Experiment_2
2025-10-23T00:30:54.390Z,2742,6935,24524,3591,8612,27595,4182,5764,22303,3849,6377,24322,Day_1,Fair,Slow,2.5mm,Experiment_2
2025-10-23T00:30:54.430Z,2735,6915,24496,3590,8598,27589,4194,5766,22357,3855,6389,24389,Day_1,Fair,Slow,2.5mm,Experiment_2
2025-10-23T00:30:54.470Z,2739,6908,24463,3600,8592,27581,4206,5786,22453,3873,6420,24526,Day_1,Fair,Slow,2.5mm,Experiment_2
2025-10-23T00:30:54.510Z,2751,6911,24440,3612,8592,27573,4214,5817,22555,3895,6459,24684,Day_1,Fair,Slow,2.5mm,Experiment_2
2025-10-23T00:30:54.550Z,2757,6916,24426,3617,8593,27566,4222,5835,22639,3914,6491,24818,Day_1,Fair,Slow,2.5mm,Experiment_2
2025-10-23T00:30:54.590Z,2754,6917,24418,3613,8590,27561,4228,5830,22690,3923,6508,24898,Day_1,Fair,Slow,2.5mm,Experiment_2
2025-10-23T00:30:54.630Z,2748,6920,24417,3609,8587,27557,4228,5816,22696,3920,6511,24913,Day_1,Fair,Slow,2.5mm,Experiment_2
2025-10-23T00:30:54.670Z,2744,6924,24426,3609,8590,27561,4224,5806,22663,3914,6509,24885,Day_1,Fair,Slow,2.5mm,Experiment_2
2025-10-23T00:30:54.710Z,2741,6928,24433,3609,8593,27569,4219,5806,22641,3913,6511,24880,Day_1,Fair,Slow,2.5mm,Experiment_2
2025-10-23T00:30:54.750Z,2739,6928,24424,3605,8595,27566,4217,5818,22677,3920,6526,24946,Day_1,Fair,Slow,2.5mm,Experiment_2
2025-10-23T00:30:54.790Z,2735,6930,24404,3595,8600,27554,4224,5845,22751,3933,6554,25047,Day_1,Fair,Slow,2.5mm,Experiment_2
2025-10-23T00:30:54.830Z,2730,6936,24389,3586,8605,27547,4240,5878,22812,3949,6584,25113,Day_1,Fair,Slow,2.5mm,Experiment_2
2025-10-23T00:30:54.870Z,2726,6933,24383,3586,8600,27547,4252,5896,22843,3961,6600,25138,Day_1,Fair,Slow,2.5mm,Experiment_2
2025-10-23T00:30:54.910Z,2726,6921,24380,3591,8586,27550,4251,5886,22847,3965,6598,25154,Day_1,Fair,Slow,2.5mm,Experiment_2
2025-10-23T00:30:54.950Z,2727,6911,24378,3595,8576,27550,4242,5860,22835,3963,6588,25170,Day_1,Fair,Slow,2.5mm,Experiment_2
2025-10-23T00:30:54.990Z,2731,6913,24380,3596,8577,27546,4233,5845,22821,3955,6578,25175,Day_1,Fair,Slow,2.5mm,Experiment_2
2025-10-23T00:30:55.030Z,2737,6917,24388,3598,8584,27539,4232,5844,22796,3945,6568,25143,Day_1,Fair,Slow,2.5mm,Experiment_2
2025-10-23T00:30:55.070Z,2741,6919,24406,3598,8589,27539,4236,5833,22723,3934,6539,25023,Day_1,Fair,Slow,2.5mm,Experiment_2
2025-10-23T00:30:55.110Z,2745,6921,24442,3597,8594,27548,4235,5802,22581,3913,6480,24784,Day_1,Fair,Slow,2.5mm,Experiment_2
2025-10-23T00:30:55.150Z,2750,6924,24488,3600,8597,27563,4221,5765,22421,3884,6409,24502,Day_1,Fair,Slow,2.5mm,Experiment_2
2025-10-23T00:30:55.190Z,2752,6924,24517,3605,8597,27576,4202,5747,22332,3861,6365,24327,Day_1,Fair,Slow,2.5mm,Experiment_2
2025-10-23T00:30:55.230Z,2749,6927,24513,3605,8599,27583,4190,5757,22344,3856,6368,24335,Day_1,Fair,Slow,2.5mm,Experiment_2
2025-10-23T00:30:55.270Z,2744,6933,24483,3602,8607,27579,4192,5781,22417,3871,6405,24467,Day_1,Fair,Slow,2.5mm,Experiment_2
2025-10-23T00:30:55.310Z,2746,6939,24449,3603,8614,27570,4208,5802,22506,3894,6447,24627,Day_1,Fair,Slow,2.5mm,Experiment_2
2025-10-23T00:30:55.350Z,2752,6940,24426,3609,8613,27562,4227,5816,22600,3914,6482,24768,Day_1,Fair,Slow,2.5mm,Experiment_2
2025-10-23T00:30:55.390Z,2754,6935,24419,3613,8605,27560,4237,5826,22686,3924,6508,24873,Day_1,Fair,Slow,2.5mm,Experiment_2
2025-10-23T00:30:55.430Z,2748,6930,24425,3610,8596,27567,4231,5831,22730,3925,6523,24925,Day_1,Fair,Slow,2.5mm,Experiment_2
2025-10-23T00:30:55.470Z,2741,6925,24436,3605,8592,27577,4216,5829,22714,3921,6524,24924,Day_1,Fair,Slow,2.5mm,Experiment_2
2025-10-23T00:30:55.511Z,2738,6919,24435,3602,8592,27578,4205,5826,22675,3919,6522,24914,Day_1,Fair,Slow,2.5mm,Experiment_2
2025-10-23T00:30:55.551Z,2738,6911,24416,3601,8589,27564,4210,5831,22678,3930,6535,24957,Day_1,Fair,Slow,2.5mm,Experiment_2
2025-10-23T00:30:55.591Z,2738,6907,24398,3601,8588,27550,4230,5846,22729,3950,6558,25040,Day_1,Fair,Slow,2.5mm,Experiment_2
2025-10-23T00:30:55.631Z,2739,6911,24397,3600,8592,27550,4253,5867,22782,3969,6575,25093,Day_1,Fair,Slow,2.5mm,Experiment_2
2025-10-23T00:30:55.671Z,2739,6917,24403,3598,8598,27557,4268,5888,22817,3980,6585,25111,Day_1,Fair,Slow,2.5mm,Experiment_2
2025-10-23T00:30:55.711Z,2736,6920,24404,3594,8599,27561,4268,5906,22852,3983,6596,25131,Day_1,Fair,Slow,2.5mm,Experiment_2
2025-10-23T00:30:55.751Z,2732,6922,24399,3592,8595,27559,4257,5912,22887,3980,6605,25163,Day_1,Fair,Slow,2.5mm,Experiment_2
2025-10-23T00:30:55.791Z,2729,6922,24393,3592,8591,27556,4241,5899,22900,3970,6606,25192,Day_1,Fair,Slow,2.5mm,Experiment_2
2025-10-23T00:30:55.831Z,2730,6921,24391,3594,8590,27554,4225,5876,22879,3954,6597,25192,Day_1,Fair,Slow,2.5mm,Experiment_2
2025-10-23T00:30:55.871Z,2734,6920,24398,3598,8595,27554,4215,5851,22814,3937,6572,25131,Day_1,Fair,Slow,2.5mm,Experiment_2
2025-10-23T00:30:55.911Z,2739,6925,24419,3602,8605,27559,4211,5821,22691,3916,6522,24966,Day_1,Fair,Slow,2.5mm,Experiment_2
2025-10-23T00:30:55.951Z,2744,6937,24457,3604,8615,27570,4205,5789,22525,3888,6455,24706,Day_1,Fair,Slow,2.5mm,Experiment_2
2025-10-23T00:30:55.991Z,2750,6949,24498,3603,8622,27584,4190,5764,22377,3860,6395,24458,Day_1,Fair,Slow,2.5mm,Experiment_2
2025-10-23T00:30:56.031Z,2753,6954,24518,3602,8624,27594,4175,5754,22310,3846,6371,24343,Day_1,Fair,Slow,2.5mm,Experiment_2
2025-10-23T00:30:56.071Z,2752,6952,24509,3603,8622,27597,4169,5758,22327,3848,6385,24377,Day_1,Fair,Slow,2.5mm,Experiment_2
2025-10-23T00:30:56.111Z,2749,6945,24483,3604,8616,27592,4176,5771,22398,3863,6415,24496,Day_1,Fair,Slow,2.5mm,Experiment_2
2025-10-23T00:30:56.151Z,2744,6938,24458,3602,8608,27583,4188,5783,22500,3884,6447,24646,Day_1,Fair,Slow,2.5mm,Experiment_2
2025-10-23T00:30:56.191Z,2741,6935,24441,3599,8604,27578,4201,5791,22607,3905,6475,24786,Day_1,Fair,Slow,2.5mm,Experiment_2
2025-10-23T00:30:56.231Z,2740,6940,24436,3597,8608,27581,4214,5799,22681,3919,6498,24880,Day_1,Fair,Slow,2.5mm,Experiment_2
2025-10-23T00:30:56.271Z,2743,6944,24443,3599,8612,27591,4223,5812,22695,3925,6513,24912,Day_1,Fair,Slow,2.5mm,Experiment_2
2025-10-23T00:30:56.311Z,2750,6943,24453,3604,8612,27598,4225,5822,22663,3924,6516,24895,Day_1,Fair,Slow,2.5mm,Experiment_2
2025-10-23T00:30:56.351Z,2750,6942,24454,3606,8609,27594,4231,5827,22627,3926,6514,24874,Day_1,Fair,Slow,2.5mm,Experiment_2
2025-10-23T00:30:56.391Z,2740,6939,24443,3600,8604,27583,4245,5836,22636,3936,6523,24895,Day_1,Fair,Slow,2.5mm,Experiment_2
2025-10-23T00:30:56.431Z,2726,6929,24428,3594,8594,27572,4257,5854,22699,3951,6547,24965,Day_1,Fair,Slow,2.5mm,Experiment_2
2025-10-23T00:30:56.471Z,2720,6913,24411,3593,8578,27563,4256,5863,22774,3963,6573,25046,Day_1,Fair,Slow,2.5mm,Experiment_2
2025-10-23T00:30:56.511Z,2725,6898,24396,3597,8563,27558,4248,5854,22822,3970,6586,25108,Day_1,Fair,Slow,2.5mm,Experiment_2
2025-10-23T00:30:56.551Z,2737,6895,24387,3605,8560,27555,4242,5840,22840,3973,6587,25152,Day_1,Fair,Slow,2.5mm,Experiment_2
2025-10-23T00:30:56.591Z,2747,6905,24386,3610,8571,27554,4235,5831,22844,3970,6578,25185,Day_1,Fair,Slow,2.5mm,Experiment_2
2025-10-23T00:30:56.631Z,2747,6923,24393,3607,8590,27556,4221,5825,22841,3958,6567,25197,Day_1,Fair,Slow,2.5mm,Experiment_2
2025-10-23T00:30:56.671Z,2743,6933,24405,3599,8604,27559,4201,5822,22818,3940,6558,25166,Day_1,Fair,Slow,2.5mm,Experiment_2
2025-10-23T00:30:56.711Z,2742,6932,24424,3595,8609,27564,4186,5824,22753,3922,6543,25059,Day_1,Fair,Slow,2.5mm,Experiment_2
2025-10-23T00:30:56.751Z,2748,6925,24453,3598,8609,27571,4179,5822,22629,3899,6507,24848,Day_1,Fair,Slow,2.5mm,Experiment_2
2025-10-23T00:30:56.791Z,2753,6918,24490,3602,8606,27579,4170,5802,22465,3867,6446,24573,Day_1,Fair,Slow,2.5mm,Experiment_2
2025-10-23T00:30:56.831Z,2753,6914,24517,3602,8602,27586,4159,5773,22336,3838,6387,24362,Day_1,Fair,Slow,2.5mm,Experiment_2
2025-10-23T00:30:56.871Z,2749,6917,24524,3602,8602,27594,4160,5759,22308,3830,6363,24311,Day_1,Fair,Slow,2.5mm,Experiment_2
2025-10-23T00:30:56.911Z,2747,6923,24509,3605,8607,27595,4176,5770,22359,3844,6385,24393,Day_1,Fair,Slow,2.5mm,Experiment_2
2025-10-23T00:30:56.951Z,2747,6927,24476,3608,8608,27584,4190,5795,22447,3865,6432,24544,Day_1,Fair,Slow,2.5mm,Experiment_2
2025-10-23T00:30:56.991Z,2744,6921,24445,3608,8603,27570,4186,5815,22550,3883,6475,24712,Day_1,Fair,Slow,2.5mm,Experiment_2
2025-10-23T00:30:57.031Z,2742,6913,24431,3608,8596,27564,4175,5826,22643,3897,6502,24850,Day_1,Fair,Slow,2.5mm,Experiment_2
2025-10-23T00:30:57.071Z,2742,6909,24430,3607,8593,27567,4174,5832,22696,3907,6514,24922,Day_1,Fair,Slow,2.5mm,Experiment_2
2025-10-23T00:30:57.111Z,2744,6912,24434,3607,8594,27573,4187,5833,22699,3911,6516,24921,Day_1,Fair,Slow,2.5mm,Experiment_2
2025-10-23T00:30:57.151Z,2746,6919,24442,3610,8599,27581,4204,5833,22671,3910,6515,24882,Day_1,Fair,Slow,2.5mm,Experiment_2
2025-10-23T00:30:57.191Z,2744,6923,24441,3611,8602,27581,4219,5844,22656,3914,6522,24878,Day_1,Fair,Slow,2.5mm,Experiment_2
2025-10-23T00:30:57.231Z,2739,6928,24424,3607,8605,27572,4230,5862,22690,3930,6544,24950,Day_1,Fair,Slow,2.5mm,Experiment_2
2025-10-23T00:30:57.271Z,2733,6937,24404,3600,8609,27564,4236,5877,22753,3948,6567,25056,Day_1,Fair,Slow,2.5mm,Experiment_2
2025-10-23T00:30:57.311Z,2728,6942,24397,3595,8610,27563,4247,5886,22800,3962,6582,25125,Day_1,Fair,Slow,2.5mm,Experiment_2
2025-10-23T00:30:57.351Z,2727,6934,24400,3594,8604,27567,4268,5889,22820,3972,6590,25145,Day_1,Fair,Slow,2.5mm,Experiment_2
2025-10-23T00:30:57.391Z,2734,6921,24405,3600,8595,27572,4284,5892,22829,3977,6603,25149,Day_1,Fair,Slow,2.5mm,Experiment_2
2025-10-23T00:30:57.431Z,2743,6914,24408,3608,8589,27575,4282,5900,22833,3975,6616,25161,Day_1,Fair,Slow,2.5mm,Experiment_2
2025-10-23T00:30:57.471Z,2748,6919,24409,3612,8593,27575,4269,5903,22819,3969,6616,25165,Day_1,Fair,Slow,2.5mm,Experiment_2
2025-10-23T00:30:57.511Z,2748,6930,24414,3614,8602,27572,4254,5892,22774,3959,6595,25124,Day_1,Fair,Slow,2.5mm,Experiment_2
2025-10-23T00:30:57.551Z,2748,6938,24429,3612,8608,27570,4236,5860,22683,3940,6552,24991,Day_1,Fair,Slow,2.5mm,Experiment_2
2025-10-23T00:30:57.591Z,2750,6942,24461,3608,8609,27574,4215,5808,22538,3908,6484,24756,Day_1,Fair,Slow,2.5mm,Experiment_2
2025-10-23T00:30:57.631Z,2749,6943,24497,3604,8612,27577,4195,5755,22387,3869,6410,24494,Day_1,Fair,Slow,2.5mm,Experiment_2
2025-10-23T00:30:57.671Z,2748,6941,24511,3602,8612,27574,4179,5727,22314,3844,6367,24350,Day_1,Fair,Slow,2.5mm,Experiment_2
2025-10-23T00:30:57.711Z,2747,6937,24499,3603,8606,27570,4182,5731,22351,3848,6372,24382,Day_1,Fair,Slow,2.5mm,Experiment_2
2025-10-23T00:30:57.751Z,2743,6935,24474,3601,8602,27569,4198,5756,22446,3872,6407,24516,Day_1,Fair,Slow,2.5mm,Experiment_2
2025-10-23T00:30:57.791Z,2735,6934,24446,3592,8603,27567,4214,5785,22538,3898,6447,24658,Day_1,Fair,Slow,2.5mm,Experiment_2
2025-10-23T00:30:57.831Z,2732,6933,24426,3587,8606,27564,4227,5804,22605,3917,6479,24777,Day_1,Fair,Slow,2.5mm,Experiment_2
2025-10-23T00:30:57.871Z,2735,6932,24420,3591,8605,27563,4241,5810,22649,3927,6498,24868,Day_1,Fair,Slow,2.5mm,Experiment_2
2025-10-23T00:30:57.911Z,2741,6931,24425,3598,8601,27564,4247,5807,22667,3928,6505,24915,Day_1,Fair,Slow,2.5mm,Experiment_2
2025-10-23T00:30:57.951Z,2745,6931,24431,3602,8599,27566,4238,5805,22662,3916,6505,24915,Day_1,Fair,Slow,2.5mm,Experiment_2
2025-10-23T00:30:57.991Z,2744,6936,24431,3602,8601,27565,4226,5805,22663,3898,6505,24910,Day_1,Fair,Slow,2.5mm,Experiment_2
2025-10-23T00:30:58.031Z,2739,6943,24420,3598,8607,27562,4229,5809,22697,3888,6516,24952,Day_1,Fair,Slow,2.5mm,Experiment_2
2025-10-23T00:30:58.071Z,2736,6945,24407,3595,8613,27560,4242,5819,22751,3897,6537,25035,Day_1,Fair,Slow,2.5mm,Experiment_2
2025-10-23T00:30:58.111Z,2733,6940,24402,3593,8614,27560,4248,5837,22797,3921,6558,25107,Day_1,Fair,Slow,2.5mm,Experiment_2
2025-10-23T00:30:58.151Z,2732,6929,24404,3595,8608,27558,4245,5857,22836,3941,6576,25156,Day_1,Fair,Slow,2.5mm,Experiment_2
2025-10-23T00:30:58.191Z,2733,6918,24402,3597,8598,27554,4238,5875,22867,3948,6593,25188,Day_1,Fair,Slow,2.5mm,Experiment_2
2025-10-23T00:30:58.231Z,2734,6915,24392,3598,8594,27547,4227,5882,22876,3946,6602,25195,Day_1,Fair,Slow,2.5mm,Experiment_2
2025-10-23T00:30:58.271Z,2735,6917,24380,3596,8597,27542,4217,5869,22864,3944,6599,25177,Day_1,Fair,Slow,2.5mm,Experiment_2
2025-10-23T00:30:58.311Z,2734,6923,24379,3594,8603,27544,4213,5846,22838,3946,6586,25141,Day_1,Fair,Slow,2.5mm,Experiment_2
2025-10-23T00:30:58.351Z,2736,6930,24397,3596,8609,27552,4213,5820,22787,3943,6559,25058,Day_1,Fair,Slow,2.5mm,Experiment_2
2025-10-23T00:30:58.391Z,2743,6939,24436,3603,8617,27568,4209,5790,22673,3927,6508,24883,Day_1,Fair,Slow,2.5mm,Experiment_2
2025-10-23T00:30:58.431Z,2752,6947,24480,3611,8625,27584,4200,5761,22504,3900,6440,24631,Day_1,Fair,Slow,2.5mm,Experiment_2
2025-10-23T00:30:58.471Z,2759,6954,24505,3616,8629,27590,4196,5747,22363,3877,6385,24418,Day_1,Fair,Slow,2.5mm,Experiment_2
2025-10-23T00:30:58.511Z,2766,6959,24501,3617,8630,27585,4193,5749,22319,3866,6369,24348,Day_1,Fair,Slow,2.5mm,Experiment_2
2025-10-23T00:30:58.551Z,2770,6958,24485,3616,8627,27582,4185,5758,22361,3864,6383,24409,Day_1,Fair,Slow,2.5mm,Experiment_2
2025-10-23T00:30:58.591Z,2766,6949,24470,3613,8620,27582,4181,5766,22443,3871,6410,24535,Day_1,Fair,Slow,2.5mm,Experiment_2
2025-10-23T00:30:58.631Z,2755,6941,24452,3606,8613,27576,4190,5773,22541,3885,6442,24677,Day_1,Fair,Slow,2.5mm,Experiment_2
2025-10-23T00:30:58.671Z,2745,6942,24432,3601,8613,27565,4205,5787,22636,3903,6475,24803,Day_1,Fair,Slow,2.5mm,Experiment_2
2025-10-23T00:30:58.711Z,2741,6948,24420,3603,8616,27560,4218,5806,22703,3915,6498,24889,Day_1,Fair,Slow,2.5mm,Experiment_2
2025-10-23T00:30:58.751Z,2741,6949,24423,3607,8616,27566,4230,5822,22724,3921,6506,24923,Day_1,Fair,Slow,2.5mm,Experiment_2
2025-10-23T00:30:58.791Z,2743,6944,24434,3610,8614,27575,4239,5829,22705,3922,6505,24913,Day_1,Fair,Slow,2.5mm,Experiment_2
2025-10-23T00:30:58.831Z,2746,6937,24446,3609,8612,27585,4241,5827,22685,3923,6503,24900,Day_1,Fair,Slow,2.5mm,Experiment_2
2025-10-23T00:30:58.871Z,2743,6933,24446,3604,8610,27589,4239,5827,22700,3926,6513,24939,Day_1,Fair,Slow,2.5mm,Experiment_2
2025-10-23T00:30:58.911Z,2737,6925,24429,3595,8604,27579,4243,5841,22741,3935,6538,25032,Day_1,Fair,Slow,2.5mm,Experiment_2
2025-10-23T00:30:58.951Z,2738,6912,24406,3595,8591,27559,4253,5866,22778,3947,6565,25124,Day_1,Fair,Slow,2.5mm,Experiment_2
2025-10-23T00:30:58.991Z,2748,6903,24389,3604,8580,27546,4257,5890,22803,3952,6582,25171,Day_1,Fair,Slow,2.5mm,Experiment_2
2025-10-23T00:30:59.031Z,2757,6905,24385,3612,8578,27547,4249,5899,22825,3951,6588,25177,Day_1,Fair,Slow,2.5mm,Experiment_2
2025-10-23T00:30:59.071Z,2760,6915,24385,3614,8582,27555,4231,5893,22847,3950,6588,25175,Day_1,Fair,Slow,2.5mm,Experiment_2
2025-10-23T00:30:59.111Z,2760,6920,24386,3614,8586,27559,4215,5885,22857,3948,6589,25177,Day_1,Fair,Slow,2.5mm,Experiment_2
2025-10-23T00:30:59.151Z,2762,6917,24395,3617,8584,27562,4207,5879,22836,3945,6588,25152,Day_1,Fair,Slow,2.5mm,Experiment_2
2025-10-23T00:30:59.191Z,2766,6912,24420,3622,8583,27571,4203,5858,22756,3935,6564,25044,Day_1,Fair,Slow,2.5mm,Experiment_2
2025-10-23T00:30:59.231Z,2765,6917,24461,3620,8591,27583,4192,5809,22606,3909,6503,24820,Day_1,Fair,Slow,2.5mm,Experiment_2
2025-10-23T00:30:59.271Z,2760,6931,24503,3611,8606,27591,4176,5754,22432,3875,6423,24540,Day_1,Fair,Slow,2.5mm,Experiment_2
2025-10-23T00:30:59.311Z,2754,6942,24525,3601,8617,27593,4167,5728,22318,3852,6368,24340,Day_1,Fair,Slow,2.5mm,Experiment_2
2025-10-23T00:30:59.351Z,2748,6946,24521,3595,8625,27594,4165,5740,22307,3848,6362,24308,Day_1,Fair,Slow,2.5mm,Experiment_2
2025-10-23T00:30:59.391Z,2743,6946,24502,3596,8628,27597,4165,5773,22370,3855,6394,24408,Day_1,Fair,Slow,2.5mm,Experiment_2
2025-10-23T00:30:59.431Z,2744,6938,24474,3601,8623,27595,4173,5808,22469,3871,6443,24567,Day_1,Fair,Slow,2.5mm,Experiment_2
2025-10-23T00:30:59.471Z,2745,6923,24445,3604,8606,27587,4191,5833,22570,3890,6488,24724,Day_1,Fair,Slow,2.5mm,Experiment_2
2025-10-23T00:30:59.511Z,2742,6909,24427,3604,8589,27577,4204,5842,22641,3906,6519,24839,Day_1,Fair,Slow,2.5mm,Experiment_2
2025-10-23T00:30:59.551Z,2741,6906,24426,3605,8583,27572,4209,5834,22673,3915,6529,24901,Day_1,Fair,Slow,2.5mm,Experiment_2
2025-10-23T00:30:59.591Z,2749,6909,24436,3613,8584,27576,4207,5814,22672,3917,6521,24916,Day_1,Fair,Slow,2.5mm,Experiment_2
2025-10-23T00:30:59.631Z,2761,6915,24446,3621,8589,27585,4204,5801,22656,3913,6510,24907,Day_1,Fair,Slow,2.5mm,Experiment_2
2025-10-23T00:30:59.671Z,2760,6925,24440,3616,8599,27584,4207,5813,22662,3913,6515,24924,Day_1,Fair,Slow,2.5mm,Experiment_2
2025-10-23T00:30:59.711Z,2743,6929,24415,3599,8607,27570,4219,5841,22710,3924,6540,24984,Day_1,Fair,Slow,2.5mm,Experiment_2
2025-10-23T00:30:59.751Z,2727,6923,24392,3584,8604,27556,4230,5864,22774,3938,6569,25054,Day_1,Fair,Slow,2.5mm,Experiment_2
2025-10-23T00:30:59.791Z,2727,6918,24381,3585,8597,27549,4227,5871,22820,3946,6585,25107,Day_1,Fair,Slow,2.5mm,Experiment_2
2025-10-23T00:30:59.832Z,2740,6924,24376,3597,8597,27545,4214,5865,22835,3945,6588,25145,Day_1,Fair,Slow,2.5mm,Experiment_2
2025-10-23T00:30:59.872Z,2753,6935,24375,3610,8604,27542,4206,5858,22829,3941,6586,25172,Day_1,Fair,Slow,2.5mm,Experiment_2
2025-10-23T00:30:59.912Z,2755,6936,24380,3614,8605,27543,4213,5854,22822,3944,6583,25182,Day_1,Fair,Slow,2.5mm,Experiment_2
2025-10-23T00:30:59.952Z,2747,6925,24392,3611,8600,27548,4225,5854,22815,3951,6582,25171,Day_1,Fair,Slow,2.5mm,Experiment_2
2025-10-23T00:30:59.992Z,2742,6918,24413,3609,8598,27558,4229,5854,22785,3953,6576,25114,Day_1,Fair,Slow,2.5mm,Experiment_2
2025-10-23T00:31:00.032Z,2748,6923,24444,3612,8606,27571,4222,5841,22698,3941,6544,24966,Day_1,Fair,Slow,2.5mm,Experiment_2
2025-10-23T00:31:00.072Z,2758,6934,24482,3615,8615,27584,4206,5805,22550,3911,6479,24724,Day_1,Fair,Slow,2.5mm,Experiment_2
2025-10-23T00:31:00.112Z,2763,6938,24510,3615,8615,27589,4189,5764,22402,3875,6406,24478,Day_1,Fair,Slow,2.5mm,Experiment_2
2025-10-23T00:31:00.152Z,2762,6933,24514,3614,8605,27584,4180,5746,22341,3853,6370,24363,Day_1,Fair,Slow,2.5mm,Experiment_2
2025-10-23T00:31:00.192Z,2761,6926,24497,3615,8594,27579,4182,5760,22382,3856,6383,24415,Day_1,Fair,Slow,2.5mm,Experiment_2
2025-10-23T00:31:00.232Z,2763,6921,24475,3616,8588,27575,4187,5788,22467,3871,6419,24548,Day_1,Fair,Slow,2.5mm,Experiment_2
2025-10-23T00:31:00.272Z,2764,6915,24453,3614,8585,27569,4191,5803,22552,3886,6451,24682,Day_1,Fair,Slow,2.5mm,Experiment_2
2025-10-23T00:31:00.312Z,2759,6910,24437,3611,8584,27563,4197,5802,22629,3896,6472,24796,Day_1,Fair,Slow,2.5mm,Experiment_2
2025-10-23T00:31:00.352Z,2754,6911,24429,3609,8587,27563,4205,5802,22688,3904,6489,24882,Day_1,Fair,Slow,2.5mm,Experiment_2
2025-10-23T00:31:00.392Z,2751,6919,24432,3609,8595,27573,4208,5804,22718,3911,6503,24925,Day_1,Fair,Slow,2.5mm,Experiment_2
2025-10-23T00:31:00.432Z,2749,6928,24444,3609,8603,27585,4205,5803,22716,3913,6508,24924,Day_1,Fair,Slow,2.5mm,Experiment_2
2025-10-23T00:31:00.472Z,2747,6931,24452,3608,8607,27589,4199,5808,22697,3910,6509,24909,Day_1,Fair,Slow,2.5mm,Experiment_2
2025-10-23T00:31:00.512Z,2743,6929,24445,3604,8606,27580,4200,5818,22704,3912,6517,24923,Day_1,Fair,Slow,2.5mm,Experiment_2
2025-10-23T00:31:00.552Z,2740,6923,24425,3601,8602,27566,4210,5824,22750,3924,6534,24982,Day_1,Fair,Slow,2.5mm,Experiment_2
2025-10-23T00:31:00.592Z,2738,6915,24402,3600,8594,27554,4220,5826,22802,3941,6553,25059,Day_1,Fair,Slow,2.5mm,Experiment_2
2025-10-23T00:31:00.632Z,2738,6909,24390,3600,8586,27552,4226,5832,22837,3953,6567,25128,Day_1,Fair,Slow,2.5mm,Experiment_2
2025-10-23T00:31:00.672Z,2741,6905,24394,3602,8578,27559,4228,5842,22864,3955,6572,25176,Day_1,Fair,Slow,2.5mm,Experiment_2
2025-10-23T00:31:00.712Z,2747,6903,24405,3607,8572,27565,4229,5850,22879,3949,6573,25194,Day_1,Fair,Slow,2.5mm,Experiment_2
2025-10-23T00:31:00.752Z,2755,6904,24413,3612,8571,27566,4235,5853,22878,3946,6574,25185,Day_1,Fair,Slow,2.5mm,Experiment_2
2025-10-23T00:31:00.792Z,2757,6907,24418,3612,8575,27568,4241,5849,22864,3946,6574,25158,Day_1,Fair,Slow,2.5mm,Experiment_2
2025-10-23T00:31:00.832Z,2756,6912,24428,3609,8583,27573,4233,5832,22811,3939,6557,25079,Day_1,Fair,Slow,2.5mm,Experiment_2
2025-10-23T00:31:00.872Z,2754,6917,24453,3606,8593,27582,4208,5797,22682,3917,6508,24894,Day_1,Fair,Slow,2.5mm,Experiment_2
2025-10-23T00:31:00.912Z,2757,6924,24495,3607,8601,27597,4182,5752,22498,3887,6434,24627,Day_1,Fair,Slow,2.5mm,Experiment_2
2025-10-23T00:31:00.952Z,2761,6933,24527,3612,8608,27608,4166,5717,22345,3861,6374,24408,Day_1,Fair,Slow,2.5mm,Experiment_2
2025-10-23T00:31:00.992Z,2761,6941,24524,3615,8616,27601,4157,5710,22296,3848,6358,24337,Day_1,Fair,Slow,2.5mm,Experiment_2
2025-10-23T00:31:01.032Z,2754,6943,24494,3610,8618,27582,4160,5730,22347,3848,6377,24396,Day_1,Fair,Slow,2.5mm,Experiment_2
2025-10-23T00:31:01.072Z,2744,6937,24463,3597,8612,27571,4173,5764,22453,3861,6413,24523,Day_1,Fair,Slow,2.5mm,Experiment_2
2025-10-23T00:31:01.112Z,2740,6928,24443,3589,8603,27573,4198,5797,22571,3884,6453,24676,Day_1,Fair,Slow,2.5mm,Experiment_2
2025-10-23T00:31:01.152Z,2742,6924,24431,3591,8598,27574,4223,5826,22671,3909,6491,24814,Day_1,Fair,Slow,2.5mm,Experiment_2
2025-10-23T00:31:01.192Z,2744,6927,24423,3595,8599,27569,4230,5849,22727,3924,6517,24902,Day_1,Fair,Slow,2.5mm,Experiment_2
2025-10-23T00:31:01.232Z,2743,6932,24422,3595,8603,27562,4219,5852,22725,3923,6522,24924,Day_1,Fair,Slow,2.5mm,Experiment_2
2025-10-23T00:31:01.272Z,2740,6931,24424,3592,8601,27558,4203,5835,22685,3910,6513,24902,Day_1,Fair,Slow,2.5mm,Experiment_2
2025-10-23T00:31:01.312Z,2738,6930,24422,3590,8597,27556,4194,5821,22659,3901,6505,24892,Day_1,Fair,Slow,2.5mm,Experiment_2
2025-10-23T00:31:01.352Z,2736,6930,24410,3590,8592,27553,4201,5832,22683,3907,6516,24940,Day_1,Fair,Slow,2.5mm,Experiment_2
2025-10-23T00:31:01.392Z,2735,6930,24395,3590,8587,27548,4221,5859,22741,3926,6540,25032,Day_1,Fair,Slow,2.5mm,Experiment_2
2025-10-23T00:31:01.432Z,2740,6927,24388,3594,8581,27544,4239,5874,22793,3942,6560,25113,Day_1,Fair,Slow,2.5mm,Experiment_2
2025-10-23T00:31:01.472Z,2751,6923,24395,3603,8582,27547,4248,5868,22822,3951,6569,25155,Day_1,Fair,Slow,2.5mm,Experiment_2
2025-10-23T00:31:01.512Z,2756,6917,24405,3608,8583,27553,4251,5856,22842,3956,6572,25169,Day_1,Fair,Slow,2.5mm,Experiment_2
2025-10-23T00:31:01.552Z,2753,6904,24411,3608,8577,27558,4250,5849,22865,3959,6575,25170,Day_1,Fair,Slow,2.5mm,Experiment_2
2025-10-23T00:31:01.592Z,2748,6894,24411,3610,8571,27558,4249,5847,22874,3961,6576,25156,Day_1,Fair,Slow,2.5mm,Experiment_2
2025-10-23T00:31:01.632Z,2745,6898,24409,3614,8578,27556,4243,5843,22842,3957,6568,25104,Day_1,Fair,Slow,2.5mm,Experiment_2
2025-10-23T00:31:01.672Z,2746,6914,24424,3617,8594,27562,4224,5821,22742,3940,6535,24974,Day_1,Fair,Slow,2.5mm,Experiment_2
2025-10-23T00:31:01.712Z,2747,6930,24464,3615,8609,27577,4198,5779,22572,3908,6473,24748,Day_1,Fair,Slow,2.5mm,Experiment_2
2025-10-23T00:31:01.752Z,2747,6942,24509,3607,8619,27590,4182,5742,22388,3875,6402,24487,Day_1,Fair,Slow,2.5mm,Experiment_2
2025-10-23T00:31:01.792Z,2745,6949,24529,3600,8623,27594,4181,5735,22280,3856,6360,24321,Day_1,Fair,Slow,2.5mm,Experiment_2
2025-10-23T00:31:01.832Z,2741,6952,24518,3599,8624,27593,4189,5751,22288,3855,6362,24324,Day_1,Fair,Slow,2.5mm,Experiment_2
2025-10-23T00:31:01.872Z,2742,6946,24492,3604,8618,27589,4199,5769,22371,3864,6392,24445,Day_1,Fair,Slow,2.5mm,Experiment_2
2025-10-23T00:31:01.912Z,2748,6931,24467,3616,8606,27585,4205,5790,22479,3878,6434,24602,Day_1,Fair,Slow,2.5mm,Experiment_2
2025-10-23T00:31:01.952Z,2755,6914,24447,3623,8589,27580,4213,5819,22579,3897,6481,24746,Day_1,Fair,Slow,2.5mm,Experiment_2
2025-10-23T00:31:01.992Z,2754,6902,24433,3618,8577,27577,4229,5846,22645,3918,6519,24855,Day_1,Fair,Slow,2.5mm,Experiment_2
2025-10-23T00:31:02.032Z,2748,6901,24427,3610,8576,27575,4240,5852,22668,3932,6536,24914,Day_1,Fair,Slow,2.5mm,Experiment_2
2025-10-23T00:31:02.072Z,2744,6910,24430,3608,8587,27576,4223,5836,22662,3926,6528,24923,Day_1,Fair,Slow,2.5mm,Experiment_2
2025-10-23T00:31:02.112Z,2748,6924,24433,3613,8602,27575,4194,5816,22663,3908,6511,24920,Day_1,Fair,Slow,2.5mm,Experiment_2
2025-10-23T00:31:02.152Z,2755,6934,24428,3619,8612,27571,4186,5813,22703,3902,6510,24960,Day_1,Fair,Slow,2.5mm,Experiment_2
2025-10-23T00:31:02.192Z,2760,6936,24417,3623,8615,27568,4204,5827,22768,3917,6530,25044,Day_1,Fair,Slow,2.5mm,Experiment_2
2025-10-23T00:31:02.232Z,2757,6933,24412,3620,8612,27570,4228,5844,22819,3938,6555,25112,Day_1,Fair,Slow,2.5mm,Experiment_2
2025-10-23T00:31:02.272Z,2750,6928,24412,3613,8604,27570,4240,5855,22848,3950,6571,25134,Day_1,Fair,Slow,2.5mm,Experiment_2
2025-10-23T00:31:02.312Z,2745,6922,24410,3610,8592,27563,4238,5860,22864,3950,6575,25139,Day_1,Fair,Slow,2.5mm,Experiment_2
2025-10-23T00:31:02.352Z,2744,6918,24408,3611,8582,27559,4230,5863,22876,3947,6576,25161,Day_1,Fair,Slow,2.5mm,Experiment_2
2025-10-23T00:31:02.392Z,2744,6915,24411,3612,8579,27562,4226,5867,22877,3951,6581,25185,Day_1,Fair,Slow,2.5mm,Experiment_2
2025-10-23T00:31:02.432Z,2743,6913,24416,3611,8582,27569,4229,5870,22858,3961,6588,25174,Day_1,Fair,Slow,2.5mm,Experiment_2
2025-10-23T00:31:02.472Z,2742,6914,24425,3607,8587,27574,4232,5870,22808,3962,6583,25107,Day_1,Fair,Slow,2.5mm,Experiment_2
2025-10-23T00:31:02.512Z,2743,6919,24443,3607,8593,27583,4226,5861,22711,3946,6551,24965,Day_1,Fair,Slow,2.5mm,Experiment_2
2025-10-23T00:31:02.552Z,2749,6929,24474,3609,8602,27595,4211,5833,22561,3914,6487,24736,Day_1,Fair,Slow,2.5mm,Experiment_2
2025-10-23T00:31:02.592Z,2752,6937,24506,3607,8609,27603,4200,5787,22409,3883,6411,24485,Day_1,Fair,Slow,2.5mm,Experiment_2
2025-10-23T00:31:02.632Z,2746,6937,24522,3601,8608,27602,4202,5749,22335,3868,6360,24344,Day_1,Fair,Slow,2.5mm,Experiment_2
2025-10-23T00:31:02.672Z,2737,6935,24508,3595,8605,27594,4219,5740,22365,3871,6356,24373,Day_1,Fair,Slow,2.5mm,Experiment_2
2025-10-23T00:31:02.712Z,2730,6938,24477,3592,8607,27583,4239,5758,22458,3883,6389,24507,Day_1,Fair,Slow,2.5mm,Experiment_2
2025-10-23T00:31:02.752Z,2729,6945,24452,3591,8613,27579,4247,5793,22567,3896,6438,24657,Day_1,Fair,Slow,2.5mm,Experiment_2
2025-10-23T00:31:02.792Z,2729,6947,24438,3592,8615,27582,4239,5825,22656,3907,6485,24777,Day_1,Fair,Slow,2.5mm,Experiment_2
2025-10-23T00:31:02.832Z,2728,6940,24426,3589,8608,27581,4224,5834,22709,3913,6515,24863,Day_1,Fair,Slow,2.5mm,Experiment_2
2025-10-23T00:31:02.872Z,2728,6929,24413,3586,8598,27567,4206,5823,22732,3910,6520,24914,Day_1,Fair,Slow,2.5mm,Experiment_2
2025-10-23T00:31:02.912Z,2735,6922,24402,3593,8594,27550,4194,5805,22727,3905,6508,24930,Day_1,Fair,Slow,2.5mm,Experiment_2
2025-10-23T00:31:02.952Z,2748,6923,24399,3607,8596,27540,4189,5798,22705,3906,6502,24938,Day_1,Fair,Slow,2.5mm,Experiment_2
2025-10-23T00:31:02.992Z,2752,6929,24398,3613,8600,27538,4187,5802,22708,3916,6515,24986,Day_1,Fair,Slow,2.5mm,Experiment_2
2025-10-23T00:31:03.032Z,2743,6933,24393,3607,8602,27541,4190,5811,22740,3930,6541,25065,Day_1,Fair,Slow,2.5mm,Experiment_2
2025-10-23T00:31:03.072Z,2730,6930,24389,3597,8600,27547,4201,5820,22772,3944,6559,25123,Day_1,Fair,Slow,2.5mm,Experiment_2
2025-10-23T00:31:03.112Z,2722,6916,24388,3589,8589,27550,4217,5828,22793,3952,6565,25150,Day_1,Fair,Slow,2.5mm,Experiment_2
2025-10-23T00:31:03.152Z,2722,6900,24392,3588,8573,27552,4231,5834,22814,3955,6567,25163,Day_1,Fair,Slow,2.5mm,Experiment_2
2025-10-23T00:31:03.192Z,2730,6895,24396,3594,8567,27556,4239,5845,22834,3956,6573,25164,Day_1,Fair,Slow,2.5mm,Experiment_2
2025-10-23T00:31:03.232Z,2740,6903,24392,3601,8575,27557,4238,5860,22849,3955,6582,25160,Day_1,Fair,Slow,2.5mm,Experiment_2
2025-10-23T00:31:03.272Z,2745,6913,24387,3604,8587,27556,4234,5872,22840,3951,6586,25146,Day_1,Fair,Slow,2.5mm,Experiment_2
2025-10-23T00:31:03.312Z,2741,6920,24400,3602,8594,27563,4231,5870,22784,3946,6574,25087,Day_1,Fair,Slow,2.5mm,Experiment_2
2025-10-23T00:31:03.352Z,2735,6925,24435,3598,8597,27578,4228,5841,22664,3934,6532,24935,Day_1,Fair,Slow,2.5mm,Experiment_2
2025-10-23T00:31:03.392Z,2735,6928,24479,3597,8600,27588,4219,5789,22494,3909,6459,24686,Day_1,Fair,Slow,2.5mm,Experiment_2
2025-10-23T00:31:03.432Z,2743,6929,24514,3600,8604,27591,4203,5736,22346,3877,6379,24445,Day_1,Fair,Slow,2.5mm,Experiment_2
2025-10-23T00:31:03.472Z,2751,6928,24528,3601,8605,27593,4187,5703,22299,3852,6324,24342,Day_1,Fair,Slow,2.5mm,Experiment_2
2025-10-23T00:31:03.512Z,2749,6926,24520,3598,8604,27596,4175,5701,22361,3845,6319,24395,Day_1,Fair,Slow,2.5mm,Experiment_2
2025-10-23T00:31:03.552Z,2742,6923,24498,3594,8600,27596,4174,5732,22471,3857,6365,24532,Day_1,Fair,Slow,2.5mm,Experiment_2
2025-10-23T00:31:03.592Z,2734,6919,24466,3589,8596,27587,4189,5777,22577,3882,6431,24687,Day_1,Fair,Slow,2.5mm,Experiment_2
2025-10-23T00:31:03.632Z,2726,6915,24440,3583,8592,27578,4210,5812,22654,3907,6482,24818,Day_1,Fair,Slow,2.5mm,Experiment_2
2025-10-23T00:31:03.672Z,2720,6914,24425,3581,8589,27575,4222,5827,22694,3922,6510,24895,Day_1,Fair,Slow,2.5mm,Experiment_2
2025-10-23T00:31:03.712Z,2721,6916,24420,3585,8590,27577,4226,5827,22697,3927,6519,24911,Day_1,Fair,Slow,2.5mm,Experiment_2
2025-10-23T00:31:03.752Z,2731,6918,24430,3594,8593,27583,4230,5826,22674,3929,6516,24886,Day_1,Fair,Slow,2.5mm,Experiment_2
2025-10-23T00:31:03.792Z,2745,6919,24447,3603,8597,27586,4237,5830,22650,3929,6510,24872,Day_1,Fair,Slow,2.5mm,Experiment_2
2025-10-23T00:31:03.832Z,2757,6919,24447,3611,8596,27581,4243,5839,22662,3928,6513,24916,Day_1,Fair,Slow,2.5mm,Experiment_2
2025-10-23T00:31:03.872Z,2764,6918,24427,3618,8590,27568,4242,5848,22719,3932,6529,25015,Day_1,Fair,Slow,2.5mm,Experiment_2
2025-10-23T00:31:03.912Z,2762,6915,24403,3621,8584,27558,4236,5853,22788,3939,6557,25106,Day_1,Fair,Slow,2.5mm,Experiment_2
2025-10-23T00:31:03.952Z,2757,6915,24390,3619,8583,27553,4231,5854,22837,3945,6583,25149,Day_1,Fair,Slow,2.5mm,Experiment_2
2025-10-23T00:31:03.992Z,2754,6914,24389,3617,8583,27556,4233,5848,22861,3950,6591,25159,Day_1,Fair,Slow,2.5mm,Experiment_2
2025-10-23T00:31:04.032Z,2750,6908,24391,3612,8577,27560,4236,5840,22865,3956,6584,25170,Day_1,Fair,Slow,2.5mm,Experiment_2
2025-10-23T00:31:04.072Z,2745,6906,24395,3606,8573,27564,4237,5838,22864,3960,6574,25190,Day_1,Fair,Slow,2.5mm,Experiment_2
2025-10-23T00:31:04.112Z,2740,6911,24407,3603,8579,27572,4239,5836,22852,3958,6566,25192,Day_1,Fair,Slow,2.5mm,Experiment_2
2025-10-23T00:31:04.152Z,2738,6921,24426,3603,8594,27576,4235,5822,22800,3945,6549,25123,Day_1,Fair,Slow,2.5mm,Experiment_2
2025-10-23T00:31:04.192Z,2736,6934,24448,3602,8611,27574,4216,5792,22680,3917,6508,24941,Day_1,Fair,Slow,2.5mm,Experiment_2
2025-10-23T00:31:04.232Z,2737,6939,24480,3601,8617,27576,4188,5753,22510,3879,6444,24672,Day_1,Fair,Slow,2.5mm,Experiment_2
2025-10-23T00:31:04.272Z,2743,6932,24513,3602,8604,27589,4166,5728,22367,3849,6388,24437,Day_1,Fair,Slow,2.5mm,Experiment_2
2025-10-23T00:31:04.312Z,2751,6920,24527,3608,8580,27606,4161,5732,22315,3842,6370,24346,Day_1,Fair,Slow,2.5mm,Experiment_2
2025-10-23T00:31:04.352Z,2754,6917,24517,3612,8561,27612,4172,5757,22355,3857,6387,24393,Day_1,Fair,Slow,2.5mm,Experiment_2
2025-10-23T00:31:04.392Z,2756,6927,24487,3615,8562,27601,4190,5783,22444,3879,6420,24519,Day_1,Fair,Slow,2.5mm,Experiment_2
2025-10-23T00:31:04.432Z,2759,6935,24453,3615,8579,27580,4204,5808,22542,3900,6458,24674,Day_1,Fair,Slow,2.5mm,Experiment_2
2025-10-23T00:31:04.472Z,2757,6936,24427,3613,8593,27564,4211,5835,22626,3914,6494,24813,Day_1,Fair,Slow,2.5mm,Experiment_2
2025-10-23T00:31:04.512Z,2751,6930,24413,3607,8597,27559,4212,5858,22682,3920,6521,24896,Day_1,Fair,Slow,2.5mm,Experiment_2
2025-10-23T00:31:04.552Z,2743,6919,24414,3599,8593,27564,4204,5862,22700,3918,6530,24911,Day_1,Fair,Slow,2.5mm,Experiment_2
2025-10-23T00:31:04.592Z,2741,6908,24431,3596,8586,27577,4193,5843,22683,3912,6520,24883,Day_1,Fair,Slow,2.5mm,Experiment_2
2025-10-23T00:31:04.632Z,2743,6902,24448,3600,8581,27587,4187,5821,22666,3908,6509,24865,Day_1,Fair,Slow,2.5mm,Experiment_2
2025-10-23T00:31:04.672Z,2744,6905,24452,3605,8581,27590,4196,5823,22690,3911,6514,24909,Day_1,Fair,Slow,2.5mm,Experiment_2
2025-10-23T00:31:04.712Z,2742,6907,24445,3607,8580,27583,4217,5846,22755,3921,6535,25011,Day_1,Fair,Slow,2.5mm,Experiment_2
2025-10-23T00:31:04.752Z,2740,6905,24434,3608,8576,27572,4236,5867,22818,3929,6560,25111,Day_1,Fair,Slow,2.5mm,Experiment_2
2025-10-23T00:31:04.792Z,2742,6909,24421,3610,8577,27562,4244,5880,22846,3934,6577,25161,Day_1,Fair,Slow,2.5mm,Experiment_2
2025-10-23T00:31:04.832Z,2748,6918,24409,3615,8583,27557,4249,5888,22857,3942,6588,25168,Day_1,Fair,Slow,2.5mm,Experiment_2
2025-10-23T00:31:04.872Z,2753,6926,24400,3618,8588,27556,4259,5890,22876,3957,6596,25163,Day_1,Fair,Slow,2.5mm,Experiment_2
2025-10-23T00:31:04.912Z,2748,6927,24395,3612,8593,27557,4270,5880,22887,3973,6596,25157,Day_1,Fair,Slow,2.5mm,Experiment_2
2025-10-23T00:31:04.952Z,2741,6925,24390,3602,8598,27557,4269,5857,22851,3978,6583,25117,Day_1,Fair,Slow,2.5mm,Experiment_2
2025-10-23T00:31:04.992Z,2744,6928,24400,3600,8604,27557,4243,5824,22747,3956,6546,24997,Day_1,Fair,Slow,2.5mm,Experiment_2
2025-10-23T00:31:05.032Z,2755,6943,24438,3606,8616,27564,4196,5782,22578,3908,6482,24768,Day_1,Fair,Slow,2.5mm,Experiment_2
2025-10-23T00:31:05.072Z,2762,6962,24489,3610,8632,27578,4151,5745,22395,3852,6410,24490,Day_1,Fair,Slow,2.5mm,Experiment_2
2025-10-23T00:31:05.112Z,2758,6974,24518,3606,8644,27589,4127,5723,22284,3816,6360,24302,Day_1,Fair,Slow,2.5mm,Experiment_2
2025-10-23T00:31:05.152Z,2748,6973,24512,3600,8646,27591,4127,5725,22288,3812,6352,24290,Day_1,Fair,Slow,2.5mm,Experiment_2
2025-10-23T00:31:05.192Z,2742,6959,24487,3598,8636,27585,4141,5751,22372,3830,6380,24414,Day_1,Fair,Slow,2.5mm,Experiment_2
2025-10-23T00:31:05.232Z,2743,6941,24464,3603,8620,27581,4155,5790,22488,3855,6427,24587,Day_1,Fair,Slow,2.5mm,Experiment_2
2025-10-23T00:31:05.272Z,2747,6927,24449,3610,8604,27582,4167,5824,22607,3875,6470,24750,Day_1,Fair,Slow,2.5mm,Experiment_2
2025-10-23T00:31:05.312Z,2751,6917,24442,3615,8592,27586,4181,5845,22695,3891,6502,24867,Day_1,Fair,Slow,2.5mm,Experiment_2
2025-10-23T00:31:05.352Z,2750,6918,24442,3617,8590,27589,4199,5858,22732,3906,6521,24930,Day_1,Fair,Slow,2.5mm,Experiment_2
2025-10-23T00:31:05.392Z,2744,6930,24444,3614,8601,27587,4218,5855,22724,3916,6526,24938,Day_1,Fair,Slow,2.5mm,Experiment_2
2025-10-23T00:31:05.432Z,2740,6942,24447,3612,8612,27585,4229,5836,22699,3919,6519,24922,Day_1,Fair,Slow,2.5mm,Experiment_2
2025-10-23T00:31:05.472Z,2742,6941,24447,3614,8611,27581,4236,5817,22699,3925,6515,24939,Day_1,Fair,Slow,2.5mm,Experiment_2
2025-10-23T00:31:05.512Z,2748,6933,24439,3618,8602,27575,4247,5813,22744,3936,6525,25009,Day_1,Fair,Slow,2.5mm,Experiment_2
2025-10-23T00:31:05.552Z,2751,6928,24427,3620,8596,27571,4259,5823,22806,3951,6544,25083,Day_1,Fair,Slow,2.5mm,Experiment_2
2025-10-23T00:31:05.593Z,2754,6924,24416,3622,8594,27570,4263,5835,22853,3961,6561,25128,Day_1,Fair,Slow,2.5mm,Experiment_2
2025-10-23T00:31:05.633Z,2759,6916,24409,3622,8588,27571,4251,5844,22876,3964,6570,25157,Day_1,Fair,Slow,2.5mm,Experiment_2
2025-10-23T00:31:05.673Z,2764,6910,24405,3623,8581,27570,4232,5847,22869,3959,6572,25181,Day_1,Fair,Slow,2.5mm,Experiment_2
2025-10-23T00:31:05.713Z,2764,6913,24401,3620,8581,27567,4221,5852,22845,3953,6570,25194,Day_1,Fair,Slow,2.5mm,Experiment_2
2025-10-23T00:31:05.753Z,2758,6923,24398,3616,8589,27563,4221,5859,22822,3950,6566,25187,Day_1,Fair,Slow,2.5mm,Experiment_2
2025-10-23T00:31:05.793Z,2756,6932,24405,3614,8600,27564,4224,5850,22785,3946,6553,25131,Day_1,Fair,Slow,2.5mm,Experiment_2
2025-10-23T00:31:05.833Z,2755,6934,24430,3612,8604,27571,4224,5817,22689,3935,6516,24976,Day_1,Fair,Slow,2.5mm,Experiment_2
2025-10-23T00:31:05.873Z,2753,6929,24471,3608,8601,27581,4217,5773,22527,3910,6455,24719,Day_1,Fair,Slow,2.5mm,Experiment_2
2025-10-23T00:31:05.913Z,2751,6924,24507,3603,8599,27589,4201,5740,22373,3878,6395,24466,Day_1,Fair,Slow,2.5mm,Experiment_2
2025-10-23T00:31:05.953Z,2754,6922,24520,3603,8598,27594,4185,5731,22315,3857,6368,24350,Day_1,Fair,Slow,2.5mm,Experiment_2
2025-10-23T00:31:05.993Z,2756,6920,24505,3605,8598,27596,4183,5745,22366,3858,6379,24398,Day_1,Fair,Slow,2.5mm,Experiment_2
2025-10-23T00:31:06.033Z,2751,6920,24478,3605,8598,27594,4194,5770,22466,3876,6414,24532,Day_1,Fair,Slow,2.5mm,Experiment_2
2025-10-23T00:31:06.073Z,2744,6924,24456,3603,8600,27591,4211,5799,22558,3895,6455,24683,Day_1,Fair,Slow,2.5mm,Experiment_2
2025-10-23T00:31:06.113Z,2743,6929,24447,3605,8600,27590,4223,5828,22627,3910,6495,24812,Day_1,Fair,Slow,2.5mm,Experiment_2
2025-10-23T00:31:06.153Z,2747,6932,24444,3611,8597,27589,4228,5847,22671,3919,6524,24901,Day_1,Fair,Slow,2.5mm,Experiment_2
2025-10-23T00:31:06.193Z,2759,6932,24434,3621,8595,27579,4224,5847,22686,3921,6533,24938,Day_1,Fair,Slow,2.5mm,Experiment_2
2025-10-23T00:31:06.233Z,2776,6932,24421,3635,8595,27567,4212,5829,22677,3914,6522,24929,Day_1,Fair,Slow,2.5mm,Experiment_2
2025-10-23T00:31:06.273Z,2789,6930,24418,3647,8594,27562,4196,5813,22667,3904,6509,24907,Day_1,Fair,Slow,2.5mm,Experiment_2
2025-10-23T00:31:06.313Z,2787,6926,24420,3649,8594,27562,4185,5815,22683,3899,6512,24916,Day_1,Fair,Slow,2.5mm,Experiment_2
2025-10-23T00:31:06.353Z,2772,6925,24411,3639,8597,27558,4184,5824,22732,3905,6534,24971,Day_1,Fair,Slow,2.5mm,Experiment_2
2025-10-23T00:31:06.393Z,2756,6924,24392,3625,8599,27549,4198,5828,22788,3920,6556,25049,Day_1,Fair,Slow,2.5mm,Experiment_2
2025-10-23T00:31:06.433Z,2749,6918,24379,3616,8595,27544,4212,5827,22831,3933,6570,25120,Day_1,Fair,Slow,2.5mm,Experiment_2
2025-10-23T00:31:06.473Z,2744,6910,24379,3609,8588,27549,4208,5831,22858,3939,6576,25178,Day_1,Fair,Slow,2.5mm,Experiment_2
2025-10-23T00:31:06.513Z,2737,6910,24385,3602,8586,27556,4187,5841,22869,3942,6577,25220,Day_1,Fair,Slow,2.5mm,Experiment_2
2025-10-23T00:31:06.553Z,2735,6920,24391,3602,8591,27561,4168,5853,22863,3945,6575,25230,Day_1,Fair,Slow,2.5mm,Experiment_2
2025-10-23T00:31:06.593Z,2738,6932,24398,3607,8598,27564,4169,5859,22836,3948,6566,25191,Day_1,Fair,Slow,2.5mm,Experiment_2
2025-10-23T00:31:06.633Z,2740,6940,24415,3608,8604,27569,4184,5846,22767,3939,6541,25076,Day_1,Fair,Slow,2.5mm,Experiment_2
2025-10-23T00:31:06.673Z,2743,6946,24451,3606,8611,27577,4185,5812,22629,3912,6491,24855,Day_1,Fair,Slow,2.5mm,Experiment_2
2025-10-23T00:31:06.713Z,2751,6950,24497,3609,8619,27586,4167,5770,22448,3872,6422,24568,Day_1,Fair,Slow,2.5mm,Experiment_2
2025-10-23T00:31:06.753Z,2756,6948,24528,3611,8622,27592,4153,5736,22312,3843,6363,24348,Day_1,Fair,Slow,2.5mm,Experiment_2
2025-10-23T00:31:06.793Z,2755,6945,24529,3609,8623,27595,4160,5724,22286,3839,6343,24293,Day_1,Fair,Slow,2.5mm,Experiment_2
2025-10-23T00:31:06.833Z,2751,6942,24505,3605,8622,27592,4182,5737,22352,3857,6363,24380,Day_1,Fair,Slow,2.5mm,Experiment_2
2025-10-23T00:31:06.873Z,2743,6937,24476,3599,8616,27587,4204,5767,22462,3882,6405,24543,Day_1,Fair,Slow,2.5mm,Experiment_2
2025-10-23T00:31:06.913Z,2735,6934,24457,3593,8611,27582,4217,5799,22578,3904,6451,24719,Day_1,Fair,Slow,2.5mm,Experiment_2
2025-10-23T00:31:06.953Z,2729,6932,24445,3590,8606,27575,4218,5827,22666,3918,6490,24859,Day_1,Fair,Slow,2.5mm,Experiment_2
2025-10-23T00:31:06.993Z,2730,6929,24434,3592,8605,27566,4215,5843,22701,3922,6514,24930,Day_1,Fair,Slow,2.5mm,Experiment_2
2025-10-23T00:31:06.532Z,2733,6930,24427,3595,8609,27560,4210,5844,22681,3917,6520,24925,Day_1,Fair,Slow,2.5mm,Experiment_2
2025-10-23T00:31:06.572Z,2732,6932,24429,3594,8614,27563,4205,5832,22643,3909,6513,24883,Day_1,Fair,Slow,2.5mm,Experiment_2
2025-10-23T00:31:06.612Z,2730,6926,24431,3592,8612,27568,4199,5822,22641,3907,6509,24878,Day_1,Fair,Slow,2.5mm,Experiment_2
2025-10-23T00:31:06.652Z,2729,6919,24418,3593,8604,27566,4195,5825,22695,3918,6520,24952,Day_1,Fair,Slow,2.5mm,Experiment_2
2025-10-23T00:31:06.692Z,2727,6920,24398,3593,8600,27557,4198,5840,22770,3932,6542,25059,Day_1,Fair,Slow,2.5mm,Experiment_2
2025-10-23T00:31:06.732Z,2725,6927,24387,3592,8603,27546,4210,5854,22820,3942,6561,25128,Day_1,Fair,Slow,2.5mm,Experiment_2
2025-10-23T00:31:06.772Z,2725,6933,24386,3591,8606,27540,4228,5858,22836,3949,6571,25148,Day_1,Fair,Slow,2.5mm,Experiment_2
2025-10-23T00:31:06.812Z,2726,6935,24389,3590,8609,27543,4248,5852,22842,3956,6577,25150,Day_1,Fair,Slow,2.5mm,Experiment_2
2025-10-23T00:31:06.852Z,2729,6933,24392,3591,8608,27553,4259,5848,22852,3959,6579,25161,Day_1,Fair,Slow,2.5mm,Experiment_2
2025-10-23T00:31:07.393Z,2736,6924,24398,3595,8599,27562,4253,5850,22860,3955,6574,25173,Day_1,Fair,Slow,2.5mm,Experiment_2
2025-10-23T00:31:07.433Z,2744,6914,24411,3600,8589,27569,4231,5849,22836,3941,6559,25144,Day_1,Fair,Slow,2.5mm,Experiment_2
2025-10-23T00:31:07.473Z,2747,6915,24435,3602,8588,27576,4199,5832,22744,3918,6527,25016,Day_1,Fair,Slow,2.5mm,Experiment_2
2025-10-23T00:31:07.513Z,2752,6925,24472,3607,8597,27584,4167,5794,22575,3885,6469,24766,Day_1,Fair,Slow,2.5mm,Experiment_2
2025-10-23T00:31:07.553Z,2759,6938,24511,3611,8608,27593,4150,5753,22396,3853,6399,24483,Day_1,Fair,Slow,2.5mm,Experiment_2
2025-10-23T00:31:07.593Z,2757,6947,24528,3608,8614,27598,4152,5732,22310,3836,6356,24323,Day_1,Fair,Slow,2.5mm,Experiment_2
2025-10-23T00:31:07.633Z,2747,6950,24514,3600,8615,27594,4167,5741,22346,3839,6360,24348,Day_1,Fair,Slow,2.5mm,Experiment_2
2025-10-23T00:31:07.673Z,2738,6945,24484,3594,8612,27584,4188,5770,22436,3857,6398,24480,Day_1,Fair,Slow,2.5mm,Experiment_2
2025-10-23T00:31:07.713Z,2733,6934,24455,3593,8604,27572,4214,5802,22523,3885,6443,24632,Day_1,Fair,Slow,2.5mm,Experiment_2
2025-10-23T00:31:07.753Z,2734,6922,24436,3594,8595,27561,4239,5829,22606,3912,6477,24767,Day_1,Fair,Slow,2.5mm,Experiment_2
2025-10-23T00:31:07.793Z,2740,6914,24425,3599,8587,27557,4251,5849,22678,3928,6497,24868,Day_1,Fair,Slow,2.5mm,Experiment_2
2025-10-23T00:31:07.833Z,2748,6905,24424,3606,8578,27563,4248,5853,22715,3929,6507,24915,Day_1,Fair,Slow,2.5mm,Experiment_2
2025-10-23T00:31:07.873Z,2750,6896,24437,3610,8569,27577,4236,5839,22709,3922,6510,24910,Day_1,Fair,Slow,2.5mm,Experiment_2
2025-10-23T00:31:07.913Z,2746,6892,24452,3609,8564,27589,4228,5821,22691,3919,6514,24900,Day_1,Fair,Slow,2.5mm,Experiment_2
2025-10-23T00:31:07.953Z,2740,6899,24448,3603,8567,27587,4232,5817,22703,3927,6529,24943,Day_1,Fair,Slow,2.5mm,Experiment_2
2025-10-23T00:31:07.993Z,2733,6913,24423,3598,8579,27570,4238,5828,22747,3940,6550,25033,Day_1,Fair,Slow,2.5mm,Experiment_2
2025-10-23T00:31:08.033Z,2730,6920,24399,3597,8587,27553,4232,5839,22786,3948,6564,25104,Day_1,Fair,Slow,2.5mm,Experiment_2
2025-10-23T00:31:08.073Z,2731,6917,24389,3601,8587,27544,4225,5843,22806,3950,6571,25134,Day_1,Fair,Slow,2.5mm,Experiment_2
2025-10-23T00:31:08.114Z,2735,6919,24392,3606,8586,27546,4231,5847,22825,3955,6580,25144,Day_1,Fair,Slow,2.5mm,Experiment_2
2025-10-23T00:31:08.154Z,2741,6925,24400,3610,8591,27555,4247,5860,22848,3964,6592,25150,Day_1,Fair,Slow,2.5mm,Experiment_2
2025-10-23T00:31:08.194Z,2746,6925,24406,3613,8595,27561,4256,5871,22865,3969,6601,25155,Day_1,Fair,Slow,2.5mm,Experiment_2
2025-10-23T00:31:08.234Z,2746,6923,24406,3612,8598,27561,4254,5858,22860,3967,6593,25148,Day_1,Fair,Slow,2.5mm,Experiment_2
2025-10-23T00:31:08.274Z,2745,6924,24409,3606,8602,27560,4242,5819,22810,3953,6562,25087,Day_1,Fair,Slow,2.5mm,Experiment_2
2025-10-23T00:31:08.314Z,2744,6926,24427,3600,8607,27565,4219,5777,22685,3922,6511,24916,Day_1,Fair,Slow,2.5mm,Experiment_2
2025-10-23T00:31:08.354Z,2745,6922,24468,3598,8607,27577,4185,5747,22504,3879,6448,24655,Day_1,Fair,Slow,2.5mm,Experiment_2
2025-10-23T00:31:08.394Z,2751,6909,24507,3602,8596,27587,4152,5732,22354,3843,6394,24430,Day_1,Fair,Slow,2.5mm,Experiment_2
2025-10-23T00:31:08.434Z,2757,6899,24516,3608,8584,27585,4131,5727,22302,3827,6370,24346,Day_1,Fair,Slow,2.5mm,Experiment_2
2025-10-23T00:31:08.474Z,2755,6903,24496,3608,8584,27577,4129,5729,22340,3832,6375,24397,Day_1,Fair,Slow,2.5mm,Experiment_2
2025-10-23T00:31:08.514Z,2743,6915,24467,3601,8594,27570,4148,5745,22426,3850,6403,24521,Day_1,Fair,Slow,2.5mm,Experiment_2
2025-10-23T00:31:08.554Z,2731,6924,24445,3590,8599,27569,4177,5773,22527,3871,6444,24672,Day_1,Fair,Slow,2.5mm,Experiment_2
2025-10-23T00:31:08.594Z,2728,6928,24434,3585,8596,27570,4197,5808,22614,3889,6488,24807,Day_1,Fair,Slow,2.5mm,Experiment_2
2025-10-23T00:31:08.634Z,2732,6925,24433,3588,8593,27572,4205,5843,22662,3900,6524,24888,Day_1,Fair,Slow,2.5mm,Experiment_2
2025-10-23T00:31:08.674Z,2739,6917,24441,3595,8589,27580,4212,5862,22665,3905,6541,24902,Day_1,Fair,Slow,2.5mm,Experiment_2
2025-10-23T00:31:08.714Z,2745,6909,24460,3603,8585,27594,4221,5855,22644,3910,6535,24872,Day_1,Fair,Slow,2.5mm,Experiment_2
2025-10-23T00:31:08.754Z,2748,6910,24477,3610,8587,27607,4231,5840,22637,3921,6526,24855,Day_1,Fair,Slow,2.5mm,Experiment_2
2025-10-23T00:31:08.794Z,2746,6921,24471,3610,8598,27606,4236,5836,22672,3936,6528,24899,Day_1,Fair,Slow,2.5mm,Experiment_2
2025-10-23T00:31:08.834Z,2746,6934,24445,3609,8608,27592,4237,5835,22740,3949,6539,24999,Day_1,Fair,Slow,2.5mm,Experiment_2
2025-10-23T00:31:08.874Z,2746,6941,24421,3608,8612,27579,4244,5830,22804,3958,6548,25096,Day_1,Fair,Slow,2.5mm,Experiment_2
2025-10-23T00:31:08.914Z,2744,6942,24405,3608,8609,27566,4258,5826,22838,3964,6555,25146,Day_1,Fair,Slow,2.5mm,Experiment_2
2025-10-23T00:31:08.954Z,2741,6939,24391,3612,8603,27554,4263,5825,22854,3969,6566,25159,Day_1,Fair,Slow,2.5mm,Experiment_2
2025-10-23T00:31:08.994Z,2743,6930,24379,3617,8595,27546,4251,5835,22864,3970,6581,25168,Day_1,Fair,Slow,2.5mm,Experiment_2
2025-10-23T00:31:09.034Z,2751,6917,24382,3622,8586,27548,4233,5855,22866,3966,6595,25181,Day_1,Fair,Slow,2.5mm,Experiment_2
2025-10-23T00:31:09.074Z,2758,6909,24400,3624,8580,27558,4222,5866,22839,3956,6595,25161,Day_1,Fair,Slow,2.5mm,Experiment_2
2025-10-23T00:31:09.114Z,2759,6911,24427,3621,8579,27570,4210,5847,22754,3936,6562,25048,Day_1,Fair,Slow,2.5mm,Experiment_2
2025-10-23T00:31:09.154Z,2753,6919,24460,3613,8586,27580,4188,5797,22603,3900,6489,24815,Day_1,Fair,Slow,2.5mm,Experiment_2
2025-10-23T00:31:09.194Z,2747,6927,24497,3606,8597,27586,4160,5741,22426,3847,6390,24523,Day_1,Fair,Slow,2.5mm,Experiment_2
2025-10-23T00:31:09.234Z,2741,6935,24518,3599,8612,27588,4144,5710,22306,3799,6305,24316,Day_1,Fair,Slow,2.5mm,Experiment_2
2025-10-23T00:31:09.274Z,2733,6942,24509,3592,8622,27584,4144,5708,22293,3785,6281,24289,Day_1,Fair,Slow,2.5mm,Experiment_2
2025-10-23T00:31:09.314Z,2726,6944,24480,3587,8622,27576,4154,5727,22361,3810,6325,24406,Day_1,Fair,Slow,2.5mm,Experiment_2
2025-10-23T00:31:09.354Z,2723,6940,24451,3587,8616,27569,4175,5761,22464,3849,6398,24578,Day_1,Fair,Slow,2.5mm,Experiment_2
2025-10-23T00:31:09.394Z,2729,6933,24437,3592,8607,27567,4201,5795,22567,3880,6457,24739,Day_1,Fair,Slow,2.5mm,Experiment_2
2025-10-23T00:31:09.434Z,2739,6924,24435,3600,8596,27568,4218,5812,22645,3899,6490,24854,Day_1,Fair,Slow,2.5mm,Experiment_2
2025-10-23T00:31:09.474Z,2744,6917,24441,3606,8591,27573,4216,5818,22683,3906,6506,24911,Day_1,Fair,Slow,2.5mm,Experiment_2
2025-10-23T00:31:09.514Z,2744,6919,24451,3607,8595,27582,4208,5821,22677,3906,6512,24911,Day_1,Fair,Slow,2.5mm,Experiment_2
2025-10-23T00:31:09.554Z,2746,6924,24456,3607,8600,27586,4205,5816,22652,3908,6509,24885,Day_1,Fair,Slow,2.5mm,Experiment_2
2025-10-23T00:31:09.594Z,2750,6920,24442,3609,8594,27574,4210,5809,22651,3915,6507,24899,Day_1,Fair,Slow,2.5mm,Experiment_2
2025-10-23T00:31:09.634Z,2749,6910,24416,3609,8583,27557,4220,5815,22702,3929,6520,24980,Day_1,Fair,Slow,2.5mm,Experiment_2
2025-10-23T00:31:09.674Z,2746,6907,24397,3607,8579,27548,4226,5837,22774,3945,6546,25076,Day_1,Fair,Slow,2.5mm,Experiment_2
2025-10-23T00:31:09.714Z,2747,6911,24386,3608,8587,27549,4225,5855,22821,3954,6569,25130,Day_1,Fair,Slow,2.5mm,Experiment_2
2025-10-23T00:31:09.754Z,2753,6916,24375,3616,8595,27550,4221,5853,22840,3955,6578,25148,Day_1,Fair,Slow,2.5mm,Experiment_2
2025-10-23T00:31:09.794Z,2767,6917,24365,3632,8594,27546,4223,5839,22848,3955,6576,25169,Day_1,Fair,Slow,2.5mm,Experiment_2
2025-10-23T00:31:09.834Z,2780,6916,24363,3645,8588,27540,4236,5830,22853,3961,6573,25190,Day_1,Fair,Slow,2.5mm,Experiment_2
2025-10-23T00:31:09.874Z,2782,6912,24376,3646,8581,27539,4252,5832,22853,3968,6575,25181,Day_1,Fair,Slow,2.5mm,Experiment_2
2025-10-23T00:31:09.914Z,2776,6906,24400,3640,8575,27549,4255,5835,22827,3965,6569,25122,Day_1,Fair,Slow,2.5mm,Experiment_2
2025-10-23T00:31:09.954Z,2769,6906,24436,3633,8576,27569,4235,5821,22741,3942,6535,24978,Day_1,Fair,Slow,2.5mm,Experiment_2
2025-10-23T00:31:09.994Z,2763,6920,24486,3624,8590,27593,4198,5785,22589,3902,6467,24737,Day_1,Fair,Slow,2.5mm,Experiment_2
2025-10-23T00:31:10.034Z,2762,6938,24530,3620,8610,27609,4162,5740,22433,3863,6383,24481,Day_1,Fair,Slow,2.5mm,Experiment_2
2025-10-23T00:31:10.074Z,2762,6941,24542,3620,8616,27609,4152,5710,22349,3847,6322,24348,Day_1,Fair,Slow,2.5mm,Experiment_2
2025-10-23T00:31:10.114Z,2754,6930,24520,3617,8609,27601,4167,5716,22357,3854,6319,24382,Day_1,Fair,Slow,2.5mm,Experiment_2
2025-10-23T00:31:10.154Z,2746,6919,24483,3614,8600,27590,4189,5757,22432,3868,6371,24515,Day_1,Fair,Slow,2.5mm,Experiment_2
2025-10-23T00:31:10.194Z,2744,6915,24449,3613,8598,27577,4209,5800,22538,3882,6434,24664,Day_1,Fair,Slow,2.5mm,Experiment_2
2025-10-23T00:31:10.234Z,2743,6915,24427,3610,8599,27566,4223,5824,22634,3898,6478,24785,Day_1,Fair,Slow,2.5mm,Experiment_2
2025-10-23T00:31:10.274Z,2739,6920,24417,3603,8601,27560,4230,5830,22690,3912,6504,24864,Day_1,Fair,Slow,2.5mm,Experiment_2
2025-10-23T00:31:10.314Z,2737,6933,24411,3600,8611,27556,4226,5826,22699,3917,6520,24898,Day_1,Fair,Slow,2.5mm,Experiment_2
2025-10-23T00:31:10.354Z,2741,6947,24414,3605,8625,27559,4217,5819,22672,3914,6522,24889,Day_1,Fair,Slow,2.5mm,Experiment_2
2025-10-23T00:31:10.394Z,2753,6951,24426,3615,8631,27570,4213,5808,22643,3909,6514,24873,Day_1,Fair,Slow,2.5mm,Experiment_2
2025-10-23T00:31:10.434Z,2766,6943,24437,3625,8626,27582,4213,5802,22653,3910,6511,24900,Day_1,Fair,Slow,2.5mm,Experiment_2
2025-10-23T00:31:10.474Z,2775,6929,24445,3632,8611,27592,4216,5808,22704,3915,6522,24973,Day_1,Fair,Slow,2.5mm,Experiment_2
2025-10-23T00:31:10.514Z,2776,6921,24451,3634,8598,27596,4228,5819,22762,3929,6539,25053,Day_1,Fair,Slow,2.5mm,Experiment_2
2025-10-23T00:31:10.554Z,2769,6923,24443,3629,8594,27586,4247,5825,22806,3948,6555,25112,Day_1,Fair,Slow,2.5mm,Experiment_2
2025-10-23T00:31:10.594Z,2758,6926,24418,3618,8596,27565,4258,5830,22836,3962,6570,25145,Day_1,Fair,Slow,2.5mm,Experiment_2
2025-10-23T00:31:10.634Z,2752,6924,24392,3611,8595,27548,4252,5838,22852,3964,6584,25163,Day_1,Fair,Slow,2.5mm,Experiment_2
2025-10-23T00:31:10.674Z,2755,6919,24380,3611,8590,27541,4244,5851,22853,3957,6593,25177,Day_1,Fair,Slow,2.5mm,Experiment_2
2025-10-23T00:31:10.714Z,2762,6917,24385,3616,8586,27541,4247,5860,22833,3949,6589,25170,Day_1,Fair,Slow,2.5mm,Experiment_2
2025-10-23T00:31:10.754Z,2761,6921,24403,3619,8591,27549,4247,5854,22772,3942,6568,25095,Day_1,Fair,Slow,2.5mm,Experiment_2
2025-10-23T00:31:10.794Z,2753,6926,24435,3616,8600,27562,4232,5829,22642,3924,6521,24909,Day_1,Fair,Slow,2.5mm,Experiment_2
2025-10-23T00:31:10.834Z,2741,6927,24476,3610,8607,27574,4201,5790,22470,3892,6454,24639,Day_1,Fair,Slow,2.5mm,Experiment_2
2025-10-23T00:31:10.874Z,2721,6926,24505,3602,8608,27578,4170,5756,22337,3858,6394,24412,Day_1,Fair,Slow,2.5mm,Experiment_2
2025-10-23T00:31:10.914Z,2691,6935,24506,3594,8611,27579,4152,5741,22303,3841,6370,24335,Day_1,Fair,Slow,2.5mm,Experiment_2
2025-10-23T00:31:10.954Z,2642,6953,24489,3590,8618,27581,4153,5746,22358,3846,6381,24394,Day_1,Fair,Slow,2.5mm,Experiment_2
2025-10-23T00:31:10.994Z,2566,6969,24469,3591,8619,27580,4170,5764,22459,3868,6410,24530,Day_1,Fair,Slow,2.5mm,Experiment_2
2025-10-23T00:31:11.034Z,2522,6972,24449,3592,8607,27571,4193,5784,22564,3895,6446,24689,Day_1,Fair,Slow,2.5mm,Experiment_2
2025-10-23T00:31:11.074Z,2555,6958,24437,3596,8590,27565,4217,5800,22643,3918,6478,24823,Day_1,Fair,Slow,2.5mm,Experiment_2
2025-10-23T00:31:11.114Z,2605,6933,24437,3597,8580,27570,4235,5806,22683,3931,6501,24905,Day_1,Fair,Slow,2.5mm,Experiment_2
2025-10-23T00:31:11.154Z,2639,6910,24444,3595,8578,27580,4238,5812,22689,3934,6515,24927,Day_1,Fair,Slow,2.5mm,Experiment_2
2025-10-23T00:31:11.194Z,2705,6902,24448,3595,8580,27585,4228,5820,22669,3928,6518,24907,Day_1,Fair,Slow,2.5mm,Experiment_2
2025-10-23T00:31:11.234Z,2803,6911,24445,3600,8589,27586,4226,5824,22654,3925,6514,24895,Day_1,Fair,Slow,2.5mm,Experiment_2
2025-10-23T00:31:11.274Z,2881,6929,24435,3609,8601,27584,4238,5828,22677,3931,6521,24937,Day_1,Fair,Slow,2.5mm,Experiment_2
2025-10-23T00:31:11.314Z,2948,6943,24420,3620,8609,27580,4245,5844,22733,3941,6546,25030,Day_1,Fair,Slow,2.5mm,Experiment_2
2025-10-23T00:31:11.354Z,3053,6946,24408,3631,8610,27573,4238,5868,22784,3949,6575,25123,Day_1,Fair,Slow,2.5mm,Experiment_2
2025-10-23T00:31:11.394Z,3122,6939,24402,3634,8605,27565,4235,5882,22813,3955,6591,25173,Day_1,Fair,Slow,2.5mm,Experiment_2
2025-10-23T00:31:11.434Z,3078,6927,24400,3628,8595,27557,4246,5882,22831,3959,6594,25184,Day_1,Fair,Slow,2.5mm,Experiment_2
2025-10-23T00:31:11.474Z,3019,6911,24403,3624,8582,27555,4260,5876,22846,3964,6595,25177,Day_1,Fair,Slow,2.5mm,Experiment_2
2025-10-23T00:31:11.514Z,2973,6896,24404,3624,8571,27560,4265,5873,22856,3968,6598,25165,Day_1,Fair,Slow,2.5mm,Experiment_2
2025-10-23T00:31:11.554Z,2838,6892,24408,3617,8568,27563,4257,5879,22840,3963,6595,25128,Day_1,Fair,Slow,2.5mm,Experiment_2
2025-10-23T00:31:11.594Z,2641,6904,24425,3608,8580,27569,4238,5877,22763,3944,6569,25019,Day_1,Fair,Slow,2.5mm,Experiment_2
2025-10-23T00:31:11.634Z,2529,6924,24466,3605,8600,27585,4209,5844,22610,3909,6508,24802,Day_1,Fair,Slow,2.5mm,Experiment_2
2025-10-23T00:31:11.674Z,2546,6937,24517,3611,8615,27604,4173,5794,22424,3868,6430,24527,Day_1,Fair,Slow,2.5mm,Experiment_2
2025-10-23T00:31:11.714Z,2589,6938,24543,3619,8617,27608,4148,5760,22293,3840,6374,24330,Day_1,Fair,Slow,2.5mm,Experiment_2
2025-10-23T00:31:11.754Z,2604,6938,24533,3620,8615,27598,4149,5752,22273,3834,6365,24300,Day_1,Fair,Slow,2.5mm,Experiment_2
2025-10-23T00:31:11.794Z,2627,6945,24501,3613,8618,27581,4162,5760,22349,3844,6389,24403,Day_1,Fair,Slow,2.5mm,Experiment_2
2025-10-23T00:31:11.834Z,2650,6952,24462,3606,8621,27564,4174,5776,22472,3861,6426,24567,Day_1,Fair,Slow,2.5mm,Experiment_2
2025-10-23T00:31:11.874Z,2658,6951,24428,3604,8617,27548,4187,5800,22594,3883,6464,24737,Day_1,Fair,Slow,2.5mm,Experiment_2
2025-10-23T00:31:11.914Z,2661,6945,24408,3607,8611,27538,4203,5824,22675,3906,6494,24866,Day_1,Fair,Slow,2.5mm,Experiment_2
2025-10-23T00:31:11.954Z,2650,6946,24408,3615,8613,27539,4218,5836,22694,3923,6510,24924,Day_1,Fair,Slow,2.5mm,Experiment_2
2025-10-23T00:31:11.994Z,2647,6954,24421,3625,8621,27551,4224,5836,22662,3930,6510,24914,Day_1,Fair,Slow,2.5mm,Experiment_2
2025-10-23T00:31:12.034Z,2688,6959,24435,3634,8629,27567,4214,5824,22623,3925,6503,24877,Day_1,Fair,Slow,2.5mm,Experiment_2
2025-10-23T00:31:12.074Z,2743,6956,24440,3638,8628,27578,4196,5811,22629,3917,6503,24885,Day_1,Fair,Slow,2.5mm,Experiment_2
2025-10-23T00:31:12.114Z,2771,6947,24431,3636,8618,27575,4185,5810,22685,3918,6521,24967,Day_1,Fair,Slow,2.5mm,Experiment_2
2025-10-23T00:31:12.154Z,2770,6940,24416,3625,8610,27563,4183,5819,22750,3926,6546,25067,Day_1,Fair,Slow,2.5mm,Experiment_2
2025-10-23T00:31:12.194Z,2761,6938,24404,3612,8610,27554,4189,5831,22794,3932,6565,25120,Day_1,Fair,Slow,2.5mm,Experiment_2
2025-10-23T00:31:12.234Z,2750,6938,24396,3601,8613,27551,4205,5843,22821,3940,6578,25131,Day_1,Fair,Slow,2.5mm,Experiment_2
2025-10-23T00:31:12.274Z,2737,6940,24391,3592,8613,27552,4230,5856,22842,3951,6588,25147,Day_1,Fair,Slow,2.5mm,Experiment_2
2025-10-23T00:31:12.314Z,2728,6937,24392,3591,8607,27556,4248,5866,22858,3960,6593,25173,Day_1,Fair,Slow,2.5mm,Experiment_2
2025-10-23T00:31:12.354Z,2729,6927,24402,3594,8595,27562,4246,5871,22859,3957,6589,25180,Day_1,Fair,Slow,2.5mm,Experiment_2
2025-10-23T00:31:12.394Z,2733,6922,24421,3597,8590,27571,4230,5866,22820,3943,6572,25129,Day_1,Fair,Slow,2.5mm,Experiment_2
2025-10-23T00:31:12.435Z,2741,6929,24452,3601,8595,27584,4217,5846,22717,3922,6531,24980,Day_1,Fair,Slow,2.5mm,Experiment_2
2025-10-23T00:31:12.475Z,2749,6937,24492,3605,8603,27601,4210,5805,22556,3895,6467,24729,Day_1,Fair,Slow,2.5mm,Experiment_2
2025-10-23T00:31:12.515Z,2750,6938,24524,3602,8605,27607,4203,5764,22398,3870,6400,24468,Day_1,Fair,Slow,2.5mm,Experiment_2
2025-10-23T00:31:12.555Z,2747,6932,24527,3598,8604,27600,4189,5741,22323,3858,6366,24337,Day_1,Fair,Slow,2.5mm,Experiment_2
2025-10-23T00:31:12.595Z,2750,6927,24505,3602,8604,27592,4177,5741,22348,3859,6373,24376,Day_1,Fair,Slow,2.5mm,Experiment_2
2025-10-23T00:31:12.635Z,2756,6924,24476,3608,8606,27585,4173,5754,22428,3868,6407,24511,Day_1,Fair,Slow,2.5mm,Experiment_2
2025-10-23T00:31:12.675Z,2757,6922,24450,3608,8605,27575,4176,5773,22514,3878,6443,24659,Day_1,Fair,Slow,2.5mm,Experiment_2
2025-10-23T00:31:12.715Z,2753,6919,24427,3603,8599,27565,4182,5790,22588,3888,6473,24780,Day_1,Fair,Slow,2.5mm,Experiment_2
2025-10-23T00:31:12.755Z,2751,6919,24401,3599,8595,27561,4191,5798,22642,3899,6495,24859,Day_1,Fair,Slow,2.5mm,Experiment_2
2025-10-23T00:31:12.795Z,2760,6919,24372,3606,8593,27566,4201,5798,22668,3908,6507,24893,Day_1,Fair,Slow,2.5mm,Experiment_2
2025-10-23T00:31:12.835Z,2771,6919,24348,3620,8592,27573,4201,5797,22665,3908,6508,24887,Day_1,Fair,Slow,2.5mm,Experiment_2
2025-10-23T00:31:12.875Z,2769,6923,24312,3625,8594,27575,4192,5811,22659,3902,6510,24877,Day_1,Fair,Slow,2.5mm,Experiment_2
2025-10-23T00:31:12.915Z,2753,6927,24233,3616,8596,27565,4188,5842,22682,3905,6524,24912,Day_1,Fair,Slow,2.5mm,Experiment_2
2025-10-23T00:31:12.955Z,2737,6928,24178,3603,8597,27550,4194,5872,22732,3919,6546,24992,Day_1,Fair,Slow,2.5mm,Experiment_2
2025-10-23T00:31:12.995Z,2730,6926,24227,3596,8597,27541,4209,5882,22780,3936,6564,25073,Day_1,Fair,Slow,2.5mm,Experiment_2
2025-10-23T00:31:13.035Z,2731,6922,24318,3596,8595,27537,4234,5884,22816,3951,6576,25127,Day_1,Fair,Slow,2.5mm,Experiment_2
2025-10-23T00:31:13.075Z,2734,6918,24377,3598,8591,27537,4264,5890,22849,3965,6588,25154,Day_1,Fair,Slow,2.5mm,Experiment_2
2025-10-23T00:31:13.115Z,2740,6915,24425,3602,8587,27546,4286,5894,22877,3979,6598,25164,Day_1,Fair,Slow,2.5mm,Experiment_2
2025-10-23T00:31:13.155Z,2750,6918,24493,3607,8587,27559,4291,5884,22890,3990,6596,25171,Day_1,Fair,Slow,2.5mm,Experiment_2
2025-10-23T00:31:13.195Z,2758,6922,24571,3612,8590,27567,4282,5864,22868,3991,6581,25158,Day_1,Fair,Slow,2.5mm,Experiment_2
2025-10-23T00:31:13.235Z,2760,6924,24698,3613,8593,27573,4265,5842,22792,3977,6553,25080,Day_1,Fair,Slow,2.5mm,Experiment_2
2025-10-23T00:31:13.275Z,2757,6921,24924,3611,8596,27582,4244,5816,22651,3946,6507,24892,Day_1,Fair,Slow,2.5mm,Experiment_2
2025-10-23T00:31:13.315Z,2760,6923,25074,3610,8601,27591,4226,5789,22477,3906,6445,24626,Day_1,Fair,Slow,2.5mm,Experiment_2
2025-10-23T00:31:13.355Z,2769,6932,24946,3615,8611,27593,4218,5774,22351,3874,6395,24408,Day_1,Fair,Slow,2.5mm,Experiment_2
2025-10-23T00:31:13.395Z,2781,6939,24695,3620,8619,27591,4208,5772,22321,3858,6377,24336,Day_1,Fair,Slow,2.5mm,Experiment_2
2025-10-23T00:31:13.435Z,2800,6938,24539,3623,8620,27595,4194,5779,22371,3856,6390,24393,Day_1,Fair,Slow,2.5mm,Experiment_2
2025-10-23T00:31:13.475Z,2866,6932,24473,3631,8614,27596,4182,5790,22466,3864,6421,24524,Day_1,Fair,Slow,2.5mm,Experiment_2
2025-10-23T00:31:13.515Z,2991,6926,24423,3649,8605,27585,4182,5802,22570,3877,6457,24686,Day_1,Fair,Slow,2.5mm,Experiment_2
2025-10-23T00:31:13.555Z,3064,6922,24359,3663,8599,27570,4191,5817,22651,3891,6490,24829,Day_1,Fair,Slow,2.5mm,Experiment_2
2025-10-23T00:31:13.595Z,2988,6918,24251,3651,8597,27561,4205,5831,22698,3902,6514,24915,Day_1,Fair,Slow,2.5mm,Experiment_2
2025-10-23T00:31:13.635Z,2849,6914,24078,3623,8598,27556,4220,5835,22710,3910,6524,24935,Day_1,Fair,Slow,2.5mm,Experiment_2
2025-10-23T00:31:13.675Z,2761,6913,23982,3599,8599,27553,4230,5830,22690,3915,6518,24913,Day_1,Fair,Slow,2.5mm,Experiment_2
2025-10-23T00:31:13.715Z,2727,6920,24091,3585,8602,27556,4229,5830,22671,3917,6509,24896,Day_1,Fair,Slow,2.5mm,Experiment_2
2025-10-23T00:31:13.755Z,2720,6931,24269,3584,8606,27563,4219,5837,22692,3917,6510,24927,Day_1,Fair,Slow,2.5mm,Experiment_2
2025-10-23T00:31:13.795Z,2727,6939,24359,3593,8607,27565,4215,5841,22753,3921,6523,24997,Day_1,Fair,Slow,2.5mm,Experiment_2
2025-10-23T00:31:13.835Z,2740,6939,24378,3605,8602,27559,4230,5840,22816,3934,6541,25062,Day_1,Fair,Slow,2.5mm,Experiment_2
2025-10-23T00:31:13.875Z,2746,6934,24375,3607,8599,27552,4255,5840,22851,3951,6559,25102,Day_1,Fair,Slow,2.5mm,Experiment_2
2025-10-23T00:31:13.915Z,2741,6932,24324,3599,8599,27546,4273,5840,22861,3965,6578,25133,Day_1,Fair,Slow,2.5mm,Experiment_2
2025-10-23T00:31:13.955Z,2733,6933,24127,3592,8600,27534,4275,5840,22862,3971,6593,25172,Day_1,Fair,Slow,2.5mm,Experiment_2
2025-10-23T00:31:13.995Z,2732,6937,23776,3595,8600,27514,4268,5844,22853,3971,6597,25201,Day_1,Fair,Slow,2.5mm,Experiment_2
2025-10-23T00:31:14.035Z,2737,6939,23582,3603,8599,27506,4253,5846,22821,3964,6585,25180,Day_1,Fair,Slow,2.5mm,Experiment_2
2025-10-23T00:31:14.075Z,2740,6937,23808,3607,8595,27528,4227,5830,22746,3941,6546,25068,Day_1,Fair,Slow,2.5mm,Experiment_2
2025-10-23T00:31:14.115Z,2740,6933,24202,3603,8593,27562,4194,5796,22611,3903,6481,24841,Day_1,Fair,Slow,2.5mm,Experiment_2
2025-10-23T00:31:14.155Z,2743,6929,24445,3598,8594,27583,4165,5759,22445,3862,6409,24551,Day_1,Fair,Slow,2.5mm,Experiment_2
2025-10-23T00:31:14.195Z,2752,6924,24521,3599,8594,27590,4148,5734,22324,3834,6358,24331,Day_1,Fair,Slow,2.5mm,Experiment_2
2025-10-23T00:31:14.235Z,2765,6919,24518,3607,8593,27592,4146,5727,22304,3828,6345,24282,Day_1,Fair,Slow,2.5mm,Experiment_2
2025-10-23T00:31:14.275Z,2770,6919,24491,3614,8595,27591,4166,5736,22372,3845,6366,24382,Day_1,Fair,Slow,2.5mm,Experiment_2
2025-10-23T00:31:14.315Z,2762,6924,24464,3614,8604,27586,4198,5759,22479,3872,6408,24550,Day_1,Fair,Slow,2.5mm,Experiment_2
2025-10-23T00:31:14.355Z,2755,6933,24444,3615,8612,27578,4220,5784,22583,3895,6452,24717,Day_1,Fair,Slow,2.5mm,Experiment_2
2025-10-23T00:31:14.395Z,2757,6936,24432,3618,8612,27569,4220,5795,22670,3906,6483,24842,Day_1,Fair,Slow,2.5mm,Experiment_2
2025-10-23T00:31:14.435Z,2763,6936,24425,3620,8608,27566,4214,5803,22724,3913,6501,24912,Day_1,Fair,Slow,2.5mm,Experiment_2
2025-10-23T00:31:14.475Z,2762,6939,24423,3615,8608,27568,4208,5815,22726,3916,6508,24923,Day_1,Fair,Slow,2.5mm,Experiment_2
2025-10-23T00:31:14.515Z,2752,6944,24425,3605,8615,27572,4200,5821,22691,3914,6507,24902,Day_1,Fair,Slow,2.5mm,Experiment_2
2025-10-23T00:31:14.555Z,2746,6941,24421,3600,8615,27570,4203,5815,22679,3915,6506,24913,Day_1,Fair,Slow,2.5mm,Experiment_2
2025-10-23T00:31:14.595Z,2754,6927,24412,3606,8604,27566,4225,5809,22720,3926,6518,24990,Day_1,Fair,Slow,2.5mm,Experiment_2
2025-10-23T00:31:14.635Z,2763,6915,24407,3613,8593,27564,4246,5816,22768,3938,6541,25079,Day_1,Fair,Slow,2.5mm,Experiment_2
2025-10-23T00:31:14.675Z,2759,6912,24403,3611,8590,27565,4247,5833,22761,3942,6564,25116,Day_1,Fair,Slow,2.5mm,Experiment_2
2025-10-23T00:31:14.715Z,2751,6915,24395,3608,8592,27561,4230,5847,22702,3940,6578,25111,Day_1,Fair,Slow,2.5mm,Experiment_2
2025-10-23T00:31:14.755Z,2748,6920,24385,3608,8592,27555,4210,5849,22643,3941,6586,25112,Day_1,Fair,Slow,2.5mm,Experiment_2
2025-10-23T00:31:14.795Z,2748,6929,24379,3612,8595,27552,4202,5842,22584,3946,6587,25124,Day_1,Fair,Slow,2.5mm,Experiment_2
2025-10-23T00:31:14.835Z,2748,6935,24380,3615,8598,27550,4215,5841,22464,3953,6581,25107,Day_1,Fair,Slow,2.5mm,Experiment_2
2025-10-23T00:31:14.875Z,2750,6931,24391,3617,8597,27553,4233,5842,22360,3957,6564,25042,Day_1,Fair,Slow,2.5mm,Experiment_2
2025-10-23T00:31:14.915Z,2756,6922,24418,3620,8594,27565,4235,5828,22377,3944,6525,24912,Day_1,Fair,Slow,2.5mm,Experiment_2
2025-10-23T00:31:14.955Z,2766,6917,24463,3623,8596,27579,4215,5790,22412,3910,6459,24697,Day_1,Fair,Slow,2.5mm,Experiment_2
2025-10-23T00:31:14.995Z,2768,6917,24508,3618,8599,27588,4186,5747,22411,3872,6390,24467,Day_1,Fair,Slow,2.5mm,Experiment_2
2025-10-23T00:31:15.035Z,2758,6921,24525,3608,8603,27588,4175,5722,22542,3855,6352,24376,Day_1,Fair,Slow,2.5mm,Experiment_2
2025-10-23T00:31:15.075Z,2746,6929,24505,3603,8610,27579,4193,5719,22890,3866,6358,24477,Day_1,Fair,Slow,2.5mm,Experiment_2
2025-10-23T00:31:15.115Z,2738,6937,24470,3601,8614,27566,4218,5730,23241,3888,6389,24663,Day_1,Fair,Slow,2.5mm,Experiment_2
2025-10-23T00:31:15.155Z,2734,6939,24442,3600,8613,27552,4226,5754,23509,3904,6428,24843,Day_1,Fair,Slow,2.5mm,Experiment_2
2025-10-23T00:31:15.195Z,2734,6939,24424,3597,8611,27545,4229,5793,23913,3916,6465,25022,Day_1,Fair,Slow,2.5mm,Experiment_2
2025-10-23T00:31:15.235Z,2742,6939,24417,3598,8610,27548,4240,5831,24163,3930,6495,25136,Day_1,Fair,Slow,2.5mm,Experiment_2
2025-10-23T00:31:15.275Z,2761,6937,24421,3605,8610,27560,4241,5846,23789,3934,6510,25097,Day_1,Fair,Slow,2.5mm,Experiment_2
2025-10-23T00:31:15.316Z,2788,6937,24432,3614,8612,27575,4225,5842,23146,3923,6512,24975,Day_1,Fair,Slow,2.5mm,Experiment_2
2025-10-23T00:31:15.356Z,2802,6939,24439,3618,8611,27585,4211,5837,22724,3915,6514,24893,Day_1,Fair,Slow,2.5mm,Experiment_2
2025-10-23T00:31:15.396Z,2785,6936,24433,3611,8603,27582,4209,5838,22438,3919,6526,24870,Day_1,Fair,Slow,2.5mm,Experiment_2
2025-10-23T00:31:15.436Z,2757,6929,24421,3602,8592,27573,4215,5846,22103,3928,6547,24866,Day_1,Fair,Slow,2.5mm,Experiment_2
2025-10-23T00:31:15.476Z,2746,6925,24417,3602,8589,27572,4228,5859,21887,3939,6566,24885,Day_1,Fair,Slow,2.5mm,Experiment_2
2025-10-23T00:31:15.516Z,2750,6927,24422,3609,8593,27580,4245,5867,21914,3951,6577,24941,Day_1,Fair,Slow,2.5mm,Experiment_2
2025-10-23T00:31:15.556Z,2754,6927,24424,3614,8595,27582,4256,5864,21913,3959,6582,24985,Day_1,Fair,Slow,2.5mm,Experiment_2
2025-10-23T00:31:15.596Z,2750,6921,24416,3612,8590,27573,4255,5854,21892,3958,6580,25010,Day_1,Fair,Slow,2.5mm,Experiment_2
2025-10-23T00:31:15.636Z,2748,6910,24406,3612,8583,27560,4241,5848,22119,3948,6575,25055,Day_1,Fair,Slow,2.5mm,Experiment_2
2025-10-23T00:31:15.675Z,2759,6903,24401,3619,8580,27556,4225,5845,22418,3938,6566,25080,Day_1,Fair,Slow,2.5mm,Experiment_2
2025-10-23T00:31:15.715Z,2774,6906,24412,3627,8585,27561,4217,5835,22532,3930,6545,25025,Day_1,Fair,Slow,2.5mm,Experiment_2
2025-10-23T00:31:15.755Z,2778,6914,24443,3625,8593,27573,4213,5814,22504,3916,6504,24865,Day_1,Fair,Slow,2.5mm,Experiment_2
2025-10-23T00:31:15.795Z,2773,6922,24486,3616,8599,27584,4204,5789,22420,3892,6448,24628,Day_1,Fair,Slow,2.5mm,Experiment_2
2025-10-23T00:31:15.835Z,2766,6928,24517,3607,8603,27591,4188,5767,22363,3865,6400,24430,Day_1,Fair,Slow,2.5mm,Experiment_2
2025-10-23T00:31:15.875Z,2760,6936,24519,3603,8609,27591,4168,5749,22440,3848,6377,24380,Day_1,Fair,Slow,2.5mm,Experiment_2
2025-10-23T00:31:15.915Z,2759,6945,24502,3606,8617,27588,4153,5740,22648,3846,6381,24464,Day_1,Fair,Slow,2.5mm,Experiment_2
2025-10-23T00:31:15.955Z,2778,6948,24483,3615,8622,27586,4156,5745,22805,3858,6406,24600,Day_1,Fair,Slow,2.5mm,Experiment_2
2025-10-23T00:31:15.995Z,2846,6944,24466,3624,8618,27584,4176,5762,22759,3879,6443,24718,Day_1,Fair,Slow,2.5mm,Experiment_2
2025-10-23T00:31:16.035Z,2962,6938,24451,3631,8613,27583,4194,5785,22602,3897,6479,24803,Day_1,Fair,Slow,2.5mm,Experiment_2
2025-10-23T00:31:16.075Z,3024,6934,24442,3629,8610,27584,4191,5801,22514,3902,6500,24863,Day_1,Fair,Slow,2.5mm,Experiment_2
2025-10-23T00:31:16.115Z,2950,6932,24440,3619,8607,27585,4173,5804,22544,3898,6503,24896,Day_1,Fair,Slow,2.5mm,Experiment_2
2025-10-23T00:31:16.155Z,2829,6928,24439,3611,8602,27583,4160,5798,22608,3893,6497,24900,Day_1,Fair,Slow,2.5mm,Experiment_2
2025-10-23T00:31:16.195Z,2765,6920,24440,3609,8596,27579,4158,5796,22649,3892,6496,24907,Day_1,Fair,Slow,2.5mm,Experiment_2
2025-10-23T00:31:16.235Z,2751,6913,24437,3609,8589,27577,4166,5812,22700,3901,6515,24961,Day_1,Fair,Slow,2.5mm,Experiment_2
2025-10-23T00:31:16.275Z,2750,6911,24426,3611,8585,27574,4187,5841,22773,3921,6550,25053,Day_1,Fair,Slow,2.5mm,Experiment_2
2025-10-23T00:31:16.315Z,2751,6913,24407,3615,8587,27567,4213,5859,22833,3944,6580,25129,Day_1,Fair,Slow,2.5mm,Experiment_2
2025-10-23T00:31:16.355Z,2753,6911,24390,3616,8587,27556,4231,5856,22861,3958,6589,25167,Day_1,Fair,Slow,2.5mm,Experiment_2
2025-10-23T00:31:16.396Z,2755,6905,24380,3613,8583,27546,4231,5842,22862,3959,6582,25183,Day_1,Fair,Slow,2.5mm,Experiment_2
2025-10-23T00:31:16.436Z,2752,6906,24380,3607,8583,27541,4219,5831,22849,3952,6567,25182,Day_1,Fair,Slow,2.5mm,Experiment_2
2025-10-23T00:31:16.476Z,2745,6916,24387,3603,8593,27544,4206,5822,22832,3943,6555,25155,Day_1,Fair,Slow,2.5mm,Experiment_2
2025-10-23T00:31:16.516Z,2742,6926,24397,3605,8606,27550,4196,5813,22800,3933,6544,25092,Day_1,Fair,Slow,2.5mm,Experiment_2
2025-10-23T00:31:16.556Z,2747,6930,24416,3611,8614,27555,4189,5800,22721,3918,6518,24965,Day_1,Fair,Slow,2.5mm,Experiment_2
2025-10-23T00:31:16.596Z,2752,6936,24455,3613,8616,27566,4182,5775,22573,3894,6465,24745,Day_1,Fair,Slow,2.5mm,Experiment_2
2025-10-23T00:31:16.636Z,2753,6945,24504,3609,8615,27583,4177,5743,22402,3866,6398,24479,Day_1,Fair,Slow,2.5mm,Experiment_2
2025-10-23T00:31:16.676Z,2752,6940,24534,3606,8613,27598,4177,5724,22295,3849,6354,24304,Day_1,Fair,Slow,2.5mm,Experiment_2
2025-10-23T00:31:16.716Z,2746,6898,24527,3603,8612,27600,4179,5736,22299,3848,6358,24305,Day_1,Fair,Slow,2.5mm,Experiment_2
2025-10-23T00:31:16.756Z,2736,6818,24494,3595,8608,27589,4175,5768,22387,3857,6397,24438,Day_1,Fair,Slow,2.5mm,Experiment_2
2025-10-23T00:31:16.796Z,2727,6759,24454,3586,8603,27570,4168,5798,22506,3868,6443,24614,Day_1,Fair,Slow,2.5mm,Experiment_2
2025-10-23T00:31:16.836Z,2724,6770,24423,3584,8600,27553,4171,5811,22611,3883,6478,24773,Day_1,Fair,Slow,2.5mm,Experiment_2
2025-10-23T00:31:16.876Z,2727,6837,24409,3588,8597,27546,4189,5812,22678,3901,6497,24885,Day_1,Fair,Slow,2.5mm,Experiment_2
2025-10-23T00:31:16.916Z,2733,6937,24412,3595,8596,27552,4209,5815,22706,3914,6507,24938,Day_1,Fair,Slow,2.5mm,Experiment_2
2025-10-23T00:31:16.956Z,2742,7111,24428,3603,8601,27565,4216,5817,22701,3918,6509,24934,Day_1,Fair,Slow,2.5mm,Experiment_2
2025-10-23T00:31:16.996Z,2749,7424,24438,3612,8613,27575,4213,5813,22690,3918,6508,24920,Day_1,Fair,Slow,2.5mm,Experiment_2
2025-10-23T00:31:17.036Z,2752,7753,24429,3617,8623,27572,4208,5815,22717,3925,6519,24964,Day_1,Fair,Slow,2.5mm,Experiment_2
2025-10-23T00:31:17.076Z,2752,7842,24411,3621,8626,27565,4199,5828,22779,3933,6544,25058,Day_1,Fair,Slow,2.5mm,Experiment_2
2025-10-23T00:31:17.116Z,2756,7697,24403,3624,8622,27562,4193,5840,22828,3935,6563,25127,Day_1,Fair,Slow,2.5mm,Experiment_2
2025-10-23T00:31:17.156Z,2758,7487,24403,3624,8618,27562,4199,5842,22844,3938,6567,25152,Day_1,Fair,Slow,2.5mm,Experiment_2
2025-10-23T00:31:17.196Z,2752,7259,24402,3615,8614,27559,4211,5843,22846,3945,6568,25161,Day_1,Fair,Slow,2.5mm,Experiment_2
2025-10-23T00:31:17.236Z,2740,7059,24401,3604,8609,27557,4218,5852,22851,3951,6574,25165,Day_1,Fair,Slow,2.5mm,Experiment_2
2025-10-23T00:31:17.276Z,2729,6923,24399,3596,8603,27561,4219,5861,22860,3954,6582,25167,Day_1,Fair,Slow,2.5mm,Experiment_2
2025-10-23T00:31:17.316Z,2725,6754,24403,3593,8593,27567,4216,5860,22851,3952,6580,25157,Day_1,Fair,Slow,2.5mm,Experiment_2
2025-10-23T00:31:17.356Z,2729,6483,24419,3594,8581,27577,4206,5843,22793,3938,6559,25096,Day_1,Fair,Slow,2.5mm,Experiment_2
2025-10-23T00:31:17.396Z,2737,6253,24458,3597,8578,27591,4186,5815,22666,3906,6512,24935,Day_1,Fair,Slow,2.5mm,Experiment_2
2025-10-23T00:31:17.436Z,2744,6193,24520,3599,8590,27602,4160,5780,22490,3867,6445,24675,Day_1,Fair,Slow,2.5mm,Experiment_2
2025-10-23T00:31:17.476Z,2746,6229,24586,3600,8600,27601,4140,5754,22341,3836,6387,24429,Day_1,Fair,Slow,2.5mm,Experiment_2
2025-10-23T00:31:17.516Z,2746,6322,24604,3601,8598,27590,4137,5753,22297,3830,6370,24327,Day_1,Fair,Slow,2.5mm,Experiment_2
2025-10-23T00:31:17.556Z,2747,6405,24562,3600,8590,27581,4151,5772,22357,3847,6393,24385,Day_1,Fair,Slow,2.5mm,Experiment_2
2025-10-23T00:31:17.596Z,2745,6295,24501,3595,8581,27581,4173,5794,22458,3874,6428,24524,Day_1,Fair,Slow,2.5mm,Experiment_2
2025-10-23T00:31:17.636Z,2739,6109,24457,3588,8574,27580,4192,5807,22555,3899,6456,24677,Day_1,Fair,Slow,2.5mm,Experiment_2
2025-10-23T00:31:17.676Z,2734,6203,24433,3584,8572,27574,4196,5812,22627,3910,6477,24805,Day_1,Fair,Slow,2.5mm,Experiment_2
2025-10-23T00:31:17.716Z,2736,6590,24422,3588,8576,27569,4187,5811,22670,3906,6495,24881,Day_1,Fair,Slow,2.5mm,Experiment_2
2025-10-23T00:31:17.756Z,2744,6922,24399,3598,8588,27569,4177,5806,22684,3897,6504,24904,Day_1,Fair,Slow,2.5mm,Experiment_2
2025-10-23T00:31:17.796Z,2754,7009,24303,3608,8600,27569,4178,5795,22677,3894,6499,24887,Day_1,Fair,Slow,2.5mm,Experiment_2
2025-10-23T00:31:17.836Z,2759,6947,24118,3614,8602,27563,4193,5785,22671,3899,6490,24872,Day_1,Fair,Slow,2.5mm,Experiment_2
2025-10-23T00:31:17.876Z,2755,6867,24000,3613,8597,27555,4220,5787,22693,3914,6492,24909,Day_1,Fair,Slow,2.5mm,Experiment_2
2025-10-23T00:31:17.916Z,2746,6832,24093,3608,8596,27556,4247,5800,22741,3933,6508,25004,Day_1,Fair,Slow,2.5mm,Experiment_2
2025-10-23T00:31:17.956Z,2742,6856,24274,3605,8600,27562,4252,5818,22787,3944,6529,25102,Day_1,Fair,Slow,2.5mm,Experiment_2
2025-10-23T00:31:17.996Z,2745,6901,24379,3608,8603,27563,4237,5840,22809,3945,6549,25161,Day_1,Fair,Slow,2.5mm,Experiment_2
2025-10-23T00:31:18.036Z,2745,6930,24405,3608,8605,27559,4220,5865,22815,3942,6566,25176,Day_1,Fair,Slow,2.5mm,Experiment_2
2025-10-23T00:31:18.076Z,2740,6942,24406,3602,8605,27553,4210,5879,22822,3938,6579,25167,Day_1,Fair,Slow,2.5mm,Experiment_2
2025-10-23T00:31:18.116Z,2737,6940,24409,3599,8600,27551,4210,5874,22833,3936,6583,25149,Day_1,Fair,Slow,2.5mm,Experiment_2
2025-10-23T00:31:18.156Z,2737,6929,24414,3599,8594,27552,4219,5861,22821,3934,6575,25109,Day_1,Fair,Slow,2.5mm,Experiment_2
2025-10-23T00:31:18.196Z,2738,6920,24428,3600,8595,27558,4214,5847,22751,3923,6547,25008,Day_1,Fair,Slow,2.5mm,Experiment_2
2025-10-23T00:31:18.236Z,2742,6919,24459,3599,8603,27573,4185,5818,22609,3898,6490,24805,Day_1,Fair,Slow,2.5mm,Experiment_2
2025-10-23T00:31:18.276Z,2745,6924,24500,3598,8611,27589,4155,5777,22436,3866,6418,24538,Day_1,Fair,Slow,2.5mm,Experiment_2
2025-10-23T00:31:18.316Z,2745,6930,24525,3597,8613,27596,4141,5747,22316,3841,6367,24336,Day_1,Fair,Slow,2.5mm,Experiment_2
2025-10-23T00:31:18.356Z,2742,6931,24517,3596,8612,27591,4143,5738,22305,3834,6357,24296,Day_1,Fair,Slow,2.5mm,Experiment_2
2025-10-23T00:31:18.396Z,2739,6929,24488,3596,8609,27580,4147,5747,22382,3842,6379,24393,Day_1,Fair,Slow,2.5mm,Experiment_2
2025-10-23T00:31:18.436Z,2739,6928,24460,3598,8611,27572,4141,5773,22492,3857,6418,24553,Day_1,Fair,Slow,2.5mm,Experiment_2
2025-10-23T00:31:18.476Z,2744,6929,24440,3604,8613,27569,4141,5813,22585,3878,6465,24712,Day_1,Fair,Slow,2.5mm,Experiment_2
2025-10-23T00:31:18.516Z,2752,6929,24432,3611,8612,27571,4164,5846,22639,3902,6503,24832,Day_1,Fair,Slow,2.5mm,Experiment_2
2025-10-23T00:31:18.556Z,2760,6929,24434,3618,8610,27575,4191,5850,22666,3921,6518,24903,Day_1,Fair,Slow,2.5mm,Experiment_2
2025-10-23T00:31:18.596Z,2767,6926,24442,3622,8607,27579,4186,5836,22671,3926,6513,24916,Day_1,Fair,Slow,2.5mm,Experiment_2
2025-10-23T00:31:18.636Z,2772,6921,24447,3624,8604,27577,4104,5827,22661,3909,6505,24890,Day_1,Fair,Slow,2.5mm,Experiment_2
2025-10-23T00:31:18.676Z,2771,6921,24441,3621,8603,27575,3945,5832,22673,3883,6509,24892,Day_1,Fair,Slow,2.5mm,Experiment_2
2025-10-23T00:31:18.716Z,2763,6926,24419,3614,8605,27568,3835,5840,22728,3886,6531,24968,Day_1,Fair,Slow,2.5mm,Experiment_2
2025-10-23T00:31:18.756Z,2754,6930,24396,3609,8605,27559,3905,5845,22793,3934,6557,25074,Day_1,Fair,Slow,2.5mm,Experiment_2
2025-10-23T00:31:18.796Z,2751,6926,24390,3609,8602,27554,4121,5845,22836,4004,6570,25148,Day_1,Fair,Slow,2.5mm,Experiment_2
2025-10-23T00:31:18.836Z,2750,6923,24398,3607,8601,27554,4363,5841,22864,4063,6572,25180,Day_1,Fair,Slow,2.5mm,Experiment_2
2025-10-23T00:31:18.876Z,2746,6926,24403,3602,8604,27553,4624,5839,22879,4098,6573,25187,Day_1,Fair,Slow,2.5mm,Experiment_2
2025-10-23T00:31:18.916Z,2740,6928,24399,3599,8606,27550,5032,5843,22876,4111,6581,25184,Day_1,Fair,Slow,2.5mm,Experiment_2
2025-10-23T00:31:18.956Z,2734,6925,24394,3600,8603,27548,5444,5855,22861,4092,6585,25178,Day_1,Fair,Slow,2.5mm,Experiment_2
2025-10-23T00:31:18.996Z,2730,6922,24398,3600,8599,27553,5480,5863,22822,4029,6575,25135,Day_1,Fair,Slow,2.5mm,Experiment_2
2025-10-23T00:31:19.036Z,2733,6922,24420,3600,8596,27565,5168,5853,22724,3951,6540,24996,Day_1,Fair,Slow,2.5mm,Experiment_2
2025-10-23T00:31:19.076Z,2742,6925,24464,3604,8596,27583,4812,5827,22561,3890,6481,24748,Day_1,Fair,Slow,2.5mm,Experiment_2
2025-10-23T00:31:19.116Z,2750,6923,24514,3609,8595,27600,4501,5800,22400,3838,6416,24485,Day_1,Fair,Slow,2.5mm,Experiment_2
2025-10-23T00:31:19.156Z,2753,6914,24537,3610,8589,27605,4263,5784,22325,3788,6378,24344,Day_1,Fair,Slow,2.5mm,Experiment_2
2025-10-23T00:31:19.196Z,2748,6901,24521,3605,8580,27596,4138,5775,22369,3766,6378,24377,Day_1,Fair,Slow,2.5mm,Experiment_2
2025-10-23T00:31:19.236Z,2742,6898,24490,3600,8578,27583,4065,5772,22496,3784,6404,24517,Day_1,Fair,Slow,2.5mm,Experiment_2
2025-10-23T00:31:19.276Z,2738,6907,24464,3599,8585,27575,3979,5780,22650,3817,6441,24678,Day_1,Fair,Slow,2.5mm,Experiment_2
2025-10-23T00:31:19.316Z,2737,6915,24444,3599,8590,27568,3898,5797,22759,3846,6477,24817,Day_1,Fair,Slow,2.5mm,Experiment_2
2025-10-23T00:31:19.356Z,2738,6914,24429,3597,8588,27558,3836,5811,22779,3872,6501,24913,Day_1,Fair,Slow,2.5mm,Experiment_2
2025-10-23T00:31:19.396Z,2741,6913,24426,3598,8590,27552,3759,5813,22740,3894,6506,24951,Day_1,Fair,Slow,2.5mm,Experiment_2
2025-10-23T00:31:19.436Z,2745,6920,24437,3602,8599,27559,3734,5808,22686,3906,6502,24934,Day_1,Fair,Slow,2.5mm,Experiment_2
2025-10-23T00:31:19.476Z,2747,6928,24450,3606,8608,27573,3795,5818,22658,3916,6505,24910,Day_1,Fair,Slow,2.5mm,Experiment_2
2025-10-23T00:31:19.516Z,2750,6929,24447,3610,8608,27580,3799,5846,22685,3932,6528,24943,Day_1,Fair,Slow,2.5mm,Experiment_2
2025-10-23T00:31:19.556Z,2774,6926,24431,3612,8602,27578,3745,5877,22747,3948,6561,25022,Day_1,Fair,Slow,2.5mm,Experiment_2
2025-10-23T00:31:19.596Z,2862,6927,24413,3620,8598,27573,3808,5892,22791,3953,6581,25088,Day_1,Fair,Slow,2.5mm,Experiment_2
2025-10-23T00:31:19.637Z,3022,6932,24398,3636,8596,27565,3983,5888,22803,3947,6585,25125,Day_1,Fair,Slow,2.5mm,Experiment_2
2025-10-23T00:31:19.677Z,3114,6937,24388,3648,8597,27554,4126,5877,22805,3940,6581,25146,Day_1,Fair,Slow,2.5mm,Experiment_2
2025-10-23T00:31:19.717Z,3022,6942,24391,3638,8603,27552,4195,5865,22814,3941,6578,25150,Day_1,Fair,Slow,2.5mm,Experiment_2
2025-10-23T00:31:19.757Z,2860,6942,24404,3618,8605,27559,4222,5854,22826,3951,6578,25141,Day_1,Fair,Slow,2.5mm,Experiment_2
2025-10-23T00:31:19.797Z,2764,6932,24417,3605,8599,27566,4236,5851,22819,3963,6577,25120,Day_1,Fair,Slow,2.5mm,Experiment_2
2025-10-23T00:31:19.837Z,2732,6923,24427,3597,8595,27569,4240,5852,22764,3962,6563,25050,Day_1,Fair,Slow,2.5mm,Experiment_2
2025-10-23T00:31:19.877Z,2726,6924,24449,3592,8602,27576,4228,5835,22648,3936,6520,24884,Day_1,Fair,Slow,2.5mm,Experiment_2
2025-10-23T00:31:19.917Z,2729,6935,24489,3592,8616,27589,4198,5793,22496,3893,6449,24638,Day_1,Fair,Slow,2.5mm,Experiment_2
2025-10-23T00:31:19.957Z,2736,6945,24525,3597,8625,27600,4165,5757,22390,3858,6383,24427,Day_1,Fair,Slow,2.5mm,Experiment_2
2025-10-23T00:31:19.996Z,2740,6948,24534,3603,8629,27602,4156,5748,22394,3848,6358,24356,Day_1,Fair,Slow,2.5mm,Experiment_2
2025-10-23T00:31:20.036Z,2747,6948,24516,3608,8629,27596,4172,5757,22465,3858,6374,24414,Day_1,Fair,Slow,2.5mm,Experiment_2
2025-10-23T00:31:20.076Z,2754,6947,24484,3611,8626,27586,4194,5771,22526,3878,6410,24539,Day_1,Fair,Slow,2.5mm,Experiment_2
2025-10-23T00:31:20.116Z,2755,6942,24450,3609,8617,27575,4211,5786,22581,3903,6451,24684,Day_1,Fair,Slow,2.5mm,Experiment_2
2025-10-23T00:31:20.156Z,2748,6932,24426,3603,8600,27570,4218,5801,22643,3925,6484,24814,Day_1,Fair,Slow,2.5mm,Experiment_2
2025-10-23T00:31:20.196Z,2740,6923,24419,3599,8581,27569,4215,5809,22687,3932,6502,24902,Day_1,Fair,Slow,2.5mm,Experiment_2
2025-10-23T00:31:20.236Z,2735,6925,24422,3600,8566,27572,4207,5809,22692,3925,6504,24932,Day_1,Fair,Slow,2.5mm,Experiment_2
2025-10-23T00:31:20.276Z,2735,6933,24427,3605,8566,27575,4206,5804,22668,3916,6496,24918,Day_1,Fair,Slow,2.5mm,Experiment_2
2025-10-23T00:31:20.316Z,2736,6935,24429,3606,8578,27577,4210,5798,22657,3910,6488,24906,Day_1,Fair,Slow,2.5mm,Experiment_2
2025-10-23T00:31:20.357Z,2739,6930,24424,3602,8591,27575,4211,5797,22688,3912,6491,24946,Day_1,Fair,Slow,2.5mm,Experiment_2
2025-10-23T00:31:20.397Z,2743,6924,24411,3598,8596,27571,4206,5783,22744,3922,6514,25037,Day_1,Fair,Slow,2.5mm,Experiment_2
2025-10-23T00:31:20.437Z,2741,6920,24397,3595,8594,27563,4201,5686,22798,3933,6549,25131,Day_1,Fair,Slow,2.5mm,Experiment_2
2025-10-23T00:31:20.477Z,2734,6918,24387,3591,8590,27551,4207,5472,22834,3943,6580,25187,Day_1,Fair,Slow,2.5mm,Experiment_2
2025-10-23T00:31:20.517Z,2730,6916,24388,3591,8589,27545,4227,5283,22847,3953,6592,25204,Day_1,Fair,Slow,2.5mm,Experiment_2
2025-10-23T00:31:20.557Z,2734,6919,24403,3596,8593,27551,4247,5269,22846,3960,6585,25195,Day_1,Fair,Slow,2.5mm,Experiment_2
2025-10-23T00:31:20.597Z,2742,6925,24422,3602,8598,27564,4253,5379,22837,3961,6573,25169,Day_1,Fair,Slow,2.5mm,Experiment_2
2025-10-23T00:31:20.637Z,2746,6922,24432,3603,8593,27573,4242,5551,22816,3951,6564,25116,Day_1,Fair,Slow,2.5mm,Experiment_2
2025-10-23T00:31:20.677Z,2748,6915,24445,3602,8586,27579,4223,5762,22749,3931,6547,24995,Day_1,Fair,Slow,2.5mm,Experiment_2
2025-10-23T00:31:20.717Z,2753,6917,24478,3602,8591,27591,4207,5980,22608,3897,6506,24774,Day_1,Fair,Slow,2.5mm,Experiment_2
2025-10-23T00:31:20.757Z,2759,6930,24522,3602,8606,27602,4196,6225,22427,3858,6440,24501,Day_1,Fair,Slow,2.5mm,Experiment_2
2025-10-23T00:31:20.797Z,2760,6937,24545,3604,8612,27605,4188,6607,22303,3834,6373,24312,Day_1,Fair,Slow,2.5mm,Experiment_2
2025-10-23T00:31:20.837Z,2759,6926,24532,3609,8602,27599,4183,7160,22302,3833,6337,24299,Day_1,Fair,Slow,2.5mm,Experiment_2
2025-10-23T00:31:20.877Z,2760,6913,24502,3615,8589,27588,4190,7425,22397,3852,6348,24425,Day_1,Fair,Slow,2.5mm,Experiment_2
2025-10-23T00:31:20.917Z,2755,6915,24468,3614,8590,27572,4208,6986,22521,3881,6403,24601,Day_1,Fair,Slow,2.5mm,Experiment_2
2025-10-23T00:31:20.957Z,2744,6925,24436,3606,8600,27555,4217,6307,22623,3902,6471,24757,Day_1,Fair,Slow,2.5mm,Experiment_2
2025-10-23T00:31:20.997Z,2734,6928,24412,3600,8607,27547,4211,5934,22682,3912,6517,24864,Day_1,Fair,Slow,2.5mm,Experiment_2
2025-10-23T00:31:21.037Z,2733,6921,24405,3597,8609,27551,4206,5814,22702,3915,6528,24923,Day_1,Fair,Slow,2.5mm,Experiment_2
2025-10-23T00:31:21.077Z,2734,6913,24409,3595,8614,27560,4207,5737,22691,3915,6514,24937,Day_1,Fair,Slow,2.5mm,Experiment_2
2025-10-23T00:31:21.117Z,2736,6911,24414,3594,8618,27565,4211,5587,22669,3915,6495,24926,Day_1,Fair,Slow,2.5mm,Experiment_2
2025-10-23T00:31:21.157Z,2735,6915,24416,3592,8610,27567,4219,5220,22675,3922,6493,24936,Day_1,Fair,Slow,2.5mm,Experiment_2
2025-10-23T00:31:21.197Z,2733,6918,24413,3589,8597,27567,4231,4636,22728,3937,6510,24991,Day_1,Fair,Slow,2.5mm,Experiment_2
2025-10-23T00:31:21.237Z,2732,6923,24405,3589,8592,27568,4239,4348,22789,3950,6535,25060,Day_1,Fair,Slow,2.5mm,Experiment_2
2025-10-23T00:31:21.277Z,2733,6928,24399,3594,8593,27565,4243,4767,22817,3954,6554,25113,Day_1,Fair,Slow,2.5mm,Experiment_2
2025-10-23T00:31:21.317Z,2737,6928,24395,3599,8592,27555,4249,5488,22818,3956,6561,25148,Day_1,Fair,Slow,2.5mm,Experiment_2
2025-10-23T00:31:21.357Z,2739,6926,24390,3600,8589,27541,4256,6054,22814,3959,6563,25161,Day_1,Fair,Slow,2.5mm,Experiment_2
2025-10-23T00:31:21.397Z,2737,6928,24384,3596,8589,27533,4263,6326,22811,3962,6571,25149,Day_1,Fair,Slow,2.5mm,Experiment_2
2025-10-23T00:31:21.437Z,2733,6933,24387,3592,8589,27536,4263,6251,22804,3959,6578,25124,Day_1,Fair,Slow,2.5mm,Experiment_2
2025-10-23T00:31:21.477Z,2729,6932,24402,3591,8589,27550,4251,6022,22770,3947,6574,25068,Day_1,Fair,Slow,2.5mm,Experiment_2
2025-10-23T00:31:21.517Z,2729,6929,24431,3596,8595,27567,4231,5869,22674,3928,6562,24925,Day_1,Fair,Slow,2.5mm,Experiment_2
2025-10-23T00:31:21.557Z,2736,6931,24472,3602,8604,27583,4212,5807,22512,3902,6555,24685,Day_1,Fair,Slow,2.5mm,Experiment_2
2025-10-23T00:31:21.597Z,2748,6938,24509,3606,8613,27594,4192,5790,22354,3874,6549,24441,Day_1,Fair,Slow,2.5mm,Experiment_2
2025-10-23T00:31:21.637Z,2753,6944,24523,3605,8616,27599,4173,5843,22294,3854,6531,24334,Day_1,Fair,Slow,2.5mm,Experiment_2
2025-10-23T00:31:21.677Z,2750,6946,24514,3603,8614,27603,4166,5989,22353,3853,6509,24396,Day_1,Fair,Slow,2.5mm,Experiment_2
2025-10-23T00:31:21.717Z,2743,6939,24497,3600,8605,27604,4179,6128,22472,3867,6498,24540,Day_1,Fair,Slow,2.5mm,Experiment_2
2025-10-23T00:31:21.757Z,2741,6928,24481,3597,8600,27602,4201,6149,22580,3885,6491,24682,Day_1,Fair,Slow,2.5mm,Experiment_2
2025-10-23T00:31:21.797Z,2745,6920,24460,3594,8607,27595,4215,6072,22650,3899,6491,24795,Day_1,Fair,Slow,2.5mm,Experiment_2
2025-10-23T00:31:21.837Z,2746,6921,24431,3590,8620,27584,4223,5959,22683,3912,6502,24878,Day_1,Fair,Slow,2.5mm,Experiment_2
2025-10-23T00:31:21.877Z,2740,6932,24412,3589,8627,27574,4232,5864,22686,3927,6514,24919,Day_1,Fair,Slow,2.5mm,Experiment_2
2025-10-23T00:31:21.917Z,2734,6944,24413,3589,8626,27571,4234,5820,22662,3934,6513,24917,Day_1,Fair,Slow,2.5mm,Experiment_2
2025-10-23T00:31:21.957Z,2732,6949,24424,3590,8621,27573,4223,5813,22636,3928,6508,24901,Day_1,Fair,Slow,2.5mm,Experiment_2
2025-10-23T00:31:21.997Z,2734,6944,24428,3591,8611,27573,4209,5819,22649,3920,6515,24919,Day_1,Fair,Slow,2.5mm,Experiment_2
2025-10-23T00:31:22.037Z,2737,6930,24416,3592,8601,27569,4203,5824,22702,3921,6537,24985,Day_1,Fair,Slow,2.5mm,Experiment_2
2025-10-23T00:31:22.077Z,2739,6922,24395,3593,8595,27560,4206,5830,22761,3930,6560,25067,Day_1,Fair,Slow,2.5mm,Experiment_2
2025-10-23T00:31:22.117Z,2739,6929,24383,3593,8593,27551,4211,5844,22802,3937,6577,25127,Day_1,Fair,Slow,2.5mm,Experiment_2
2025-10-23T00:31:22.157Z,2739,6942,24384,3593,8587,27546,4216,5863,22825,3935,6587,25154,Day_1,Fair,Slow,2.5mm,Experiment_2
2025-10-23T00:31:22.197Z,2738,6940,24386,3594,8576,27543,4219,5877,22845,3932,6595,25161,Day_1,Fair,Slow,2.5mm,Experiment_2
2025-10-23T00:31:22.237Z,2740,6922,24386,3600,8569,27543,4221,5880,22864,3939,6600,25165,Day_1,Fair,Slow,2.5mm,Experiment_2
2025-10-23T00:31:22.277Z,2742,6907,24387,3605,8571,27548,4224,5864,22863,3946,6594,25161,Day_1,Fair,Slow,2.5mm,Experiment_2
2025-10-23T00:31:22.317Z,2740,6905,24401,3605,8579,27558,4219,5833,22813,3939,6565,25099,Day_1,Fair,Slow,2.5mm,Experiment_2
2025-10-23T00:31:22.357Z,2739,6912,24437,3604,8589,27573,4198,5792,22692,3911,6509,24923,Day_1,Fair,Slow,2.5mm,Experiment_2
2025-10-23T00:31:22.397Z,2741,6922,24487,3604,8601,27591,4168,5753,22530,3873,6439,24662,Day_1,Fair,Slow,2.5mm,Experiment_2
2025-10-23T00:31:22.437Z,2747,6930,24525,3606,8609,27602,4151,5739,22404,3844,6388,24442,Day_1,Fair,Slow,2.5mm,Experiment_2
2025-10-23T00:31:22.477Z,2754,6933,24529,3609,8613,27604,4159,5755,22360,3835,6381,24363,Day_1,Fair,Slow,2.5mm,Experiment_2
2025-10-23T00:31:22.517Z,2758,6933,24505,3612,8614,27596,4176,5776,22390,3839,6400,24410,Day_1,Fair,Slow,2.5mm,Experiment_2
2025-10-23T00:31:22.557Z,2757,6930,24470,3613,8611,27583,4188,5784,22474,3851,6425,24536,Day_1,Fair,Slow,2.5mm,Experiment_2
2025-10-23T00:31:22.597Z,2754,6925,24442,3613,8604,27572,4197,5791,22588,3870,6454,24697,Day_1,Fair,Slow,2.5mm,Experiment_2
2025-10-23T00:31:22.637Z,2754,6922,24426,3616,8599,27568,4205,5805,22689,3891,6485,24843,Day_1,Fair,Slow,2.5mm,Experiment_2
2025-10-23T00:31:22.677Z,2757,6919,24420,3621,8597,27566,4210,5822,22741,3905,6505,24933,Day_1,Fair,Slow,2.5mm,Experiment_2
2025-10-23T00:31:22.717Z,2754,6918,24420,3618,8597,27565,4216,5837,22732,3914,6512,24954,Day_1,Fair,Slow,2.5mm,Experiment_2
2025-10-23T00:31:22.757Z,2745,6922,24425,3610,8600,27569,4223,5846,22682,3917,6510,24922,Day_1,Fair,Slow,2.5mm,Experiment_2
2025-10-23T00:31:22.797Z,2740,6931,24434,3606,8605,27576,4232,5843,22648,3919,6509,24894,Day_1,Fair,Slow,2.5mm,Experiment_2
2025-10-23T00:31:22.837Z,2746,6933,24436,3609,8605,27579,4243,5834,22673,3926,6517,24925,Day_1,Fair,Slow,2.5mm,Experiment_2
2025-10-23T00:31:22.877Z,2755,6927,24426,3616,8599,27578,4257,5834,22738,3942,6539,25008,Day_1,Fair,Slow,2.5mm,Experiment_2
2025-10-23T00:31:22.917Z,2758,6921,24412,3619,8596,27574,4263,5847,22788,3958,6565,25088,Day_1,Fair,Slow,2.5mm,Experiment_2
2025-10-23T00:31:22.957Z,2755,6919,24401,3618,8593,27565,4251,5860,22806,3963,6581,25135,Day_1,Fair,Slow,2.5mm,Experiment_2
2025-10-23T00:31:22.997Z,2751,6915,24394,3614,8585,27549,4235,5872,22813,3961,6587,25160,Day_1,Fair,Slow,2.5mm,Experiment_2
2025-10-23T00:31:23.037Z,2746,6911,24391,3611,8577,27538,4232,5883,22826,3960,6588,25169,Day_1,Fair,Slow,2.5mm,Experiment_2
2025-10-23T00:31:23.077Z,2742,6912,24395,3611,8575,27541,4236,5879,22843,3959,6583,25160,Day_1,Fair,Slow,2.5mm,Experiment_2
2025-10-23T00:31:23.117Z,2743,6913,24407,3613,8575,27556,4237,5853,22837,3951,6570,25120,Day_1,Fair,Slow,2.5mm,Experiment_2
2025-10-23T00:31:23.157Z,2745,6919,24428,3614,8579,27575,4234,5813,22771,3934,6538,25009,Day_1,Fair,Slow,2.5mm,Experiment_2
2025-10-23T00:31:23.197Z,2747,6936,24460,3612,8593,27592,4225,5771,22633,3908,6477,24796,Day_1,Fair,Slow,2.5mm,Experiment_2
2025-10-23T00:31:23.237Z,2751,6959,24502,3609,8610,27604,4208,5740,22464,3879,6402,24525,Day_1,Fair,Slow,2.5mm,Experiment_2
2025-10-23T00:31:23.277Z,2757,6967,24532,3609,8617,27610,4187,5728,22342,3856,6351,24334,Day_1,Fair,Slow,2.5mm,Experiment_2
2025-10-23T00:31:23.317Z,2761,6954,24533,3614,8616,27611,4167,5734,22323,3846,6346,24313,Day_1,Fair,Slow,2.5mm,Experiment_2
2025-10-23T00:31:23.357Z,2760,6936,24510,3618,8614,27602,4165,5750,22399,3853,6378,24428,Day_1,Fair,Slow,2.5mm,Experiment_2
2025-10-23T00:31:23.397Z,2756,6926,24479,3617,8611,27590,4189,5775,22514,3876,6424,24593,Day_1,Fair,Slow,2.5mm,Experiment_2
2025-10-23T00:31:23.437Z,2748,6929,24452,3608,8612,27581,4221,5802,22613,3902,6465,24747,Day_1,Fair,Slow,2.5mm,Experiment_2
2025-10-23T00:31:23.477Z,2736,6935,24434,3595,8613,27573,4232,5822,22670,3914,6496,24862,Day_1,Fair,Slow,2.5mm,Experiment_2
2025-10-23T00:31:23.517Z,2728,6935,24427,3586,8612,27567,4222,5834,22692,3912,6517,24926,Day_1,Fair,Slow,2.5mm,Experiment_2
2025-10-23T00:31:23.557Z,2727,6927,24431,3584,8610,27565,4208,5838,22689,3900,6524,24931,Day_1,Fair,Slow,2.5mm,Experiment_2
2025-10-23T00:31:23.597Z,2732,6917,24437,3587,8605,27566,4199,5831,22676,3878,6518,24903,Day_1,Fair,Slow,2.5mm,Experiment_2
2025-10-23T00:31:23.637Z,2737,6908,24432,3590,8597,27563,4202,5816,22679,3860,6515,24909,Day_1,Fair,Slow,2.5mm,Experiment_2
2025-10-23T00:31:23.677Z,2738,6904,24412,3591,8588,27554,4220,5813,22721,3862,6531,24985,Day_1,Fair,Slow,2.5mm,Experiment_2
2025-10-23T00:31:23.717Z,2733,6905,24392,3590,8580,27543,4236,5827,22778,3883,6555,25084,Day_1,Fair,Slow,2.5mm,Experiment_2
2025-10-23T00:31:23.757Z,2727,6910,24384,3590,8579,27536,4241,5841,22814,3912,6568,25139,Day_1,Fair,Slow,2.5mm,Experiment_2
2025-10-23T00:31:23.797Z,2726,6920,24384,3593,8586,27534,4244,5847,22831,3936,6571,25153,Day_1,Fair,Slow,2.5mm,Experiment_2
2025-10-23T00:31:23.837Z,2731,6932,24386,3597,8594,27536,4243,5850,22845,3948,6578,25157,Day_1,Fair,Slow,2.5mm,Experiment_2
2025-10-23T00:31:23.877Z,2736,6939,24391,3600,8599,27543,4232,5852,22852,3950,6585,25161,Day_1,Fair,Slow,2.5mm,Experiment_2
2025-10-23T00:31:23.917Z,2735,6941,24398,3601,8602,27551,4217,5851,22842,3944,6585,25155,Day_1,Fair,Slow,2.5mm,Experiment_2
2025-10-23T00:31:23.957Z,2733,6942,24408,3603,8606,27560,4208,5845,22806,3932,6570,25109,Day_1,Fair,Slow,2.5mm,Experiment_2
2025-10-23T00:31:23.997Z,2732,6943,24424,3602,8610,27565,4205,5832,22722,3911,6532,24975,Day_1,Fair,Slow,2.5mm,Experiment_2
2025-10-23T00:31:24.037Z,2735,6943,24454,3599,8611,27570,4194,5807,22574,3881,6470,24734,Day_1,Fair,Slow,2.5mm,Experiment_2
2025-10-23T00:31:24.077Z,2743,6941,24488,3597,8610,27574,4172,5777,22410,3849,6405,24472,Day_1,Fair,Slow,2.5mm,Experiment_2
2025-10-23T00:31:24.117Z,2747,6934,24506,3596,8606,27578,4156,5757,22324,3834,6372,24338,Day_1,Fair,Slow,2.5mm,Experiment_2
2025-10-23T00:31:24.157Z,2748,6926,24496,3596,8600,27580,4157,5756,22346,3842,6380,24379,Day_1,Fair,Slow,2.5mm,Experiment_2
2025-10-23T00:31:24.197Z,2747,6921,24470,3598,8597,27573,4168,5770,22430,3857,6413,24519,Day_1,Fair,Slow,2.5mm,Experiment_2
2025-10-23T00:31:24.237Z,2747,6918,24446,3599,8595,27563,4177,5792,22528,3869,6453,24670,Day_1,Fair,Slow,2.5mm,Experiment_2
2025-10-23T00:31:24.277Z,2746,6915,24435,3598,8591,27560,4184,5816,22619,3881,6488,24794,Day_1,Fair,Slow,2.5mm,Experiment_2
2025-10-23T00:31:24.317Z,2749,6912,24433,3600,8585,27566,4195,5839,22689,3898,6514,24877,Day_1,Fair,Slow,2.5mm,Experiment_2
2025-10-23T00:31:24.357Z,2752,6912,24437,3606,8584,27577,4208,5857,22720,3915,6526,24909,Day_1,Fair,Slow,2.5mm,Experiment_2
2025-10-23T00:31:24.397Z,2750,6919,24444,3609,8593,27587,4217,5861,22706,3926,6525,24901,Day_1,Fair,Slow,2.5mm,Experiment_2
2025-10-23T00:31:24.437Z,2741,6925,24447,3606,8603,27591,4224,5852,22672,3932,6521,24887,Day_1,Fair,Slow,2.5mm,Experiment_2
2025-10-23T00:31:24.477Z,2732,6924,24437,3599,8602,27584,4233,5839,22670,3937,6526,24910,Day_1,Fair,Slow,2.5mm,Experiment_2
2025-10-23T00:31:24.517Z,2729,6919,24418,3594,8595,27573,4248,5837,22720,3944,6543,24974,Day_1,Fair,Slow,2.5mm,Experiment_2
2025-10-23T00:31:24.557Z,2732,6922,24402,3596,8593,27567,4267,5847,22791,3953,6564,25048,Day_1,Fair,Slow,2.5mm,Experiment_2
2025-10-23T00:31:24.597Z,2736,6929,24392,3602,8595,27566,4280,5863,22846,3961,6580,25115,Day_1,Fair,Slow,2.5mm,Experiment_2
2025-10-23T00:31:24.637Z,2742,6932,24388,3608,8596,27560,4282,5876,22872,3966,6589,25165,Day_1,Fair,Slow,2.5mm,Experiment_2
2025-10-23T00:31:24.677Z,2748,6934,24389,3609,8596,27553,4275,5877,22877,3967,6591,25183,Day_1,Fair,Slow,2.5mm,Experiment_2
2025-10-23T00:31:24.717Z,2749,6939,24395,3606,8600,27550,4260,5863,22871,3965,6587,25173,Day_1,Fair,Slow,2.5mm,Experiment_2
2025-10-23T00:31:24.757Z,2745,6943,24403,3599,8608,27554,4238,5845,22855,3958,6578,25146,Day_1,Fair,Slow,2.5mm,Experiment_2
2025-10-23T00:31:24.797Z,2739,6947,24414,3595,8617,27562,4211,5825,22811,3942,6554,25079,Day_1,Fair,Slow,2.5mm,Experiment_2
2025-10-23T00:31:24.837Z,2738,6951,24441,3597,8624,27576,4180,5802,22704,3912,6507,24917,Day_1,Fair,Slow,2.5mm,Experiment_2
2025-10-23T00:31:24.877Z,2745,6953,24481,3601,8630,27589,4149,5777,22537,3873,6443,24666,Day_1,Fair,Slow,2.5mm,Experiment_2
2025-10-23T00:31:24.917Z,2749,6950,24510,3601,8630,27592,4128,5758,22390,3842,6387,24440,Day_1,Fair,Slow,2.5mm,Experiment_2
2025-10-23T00:31:24.957Z,2746,6943,24513,3597,8627,27587,4129,5752,22337,3832,6368,24347,Day_1,Fair,Slow,2.5mm,Experiment_2
2025-10-23T00:31:24.997Z,2740,6938,24493,3595,8623,27579,4154,5762,22376,3843,6385,24388,Day_1,Fair,Slow,2.5mm,Experiment_2
2025-10-23T00:31:25.037Z,2737,6935,24466,3596,8617,27570,4191,5778,22468,3865,6419,24515,Day_1,Fair,Slow,2.5mm,Experiment_2
2025-10-23T00:31:25.077Z,2737,6929,24441,3597,8606,27565,4221,5796,22581,3889,6454,24686,Day_1,Fair,Slow,2.5mm,Experiment_2
2025-10-23T00:31:25.117Z,2738,6924,24424,3595,8597,27560,4230,5810,22676,3908,6482,24840,Day_1,Fair,Slow,2.5mm,Experiment_2
2025-10-23T00:31:25.157Z,2737,6925,24411,3593,8599,27554,4227,5823,22717,3920,6498,24919,Day_1,Fair,Slow,2.5mm,Experiment_2
2025-10-23T00:31:25.197Z,2733,6932,24411,3592,8608,27554,4219,5836,22708,3923,6506,24919,Day_1,Fair,Slow,2.5mm,Experiment_2
2025-10-23T00:31:25.237Z,2732,6937,24425,3592,8614,27564,4206,5843,22680,3913,6506,24885,Day_1,Fair,Slow,2.5mm,Experiment_2
2025-10-23T00:31:25.277Z,2736,6937,24440,3596,8612,27578,4192,5842,22671,3903,6509,24874,Day_1,Fair,Slow,2.5mm,Experiment_2
2025-10-23T00:31:25.317Z,2744,6936,24439,3603,8607,27584,4189,5849,22704,3904,6522,24926,Day_1,Fair,Slow,2.5mm,Experiment_2
2025-10-23T00:31:25.357Z,2747,6937,24424,3607,8605,27576,4204,5869,22760,3918,6538,25028,Day_1,Fair,Slow,2.5mm,Experiment_2
2025-10-23T00:31:25.397Z,2741,6938,24407,3601,8606,27560,4224,5888,22798,3933,6539,25122,Day_1,Fair,Slow,2.5mm,Experiment_2
2025-10-23T00:31:25.437Z,2737,6934,24396,3595,8605,27549,4240,5889,22811,3943,6535,25167,Day_1,Fair,Slow,2.5mm,Experiment_2
2025-10-23T00:31:25.477Z,2738,6928,24395,3597,8600,27548,4248,5875,22818,3946,6545,25168,Day_1,Fair,Slow,2.5mm,Experiment_2
2025-10-23T00:31:25.517Z,2743,6924,24404,3605,8594,27555,4249,5860,22825,3947,6567,25150,Day_1,Fair,Slow,2.5mm,Experiment_2
2025-10-23T00:31:25.557Z,2747,6922,24411,3611,8590,27564,4247,5854,22826,3951,6583,25128,Day_1,Fair,Slow,2.5mm,Experiment_2
2025-10-23T00:31:25.597Z,2743,6917,24414,3608,8586,27568,4244,5852,22805,3952,6580,25086,Day_1,Fair,Slow,2.5mm,Experiment_2
2025-10-23T00:31:25.637Z,2737,6911,24430,3599,8582,27574,4232,5840,22727,3939,6549,24975,Day_1,Fair,Slow,2.5mm,Experiment_2
2025-10-23T00:31:25.677Z,2737,6911,24471,3595,8581,27592,4207,5812,22578,3910,6488,24759,Day_1,Fair,Slow,2.5mm,Experiment_2
2025-10-23T00:31:25.717Z,2749,6920,24521,3601,8589,27613,4171,5778,22403,3876,6413,24489,Day_1,Fair,Slow,2.5mm,Experiment_2
2025-10-23T00:31:25.757Z,2762,6931,24544,3611,8600,27622,4126,5758,22295,3852,6359,24305,Day_1,Fair,Slow,2.5mm,Experiment_2
2025-10-23T00:31:25.797Z,2764,6938,24530,3612,8607,27615,4090,5755,22304,3846,6351,24294,Day_1,Fair,Slow,2.5mm,Experiment_2
2025-10-23T00:31:25.837Z,2755,6941,24497,3604,8610,27599,4100,5764,22390,3858,6379,24412,Day_1,Fair,Slow,2.5mm,Experiment_2
2025-10-23T00:31:25.877Z,2746,6942,24464,3598,8611,27582,4156,5783,22500,3879,6428,24573,Day_1,Fair,Slow,2.5mm,Experiment_2
2025-10-23T00:31:25.917Z,2745,6943,24439,3599,8612,27574,4210,5805,22596,3899,6477,24722,Day_1,Fair,Slow,2.5mm,Experiment_2
2025-10-23T00:31:25.957Z,2748,6941,24430,3602,8613,27577,4235,5819,22662,3914,6510,24837,Day_1,Fair,Slow,2.5mm,Experiment_2
2025-10-23T00:31:25.997Z,2752,6935,24434,3606,8608,27582,4235,5823,22700,3922,6524,24906,Day_1,Fair,Slow,2.5mm,Experiment_2
2025-10-23T00:31:26.037Z,2759,6923,24444,3613,8595,27585,4226,5829,22706,3920,6523,24919,Day_1,Fair,Slow,2.5mm,Experiment_2
2025-10-23T00:31:26.077Z,2765,6909,24453,3620,8582,27587,4214,5849,22686,3913,6514,24900,Day_1,Fair,Slow,2.5mm,Experiment_2
2025-10-23T00:31:26.118Z,2764,6903,24449,3622,8577,27585,4207,5883,22683,3915,6512,24915,Day_1,Fair,Slow,2.5mm,Experiment_2
2025-10-23T00:31:26.158Z,2756,6906,24432,3617,8579,27575,4217,5909,22720,3933,6529,24997,Day_1,Fair,Slow,2.5mm,Experiment_2
2025-10-23T00:31:26.198Z,2749,6915,24414,3611,8584,27563,4237,5904,22768,3955,6554,25088,Day_1,Fair,Slow,2.5mm,Experiment_2
2025-10-23T00:31:26.238Z,2748,6922,24404,3605,8590,27556,4246,5877,22799,3962,6568,25132,Day_1,Fair,Slow,2.5mm,Experiment_2
2025-10-23T00:31:26.278Z,2746,6922,24401,3600,8595,27556,4247,5855,22820,3958,6570,25141,Day_1,Fair,Slow,2.5mm,Experiment_2
2025-10-23T00:31:26.318Z,2743,6919,24400,3599,8596,27560,4249,5850,22840,3958,6572,25150,Day_1,Fair,Slow,2.5mm,Experiment_2
2025-10-23T00:31:26.358Z,2743,6917,24397,3603,8593,27558,4252,5851,22860,3961,6575,25167,Day_1,Fair,Slow,2.5mm,Experiment_2
2025-10-23T00:31:26.398Z,2746,6917,24393,3608,8590,27550,4252,5851,22871,3960,6574,25171,Day_1,Fair,Slow,2.5mm,Experiment_2
2025-10-23T00:31:26.438Z,2746,6919,24399,3609,8593,27546,4248,5842,22844,3953,6558,25121,Day_1,Fair,Slow,2.5mm,Experiment_2
2025-10-23T00:31:26.478Z,2744,6925,24425,3609,8602,27555,4236,5815,22741,3935,6518,24973,Day_1,Fair,Slow,2.5mm,Experiment_2
2025-10-23T00:31:26.518Z,2744,6938,24473,3610,8614,27576,4212,5777,22572,3904,6455,24722,Day_1,Fair,Slow,2.5mm,Experiment_2
2025-10-23T00:31:26.558Z,2747,6952,24519,3610,8624,27594,4182,5752,22418,3871,6393,24466,Day_1,Fair,Slow,2.5mm,Experiment_2
2025-10-23T00:31:26.598Z,2750,6957,24530,3607,8629,27599,4165,5756,22360,3857,6365,24346,Day_1,Fair,Slow,2.5mm,Experiment_2
2025-10-23T00:31:26.638Z,2752,6952,24505,3606,8628,27594,4170,5776,22402,3863,6379,24397,Day_1,Fair,Slow,2.5mm,Experiment_2
2025-10-23T00:31:26.678Z,2753,6941,24470,3606,8620,27584,4184,5793,22485,3874,6414,24531,Day_1,Fair,Slow,2.5mm,Experiment_2
2025-10-23T00:31:26.718Z,2751,6930,24446,3604,8609,27574,4191,5805,22567,3881,6450,24668,Day_1,Fair,Slow,2.5mm,Experiment_2
2025-10-23T00:31:26.758Z,2747,6925,24431,3600,8601,27567,4191,5819,22637,3887,6480,24787,Day_1,Fair,Slow,2.5mm,Experiment_2
2025-10-23T00:31:26.798Z,2744,6927,24421,3598,8602,27562,4196,5837,22685,3898,6504,24882,Day_1,Fair,Slow,2.5mm,Experiment_2
2025-10-23T00:31:26.838Z,2743,6933,24421,3601,8607,27563,4210,5849,22699,3910,6518,24935,Day_1,Fair,Slow,2.5mm,Experiment_2
2025-10-23T00:31:26.878Z,2747,6940,24428,3606,8612,27565,4227,5846,22684,3919,6522,24939,Day_1,Fair,Slow,2.5mm,Experiment_2
2025-10-23T00:31:26.918Z,2754,6943,24433,3613,8612,27566,4232,5839,22671,3923,6523,24929,Day_1,Fair,Slow,2.5mm,Experiment_2
2025-10-23T00:31:26.958Z,2763,6937,24424,3619,8604,27562,4222,5848,22695,3926,6537,24959,Day_1,Fair,Slow,2.5mm,Experiment_2
2025-10-23T00:31:26.998Z,2765,6926,24405,3619,8591,27555,4217,5864,22746,3935,6561,25030,Day_1,Fair,Slow,2.5mm,Experiment_2
2025-10-23T00:31:27.038Z,2758,6916,24387,3612,8581,27545,4226,5869,22783,3948,6580,25090,Day_1,Fair,Slow,2.5mm,Experiment_2
2025-10-23T00:31:27.078Z,2746,6916,24379,3603,8583,27538,4245,5866,22800,3960,6587,25119,Day_1,Fair,Slow,2.5mm,Experiment_2
2025-10-23T00:31:27.118Z,2740,6923,24383,3601,8592,27539,4264,5865,22820,3969,6591,25134,Day_1,Fair,Slow,2.5mm,Experiment_2
2025-10-23T00:31:27.158Z,2742,6926,24392,3604,8596,27547,4279,5872,22851,3973,6596,25152,Day_1,Fair,Slow,2.5mm,Experiment_2
2025-10-23T00:31:27.198Z,2745,6925,24398,3607,8593,27553,4280,5878,22869,3973,6601,25177,Day_1,Fair,Slow,2.5mm,Experiment_2
2025-10-23T00:31:27.238Z,2743,6929,24399,3607,8592,27555,4262,5871,22854,3966,6592,25182,Day_1,Fair,Slow,2.5mm,Experiment_2
2025-10-23T00:31:27.278Z,2739,6934,24404,3603,8597,27556,4235,5848,22796,3946,6562,25117,Day_1,Fair,Slow,2.5mm,Experiment_2
2025-10-23T00:31:27.318Z,2736,6933,24427,3598,8602,27563,4216,5817,22674,3919,6511,24937,Day_1,Fair,Slow,2.5mm,Experiment_2
2025-10-23T00:31:27.358Z,2733,6930,24469,3593,8606,27576,4207,5791,22501,3890,6447,24666,Day_1,Fair,Slow,2.5mm,Experiment_2
2025-10-23T00:31:27.398Z,2730,6924,24508,3588,8605,27587,4201,5772,22357,3866,6393,24430,Day_1,Fair,Slow,2.5mm,Experiment_2
2025-10-23T00:31:27.438Z,2735,6915,24520,3592,8596,27593,4190,5759,22319,3850,6370,24348,Day_1,Fair,Slow,2.5mm,Experiment_2
2025-10-23T00:31:27.478Z,2746,6907,24506,3603,8587,27594,4176,5759,22383,3845,6380,24413,Day_1,Fair,Slow,2.5mm,Experiment_2
2025-10-23T00:31:27.518Z,2754,6911,24483,3612,8588,27591,4167,5773,22491,3851,6411,24552,Day_1,Fair,Slow,2.5mm,Experiment_2
2025-10-23T00:31:27.558Z,2754,6925,24465,3612,8599,27586,4176,5794,22599,3869,6449,24706,Day_1,Fair,Slow,2.5mm,Experiment_2
2025-10-23T00:31:27.598Z,2751,6937,24452,3607,8609,27580,4205,5816,22682,3895,6483,24837,Day_1,Fair,Slow,2.5mm,Experiment_2
2025-10-23T00:31:27.638Z,2749,6940,24440,3605,8612,27573,4235,5830,22726,3920,6508,24914,Day_1,Fair,Slow,2.5mm,Experiment_2
2025-10-23T00:31:27.678Z,2747,6935,24430,3605,8610,27571,4240,5831,22726,3928,6516,24930,Day_1,Fair,Slow,2.5mm,Experiment_2
2025-10-23T00:31:27.718Z,2747,6930,24429,3606,8605,27575,4221,5827,22696,3919,6511,24902,Day_1,Fair,Slow,2.5mm,Experiment_2
2025-10-23T00:31:27.758Z,2746,6925,24434,3606,8599,27579,4204,5829,22667,3907,6506,24876,Day_1,Fair,Slow,2.5mm,Experiment_2
2025-10-23T00:31:27.798Z,2745,6921,24436,3605,8594,27581,4206,5837,22675,3907,6516,24896,Day_1,Fair,Slow,2.5mm,Experiment_2
2025-10-23T00:31:27.838Z,2743,6919,24429,3604,8590,27579,4217,5844,22722,3921,6538,24963,Day_1,Fair,Slow,2.5mm,Experiment_2
2025-10-23T00:31:27.878Z,2742,6920,24417,3604,8589,27573,4223,5844,22774,3937,6559,25043,Day_1,Fair,Slow,2.5mm,Experiment_2
2025-10-23T00:31:27.918Z,2739,6926,24407,3603,8593,27563,4223,5842,22809,3949,6570,25109,Day_1,Fair,Slow,2.5mm,Experiment_2
2025-10-23T00:31:27.958Z,2736,6933,24400,3601,8599,27553,4223,5845,22827,3955,6575,25155,Day_1,Fair,Slow,2.5mm,Experiment_2
2025-10-23T00:31:27.998Z,2737,6936,24394,3599,8603,27545,4224,5845,22844,3952,6577,25178,Day_1,Fair,Slow,2.5mm,Experiment_2
2025-10-23T00:31:28.038Z,2740,6931,24392,3599,8601,27544,4228,5839,22861,3946,6576,25170,Day_1,Fair,Slow,2.5mm,Experiment_2
2025-10-23T00:31:28.078Z,2743,6922,24396,3600,8597,27546,4231,5832,22852,3941,6570,25124,Day_1,Fair,Slow,2.5mm,Experiment_2
2025-10-23T00:31:28.118Z,2744,6916,24411,3602,8595,27550,4228,5821,22781,3930,6548,25016,Day_1,Fair,Slow,2.5mm,Experiment_2
2025-10-23T00:31:28.158Z,2746,6917,24443,3605,8599,27564,4217,5801,22629,3910,6502,24810,Day_1,Fair,Slow,2.5mm,Experiment_2
2025-10-23T00:31:28.198Z,2747,6921,24488,3606,8604,27583,4201,5774,22441,3881,6437,24537,Day_1,Fair,Slow,2.5mm,Experiment_2
2025-10-23T00:31:28.238Z,2751,6924,24520,3609,8606,27597,4183,5751,22314,3854,6383,24331,Day_1,Fair,Slow,2.5mm,Experiment_2
2025-10-23T00:31:28.278Z,2758,6928,24525,3615,8612,27601,4167,5746,22299,3838,6365,24294,Day_1,Fair,Slow,2.5mm,Experiment_2
2025-10-23T00:31:28.318Z,2760,6931,24507,3616,8623,27597,4158,5759,22374,3837,6385,24401,Day_1,Fair,Slow,2.5mm,Experiment_2
2025-10-23T00:31:28.358Z,2754,6924,24476,3610,8631,27587,4162,5787,22488,3851,6426,24571,Day_1,Fair,Slow,2.5mm,Experiment_2
2025-10-23T00:31:28.398Z,2747,6914,24446,3602,8627,27576,4177,5821,22595,3874,6473,24734,Day_1,Fair,Slow,2.5mm,Experiment_2
2025-10-23T00:31:28.438Z,2744,6910,24431,3599,8612,27571,4188,5850,22670,3895,6512,24856,Day_1,Fair,Slow,2.5mm,Experiment_2
2025-10-23T00:31:28.478Z,2747,6912,24435,3601,8597,27574,4197,5858,22709,3909,6527,24923,Day_1,Fair,Slow,2.5mm,Experiment_2
2025-10-23T00:31:28.518Z,2753,6916,24448,3606,8595,27578,4211,5844,22716,3916,6518,24931,Day_1,Fair,Slow,2.5mm,Experiment_2
2025-10-23T00:31:28.558Z,2756,6917,24453,3611,8599,27578,4223,5823,22701,3921,6502,24905,Day_1,Fair,Slow,2.5mm,Experiment_2
2025-10-23T00:31:28.598Z,2752,6917,24447,3613,8600,27578,4222,5812,22697,3924,6502,24903,Day_1,Fair,Slow,2.5mm,Experiment_2
2025-10-23T00:31:28.638Z,2748,6918,24432,3614,8598,27579,4211,5815,22731,3930,6524,24964,Day_1,Fair,Slow,2.5mm,Experiment_2
2025-10-23T00:31:28.678Z,2747,6921,24414,3614,8595,27573,4200,5822,22774,3933,6550,25052,Day_1,Fair,Slow,2.5mm,Experiment_2
2025-10-23T00:31:28.718Z,2743,6923,24394,3608,8592,27557,4193,5827,22794,3931,6562,25108,Day_1,Fair,Slow,2.5mm,Experiment_2
2025-10-23T00:31:28.758Z,2733,6923,24380,3599,8590,27538,4196,5834,22810,3930,6568,25130,Day_1,Fair,Slow,2.5mm,Experiment_2
2025-10-23T00:31:28.798Z,2727,6919,24373,3595,8586,27526,4209,5845,22841,3935,6574,25141,Day_1,Fair,Slow,2.5mm,Experiment_2
2025-10-23T00:31:28.838Z,2732,6912,24373,3600,8581,27526,4231,5850,22870,3946,6579,25158,Day_1,Fair,Slow,2.5mm,Experiment_2
2025-10-23T00:31:28.878Z,2743,6909,24378,3610,8580,27535,4257,5843,22869,3957,6574,25171,Day_1,Fair,Slow,2.5mm,Experiment_2
2025-10-23T00:31:28.918Z,2749,6916,24391,3616,8587,27544,4266,5827,22824,3956,6558,25138,Day_1,Fair,Slow,2.5mm,Experiment_2
2025-10-23T00:31:28.958Z,2746,6929,24417,3614,8600,27555,4248,5807,22727,3938,6522,25004,Day_1,Fair,Slow,2.5mm,Experiment_2
2025-10-23T00:31:28.998Z,2740,6942,24460,3607,8614,27571,4217,5786,22576,3898,6464,24757,Day_1,Fair,Slow,2.5mm,Experiment_2
2025-10-23T00:31:29.038Z,2741,6951,24506,3601,8624,27585,4185,5771,22419,3844,6403,24488,Day_1,Fair,Slow,2.5mm,Experiment_2
2025-10-23T00:31:29.078Z,2747,6950,24525,3600,8623,27588,4164,5768,22339,3798,6370,24339,Day_1,Fair,Slow,2.5mm,Experiment_2
2025-10-23T00:31:29.118Z,2748,6941,24508,3598,8614,27583,4160,5774,22364,3789,6378,24367,Day_1,Fair,Slow,2.5mm,Experiment_2
2025-10-23T00:31:29.158Z,2741,6931,24475,3594,8605,27576,4167,5785,22455,3819,6410,24501,Day_1,Fair,Slow,2.5mm,Experiment_2
2025-10-23T00:31:29.198Z,2734,6928,24447,3591,8604,27569,4176,5803,22555,3858,6449,24655,Day_1,Fair,Slow,2.5mm,Experiment_2
2025-10-23T00:31:29.238Z,2730,6931,24430,3590,8606,27562,4185,5824,22634,3882,6480,24782,Day_1,Fair,Slow,2.5mm,Experiment_2
2025-10-23T00:31:29.278Z,2728,6936,24419,3590,8611,27555,4195,5839,22680,3898,6502,24865,Day_1,Fair,Slow,2.5mm,Experiment_2
2025-10-23T00:31:29.318Z,2727,6935,24415,3592,8612,27553,4202,5839,22695,3908,6513,24901,Day_1,Fair,Slow,2.5mm,Experiment_2
2025-10-23T00:31:29.358Z,2734,6927,24421,3599,8607,27561,4195,5825,22685,3910,6514,24904,Day_1,Fair,Slow,2.5mm,Experiment_2
2025-10-23T00:31:29.398Z,2741,6918,24433,3606,8596,27573,4182,5814,22678,3909,6515,24911,Day_1,Fair,Slow,2.5mm,Experiment_2
2025-10-23T00:31:29.438Z,2742,6914,24436,3607,8587,27576,4187,5821,22709,3917,6533,24960,Day_1,Fair,Slow,2.5mm,Experiment_2
2025-10-23T00:31:29.478Z,2740,6913,24427,3606,8583,27570,4213,5844,22776,3938,6565,25038,Day_1,Fair,Slow,2.5mm,Experiment_2
2025-10-23T00:31:29.518Z,2742,6913,24411,3608,8584,27560,4242,5859,22832,3959,6588,25104,Day_1,Fair,Slow,2.5mm,Experiment_2
2025-10-23T00:31:29.558Z,2754,6911,24398,3615,8585,27551,4260,5858,22856,3972,6595,25151,Day_1,Fair,Slow,2.5mm,Experiment_2
2025-10-23T00:31:29.598Z,2762,6911,24391,3619,8583,27548,4270,5854,22858,3975,6593,25182,Day_1,Fair,Slow,2.5mm,Experiment_2
2025-10-23T00:31:29.638Z,2756,6917,24391,3614,8584,27549,4268,5853,22858,3968,6589,25194,Day_1,Fair,Slow,2.5mm,Experiment_2
2025-10-23T00:31:29.678Z,2741,6925,24393,3601,8590,27549,4257,5854,22864,3955,6584,25186,Day_1,Fair,Slow,2.5mm,Experiment_2
2025-10-23T00:31:29.718Z,2733,6931,24397,3594,8596,27549,4248,5851,22862,3944,6580,25159,Day_1,Fair,Slow,2.5mm,Experiment_2
2025-10-23T00:31:29.758Z,2737,6934,24406,3595,8600,27552,4240,5841,22821,3937,6566,25086,Day_1,Fair,Slow,2.5mm,Experiment_2
2025-10-23T00:31:29.798Z,2746,6936,24431,3598,8604,27562,4222,5820,22709,3921,6525,24919,Day_1,Fair,Slow,2.5mm,Experiment_2
2025-10-23T00:31:29.838Z,2748,6940,24466,3597,8611,27574,4189,5784,22535,3892,6456,24668,Day_1,Fair,Slow,2.5mm,Experiment_2
2025-10-23T00:31:29.878Z,2746,6942,24494,3594,8616,27579,4163,5748,22374,3864,6390,24439,Day_1,Fair,Slow,2.5mm,Experiment_2
2025-10-23T00:31:29.918Z,2748,6937,24498,3597,8613,27577,4159,5733,22308,3853,6362,24346,Day_1,Fair,Slow,2.5mm,Experiment_2
2025-10-23T00:31:29.958Z,2753,6923,24486,3604,8602,27578,4172,5743,22347,3857,6374,24395,Day_1,Fair,Slow,2.5mm,Experiment_2
2025-10-23T00:31:29.998Z,2753,6912,24476,3605,8593,27586,4187,5768,22447,3871,6406,24525,Day_1,Fair,Slow,2.5mm,Experiment_2
2025-10-23T00:31:30.038Z,2748,6908,24470,3601,8589,27594,4204,5794,22562,3892,6445,24681,Day_1,Fair,Slow,2.5mm,Experiment_2
2025-10-23T00:31:30.078Z,2745,6915,24460,3598,8593,27593,4228,5821,22652,3917,6484,24821,Day_1,Fair,Slow,2.5mm,Experiment_2
2025-10-23T00:31:30.118Z,2747,6927,24444,3600,8604,27584,4251,5844,22700,3936,6516,24908,Day_1,Fair,Slow,2.5mm,Experiment_2
2025-10-23T00:31:30.158Z,2753,6938,24430,3604,8617,27573,4259,5854,22702,3941,6532,24926,Day_1,Fair,Slow,2.5mm,Experiment_2
2025-10-23T00:31:30.198Z,2758,6943,24426,3606,8624,27569,4252,5852,22671,3936,6531,24891,Day_1,Fair,Slow,2.5mm,Experiment_2
2025-10-23T00:31:30.238Z,2762,6938,24430,3611,8621,27570,4245,5849,22641,3931,6526,24857,Day_1,Fair,Slow,2.5mm,Experiment_2
2025-10-23T00:31:30.278Z,2762,6928,24429,3616,8610,27568,4253,5855,22654,3936,6531,24888,Day_1,Fair,Slow,2.5mm,Experiment_2
2025-10-23T00:31:30.318Z,2755,6920,24420,3615,8600,27562,4262,5861,22714,3944,6546,24983,Day_1,Fair,Slow,2.5mm,Experiment_2
2025-10-23T00:31:30.358Z,2748,6917,24410,3612,8597,27560,4250,5858,22789,3946,6561,25083,Day_1,Fair,Slow,2.5mm,Experiment_2
2025-10-23T00:31:30.398Z,2750,6918,24404,3614,8596,27562,4226,5849,22842,3945,6572,25147,Day_1,Fair,Slow,2.5mm,Experiment_2
2025-10-23T00:31:30.438Z,2755,6914,24400,3618,8592,27563,4208,5843,22865,3947,6579,25177,Day_1,Fair,Slow,2.5mm,Experiment_2
2025-10-23T00:31:30.478Z,2753,6911,24398,3616,8589,27563,4201,5847,22870,3947,6583,25186,Day_1,Fair,Slow,2.5mm,Experiment_2
2025-10-23T00:31:30.518Z,2749,6915,24396,3612,8592,27563,4202,5855,22863,3946,6585,25172,Day_1,Fair,Slow,2.5mm,Experiment_2
2025-10-23T00:31:30.558Z,2749,6927,24401,3610,8602,27569,4208,5858,22833,3945,6580,25127,Day_1,Fair,Slow,2.5mm,Experiment_2
2025-10-23T00:31:30.598Z,2750,6940,24422,3608,8612,27582,4210,5847,22754,3937,6555,25028,Day_1,Fair,Slow,2.5mm,Experiment_2
2025-10-23T00:31:30.638Z,2747,6946,24459,3604,8616,27595,4199,5816,22613,3913,6502,24838,Day_1,Fair,Slow,2.5mm,Experiment_2
2025-10-23T00:31:30.678Z,2740,6944,24501,3598,8615,27603,4183,5772,22441,3879,6430,24581,Day_1,Fair,Slow,2.5mm,Experiment_2
2025-10-23T00:31:30.718Z,2734,6940,24526,3593,8614,27603,4171,5733,22312,3852,6369,24374,Day_1,Fair,Slow,2.5mm,Experiment_2
2025-10-23T00:31:30.758Z,2730,6937,24523,3593,8615,27602,4165,5721,22275,3842,6349,24310,Day_1,Fair,Slow,2.5mm,Experiment_2
2025-10-23T00:31:30.798Z,2729,6934,24499,3592,8613,27600,4165,5743,22326,3843,6368,24376,Day_1,Fair,Slow,2.5mm,Experiment_2
2025-10-23T00:31:30.838Z,2730,6929,24466,3593,8610,27591,4170,5787,22427,3853,6412,24517,Day_1,Fair,Slow,2.5mm,Experiment_2
2025-10-23T00:31:30.878Z,2732,6927,24439,3596,8608,27579,4186,5820,22534,3871,6456,24684,Day_1,Fair,Slow,2.5mm,Experiment_2
2025-10-23T00:31:30.918Z,2731,6929,24427,3596,8609,27571,4206,5828,22624,3891,6483,24827,Day_1,Fair,Slow,2.5mm,Experiment_2
2025-10-23T00:31:30.958Z,2729,6933,24430,3595,8611,27572,4215,5823,22681,3905,6496,24912,Day_1,Fair,Slow,2.5mm,Experiment_2
2025-10-23T00:31:30.998Z,2734,6940,24440,3596,8617,27581,4213,5819,22685,3908,6501,24921,Day_1,Fair,Slow,2.5mm,Experiment_2
2025-10-23T00:31:31.038Z,2742,6945,24448,3600,8622,27590,4213,5817,22649,3908,6503,24887,Day_1,Fair,Slow,2.5mm,Experiment_2
2025-10-23T00:31:31.078Z,2745,6941,24442,3602,8617,27589,4220,5822,22632,3915,6511,24882,Day_1,Fair,Slow,2.5mm,Experiment_2
2025-10-23T00:31:31.118Z,2744,6928,24420,3602,8604,27575,4226,5845,22671,3929,6535,24948,Day_1,Fair,Slow,2.5mm,Experiment_2
2025-10-23T00:31:31.158Z,2742,6917,24395,3604,8594,27558,4226,5877,22740,3943,6570,25044,Day_1,Fair,Slow,2.5mm,Experiment_2
2025-10-23T00:31:31.198Z,2743,6913,24382,3607,8592,27549,4229,5890,22793,3954,6593,25108,Day_1,Fair,Slow,2.5mm,Experiment_2
2025-10-23T00:31:31.238Z,2742,6915,24380,3608,8593,27545,4238,5880,22823,3962,6599,25136,Day_1,Fair,Slow,2.5mm,Experiment_2
2025-10-23T00:31:31.278Z,2741,6919,24384,3607,8592,27543,4242,5874,22848,3968,6600,25161,Day_1,Fair,Slow,2.5mm,Experiment_2
2025-10-23T00:31:31.318Z,2742,6921,24389,3606,8591,27545,4242,5881,22871,3970,6603,25189,Day_1,Fair,Slow,2.5mm,Experiment_2
2025-10-23T00:31:31.358Z,2740,6924,24393,3603,8593,27548,4246,5884,22878,3969,6599,25194,Day_1,Fair,Slow,2.5mm,Experiment_2
2025-10-23T00:31:31.398Z,2734,6927,24398,3598,8597,27550,4248,5870,22846,3961,6582,25145,Day_1,Fair,Slow,2.5mm,Experiment_2
2025-10-23T00:31:31.438Z,2733,6930,24417,3596,8601,27557,4235,5842,22750,3940,6545,25010,Day_1,Fair,Slow,2.5mm,Experiment_2
2025-10-23T00:31:31.478Z,2740,6934,24458,3600,8605,27574,4208,5797,22591,3904,6481,24769,Day_1,Fair,Slow,2.5mm,Experiment_2
2025-10-23T00:31:31.518Z,2752,6941,24505,3607,8610,27589,4184,5749,22420,3870,6405,24490,Day_1,Fair,Slow,2.5mm,Experiment_2
2025-10-23T00:31:31.558Z,2762,6946,24530,3615,8613,27596,4183,5727,22320,3856,6358,24316,Day_1,Fair,Slow,2.5mm,Experiment_2
2025-10-23T00:31:31.598Z,2762,6944,24525,3617,8614,27595,4199,5739,22331,3865,6361,24324,Day_1,Fair,Slow,2.5mm,Experiment_2
2025-10-23T00:31:31.638Z,2756,6938,24498,3615,8612,27587,4214,5762,22419,3881,6394,24455,Day_1,Fair,Slow,2.5mm,Experiment_2
2025-10-23T00:31:31.678Z,2750,6931,24465,3611,8608,27574,4220,5777,22529,3895,6430,24619,Day_1,Fair,Slow,2.5mm,Experiment_2
2025-10-23T00:31:31.718Z,2747,6928,24440,3608,8607,27564,4223,5784,22623,3906,6459,24759,Day_1,Fair,Slow,2.5mm,Experiment_2
2025-10-23T00:31:31.758Z,2749,6931,24428,3608,8611,27563,4229,5789,22678,3918,6483,24855,Day_1,Fair,Slow,2.5mm,Experiment_2
2025-10-23T00:31:31.798Z,2757,6936,24428,3615,8614,27566,4238,5795,22691,3931,6501,24906,Day_1,Fair,Slow,2.5mm,Experiment_2
2025-10-23T00:31:31.838Z,2769,6942,24435,3624,8616,27568,4243,5801,22672,3936,6508,24915,Day_1,Fair,Slow,2.5mm,Experiment_2
2025-10-23T00:31:31.879Z,2772,6948,24440,3627,8618,27569,4239,5806,22657,3934,6509,24918,Day_1,Fair,Slow,2.5mm,Experiment_2
2025-10-23T00:31:31.919Z,2763,6948,24432,3621,8616,27569,4235,5814,22684,3937,6519,24968,Day_1,Fair,Slow,2.5mm,Experiment_2
2025-10-23T00:31:31.959Z,2751,6939,24413,3612,8608,27568,4237,5828,22749,3950,6544,25060,Day_1,Fair,Slow,2.5mm,Experiment_2
2025-10-23T00:31:31.999Z,2746,6929,24397,3609,8599,27564,4239,5841,22804,3964,6567,25136,Day_1,Fair,Slow,2.5mm,Experiment_2
2025-10-23T00:31:32.039Z,2743,6925,24384,3608,8595,27553,4242,5847,22829,3970,6577,25171,Day_1,Fair,Slow,2.5mm,Experiment_2
2025-10-23T00:31:32.079Z,2738,6924,24376,3604,8594,27541,4245,5852,22843,3971,6577,25183,Day_1,Fair,Slow,2.5mm,Experiment_2
2025-10-23T00:31:32.119Z,2733,6922,24374,3599,8594,27536,4254,5860,22863,3972,6578,25182,Day_1,Fair,Slow,2.5mm,Experiment_2
2025-10-23T00:31:32.159Z,2732,6919,24375,3597,8597,27538,4261,5868,22879,3973,6583,25174,Day_1,Fair,Slow,2.5mm,Experiment_2
2025-10-23T00:31:32.199Z,2735,6921,24378,3598,8600,27541,4254,5875,22873,3970,6584,25158,Day_1,Fair,Slow,2.5mm,Experiment_2
2025-10-23T00:31:32.239Z,2738,6925,24391,3602,8600,27546,4238,5874,22827,3960,6570,25104,Day_1,Fair,Slow,2.5mm,Experiment_2
2025-10-23T00:31:32.279Z,2745,6930,24422,3609,8598,27560,4217,5854,22721,3937,6531,24958,Day_1,Fair,Slow,2.5mm,Experiment_2
2025-10-23T00:31:32.319Z,2755,6938,24471,3616,8604,27579,4192,5817,22555,3901,6467,24713,Day_1,Fair,Slow,2.5mm,Experiment_2
2025-10-23T00:31:32.359Z,2759,6949,24519,3615,8613,27594,4172,5782,22399,3866,6405,24467,Day_1,Fair,Slow,2.5mm,Experiment_2
2025-10-23T00:31:32.399Z,2754,6952,24540,3606,8616,27601,4174,5763,22335,3855,6376,24356,Day_1,Fair,Slow,2.5mm,Experiment_2
2025-10-23T00:31:32.439Z,2746,6944,24525,3599,8609,27600,4195,5760,22368,3866,6385,24402,Day_1,Fair,Slow,2.5mm,Experiment_2
2025-10-23T00:31:32.479Z,2741,6930,24488,3597,8598,27592,4219,5764,22445,3884,6413,24528,Day_1,Fair,Slow,2.5mm,Experiment_2
2025-10-23T00:31:32.519Z,2737,6920,24450,3597,8592,27581,4239,5774,22533,3901,6444,24671,Day_1,Fair,Slow,2.5mm,Experiment_2
2025-10-23T00:31:32.559Z,2738,6919,24426,3597,8594,27572,4256,5790,22628,3918,6472,24804,Day_1,Fair,Slow,2.5mm,Experiment_2
2025-10-23T00:31:32.599Z,2739,6927,24421,3599,8605,27570,4264,5803,22714,3927,6492,24900,Day_1,Fair,Slow,2.5mm,Experiment_2
2025-10-23T00:31:32.639Z,2739,6939,24427,3597,8614,27572,4250,5810,22751,3922,6503,24935,Day_1,Fair,Slow,2.5mm,Experiment_2
2025-10-23T00:31:32.679Z,2736,6942,24438,3593,8614,27578,4225,5812,22726,3910,6507,24915,Day_1,Fair,Slow,2.5mm,Experiment_2
2025-10-23T00:31:32.719Z,2734,6935,24442,3591,8606,27580,4204,5811,22684,3901,6509,24889,Day_1,Fair,Slow,2.5mm,Experiment_2
2025-10-23T00:31:32.759Z,2734,6928,24435,3590,8599,27577,4197,5813,22685,3903,6516,24908,Day_1,Fair,Slow,2.5mm,Experiment_2
2025-10-23T00:31:32.799Z,2735,6928,24420,3591,8598,27572,4200,5824,22736,3916,6534,24974,Day_1,Fair,Slow,2.5mm,Experiment_2
2025-10-23T00:31:32.839Z,2737,6932,24407,3593,8599,27567,4206,5840,22794,3934,6556,25048,Day_1,Fair,Slow,2.5mm,Experiment_2
2025-10-23T00:31:32.879Z,2742,6933,24401,3598,8596,27564,4212,5852,22829,3948,6573,25107,Day_1,Fair,Slow,2.5mm,Experiment_2
2025-10-23T00:31:32.919Z,2747,6923,24401,3603,8587,27562,4221,5859,22846,3954,6583,25153,Day_1,Fair,Slow,2.5mm,Experiment_2
2025-10-23T00:31:32.959Z,2749,6909,24403,3609,8577,27558,4234,5867,22858,3953,6588,25185,Day_1,Fair,Slow,2.5mm,Experiment_2
2025-10-23T00:31:32.999Z,2746,6907,24406,3610,8577,27557,4244,5877,22860,3949,6592,25188,Day_1,Fair,Slow,2.5mm,Experiment_2
2025-10-23T00:31:33.039Z,2740,6922,24412,3605,8590,27559,4242,5881,22841,3943,6589,25155,Day_1,Fair,Slow,2.5mm,Experiment_2
2025-10-23T00:31:33.079Z,2738,6938,24423,3601,8604,27562,4225,5868,22783,3931,6568,25067,Day_1,Fair,Slow,2.5mm,Experiment_2
2025-10-23T00:31:33.119Z,2742,6940,24443,3601,8608,27569,4202,5830,22660,3907,6516,24882,Day_1,Fair,Slow,2.5mm,Experiment_2
2025-10-23T00:31:33.159Z,2747,6937,24470,3602,8606,27575,4187,5776,22486,3879,6444,24618,Day_1,Fair,Slow,2.5mm,Experiment_2
2025-10-23T00:31:33.199Z,2750,6937,24493,3602,8606,27580,4188,5733,22346,3861,6384,24404,Day_1,Fair,Slow,2.5mm,Experiment_2
2025-10-23T00:31:33.239Z,2752,6934,24502,3604,8604,27584,4195,5721,22307,3858,6361,24343,Day_1,Fair,Slow,2.5mm,Experiment_2
2025-10-23T00:31:33.279Z,2750,6921,24498,3603,8596,27591,4199,5738,22353,3862,6373,24410,Day_1,Fair,Slow,2.5mm,Experiment_2
2025-10-23T00:31:33.318Z,2744,6900,24485,3599,8581,27598,4205,5765,22445,3873,6409,24543,Day_1,Fair,Slow,2.5mm,Experiment_2
2025-10-23T00:31:33.358Z,2740,6877,24465,3595,8570,27598,4223,5781,22551,3897,6452,24696,Day_1,Fair,Slow,2.5mm,Experiment_2
2025-10-23T00:31:33.398Z,2744,6864,24444,3598,8575,27590,4248,5787,22644,3924,6488,24829,Day_1,Fair,Slow,2.5mm,Experiment_2
2025-10-23T00:31:33.438Z,2750,6868,24433,3604,8588,27579,4259,5794,22695,3939,6510,24906,Day_1,Fair,Slow,2.5mm,Experiment_2
2025-10-23T00:31:33.478Z,2750,6882,24439,3607,8592,27579,4251,5802,22692,3935,6517,24913,Day_1,Fair,Slow,2.5mm,Experiment_2
2025-10-23T00:31:33.518Z,2745,6890,24455,3603,8583,27591,4230,5805,22658,3923,6511,24881,Day_1,Fair,Slow,2.5mm,Experiment_2
2025-10-23T00:31:33.558Z,2745,6893,24459,3602,8576,27601,4212,5803,22638,3916,6502,24868,Day_1,Fair,Slow,2.5mm,Experiment_2
2025-10-23T00:31:33.598Z,2752,6901,24442,3610,8581,27593,4205,5806,22668,3918,6509,24919,Day_1,Fair,Slow,2.5mm,Experiment_2
2025-10-23T00:31:33.638Z,2754,6914,24417,3614,8590,27574,4209,5821,22735,3925,6531,25013,Day_1,Fair,Slow,2.5mm,Experiment_2
2025-10-23T00:31:33.678Z,2746,6924,24402,3608,8596,27557,4220,5838,22795,3934,6553,25088,Day_1,Fair,Slow,2.5mm,Experiment_2
2025-10-23T00:31:33.718Z,2737,6928,24394,3601,8597,27551,4228,5846,22825,3943,6564,25123,Day_1,Fair,Slow,2.5mm,Experiment_2
2025-10-23T00:31:33.758Z,2734,6929,24388,3601,8596,27552,4231,5850,22832,3949,6572,25142,Day_1,Fair,Slow,2.5mm,Experiment_2
2025-10-23T00:31:33.798Z,2734,6929,24384,3604,8595,27552,4238,5856,22835,3956,6580,25164,Day_1,Fair,Slow,2.5mm,Experiment_2
2025-10-23T00:31:33.838Z,2734,6929,24389,3603,8594,27552,4248,5864,22840,3963,6583,25180,Day_1,Fair,Slow,2.5mm,Experiment_2
2025-10-23T00:31:33.878Z,2733,6930,24408,3599,8595,27562,4253,5866,22827,3962,6574,25159,Day_1,Fair,Slow,2.5mm,Experiment_2
2025-10-23T00:31:33.918Z,2735,6932,24442,3598,8602,27581,4246,5849,22752,3948,6545,25047,Day_1,Fair,Slow,2.5mm,Experiment_2
2025-10-23T00:31:33.958Z,2741,6935,24485,3601,8611,27600,4224,5808,22594,3916,6488,24811,Day_1,Fair,Slow,2.5mm,Experiment_2
2025-10-23T00:31:33.998Z,2748,6936,24526,3602,8615,27611,4189,5760,22409,3869,6413,24517,Day_1,Fair,Slow,2.5mm,Experiment_2
2025-10-23T00:31:34.038Z,2746,6933,24540,3598,8611,27608,4162,5735,22297,3831,6360,24314,Day_1,Fair,Slow,2.5mm,Experiment_2
2025-10-23T00:31:34.078Z,2741,6929,24519,3593,8607,27595,4157,5749,22302,3821,6359,24294,Day_1,Fair,Slow,2.5mm,Experiment_2
2025-10-23T00:31:34.118Z,2744,6928,24481,3597,8606,27579,4172,5785,22393,3838,6400,24420,Day_1,Fair,Slow,2.5mm,Experiment_2
2025-10-23T00:31:34.158Z,2751,6929,24454,3605,8607,27570,4200,5814,22516,3868,6449,24600,Day_1,Fair,Slow,2.5mm,Experiment_2
2025-10-23T00:31:34.198Z,2757,6930,24448,3612,8608,27577,4223,5824,22628,3895,6486,24763,Day_1,Fair,Slow,2.5mm,Experiment_2
2025-10-23T00:31:34.238Z,2759,6932,24449,3615,8607,27588,4231,5823,22705,3913,6508,24876,Day_1,Fair,Slow,2.5mm,Experiment_2
2025-10-23T00:31:34.278Z,2757,6935,24446,3614,8608,27590,4224,5818,22738,3922,6516,24934,Day_1,Fair,Slow,2.5mm,Experiment_2
2025-10-23T00:31:34.318Z,2752,6936,24441,3609,8611,27587,4207,5805,22724,3920,6511,24944,Day_1,Fair,Slow,2.5mm,Experiment_2
2025-10-23T00:31:34.358Z,2744,6935,24440,3602,8613,27583,4191,5787,22692,3913,6508,24933,Day_1,Fair,Slow,2.5mm,Experiment_2
2025-10-23T00:31:34.398Z,2735,6934,24433,3596,8613,27574,4193,5779,22696,3914,6528,24954,Day_1,Fair,Slow,2.5mm,Experiment_2
2025-10-23T00:31:34.438Z,2730,6933,24415,3594,8609,27561,4211,5791,22754,3925,6560,25022,Day_1,Fair,Slow,2.5mm,Experiment_2
2025-10-23T00:31:34.478Z,2730,6928,24402,3596,8600,27557,4234,5816,22825,3939,6579,25087,Day_1,Fair,Slow,2.5mm,Experiment_2
2025-10-23T00:31:34.518Z,2733,6919,24405,3599,8588,27565,4250,5836,22865,3953,6581,25118,Day_1,Fair,Slow,2.5mm,Experiment_2
2025-10-23T00:31:34.558Z,2738,6912,24416,3603,8578,27577,4254,5844,22866,3964,6580,25134,Day_1,Fair,Slow,2.5mm,Experiment_2
2025-10-23T00:31:34.598Z,2743,6913,24421,3606,8575,27584,4247,5846,22853,3966,6582,25157,Day_1,Fair,Slow,2.5mm,Experiment_2
2025-10-23T00:31:34.638Z,2748,6919,24416,3609,8580,27579,4236,5851,22845,3961,6585,25182,Day_1,Fair,Slow,2.5mm,Experiment_2
2025-10-23T00:31:34.678Z,2753,6925,24408,3610,8588,27568,4230,5856,22843,3957,6585,25184,Day_1,Fair,Slow,2.5mm,Experiment_2
2025-10-23T00:31:34.718Z,2756,6927,24409,3609,8594,27560,4231,5847,22819,3953,6568,25131,Day_1,Fair,Slow,2.5mm,Experiment_2
2025-10-23T00:31:34.758Z,2756,6927,24427,3607,8596,27561,4225,5821,22730,3937,6522,24980,Day_1,Fair,Slow,2.5mm,Experiment_2
2025-10-23T00:31:34.798Z,2754,6926,24461,3606,8598,27568,4204,5783,22567,3906,6454,24726,Day_1,Fair,Slow,2.5mm,Experiment_2
2025-10-23T00:31:34.838Z,2754,6930,24492,3604,8603,27574,4183,5749,22404,3874,6392,24473,Day_1,Fair,Slow,2.5mm,Experiment_2
2025-10-23T00:31:34.878Z,2755,6936,24500,3606,8610,27577,4174,5738,22330,3861,6366,24360,Day_1,Fair,Slow,2.5mm,Experiment_2
2025-10-23T00:31:34.918Z,2758,6937,24486,3611,8614,27580,4180,5752,22362,3868,6381,24411,Day_1,Fair,Slow,2.5mm,Experiment_2
2025-10-23T00:31:34.958Z,2760,6930,24470,3615,8610,27584,4197,5780,22457,3888,6414,24543,Day_1,Fair,Slow,2.5mm,Experiment_2
2025-10-23T00:31:34.998Z,2755,6916,24457,3613,8598,27585,4222,5807,22560,3910,6449,24682,Day_1,Fair,Slow,2.5mm,Experiment_2
2025-10-23T00:31:35.038Z,2745,6906,24441,3607,8585,27579,4241,5827,22646,3925,6479,24801,Day_1,Fair,Slow,2.5mm,Experiment_2
2025-10-23T00:31:35.078Z,2741,6904,24424,3605,8577,27572,4245,5837,22706,3929,6504,24885,Day_1,Fair,Slow,2.5mm,Experiment_2
2025-10-23T00:31:35.118Z,2747,6904,24422,3607,8573,27575,4238,5839,22730,3927,6515,24920,Day_1,Fair,Slow,2.5mm,Experiment_2
2025-10-23T00:31:35.158Z,2754,6903,24436,3609,8574,27584,4229,5837,22710,3922,6511,24911,Day_1,Fair,Slow,2.5mm,Experiment_2
2025-10-23T00:31:35.198Z,2753,6910,24449,3607,8583,27591,4223,5838,22677,3919,6505,24896,Day_1,Fair,Slow,2.5mm,Experiment_2
2025-10-23T00:31:35.238Z,2741,6922,24447,3602,8595,27589,4225,5840,22686,3924,6513,24924,Day_1,Fair,Slow,2.5mm,Experiment_2
2025-10-23T00:31:35.278Z,2731,6930,24432,3600,8603,27579,4231,5844,22743,3935,6535,25004,Day_1,Fair,Slow,2.5mm,Experiment_2
2025-10-23T00:31:35.318Z,2729,6931,24419,3598,8605,27567,4237,5855,22797,3947,6559,25090,Day_1,Fair,Slow,2.5mm,Experiment_2
2025-10-23T00:31:35.358Z,2730,6927,24415,3597,8605,27561,4242,5872,22823,3956,6578,25141,Day_1,Fair,Slow,2.5mm,Experiment_2
2025-10-23T00:31:35.398Z,2733,6926,24418,3598,8605,27562,4245,5891,22839,3962,6591,25158,Day_1,Fair,Slow,2.5mm,Experiment_2
2025-10-23T00:31:35.438Z,2741,6924,24424,3606,8601,27570,4246,5903,22854,3966,6600,25170,Day_1,Fair,Slow,2.5mm,Experiment_2
2025-10-23T00:31:35.478Z,2750,6915,24428,3614,8588,27577,4253,5898,22867,3972,6599,25186,Day_1,Fair,Slow,2.5mm,Experiment_2
2025-10-23T00:31:35.518Z,2754,6904,24429,3616,8574,27577,4262,5875,22861,3973,6584,25180,Day_1,Fair,Slow,2.5mm,Experiment_2
2025-10-23T00:31:35.558Z,2753,6900,24433,3615,8570,27573,4257,5844,22806,3962,6557,25101,Day_1,Fair,Slow,2.5mm,Experiment_2
2025-10-23T00:31:35.598Z,2753,6905,24452,3615,8574,27576,4234,5813,22676,3935,6510,24912,Day_1,Fair,Slow,2.5mm,Experiment_2
2025-10-23T00:31:35.638Z,2754,6912,24487,3615,8579,27589,4206,5779,22501,3898,6444,24643,Day_1,Fair,Slow,2.5mm,Experiment_2
2025-10-23T00:31:35.678Z,2752,6916,24514,3611,8585,27601,4184,5746,22371,3865,6383,24419,Day_1,Fair,Slow,2.5mm,Experiment_2
2025-10-23T00:31:35.718Z,2748,6919,24514,3606,8591,27602,4175,5737,22351,3851,6359,24349,Day_1,Fair,Slow,2.5mm,Experiment_2
2025-10-23T00:31:35.758Z,2749,6927,24497,3606,8598,27597,4180,5755,22417,3856,6377,24417,Day_1,Fair,Slow,2.5mm,Experiment_2
2025-10-23T00:31:35.798Z,2755,6935,24481,3612,8605,27592,4192,5780,22513,3872,6419,24555,Day_1,Fair,Slow,2.5mm,Experiment_2
2025-10-23T00:31:35.839Z,2757,6939,24463,3615,8608,27588,4211,5802,22601,3893,6466,24703,Day_1,Fair,Slow,2.5mm,Experiment_2
2025-10-23T00:31:35.879Z,2750,6938,24439,3609,8608,27577,4232,5819,22668,3912,6504,24825,Day_1,Fair,Slow,2.5mm,Experiment_2
2025-10-23T00:31:35.919Z,2743,6933,24419,3602,8602,27565,4239,5830,22704,3922,6523,24903,Day_1,Fair,Slow,2.5mm,Experiment_2
2025-10-23T00:31:35.959Z,2743,6923,24416,3602,8593,27561,4223,5833,22703,3917,6524,24930,Day_1,Fair,Slow,2.5mm,Experiment_2
2025-10-23T00:31:35.999Z,2746,6915,24425,3606,8588,27566,4199,5828,22675,3904,6515,24918,Day_1,Fair,Slow,2.5mm,Experiment_2
2025-10-23T00:31:36.039Z,2746,6912,24435,3608,8589,27574,4191,5819,22651,3899,6509,24904,Day_1,Fair,Slow,2.5mm,Experiment_2
2025-10-23T00:31:36.079Z,2743,6914,24438,3606,8594,27578,4204,5818,22661,3913,6519,24932,Day_1,Fair,Slow,2.5mm,Experiment_2
2025-10-23T00:31:36.119Z,2739,6922,24425,3601,8602,27574,4224,5830,22702,3939,6546,25008,Day_1,Fair,Slow,2.5mm,Experiment_2
2025-10-23T00:31:36.159Z,2733,6929,24405,3593,8608,27565,4236,5846,22749,3959,6572,25094,Day_1,Fair,Slow,2.5mm,Experiment_2
2025-10-23T00:31:36.199Z,2729,6932,24392,3588,8608,27559,4238,5852,22781,3963,6581,25148,Day_1,Fair,Slow,2.5mm,Experiment_2
2025-10-23T00:31:36.239Z,2727,6933,24387,3589,8606,27555,4240,5851,22799,3960,6577,25166,Day_1,Fair,Slow,2.5mm,Experiment_2
2025-10-23T00:31:36.279Z,2728,6934,24385,3592,8604,27551,4245,5849,22818,3960,6575,25169,Day_1,Fair,Slow,2.5mm,Experiment_2
2025-10-23T00:31:36.319Z,2730,6935,24380,3594,8604,27548,4253,5850,22840,3964,6580,25167,Day_1,Fair,Slow,2.5mm,Experiment_2
2025-10-23T00:31:36.359Z,2733,6940,24380,3593,8611,27551,4264,5847,22836,3967,6578,25135,Day_1,Fair,Slow,2.5mm,Experiment_2
2025-10-23T00:31:36.399Z,2743,6949,24401,3597,8621,27562,4264,5830,22768,3956,6551,25024,Day_1,Fair,Slow,2.5mm,Experiment_2
2025-10-23T00:31:36.439Z,2757,6957,24452,3607,8627,27582,4239,5797,22623,3922,6490,24806,Day_1,Fair,Slow,2.5mm,Experiment_2
2025-10-23T00:31:36.479Z,2763,6959,24511,3611,8626,27601,4200,5765,22452,3877,6415,24532,Day_1,Fair,Slow,2.5mm,Experiment_2
2025-10-23T00:31:36.519Z,2758,6953,24547,3606,8620,27609,4172,5757,22338,3843,6362,24333,Day_1,Fair,Slow,2.5mm,Experiment_2
2025-10-23T00:31:36.559Z,2749,6943,24550,3600,8612,27608,4167,5772,22325,3836,6356,24303,Day_1,Fair,Slow,2.5mm,Experiment_2
2025-10-23T00:31:36.599Z,2742,6934,24526,3595,8605,27599,4176,5792,22393,3850,6386,24412,Day_1,Fair,Slow,2.5mm,Experiment_2
2025-10-23T00:31:36.639Z,2739,6930,24486,3593,8603,27583,4183,5808,22499,3874,6430,24581,Day_1,Fair,Slow,2.5mm,Experiment_2
2025-10-23T00:31:36.679Z,2739,6932,24453,3595,8606,27570,4189,5826,22605,3896,6473,24743,Day_1,Fair,Slow,2.5mm,Experiment_2
2025-10-23T00:31:36.719Z,2740,6934,24439,3599,8610,27569,4197,5843,22683,3910,6508,24859,Day_1,Fair,Slow,2.5mm,Experiment_2
2025-10-23T00:31:36.759Z,2739,6929,24440,3603,8607,27575,4213,5849,22727,3918,6526,24921,Day_1,Fair,Slow,2.5mm,Experiment_2
2025-10-23T00:31:36.799Z,2738,6922,24446,3604,8601,27583,4228,5848,22731,3920,6527,24931,Day_1,Fair,Slow,2.5mm,Experiment_2
2025-10-23T00:31:36.839Z,2738,6922,24449,3603,8601,27587,4239,5843,22694,3922,6520,24906,Day_1,Fair,Slow,2.5mm,Experiment_2
2025-10-23T00:31:36.879Z,2738,6929,24444,3599,8610,27583,4249,5835,22668,3931,6518,24904,Day_1,Fair,Slow,2.5mm,Experiment_2
2025-10-23T00:31:36.919Z,2737,6937,24430,3597,8618,27575,4256,5832,22703,3943,6530,24965,Day_1,Fair,Slow,2.5mm,Experiment_2
2025-10-23T00:31:36.959Z,2735,6946,24420,3597,8624,27571,4255,5837,22774,3951,6552,25056,Day_1,Fair,Slow,2.5mm,Experiment_2
2025-10-23T00:31:36.999Z,2733,6952,24418,3598,8626,27571,4250,5846,22829,3958,6572,25121,Day_1,Fair,Slow,2.5mm,Experiment_2
2025-10-23T00:31:37.039Z,2733,6948,24416,3599,8620,27569,4250,5853,22849,3968,6584,25151,Day_1,Fair,Slow,2.5mm,Experiment_2
2025-10-23T00:31:37.079Z,2731,6941,24407,3596,8614,27563,4255,5857,22843,3979,6591,25166,Day_1,Fair,Slow,2.5mm,Experiment_2
2025-10-23T00:31:37.119Z,2729,6936,24398,3591,8608,27560,4261,5860,22826,3983,6594,25172,Day_1,Fair,Slow,2.5mm,Experiment_2
2025-10-23T00:31:37.159Z,2731,6931,24395,3590,8599,27562,4255,5859,22813,3978,6595,25166,Day_1,Fair,Slow,2.5mm,Experiment_2
2025-10-23T00:31:37.199Z,2737,6925,24400,3596,8592,27565,4233,5852,22785,3961,6583,25117,Day_1,Fair,Slow,2.5mm,Experiment_2
2025-10-23T00:31:37.239Z,2742,6924,24426,3604,8594,27572,4204,5833,22706,3929,6545,24973,Day_1,Fair,Slow,2.5mm,Experiment_2
2025-10-23T00:31:37.279Z,2743,6929,24474,3606,8602,27586,4182,5800,22566,3889,6477,24729,Day_1,Fair,Slow,2.5mm,Experiment_2
2025-10-23T00:31:37.319Z,2746,6935,24522,3608,8608,27601,4173,5773,22418,3860,6408,24477,Day_1,Fair,Slow,2.5mm,Experiment_2
2025-10-23T00:31:37.359Z,2753,6939,24542,3613,8611,27608,4176,5768,22343,3852,6373,24351,Day_1,Fair,Slow,2.5mm,Experiment_2
2025-10-23T00:31:37.399Z,2755,6941,24524,3614,8611,27602,4187,5776,22367,3858,6381,24393,Day_1,Fair,Slow,2.5mm,Experiment_2
2025-10-23T00:31:37.439Z,2746,6940,24487,3606,8609,27587,4197,5784,22449,3868,6413,24527,Day_1,Fair,Slow,2.5mm,Experiment_2
2025-10-23T00:31:37.479Z,2737,6935,24453,3600,8606,27574,4207,5792,22544,3882,6449,24669,Day_1,Fair,Slow,2.5mm,Experiment_2
2025-10-23T00:31:37.519Z,2734,6930,24435,3599,8604,27567,4222,5799,22628,3902,6479,24794,Day_1,Fair,Slow,2.5mm,Experiment_2
2025-10-23T00:31:37.559Z,2737,6927,24430,3601,8603,27565,4236,5808,22683,3920,6501,24892,Day_1,Fair,Slow,2.5mm,Experiment_2
2025-10-23T00:31:37.599Z,2743,6927,24433,3601,8604,27568,4241,5818,22693,3931,6512,24935,Day_1,Fair,Slow,2.5mm,Experiment_2
2025-10-23T00:31:37.639Z,2750,6931,24437,3603,8608,27569,4234,5818,22664,3930,6510,24916,Day_1,Fair,Slow,2.5mm,Experiment_2
2025-10-23T00:31:37.679Z,2759,6936,24434,3609,8612,27568,4225,5808,22639,3925,6508,24882,Day_1,Fair,Slow,2.5mm,Experiment_2
2025-10-23T00:31:37.719Z,2765,6937,24426,3613,8613,27563,4223,5805,22662,3926,6518,24905,Day_1,Fair,Slow,2.5mm,Experiment_2
2025-10-23T00:31:37.759Z,2762,6934,24416,3612,8609,27556,4225,5815,22728,3932,6538,24988,Day_1,Fair,Slow,2.5mm,Experiment_2
2025-10-23T00:31:37.799Z,2755,6927,24408,3607,8603,27551,4224,5829,22788,3936,6556,25069,Day_1,Fair,Slow,2.5mm,Experiment_2
2025-10-23T00:31:37.839Z,2747,6919,24401,3602,8595,27548,4223,5844,22820,3942,6569,25113,Day_1,Fair,Slow,2.5mm,Experiment_2
2025-10-23T00:31:37.879Z,2739,6915,24399,3596,8587,27551,4229,5858,22840,3955,6578,25136,Day_1,Fair,Slow,2.5mm,Experiment_2
2025-10-23T00:31:37.919Z,2733,6917,24406,3593,8584,27561,4240,5863,22848,3969,6583,25158,Day_1,Fair,Slow,2.5mm,Experiment_2
2025-10-23T00:31:37.959Z,2731,6924,24416,3596,8588,27573,4252,5861,22835,3977,6582,25178,Day_1,Fair,Slow,2.5mm,Experiment_2
2025-10-23T00:31:37.999Z,2731,6933,24420,3598,8600,27580,4266,5859,22806,3979,6577,25170,Day_1,Fair,Slow,2.5mm,Experiment_2
2025-10-23T00:31:38.039Z,2734,6940,24432,3599,8612,27585,4279,5855,22750,3972,6558,25095,Day_1,Fair,Slow,2.5mm,Experiment_2
2025-10-23T00:31:38.079Z,2739,6945,24463,3602,8618,27594,4281,5839,22637,3952,6516,24916,Day_1,Fair,Slow,2.5mm,Experiment_2
2025-10-23T00:31:38.119Z,2745,6951,24503,3607,8624,27602,4271,5814,22476,3924,6457,24655,Day_1,Fair,Slow,2.5mm,Experiment_2
2025-10-23T00:31:38.159Z,2749,6956,24527,3610,8630,27605,4254,5792,22334,3896,6406,24423,Day_1,Fair,Slow,2.5mm,Experiment_2
2025-10-23T00:31:38.199Z,2753,6956,24525,3613,8632,27604,4227,5779,22287,3872,6383,24336,Day_1,Fair,Slow,2.5mm,Experiment_2
2025-10-23T00:31:38.239Z,2759,6950,24509,3619,8628,27603,4202,5779,22343,3860,6392,24399,Day_1,Fair,Slow,2.5mm,Experiment_2
2025-10-23T00:31:38.279Z,2761,6940,24490,3621,8617,27603,4192,5800,22456,3866,6423,24542,Day_1,Fair,Slow,2.5mm,Experiment_2
2025-10-23T00:31:38.319Z,2756,6931,24467,3616,8607,27596,4196,5827,22571,3883,6461,24699,Day_1,Fair,Slow,2.5mm,Experiment_2
2025-10-23T00:31:38.359Z,2745,6929,24445,3608,8604,27587,4212,5841,22655,3906,6491,24829,Day_1,Fair,Slow,2.5mm,Experiment_2
2025-10-23T00:31:38.399Z,2738,6937,24431,3604,8610,27582,4233,5842,22690,3929,6511,24909,Day_1,Fair,Slow,2.5mm,Experiment_2
2025-10-23T00:31:38.439Z,2737,6945,24425,3604,8618,27579,4244,5834,22680,3940,6519,24930,Day_1,Fair,Slow,2.5mm,Experiment_2
2025-10-23T00:31:38.479Z,2741,6947,24427,3606,8620,27578,4243,5821,22651,3938,6514,24903,Day_1,Fair,Slow,2.5mm,Experiment_2
2025-10-23T00:31:38.519Z,2745,6948,24434,3608,8620,27579,4234,5812,22641,3929,6507,24879,Day_1,Fair,Slow,2.5mm,Experiment_2
2025-10-23T00:31:38.559Z,2748,6948,24439,3609,8617,27584,4225,5818,22674,3927,6515,24912,Day_1,Fair,Slow,2.5mm,Experiment_2
2025-10-23T00:31:38.599Z,2747,6940,24435,3608,8610,27587,4226,5832,22733,3933,6539,24988,Day_1,Fair,Slow,2.5mm,Experiment_2
2025-10-23T00:31:38.639Z,2742,6931,24421,3605,8603,27584,4234,5845,22786,3944,6563,25060,Day_1,Fair,Slow,2.5mm,Experiment_2
2025-10-23T00:31:38.679Z,2736,6924,24405,3602,8596,27575,4238,5856,22816,3951,6578,25113,Day_1,Fair,Slow,2.5mm,Experiment_2
2025-10-23T00:31:38.719Z,2734,6920,24397,3599,8588,27567,4236,5864,22825,3953,6583,25154,Day_1,Fair,Slow,2.5mm,Experiment_2
2025-10-23T00:31:38.759Z,2736,6921,24400,3598,8585,27563,4235,5869,22825,3950,6582,25182,Day_1,Fair,Slow,2.5mm,Experiment_2
2025-10-23T00:31:38.799Z,2743,6930,24407,3601,8592,27559,4241,5866,22825,3949,6576,25189,Day_1,Fair,Slow,2.5mm,Experiment_2
2025-10-23T00:31:38.839Z,2750,6941,24416,3606,8604,27561,4245,5853,22813,3947,6568,25161,Day_1,Fair,Slow,2.5mm,Experiment_2
2025-10-23T00:31:38.879Z,2750,6948,24432,3607,8615,27568,4237,5834,22749,3936,6548,25063,Day_1,Fair,Slow,2.5mm,Experiment_2
2025-10-23T00:31:38.919Z,2744,6949,24457,3602,8623,27581,4217,5807,22611,3909,6503,24855,Day_1,Fair,Slow,2.5mm,Experiment_2
2025-10-23T00:31:38.959Z,2739,6948,24491,3596,8629,27594,4191,5772,22436,3871,6436,24575,Day_1,Fair,Slow,2.5mm,Experiment_2
2025-10-23T00:31:38.999Z,2739,6949,24516,3593,8632,27601,4172,5741,22313,3843,6379,24359,Day_1,Fair,Slow,2.5mm,Experiment_2
2025-10-23T00:31:39.039Z,2742,6951,24516,3594,8635,27599,4175,5732,22290,3844,6363,24303,Day_1,Fair,Slow,2.5mm,Experiment_2
2025-10-23T00:31:39.079Z,2747,6953,24493,3600,8635,27589,4196,5746,22342,3865,6385,24381,Day_1,Fair,Slow,2.5mm,Experiment_2
2025-10-23T00:31:39.119Z,2748,6951,24461,3604,8628,27575,4212,5773,22436,3888,6427,24527,Day_1,Fair,Slow,2.5mm,Experiment_2
2025-10-23T00:31:39.159Z,2743,6948,24436,3602,8617,27565,4217,5802,22549,3905,6472,24693,Day_1,Fair,Slow,2.5mm,Experiment_2
2025-10-23T00:31:39.199Z,2739,6945,24426,3599,8609,27562,4222,5822,22648,3921,6506,24838,Day_1,Fair,Slow,2.5mm,Experiment_2
2025-10-23T00:31:39.239Z,2738,6942,24428,3598,8610,27564,4226,5829,22701,3931,6522,24922,Day_1,Fair,Slow,2.5mm,Experiment_2
2025-10-23T00:31:39.279Z,2739,6941,24433,3597,8615,27569,4218,5821,22700,3925,6519,24930,Day_1,Fair,Slow,2.5mm,Experiment_2
2025-10-23T00:31:39.319Z,2741,6939,24440,3597,8616,27574,4203,5807,22669,3909,6505,24892,Day_1,Fair,Slow,2.5mm,Experiment_2
2025-10-23T00:31:39.359Z,2745,6936,24442,3601,8611,27575,4195,5799,22656,3898,6497,24877,Day_1,Fair,Slow,2.5mm,Experiment_2
2025-10-23T00:31:39.399Z,2746,6929,24435,3603,8603,27573,4206,5809,22692,3906,6510,24929,Day_1,Fair,Slow,2.5mm,Experiment_2
2025-10-23T00:31:39.439Z,2744,6919,24425,3602,8594,27570,4228,5832,22764,3926,6538,25021,Day_1,Fair,Slow,2.5mm,Experiment_2
2025-10-23T00:31:39.479Z,2743,6911,24417,3602,8588,27567,4246,5855,22830,3945,6565,25094,Day_1,Fair,Slow,2.5mm,Experiment_2
2025-10-23T00:31:39.519Z,2743,6913,24413,3606,8591,27564,4253,5869,22866,3959,6582,25131,Day_1,Fair,Slow,2.5mm,Experiment_2
2025-10-23T00:31:39.559Z,2742,6926,24412,3608,8600,27564,4249,5869,22879,3965,6590,25153,Day_1,Fair,Slow,2.5mm,Experiment_2
2025-10-23T00:31:39.599Z,2743,6937,24412,3610,8608,27563,4239,5861,22877,3964,6592,25166,Day_1,Fair,Slow,2.5mm,Experiment_2
2025-10-23T00:31:39.639Z,2748,6939,24408,3610,8611,27560,4232,5859,22862,3959,6594,25150,Day_1,Fair,Slow,2.5mm,Experiment_2
2025-10-23T00:31:39.679Z,2750,6934,24405,3606,8609,27558,4229,5857,22831,3953,6590,25097,Day_1,Fair,Slow,2.5mm,Experiment_2
2025-10-23T00:31:39.719Z,2747,6928,24418,3600,8606,27563,4224,5839,22757,3936,6561,24987,Day_1,Fair,Slow,2.5mm,Experiment_2
2025-10-23T00:31:39.759Z,2745,6929,24448,3596,8606,27573,4207,5802,22611,3902,6495,24785,Day_1,Fair,Slow,2.5mm,Experiment_2
2025-10-23T00:31:39.800Z,2744,6934,24485,3593,8606,27582,4183,5763,22428,3863,6415,24522,Day_1,Fair,Slow,2.5mm,Experiment_2
2025-10-23T00:31:39.840Z,2743,6938,24512,3591,8604,27587,4168,5745,22304,3839,6361,24326,Day_1,Fair,Slow,2.5mm,Experiment_2
2025-10-23T00:31:39.880Z,2744,6937,24515,3593,8603,27590,4168,5756,22297,3839,6355,24299,Day_1,Fair,Slow,2.5mm,Experiment_2
2025-10-23T00:31:39.920Z,2747,6931,24499,3601,8604,27591,4173,5780,22378,3852,6386,24411,Day_1,Fair,Slow,2.5mm,Experiment_2
2025-10-23T00:31:39.960Z,2749,6925,24475,3608,8605,27591,4179,5804,22496,3868,6432,24582,Day_1,Fair,Slow,2.5mm,Experiment_2
2025-10-23T00:31:40Z,2748,6924,24456,3610,8603,27591,4189,5823,22609,3886,6476,24744,Day_1,Fair,Slow,2.5mm,Experiment_2
2025-10-23T00:31:40.040Z,2745,6931,24452,3607,8603,27593,4199,5831,22682,3901,6504,24857,Day_1,Fair,Slow,2.5mm,Experiment_2
2025-10-23T00:31:40.080Z,2741,6938,24455,3602,8605,27594,4205,5828,22704,3909,6515,24910,Day_1,Fair,Slow,2.5mm,Experiment_2
2025-10-23T00:31:40.120Z,2739,6941,24456,3599,8607,27591,4206,5817,22682,3913,6513,24910,Day_1,Fair,Slow,2.5mm,Experiment_2
2025-10-23T00:31:40.160Z,2740,6940,24449,3602,8607,27584,4205,5806,22646,3913,6508,24884,Day_1,Fair,Slow,2.5mm,Experiment_2
2025-10-23T00:31:40.200Z,2743,6936,24437,3607,8603,27573,4211,5806,22651,3916,6511,24895,Day_1,Fair,Slow,2.5mm,Experiment_2
2025-10-23T00:31:40.240Z,2744,6927,24423,3608,8595,27562,4232,5818,22718,3929,6526,24974,Day_1,Fair,Slow,2.5mm,Experiment_2
2025-10-23T00:31:40.280Z,2743,6919,24413,3607,8589,27555,4265,5835,22796,3949,6545,25070,Day_1,Fair,Slow,2.5mm,Experiment_2
2025-10-23T00:31:40.320Z,2745,6916,24407,3609,8584,27557,4286,5849,22838,3964,6563,25126,Day_1,Fair,Slow,2.5mm,Experiment_2
2025-10-23T00:31:40.360Z,2747,6918,24403,3613,8582,27562,4280,5852,22850,3967,6577,25151,Day_1,Fair,Slow,2.5mm,Experiment_2
