time,Unpolarized_A_Green,Unpolarized_A_Red,Unpolarized_A_IR,Unpolarized_B_Green,Unpolarized_B_Red,Unpolarized_B_IR,Co-Polarized_Green,Co-Polarized_Red,Co-Polarized_IR,Cross-Polarized_Green,Cross-Polarized_Red,Cross-Polarized_IR,Day,SkinTone,Speed,Depth,Experiment
2025-10-23T02:00:52.011Z,118,1151,3345,459,1547,4672,4168,3992,14867,2412,2651,10491,Day_1,Medium,Slow,3.75mm,Experiment_2
2025-10-23T02:00:52.051Z,127,1154,3347,469,1548,4673,4174,3996,14855,2417,2654,10488,Day_1,Medium,Slow,3.75mm,Experiment_2
2025-10-23T02:00:52.091Z,134,1162,3344,477,1557,4671,4101,3994,14843,2401,2657,10482,Day_1,Medium,Slow,3.75mm,Experiment_2
2025-10-23T02:00:52.131Z,135,1171,3347,477,1569,4674,3962,3999,14840,2371,2665,10476,Day_1,Medium,Slow,3.75mm,Experiment_2
2025-10-23T02:00:52.171Z,134,1179,3354,475,1579,4680,3863,4003,14845,2355,2670,10474,Day_1,Medium,Slow,3.75mm,Experiment_2
2025-10-23T02:03:31.893Z,135,1184,3360,475,1583,4682,3906,3998,14858,2374,2669,10477,Day_1,Medium,Slow,3.75mm,Experiment_2
2025-10-23T02:03:31.933Z,134,1180,3362,473,1578,4681,4064,3988,14871,2417,2665,10484,Day_1,Medium,Slow,3.75mm,Experiment_2
2025-10-23T02:03:31.973Z,128,1169,3357,467,1568,4677,4254,3976,14876,2462,2658,10487,Day_1,Medium,Slow,3.75mm,Experiment_2
2025-10-23T02:03:32.013Z,122,1162,3349,462,1563,4670,4486,3971,14876,2497,2654,10485,Day_1,Medium,Slow,3.75mm,Experiment_2
2025-10-23T02:03:32.053Z,125,1165,3346,465,1566,4667,4866,3979,14877,2522,2655,10483,Day_1,Medium,Slow,3.75mm,Experiment_2
2025-10-23T02:03:32.093Z,135,1172,3350,473,1571,4672,5258,3986,14875,2529,2656,10482,Day_1,Medium,Slow,3.75mm,Experiment_2
2025-10-23T02:03:32.133Z,147,1175,3356,481,1573,4677,5297,3980,14862,2502,2650,10473,Day_1,Medium,Slow,3.75mm,Experiment_2
2025-10-23T02:03:32.173Z,153,1175,3355,483,1571,4662,4975,3949,14814,2462,2635,10416,Day_1,Medium,Slow,3.75mm,Experiment_2
2025-10-23T02:03:32.213Z,149,1172,3323,475,1561,4580,4556,3858,14652,2414,2589,10192,Day_1,Medium,Slow,3.75mm,Experiment_2
2025-10-23T02:03:32.253Z,135,1160,3238,456,1532,4382,4120,3657,14285,2327,2484,9679,Day_1,Medium,Slow,3.75mm,Experiment_2
2025-10-23T02:03:32.293Z,119,1139,3128,434,1490,4123,3713,3401,13803,2219,2351,9001,Day_1,Medium,Slow,3.75mm,Experiment_2
2025-10-23T02:03:32.333Z,109,1121,3048,422,1456,3931,3452,3233,13447,2142,2268,8492,Day_1,Medium,Slow,3.75mm,Experiment_2
2025-10-23T02:03:32.373Z,108,1113,3014,420,1441,3851,3348,3183,13299,2110,2249,8272,Day_1,Medium,Slow,3.75mm,Experiment_2
2025-10-23T02:03:32.413Z,109,1114,3008,420,1438,3835,3322,3174,13257,2101,2248,8211,Day_1,Medium,Slow,3.75mm,Experiment_2
2025-10-23T02:03:32.453Z,112,1118,3014,420,1438,3841,3316,3158,13248,2099,2240,8197,Day_1,Medium,Slow,3.75mm,Experiment_2
2025-10-23T02:03:32.493Z,113,1120,3025,422,1438,3853,3309,3143,13255,2096,2229,8196,Day_1,Medium,Slow,3.75mm,Experiment_2
2025-10-23T02:03:32.533Z,112,1120,3030,423,1436,3860,3302,3139,13258,2090,2225,8197,Day_1,Medium,Slow,3.75mm,Experiment_2
2025-10-23T02:03:32.573Z,111,1120,3025,424,1435,3855,3304,3144,13242,2086,2225,8191,Day_1,Medium,Slow,3.75mm,Experiment_2
2025-10-23T02:03:32.613Z,115,1116,3014,426,1429,3843,3305,3156,13218,2085,2231,8185,Day_1,Medium,Slow,3.75mm,Experiment_2
2025-10-23T02:03:32.653Z,119,1112,3006,428,1424,3834,3291,3173,13207,2083,2239,8188,Day_1,Medium,Slow,3.75mm,Experiment_2
2025-10-23T02:03:32.693Z,116,1115,3006,426,1427,3832,3282,3182,13206,2085,2244,8193,Day_1,Medium,Slow,3.75mm,Experiment_2
2025-10-23T02:03:32.733Z,109,1120,3013,419,1434,3838,3297,3191,13200,2096,2249,8192,Day_1,Medium,Slow,3.75mm,Experiment_2
2025-10-23T02:03:32.773Z,100,1121,3020,412,1436,3845,3318,3201,13194,2106,2255,8188,Day_1,Medium,Slow,3.75mm,Experiment_2
2025-10-23T02:03:32.813Z,92,1116,3022,405,1433,3848,3328,3193,13190,2109,2250,8183,Day_1,Medium,Slow,3.75mm,Experiment_2
2025-10-23T02:03:32.853Z,84,1110,3017,398,1430,3845,3327,3161,13187,2111,2234,8181,Day_1,Medium,Slow,3.75mm,Experiment_2
2025-10-23T02:03:32.893Z,79,1108,3010,392,1430,3840,3322,3138,13191,2111,2220,8185,Day_1,Medium,Slow,3.75mm,Experiment_2
2025-10-23T02:03:32.933Z,78,1112,3004,390,1432,3836,3316,3150,13206,2110,2220,8191,Day_1,Medium,Slow,3.75mm,Experiment_2
2025-10-23T02:03:32.973Z,83,1114,3001,395,1432,3831,3315,3180,13225,2107,2229,8192,Day_1,Medium,Slow,3.75mm,Experiment_2
2025-10-23T02:03:33.013Z,92,1111,3001,403,1430,3828,3324,3194,13241,2107,2236,8191,Day_1,Medium,Slow,3.75mm,Experiment_2
2025-10-23T02:03:33.053Z,100,1108,3005,411,1430,3829,3335,3187,13244,2109,2237,8189,Day_1,Medium,Slow,3.75mm,Experiment_2
2025-10-23T02:03:33.093Z,107,1105,3005,413,1429,3828,3340,3171,13231,2111,2235,8187,Day_1,Medium,Slow,3.75mm,Experiment_2
2025-10-23T02:03:33.133Z,108,1100,3003,413,1422,3826,3353,3152,13217,2118,2229,8187,Day_1,Medium,Slow,3.75mm,Experiment_2
2025-10-23T02:03:33.173Z,105,1096,3011,412,1415,3830,3370,3141,13212,2124,2224,8188,Day_1,Medium,Slow,3.75mm,Experiment_2
2025-10-23T02:03:33.213Z,100,1098,3026,412,1413,3840,3371,3141,13216,2121,2225,8191,Day_1,Medium,Slow,3.75mm,Experiment_2
2025-10-23T02:03:33.253Z,98,1104,3033,410,1417,3845,3356,3152,13221,2112,2229,8196,Day_1,Medium,Slow,3.75mm,Experiment_2
2025-10-23T02:03:33.293Z,94,1110,3023,405,1425,3842,3346,3165,13217,2107,2236,8200,Day_1,Medium,Slow,3.75mm,Experiment_2
2025-10-23T02:03:33.334Z,90,1118,3011,400,1435,3840,3339,3172,13196,2107,2240,8196,Day_1,Medium,Slow,3.75mm,Experiment_2
2025-10-23T02:03:33.374Z,89,1125,3010,399,1442,3845,3320,3169,13181,2103,2242,8185,Day_1,Medium,Slow,3.75mm,Experiment_2
2025-10-23T02:03:33.414Z,92,1127,3016,401,1441,3848,3299,3163,13196,2092,2245,8181,Day_1,Medium,Slow,3.75mm,Experiment_2
2025-10-23T02:03:33.454Z,100,1122,3015,407,1433,3841,3305,3160,13225,2090,2248,8184,Day_1,Medium,Slow,3.75mm,Experiment_2
2025-10-23T02:03:33.494Z,108,1113,3004,414,1423,3828,3339,3160,13233,2104,2250,8187,Day_1,Medium,Slow,3.75mm,Experiment_2
2025-10-23T02:03:33.534Z,111,1103,2995,416,1415,3822,3366,3163,13214,2119,2249,8185,Day_1,Medium,Slow,3.75mm,Experiment_2
2025-10-23T02:03:33.574Z,104,1099,2993,411,1413,3823,3365,3166,13191,2120,2243,8178,Day_1,Medium,Slow,3.75mm,Experiment_2
2025-10-23T02:03:33.614Z,93,1101,2995,403,1417,3826,3352,3163,13188,2114,2237,8176,Day_1,Medium,Slow,3.75mm,Experiment_2
2025-10-23T02:03:33.654Z,87,1103,2996,397,1420,3827,3350,3157,13207,2111,2235,8184,Day_1,Medium,Slow,3.75mm,Experiment_2
2025-10-23T02:03:33.693Z,87,1103,2996,394,1421,3826,3355,3162,13222,2113,2241,8190,Day_1,Medium,Slow,3.75mm,Experiment_2
2025-10-23T02:03:33.733Z,88,1106,2994,393,1425,3822,3359,3182,13225,2116,2256,8189,Day_1,Medium,Slow,3.75mm,Experiment_2
2025-10-23T02:03:33.773Z,87,1111,2988,395,1432,3814,3355,3205,13226,2117,2268,8186,Day_1,Medium,Slow,3.75mm,Experiment_2
2025-10-23T02:03:33.813Z,86,1115,2983,398,1435,3807,3346,3214,13226,2115,2268,8187,Day_1,Medium,Slow,3.75mm,Experiment_2
2025-10-23T02:03:33.853Z,86,1118,2984,401,1435,3809,3342,3207,13226,2112,2258,8188,Day_1,Medium,Slow,3.75mm,Experiment_2
2025-10-23T02:03:33.893Z,90,1116,2990,404,1430,3816,3349,3200,13228,2114,2252,8189,Day_1,Medium,Slow,3.75mm,Experiment_2
2025-10-23T02:03:33.933Z,94,1108,2994,402,1422,3822,3364,3212,13222,2120,2254,8187,Day_1,Medium,Slow,3.75mm,Experiment_2
2025-10-23T02:03:33.973Z,96,1101,2994,399,1418,3823,3371,3240,13206,2124,2261,8185,Day_1,Medium,Slow,3.75mm,Experiment_2
2025-10-23T02:03:34.013Z,99,1102,2994,401,1421,3822,3362,3260,13193,2120,2259,8186,Day_1,Medium,Slow,3.75mm,Experiment_2
2025-10-23T02:03:34.053Z,101,1107,2996,404,1424,3821,3343,3253,13187,2108,2251,8186,Day_1,Medium,Slow,3.75mm,Experiment_2
2025-10-23T02:03:34.093Z,102,1110,2998,407,1423,3823,3329,3224,13185,2097,2248,8185,Day_1,Medium,Slow,3.75mm,Experiment_2
2025-10-23T02:03:34.133Z,104,1109,2998,408,1420,3824,3327,3194,13189,2094,2250,8185,Day_1,Medium,Slow,3.75mm,Experiment_2
2025-10-23T02:03:34.173Z,106,1109,2999,410,1419,3824,3334,3171,13194,2099,2249,8186,Day_1,Medium,Slow,3.75mm,Experiment_2
2025-10-23T02:03:34.213Z,107,1113,3000,411,1426,3823,3346,3147,13201,2110,2241,8188,Day_1,Medium,Slow,3.75mm,Experiment_2
2025-10-23T02:03:34.253Z,109,1119,3002,414,1432,3822,3352,3121,13216,2116,2232,8195,Day_1,Medium,Slow,3.75mm,Experiment_2
2025-10-23T02:03:34.293Z,109,1126,3002,417,1437,3824,3345,3103,13241,2113,2224,8205,Day_1,Medium,Slow,3.75mm,Experiment_2
2025-10-23T02:03:34.333Z,109,1134,3000,420,1445,3826,3337,3108,13263,2108,2224,8213,Day_1,Medium,Slow,3.75mm,Experiment_2
2025-10-23T02:03:34.373Z,109,1140,3002,422,1454,3829,3338,3152,13276,2107,2238,8217,Day_1,Medium,Slow,3.75mm,Experiment_2
2025-10-23T02:03:34.414Z,110,1135,3010,421,1454,3836,3339,3223,13276,2106,2257,8216,Day_1,Medium,Slow,3.75mm,Experiment_2
2025-10-23T02:03:34.454Z,110,1122,3022,419,1444,3844,3332,3276,13258,2101,2258,8207,Day_1,Medium,Slow,3.75mm,Experiment_2
2025-10-23T02:03:34.494Z,107,1111,3027,415,1434,3848,3312,3274,13231,2090,2242,8195,Day_1,Medium,Slow,3.75mm,Experiment_2
2025-10-23T02:03:34.534Z,102,1108,3024,409,1431,3846,3288,3223,13208,2078,2229,8184,Day_1,Medium,Slow,3.75mm,Experiment_2
2025-10-23T02:03:34.574Z,97,1110,3015,405,1434,3839,3276,3175,13194,2073,2229,8177,Day_1,Medium,Slow,3.75mm,Experiment_2
2025-10-23T02:03:34.614Z,96,1113,3005,404,1435,3829,3283,3161,13195,2079,2236,8179,Day_1,Medium,Slow,3.75mm,Experiment_2
2025-10-23T02:03:34.654Z,97,1116,2999,405,1433,3821,3297,3170,13220,2086,2240,8192,Day_1,Medium,Slow,3.75mm,Experiment_2
2025-10-23T02:03:34.694Z,101,1116,2999,407,1428,3820,3312,3177,13249,2096,2238,8201,Day_1,Medium,Slow,3.75mm,Experiment_2
2025-10-23T02:03:34.734Z,105,1115,3003,409,1427,3826,3328,3176,13258,2106,2237,8200,Day_1,Medium,Slow,3.75mm,Experiment_2
2025-10-23T02:03:34.774Z,106,1121,3011,411,1432,3832,3340,3169,13249,2111,2242,8195,Day_1,Medium,Slow,3.75mm,Experiment_2
2025-10-23T02:03:34.814Z,103,1126,3014,409,1437,3833,3346,3166,13234,2113,2251,8193,Day_1,Medium,Slow,3.75mm,Experiment_2
2025-10-23T02:03:34.854Z,96,1121,3010,402,1435,3831,3350,3181,13221,2116,2262,8195,Day_1,Medium,Slow,3.75mm,Experiment_2
2025-10-23T02:03:34.894Z,88,1114,3007,394,1430,3830,3353,3208,13219,2118,2272,8197,Day_1,Medium,Slow,3.75mm,Experiment_2
2025-10-23T02:03:34.934Z,85,1112,3006,392,1429,3834,3352,3221,13210,2119,2274,8192,Day_1,Medium,Slow,3.75mm,Experiment_2
2025-10-23T02:03:34.974Z,86,1117,3009,397,1435,3840,3340,3206,13189,2113,2264,8180,Day_1,Medium,Slow,3.75mm,Experiment_2
2025-10-23T02:03:35.014Z,92,1122,3016,405,1441,3848,3322,3175,13174,2105,2248,8171,Day_1,Medium,Slow,3.75mm,Experiment_2
2025-10-23T02:03:35.054Z,102,1125,3021,413,1443,3850,3316,3151,13175,2101,2235,8172,Day_1,Medium,Slow,3.75mm,Experiment_2
2025-10-23T02:03:35.094Z,107,1126,3013,416,1440,3841,3324,3155,13185,2102,2235,8180,Day_1,Medium,Slow,3.75mm,Experiment_2
2025-10-23T02:03:35.134Z,103,1123,3000,410,1435,3829,3332,3184,13195,2104,2246,8187,Day_1,Medium,Slow,3.75mm,Experiment_2
2025-10-23T02:03:35.174Z,96,1119,2996,402,1432,3824,3333,3210,13199,2104,2256,8188,Day_1,Medium,Slow,3.75mm,Experiment_2
2025-10-23T02:03:35.214Z,95,1118,3003,401,1433,3829,3326,3217,13202,2099,2257,8186,Day_1,Medium,Slow,3.75mm,Experiment_2
2025-10-23T02:03:35.254Z,101,1119,3010,405,1437,3837,3322,3212,13207,2094,2254,8187,Day_1,Medium,Slow,3.75mm,Experiment_2
2025-10-23T02:03:35.294Z,103,1120,3012,407,1440,3838,3326,3204,13213,2095,2252,8189,Day_1,Medium,Slow,3.75mm,Experiment_2
2025-10-23T02:03:35.334Z,97,1120,3010,403,1439,3834,3335,3199,13220,2102,2250,8191,Day_1,Medium,Slow,3.75mm,Experiment_2
2025-10-23T02:03:35.374Z,90,1116,3005,400,1434,3831,3339,3197,13224,2107,2248,8193,Day_1,Medium,Slow,3.75mm,Experiment_2
2025-10-23T02:03:35.414Z,91,1111,3004,403,1429,3831,3335,3192,13226,2107,2245,8196,Day_1,Medium,Slow,3.75mm,Experiment_2
2025-10-23T02:03:35.454Z,95,1109,3006,409,1428,3833,3332,3177,13223,2107,2239,8195,Day_1,Medium,Slow,3.75mm,Experiment_2
2025-10-23T02:03:35.494Z,93,1111,3007,412,1430,3832,3335,3155,13222,2110,2232,8193,Day_1,Medium,Slow,3.75mm,Experiment_2
2025-10-23T02:03:35.534Z,89,1113,3009,412,1433,3830,3344,3132,13231,2114,2227,8195,Day_1,Medium,Slow,3.75mm,Experiment_2
2025-10-23T02:03:35.574Z,92,1113,3016,414,1434,3833,3358,3113,13237,2118,2223,8197,Day_1,Medium,Slow,3.75mm,Experiment_2
2025-10-23T02:03:35.614Z,104,1113,3023,420,1435,3838,3364,3107,13231,2119,2224,8198,Day_1,Medium,Slow,3.75mm,Experiment_2
2025-10-23T02:03:35.654Z,113,1115,3021,423,1436,3838,3350,3122,13221,2114,2233,8197,Day_1,Medium,Slow,3.75mm,Experiment_2
2025-10-23T02:03:35.694Z,111,1120,3012,418,1439,3833,3320,3152,13222,2108,2246,8196,Day_1,Medium,Slow,3.75mm,Experiment_2
2025-10-23T02:03:35.734Z,104,1126,3003,411,1442,3827,3294,3182,13233,2111,2258,8193,Day_1,Medium,Slow,3.75mm,Experiment_2
2025-10-23T02:03:35.774Z,103,1131,3001,409,1447,3827,3288,3199,13241,2117,2260,8189,Day_1,Medium,Slow,3.75mm,Experiment_2
2025-10-23T02:03:35.814Z,107,1135,3004,411,1450,3832,3300,3193,13232,2114,2254,8185,Day_1,Medium,Slow,3.75mm,Experiment_2
2025-10-23T02:03:35.854Z,109,1136,3006,413,1450,3838,3313,3171,13211,2105,2243,8181,Day_1,Medium,Slow,3.75mm,Experiment_2
2025-10-23T02:03:35.894Z,108,1136,3006,412,1450,3841,3324,3148,13198,2101,2233,8177,Day_1,Medium,Slow,3.75mm,Experiment_2
2025-10-23T02:03:35.934Z,111,1140,3006,417,1455,3840,3335,3142,13198,2103,2230,8173,Day_1,Medium,Slow,3.75mm,Experiment_2
2025-10-23T02:03:35.974Z,118,1143,3011,427,1462,3840,3343,3152,13196,2107,2233,8170,Day_1,Medium,Slow,3.75mm,Experiment_2
2025-10-23T02:03:36.014Z,125,1142,3018,434,1463,3842,3347,3162,13195,2109,2237,8171,Day_1,Medium,Slow,3.75mm,Experiment_2
2025-10-23T02:03:36.054Z,128,1135,3025,433,1456,3844,3346,3161,13194,2109,2235,8173,Day_1,Medium,Slow,3.75mm,Experiment_2
2025-10-23T02:03:36.094Z,127,1129,3029,430,1447,3845,3343,3155,13188,2107,2232,8170,Day_1,Medium,Slow,3.75mm,Experiment_2
2025-10-23T02:03:36.134Z,126,1125,3028,429,1440,3845,3340,3148,13186,2105,2229,8169,Day_1,Medium,Slow,3.75mm,Experiment_2
2025-10-23T02:03:36.174Z,121,1121,3026,426,1436,3847,3336,3144,13191,2102,2231,8173,Day_1,Medium,Slow,3.75mm,Experiment_2
2025-10-23T02:03:36.214Z,108,1116,3025,417,1430,3850,3329,3147,13198,2099,2235,8179,Day_1,Medium,Slow,3.75mm,Experiment_2
2025-10-23T02:03:36.254Z,94,1114,3021,404,1427,3849,3323,3156,13211,2098,2239,8184,Day_1,Medium,Slow,3.75mm,Experiment_2
2025-10-23T02:03:36.294Z,87,1119,3017,397,1432,3845,3333,3169,13229,2103,2243,8190,Day_1,Medium,Slow,3.75mm,Experiment_2
2025-10-23T02:03:36.334Z,84,1125,3014,395,1440,3841,3352,3183,13245,2112,2247,8194,Day_1,Medium,Slow,3.75mm,Experiment_2
2025-10-23T02:03:36.374Z,81,1128,3011,395,1444,3835,3362,3191,13251,2117,2251,8197,Day_1,Medium,Slow,3.75mm,Experiment_2
2025-10-23T02:03:36.414Z,74,1133,3008,391,1447,3830,3359,3190,13251,2118,2250,8200,Day_1,Medium,Slow,3.75mm,Experiment_2
2025-10-23T02:03:36.454Z,73,1138,3009,388,1450,3828,3342,3176,13254,2111,2243,8206,Day_1,Medium,Slow,3.75mm,Experiment_2
2025-10-23T02:03:36.494Z,81,1139,3009,392,1449,3828,3318,3155,13262,2097,2233,8210,Day_1,Medium,Slow,3.75mm,Experiment_2
2025-10-23T02:03:36.534Z,94,1130,3004,402,1441,3829,3306,3137,13261,2086,2227,8209,Day_1,Medium,Slow,3.75mm,Experiment_2
2025-10-23T02:03:36.574Z,106,1117,3001,412,1430,3831,3313,3135,13244,2085,2227,8201,Day_1,Medium,Slow,3.75mm,Experiment_2
2025-10-23T02:03:36.614Z,116,1112,3004,419,1424,3835,3330,3154,13219,2092,2234,8191,Day_1,Medium,Slow,3.75mm,Experiment_2
2025-10-23T02:03:36.654Z,124,1114,3009,423,1428,3837,3347,3178,13197,2102,2238,8180,Day_1,Medium,Slow,3.75mm,Experiment_2
2025-10-23T02:03:36.694Z,125,1120,3009,423,1436,3835,3359,3193,13187,2110,2242,8176,Day_1,Medium,Slow,3.75mm,Experiment_2
2025-10-23T02:03:36.734Z,124,1126,3006,422,1444,3831,3364,3201,13199,2114,2251,8182,Day_1,Medium,Slow,3.75mm,Experiment_2
2025-10-23T02:03:36.774Z,125,1130,3003,426,1450,3829,3366,3205,13228,2117,2258,8192,Day_1,Medium,Slow,3.75mm,Experiment_2
2025-10-23T02:03:36.814Z,127,1130,3002,429,1450,3829,3363,3201,13258,2119,2257,8198,Day_1,Medium,Slow,3.75mm,Experiment_2
2025-10-23T02:03:36.854Z,126,1129,3002,427,1447,3830,3352,3190,13272,2118,2248,8197,Day_1,Medium,Slow,3.75mm,Experiment_2
2025-10-23T02:03:36.894Z,122,1127,3004,421,1445,3832,3337,3180,13265,2112,2241,8194,Day_1,Medium,Slow,3.75mm,Experiment_2
2025-10-23T02:03:36.934Z,116,1125,3008,414,1443,3833,3330,3174,13250,2109,2239,8192,Day_1,Medium,Slow,3.75mm,Experiment_2
2025-10-23T02:03:36.974Z,106,1123,3010,405,1443,3834,3343,3165,13237,2114,2239,8190,Day_1,Medium,Slow,3.75mm,Experiment_2
2025-10-23T02:03:37.014Z,97,1125,3008,397,1445,3833,3365,3154,13232,2123,2235,8189,Day_1,Medium,Slow,3.75mm,Experiment_2
2025-10-23T02:03:37.054Z,92,1129,3006,393,1448,3832,3370,3147,13233,2125,2230,8189,Day_1,Medium,Slow,3.75mm,Experiment_2
2025-10-23T02:03:37.094Z,95,1130,3010,397,1447,3835,3360,3152,13231,2118,2229,8190,Day_1,Medium,Slow,3.75mm,Experiment_2
2025-10-23T02:03:37.134Z,103,1125,3018,406,1442,3840,3351,3167,13223,2111,2236,8190,Day_1,Medium,Slow,3.75mm,Experiment_2
2025-10-23T02:03:37.174Z,109,1124,3021,412,1443,3841,3353,3185,13220,2110,2245,8190,Day_1,Medium,Slow,3.75mm,Experiment_2
2025-10-23T02:03:37.214Z,111,1129,3016,415,1450,3837,3365,3199,13227,2115,2251,8191,Day_1,Medium,Slow,3.75mm,Experiment_2
2025-10-23T02:03:37.254Z,114,1135,3011,418,1458,3833,3371,3206,13233,2118,2255,8191,Day_1,Medium,Slow,3.75mm,Experiment_2
2025-10-23T02:03:37.294Z,119,1138,3008,422,1460,3831,3368,3208,13234,2118,2261,8188,Day_1,Medium,Slow,3.75mm,Experiment_2
2025-10-23T02:03:37.334Z,120,1132,3008,424,1454,3831,3363,3211,13241,2116,2268,8188,Day_1,Medium,Slow,3.75mm,Experiment_2
2025-10-23T02:03:37.374Z,116,1120,3010,421,1441,3835,3361,3215,13246,2113,2274,8190,Day_1,Medium,Slow,3.75mm,Experiment_2
2025-10-23T02:03:37.414Z,110,1112,3013,415,1432,3841,3360,3212,13239,2112,2272,8190,Day_1,Medium,Slow,3.75mm,Experiment_2
2025-10-23T02:03:37.454Z,104,1110,3015,408,1429,3846,3360,3198,13226,2114,2262,8189,Day_1,Medium,Slow,3.75mm,Experiment_2
2025-10-23T02:03:37.494Z,98,1110,3011,402,1429,3844,3359,3188,13218,2120,2255,8194,Day_1,Medium,Slow,3.75mm,Experiment_2
2025-10-23T02:03:37.534Z,94,1111,3002,400,1430,3834,3353,3191,13217,2121,2257,8200,Day_1,Medium,Slow,3.75mm,Experiment_2
2025-10-23T02:03:37.574Z,95,1117,2997,402,1434,3826,3345,3198,13216,2119,2262,8202,Day_1,Medium,Slow,3.75mm,Experiment_2
2025-10-23T02:03:37.614Z,101,1124,3003,406,1442,3828,3349,3193,13211,2122,2260,8199,Day_1,Medium,Slow,3.75mm,Experiment_2
2025-10-23T02:03:37.655Z,109,1129,3014,412,1448,3837,3366,3176,13205,2133,2248,8195,Day_1,Medium,Slow,3.75mm,Experiment_2
2025-10-23T02:03:37.695Z,113,1130,3018,417,1451,3841,3388,3152,13202,2144,2228,8190,Day_1,Medium,Slow,3.75mm,Experiment_2
2025-10-23T02:03:37.735Z,112,1128,3016,418,1451,3840,3406,3133,13210,2148,2216,8187,Day_1,Medium,Slow,3.75mm,Experiment_2
2025-10-23T02:03:37.775Z,111,1125,3015,417,1448,3839,3409,3137,13225,2145,2222,8188,Day_1,Medium,Slow,3.75mm,Experiment_2
2025-10-23T02:03:37.815Z,112,1123,3017,414,1445,3839,3393,3164,13245,2135,2243,8192,Day_1,Medium,Slow,3.75mm,Experiment_2
2025-10-23T02:03:37.855Z,109,1124,3022,410,1442,3844,3372,3195,13268,2123,2261,8198,Day_1,Medium,Slow,3.75mm,Experiment_2
2025-10-23T02:03:37.895Z,105,1127,3031,406,1442,3851,3356,3210,13286,2112,2267,8205,Day_1,Medium,Slow,3.75mm,Experiment_2
2025-10-23T02:03:37.935Z,103,1127,3035,405,1443,3852,3349,3209,13293,2105,2266,8210,Day_1,Medium,Slow,3.75mm,Experiment_2
2025-10-23T02:03:37.975Z,104,1125,3025,406,1442,3842,3352,3209,13283,2105,2268,8208,Day_1,Medium,Slow,3.75mm,Experiment_2
2025-10-23T02:03:38.014Z,104,1119,3007,406,1437,3830,3356,3215,13262,2110,2270,8201,Day_1,Medium,Slow,3.75mm,Experiment_2
2025-10-23T02:03:38.054Z,104,1111,2995,405,1431,3824,3351,3218,13249,2111,2267,8196,Day_1,Medium,Slow,3.75mm,Experiment_2
2025-10-23T02:03:38.094Z,107,1105,2994,407,1426,3824,3345,3212,13241,2109,2264,8194,Day_1,Medium,Slow,3.75mm,Experiment_2
2025-10-23T02:03:38.134Z,112,1103,2997,411,1424,3825,3339,3207,13231,2104,2267,8193,Day_1,Medium,Slow,3.75mm,Experiment_2
2025-10-23T02:03:38.174Z,110,1103,2999,415,1425,3825,3328,3210,13223,2099,2273,8191,Day_1,Medium,Slow,3.75mm,Experiment_2
2025-10-23T02:03:38.214Z,101,1103,3001,410,1425,3827,3317,3212,13226,2099,2273,8192,Day_1,Medium,Slow,3.75mm,Experiment_2
2025-10-23T02:03:38.254Z,93,1102,3002,403,1424,3832,3321,3206,13240,2105,2265,8196,Day_1,Medium,Slow,3.75mm,Experiment_2
2025-10-23T02:03:38.294Z,94,1105,3003,402,1426,3834,3340,3191,13250,2116,2254,8204,Day_1,Medium,Slow,3.75mm,Experiment_2
2025-10-23T02:03:38.334Z,98,1112,3005,408,1435,3836,3355,3171,13241,2124,2244,8206,Day_1,Medium,Slow,3.75mm,Experiment_2
2025-10-23T02:03:38.375Z,100,1118,3010,412,1444,3839,3359,3152,13219,2125,2239,8202,Day_1,Medium,Slow,3.75mm,Experiment_2
2025-10-23T02:03:38.415Z,96,1122,3007,408,1449,3837,3363,3139,13205,2125,2236,8196,Day_1,Medium,Slow,3.75mm,Experiment_2
2025-10-23T02:03:38.455Z,91,1122,2997,401,1448,3829,3369,3138,13209,2128,2237,8192,Day_1,Medium,Slow,3.75mm,Experiment_2
2025-10-23T02:03:38.495Z,93,1118,2991,402,1442,3824,3369,3156,13225,2129,2247,8190,Day_1,Medium,Slow,3.75mm,Experiment_2
2025-10-23T02:03:38.535Z,101,1112,2994,410,1434,3827,3360,3188,13238,2125,2264,8191,Day_1,Medium,Slow,3.75mm,Experiment_2
2025-10-23T02:03:38.575Z,107,1110,2999,416,1431,3830,3351,3212,13233,2120,2275,8193,Day_1,Medium,Slow,3.75mm,Experiment_2
2025-10-23T02:03:38.615Z,108,1116,3000,418,1434,3827,3353,3221,13224,2119,2274,8195,Day_1,Medium,Slow,3.75mm,Experiment_2
2025-10-23T02:03:38.655Z,107,1124,3002,416,1440,3823,3371,3216,13227,2123,2268,8197,Day_1,Medium,Slow,3.75mm,Experiment_2
2025-10-23T02:03:38.695Z,107,1131,3004,414,1446,3824,3394,3210,13235,2129,2266,8196,Day_1,Medium,Slow,3.75mm,Experiment_2
2025-10-23T02:03:38.735Z,107,1134,3003,413,1449,3825,3413,3207,13237,2135,2268,8195,Day_1,Medium,Slow,3.75mm,Experiment_2
2025-10-23T02:03:38.775Z,107,1129,2996,411,1447,3820,3419,3200,13238,2138,2265,8195,Day_1,Medium,Slow,3.75mm,Experiment_2
2025-10-23T02:03:38.815Z,109,1121,2987,411,1438,3814,3410,3186,13241,2137,2254,8194,Day_1,Medium,Slow,3.75mm,Experiment_2
2025-10-23T02:03:38.855Z,114,1115,2987,415,1432,3814,3400,3183,13241,2136,2247,8192,Day_1,Medium,Slow,3.75mm,Experiment_2
2025-10-23T02:03:38.895Z,114,1115,2994,417,1432,3819,3402,3197,13238,2138,2249,8190,Day_1,Medium,Slow,3.75mm,Experiment_2
2025-10-23T02:03:38.935Z,108,1117,3003,414,1433,3825,3407,3205,13235,2140,2251,8188,Day_1,Medium,Slow,3.75mm,Experiment_2
2025-10-23T02:03:38.975Z,104,1114,3008,412,1429,3828,3406,3190,13239,2137,2248,8189,Day_1,Medium,Slow,3.75mm,Experiment_2
2025-10-23T02:03:39.015Z,106,1107,3006,415,1423,3827,3396,3169,13248,2130,2246,8193,Day_1,Medium,Slow,3.75mm,Experiment_2
2025-10-23T02:03:39.055Z,109,1105,2998,419,1424,3822,3370,3163,13249,2120,2247,8197,Day_1,Medium,Slow,3.75mm,Experiment_2
2025-10-23T02:03:39.095Z,110,1109,2990,417,1432,3817,3337,3165,13238,2108,2242,8197,Day_1,Medium,Slow,3.75mm,Experiment_2
2025-10-23T02:03:39.135Z,111,1116,2990,415,1440,3818,3317,3168,13223,2099,2234,8194,Day_1,Medium,Slow,3.75mm,Experiment_2
2025-10-23T02:03:39.175Z,112,1119,2999,416,1441,3829,3311,3170,13210,2098,2231,8190,Day_1,Medium,Slow,3.75mm,Experiment_2
2025-10-23T02:03:39.215Z,109,1119,3014,417,1436,3842,3314,3177,13198,2100,2236,8186,Day_1,Medium,Slow,3.75mm,Experiment_2
2025-10-23T02:03:39.255Z,103,1118,3024,414,1432,3851,3324,3189,13185,2102,2249,8178,Day_1,Medium,Slow,3.75mm,Experiment_2
2025-10-23T02:03:39.295Z,103,1118,3021,413,1431,3849,3333,3201,13176,2102,2259,8170,Day_1,Medium,Slow,3.75mm,Experiment_2
2025-10-23T02:03:39.335Z,110,1119,3013,416,1433,3839,3338,3199,13181,2102,2255,8169,Day_1,Medium,Slow,3.75mm,Experiment_2
2025-10-23T02:03:39.375Z,111,1120,3007,417,1435,3830,3344,3182,13200,2105,2242,8178,Day_1,Medium,Slow,3.75mm,Experiment_2
2025-10-23T02:03:39.415Z,104,1116,3003,412,1433,3823,3354,3172,13224,2112,2239,8190,Day_1,Medium,Slow,3.75mm,Experiment_2
2025-10-23T02:03:39.455Z,98,1105,2997,409,1424,3819,3360,3179,13240,2116,2251,8197,Day_1,Medium,Slow,3.75mm,Experiment_2
2025-10-23T02:03:39.495Z,100,1095,2993,411,1416,3817,3360,3191,13245,2116,2265,8196,Day_1,Medium,Slow,3.75mm,Experiment_2
2025-10-23T02:03:39.535Z,105,1095,2991,414,1416,3817,3352,3199,13252,2111,2270,8196,Day_1,Medium,Slow,3.75mm,Experiment_2
2025-10-23T02:03:39.575Z,105,1103,2990,414,1424,3817,3339,3198,13263,2103,2264,8200,Day_1,Medium,Slow,3.75mm,Experiment_2
2025-10-23T02:03:39.615Z,101,1111,2992,411,1432,3818,3331,3182,13270,2098,2251,8204,Day_1,Medium,Slow,3.75mm,Experiment_2
2025-10-23T02:03:39.655Z,96,1115,2999,407,1436,3824,3333,3163,13268,2100,2241,8205,Day_1,Medium,Slow,3.75mm,Experiment_2
2025-10-23T02:03:39.695Z,93,1114,3002,404,1433,3829,3345,3164,13258,2108,2240,8201,Day_1,Medium,Slow,3.75mm,Experiment_2
2025-10-23T02:03:39.735Z,91,1113,2997,403,1430,3827,3354,3191,13247,2117,2249,8194,Day_1,Medium,Slow,3.75mm,Experiment_2
2025-10-23T02:03:39.775Z,90,1115,2988,402,1430,3819,3352,3227,13241,2119,2264,8189,Day_1,Medium,Slow,3.75mm,Experiment_2
2025-10-23T02:03:39.815Z,88,1119,2983,399,1435,3814,3350,3253,13235,2118,2278,8187,Day_1,Medium,Slow,3.75mm,Experiment_2
2025-10-23T02:03:39.855Z,90,1121,2986,398,1439,3816,3358,3252,13230,2119,2284,8186,Day_1,Medium,Slow,3.75mm,Experiment_2
2025-10-23T02:03:39.895Z,95,1117,2992,401,1438,3820,3367,3225,13236,2120,2277,8189,Day_1,Medium,Slow,3.75mm,Experiment_2
2025-10-23T02:03:39.935Z,100,1112,2997,408,1435,3823,3366,3193,13252,2121,2264,8196,Day_1,Medium,Slow,3.75mm,Experiment_2
2025-10-23T02:03:39.975Z,102,1111,3002,414,1435,3827,3347,3180,13265,2122,2261,8202,Day_1,Medium,Slow,3.75mm,Experiment_2
2025-10-23T02:03:40.015Z,101,1114,3005,416,1437,3830,3324,3183,13265,2122,2266,8203,Day_1,Medium,Slow,3.75mm,Experiment_2
2025-10-23T02:03:40.055Z,97,1116,3002,413,1437,3827,3316,3187,13254,2123,2269,8200,Day_1,Medium,Slow,3.75mm,Experiment_2
2025-10-23T02:03:40.095Z,93,1114,2993,407,1434,3819,3322,3185,13238,2123,2266,8200,Day_1,Medium,Slow,3.75mm,Experiment_2
2025-10-23T02:03:40.135Z,94,1114,2985,405,1429,3811,3331,3187,13223,2121,2263,8201,Day_1,Medium,Slow,3.75mm,Experiment_2
2025-10-23T02:03:40.175Z,101,1116,2985,409,1427,3809,3341,3198,13219,2120,2268,8202,Day_1,Medium,Slow,3.75mm,Experiment_2
2025-10-23T02:03:40.215Z,109,1120,2991,414,1432,3814,3342,3216,13232,2117,2278,8202,Day_1,Medium,Slow,3.75mm,Experiment_2
2025-10-23T02:03:40.255Z,110,1124,2998,413,1439,3820,3332,3230,13255,2108,2284,8203,Day_1,Medium,Slow,3.75mm,Experiment_2
2025-10-23T02:03:40.295Z,104,1124,3003,407,1443,3826,3334,3230,13274,2105,2282,8206,Day_1,Medium,Slow,3.75mm,Experiment_2
2025-10-23T02:03:40.335Z,96,1124,3006,402,1445,3830,3359,3213,13289,2113,2271,8214,Day_1,Medium,Slow,3.75mm,Experiment_2
2025-10-23T02:03:40.375Z,93,1125,3005,401,1446,3828,3377,3180,13298,2122,2254,8218,Day_1,Medium,Slow,3.75mm,Experiment_2
2025-10-23T02:03:40.415Z,92,1123,3004,403,1444,3828,3364,3152,13295,2117,2242,8212,Day_1,Medium,Slow,3.75mm,Experiment_2
2025-10-23T02:03:40.455Z,92,1118,3004,404,1436,3830,3334,3148,13276,2102,2240,8200,Day_1,Medium,Slow,3.75mm,Experiment_2
2025-10-23T02:03:40.495Z,95,1114,3001,408,1431,3829,3316,3167,13248,2090,2246,8190,Day_1,Medium,Slow,3.75mm,Experiment_2
2025-10-23T02:03:40.535Z,101,1115,2997,414,1432,3825,3315,3190,13224,2086,2253,8184,Day_1,Medium,Slow,3.75mm,Experiment_2
2025-10-23T02:03:40.575Z,106,1122,2998,416,1439,3823,3320,3198,13214,2089,2257,8182,Day_1,Medium,Slow,3.75mm,Experiment_2
2025-10-23T02:03:40.615Z,105,1131,3002,414,1446,3825,3323,3184,13220,2094,2252,8185,Day_1,Medium,Slow,3.75mm,Experiment_2
2025-10-23T02:03:40.655Z,101,1135,3004,408,1450,3826,3326,3165,13226,2098,2242,8191,Day_1,Medium,Slow,3.75mm,Experiment_2
2025-10-23T02:03:40.695Z,95,1132,3006,403,1447,3826,3331,3159,13220,2101,2236,8192,Day_1,Medium,Slow,3.75mm,Experiment_2
2025-10-23T02:03:40.735Z,91,1126,3009,401,1442,3830,3338,3161,13215,2104,2234,8191,Day_1,Medium,Slow,3.75mm,Experiment_2
2025-10-23T02:03:40.775Z,90,1122,3008,402,1439,3832,3341,3165,13221,2106,2235,8190,Day_1,Medium,Slow,3.75mm,Experiment_2
2025-10-23T02:03:40.815Z,91,1120,3002,406,1438,3831,3341,3171,13227,2110,2241,8189,Day_1,Medium,Slow,3.75mm,Experiment_2
2025-10-23T02:03:40.855Z,94,1119,2995,409,1438,3828,3338,3178,13225,2113,2250,8185,Day_1,Medium,Slow,3.75mm,Experiment_2
2025-10-23T02:03:40.895Z,96,1119,2996,411,1439,3830,3335,3179,13218,2115,2255,8178,Day_1,Medium,Slow,3.75mm,Experiment_2
2025-10-23T02:03:40.935Z,96,1118,3002,410,1439,3835,3334,3173,13218,2117,2253,8177,Day_1,Medium,Slow,3.75mm,Experiment_2
2025-10-23T02:03:40.975Z,97,1111,3006,408,1434,3838,3335,3166,13228,2118,2249,8186,Day_1,Medium,Slow,3.75mm,Experiment_2
2025-10-23T02:03:41.015Z,100,1105,3006,407,1428,3838,3345,3169,13238,2120,2250,8198,Day_1,Medium,Slow,3.75mm,Experiment_2
2025-10-23T02:03:41.055Z,103,1105,3005,409,1428,3834,3365,3179,13243,2125,2257,8205,Day_1,Medium,Slow,3.75mm,Experiment_2
2025-10-23T02:03:41.095Z,106,1111,3004,412,1431,3829,3383,3178,13242,2129,2256,8206,Day_1,Medium,Slow,3.75mm,Experiment_2
2025-10-23T02:03:41.135Z,108,1116,3005,416,1433,3828,3380,3161,13240,2128,2244,8202,Day_1,Medium,Slow,3.75mm,Experiment_2
2025-10-23T02:03:41.175Z,112,1117,3011,422,1432,3832,3357,3148,13241,2119,2235,8195,Day_1,Medium,Slow,3.75mm,Experiment_2
2025-10-23T02:03:41.215Z,116,1113,3016,426,1430,3838,3332,3154,13245,2109,2236,8189,Day_1,Medium,Slow,3.75mm,Experiment_2
2025-10-23T02:03:41.255Z,119,1107,3016,427,1428,3839,3321,3162,13245,2104,2240,8186,Day_1,Medium,Slow,3.75mm,Experiment_2
2025-10-23T02:03:41.295Z,118,1104,3012,424,1426,3836,3331,3162,13245,2108,2239,8190,Day_1,Medium,Slow,3.75mm,Experiment_2
2025-10-23T02:03:41.335Z,112,1106,3009,417,1425,3832,3354,3158,13251,2117,2234,8199,Day_1,Medium,Slow,3.75mm,Experiment_2
2025-10-23T02:03:41.375Z,102,1111,3007,410,1428,3829,3367,3157,13256,2119,2231,8202,Day_1,Medium,Slow,3.75mm,Experiment_2
2025-10-23T02:03:41.415Z,96,1114,3004,406,1433,3824,3358,3159,13253,2113,2230,8197,Day_1,Medium,Slow,3.75mm,Experiment_2
2025-10-23T02:03:41.455Z,95,1117,3000,403,1437,3818,3341,3163,13244,2106,2232,8190,Day_1,Medium,Slow,3.75mm,Experiment_2
2025-10-23T02:03:41.495Z,97,1123,2993,403,1443,3811,3332,3177,13237,2104,2239,8186,Day_1,Medium,Slow,3.75mm,Experiment_2
2025-10-23T02:03:41.535Z,100,1132,2989,403,1451,3810,3326,3194,13228,2104,2250,8184,Day_1,Medium,Slow,3.75mm,Experiment_2
2025-10-23T02:03:41.575Z,103,1136,2996,405,1455,3819,3316,3196,13217,2100,2254,8182,Day_1,Medium,Slow,3.75mm,Experiment_2
2025-10-23T02:03:41.616Z,104,1132,3011,405,1450,3836,3313,3178,13214,2098,2244,8184,Day_1,Medium,Slow,3.75mm,Experiment_2
2025-10-23T02:03:41.656Z,101,1124,3021,404,1442,3848,3324,3151,13223,2101,2228,8190,Day_1,Medium,Slow,3.75mm,Experiment_2
2025-10-23T02:03:41.696Z,95,1120,3018,402,1436,3848,3338,3130,13238,2106,2216,8199,Day_1,Medium,Slow,3.75mm,Experiment_2
2025-10-23T02:03:41.736Z,93,1119,3006,401,1434,3839,3341,3127,13251,2107,2215,8204,Day_1,Medium,Slow,3.75mm,Experiment_2
2025-10-23T02:03:41.776Z,91,1120,2999,399,1436,3830,3341,3136,13245,2109,2224,8201,Day_1,Medium,Slow,3.75mm,Experiment_2
2025-10-23T02:03:41.816Z,85,1122,3000,395,1439,3826,3342,3147,13230,2115,2235,8194,Day_1,Medium,Slow,3.75mm,Experiment_2
2025-10-23T02:03:41.856Z,81,1123,3004,392,1439,3827,3341,3157,13228,2122,2244,8189,Day_1,Medium,Slow,3.75mm,Experiment_2
2025-10-23T02:03:41.896Z,86,1122,3006,398,1437,3830,3334,3168,13231,2122,2249,8187,Day_1,Medium,Slow,3.75mm,Experiment_2
2025-10-23T02:03:41.936Z,100,1121,3008,409,1435,3834,3328,3182,13225,2118,2254,8186,Day_1,Medium,Slow,3.75mm,Experiment_2
2025-10-23T02:03:41.976Z,113,1121,3014,420,1434,3841,3334,3189,13223,2116,2256,8187,Day_1,Medium,Slow,3.75mm,Experiment_2
2025-10-23T02:03:42.016Z,125,1119,3023,428,1434,3849,3344,3182,13230,2114,2251,8191,Day_1,Medium,Slow,3.75mm,Experiment_2
2025-10-23T02:03:42.056Z,131,1116,3028,431,1435,3853,3354,3175,13236,2112,2244,8193,Day_1,Medium,Slow,3.75mm,Experiment_2
2025-10-23T02:03:42.096Z,125,1111,3028,425,1437,3849,3367,3177,13236,2110,2236,8193,Day_1,Medium,Slow,3.75mm,Experiment_2
2025-10-23T02:03:42.136Z,111,1108,3023,414,1436,3840,3379,3181,13233,2110,2230,8190,Day_1,Medium,Slow,3.75mm,Experiment_2
2025-10-23T02:03:42.176Z,102,1106,3010,408,1434,3826,3380,3178,13235,2111,2225,8190,Day_1,Medium,Slow,3.75mm,Experiment_2
2025-10-23T02:03:42.216Z,101,1106,2998,408,1432,3816,3361,3171,13247,2110,2223,8196,Day_1,Medium,Slow,3.75mm,Experiment_2
2025-10-23T02:03:42.256Z,104,1111,2999,410,1434,3817,3336,3161,13266,2104,2223,8203,Day_1,Medium,Slow,3.75mm,Experiment_2
2025-10-23T02:03:42.296Z,107,1120,3011,412,1438,3828,3321,3147,13282,2098,2222,8208,Day_1,Medium,Slow,3.75mm,Experiment_2
2025-10-23T02:03:42.336Z,111,1129,3022,413,1441,3839,3321,3129,13282,2098,2219,8207,Day_1,Medium,Slow,3.75mm,Experiment_2
2025-10-23T02:03:42.376Z,112,1132,3024,415,1444,3843,3329,3121,13259,2105,2222,8198,Day_1,Medium,Slow,3.75mm,Experiment_2
2025-10-23T02:03:42.416Z,113,1129,3020,417,1444,3839,3334,3141,13235,2108,2238,8189,Day_1,Medium,Slow,3.75mm,Experiment_2
2025-10-23T02:03:42.456Z,112,1124,3015,417,1442,3837,3328,3186,13231,2103,2261,8189,Day_1,Medium,Slow,3.75mm,Experiment_2
2025-10-23T02:03:42.496Z,112,1119,3015,418,1437,3841,3317,3222,13234,2093,2275,8195,Day_1,Medium,Slow,3.75mm,Experiment_2
2025-10-23T02:03:42.536Z,115,1114,3019,419,1433,3849,3308,3227,13235,2088,2272,8200,Day_1,Medium,Slow,3.75mm,Experiment_2
2025-10-23T02:03:42.576Z,117,1111,3020,419,1432,3851,3301,3212,13241,2089,2263,8205,Day_1,Medium,Slow,3.75mm,Experiment_2
2025-10-23T02:03:42.616Z,112,1112,3017,412,1433,3844,3300,3197,13250,2094,2257,8206,Day_1,Medium,Slow,3.75mm,Experiment_2
2025-10-23T02:03:42.656Z,105,1112,3015,406,1434,3837,3308,3189,13251,2101,2254,8202,Day_1,Medium,Slow,3.75mm,Experiment_2
2025-10-23T02:03:42.696Z,99,1109,3012,405,1431,3833,3320,3190,13239,2107,2253,8192,Day_1,Medium,Slow,3.75mm,Experiment_2
2025-10-23T02:03:42.736Z,94,1107,3008,405,1429,3827,3325,3195,13223,2107,2256,8181,Day_1,Medium,Slow,3.75mm,Experiment_2
2025-10-23T02:03:42.776Z,92,1118,3005,406,1435,3823,3326,3203,13213,2106,2264,8175,Day_1,Medium,Slow,3.75mm,Experiment_2
2025-10-23T02:03:42.816Z,102,1139,3011,413,1445,3830,3334,3213,13212,2110,2274,8174,Day_1,Medium,Slow,3.75mm,Experiment_2
2025-10-23T02:03:42.856Z,116,1158,3023,424,1449,3844,3344,3216,13225,2115,2278,8179,Day_1,Medium,Slow,3.75mm,Experiment_2
2025-10-23T02:03:42.896Z,124,1163,3030,429,1446,3849,3351,3203,13250,2118,2269,8190,Day_1,Medium,Slow,3.75mm,Experiment_2
2025-10-23T02:03:42.936Z,124,1153,3026,425,1443,3844,3350,3186,13268,2118,2255,8199,Day_1,Medium,Slow,3.75mm,Experiment_2
2025-10-23T02:03:42.976Z,121,1136,3020,420,1441,3835,3351,3178,13269,2120,2247,8201,Day_1,Medium,Slow,3.75mm,Experiment_2
2025-10-23T02:03:43.016Z,119,1125,3019,418,1438,3835,3360,3180,13262,2124,2244,8196,Day_1,Medium,Slow,3.75mm,Experiment_2
2025-10-23T02:03:43.056Z,115,1121,3022,415,1436,3839,3369,3180,13255,2129,2242,8189,Day_1,Medium,Slow,3.75mm,Experiment_2
2025-10-23T02:03:43.096Z,106,1121,3023,410,1436,3842,3370,3178,13251,2130,2240,8184,Day_1,Medium,Slow,3.75mm,Experiment_2
2025-10-23T02:03:43.136Z,98,1121,3026,405,1436,3844,3363,3177,13242,2129,2241,8182,Day_1,Medium,Slow,3.75mm,Experiment_2
2025-10-23T02:03:43.176Z,100,1119,3031,407,1435,3846,3345,3181,13230,2120,2245,8185,Day_1,Medium,Slow,3.75mm,Experiment_2
2025-10-23T02:03:43.216Z,107,1118,3028,413,1434,3844,3326,3201,13230,2106,2255,8193,Day_1,Medium,Slow,3.75mm,Experiment_2
2025-10-23T02:03:43.256Z,107,1122,3014,414,1437,3836,3319,3228,13241,2100,2270,8200,Day_1,Medium,Slow,3.75mm,Experiment_2
2025-10-23T02:03:43.296Z,98,1126,3005,407,1440,3832,3328,3233,13246,2103,2275,8199,Day_1,Medium,Slow,3.75mm,Experiment_2
2025-10-23T02:03:43.336Z,91,1123,3008,403,1435,3836,3343,3212,13240,2112,2269,8192,Day_1,Medium,Slow,3.75mm,Experiment_2
2025-10-23T02:03:43.376Z,93,1116,3016,404,1428,3844,3356,3194,13238,2117,2261,8189,Day_1,Medium,Slow,3.75mm,Experiment_2
2025-10-23T02:03:43.416Z,98,1111,3018,406,1423,3847,3363,3192,13247,2120,2255,8189,Day_1,Medium,Slow,3.75mm,Experiment_2
2025-10-23T02:03:43.456Z,103,1107,3011,412,1421,3842,3357,3202,13257,2118,2256,8189,Day_1,Medium,Slow,3.75mm,Experiment_2
2025-10-23T02:03:43.496Z,107,1103,3000,419,1421,3833,3346,3208,13259,2115,2260,8187,Day_1,Medium,Slow,3.75mm,Experiment_2
2025-10-23T02:03:43.536Z,106,1099,2993,419,1422,3826,3346,3209,13252,2119,2265,8185,Day_1,Medium,Slow,3.75mm,Experiment_2
2025-10-23T02:03:43.576Z,98,1101,2992,411,1425,3823,3353,3211,13243,2124,2270,8185,Day_1,Medium,Slow,3.75mm,Experiment_2
2025-10-23T02:03:43.616Z,91,1111,2996,404,1431,3826,3351,3218,13242,2120,2275,8191,Day_1,Medium,Slow,3.75mm,Experiment_2
2025-10-23T02:03:43.656Z,93,1124,3001,403,1436,3830,3338,3231,13252,2110,2278,8201,Day_1,Medium,Slow,3.75mm,Experiment_2
2025-10-23T02:03:43.696Z,98,1130,3004,406,1439,3831,3326,3244,13264,2101,2274,8208,Day_1,Medium,Slow,3.75mm,Experiment_2
2025-10-23T02:03:43.736Z,101,1129,3002,408,1438,3828,3324,3240,13274,2100,2260,8208,Day_1,Medium,Slow,3.75mm,Experiment_2
2025-10-23T02:03:43.776Z,100,1125,3000,407,1438,3827,3326,3213,13279,2102,2242,8206,Day_1,Medium,Slow,3.75mm,Experiment_2
2025-10-23T02:03:43.816Z,102,1125,3000,409,1440,3827,3325,3181,13281,2102,2228,8204,Day_1,Medium,Slow,3.75mm,Experiment_2
2025-10-23T02:03:43.856Z,107,1125,3001,414,1440,3828,3321,3155,13285,2102,2222,8204,Day_1,Medium,Slow,3.75mm,Experiment_2
2025-10-23T02:03:43.896Z,109,1119,3000,417,1434,3826,3317,3142,13291,2101,2221,8207,Day_1,Medium,Slow,3.75mm,Experiment_2
2025-10-23T02:03:43.936Z,107,1114,2993,416,1428,3822,3321,3146,13295,2101,2227,8213,Day_1,Medium,Slow,3.75mm,Experiment_2
2025-10-23T02:03:43.976Z,105,1112,2989,414,1426,3820,3333,3163,13298,2105,2238,8221,Day_1,Medium,Slow,3.75mm,Experiment_2
2025-10-23T02:03:44.016Z,106,1109,2992,413,1424,3821,3341,3178,13297,2109,2246,8225,Day_1,Medium,Slow,3.75mm,Experiment_2
2025-10-23T02:03:44.056Z,109,1105,2996,413,1422,3823,3336,3182,13292,2107,2248,8221,Day_1,Medium,Slow,3.75mm,Experiment_2
2025-10-23T02:03:44.096Z,110,1102,3000,412,1422,3827,3322,3183,13282,2099,2250,8213,Day_1,Medium,Slow,3.75mm,Experiment_2
2025-10-23T02:03:44.136Z,106,1104,3010,411,1425,3836,3306,3188,13269,2091,2257,8205,Day_1,Medium,Slow,3.75mm,Experiment_2
2025-10-23T02:03:44.176Z,102,1108,3024,411,1429,3847,3295,3193,13257,2081,2262,8199,Day_1,Medium,Slow,3.75mm,Experiment_2
2025-10-23T02:03:44.216Z,101,1113,3031,414,1433,3854,3291,3197,13254,2078,2264,8198,Day_1,Medium,Slow,3.75mm,Experiment_2
2025-10-23T02:03:44.256Z,103,1119,3030,416,1436,3851,3300,3195,13257,2085,2261,8200,Day_1,Medium,Slow,3.75mm,Experiment_2
2025-10-23T02:03:44.296Z,105,1124,3026,416,1436,3847,3316,3191,13253,2095,2257,8197,Day_1,Medium,Slow,3.75mm,Experiment_2
2025-10-23T02:03:44.336Z,106,1124,3023,417,1435,3844,3328,3197,13245,2101,2257,8188,Day_1,Medium,Slow,3.75mm,Experiment_2
2025-10-23T02:03:44.376Z,104,1119,3018,414,1433,3839,3336,3207,13248,2103,2264,8187,Day_1,Medium,Slow,3.75mm,Experiment_2
2025-10-23T02:03:44.416Z,102,1110,3008,410,1430,3830,3346,3210,13255,2107,2271,8194,Day_1,Medium,Slow,3.75mm,Experiment_2
2025-10-23T02:03:44.456Z,104,1103,2999,412,1426,3821,3353,3202,13246,2111,2268,8195,Day_1,Medium,Slow,3.75mm,Experiment_2
2025-10-23T02:03:44.496Z,110,1104,2993,416,1427,3817,3353,3184,13219,2115,2256,8186,Day_1,Medium,Slow,3.75mm,Experiment_2
2025-10-23T02:03:44.536Z,115,1109,2993,418,1430,3819,3355,3170,13199,2122,2244,8177,Day_1,Medium,Slow,3.75mm,Experiment_2
2025-10-23T02:03:44.576Z,117,1112,3004,418,1432,3829,3369,3167,13201,2131,2242,8179,Day_1,Medium,Slow,3.75mm,Experiment_2
2025-10-23T02:03:44.616Z,116,1112,3021,417,1430,3843,3386,3165,13225,2137,2243,8189,Day_1,Medium,Slow,3.75mm,Experiment_2
2025-10-23T02:03:44.656Z,116,1112,3028,417,1429,3848,3391,3160,13259,2134,2241,8201,Day_1,Medium,Slow,3.75mm,Experiment_2
2025-10-23T02:03:44.696Z,115,1116,3018,416,1432,3841,3367,3164,13295,2120,2243,8211,Day_1,Medium,Slow,3.75mm,Experiment_2
2025-10-23T02:03:44.736Z,111,1118,3002,413,1433,3828,3329,3187,13319,2102,2253,8215,Day_1,Medium,Slow,3.75mm,Experiment_2
2025-10-23T02:03:44.776Z,106,1118,2994,410,1429,3821,3308,3218,13312,2093,2266,8212,Day_1,Medium,Slow,3.75mm,Experiment_2
2025-10-23T02:03:44.816Z,107,1118,2995,411,1426,3821,3309,3241,13281,2091,2275,8204,Day_1,Medium,Slow,3.75mm,Experiment_2
2025-10-23T02:03:44.856Z,108,1125,3001,414,1433,3825,3311,3235,13251,2091,2272,8199,Day_1,Medium,Slow,3.75mm,Experiment_2
2025-10-23T02:03:44.896Z,104,1137,3009,413,1447,3833,3309,3199,13237,2091,2254,8197,Day_1,Medium,Slow,3.75mm,Experiment_2
2025-10-23T02:03:44.936Z,100,1142,3019,414,1455,3843,3311,3158,13235,2092,2232,8194,Day_1,Medium,Slow,3.75mm,Experiment_2
2025-10-23T02:03:44.976Z,103,1135,3024,418,1450,3850,3318,3135,13241,2095,2220,8190,Day_1,Medium,Slow,3.75mm,Experiment_2
2025-10-23T02:03:45.016Z,107,1126,3020,419,1441,3847,3322,3137,13254,2099,2223,8189,Day_1,Medium,Slow,3.75mm,Experiment_2
2025-10-23T02:03:45.056Z,103,1125,3012,415,1440,3840,3319,3155,13265,2100,2234,8191,Day_1,Medium,Slow,3.75mm,Experiment_2
2025-10-23T02:03:45.096Z,97,1129,3006,413,1445,3832,3315,3176,13260,2100,2247,8189,Day_1,Medium,Slow,3.75mm,Experiment_2
2025-10-23T02:03:45.136Z,96,1132,3004,414,1448,3828,3315,3187,13243,2101,2253,8187,Day_1,Medium,Slow,3.75mm,Experiment_2
2025-10-23T02:03:45.176Z,97,1129,3004,414,1447,3826,3316,3182,13230,2104,2251,8187,Day_1,Medium,Slow,3.75mm,Experiment_2
2025-10-23T02:03:45.216Z,99,1123,3003,411,1444,3827,3316,3174,13230,2106,2246,8189,Day_1,Medium,Slow,3.75mm,Experiment_2
2025-10-23T02:03:45.256Z,99,1122,3006,409,1442,3830,3317,3173,13234,2104,2243,8191,Day_1,Medium,Slow,3.75mm,Experiment_2
2025-10-23T02:03:45.296Z,98,1125,3014,406,1443,3837,3324,3177,13230,2103,2243,8191,Day_1,Medium,Slow,3.75mm,Experiment_2
2025-10-23T02:03:45.336Z,98,1125,3021,403,1443,3845,3340,3178,13224,2110,2241,8192,Day_1,Medium,Slow,3.75mm,Experiment_2
2025-10-23T02:03:45.376Z,100,1121,3024,405,1441,3848,3360,3186,13226,2121,2242,8196,Day_1,Medium,Slow,3.75mm,Experiment_2
2025-10-23T02:03:45.416Z,101,1119,3023,409,1441,3843,3370,3205,13234,2130,2248,8201,Day_1,Medium,Slow,3.75mm,Experiment_2
2025-10-23T02:03:45.456Z,100,1120,3023,411,1442,3837,3360,3218,13245,2131,2250,8207,Day_1,Medium,Slow,3.75mm,Experiment_2
2025-10-23T02:03:45.496Z,95,1120,3024,407,1439,3833,3346,3209,13258,2126,2245,8213,Day_1,Medium,Slow,3.75mm,Experiment_2
2025-10-23T02:03:45.536Z,91,1118,3023,404,1436,3833,3349,3200,13267,2121,2244,8216,Day_1,Medium,Slow,3.75mm,Experiment_2
2025-10-23T02:03:45.577Z,91,1117,3025,405,1435,3836,3369,3212,13266,2122,2256,8212,Day_1,Medium,Slow,3.75mm,Experiment_2
2025-10-23T02:03:45.617Z,99,1116,3027,411,1433,3840,3394,3228,13254,2129,2271,8202,Day_1,Medium,Slow,3.75mm,Experiment_2
2025-10-23T02:03:45.657Z,105,1115,3028,413,1432,3843,3408,3231,13241,2135,2274,8193,Day_1,Medium,Slow,3.75mm,Experiment_2
2025-10-23T02:03:45.697Z,106,1121,3023,410,1437,3843,3395,3224,13241,2132,2264,8195,Day_1,Medium,Slow,3.75mm,Experiment_2
2025-10-23T02:03:45.737Z,104,1132,3015,408,1447,3839,3363,3221,13261,2119,2254,8207,Day_1,Medium,Slow,3.75mm,Experiment_2
2025-10-23T02:03:45.777Z,102,1139,3007,409,1453,3834,3346,3217,13277,2109,2249,8216,Day_1,Medium,Slow,3.75mm,Experiment_2
2025-10-23T02:03:45.817Z,102,1136,3003,410,1452,3832,3354,3201,13268,2108,2245,8213,Day_1,Medium,Slow,3.75mm,Experiment_2
2025-10-23T02:03:45.857Z,102,1126,3005,410,1442,3834,3364,3180,13254,2108,2240,8206,Day_1,Medium,Slow,3.75mm,Experiment_2
2025-10-23T02:03:45.897Z,103,1119,3013,410,1433,3840,3362,3170,13246,2103,2239,8200,Day_1,Medium,Slow,3.75mm,Experiment_2
2025-10-23T02:03:45.937Z,104,1117,3020,411,1430,3845,3353,3171,13234,2099,2241,8192,Day_1,Medium,Slow,3.75mm,Experiment_2
2025-10-23T02:03:45.977Z,107,1119,3020,415,1432,3844,3345,3172,13217,2101,2245,8181,Day_1,Medium,Slow,3.75mm,Experiment_2
2025-10-23T02:03:46.017Z,111,1125,3013,421,1437,3836,3345,3182,13207,2107,2251,8176,Day_1,Medium,Slow,3.75mm,Experiment_2
2025-10-23T02:03:46.057Z,113,1132,3004,424,1444,3827,3352,3198,13205,2111,2256,8178,Day_1,Medium,Slow,3.75mm,Experiment_2
2025-10-23T02:03:46.097Z,112,1138,3003,421,1450,3825,3356,3197,13214,2110,2251,8183,Day_1,Medium,Slow,3.75mm,Experiment_2
2025-10-23T02:03:46.137Z,109,1140,3010,416,1452,3831,3350,3176,13234,2106,2240,8189,Day_1,Medium,Slow,3.75mm,Experiment_2
2025-10-23T02:03:46.177Z,107,1139,3015,414,1451,3836,3336,3157,13254,2103,2234,8195,Day_1,Medium,Slow,3.75mm,Experiment_2
2025-10-23T02:03:46.217Z,105,1135,3012,412,1448,3834,3320,3153,13264,2099,2235,8200,Day_1,Medium,Slow,3.75mm,Experiment_2
2025-10-23T02:03:46.257Z,99,1129,3008,407,1443,3829,3310,3162,13266,2097,2240,8203,Day_1,Medium,Slow,3.75mm,Experiment_2
2025-10-23T02:03:46.297Z,96,1125,3010,405,1440,3831,3311,3170,13270,2098,2244,8205,Day_1,Medium,Slow,3.75mm,Experiment_2
2025-10-23T02:03:46.337Z,100,1122,3015,409,1437,3837,3320,3166,13276,2101,2243,8204,Day_1,Medium,Slow,3.75mm,Experiment_2
2025-10-23T02:03:46.377Z,105,1117,3018,412,1433,3841,3334,3161,13276,2107,2240,8201,Day_1,Medium,Slow,3.75mm,Experiment_2
2025-10-23T02:03:46.417Z,110,1111,3016,415,1428,3841,3350,3169,13272,2117,2242,8199,Day_1,Medium,Slow,3.75mm,Experiment_2
2025-10-23T02:03:46.457Z,117,1109,3012,421,1427,3838,3363,3188,13275,2129,2248,8200,Day_1,Medium,Slow,3.75mm,Experiment_2
2025-10-23T02:03:46.497Z,123,1113,3008,426,1429,3833,3366,3201,13285,2136,2252,8205,Day_1,Medium,Slow,3.75mm,Experiment_2
2025-10-23T02:03:46.537Z,120,1114,3007,425,1430,3830,3364,3202,13287,2134,2256,8208,Day_1,Medium,Slow,3.75mm,Experiment_2
2025-10-23T02:03:46.577Z,115,1112,3012,422,1430,3833,3365,3192,13276,2127,2257,8206,Day_1,Medium,Slow,3.75mm,Experiment_2
2025-10-23T02:03:46.617Z,114,1111,3021,422,1431,3841,3363,3180,13261,2122,2255,8203,Day_1,Medium,Slow,3.75mm,Experiment_2
2025-10-23T02:03:46.657Z,112,1114,3023,418,1433,3844,3356,3177,13250,2121,2251,8201,Day_1,Medium,Slow,3.75mm,Experiment_2
2025-10-23T02:03:46.697Z,108,1116,3011,413,1434,3835,3347,3187,13239,2118,2252,8197,Day_1,Medium,Slow,3.75mm,Experiment_2
2025-10-23T02:03:46.737Z,105,1115,2995,409,1433,3821,3338,3204,13232,2112,2258,8193,Day_1,Medium,Slow,3.75mm,Experiment_2
2025-10-23T02:03:46.777Z,102,1114,2986,407,1432,3814,3330,3218,13239,2109,2266,8193,Day_1,Medium,Slow,3.75mm,Experiment_2
2025-10-23T02:03:46.817Z,101,1112,2989,405,1429,3818,3320,3224,13253,2103,2273,8196,Day_1,Medium,Slow,3.75mm,Experiment_2
2025-10-23T02:03:46.857Z,103,1106,2996,408,1423,3824,3308,3224,13261,2095,2274,8194,Day_1,Medium,Slow,3.75mm,Experiment_2
2025-10-23T02:03:46.897Z,109,1099,2999,414,1415,3824,3303,3225,13263,2092,2273,8188,Day_1,Medium,Slow,3.75mm,Experiment_2
2025-10-23T02:03:46.937Z,115,1095,2998,422,1412,3819,3313,3232,13264,2100,2275,8184,Day_1,Medium,Slow,3.75mm,Experiment_2
2025-10-23T02:03:46.977Z,118,1099,2999,427,1417,3816,3333,3232,13273,2114,2274,8187,Day_1,Medium,Slow,3.75mm,Experiment_2
2025-10-23T02:03:47.017Z,119,1108,3004,426,1427,3821,3345,3218,13286,2120,2266,8195,Day_1,Medium,Slow,3.75mm,Experiment_2
2025-10-23T02:03:47.057Z,121,1115,3007,426,1436,3828,3348,3199,13289,2118,2256,8201,Day_1,Medium,Slow,3.75mm,Experiment_2
2025-10-23T02:03:47.097Z,118,1119,3003,425,1442,3831,3349,3186,13284,2114,2250,8200,Day_1,Medium,Slow,3.75mm,Experiment_2
2025-10-23T02:03:47.137Z,108,1119,2999,415,1442,3831,3345,3183,13280,2111,2251,8195,Day_1,Medium,Slow,3.75mm,Experiment_2
2025-10-23T02:03:47.177Z,96,1117,3001,402,1439,3832,3340,3185,13278,2107,2255,8190,Day_1,Medium,Slow,3.75mm,Experiment_2
2025-10-23T02:03:47.217Z,89,1115,3007,394,1437,3833,3346,3195,13277,2111,2262,8191,Day_1,Medium,Slow,3.75mm,Experiment_2
2025-10-23T02:03:47.257Z,86,1114,3013,393,1436,3834,3363,3215,13284,2119,2271,8197,Day_1,Medium,Slow,3.75mm,Experiment_2
2025-10-23T02:03:47.297Z,81,1113,3015,391,1438,3835,3373,3230,13293,2122,2273,8205,Day_1,Medium,Slow,3.75mm,Experiment_2
2025-10-23T02:03:47.337Z,78,1113,3012,389,1439,3834,3366,3216,13295,2114,2263,8209,Day_1,Medium,Slow,3.75mm,Experiment_2
2025-10-23T02:03:47.377Z,83,1114,3010,392,1438,3832,3344,3185,13286,2101,2247,8207,Day_1,Medium,Slow,3.75mm,Experiment_2
2025-10-23T02:03:47.417Z,90,1115,3010,397,1436,3832,3326,3166,13270,2096,2237,8201,Day_1,Medium,Slow,3.75mm,Experiment_2
2025-10-23T02:03:47.457Z,90,1114,3011,397,1433,3836,3325,3170,13250,2101,2234,8190,Day_1,Medium,Slow,3.75mm,Experiment_2
2025-10-23T02:03:47.497Z,88,1110,3016,393,1430,3842,3331,3180,13231,2109,2238,8181,Day_1,Medium,Slow,3.75mm,Experiment_2
2025-10-23T02:03:47.537Z,89,1110,3020,394,1430,3845,3332,3186,13222,2110,2247,8178,Day_1,Medium,Slow,3.75mm,Experiment_2
2025-10-23T02:03:47.577Z,92,1115,3019,397,1434,3841,3323,3186,13226,2102,2256,8182,Day_1,Medium,Slow,3.75mm,Experiment_2
2025-10-23T02:03:47.617Z,91,1120,3013,397,1439,3832,3311,3182,13241,2089,2257,8191,Day_1,Medium,Slow,3.75mm,Experiment_2
2025-10-23T02:03:47.657Z,91,1119,3008,395,1438,3827,3309,3181,13258,2080,2253,8198,Day_1,Medium,Slow,3.75mm,Experiment_2
2025-10-23T02:03:47.697Z,98,1115,3009,398,1434,3828,3312,3181,13269,2080,2245,8201,Day_1,Medium,Slow,3.75mm,Experiment_2
2025-10-23T02:03:47.737Z,109,1113,3014,409,1433,3833,3309,3172,13272,2085,2234,8202,Day_1,Medium,Slow,3.75mm,Experiment_2
2025-10-23T02:03:47.777Z,117,1115,3017,421,1433,3837,3309,3160,13274,2093,2227,8203,Day_1,Medium,Slow,3.75mm,Experiment_2
2025-10-23T02:03:47.817Z,115,1119,3013,423,1434,3836,3325,3160,13282,2107,2229,8204,Day_1,Medium,Slow,3.75mm,Experiment_2
2025-10-23T02:03:47.857Z,103,1122,3008,413,1433,3833,3350,3174,13287,2120,2237,8204,Day_1,Medium,Slow,3.75mm,Experiment_2
2025-10-23T02:03:47.897Z,94,1122,3008,404,1432,3834,3368,3188,13282,2126,2247,8201,Day_1,Medium,Slow,3.75mm,Experiment_2
2025-10-23T02:03:47.937Z,98,1121,3017,407,1433,3838,3371,3196,13265,2125,2254,8193,Day_1,Medium,Slow,3.75mm,Experiment_2
2025-10-23T02:03:47.977Z,111,1122,3023,417,1438,3839,3363,3197,13239,2120,2256,8184,Day_1,Medium,Slow,3.75mm,Experiment_2
2025-10-23T02:03:48.017Z,117,1123,3020,422,1443,3833,3357,3193,13215,2115,2255,8175,Day_1,Medium,Slow,3.75mm,Experiment_2
2025-10-23T02:03:48.057Z,113,1121,3011,417,1443,3827,3356,3192,13206,2111,2256,8172,Day_1,Medium,Slow,3.75mm,Experiment_2
2025-10-23T02:03:48.097Z,102,1118,3009,408,1442,3825,3352,3201,13222,2108,2259,8178,Day_1,Medium,Slow,3.75mm,Experiment_2
2025-10-23T02:03:48.137Z,91,1120,3016,399,1443,3831,3347,3216,13254,2108,2262,8193,Day_1,Medium,Slow,3.75mm,Experiment_2
2025-10-23T02:03:48.177Z,86,1120,3026,394,1443,3840,3346,3228,13274,2112,2264,8204,Day_1,Medium,Slow,3.75mm,Experiment_2
2025-10-23T02:03:48.217Z,92,1118,3031,399,1439,3849,3350,3219,13265,2114,2260,8203,Day_1,Medium,Slow,3.75mm,Experiment_2
2025-10-23T02:03:48.257Z,103,1118,3029,409,1439,3851,3352,3190,13242,2112,2251,8193,Day_1,Medium,Slow,3.75mm,Experiment_2
2025-10-23T02:03:48.297Z,108,1122,3021,414,1444,3847,3349,3165,13222,2107,2245,8182,Day_1,Medium,Slow,3.75mm,Experiment_2
2025-10-23T02:03:48.337Z,105,1128,3012,412,1449,3838,3350,3158,13216,2107,2243,8178,Day_1,Medium,Slow,3.75mm,Experiment_2
2025-10-23T02:03:48.377Z,101,1131,3006,408,1453,3831,3356,3160,13226,2113,2242,8183,Day_1,Medium,Slow,3.75mm,Experiment_2
2025-10-23T02:03:48.417Z,100,1129,3004,406,1453,3827,3360,3165,13240,2119,2241,8192,Day_1,Medium,Slow,3.75mm,Experiment_2
2025-10-23T02:03:48.457Z,101,1126,3003,406,1450,3826,3354,3172,13245,2119,2241,8197,Day_1,Medium,Slow,3.75mm,Experiment_2
2025-10-23T02:03:48.497Z,100,1128,3004,406,1449,3825,3343,3172,13242,2115,2242,8199,Day_1,Medium,Slow,3.75mm,Experiment_2
2025-10-23T02:03:48.537Z,96,1130,3004,405,1448,3825,3331,3171,13240,2111,2245,8201,Day_1,Medium,Slow,3.75mm,Experiment_2
2025-10-23T02:03:48.577Z,94,1125,3003,406,1443,3825,3320,3180,13236,2109,2250,8201,Day_1,Medium,Slow,3.75mm,Experiment_2
2025-10-23T02:03:48.617Z,95,1120,3006,406,1438,3827,3314,3191,13236,2104,2252,8199,Day_1,Medium,Slow,3.75mm,Experiment_2
2025-10-23T02:03:48.657Z,95,1117,3012,405,1437,3832,3316,3197,13244,2099,2251,8197,Day_1,Medium,Slow,3.75mm,Experiment_2
2025-10-23T02:03:48.697Z,95,1116,3015,406,1437,3836,3323,3202,13253,2097,2255,8193,Day_1,Medium,Slow,3.75mm,Experiment_2
2025-10-23T02:03:48.737Z,98,1116,3017,408,1438,3839,3330,3201,13248,2101,2261,8189,Day_1,Medium,Slow,3.75mm,Experiment_2
2025-10-23T02:03:48.777Z,100,1118,3022,410,1440,3841,3332,3197,13230,2104,2265,8187,Day_1,Medium,Slow,3.75mm,Experiment_2
2025-10-23T02:03:48.817Z,100,1119,3025,409,1440,3840,3327,3194,13216,2100,2265,8188,Day_1,Medium,Slow,3.75mm,Experiment_2
2025-10-23T02:03:48.857Z,97,1121,3022,406,1441,3834,3322,3184,13220,2094,2258,8194,Day_1,Medium,Slow,3.75mm,Experiment_2
2025-10-23T02:03:48.897Z,100,1123,3016,406,1443,3828,3330,3167,13241,2095,2250,8204,Day_1,Medium,Slow,3.75mm,Experiment_2
2025-10-23T02:03:48.937Z,108,1125,3010,410,1445,3825,3353,3161,13262,2108,2246,8209,Day_1,Medium,Slow,3.75mm,Experiment_2
2025-10-23T02:03:48.977Z,116,1126,3004,416,1445,3823,3368,3170,13270,2120,2247,8209,Day_1,Medium,Slow,3.75mm,Experiment_2
2025-10-23T02:03:49.017Z,119,1128,3001,419,1446,3822,3362,3178,13269,2119,2247,8206,Day_1,Medium,Slow,3.75mm,Experiment_2
2025-10-23T02:03:49.057Z,117,1130,3001,416,1446,3823,3350,3171,13265,2113,2241,8206,Day_1,Medium,Slow,3.75mm,Experiment_2
2025-10-23T02:03:49.097Z,111,1130,3003,411,1446,3826,3349,3154,13255,2112,2235,8204,Day_1,Medium,Slow,3.75mm,Experiment_2
2025-10-23T02:03:49.137Z,109,1127,3005,411,1444,3831,3356,3147,13242,2116,2234,8198,Day_1,Medium,Slow,3.75mm,Experiment_2
2025-10-23T02:03:49.177Z,113,1121,3008,417,1440,3837,3365,3152,13233,2124,2236,8191,Day_1,Medium,Slow,3.75mm,Experiment_2
2025-10-23T02:03:49.217Z,119,1117,3010,422,1434,3838,3367,3159,13231,2127,2238,8185,Day_1,Medium,Slow,3.75mm,Experiment_2
2025-10-23T02:03:49.257Z,118,1114,3012,420,1430,3835,3354,3169,13233,2117,2241,8185,Day_1,Medium,Slow,3.75mm,Experiment_2
2025-10-23T02:03:49.297Z,108,1111,3015,410,1429,3834,3333,3188,13240,2104,2248,8192,Day_1,Medium,Slow,3.75mm,Experiment_2
2025-10-23T02:03:49.337Z,100,1109,3017,403,1429,3835,3329,3207,13251,2102,2255,8202,Day_1,Medium,Slow,3.75mm,Experiment_2
2025-10-23T02:03:49.377Z,104,1109,3020,408,1431,3836,3345,3214,13260,2110,2260,8206,Day_1,Medium,Slow,3.75mm,Experiment_2
2025-10-23T02:03:49.417Z,118,1113,3019,420,1433,3834,3361,3212,13263,2115,2267,8207,Day_1,Medium,Slow,3.75mm,Experiment_2
2025-10-23T02:03:49.457Z,128,1116,3017,427,1435,3831,3360,3213,13262,2112,2274,8209,Day_1,Medium,Slow,3.75mm,Experiment_2
2025-10-23T02:03:49.497Z,128,1117,3014,428,1436,3830,3346,3217,13260,2105,2274,8211,Day_1,Medium,Slow,3.75mm,Experiment_2
2025-10-23T02:03:49.538Z,120,1121,3009,422,1439,3831,3332,3221,13257,2099,2270,8211,Day_1,Medium,Slow,3.75mm,Experiment_2
2025-10-23T02:03:49.578Z,107,1125,3005,412,1441,3831,3330,3225,13256,2095,2268,8209,Day_1,Medium,Slow,3.75mm,Experiment_2
2025-10-23T02:03:49.618Z,99,1124,3005,406,1439,3829,3341,3225,13258,2096,2266,8207,Day_1,Medium,Slow,3.75mm,Experiment_2
2025-10-23T02:03:49.658Z,99,1115,3007,407,1434,3828,3361,3215,13261,2106,2261,8205,Day_1,Medium,Slow,3.75mm,Experiment_2
2025-10-23T02:03:49.698Z,103,1110,3010,412,1432,3829,3380,3205,13269,2118,2261,8204,Day_1,Medium,Slow,3.75mm,Experiment_2
2025-10-23T02:03:49.738Z,105,1113,3009,414,1435,3831,3382,3200,13286,2125,2266,8205,Day_1,Medium,Slow,3.75mm,Experiment_2
2025-10-23T02:03:49.778Z,101,1119,3007,411,1436,3832,3366,3194,13307,2124,2269,8207,Day_1,Medium,Slow,3.75mm,Experiment_2
2025-10-23T02:03:49.818Z,97,1119,3003,406,1433,3831,3345,3194,13312,2118,2270,8211,Day_1,Medium,Slow,3.75mm,Experiment_2
2025-10-23T02:03:49.858Z,96,1117,3001,404,1431,3830,3327,3206,13300,2110,2271,8213,Day_1,Medium,Slow,3.75mm,Experiment_2
2025-10-23T02:03:49.898Z,97,1121,2999,404,1437,3829,3312,3215,13289,2102,2270,8213,Day_1,Medium,Slow,3.75mm,Experiment_2
2025-10-23T02:03:49.938Z,97,1129,3000,407,1448,3829,3303,3210,13284,2097,2265,8213,Day_1,Medium,Slow,3.75mm,Experiment_2
2025-10-23T02:03:49.978Z,97,1131,3009,410,1452,3834,3310,3199,13276,2101,2258,8210,Day_1,Medium,Slow,3.75mm,Experiment_2
2025-10-23T02:03:50.018Z,99,1123,3016,415,1445,3840,3328,3190,13258,2113,2252,8200,Day_1,Medium,Slow,3.75mm,Experiment_2
2025-10-23T02:03:50.058Z,106,1114,3016,422,1435,3840,3341,3188,13242,2119,2251,8193,Day_1,Medium,Slow,3.75mm,Experiment_2
2025-10-23T02:03:50.098Z,113,1110,3011,427,1431,3835,3346,3198,13241,2118,2256,8195,Day_1,Medium,Slow,3.75mm,Experiment_2
2025-10-23T02:03:50.138Z,113,1112,3009,424,1432,3831,3352,3211,13248,2118,2261,8202,Day_1,Medium,Slow,3.75mm,Experiment_2
2025-10-23T02:03:50.178Z,106,1114,3012,418,1434,3832,3361,3214,13249,2121,2261,8205,Day_1,Medium,Slow,3.75mm,Experiment_2
2025-10-23T02:03:50.218Z,102,1113,3013,415,1434,3833,3368,3207,13245,2123,2258,8203,Day_1,Medium,Slow,3.75mm,Experiment_2
2025-10-23T02:03:50.257Z,104,1112,3007,418,1432,3828,3370,3199,13247,2121,2254,8200,Day_1,Medium,Slow,3.75mm,Experiment_2
2025-10-23T02:03:50.297Z,107,1114,2999,421,1432,3820,3368,3193,13253,2116,2250,8197,Day_1,Medium,Slow,3.75mm,Experiment_2
2025-10-23T02:03:50.337Z,106,1118,2995,418,1435,3816,3359,3194,13257,2108,2254,8197,Day_1,Medium,Slow,3.75mm,Experiment_2
2025-10-23T02:03:50.377Z,103,1123,3002,414,1439,3821,3344,3198,13261,2101,2261,8202,Day_1,Medium,Slow,3.75mm,Experiment_2
2025-10-23T02:03:50.417Z,104,1127,3014,413,1443,3829,3335,3196,13261,2100,2261,8207,Day_1,Medium,Slow,3.75mm,Experiment_2
2025-10-23T02:03:50.457Z,104,1126,3022,412,1445,3834,3332,3191,13253,2104,2256,8205,Day_1,Medium,Slow,3.75mm,Experiment_2
2025-10-23T02:03:50.497Z,101,1123,3023,407,1444,3837,3327,3190,13250,2105,2252,8199,Day_1,Medium,Slow,3.75mm,Experiment_2
2025-10-23T02:03:50.537Z,94,1122,3020,399,1445,3838,3325,3184,13259,2106,2245,8197,Day_1,Medium,Slow,3.75mm,Experiment_2
2025-10-23T02:03:50.577Z,89,1124,3021,395,1447,3841,3336,3168,13271,2111,2234,8199,Day_1,Medium,Slow,3.75mm,Experiment_2
2025-10-23T02:03:50.618Z,92,1125,3024,397,1450,3842,3362,3156,13281,2120,2225,8205,Day_1,Medium,Slow,3.75mm,Experiment_2
2025-10-23T02:03:50.658Z,101,1123,3025,404,1448,3840,3385,3162,13288,2126,2226,8212,Day_1,Medium,Slow,3.75mm,Experiment_2
2025-10-23T02:03:50.698Z,112,1120,3020,413,1442,3834,3397,3181,13286,2127,2237,8215,Day_1,Medium,Slow,3.75mm,Experiment_2
2025-10-23T02:03:50.738Z,120,1118,3014,419,1438,3828,3401,3198,13280,2128,2252,8216,Day_1,Medium,Slow,3.75mm,Experiment_2
2025-10-23T02:03:50.778Z,121,1119,3008,421,1440,3824,3396,3196,13273,2127,2255,8213,Day_1,Medium,Slow,3.75mm,Experiment_2
2025-10-23T02:03:50.818Z,117,1120,3001,421,1442,3822,3386,3181,13259,2123,2246,8206,Day_1,Medium,Slow,3.75mm,Experiment_2
2025-10-23T02:03:50.858Z,109,1117,2997,419,1441,3824,3379,3168,13239,2120,2240,8196,Day_1,Medium,Slow,3.75mm,Experiment_2
2025-10-23T02:03:50.898Z,107,1114,2998,418,1438,3829,3368,3161,13228,2118,2241,8191,Day_1,Medium,Slow,3.75mm,Experiment_2
2025-10-23T02:03:50.938Z,110,1115,3000,420,1436,3833,3347,3164,13236,2112,2246,8195,Day_1,Medium,Slow,3.75mm,Experiment_2
2025-10-23T02:03:50.978Z,110,1115,3002,420,1434,3835,3327,3174,13256,2102,2252,8202,Day_1,Medium,Slow,3.75mm,Experiment_2
2025-10-23T02:03:51.018Z,103,1112,3003,415,1431,3835,3320,3183,13271,2096,2255,8207,Day_1,Medium,Slow,3.75mm,Experiment_2
2025-10-23T02:03:51.058Z,96,1108,3005,408,1430,3834,3326,3191,13270,2097,2257,8204,Day_1,Medium,Slow,3.75mm,Experiment_2
2025-10-23T02:03:51.098Z,94,1109,3006,405,1434,3833,3336,3194,13259,2099,2260,8199,Day_1,Medium,Slow,3.75mm,Experiment_2
2025-10-23T02:03:51.138Z,101,1117,3009,408,1441,3834,3341,3189,13261,2099,2259,8198,Day_1,Medium,Slow,3.75mm,Experiment_2
2025-10-23T02:03:51.178Z,110,1127,3009,414,1447,3834,3338,3187,13286,2095,2256,8203,Day_1,Medium,Slow,3.75mm,Experiment_2
2025-10-23T02:03:51.218Z,115,1132,3004,419,1447,3826,3336,3191,13311,2090,2255,8209,Day_1,Medium,Slow,3.75mm,Experiment_2
2025-10-23T02:03:51.258Z,114,1128,2995,420,1442,3815,3339,3190,13311,2094,2257,8209,Day_1,Medium,Slow,3.75mm,Experiment_2
2025-10-23T02:03:51.298Z,106,1122,2992,418,1439,3810,3340,3193,13291,2104,2263,8205,Day_1,Medium,Slow,3.75mm,Experiment_2
2025-10-23T02:03:51.338Z,98,1122,2996,414,1444,3815,3331,3203,13274,2110,2270,8202,Day_1,Medium,Slow,3.75mm,Experiment_2
2025-10-23T02:03:51.378Z,97,1127,3002,414,1451,3822,3323,3207,13269,2112,2270,8202,Day_1,Medium,Slow,3.75mm,Experiment_2
2025-10-23T02:03:51.418Z,101,1130,3006,415,1456,3827,3327,3203,13269,2117,2263,8203,Day_1,Medium,Slow,3.75mm,Experiment_2
2025-10-23T02:03:51.458Z,98,1129,3007,408,1454,3829,3335,3196,13270,2121,2255,8204,Day_1,Medium,Slow,3.75mm,Experiment_2
2025-10-23T02:03:51.498Z,87,1123,3007,397,1447,3830,3340,3190,13278,2119,2249,8209,Day_1,Medium,Slow,3.75mm,Experiment_2
2025-10-23T02:03:51.538Z,80,1116,3006,393,1439,3831,3350,3191,13288,2117,2247,8215,Day_1,Medium,Slow,3.75mm,Experiment_2
2025-10-23T02:03:51.578Z,79,1113,3005,394,1435,3832,3368,3193,13290,2120,2246,8218,Day_1,Medium,Slow,3.75mm,Experiment_2
2025-10-23T02:03:51.618Z,79,1115,3007,393,1436,3834,3375,3180,13285,2120,2242,8217,Day_1,Medium,Slow,3.75mm,Experiment_2
2025-10-23T02:03:51.658Z,80,1119,3009,392,1439,3835,3365,3162,13275,2112,2239,8212,Day_1,Medium,Slow,3.75mm,Experiment_2
2025-10-23T02:03:51.698Z,84,1122,3008,396,1442,3833,3352,3153,13268,2107,2238,8207,Day_1,Medium,Slow,3.75mm,Experiment_2
2025-10-23T02:03:51.738Z,89,1123,3006,402,1443,3830,3347,3154,13267,2107,2236,8203,Day_1,Medium,Slow,3.75mm,Experiment_2
2025-10-23T02:03:51.778Z,97,1120,3006,411,1437,3831,3345,3163,13266,2109,2240,8199,Day_1,Medium,Slow,3.75mm,Experiment_2
2025-10-23T02:03:51.818Z,107,1119,3010,423,1432,3836,3348,3185,13270,2112,2255,8200,Day_1,Medium,Slow,3.75mm,Experiment_2
2025-10-23T02:03:51.858Z,113,1123,3013,429,1434,3840,3358,3207,13280,2116,2274,8206,Day_1,Medium,Slow,3.75mm,Experiment_2
2025-10-23T02:03:51.898Z,111,1131,3011,425,1443,3837,3370,3214,13290,2122,2282,8212,Day_1,Medium,Slow,3.75mm,Experiment_2
2025-10-23T02:03:51.938Z,106,1135,3005,417,1451,3830,3376,3204,13296,2128,2275,8216,Day_1,Medium,Slow,3.75mm,Experiment_2
2025-10-23T02:03:51.978Z,104,1136,3001,411,1453,3824,3371,3189,13292,2131,2262,8215,Day_1,Medium,Slow,3.75mm,Experiment_2
2025-10-23T02:03:52.018Z,104,1132,2999,408,1450,3823,3364,3185,13281,2131,2255,8209,Day_1,Medium,Slow,3.75mm,Experiment_2
2025-10-23T02:03:52.058Z,106,1124,2998,412,1444,3823,3363,3199,13280,2129,2260,8205,Day_1,Medium,Slow,3.75mm,Experiment_2
2025-10-23T02:03:52.098Z,111,1116,3002,418,1438,3827,3369,3217,13296,2128,2270,8208,Day_1,Medium,Slow,3.75mm,Experiment_2
2025-10-23T02:03:52.138Z,114,1112,3010,420,1435,3834,3373,3223,13313,2129,2275,8213,Day_1,Medium,Slow,3.75mm,Experiment_2
2025-10-23T02:03:52.178Z,113,1114,3017,417,1435,3840,3360,3214,13323,2125,2272,8219,Day_1,Medium,Slow,3.75mm,Experiment_2
2025-10-23T02:03:52.218Z,113,1119,3018,415,1438,3840,3339,3205,13324,2115,2266,8222,Day_1,Medium,Slow,3.75mm,Experiment_2
2025-10-23T02:03:52.258Z,112,1124,3014,415,1443,3834,3338,3204,13311,2110,2262,8221,Day_1,Medium,Slow,3.75mm,Experiment_2
2025-10-23T02:03:52.298Z,109,1129,3009,411,1450,3829,3363,3204,13286,2117,2260,8213,Day_1,Medium,Slow,3.75mm,Experiment_2
2025-10-23T02:03:52.338Z,105,1132,3007,406,1456,3827,3385,3197,13265,2122,2256,8203,Day_1,Medium,Slow,3.75mm,Experiment_2
2025-10-23T02:03:52.378Z,104,1132,3008,406,1457,3829,3381,3188,13254,2119,2251,8195,Day_1,Medium,Slow,3.75mm,Experiment_2
2025-10-23T02:03:52.418Z,105,1130,3015,410,1454,3835,3359,3182,13246,2111,2247,8189,Day_1,Medium,Slow,3.75mm,Experiment_2
2025-10-23T02:03:52.458Z,106,1128,3017,412,1450,3838,3345,3181,13237,2108,2250,8187,Day_1,Medium,Slow,3.75mm,Experiment_2
2025-10-23T02:03:52.498Z,107,1126,3013,414,1447,3835,3346,3196,13233,2111,2265,8187,Day_1,Medium,Slow,3.75mm,Experiment_2
2025-10-23T02:03:52.538Z,110,1125,3010,416,1445,3834,3353,3219,13241,2117,2281,8191,Day_1,Medium,Slow,3.75mm,Experiment_2
2025-10-23T02:03:52.578Z,113,1128,3016,418,1445,3838,3356,3225,13259,2120,2284,8197,Day_1,Medium,Slow,3.75mm,Experiment_2
2025-10-23T02:03:52.618Z,114,1135,3024,416,1451,3843,3348,3208,13276,2117,2272,8201,Day_1,Medium,Slow,3.75mm,Experiment_2
2025-10-23T02:03:52.658Z,109,1139,3030,409,1454,3845,3333,3186,13278,2111,2259,8200,Day_1,Medium,Slow,3.75mm,Experiment_2
2025-10-23T02:03:52.698Z,103,1135,3030,403,1451,3846,3330,3176,13270,2110,2253,8199,Day_1,Medium,Slow,3.75mm,Experiment_2
2025-10-23T02:03:52.738Z,106,1129,3025,406,1443,3843,3344,3169,13266,2115,2251,8204,Day_1,Medium,Slow,3.75mm,Experiment_2
2025-10-23T02:03:52.778Z,118,1127,3019,417,1439,3839,3353,3167,13273,2119,2252,8211,Day_1,Medium,Slow,3.75mm,Experiment_2
2025-10-23T02:03:52.818Z,129,1125,3018,426,1435,3839,3344,3184,13281,2115,2259,8211,Day_1,Medium,Slow,3.75mm,Experiment_2
2025-10-23T02:03:52.858Z,128,1120,3020,430,1431,3839,3332,3208,13280,2107,2266,8204,Day_1,Medium,Slow,3.75mm,Experiment_2
2025-10-23T02:03:52.898Z,120,1117,3018,428,1430,3835,3332,3221,13275,2107,2269,8199,Day_1,Medium,Slow,3.75mm,Experiment_2
2025-10-23T02:03:52.938Z,106,1116,3012,420,1432,3828,3340,3228,13273,2113,2270,8199,Day_1,Medium,Slow,3.75mm,Experiment_2
2025-10-23T02:03:52.978Z,93,1115,3007,409,1434,3823,3348,3233,13272,2116,2269,8204,Day_1,Medium,Slow,3.75mm,Experiment_2
2025-10-23T02:03:53.018Z,92,1116,3007,407,1437,3823,3354,3228,13273,2116,2265,8208,Day_1,Medium,Slow,3.75mm,Experiment_2
2025-10-23T02:03:53.058Z,105,1120,3010,416,1441,3825,3359,3204,13276,2118,2254,8210,Day_1,Medium,Slow,3.75mm,Experiment_2
2025-10-23T02:03:53.098Z,114,1124,3011,423,1444,3827,3367,3173,13282,2123,2241,8212,Day_1,Medium,Slow,3.75mm,Experiment_2
2025-10-23T02:03:53.138Z,111,1126,3013,419,1444,3832,3380,3154,13291,2130,2234,8215,Day_1,Medium,Slow,3.75mm,Experiment_2
2025-10-23T02:03:53.178Z,102,1125,3019,409,1444,3842,3394,3158,13291,2136,2239,8215,Day_1,Medium,Slow,3.75mm,Experiment_2
2025-10-23T02:03:53.218Z,97,1122,3023,403,1442,3851,3402,3179,13274,2141,2252,8207,Day_1,Medium,Slow,3.75mm,Experiment_2
2025-10-23T02:03:53.258Z,95,1120,3022,401,1440,3851,3401,3197,13252,2142,2262,8197,Day_1,Medium,Slow,3.75mm,Experiment_2
2025-10-23T02:03:53.298Z,94,1119,3016,400,1437,3844,3389,3194,13246,2136,2260,8193,Day_1,Medium,Slow,3.75mm,Experiment_2
2025-10-23T02:03:53.338Z,92,1117,3008,399,1435,3834,3377,3172,13257,2131,2251,8194,Day_1,Medium,Slow,3.75mm,Experiment_2
2025-10-23T02:03:53.378Z,90,1115,2999,396,1433,3825,3371,3151,13271,2131,2241,8198,Day_1,Medium,Slow,3.75mm,Experiment_2
2025-10-23T02:03:53.418Z,91,1113,2990,394,1434,3817,3369,3149,13274,2133,2238,8198,Day_1,Medium,Slow,3.75mm,Experiment_2
2025-10-23T02:03:53.458Z,94,1113,2986,397,1437,3813,3368,3176,13266,2134,2246,8193,Day_1,Medium,Slow,3.75mm,Experiment_2
2025-10-23T02:03:53.498Z,96,1116,2990,399,1442,3817,3369,3218,13255,2135,2260,8187,Day_1,Medium,Slow,3.75mm,Experiment_2
2025-10-23T02:03:53.538Z,89,1120,3002,394,1446,3826,3375,3248,13248,2138,2270,8186,Day_1,Medium,Slow,3.75mm,Experiment_2
2025-10-23T02:03:53.578Z,83,1123,3009,389,1448,3832,3389,3250,13241,2143,2271,8188,Day_1,Medium,Slow,3.75mm,Experiment_2
2025-10-23T02:03:53.618Z,89,1125,3005,395,1448,3831,3404,3229,13237,2147,2267,8190,Day_1,Medium,Slow,3.75mm,Experiment_2
2025-10-23T02:03:53.658Z,100,1124,3002,405,1447,3829,3405,3200,13244,2143,2261,8194,Day_1,Medium,Slow,3.75mm,Experiment_2
2025-10-23T02:03:53.698Z,103,1120,3007,409,1443,3834,3392,3189,13258,2135,2265,8199,Day_1,Medium,Slow,3.75mm,Experiment_2
2025-10-23T02:03:53.738Z,99,1116,3015,407,1437,3839,3383,3198,13274,2128,2284,8204,Day_1,Medium,Slow,3.75mm,Experiment_2
2025-10-23T02:03:53.778Z,93,1110,3021,402,1431,3840,3382,3197,13287,2124,2303,8208,Day_1,Medium,Slow,3.75mm,Experiment_2
2025-10-23T02:03:53.818Z,92,1105,3023,401,1428,3841,3373,3177,13291,2118,2302,8209,Day_1,Medium,Slow,3.75mm,Experiment_2
2025-10-23T02:03:53.858Z,97,1105,3022,404,1429,3841,3362,3163,13283,2114,2282,8207,Day_1,Medium,Slow,3.75mm,Experiment_2
2025-10-23T02:03:53.898Z,101,1108,3018,406,1435,3837,3361,3169,13272,2116,2261,8204,Day_1,Medium,Slow,3.75mm,Experiment_2
2025-10-23T02:03:53.938Z,102,1114,3012,405,1442,3832,3363,3180,13265,2121,2252,8202,Day_1,Medium,Slow,3.75mm,Experiment_2
2025-10-23T02:03:53.978Z,99,1114,3010,403,1444,3830,3358,3184,13264,2124,2251,8202,Day_1,Medium,Slow,3.75mm,Experiment_2
2025-10-23T02:03:54.018Z,96,1107,3013,399,1438,3834,3348,3181,13265,2121,2251,8200,Day_1,Medium,Slow,3.75mm,Experiment_2
2025-10-23T02:03:54.058Z,96,1100,3017,399,1430,3839,3339,3182,13263,2114,2256,8197,Day_1,Medium,Slow,3.75mm,Experiment_2
2025-10-23T02:03:54.098Z,100,1102,3016,405,1430,3838,3337,3189,13259,2109,2263,8197,Day_1,Medium,Slow,3.75mm,Experiment_2
2025-10-23T02:03:54.138Z,108,1111,3009,414,1436,3832,3349,3184,13251,2112,2262,8196,Day_1,Medium,Slow,3.75mm,Experiment_2
2025-10-23T02:03:54.178Z,116,1117,3004,422,1441,3828,3369,3169,13235,2119,2253,8193,Day_1,Medium,Slow,3.75mm,Experiment_2
2025-10-23T02:03:54.218Z,118,1120,3004,427,1442,3827,3386,3168,13229,2124,2250,8191,Day_1,Medium,Slow,3.75mm,Experiment_2
2025-10-23T02:03:54.258Z,120,1123,3005,431,1441,3827,3392,3187,13245,2127,2257,8195,Day_1,Medium,Slow,3.75mm,Experiment_2
2025-10-23T02:03:54.298Z,123,1126,3007,435,1439,3827,3386,3205,13266,2125,2265,8202,Day_1,Medium,Slow,3.75mm,Experiment_2
2025-10-23T02:03:54.338Z,125,1122,3011,436,1437,3831,3376,3206,13275,2121,2265,8206,Day_1,Medium,Slow,3.75mm,Experiment_2
2025-10-23T02:03:54.378Z,124,1116,3016,434,1433,3837,3372,3198,13273,2120,2261,8210,Day_1,Medium,Slow,3.75mm,Experiment_2
2025-10-23T02:03:54.418Z,120,1116,3016,428,1433,3837,3374,3191,13271,2126,2255,8215,Day_1,Medium,Slow,3.75mm,Experiment_2
2025-10-23T02:03:54.458Z,112,1120,3010,420,1435,3832,3374,3186,13271,2130,2247,8217,Day_1,Medium,Slow,3.75mm,Experiment_2
2025-10-23T02:03:54.498Z,106,1124,3004,414,1435,3827,3363,3178,13273,2128,2241,8214,Day_1,Medium,Slow,3.75mm,Experiment_2
2025-10-23T02:03:54.538Z,106,1125,3002,412,1433,3828,3346,3170,13279,2119,2235,8212,Day_1,Medium,Slow,3.75mm,Experiment_2
2025-10-23T02:03:54.579Z,108,1121,3007,413,1429,3834,3344,3173,13285,2113,2235,8214,Day_1,Medium,Slow,3.75mm,Experiment_2
2025-10-23T02:03:54.619Z,109,1114,3017,413,1423,3841,3364,3177,13284,2117,2235,8214,Day_1,Medium,Slow,3.75mm,Experiment_2
2025-10-23T02:03:54.659Z,112,1110,3021,417,1424,3842,3385,3162,13278,2121,2231,8211,Day_1,Medium,Slow,3.75mm,Experiment_2
2025-10-23T02:03:54.699Z,121,1114,3019,427,1431,3839,3384,3142,13272,2119,2231,8206,Day_1,Medium,Slow,3.75mm,Experiment_2
2025-10-23T02:03:54.739Z,132,1118,3014,439,1438,3836,3361,3139,13266,2111,2236,8202,Day_1,Medium,Slow,3.75mm,Experiment_2
2025-10-23T02:03:54.779Z,135,1119,3007,442,1440,3830,3339,3161,13267,2101,2250,8202,Day_1,Medium,Slow,3.75mm,Experiment_2
2025-10-23T02:03:54.819Z,127,1117,2999,434,1438,3823,3333,3196,13280,2095,2269,8206,Day_1,Medium,Slow,3.75mm,Experiment_2
2025-10-23T02:03:54.859Z,121,1117,2996,427,1437,3821,3336,3224,13294,2096,2282,8211,Day_1,Medium,Slow,3.75mm,Experiment_2
2025-10-23T02:03:54.899Z,119,1121,3002,424,1440,3827,3336,3232,13298,2097,2283,8214,Day_1,Medium,Slow,3.75mm,Experiment_2
2025-10-23T02:03:54.939Z,113,1124,3013,419,1443,3837,3336,3219,13285,2099,2276,8211,Day_1,Medium,Slow,3.75mm,Experiment_2
2025-10-23T02:03:54.979Z,110,1126,3022,417,1445,3845,3343,3197,13266,2107,2269,8204,Day_1,Medium,Slow,3.75mm,Experiment_2
2025-10-23T02:03:55.019Z,114,1131,3022,422,1449,3844,3352,3186,13258,2117,2266,8198,Day_1,Medium,Slow,3.75mm,Experiment_2
2025-10-23T02:03:55.059Z,121,1137,3016,428,1451,3837,3354,3192,13266,2121,2264,8200,Day_1,Medium,Slow,3.75mm,Experiment_2
2025-10-23T02:03:55.099Z,128,1140,3013,434,1449,3833,3358,3195,13282,2124,2257,8205,Day_1,Medium,Slow,3.75mm,Experiment_2
2025-10-23T02:03:55.139Z,129,1140,3019,435,1448,3837,3372,3185,13294,2131,2248,8207,Day_1,Medium,Slow,3.75mm,Experiment_2
2025-10-23T02:03:55.179Z,122,1139,3026,427,1448,3844,3384,3168,13301,2136,2239,8210,Day_1,Medium,Slow,3.75mm,Experiment_2
2025-10-23T02:03:55.219Z,108,1137,3023,414,1449,3842,3379,3156,13302,2131,2230,8213,Day_1,Medium,Slow,3.75mm,Experiment_2
2025-10-23T02:03:55.259Z,96,1135,3011,406,1450,3832,3360,3155,13290,2117,2225,8210,Day_1,Medium,Slow,3.75mm,Experiment_2
2025-10-23T02:03:55.299Z,97,1131,3001,407,1448,3821,3341,3164,13272,2108,2227,8201,Day_1,Medium,Slow,3.75mm,Experiment_2
2025-10-23T02:03:55.339Z,106,1120,2996,416,1438,3816,3337,3172,13267,2107,2230,8194,Day_1,Medium,Slow,3.75mm,Experiment_2
2025-10-23T02:03:55.379Z,114,1110,2992,425,1428,3815,3349,3176,13280,2110,2232,8195,Day_1,Medium,Slow,3.75mm,Experiment_2
2025-10-23T02:03:55.419Z,117,1111,2991,430,1426,3819,3357,3190,13295,2112,2240,8200,Day_1,Medium,Slow,3.75mm,Experiment_2
2025-10-23T02:03:55.459Z,122,1121,2997,434,1434,3826,3348,3213,13301,2111,2253,8202,Day_1,Medium,Slow,3.75mm,Experiment_2
2025-10-23T02:03:55.499Z,123,1129,3008,432,1442,3833,3342,3219,13299,2113,2259,8200,Day_1,Medium,Slow,3.75mm,Experiment_2
2025-10-23T02:03:55.539Z,114,1130,3015,420,1443,3835,3356,3204,13296,2120,2254,8197,Day_1,Medium,Slow,3.75mm,Experiment_2
2025-10-23T02:03:55.579Z,105,1124,3016,409,1438,3833,3373,3183,13296,2126,2245,8198,Day_1,Medium,Slow,3.75mm,Experiment_2
2025-10-23T02:03:55.619Z,103,1117,3011,409,1432,3826,3381,3165,13297,2125,2239,8201,Day_1,Medium,Slow,3.75mm,Experiment_2
2025-10-23T02:03:55.659Z,100,1113,3006,411,1429,3821,3381,3161,13300,2123,2239,8207,Day_1,Medium,Slow,3.75mm,Experiment_2
2025-10-23T02:03:55.699Z,87,1111,3004,408,1429,3821,3373,3173,13308,2122,2246,8216,Day_1,Medium,Slow,3.75mm,Experiment_2
2025-10-23T02:03:55.739Z,73,1110,3003,404,1431,3825,3359,3187,13313,2120,2255,8221,Day_1,Medium,Slow,3.75mm,Experiment_2
2025-10-23T02:03:55.779Z,67,1111,2999,401,1433,3828,3346,3193,13298,2114,2257,8217,Day_1,Medium,Slow,3.75mm,Experiment_2
2025-10-23T02:03:55.819Z,63,1116,2997,400,1436,3832,3340,3193,13273,2108,2252,8205,Day_1,Medium,Slow,3.75mm,Experiment_2
2025-10-23T02:03:55.859Z,64,1119,3002,405,1437,3837,3339,3195,13254,2109,2247,8191,Day_1,Medium,Slow,3.75mm,Experiment_2
2025-10-23T02:03:55.899Z,75,1114,3009,416,1430,3841,3343,3201,13244,2117,2247,8182,Day_1,Medium,Slow,3.75mm,Experiment_2
2025-10-23T02:03:55.939Z,87,1105,3018,428,1421,3846,3350,3204,13241,2125,2250,8179,Day_1,Medium,Slow,3.75mm,Experiment_2
2025-10-23T02:03:55.979Z,103,1100,3025,433,1417,3851,3352,3202,13248,2126,2256,8182,Day_1,Medium,Slow,3.75mm,Experiment_2
2025-10-23T02:03:56.019Z,143,1104,3027,427,1422,3851,3346,3198,13261,2124,2260,8191,Day_1,Medium,Slow,3.75mm,Experiment_2
2025-10-23T02:03:56.059Z,209,1107,3025,416,1424,3846,3339,3194,13272,2121,2259,8200,Day_1,Medium,Slow,3.75mm,Experiment_2
2025-10-23T02:03:56.099Z,283,1104,3024,412,1421,3840,3343,3190,13270,2121,2255,8204,Day_1,Medium,Slow,3.75mm,Experiment_2
2025-10-23T02:03:56.139Z,405,1104,3025,418,1421,3838,3356,3188,13264,2122,2254,8204,Day_1,Medium,Slow,3.75mm,Experiment_2
2025-10-23T02:03:56.179Z,628,1109,3023,433,1426,3837,3365,3186,13272,2124,2255,8207,Day_1,Medium,Slow,3.75mm,Experiment_2
2025-10-23T02:03:56.219Z,761,1117,3018,447,1432,3837,3370,3179,13288,2127,2253,8212,Day_1,Medium,Slow,3.75mm,Experiment_2
2025-10-23T02:03:56.259Z,596,1126,3015,450,1438,3839,3376,3172,13290,2129,2252,8215,Day_1,Medium,Slow,3.75mm,Experiment_2
2025-10-23T02:03:56.299Z,310,1133,3019,446,1445,3845,3377,3173,13287,2126,2255,8213,Day_1,Medium,Slow,3.75mm,Experiment_2
2025-10-23T02:03:56.339Z,145,1136,3029,440,1449,3852,3367,3177,13299,2117,2257,8212,Day_1,Medium,Slow,3.75mm,Experiment_2
2025-10-23T02:03:56.379Z,100,1133,3040,434,1448,3859,3351,3176,13321,2107,2255,8213,Day_1,Medium,Slow,3.75mm,Experiment_2
2025-10-23T02:03:56.419Z,89,1126,3041,425,1445,3858,3342,3177,13331,2105,2254,8214,Day_1,Medium,Slow,3.75mm,Experiment_2
2025-10-23T02:03:56.459Z,81,1115,3032,417,1439,3852,3347,3187,13321,2113,2257,8211,Day_1,Medium,Slow,3.75mm,Experiment_2
2025-10-23T02:03:56.499Z,81,1106,3020,417,1431,3844,3357,3198,13302,2121,2261,8204,Day_1,Medium,Slow,3.75mm,Experiment_2
2025-10-23T02:03:56.539Z,80,1106,3008,418,1428,3835,3366,3202,13289,2124,2263,8198,Day_1,Medium,Slow,3.75mm,Experiment_2
2025-10-23T02:03:56.579Z,81,1111,3000,417,1430,3829,3380,3197,13285,2130,2261,8197,Day_1,Medium,Slow,3.75mm,Experiment_2
2025-10-23T02:03:56.619Z,104,1118,2999,414,1434,3829,3394,3194,13290,2140,2261,8201,Day_1,Medium,Slow,3.75mm,Experiment_2
2025-10-23T02:03:56.659Z,146,1126,3001,414,1440,3830,3393,3208,13300,2143,2273,8205,Day_1,Medium,Slow,3.75mm,Experiment_2
2025-10-23T02:03:56.699Z,186,1132,3002,416,1447,3828,3379,3230,13306,2136,2295,8207,Day_1,Medium,Slow,3.75mm,Experiment_2
2025-10-23T02:03:56.739Z,230,1136,3001,414,1451,3824,3366,3228,13305,2126,2311,8205,Day_1,Medium,Slow,3.75mm,Experiment_2
2025-10-23T02:03:56.779Z,302,1135,2998,407,1451,3821,3367,3203,13300,2121,2306,8202,Day_1,Medium,Slow,3.75mm,Experiment_2
2025-10-23T02:03:56.819Z,341,1131,2998,402,1449,3820,3378,3185,13289,2120,2281,8198,Day_1,Medium,Slow,3.75mm,Experiment_2
2025-10-23T02:03:56.859Z,280,1127,3001,404,1446,3822,3383,3185,13276,2118,2257,8194,Day_1,Medium,Slow,3.75mm,Experiment_2
2025-10-23T02:03:56.899Z,186,1127,3002,412,1446,3824,3375,3191,13275,2113,2250,8198,Day_1,Medium,Slow,3.75mm,Experiment_2
2025-10-23T02:03:56.939Z,134,1130,3005,415,1448,3827,3354,3197,13288,2106,2255,8206,Day_1,Medium,Slow,3.75mm,Experiment_2
2025-10-23T02:03:56.979Z,110,1130,3011,407,1447,3831,3331,3195,13301,2098,2257,8212,Day_1,Medium,Slow,3.75mm,Experiment_2
2025-10-23T02:03:57.019Z,91,1126,3017,394,1443,3835,3324,3183,13303,2094,2253,8209,Day_1,Medium,Slow,3.75mm,Experiment_2
2025-10-23T02:03:57.059Z,82,1121,3023,389,1440,3840,3339,3178,13293,2102,2252,8204,Day_1,Medium,Slow,3.75mm,Experiment_2
2025-10-23T02:03:57.099Z,84,1121,3029,394,1439,3845,3362,3185,13279,2114,2256,8202,Day_1,Medium,Slow,3.75mm,Experiment_2
2025-10-23T02:03:57.139Z,85,1121,3030,398,1437,3845,3376,3198,13266,2123,2257,8201,Day_1,Medium,Slow,3.75mm,Experiment_2
2025-10-23T02:03:57.179Z,83,1115,3022,396,1433,3839,3373,3211,13257,2128,2260,8200,Day_1,Medium,Slow,3.75mm,Experiment_2
2025-10-23T02:03:57.219Z,82,1108,3011,395,1429,3831,3351,3222,13253,2125,2268,8198,Day_1,Medium,Slow,3.75mm,Experiment_2
2025-10-23T02:03:57.259Z,86,1108,3004,396,1431,3825,3324,3233,13257,2115,2278,8196,Day_1,Medium,Slow,3.75mm,Experiment_2
2025-10-23T02:03:57.299Z,94,1116,3002,401,1438,3821,3310,3239,13264,2103,2284,8193,Day_1,Medium,Slow,3.75mm,Experiment_2
2025-10-23T02:03:57.339Z,106,1123,2993,410,1446,3822,3312,3228,13263,2095,2277,8190,Day_1,Medium,Slow,3.75mm,Experiment_2
2025-10-23T02:03:57.379Z,117,1126,2971,418,1449,3824,3317,3199,13253,2091,2261,8188,Day_1,Medium,Slow,3.75mm,Experiment_2
2025-10-23T02:03:57.419Z,117,1124,2955,418,1446,3824,3322,3174,13239,2094,2248,8186,Day_1,Medium,Slow,3.75mm,Experiment_2
2025-10-23T02:03:57.459Z,108,1122,2965,412,1443,3825,3329,3171,13233,2103,2246,8187,Day_1,Medium,Slow,3.75mm,Experiment_2
2025-10-23T02:03:57.499Z,102,1123,2989,409,1444,3830,3336,3175,13248,2113,2248,8195,Day_1,Medium,Slow,3.75mm,Experiment_2
2025-10-23T02:03:57.539Z,100,1125,3007,411,1446,3834,3338,3172,13271,2115,2248,8204,Day_1,Medium,Slow,3.75mm,Experiment_2
2025-10-23T02:03:57.579Z,101,1125,3021,414,1443,3836,3335,3173,13281,2109,2247,8208,Day_1,Medium,Slow,3.75mm,Experiment_2
2025-10-23T02:03:57.619Z,106,1123,3041,422,1439,3840,3330,3184,13285,2102,2251,8208,Day_1,Medium,Slow,3.75mm,Experiment_2
2025-10-23T02:03:57.659Z,113,1121,3075,429,1436,3846,3330,3194,13285,2103,2256,8209,Day_1,Medium,Slow,3.75mm,Experiment_2
2025-10-23T02:03:57.699Z,113,1118,3151,427,1432,3847,3339,3194,13279,2109,2256,8207,Day_1,Medium,Slow,3.75mm,Experiment_2
2025-10-23T02:03:57.739Z,107,1117,3284,415,1430,3842,3350,3189,13275,2113,2249,8206,Day_1,Medium,Slow,3.75mm,Experiment_2
2025-10-23T02:03:57.779Z,103,1118,3388,406,1431,3835,3355,3184,13276,2111,2241,8207,Day_1,Medium,Slow,3.75mm,Experiment_2
2025-10-23T02:03:57.819Z,103,1117,3431,409,1433,3836,3359,3182,13278,2113,2241,8207,Day_1,Medium,Slow,3.75mm,Experiment_2
2025-10-23T02:03:57.859Z,108,1118,3517,417,1436,3843,3370,3191,13284,2121,2250,8207,Day_1,Medium,Slow,3.75mm,Experiment_2
2025-10-23T02:03:57.899Z,113,1126,3559,424,1441,3847,3386,3207,13290,2131,2257,8206,Day_1,Medium,Slow,3.75mm,Experiment_2
2025-10-23T02:03:57.939Z,114,1136,3381,424,1450,3844,3395,3209,13283,2135,2257,8201,Day_1,Medium,Slow,3.75mm,Experiment_2
2025-10-23T02:03:57.979Z,108,1141,3102,416,1456,3838,3389,3203,13271,2131,2256,8194,Day_1,Medium,Slow,3.75mm,Experiment_2
2025-10-23T02:03:58.019Z,101,1137,2935,408,1456,3831,3374,3207,13271,2124,2262,8190,Day_1,Medium,Slow,3.75mm,Experiment_2
2025-10-23T02:03:58.059Z,100,1130,2886,405,1451,3826,3367,3216,13288,2121,2271,8194,Day_1,Medium,Slow,3.75mm,Experiment_2
2025-10-23T02:03:58.099Z,99,1128,2857,404,1446,3825,3375,3218,13306,2120,2274,8199,Day_1,Medium,Slow,3.75mm,Experiment_2
2025-10-23T02:03:58.139Z,96,1127,2842,401,1441,3827,3384,3212,13302,2120,2269,8200,Day_1,Medium,Slow,3.75mm,Experiment_2
2025-10-23T02:03:58.179Z,92,1124,2883,398,1436,3835,3384,3204,13282,2124,2260,8200,Day_1,Medium,Slow,3.75mm,Experiment_2
2025-10-23T02:03:58.219Z,90,1121,2937,398,1432,3842,3379,3196,13270,2131,2256,8205,Day_1,Medium,Slow,3.75mm,Experiment_2
2025-10-23T02:03:58.259Z,91,1119,2965,400,1431,3841,3371,3183,13270,2133,2255,8210,Day_1,Medium,Slow,3.75mm,Experiment_2
2025-10-23T02:03:58.299Z,90,1120,2998,397,1433,3834,3362,3173,13272,2125,2257,8211,Day_1,Medium,Slow,3.75mm,Experiment_2
2025-10-23T02:03:58.339Z,88,1119,3050,395,1435,3830,3359,3180,13274,2117,2264,8208,Day_1,Medium,Slow,3.75mm,Experiment_2
2025-10-23T02:03:58.379Z,91,1116,3090,399,1436,3833,3370,3205,13274,2119,2274,8201,Day_1,Medium,Slow,3.75mm,Experiment_2
2025-10-23T02:03:58.419Z,101,1112,3104,410,1435,3838,3382,3226,13272,2126,2281,8194,Day_1,Medium,Slow,3.75mm,Experiment_2
2025-10-23T02:03:58.459Z,108,1112,3120,417,1433,3839,3383,3220,13279,2127,2274,8196,Day_1,Medium,Slow,3.75mm,Experiment_2
2025-10-23T02:03:58.499Z,106,1113,3129,415,1432,3837,3381,3194,13299,2122,2256,8207,Day_1,Medium,Slow,3.75mm,Experiment_2
2025-10-23T02:03:58.539Z,100,1117,3094,408,1435,3835,3380,3173,13314,2115,2242,8215,Day_1,Medium,Slow,3.75mm,Experiment_2
2025-10-23T02:03:58.579Z,100,1120,3037,407,1439,3833,3371,3169,13314,2108,2239,8216,Day_1,Medium,Slow,3.75mm,Experiment_2
2025-10-23T02:03:58.619Z,105,1118,3002,411,1440,3829,3354,3173,13304,2103,2242,8212,Day_1,Medium,Slow,3.75mm,Experiment_2
2025-10-23T02:03:58.659Z,105,1115,3001,412,1441,3827,3338,3172,13287,2099,2247,8207,Day_1,Medium,Slow,3.75mm,Experiment_2
2025-10-23T02:03:58.699Z,99,1118,3011,408,1444,3828,3318,3172,13281,2093,2253,8205,Day_1,Medium,Slow,3.75mm,Experiment_2
2025-10-23T02:03:58.739Z,94,1124,3015,404,1447,3830,3290,3182,13292,2087,2261,8212,Day_1,Medium,Slow,3.75mm,Experiment_2
2025-10-23T02:03:58.779Z,89,1128,3016,399,1447,3831,3268,3199,13311,2090,2268,8222,Day_1,Medium,Slow,3.75mm,Experiment_2
2025-10-23T02:03:58.819Z,83,1130,3018,392,1446,3832,3271,3212,13326,2102,2268,8228,Day_1,Medium,Slow,3.75mm,Experiment_2
2025-10-23T02:03:58.859Z,79,1129,3020,389,1446,3834,3296,3225,13329,2107,2267,8227,Day_1,Medium,Slow,3.75mm,Experiment_2
2025-10-23T02:03:58.900Z,77,1130,3019,388,1449,3834,3325,3240,13322,2108,2270,8220,Day_1,Medium,Slow,3.75mm,Experiment_2
2025-10-23T02:03:58.940Z,77,1130,3015,390,1449,3835,3348,3250,13310,2111,2275,8213,Day_1,Medium,Slow,3.75mm,Experiment_2
2025-10-23T02:03:58.980Z,81,1124,3013,394,1445,3835,3360,3246,13287,2114,2274,8207,Day_1,Medium,Slow,3.75mm,Experiment_2
2025-10-23T02:03:59.020Z,91,1117,3012,402,1444,3832,3359,3233,13237,2113,2268,8195,Day_1,Medium,Slow,3.75mm,Experiment_2
2025-10-23T02:03:59.060Z,107,1113,3008,414,1452,3826,3353,3216,13167,2110,2258,8179,Day_1,Medium,Slow,3.75mm,Experiment_2
2025-10-23T02:03:59.100Z,118,1113,3004,424,1457,3820,3348,3198,13098,2110,2252,8166,Day_1,Medium,Slow,3.75mm,Experiment_2
2025-10-23T02:03:59.140Z,115,1113,3003,421,1450,3820,3344,3188,12982,2111,2253,8148,Day_1,Medium,Slow,3.75mm,Experiment_2
2025-10-23T02:03:59.180Z,103,1107,3005,410,1435,3824,3338,3186,12765,2113,2258,8112,Day_1,Medium,Slow,3.75mm,Experiment_2
2025-10-23T02:03:59.220Z,90,1096,3006,401,1419,3825,3333,3178,12644,2113,2255,8092,Day_1,Medium,Slow,3.75mm,Experiment_2
2025-10-23T02:03:59.260Z,85,1087,3006,401,1410,3825,3332,3164,12830,2110,2247,8125,Day_1,Medium,Slow,3.75mm,Experiment_2
2025-10-23T02:03:59.300Z,89,1090,3004,406,1413,3821,3336,3162,13151,2105,2242,8185,Day_1,Medium,Slow,3.75mm,Experiment_2
2025-10-23T02:03:59.340Z,98,1105,3000,412,1427,3817,3349,3181,13383,2105,2246,8232,Day_1,Medium,Slow,3.75mm,Experiment_2
2025-10-23T02:03:59.380Z,106,1125,2996,417,1443,3816,3364,3207,13592,2109,2254,8273,Day_1,Medium,Slow,3.75mm,Experiment_2
2025-10-23T02:03:59.420Z,109,1138,2996,418,1455,3819,3371,3217,13878,2115,2257,8319,Day_1,Medium,Slow,3.75mm,Experiment_2
2025-10-23T02:03:59.460Z,107,1137,2997,415,1456,3822,3372,3208,14057,2122,2252,8343,Day_1,Medium,Slow,3.75mm,Experiment_2
2025-10-23T02:03:59.500Z,106,1129,2996,413,1450,3820,3365,3189,13987,2126,2243,8330,Day_1,Medium,Slow,3.75mm,Experiment_2
2025-10-23T02:03:59.540Z,107,1124,2998,413,1446,3820,3351,3166,13887,2122,2232,8320,Day_1,Medium,Slow,3.75mm,Experiment_2
2025-10-23T02:03:59.580Z,104,1123,3006,413,1446,3825,3333,3150,13809,2111,2227,8312,Day_1,Medium,Slow,3.75mm,Experiment_2
2025-10-23T02:03:59.620Z,97,1127,3014,410,1449,3832,3324,3156,13561,2100,2233,8267,Day_1,Medium,Slow,3.75mm,Experiment_2
2025-10-23T02:03:59.660Z,92,1137,3019,405,1456,3834,3326,3182,13210,2098,2247,8202,Day_1,Medium,Slow,3.75mm,Experiment_2
2025-10-23T02:03:59.700Z,93,1144,3020,404,1462,3833,3332,3205,13009,2102,2261,8165,Day_1,Medium,Slow,3.75mm,Experiment_2
2025-10-23T02:03:59.740Z,97,1146,3019,407,1464,3832,3342,3212,13037,2108,2269,8168,Day_1,Medium,Slow,3.75mm,Experiment_2
2025-10-23T02:03:59.780Z,100,1148,3020,410,1466,3833,3362,3207,13134,2116,2267,8183,Day_1,Medium,Slow,3.75mm,Experiment_2
2025-10-23T02:03:59.820Z,104,1146,3026,412,1466,3838,3379,3202,13185,2122,2263,8190,Day_1,Medium,Slow,3.75mm,Experiment_2
2025-10-23T02:03:59.860Z,112,1142,3034,417,1461,3847,3374,3199,13210,2121,2260,8192,Day_1,Medium,Slow,3.75mm,Experiment_2
2025-10-23T02:03:59.900Z,120,1139,3042,420,1458,3857,3354,3190,13225,2112,2255,8194,Day_1,Medium,Slow,3.75mm,Experiment_2
2025-10-23T02:03:59.940Z,119,1138,3045,416,1455,3862,3342,3174,13252,2105,2244,8198,Day_1,Medium,Slow,3.75mm,Experiment_2
2025-10-23T02:03:59.980Z,109,1132,3042,406,1450,3859,3345,3158,13335,2104,2234,8212,Day_1,Medium,Slow,3.75mm,Experiment_2
2025-10-23T02:04:00.020Z,95,1125,3032,397,1443,3849,3352,3155,13461,2107,2231,8236,Day_1,Medium,Slow,3.75mm,Experiment_2
2025-10-23T02:04:00.060Z,86,1120,3019,394,1437,3838,3360,3169,13531,2110,2235,8252,Day_1,Medium,Slow,3.75mm,Experiment_2
2025-10-23T02:04:00.100Z,84,1120,3010,398,1434,3829,3371,3194,13496,2116,2247,8249,Day_1,Medium,Slow,3.75mm,Experiment_2
2025-10-23T02:04:00.140Z,88,1121,3002,403,1435,3821,3377,3213,13443,2118,2259,8241,Day_1,Medium,Slow,3.75mm,Experiment_2
2025-10-23T02:04:00.180Z,94,1117,2998,406,1434,3817,3372,3211,13416,2114,2264,8235,Day_1,Medium,Slow,3.75mm,Experiment_2
2025-10-23T02:04:00.220Z,100,1114,3006,410,1435,3823,3362,3191,13378,2113,2257,8224,Day_1,Medium,Slow,3.75mm,Experiment_2
2025-10-23T02:04:00.260Z,108,1120,3020,416,1443,3837,3351,3168,13335,2113,2247,8213,Day_1,Medium,Slow,3.75mm,Experiment_2
2025-10-23T02:04:00.300Z,116,1130,3030,423,1451,3847,3343,3158,13312,2114,2244,8208,Day_1,Medium,Slow,3.75mm,Experiment_2
2025-10-23T02:04:00.340Z,117,1133,3033,424,1452,3850,3349,3166,13299,2118,2249,8205,Day_1,Medium,Slow,3.75mm,Experiment_2
2025-10-23T02:04:00.380Z,111,1127,3032,417,1443,3849,3362,3178,13285,2127,2254,8201,Day_1,Medium,Slow,3.75mm,Experiment_2
2025-10-23T02:04:00.420Z,104,1116,3027,409,1432,3844,3367,3185,13274,2133,2254,8198,Day_1,Medium,Slow,3.75mm,Experiment_2
2025-10-23T02:04:00.460Z,102,1109,3021,407,1428,3837,3364,3193,13270,2132,2255,8197,Day_1,Medium,Slow,3.75mm,Experiment_2
2025-10-23T02:04:00.500Z,106,1113,3019,412,1434,3835,3367,3197,13276,2127,2254,8201,Day_1,Medium,Slow,3.75mm,Experiment_2
2025-10-23T02:04:00.540Z,112,1122,3021,417,1446,3836,3378,3193,13288,2121,2247,8207,Day_1,Medium,Slow,3.75mm,Experiment_2
2025-10-23T02:04:00.580Z,111,1128,3018,417,1451,3835,3380,3189,13299,2115,2242,8210,Day_1,Medium,Slow,3.75mm,Experiment_2
2025-10-23T02:04:00.620Z,106,1128,3015,413,1448,3834,3368,3196,13310,2109,2244,8208,Day_1,Medium,Slow,3.75mm,Experiment_2
2025-10-23T02:04:00.660Z,103,1129,3014,410,1445,3836,3354,3203,13323,2108,2248,8207,Day_1,Medium,Slow,3.75mm,Experiment_2
2025-10-23T02:04:00.700Z,102,1133,3014,412,1446,3837,3344,3200,13336,2110,2248,8210,Day_1,Medium,Slow,3.75mm,Experiment_2
2025-10-23T02:04:00.740Z,99,1134,3011,411,1448,3836,3331,3190,13332,2108,2246,8213,Day_1,Medium,Slow,3.75mm,Experiment_2
2025-10-23T02:04:00.780Z,94,1120,3008,407,1449,3835,3320,3177,13311,2105,2243,8213,Day_1,Medium,Slow,3.75mm,Experiment_2
2025-10-23T02:04:00.820Z,92,1068,3008,405,1451,3836,3322,3167,13289,2108,2242,8211,Day_1,Medium,Slow,3.75mm,Experiment_2
2025-10-23T02:04:00.860Z,96,968,3013,407,1449,3841,3331,3171,13280,2115,2249,8210,Day_1,Medium,Slow,3.75mm,Experiment_2
2025-10-23T02:04:00.900Z,100,889,3018,411,1444,3844,3344,3184,13285,2121,2257,8210,Day_1,Medium,Slow,3.75mm,Experiment_2
2025-10-23T02:04:00.940Z,99,909,3018,411,1443,3841,3365,3190,13297,2126,2255,8210,Day_1,Medium,Slow,3.75mm,Experiment_2
2025-10-23T02:04:00.980Z,97,1011,3018,410,1446,3838,3387,3186,13305,2131,2248,8207,Day_1,Medium,Slow,3.75mm,Experiment_2
2025-10-23T02:04:01.020Z,97,1143,3020,412,1444,3838,3397,3178,13311,2134,2238,8204,Day_1,Medium,Slow,3.75mm,Experiment_2
2025-10-23T02:04:01.060Z,99,1327,3018,415,1434,3836,3391,3174,13317,2132,2231,8204,Day_1,Medium,Slow,3.75mm,Experiment_2
2025-10-23T02:04:01.100Z,101,1637,3011,416,1421,3831,3384,3177,13315,2129,2231,8205,Day_1,Medium,Slow,3.75mm,Experiment_2
2025-10-23T02:04:01.140Z,99,1942,3004,413,1413,3826,3382,3185,13310,2129,2238,8207,Day_1,Medium,Slow,3.75mm,Experiment_2
2025-10-23T02:04:01.180Z,94,1944,3003,404,1413,3828,3375,3196,13315,2129,2248,8209,Day_1,Medium,Slow,3.75mm,Experiment_2
2025-10-23T02:04:01.220Z,89,1656,3007,394,1424,3835,3361,3191,13318,2125,2248,8209,Day_1,Medium,Slow,3.75mm,Experiment_2
2025-10-23T02:04:01.260Z,90,1370,3011,393,1439,3839,3352,3169,13307,2119,2239,8204,Day_1,Medium,Slow,3.75mm,Experiment_2
2025-10-23T02:04:01.300Z,101,1222,3009,406,1452,3836,3350,3159,13289,2114,2236,8199,Day_1,Medium,Slow,3.75mm,Experiment_2
2025-10-23T02:04:01.340Z,112,1158,3008,422,1458,3832,3350,3173,13280,2111,2245,8199,Day_1,Medium,Slow,3.75mm,Experiment_2
2025-10-23T02:04:01.380Z,112,1110,3015,426,1454,3835,3345,3201,13281,2108,2259,8203,Day_1,Medium,Slow,3.75mm,Experiment_2
2025-10-23T02:04:01.420Z,109,1012,3023,422,1435,3842,3332,3220,13290,2101,2268,8208,Day_1,Medium,Slow,3.75mm,Experiment_2
2025-10-23T02:04:01.460Z,115,848,3027,423,1404,3845,3313,3222,13307,2092,2267,8215,Day_1,Medium,Slow,3.75mm,Experiment_2
2025-10-23T02:04:01.500Z,124,727,3026,428,1378,3843,3301,3223,13329,2088,2265,8223,Day_1,Medium,Slow,3.75mm,Experiment_2
2025-10-23T02:04:01.540Z,122,744,3021,423,1376,3837,3310,3234,13340,2094,2270,8227,Day_1,Medium,Slow,3.75mm,Experiment_2
2025-10-23T02:04:01.580Z,112,853,3015,413,1400,3830,3330,3235,13331,2105,2274,8224,Day_1,Medium,Slow,3.75mm,Experiment_2
2025-10-23T02:04:01.620Z,107,988,3010,408,1431,3827,3348,3214,13315,2115,2264,8218,Day_1,Medium,Slow,3.75mm,Experiment_2
2025-10-23T02:04:01.660Z,111,1129,3010,414,1449,3829,3358,3186,13305,2120,2249,8215,Day_1,Medium,Slow,3.75mm,Experiment_2
2025-10-23T02:04:01.700Z,118,1269,3015,422,1452,3834,3359,3173,13301,2119,2243,8215,Day_1,Medium,Slow,3.75mm,Experiment_2
2025-10-23T02:04:01.740Z,119,1376,3019,422,1446,3837,3359,3183,13302,2114,2249,8216,Day_1,Medium,Slow,3.75mm,Experiment_2
2025-10-23T02:04:01.780Z,111,1388,3017,414,1440,3834,3362,3203,13317,2110,2260,8219,Day_1,Medium,Slow,3.75mm,Experiment_2
2025-10-23T02:04:01.820Z,99,1315,3009,403,1440,3826,3355,3223,13339,2106,2269,8225,Day_1,Medium,Slow,3.75mm,Experiment_2
2025-10-23T02:04:01.860Z,91,1234,3002,399,1445,3820,3334,3237,13350,2100,2275,8228,Day_1,Medium,Slow,3.75mm,Experiment_2
2025-10-23T02:04:01.900Z,90,1180,3005,404,1447,3825,3317,3235,13341,2096,2274,8224,Day_1,Medium,Slow,3.75mm,Experiment_2
2025-10-23T02:04:01.940Z,94,1150,3012,410,1448,3834,3311,3214,13317,2094,2267,8214,Day_1,Medium,Slow,3.75mm,Experiment_2
2025-10-23T02:04:01.980Z,100,1138,3015,414,1449,3838,3310,3192,13295,2094,2259,8207,Day_1,Medium,Slow,3.75mm,Experiment_2
2025-10-23T02:04:02.020Z,107,1130,3016,416,1445,3838,3316,3188,13277,2094,2256,8201,Day_1,Medium,Slow,3.75mm,Experiment_2
2025-10-23T02:04:02.060Z,109,1123,3022,417,1439,3841,3323,3191,13263,2095,2256,8195,Day_1,Medium,Slow,3.75mm,Experiment_2
2025-10-23T02:04:02.100Z,106,1116,3026,414,1433,3845,3335,3186,13260,2097,2254,8194,Day_1,Medium,Slow,3.75mm,Experiment_2
2025-10-23T02:04:02.140Z,101,1109,3025,410,1428,3844,3354,3164,13267,2104,2244,8200,Day_1,Medium,Slow,3.75mm,Experiment_2
2025-10-23T02:04:02.180Z,97,1105,3020,405,1426,3839,3367,3143,13274,2110,2233,8208,Day_1,Medium,Slow,3.75mm,Experiment_2
2025-10-23T02:04:02.220Z,92,1111,3018,400,1431,3834,3359,3133,13276,2108,2226,8214,Day_1,Medium,Slow,3.75mm,Experiment_2
2025-10-23T02:04:02.260Z,90,1122,3022,398,1438,3834,3337,3129,13273,2101,2222,8216,Day_1,Medium,Slow,3.75mm,Experiment_2
2025-10-23T02:04:02.300Z,94,1131,3030,400,1444,3838,3316,3126,13272,2096,2221,8212,Day_1,Medium,Slow,3.75mm,Experiment_2
2025-10-23T02:04:02.340Z,99,1132,3037,404,1446,3845,3310,3135,13275,2096,2228,8209,Day_1,Medium,Slow,3.75mm,Experiment_2
2025-10-23T02:04:02.380Z,101,1128,3038,408,1444,3850,3322,3162,13283,2103,2241,8208,Day_1,Medium,Slow,3.75mm,Experiment_2
2025-10-23T02:04:02.420Z,99,1126,3038,410,1443,3851,3343,3194,13293,2114,2255,8208,Day_1,Medium,Slow,3.75mm,Experiment_2
2025-10-23T02:04:02.460Z,98,1126,3041,412,1442,3853,3339,3206,13295,2124,2262,8206,Day_1,Medium,Slow,3.75mm,Experiment_2
2025-10-23T02:04:02.500Z,101,1126,3043,415,1439,3856,3234,3189,13291,2114,2256,8206,Day_1,Medium,Slow,3.75mm,Experiment_2
2025-10-23T02:04:02.540Z,105,1127,3039,418,1438,3854,3001,3161,13296,2072,2243,8213,Day_1,Medium,Slow,3.75mm,Experiment_2
2025-10-23T02:04:02.580Z,107,1129,3028,419,1441,3846,2799,3151,13310,2026,2233,8221,Day_1,Medium,Slow,3.75mm,Experiment_2
2025-10-23T02:04:02.620Z,110,1129,3012,421,1443,3833,2790,3165,13317,2010,2234,8222,Day_1,Medium,Slow,3.75mm,Experiment_2
2025-10-23T02:04:02.660Z,116,1125,2998,425,1440,3819,2928,3186,13308,2026,2241,8214,Day_1,Medium,Slow,3.75mm,Experiment_2
2025-10-23T02:04:02.700Z,118,1119,2990,427,1435,3812,3188,3211,13295,2076,2253,8204,Day_1,Medium,Slow,3.75mm,Experiment_2
2025-10-23T02:04:02.740Z,109,1117,2992,420,1435,3814,3690,3232,13292,2175,2266,8198,Day_1,Medium,Slow,3.75mm,Experiment_2
2025-10-23T02:04:02.780Z,97,1123,2998,411,1444,3821,4524,3229,13294,2329,2267,8196,Day_1,Medium,Slow,3.75mm,Experiment_2
2025-10-23T02:04:02.820Z,91,1133,3005,405,1455,3827,5320,3202,13293,2469,2255,8197,Day_1,Medium,Slow,3.75mm,Experiment_2
2025-10-23T02:04:02.861Z,91,1138,3012,407,1462,3833,5402,3180,13294,2480,2243,8199,Day_1,Medium,Slow,3.75mm,Experiment_2
2025-10-23T02:04:02.901Z,97,1136,3021,411,1463,3840,4786,3182,13294,2365,2244,8201,Day_1,Medium,Slow,3.75mm,Experiment_2
2025-10-23T02:04:02.941Z,101,1133,3027,412,1461,3847,4104,3210,13294,2235,2257,8202,Day_1,Medium,Slow,3.75mm,Experiment_2
2025-10-23T02:04:02.981Z,100,1132,3029,408,1459,3849,3661,3243,13299,2151,2272,8207,Day_1,Medium,Slow,3.75mm,Experiment_2
2025-10-23T02:04:03.021Z,96,1133,3030,405,1456,3848,3422,3258,13309,2108,2276,8215,Day_1,Medium,Slow,3.75mm,Experiment_2
2025-10-23T02:04:03.061Z,94,1134,3030,406,1454,3847,3312,3253,13318,2094,2270,8218,Day_1,Medium,Slow,3.75mm,Experiment_2
2025-10-23T02:04:03.101Z,94,1134,3026,409,1454,3843,3210,3240,13322,2084,2261,8217,Day_1,Medium,Slow,3.75mm,Experiment_2
2025-10-23T02:04:03.141Z,99,1132,3019,414,1451,3836,3042,3223,13324,2060,2252,8216,Day_1,Medium,Slow,3.75mm,Experiment_2
2025-10-23T02:04:03.181Z,105,1129,3011,420,1446,3829,2905,3206,13327,2040,2245,8217,Day_1,Medium,Slow,3.75mm,Experiment_2
2025-10-23T02:04:03.221Z,108,1128,3002,423,1444,3823,2908,3193,13329,2043,2241,8215,Day_1,Medium,Slow,3.75mm,Experiment_2
2025-10-23T02:04:03.261Z,107,1130,2999,421,1445,3824,3007,3174,13321,2058,2235,8211,Day_1,Medium,Slow,3.75mm,Experiment_2
2025-10-23T02:04:03.301Z,110,1130,3009,421,1448,3835,3153,3153,13301,2080,2228,8204,Day_1,Medium,Slow,3.75mm,Experiment_2
2025-10-23T02:04:03.341Z,117,1129,3026,425,1448,3851,3365,3143,13279,2116,2224,8197,Day_1,Medium,Slow,3.75mm,Experiment_2
2025-10-23T02:04:03.381Z,122,1130,3034,427,1448,3857,3651,3149,13273,2171,2227,8194,Day_1,Medium,Slow,3.75mm,Experiment_2
2025-10-23T02:04:03.421Z,121,1132,3029,425,1450,3849,3907,3166,13273,2221,2237,8196,Day_1,Medium,Slow,3.75mm,Experiment_2
2025-10-23T02:04:03.461Z,116,1132,3015,423,1448,3834,3954,3188,13268,2226,2251,8195,Day_1,Medium,Slow,3.75mm,Experiment_2
2025-10-23T02:04:03.501Z,114,1127,3005,423,1440,3825,3798,3206,13257,2190,2261,8188,Day_1,Medium,Slow,3.75mm,Experiment_2
2025-10-23T02:04:03.541Z,115,1121,3006,423,1433,3824,3608,3212,13249,2149,2262,8183,Day_1,Medium,Slow,3.75mm,Experiment_2
2025-10-23T02:04:03.581Z,116,1118,3010,423,1431,3825,3455,3200,13249,2122,2254,8185,Day_1,Medium,Slow,3.75mm,Experiment_2
2025-10-23T02:04:03.621Z,116,1114,3010,422,1430,3825,3342,3178,13262,2104,2242,8192,Day_1,Medium,Slow,3.75mm,Experiment_2
2025-10-23T02:04:03.661Z,115,1113,3009,420,1430,3827,3276,3162,13287,2097,2231,8201,Day_1,Medium,Slow,3.75mm,Experiment_2
2025-10-23T02:04:03.701Z,113,1114,3007,419,1432,3829,3264,3163,13310,2102,2230,8208,Day_1,Medium,Slow,3.75mm,Experiment_2
2025-10-23T02:04:03.741Z,110,1114,3004,417,1433,3826,3303,3184,13315,2115,2240,8210,Day_1,Medium,Slow,3.75mm,Experiment_2
2025-10-23T02:04:03.781Z,105,1115,3001,412,1436,3821,3347,3212,13307,2124,2252,8210,Day_1,Medium,Slow,3.75mm,Experiment_2
2025-10-23T02:04:03.821Z,99,1119,3003,404,1442,3820,3359,3224,13306,2123,2260,8209,Day_1,Medium,Slow,3.75mm,Experiment_2
2025-10-23T02:04:03.861Z,94,1124,3007,400,1447,3822,3357,3216,13310,2117,2264,8209,Day_1,Medium,Slow,3.75mm,Experiment_2
2025-10-23T02:04:03.901Z,91,1127,3007,398,1447,3824,3372,3205,13305,2116,2267,8209,Day_1,Medium,Slow,3.75mm,Experiment_2
2025-10-23T02:04:03.941Z,88,1126,3003,398,1443,3823,3413,3195,13293,2122,2266,8208,Day_1,Medium,Slow,3.75mm,Experiment_2
2025-10-23T02:04:03.981Z,88,1122,3000,398,1441,3821,3453,3180,13285,2128,2257,8205,Day_1,Medium,Slow,3.75mm,Experiment_2
2025-10-23T02:04:04.021Z,87,1121,3003,397,1442,3824,3460,3173,13285,2128,2249,8201,Day_1,Medium,Slow,3.75mm,Experiment_2
2025-10-23T02:04:04.061Z,86,1124,3010,397,1445,3830,3436,3182,13289,2128,2240,8200,Day_1,Medium,Slow,3.75mm,Experiment_2
2025-10-23T02:04:04.101Z,88,1126,3014,399,1446,3834,3415,3197,13291,2130,2219,8203,Day_1,Medium,Slow,3.75mm,Experiment_2
2025-10-23T02:04:04.141Z,89,1125,3019,402,1447,3839,3408,3195,13285,2132,2193,8205,Day_1,Medium,Slow,3.75mm,Experiment_2
2025-10-23T02:04:04.181Z,93,1125,3027,404,1450,3847,3400,3137,13267,2129,2181,8201,Day_1,Medium,Slow,3.75mm,Experiment_2
2025-10-23T02:04:04.221Z,101,1124,3032,410,1449,3855,3381,3012,13249,2119,2184,8194,Day_1,Medium,Slow,3.75mm,Experiment_2
2025-10-23T02:04:04.261Z,108,1119,3030,416,1445,3853,3354,2922,13251,2110,2198,8192,Day_1,Medium,Slow,3.75mm,Experiment_2
2025-10-23T02:04:04.301Z,111,1116,3023,419,1440,3846,3340,2987,13275,2111,2234,8199,Day_1,Medium,Slow,3.75mm,Experiment_2
2025-10-23T02:04:04.341Z,112,1116,3018,420,1439,3841,3347,3202,13300,2121,2295,8210,Day_1,Medium,Slow,3.75mm,Experiment_2
2025-10-23T02:04:04.381Z,110,1123,3015,418,1443,3839,3359,3481,13314,2128,2362,8218,Day_1,Medium,Slow,3.75mm,Experiment_2
2025-10-23T02:04:04.421Z,108,1137,3013,415,1453,3834,3366,3916,13318,2132,2429,8220,Day_1,Medium,Slow,3.75mm,Experiment_2
2025-10-23T02:04:04.461Z,108,1151,3010,414,1465,3828,3372,4749,13317,2134,2501,8218,Day_1,Medium,Slow,3.75mm,Experiment_2
2025-10-23T02:04:04.501Z,114,1159,3009,421,1471,3825,3385,5597,13311,2137,2530,8215,Day_1,Medium,Slow,3.75mm,Experiment_2
2025-10-23T02:04:04.541Z,117,1156,3009,426,1468,3825,3390,5561,13309,2137,2453,8216,Day_1,Medium,Slow,3.75mm,Experiment_2
2025-10-23T02:04:04.581Z,110,1146,3006,423,1460,3824,3372,4654,13320,2129,2320,8222,Day_1,Medium,Slow,3.75mm,Experiment_2
2025-10-23T02:04:04.621Z,99,1136,3002,415,1451,3821,3349,3768,13332,2115,2212,8227,Day_1,Medium,Slow,3.75mm,Experiment_2
2025-10-23T02:04:04.661Z,93,1127,2998,410,1443,3820,3341,3333,13330,2104,2175,8226,Day_1,Medium,Slow,3.75mm,Experiment_2
2025-10-23T02:04:04.701Z,94,1120,2997,408,1436,3820,3341,3181,13326,2098,2224,8226,Day_1,Medium,Slow,3.75mm,Experiment_2
2025-10-23T02:04:04.741Z,98,1116,2999,408,1432,3821,3337,3087,13328,2097,2293,8228,Day_1,Medium,Slow,3.75mm,Experiment_2
2025-10-23T02:04:04.781Z,103,1112,3006,412,1429,3825,3330,2857,13326,2100,2305,8227,Day_1,Medium,Slow,3.75mm,Experiment_2
2025-10-23T02:04:04.821Z,107,1107,3016,417,1427,3832,3325,2422,13313,2105,2282,8220,Day_1,Medium,Slow,3.75mm,Experiment_2
2025-10-23T02:04:04.861Z,106,1105,3026,416,1427,3840,3324,2080,13294,2106,2265,8211,Day_1,Medium,Slow,3.75mm,Experiment_2
2025-10-23T02:04:04.901Z,100,1109,3033,408,1429,3847,3327,2120,13282,2107,2258,8205,Day_1,Medium,Slow,3.75mm,Experiment_2
2025-10-23T02:04:04.941Z,93,1120,3037,398,1437,3854,3340,2412,13278,2114,2251,8204,Day_1,Medium,Slow,3.75mm,Experiment_2
2025-10-23T02:04:04.981Z,91,1131,3039,396,1446,3859,3359,2776,13272,2124,2244,8203,Day_1,Medium,Slow,3.75mm,Experiment_2
2025-10-23T02:04:05.021Z,95,1136,3037,403,1450,3860,3375,3150,13271,2132,2239,8201,Day_1,Medium,Slow,3.75mm,Experiment_2
2025-10-23T02:04:05.061Z,100,1134,3032,412,1448,3855,3379,3521,13283,2135,2239,8204,Day_1,Medium,Slow,3.75mm,Experiment_2
2025-10-23T02:04:05.101Z,103,1128,3024,416,1444,3845,3374,3812,13305,2134,2247,8212,Day_1,Medium,Slow,3.75mm,Experiment_2
2025-10-23T02:04:05.141Z,104,1123,3016,417,1440,3835,3371,3854,13323,2129,2259,8220,Day_1,Medium,Slow,3.75mm,Experiment_2
2025-10-23T02:04:05.181Z,105,1120,3016,417,1436,3834,3374,3675,13328,2125,2270,8221,Day_1,Medium,Slow,3.75mm,Experiment_2
2025-10-23T02:04:05.221Z,105,1117,3019,418,1433,3837,3378,3469,13324,2126,2273,8217,Day_1,Medium,Slow,3.75mm,Experiment_2
2025-10-23T02:04:05.261Z,105,1117,3019,418,1435,3838,3382,3323,13316,2127,2266,8213,Day_1,Medium,Slow,3.75mm,Experiment_2
2025-10-23T02:04:05.301Z,107,1117,3020,419,1437,3838,3387,3239,13306,2128,2257,8209,Day_1,Medium,Slow,3.75mm,Experiment_2
2025-10-23T02:04:05.341Z,110,1114,3027,418,1435,3842,3395,3206,13292,2131,2256,8206,Day_1,Medium,Slow,3.75mm,Experiment_2
2025-10-23T02:04:05.381Z,107,1110,3033,414,1432,3845,3406,3192,13281,2137,2254,8205,Day_1,Medium,Slow,3.75mm,Experiment_2
2025-10-23T02:04:05.421Z,102,1107,3032,408,1433,3842,3408,3176,13285,2139,2248,8211,Day_1,Medium,Slow,3.75mm,Experiment_2
2025-10-23T02:04:05.461Z,100,1107,3026,408,1437,3838,3399,3163,13301,2132,2243,8220,Day_1,Medium,Slow,3.75mm,Experiment_2
2025-10-23T02:04:05.501Z,107,1109,3024,417,1438,3839,3390,3160,13318,2123,2242,8228,Day_1,Medium,Slow,3.75mm,Experiment_2
2025-10-23T02:04:05.541Z,114,1112,3029,425,1436,3844,3381,3170,13327,2115,2248,8233,Day_1,Medium,Slow,3.75mm,Experiment_2
2025-10-23T02:04:05.581Z,113,1115,3031,421,1432,3845,3367,3193,13327,2109,2257,8234,Day_1,Medium,Slow,3.75mm,Experiment_2
2025-10-23T02:04:05.621Z,108,1114,3025,415,1428,3839,3357,3218,13319,2106,2266,8230,Day_1,Medium,Slow,3.75mm,Experiment_2
2025-10-23T02:04:05.661Z,107,1114,3015,414,1429,3830,3361,3234,13311,2109,2274,8225,Day_1,Medium,Slow,3.75mm,Experiment_2
2025-10-23T02:04:05.701Z,103,1118,3008,412,1435,3827,3372,3236,13305,2115,2278,8221,Day_1,Medium,Slow,3.75mm,Experiment_2
2025-10-23T02:04:05.741Z,99,1121,3006,408,1440,3828,3370,3224,13295,2118,2274,8216,Day_1,Medium,Slow,3.75mm,Experiment_2
2025-10-23T02:04:05.781Z,100,1119,3006,409,1441,3831,3352,3204,13282,2116,2266,8210,Day_1,Medium,Slow,3.75mm,Experiment_2
2025-10-23T02:04:05.821Z,99,1114,3012,409,1438,3837,3333,3190,13273,2115,2260,8204,Day_1,Medium,Slow,3.75mm,Experiment_2
2025-10-23T02:04:05.861Z,92,1111,3020,404,1436,3843,3327,3185,13277,2114,2255,8201,Day_1,Medium,Slow,3.75mm,Experiment_2
2025-10-23T02:04:05.901Z,85,1113,3020,399,1435,3842,3333,3188,13290,2115,2255,8203,Day_1,Medium,Slow,3.75mm,Experiment_2
2025-10-23T02:04:05.941Z,84,1119,3017,397,1436,3837,3345,3202,13305,2120,2263,8208,Day_1,Medium,Slow,3.75mm,Experiment_2
2025-10-23T02:04:05.981Z,84,1123,3013,397,1436,3831,3351,3214,13321,2126,2270,8215,Day_1,Medium,Slow,3.75mm,Experiment_2
2025-10-23T02:04:06.021Z,85,1125,3005,398,1436,3823,3349,3212,13331,2126,2266,8219,Day_1,Medium,Slow,3.75mm,Experiment_2
2025-10-23T02:04:06.061Z,88,1126,2994,402,1439,3813,3349,3200,13332,2123,2256,8219,Day_1,Medium,Slow,3.75mm,Experiment_2
2025-10-23T02:04:06.101Z,97,1125,2988,408,1443,3810,3357,3189,13326,2123,2248,8217,Day_1,Medium,Slow,3.75mm,Experiment_2
2025-10-23T02:04:06.141Z,106,1121,2993,414,1443,3817,3363,3177,13316,2124,2243,8213,Day_1,Medium,Slow,3.75mm,Experiment_2
2025-10-23T02:04:06.181Z,108,1118,3005,416,1440,3831,3361,3166,13306,2122,2240,8210,Day_1,Medium,Slow,3.75mm,Experiment_2
2025-10-23T02:04:06.221Z,105,1119,3012,413,1438,3837,3370,3165,13299,2123,2240,8207,Day_1,Medium,Slow,3.75mm,Experiment_2
2025-10-23T02:04:06.261Z,100,1122,3011,408,1437,3833,3395,3172,13295,2131,2242,8205,Day_1,Medium,Slow,3.75mm,Experiment_2
2025-10-23T02:04:06.301Z,95,1124,3010,404,1437,3826,3410,3176,13293,2138,2241,8202,Day_1,Medium,Slow,3.75mm,Experiment_2
2025-10-23T02:04:06.341Z,94,1125,3012,403,1438,3826,3406,3177,13300,2137,2240,8204,Day_1,Medium,Slow,3.75mm,Experiment_2
2025-10-23T02:04:06.381Z,99,1122,3017,409,1437,3832,3395,3179,13322,2132,2243,8216,Day_1,Medium,Slow,3.75mm,Experiment_2
2025-10-23T02:04:06.421Z,107,1115,3023,416,1434,3839,3386,3185,13345,2127,2252,8230,Day_1,Medium,Slow,3.75mm,Experiment_2
2025-10-23T02:04:06.461Z,113,1111,3029,421,1432,3844,3384,3198,13351,2128,2265,8235,Day_1,Medium,Slow,3.75mm,Experiment_2
2025-10-23T02:04:06.501Z,115,1112,3033,422,1432,3846,3390,3217,13335,2133,2281,8228,Day_1,Medium,Slow,3.75mm,Experiment_2
2025-10-23T02:04:06.541Z,113,1115,3035,419,1434,3846,3396,3226,13306,2135,2288,8215,Day_1,Medium,Slow,3.75mm,Experiment_2
2025-10-23T02:04:06.581Z,107,1120,3032,412,1439,3842,3397,3214,13283,2136,2282,8205,Day_1,Medium,Slow,3.75mm,Experiment_2
2025-10-23T02:04:06.621Z,104,1130,3024,408,1447,3836,3397,3193,13274,2138,2269,8200,Day_1,Medium,Slow,3.75mm,Experiment_2
2025-10-23T02:04:06.661Z,103,1141,3012,406,1456,3828,3395,3179,13279,2137,2259,8201,Day_1,Medium,Slow,3.75mm,Experiment_2
2025-10-23T02:04:06.701Z,101,1146,3003,404,1460,3821,3387,3176,13286,2131,2254,8202,Day_1,Medium,Slow,3.75mm,Experiment_2
2025-10-23T02:04:06.741Z,99,1142,2999,403,1457,3818,3378,3177,13285,2124,2252,8201,Day_1,Medium,Slow,3.75mm,Experiment_2
2025-10-23T02:04:06.781Z,103,1134,3002,406,1451,3820,3371,3174,13281,2120,2249,8200,Day_1,Medium,Slow,3.75mm,Experiment_2
2025-10-23T02:04:06.822Z,108,1129,3006,411,1447,3824,3369,3178,13285,2118,2248,8203,Day_1,Medium,Slow,3.75mm,Experiment_2
2025-10-23T02:04:06.862Z,111,1128,3007,414,1446,3827,3370,3192,13294,2117,2251,8205,Day_1,Medium,Slow,3.75mm,Experiment_2
2025-10-23T02:04:06.902Z,114,1131,3005,416,1447,3827,3367,3202,13292,2117,2254,8201,Day_1,Medium,Slow,3.75mm,Experiment_2
2025-10-23T02:04:06.942Z,114,1137,3002,418,1451,3826,3363,3204,13284,2119,2255,8195,Day_1,Medium,Slow,3.75mm,Experiment_2
2025-10-23T02:04:06.982Z,108,1136,3001,416,1452,3825,3370,3214,13284,2126,2263,8195,Day_1,Medium,Slow,3.75mm,Experiment_2
2025-10-23T02:04:07.022Z,104,1126,3000,413,1445,3825,3384,3240,13292,2134,2277,8201,Day_1,Medium,Slow,3.75mm,Experiment_2
2025-10-23T02:04:07.062Z,105,1114,3001,413,1434,3825,3393,3263,13307,2137,2288,8211,Day_1,Medium,Slow,3.75mm,Experiment_2
2025-10-23T02:04:07.102Z,111,1110,3005,417,1430,3827,3390,3257,13328,2132,2287,8221,Day_1,Medium,Slow,3.75mm,Experiment_2
2025-10-23T02:04:07.142Z,115,1116,3014,420,1435,3833,3378,3225,13344,2122,2272,8225,Day_1,Medium,Slow,3.75mm,Experiment_2
2025-10-23T02:04:07.182Z,115,1123,3019,419,1440,3836,3361,3197,13350,2114,2256,8223,Day_1,Medium,Slow,3.75mm,Experiment_2
2025-10-23T02:04:07.222Z,115,1125,3013,417,1442,3830,3347,3191,13345,2112,2249,8219,Day_1,Medium,Slow,3.75mm,Experiment_2
2025-10-23T02:04:07.262Z,116,1124,3007,415,1442,3824,3344,3200,13326,2112,2251,8212,Day_1,Medium,Slow,3.75mm,Experiment_2
2025-10-23T02:04:07.302Z,113,1124,3010,413,1443,3829,3354,3209,13301,2112,2257,8202,Day_1,Medium,Slow,3.75mm,Experiment_2
2025-10-23T02:04:07.342Z,102,1124,3020,404,1443,3841,3366,3212,13280,2113,2263,8191,Day_1,Medium,Slow,3.75mm,Experiment_2
2025-10-23T02:04:07.382Z,89,1123,3027,394,1441,3848,3362,3211,13268,2111,2266,8184,Day_1,Medium,Slow,3.75mm,Experiment_2
2025-10-23T02:04:07.422Z,85,1119,3028,393,1436,3848,3351,3213,13263,2110,2271,8182,Day_1,Medium,Slow,3.75mm,Experiment_2
2025-10-23T02:04:07.462Z,87,1118,3030,397,1434,3848,3348,3217,13259,2115,2274,8182,Day_1,Medium,Slow,3.75mm,Experiment_2
2025-10-23T02:04:07.502Z,88,1122,3033,398,1439,3850,3355,3221,13257,2121,2272,8184,Day_1,Medium,Slow,3.75mm,Experiment_2
2025-10-23T02:04:07.542Z,88,1127,3035,396,1446,3849,3365,3220,13265,2124,2269,8189,Day_1,Medium,Slow,3.75mm,Experiment_2
2025-10-23T02:04:07.582Z,91,1129,3035,398,1449,3846,3364,3211,13284,2121,2264,8197,Day_1,Medium,Slow,3.75mm,Experiment_2
2025-10-23T02:04:07.622Z,97,1125,3031,408,1448,3844,3350,3200,13302,2115,2258,8205,Day_1,Medium,Slow,3.75mm,Experiment_2
2025-10-23T02:04:07.662Z,103,1119,3022,416,1443,3842,3345,3189,13309,2112,2252,8207,Day_1,Medium,Slow,3.75mm,Experiment_2
2025-10-23T02:04:07.702Z,104,1117,3013,416,1439,3837,3363,3183,13308,2117,2248,8205,Day_1,Medium,Slow,3.75mm,Experiment_2
2025-10-23T02:04:07.742Z,101,1117,3009,411,1437,3833,3388,3185,13305,2128,2251,8206,Day_1,Medium,Slow,3.75mm,Experiment_2
2025-10-23T02:04:07.782Z,104,1120,3008,412,1437,3831,3395,3190,13302,2132,2256,8210,Day_1,Medium,Slow,3.75mm,Experiment_2
2025-10-23T02:04:07.822Z,113,1125,3006,420,1440,3828,3385,3189,13306,2127,2259,8216,Day_1,Medium,Slow,3.75mm,Experiment_2
2025-10-23T02:04:07.862Z,121,1130,3004,426,1445,3825,3375,3187,13312,2121,2260,8219,Day_1,Medium,Slow,3.75mm,Experiment_2
2025-10-23T02:04:07.902Z,124,1130,3003,428,1446,3823,3362,3191,13313,2113,2261,8216,Day_1,Medium,Slow,3.75mm,Experiment_2
2025-10-23T02:04:07.942Z,120,1125,3006,425,1442,3826,3340,3197,13308,2102,2262,8211,Day_1,Medium,Slow,3.75mm,Experiment_2
2025-10-23T02:04:07.982Z,111,1118,3014,417,1436,3832,3326,3190,13303,2095,2254,8207,Day_1,Medium,Slow,3.75mm,Experiment_2
2025-10-23T02:04:08.022Z,105,1114,3018,412,1433,3832,3332,3173,13303,2097,2242,8203,Day_1,Medium,Slow,3.75mm,Experiment_2
2025-10-23T02:04:08.062Z,105,1114,3011,412,1432,3823,3348,3160,13303,2101,2232,8201,Day_1,Medium,Slow,3.75mm,Experiment_2
2025-10-23T02:04:08.102Z,109,1112,3000,414,1430,3812,3366,3153,13307,2107,2224,8202,Day_1,Medium,Slow,3.75mm,Experiment_2
2025-10-23T02:04:08.142Z,111,1110,2993,416,1428,3809,3383,3151,13317,2115,2219,8208,Day_1,Medium,Slow,3.75mm,Experiment_2
2025-10-23T02:04:08.182Z,111,1111,2993,416,1432,3813,3390,3155,13320,2121,2223,8212,Day_1,Medium,Slow,3.75mm,Experiment_2
2025-10-23T02:04:08.222Z,109,1115,2998,414,1439,3818,3382,3169,13309,2121,2233,8212,Day_1,Medium,Slow,3.75mm,Experiment_2
2025-10-23T02:04:08.262Z,105,1119,3008,409,1443,3827,3372,3186,13297,2117,2247,8211,Day_1,Medium,Slow,3.75mm,Experiment_2
2025-10-23T02:04:08.302Z,100,1121,3021,406,1442,3841,3366,3195,13289,2114,2259,8209,Day_1,Medium,Slow,3.75mm,Experiment_2
2025-10-23T02:04:08.342Z,94,1121,3029,402,1442,3852,3363,3193,13284,2114,2264,8207,Day_1,Medium,Slow,3.75mm,Experiment_2
2025-10-23T02:04:08.382Z,86,1121,3030,399,1444,3858,3364,3190,13286,2117,2262,8205,Day_1,Medium,Slow,3.75mm,Experiment_2
2025-10-23T02:04:08.422Z,81,1120,3028,397,1446,3857,3362,3195,13291,2119,2258,8203,Day_1,Medium,Slow,3.75mm,Experiment_2
2025-10-23T02:04:08.462Z,85,1122,3020,399,1447,3850,3354,3206,13299,2118,2258,8204,Day_1,Medium,Slow,3.75mm,Experiment_2
2025-10-23T02:04:08.502Z,93,1127,3008,403,1447,3838,3346,3219,13306,2116,2267,8210,Day_1,Medium,Slow,3.75mm,Experiment_2
2025-10-23T02:04:08.542Z,99,1132,3001,406,1445,3829,3344,3229,13309,2115,2278,8214,Day_1,Medium,Slow,3.75mm,Experiment_2
2025-10-23T02:04:08.582Z,101,1133,3004,408,1444,3828,3345,3226,13311,2117,2281,8213,Day_1,Medium,Slow,3.75mm,Experiment_2
2025-10-23T02:04:08.622Z,103,1126,3012,412,1442,3834,3344,3207,13319,2117,2273,8214,Day_1,Medium,Slow,3.75mm,Experiment_2
2025-10-23T02:04:08.662Z,107,1116,3016,418,1436,3838,3337,3192,13337,2110,2263,8220,Day_1,Medium,Slow,3.75mm,Experiment_2
2025-10-23T02:04:08.702Z,111,1110,3017,421,1431,3835,3324,3188,13353,2098,2256,8228,Day_1,Medium,Slow,3.75mm,Experiment_2
2025-10-23T02:04:08.742Z,110,1113,3014,418,1432,3829,3311,3187,13354,2086,2250,8231,Day_1,Medium,Slow,3.75mm,Experiment_2
2025-10-23T02:04:08.782Z,108,1118,3009,415,1434,3824,3306,3187,13347,2083,2247,8230,Day_1,Medium,Slow,3.75mm,Experiment_2
2025-10-23T02:04:08.822Z,107,1123,3006,414,1437,3824,3315,3198,13350,2091,2254,8231,Day_1,Medium,Slow,3.75mm,Experiment_2
2025-10-23T02:04:08.862Z,107,1128,3006,413,1441,3826,3335,3223,13359,2106,2270,8235,Day_1,Medium,Slow,3.75mm,Experiment_2
2025-10-23T02:04:08.902Z,104,1131,3005,411,1445,3825,3357,3252,13354,2123,2288,8234,Day_1,Medium,Slow,3.75mm,Experiment_2
2025-10-23T02:04:08.942Z,99,1131,3002,408,1446,3823,3373,3264,13338,2134,2293,8228,Day_1,Medium,Slow,3.75mm,Experiment_2
2025-10-23T02:04:08.982Z,96,1128,3000,405,1444,3821,3378,3245,13331,2137,2282,8224,Day_1,Medium,Slow,3.75mm,Experiment_2
2025-10-23T02:04:09.022Z,96,1125,3003,403,1440,3824,3371,3203,13331,2131,2262,8224,Day_1,Medium,Slow,3.75mm,Experiment_2
2025-10-23T02:04:09.062Z,98,1123,3007,404,1437,3829,3356,3166,13320,2121,2244,8220,Day_1,Medium,Slow,3.75mm,Experiment_2
2025-10-23T02:04:09.102Z,100,1121,3008,408,1436,3832,3346,3153,13297,2115,2239,8211,Day_1,Medium,Slow,3.75mm,Experiment_2
2025-10-23T02:04:09.142Z,102,1119,3010,411,1437,3836,3346,3175,13281,2119,2248,8205,Day_1,Medium,Slow,3.75mm,Experiment_2
2025-10-23T02:04:09.182Z,100,1119,3013,414,1441,3838,3349,3213,13282,2120,2264,8204,Day_1,Medium,Slow,3.75mm,Experiment_2
2025-10-23T02:04:09.222Z,99,1119,3015,418,1442,3838,3348,3237,13301,2115,2273,8209,Day_1,Medium,Slow,3.75mm,Experiment_2
2025-10-23T02:04:09.262Z,102,1114,3016,423,1437,3839,3348,3233,13324,2111,2273,8216,Day_1,Medium,Slow,3.75mm,Experiment_2
2025-10-23T02:04:09.302Z,108,1109,3015,426,1431,3838,3350,3211,13345,2111,2268,8223,Day_1,Medium,Slow,3.75mm,Experiment_2
2025-10-23T02:04:09.342Z,114,1109,3013,426,1430,3836,3355,3186,13364,2113,2259,8230,Day_1,Medium,Slow,3.75mm,Experiment_2
2025-10-23T02:04:09.382Z,119,1116,3016,424,1437,3835,3371,3175,13370,2121,2252,8231,Day_1,Medium,Slow,3.75mm,Experiment_2
2025-10-23T02:04:09.422Z,122,1127,3023,424,1446,3837,3389,3178,13356,2130,2250,8225,Day_1,Medium,Slow,3.75mm,Experiment_2
2025-10-23T02:04:09.462Z,122,1133,3030,422,1449,3841,3391,3183,13328,2131,2250,8216,Day_1,Medium,Slow,3.75mm,Experiment_2
2025-10-23T02:04:09.502Z,115,1133,3030,417,1447,3841,3377,3178,13310,2126,2247,8214,Day_1,Medium,Slow,3.75mm,Experiment_2
2025-10-23T02:04:09.542Z,112,1131,3025,418,1445,3838,3360,3169,13312,2120,2241,8219,Day_1,Medium,Slow,3.75mm,Experiment_2
2025-10-23T02:04:09.582Z,115,1130,3023,423,1445,3839,3356,3169,13321,2118,2235,8223,Day_1,Medium,Slow,3.75mm,Experiment_2
2025-10-23T02:04:09.622Z,113,1129,3028,421,1445,3843,3360,3177,13328,2117,2235,8223,Day_1,Medium,Slow,3.75mm,Experiment_2
2025-10-23T02:04:09.662Z,105,1128,3031,414,1447,3843,3362,3185,13333,2117,2237,8223,Day_1,Medium,Slow,3.75mm,Experiment_2
2025-10-23T02:04:09.702Z,100,1129,3032,411,1449,3841,3366,3186,13336,2118,2238,8221,Day_1,Medium,Slow,3.75mm,Experiment_2
2025-10-23T02:04:09.742Z,101,1131,3028,411,1451,3838,3369,3183,13333,2117,2236,8215,Day_1,Medium,Slow,3.75mm,Experiment_2
2025-10-23T02:04:09.782Z,105,1134,3024,412,1451,3837,3360,3182,13317,2109,2239,8206,Day_1,Medium,Slow,3.75mm,Experiment_2
2025-10-23T02:04:09.822Z,112,1135,3025,415,1451,3843,3342,3191,13292,2100,2247,8196,Day_1,Medium,Slow,3.75mm,Experiment_2
2025-10-23T02:04:09.862Z,117,1134,3031,419,1450,3851,3340,3202,13278,2099,2256,8191,Day_1,Medium,Slow,3.75mm,Experiment_2
2025-10-23T02:04:09.902Z,117,1129,3034,421,1448,3853,3354,3196,13284,2104,2256,8195,Day_1,Medium,Slow,3.75mm,Experiment_2
2025-10-23T02:04:09.942Z,113,1123,3030,420,1445,3847,3365,3171,13298,2111,2249,8202,Day_1,Medium,Slow,3.75mm,Experiment_2
2025-10-23T02:04:09.982Z,106,1119,3019,417,1443,3837,3364,3147,13302,2117,2241,8204,Day_1,Medium,Slow,3.75mm,Experiment_2
2025-10-23T02:04:10.022Z,98,1117,3013,412,1441,3831,3355,3151,13298,2121,2243,8202,Day_1,Medium,Slow,3.75mm,Experiment_2
2025-10-23T02:04:10.062Z,92,1117,3017,407,1439,3832,3344,3178,13291,2119,2252,8202,Day_1,Medium,Slow,3.75mm,Experiment_2
2025-10-23T02:04:10.102Z,88,1120,3030,407,1441,3840,3343,3196,13289,2117,2257,8204,Day_1,Medium,Slow,3.75mm,Experiment_2
2025-10-23T02:04:10.142Z,91,1127,3040,409,1445,3847,3353,3193,13293,2117,2255,8206,Day_1,Medium,Slow,3.75mm,Experiment_2
2025-10-23T02:04:10.182Z,95,1133,3037,411,1450,3846,3361,3185,13303,2117,2250,8209,Day_1,Medium,Slow,3.75mm,Experiment_2
2025-10-23T02:04:10.222Z,97,1135,3024,409,1451,3838,3360,3187,13311,2116,2251,8211,Day_1,Medium,Slow,3.75mm,Experiment_2
2025-10-23T02:04:10.262Z,97,1131,3008,406,1448,3828,3350,3196,13318,2114,2260,8213,Day_1,Medium,Slow,3.75mm,Experiment_2
2025-10-23T02:04:10.302Z,95,1128,2999,403,1447,3821,3341,3200,13333,2115,2265,8217,Day_1,Medium,Slow,3.75mm,Experiment_2
2025-10-23T02:04:10.342Z,93,1124,3000,401,1447,3822,3346,3193,13358,2118,2259,8224,Day_1,Medium,Slow,3.75mm,Experiment_2
2025-10-23T02:04:10.382Z,92,1120,3008,402,1444,3828,3356,3178,13378,2120,2247,8232,Day_1,Medium,Slow,3.75mm,Experiment_2
2025-10-23T02:04:10.422Z,92,1117,3015,404,1439,3833,3361,3161,13378,2117,2237,8236,Day_1,Medium,Slow,3.75mm,Experiment_2
2025-10-23T02:04:10.462Z,92,1116,3021,405,1436,3836,3357,3154,13355,2113,2232,8234,Day_1,Medium,Slow,3.75mm,Experiment_2
2025-10-23T02:04:10.502Z,92,1114,3025,407,1434,3840,3353,3161,13323,2114,2233,8226,Day_1,Medium,Slow,3.75mm,Experiment_2
2025-10-23T02:04:10.542Z,94,1110,3028,409,1432,3843,3356,3173,13299,2122,2238,8215,Day_1,Medium,Slow,3.75mm,Experiment_2
2025-10-23T02:04:10.582Z,97,1111,3029,410,1432,3843,3364,3183,13293,2129,2245,8208,Day_1,Medium,Slow,3.75mm,Experiment_2
2025-10-23T02:04:10.622Z,98,1117,3026,408,1436,3839,3372,3192,13303,2132,2250,8209,Day_1,Medium,Slow,3.75mm,Experiment_2
2025-10-23T02:04:10.662Z,97,1120,3019,405,1439,3834,3378,3204,13310,2134,2254,8212,Day_1,Medium,Slow,3.75mm,Experiment_2
2025-10-23T02:04:10.702Z,97,1121,3016,403,1440,3833,3382,3213,13307,2136,2257,8212,Day_1,Medium,Slow,3.75mm,Experiment_2
2025-10-23T02:04:10.742Z,100,1124,3017,404,1442,3837,3382,3200,13307,2134,2253,8211,Day_1,Medium,Slow,3.75mm,Experiment_2
2025-10-23T02:04:10.783Z,101,1127,3020,405,1444,3842,3379,3170,13315,2129,2239,8213,Day_1,Medium,Slow,3.75mm,Experiment_2
2025-10-23T02:04:10.823Z,100,1125,3021,408,1442,3846,3380,3147,13316,2125,2229,8212,Day_1,Medium,Slow,3.75mm,Experiment_2
2025-10-23T02:04:10.863Z,101,1117,3019,412,1434,3843,3379,3147,13303,2123,2230,8208,Day_1,Medium,Slow,3.75mm,Experiment_2
2025-10-23T02:04:10.903Z,106,1111,3015,416,1428,3837,3365,3162,13291,2119,2242,8206,Day_1,Medium,Slow,3.75mm,Experiment_2
2025-10-23T02:04:10.943Z,112,1112,3012,418,1431,3835,3347,3179,13293,2115,2255,8207,Day_1,Medium,Slow,3.75mm,Experiment_2
2025-10-23T02:04:10.983Z,115,1121,3013,418,1440,3837,3339,3194,13304,2113,2263,8208,Day_1,Medium,Slow,3.75mm,Experiment_2
2025-10-23T02:04:11.023Z,115,1129,3020,417,1446,3843,3344,3212,13313,2114,2267,8208,Day_1,Medium,Slow,3.75mm,Experiment_2
2025-10-23T02:04:11.063Z,114,1133,3028,419,1446,3849,3354,3225,13322,2116,2271,8208,Day_1,Medium,Slow,3.75mm,Experiment_2
2025-10-23T02:04:11.103Z,107,1136,3033,414,1447,3850,3356,3222,13333,2115,2270,8212,Day_1,Medium,Slow,3.75mm,Experiment_2
2025-10-23T02:04:11.143Z,95,1137,3030,405,1448,3844,3356,3207,13337,2113,2263,8218,Day_1,Medium,Slow,3.75mm,Experiment_2
2025-10-23T02:04:11.183Z,90,1130,3023,400,1443,3834,3357,3192,13335,2111,2253,8222,Day_1,Medium,Slow,3.75mm,Experiment_2
2025-10-23T02:04:11.223Z,93,1119,3014,404,1435,3827,3361,3179,13335,2108,2242,8225,Day_1,Medium,Slow,3.75mm,Experiment_2
2025-10-23T02:04:11.263Z,99,1111,3011,410,1430,3828,3362,3175,13336,2110,2236,8223,Day_1,Medium,Slow,3.75mm,Experiment_2
2025-10-23T02:04:11.303Z,100,1111,3019,410,1431,3838,3358,3187,13331,2119,2244,8219,Day_1,Medium,Slow,3.75mm,Experiment_2
2025-10-23T02:04:11.343Z,95,1113,3032,404,1433,3849,3358,3208,13322,2129,2260,8214,Day_1,Medium,Slow,3.75mm,Experiment_2
2025-10-23T02:04:11.383Z,96,1115,3039,402,1434,3854,3370,3222,13316,2134,2271,8212,Day_1,Medium,Slow,3.75mm,Experiment_2
2025-10-23T02:04:11.423Z,105,1117,3036,410,1435,3851,3383,3223,13309,2131,2272,8211,Day_1,Medium,Slow,3.75mm,Experiment_2
2025-10-23T02:04:11.463Z,112,1119,3028,418,1435,3843,3389,3221,13300,2123,2271,8210,Day_1,Medium,Slow,3.75mm,Experiment_2
2025-10-23T02:04:11.503Z,112,1120,3019,416,1436,3834,3391,3229,13300,2117,2276,8212,Day_1,Medium,Slow,3.75mm,Experiment_2
2025-10-23T02:04:11.543Z,105,1122,3013,410,1440,3831,3391,3244,13320,2116,2283,8220,Day_1,Medium,Slow,3.75mm,Experiment_2
2025-10-23T02:04:11.583Z,101,1127,3010,407,1447,3831,3385,3252,13352,2120,2287,8231,Day_1,Medium,Slow,3.75mm,Experiment_2
2025-10-23T02:04:11.623Z,97,1129,3010,406,1449,3833,3378,3241,13373,2124,2286,8239,Day_1,Medium,Slow,3.75mm,Experiment_2
2025-10-23T02:04:11.663Z,97,1127,3017,407,1445,3837,3368,3211,13376,2120,2276,8237,Day_1,Medium,Slow,3.75mm,Experiment_2
2025-10-23T02:04:11.703Z,103,1124,3024,414,1441,3840,3351,3172,13370,2109,2256,8232,Day_1,Medium,Slow,3.75mm,Experiment_2
2025-10-23T02:04:11.743Z,111,1120,3024,422,1439,3837,3340,3145,13357,2102,2240,8227,Day_1,Medium,Slow,3.75mm,Experiment_2
2025-10-23T02:04:11.783Z,112,1117,3015,425,1439,3831,3350,3142,13340,2108,2237,8222,Day_1,Medium,Slow,3.75mm,Experiment_2
2025-10-23T02:04:11.823Z,106,1118,3008,421,1442,3827,3376,3150,13323,2121,2240,8216,Day_1,Medium,Slow,3.75mm,Experiment_2
2025-10-23T02:04:11.863Z,100,1123,3011,415,1446,3829,3395,3149,13308,2132,2235,8210,Day_1,Medium,Slow,3.75mm,Experiment_2
2025-10-23T02:04:11.903Z,97,1124,3019,408,1443,3833,3398,3149,13300,2133,2232,8206,Day_1,Medium,Slow,3.75mm,Experiment_2
2025-10-23T02:04:11.943Z,95,1118,3027,406,1434,3837,3391,3152,13301,2129,2234,8204,Day_1,Medium,Slow,3.75mm,Experiment_2
2025-10-23T02:04:11.983Z,95,1113,3034,407,1428,3840,3381,3149,13303,2125,2233,8203,Day_1,Medium,Slow,3.75mm,Experiment_2
2025-10-23T02:04:12.023Z,96,1113,3038,407,1429,3843,3380,3142,13305,2129,2226,8203,Day_1,Medium,Slow,3.75mm,Experiment_2
2025-10-23T02:04:12.063Z,99,1114,3034,407,1432,3843,3381,3143,13302,2133,2222,8205,Day_1,Medium,Slow,3.75mm,Experiment_2
2025-10-23T02:04:12.103Z,100,1117,3023,407,1436,3838,3373,3155,13293,2128,2225,8205,Day_1,Medium,Slow,3.75mm,Experiment_2
2025-10-23T02:04:12.143Z,99,1122,3013,407,1441,3832,3359,3174,13289,2118,2237,8206,Day_1,Medium,Slow,3.75mm,Experiment_2
2025-10-23T02:04:12.183Z,99,1124,3009,405,1443,3830,3349,3191,13300,2109,2253,8210,Day_1,Medium,Slow,3.75mm,Experiment_2
2025-10-23T02:04:12.223Z,101,1120,3008,405,1439,3828,3347,3196,13315,2107,2263,8214,Day_1,Medium,Slow,3.75mm,Experiment_2
2025-10-23T02:04:12.263Z,105,1113,3007,407,1431,3826,3354,3186,13330,2111,2258,8218,Day_1,Medium,Slow,3.75mm,Experiment_2
2025-10-23T02:04:12.303Z,107,1107,3009,411,1426,3826,3361,3163,13347,2117,2244,8224,Day_1,Medium,Slow,3.75mm,Experiment_2
2025-10-23T02:04:12.343Z,106,1104,3018,413,1423,3832,3358,3151,13357,2120,2237,8229,Day_1,Medium,Slow,3.75mm,Experiment_2
2025-10-23T02:04:12.383Z,103,1105,3029,411,1424,3841,3346,3161,13343,2116,2241,8224,Day_1,Medium,Slow,3.75mm,Experiment_2
2025-10-23T02:04:12.423Z,101,1111,3034,409,1429,3848,3339,3181,13308,2113,2250,8208,Day_1,Medium,Slow,3.75mm,Experiment_2
2025-10-23T02:04:12.463Z,102,1118,3028,409,1434,3848,3344,3192,13276,2116,2253,8195,Day_1,Medium,Slow,3.75mm,Experiment_2
2025-10-23T02:04:12.503Z,104,1123,3015,410,1437,3841,3352,3185,13265,2117,2249,8192,Day_1,Medium,Slow,3.75mm,Experiment_2
2025-10-23T02:04:12.543Z,106,1125,3004,412,1441,3833,3345,3171,13273,2109,2243,8194,Day_1,Medium,Slow,3.75mm,Experiment_2
2025-10-23T02:04:12.583Z,107,1127,3001,415,1444,3829,3323,3172,13281,2097,2248,8194,Day_1,Medium,Slow,3.75mm,Experiment_2
2025-10-23T02:04:12.623Z,107,1126,3004,417,1444,3829,3305,3192,13283,2093,2261,8193,Day_1,Medium,Slow,3.75mm,Experiment_2
2025-10-23T02:04:12.663Z,106,1123,3007,415,1441,3829,3309,3212,13287,2097,2270,8195,Day_1,Medium,Slow,3.75mm,Experiment_2
2025-10-23T02:04:12.703Z,101,1122,3010,409,1441,3829,3330,3215,13302,2104,2269,8200,Day_1,Medium,Slow,3.75mm,Experiment_2
2025-10-23T02:04:12.743Z,96,1120,3016,405,1442,3832,3354,3215,13322,2113,2267,8205,Day_1,Medium,Slow,3.75mm,Experiment_2
2025-10-23T02:04:12.783Z,96,1118,3023,405,1442,3839,3365,3221,13333,2120,2270,8205,Day_1,Medium,Slow,3.75mm,Experiment_2
2025-10-23T02:04:12.823Z,102,1120,3027,406,1443,3843,3365,3226,13326,2120,2269,8205,Day_1,Medium,Slow,3.75mm,Experiment_2
2025-10-23T02:04:12.863Z,108,1126,3026,410,1447,3839,3367,3222,13316,2116,2266,8205,Day_1,Medium,Slow,3.75mm,Experiment_2
2025-10-23T02:04:12.903Z,109,1128,3025,411,1450,3836,3369,3214,13313,2111,2266,8205,Day_1,Medium,Slow,3.75mm,Experiment_2
2025-10-23T02:04:12.943Z,100,1125,3027,405,1449,3838,3365,3212,13318,2105,2269,8206,Day_1,Medium,Slow,3.75mm,Experiment_2
2025-10-23T02:04:12.983Z,89,1118,3034,393,1443,3845,3360,3216,13325,2103,2270,8213,Day_1,Medium,Slow,3.75mm,Experiment_2
2025-10-23T02:04:13.023Z,84,1114,3041,386,1437,3853,3357,3220,13330,2105,2267,8223,Day_1,Medium,Slow,3.75mm,Experiment_2
2025-10-23T02:04:13.063Z,86,1114,3041,387,1433,3854,3356,3220,13322,2110,2262,8225,Day_1,Medium,Slow,3.75mm,Experiment_2
2025-10-23T02:04:13.103Z,94,1119,3031,397,1436,3847,3361,3205,13309,2116,2251,8220,Day_1,Medium,Slow,3.75mm,Experiment_2
2025-10-23T02:04:13.143Z,103,1125,3019,409,1445,3837,3366,3180,13308,2120,2240,8218,Day_1,Medium,Slow,3.75mm,Experiment_2
2025-10-23T02:04:13.183Z,109,1130,3014,418,1452,3832,3366,3163,13316,2118,2236,8223,Day_1,Medium,Slow,3.75mm,Experiment_2
2025-10-23T02:04:13.223Z,108,1130,3015,418,1453,3833,3364,3167,13326,2114,2241,8231,Day_1,Medium,Slow,3.75mm,Experiment_2
2025-10-23T02:04:13.263Z,102,1128,3015,411,1450,3835,3355,3178,13329,2109,2245,8236,Day_1,Medium,Slow,3.75mm,Experiment_2
2025-10-23T02:04:13.303Z,97,1129,3006,404,1449,3830,3334,3183,13322,2105,2244,8234,Day_1,Medium,Slow,3.75mm,Experiment_2
2025-10-23T02:04:13.343Z,95,1131,2994,403,1449,3822,3316,3191,13314,2104,2246,8228,Day_1,Medium,Slow,3.75mm,Experiment_2
2025-10-23T02:04:13.383Z,95,1130,2991,404,1449,3817,3316,3201,13315,2108,2256,8222,Day_1,Medium,Slow,3.75mm,Experiment_2
2025-10-23T02:04:13.423Z,99,1126,3001,408,1446,3824,3334,3206,13319,2115,2263,8215,Day_1,Medium,Slow,3.75mm,Experiment_2
2025-10-23T02:04:13.463Z,105,1125,3019,411,1445,3838,3356,3201,13318,2119,2264,8205,Day_1,Medium,Slow,3.75mm,Experiment_2
2025-10-23T02:04:13.503Z,106,1124,3035,411,1445,3852,3372,3190,13310,2121,2260,8198,Day_1,Medium,Slow,3.75mm,Experiment_2
2025-10-23T02:04:13.543Z,101,1122,3048,406,1442,3862,3391,3181,13299,2128,2257,8194,Day_1,Medium,Slow,3.75mm,Experiment_2
2025-10-23T02:04:13.583Z,98,1120,3052,404,1439,3866,3410,3176,13287,2139,2254,8193,Day_1,Medium,Slow,3.75mm,Experiment_2
2025-10-23T02:04:13.623Z,104,1121,3047,408,1440,3861,3413,3182,13279,2141,2257,8197,Day_1,Medium,Slow,3.75mm,Experiment_2
2025-10-23T02:04:13.663Z,112,1125,3037,414,1446,3851,3398,3204,13277,2133,2267,8204,Day_1,Medium,Slow,3.75mm,Experiment_2
2025-10-23T02:04:13.703Z,112,1132,3028,414,1453,3840,3380,3225,13282,2123,2274,8210,Day_1,Medium,Slow,3.75mm,Experiment_2
2025-10-23T02:04:13.743Z,106,1135,3017,407,1456,3830,3370,3228,13294,2115,2269,8212,Day_1,Medium,Slow,3.75mm,Experiment_2
2025-10-23T02:04:13.783Z,95,1133,3009,399,1451,3822,3367,3218,13312,2113,2262,8216,Day_1,Medium,Slow,3.75mm,Experiment_2
2025-10-23T02:04:13.823Z,87,1129,3005,393,1444,3821,3367,3210,13324,2116,2257,8220,Day_1,Medium,Slow,3.75mm,Experiment_2
2025-10-23T02:04:13.863Z,88,1126,3007,395,1440,3825,3369,3202,13323,2119,2254,8222,Day_1,Medium,Slow,3.75mm,Experiment_2
2025-10-23T02:04:13.903Z,96,1129,3011,403,1442,3829,3373,3189,13315,2120,2250,8220,Day_1,Medium,Slow,3.75mm,Experiment_2
2025-10-23T02:04:13.943Z,104,1128,3016,410,1444,3832,3376,3190,13308,2119,2254,8212,Day_1,Medium,Slow,3.75mm,Experiment_2
2025-10-23T02:04:13.983Z,106,1116,3022,412,1437,3837,3382,3211,13302,2119,2267,8203,Day_1,Medium,Slow,3.75mm,Experiment_2
2025-10-23T02:04:14.023Z,105,1095,3027,412,1426,3841,3386,3228,13302,2120,2277,8199,Day_1,Medium,Slow,3.75mm,Experiment_2
2025-10-23T02:04:14.063Z,105,1077,3026,413,1422,3842,3376,3221,13311,2120,2271,8204,Day_1,Medium,Slow,3.75mm,Experiment_2
2025-10-23T02:04:14.103Z,109,1073,3020,418,1425,3840,3357,3200,13323,2118,2254,8212,Day_1,Medium,Slow,3.75mm,Experiment_2
2025-10-23T02:04:14.143Z,114,1088,3016,425,1430,3838,3337,3186,13325,2114,2240,8216,Day_1,Medium,Slow,3.75mm,Experiment_2
2025-10-23T02:04:14.183Z,118,1109,3016,430,1436,3839,3324,3188,13320,2107,2238,8217,Day_1,Medium,Slow,3.75mm,Experiment_2
2025-10-23T02:04:14.223Z,114,1122,3014,427,1440,3840,3325,3195,13321,2104,2243,8218,Day_1,Medium,Slow,3.75mm,Experiment_2
2025-10-23T02:04:14.263Z,106,1125,3011,419,1440,3836,3338,3198,13329,2106,2252,8219,Day_1,Medium,Slow,3.75mm,Experiment_2
2025-10-23T02:04:14.303Z,101,1121,3005,414,1438,3828,3345,3200,13333,2107,2263,8218,Day_1,Medium,Slow,3.75mm,Experiment_2
2025-10-23T02:04:14.343Z,102,1118,2998,413,1439,3817,3331,3200,13331,2103,2268,8218,Day_1,Medium,Slow,3.75mm,Experiment_2
2025-10-23T02:04:14.383Z,102,1119,2996,412,1443,3812,3308,3192,13331,2095,2262,8220,Day_1,Medium,Slow,3.75mm,Experiment_2
2025-10-23T02:04:14.423Z,102,1118,3003,411,1443,3817,3293,3175,13340,2091,2251,8225,Day_1,Medium,Slow,3.75mm,Experiment_2
2025-10-23T02:04:14.463Z,100,1115,3013,410,1440,3824,3298,3164,13348,2095,2245,8227,Day_1,Medium,Slow,3.75mm,Experiment_2
2025-10-23T02:04:14.503Z,97,1113,3016,409,1440,3827,3316,3172,13341,2104,2251,8221,Day_1,Medium,Slow,3.75mm,Experiment_2
2025-10-23T02:04:14.543Z,101,1113,3012,411,1441,3827,3329,3196,13328,2112,2261,8211,Day_1,Medium,Slow,3.75mm,Experiment_2
2025-10-23T02:04:14.583Z,112,1112,3007,421,1440,3827,3328,3217,13331,2111,2270,8213,Day_1,Medium,Slow,3.75mm,Experiment_2
2025-10-23T02:04:14.623Z,120,1109,3003,429,1435,3826,3321,3228,13348,2105,2274,8229,Day_1,Medium,Slow,3.75mm,Experiment_2
2025-10-23T02:04:14.663Z,118,1107,3005,428,1431,3825,3323,3235,13358,2102,2275,8244,Day_1,Medium,Slow,3.75mm,Experiment_2
2025-10-23T02:04:14.703Z,110,1108,3012,422,1430,3830,3336,3229,13363,2103,2271,8249,Day_1,Medium,Slow,3.75mm,Experiment_2
2025-10-23T02:04:14.744Z,105,1111,3022,419,1432,3838,3347,3211,13376,2106,2264,8248,Day_1,Medium,Slow,3.75mm,Experiment_2
2025-10-23T02:04:14.784Z,102,1115,3026,418,1435,3842,3345,3200,13390,2107,2264,8242,Day_1,Medium,Slow,3.75mm,Experiment_2
2025-10-23T02:04:14.824Z,100,1115,3023,415,1435,3840,3340,3202,13386,2107,2271,8234,Day_1,Medium,Slow,3.75mm,Experiment_2
2025-10-23T02:04:14.864Z,97,1113,3019,409,1433,3838,3345,3205,13365,2111,2276,8228,Day_1,Medium,Slow,3.75mm,Experiment_2
2025-10-23T02:04:14.904Z,94,1109,3020,401,1431,3842,3357,3207,13345,2119,2278,8227,Day_1,Medium,Slow,3.75mm,Experiment_2
2025-10-23T02:04:14.944Z,89,1101,3023,394,1426,3847,3363,3212,13335,2125,2281,8228,Day_1,Medium,Slow,3.75mm,Experiment_2
2025-10-23T02:04:14.984Z,84,1095,3022,391,1418,3847,3365,3210,13331,2126,2280,8227,Day_1,Medium,Slow,3.75mm,Experiment_2
2025-10-23T02:04:15.024Z,84,1096,3015,393,1417,3839,3369,3193,13330,2126,2271,8224,Day_1,Medium,Slow,3.75mm,Experiment_2
2025-10-23T02:04:15.064Z,91,1107,3008,400,1427,3828,3375,3174,13327,2129,2257,8223,Day_1,Medium,Slow,3.75mm,Experiment_2
2025-10-23T02:04:15.104Z,97,1120,3005,409,1439,3822,3376,3172,13322,2133,2251,8225,Day_1,Medium,Slow,3.75mm,Experiment_2
2025-10-23T02:04:15.144Z,99,1128,3005,415,1444,3823,3365,3178,13321,2130,2253,8226,Day_1,Medium,Slow,3.75mm,Experiment_2
2025-10-23T02:04:15.184Z,97,1128,3004,415,1440,3823,3350,3176,13318,2122,2254,8223,Day_1,Medium,Slow,3.75mm,Experiment_2
2025-10-23T02:04:15.224Z,95,1120,2997,412,1431,3819,3343,3176,13311,2119,2257,8218,Day_1,Medium,Slow,3.75mm,Experiment_2
2025-10-23T02:04:15.264Z,95,1111,2990,410,1424,3815,3343,3188,13307,2119,2262,8216,Day_1,Medium,Slow,3.75mm,Experiment_2
2025-10-23T02:04:15.304Z,97,1107,2991,408,1425,3817,3343,3206,13312,2116,2267,8219,Day_1,Medium,Slow,3.75mm,Experiment_2
2025-10-23T02:04:15.344Z,100,1112,2998,409,1434,3820,3344,3221,13320,2112,2271,8224,Day_1,Medium,Slow,3.75mm,Experiment_2
2025-10-23T02:04:15.384Z,108,1123,3009,419,1445,3826,3346,3239,13329,2109,2277,8229,Day_1,Medium,Slow,3.75mm,Experiment_2
2025-10-23T02:04:15.424Z,120,1132,3020,432,1453,3834,3345,3263,13332,2108,2285,8229,Day_1,Medium,Slow,3.75mm,Experiment_2
2025-10-23T02:04:15.464Z,120,1136,3025,433,1453,3839,3343,3274,13332,2107,2286,8226,Day_1,Medium,Slow,3.75mm,Experiment_2
2025-10-23T02:04:15.504Z,111,1132,3023,425,1446,3841,3347,3255,13337,2110,2276,8226,Day_1,Medium,Slow,3.75mm,Experiment_2
2025-10-23T02:04:15.544Z,109,1124,3022,423,1439,3843,3363,3226,13341,2116,2268,8229,Day_1,Medium,Slow,3.75mm,Experiment_2
2025-10-23T02:04:15.584Z,114,1119,3023,427,1437,3844,3379,3206,13334,2121,2265,8227,Day_1,Medium,Slow,3.75mm,Experiment_2
2025-10-23T02:04:15.624Z,115,1117,3020,427,1438,3842,3380,3197,13327,2121,2265,8220,Day_1,Medium,Slow,3.75mm,Experiment_2
2025-10-23T02:04:15.664Z,107,1116,3016,419,1438,3838,3369,3196,13334,2120,2264,8218,Day_1,Medium,Slow,3.75mm,Experiment_2
2025-10-23T02:04:15.704Z,98,1113,3017,410,1438,3839,3361,3198,13350,2120,2262,8222,Day_1,Medium,Slow,3.75mm,Experiment_2
2025-10-23T02:04:15.744Z,97,1113,3022,406,1439,3843,3361,3200,13361,2121,2258,8231,Day_1,Medium,Slow,3.75mm,Experiment_2
2025-10-23T02:04:15.784Z,102,1119,3026,409,1443,3846,3361,3202,13365,2120,2257,8238,Day_1,Medium,Slow,3.75mm,Experiment_2
2025-10-23T02:04:15.824Z,105,1128,3024,413,1446,3845,3364,3197,13367,2121,2254,8239,Day_1,Medium,Slow,3.75mm,Experiment_2
2025-10-23T02:04:15.864Z,103,1128,3020,415,1444,3841,3376,3180,13362,2126,2247,8234,Day_1,Medium,Slow,3.75mm,Experiment_2
2025-10-23T02:04:15.904Z,99,1118,3017,413,1437,3836,3388,3170,13349,2130,2244,8225,Day_1,Medium,Slow,3.75mm,Experiment_2
2025-10-23T02:04:15.944Z,94,1107,3015,410,1429,3833,3387,3181,13335,2127,2248,8217,Day_1,Medium,Slow,3.75mm,Experiment_2
2025-10-23T02:04:15.984Z,88,1102,3015,404,1426,3831,3376,3204,13336,2119,2257,8212,Day_1,Medium,Slow,3.75mm,Experiment_2
2025-10-23T02:04:16.024Z,83,1107,3019,397,1430,3833,3369,3220,13352,2114,2265,8214,Day_1,Medium,Slow,3.75mm,Experiment_2
2025-10-23T02:04:16.064Z,83,1122,3024,393,1439,3838,3380,3224,13365,2118,2270,8220,Day_1,Medium,Slow,3.75mm,Experiment_2
2025-10-23T02:04:16.104Z,88,1133,3026,394,1447,3842,3390,3218,13364,2127,2269,8225,Day_1,Medium,Slow,3.75mm,Experiment_2
2025-10-23T02:04:16.144Z,94,1135,3023,399,1450,3842,3383,3210,13355,2130,2266,8226,Day_1,Medium,Slow,3.75mm,Experiment_2
2025-10-23T02:04:16.184Z,100,1135,3020,408,1452,3841,3367,3204,13350,2125,2261,8226,Day_1,Medium,Slow,3.75mm,Experiment_2
2025-10-23T02:04:16.224Z,101,1138,3018,413,1456,3840,3358,3187,13354,2120,2250,8231,Day_1,Medium,Slow,3.75mm,Experiment_2
2025-10-23T02:04:16.264Z,97,1141,3016,411,1459,3835,3358,3158,13356,2119,2235,8235,Day_1,Medium,Slow,3.75mm,Experiment_2
2025-10-23T02:04:16.304Z,94,1138,3017,409,1458,3830,3364,3143,13351,2124,2228,8236,Day_1,Medium,Slow,3.75mm,Experiment_2
2025-10-23T02:04:16.344Z,97,1130,3019,414,1453,3828,3367,3153,13344,2128,2235,8233,Day_1,Medium,Slow,3.75mm,Experiment_2
2025-10-23T02:04:16.384Z,103,1121,3018,420,1445,3828,3365,3181,13342,2124,2250,8231,Day_1,Medium,Slow,3.75mm,Experiment_2
2025-10-23T02:04:16.424Z,105,1117,3016,421,1439,3829,3362,3202,13346,2119,2257,8231,Day_1,Medium,Slow,3.75mm,Experiment_2
2025-10-23T02:04:16.464Z,102,1118,3017,417,1439,3833,3359,3200,13354,2117,2253,8233,Day_1,Medium,Slow,3.75mm,Experiment_2
2025-10-23T02:04:16.504Z,101,1119,3020,415,1441,3837,3361,3188,13356,2123,2245,8232,Day_1,Medium,Slow,3.75mm,Experiment_2
2025-10-23T02:04:16.544Z,106,1121,3023,416,1443,3841,3363,3177,13349,2130,2242,8230,Day_1,Medium,Slow,3.75mm,Experiment_2
2025-10-23T02:04:16.584Z,112,1127,3026,419,1446,3844,3356,3168,13344,2129,2243,8230,Day_1,Medium,Slow,3.75mm,Experiment_2
2025-10-23T02:04:16.624Z,113,1134,3026,418,1452,3847,3346,3161,13341,2124,2243,8230,Day_1,Medium,Slow,3.75mm,Experiment_2
2025-10-23T02:04:16.664Z,108,1136,3025,414,1453,3847,3345,3157,13333,2121,2238,8225,Day_1,Medium,Slow,3.75mm,Experiment_2
2025-10-23T02:04:16.704Z,101,1132,3027,410,1449,3846,3354,3151,13319,2121,2231,8218,Day_1,Medium,Slow,3.75mm,Experiment_2
2025-10-23T02:04:16.744Z,97,1124,3030,406,1444,3846,3361,3153,13311,2120,2228,8212,Day_1,Medium,Slow,3.75mm,Experiment_2
2025-10-23T02:04:16.784Z,95,1120,3032,404,1442,3847,3349,3170,13310,2112,2232,8213,Day_1,Medium,Slow,3.75mm,Experiment_2
2025-10-23T02:04:16.824Z,97,1121,3037,405,1442,3851,3323,3188,13306,2098,2239,8213,Day_1,Medium,Slow,3.75mm,Experiment_2
2025-10-23T02:04:16.864Z,100,1123,3043,407,1442,3856,3310,3200,13301,2092,2243,8211,Day_1,Medium,Slow,3.75mm,Experiment_2
2025-10-23T02:04:16.904Z,102,1124,3042,406,1443,3855,3322,3207,13303,2099,2244,8209,Day_1,Medium,Slow,3.75mm,Experiment_2
2025-10-23T02:04:16.944Z,104,1125,3036,406,1446,3848,3343,3208,13309,2111,2250,8213,Day_1,Medium,Slow,3.75mm,Experiment_2
2025-10-23T02:04:16.984Z,111,1128,3032,411,1451,3843,3353,3207,13321,2119,2259,8221,Day_1,Medium,Slow,3.75mm,Experiment_2
2025-10-23T02:04:17.024Z,113,1130,3032,413,1454,3840,3352,3205,13336,2121,2268,8230,Day_1,Medium,Slow,3.75mm,Experiment_2
2025-10-23T02:04:17.064Z,103,1129,3028,406,1452,3835,3351,3212,13341,2119,2275,8231,Day_1,Medium,Slow,3.75mm,Experiment_2
2025-10-23T02:04:17.104Z,95,1123,3022,400,1444,3830,3354,3232,13341,2118,2282,8229,Day_1,Medium,Slow,3.75mm,Experiment_2
2025-10-23T02:04:17.144Z,96,1115,3017,402,1436,3829,3360,3247,13347,2121,2284,8231,Day_1,Medium,Slow,3.75mm,Experiment_2
2025-10-23T02:04:17.184Z,96,1110,3013,405,1430,3829,3372,3244,13357,2125,2276,8234,Day_1,Medium,Slow,3.75mm,Experiment_2
2025-10-23T02:04:17.224Z,93,1109,3012,405,1430,3832,3379,3227,13357,2126,2264,8232,Day_1,Medium,Slow,3.75mm,Experiment_2
2025-10-23T02:04:17.264Z,93,1111,3016,406,1434,3836,3371,3213,13352,2121,2256,8226,Day_1,Medium,Slow,3.75mm,Experiment_2
2025-10-23T02:04:17.304Z,98,1113,3019,411,1437,3839,3362,3214,13357,2118,2261,8224,Day_1,Medium,Slow,3.75mm,Experiment_2
2025-10-23T02:04:17.344Z,106,1115,3017,417,1439,3837,3374,3224,13372,2125,2272,8230,Day_1,Medium,Slow,3.75mm,Experiment_2
2025-10-23T02:04:17.384Z,110,1117,3015,419,1441,3834,3396,3229,13378,2137,2280,8235,Day_1,Medium,Slow,3.75mm,Experiment_2
2025-10-23T02:04:17.424Z,108,1120,3014,417,1443,3833,3406,3222,13367,2142,2276,8235,Day_1,Medium,Slow,3.75mm,Experiment_2
2025-10-23T02:04:17.464Z,107,1122,3015,419,1445,3837,3396,3206,13346,2137,2263,8231,Day_1,Medium,Slow,3.75mm,Experiment_2
2025-10-23T02:04:17.504Z,111,1120,3017,422,1443,3842,3370,3193,13326,2125,2256,8222,Day_1,Medium,Slow,3.75mm,Experiment_2
2025-10-23T02:04:17.544Z,107,1116,3019,417,1438,3846,3342,3196,13317,2112,2259,8214,Day_1,Medium,Slow,3.75mm,Experiment_2
2025-10-23T02:04:17.584Z,96,1114,3021,405,1434,3841,3323,3204,13327,2102,2265,8213,Day_1,Medium,Slow,3.75mm,Experiment_2
2025-10-23T02:04:17.624Z,89,1114,3019,397,1432,3832,3320,3204,13346,2097,2264,8221,Day_1,Medium,Slow,3.75mm,Experiment_2
2025-10-23T02:04:17.664Z,88,1113,3016,394,1431,3824,3331,3195,13362,2097,2257,8231,Day_1,Medium,Slow,3.75mm,Experiment_2
2025-10-23T02:04:17.704Z,90,1114,3013,396,1433,3822,3340,3185,13365,2101,2254,8235,Day_1,Medium,Slow,3.75mm,Experiment_2
2025-10-23T02:04:17.744Z,97,1117,3017,404,1437,3826,3339,3184,13354,2106,2257,8231,Day_1,Medium,Slow,3.75mm,Experiment_2
2025-10-23T02:04:17.784Z,104,1121,3025,412,1442,3835,3341,3193,13338,2111,2262,8226,Day_1,Medium,Slow,3.75mm,Experiment_2
2025-10-23T02:04:17.824Z,110,1122,3027,419,1445,3838,3354,3216,13323,2113,2271,8223,Day_1,Medium,Slow,3.75mm,Experiment_2
2025-10-23T02:04:17.864Z,114,1121,3017,425,1446,3830,3367,3242,13317,2112,2280,8223,Day_1,Medium,Slow,3.75mm,Experiment_2
2025-10-23T02:04:17.904Z,115,1120,3006,425,1446,3820,3368,3238,13328,2111,2274,8226,Day_1,Medium,Slow,3.75mm,Experiment_2
2025-10-23T02:04:17.944Z,111,1120,3008,419,1444,3822,3362,3207,13347,2112,2253,8230,Day_1,Medium,Slow,3.75mm,Experiment_2
2025-10-23T02:04:17.984Z,108,1120,3018,414,1441,3832,3363,3180,13355,2117,2237,8231,Day_1,Medium,Slow,3.75mm,Experiment_2
2025-10-23T02:04:18.024Z,108,1117,3027,416,1434,3838,3370,3173,13348,2122,2238,8227,Day_1,Medium,Slow,3.75mm,Experiment_2
2025-10-23T02:04:18.064Z,109,1112,3029,420,1429,3838,3365,3182,13335,2122,2249,8223,Day_1,Medium,Slow,3.75mm,Experiment_2
2025-10-23T02:04:18.104Z,107,1110,3025,419,1428,3834,3351,3193,13328,2117,2262,8221,Day_1,Medium,Slow,3.75mm,Experiment_2
2025-10-23T02:04:18.144Z,103,1113,3020,414,1433,3831,3351,3201,13335,2120,2274,8224,Day_1,Medium,Slow,3.75mm,Experiment_2
2025-10-23T02:04:18.184Z,100,1120,3017,409,1439,3831,3373,3200,13347,2131,2275,8230,Day_1,Medium,Slow,3.75mm,Experiment_2
2025-10-23T02:04:18.224Z,97,1128,3015,405,1447,3832,3397,3186,13347,2140,2265,8230,Day_1,Medium,Slow,3.75mm,Experiment_2
2025-10-23T02:04:18.264Z,95,1132,3014,404,1452,3833,3401,3168,13334,2139,2253,8226,Day_1,Medium,Slow,3.75mm,Experiment_2
2025-10-23T02:04:18.304Z,99,1132,3017,409,1451,3837,3385,3161,13326,2130,2249,8223,Day_1,Medium,Slow,3.75mm,Experiment_2
2025-10-23T02:04:18.344Z,107,1130,3020,418,1444,3840,3366,3168,13332,2122,2250,8224,Day_1,Medium,Slow,3.75mm,Experiment_2
2025-10-23T02:04:18.384Z,110,1125,3019,421,1436,3838,3360,3169,13344,2121,2250,8230,Day_1,Medium,Slow,3.75mm,Experiment_2
2025-10-23T02:04:18.424Z,109,1117,3016,419,1429,3834,3361,3160,13355,2122,2245,8239,Day_1,Medium,Slow,3.75mm,Experiment_2
2025-10-23T02:04:18.464Z,109,1110,3016,419,1424,3832,3355,3157,13365,2120,2241,8244,Day_1,Medium,Slow,3.75mm,Experiment_2
2025-10-23T02:04:18.504Z,111,1110,3016,421,1424,3833,3342,3174,13371,2114,2245,8244,Day_1,Medium,Slow,3.75mm,Experiment_2
2025-10-23T02:04:18.544Z,107,1116,3015,421,1429,3832,3339,3204,13370,2112,2256,8240,Day_1,Medium,Slow,3.75mm,Experiment_2
2025-10-23T02:04:18.584Z,103,1122,3012,421,1435,3830,3350,3216,13360,2115,2263,8233,Day_1,Medium,Slow,3.75mm,Experiment_2
2025-10-23T02:04:18.624Z,105,1123,3013,422,1438,3830,3360,3201,13342,2120,2257,8224,Day_1,Medium,Slow,3.75mm,Experiment_2
2025-10-23T02:04:18.664Z,111,1118,3020,423,1435,3835,3358,3183,13327,2123,2250,8218,Day_1,Medium,Slow,3.75mm,Experiment_2
2025-10-23T02:04:18.704Z,113,1112,3030,423,1433,3842,3349,3184,13327,2122,2252,8221,Day_1,Medium,Slow,3.75mm,Experiment_2
2025-10-23T02:04:18.744Z,112,1110,3035,421,1433,3846,3346,3197,13331,2117,2261,8227,Day_1,Medium,Slow,3.75mm,Experiment_2
2025-10-23T02:04:18.784Z,111,1112,3033,419,1433,3843,3346,3201,13329,2110,2267,8231,Day_1,Medium,Slow,3.75mm,Experiment_2
2025-10-23T02:04:18.824Z,111,1114,3025,417,1431,3836,3341,3190,13337,2104,2261,8234,Day_1,Medium,Slow,3.75mm,Experiment_2
2025-10-23T02:04:18.864Z,112,1117,3019,416,1431,3832,3333,3176,13356,2103,2250,8236,Day_1,Medium,Slow,3.75mm,Experiment_2
2025-10-23T02:04:18.904Z,115,1122,3018,417,1437,3834,3331,3181,13374,2106,2248,8237,Day_1,Medium,Slow,3.75mm,Experiment_2
2025-10-23T02:04:18.944Z,119,1127,3023,420,1445,3840,3339,3200,13384,2109,2259,8238,Day_1,Medium,Slow,3.75mm,Experiment_2
2025-10-23T02:04:18.984Z,123,1131,3031,423,1452,3848,3356,3213,13379,2113,2269,8237,Day_1,Medium,Slow,3.75mm,Experiment_2
2025-10-23T02:04:19.024Z,122,1132,3035,423,1455,3852,3371,3209,13360,2118,2269,8230,Day_1,Medium,Slow,3.75mm,Experiment_2
2025-10-23T02:04:19.065Z,115,1126,3034,420,1452,3853,3380,3197,13339,2124,2259,8220,Day_1,Medium,Slow,3.75mm,Experiment_2
2025-10-23T02:04:19.105Z,109,1117,3034,418,1443,3853,3381,3178,13331,2129,2247,8214,Day_1,Medium,Slow,3.75mm,Experiment_2
2025-10-23T02:04:19.145Z,108,1113,3036,419,1438,3853,3378,3156,13328,2132,2239,8213,Day_1,Medium,Slow,3.75mm,Experiment_2
2025-10-23T02:04:19.185Z,109,1117,3040,422,1440,3852,3374,3143,13324,2134,2235,8216,Day_1,Medium,Slow,3.75mm,Experiment_2
2025-10-23T02:04:19.225Z,108,1121,3036,421,1441,3847,3374,3150,13328,2137,2240,8221,Day_1,Medium,Slow,3.75mm,Experiment_2
2025-10-23T02:04:19.265Z,105,1118,3027,416,1439,3841,3377,3174,13337,2140,2253,8227,Day_1,Medium,Slow,3.75mm,Experiment_2
2025-10-23T02:04:19.305Z,103,1116,3021,412,1438,3836,3378,3202,13343,2138,2267,8227,Day_1,Medium,Slow,3.75mm,Experiment_2
2025-10-23T02:04:19.345Z,102,1116,3021,414,1439,3834,3370,3222,13349,2129,2276,8227,Day_1,Medium,Slow,3.75mm,Experiment_2
2025-10-23T02:04:19.385Z,103,1116,3022,418,1436,3833,3355,3229,13360,2119,2278,8228,Day_1,Medium,Slow,3.75mm,Experiment_2
2025-10-23T02:04:19.425Z,103,1119,3019,419,1436,3831,3347,3219,13371,2114,2270,8231,Day_1,Medium,Slow,3.75mm,Experiment_2
2025-10-23T02:04:19.465Z,102,1126,3014,418,1443,3828,3353,3192,13372,2114,2254,8233,Day_1,Medium,Slow,3.75mm,Experiment_2
2025-10-23T02:04:19.505Z,102,1133,3009,417,1452,3826,3364,3169,13362,2117,2243,8232,Day_1,Medium,Slow,3.75mm,Experiment_2
2025-10-23T02:04:19.545Z,103,1128,3005,417,1453,3824,3367,3176,13350,2117,2243,8230,Day_1,Medium,Slow,3.75mm,Experiment_2
2025-10-23T02:04:19.585Z,104,1115,3004,416,1443,3825,3363,3204,13345,2114,2251,8228,Day_1,Medium,Slow,3.75mm,Experiment_2
2025-10-23T02:04:19.625Z,101,1105,3009,411,1433,3832,3353,3220,13348,2107,2255,8227,Day_1,Medium,Slow,3.75mm,Experiment_2
2025-10-23T02:04:19.665Z,95,1106,3017,402,1432,3841,3348,3210,13348,2105,2252,8228,Day_1,Medium,Slow,3.75mm,Experiment_2
2025-10-23T02:04:19.705Z,91,1115,3021,396,1437,3844,3352,3194,13339,2108,2252,8228,Day_1,Medium,Slow,3.75mm,Experiment_2
2025-10-23T02:04:19.745Z,93,1124,3019,398,1446,3839,3356,3200,13329,2110,2262,8229,Day_1,Medium,Slow,3.75mm,Experiment_2
2025-10-23T02:04:19.785Z,98,1133,3015,402,1454,3832,3353,3224,13333,2107,2274,8233,Day_1,Medium,Slow,3.75mm,Experiment_2
2025-10-23T02:04:19.825Z,99,1140,3013,405,1459,3828,3352,3240,13348,2108,2280,8237,Day_1,Medium,Slow,3.75mm,Experiment_2
2025-10-23T02:04:19.865Z,97,1141,3012,407,1459,3828,3362,3239,13354,2117,2278,8236,Day_1,Medium,Slow,3.75mm,Experiment_2
2025-10-23T02:04:19.905Z,97,1136,3011,408,1456,3830,3373,3224,13346,2124,2272,8231,Day_1,Medium,Slow,3.75mm,Experiment_2
2025-10-23T02:04:19.945Z,99,1130,3011,410,1452,3831,3369,3206,13333,2122,2266,8226,Day_1,Medium,Slow,3.75mm,Experiment_2
2025-10-23T02:04:19.985Z,100,1126,3012,409,1449,3831,3353,3200,13326,2114,2264,8224,Day_1,Medium,Slow,3.75mm,Experiment_2
2025-10-23T02:04:20.025Z,97,1122,3015,404,1445,3832,3346,3205,13323,2113,2265,8224,Day_1,Medium,Slow,3.75mm,Experiment_2
2025-10-23T02:04:20.065Z,94,1117,3021,401,1439,3837,3352,3207,13323,2119,2266,8220,Day_1,Medium,Slow,3.75mm,Experiment_2
2025-10-23T02:04:20.105Z,94,1114,3025,400,1434,3842,3360,3195,13331,2126,2259,8218,Day_1,Medium,Slow,3.75mm,Experiment_2
2025-10-23T02:04:20.145Z,97,1115,3023,400,1435,3842,3361,3181,13346,2130,2251,8222,Day_1,Medium,Slow,3.75mm,Experiment_2
2025-10-23T02:04:20.185Z,103,1119,3021,406,1439,3841,3356,3181,13364,2128,2248,8229,Day_1,Medium,Slow,3.75mm,Experiment_2
2025-10-23T02:04:20.225Z,109,1122,3025,413,1443,3843,3346,3188,13379,2121,2247,8234,Day_1,Medium,Slow,3.75mm,Experiment_2
2025-10-23T02:04:20.265Z,110,1122,3030,415,1442,3845,3338,3196,13378,2115,2248,8234,Day_1,Medium,Slow,3.75mm,Experiment_2
2025-10-23T02:04:20.305Z,104,1121,3025,408,1440,3839,3342,3203,13359,2117,2250,8227,Day_1,Medium,Slow,3.75mm,Experiment_2
2025-10-23T02:04:20.345Z,95,1115,3016,399,1436,3829,3359,3204,13332,2127,2251,8215,Day_1,Medium,Slow,3.75mm,Experiment_2
2025-10-23T02:04:20.385Z,92,1107,3013,396,1430,3827,3374,3202,13317,2133,2251,8206,Day_1,Medium,Slow,3.75mm,Experiment_2
2025-10-23T02:04:20.425Z,93,1105,3016,397,1431,3832,3373,3200,13321,2132,2250,8205,Day_1,Medium,Slow,3.75mm,Experiment_2
2025-10-23T02:04:20.465Z,94,1114,3017,399,1437,3836,3362,3192,13325,2126,2248,8210,Day_1,Medium,Slow,3.75mm,Experiment_2
2025-10-23T02:04:20.505Z,94,1126,3015,398,1445,3837,3353,3187,13320,2122,2247,8214,Day_1,Medium,Slow,3.75mm,Experiment_2
2025-10-23T02:04:20.545Z,95,1130,3015,397,1448,3839,3352,3193,13321,2120,2252,8214,Day_1,Medium,Slow,3.75mm,Experiment_2
2025-10-23T02:04:20.585Z,98,1123,3016,402,1442,3839,3357,3193,13336,2120,2252,8215,Day_1,Medium,Slow,3.75mm,Experiment_2
2025-10-23T02:04:20.625Z,100,1112,3013,408,1432,3833,3354,3179,13344,2118,2244,8218,Day_1,Medium,Slow,3.75mm,Experiment_2
2025-10-23T02:04:20.665Z,99,1104,3008,409,1426,3824,3342,3160,13336,2113,2234,8217,Day_1,Medium,Slow,3.75mm,Experiment_2
2025-10-23T02:04:20.705Z,100,1100,3010,410,1425,3824,3341,3144,13325,2112,2226,8214,Day_1,Medium,Slow,3.75mm,Experiment_2
2025-10-23T02:04:20.745Z,102,1102,3022,412,1428,3836,3360,3135,13320,2118,2222,8212,Day_1,Medium,Slow,3.75mm,Experiment_2
2025-10-23T02:04:20.785Z,107,1108,3035,418,1433,3850,3374,3145,13316,2121,2227,8212,Day_1,Medium,Slow,3.75mm,Experiment_2
2025-10-23T02:04:20.825Z,114,1115,3039,424,1436,3856,3369,3164,13323,2120,2238,8216,Day_1,Medium,Slow,3.75mm,Experiment_2
2025-10-23T02:04:20.865Z,114,1119,3039,423,1437,3853,3357,3172,13345,2118,2245,8224,Day_1,Medium,Slow,3.75mm,Experiment_2
2025-10-23T02:04:20.905Z,109,1118,3038,417,1437,3850,3347,3170,13364,2117,2245,8232,Day_1,Medium,Slow,3.75mm,Experiment_2
2025-10-23T02:04:20.945Z,106,1119,3034,412,1438,3847,3348,3171,13363,2117,2248,8233,Day_1,Medium,Slow,3.75mm,Experiment_2
2025-10-23T02:04:20.985Z,103,1124,3025,410,1441,3840,3363,3182,13357,2121,2255,8232,Day_1,Medium,Slow,3.75mm,Experiment_2
2025-10-23T02:04:21.025Z,99,1126,3019,409,1441,3833,3380,3194,13352,2126,2264,8233,Day_1,Medium,Slow,3.75mm,Experiment_2
2025-10-23T02:04:21.065Z,99,1126,3019,412,1440,3832,3393,3207,13340,2131,2270,8234,Day_1,Medium,Slow,3.75mm,Experiment_2
2025-10-23T02:04:21.105Z,102,1126,3025,418,1442,3835,3403,3214,13327,2138,2270,8231,Day_1,Medium,Slow,3.75mm,Experiment_2
2025-10-23T02:04:21.145Z,105,1128,3030,420,1445,3841,3403,3206,13325,2140,2263,8226,Day_1,Medium,Slow,3.75mm,Experiment_2
2025-10-23T02:04:21.185Z,109,1129,3034,421,1445,3845,3388,3181,13330,2133,2250,8223,Day_1,Medium,Slow,3.75mm,Experiment_2
2025-10-23T02:04:21.225Z,114,1127,3036,424,1443,3849,3366,3150,13330,2122,2235,8221,Day_1,Medium,Slow,3.75mm,Experiment_2
2025-10-23T02:04:21.265Z,113,1122,3035,424,1440,3849,3349,3137,13330,2113,2226,8222,Day_1,Medium,Slow,3.75mm,Experiment_2
2025-10-23T02:04:21.305Z,107,1119,3028,419,1438,3842,3338,3152,13338,2108,2229,8229,Day_1,Medium,Slow,3.75mm,Experiment_2
2025-10-23T02:04:21.345Z,101,1117,3019,415,1437,3831,3331,3182,13357,2103,2243,8237,Day_1,Medium,Slow,3.75mm,Experiment_2
2025-10-23T02:04:21.385Z,100,1117,3012,415,1437,3823,3331,3207,13378,2102,2258,8242,Day_1,Medium,Slow,3.75mm,Experiment_2
2025-10-23T02:04:21.425Z,101,1120,3012,418,1440,3820,3341,3216,13399,2108,2266,8246,Day_1,Medium,Slow,3.75mm,Experiment_2
2025-10-23T02:04:21.465Z,101,1124,3012,420,1444,3820,3360,3212,13410,2115,2265,8250,Day_1,Medium,Slow,3.75mm,Experiment_2
2025-10-23T02:04:21.505Z,102,1123,3010,420,1444,3820,3377,3206,13399,2121,2263,8248,Day_1,Medium,Slow,3.75mm,Experiment_2
2025-10-23T02:04:21.545Z,104,1119,3010,419,1442,3823,3383,3196,13369,2122,2260,8238,Day_1,Medium,Slow,3.75mm,Experiment_2
2025-10-23T02:04:21.585Z,104,1118,3015,414,1444,3832,3374,3176,13332,2117,2254,8225,Day_1,Medium,Slow,3.75mm,Experiment_2
2025-10-23T02:04:21.625Z,103,1124,3026,410,1452,3843,3354,3162,13302,2110,2254,8216,Day_1,Medium,Slow,3.75mm,Experiment_2
2025-10-23T02:04:21.665Z,104,1132,3033,410,1459,3851,3332,3162,13298,2104,2257,8217,Day_1,Medium,Slow,3.75mm,Experiment_2
2025-10-23T02:04:21.705Z,104,1137,3031,411,1461,3852,3314,3161,13332,2098,2253,8227,Day_1,Medium,Slow,3.75mm,Experiment_2
2025-10-23T02:04:21.745Z,102,1136,3027,409,1456,3848,3310,3156,13377,2095,2244,8240,Day_1,Medium,Slow,3.75mm,Experiment_2
2025-10-23T02:04:21.785Z,103,1132,3025,408,1450,3845,3325,3155,13398,2100,2237,8248,Day_1,Medium,Slow,3.75mm,Experiment_2
2025-10-23T02:04:21.825Z,109,1131,3026,413,1449,3843,3349,3159,13390,2109,2234,8249,Day_1,Medium,Slow,3.75mm,Experiment_2
2025-10-23T02:04:21.865Z,112,1131,3027,417,1449,3842,3367,3163,13374,2116,2235,8245,Day_1,Medium,Slow,3.75mm,Experiment_2
2025-10-23T02:04:21.905Z,108,1130,3027,415,1449,3841,3370,3162,13366,2120,2238,8238,Day_1,Medium,Slow,3.75mm,Experiment_2
2025-10-23T02:04:21.945Z,98,1128,3025,409,1450,3841,3367,3158,13364,2122,2239,8232,Day_1,Medium,Slow,3.75mm,Experiment_2
2025-10-23T02:04:21.985Z,88,1127,3025,401,1450,3841,3369,3154,13359,2121,2237,8225,Day_1,Medium,Slow,3.75mm,Experiment_2
2025-10-23T02:04:22.025Z,84,1124,3028,397,1446,3842,3368,3150,13351,2116,2234,8221,Day_1,Medium,Slow,3.75mm,Experiment_2
2025-10-23T02:04:22.065Z,86,1121,3027,398,1441,3844,3354,3154,13346,2111,2236,8221,Day_1,Medium,Slow,3.75mm,Experiment_2
2025-10-23T02:04:22.105Z,90,1118,3024,402,1438,3843,3338,3180,13350,2108,2247,8224,Day_1,Medium,Slow,3.75mm,Experiment_2
2025-10-23T02:04:22.145Z,96,1117,3024,406,1438,3841,3337,3219,13368,2112,2261,8231,Day_1,Medium,Slow,3.75mm,Experiment_2
2025-10-23T02:04:22.185Z,99,1115,3026,410,1438,3840,3350,3242,13392,2120,2271,8241,Day_1,Medium,Slow,3.75mm,Experiment_2
2025-10-23T02:04:22.225Z,100,1112,3028,411,1436,3838,3365,3235,13399,2126,2272,8247,Day_1,Medium,Slow,3.75mm,Experiment_2
2025-10-23T02:04:22.265Z,104,1113,3031,416,1436,3840,3371,3214,13386,2126,2265,8244,Day_1,Medium,Slow,3.75mm,Experiment_2
2025-10-23T02:04:22.306Z,107,1116,3035,420,1437,3845,3368,3203,13370,2123,2259,8237,Day_1,Medium,Slow,3.75mm,Experiment_2
2025-10-23T02:04:22.346Z,105,1119,3036,420,1440,3847,3367,3211,13355,2122,2263,8229,Day_1,Medium,Slow,3.75mm,Experiment_2
2025-10-23T02:04:22.386Z,102,1122,3033,417,1443,3846,3371,3227,13338,2122,2273,8220,Day_1,Medium,Slow,3.75mm,Experiment_2
2025-10-23T02:04:22.426Z,101,1122,3029,413,1444,3844,3375,3228,13326,2119,2276,8213,Day_1,Medium,Slow,3.75mm,Experiment_2
2025-10-23T02:04:22.466Z,98,1120,3021,407,1442,3838,3380,3208,13323,2117,2267,8215,Day_1,Medium,Slow,3.75mm,Experiment_2
2025-10-23T02:04:22.506Z,91,1116,3013,398,1439,3832,3392,3184,13328,2121,2255,8224,Day_1,Medium,Slow,3.75mm,Experiment_2
2025-10-23T02:04:22.546Z,88,1112,3009,396,1435,3828,3401,3171,13337,2127,2248,8230,Day_1,Medium,Slow,3.75mm,Experiment_2
2025-10-23T02:04:22.586Z,94,1112,3008,402,1435,3827,3394,3168,13345,2128,2246,8228,Day_1,Medium,Slow,3.75mm,Experiment_2
2025-10-23T02:04:22.626Z,101,1115,3009,408,1437,3827,3375,3173,13348,2122,2248,8222,Day_1,Medium,Slow,3.75mm,Experiment_2
2025-10-23T02:04:22.665Z,103,1118,3007,408,1439,3824,3365,3177,13342,2114,2252,8214,Day_1,Medium,Slow,3.75mm,Experiment_2
2025-10-23T02:04:22.705Z,99,1117,3005,405,1438,3822,3372,3173,13339,2110,2255,8211,Day_1,Medium,Slow,3.75mm,Experiment_2
2025-10-23T02:04:22.745Z,92,1113,3008,404,1435,3823,3392,3168,13344,2115,2253,8218,Day_1,Medium,Slow,3.75mm,Experiment_2
2025-10-23T02:04:22.785Z,87,1113,3016,404,1435,3828,3414,3173,13345,2124,2251,8225,Day_1,Medium,Slow,3.75mm,Experiment_2
2025-10-23T02:04:22.825Z,91,1116,3027,408,1438,3837,3417,3191,13335,2130,2252,8225,Day_1,Medium,Slow,3.75mm,Experiment_2
2025-10-23T02:04:22.865Z,101,1118,3035,416,1441,3845,3401,3210,13324,2130,2259,8221,Day_1,Medium,Slow,3.75mm,Experiment_2
2025-10-23T02:04:22.905Z,107,1118,3040,419,1442,3848,3385,3212,13323,2129,2260,8220,Day_1,Medium,Slow,3.75mm,Experiment_2
2025-10-23T02:04:22.945Z,102,1115,3040,413,1439,3848,3373,3188,13334,2126,2249,8228,Day_1,Medium,Slow,3.75mm,Experiment_2
2025-10-23T02:04:22.985Z,94,1113,3032,405,1436,3842,3362,3150,13348,2121,2232,8237,Day_1,Medium,Slow,3.75mm,Experiment_2
2025-10-23T02:04:23.025Z,93,1114,3022,404,1436,3832,3356,3125,13349,2117,2223,8238,Day_1,Medium,Slow,3.75mm,Experiment_2
2025-10-23T02:04:23.065Z,100,1114,3017,411,1436,3826,3358,3121,13331,2116,2223,8229,Day_1,Medium,Slow,3.75mm,Experiment_2
2025-10-23T02:04:23.105Z,108,1111,3021,419,1432,3830,3360,3139,13314,2114,2232,8218,Day_1,Medium,Slow,3.75mm,Experiment_2
2025-10-23T02:04:23.145Z,109,1110,3030,420,1429,3842,3364,3170,13316,2115,2247,8216,Day_1,Medium,Slow,3.75mm,Experiment_2
2025-10-23T02:04:23.185Z,102,1117,3036,413,1434,3851,3374,3201,13325,2120,2262,8217,Day_1,Medium,Slow,3.75mm,Experiment_2
2025-10-23T02:04:23.225Z,91,1129,3037,403,1445,3853,3381,3217,13328,2125,2269,8215,Day_1,Medium,Slow,3.75mm,Experiment_2
2025-10-23T02:04:23.265Z,84,1136,3035,396,1454,3853,3381,3214,13329,2125,2267,8213,Day_1,Medium,Slow,3.75mm,Experiment_2
2025-10-23T02:04:23.305Z,84,1136,3034,397,1457,3852,3372,3208,13337,2121,2263,8217,Day_1,Medium,Slow,3.75mm,Experiment_2
2025-10-23T02:04:23.345Z,91,1135,3033,402,1458,3850,3358,3214,13340,2121,2262,8221,Day_1,Medium,Slow,3.75mm,Experiment_2
2025-10-23T02:04:23.386Z,96,1133,3030,406,1458,3847,3349,3221,13328,2125,2262,8218,Day_1,Medium,Slow,3.75mm,Experiment_2
2025-10-23T02:04:23.426Z,94,1127,3029,405,1451,3847,3348,3219,13315,2130,2261,8211,Day_1,Medium,Slow,3.75mm,Experiment_2
2025-10-23T02:04:23.466Z,92,1117,3030,405,1440,3850,3347,3214,13321,2127,2259,8210,Day_1,Medium,Slow,3.75mm,Experiment_2
2025-10-23T02:04:23.506Z,94,1112,3027,407,1433,3847,3348,3219,13338,2123,2259,8213,Day_1,Medium,Slow,3.75mm,Experiment_2
2025-10-23T02:04:23.546Z,98,1117,3017,410,1435,3835,3354,3227,13340,2123,2260,8211,Day_1,Medium,Slow,3.75mm,Experiment_2
2025-10-23T02:04:23.586Z,100,1122,3007,412,1440,3825,3363,3224,13329,2124,2260,8201,Day_1,Medium,Slow,3.75mm,Experiment_2
2025-10-23T02:04:23.626Z,102,1120,3005,415,1439,3823,3374,3210,13330,2126,2260,8201,Day_1,Medium,Slow,3.75mm,Experiment_2
2025-10-23T02:04:23.666Z,102,1113,3005,416,1432,3824,3378,3196,13349,2125,2258,8214,Day_1,Medium,Slow,3.75mm,Experiment_2
2025-10-23T02:04:23.706Z,101,1108,3005,414,1427,3823,3359,3196,13367,2116,2259,8228,Day_1,Medium,Slow,3.75mm,Experiment_2
2025-10-23T02:04:23.746Z,99,1106,3007,410,1427,3821,3331,3201,13370,2107,2261,8233,Day_1,Medium,Slow,3.75mm,Experiment_2
2025-10-23T02:04:23.786Z,95,1110,3013,405,1432,3824,3323,3192,13359,2109,2255,8231,Day_1,Medium,Slow,3.75mm,Experiment_2
2025-10-23T02:04:23.826Z,97,1117,3022,405,1440,3830,3345,3171,13342,2122,2243,8224,Day_1,Medium,Slow,3.75mm,Experiment_2
2025-10-23T02:04:23.866Z,108,1126,3026,414,1447,3835,3374,3155,13323,2137,2236,8215,Day_1,Medium,Slow,3.75mm,Experiment_2
2025-10-23T02:04:23.906Z,119,1130,3021,424,1452,3832,3388,3153,13318,2142,2235,8212,Day_1,Medium,Slow,3.75mm,Experiment_2
2025-10-23T02:04:23.946Z,120,1127,3014,425,1451,3826,3382,3166,13341,2134,2241,8224,Day_1,Medium,Slow,3.75mm,Experiment_2
2025-10-23T02:04:23.986Z,114,1118,3013,420,1441,3826,3363,3185,13370,2122,2251,8239,Day_1,Medium,Slow,3.75mm,Experiment_2
2025-10-23T02:04:24.026Z,108,1112,3019,414,1428,3833,3345,3191,13377,2116,2257,8240,Day_1,Medium,Slow,3.75mm,Experiment_2
2025-10-23T02:04:24.066Z,104,1117,3030,411,1421,3845,3336,3180,13364,2117,2254,8232,Day_1,Medium,Slow,3.75mm,Experiment_2
2025-10-23T02:04:24.106Z,102,1129,3040,411,1424,3855,3334,3171,13352,2120,2250,8228,Day_1,Medium,Slow,3.75mm,Experiment_2
2025-10-23T02:04:24.146Z,99,1135,3041,413,1433,3857,3344,3178,13348,2125,2255,8231,Day_1,Medium,Slow,3.75mm,Experiment_2
2025-10-23T02:04:24.186Z,95,1130,3038,412,1437,3853,3361,3196,13350,2129,2268,8233,Day_1,Medium,Slow,3.75mm,Experiment_2
2025-10-23T02:04:24.226Z,96,1121,3036,414,1439,3852,3371,3211,13359,2130,2275,8233,Day_1,Medium,Slow,3.75mm,Experiment_2
2025-10-23T02:04:24.266Z,101,1121,3035,419,1443,3853,3367,3213,13371,2126,2270,8231,Day_1,Medium,Slow,3.75mm,Experiment_2
2025-10-23T02:04:24.306Z,106,1128,3030,424,1451,3849,3351,3200,13383,2116,2258,8232,Day_1,Medium,Slow,3.75mm,Experiment_2
2025-10-23T02:04:24.346Z,110,1137,3024,428,1458,3843,3335,3196,13389,2107,2252,8233,Day_1,Medium,Slow,3.75mm,Experiment_2
2025-10-23T02:04:24.386Z,112,1144,3022,429,1460,3840,3338,3207,13382,2108,2256,8232,Day_1,Medium,Slow,3.75mm,Experiment_2
2025-10-23T02:04:24.426Z,110,1143,3027,424,1455,3844,3362,3214,13363,2121,2263,8227,Day_1,Medium,Slow,3.75mm,Experiment_2
2025-10-23T02:04:24.466Z,105,1135,3034,416,1448,3848,3381,3207,13348,2132,2264,8223,Day_1,Medium,Slow,3.75mm,Experiment_2
2025-10-23T02:04:24.506Z,101,1128,3040,409,1443,3850,3376,3206,13350,2130,2268,8226,Day_1,Medium,Slow,3.75mm,Experiment_2
2025-10-23T02:04:24.546Z,97,1124,3043,404,1441,3851,3358,3216,13361,2122,2276,8231,Day_1,Medium,Slow,3.75mm,Experiment_2
2025-10-23T02:04:24.586Z,95,1123,3043,402,1441,3850,3348,3221,13368,2118,2278,8232,Day_1,Medium,Slow,3.75mm,Experiment_2
2025-10-23T02:04:24.626Z,97,1124,3034,405,1443,3844,3351,3215,13372,2117,2273,8231,Day_1,Medium,Slow,3.75mm,Experiment_2
2025-10-23T02:04:24.666Z,99,1125,3023,406,1444,3835,3357,3214,13379,2115,2270,8233,Day_1,Medium,Slow,3.75mm,Experiment_2
2025-10-23T02:04:24.706Z,98,1121,3015,404,1440,3827,3358,3212,13389,2112,2266,8238,Day_1,Medium,Slow,3.75mm,Experiment_2
2025-10-23T02:04:24.746Z,100,1115,3014,408,1434,3825,3361,3193,13392,2112,2255,8242,Day_1,Medium,Slow,3.75mm,Experiment_2
2025-10-23T02:04:24.786Z,108,1108,3022,416,1427,3832,3368,3175,13382,2115,2246,8241,Day_1,Medium,Slow,3.75mm,Experiment_2
2025-10-23T02:04:24.826Z,110,1102,3035,418,1422,3842,3366,3179,13367,2115,2249,8239,Day_1,Medium,Slow,3.75mm,Experiment_2
2025-10-23T02:04:24.866Z,101,1104,3039,410,1423,3846,3361,3197,13354,2113,2257,8239,Day_1,Medium,Slow,3.75mm,Experiment_2
2025-10-23T02:04:24.906Z,93,1112,3034,405,1431,3843,3362,3210,13344,2114,2261,8238,Day_1,Medium,Slow,3.75mm,Experiment_2
2025-10-23T02:04:24.946Z,93,1118,3030,407,1437,3842,3374,3209,13334,2122,2260,8237,Day_1,Medium,Slow,3.75mm,Experiment_2
2025-10-23T02:04:24.986Z,95,1123,3028,408,1441,3843,3386,3197,13330,2134,2256,8238,Day_1,Medium,Slow,3.75mm,Experiment_2
2025-10-23T02:04:25.026Z,96,1130,3022,407,1447,3840,3391,3193,13338,2140,2257,8241,Day_1,Medium,Slow,3.75mm,Experiment_2
2025-10-23T02:04:25.066Z,96,1136,3015,405,1455,3834,3382,3209,13353,2137,2269,8245,Day_1,Medium,Slow,3.75mm,Experiment_2
2025-10-23T02:04:25.106Z,98,1135,3015,406,1456,3833,3366,3228,13365,2127,2278,8247,Day_1,Medium,Slow,3.75mm,Experiment_2
2025-10-23T02:04:25.146Z,104,1130,3021,413,1450,3839,3354,3233,13368,2117,2278,8246,Day_1,Medium,Slow,3.75mm,Experiment_2
2025-10-23T02:04:25.186Z,110,1124,3028,420,1442,3845,3355,3230,13362,2113,2275,8242,Day_1,Medium,Slow,3.75mm,Experiment_2
2025-10-23T02:04:25.226Z,110,1119,3029,421,1437,3845,3362,3228,13352,2115,2273,8235,Day_1,Medium,Slow,3.75mm,Experiment_2
2025-10-23T02:04:25.266Z,104,1113,3022,415,1434,3835,3366,3224,13345,2118,2271,8230,Day_1,Medium,Slow,3.75mm,Experiment_2
2025-10-23T02:04:25.306Z,96,1110,3017,409,1434,3827,3365,3226,13344,2120,2273,8226,Day_1,Medium,Slow,3.75mm,Experiment_2
2025-10-23T02:04:25.346Z,95,1109,3022,410,1434,3830,3362,3231,13343,2120,2278,8223,Day_1,Medium,Slow,3.75mm,Experiment_2
2025-10-23T02:04:25.386Z,102,1108,3033,416,1434,3839,3364,3230,13340,2123,2279,8219,Day_1,Medium,Slow,3.75mm,Experiment_2
2025-10-23T02:04:25.426Z,108,1111,3035,419,1435,3843,3381,3217,13336,2131,2271,8216,Day_1,Medium,Slow,3.75mm,Experiment_2
2025-10-23T02:04:25.466Z,109,1119,3029,417,1442,3840,3396,3201,13337,2137,2257,8217,Day_1,Medium,Slow,3.75mm,Experiment_2
2025-10-23T02:04:25.506Z,104,1129,3023,413,1452,3836,3386,3192,13340,2133,2247,8222,Day_1,Medium,Slow,3.75mm,Experiment_2
2025-10-23T02:04:25.546Z,100,1133,3022,411,1455,3835,3362,3192,13343,2124,2246,8228,Day_1,Medium,Slow,3.75mm,Experiment_2
2025-10-23T02:04:25.586Z,103,1129,3023,414,1452,3836,3355,3192,13345,2122,2250,8233,Day_1,Medium,Slow,3.75mm,Experiment_2
2025-10-23T02:04:25.626Z,110,1123,3019,419,1445,3834,3370,3189,13349,2130,2254,8232,Day_1,Medium,Slow,3.75mm,Experiment_2
2025-10-23T02:04:25.666Z,111,1118,3013,422,1441,3832,3390,3190,13352,2137,2258,8228,Day_1,Medium,Slow,3.75mm,Experiment_2
2025-10-23T02:04:25.706Z,108,1119,3013,421,1442,3835,3399,3192,13353,2138,2257,8226,Day_1,Medium,Slow,3.75mm,Experiment_2
2025-10-23T02:04:25.746Z,109,1125,3021,421,1448,3845,3397,3187,13351,2134,2251,8230,Day_1,Medium,Slow,3.75mm,Experiment_2
2025-10-23T02:04:25.786Z,107,1131,3028,416,1451,3850,3389,3177,13346,2129,2244,8234,Day_1,Medium,Slow,3.75mm,Experiment_2
2025-10-23T02:04:25.826Z,96,1134,3026,405,1448,3847,3379,3173,13353,2122,2243,8237,Day_1,Medium,Slow,3.75mm,Experiment_2
2025-10-23T02:04:25.866Z,83,1135,3020,393,1444,3839,3364,3181,13374,2113,2250,8239,Day_1,Medium,Slow,3.75mm,Experiment_2
2025-10-23T02:04:25.906Z,79,1132,3017,388,1441,3833,3348,3203,13393,2105,2262,8240,Day_1,Medium,Slow,3.75mm,Experiment_2
2025-10-23T02:04:25.946Z,84,1127,3019,392,1438,3833,3346,3223,13395,2106,2266,8240,Day_1,Medium,Slow,3.75mm,Experiment_2
2025-10-23T02:04:25.986Z,95,1121,3023,403,1436,3838,3358,3217,13387,2117,2256,8237,Day_1,Medium,Slow,3.75mm,Experiment_2
2025-10-23T02:04:26.026Z,106,1122,3028,412,1440,3842,3367,3189,13383,2125,2242,8236,Day_1,Medium,Slow,3.75mm,Experiment_2
2025-10-23T02:04:26.066Z,111,1128,3031,416,1448,3842,3365,3168,13383,2124,2237,8235,Day_1,Medium,Slow,3.75mm,Experiment_2
2025-10-23T02:04:26.106Z,110,1130,3030,417,1450,3840,3360,3174,13379,2121,2247,8235,Day_1,Medium,Slow,3.75mm,Experiment_2
2025-10-23T02:04:26.146Z,109,1125,3028,420,1444,3839,3362,3197,13377,2122,2262,8238,Day_1,Medium,Slow,3.75mm,Experiment_2
2025-10-23T02:04:26.186Z,113,1120,3030,426,1436,3839,3374,3220,13382,2129,2273,8241,Day_1,Medium,Slow,3.75mm,Experiment_2
2025-10-23T02:04:26.226Z,120,1119,3035,432,1432,3842,3386,3232,13386,2135,2273,8243,Day_1,Medium,Slow,3.75mm,Experiment_2
2025-10-23T02:04:26.266Z,119,1119,3040,429,1432,3846,3384,3230,13387,2133,2264,8243,Day_1,Medium,Slow,3.75mm,Experiment_2
2025-10-23T02:04:26.306Z,104,1120,3043,414,1436,3850,3364,3222,13383,2121,2255,8244,Day_1,Medium,Slow,3.75mm,Experiment_2
2025-10-23T02:04:26.346Z,86,1120,3042,397,1438,3851,3344,3228,13375,2108,2256,8244,Day_1,Medium,Slow,3.75mm,Experiment_2
2025-10-23T02:04:26.386Z,78,1116,3038,391,1435,3850,3340,3243,13362,2106,2267,8238,Day_1,Medium,Slow,3.75mm,Experiment_2
2025-10-23T02:04:26.426Z,85,1110,3036,397,1429,3848,3358,3243,13351,2117,2276,8232,Day_1,Medium,Slow,3.75mm,Experiment_2
2025-10-23T02:04:26.466Z,95,1107,3034,405,1427,3846,3381,3225,13342,2129,2276,8227,Day_1,Medium,Slow,3.75mm,Experiment_2
2025-10-23T02:04:26.506Z,100,1108,3031,408,1431,3841,3391,3214,13335,2133,2271,8224,Day_1,Medium,Slow,3.75mm,Experiment_2
2025-10-23T02:04:26.546Z,99,1108,3027,406,1435,3838,3386,3220,13338,2134,2268,8224,Day_1,Medium,Slow,3.75mm,Experiment_2
2025-10-23T02:04:26.586Z,94,1107,3021,402,1435,3835,3381,3231,13354,2137,2269,8229,Day_1,Medium,Slow,3.75mm,Experiment_2
2025-10-23T02:04:26.626Z,86,1107,3017,396,1435,3832,3377,3232,13371,2139,2271,8236,Day_1,Medium,Slow,3.75mm,Experiment_2
2025-10-23T02:04:26.666Z,83,1109,3019,394,1434,3833,3364,3226,13373,2134,2271,8237,Day_1,Medium,Slow,3.75mm,Experiment_2
2025-10-23T02:04:26.706Z,87,1110,3022,397,1432,3835,3348,3226,13356,2122,2270,8230,Day_1,Medium,Slow,3.75mm,Experiment_2
2025-10-23T02:04:26.746Z,95,1111,3019,402,1429,3833,3339,3236,13340,2113,2272,8222,Day_1,Medium,Slow,3.75mm,Experiment_2
2025-10-23T02:04:26.786Z,100,1112,3014,408,1428,3829,3339,3244,13346,2113,2275,8222,Day_1,Medium,Slow,3.75mm,Experiment_2
2025-10-23T02:04:26.826Z,98,1113,3014,411,1430,3829,3341,3235,13365,2116,2272,8229,Day_1,Medium,Slow,3.75mm,Experiment_2
2025-10-23T02:04:26.866Z,92,1115,3020,408,1434,3833,3344,3216,13375,2117,2265,8235,Day_1,Medium,Slow,3.75mm,Experiment_2
2025-10-23T02:04:26.906Z,88,1120,3025,405,1440,3836,3352,3202,13369,2117,2261,8236,Day_1,Medium,Slow,3.75mm,Experiment_2
2025-10-23T02:04:26.946Z,92,1127,3024,407,1446,3835,3361,3193,13359,2120,2259,8236,Day_1,Medium,Slow,3.75mm,Experiment_2
2025-10-23T02:04:26.986Z,99,1125,3019,409,1445,3829,3358,3190,13356,2118,2258,8234,Day_1,Medium,Slow,3.75mm,Experiment_2
2025-10-23T02:04:27.026Z,102,1116,3011,410,1438,3822,3346,3199,13355,2113,2260,8229,Day_1,Medium,Slow,3.75mm,Experiment_2
2025-10-23T02:04:27.066Z,103,1107,3007,410,1432,3820,3337,3224,13352,2110,2267,8225,Day_1,Medium,Slow,3.75mm,Experiment_2
2025-10-23T02:04:27.106Z,104,1103,3010,411,1429,3825,3337,3250,13345,2114,2278,8222,Day_1,Medium,Slow,3.75mm,Experiment_2
2025-10-23T02:04:27.146Z,108,1102,3018,413,1427,3831,3347,3253,13340,2119,2285,8222,Day_1,Medium,Slow,3.75mm,Experiment_2
2025-10-23T02:04:27.186Z,110,1101,3022,414,1424,3834,3363,3231,13344,2125,2278,8226,Day_1,Medium,Slow,3.75mm,Experiment_2
2025-10-23T02:04:27.226Z,106,1100,3020,409,1424,3832,3381,3207,13347,2129,2266,8231,Day_1,Medium,Slow,3.75mm,Experiment_2
2025-10-23T02:04:27.266Z,96,1102,3017,400,1427,3830,3396,3201,13344,2130,2260,8230,Day_1,Medium,Slow,3.75mm,Experiment_2
2025-10-23T02:04:27.306Z,85,1109,3017,391,1434,3830,3404,3196,13344,2130,2259,8227,Day_1,Medium,Slow,3.75mm,Experiment_2
2025-10-23T02:04:27.347Z,78,1117,3019,387,1440,3833,3404,3180,13353,2132,2257,8227,Day_1,Medium,Slow,3.75mm,Experiment_2
2025-10-23T02:04:27.387Z,76,1117,3023,386,1438,3838,3396,3173,13367,2131,2260,8230,Day_1,Medium,Slow,3.75mm,Experiment_2
2025-10-23T02:04:27.427Z,77,1111,3028,387,1433,3843,3379,3192,13370,2125,2271,8229,Day_1,Medium,Slow,3.75mm,Experiment_2
2025-10-23T02:04:27.467Z,84,1107,3030,394,1432,3844,3359,3217,13361,2115,2282,8226,Day_1,Medium,Slow,3.75mm,Experiment_2
2025-10-23T02:04:27.507Z,98,1107,3025,409,1434,3840,3341,3229,13351,2110,2287,8227,Day_1,Medium,Slow,3.75mm,Experiment_2
2025-10-23T02:04:27.547Z,112,1111,3018,423,1436,3835,3330,3233,13347,2107,2286,8232,Day_1,Medium,Slow,3.75mm,Experiment_2
2025-10-23T02:04:27.587Z,120,1120,3013,430,1442,3831,3325,3233,13348,2106,2280,8237,Day_1,Medium,Slow,3.75mm,Experiment_2
2025-10-23T02:04:27.627Z,119,1125,3014,429,1445,3831,3326,3225,13341,2108,2271,8235,Day_1,Medium,Slow,3.75mm,Experiment_2
2025-10-23T02:04:27.667Z,111,1121,3021,422,1441,3834,3331,3212,13332,2114,2261,8230,Day_1,Medium,Slow,3.75mm,Experiment_2
2025-10-23T02:04:27.707Z,101,1117,3030,413,1437,3839,3335,3204,13348,2121,2258,8233,Day_1,Medium,Slow,3.75mm,Experiment_2
2025-10-23T02:04:27.747Z,94,1119,3032,407,1439,3839,3346,3208,13383,2127,2264,8244,Day_1,Medium,Slow,3.75mm,Experiment_2
2025-10-23T02:04:27.787Z,92,1127,3026,405,1446,3837,3374,3215,13400,2136,2273,8249,Day_1,Medium,Slow,3.75mm,Experiment_2
2025-10-23T02:04:27.827Z,92,1133,3022,405,1452,3837,3407,3215,13385,2145,2274,8242,Day_1,Medium,Slow,3.75mm,Experiment_2
2025-10-23T02:04:27.867Z,97,1136,3025,409,1453,3843,3420,3216,13365,2148,2271,8233,Day_1,Medium,Slow,3.75mm,Experiment_2
2025-10-23T02:04:27.907Z,106,1135,3026,418,1451,3845,3410,3224,13363,2143,2270,8233,Day_1,Medium,Slow,3.75mm,Experiment_2
2025-10-23T02:04:27.947Z,117,1126,3020,427,1445,3840,3397,3228,13369,2136,2268,8235,Day_1,Medium,Slow,3.75mm,Experiment_2
2025-10-23T02:04:27.987Z,124,1117,3016,431,1439,3834,3388,3221,13367,2133,2262,8232,Day_1,Medium,Slow,3.75mm,Experiment_2
2025-10-23T02:04:28.027Z,121,1117,3016,429,1441,3831,3382,3207,13363,2131,2256,8229,Day_1,Medium,Slow,3.75mm,Experiment_2
2025-10-23T02:04:28.067Z,113,1122,3016,423,1448,3827,3376,3203,13371,2128,2259,8233,Day_1,Medium,Slow,3.75mm,Experiment_2
2025-10-23T02:04:28.107Z,108,1125,3018,419,1451,3826,3372,3209,13386,2125,2270,8239,Day_1,Medium,Slow,3.75mm,Experiment_2
2025-10-23T02:04:28.147Z,107,1121,3020,418,1448,3828,3375,3207,13390,2128,2273,8241,Day_1,Medium,Slow,3.75mm,Experiment_2
2025-10-23T02:04:28.187Z,106,1112,3018,415,1441,3829,3382,3194,13382,2134,2265,8239,Day_1,Medium,Slow,3.75mm,Experiment_2
2025-10-23T02:04:28.227Z,104,1106,3014,413,1434,3831,3383,3187,13374,2136,2259,8239,Day_1,Medium,Slow,3.75mm,Experiment_2
2025-10-23T02:04:28.267Z,102,1104,3017,411,1431,3837,3372,3188,13362,2129,2255,8235,Day_1,Medium,Slow,3.75mm,Experiment_2
2025-10-23T02:04:28.307Z,98,1105,3023,409,1431,3843,3361,3187,13340,2121,2250,8225,Day_1,Medium,Slow,3.75mm,Experiment_2
2025-10-23T02:04:28.347Z,91,1107,3023,405,1433,3841,3362,3189,13326,2120,2251,8218,Day_1,Medium,Slow,3.75mm,Experiment_2
2025-10-23T02:04:28.387Z,83,1113,3016,399,1437,3833,3373,3199,13337,2127,2259,8220,Day_1,Medium,Slow,3.75mm,Experiment_2
2025-10-23T02:04:28.427Z,80,1118,3013,396,1436,3831,3382,3205,13360,2133,2266,8226,Day_1,Medium,Slow,3.75mm,Experiment_2
2025-10-23T02:04:28.467Z,87,1115,3016,402,1432,3835,3381,3203,13365,2130,2268,8229,Day_1,Medium,Slow,3.75mm,Experiment_2
2025-10-23T02:04:28.507Z,97,1109,3019,411,1429,3838,3375,3201,13347,2121,2269,8226,Day_1,Medium,Slow,3.75mm,Experiment_2
2025-10-23T02:04:28.547Z,104,1108,3019,415,1430,3836,3383,3205,13326,2120,2268,8222,Day_1,Medium,Slow,3.75mm,Experiment_2
2025-10-23T02:04:28.587Z,108,1111,3017,417,1434,3832,3399,3211,13319,2128,2263,8219,Day_1,Medium,Slow,3.75mm,Experiment_2
2025-10-23T02:04:28.627Z,111,1116,3016,420,1438,3831,3395,3213,13333,2130,2257,8221,Day_1,Medium,Slow,3.75mm,Experiment_2
2025-10-23T02:04:28.667Z,110,1118,3020,420,1439,3836,3373,3207,13363,2120,2252,8230,Day_1,Medium,Slow,3.75mm,Experiment_2
2025-10-23T02:04:28.707Z,106,1117,3022,417,1440,3842,3349,3199,13386,2108,2249,8239,Day_1,Medium,Slow,3.75mm,Experiment_2
2025-10-23T02:04:28.747Z,103,1116,3020,416,1438,3842,3341,3193,13383,2107,2250,8241,Day_1,Medium,Slow,3.75mm,Experiment_2
2025-10-23T02:04:28.787Z,103,1113,3018,416,1434,3838,3350,3190,13367,2115,2250,8237,Day_1,Medium,Slow,3.75mm,Experiment_2
2025-10-23T02:04:28.827Z,106,1108,3022,417,1430,3836,3363,3186,13354,2120,2247,8232,Day_1,Medium,Slow,3.75mm,Experiment_2
2025-10-23T02:04:28.867Z,111,1106,3024,419,1428,3836,3364,3183,13355,2116,2248,8232,Day_1,Medium,Slow,3.75mm,Experiment_2
2025-10-23T02:04:28.907Z,114,1107,3019,422,1427,3831,3356,3186,13370,2109,2253,8236,Day_1,Medium,Slow,3.75mm,Experiment_2
2025-10-23T02:04:28.947Z,112,1111,3013,421,1427,3825,3348,3196,13385,2104,2259,8239,Day_1,Medium,Slow,3.75mm,Experiment_2
2025-10-23T02:04:28.987Z,106,1117,3008,415,1432,3821,3343,3213,13387,2104,2266,8237,Day_1,Medium,Slow,3.75mm,Experiment_2
2025-10-23T02:04:29.027Z,101,1117,3009,411,1435,3824,3338,3224,13376,2105,2267,8234,Day_1,Medium,Slow,3.75mm,Experiment_2
2025-10-23T02:04:29.067Z,100,1112,3016,410,1432,3835,3331,3213,13365,2101,2260,8233,Day_1,Medium,Slow,3.75mm,Experiment_2
2025-10-23T02:04:29.107Z,101,1110,3024,411,1431,3847,3323,3192,13362,2095,2252,8234,Day_1,Medium,Slow,3.75mm,Experiment_2
2025-10-23T02:04:29.147Z,109,1114,3028,417,1434,3852,3319,3185,13362,2092,2251,8236,Day_1,Medium,Slow,3.75mm,Experiment_2
2025-10-23T02:04:29.187Z,119,1117,3029,427,1438,3850,3324,3191,13364,2094,2256,8236,Day_1,Medium,Slow,3.75mm,Experiment_2
2025-10-23T02:04:29.227Z,124,1121,3031,431,1444,3848,3339,3190,13369,2104,2255,8238,Day_1,Medium,Slow,3.75mm,Experiment_2
2025-10-23T02:04:29.267Z,119,1128,3031,427,1452,3845,3358,3176,13375,2116,2246,8240,Day_1,Medium,Slow,3.75mm,Experiment_2
2025-10-23T02:04:29.307Z,110,1133,3027,420,1455,3839,3366,3163,13370,2123,2236,8237,Day_1,Medium,Slow,3.75mm,Experiment_2
2025-10-23T02:04:29.347Z,101,1129,3022,412,1449,3835,3355,3159,13355,2122,2230,8232,Day_1,Medium,Slow,3.75mm,Experiment_2
2025-10-23T02:04:29.387Z,95,1121,3023,405,1442,3838,3339,3158,13345,2115,2227,8229,Day_1,Medium,Slow,3.75mm,Experiment_2
2025-10-23T02:04:29.427Z,92,1117,3025,403,1438,3843,3335,3157,13344,2109,2229,8229,Day_1,Medium,Slow,3.75mm,Experiment_2
2025-10-23T02:04:29.467Z,92,1113,3023,406,1435,3841,3344,3167,13355,2108,2240,8231,Day_1,Medium,Slow,3.75mm,Experiment_2
2025-10-23T02:04:29.507Z,100,1109,3015,415,1431,3833,3356,3189,13383,2111,2253,8242,Day_1,Medium,Slow,3.75mm,Experiment_2
2025-10-23T02:04:29.547Z,113,1109,3008,429,1430,3824,3364,3211,13414,2115,2262,8256,Day_1,Medium,Slow,3.75mm,Experiment_2
2025-10-23T02:04:29.587Z,120,1116,3003,437,1436,3820,3367,3218,13424,2118,2264,8260,Day_1,Medium,Slow,3.75mm,Experiment_2
2025-10-23T02:04:29.627Z,114,1126,3004,430,1443,3819,3370,3213,13408,2123,2265,8254,Day_1,Medium,Slow,3.75mm,Experiment_2
2025-10-23T02:04:29.667Z,103,1133,3008,417,1447,3821,3374,3206,13385,2128,2265,8248,Day_1,Medium,Slow,3.75mm,Experiment_2
2025-10-23T02:04:29.707Z,95,1134,3009,410,1447,3823,3377,3192,13370,2129,2258,8243,Day_1,Medium,Slow,3.75mm,Experiment_2
2025-10-23T02:04:29.747Z,93,1126,3009,410,1443,3826,3386,3176,13362,2130,2247,8239,Day_1,Medium,Slow,3.75mm,Experiment_2
2025-10-23T02:04:29.787Z,95,1118,3007,411,1440,3827,3402,3177,13355,2131,2244,8235,Day_1,Medium,Slow,3.75mm,Experiment_2
2025-10-23T02:04:29.827Z,95,1116,3006,407,1442,3830,3408,3191,13348,2131,2247,8232,Day_1,Medium,Slow,3.75mm,Experiment_2
2025-10-23T02:04:29.867Z,92,1118,3009,400,1445,3834,3397,3201,13341,2129,2253,8229,Day_1,Medium,Slow,3.75mm,Experiment_2
2025-10-23T02:04:29.907Z,89,1119,3011,396,1446,3835,3384,3207,13344,2129,2259,8228,Day_1,Medium,Slow,3.75mm,Experiment_2
2025-10-23T02:04:29.947Z,90,1119,3013,399,1443,3835,3384,3213,13352,2132,2266,8230,Day_1,Medium,Slow,3.75mm,Experiment_2
2025-10-23T02:04:29.987Z,96,1117,3017,407,1436,3835,3394,3225,13353,2137,2273,8228,Day_1,Medium,Slow,3.75mm,Experiment_2
2025-10-23T02:04:30.027Z,102,1112,3021,413,1430,3837,3403,3244,13346,2141,2279,8227,Day_1,Medium,Slow,3.75mm,Experiment_2
2025-10-23T02:04:30.067Z,106,1108,3021,415,1428,3836,3404,3259,13350,2139,2286,8233,Day_1,Medium,Slow,3.75mm,Experiment_2
2025-10-23T02:04:30.107Z,107,1107,3020,413,1428,3835,3401,3258,13366,2131,2291,8241,Day_1,Medium,Slow,3.75mm,Experiment_2
2025-10-23T02:04:30.147Z,105,1107,3022,412,1428,3838,3395,3243,13370,2120,2291,8242,Day_1,Medium,Slow,3.75mm,Experiment_2
2025-10-23T02:04:30.187Z,104,1108,3025,411,1429,3842,3384,3233,13362,2114,2286,8239,Day_1,Medium,Slow,3.75mm,Experiment_2
2025-10-23T02:04:30.227Z,103,1110,3024,411,1431,3841,3377,3229,13367,2114,2278,8240,Day_1,Medium,Slow,3.75mm,Experiment_2
2025-10-23T02:04:30.267Z,104,1114,3020,413,1436,3835,3378,3222,13387,2117,2270,8244,Day_1,Medium,Slow,3.75mm,Experiment_2
2025-10-23T02:04:30.307Z,104,1118,3016,413,1441,3828,3379,3216,13405,2117,2266,8245,Day_1,Medium,Slow,3.75mm,Experiment_2
2025-10-23T02:04:30.347Z,103,1119,3013,409,1440,3824,3373,3219,13410,2110,2268,8242,Day_1,Medium,Slow,3.75mm,Experiment_2
2025-10-23T02:04:30.387Z,99,1120,3014,403,1437,3824,3366,3231,13401,2105,2276,8238,Day_1,Medium,Slow,3.75mm,Experiment_2
2025-10-23T02:04:30.427Z,92,1124,3019,398,1439,3828,3367,3240,13384,2108,2281,8236,Day_1,Medium,Slow,3.75mm,Experiment_2
2025-10-23T02:04:30.467Z,89,1129,3027,398,1444,3836,3373,3235,13369,2113,2280,8236,Day_1,Medium,Slow,3.75mm,Experiment_2
2025-10-23T02:04:30.507Z,94,1130,3037,404,1447,3847,3372,3224,13361,2113,2276,8237,Day_1,Medium,Slow,3.75mm,Experiment_2
2025-10-23T02:04:30.547Z,101,1127,3044,410,1446,3855,3360,3225,13360,2107,2278,8238,Day_1,Medium,Slow,3.75mm,Experiment_2
2025-10-23T02:04:30.587Z,105,1125,3040,410,1442,3853,3347,3227,13358,2104,2279,8237,Day_1,Medium,Slow,3.75mm,Experiment_2
2025-10-23T02:04:30.627Z,103,1121,3031,408,1438,3845,3345,3214,13351,2106,2270,8231,Day_1,Medium,Slow,3.75mm,Experiment_2
2025-10-23T02:04:30.667Z,102,1119,3026,409,1438,3843,3349,3192,13347,2110,2253,8227,Day_1,Medium,Slow,3.75mm,Experiment_2
2025-10-23T02:04:30.707Z,101,1121,3026,412,1441,3845,3349,3180,13353,2114,2246,8229,Day_1,Medium,Slow,3.75mm,Experiment_2
2025-10-23T02:04:30.747Z,100,1125,3025,415,1446,3844,3340,3185,13364,2114,2253,8235,Day_1,Medium,Slow,3.75mm,Experiment_2
2025-10-23T02:04:30.787Z,101,1127,3023,416,1448,3839,3326,3198,13375,2108,2266,8241,Day_1,Medium,Slow,3.75mm,Experiment_2
2025-10-23T02:04:30.827Z,106,1122,3021,419,1444,3835,3312,3202,13380,2102,2271,8245,Day_1,Medium,Slow,3.75mm,Experiment_2
2025-10-23T02:04:30.867Z,110,1111,3020,422,1438,3833,3311,3205,13380,2097,2272,8244,Day_1,Medium,Slow,3.75mm,Experiment_2
2025-10-23T02:04:30.907Z,107,1105,3024,419,1435,3836,3324,3220,13379,2098,2274,8242,Day_1,Medium,Slow,3.75mm,Experiment_2
2025-10-23T02:04:30.947Z,103,1110,3032,416,1440,3842,3344,3227,13383,2106,2270,8242,Day_1,Medium,Slow,3.75mm,Experiment_2
2025-10-23T02:04:30.987Z,106,1114,3037,418,1441,3845,3364,3213,13393,2115,2259,8243,Day_1,Medium,Slow,3.75mm,Experiment_2
2025-10-23T02:04:31.027Z,112,1110,3033,421,1435,3842,3379,3201,13399,2119,2252,8245,Day_1,Medium,Slow,3.75mm,Experiment_2
2025-10-23T02:04:31.067Z,113,1109,3031,419,1431,3842,3379,3203,13394,2118,2254,8242,Day_1,Medium,Slow,3.75mm,Experiment_2
2025-10-23T02:04:31.107Z,110,1119,3039,415,1437,3851,3358,3204,13381,2113,2254,8236,Day_1,Medium,Slow,3.75mm,Experiment_2
2025-10-23T02:04:31.147Z,108,1130,3049,414,1446,3861,3341,3195,13371,2109,2246,8232,Day_1,Medium,Slow,3.75mm,Experiment_2
2025-10-23T02:04:31.187Z,114,1129,3047,419,1446,3860,3345,3188,13370,2114,2239,8235,Day_1,Medium,Slow,3.75mm,Experiment_2
2025-10-23T02:04:31.227Z,123,1117,3036,427,1437,3849,3360,3196,13377,2124,2240,8239,Day_1,Medium,Slow,3.75mm,Experiment_2
2025-10-23T02:04:31.267Z,123,1107,3026,425,1428,3837,3366,3208,13377,2126,2245,8235,Day_1,Medium,Slow,3.75mm,Experiment_2
2025-10-23T02:04:31.307Z,109,1104,3019,412,1422,3827,3364,3214,13364,2123,2249,8228,Day_1,Medium,Slow,3.75mm,Experiment_2
2025-10-23T02:04:31.347Z,98,1105,3015,401,1421,3822,3366,3209,13351,2122,2248,8224,Day_1,Medium,Slow,3.75mm,Experiment_2
2025-10-23T02:04:31.387Z,98,1107,3018,402,1422,3824,3374,3200,13353,2124,2246,8225,Day_1,Medium,Slow,3.75mm,Experiment_2
2025-10-23T02:04:31.427Z,103,1106,3024,406,1424,3831,3375,3197,13372,2124,2250,8230,Day_1,Medium,Slow,3.75mm,Experiment_2
2025-10-23T02:04:31.467Z,102,1104,3029,408,1425,3836,3370,3200,13382,2122,2258,8236,Day_1,Medium,Slow,3.75mm,Experiment_2
2025-10-23T02:04:31.507Z,98,1102,3028,406,1425,3837,3371,3201,13369,2119,2261,8235,Day_1,Medium,Slow,3.75mm,Experiment_2
2025-10-23T02:04:31.547Z,91,1104,3024,402,1425,3836,3377,3194,13348,2119,2257,8230,Day_1,Medium,Slow,3.75mm,Experiment_2
2025-10-23T02:04:31.587Z,86,1106,3021,399,1427,3835,3375,3187,13332,2119,2252,8225,Day_1,Medium,Slow,3.75mm,Experiment_2
2025-10-23T02:04:31.627Z,87,1108,3023,401,1431,3837,3359,3185,13323,2118,2251,8221,Day_1,Medium,Slow,3.75mm,Experiment_2
2025-10-23T02:04:31.668Z,93,1111,3031,405,1436,3847,3345,3188,13325,2115,2255,8219,Day_1,Medium,Slow,3.75mm,Experiment_2
2025-10-23T02:04:31.708Z,97,1116,3043,409,1440,3860,3338,3194,13347,2111,2260,8226,Day_1,Medium,Slow,3.75mm,Experiment_2
2025-10-23T02:04:31.748Z,100,1121,3049,409,1444,3865,3334,3208,13379,2108,2267,8240,Day_1,Medium,Slow,3.75mm,Experiment_2
2025-10-23T02:04:31.788Z,101,1124,3048,407,1447,3861,3331,3222,13392,2105,2274,8248,Day_1,Medium,Slow,3.75mm,Experiment_2
2025-10-23T02:04:31.828Z,102,1120,3043,405,1444,3855,3333,3232,13381,2106,2282,8245,Day_1,Medium,Slow,3.75mm,Experiment_2
2025-10-23T02:04:31.868Z,105,1113,3040,410,1436,3855,3341,3245,13371,2110,2287,8242,Day_1,Medium,Slow,3.75mm,Experiment_2
2025-10-23T02:04:31.908Z,111,1105,3039,420,1427,3855,3344,3254,13376,2112,2288,8243,Day_1,Medium,Slow,3.75mm,Experiment_2
2025-10-23T02:04:31.948Z,113,1100,3036,425,1421,3850,3342,3249,13381,2112,2284,8245,Day_1,Medium,Slow,3.75mm,Experiment_2
2025-10-23T02:04:31.988Z,103,1101,3032,417,1422,3845,3344,3231,13383,2112,2278,8248,Day_1,Medium,Slow,3.75mm,Experiment_2
2025-10-23T02:04:32.028Z,91,1108,3031,407,1431,3842,3350,3211,13390,2113,2270,8255,Day_1,Medium,Slow,3.75mm,Experiment_2
2025-10-23T02:04:32.068Z,91,1118,3034,409,1441,3843,3350,3201,13399,2111,2265,8262,Day_1,Medium,Slow,3.75mm,Experiment_2
2025-10-23T02:04:32.108Z,99,1124,3038,418,1447,3845,3345,3205,13393,2108,2265,8260,Day_1,Medium,Slow,3.75mm,Experiment_2
2025-10-23T02:04:32.148Z,106,1122,3037,425,1446,3842,3351,3208,13378,2110,2263,8251,Day_1,Medium,Slow,3.75mm,Experiment_2
2025-10-23T02:04:32.188Z,109,1115,3032,427,1441,3837,3371,3198,13368,2118,2256,8243,Day_1,Medium,Slow,3.75mm,Experiment_2
2025-10-23T02:04:32.228Z,110,1112,3027,425,1439,3833,3385,3186,13371,2124,2252,8240,Day_1,Medium,Slow,3.75mm,Experiment_2
2025-10-23T02:04:32.268Z,109,1115,3026,421,1441,3831,3387,3187,13380,2123,2257,8241,Day_1,Medium,Slow,3.75mm,Experiment_2
2025-10-23T02:04:32.308Z,110,1116,3023,417,1441,3831,3396,3198,13380,2126,2266,8242,Day_1,Medium,Slow,3.75mm,Experiment_2
2025-10-23T02:04:32.348Z,114,1115,3023,417,1440,3833,3419,3209,13372,2136,2274,8242,Day_1,Medium,Slow,3.75mm,Experiment_2
2025-10-23T02:04:32.388Z,115,1117,3025,416,1441,3836,3440,3208,13366,2140,2272,8243,Day_1,Medium,Slow,3.75mm,Experiment_2
2025-10-23T02:04:32.428Z,108,1123,3025,410,1446,3837,3436,3195,13370,2134,2261,8245,Day_1,Medium,Slow,3.75mm,Experiment_2
2025-10-23T02:04:32.468Z,100,1128,3025,403,1449,3839,3416,3182,13382,2131,2249,8249,Day_1,Medium,Slow,3.75mm,Experiment_2
2025-10-23T02:04:32.508Z,98,1127,3029,403,1449,3843,3403,3177,13395,2135,2245,8253,Day_1,Medium,Slow,3.75mm,Experiment_2
2025-10-23T02:04:32.548Z,104,1126,3038,411,1448,3847,3402,3176,13397,2139,2248,8254,Day_1,Medium,Slow,3.75mm,Experiment_2
2025-10-23T02:04:32.588Z,108,1125,3041,419,1447,3849,3400,3176,13388,2137,2250,8250,Day_1,Medium,Slow,3.75mm,Experiment_2
2025-10-23T02:04:32.628Z,109,1119,3039,424,1443,3849,3393,3182,13374,2134,2250,8243,Day_1,Medium,Slow,3.75mm,Experiment_2
2025-10-23T02:04:32.668Z,108,1110,3034,424,1436,3849,3391,3188,13355,2135,2252,8237,Day_1,Medium,Slow,3.75mm,Experiment_2
2025-10-23T02:04:32.708Z,104,1104,3026,418,1433,3844,3394,3185,13341,2138,2253,8235,Day_1,Medium,Slow,3.75mm,Experiment_2
2025-10-23T02:04:32.748Z,101,1106,3016,412,1434,3835,3391,3176,13340,2133,2250,8238,Day_1,Medium,Slow,3.75mm,Experiment_2
2025-10-23T02:04:32.788Z,104,1113,3014,412,1439,3830,3378,3165,13350,2120,2246,8243,Day_1,Medium,Slow,3.75mm,Experiment_2
2025-10-23T02:04:32.828Z,113,1117,3021,418,1442,3834,3364,3159,13366,2108,2245,8248,Day_1,Medium,Slow,3.75mm,Experiment_2
2025-10-23T02:04:32.868Z,121,1117,3031,424,1441,3844,3362,3170,13377,2105,2252,8251,Day_1,Medium,Slow,3.75mm,Experiment_2
2025-10-23T02:04:32.908Z,124,1113,3038,425,1436,3852,3373,3192,13374,2112,2262,8249,Day_1,Medium,Slow,3.75mm,Experiment_2
2025-10-23T02:04:32.948Z,120,1112,3041,422,1435,3855,3386,3206,13363,2123,2264,8243,Day_1,Medium,Slow,3.75mm,Experiment_2
2025-10-23T02:04:32.988Z,118,1115,3044,420,1438,3854,3389,3211,13355,2128,2258,8241,Day_1,Medium,Slow,3.75mm,Experiment_2
2025-10-23T02:04:33.028Z,120,1121,3045,422,1442,3850,3384,3212,13359,2127,2252,8246,Day_1,Medium,Slow,3.75mm,Experiment_2
2025-10-23T02:04:33.068Z,120,1127,3039,422,1443,3843,3378,3202,13376,2124,2247,8253,Day_1,Medium,Slow,3.75mm,Experiment_2
2025-10-23T02:04:33.108Z,113,1130,3027,415,1444,3837,3371,3175,13389,2122,2239,8256,Day_1,Medium,Slow,3.75mm,Experiment_2
2025-10-23T02:04:33.148Z,103,1131,3019,404,1443,3834,3366,3148,13392,2124,2229,8253,Day_1,Medium,Slow,3.75mm,Experiment_2
2025-10-23T02:04:33.188Z,94,1129,3019,396,1441,3834,3366,3144,13389,2131,2227,8250,Day_1,Medium,Slow,3.75mm,Experiment_2
2025-10-23T02:04:33.228Z,91,1123,3019,394,1439,3835,3368,3163,13387,2135,2239,8250,Day_1,Medium,Slow,3.75mm,Experiment_2
2025-10-23T02:04:33.268Z,95,1119,3018,400,1440,3834,3367,3186,13380,2133,2254,8250,Day_1,Medium,Slow,3.75mm,Experiment_2
2025-10-23T02:04:33.308Z,102,1121,3018,407,1445,3834,3360,3197,13365,2127,2261,8246,Day_1,Medium,Slow,3.75mm,Experiment_2
2025-10-23T02:04:33.348Z,106,1123,3019,410,1445,3832,3357,3187,13346,2124,2256,8240,Day_1,Medium,Slow,3.75mm,Experiment_2
2025-10-23T02:04:33.388Z,104,1123,3022,408,1442,3830,3362,3162,13334,2123,2245,8235,Day_1,Medium,Slow,3.75mm,Experiment_2
2025-10-23T02:04:33.428Z,99,1123,3026,405,1442,3831,3361,3145,13336,2119,2238,8233,Day_1,Medium,Slow,3.75mm,Experiment_2
2025-10-23T02:04:33.468Z,92,1124,3028,403,1445,3833,3347,3154,13351,2111,2243,8235,Day_1,Medium,Slow,3.75mm,Experiment_2
2025-10-23T02:04:33.508Z,90,1125,3028,403,1447,3836,3335,3186,13367,2104,2258,8238,Day_1,Medium,Slow,3.75mm,Experiment_2
2025-10-23T02:04:33.548Z,94,1123,3029,406,1445,3839,3335,3217,13372,2102,2275,8241,Day_1,Medium,Slow,3.75mm,Experiment_2
2025-10-23T02:04:33.588Z,100,1119,3027,412,1442,3839,3343,3228,13370,2103,2281,8243,Day_1,Medium,Slow,3.75mm,Experiment_2
2025-10-23T02:04:33.628Z,105,1118,3020,418,1442,3836,3357,3225,13364,2108,2280,8240,Day_1,Medium,Slow,3.75mm,Experiment_2
2025-10-23T02:04:33.668Z,109,1122,3012,423,1446,3831,3374,3223,13361,2116,2278,8236,Day_1,Medium,Slow,3.75mm,Experiment_2
2025-10-23T02:04:33.708Z,110,1127,3009,422,1449,3827,3383,3223,13370,2121,2278,8239,Day_1,Medium,Slow,3.75mm,Experiment_2
2025-10-23T02:04:33.748Z,107,1130,3013,417,1449,3829,3384,3222,13379,2123,2277,8245,Day_1,Medium,Slow,3.75mm,Experiment_2
2025-10-23T02:04:33.788Z,102,1132,3016,412,1448,3834,3377,3214,13380,2122,2267,8247,Day_1,Medium,Slow,3.75mm,Experiment_2
2025-10-23T02:04:33.828Z,98,1133,3014,409,1448,3833,3363,3197,13375,2120,2251,8244,Day_1,Medium,Slow,3.75mm,Experiment_2
2025-10-23T02:04:33.868Z,102,1129,3013,412,1445,3833,3352,3186,13370,2119,2244,8240,Day_1,Medium,Slow,3.75mm,Experiment_2
2025-10-23T02:04:33.908Z,115,1126,3018,423,1443,3839,3352,3194,13373,2123,2253,8241,Day_1,Medium,Slow,3.75mm,Experiment_2
2025-10-23T02:04:33.948Z,125,1130,3028,432,1447,3847,3355,3215,13382,2126,2270,8245,Day_1,Medium,Slow,3.75mm,Experiment_2
2025-10-23T02:04:33.988Z,123,1134,3031,431,1450,3850,3355,3226,13383,2125,2278,8249,Day_1,Medium,Slow,3.75mm,Experiment_2
2025-10-23T02:04:34.028Z,116,1129,3024,426,1446,3843,3355,3214,13374,2124,2273,8248,Day_1,Medium,Slow,3.75mm,Experiment_2
2025-10-23T02:04:34.068Z,111,1122,3014,423,1441,3835,3356,3195,13358,2124,2263,8241,Day_1,Medium,Slow,3.75mm,Experiment_2
2025-10-23T02:04:34.108Z,109,1118,3013,422,1442,3834,3358,3183,13339,2126,2256,8231,Day_1,Medium,Slow,3.75mm,Experiment_2
2025-10-23T02:04:34.148Z,109,1116,3020,423,1441,3840,3363,3187,13321,2127,2252,8220,Day_1,Medium,Slow,3.75mm,Experiment_2
2025-10-23T02:04:34.188Z,112,1112,3023,426,1437,3842,3359,3203,13310,2123,2253,8213,Day_1,Medium,Slow,3.75mm,Experiment_2
2025-10-23T02:04:34.228Z,116,1115,3019,426,1438,3836,3345,3218,13311,2117,2260,8216,Day_1,Medium,Slow,3.75mm,Experiment_2
2025-10-23T02:04:34.268Z,114,1123,3014,420,1447,3829,3336,3225,13320,2114,2268,8223,Day_1,Medium,Slow,3.75mm,Experiment_2
2025-10-23T02:04:34.308Z,111,1129,3017,416,1453,3829,3327,3228,13334,2108,2275,8230,Day_1,Medium,Slow,3.75mm,Experiment_2
2025-10-23T02:04:34.348Z,112,1123,3027,419,1449,3837,3315,3229,13347,2098,2278,8234,Day_1,Medium,Slow,3.75mm,Experiment_2
2025-10-23T02:04:34.388Z,117,1112,3034,426,1439,3845,3309,3219,13358,2090,2272,8234,Day_1,Medium,Slow,3.75mm,Experiment_2
2025-10-23T02:04:34.428Z,119,1107,3034,429,1433,3847,3317,3204,13366,2091,2263,8234,Day_1,Medium,Slow,3.75mm,Experiment_2
2025-10-23T02:04:34.468Z,118,1110,3036,425,1431,3848,3329,3205,13369,2097,2264,8234,Day_1,Medium,Slow,3.75mm,Experiment_2
2025-10-23T02:04:34.508Z,115,1114,3044,417,1433,3854,3337,3213,13365,2103,2267,8233,Day_1,Medium,Slow,3.75mm,Experiment_2
2025-10-23T02:04:34.548Z,107,1119,3046,409,1437,3854,3341,3207,13359,2111,2260,8229,Day_1,Medium,Slow,3.75mm,Experiment_2
2025-10-23T02:04:34.588Z,96,1124,3040,403,1441,3847,3354,3193,13358,2121,2251,8230,Day_1,Medium,Slow,3.75mm,Experiment_2
2025-10-23T02:04:34.628Z,89,1126,3033,401,1441,3838,3369,3183,13369,2131,2245,8237,Day_1,Medium,Slow,3.75mm,Experiment_2
2025-10-23T02:04:34.668Z,92,1126,3030,405,1442,3833,3367,3181,13389,2130,2241,8246,Day_1,Medium,Slow,3.75mm,Experiment_2
2025-10-23T02:04:34.708Z,102,1129,3032,414,1447,3833,3355,3193,13406,2125,2245,8255,Day_1,Medium,Slow,3.75mm,Experiment_2
2025-10-23T02:04:34.748Z,111,1135,3034,422,1456,3836,3359,3210,13402,2128,2256,8259,Day_1,Medium,Slow,3.75mm,Experiment_2
2025-10-23T02:04:34.788Z,113,1140,3033,422,1464,3838,3386,3218,13388,2138,2267,8257,Day_1,Medium,Slow,3.75mm,Experiment_2
2025-10-23T02:04:34.828Z,107,1139,3030,417,1463,3838,3412,3212,13385,2145,2271,8256,Day_1,Medium,Slow,3.75mm,Experiment_2
2025-10-23T02:04:34.868Z,104,1135,3031,415,1457,3840,3417,3198,13391,2145,2267,8257,Day_1,Medium,Slow,3.75mm,Experiment_2
2025-10-23T02:04:34.908Z,108,1133,3038,418,1454,3846,3408,3186,13396,2143,2262,8259,Day_1,Medium,Slow,3.75mm,Experiment_2
2025-10-23T02:04:34.948Z,113,1131,3043,422,1452,3853,3389,3192,13393,2140,2263,8257,Day_1,Medium,Slow,3.75mm,Experiment_2
2025-10-23T02:04:34.988Z,113,1130,3038,421,1451,3851,3366,3203,13382,2131,2267,8247,Day_1,Medium,Slow,3.75mm,Experiment_2
2025-10-23T02:04:35.028Z,109,1134,3028,417,1451,3842,3353,3206,13370,2122,2264,8237,Day_1,Medium,Slow,3.75mm,Experiment_2
2025-10-23T02:04:35.068Z,102,1137,3024,410,1453,3836,3363,3206,13364,2120,2259,8234,Day_1,Medium,Slow,3.75mm,Experiment_2
2025-10-23T02:04:35.108Z,94,1132,3026,403,1450,3836,3391,3205,13366,2127,2256,8241,Day_1,Medium,Slow,3.75mm,Experiment_2
2025-10-23T02:04:35.148Z,91,1121,3027,401,1445,3835,3420,3188,13376,2137,2250,8249,Day_1,Medium,Slow,3.75mm,Experiment_2
2025-10-23T02:04:35.188Z,97,1114,3022,408,1441,3831,3430,3159,13386,2142,2247,8254,Day_1,Medium,Slow,3.75mm,Experiment_2
2025-10-23T02:04:35.228Z,109,1115,3017,419,1443,3829,3418,3140,13387,2139,2254,8251,Day_1,Medium,Slow,3.75mm,Experiment_2
2025-10-23T02:04:35.268Z,119,1122,3016,429,1450,3829,3396,3144,13377,2130,2266,8244,Day_1,Medium,Slow,3.75mm,Experiment_2
2025-10-23T02:04:35.308Z,124,1129,3018,435,1454,3830,3373,3167,13371,2120,2272,8242,Day_1,Medium,Slow,3.75mm,Experiment_2
2025-10-23T02:04:35.348Z,124,1126,3021,435,1450,3834,3360,3185,13382,2116,2268,8246,Day_1,Medium,Slow,3.75mm,Experiment_2
2025-10-23T02:04:35.388Z,120,1119,3023,430,1442,3835,3359,3186,13399,2120,2261,8253,Day_1,Medium,Slow,3.75mm,Experiment_2
2025-10-23T02:04:35.428Z,115,1113,3022,424,1437,3834,3354,3183,13403,2122,2258,8255,Day_1,Medium,Slow,3.75mm,Experiment_2
2025-10-23T02:04:35.468Z,112,1109,3021,421,1434,3834,3340,3187,13390,2118,2260,8252,Day_1,Medium,Slow,3.75mm,Experiment_2
2025-10-23T02:04:35.508Z,112,1108,3022,420,1432,3836,3333,3200,13371,2115,2268,8246,Day_1,Medium,Slow,3.75mm,Experiment_2
2025-10-23T02:04:35.548Z,111,1108,3021,420,1431,3836,3344,3218,13358,2117,2275,8241,Day_1,Medium,Slow,3.75mm,Experiment_2
2025-10-23T02:04:35.588Z,108,1110,3016,419,1434,3831,3363,3229,13357,2120,2272,8239,Day_1,Medium,Slow,3.75mm,Experiment_2
2025-10-23T02:04:35.629Z,107,1114,3010,418,1438,3825,3373,3230,13364,2118,2265,8244,Day_1,Medium,Slow,3.75mm,Experiment_2
2025-10-23T02:04:35.669Z,107,1116,3005,417,1441,3821,3372,3229,13367,2112,2263,8250,Day_1,Medium,Slow,3.75mm,Experiment_2
2025-10-23T02:04:35.709Z,104,1122,3004,411,1445,3823,3369,3226,13361,2111,2267,8248,Day_1,Medium,Slow,3.75mm,Experiment_2
2025-10-23T02:04:35.749Z,95,1130,3007,402,1450,3827,3373,3221,13349,2117,2269,8240,Day_1,Medium,Slow,3.75mm,Experiment_2
2025-10-23T02:04:35.789Z,85,1138,3012,394,1456,3829,3379,3209,13347,2126,2263,8236,Day_1,Medium,Slow,3.75mm,Experiment_2
2025-10-23T02:04:35.829Z,84,1139,3020,394,1457,3832,3373,3194,13353,2127,2257,8240,Day_1,Medium,Slow,3.75mm,Experiment_2
2025-10-23T02:04:35.869Z,90,1134,3027,402,1452,3836,3349,3186,13355,2118,2255,8244,Day_1,Medium,Slow,3.75mm,Experiment_2
2025-10-23T02:04:35.909Z,97,1127,3030,408,1445,3839,3319,3188,13358,2104,2256,8244,Day_1,Medium,Slow,3.75mm,Experiment_2
2025-10-23T02:04:35.949Z,98,1124,3032,408,1441,3841,3308,3196,13369,2095,2260,8246,Day_1,Medium,Slow,3.75mm,Experiment_2
2025-10-23T02:04:35.989Z,97,1128,3033,407,1445,3842,3324,3207,13387,2098,2269,8251,Day_1,Medium,Slow,3.75mm,Experiment_2
2025-10-23T02:04:36.029Z,100,1136,3032,409,1453,3843,3350,3218,13399,2110,2279,8257,Day_1,Medium,Slow,3.75mm,Experiment_2
2025-10-23T02:04:36.069Z,103,1141,3031,410,1459,3844,3368,3224,13401,2122,2284,8262,Day_1,Medium,Slow,3.75mm,Experiment_2
2025-10-23T02:04:36.109Z,103,1136,3031,408,1457,3843,3366,3227,13401,2123,2284,8264,Day_1,Medium,Slow,3.75mm,Experiment_2
