time,Unpolarized_A_Green,Unpolarized_A_Red,Unpolarized_A_IR,Unpolarized_B_Green,Unpolarized_B_Red,Unpolarized_B_IR,Co-Polarized_Green,Co-Polarized_Red,Co-Polarized_IR,Cross-Polarized_Green,Cross-Polarized_Red,Cross-Polarized_IR,Day,SkinTone,Speed,Depth,Experiment
2025-10-23T00:49:32.903Z,292,1535,5625,605,1901,6657,3398,3485,14201,2614,3094,13550,Day_1,Medium,Slow,2.5mm,Experiment_2
2025-10-23T00:49:32.943Z,286,1532,5619,604,1898,6663,3397,3461,14190,2616,3091,13559,Day_1,Medium,Slow,2.5mm,Experiment_2
2025-10-23T00:49:32.983Z,289,1528,5627,607,1889,6659,3396,3443,14200,2618,3081,13548,Day_1,Medium,Slow,2.5mm,Experiment_2
2025-10-23T00:49:33.023Z,298,1523,5638,610,1879,6644,3395,3439,14240,2622,3071,13538,Day_1,Medium,Slow,2.5mm,Experiment_2
2025-10-23T00:49:33.063Z,306,1519,5638,611,1872,6621,3396,3455,14278,2626,3073,13539,Day_1,Medium,Slow,2.5mm,Experiment_2
2025-10-23T00:49:33.103Z,308,1516,5630,608,1868,6600,3403,3485,14299,2631,3086,13546,Day_1,Medium,Slow,2.5mm,Experiment_2
2025-10-23T00:49:33.143Z,304,1517,5624,601,1865,6585,3408,3508,14313,2636,3099,13556,Day_1,Medium,Slow,2.5mm,Experiment_2
2025-10-23T00:49:33.183Z,296,1519,5620,593,1863,6574,3403,3511,14319,2636,3101,13565,Day_1,Medium,Slow,2.5mm,Experiment_2
2025-10-23T00:49:33.223Z,285,1519,5613,585,1863,6567,3388,3494,14307,2632,3092,13571,Day_1,Medium,Slow,2.5mm,Experiment_2
2025-10-23T00:49:33.263Z,279,1515,5610,582,1866,6576,3373,3463,14279,2623,3079,13575,Day_1,Medium,Slow,2.5mm,Experiment_2
2025-10-23T00:49:33.303Z,282,1509,5609,588,1876,6609,3373,3435,14217,2619,3075,13580,Day_1,Medium,Slow,2.5mm,Experiment_2
2025-10-23T00:49:33.343Z,289,1500,5587,604,1893,6667,3382,3414,14084,2623,3084,13588,Day_1,Medium,Slow,2.5mm,Experiment_2
2025-10-23T00:49:33.383Z,291,1487,5535,620,1910,6735,3376,3394,13900,2622,3098,13587,Day_1,Medium,Slow,2.5mm,Experiment_2
2025-10-23T00:49:33.423Z,287,1476,5491,626,1920,6780,3356,3383,13770,2612,3104,13559,Day_1,Medium,Slow,2.5mm,Experiment_2
2025-10-23T00:49:33.463Z,281,1481,5496,620,1919,6774,3343,3392,13780,2599,3096,13504,Day_1,Medium,Slow,2.5mm,Experiment_2
2025-10-23T00:49:33.003Z,281,1497,5532,608,1914,6730,3347,3412,13895,2594,3079,13457,Day_1,Medium,Slow,2.5mm,Experiment_2
2025-10-23T00:49:33.043Z,287,1514,5566,603,1906,6681,3360,3430,14024,2595,3066,13439,Day_1,Medium,Slow,2.5mm,Experiment_2
2025-10-23T00:49:33.083Z,296,1526,5591,605,1896,6643,3373,3446,14123,2595,3064,13447,Day_1,Medium,Slow,2.5mm,Experiment_2
2025-10-23T00:49:33.123Z,302,1529,5615,607,1887,6626,3375,3464,14189,2593,3070,13469,Day_1,Medium,Slow,2.5mm,Experiment_2
2025-10-23T00:49:33.163Z,302,1524,5637,605,1882,6632,3363,3475,14216,2596,3080,13496,Day_1,Medium,Slow,2.5mm,Experiment_2
2025-10-23T00:49:33.203Z,298,1517,5646,604,1882,6649,3351,3468,14200,2603,3084,13520,Day_1,Medium,Slow,2.5mm,Experiment_2
2025-10-23T00:49:33.243Z,293,1511,5636,605,1881,6660,3347,3446,14168,2607,3084,13535,Day_1,Medium,Slow,2.5mm,Experiment_2
2025-10-23T00:49:33.283Z,294,1512,5618,611,1880,6653,3352,3430,14158,2606,3079,13537,Day_1,Medium,Slow,2.5mm,Experiment_2
2025-10-23T00:49:33.323Z,300,1518,5610,620,1880,6628,3364,3436,14183,2605,3076,13528,Day_1,Medium,Slow,2.5mm,Experiment_2
2025-10-23T00:49:33.863Z,306,1520,5612,624,1873,6598,3377,3463,14229,2606,3080,13525,Day_1,Medium,Slow,2.5mm,Experiment_2
2025-10-23T00:49:33.903Z,306,1517,5614,619,1862,6576,3390,3492,14280,2609,3088,13533,Day_1,Medium,Slow,2.5mm,Experiment_2
2025-10-23T00:49:33.943Z,303,1515,5612,610,1858,6565,3414,3509,14317,2618,3093,13546,Day_1,Medium,Slow,2.5mm,Experiment_2
2025-10-23T00:49:33.983Z,298,1517,5611,602,1861,6560,3447,3514,14333,2633,3098,13562,Day_1,Medium,Slow,2.5mm,Experiment_2
2025-10-23T00:49:34.023Z,292,1519,5612,596,1864,6560,3469,3515,14336,2648,3106,13579,Day_1,Medium,Slow,2.5mm,Experiment_2
2025-10-23T00:49:34.063Z,288,1519,5614,592,1865,6570,3468,3511,14327,2655,3111,13593,Day_1,Medium,Slow,2.5mm,Experiment_2
2025-10-23T00:49:34.103Z,285,1518,5611,593,1871,6592,3445,3495,14290,2650,3111,13603,Day_1,Medium,Slow,2.5mm,Experiment_2
2025-10-23T00:49:34.143Z,282,1514,5594,594,1883,6632,3412,3465,14199,2643,3112,13613,Day_1,Medium,Slow,2.5mm,Experiment_2
2025-10-23T00:49:34.183Z,276,1504,5552,597,1900,6693,3384,3427,14024,2638,3116,13624,Day_1,Medium,Slow,2.5mm,Experiment_2
2025-10-23T00:49:34.224Z,272,1487,5493,605,1913,6760,3366,3390,13808,2633,3118,13617,Day_1,Medium,Slow,2.5mm,Experiment_2
2025-10-23T00:49:34.264Z,276,1473,5461,616,1915,6797,3357,3377,13688,2624,3114,13575,Day_1,Medium,Slow,2.5mm,Experiment_2
2025-10-23T00:49:34.304Z,286,1470,5482,621,1903,6783,3355,3399,13745,2614,3101,13513,Day_1,Medium,Slow,2.5mm,Experiment_2
2025-10-23T00:49:34.344Z,290,1474,5530,615,1886,6735,3359,3431,13905,2606,3086,13471,Day_1,Medium,Slow,2.5mm,Experiment_2
2025-10-23T00:49:34.384Z,288,1484,5573,604,1876,6687,3376,3450,14059,2607,3075,13463,Day_1,Medium,Slow,2.5mm,Experiment_2
2025-10-23T00:49:34.424Z,289,1498,5605,599,1876,6653,3403,3466,14168,2615,3070,13471,Day_1,Medium,Slow,2.5mm,Experiment_2
2025-10-23T00:49:34.464Z,293,1513,5627,599,1880,6637,3423,3487,14221,2624,3073,13483,Day_1,Medium,Slow,2.5mm,Experiment_2
2025-10-23T00:49:34.504Z,294,1521,5635,600,1883,6634,3423,3503,14221,2625,3084,13498,Day_1,Medium,Slow,2.5mm,Experiment_2
2025-10-23T00:49:34.544Z,298,1518,5630,606,1880,6634,3414,3498,14194,2621,3095,13511,Day_1,Medium,Slow,2.5mm,Experiment_2
2025-10-23T00:49:34.583Z,309,1511,5622,616,1874,6634,3409,3474,14176,2625,3098,13515,Day_1,Medium,Slow,2.5mm,Experiment_2
2025-10-23T00:49:34.623Z,316,1504,5621,621,1869,6629,3403,3455,14188,2631,3095,13505,Day_1,Medium,Slow,2.5mm,Experiment_2
2025-10-23T00:49:34.663Z,312,1501,5630,615,1865,6620,3388,3460,14227,2631,3090,13498,Day_1,Medium,Slow,2.5mm,Experiment_2
2025-10-23T00:49:34.703Z,301,1503,5639,602,1864,6608,3367,3480,14265,2622,3088,13508,Day_1,Medium,Slow,2.5mm,Experiment_2
2025-10-23T00:49:34.743Z,296,1511,5642,596,1868,6597,3347,3493,14278,2611,3085,13527,Day_1,Medium,Slow,2.5mm,Experiment_2
2025-10-23T00:49:34.783Z,303,1520,5638,602,1876,6588,3336,3492,14279,2604,3079,13540,Day_1,Medium,Slow,2.5mm,Experiment_2
2025-10-23T00:49:34.823Z,311,1523,5631,612,1878,6582,3341,3484,14288,2606,3076,13545,Day_1,Medium,Slow,2.5mm,Experiment_2
2025-10-23T00:49:34.863Z,310,1525,5624,613,1877,6581,3355,3483,14299,2613,3078,13551,Day_1,Medium,Slow,2.5mm,Experiment_2
2025-10-23T00:49:34.903Z,303,1530,5617,607,1882,6584,3365,3497,14295,2619,3085,13563,Day_1,Medium,Slow,2.5mm,Experiment_2
2025-10-23T00:49:34.944Z,298,1533,5610,603,1889,6603,3362,3516,14249,2621,3092,13582,Day_1,Medium,Slow,2.5mm,Experiment_2
2025-10-23T00:49:34.984Z,296,1521,5592,605,1893,6651,3352,3521,14138,2620,3098,13608,Day_1,Medium,Slow,2.5mm,Experiment_2
2025-10-23T00:49:35.024Z,288,1496,5546,608,1900,6724,3340,3503,13956,2619,3106,13631,Day_1,Medium,Slow,2.5mm,Experiment_2
2025-10-23T00:49:35.064Z,282,1475,5489,615,1915,6791,3331,3464,13767,2614,3110,13622,Day_1,Medium,Slow,2.5mm,Experiment_2
2025-10-23T00:49:35.104Z,284,1469,5473,622,1926,6818,3334,3422,13690,2606,3103,13566,Day_1,Medium,Slow,2.5mm,Experiment_2
2025-10-23T00:49:35.144Z,289,1477,5512,625,1924,6794,3361,3397,13772,2602,3083,13496,Day_1,Medium,Slow,2.5mm,Experiment_2
2025-10-23T00:49:35.184Z,294,1491,5569,621,1910,6742,3392,3400,13938,2604,3064,13459,Day_1,Medium,Slow,2.5mm,Experiment_2
2025-10-23T00:49:35.224Z,294,1499,5606,609,1893,6690,3411,3424,14095,2607,3059,13461,Day_1,Medium,Slow,2.5mm,Experiment_2
2025-10-23T00:49:35.264Z,286,1502,5620,591,1882,6651,3419,3453,14195,2611,3067,13480,Day_1,Medium,Slow,2.5mm,Experiment_2
2025-10-23T00:49:35.304Z,276,1505,5624,579,1880,6631,3418,3477,14237,2614,3082,13501,Day_1,Medium,Slow,2.5mm,Experiment_2
2025-10-23T00:49:35.344Z,275,1509,5626,581,1883,6631,3408,3498,14237,2614,3100,13524,Day_1,Medium,Slow,2.5mm,Experiment_2
2025-10-23T00:49:35.384Z,280,1513,5624,592,1885,6645,3393,3509,14209,2614,3111,13540,Day_1,Medium,Slow,2.5mm,Experiment_2
2025-10-23T00:49:35.424Z,285,1515,5617,601,1888,6654,3386,3493,14171,2614,3103,13539,Day_1,Medium,Slow,2.5mm,Experiment_2
2025-10-23T00:49:35.464Z,286,1518,5614,601,1888,6647,3393,3464,14164,2616,3084,13528,Day_1,Medium,Slow,2.5mm,Experiment_2
2025-10-23T00:49:35.504Z,283,1522,5617,595,1884,6623,3410,3457,14212,2625,3076,13530,Day_1,Medium,Slow,2.5mm,Experiment_2
2025-10-23T00:49:35.544Z,279,1521,5623,590,1874,6602,3425,3475,14273,2639,3086,13552,Day_1,Medium,Slow,2.5mm,Experiment_2
2025-10-23T00:49:35.584Z,280,1518,5631,591,1867,6594,3428,3504,14310,2647,3106,13573,Day_1,Medium,Slow,2.5mm,Experiment_2
2025-10-23T00:49:35.624Z,288,1519,5640,596,1865,6595,3420,3527,14322,2644,3123,13576,Day_1,Medium,Slow,2.5mm,Experiment_2
2025-10-23T00:49:35.664Z,298,1524,5639,599,1868,6593,3406,3532,14323,2635,3126,13571,Day_1,Medium,Slow,2.5mm,Experiment_2
2025-10-23T00:49:35.704Z,305,1530,5630,600,1872,6588,3394,3523,14316,2629,3119,13572,Day_1,Medium,Slow,2.5mm,Experiment_2
2025-10-23T00:49:35.744Z,307,1533,5621,600,1876,6587,3392,3509,14299,2626,3109,13581,Day_1,Medium,Slow,2.5mm,Experiment_2
2025-10-23T00:49:35.784Z,307,1531,5615,604,1880,6607,3401,3490,14266,2627,3100,13597,Day_1,Medium,Slow,2.5mm,Experiment_2
2025-10-23T00:49:35.824Z,305,1523,5601,610,1889,6659,3412,3465,14186,2629,3099,13623,Day_1,Medium,Slow,2.5mm,Experiment_2
2025-10-23T00:49:35.864Z,301,1506,5564,617,1901,6730,3417,3433,14030,2630,3107,13638,Day_1,Medium,Slow,2.5mm,Experiment_2
2025-10-23T00:49:35.904Z,294,1487,5520,621,1911,6779,3421,3404,13866,2628,3113,13609,Day_1,Medium,Slow,2.5mm,Experiment_2
2025-10-23T00:49:35.944Z,289,1479,5509,620,1910,6779,3430,3396,13817,2626,3104,13539,Day_1,Medium,Slow,2.5mm,Experiment_2
2025-10-23T00:49:35.984Z,283,1483,5537,608,1898,6740,3435,3407,13900,2624,3085,13475,Day_1,Medium,Slow,2.5mm,Experiment_2
2025-10-23T00:49:36.024Z,276,1491,5572,595,1883,6691,3428,3420,14028,2620,3067,13450,Day_1,Medium,Slow,2.5mm,Experiment_2
2025-10-23T00:49:36.064Z,278,1498,5597,593,1872,6651,3419,3431,14134,2615,3059,13459,Day_1,Medium,Slow,2.5mm,Experiment_2
2025-10-23T00:49:36.104Z,287,1504,5611,600,1868,6629,3415,3443,14196,2612,3063,13476,Day_1,Medium,Slow,2.5mm,Experiment_2
2025-10-23T00:49:36.144Z,291,1504,5616,602,1866,6624,3407,3459,14216,2613,3076,13494,Day_1,Medium,Slow,2.5mm,Experiment_2
2025-10-23T00:49:36.184Z,290,1497,5615,597,1863,6636,3386,3470,14201,2613,3090,13517,Day_1,Medium,Slow,2.5mm,Experiment_2
2025-10-23T00:49:36.224Z,291,1489,5608,597,1861,6654,3368,3465,14165,2610,3099,13541,Day_1,Medium,Slow,2.5mm,Experiment_2
2025-10-23T00:49:36.264Z,296,1485,5602,603,1859,6660,3365,3453,14143,2607,3101,13552,Day_1,Medium,Slow,2.5mm,Experiment_2
2025-10-23T00:49:36.304Z,298,1484,5603,609,1853,6644,3377,3454,14170,2604,3101,13551,Day_1,Medium,Slow,2.5mm,Experiment_2
2025-10-23T00:49:36.344Z,297,1487,5610,610,1848,6615,3397,3466,14229,2608,3099,13549,Day_1,Medium,Slow,2.5mm,Experiment_2
2025-10-23T00:49:36.384Z,298,1495,5618,607,1848,6589,3416,3476,14277,2617,3092,13549,Day_1,Medium,Slow,2.5mm,Experiment_2
2025-10-23T00:49:36.424Z,299,1505,5625,603,1854,6572,3432,3485,14301,2627,3087,13548,Day_1,Medium,Slow,2.5mm,Experiment_2
2025-10-23T00:49:36.464Z,299,1512,5626,600,1861,6564,3444,3502,14311,2634,3089,13552,Day_1,Medium,Slow,2.5mm,Experiment_2
2025-10-23T00:49:36.504Z,297,1519,5623,600,1868,6563,3445,3517,14316,2637,3098,13564,Day_1,Medium,Slow,2.5mm,Experiment_2
2025-10-23T00:49:36.544Z,298,1525,5625,605,1874,6572,3429,3517,14317,2633,3107,13575,Day_1,Medium,Slow,2.5mm,Experiment_2
2025-10-23T00:49:36.584Z,304,1524,5627,613,1878,6591,3402,3504,14307,2626,3111,13587,Day_1,Medium,Slow,2.5mm,Experiment_2
2025-10-23T00:49:36.624Z,309,1515,5615,618,1881,6620,3390,3480,14254,2625,3112,13601,Day_1,Medium,Slow,2.5mm,Experiment_2
2025-10-23T00:49:36.664Z,309,1501,5575,620,1893,6669,3398,3447,14104,2634,3117,13613,Day_1,Medium,Slow,2.5mm,Experiment_2
2025-10-23T00:49:36.704Z,305,1489,5517,623,1911,6734,3412,3413,13888,2643,3122,13609,Day_1,Medium,Slow,2.5mm,Experiment_2
2025-10-23T00:49:36.744Z,303,1481,5481,626,1922,6778,3418,3396,13747,2641,3118,13576,Day_1,Medium,Slow,2.5mm,Experiment_2
2025-10-23T00:49:36.784Z,301,1480,5496,625,1914,6774,3421,3407,13772,2630,3103,13522,Day_1,Medium,Slow,2.5mm,Experiment_2
2025-10-23T00:49:36.824Z,296,1487,5542,616,1899,6736,3421,3438,13904,2619,3092,13482,Day_1,Medium,Slow,2.5mm,Experiment_2
2025-10-23T00:49:36.864Z,291,1499,5579,606,1885,6692,3419,3469,14044,2610,3088,13470,Day_1,Medium,Slow,2.5mm,Experiment_2
2025-10-23T00:49:36.904Z,289,1511,5603,597,1875,6655,3419,3484,14143,2606,3082,13474,Day_1,Medium,Slow,2.5mm,Experiment_2
2025-10-23T00:49:36.944Z,290,1518,5623,592,1872,6635,3418,3484,14191,2607,3074,13483,Day_1,Medium,Slow,2.5mm,Experiment_2
2025-10-23T00:49:36.984Z,294,1520,5643,593,1874,6639,3412,3475,14196,2611,3071,13495,Day_1,Medium,Slow,2.5mm,Experiment_2
2025-10-23T00:49:37.024Z,298,1518,5657,600,1880,6658,3404,3462,14178,2615,3073,13509,Day_1,Medium,Slow,2.5mm,Experiment_2
2025-10-23T00:49:37.064Z,300,1517,5655,609,1889,6672,3395,3453,14159,2617,3079,13519,Day_1,Medium,Slow,2.5mm,Experiment_2
2025-10-23T00:49:37.104Z,302,1520,5641,614,1896,6662,3393,3461,14162,2617,3090,13518,Day_1,Medium,Slow,2.5mm,Experiment_2
2025-10-23T00:49:37.144Z,304,1523,5628,612,1894,6632,3407,3484,14198,2622,3101,13512,Day_1,Medium,Slow,2.5mm,Experiment_2
2025-10-23T00:49:37.184Z,305,1523,5628,609,1885,6606,3427,3505,14243,2629,3107,13513,Day_1,Medium,Slow,2.5mm,Experiment_2
2025-10-23T00:49:37.224Z,303,1523,5639,608,1873,6601,3430,3517,14271,2634,3105,13526,Day_1,Medium,Slow,2.5mm,Experiment_2
2025-10-23T00:49:37.264Z,298,1524,5651,606,1867,6608,3423,3526,14281,2640,3105,13544,Day_1,Medium,Slow,2.5mm,Experiment_2
2025-10-23T00:49:37.304Z,293,1523,5659,599,1864,6614,3419,3530,14287,2647,3108,13554,Day_1,Medium,Slow,2.5mm,Experiment_2
2025-10-23T00:49:37.344Z,292,1516,5660,593,1861,6613,3414,3523,14295,2649,3111,13561,Day_1,Medium,Slow,2.5mm,Experiment_2
2025-10-23T00:49:37.384Z,300,1507,5654,596,1860,6611,3400,3507,14292,2642,3110,13573,Day_1,Medium,Slow,2.5mm,Experiment_2
2025-10-23T00:49:37.424Z,310,1504,5644,608,1865,6623,3391,3492,14261,2637,3107,13591,Day_1,Medium,Slow,2.5mm,Experiment_2
2025-10-23T00:49:37.464Z,308,1509,5618,616,1881,6658,3386,3480,14179,2636,3111,13615,Day_1,Medium,Slow,2.5mm,Experiment_2
2025-10-23T00:49:37.504Z,293,1513,5564,616,1904,6715,3370,3453,14022,2633,3118,13637,Day_1,Medium,Slow,2.5mm,Experiment_2
2025-10-23T00:49:37.544Z,282,1508,5496,616,1926,6776,3350,3404,13828,2622,3117,13634,Day_1,Medium,Slow,2.5mm,Experiment_2
2025-10-23T00:49:37.584Z,281,1500,5459,618,1935,6801,3346,3370,13720,2612,3106,13588,Day_1,Medium,Slow,2.5mm,Experiment_2
2025-10-23T00:49:37.624Z,288,1502,5484,618,1931,6779,3356,3384,13771,2604,3091,13519,Day_1,Medium,Slow,2.5mm,Experiment_2
2025-10-23T00:49:37.664Z,300,1512,5542,619,1917,6731,3357,3433,13916,2596,3083,13473,Day_1,Medium,Slow,2.5mm,Experiment_2
2025-10-23T00:49:37.704Z,312,1518,5588,623,1898,6686,3352,3480,14062,2588,3081,13468,Day_1,Medium,Slow,2.5mm,Experiment_2
2025-10-23T00:49:37.744Z,319,1519,5607,626,1882,6651,3359,3503,14171,2585,3079,13483,Day_1,Medium,Slow,2.5mm,Experiment_2
2025-10-23T00:49:37.784Z,316,1521,5610,622,1876,6627,3379,3501,14235,2594,3075,13504,Day_1,Medium,Slow,2.5mm,Experiment_2
2025-10-23T00:49:37.824Z,308,1525,5611,612,1880,6620,3400,3486,14253,2611,3071,13523,Day_1,Medium,Slow,2.5mm,Experiment_2
2025-10-23T00:49:37.864Z,301,1529,5618,603,1889,6631,3412,3473,14235,2627,3072,13533,Day_1,Medium,Slow,2.5mm,Experiment_2
2025-10-23T00:49:37.904Z,293,1529,5631,595,1895,6646,3415,3472,14201,2634,3080,13526,Day_1,Medium,Slow,2.5mm,Experiment_2
2025-10-23T00:49:37.944Z,285,1526,5642,588,1896,6646,3413,3479,14185,2631,3088,13503,Day_1,Medium,Slow,2.5mm,Experiment_2
2025-10-23T00:49:37.984Z,278,1523,5646,585,1891,6630,3408,3491,14212,2624,3091,13487,Day_1,Medium,Slow,2.5mm,Experiment_2
2025-10-23T00:49:38.024Z,280,1524,5641,589,1887,6612,3401,3508,14262,2621,3094,13502,Day_1,Medium,Slow,2.5mm,Experiment_2
2025-10-23T00:49:38.064Z,288,1530,5631,596,1887,6598,3390,3523,14297,2619,3099,13534,Day_1,Medium,Slow,2.5mm,Experiment_2
2025-10-23T00:49:38.104Z,299,1537,5625,604,1887,6590,3384,3528,14305,2617,3105,13554,Day_1,Medium,Slow,2.5mm,Experiment_2
2025-10-23T00:49:38.144Z,310,1539,5632,612,1883,6592,3384,3523,14301,2619,3107,13561,Day_1,Medium,Slow,2.5mm,Experiment_2
2025-10-23T00:49:38.184Z,318,1535,5645,617,1877,6600,3387,3507,14302,2623,3105,13563,Day_1,Medium,Slow,2.5mm,Experiment_2
2025-10-23T00:49:38.224Z,320,1523,5650,615,1872,6609,3392,3483,14294,2628,3100,13568,Day_1,Medium,Slow,2.5mm,Experiment_2
2025-10-23T00:49:38.264Z,316,1510,5639,614,1870,6629,3391,3457,14247,2626,3096,13581,Day_1,Medium,Slow,2.5mm,Experiment_2
2025-10-23T00:49:38.304Z,311,1496,5609,617,1875,6672,3373,3424,14133,2617,3097,13604,Day_1,Medium,Slow,2.5mm,Experiment_2
2025-10-23T00:49:38.344Z,301,1482,5556,620,1887,6734,3339,3383,13957,2604,3102,13623,Day_1,Medium,Slow,2.5mm,Experiment_2
2025-10-23T00:49:38.384Z,285,1471,5501,616,1902,6784,3314,3350,13802,2594,3102,13611,Day_1,Medium,Slow,2.5mm,Experiment_2
2025-10-23T00:49:38.424Z,274,1471,5485,610,1909,6790,3321,3351,13775,2592,3093,13559,Day_1,Medium,Slow,2.5mm,Experiment_2
2025-10-23T00:49:38.464Z,276,1482,5522,606,1907,6757,3347,3378,13876,2591,3078,13492,Day_1,Medium,Slow,2.5mm,Experiment_2
2025-10-23T00:49:38.504Z,283,1499,5576,605,1898,6710,3364,3404,14007,2586,3064,13445,Day_1,Medium,Slow,2.5mm,Experiment_2
2025-10-23T00:49:38.544Z,286,1511,5611,601,1888,6667,3362,3415,14100,2581,3053,13435,Day_1,Medium,Slow,2.5mm,Experiment_2
2025-10-23T00:49:38.584Z,288,1519,5626,599,1881,6640,3360,3424,14156,2587,3052,13457,Day_1,Medium,Slow,2.5mm,Experiment_2
2025-10-23T00:49:38.624Z,293,1525,5631,600,1884,6633,3375,3447,14187,2606,3064,13491,Day_1,Medium,Slow,2.5mm,Experiment_2
2025-10-23T00:49:38.664Z,299,1530,5629,607,1892,6643,3394,3473,14196,2621,3083,13523,Day_1,Medium,Slow,2.5mm,Experiment_2
2025-10-23T00:49:38.704Z,303,1535,5622,613,1901,6658,3400,3489,14194,2623,3099,13549,Day_1,Medium,Slow,2.5mm,Experiment_2
2025-10-23T00:49:38.744Z,303,1537,5616,614,1906,6665,3393,3488,14194,2617,3107,13562,Day_1,Medium,Slow,2.5mm,Experiment_2
2025-10-23T00:49:38.784Z,302,1537,5618,610,1904,6654,3392,3478,14206,2615,3104,13555,Day_1,Medium,Slow,2.5mm,Experiment_2
2025-10-23T00:49:38.824Z,302,1537,5628,608,1898,6632,3407,3479,14231,2620,3098,13541,Day_1,Medium,Slow,2.5mm,Experiment_2
2025-10-23T00:49:38.864Z,301,1533,5636,608,1889,6610,3423,3504,14260,2627,3097,13536,Day_1,Medium,Slow,2.5mm,Experiment_2
2025-10-23T00:49:38.904Z,300,1526,5637,607,1879,6595,3430,3537,14287,2634,3102,13543,Day_1,Medium,Slow,2.5mm,Experiment_2
2025-10-23T00:49:38.944Z,299,1524,5637,604,1873,6590,3432,3549,14303,2641,3105,13553,Day_1,Medium,Slow,2.5mm,Experiment_2
2025-10-23T00:49:38.984Z,301,1529,5639,601,1875,6594,3429,3542,14311,2648,3105,13561,Day_1,Medium,Slow,2.5mm,Experiment_2
2025-10-23T00:49:39.024Z,304,1537,5636,600,1880,6595,3418,3529,14314,2647,3105,13568,Day_1,Medium,Slow,2.5mm,Experiment_2
2025-10-23T00:49:39.064Z,305,1540,5626,597,1883,6595,3403,3515,14304,2640,3108,13578,Day_1,Medium,Slow,2.5mm,Experiment_2
2025-10-23T00:49:39.104Z,302,1535,5612,596,1887,6612,3395,3497,14252,2635,3112,13590,Day_1,Medium,Slow,2.5mm,Experiment_2
2025-10-23T00:49:39.144Z,296,1522,5581,599,1895,6660,3392,3468,14117,2634,3119,13604,Day_1,Medium,Slow,2.5mm,Experiment_2
2025-10-23T00:49:39.184Z,288,1504,5526,605,1908,6726,3382,3432,13918,2633,3127,13608,Day_1,Medium,Slow,2.5mm,Experiment_2
2025-10-23T00:49:39.224Z,282,1490,5486,611,1917,6770,3368,3410,13764,2623,3126,13572,Day_1,Medium,Slow,2.5mm,Experiment_2
2025-10-23T00:49:39.265Z,287,1491,5497,618,1916,6769,3355,3407,13757,2606,3109,13504,Day_1,Medium,Slow,2.5mm,Experiment_2
2025-10-23T00:49:39.305Z,299,1505,5541,624,1908,6736,3344,3414,13867,2588,3085,13453,Day_1,Medium,Slow,2.5mm,Experiment_2
2025-10-23T00:49:39.345Z,309,1515,5578,625,1899,6695,3345,3432,13998,2578,3072,13442,Day_1,Medium,Slow,2.5mm,Experiment_2
2025-10-23T00:49:39.385Z,316,1518,5605,624,1891,6664,3360,3457,14097,2580,3069,13447,Day_1,Medium,Slow,2.5mm,Experiment_2
2025-10-23T00:49:39.425Z,322,1519,5624,620,1887,6644,3372,3482,14155,2589,3073,13456,Day_1,Medium,Slow,2.5mm,Experiment_2
2025-10-23T00:49:39.465Z,320,1519,5629,613,1886,6631,3372,3495,14179,2598,3082,13476,Day_1,Medium,Slow,2.5mm,Experiment_2
2025-10-23T00:49:39.505Z,309,1513,5618,603,1881,6627,3366,3491,14184,2603,3091,13509,Day_1,Medium,Slow,2.5mm,Experiment_2
2025-10-23T00:49:39.545Z,300,1502,5606,600,1872,6633,3363,3475,14185,2605,3096,13540,Day_1,Medium,Slow,2.5mm,Experiment_2
2025-10-23T00:49:39.585Z,301,1495,5607,604,1864,6641,3362,3463,14199,2604,3095,13551,Day_1,Medium,Slow,2.5mm,Experiment_2
2025-10-23T00:49:39.625Z,308,1500,5623,611,1864,6639,3368,3456,14233,2604,3089,13542,Day_1,Medium,Slow,2.5mm,Experiment_2
2025-10-23T00:49:39.665Z,309,1515,5641,614,1872,6626,3382,3449,14272,2607,3079,13530,Day_1,Medium,Slow,2.5mm,Experiment_2
2025-10-23T00:49:39.705Z,298,1529,5646,604,1878,6608,3390,3445,14298,2612,3074,13531,Day_1,Medium,Slow,2.5mm,Experiment_2
2025-10-23T00:49:39.745Z,282,1533,5635,590,1876,6588,3384,3450,14313,2614,3079,13548,Day_1,Medium,Slow,2.5mm,Experiment_2
2025-10-23T00:49:39.785Z,275,1529,5620,584,1871,6572,3377,3460,14321,2619,3088,13568,Day_1,Medium,Slow,2.5mm,Experiment_2
2025-10-23T00:49:39.825Z,279,1527,5613,589,1871,6566,3384,3474,14318,2627,3097,13576,Day_1,Medium,Slow,2.5mm,Experiment_2
2025-10-23T00:49:39.865Z,289,1529,5616,598,1875,6575,3397,3484,14297,2634,3101,13574,Day_1,Medium,Slow,2.5mm,Experiment_2
2025-10-23T00:49:39.905Z,301,1527,5615,607,1878,6597,3406,3479,14257,2636,3099,13579,Day_1,Medium,Slow,2.5mm,Experiment_2
2025-10-23T00:49:39.945Z,310,1518,5596,615,1880,6638,3406,3453,14176,2636,3097,13598,Day_1,Medium,Slow,2.5mm,Experiment_2
2025-10-23T00:49:39.985Z,309,1497,5547,625,1887,6698,3394,3410,14023,2635,3100,13620,Day_1,Medium,Slow,2.5mm,Experiment_2
2025-10-23T00:49:40.025Z,303,1472,5482,635,1898,6760,3376,3365,13824,2632,3100,13618,Day_1,Medium,Slow,2.5mm,Experiment_2
2025-10-23T00:49:40.065Z,295,1458,5444,639,1904,6787,3366,3336,13701,2622,3087,13576,Day_1,Medium,Slow,2.5mm,Experiment_2
2025-10-23T00:49:40.105Z,291,1468,5462,631,1902,6764,3368,3343,13747,2609,3064,13513,Day_1,Medium,Slow,2.5mm,Experiment_2
2025-10-23T00:49:40.145Z,291,1493,5507,619,1898,6713,3372,3385,13905,2602,3050,13473,Day_1,Medium,Slow,2.5mm,Experiment_2
2025-10-23T00:49:40.185Z,294,1513,5545,610,1893,6664,3373,3439,14061,2600,3055,13467,Day_1,Medium,Slow,2.5mm,Experiment_2
2025-10-23T00:49:40.225Z,300,1518,5572,609,1884,6630,3373,3475,14160,2601,3066,13477,Day_1,Medium,Slow,2.5mm,Experiment_2
2025-10-23T00:49:40.265Z,309,1513,5592,615,1876,6613,3384,3484,14204,2608,3076,13494,Day_1,Medium,Slow,2.5mm,Experiment_2
2025-10-23T00:49:40.305Z,317,1510,5604,623,1873,6611,3403,3480,14212,2619,3082,13515,Day_1,Medium,Slow,2.5mm,Experiment_2
2025-10-23T00:49:40.345Z,317,1507,5610,626,1873,6619,3413,3472,14198,2623,3085,13529,Day_1,Medium,Slow,2.5mm,Experiment_2
2025-10-23T00:49:40.385Z,312,1501,5614,623,1871,6629,3414,3466,14186,2622,3082,13528,Day_1,Medium,Slow,2.5mm,Experiment_2
2025-10-23T00:49:40.425Z,304,1499,5618,615,1868,6626,3418,3474,14208,2622,3075,13516,Day_1,Medium,Slow,2.5mm,Experiment_2
2025-10-23T00:49:40.465Z,296,1502,5622,604,1867,6607,3424,3488,14256,2625,3071,13505,Day_1,Medium,Slow,2.5mm,Experiment_2
2025-10-23T00:49:40.505Z,293,1504,5622,597,1863,6590,3424,3492,14293,2627,3076,13512,Day_1,Medium,Slow,2.5mm,Experiment_2
2025-10-23T00:49:40.545Z,302,1504,5622,602,1860,6585,3415,3487,14302,2626,3085,13534,Day_1,Medium,Slow,2.5mm,Experiment_2
2025-10-23T00:49:40.585Z,317,1509,5628,613,1867,6588,3407,3480,14298,2625,3089,13552,Day_1,Medium,Slow,2.5mm,Experiment_2
2025-10-23T00:49:40.625Z,324,1519,5637,619,1879,6592,3407,3476,14297,2628,3089,13561,Day_1,Medium,Slow,2.5mm,Experiment_2
2025-10-23T00:49:40.665Z,318,1523,5639,616,1886,6591,3406,3475,14295,2629,3088,13563,Day_1,Medium,Slow,2.5mm,Experiment_2
2025-10-23T00:49:40.705Z,311,1517,5632,612,1881,6591,3397,3467,14276,2625,3086,13562,Day_1,Medium,Slow,2.5mm,Experiment_2
2025-10-23T00:49:40.745Z,310,1505,5618,613,1873,6606,3382,3449,14223,2618,3083,13567,Day_1,Medium,Slow,2.5mm,Experiment_2
2025-10-23T00:49:40.785Z,307,1494,5589,614,1874,6648,3372,3421,14116,2614,3083,13584,Day_1,Medium,Slow,2.5mm,Experiment_2
2025-10-23T00:49:40.825Z,299,1484,5535,614,1887,6711,3372,3387,13946,2615,3090,13603,Day_1,Medium,Slow,2.5mm,Experiment_2
2025-10-23T00:49:40.865Z,292,1482,5483,617,1907,6764,3373,3359,13771,2616,3094,13588,Day_1,Medium,Slow,2.5mm,Experiment_2
2025-10-23T00:49:40.905Z,289,1492,5478,619,1920,6778,3369,3355,13710,2611,3086,13527,Day_1,Medium,Slow,2.5mm,Experiment_2
2025-10-23T00:49:40.945Z,285,1509,5523,612,1919,6749,3363,3377,13805,2601,3069,13462,Day_1,Medium,Slow,2.5mm,Experiment_2
2025-10-23T00:49:40.985Z,278,1517,5576,601,1902,6703,3355,3410,13983,2592,3058,13439,Day_1,Medium,Slow,2.5mm,Experiment_2
2025-10-23T00:49:41.025Z,277,1513,5612,592,1881,6664,3347,3443,14142,2588,3060,13455,Day_1,Medium,Slow,2.5mm,Experiment_2
2025-10-23T00:49:41.065Z,284,1507,5631,592,1867,6641,3345,3468,14230,2592,3071,13483,Day_1,Medium,Slow,2.5mm,Experiment_2
2025-10-23T00:49:41.105Z,295,1505,5636,599,1865,6633,3358,3485,14252,2606,3082,13503,Day_1,Medium,Slow,2.5mm,Experiment_2
2025-10-23T00:49:41.145Z,305,1504,5629,608,1867,6636,3375,3491,14238,2620,3092,13521,Day_1,Medium,Slow,2.5mm,Experiment_2
2025-10-23T00:49:41.185Z,312,1505,5619,615,1872,6651,3377,3486,14209,2624,3101,13544,Day_1,Medium,Slow,2.5mm,Experiment_2
2025-10-23T00:49:41.225Z,312,1512,5611,615,1880,6662,3371,3478,14194,2618,3103,13561,Day_1,Medium,Slow,2.5mm,Experiment_2
2025-10-23T00:49:41.265Z,303,1515,5611,607,1879,6650,3368,3476,14213,2609,3098,13562,Day_1,Medium,Slow,2.5mm,Experiment_2
2025-10-23T00:49:41.305Z,294,1509,5618,598,1868,6621,3371,3472,14258,2603,3091,13554,Day_1,Medium,Slow,2.5mm,Experiment_2
2025-10-23T00:49:41.345Z,292,1503,5627,594,1857,6596,3382,3461,14302,2607,3084,13553,Day_1,Medium,Slow,2.5mm,Experiment_2
2025-10-23T00:49:41.385Z,297,1506,5632,593,1854,6585,3402,3451,14327,2619,3080,13561,Day_1,Medium,Slow,2.5mm,Experiment_2
2025-10-23T00:49:41.425Z,307,1517,5632,601,1861,6581,3412,3456,14331,2627,3080,13569,Day_1,Medium,Slow,2.5mm,Experiment_2
2025-10-23T00:49:41.465Z,317,1526,5630,612,1867,6583,3406,3468,14328,2626,3081,13574,Day_1,Medium,Slow,2.5mm,Experiment_2
2025-10-23T00:49:41.505Z,312,1526,5625,612,1867,6584,3396,3475,14330,2622,3080,13578,Day_1,Medium,Slow,2.5mm,Experiment_2
2025-10-23T00:49:41.545Z,295,1521,5616,601,1864,6588,3386,3475,14323,2616,3076,13584,Day_1,Medium,Slow,2.5mm,Experiment_2
2025-10-23T00:49:41.585Z,281,1515,5600,596,1868,6605,3371,3463,14275,2610,3075,13593,Day_1,Medium,Slow,2.5mm,Experiment_2
2025-10-23T00:49:41.625Z,284,1508,5572,606,1882,6657,3347,3436,14146,2605,3081,13604,Day_1,Medium,Slow,2.5mm,Experiment_2
2025-10-23T00:49:41.665Z,296,1498,5527,624,1904,6732,3325,3393,13948,2602,3088,13602,Day_1,Medium,Slow,2.5mm,Experiment_2
2025-10-23T00:49:41.705Z,306,1490,5492,637,1921,6783,3312,3355,13787,2596,3085,13565,Day_1,Medium,Slow,2.5mm,Experiment_2
2025-10-23T00:49:41.745Z,306,1492,5506,636,1923,6783,3316,3350,13770,2590,3073,13499,Day_1,Medium,Slow,2.5mm,Experiment_2
2025-10-23T00:49:41.785Z,296,1501,5557,621,1916,6751,3335,3381,13871,2593,3069,13449,Day_1,Medium,Slow,2.5mm,Experiment_2
2025-10-23T00:49:41.825Z,287,1512,5605,605,1907,6713,3363,3430,13996,2605,3076,13434,Day_1,Medium,Slow,2.5mm,Experiment_2
2025-10-23T00:49:41.865Z,287,1520,5632,597,1899,6677,3394,3468,14094,2621,3084,13444,Day_1,Medium,Slow,2.5mm,Experiment_2
2025-10-23T00:49:41.905Z,295,1525,5643,598,1892,6647,3413,3486,14154,2633,3087,13463,Day_1,Medium,Slow,2.5mm,Experiment_2
2025-10-23T00:49:41.945Z,303,1527,5645,602,1889,6633,3411,3489,14183,2635,3091,13488,Day_1,Medium,Slow,2.5mm,Experiment_2
2025-10-23T00:49:41.985Z,303,1525,5640,603,1889,6639,3403,3488,14191,2635,3097,13517,Day_1,Medium,Slow,2.5mm,Experiment_2
2025-10-23T00:49:42.025Z,293,1519,5629,599,1888,6653,3404,3492,14187,2634,3105,13538,Day_1,Medium,Slow,2.5mm,Experiment_2
2025-10-23T00:49:42.065Z,282,1516,5622,594,1886,6658,3407,3500,14192,2632,3113,13544,Day_1,Medium,Slow,2.5mm,Experiment_2
2025-10-23T00:49:42.105Z,279,1515,5625,592,1883,6645,3409,3497,14223,2631,3111,13537,Day_1,Medium,Slow,2.5mm,Experiment_2
2025-10-23T00:49:42.145Z,281,1510,5630,593,1876,6621,3411,3489,14269,2633,3103,13532,Day_1,Medium,Slow,2.5mm,Experiment_2
2025-10-23T00:49:42.185Z,283,1504,5628,592,1870,6599,3414,3490,14314,2636,3099,13537,Day_1,Medium,Slow,2.5mm,Experiment_2
2025-10-23T00:49:42.225Z,287,1505,5623,593,1870,6584,3422,3500,14344,2639,3102,13546,Day_1,Medium,Slow,2.5mm,Experiment_2
2025-10-23T00:49:42.265Z,295,1513,5620,598,1876,6574,3432,3504,14344,2643,3104,13554,Day_1,Medium,Slow,2.5mm,Experiment_2
2025-10-23T00:49:42.305Z,302,1520,5618,606,1881,6566,3436,3497,14326,2646,3099,13561,Day_1,Medium,Slow,2.5mm,Experiment_2
2025-10-23T00:49:42.345Z,305,1526,5617,611,1884,6565,3437,3482,14314,2650,3090,13570,Day_1,Medium,Slow,2.5mm,Experiment_2
2025-10-23T00:49:42.385Z,306,1525,5616,613,1885,6579,3436,3464,14299,2653,3087,13582,Day_1,Medium,Slow,2.5mm,Experiment_2
2025-10-23T00:49:42.425Z,303,1514,5604,615,1883,6615,3426,3443,14236,2649,3094,13599,Day_1,Medium,Slow,2.5mm,Experiment_2
2025-10-23T00:49:42.465Z,298,1499,5569,618,1890,6673,3402,3413,14084,2638,3104,13621,Day_1,Medium,Slow,2.5mm,Experiment_2
2025-10-23T00:49:42.505Z,293,1487,5513,625,1910,6742,3372,3375,13872,2623,3109,13625,Day_1,Medium,Slow,2.5mm,Experiment_2
2025-10-23T00:49:42.545Z,290,1483,5475,629,1925,6781,3348,3355,13726,2608,3103,13584,Day_1,Medium,Slow,2.5mm,Experiment_2
2025-10-23T00:49:42.585Z,291,1487,5484,626,1922,6769,3336,3369,13741,2592,3090,13509,Day_1,Medium,Slow,2.5mm,Experiment_2
2025-10-23T00:49:42.625Z,294,1492,5527,620,1906,6730,3336,3404,13868,2581,3079,13455,Day_1,Medium,Slow,2.5mm,Experiment_2
2025-10-23T00:49:42.665Z,297,1495,5574,615,1889,6692,3347,3437,14012,2577,3075,13448,Day_1,Medium,Slow,2.5mm,Experiment_2
2025-10-23T00:49:42.705Z,302,1499,5612,615,1879,6665,3369,3453,14125,2581,3071,13468,Day_1,Medium,Slow,2.5mm,Experiment_2
2025-10-23T00:49:42.745Z,305,1508,5631,616,1878,6643,3397,3451,14193,2594,3063,13488,Day_1,Medium,Slow,2.5mm,Experiment_2
2025-10-23T00:49:42.785Z,300,1516,5633,614,1881,6630,3423,3446,14220,2609,3060,13505,Day_1,Medium,Slow,2.5mm,Experiment_2
2025-10-23T00:49:42.825Z,292,1517,5633,609,1881,6633,3429,3443,14219,2616,3067,13524,Day_1,Medium,Slow,2.5mm,Experiment_2
2025-10-23T00:49:42.865Z,287,1512,5633,603,1879,6643,3411,3437,14208,2613,3073,13541,Day_1,Medium,Slow,2.5mm,Experiment_2
2025-10-23T00:49:42.905Z,282,1509,5627,594,1876,6639,3385,3437,14209,2607,3071,13544,Day_1,Medium,Slow,2.5mm,Experiment_2
2025-10-23T00:49:42.945Z,282,1514,5621,589,1875,6619,3370,3451,14232,2602,3069,13533,Day_1,Medium,Slow,2.5mm,Experiment_2
2025-10-23T00:49:42.985Z,290,1521,5622,594,1872,6598,3368,3470,14265,2599,3072,13525,Day_1,Medium,Slow,2.5mm,Experiment_2
2025-10-23T00:49:43.025Z,300,1523,5622,601,1871,6587,3378,3485,14288,2603,3081,13533,Day_1,Medium,Slow,2.5mm,Experiment_2
2025-10-23T00:49:43.065Z,305,1524,5620,603,1876,6582,3393,3495,14297,2615,3090,13549,Day_1,Medium,Slow,2.5mm,Experiment_2
2025-10-23T00:49:43.105Z,303,1525,5621,600,1878,6580,3400,3499,14301,2626,3097,13563,Day_1,Medium,Slow,2.5mm,Experiment_2
2025-10-23T00:49:43.145Z,304,1522,5631,602,1875,6584,3400,3496,14304,2633,3100,13568,Day_1,Medium,Slow,2.5mm,Experiment_2
2025-10-23T00:49:43.185Z,312,1519,5642,611,1870,6598,3404,3489,14302,2639,3102,13568,Day_1,Medium,Slow,2.5mm,Experiment_2
2025-10-23T00:49:43.226Z,313,1513,5640,616,1870,6620,3411,3480,14273,2646,3104,13576,Day_1,Medium,Slow,2.5mm,Experiment_2
2025-10-23T00:49:43.266Z,299,1504,5608,610,1877,6654,3418,3461,14178,2650,3107,13597,Day_1,Medium,Slow,2.5mm,Experiment_2
2025-10-23T00:49:43.306Z,280,1490,5542,603,1893,6706,3416,3428,13996,2646,3113,13616,Day_1,Medium,Slow,2.5mm,Experiment_2
2025-10-23T00:49:43.346Z,271,1477,5467,605,1914,6760,3402,3394,13783,2633,3120,13608,Day_1,Medium,Slow,2.5mm,Experiment_2
2025-10-23T00:49:43.386Z,274,1475,5436,611,1929,6785,3383,3381,13679,2613,3118,13561,Day_1,Medium,Slow,2.5mm,Experiment_2
2025-10-23T00:49:43.426Z,281,1487,5472,612,1927,6766,3377,3400,13749,2597,3102,13496,Day_1,Medium,Slow,2.5mm,Experiment_2
2025-10-23T00:49:43.466Z,286,1503,5539,607,1913,6725,3382,3429,13904,2590,3082,13451,Day_1,Medium,Slow,2.5mm,Experiment_2
2025-10-23T00:49:43.506Z,284,1510,5593,600,1895,6685,3385,3444,14041,2589,3068,13442,Day_1,Medium,Slow,2.5mm,Experiment_2
2025-10-23T00:49:43.546Z,280,1509,5622,595,1881,6653,3385,3446,14141,2592,3063,13460,Day_1,Medium,Slow,2.5mm,Experiment_2
2025-10-23T00:49:43.586Z,277,1504,5629,591,1869,6629,3393,3447,14215,2601,3068,13493,Day_1,Medium,Slow,2.5mm,Experiment_2
2025-10-23T00:49:43.626Z,276,1501,5623,590,1863,6617,3396,3454,14255,2610,3075,13527,Day_1,Medium,Slow,2.5mm,Experiment_2
2025-10-23T00:49:43.666Z,281,1500,5613,597,1865,6618,3384,3461,14256,2611,3081,13549,Day_1,Medium,Slow,2.5mm,Experiment_2
2025-10-23T00:49:43.706Z,294,1503,5603,611,1871,6620,3368,3457,14230,2608,3083,13547,Day_1,Medium,Slow,2.5mm,Experiment_2
2025-10-23T00:49:43.746Z,307,1508,5601,621,1877,6614,3364,3447,14212,2610,3081,13522,Day_1,Medium,Slow,2.5mm,Experiment_2
2025-10-23T00:49:43.786Z,314,1514,5605,620,1878,6599,3377,3449,14226,2619,3081,13502,Day_1,Medium,Slow,2.5mm,Experiment_2
2025-10-23T00:49:43.826Z,316,1520,5609,616,1877,6584,3391,3474,14254,2629,3087,13506,Day_1,Medium,Slow,2.5mm,Experiment_2
2025-10-23T00:49:43.866Z,319,1524,5613,617,1875,6579,3395,3514,14270,2632,3098,13525,Day_1,Medium,Slow,2.5mm,Experiment_2
2025-10-23T00:49:43.906Z,318,1526,5623,618,1873,6581,3400,3543,14285,2632,3107,13542,Day_1,Medium,Slow,2.5mm,Experiment_2
2025-10-23T00:49:43.946Z,312,1526,5635,617,1874,6583,3412,3542,14308,2634,3109,13557,Day_1,Medium,Slow,2.5mm,Experiment_2
2025-10-23T00:49:43.986Z,308,1527,5644,618,1878,6583,3419,3523,14321,2638,3105,13563,Day_1,Medium,Slow,2.5mm,Experiment_2
2025-10-23T00:49:44.026Z,309,1532,5642,622,1885,6589,3414,3498,14307,2639,3100,13566,Day_1,Medium,Slow,2.5mm,Experiment_2
2025-10-23T00:49:44.066Z,310,1539,5631,626,1893,6610,3400,3466,14261,2633,3093,13575,Day_1,Medium,Slow,2.5mm,Experiment_2
2025-10-23T00:49:44.106Z,313,1542,5601,634,1900,6658,3382,3428,14155,2623,3092,13597,Day_1,Medium,Slow,2.5mm,Experiment_2
2025-10-23T00:49:44.146Z,313,1536,5548,644,1908,6722,3359,3393,13974,2613,3102,13615,Day_1,Medium,Slow,2.5mm,Experiment_2
2025-10-23T00:49:44.186Z,311,1521,5495,648,1914,6772,3339,3384,13800,2602,3113,13598,Day_1,Medium,Slow,2.5mm,Experiment_2
2025-10-23T00:49:44.226Z,314,1506,5488,647,1913,6778,3338,3408,13758,2591,3110,13540,Day_1,Medium,Slow,2.5mm,Experiment_2
2025-10-23T00:49:44.266Z,319,1498,5527,642,1901,6748,3349,3438,13859,2582,3092,13480,Day_1,Medium,Slow,2.5mm,Experiment_2
2025-10-23T00:49:44.306Z,314,1497,5579,628,1886,6705,3357,3453,14006,2579,3075,13448,Day_1,Medium,Slow,2.5mm,Experiment_2
2025-10-23T00:49:44.346Z,302,1504,5614,611,1880,6666,3364,3460,14115,2586,3067,13444,Day_1,Medium,Slow,2.5mm,Experiment_2
2025-10-23T00:49:44.386Z,295,1515,5628,600,1883,6639,3374,3468,14168,2598,3067,13458,Day_1,Medium,Slow,2.5mm,Experiment_2
2025-10-23T00:49:44.426Z,294,1526,5632,599,1888,6631,3376,3473,14191,2603,3073,13483,Day_1,Medium,Slow,2.5mm,Experiment_2
2025-10-23T00:49:44.466Z,295,1531,5633,601,1890,6642,3369,3471,14191,2603,3084,13515,Day_1,Medium,Slow,2.5mm,Experiment_2
2025-10-23T00:49:44.506Z,296,1527,5630,604,1890,6664,3367,3464,14170,2607,3096,13543,Day_1,Medium,Slow,2.5mm,Experiment_2
2025-10-23T00:49:44.546Z,293,1519,5623,604,1888,6676,3372,3457,14151,2611,3100,13553,Day_1,Medium,Slow,2.5mm,Experiment_2
2025-10-23T00:49:44.586Z,288,1517,5620,599,1884,6665,3377,3461,14157,2614,3096,13545,Day_1,Medium,Slow,2.5mm,Experiment_2
2025-10-23T00:49:44.626Z,285,1522,5624,591,1881,6641,3388,3479,14188,2620,3093,13534,Day_1,Medium,Slow,2.5mm,Experiment_2
2025-10-23T00:49:44.666Z,283,1527,5632,583,1878,6617,3399,3495,14225,2626,3094,13534,Day_1,Medium,Slow,2.5mm,Experiment_2
2025-10-23T00:49:44.706Z,282,1526,5635,581,1870,6601,3400,3500,14255,2627,3094,13542,Day_1,Medium,Slow,2.5mm,Experiment_2
2025-10-23T00:49:44.746Z,282,1520,5634,583,1862,6591,3391,3493,14277,2625,3091,13550,Day_1,Medium,Slow,2.5mm,Experiment_2
2025-10-23T00:49:44.786Z,285,1518,5634,587,1859,6588,3383,3481,14287,2623,3086,13553,Day_1,Medium,Slow,2.5mm,Experiment_2
2025-10-23T00:49:44.826Z,292,1522,5638,595,1867,6592,3390,3474,14281,2621,3084,13554,Day_1,Medium,Slow,2.5mm,Experiment_2
2025-10-23T00:49:44.866Z,302,1530,5642,607,1880,6606,3410,3473,14265,2623,3088,13560,Day_1,Medium,Slow,2.5mm,Experiment_2
2025-10-23T00:49:44.906Z,303,1535,5634,614,1894,6631,3424,3466,14217,2629,3097,13573,Day_1,Medium,Slow,2.5mm,Experiment_2
2025-10-23T00:49:44.946Z,291,1531,5596,611,1907,6675,3417,3442,14096,2637,3106,13590,Day_1,Medium,Slow,2.5mm,Experiment_2
2025-10-23T00:49:44.986Z,274,1521,5534,603,1922,6733,3388,3407,13912,2635,3113,13595,Day_1,Medium,Slow,2.5mm,Experiment_2
2025-10-23T00:49:45.026Z,264,1511,5488,598,1932,6773,3355,3380,13776,2618,3110,13564,Day_1,Medium,Slow,2.5mm,Experiment_2
2025-10-23T00:49:45.066Z,262,1506,5492,594,1929,6768,3338,3372,13785,2597,3093,13502,Day_1,Medium,Slow,2.5mm,Experiment_2
2025-10-23T00:49:45.106Z,266,1508,5531,591,1917,6729,3343,3380,13898,2584,3073,13452,Day_1,Medium,Slow,2.5mm,Experiment_2
2025-10-23T00:49:45.146Z,272,1512,5573,588,1906,6687,3361,3403,14019,2578,3062,13442,Day_1,Medium,Slow,2.5mm,Experiment_2
2025-10-23T00:49:45.186Z,280,1511,5605,587,1891,6654,3387,3436,14121,2581,3064,13463,Day_1,Medium,Slow,2.5mm,Experiment_2
2025-10-23T00:49:45.226Z,287,1507,5626,588,1874,6632,3412,3465,14203,2592,3072,13495,Day_1,Medium,Slow,2.5mm,Experiment_2
2025-10-23T00:49:45.266Z,292,1508,5635,590,1865,6624,3413,3482,14246,2603,3084,13524,Day_1,Medium,Slow,2.5mm,Experiment_2
2025-10-23T00:49:45.306Z,289,1516,5631,589,1870,6630,3388,3489,14242,2604,3094,13545,Day_1,Medium,Slow,2.5mm,Experiment_2
2025-10-23T00:49:45.346Z,281,1521,5617,586,1881,6640,3360,3485,14218,2598,3099,13559,Day_1,Medium,Slow,2.5mm,Experiment_2
2025-10-23T00:49:45.386Z,273,1519,5608,581,1884,6641,3354,3479,14215,2594,3099,13559,Day_1,Medium,Slow,2.5mm,Experiment_2
2025-10-23T00:49:45.426Z,267,1511,5612,577,1877,6629,3370,3487,14239,2598,3096,13549,Day_1,Medium,Slow,2.5mm,Experiment_2
2025-10-23T00:49:45.466Z,266,1502,5620,575,1863,6611,3389,3503,14269,2607,3097,13537,Day_1,Medium,Slow,2.5mm,Experiment_2
2025-10-23T00:49:45.506Z,270,1492,5623,578,1849,6596,3388,3514,14280,2615,3101,13531,Day_1,Medium,Slow,2.5mm,Experiment_2
2025-10-23T00:49:45.546Z,278,1488,5625,583,1843,6591,3374,3512,14272,2618,3103,13533,Day_1,Medium,Slow,2.5mm,Experiment_2
2025-10-23T00:49:45.586Z,288,1493,5629,591,1847,6593,3371,3508,14269,2622,3106,13543,Day_1,Medium,Slow,2.5mm,Experiment_2
2025-10-23T00:49:45.626Z,294,1504,5628,597,1858,6591,3388,3512,14288,2629,3113,13559,Day_1,Medium,Slow,2.5mm,Experiment_2
2025-10-23T00:49:45.666Z,292,1515,5618,597,1870,6586,3406,3521,14309,2637,3120,13574,Day_1,Medium,Slow,2.5mm,Experiment_2
2025-10-23T00:49:45.706Z,287,1523,5605,592,1880,6593,3410,3520,14290,2642,3125,13584,Day_1,Medium,Slow,2.5mm,Experiment_2
2025-10-23T00:49:45.746Z,285,1523,5581,593,1890,6627,3397,3503,14190,2639,3129,13593,Day_1,Medium,Slow,2.5mm,Experiment_2
2025-10-23T00:49:45.786Z,285,1511,5534,603,1904,6687,3374,3462,13998,2628,3133,13606,Day_1,Medium,Slow,2.5mm,Experiment_2
2025-10-23T00:49:45.826Z,281,1493,5469,616,1921,6752,3346,3406,13774,2611,3129,13607,Day_1,Medium,Slow,2.5mm,Experiment_2
2025-10-23T00:49:45.866Z,280,1478,5435,624,1926,6787,3329,3369,13657,2597,3115,13573,Day_1,Medium,Slow,2.5mm,Experiment_2
2025-10-23T00:49:45.906Z,286,1471,5462,626,1908,6774,3347,3381,13731,2596,3099,13515,Day_1,Medium,Slow,2.5mm,Experiment_2
2025-10-23T00:49:45.946Z,292,1470,5519,620,1881,6730,3386,3422,13911,2603,3091,13472,Day_1,Medium,Slow,2.5mm,Experiment_2
2025-10-23T00:49:45.986Z,295,1478,5566,611,1865,6683,3403,3453,14071,2605,3085,13459,Day_1,Medium,Slow,2.5mm,Experiment_2
2025-10-23T00:49:46.026Z,298,1495,5598,605,1865,6651,3389,3457,14168,2599,3076,13467,Day_1,Medium,Slow,2.5mm,Experiment_2
2025-10-23T00:49:46.066Z,302,1514,5620,604,1873,6636,3376,3448,14219,2599,3067,13486,Day_1,Medium,Slow,2.5mm,Experiment_2
2025-10-23T00:49:46.106Z,300,1524,5628,603,1880,6631,3379,3450,14235,2612,3067,13509,Day_1,Medium,Slow,2.5mm,Experiment_2
2025-10-23T00:49:46.146Z,296,1521,5626,603,1881,6636,3388,3469,14226,2628,3076,13529,Day_1,Medium,Slow,2.5mm,Experiment_2
2025-10-23T00:49:46.186Z,296,1513,5624,609,1879,6644,3395,3488,14216,2637,3082,13534,Day_1,Medium,Slow,2.5mm,Experiment_2
2025-10-23T00:49:46.226Z,302,1513,5627,617,1877,6642,3402,3493,14229,2634,3079,13526,Day_1,Medium,Slow,2.5mm,Experiment_2
2025-10-23T00:49:46.266Z,311,1518,5632,623,1875,6628,3408,3488,14265,2625,3074,13519,Day_1,Medium,Slow,2.5mm,Experiment_2
2025-10-23T00:49:46.306Z,317,1520,5634,623,1873,6609,3410,3484,14299,2619,3074,13530,Day_1,Medium,Slow,2.5mm,Experiment_2
2025-10-23T00:49:46.346Z,312,1517,5632,615,1871,6596,3408,3488,14318,2620,3083,13553,Day_1,Medium,Slow,2.5mm,Experiment_2
2025-10-23T00:49:46.386Z,299,1515,5630,601,1869,6587,3403,3493,14328,2624,3093,13570,Day_1,Medium,Slow,2.5mm,Experiment_2
2025-10-23T00:49:46.426Z,289,1517,5628,591,1869,6579,3406,3495,14332,2632,3098,13575,Day_1,Medium,Slow,2.5mm,Experiment_2
2025-10-23T00:49:46.466Z,291,1524,5626,591,1874,6573,3419,3496,14322,2642,3098,13577,Day_1,Medium,Slow,2.5mm,Experiment_2
2025-10-23T00:49:46.506Z,303,1531,5622,601,1881,6577,3424,3492,14294,2646,3095,13580,Day_1,Medium,Slow,2.5mm,Experiment_2
2025-10-23T00:49:46.546Z,310,1530,5616,611,1885,6599,3409,3482,14239,2640,3096,13588,Day_1,Medium,Slow,2.5mm,Experiment_2
2025-10-23T00:49:46.586Z,304,1520,5592,617,1889,6646,3384,3467,14130,2632,3106,13605,Day_1,Medium,Slow,2.5mm,Experiment_2
2025-10-23T00:49:46.626Z,292,1504,5536,621,1902,6710,3360,3435,13951,2624,3118,13622,Day_1,Medium,Slow,2.5mm,Experiment_2
2025-10-23T00:49:46.666Z,280,1491,5468,623,1921,6764,3342,3383,13765,2614,3118,13613,Day_1,Medium,Slow,2.5mm,Experiment_2
2025-10-23T00:49:46.706Z,271,1490,5441,619,1932,6778,3341,3351,13696,2603,3104,13565,Day_1,Medium,Slow,2.5mm,Experiment_2
2025-10-23T00:49:46.746Z,272,1502,5476,614,1928,6747,3362,3365,13785,2602,3088,13505,Day_1,Medium,Slow,2.5mm,Experiment_2
2025-10-23T00:49:46.786Z,283,1514,5541,610,1911,6703,3386,3406,13942,2606,3077,13470,Day_1,Medium,Slow,2.5mm,Experiment_2
2025-10-23T00:49:46.826Z,295,1518,5596,610,1894,6671,3397,3444,14076,2608,3072,13462,Day_1,Medium,Slow,2.5mm,Experiment_2
2025-10-23T00:49:46.866Z,296,1517,5624,608,1887,6650,3401,3474,14166,2608,3074,13472,Day_1,Medium,Slow,2.5mm,Experiment_2
2025-10-23T00:49:46.906Z,289,1519,5625,601,1886,6632,3403,3500,14216,2610,3085,13494,Day_1,Medium,Slow,2.5mm,Experiment_2
2025-10-23T00:49:46.946Z,282,1518,5613,594,1887,6623,3403,3512,14227,2614,3097,13524,Day_1,Medium,Slow,2.5mm,Experiment_2
2025-10-23T00:49:46.986Z,283,1515,5601,596,1888,6627,3404,3499,14207,2620,3102,13547,Day_1,Medium,Slow,2.5mm,Experiment_2
2025-10-23T00:49:47.026Z,288,1515,5595,601,1889,6633,3407,3475,14185,2622,3097,13548,Day_1,Medium,Slow,2.5mm,Experiment_2
2025-10-23T00:49:47.066Z,293,1518,5599,603,1886,6626,3406,3462,14197,2619,3088,13534,Day_1,Medium,Slow,2.5mm,Experiment_2
2025-10-23T00:49:47.106Z,297,1522,5614,602,1879,6612,3404,3463,14242,2618,3083,13526,Day_1,Medium,Slow,2.5mm,Experiment_2
2025-10-23T00:49:47.146Z,302,1525,5632,605,1875,6603,3410,3472,14283,2624,3082,13535,Day_1,Medium,Slow,2.5mm,Experiment_2
2025-10-23T00:49:47.187Z,310,1528,5644,612,1878,6598,3421,3487,14300,2635,3086,13551,Day_1,Medium,Slow,2.5mm,Experiment_2
2025-10-23T00:49:47.227Z,315,1531,5645,617,1883,6594,3422,3502,14301,2640,3092,13560,Day_1,Medium,Slow,2.5mm,Experiment_2
2025-10-23T00:49:47.267Z,311,1535,5639,613,1886,6591,3417,3504,14299,2640,3097,13562,Day_1,Medium,Slow,2.5mm,Experiment_2
2025-10-23T00:49:47.307Z,305,1539,5630,606,1888,6590,3418,3497,14302,2640,3101,13567,Day_1,Medium,Slow,2.5mm,Experiment_2
2025-10-23T00:49:47.347Z,307,1539,5619,605,1887,6592,3421,3491,14303,2640,3104,13578,Day_1,Medium,Slow,2.5mm,Experiment_2
2025-10-23T00:49:47.387Z,308,1535,5606,607,1888,6609,3425,3481,14272,2639,3108,13591,Day_1,Medium,Slow,2.5mm,Experiment_2
2025-10-23T00:49:47.427Z,299,1521,5581,606,1891,6653,3428,3453,14169,2639,3111,13603,Day_1,Medium,Slow,2.5mm,Experiment_2
2025-10-23T00:49:47.467Z,282,1496,5537,606,1897,6720,3421,3407,13992,2642,3112,13605,Day_1,Medium,Slow,2.5mm,Experiment_2
2025-10-23T00:49:47.507Z,268,1477,5497,608,1904,6773,3401,3370,13825,2640,3104,13575,Day_1,Medium,Slow,2.5mm,Experiment_2
2025-10-23T00:49:47.547Z,263,1474,5496,609,1906,6776,3385,3368,13775,2628,3090,13512,Day_1,Medium,Slow,2.5mm,Experiment_2
2025-10-23T00:49:47.587Z,273,1484,5532,609,1900,6738,3389,3393,13852,2616,3080,13453,Day_1,Medium,Slow,2.5mm,Experiment_2
2025-10-23T00:49:47.627Z,291,1498,5580,611,1890,6696,3403,3425,13968,2612,3076,13425,Day_1,Medium,Slow,2.5mm,Experiment_2
2025-10-23T00:49:47.667Z,303,1509,5621,611,1882,6669,3413,3453,14061,2614,3076,13424,Day_1,Medium,Slow,2.5mm,Experiment_2
2025-10-23T00:49:47.707Z,303,1515,5644,607,1877,6652,3422,3472,14135,2619,3080,13446,Day_1,Medium,Slow,2.5mm,Experiment_2
2025-10-23T00:49:47.747Z,299,1514,5646,601,1872,6643,3430,3476,14190,2626,3085,13483,Day_1,Medium,Slow,2.5mm,Experiment_2
2025-10-23T00:49:47.787Z,299,1506,5634,600,1868,6645,3430,3464,14200,2633,3088,13522,Day_1,Medium,Slow,2.5mm,Experiment_2
2025-10-23T00:49:47.827Z,300,1498,5620,605,1866,6658,3418,3448,14172,2636,3087,13549,Day_1,Medium,Slow,2.5mm,Experiment_2
2025-10-23T00:49:47.867Z,300,1497,5614,610,1868,6667,3400,3445,14158,2632,3086,13559,Day_1,Medium,Slow,2.5mm,Experiment_2
2025-10-23T00:49:47.907Z,301,1506,5617,610,1872,6658,3387,3463,14186,2628,3088,13554,Day_1,Medium,Slow,2.5mm,Experiment_2
2025-10-23T00:49:47.947Z,305,1518,5622,611,1875,6633,3383,3493,14231,2626,3097,13546,Day_1,Medium,Slow,2.5mm,Experiment_2
2025-10-23T00:49:47.987Z,312,1523,5627,614,1872,6607,3385,3514,14267,2624,3105,13545,Day_1,Medium,Slow,2.5mm,Experiment_2
2025-10-23T00:49:48.027Z,316,1522,5633,617,1870,6593,3397,3518,14295,2626,3106,13552,Day_1,Medium,Slow,2.5mm,Experiment_2
2025-10-23T00:49:48.067Z,311,1524,5642,615,1872,6593,3414,3507,14316,2632,3102,13564,Day_1,Medium,Slow,2.5mm,Experiment_2
2025-10-23T00:49:48.107Z,303,1528,5646,611,1877,6598,3421,3486,14321,2638,3094,13570,Day_1,Medium,Slow,2.5mm,Experiment_2
2025-10-23T00:49:48.147Z,300,1529,5639,608,1880,6596,3417,3465,14303,2640,3087,13571,Day_1,Medium,Slow,2.5mm,Experiment_2
2025-10-23T00:49:48.187Z,303,1530,5627,605,1885,6596,3413,3456,14266,2640,3087,13574,Day_1,Medium,Slow,2.5mm,Experiment_2
2025-10-23T00:49:48.227Z,304,1534,5612,605,1899,6621,3409,3453,14198,2638,3096,13585,Day_1,Medium,Slow,2.5mm,Experiment_2
2025-10-23T00:49:48.267Z,297,1528,5578,610,1916,6678,3392,3423,14054,2634,3106,13599,Day_1,Medium,Slow,2.5mm,Experiment_2
2025-10-23T00:49:48.307Z,286,1508,5517,618,1928,6746,3361,3372,13853,2623,3107,13600,Day_1,Medium,Slow,2.5mm,Experiment_2
2025-10-23T00:49:48.347Z,283,1486,5471,628,1925,6786,3336,3345,13717,2608,3097,13569,Day_1,Medium,Slow,2.5mm,Experiment_2
2025-10-23T00:49:48.387Z,292,1478,5483,634,1911,6777,3331,3368,13745,2596,3085,13510,Day_1,Medium,Slow,2.5mm,Experiment_2
2025-10-23T00:49:48.427Z,304,1488,5536,632,1899,6742,3344,3415,13887,2596,3078,13466,Day_1,Medium,Slow,2.5mm,Experiment_2
2025-10-23T00:49:48.467Z,309,1506,5581,624,1897,6701,3364,3445,14043,2603,3074,13458,Day_1,Medium,Slow,2.5mm,Experiment_2
2025-10-23T00:49:48.507Z,307,1518,5601,614,1896,6660,3382,3455,14162,2609,3068,13473,Day_1,Medium,Slow,2.5mm,Experiment_2
2025-10-23T00:49:48.547Z,304,1523,5610,606,1893,6632,3393,3465,14233,2615,3067,13492,Day_1,Medium,Slow,2.5mm,Experiment_2
2025-10-23T00:49:48.587Z,299,1524,5618,601,1889,6625,3400,3476,14256,2623,3074,13510,Day_1,Medium,Slow,2.5mm,Experiment_2
2025-10-23T00:49:48.627Z,293,1525,5622,601,1887,6634,3405,3479,14247,2632,3085,13526,Day_1,Medium,Slow,2.5mm,Experiment_2
2025-10-23T00:49:48.667Z,288,1522,5620,603,1888,6644,3410,3475,14228,2641,3095,13538,Day_1,Medium,Slow,2.5mm,Experiment_2
2025-10-23T00:49:48.707Z,289,1518,5618,605,1887,6642,3414,3469,14224,2644,3097,13539,Day_1,Medium,Slow,2.5mm,Experiment_2
2025-10-23T00:49:48.747Z,290,1516,5625,601,1882,6628,3416,3466,14244,2642,3094,13525,Day_1,Medium,Slow,2.5mm,Experiment_2
2025-10-23T00:49:48.787Z,288,1518,5638,595,1878,6613,3418,3467,14277,2641,3093,13513,Day_1,Medium,Slow,2.5mm,Experiment_2
2025-10-23T00:49:48.827Z,287,1523,5647,594,1878,6605,3422,3476,14301,2645,3096,13519,Day_1,Medium,Slow,2.5mm,Experiment_2
2025-10-23T00:49:48.867Z,289,1526,5644,596,1879,6599,3419,3487,14309,2647,3096,13536,Day_1,Medium,Slow,2.5mm,Experiment_2
2025-10-23T00:49:48.907Z,293,1524,5631,598,1877,6589,3399,3492,14311,2642,3096,13552,Day_1,Medium,Slow,2.5mm,Experiment_2
2025-10-23T00:49:48.947Z,300,1520,5616,601,1874,6579,3378,3485,14314,2634,3096,13564,Day_1,Medium,Slow,2.5mm,Experiment_2
2025-10-23T00:49:48.987Z,307,1516,5609,604,1870,6576,3367,3479,14312,2630,3098,13574,Day_1,Medium,Slow,2.5mm,Experiment_2
2025-10-23T00:49:49.027Z,307,1511,5603,605,1867,6590,3366,3475,14278,2630,3097,13585,Day_1,Medium,Slow,2.5mm,Experiment_2
2025-10-23T00:49:49.067Z,300,1506,5580,605,1866,6628,3367,3454,14181,2633,3093,13605,Day_1,Medium,Slow,2.5mm,Experiment_2
2025-10-23T00:49:49.107Z,289,1498,5529,607,1869,6693,3363,3410,14009,2636,3093,13626,Day_1,Medium,Slow,2.5mm,Experiment_2
2025-10-23T00:49:49.147Z,276,1484,5464,609,1879,6758,3354,3362,13805,2636,3097,13621,Day_1,Medium,Slow,2.5mm,Experiment_2
2025-10-23T00:49:49.187Z,266,1470,5432,609,1889,6785,3348,3333,13693,2629,3093,13573,Day_1,Medium,Slow,2.5mm,Experiment_2
2025-10-23T00:49:49.227Z,267,1468,5465,607,1890,6764,3345,3336,13748,2614,3081,13506,Day_1,Medium,Slow,2.5mm,Experiment_2
2025-10-23T00:49:49.267Z,276,1475,5537,603,1879,6727,3350,3367,13896,2601,3073,13460,Day_1,Medium,Slow,2.5mm,Experiment_2
2025-10-23T00:49:49.307Z,286,1485,5602,602,1867,6695,3373,3408,14033,2602,3074,13449,Day_1,Medium,Slow,2.5mm,Experiment_2
2025-10-23T00:49:49.347Z,291,1493,5637,604,1860,6669,3405,3438,14129,2616,3077,13462,Day_1,Medium,Slow,2.5mm,Experiment_2
2025-10-23T00:49:49.387Z,291,1499,5647,605,1859,6646,3424,3451,14188,2627,3079,13482,Day_1,Medium,Slow,2.5mm,Experiment_2
2025-10-23T00:49:49.427Z,287,1503,5641,602,1864,6634,3430,3456,14213,2633,3081,13501,Day_1,Medium,Slow,2.5mm,Experiment_2
2025-10-23T00:49:49.467Z,286,1509,5636,599,1871,6640,3428,3467,14215,2632,3085,13514,Day_1,Medium,Slow,2.5mm,Experiment_2
2025-10-23T00:49:49.507Z,290,1516,5638,601,1879,6651,3411,3485,14202,2626,3088,13516,Day_1,Medium,Slow,2.5mm,Experiment_2
2025-10-23T00:49:49.547Z,295,1521,5639,605,1878,6644,3387,3507,14198,2619,3092,13504,Day_1,Medium,Slow,2.5mm,Experiment_2
2025-10-23T00:49:49.587Z,299,1520,5636,607,1868,6618,3375,3527,14222,2616,3097,13495,Day_1,Medium,Slow,2.5mm,Experiment_2
2025-10-23T00:49:49.627Z,306,1519,5632,612,1862,6593,3373,3528,14262,2617,3101,13508,Day_1,Medium,Slow,2.5mm,Experiment_2
2025-10-23T00:49:49.667Z,312,1519,5627,616,1861,6583,3368,3510,14288,2616,3100,13536,Day_1,Medium,Slow,2.5mm,Experiment_2
2025-10-23T00:49:49.707Z,309,1516,5623,613,1859,6582,3365,3498,14291,2615,3099,13553,Day_1,Medium,Slow,2.5mm,Experiment_2
2025-10-23T00:49:49.747Z,303,1512,5621,605,1856,6582,3372,3502,14284,2619,3100,13557,Day_1,Medium,Slow,2.5mm,Experiment_2
2025-10-23T00:49:49.787Z,301,1511,5620,599,1855,6582,3380,3508,14282,2623,3100,13560,Day_1,Medium,Slow,2.5mm,Experiment_2
2025-10-23T00:49:49.827Z,304,1510,5619,600,1859,6586,3386,3506,14282,2625,3099,13569,Day_1,Medium,Slow,2.5mm,Experiment_2
2025-10-23T00:49:49.867Z,313,1509,5614,612,1868,6607,3389,3487,14251,2626,3099,13584,Day_1,Medium,Slow,2.5mm,Experiment_2
2025-10-23T00:49:49.907Z,318,1504,5590,625,1881,6651,3379,3447,14148,2624,3100,13601,Day_1,Medium,Slow,2.5mm,Experiment_2
2025-10-23T00:49:49.947Z,310,1494,5537,631,1899,6713,3355,3398,13973,2618,3107,13610,Day_1,Medium,Slow,2.5mm,Experiment_2
2025-10-23T00:49:49.987Z,298,1485,5477,634,1916,6762,3331,3360,13812,2609,3109,13593,Day_1,Medium,Slow,2.5mm,Experiment_2
2025-10-23T00:49:50.027Z,289,1486,5456,633,1923,6765,3325,3350,13773,2600,3099,13541,Day_1,Medium,Slow,2.5mm,Experiment_2
2025-10-23T00:49:50.067Z,285,1495,5489,624,1915,6725,3339,3370,13867,2595,3083,13479,Day_1,Medium,Slow,2.5mm,Experiment_2
2025-10-23T00:49:50.107Z,288,1503,5545,616,1900,6676,3368,3409,14010,2598,3076,13443,Day_1,Medium,Slow,2.5mm,Experiment_2
2025-10-23T00:49:50.147Z,297,1509,5587,616,1889,6638,3401,3448,14128,2610,3080,13441,Day_1,Medium,Slow,2.5mm,Experiment_2
2025-10-23T00:49:50.187Z,307,1514,5603,621,1883,6615,3421,3475,14198,2622,3088,13462,Day_1,Medium,Slow,2.5mm,Experiment_2
2025-10-23T00:49:50.227Z,315,1517,5606,627,1882,6607,3418,3492,14229,2630,3095,13492,Day_1,Medium,Slow,2.5mm,Experiment_2
2025-10-23T00:49:50.267Z,315,1520,5607,628,1889,6619,3401,3501,14223,2632,3101,13519,Day_1,Medium,Slow,2.5mm,Experiment_2
2025-10-23T00:49:50.307Z,304,1522,5610,618,1898,6646,3384,3498,14186,2627,3106,13537,Day_1,Medium,Slow,2.5mm,Experiment_2
2025-10-23T00:49:50.347Z,291,1518,5614,602,1899,6665,3374,3484,14151,2619,3107,13542,Day_1,Medium,Slow,2.5mm,Experiment_2
2025-10-23T00:49:50.387Z,285,1514,5619,592,1891,6659,3374,3476,14153,2613,3105,13536,Day_1,Medium,Slow,2.5mm,Experiment_2
2025-10-23T00:49:50.427Z,290,1518,5627,596,1884,6636,3383,3480,14184,2612,3100,13526,Day_1,Medium,Slow,2.5mm,Experiment_2
2025-10-23T00:49:50.467Z,302,1525,5634,609,1881,6617,3395,3479,14217,2616,3092,13520,Day_1,Medium,Slow,2.5mm,Experiment_2
2025-10-23T00:49:50.507Z,313,1528,5638,619,1881,6606,3406,3467,14245,2620,3085,13523,Day_1,Medium,Slow,2.5mm,Experiment_2
2025-10-23T00:49:50.547Z,317,1527,5639,622,1881,6598,3414,3462,14273,2622,3086,13533,Day_1,Medium,Slow,2.5mm,Experiment_2
2025-10-23T00:49:50.587Z,314,1522,5633,618,1877,6590,3419,3469,14297,2625,3092,13548,Day_1,Medium,Slow,2.5mm,Experiment_2
2025-10-23T00:49:50.627Z,312,1514,5624,612,1871,6581,3414,3484,14313,2627,3100,13565,Day_1,Medium,Slow,2.5mm,Experiment_2
2025-10-23T00:49:50.667Z,311,1510,5616,610,1871,6581,3395,3496,14308,2627,3105,13579,Day_1,Medium,Slow,2.5mm,Experiment_2
2025-10-23T00:49:50.707Z,314,1510,5605,617,1878,6603,3376,3497,14253,2627,3110,13591,Day_1,Medium,Slow,2.5mm,Experiment_2
2025-10-23T00:49:50.747Z,316,1504,5574,630,1891,6655,3372,3479,14110,2629,3116,13601,Day_1,Medium,Slow,2.5mm,Experiment_2
2025-10-23T00:49:50.787Z,308,1490,5518,637,1905,6721,3380,3442,13900,2630,3118,13599,Day_1,Medium,Slow,2.5mm,Experiment_2
2025-10-23T00:49:50.827Z,297,1479,5472,636,1913,6761,3381,3403,13746,2623,3107,13565,Day_1,Medium,Slow,2.5mm,Experiment_2
2025-10-23T00:49:50.867Z,295,1482,5476,634,1912,6754,3378,3383,13754,2606,3084,13507,Day_1,Medium,Slow,2.5mm,Experiment_2
2025-10-23T00:49:50.907Z,300,1497,5521,632,1905,6718,3386,3385,13886,2596,3064,13466,Day_1,Medium,Slow,2.5mm,Experiment_2
2025-10-23T00:49:50.947Z,304,1510,5571,627,1895,6680,3402,3404,14049,2598,3060,13462,Day_1,Medium,Slow,2.5mm,Experiment_2
2025-10-23T00:49:50.987Z,302,1513,5603,616,1884,6647,3404,3436,14180,2602,3067,13475,Day_1,Medium,Slow,2.5mm,Experiment_2
2025-10-23T00:49:51.027Z,298,1515,5617,603,1875,6623,3396,3461,14256,2605,3075,13492,Day_1,Medium,Slow,2.5mm,Experiment_2
2025-10-23T00:49:51.067Z,298,1525,5618,600,1877,6614,3391,3464,14278,2609,3078,13514,Day_1,Medium,Slow,2.5mm,Experiment_2
2025-10-23T00:49:51.107Z,297,1537,5611,604,1887,6624,3391,3452,14255,2614,3080,13539,Day_1,Medium,Slow,2.5mm,Experiment_2
2025-10-23T00:49:51.147Z,281,1538,5605,605,1895,6641,3392,3442,14212,2621,3084,13553,Day_1,Medium,Slow,2.5mm,Experiment_2
2025-10-23T00:49:51.187Z,251,1529,5605,601,1894,6647,3390,3448,14185,2626,3086,13548,Day_1,Medium,Slow,2.5mm,Experiment_2
2025-10-23T00:49:51.227Z,232,1521,5613,600,1885,6630,3389,3465,14201,2629,3087,13533,Day_1,Medium,Slow,2.5mm,Experiment_2
2025-10-23T00:49:51.267Z,229,1518,5622,598,1875,6602,3392,3483,14242,2630,3086,13524,Day_1,Medium,Slow,2.5mm,Experiment_2
2025-10-23T00:49:51.307Z,213,1513,5631,590,1863,6583,3393,3502,14273,2627,3088,13521,Day_1,Medium,Slow,2.5mm,Experiment_2
2025-10-23T00:49:51.347Z,196,1508,5639,581,1853,6581,3390,3525,14288,2623,3096,13524,Day_1,Medium,Slow,2.5mm,Experiment_2
2025-10-23T00:49:51.387Z,205,1509,5643,577,1853,6587,3382,3547,14303,2621,3106,13537,Day_1,Medium,Slow,2.5mm,Experiment_2
2025-10-23T00:49:51.427Z,222,1515,5638,579,1855,6586,3377,3552,14321,2623,3111,13557,Day_1,Medium,Slow,2.5mm,Experiment_2
2025-10-23T00:49:51.467Z,244,1516,5631,581,1858,6584,3384,3546,14324,2629,3111,13572,Day_1,Medium,Slow,2.5mm,Experiment_2
2025-10-23T00:49:51.507Z,306,1513,5631,587,1863,6601,3391,3534,14299,2632,3111,13582,Day_1,Medium,Slow,2.5mm,Experiment_2
2025-10-23T00:49:51.547Z,412,1510,5625,599,1877,6644,3386,3506,14224,2631,3110,13598,Day_1,Medium,Slow,2.5mm,Experiment_2
2025-10-23T00:49:51.587Z,506,1503,5585,615,1896,6710,3365,3460,14068,2627,3114,13620,Day_1,Medium,Slow,2.5mm,Experiment_2
2025-10-23T00:49:51.627Z,598,1488,5518,630,1915,6777,3334,3413,13863,2618,3120,13625,Day_1,Medium,Slow,2.5mm,Experiment_2
2025-10-23T00:49:51.667Z,762,1475,5474,640,1923,6810,3311,3386,13740,2606,3115,13593,Day_1,Medium,Slow,2.5mm,Experiment_2
2025-10-23T00:49:51.707Z,866,1477,5485,644,1916,6785,3317,3388,13780,2598,3097,13535,Day_1,Medium,Slow,2.5mm,Experiment_2
2025-10-23T00:49:51.747Z,738,1493,5526,641,1905,6732,3342,3410,13909,2595,3076,13484,Day_1,Medium,Slow,2.5mm,Experiment_2
2025-10-23T00:49:51.787Z,523,1510,5565,635,1898,6685,3367,3441,14033,2599,3067,13460,Day_1,Medium,Slow,2.5mm,Experiment_2
2025-10-23T00:49:51.827Z,410,1517,5593,629,1889,6652,3389,3469,14127,2611,3072,13460,Day_1,Medium,Slow,2.5mm,Experiment_2
2025-10-23T00:49:51.868Z,392,1518,5610,626,1878,6626,3404,3480,14187,2622,3076,13474,Day_1,Medium,Slow,2.5mm,Experiment_2
2025-10-23T00:49:51.908Z,420,1517,5615,633,1873,6612,3406,3471,14212,2625,3075,13496,Day_1,Medium,Slow,2.5mm,Experiment_2
2025-10-23T00:49:51.948Z,436,1519,5614,642,1876,6614,3396,3465,14215,2620,3076,13517,Day_1,Medium,Slow,2.5mm,Experiment_2
2025-10-23T00:49:51.988Z,378,1520,5614,639,1881,6622,3394,3474,14213,2616,3082,13529,Day_1,Medium,Slow,2.5mm,Experiment_2
2025-10-23T00:49:52.028Z,277,1521,5616,627,1882,6617,3406,3496,14224,2616,3090,13525,Day_1,Medium,Slow,2.5mm,Experiment_2
2025-10-23T00:49:52.068Z,215,1523,5615,613,1880,6595,3421,3515,14250,2620,3096,13516,Day_1,Medium,Slow,2.5mm,Experiment_2
2025-10-23T00:49:52.108Z,219,1524,5614,605,1876,6577,3426,3517,14269,2626,3098,13516,Day_1,Medium,Slow,2.5mm,Experiment_2
2025-10-23T00:49:52.148Z,246,1519,5617,606,1871,6575,3421,3503,14271,2631,3095,13525,Day_1,Medium,Slow,2.5mm,Experiment_2
2025-10-23T00:49:52.188Z,268,1508,5622,610,1865,6582,3421,3493,14277,2637,3092,13536,Day_1,Medium,Slow,2.5mm,Experiment_2
2025-10-23T00:49:52.228Z,300,1502,5624,606,1863,6583,3427,3491,14294,2644,3090,13548,Day_1,Medium,Slow,2.5mm,Experiment_2
2025-10-23T00:49:52.268Z,349,1505,5619,601,1865,6578,3427,3488,14301,2644,3090,13561,Day_1,Medium,Slow,2.5mm,Experiment_2
2025-10-23T00:49:52.308Z,389,1508,5612,599,1866,6576,3417,3479,14291,2638,3093,13576,Day_1,Medium,Slow,2.5mm,Experiment_2
2025-10-23T00:49:52.348Z,424,1509,5604,595,1867,6594,3410,3464,14255,2634,3101,13593,Day_1,Medium,Slow,2.5mm,Experiment_2
2025-10-23T00:49:52.388Z,483,1505,5583,591,1874,6640,3405,3436,14157,2636,3109,13616,Day_1,Medium,Slow,2.5mm,Experiment_2
2025-10-23T00:49:52.428Z,519,1489,5536,595,1883,6708,3390,3390,13979,2638,3113,13636,Day_1,Medium,Slow,2.5mm,Experiment_2
2025-10-23T00:49:52.468Z,461,1466,5475,605,1892,6768,3368,3346,13786,2632,3111,13628,Day_1,Medium,Slow,2.5mm,Experiment_2
2025-10-23T00:49:52.508Z,365,1455,5449,608,1897,6786,3354,3334,13701,2617,3101,13576,Day_1,Medium,Slow,2.5mm,Experiment_2
2025-10-23T00:49:52.548Z,308,1467,5483,602,1899,6760,3359,3355,13772,2603,3083,13502,Day_1,Medium,Slow,2.5mm,Experiment_2
2025-10-23T00:49:52.588Z,293,1493,5547,597,1902,6719,3380,3397,13920,2602,3070,13450,Day_1,Medium,Slow,2.5mm,Experiment_2
2025-10-23T00:49:52.628Z,297,1513,5596,600,1904,6682,3404,3445,14059,2612,3071,13439,Day_1,Medium,Slow,2.5mm,Experiment_2
2025-10-23T00:49:52.668Z,301,1523,5619,604,1900,6653,3416,3491,14152,2623,3083,13454,Day_1,Medium,Slow,2.5mm,Experiment_2
2025-10-23T00:49:52.708Z,297,1523,5624,602,1892,6636,3406,3520,14188,2626,3096,13478,Day_1,Medium,Slow,2.5mm,Experiment_2
2025-10-23T00:49:52.748Z,291,1520,5619,597,1886,6631,3379,3523,14181,2617,3101,13503,Day_1,Medium,Slow,2.5mm,Experiment_2
2025-10-23T00:49:52.788Z,289,1518,5615,596,1887,6638,3353,3507,14159,2606,3097,13524,Day_1,Medium,Slow,2.5mm,Experiment_2
2025-10-23T00:49:52.828Z,289,1518,5617,596,1891,6647,3343,3478,14157,2602,3085,13531,Day_1,Medium,Slow,2.5mm,Experiment_2
2025-10-23T00:49:52.868Z,285,1520,5627,593,1892,6645,3351,3451,14197,2605,3071,13528,Day_1,Medium,Slow,2.5mm,Experiment_2
2025-10-23T00:49:52.908Z,279,1522,5638,587,1887,6630,3366,3443,14259,2608,3063,13528,Day_1,Medium,Slow,2.5mm,Experiment_2
2025-10-23T00:49:52.948Z,278,1521,5638,584,1879,6611,3383,3458,14302,2612,3067,13542,Day_1,Medium,Slow,2.5mm,Experiment_2
2025-10-23T00:49:52.988Z,282,1521,5626,586,1874,6592,3402,3477,14321,2623,3076,13560,Day_1,Medium,Slow,2.5mm,Experiment_2
2025-10-23T00:49:53.028Z,284,1522,5612,590,1875,6578,3412,3485,14323,2636,3084,13570,Day_1,Medium,Slow,2.5mm,Experiment_2
2025-10-23T00:49:53.068Z,286,1519,5600,592,1877,6574,3411,3483,14312,2640,3088,13569,Day_1,Medium,Slow,2.5mm,Experiment_2
2025-10-23T00:49:53.108Z,288,1515,5583,593,1875,6580,3403,3480,14298,2637,3093,13565,Day_1,Medium,Slow,2.5mm,Experiment_2
2025-10-23T00:49:53.148Z,290,1512,5560,595,1871,6589,3392,3478,14282,2634,3097,13564,Day_1,Medium,Slow,2.5mm,Experiment_2
2025-10-23T00:49:53.188Z,298,1509,5506,603,1868,6605,3383,3473,14240,2633,3102,13569,Day_1,Medium,Slow,2.5mm,Experiment_2
2025-10-23T00:49:53.228Z,313,1498,5394,621,1872,6640,3373,3454,14129,2629,3109,13585,Day_1,Medium,Slow,2.5mm,Experiment_2
2025-10-23T00:49:53.268Z,317,1483,5289,634,1885,6695,3358,3419,13950,2620,3114,13599,Day_1,Medium,Slow,2.5mm,Experiment_2
2025-10-23T00:49:53.308Z,297,1478,5301,629,1900,6741,3339,3384,13803,2604,3110,13582,Day_1,Medium,Slow,2.5mm,Experiment_2
2025-10-23T00:49:53.348Z,274,1488,5408,612,1908,6749,3325,3375,13794,2587,3094,13527,Day_1,Medium,Slow,2.5mm,Experiment_2
2025-10-23T00:49:53.388Z,269,1503,5525,601,1904,6730,3325,3393,13902,2577,3078,13469,Day_1,Medium,Slow,2.5mm,Experiment_2
2025-10-23T00:49:53.428Z,286,1509,5622,607,1891,6702,3338,3419,14030,2577,3069,13438,Day_1,Medium,Slow,2.5mm,Experiment_2
2025-10-23T00:49:53.468Z,307,1506,5705,620,1877,6673,3360,3443,14127,2585,3068,13438,Day_1,Medium,Slow,2.5mm,Experiment_2
2025-10-23T00:49:53.508Z,316,1504,5775,623,1870,6651,3386,3463,14192,2599,3072,13459,Day_1,Medium,Slow,2.5mm,Experiment_2
2025-10-23T00:49:53.548Z,316,1510,5869,619,1874,6641,3412,3479,14225,2613,3077,13491,Day_1,Medium,Slow,2.5mm,Experiment_2
2025-10-23T00:49:53.588Z,316,1520,6028,617,1885,6645,3422,3481,14228,2621,3083,13529,Day_1,Medium,Slow,2.5mm,Experiment_2
2025-10-23T00:49:53.628Z,315,1524,6119,618,1893,6662,3406,3466,14212,2620,3089,13563,Day_1,Medium,Slow,2.5mm,Experiment_2
2025-10-23T00:49:53.668Z,313,1519,6001,619,1889,6681,3373,3450,14202,2618,3092,13578,Day_1,Medium,Slow,2.5mm,Experiment_2
2025-10-23T00:49:53.708Z,309,1515,5805,617,1881,6683,3349,3450,14214,2623,3094,13570,Day_1,Medium,Slow,2.5mm,Experiment_2
2025-10-23T00:49:53.748Z,305,1516,5682,611,1874,6662,3350,3456,14241,2635,3095,13553,Day_1,Medium,Slow,2.5mm,Experiment_2
2025-10-23T00:49:53.788Z,303,1516,5599,605,1869,6631,3370,3456,14257,2639,3094,13538,Day_1,Medium,Slow,2.5mm,Experiment_2
2025-10-23T00:49:53.828Z,302,1510,5507,599,1864,6602,3383,3452,14263,2632,3093,13529,Day_1,Medium,Slow,2.5mm,Experiment_2
2025-10-23T00:49:53.868Z,307,1503,5481,600,1859,6583,3377,3450,14281,2618,3091,13534,Day_1,Medium,Slow,2.5mm,Experiment_2
2025-10-23T00:49:53.908Z,319,1498,5628,607,1858,6575,3363,3448,14302,2605,3089,13548,Day_1,Medium,Slow,2.5mm,Experiment_2
2025-10-23T00:49:53.948Z,326,1496,5893,613,1859,6576,3359,3446,14299,2602,3087,13560,Day_1,Medium,Slow,2.5mm,Experiment_2
2025-10-23T00:49:53.988Z,321,1499,6039,610,1859,6585,3372,3448,14270,2609,3088,13569,Day_1,Medium,Slow,2.5mm,Experiment_2
2025-10-23T00:49:54.028Z,309,1502,5916,607,1864,6607,3392,3449,14209,2619,3094,13580,Day_1,Medium,Slow,2.5mm,Experiment_2
2025-10-23T00:49:54.068Z,297,1497,5672,607,1878,6656,3402,3442,14076,2624,3106,13593,Day_1,Medium,Slow,2.5mm,Experiment_2
2025-10-23T00:49:54.108Z,284,1482,5500,612,1897,6723,3398,3425,13876,2625,3118,13592,Day_1,Medium,Slow,2.5mm,Experiment_2
2025-10-23T00:49:54.148Z,277,1470,5450,618,1910,6765,3383,3406,13733,2617,3114,13559,Day_1,Medium,Slow,2.5mm,Experiment_2
2025-10-23T00:49:54.188Z,285,1473,5500,626,1910,6759,3363,3398,13755,2602,3094,13506,Day_1,Medium,Slow,2.5mm,Experiment_2
2025-10-23T00:49:54.228Z,305,1487,5593,635,1901,6726,3352,3403,13887,2588,3072,13464,Day_1,Medium,Slow,2.5mm,Experiment_2
2025-10-23T00:49:54.268Z,322,1496,5697,639,1887,6694,3354,3418,14025,2584,3062,13452,Day_1,Medium,Slow,2.5mm,Experiment_2
2025-10-23T00:49:54.308Z,324,1494,5813,634,1870,6666,3371,3440,14134,2591,3064,13465,Day_1,Medium,Slow,2.5mm,Experiment_2
2025-10-23T00:49:54.348Z,318,1493,5870,627,1861,6641,3404,3468,14202,2607,3074,13487,Day_1,Medium,Slow,2.5mm,Experiment_2
2025-10-23T00:49:54.388Z,316,1501,5806,624,1863,6627,3439,3489,14219,2623,3085,13506,Day_1,Medium,Slow,2.5mm,Experiment_2
2025-10-23T00:49:54.428Z,318,1512,5701,624,1875,6629,3451,3494,14203,2631,3092,13521,Day_1,Medium,Slow,2.5mm,Experiment_2
2025-10-23T00:49:54.468Z,316,1519,5643,622,1888,6639,3437,3486,14180,2632,3096,13532,Day_1,Medium,Slow,2.5mm,Experiment_2
2025-10-23T00:49:54.508Z,307,1518,5627,616,1890,6640,3419,3478,14179,2634,3096,13532,Day_1,Medium,Slow,2.5mm,Experiment_2
2025-10-23T00:49:54.548Z,297,1514,5624,608,1880,6622,3406,3480,14210,2637,3090,13526,Day_1,Medium,Slow,2.5mm,Experiment_2
2025-10-23T00:49:54.588Z,288,1513,5622,600,1869,6595,3391,3491,14255,2634,3086,13526,Day_1,Medium,Slow,2.5mm,Experiment_2
2025-10-23T00:49:54.628Z,280,1512,5616,594,1862,6577,3369,3507,14289,2625,3088,13537,Day_1,Medium,Slow,2.5mm,Experiment_2
2025-10-23T00:49:54.668Z,279,1511,5613,590,1861,6573,3351,3511,14312,2612,3092,13552,Day_1,Medium,Slow,2.5mm,Experiment_2
2025-10-23T00:49:54.708Z,283,1510,5618,589,1860,6579,3351,3501,14328,2605,3092,13563,Day_1,Medium,Slow,2.5mm,Experiment_2
2025-10-23T00:49:54.748Z,288,1508,5626,590,1861,6584,3359,3485,14330,2606,3090,13565,Day_1,Medium,Slow,2.5mm,Experiment_2
2025-10-23T00:49:54.788Z,292,1508,5628,592,1864,6586,3364,3470,14314,2613,3088,13568,Day_1,Medium,Slow,2.5mm,Experiment_2
2025-10-23T00:49:54.828Z,295,1506,5619,594,1867,6598,3371,3463,14272,2624,3094,13581,Day_1,Medium,Slow,2.5mm,Experiment_2
2025-10-23T00:49:54.868Z,295,1502,5592,597,1874,6634,3380,3459,14181,2633,3107,13605,Day_1,Medium,Slow,2.5mm,Experiment_2
2025-10-23T00:49:54.908Z,292,1492,5537,606,1889,6695,3374,3438,14012,2630,3119,13628,Day_1,Medium,Slow,2.5mm,Experiment_2
2025-10-23T00:49:54.948Z,286,1479,5468,617,1906,6761,3353,3400,13799,2621,3121,13626,Day_1,Medium,Slow,2.5mm,Experiment_2
2025-10-23T00:49:54.988Z,281,1474,5437,620,1917,6795,3336,3370,13655,2611,3106,13577,Day_1,Medium,Slow,2.5mm,Experiment_2
2025-10-23T00:49:55.028Z,279,1484,5472,613,1917,6781,3335,3368,13649,2600,3083,13498,Day_1,Medium,Slow,2.5mm,Experiment_2
2025-10-23T00:49:55.068Z,283,1499,5536,606,1908,6738,3343,3393,13743,2592,3070,13438,Day_1,Medium,Slow,2.5mm,Experiment_2
2025-10-23T00:49:55.108Z,291,1509,5586,603,1898,6693,3347,3433,13825,2588,3071,13412,Day_1,Medium,Slow,2.5mm,Experiment_2
2025-10-23T00:49:55.148Z,296,1514,5613,601,1891,6659,3341,3481,13805,2587,3077,13399,Day_1,Medium,Slow,2.5mm,Experiment_2
2025-10-23T00:49:55.188Z,296,1517,5623,599,1886,6639,3335,3518,13790,2589,3083,13406,Day_1,Medium,Slow,2.5mm,Experiment_2
2025-10-23T00:49:55.228Z,294,1520,5625,601,1885,6632,3344,3519,13928,2596,3084,13454,Day_1,Medium,Slow,2.5mm,Experiment_2
2025-10-23T00:49:55.268Z,294,1520,5627,605,1887,6636,3366,3486,14119,2607,3081,13516,Day_1,Medium,Slow,2.5mm,Experiment_2
2025-10-23T00:49:55.308Z,297,1517,5633,608,1888,6643,3389,3451,14247,2615,3076,13550,Day_1,Medium,Slow,2.5mm,Experiment_2
2025-10-23T00:49:55.348Z,298,1513,5638,607,1886,6637,3409,3445,14411,2618,3072,13565,Day_1,Medium,Slow,2.5mm,Experiment_2
2025-10-23T00:49:55.388Z,300,1516,5636,604,1882,6616,3425,3468,14688,2619,3073,13596,Day_1,Medium,Slow,2.5mm,Experiment_2
2025-10-23T00:49:55.428Z,303,1523,5629,601,1878,6594,3428,3494,14905,2623,3081,13635,Day_1,Medium,Slow,2.5mm,Experiment_2
2025-10-23T00:49:55.468Z,305,1530,5621,604,1875,6584,3417,3499,14969,2626,3091,13662,Day_1,Medium,Slow,2.5mm,Experiment_2
2025-10-23T00:49:55.508Z,313,1539,5621,612,1876,6582,3402,3480,15071,2627,3096,13695,Day_1,Medium,Slow,2.5mm,Experiment_2
2025-10-23T00:49:55.548Z,323,1544,5627,620,1877,6584,3402,3459,15137,2631,3095,13716,Day_1,Medium,Slow,2.5mm,Experiment_2
2025-10-23T00:49:55.588Z,324,1540,5632,620,1874,6585,3417,3459,14922,2638,3094,13682,Day_1,Medium,Slow,2.5mm,Experiment_2
2025-10-23T00:49:55.628Z,313,1530,5629,610,1871,6585,3426,3474,14585,2644,3099,13627,Day_1,Medium,Slow,2.5mm,Experiment_2
2025-10-23T00:49:55.668Z,297,1519,5619,598,1875,6599,3413,3480,14315,2642,3106,13597,Day_1,Medium,Slow,2.5mm,Experiment_2
2025-10-23T00:49:55.708Z,284,1504,5596,593,1885,6645,3386,3460,13984,2632,3113,13573,Day_1,Medium,Slow,2.5mm,Experiment_2
2025-10-23T00:49:55.748Z,273,1484,5549,596,1900,6715,3362,3413,13486,2619,3115,13524,Day_1,Medium,Slow,2.5mm,Experiment_2
2025-10-23T00:49:55.788Z,264,1462,5492,600,1918,6778,3352,3350,13070,2608,3110,13464,Day_1,Medium,Slow,2.5mm,Experiment_2
2025-10-23T00:49:55.828Z,264,1440,5471,602,1930,6799,3351,3301,12965,2597,3097,13405,Day_1,Medium,Slow,2.5mm,Experiment_2
2025-10-23T00:49:55.868Z,271,1431,5506,601,1931,6776,3348,3307,13005,2587,3082,13334,Day_1,Medium,Slow,2.5mm,Experiment_2
2025-10-23T00:49:55.908Z,279,1445,5561,599,1920,6728,3349,3368,13154,2584,3071,13296,Day_1,Medium,Slow,2.5mm,Experiment_2
2025-10-23T00:49:55.948Z,289,1477,5603,599,1903,6682,3364,3436,13572,2594,3070,13351,Day_1,Medium,Slow,2.5mm,Experiment_2
2025-10-23T00:49:55.988Z,299,1502,5627,601,1888,6651,3379,3478,14058,2609,3076,13450,Day_1,Medium,Slow,2.5mm,Experiment_2
2025-10-23T00:49:56.028Z,300,1508,5636,600,1880,6639,3378,3487,14253,2616,3081,13506,Day_1,Medium,Slow,2.5mm,Experiment_2
2025-10-23T00:49:56.068Z,293,1504,5636,593,1877,6646,3373,3474,14020,2617,3083,13483,Day_1,Medium,Slow,2.5mm,Experiment_2
2025-10-23T00:49:56.108Z,287,1499,5628,589,1875,6663,3380,3455,13524,2623,3083,13413,Day_1,Medium,Slow,2.5mm,Experiment_2
2025-10-23T00:49:56.148Z,287,1495,5616,591,1872,6668,3391,3442,13264,2632,3083,13377,Day_1,Medium,Slow,2.5mm,Experiment_2
2025-10-23T00:49:56.189Z,288,1497,5609,595,1870,6651,3401,3434,13587,2636,3078,13428,Day_1,Medium,Slow,2.5mm,Experiment_2
2025-10-23T00:49:56.229Z,287,1504,5615,595,1869,6626,3414,3432,14180,2637,3071,13523,Day_1,Medium,Slow,2.5mm,Experiment_2
2025-10-23T00:49:56.269Z,291,1511,5631,597,1867,6609,3423,3438,14544,2635,3069,13589,Day_1,Medium,Slow,2.5mm,Experiment_2
2025-10-23T00:49:56.309Z,298,1517,5649,601,1865,6607,3416,3452,14558,2630,3073,13598,Day_1,Medium,Slow,2.5mm,Experiment_2
2025-10-23T00:49:56.349Z,299,1525,5659,600,1867,6605,3399,3469,14432,2626,3078,13578,Day_1,Medium,Slow,2.5mm,Experiment_2
2025-10-23T00:49:56.389Z,295,1532,5657,596,1874,6598,3385,3484,14361,2627,3084,13565,Day_1,Medium,Slow,2.5mm,Experiment_2
2025-10-23T00:49:56.429Z,293,1533,5647,596,1880,6592,3377,3493,14354,2626,3091,13568,Day_1,Medium,Slow,2.5mm,Experiment_2
2025-10-23T00:49:56.469Z,293,1529,5639,599,1882,6597,3377,3496,14341,2621,3097,13577,Day_1,Medium,Slow,2.5mm,Experiment_2
2025-10-23T00:49:56.509Z,292,1524,5632,601,1884,6623,3380,3491,14283,2617,3101,13584,Day_1,Medium,Slow,2.5mm,Experiment_2
2025-10-23T00:49:56.549Z,288,1519,5604,605,1894,6671,3381,3469,14163,2618,3105,13597,Day_1,Medium,Slow,2.5mm,Experiment_2
2025-10-23T00:49:56.589Z,280,1510,5546,610,1912,6733,3376,3424,13993,2619,3106,13606,Day_1,Medium,Slow,2.5mm,Experiment_2
2025-10-23T00:49:56.629Z,274,1497,5497,612,1922,6777,3365,3383,13853,2612,3099,13585,Day_1,Medium,Slow,2.5mm,Experiment_2
2025-10-23T00:49:56.669Z,279,1491,5496,613,1915,6777,3356,3378,13830,2598,3084,13529,Day_1,Medium,Slow,2.5mm,Experiment_2
2025-10-23T00:49:56.709Z,292,1504,5535,615,1906,6742,3352,3407,13917,2585,3068,13472,Day_1,Medium,Slow,2.5mm,Experiment_2
2025-10-23T00:49:56.749Z,299,1523,5577,615,1904,6699,3353,3439,14042,2579,3059,13445,Day_1,Medium,Slow,2.5mm,Experiment_2
2025-10-23T00:49:56.789Z,297,1530,5608,609,1898,6665,3360,3457,14150,2584,3059,13446,Day_1,Medium,Slow,2.5mm,Experiment_2
2025-10-23T00:49:56.829Z,291,1518,5621,600,1881,6639,3368,3464,14212,2596,3067,13465,Day_1,Medium,Slow,2.5mm,Experiment_2
2025-10-23T00:49:56.869Z,289,1501,5618,595,1863,6623,3370,3469,14231,2609,3078,13496,Day_1,Medium,Slow,2.5mm,Experiment_2
2025-10-23T00:49:56.909Z,290,1491,5615,597,1857,6631,3366,3466,14226,2617,3087,13532,Day_1,Medium,Slow,2.5mm,Experiment_2
2025-10-23T00:49:56.949Z,290,1490,5619,602,1865,6656,3357,3453,14209,2619,3094,13562,Day_1,Medium,Slow,2.5mm,Experiment_2
2025-10-23T00:49:56.989Z,285,1477,5625,600,1875,6671,3351,3445,14199,2616,3097,13570,Day_1,Medium,Slow,2.5mm,Experiment_2
2025-10-23T00:49:57.029Z,281,1418,5630,595,1875,6659,3353,3452,14218,2614,3097,13562,Day_1,Medium,Slow,2.5mm,Experiment_2
2025-10-23T00:49:57.069Z,284,1305,5634,596,1870,6631,3355,3467,14256,2611,3094,13554,Day_1,Medium,Slow,2.5mm,Experiment_2
2025-10-23T00:49:57.109Z,293,1218,5635,603,1866,6602,3357,3480,14292,2608,3090,13552,Day_1,Medium,Slow,2.5mm,Experiment_2
2025-10-23T00:49:57.149Z,300,1238,5631,608,1868,6583,3365,3489,14311,2611,3089,13556,Day_1,Medium,Slow,2.5mm,Experiment_2
2025-10-23T00:49:57.189Z,298,1333,5626,606,1872,6576,3376,3496,14312,2617,3093,13561,Day_1,Medium,Slow,2.5mm,Experiment_2
2025-10-23T00:49:57.229Z,290,1456,5626,596,1877,6574,3377,3499,14308,2619,3100,13563,Day_1,Medium,Slow,2.5mm,Experiment_2
2025-10-23T00:49:57.269Z,283,1612,5625,585,1878,6575,3370,3496,14304,2615,3104,13568,Day_1,Medium,Slow,2.5mm,Experiment_2
2025-10-23T00:49:57.309Z,286,1833,5619,586,1876,6586,3371,3488,14290,2616,3102,13578,Day_1,Medium,Slow,2.5mm,Experiment_2
2025-10-23T00:49:57.349Z,296,2060,5601,599,1877,6620,3381,3473,14226,2625,3102,13596,Day_1,Medium,Slow,2.5mm,Experiment_2
2025-10-23T00:49:57.389Z,302,2174,5555,612,1885,6679,3376,3443,14075,2628,3109,13616,Day_1,Medium,Slow,2.5mm,Experiment_2
2025-10-23T00:49:57.429Z,297,2192,5487,620,1900,6743,3349,3397,13866,2616,3123,13614,Day_1,Medium,Slow,2.5mm,Experiment_2
2025-10-23T00:49:57.469Z,291,2119,5444,621,1909,6778,3329,3362,13726,2599,3131,13574,Day_1,Medium,Slow,2.5mm,Experiment_2
2025-10-23T00:49:57.509Z,291,1897,5466,619,1907,6769,3342,3365,13749,2592,3121,13512,Day_1,Medium,Slow,2.5mm,Experiment_2
2025-10-23T00:49:57.549Z,296,1656,5528,616,1900,6737,3370,3398,13879,2596,3100,13466,Day_1,Medium,Slow,2.5mm,Experiment_2
2025-10-23T00:49:57.589Z,303,1568,5585,615,1895,6701,3387,3433,14014,2603,3084,13452,Day_1,Medium,Slow,2.5mm,Experiment_2
2025-10-23T00:49:57.629Z,311,1674,5619,616,1887,6666,3390,3459,14114,2607,3081,13459,Day_1,Medium,Slow,2.5mm,Experiment_2
2025-10-23T00:49:57.669Z,314,1923,5636,615,1878,6642,3379,3475,14175,2606,3085,13475,Day_1,Medium,Slow,2.5mm,Experiment_2
2025-10-23T00:49:57.709Z,310,2098,5640,610,1876,6631,3363,3479,14202,2604,3089,13493,Day_1,Medium,Slow,2.5mm,Experiment_2
2025-10-23T00:49:57.749Z,300,1979,5631,603,1880,6628,3356,3472,14199,2605,3088,13509,Day_1,Medium,Slow,2.5mm,Experiment_2
2025-10-23T00:49:57.789Z,290,1628,5617,594,1884,6625,3359,3458,14174,2607,3084,13513,Day_1,Medium,Slow,2.5mm,Experiment_2
2025-10-23T00:49:57.829Z,288,1327,5608,589,1881,6618,3366,3449,14162,2606,3079,13503,Day_1,Medium,Slow,2.5mm,Experiment_2
2025-10-23T00:49:57.869Z,296,1293,5613,592,1872,6606,3378,3450,14192,2607,3076,13495,Day_1,Medium,Slow,2.5mm,Experiment_2
2025-10-23T00:49:57.909Z,313,1449,5626,602,1860,6597,3387,3458,14249,2609,3076,13508,Day_1,Medium,Slow,2.5mm,Experiment_2
2025-10-23T00:49:57.949Z,322,1603,5636,612,1849,6593,3389,3467,14294,2612,3079,13538,Day_1,Medium,Slow,2.5mm,Experiment_2
2025-10-23T00:49:57.989Z,317,1641,5639,613,1848,6590,3386,3473,14309,2614,3082,13564,Day_1,Medium,Slow,2.5mm,Experiment_2
2025-10-23T00:49:58.029Z,308,1536,5637,609,1860,6587,3374,3470,14305,2612,3084,13571,Day_1,Medium,Slow,2.5mm,Experiment_2
2025-10-23T00:49:58.069Z,305,1416,5630,609,1873,6584,3360,3466,14295,2609,3084,13564,Day_1,Medium,Slow,2.5mm,Experiment_2
2025-10-23T00:49:58.109Z,306,1409,5617,611,1882,6582,3356,3463,14283,2609,3085,13565,Day_1,Medium,Slow,2.5mm,Experiment_2
2025-10-23T00:49:58.149Z,306,1469,5600,608,1896,6592,3358,3452,14249,2612,3090,13584,Day_1,Medium,Slow,2.5mm,Experiment_2
2025-10-23T00:49:58.189Z,298,1508,5578,601,1914,6634,3353,3427,14149,2610,3096,13611,Day_1,Medium,Slow,2.5mm,Experiment_2
2025-10-23T00:49:58.229Z,284,1512,5540,600,1930,6707,3338,3390,13959,2605,3104,13628,Day_1,Medium,Slow,2.5mm,Experiment_2
2025-10-23T00:49:58.269Z,274,1497,5490,608,1937,6778,3327,3352,13751,2600,3107,13619,Day_1,Medium,Slow,2.5mm,Experiment_2
2025-10-23T00:49:58.309Z,277,1482,5471,620,1932,6807,3330,3337,13666,2594,3098,13573,Day_1,Medium,Slow,2.5mm,Experiment_2
2025-10-23T00:49:58.349Z,287,1479,5504,624,1917,6782,3344,3352,13751,2585,3079,13513,Day_1,Medium,Slow,2.5mm,Experiment_2
2025-10-23T00:49:58.389Z,288,1489,5556,617,1902,6730,3355,3383,13919,2576,3061,13474,Day_1,Medium,Slow,2.5mm,Experiment_2
2025-10-23T00:49:58.429Z,287,1504,5589,609,1893,6679,3356,3414,14066,2573,3056,13466,Day_1,Medium,Slow,2.5mm,Experiment_2
2025-10-23T00:49:58.469Z,294,1516,5604,612,1887,6644,3357,3439,14164,2578,3061,13476,Day_1,Medium,Slow,2.5mm,Experiment_2
2025-10-23T00:49:58.509Z,308,1519,5614,621,1882,6628,3363,3450,14222,2587,3067,13497,Day_1,Medium,Slow,2.5mm,Experiment_2
2025-10-23T00:49:58.549Z,321,1517,5619,628,1882,6626,3376,3451,14243,2598,3073,13525,Day_1,Medium,Slow,2.5mm,Experiment_2
2025-10-23T00:49:58.589Z,325,1515,5622,628,1885,6635,3391,3450,14228,2610,3079,13545,Day_1,Medium,Slow,2.5mm,Experiment_2
2025-10-23T00:49:58.629Z,317,1515,5624,621,1888,6644,3402,3457,14203,2619,3083,13541,Day_1,Medium,Slow,2.5mm,Experiment_2
2025-10-23T00:49:58.669Z,305,1520,5624,611,1888,6638,3406,3470,14202,2620,3084,13514,Day_1,Medium,Slow,2.5mm,Experiment_2
2025-10-23T00:49:58.709Z,301,1523,5627,602,1886,6619,3399,3480,14232,2615,3086,13492,Day_1,Medium,Slow,2.5mm,Experiment_2
2025-10-23T00:49:58.749Z,305,1521,5633,598,1881,6603,3388,3484,14267,2612,3090,13501,Day_1,Medium,Slow,2.5mm,Experiment_2
2025-10-23T00:49:58.789Z,306,1518,5636,597,1875,6595,3387,3491,14289,2619,3095,13533,Day_1,Medium,Slow,2.5mm,Experiment_2
2025-10-23T00:49:58.829Z,299,1515,5632,593,1869,6589,3406,3505,14297,2639,3100,13558,Day_1,Medium,Slow,2.5mm,Experiment_2
2025-10-23T00:49:58.869Z,294,1513,5627,590,1867,6585,3422,3511,14303,2658,3101,13565,Day_1,Medium,Slow,2.5mm,Experiment_2
2025-10-23T00:49:58.909Z,294,1512,5626,590,1869,6587,3401,3503,14319,2657,3099,13566,Day_1,Medium,Slow,2.5mm,Experiment_2
2025-10-23T00:49:58.949Z,295,1512,5624,592,1871,6594,3304,3491,14336,2632,3096,13571,Day_1,Medium,Slow,2.5mm,Experiment_2
2025-10-23T00:49:58.989Z,295,1509,5617,597,1872,6612,3118,3475,14316,2590,3094,13588,Day_1,Medium,Slow,2.5mm,Experiment_2
2025-10-23T00:49:59.029Z,294,1503,5593,603,1877,6656,2953,3442,14215,2560,3094,13612,Day_1,Medium,Slow,2.5mm,Experiment_2
2025-10-23T00:49:59.069Z,291,1493,5545,611,1894,6718,2931,3396,14028,2565,3096,13624,Day_1,Medium,Slow,2.5mm,Experiment_2
2025-10-23T00:49:59.109Z,290,1483,5495,618,1915,6766,3022,3356,13840,2588,3091,13594,Day_1,Medium,Slow,2.5mm,Experiment_2
2025-10-23T00:49:59.149Z,294,1481,5484,623,1923,6772,3181,3345,13776,2611,3078,13524,Day_1,Medium,Slow,2.5mm,Experiment_2
2025-10-23T00:49:59.189Z,302,1488,5513,624,1914,6737,3452,3364,13857,2639,3062,13456,Day_1,Medium,Slow,2.5mm,Experiment_2
2025-10-23T00:49:59.229Z,304,1498,5552,618,1895,6684,3872,3407,13997,2670,3054,13427,Day_1,Medium,Slow,2.5mm,Experiment_2
2025-10-23T00:49:59.269Z,303,1502,5583,612,1875,6641,4319,3454,14116,2683,3057,13437,Day_1,Medium,Slow,2.5mm,Experiment_2
2025-10-23T00:49:59.309Z,302,1499,5607,608,1860,6620,4596,3480,14189,2668,3064,13468,Day_1,Medium,Slow,2.5mm,Experiment_2
2025-10-23T00:49:59.349Z,299,1496,5620,605,1854,6618,4707,3480,14231,2651,3071,13504,Day_1,Medium,Slow,2.5mm,Experiment_2
2025-10-23T00:49:59.389Z,299,1499,5620,605,1860,6630,4612,3462,14240,2647,3073,13539,Day_1,Medium,Slow,2.5mm,Experiment_2
2025-10-23T00:49:59.429Z,300,1506,5611,607,1872,6648,4171,3440,14210,2643,3073,13561,Day_1,Medium,Slow,2.5mm,Experiment_2
2025-10-23T00:49:59.469Z,303,1515,5604,610,1885,6655,3574,3424,14175,2630,3073,13564,Day_1,Medium,Slow,2.5mm,Experiment_2
2025-10-23T00:49:59.509Z,304,1526,5605,610,1891,6641,3104,3425,14178,2613,3077,13557,Day_1,Medium,Slow,2.5mm,Experiment_2
2025-10-23T00:49:59.549Z,304,1531,5615,609,1887,6617,2914,3441,14216,2606,3084,13550,Day_1,Medium,Slow,2.5mm,Experiment_2
2025-10-23T00:49:59.589Z,307,1525,5629,611,1875,6599,3033,3455,14257,2607,3088,13545,Day_1,Medium,Slow,2.5mm,Experiment_2
2025-10-23T00:49:59.629Z,310,1516,5637,614,1866,6587,3251,3464,14284,2612,3089,13542,Day_1,Medium,Slow,2.5mm,Experiment_2
2025-10-23T00:49:59.669Z,304,1510,5635,612,1863,6579,3371,3474,14296,2623,3093,13545,Day_1,Medium,Slow,2.5mm,Experiment_2
2025-10-23T00:49:59.709Z,294,1509,5631,603,1863,6575,3399,3479,14298,2634,3099,13556,Day_1,Medium,Slow,2.5mm,Experiment_2
2025-10-23T00:49:59.749Z,290,1506,5629,599,1860,6575,3399,3474,14293,2642,3098,13566,Day_1,Medium,Slow,2.5mm,Experiment_2
2025-10-23T00:49:59.789Z,296,1500,5626,605,1856,6586,3394,3469,14278,2644,3094,13579,Day_1,Medium,Slow,2.5mm,Experiment_2
2025-10-23T00:49:59.829Z,302,1493,5613,613,1857,6614,3382,3469,14229,2639,3095,13600,Day_1,Medium,Slow,2.5mm,Experiment_2
2025-10-23T00:49:59.869Z,300,1481,5573,617,1870,6665,3367,3456,14100,2633,3099,13622,Day_1,Medium,Slow,2.5mm,Experiment_2
2025-10-23T00:49:59.909Z,295,1465,5514,622,1889,6728,3359,3416,13894,2634,3100,13617,Day_1,Medium,Slow,2.5mm,Experiment_2
2025-10-23T00:49:59.949Z,289,1456,5475,627,1900,6768,3350,3375,13734,2649,3093,13568,Day_1,Medium,Slow,2.5mm,Experiment_2
2025-10-23T00:49:59.989Z,284,1464,5490,624,1902,6767,3280,3368,13742,2652,3078,13499,Day_1,Medium,Slow,2.5mm,Experiment_2
2025-10-23T00:50:00.029Z,283,1487,5539,616,1902,6738,3027,3402,13880,2597,3072,13456,Day_1,Medium,Slow,2.5mm,Experiment_2
2025-10-23T00:50:00.069Z,288,1510,5582,613,1901,6699,2560,3450,14027,2483,3076,13452,Day_1,Medium,Slow,2.5mm,Experiment_2
2025-10-23T00:50:00.109Z,299,1520,5609,615,1894,6664,2193,3475,14135,2409,3077,13470,Day_1,Medium,Slow,2.5mm,Experiment_2
2025-10-23T00:50:00.149Z,312,1520,5625,620,1885,6640,2235,3467,14210,2456,3068,13497,Day_1,Medium,Slow,2.5mm,Experiment_2
2025-10-23T00:50:00.189Z,317,1518,5633,622,1878,6634,2561,3452,14245,2570,3064,13526,Day_1,Medium,Slow,2.5mm,Experiment_2
2025-10-23T00:50:00.229Z,310,1512,5635,618,1874,6643,2940,3450,14242,2671,3073,13548,Day_1,Medium,Slow,2.5mm,Experiment_2
2025-10-23T00:50:00.269Z,298,1503,5634,611,1872,6657,3219,3456,14222,2714,3083,13558,Day_1,Medium,Slow,2.5mm,Experiment_2
2025-10-23T00:50:00.309Z,290,1500,5628,604,1874,6657,3341,3466,14216,2688,3086,13551,Day_1,Medium,Slow,2.5mm,Experiment_2
2025-10-23T00:50:00.349Z,288,1505,5623,597,1875,6637,3375,3480,14242,2637,3086,13535,Day_1,Medium,Slow,2.5mm,Experiment_2
2025-10-23T00:50:00.389Z,289,1514,5623,594,1872,6613,3384,3491,14283,2606,3087,13527,Day_1,Medium,Slow,2.5mm,Experiment_2
2025-10-23T00:50:00.429Z,290,1518,5629,594,1869,6599,3384,3492,14308,2600,3089,13532,Day_1,Medium,Slow,2.5mm,Experiment_2
2025-10-23T00:50:00.469Z,295,1518,5639,601,1867,6598,3388,3488,14309,2610,3091,13542,Day_1,Medium,Slow,2.5mm,Experiment_2
2025-10-23T00:50:00.509Z,306,1515,5649,613,1866,6601,3400,3481,14302,2629,3091,13551,Day_1,Medium,Slow,2.5mm,Experiment_2
2025-10-23T00:50:00.549Z,315,1512,5654,621,1866,6603,3406,3475,14294,2642,3089,13559,Day_1,Medium,Slow,2.5mm,Experiment_2
2025-10-23T00:50:00.589Z,316,1513,5650,620,1869,6605,3404,3467,14288,2645,3088,13566,Day_1,Medium,Slow,2.5mm,Experiment_2
2025-10-23T00:50:00.629Z,310,1515,5637,615,1875,6618,3397,3453,14265,2642,3090,13582,Day_1,Medium,Slow,2.5mm,Experiment_2
2025-10-23T00:50:00.669Z,306,1512,5608,615,1884,6654,3385,3425,14176,2636,3100,13607,Day_1,Medium,Slow,2.5mm,Experiment_2
2025-10-23T00:50:00.709Z,301,1499,5554,619,1895,6715,3368,3387,13992,2631,3115,13630,Day_1,Medium,Slow,2.5mm,Experiment_2
2025-10-23T00:50:00.749Z,293,1478,5489,621,1904,6780,3349,3352,13783,2624,3129,13631,Day_1,Medium,Slow,2.5mm,Experiment_2
2025-10-23T00:50:00.789Z,284,1465,5457,618,1905,6807,3344,3329,13690,2613,3131,13593,Day_1,Medium,Slow,2.5mm,Experiment_2
2025-10-23T00:50:00.829Z,281,1469,5484,614,1898,6782,3358,3316,13769,2605,3111,13536,Day_1,Medium,Slow,2.5mm,Experiment_2
2025-10-23T00:50:00.869Z,291,1481,5542,615,1889,6731,3371,3282,13931,2599,3074,13496,Day_1,Medium,Slow,2.5mm,Experiment_2
2025-10-23T00:50:00.909Z,305,1486,5589,618,1878,6683,3375,3196,14071,2592,3039,13481,Day_1,Medium,Slow,2.5mm,Experiment_2
2025-10-23T00:50:00.949Z,309,1488,5614,611,1869,6647,3373,3129,14150,2588,3026,13477,Day_1,Medium,Slow,2.5mm,Experiment_2
2025-10-23T00:50:00.989Z,303,1496,5623,601,1867,6625,3368,3174,14178,2588,3052,13475,Day_1,Medium,Slow,2.5mm,Experiment_2
2025-10-23T00:50:01.029Z,302,1514,5625,601,1876,6620,3359,3313,14180,2591,3105,13480,Day_1,Medium,Slow,2.5mm,Experiment_2
2025-10-23T00:50:01.069Z,306,1534,5623,606,1890,6625,3360,3512,14177,2596,3164,13492,Day_1,Medium,Slow,2.5mm,Experiment_2
2025-10-23T00:50:01.109Z,307,1541,5619,607,1896,6625,3371,3870,14186,2603,3223,13505,Day_1,Medium,Slow,2.5mm,Experiment_2
2025-10-23T00:50:01.149Z,302,1534,5613,602,1890,6611,3375,4529,14215,2606,3282,13507,Day_1,Medium,Slow,2.5mm,Experiment_2
2025-10-23T00:50:01.189Z,296,1527,5610,596,1884,6588,3365,5216,14258,2607,3298,13504,Day_1,Medium,Slow,2.5mm,Experiment_2
2025-10-23T00:50:01.229Z,292,1528,5610,590,1883,6573,3357,5382,14289,2611,3233,13512,Day_1,Medium,Slow,2.5mm,Experiment_2
2025-10-23T00:50:01.269Z,291,1527,5612,587,1881,6570,3362,5048,14301,2618,3147,13528,Day_1,Medium,Slow,2.5mm,Experiment_2
2025-10-23T00:50:01.309Z,290,1524,5623,585,1876,6578,3372,4598,14308,2623,3102,13541,Day_1,Medium,Slow,2.5mm,Experiment_2
2025-10-23T00:50:01.349Z,291,1525,5644,585,1876,6593,3386,4142,14310,2627,3090,13550,Day_1,Medium,Slow,2.5mm,Experiment_2
2025-10-23T00:50:01.389Z,296,1530,5661,591,1881,6605,3409,3772,14305,2634,3087,13559,Day_1,Medium,Slow,2.5mm,Experiment_2
2025-10-23T00:50:01.429Z,306,1531,5660,602,1885,6611,3427,3556,14293,2639,3092,13569,Day_1,Medium,Slow,2.5mm,Experiment_2
2025-10-23T00:50:01.469Z,312,1524,5641,610,1884,6623,3425,3326,14256,2640,3110,13580,Day_1,Medium,Slow,2.5mm,Experiment_2
2025-10-23T00:50:01.509Z,305,1505,5603,612,1881,6659,3404,2940,14166,2638,3129,13599,Day_1,Medium,Slow,2.5mm,Experiment_2
2025-10-23T00:50:01.549Z,290,1474,5544,612,1878,6716,3374,2560,13997,2632,3130,13617,Day_1,Medium,Slow,2.5mm,Experiment_2
2025-10-23T00:50:01.590Z,278,1434,5485,613,1879,6769,3347,2341,13810,2620,3091,13606,Day_1,Medium,Slow,2.5mm,Experiment_2
2025-10-23T00:50:01.630Z,274,1399,5467,615,1879,6783,3338,2210,13741,2606,3008,13556,Day_1,Medium,Slow,2.5mm,Experiment_2
2025-10-23T00:50:01.670Z,276,1398,5499,615,1878,6753,3354,2299,13835,2598,2934,13491,Day_1,Medium,Slow,2.5mm,Experiment_2
2025-10-23T00:50:01.710Z,282,1433,5547,613,1877,6702,3382,2724,13999,2598,2921,13448,Day_1,Medium,Slow,2.5mm,Experiment_2
2025-10-23T00:50:01.750Z,289,1474,5586,611,1875,6659,3400,3219,14132,2601,2960,13440,Day_1,Medium,Slow,2.5mm,Experiment_2
2025-10-23T00:50:01.790Z,295,1497,5612,608,1871,6635,3396,3580,14205,2601,3020,13453,Day_1,Medium,Slow,2.5mm,Experiment_2
2025-10-23T00:50:01.830Z,295,1505,5626,603,1871,6627,3382,3808,14229,2603,3079,13479,Day_1,Medium,Slow,2.5mm,Experiment_2
2025-10-23T00:50:01.870Z,291,1507,5629,598,1876,6635,3376,3889,14222,2611,3130,13514,Day_1,Medium,Slow,2.5mm,Experiment_2
2025-10-23T00:50:01.910Z,290,1514,5627,599,1886,6653,3380,3826,14195,2620,3167,13546,Day_1,Medium,Slow,2.5mm,Experiment_2
2025-10-23T00:50:01.950Z,296,1521,5623,605,1891,6662,3382,3667,14172,2621,3170,13556,Day_1,Medium,Slow,2.5mm,Experiment_2
2025-10-23T00:50:01.990Z,301,1522,5623,610,1887,6650,3387,3515,14183,2617,3143,13545,Day_1,Medium,Slow,2.5mm,Experiment_2
2025-10-23T00:50:02.030Z,302,1518,5628,608,1878,6628,3394,3446,14223,2611,3115,13530,Day_1,Medium,Slow,2.5mm,Experiment_2
2025-10-23T00:50:02.070Z,303,1514,5633,606,1871,6611,3397,3444,14260,2612,3101,13529,Day_1,Medium,Slow,2.5mm,Experiment_2
2025-10-23T00:50:02.110Z,310,1517,5637,609,1871,6602,3392,3461,14280,2618,3100,13538,Day_1,Medium,Slow,2.5mm,Experiment_2
2025-10-23T00:50:02.150Z,318,1522,5638,615,1876,6598,3388,3478,14289,2623,3102,13547,Day_1,Medium,Slow,2.5mm,Experiment_2
2025-10-23T00:50:02.190Z,324,1528,5636,618,1881,6595,3392,3496,14295,2627,3100,13552,Day_1,Medium,Slow,2.5mm,Experiment_2
2025-10-23T00:50:02.230Z,324,1533,5637,616,1884,6595,3402,3504,14305,2631,3096,13554,Day_1,Medium,Slow,2.5mm,Experiment_2
2025-10-23T00:50:02.270Z,315,1532,5640,609,1884,6601,3407,3491,14309,2633,3092,13563,Day_1,Medium,Slow,2.5mm,Experiment_2
2025-10-23T00:50:02.310Z,300,1519,5632,602,1880,6621,3401,3462,14274,2630,3089,13579,Day_1,Medium,Slow,2.5mm,Experiment_2
2025-10-23T00:50:02.350Z,284,1501,5599,602,1882,6666,3380,3428,14152,2625,3092,13598,Day_1,Medium,Slow,2.5mm,Experiment_2
2025-10-23T00:50:02.390Z,269,1480,5538,606,1892,6727,3354,3401,13955,2618,3102,13605,Day_1,Medium,Slow,2.5mm,Experiment_2
2025-10-23T00:50:02.430Z,257,1470,5484,608,1905,6767,3337,3396,13801,2611,3109,13577,Day_1,Medium,Slow,2.5mm,Experiment_2
2025-10-23T00:50:02.470Z,258,1477,5482,606,1912,6763,3340,3414,13800,2603,3103,13517,Day_1,Medium,Slow,2.5mm,Experiment_2
2025-10-23T00:50:02.510Z,269,1494,5523,602,1911,6730,3352,3449,13921,2597,3092,13469,Day_1,Medium,Slow,2.5mm,Experiment_2
2025-10-23T00:50:02.550Z,277,1509,5566,596,1902,6688,3359,3481,14060,2596,3082,13459,Day_1,Medium,Slow,2.5mm,Experiment_2
2025-10-23T00:50:02.590Z,275,1517,5594,587,1890,6652,3365,3491,14167,2598,3075,13472,Day_1,Medium,Slow,2.5mm,Experiment_2
2025-10-23T00:50:02.630Z,273,1518,5613,582,1879,6632,3380,3475,14232,2600,3068,13495,Day_1,Medium,Slow,2.5mm,Experiment_2
2025-10-23T00:50:02.670Z,279,1516,5627,586,1874,6634,3394,3444,14250,2604,3063,13521,Day_1,Medium,Slow,2.5mm,Experiment_2
2025-10-23T00:50:02.710Z,287,1513,5631,595,1875,6649,3393,3425,14230,2609,3067,13545,Day_1,Medium,Slow,2.5mm,Experiment_2
2025-10-23T00:50:02.750Z,295,1510,5621,604,1879,6662,3377,3428,14203,2610,3077,13561,Day_1,Medium,Slow,2.5mm,Experiment_2
2025-10-23T00:50:02.790Z,306,1509,5612,615,1882,6661,3365,3444,14199,2608,3084,13565,Day_1,Medium,Slow,2.5mm,Experiment_2
2025-10-23T00:50:02.830Z,316,1510,5617,620,1880,6647,3363,3456,14225,2604,3082,13562,Day_1,Medium,Slow,2.5mm,Experiment_2
2025-10-23T00:50:02.870Z,317,1510,5631,614,1874,6627,3362,3454,14269,2600,3075,13558,Day_1,Medium,Slow,2.5mm,Experiment_2
2025-10-23T00:50:02.910Z,311,1510,5641,604,1868,6608,3361,3449,14301,2600,3074,13554,Day_1,Medium,Slow,2.5mm,Experiment_2
2025-10-23T00:50:02.950Z,309,1516,5642,600,1869,6596,3370,3454,14315,2606,3083,13550,Day_1,Medium,Slow,2.5mm,Experiment_2
2025-10-23T00:50:02.990Z,305,1526,5640,600,1876,6591,3392,3468,14325,2617,3094,13553,Day_1,Medium,Slow,2.5mm,Experiment_2
2025-10-23T00:50:03.030Z,299,1537,5637,601,1885,6590,3408,3483,14328,2626,3098,13560,Day_1,Medium,Slow,2.5mm,Experiment_2
2025-10-23T00:50:03.070Z,297,1544,5634,605,1889,6592,3402,3490,14311,2627,3094,13561,Day_1,Medium,Slow,2.5mm,Experiment_2
2025-10-23T00:50:03.110Z,299,1544,5629,611,1886,6603,3383,3476,14277,2623,3088,13562,Day_1,Medium,Slow,2.5mm,Experiment_2
2025-10-23T00:50:03.150Z,299,1536,5614,614,1885,6634,3376,3445,14210,2624,3087,13577,Day_1,Medium,Slow,2.5mm,Experiment_2
2025-10-23T00:50:03.190Z,295,1520,5573,615,1891,6691,3371,3403,14056,2627,3093,13599,Day_1,Medium,Slow,2.5mm,Experiment_2
2025-10-23T00:50:03.230Z,289,1494,5509,621,1900,6757,3350,3359,13832,2620,3100,13596,Day_1,Medium,Slow,2.5mm,Experiment_2
2025-10-23T00:50:03.270Z,287,1473,5468,627,1904,6792,3327,3338,13685,2601,3098,13552,Day_1,Medium,Slow,2.5mm,Experiment_2
2025-10-23T00:50:03.310Z,285,1474,5482,623,1903,6774,3328,3352,13726,2584,3085,13491,Day_1,Medium,Slow,2.5mm,Experiment_2
2025-10-23T00:50:03.350Z,279,1490,5530,610,1898,6726,3350,3387,13890,2578,3073,13458,Day_1,Medium,Slow,2.5mm,Experiment_2
2025-10-23T00:50:03.390Z,277,1504,5571,599,1891,6678,3373,3421,14049,2584,3068,13461,Day_1,Medium,Slow,2.5mm,Experiment_2
2025-10-23T00:50:03.430Z,278,1516,5594,593,1885,6640,3383,3443,14148,2593,3067,13476,Day_1,Medium,Slow,2.5mm,Experiment_2
2025-10-23T00:50:03.470Z,277,1522,5608,587,1882,6618,3375,3451,14187,2596,3070,13491,Day_1,Medium,Slow,2.5mm,Experiment_2
2025-10-23T00:50:03.510Z,275,1520,5616,585,1877,6614,3359,3448,14191,2594,3074,13504,Day_1,Medium,Slow,2.5mm,Experiment_2
2025-10-23T00:50:03.550Z,277,1512,5615,587,1871,6620,3349,3440,14183,2592,3077,13516,Day_1,Medium,Slow,2.5mm,Experiment_2
2025-10-23T00:50:03.590Z,285,1508,5610,594,1871,6625,3352,3433,14183,2593,3077,13521,Day_1,Medium,Slow,2.5mm,Experiment_2
2025-10-23T00:50:03.630Z,291,1512,5611,599,1872,6619,3365,3431,14208,2596,3076,13514,Day_1,Medium,Slow,2.5mm,Experiment_2
2025-10-23T00:50:03.670Z,293,1521,5622,598,1873,6604,3380,3438,14252,2600,3077,13506,Day_1,Medium,Slow,2.5mm,Experiment_2
2025-10-23T00:50:03.710Z,293,1529,5631,595,1877,6590,3396,3455,14285,2605,3082,13510,Day_1,Medium,Slow,2.5mm,Experiment_2
2025-10-23T00:50:03.750Z,298,1531,5630,599,1882,6582,3414,3470,14300,2617,3089,13530,Day_1,Medium,Slow,2.5mm,Experiment_2
2025-10-23T00:50:03.790Z,309,1529,5629,610,1884,6581,3425,3474,14314,2629,3093,13553,Day_1,Medium,Slow,2.5mm,Experiment_2
2025-10-23T00:50:03.830Z,316,1527,5635,618,1882,6586,3419,3474,14327,2635,3093,13567,Day_1,Medium,Slow,2.5mm,Experiment_2
2025-10-23T00:50:03.870Z,315,1525,5643,618,1881,6594,3418,3476,14327,2636,3092,13571,Day_1,Medium,Slow,2.5mm,Experiment_2
2025-10-23T00:50:03.910Z,309,1524,5649,615,1884,6608,3435,3479,14301,2643,3094,13569,Day_1,Medium,Slow,2.5mm,Experiment_2
2025-10-23T00:50:03.950Z,301,1520,5645,614,1890,6631,3443,3480,14239,2649,3101,13572,Day_1,Medium,Slow,2.5mm,Experiment_2
2025-10-23T00:50:03.990Z,291,1512,5614,614,1897,6668,3427,3461,14117,2649,3109,13587,Day_1,Medium,Slow,2.5mm,Experiment_2
2025-10-23T00:50:04.030Z,284,1496,5552,617,1905,6721,3399,3407,13934,2643,3110,13608,Day_1,Medium,Slow,2.5mm,Experiment_2
2025-10-23T00:50:04.070Z,284,1478,5486,625,1912,6771,3370,3338,13761,2628,3105,13606,Day_1,Medium,Slow,2.5mm,Experiment_2
2025-10-23T00:50:04.110Z,289,1473,5462,630,1916,6784,3350,3292,13706,2609,3097,13558,Day_1,Medium,Slow,2.5mm,Experiment_2
2025-10-23T00:50:04.150Z,296,1486,5498,629,1912,6758,3351,3302,13802,2594,3084,13490,Day_1,Medium,Slow,2.5mm,Experiment_2
2025-10-23T00:50:04.190Z,305,1508,5562,625,1903,6719,3369,3364,13971,2592,3071,13448,Day_1,Medium,Slow,2.5mm,Experiment_2
2025-10-23T00:50:04.230Z,315,1527,5612,623,1897,6684,3395,3432,14111,2602,3064,13442,Day_1,Medium,Slow,2.5mm,Experiment_2
2025-10-23T00:50:04.270Z,317,1533,5634,620,1893,6655,3417,3474,14191,2616,3067,13457,Day_1,Medium,Slow,2.5mm,Experiment_2
2025-10-23T00:50:04.310Z,307,1528,5635,614,1891,6638,3421,3487,14227,2623,3073,13475,Day_1,Medium,Slow,2.5mm,Experiment_2
2025-10-23T00:50:04.350Z,294,1523,5627,609,1892,6637,3412,3473,14228,2625,3076,13495,Day_1,Medium,Slow,2.5mm,Experiment_2
2025-10-23T00:50:04.390Z,291,1521,5619,611,1894,6649,3400,3447,14200,2622,3077,13514,Day_1,Medium,Slow,2.5mm,Experiment_2
2025-10-23T00:50:04.430Z,294,1519,5617,614,1892,6660,3388,3436,14169,2616,3079,13527,Day_1,Medium,Slow,2.5mm,Experiment_2
2025-10-23T00:50:04.470Z,297,1520,5621,612,1887,6655,3382,3444,14169,2610,3081,13527,Day_1,Medium,Slow,2.5mm,Experiment_2
2025-10-23T00:50:04.510Z,296,1524,5630,608,1883,6637,3388,3456,14204,2610,3080,13524,Day_1,Medium,Slow,2.5mm,Experiment_2
2025-10-23T00:50:04.550Z,294,1526,5641,604,1881,6621,3405,3461,14244,2614,3081,13526,Day_1,Medium,Slow,2.5mm,Experiment_2
2025-10-23T00:50:04.590Z,294,1526,5645,602,1880,6608,3421,3462,14265,2619,3081,13533,Day_1,Medium,Slow,2.5mm,Experiment_2
2025-10-23T00:50:04.630Z,299,1523,5642,605,1878,6598,3422,3467,14272,2622,3080,13540,Day_1,Medium,Slow,2.5mm,Experiment_2
2025-10-23T00:50:04.670Z,308,1520,5638,612,1875,6591,3412,3477,14274,2622,3081,13545,Day_1,Medium,Slow,2.5mm,Experiment_2
2025-10-23T00:50:04.710Z,310,1517,5633,613,1872,6587,3407,3490,14274,2628,3086,13548,Day_1,Medium,Slow,2.5mm,Experiment_2
2025-10-23T00:50:04.750Z,303,1517,5627,608,1873,6587,3411,3495,14265,2637,3091,13554,Day_1,Medium,Slow,2.5mm,Experiment_2
2025-10-23T00:50:04.790Z,291,1516,5614,604,1877,6604,3412,3480,14222,2643,3095,13568,Day_1,Medium,Slow,2.5mm,Experiment_2
2025-10-23T00:50:04.830Z,282,1507,5581,604,1884,6649,3398,3444,14114,2639,3100,13591,Day_1,Medium,Slow,2.5mm,Experiment_2
2025-10-23T00:50:04.870Z,276,1490,5525,609,1895,6711,3371,3401,13937,2628,3103,13604,Day_1,Medium,Slow,2.5mm,Experiment_2
2025-10-23T00:50:04.910Z,278,1479,5476,616,1907,6761,3348,3371,13778,2612,3100,13576,Day_1,Medium,Slow,2.5mm,Experiment_2
2025-10-23T00:50:04.950Z,289,1484,5475,625,1913,6769,3347,3366,13751,2597,3086,13511,Day_1,Medium,Slow,2.5mm,Experiment_2
2025-10-23T00:50:04.990Z,305,1503,5515,628,1910,6737,3363,3386,13853,2592,3072,13455,Day_1,Medium,Slow,2.5mm,Experiment_2
2025-10-23T00:50:05.030Z,317,1522,5563,626,1902,6693,3380,3417,13991,2595,3065,13434,Day_1,Medium,Slow,2.5mm,Experiment_2
2025-10-23T00:50:05.070Z,320,1530,5599,619,1893,6656,3399,3446,14098,2607,3065,13438,Day_1,Medium,Slow,2.5mm,Experiment_2
2025-10-23T00:50:05.110Z,313,1529,5615,609,1888,6632,3427,3466,14159,2624,3071,13453,Day_1,Medium,Slow,2.5mm,Experiment_2
2025-10-23T00:50:05.150Z,304,1526,5616,602,1887,6622,3445,3474,14184,2636,3079,13476,Day_1,Medium,Slow,2.5mm,Experiment_2
2025-10-23T00:50:05.190Z,297,1522,5611,598,1887,6629,3446,3472,14190,2642,3084,13507,Day_1,Medium,Slow,2.5mm,Experiment_2
2025-10-23T00:50:05.230Z,295,1514,5606,598,1888,6645,3435,3466,14183,2646,3086,13538,Day_1,Medium,Slow,2.5mm,Experiment_2
2025-10-23T00:50:05.270Z,296,1506,5607,601,1887,6658,3420,3462,14181,2646,3088,13558,Day_1,Medium,Slow,2.5mm,Experiment_2
2025-10-23T00:50:05.310Z,299,1505,5613,603,1883,6654,3400,3461,14204,2635,3086,13562,Day_1,Medium,Slow,2.5mm,Experiment_2
2025-10-23T00:50:05.350Z,302,1508,5621,605,1877,6633,3383,3460,14240,2619,3081,13552,Day_1,Medium,Slow,2.5mm,Experiment_2
2025-10-23T00:50:05.390Z,303,1506,5629,605,1872,6610,3377,3465,14261,2609,3077,13537,Day_1,Medium,Slow,2.5mm,Experiment_2
2025-10-23T00:50:05.430Z,301,1503,5637,601,1869,6595,3384,3476,14269,2609,3081,13527,Day_1,Medium,Slow,2.5mm,Experiment_2
2025-10-23T00:50:05.470Z,296,1506,5640,596,1869,6587,3402,3492,14278,2618,3092,13528,Day_1,Medium,Slow,2.5mm,Experiment_2
2025-10-23T00:50:05.510Z,293,1510,5640,593,1867,6586,3421,3504,14291,2628,3102,13539,Day_1,Medium,Slow,2.5mm,Experiment_2
2025-10-23T00:50:05.550Z,292,1510,5639,595,1863,6593,3431,3502,14305,2632,3103,13555,Day_1,Medium,Slow,2.5mm,Experiment_2
2025-10-23T00:50:05.590Z,291,1508,5633,598,1865,6605,3420,3486,14303,2627,3096,13572,Day_1,Medium,Slow,2.5mm,Experiment_2
2025-10-23T00:50:05.630Z,285,1506,5619,597,1876,6631,3389,3465,14256,2616,3093,13591,Day_1,Medium,Slow,2.5mm,Experiment_2
2025-10-23T00:50:05.670Z,280,1496,5585,596,1891,6682,3355,3439,14127,2607,3102,13612,Day_1,Medium,Slow,2.5mm,Experiment_2
2025-10-23T00:50:05.710Z,280,1481,5530,604,1908,6749,3336,3407,13930,2606,3115,13621,Day_1,Medium,Slow,2.5mm,Experiment_2
2025-10-23T00:50:05.750Z,284,1474,5492,617,1920,6797,3336,3391,13776,2609,3116,13588,Day_1,Medium,Slow,2.5mm,Experiment_2
2025-10-23T00:50:05.790Z,288,1483,5505,622,1919,6800,3347,3403,13775,2608,3101,13520,Day_1,Medium,Slow,2.5mm,Experiment_2
2025-10-23T00:50:05.830Z,289,1503,5544,618,1910,6761,3362,3433,13899,2604,3083,13466,Day_1,Medium,Slow,2.5mm,Experiment_2
2025-10-23T00:50:05.870Z,288,1519,5576,611,1901,6707,3379,3464,14032,2605,3073,13448,Day_1,Medium,Slow,2.5mm,Experiment_2
2025-10-23T00:50:05.911Z,287,1527,5601,605,1896,6661,3394,3481,14116,2609,3068,13450,Day_1,Medium,Slow,2.5mm,Experiment_2
2025-10-23T00:50:05.951Z,286,1530,5623,601,1892,6636,3407,3484,14165,2615,3066,13462,Day_1,Medium,Slow,2.5mm,Experiment_2
2025-10-23T00:50:05.991Z,292,1532,5637,601,1888,6634,3417,3487,14193,2623,3072,13485,Day_1,Medium,Slow,2.5mm,Experiment_2
2025-10-23T00:50:06.031Z,302,1530,5634,609,1885,6644,3418,3484,14192,2628,3080,13518,Day_1,Medium,Slow,2.5mm,Experiment_2
2025-10-23T00:50:06.071Z,308,1528,5623,617,1887,6659,3400,3462,14165,2623,3083,13545,Day_1,Medium,Slow,2.5mm,Experiment_2
2025-10-23T00:50:06.111Z,303,1534,5615,617,1894,6663,3373,3438,14147,2613,3082,13553,Day_1,Medium,Slow,2.5mm,Experiment_2
2025-10-23T00:50:06.151Z,294,1541,5613,609,1898,6646,3359,3430,14176,2605,3082,13548,Day_1,Medium,Slow,2.5mm,Experiment_2
2025-10-23T00:50:06.191Z,289,1539,5614,601,1890,6616,3358,3438,14238,2603,3079,13549,Day_1,Medium,Slow,2.5mm,Experiment_2
2025-10-23T00:50:06.231Z,286,1528,5622,594,1877,6594,3353,3456,14293,2601,3076,13559,Day_1,Medium,Slow,2.5mm,Experiment_2
2025-10-23T00:50:06.271Z,282,1521,5636,589,1871,6590,3348,3470,14318,2602,3073,13568,Day_1,Medium,Slow,2.5mm,Experiment_2
2025-10-23T00:50:06.311Z,280,1523,5646,589,1872,6592,3359,3467,14313,2609,3070,13565,Day_1,Medium,Slow,2.5mm,Experiment_2
2025-10-23T00:50:06.351Z,280,1521,5645,592,1871,6590,3373,3449,14292,2617,3066,13556,Day_1,Medium,Slow,2.5mm,Experiment_2
2025-10-23T00:50:06.391Z,284,1511,5634,595,1863,6586,3372,3430,14275,2617,3063,13553,Day_1,Medium,Slow,2.5mm,Experiment_2
2025-10-23T00:50:06.431Z,292,1500,5621,598,1856,6593,3364,3423,14257,2615,3065,13561,Day_1,Medium,Slow,2.5mm,Experiment_2
2025-10-23T00:50:06.471Z,299,1495,5602,602,1860,6623,3361,3421,14201,2619,3076,13582,Day_1,Medium,Slow,2.5mm,Experiment_2
2025-10-23T00:50:06.511Z,299,1494,5561,607,1879,6680,3366,3408,14065,2626,3094,13606,Day_1,Medium,Slow,2.5mm,Experiment_2
2025-10-23T00:50:06.551Z,291,1487,5503,612,1901,6751,3368,3376,13868,2629,3116,13608,Day_1,Medium,Slow,2.5mm,Experiment_2
2025-10-23T00:50:06.591Z,286,1477,5466,617,1914,6796,3362,3347,13726,2622,3128,13565,Day_1,Medium,Slow,2.5mm,Experiment_2
2025-10-23T00:50:06.631Z,288,1479,5483,617,1916,6788,3363,3345,13734,2609,3118,13496,Day_1,Medium,Slow,2.5mm,Experiment_2
2025-10-23T00:50:06.671Z,290,1489,5537,614,1907,6750,3377,3369,13854,2601,3090,13449,Day_1,Medium,Slow,2.5mm,Experiment_2
2025-10-23T00:50:06.711Z,290,1498,5585,610,1892,6708,3393,3406,13997,2601,3067,13445,Day_1,Medium,Slow,2.5mm,Experiment_2
2025-10-23T00:50:06.751Z,288,1503,5611,607,1880,6670,3395,3444,14113,2602,3062,13461,Day_1,Medium,Slow,2.5mm,Experiment_2
2025-10-23T00:50:06.791Z,289,1507,5622,607,1873,6645,3383,3477,14190,2600,3069,13479,Day_1,Medium,Slow,2.5mm,Experiment_2
2025-10-23T00:50:06.831Z,294,1507,5627,612,1869,6639,3369,3498,14231,2600,3079,13498,Day_1,Medium,Slow,2.5mm,Experiment_2
2025-10-23T00:50:06.871Z,299,1503,5626,616,1869,6645,3364,3509,14247,2606,3088,13519,Day_1,Medium,Slow,2.5mm,Experiment_2
2025-10-23T00:50:06.911Z,298,1501,5620,614,1873,6653,3365,3508,14242,2614,3091,13535,Day_1,Medium,Slow,2.5mm,Experiment_2
2025-10-23T00:50:06.951Z,294,1502,5618,607,1876,6649,3367,3490,14227,2616,3083,13533,Day_1,Medium,Slow,2.5mm,Experiment_2
2025-10-23T00:50:06.991Z,295,1504,5620,602,1874,6629,3368,3473,14227,2611,3074,13519,Day_1,Medium,Slow,2.5mm,Experiment_2
2025-10-23T00:50:07.031Z,301,1504,5622,603,1868,6602,3369,3474,14242,2604,3073,13507,Day_1,Medium,Slow,2.5mm,Experiment_2
2025-10-23T00:50:07.071Z,309,1502,5620,607,1859,6583,3362,3481,14256,2599,3079,13510,Day_1,Medium,Slow,2.5mm,Experiment_2
2025-10-23T00:50:07.111Z,314,1501,5621,613,1854,6574,3357,3481,14269,2600,3086,13526,Day_1,Medium,Slow,2.5mm,Experiment_2
2025-10-23T00:50:07.151Z,316,1508,5628,618,1859,6577,3361,3476,14278,2606,3088,13541,Day_1,Medium,Slow,2.5mm,Experiment_2
2025-10-23T00:50:07.191Z,319,1517,5637,620,1871,6586,3368,3474,14278,2609,3088,13546,Day_1,Medium,Slow,2.5mm,Experiment_2
2025-10-23T00:50:07.231Z,316,1521,5641,616,1878,6599,3376,3473,14270,2610,3090,13549,Day_1,Medium,Slow,2.5mm,Experiment_2
2025-10-23T00:50:07.271Z,307,1519,5636,605,1877,6617,3387,3461,14250,2616,3094,13569,Day_1,Medium,Slow,2.5mm,Experiment_2
2025-10-23T00:50:07.311Z,293,1510,5614,595,1879,6654,3395,3429,14187,2626,3099,13606,Day_1,Medium,Slow,2.5mm,Experiment_2
2025-10-23T00:50:07.351Z,278,1495,5561,595,1889,6714,3386,3386,14036,2629,3104,13642,Day_1,Medium,Slow,2.5mm,Experiment_2
2025-10-23T00:50:07.391Z,269,1478,5492,605,1902,6778,3356,3349,13826,2618,3108,13643,Day_1,Medium,Slow,2.5mm,Experiment_2
2025-10-23T00:50:07.431Z,272,1472,5456,618,1909,6807,3327,3343,13702,2600,3105,13594,Day_1,Medium,Slow,2.5mm,Experiment_2
2025-10-23T00:50:07.471Z,281,1482,5486,626,1909,6792,3317,3376,13758,2586,3094,13524,Day_1,Medium,Slow,2.5mm,Experiment_2
2025-10-23T00:50:07.511Z,291,1499,5552,625,1906,6755,3329,3428,13925,2585,3084,13479,Day_1,Medium,Slow,2.5mm,Experiment_2
2025-10-23T00:50:07.551Z,297,1514,5602,621,1901,6715,3356,3469,14088,2595,3078,13473,Day_1,Medium,Slow,2.5mm,Experiment_2
2025-10-23T00:50:07.591Z,298,1525,5627,617,1894,6679,3384,3486,14200,2607,3074,13486,Day_1,Medium,Slow,2.5mm,Experiment_2
2025-10-23T00:50:07.631Z,298,1524,5640,612,1884,6658,3394,3491,14257,2613,3074,13501,Day_1,Medium,Slow,2.5mm,Experiment_2
2025-10-23T00:50:07.671Z,300,1512,5645,610,1874,6650,3379,3494,14269,2609,3081,13519,Day_1,Medium,Slow,2.5mm,Experiment_2
2025-10-23T00:50:07.711Z,303,1503,5634,611,1873,6643,3359,3498,14257,2602,3090,13535,Day_1,Medium,Slow,2.5mm,Experiment_2
2025-10-23T00:50:07.751Z,302,1503,5615,610,1876,6629,3358,3498,14239,2600,3092,13538,Day_1,Medium,Slow,2.5mm,Experiment_2
2025-10-23T00:50:07.791Z,295,1508,5603,604,1877,6607,3374,3491,14240,2606,3087,13526,Day_1,Medium,Slow,2.5mm,Experiment_2
2025-10-23T00:50:07.831Z,287,1517,5603,594,1876,6581,3391,3482,14274,2612,3080,13517,Day_1,Medium,Slow,2.5mm,Experiment_2
2025-10-23T00:50:07.871Z,283,1523,5610,590,1875,6570,3405,3479,14307,2616,3080,13524,Day_1,Medium,Slow,2.5mm,Experiment_2
2025-10-23T00:50:07.911Z,289,1521,5621,595,1871,6578,3419,3487,14314,2625,3089,13542,Day_1,Medium,Slow,2.5mm,Experiment_2
2025-10-23T00:50:07.951Z,301,1515,5632,604,1865,6590,3428,3500,14304,2635,3104,13555,Day_1,Medium,Slow,2.5mm,Experiment_2
2025-10-23T00:50:07.991Z,309,1513,5639,608,1864,6596,3425,3504,14293,2642,3113,13556,Day_1,Medium,Slow,2.5mm,Experiment_2
2025-10-23T00:50:08.031Z,309,1516,5641,607,1866,6599,3425,3494,14285,2647,3109,13550,Day_1,Medium,Slow,2.5mm,Experiment_2
2025-10-23T00:50:08.071Z,305,1517,5636,605,1866,6605,3437,3480,14274,2653,3099,13550,Day_1,Medium,Slow,2.5mm,Experiment_2
2025-10-23T00:50:08.111Z,299,1514,5623,603,1870,6622,3454,3469,14237,2659,3096,13562,Day_1,Medium,Slow,2.5mm,Experiment_2
2025-10-23T00:50:08.151Z,294,1505,5596,607,1880,6665,3457,3445,14132,2658,3102,13586,Day_1,Medium,Slow,2.5mm,Experiment_2
2025-10-23T00:50:08.191Z,289,1488,5549,615,1893,6731,3429,3398,13953,2647,3106,13603,Day_1,Medium,Slow,2.5mm,Experiment_2
2025-10-23T00:50:08.231Z,285,1470,5499,622,1903,6787,3386,3356,13783,2626,3102,13588,Day_1,Medium,Slow,2.5mm,Experiment_2
2025-10-23T00:50:08.271Z,282,1464,5482,622,1905,6794,3356,3349,13741,2605,3089,13534,Day_1,Medium,Slow,2.5mm,Experiment_2
2025-10-23T00:50:08.311Z,282,1471,5510,614,1896,6755,3350,3376,13848,2589,3073,13473,Day_1,Medium,Slow,2.5mm,Experiment_2
2025-10-23T00:50:08.351Z,280,1484,5556,603,1885,6703,3359,3415,14012,2583,3063,13439,Day_1,Medium,Slow,2.5mm,Experiment_2
2025-10-23T00:50:08.391Z,279,1497,5592,597,1878,6660,3377,3450,14135,2590,3065,13435,Day_1,Medium,Slow,2.5mm,Experiment_2
2025-10-23T00:50:08.431Z,286,1505,5613,599,1874,6633,3398,3470,14206,2606,3073,13454,Day_1,Medium,Slow,2.5mm,Experiment_2
2025-10-23T00:50:08.471Z,298,1505,5623,606,1870,6623,3416,3467,14247,2620,3077,13486,Day_1,Medium,Slow,2.5mm,Experiment_2
2025-10-23T00:50:08.511Z,305,1502,5622,611,1870,6627,3423,3447,14258,2627,3072,13520,Day_1,Medium,Slow,2.5mm,Experiment_2
2025-10-23T00:50:08.551Z,305,1505,5613,610,1877,6640,3416,3424,14235,2628,3068,13548,Day_1,Medium,Slow,2.5mm,Experiment_2
2025-10-23T00:50:08.591Z,305,1514,5607,607,1889,6648,3408,3425,14215,2627,3074,13563,Day_1,Medium,Slow,2.5mm,Experiment_2
2025-10-23T00:50:08.631Z,306,1523,5613,608,1895,6645,3416,3454,14226,2627,3089,13562,Day_1,Medium,Slow,2.5mm,Experiment_2
2025-10-23T00:50:08.671Z,306,1525,5630,611,1892,6635,3427,3483,14252,2628,3103,13552,Day_1,Medium,Slow,2.5mm,Experiment_2
2025-10-23T00:50:08.711Z,300,1521,5646,608,1885,6626,3416,3489,14273,2625,3107,13543,Day_1,Medium,Slow,2.5mm,Experiment_2
2025-10-23T00:50:08.751Z,291,1514,5651,601,1877,6615,3389,3478,14290,2617,3105,13540,Day_1,Medium,Slow,2.5mm,Experiment_2
2025-10-23T00:50:08.791Z,289,1512,5648,596,1870,6602,3367,3470,14304,2609,3102,13544,Day_1,Medium,Slow,2.5mm,Experiment_2
2025-10-23T00:50:08.831Z,296,1517,5647,597,1868,6594,3361,3470,14316,2605,3100,13553,Day_1,Medium,Slow,2.5mm,Experiment_2
2025-10-23T00:50:08.871Z,307,1522,5648,603,1868,6597,3374,3469,14325,2611,3097,13559,Day_1,Medium,Slow,2.5mm,Experiment_2
2025-10-23T00:50:08.911Z,314,1522,5647,610,1870,6609,3391,3463,14314,2619,3092,13564,Day_1,Medium,Slow,2.5mm,Experiment_2
2025-10-23T00:50:08.951Z,312,1515,5636,615,1875,6634,3392,3455,14255,2619,3090,13572,Day_1,Medium,Slow,2.5mm,Experiment_2
2025-10-23T00:50:08.991Z,303,1498,5597,616,1884,6679,3379,3445,14118,2616,3096,13588,Day_1,Medium,Slow,2.5mm,Experiment_2
2025-10-23T00:50:09.031Z,292,1470,5529,616,1897,6735,3365,3426,13924,2615,3113,13598,Day_1,Medium,Slow,2.5mm,Experiment_2
2025-10-23T00:50:09.071Z,282,1443,5473,614,1912,6772,3353,3400,13782,2608,3126,13576,Day_1,Medium,Slow,2.5mm,Experiment_2
2025-10-23T00:50:09.111Z,277,1439,5474,608,1917,6768,3342,3392,13788,2593,3122,13520,Day_1,Medium,Slow,2.5mm,Experiment_2
2025-10-23T00:50:09.151Z,277,1456,5522,601,1905,6734,3336,3409,13906,2579,3103,13473,Day_1,Medium,Slow,2.5mm,Experiment_2
2025-10-23T00:50:09.191Z,286,1474,5572,600,1884,6696,3335,3434,14041,2576,3084,13460,Day_1,Medium,Slow,2.5mm,Experiment_2
2025-10-23T00:50:09.231Z,303,1484,5605,608,1868,6663,3339,3455,14142,2582,3076,13467,Day_1,Medium,Slow,2.5mm,Experiment_2
2025-10-23T00:50:09.271Z,312,1494,5619,614,1864,6638,3354,3468,14200,2593,3077,13477,Day_1,Medium,Slow,2.5mm,Experiment_2
2025-10-23T00:50:09.311Z,311,1507,5620,612,1869,6626,3372,3473,14221,2603,3083,13489,Day_1,Medium,Slow,2.5mm,Experiment_2
2025-10-23T00:50:09.351Z,306,1517,5615,607,1877,6632,3374,3472,14205,2608,3091,13510,Day_1,Medium,Slow,2.5mm,Experiment_2
2025-10-23T00:50:09.391Z,308,1519,5615,609,1884,6651,3368,3471,14165,2611,3098,13530,Day_1,Medium,Slow,2.5mm,Experiment_2
2025-10-23T00:50:09.431Z,317,1518,5623,618,1888,6668,3369,3465,14146,2613,3095,13539,Day_1,Medium,Slow,2.5mm,Experiment_2
2025-10-23T00:50:09.471Z,325,1521,5636,627,1887,6665,3374,3455,14183,2612,3086,13540,Day_1,Medium,Slow,2.5mm,Experiment_2
2025-10-23T00:50:09.511Z,327,1524,5642,627,1879,6641,3369,3456,14252,2606,3084,13546,Day_1,Medium,Slow,2.5mm,Experiment_2
2025-10-23T00:50:09.551Z,321,1522,5640,618,1868,6613,3360,3466,14301,2601,3089,13556,Day_1,Medium,Slow,2.5mm,Experiment_2
2025-10-23T00:50:09.591Z,315,1515,5638,611,1860,6595,3371,3472,14312,2607,3092,13564,Day_1,Medium,Slow,2.5mm,Experiment_2
2025-10-23T00:50:09.631Z,314,1514,5635,610,1860,6584,3402,3476,14308,2621,3092,13565,Day_1,Medium,Slow,2.5mm,Experiment_2
2025-10-23T00:50:09.671Z,314,1518,5628,610,1863,6577,3432,3482,14305,2634,3091,13560,Day_1,Medium,Slow,2.5mm,Experiment_2
2025-10-23T00:50:09.711Z,311,1519,5625,608,1863,6579,3449,3482,14293,2645,3088,13554,Day_1,Medium,Slow,2.5mm,Experiment_2
2025-10-23T00:50:09.751Z,307,1516,5627,607,1862,6599,3449,3477,14261,2650,3087,13560,Day_1,Medium,Slow,2.5mm,Experiment_2
2025-10-23T00:50:09.791Z,305,1510,5617,610,1868,6639,3421,3467,14184,2642,3095,13582,Day_1,Medium,Slow,2.5mm,Experiment_2
2025-10-23T00:50:09.831Z,302,1499,5573,619,1883,6700,3369,3440,14024,2622,3111,13607,Day_1,Medium,Slow,2.5mm,Experiment_2
2025-10-23T00:50:09.871Z,291,1480,5500,626,1901,6764,3319,3389,13815,2601,3128,13608,Day_1,Medium,Slow,2.5mm,Experiment_2
2025-10-23T00:50:09.911Z,278,1464,5448,624,1910,6792,3304,3342,13688,2590,3133,13568,Day_1,Medium,Slow,2.5mm,Experiment_2
2025-10-23T00:50:09.951Z,272,1464,5455,614,1905,6767,3327,3336,13734,2591,3120,13506,Day_1,Medium,Slow,2.5mm,Experiment_2
2025-10-23T00:50:09.991Z,275,1478,5502,606,1895,6718,3357,3367,13894,2594,3094,13464,Day_1,Medium,Slow,2.5mm,Experiment_2
2025-10-23T00:50:10.031Z,283,1493,5552,603,1884,6675,3368,3405,14053,2592,3071,13457,Day_1,Medium,Slow,2.5mm,Experiment_2
2025-10-23T00:50:10.071Z,290,1505,5591,602,1878,6649,3366,3433,14159,2590,3062,13468,Day_1,Medium,Slow,2.5mm,Experiment_2
2025-10-23T00:50:10.111Z,294,1516,5618,602,1878,6637,3369,3450,14214,2594,3062,13486,Day_1,Medium,Slow,2.5mm,Experiment_2
2025-10-23T00:50:10.151Z,300,1519,5632,605,1879,6635,3383,3459,14234,2604,3066,13506,Day_1,Medium,Slow,2.5mm,Experiment_2
2025-10-23T00:50:10.191Z,306,1514,5636,612,1876,6641,3401,3459,14233,2615,3070,13524,Day_1,Medium,Slow,2.5mm,Experiment_2
2025-10-23T00:50:10.232Z,309,1509,5631,618,1874,6645,3414,3451,14228,2623,3073,13532,Day_1,Medium,Slow,2.5mm,Experiment_2
2025-10-23T00:50:10.272Z,308,1513,5621,617,1878,6633,3422,3448,14230,2627,3074,13523,Day_1,Medium,Slow,2.5mm,Experiment_2
2025-10-23T00:50:10.312Z,311,1522,5622,615,1881,6612,3430,3460,14247,2629,3076,13508,Day_1,Medium,Slow,2.5mm,Experiment_2
2025-10-23T00:50:10.352Z,315,1527,5634,613,1877,6598,3435,3475,14273,2631,3082,13506,Day_1,Medium,Slow,2.5mm,Experiment_2
2025-10-23T00:50:10.392Z,313,1523,5644,607,1870,6595,3430,3474,14285,2633,3082,13520,Day_1,Medium,Slow,2.5mm,Experiment_2
2025-10-23T00:50:10.432Z,304,1516,5643,598,1864,6592,3417,3463,14275,2634,3078,13537,Day_1,Medium,Slow,2.5mm,Experiment_2
2025-10-23T00:50:10.472Z,297,1513,5637,594,1863,6587,3406,3459,14262,2634,3076,13548,Day_1,Medium,Slow,2.5mm,Experiment_2
2025-10-23T00:50:10.512Z,297,1514,5633,597,1865,6583,3393,3462,14260,2631,3078,13553,Day_1,Medium,Slow,2.5mm,Experiment_2
2025-10-23T00:50:10.552Z,298,1517,5630,598,1868,6585,3384,3458,14255,2627,3080,13557,Day_1,Medium,Slow,2.5mm,Experiment_2
2025-10-23T00:50:10.592Z,294,1517,5623,596,1873,6603,3380,3453,14219,2626,3088,13569,Day_1,Medium,Slow,2.5mm,Experiment_2
2025-10-23T00:50:10.632Z,284,1510,5599,596,1883,6649,3376,3450,14123,2629,3105,13591,Day_1,Medium,Slow,2.5mm,Experiment_2
2025-10-23T00:50:10.672Z,271,1493,5545,599,1898,6715,3374,3431,13957,2636,3122,13615,Day_1,Medium,Slow,2.5mm,Experiment_2
2025-10-23T00:50:10.712Z,260,1471,5479,603,1912,6775,3371,3399,13775,2637,3126,13613,Day_1,Medium,Slow,2.5mm,Experiment_2
2025-10-23T00:50:10.752Z,261,1462,5447,607,1917,6792,3367,3382,13697,2626,3113,13567,Day_1,Medium,Slow,2.5mm,Experiment_2
2025-10-23T00:50:10.792Z,272,1470,5474,610,1911,6760,3371,3391,13772,2611,3090,13497,Day_1,Medium,Slow,2.5mm,Experiment_2
2025-10-23T00:50:10.832Z,280,1487,5531,609,1899,6710,3381,3405,13922,2601,3067,13448,Day_1,Medium,Slow,2.5mm,Experiment_2
2025-10-23T00:50:10.872Z,283,1503,5581,605,1889,6672,3382,3416,14052,2595,3055,13436,Day_1,Medium,Slow,2.5mm,Experiment_2
2025-10-23T00:50:10.912Z,283,1514,5614,601,1884,6653,3372,3428,14129,2593,3051,13449,Day_1,Medium,Slow,2.5mm,Experiment_2
2025-10-23T00:50:10.952Z,283,1517,5633,602,1881,6647,3362,3440,14170,2591,3049,13468,Day_1,Medium,Slow,2.5mm,Experiment_2
2025-10-23T00:50:10.992Z,289,1511,5638,609,1879,6650,3362,3452,14197,2593,3055,13493,Day_1,Medium,Slow,2.5mm,Experiment_2
2025-10-23T00:50:11.032Z,301,1500,5631,621,1876,6657,3367,3462,14213,2596,3066,13520,Day_1,Medium,Slow,2.5mm,Experiment_2
2025-10-23T00:50:11.072Z,309,1492,5623,625,1870,6657,3373,3470,14222,2600,3076,13539,Day_1,Medium,Slow,2.5mm,Experiment_2
2025-10-23T00:50:11.112Z,305,1490,5622,615,1862,6639,3384,3481,14242,2608,3083,13543,Day_1,Medium,Slow,2.5mm,Experiment_2
2025-10-23T00:50:11.152Z,298,1496,5629,602,1859,6616,3404,3495,14278,2618,3089,13540,Day_1,Medium,Slow,2.5mm,Experiment_2
2025-10-23T00:50:11.192Z,293,1507,5636,596,1864,6604,3427,3499,14306,2630,3093,13540,Day_1,Medium,Slow,2.5mm,Experiment_2
2025-10-23T00:50:11.232Z,292,1515,5639,596,1872,6600,3442,3487,14316,2641,3092,13549,Day_1,Medium,Slow,2.5mm,Experiment_2
2025-10-23T00:50:11.272Z,294,1513,5632,599,1871,6591,3440,3465,14321,2644,3085,13562,Day_1,Medium,Slow,2.5mm,Experiment_2
2025-10-23T00:50:11.312Z,301,1507,5621,604,1864,6577,3423,3443,14324,2640,3078,13577,Day_1,Medium,Slow,2.5mm,Experiment_2
2025-10-23T00:50:11.352Z,307,1506,5615,607,1861,6569,3402,3435,14325,2634,3076,13586,Day_1,Medium,Slow,2.5mm,Experiment_2
2025-10-23T00:50:11.392Z,308,1510,5616,606,1866,6578,3384,3440,14318,2625,3078,13589,Day_1,Medium,Slow,2.5mm,Experiment_2
2025-10-23T00:50:11.432Z,305,1514,5617,609,1873,6608,3377,3440,14280,2617,3081,13593,Day_1,Medium,Slow,2.5mm,Experiment_2
2025-10-23T00:50:11.472Z,305,1505,5596,620,1882,6659,3378,3423,14174,2613,3090,13604,Day_1,Medium,Slow,2.5mm,Experiment_2
2025-10-23T00:50:11.512Z,304,1484,5546,632,1889,6727,3369,3397,13987,2611,3105,13609,Day_1,Medium,Slow,2.5mm,Experiment_2
2025-10-23T00:50:11.552Z,295,1464,5501,632,1895,6783,3354,3381,13807,2607,3114,13577,Day_1,Medium,Slow,2.5mm,Experiment_2
2025-10-23T00:50:11.592Z,282,1462,5501,620,1898,6793,3348,3388,13765,2601,3109,13515,Day_1,Medium,Slow,2.5mm,Experiment_2
2025-10-23T00:50:11.632Z,275,1475,5542,609,1896,6755,3352,3412,13871,2597,3093,13461,Day_1,Medium,Slow,2.5mm,Experiment_2
2025-10-23T00:50:11.672Z,274,1492,5586,602,1892,6699,3355,3438,14024,2596,3077,13444,Day_1,Medium,Slow,2.5mm,Experiment_2
2025-10-23T00:50:11.712Z,275,1504,5613,599,1885,6653,3354,3453,14147,2598,3069,13454,Day_1,Medium,Slow,2.5mm,Experiment_2
2025-10-23T00:50:11.752Z,277,1508,5624,597,1875,6627,3359,3463,14223,2604,3071,13478,Day_1,Medium,Slow,2.5mm,Experiment_2
2025-10-23T00:50:11.792Z,280,1503,5626,594,1866,6621,3365,3472,14254,2612,3081,13505,Day_1,Medium,Slow,2.5mm,Experiment_2
2025-10-23T00:50:11.832Z,287,1495,5622,596,1862,6632,3356,3475,14238,2610,3088,13528,Day_1,Medium,Slow,2.5mm,Experiment_2
2025-10-23T00:50:11.872Z,297,1489,5617,606,1861,6653,3336,3467,14190,2601,3090,13542,Day_1,Medium,Slow,2.5mm,Experiment_2
2025-10-23T00:50:11.912Z,304,1491,5616,613,1862,6667,3332,3455,14154,2596,3090,13547,Day_1,Medium,Slow,2.5mm,Experiment_2
2025-10-23T00:50:11.952Z,306,1498,5621,613,1863,6659,3350,3450,14166,2598,3088,13547,Day_1,Medium,Slow,2.5mm,Experiment_2
2025-10-23T00:50:11.992Z,304,1508,5624,608,1866,6632,3371,3452,14209,2606,3083,13543,Day_1,Medium,Slow,2.5mm,Experiment_2
2025-10-23T00:50:12.032Z,302,1516,5624,605,1870,6601,3384,3460,14247,2614,3079,13537,Day_1,Medium,Slow,2.5mm,Experiment_2
2025-10-23T00:50:12.072Z,302,1520,5625,604,1871,6584,3387,3476,14275,2621,3083,13536,Day_1,Medium,Slow,2.5mm,Experiment_2
2025-10-23T00:50:12.112Z,302,1523,5630,601,1872,6581,3389,3493,14296,2627,3092,13545,Day_1,Medium,Slow,2.5mm,Experiment_2
2025-10-23T00:50:12.152Z,303,1529,5631,597,1876,6580,3390,3499,14311,2632,3099,13556,Day_1,Medium,Slow,2.5mm,Experiment_2
2025-10-23T00:50:12.192Z,305,1531,5624,595,1881,6577,3391,3490,14315,2633,3099,13568,Day_1,Medium,Slow,2.5mm,Experiment_2
2025-10-23T00:50:12.232Z,308,1529,5620,598,1882,6586,3398,3473,14299,2634,3096,13583,Day_1,Medium,Slow,2.5mm,Experiment_2
2025-10-23T00:50:12.272Z,307,1521,5612,604,1883,6623,3406,3456,14241,2636,3099,13600,Day_1,Medium,Slow,2.5mm,Experiment_2
2025-10-23T00:50:12.312Z,300,1506,5580,611,1889,6687,3403,3433,14100,2638,3108,13613,Day_1,Medium,Slow,2.5mm,Experiment_2
2025-10-23T00:50:12.352Z,287,1488,5522,615,1902,6759,3393,3400,13883,2640,3116,13607,Day_1,Medium,Slow,2.5mm,Experiment_2
2025-10-23T00:50:12.392Z,278,1480,5478,615,1912,6798,3386,3384,13713,2637,3112,13562,Day_1,Medium,Slow,2.5mm,Experiment_2
2025-10-23T00:50:12.432Z,280,1485,5487,611,1914,6783,3388,3402,13710,2626,3098,13492,Day_1,Medium,Slow,2.5mm,Experiment_2
2025-10-23T00:50:12.472Z,289,1498,5527,608,1909,6734,3398,3431,13839,2616,3082,13445,Day_1,Medium,Slow,2.5mm,Experiment_2
2025-10-23T00:50:12.512Z,299,1508,5564,606,1899,6683,3412,3450,13993,2613,3074,13440,Day_1,Medium,Slow,2.5mm,Experiment_2
2025-10-23T00:50:12.552Z,305,1510,5590,606,1885,6642,3414,3464,14109,2611,3072,13456,Day_1,Medium,Slow,2.5mm,Experiment_2
2025-10-23T00:50:12.592Z,309,1507,5611,608,1873,6620,3407,3475,14176,2611,3071,13478,Day_1,Medium,Slow,2.5mm,Experiment_2
2025-10-23T00:50:12.632Z,310,1503,5626,611,1867,6622,3397,3474,14205,2611,3072,13503,Day_1,Medium,Slow,2.5mm,Experiment_2
2025-10-23T00:50:12.672Z,305,1502,5634,610,1869,6637,3387,3461,14211,2611,3074,13529,Day_1,Medium,Slow,2.5mm,Experiment_2
2025-10-23T00:50:12.712Z,300,1507,5632,605,1877,6648,3382,3441,14214,2613,3075,13549,Day_1,Medium,Slow,2.5mm,Experiment_2
2025-10-23T00:50:12.752Z,297,1513,5628,600,1883,6646,3388,3429,14236,2620,3073,13554,Day_1,Medium,Slow,2.5mm,Experiment_2
2025-10-23T00:50:12.792Z,297,1517,5627,596,1884,6629,3401,3431,14276,2627,3071,13547,Day_1,Medium,Slow,2.5mm,Experiment_2
2025-10-23T00:50:12.832Z,296,1519,5627,596,1882,6607,3415,3440,14306,2632,3073,13539,Day_1,Medium,Slow,2.5mm,Experiment_2
2025-10-23T00:50:12.872Z,298,1518,5631,599,1879,6594,3425,3450,14314,2636,3077,13534,Day_1,Medium,Slow,2.5mm,Experiment_2
2025-10-23T00:50:12.912Z,298,1515,5635,600,1875,6591,3427,3465,14309,2638,3084,13534,Day_1,Medium,Slow,2.5mm,Experiment_2
2025-10-23T00:50:12.952Z,295,1512,5633,597,1869,6587,3421,3484,14304,2637,3093,13539,Day_1,Medium,Slow,2.5mm,Experiment_2
2025-10-23T00:50:12.992Z,293,1510,5623,598,1864,6580,3413,3496,14302,2633,3100,13550,Day_1,Medium,Slow,2.5mm,Experiment_2
2025-10-23T00:50:13.032Z,295,1510,5616,602,1864,6581,3400,3496,14288,2629,3103,13564,Day_1,Medium,Slow,2.5mm,Experiment_2
2025-10-23T00:50:13.072Z,292,1514,5608,603,1876,6599,3373,3490,14248,2624,3103,13580,Day_1,Medium,Slow,2.5mm,Experiment_2
2025-10-23T00:50:13.112Z,284,1512,5581,600,1893,6636,3341,3472,14148,2617,3102,13602,Day_1,Medium,Slow,2.5mm,Experiment_2
2025-10-23T00:50:13.152Z,273,1498,5520,598,1909,6693,3318,3434,13964,2614,3103,13622,Day_1,Medium,Slow,2.5mm,Experiment_2
2025-10-23T00:50:13.192Z,264,1479,5453,597,1920,6753,3306,3389,13758,2607,3102,13612,Day_1,Medium,Slow,2.5mm,Experiment_2
2025-10-23T00:50:13.232Z,258,1471,5431,595,1923,6780,3300,3363,13673,2592,3092,13560,Day_1,Medium,Slow,2.5mm,Experiment_2
2025-10-23T00:50:13.272Z,259,1477,5466,591,1914,6756,3304,3368,13771,2576,3077,13496,Day_1,Medium,Slow,2.5mm,Experiment_2
2025-10-23T00:50:13.312Z,266,1492,5527,587,1902,6708,3320,3395,13950,2571,3066,13459,Day_1,Medium,Slow,2.5mm,Experiment_2
2025-10-23T00:50:13.352Z,273,1507,5579,586,1893,6668,3344,3424,14087,2581,3063,13452,Day_1,Medium,Slow,2.5mm,Experiment_2
2025-10-23T00:50:13.392Z,281,1514,5614,590,1887,6647,3383,3440,14158,2605,3062,13461,Day_1,Medium,Slow,2.5mm,Experiment_2
2025-10-23T00:50:13.432Z,291,1516,5636,598,1883,6643,3438,3441,14189,2636,3060,13478,Day_1,Medium,Slow,2.5mm,Experiment_2
2025-10-23T00:50:13.472Z,300,1520,5647,604,1884,6649,3479,3434,14194,2660,3061,13501,Day_1,Medium,Slow,2.5mm,Experiment_2
2025-10-23T00:50:13.512Z,301,1522,5644,607,1885,6659,3470,3432,14178,2661,3066,13521,Day_1,Medium,Slow,2.5mm,Experiment_2
2025-10-23T00:50:13.552Z,302,1514,5633,611,1878,6661,3423,3446,14165,2643,3075,13532,Day_1,Medium,Slow,2.5mm,Experiment_2
2025-10-23T00:50:13.592Z,307,1503,5630,616,1865,6647,3393,3470,14185,2627,3080,13534,Day_1,Medium,Slow,2.5mm,Experiment_2
2025-10-23T00:50:13.632Z,308,1501,5639,615,1859,6626,3393,3490,14230,2624,3081,13533,Day_1,Medium,Slow,2.5mm,Experiment_2
2025-10-23T00:50:13.672Z,299,1509,5647,606,1862,6609,3397,3495,14266,2626,3081,13538,Day_1,Medium,Slow,2.5mm,Experiment_2
2025-10-23T00:50:13.712Z,287,1519,5646,596,1870,6600,3386,3488,14281,2623,3080,13547,Day_1,Medium,Slow,2.5mm,Experiment_2
2025-10-23T00:50:13.752Z,283,1524,5643,595,1872,6601,3373,3486,14290,2617,3081,13554,Day_1,Medium,Slow,2.5mm,Experiment_2
2025-10-23T00:50:13.792Z,292,1524,5648,603,1871,6608,3370,3492,14296,2614,3085,13556,Day_1,Medium,Slow,2.5mm,Experiment_2
2025-10-23T00:50:13.832Z,302,1524,5653,611,1873,6614,3377,3495,14297,2616,3089,13554,Day_1,Medium,Slow,2.5mm,Experiment_2
2025-10-23T00:50:13.872Z,308,1524,5651,617,1877,6617,3384,3492,14284,2620,3093,13552,Day_1,Medium,Slow,2.5mm,Experiment_2
2025-10-23T00:50:13.912Z,310,1522,5636,618,1884,6627,3386,3476,14234,2623,3097,13557,Day_1,Medium,Slow,2.5mm,Experiment_2
2025-10-23T00:50:13.952Z,304,1512,5600,617,1893,6659,3382,3441,14113,2624,3102,13573,Day_1,Medium,Slow,2.5mm,Experiment_2
2025-10-23T00:50:13.992Z,296,1495,5546,620,1905,6715,3376,3392,13927,2625,3104,13586,Day_1,Medium,Slow,2.5mm,Experiment_2
2025-10-23T00:50:14.032Z,293,1478,5497,627,1911,6764,3370,3352,13768,2623,3097,13572,Day_1,Medium,Slow,2.5mm,Experiment_2
2025-10-23T00:50:14.072Z,292,1471,5488,626,1905,6767,3357,3341,13742,2611,3078,13523,Day_1,Medium,Slow,2.5mm,Experiment_2
2025-10-23T00:50:14.112Z,290,1472,5520,617,1889,6727,3336,3356,13846,2595,3056,13467,Day_1,Medium,Slow,2.5mm,Experiment_2
2025-10-23T00:50:14.152Z,290,1480,5564,611,1874,6677,3320,3385,13988,2589,3043,13436,Day_1,Medium,Slow,2.5mm,Experiment_2
2025-10-23T00:50:14.193Z,297,1491,5597,613,1865,6641,3321,3416,14102,2593,3042,13436,Day_1,Medium,Slow,2.5mm,Experiment_2
2025-10-23T00:50:14.233Z,305,1504,5611,618,1863,6619,3343,3437,14177,2602,3048,13462,Day_1,Medium,Slow,2.5mm,Experiment_2
2025-10-23T00:50:14.273Z,304,1516,5608,615,1867,6611,3371,3450,14213,2613,3059,13501,Day_1,Medium,Slow,2.5mm,Experiment_2
2025-10-23T00:50:14.313Z,295,1521,5597,606,1873,6617,3386,3466,14200,2620,3077,13534,Day_1,Medium,Slow,2.5mm,Experiment_2
2025-10-23T00:50:14.353Z,287,1517,5587,600,1877,6634,3385,3472,14152,2615,3093,13551,Day_1,Medium,Slow,2.5mm,Experiment_2
2025-10-23T00:50:14.393Z,287,1513,5584,600,1879,6645,3376,3464,14122,2605,3092,13552,Day_1,Medium,Slow,2.5mm,Experiment_2
2025-10-23T00:50:14.433Z,291,1513,5595,602,1880,6642,3364,3463,14145,2598,3082,13547,Day_1,Medium,Slow,2.5mm,Experiment_2
2025-10-23T00:50:14.473Z,296,1513,5616,602,1876,6631,3353,3482,14206,2597,3079,13546,Day_1,Medium,Slow,2.5mm,Experiment_2
2025-10-23T00:50:14.513Z,298,1510,5633,598,1870,6616,3352,3500,14265,2601,3085,13548,Day_1,Medium,Slow,2.5mm,Experiment_2
2025-10-23T00:50:14.553Z,298,1505,5636,592,1861,6600,3368,3501,14305,2610,3090,13553,Day_1,Medium,Slow,2.5mm,Experiment_2
2025-10-23T00:50:14.593Z,300,1500,5628,592,1855,6585,3397,3498,14329,2625,3093,13561,Day_1,Medium,Slow,2.5mm,Experiment_2
2025-10-23T00:50:14.633Z,305,1502,5618,598,1855,6574,3427,3501,14333,2643,3095,13567,Day_1,Medium,Slow,2.5mm,Experiment_2
2025-10-23T00:50:14.673Z,307,1510,5610,604,1862,6568,3446,3502,14314,2665,3097,13570,Day_1,Medium,Slow,2.5mm,Experiment_2
2025-10-23T00:50:14.713Z,304,1515,5605,604,1868,6575,3446,3495,14277,2682,3095,13572,Day_1,Medium,Slow,2.5mm,Experiment_2
2025-10-23T00:50:14.753Z,298,1509,5594,600,1872,6603,3420,3472,14210,2677,3090,13580,Day_1,Medium,Slow,2.5mm,Experiment_2
2025-10-23T00:50:14.793Z,287,1492,5557,599,1879,6658,3380,3427,14079,2650,3088,13598,Day_1,Medium,Slow,2.5mm,Experiment_2
2025-10-23T00:50:14.833Z,276,1474,5496,604,1891,6725,3345,3374,13892,2621,3088,13603,Day_1,Medium,Slow,2.5mm,Experiment_2
2025-10-23T00:50:14.873Z,267,1467,5456,610,1904,6766,3322,3343,13756,2598,3084,13565,Day_1,Medium,Slow,2.5mm,Experiment_2
2025-10-23T00:50:14.913Z,266,1479,5475,612,1909,6761,3318,3349,13762,2584,3072,13495,Day_1,Medium,Slow,2.5mm,Experiment_2
2025-10-23T00:50:14.953Z,271,1498,5528,611,1909,6728,3333,3374,13871,2582,3060,13441,Day_1,Medium,Slow,2.5mm,Experiment_2
2025-10-23T00:50:14.993Z,274,1515,5575,606,1904,6692,3352,3404,13994,2587,3058,13423,Day_1,Medium,Slow,2.5mm,Experiment_2
2025-10-23T00:50:15.033Z,277,1524,5606,602,1897,6663,3364,3436,14093,2593,3062,13430,Day_1,Medium,Slow,2.5mm,Experiment_2
2025-10-23T00:50:15.073Z,283,1526,5626,601,1890,6642,3374,3461,14165,2602,3069,13449,Day_1,Medium,Slow,2.5mm,Experiment_2
2025-10-23T00:50:15.113Z,295,1525,5636,604,1885,6633,3382,3470,14200,2609,3075,13476,Day_1,Medium,Slow,2.5mm,Experiment_2
2025-10-23T00:50:15.153Z,303,1522,5635,604,1884,6636,3377,3464,14201,2611,3079,13506,Day_1,Medium,Slow,2.5mm,Experiment_2
2025-10-23T00:50:15.193Z,300,1519,5628,599,1885,6643,3365,3451,14185,2606,3080,13527,Day_1,Medium,Slow,2.5mm,Experiment_2
2025-10-23T00:50:15.233Z,294,1518,5624,595,1883,6643,3359,3440,14181,2597,3076,13529,Day_1,Medium,Slow,2.5mm,Experiment_2
2025-10-23T00:50:15.273Z,294,1522,5632,598,1879,6632,3356,3439,14207,2590,3070,13515,Day_1,Medium,Slow,2.5mm,Experiment_2
2025-10-23T00:50:15.313Z,299,1533,5647,604,1882,6621,3361,3443,14252,2589,3065,13507,Day_1,Medium,Slow,2.5mm,Experiment_2
2025-10-23T00:50:15.353Z,309,1546,5656,611,1891,6613,3373,3450,14290,2597,3069,13519,Day_1,Medium,Slow,2.5mm,Experiment_2
2025-10-23T00:50:15.393Z,323,1554,5651,618,1899,6603,3387,3463,14304,2612,3078,13536,Day_1,Medium,Slow,2.5mm,Experiment_2
2025-10-23T00:50:15.433Z,332,1556,5638,623,1901,6589,3395,3487,14308,2630,3090,13546,Day_1,Medium,Slow,2.5mm,Experiment_2
2025-10-23T00:50:15.473Z,328,1552,5630,618,1899,6582,3398,3509,14320,2640,3102,13553,Day_1,Medium,Slow,2.5mm,Experiment_2
2025-10-23T00:50:15.513Z,315,1540,5629,607,1893,6588,3399,3510,14334,2641,3107,13566,Day_1,Medium,Slow,2.5mm,Experiment_2
2025-10-23T00:50:15.553Z,299,1525,5624,595,1887,6606,3405,3488,14314,2644,3105,13588,Day_1,Medium,Slow,2.5mm,Experiment_2
2025-10-23T00:50:15.593Z,286,1513,5596,590,1893,6641,3414,3457,14216,2653,3107,13615,Day_1,Medium,Slow,2.5mm,Experiment_2
2025-10-23T00:50:15.633Z,278,1500,5536,596,1907,6699,3418,3416,14027,2661,3114,13638,Day_1,Medium,Slow,2.5mm,Experiment_2
2025-10-23T00:50:15.673Z,275,1481,5460,609,1920,6758,3407,3371,13809,2653,3117,13634,Day_1,Medium,Slow,2.5mm,Experiment_2
2025-10-23T00:50:15.713Z,273,1470,5423,618,1923,6785,3382,3350,13695,2628,3109,13586,Day_1,Medium,Slow,2.5mm,Experiment_2
2025-10-23T00:50:15.753Z,273,1475,5452,617,1915,6766,3362,3368,13747,2601,3093,13516,Day_1,Medium,Slow,2.5mm,Experiment_2
2025-10-23T00:50:15.793Z,274,1491,5512,610,1901,6718,3355,3403,13896,2589,3080,13468,Day_1,Medium,Slow,2.5mm,Experiment_2
2025-10-23T00:50:15.833Z,278,1509,5560,605,1891,6670,3355,3427,14040,2591,3071,13457,Day_1,Medium,Slow,2.5mm,Experiment_2
2025-10-23T00:50:15.873Z,287,1522,5591,604,1888,6635,3364,3442,14140,2600,3069,13471,Day_1,Medium,Slow,2.5mm,Experiment_2
2025-10-23T00:50:15.913Z,297,1526,5607,606,1887,6618,3380,3453,14186,2609,3071,13491,Day_1,Medium,Slow,2.5mm,Experiment_2
2025-10-23T00:50:15.953Z,301,1521,5613,604,1883,6617,3401,3456,14182,2619,3074,13504,Day_1,Medium,Slow,2.5mm,Experiment_2
2025-10-23T00:50:15.993Z,295,1516,5617,597,1880,6631,3419,3454,14153,2629,3079,13505,Day_1,Medium,Slow,2.5mm,Experiment_2
2025-10-23T00:50:16.033Z,288,1515,5624,592,1881,6647,3424,3460,14139,2632,3084,13500,Day_1,Medium,Slow,2.5mm,Experiment_2
2025-10-23T00:50:16.073Z,283,1517,5632,588,1879,6645,3420,3481,14168,2628,3086,13494,Day_1,Medium,Slow,2.5mm,Experiment_2
2025-10-23T00:50:16.113Z,278,1518,5637,581,1872,6623,3419,3505,14223,2623,3086,13494,Day_1,Medium,Slow,2.5mm,Experiment_2
2025-10-23T00:50:16.153Z,272,1521,5641,577,1866,6604,3410,3512,14255,2621,3086,13503,Day_1,Medium,Slow,2.5mm,Experiment_2
2025-10-23T00:50:16.193Z,272,1522,5643,580,1865,6599,3390,3505,14258,2618,3088,13515,Day_1,Medium,Slow,2.5mm,Experiment_2
2025-10-23T00:50:16.233Z,282,1513,5644,590,1862,6599,3380,3495,14265,2615,3090,13528,Day_1,Medium,Slow,2.5mm,Experiment_2
2025-10-23T00:50:16.273Z,301,1502,5638,603,1855,6591,3385,3484,14286,2615,3091,13543,Day_1,Medium,Slow,2.5mm,Experiment_2
2025-10-23T00:50:16.313Z,313,1501,5632,608,1854,6582,3385,3474,14307,2615,3091,13556,Day_1,Medium,Slow,2.5mm,Experiment_2
2025-10-23T00:50:16.353Z,309,1508,5631,602,1860,6586,3378,3469,14311,2615,3090,13565,Day_1,Medium,Slow,2.5mm,Experiment_2
2025-10-23T00:50:16.393Z,297,1509,5628,595,1865,6608,3376,3463,14268,2616,3092,13575,Day_1,Medium,Slow,2.5mm,Experiment_2
2025-10-23T00:50:16.433Z,290,1500,5598,599,1873,6651,3382,3451,14145,2622,3102,13591,Day_1,Medium,Slow,2.5mm,Experiment_2
2025-10-23T00:50:16.473Z,290,1486,5539,612,1888,6710,3391,3425,13949,2632,3122,13606,Day_1,Medium,Slow,2.5mm,Experiment_2
2025-10-23T00:50:16.513Z,289,1475,5484,624,1903,6758,3394,3388,13772,2632,3134,13588,Day_1,Medium,Slow,2.5mm,Experiment_2
2025-10-23T00:50:16.553Z,291,1476,5477,629,1907,6767,3390,3358,13724,2616,3120,13528,Day_1,Medium,Slow,2.5mm,Experiment_2
2025-10-23T00:50:16.593Z,300,1487,5519,628,1898,6740,3379,3359,13821,2594,3086,13464,Day_1,Medium,Slow,2.5mm,Experiment_2
2025-10-23T00:50:16.633Z,305,1497,5573,621,1885,6700,3363,3387,13976,2578,3060,13435,Day_1,Medium,Slow,2.5mm,Experiment_2
2025-10-23T00:50:16.673Z,297,1507,5609,609,1878,6664,3356,3421,14111,2578,3053,13442,Day_1,Medium,Slow,2.5mm,Experiment_2
2025-10-23T00:50:16.713Z,289,1514,5624,600,1877,6639,3367,3444,14192,2589,3055,13464,Day_1,Medium,Slow,2.5mm,Experiment_2
2025-10-23T00:50:16.753Z,286,1515,5626,599,1877,6628,3384,3448,14229,2602,3058,13492,Day_1,Medium,Slow,2.5mm,Experiment_2
2025-10-23T00:50:16.793Z,285,1511,5618,600,1875,6631,3392,3432,14237,2611,3059,13526,Day_1,Medium,Slow,2.5mm,Experiment_2
2025-10-23T00:50:16.833Z,282,1507,5606,600,1875,6643,3383,3414,14218,2613,3062,13554,Day_1,Medium,Slow,2.5mm,Experiment_2
2025-10-23T00:50:16.873Z,281,1506,5595,600,1878,6649,3365,3410,14188,2609,3069,13560,Day_1,Medium,Slow,2.5mm,Experiment_2
2025-10-23T00:50:16.913Z,287,1507,5595,601,1878,6638,3353,3424,14181,2604,3074,13550,Day_1,Medium,Slow,2.5mm,Experiment_2
2025-10-23T00:50:16.953Z,292,1506,5606,602,1872,6616,3352,3450,14214,2603,3081,13542,Day_1,Medium,Slow,2.5mm,Experiment_2
2025-10-23T00:50:16.993Z,296,1504,5615,603,1865,6595,3355,3477,14270,2604,3091,13544,Day_1,Medium,Slow,2.5mm,Experiment_2
2025-10-23T00:50:17.033Z,303,1506,5623,605,1862,6584,3359,3496,14318,2606,3100,13554,Day_1,Medium,Slow,2.5mm,Experiment_2
2025-10-23T00:50:17.073Z,310,1509,5632,606,1862,6583,3364,3508,14336,2609,3104,13563,Day_1,Medium,Slow,2.5mm,Experiment_2
2025-10-23T00:50:17.113Z,309,1511,5633,602,1864,6581,3370,3521,14328,2612,3107,13567,Day_1,Medium,Slow,2.5mm,Experiment_2
2025-10-23T00:50:17.153Z,302,1514,5623,597,1866,6575,3379,3529,14307,2618,3108,13564,Day_1,Medium,Slow,2.5mm,Experiment_2
2025-10-23T00:50:17.193Z,295,1517,5606,596,1873,6576,3394,3520,14274,2627,3104,13559,Day_1,Medium,Slow,2.5mm,Experiment_2
2025-10-23T00:50:17.233Z,292,1516,5582,599,1884,6596,3414,3490,14205,2635,3101,13560,Day_1,Medium,Slow,2.5mm,Experiment_2
2025-10-23T00:50:17.273Z,289,1508,5540,603,1898,6644,3426,3446,14063,2642,3104,13572,Day_1,Medium,Slow,2.5mm,Experiment_2
2025-10-23T00:50:17.313Z,282,1493,5482,604,1912,6713,3416,3399,13866,2644,3111,13581,Day_1,Medium,Slow,2.5mm,Experiment_2
2025-10-23T00:50:17.353Z,271,1479,5449,600,1915,6762,3386,3366,13733,2632,3107,13560,Day_1,Medium,Slow,2.5mm,Experiment_2
2025-10-23T00:50:17.393Z,269,1472,5471,597,1905,6761,3366,3357,13760,2614,3086,13515,Day_1,Medium,Slow,2.5mm,Experiment_2
2025-10-23T00:50:17.433Z,281,1473,5526,600,1890,6730,3374,3371,13897,2604,3064,13479,Day_1,Medium,Slow,2.5mm,Experiment_2
2025-10-23T00:50:17.473Z,291,1481,5578,604,1880,6696,3398,3399,14044,2605,3055,13472,Day_1,Medium,Slow,2.5mm,Experiment_2
2025-10-23T00:50:17.513Z,288,1489,5610,600,1872,6664,3417,3430,14164,2614,3055,13484,Day_1,Medium,Slow,2.5mm,Experiment_2
2025-10-23T00:50:17.553Z,281,1496,5623,593,1867,6634,3424,3455,14245,2624,3061,13504,Day_1,Medium,Slow,2.5mm,Experiment_2
2025-10-23T00:50:17.593Z,282,1504,5622,593,1867,6617,3423,3469,14270,2630,3072,13525,Day_1,Medium,Slow,2.5mm,Experiment_2
2025-10-23T00:50:17.633Z,291,1508,5611,597,1873,6617,3429,3474,14239,2633,3084,13540,Day_1,Medium,Slow,2.5mm,Experiment_2
2025-10-23T00:50:17.673Z,300,1508,5603,602,1879,6626,3443,3471,14191,2637,3090,13543,Day_1,Medium,Slow,2.5mm,Experiment_2
2025-10-23T00:50:17.713Z,306,1511,5603,610,1882,6629,3450,3470,14175,2641,3089,13536,Day_1,Medium,Slow,2.5mm,Experiment_2
2025-10-23T00:50:17.753Z,309,1521,5611,619,1884,6618,3448,3472,14205,2643,3084,13524,Day_1,Medium,Slow,2.5mm,Experiment_2
2025-10-23T00:50:17.793Z,310,1533,5617,621,1886,6597,3444,3478,14247,2643,3082,13518,Day_1,Medium,Slow,2.5mm,Experiment_2
2025-10-23T00:50:17.833Z,304,1539,5620,611,1886,6580,3436,3483,14265,2637,3087,13520,Day_1,Medium,Slow,2.5mm,Experiment_2
2025-10-23T00:50:17.873Z,292,1538,5619,598,1883,6574,3424,3485,14265,2630,3092,13525,Day_1,Medium,Slow,2.5mm,Experiment_2
2025-10-23T00:50:17.913Z,285,1530,5618,592,1877,6575,3419,3481,14276,2627,3092,13533,Day_1,Medium,Slow,2.5mm,Experiment_2
2025-10-23T00:50:17.953Z,284,1521,5620,594,1870,6577,3411,3473,14295,2621,3089,13547,Day_1,Medium,Slow,2.5mm,Experiment_2
2025-10-23T00:50:17.993Z,286,1512,5621,598,1863,6581,3393,3460,14287,2614,3083,13560,Day_1,Medium,Slow,2.5mm,Experiment_2
2025-10-23T00:50:18.033Z,289,1508,5615,603,1865,6595,3381,3439,14238,2612,3077,13571,Day_1,Medium,Slow,2.5mm,Experiment_2
2025-10-23T00:50:18.073Z,294,1509,5595,610,1879,6635,3383,3414,14137,2621,3078,13590,Day_1,Medium,Slow,2.5mm,Experiment_2
2025-10-23T00:50:18.113Z,302,1507,5550,622,1904,6707,3380,3389,13963,2629,3090,13611,Day_1,Medium,Slow,2.5mm,Experiment_2
2025-10-23T00:50:18.154Z,310,1492,5485,636,1923,6778,3353,3365,13760,2622,3102,13609,Day_1,Medium,Slow,2.5mm,Experiment_2
2025-10-23T00:50:18.194Z,317,1474,5445,647,1922,6806,3325,3347,13661,2606,3096,13566,Day_1,Medium,Slow,2.5mm,Experiment_2
2025-10-23T00:50:18.234Z,316,1467,5467,644,1909,6785,3325,3351,13735,2597,3077,13506,Day_1,Medium,Slow,2.5mm,Experiment_2
2025-10-23T00:50:18.274Z,307,1476,5525,629,1896,6741,3350,3380,13895,2597,3062,13463,Day_1,Medium,Slow,2.5mm,Experiment_2
2025-10-23T00:50:18.314Z,294,1487,5572,610,1885,6696,3375,3424,14037,2601,3065,13451,Day_1,Medium,Slow,2.5mm,Experiment_2
2025-10-23T00:50:18.354Z,283,1493,5596,595,1873,6656,3390,3466,14139,2605,3078,13458,Day_1,Medium,Slow,2.5mm,Experiment_2
2025-10-23T00:50:18.394Z,280,1497,5609,589,1866,6629,3399,3488,14206,2609,3090,13476,Day_1,Medium,Slow,2.5mm,Experiment_2
2025-10-23T00:50:18.434Z,284,1504,5622,592,1867,6624,3412,3487,14240,2616,3093,13502,Day_1,Medium,Slow,2.5mm,Experiment_2
2025-10-23T00:50:18.474Z,291,1511,5630,596,1873,6634,3427,3475,14242,2624,3088,13522,Day_1,Medium,Slow,2.5mm,Experiment_2
2025-10-23T00:50:18.514Z,297,1512,5629,597,1875,6640,3424,3470,14227,2628,3082,13525,Day_1,Medium,Slow,2.5mm,Experiment_2
2025-10-23T00:50:18.554Z,296,1511,5619,594,1873,6626,3408,3481,14229,2621,3080,13514,Day_1,Medium,Slow,2.5mm,Experiment_2
2025-10-23T00:50:18.594Z,291,1517,5612,587,1873,6598,3403,3503,14257,2614,3080,13508,Day_1,Medium,Slow,2.5mm,Experiment_2
2025-10-23T00:50:18.634Z,286,1530,5614,583,1880,6581,3418,3521,14279,2619,3082,13517,Day_1,Medium,Slow,2.5mm,Experiment_2
2025-10-23T00:50:18.674Z,287,1539,5622,585,1887,6584,3443,3521,14285,2632,3088,13538,Day_1,Medium,Slow,2.5mm,Experiment_2
2025-10-23T00:50:18.714Z,293,1538,5629,593,1886,6594,3454,3512,14292,2641,3094,13553,Day_1,Medium,Slow,2.5mm,Experiment_2
2025-10-23T00:50:18.754Z,297,1527,5635,600,1876,6601,3437,3501,14301,2636,3095,13559,Day_1,Medium,Slow,2.5mm,Experiment_2
2025-10-23T00:50:18.794Z,300,1510,5640,604,1862,6607,3400,3487,14304,2622,3090,13558,Day_1,Medium,Slow,2.5mm,Experiment_2
2025-10-23T00:50:18.834Z,302,1499,5643,606,1856,6616,3375,3467,14290,2615,3082,13561,Day_1,Medium,Slow,2.5mm,Experiment_2
2025-10-23T00:50:18.874Z,297,1501,5629,604,1866,6630,3375,3445,14241,2621,3079,13574,Day_1,Medium,Slow,2.5mm,Experiment_2
2025-10-23T00:50:18.914Z,289,1513,5587,599,1884,6657,3374,3417,14134,2628,3084,13597,Day_1,Medium,Slow,2.5mm,Experiment_2
2025-10-23T00:50:18.954Z,281,1520,5519,600,1898,6704,3354,3383,13960,2625,3095,13617,Day_1,Medium,Slow,2.5mm,Experiment_2
2025-10-23T00:50:18.994Z,275,1513,5459,605,1906,6751,3332,3359,13791,2612,3099,13605,Day_1,Medium,Slow,2.5mm,Experiment_2
2025-10-23T00:50:19.034Z,275,1496,5449,610,1905,6763,3329,3355,13742,2597,3088,13549,Day_1,Medium,Slow,2.5mm,Experiment_2
2025-10-23T00:50:19.074Z,282,1486,5492,614,1898,6738,3350,3367,13831,2590,3066,13480,Day_1,Medium,Slow,2.5mm,Experiment_2
2025-10-23T00:50:19.114Z,292,1492,5552,617,1892,6699,3379,3386,13971,2593,3048,13439,Day_1,Medium,Slow,2.5mm,Experiment_2
2025-10-23T00:50:19.154Z,298,1506,5591,616,1888,6665,3392,3409,14078,2598,3044,13431,Day_1,Medium,Slow,2.5mm,Experiment_2
2025-10-23T00:50:19.194Z,297,1514,5606,609,1882,6637,3389,3428,14134,2597,3049,13442,Day_1,Medium,Slow,2.5mm,Experiment_2
2025-10-23T00:50:19.234Z,294,1515,5611,603,1877,6625,3385,3430,14160,2595,3054,13464,Day_1,Medium,Slow,2.5mm,Experiment_2
2025-10-23T00:50:19.274Z,292,1515,5611,602,1876,6632,3380,3419,14170,2598,3060,13499,Day_1,Medium,Slow,2.5mm,Experiment_2
2025-10-23T00:50:19.314Z,293,1516,5607,604,1882,6648,3368,3414,14168,2604,3069,13535,Day_1,Medium,Slow,2.5mm,Experiment_2
2025-10-23T00:50:19.354Z,295,1520,5606,607,1889,6657,3352,3416,14169,2603,3080,13554,Day_1,Medium,Slow,2.5mm,Experiment_2
2025-10-23T00:50:19.394Z,298,1523,5610,609,1892,6645,3344,3426,14190,2601,3086,13547,Day_1,Medium,Slow,2.5mm,Experiment_2
2025-10-23T00:50:19.434Z,304,1521,5617,607,1887,6622,3355,3440,14229,2605,3086,13533,Day_1,Medium,Slow,2.5mm,Experiment_2
2025-10-23T00:50:19.474Z,310,1512,5626,604,1873,6607,3375,3452,14268,2613,3085,13530,Day_1,Medium,Slow,2.5mm,Experiment_2
2025-10-23T00:50:19.514Z,310,1502,5634,601,1857,6600,3383,3461,14294,2617,3086,13539,Day_1,Medium,Slow,2.5mm,Experiment_2
2025-10-23T00:50:19.554Z,304,1496,5638,596,1845,6595,3378,3465,14298,2615,3085,13550,Day_1,Medium,Slow,2.5mm,Experiment_2
2025-10-23T00:50:19.594Z,300,1495,5637,593,1844,6588,3375,3464,14292,2617,3081,13557,Day_1,Medium,Slow,2.5mm,Experiment_2
2025-10-23T00:50:19.634Z,301,1500,5635,596,1854,6584,3379,3467,14289,2625,3080,13564,Day_1,Medium,Slow,2.5mm,Experiment_2
2025-10-23T00:50:19.674Z,304,1508,5639,602,1868,6594,3386,3476,14279,2633,3086,13570,Day_1,Medium,Slow,2.5mm,Experiment_2
2025-10-23T00:50:19.714Z,302,1513,5636,607,1881,6624,3385,3474,14228,2634,3095,13577,Day_1,Medium,Slow,2.5mm,Experiment_2
2025-10-23T00:50:19.754Z,293,1505,5600,610,1892,6674,3368,3442,14101,2628,3101,13590,Day_1,Medium,Slow,2.5mm,Experiment_2
2025-10-23T00:50:19.794Z,280,1479,5534,612,1901,6732,3337,3393,13910,2617,3105,13597,Day_1,Medium,Slow,2.5mm,Experiment_2
2025-10-23T00:50:19.834Z,271,1451,5479,615,1904,6765,3305,3360,13762,2600,3101,13569,Day_1,Medium,Slow,2.5mm,Experiment_2
2025-10-23T00:50:19.874Z,272,1434,5478,617,1902,6756,3296,3357,13749,2585,3085,13505,Day_1,Medium,Slow,2.5mm,Experiment_2
2025-10-23T00:50:19.914Z,278,1434,5521,615,1895,6724,3310,3376,13846,2579,3066,13448,Day_1,Medium,Slow,2.5mm,Experiment_2
2025-10-23T00:50:19.954Z,280,1448,5567,607,1885,6690,3333,3404,13981,2582,3057,13432,Day_1,Medium,Slow,2.5mm,Experiment_2
2025-10-23T00:50:19.994Z,276,1465,5597,596,1872,6657,3356,3442,14114,2588,3059,13447,Day_1,Medium,Slow,2.5mm,Experiment_2
2025-10-23T00:50:20.034Z,279,1481,5618,593,1865,6632,3377,3477,14213,2599,3067,13474,Day_1,Medium,Slow,2.5mm,Experiment_2
2025-10-23T00:50:20.074Z,289,1498,5634,598,1869,6626,3388,3482,14249,2612,3075,13498,Day_1,Medium,Slow,2.5mm,Experiment_2
2025-10-23T00:50:20.114Z,292,1513,5640,602,1880,6634,3385,3462,14223,2623,3076,13521,Day_1,Medium,Slow,2.5mm,Experiment_2
2025-10-23T00:50:20.154Z,286,1521,5633,600,1890,6646,3377,3443,14173,2630,3074,13537,Day_1,Medium,Slow,2.5mm,Experiment_2
2025-10-23T00:50:20.194Z,281,1518,5624,593,1890,6647,3372,3436,14153,2628,3071,13540,Day_1,Medium,Slow,2.5mm,Experiment_2
2025-10-23T00:50:20.234Z,282,1507,5623,588,1878,6635,3369,3439,14189,2620,3070,13530,Day_1,Medium,Slow,2.5mm,Experiment_2
2025-10-23T00:50:20.274Z,286,1499,5629,583,1864,6613,3370,3452,14249,2610,3073,13523,Day_1,Medium,Slow,2.5mm,Experiment_2
2025-10-23T00:50:20.314Z,289,1504,5630,582,1858,6594,3376,3469,14290,2605,3079,13525,Day_1,Medium,Slow,2.5mm,Experiment_2
2025-10-23T00:50:20.354Z,296,1511,5629,589,1860,6585,3387,3478,14301,2607,3083,13532,Day_1,Medium,Slow,2.5mm,Experiment_2
2025-10-23T00:50:20.394Z,307,1512,5634,601,1858,6588,3396,3476,14297,2615,3082,13538,Day_1,Medium,Slow,2.5mm,Experiment_2
2025-10-23T00:50:20.434Z,316,1507,5642,609,1853,6598,3395,3472,14297,2624,3079,13547,Day_1,Medium,Slow,2.5mm,Experiment_2
2025-10-23T00:50:20.474Z,318,1499,5643,612,1847,6608,3389,3470,14294,2630,3080,13561,Day_1,Medium,Slow,2.5mm,Experiment_2
2025-10-23T00:50:20.514Z,313,1494,5629,612,1846,6619,3386,3467,14267,2630,3087,13582,Day_1,Medium,Slow,2.5mm,Experiment_2
2025-10-23T00:50:20.554Z,306,1490,5595,612,1853,6642,3386,3454,14187,2629,3098,13608,Day_1,Medium,Slow,2.5mm,Experiment_2
2025-10-23T00:50:20.594Z,297,1480,5535,614,1870,6690,3380,3422,14022,2628,3108,13630,Day_1,Medium,Slow,2.5mm,Experiment_2
2025-10-23T00:50:20.634Z,287,1469,5465,618,1891,6751,3361,3365,13811,2621,3107,13627,Day_1,Medium,Slow,2.5mm,Experiment_2
2025-10-23T00:50:20.674Z,281,1466,5431,619,1907,6784,3332,3303,13682,2604,3090,13581,Day_1,Medium,Slow,2.5mm,Experiment_2
2025-10-23T00:50:20.714Z,285,1472,5458,619,1905,6768,3319,3273,13719,2585,3072,13511,Day_1,Medium,Slow,2.5mm,Experiment_2
2025-10-23T00:50:20.754Z,297,1479,5522,621,1890,6726,3332,3289,13857,2578,3063,13461,Day_1,Medium,Slow,2.5mm,Experiment_2
2025-10-23T00:50:20.794Z,307,1485,5583,622,1875,6689,3351,3340,14001,2581,3061,13445,Day_1,Medium,Slow,2.5mm,Experiment_2
2025-10-23T00:50:20.834Z,309,1496,5621,618,1869,6662,3366,3391,14119,2589,3060,13455,Day_1,Medium,Slow,2.5mm,Experiment_2
2025-10-23T00:50:20.874Z,306,1511,5635,609,1872,6642,3378,3426,14198,2601,3060,13478,Day_1,Medium,Slow,2.5mm,Experiment_2
2025-10-23T00:50:20.914Z,298,1527,5629,598,1881,6631,3381,3452,14221,2609,3067,13504,Day_1,Medium,Slow,2.5mm,Experiment_2
2025-10-23T00:50:20.954Z,292,1532,5620,593,1888,6634,3377,3476,14208,2609,3081,13524,Day_1,Medium,Slow,2.5mm,Experiment_2
2025-10-23T00:50:20.994Z,291,1527,5620,593,1890,6643,3376,3490,14196,2608,3095,13529,Day_1,Medium,Slow,2.5mm,Experiment_2
2025-10-23T00:50:21.034Z,289,1524,5624,590,1890,6638,3378,3488,14206,2609,3096,13517,Day_1,Medium,Slow,2.5mm,Experiment_2
2025-10-23T00:50:21.074Z,286,1527,5626,587,1890,6614,3378,3480,14235,2608,3087,13500,Day_1,Medium,Slow,2.5mm,Experiment_2
2025-10-23T00:50:21.114Z,290,1530,5623,594,1888,6588,3375,3477,14263,2608,3080,13502,Day_1,Medium,Slow,2.5mm,Experiment_2
2025-10-23T00:50:21.154Z,302,1528,5617,607,1881,6571,3372,3477,14280,2611,3081,13524,Day_1,Medium,Slow,2.5mm,Experiment_2
2025-10-23T00:50:21.194Z,311,1522,5614,615,1873,6564,3373,3476,14292,2615,3085,13549,Day_1,Medium,Slow,2.5mm,Experiment_2
2025-10-23T00:50:21.234Z,314,1514,5615,617,1866,6565,3375,3477,14296,2618,3086,13557,Day_1,Medium,Slow,2.5mm,Experiment_2
2025-10-23T00:50:21.274Z,317,1508,5620,617,1861,6571,3376,3477,14288,2620,3084,13554,Day_1,Medium,Slow,2.5mm,Experiment_2
2025-10-23T00:50:21.314Z,320,1508,5626,620,1860,6581,3377,3472,14268,2620,3084,13558,Day_1,Medium,Slow,2.5mm,Experiment_2
2025-10-23T00:50:21.354Z,319,1512,5622,623,1869,6603,3379,3462,14225,2620,3089,13575,Day_1,Medium,Slow,2.5mm,Experiment_2
2025-10-23T00:50:21.394Z,314,1509,5593,627,1884,6646,3377,3439,14128,2621,3095,13601,Day_1,Medium,Slow,2.5mm,Experiment_2
2025-10-23T00:50:21.434Z,306,1495,5536,630,1900,6711,3374,3402,13950,2624,3101,13618,Day_1,Medium,Slow,2.5mm,Experiment_2
2025-10-23T00:50:21.474Z,300,1474,5475,632,1910,6772,3370,3373,13752,2624,3106,13602,Day_1,Medium,Slow,2.5mm,Experiment_2
2025-10-23T00:50:21.514Z,295,1464,5455,631,1910,6789,3367,3371,13677,2617,3103,13546,Day_1,Medium,Slow,2.5mm,Experiment_2
2025-10-23T00:50:21.554Z,284,1473,5488,618,1904,6756,3367,3391,13773,2606,3088,13477,Day_1,Medium,Slow,2.5mm,Experiment_2
2025-10-23T00:50:21.594Z,274,1491,5549,601,1896,6706,3366,3416,13945,2596,3069,13435,Day_1,Medium,Slow,2.5mm,Experiment_2
2025-10-23T00:50:21.634Z,275,1506,5602,593,1888,6668,3362,3440,14089,2592,3058,13435,Day_1,Medium,Slow,2.5mm,Experiment_2
2025-10-23T00:50:21.674Z,287,1514,5633,593,1883,6650,3367,3458,14173,2597,3058,13461,Day_1,Medium,Slow,2.5mm,Experiment_2
2025-10-23T00:50:21.714Z,294,1518,5642,594,1883,6640,3381,3467,14210,2604,3066,13490,Day_1,Medium,Slow,2.5mm,Experiment_2
2025-10-23T00:50:21.754Z,293,1520,5638,592,1887,6636,3401,3475,14213,2611,3081,13514,Day_1,Medium,Slow,2.5mm,Experiment_2
2025-10-23T00:50:21.794Z,288,1524,5630,592,1892,6642,3416,3479,14192,2618,3095,13525,Day_1,Medium,Slow,2.5mm,Experiment_2
2025-10-23T00:50:21.834Z,285,1528,5624,594,1897,6649,3415,3474,14168,2623,3098,13517,Day_1,Medium,Slow,2.5mm,Experiment_2
2025-10-23T00:50:21.874Z,286,1532,5624,598,1896,6643,3400,3466,14175,2621,3093,13501,Day_1,Medium,Slow,2.5mm,Experiment_2
2025-10-23T00:50:21.914Z,292,1531,5633,603,1885,6628,3377,3464,14219,2610,3088,13498,Day_1,Medium,Slow,2.5mm,Experiment_2
2025-10-23T00:50:21.954Z,304,1522,5645,612,1870,6617,3359,3463,14267,2598,3083,13513,Day_1,Medium,Slow,2.5mm,Experiment_2
2025-10-23T00:50:21.994Z,314,1513,5649,620,1857,6607,3356,3461,14295,2595,3079,13537,Day_1,Medium,Slow,2.5mm,Experiment_2
2025-10-23T00:50:22.034Z,313,1510,5640,620,1852,6594,3367,3462,14309,2602,3077,13553,Day_1,Medium,Slow,2.5mm,Experiment_2
2025-10-23T00:50:22.074Z,307,1520,5632,613,1858,6584,3386,3460,14312,2612,3077,13559,Day_1,Medium,Slow,2.5mm,Experiment_2
2025-10-23T00:50:22.114Z,301,1538,5629,606,1867,6582,3402,3458,14308,2620,3078,13560,Day_1,Medium,Slow,2.5mm,Experiment_2
2025-10-23T00:50:22.154Z,298,1552,5628,603,1870,6589,3402,3463,14298,2623,3079,13566,Day_1,Medium,Slow,2.5mm,Experiment_2
2025-10-23T00:50:22.194Z,299,1550,5624,606,1872,6613,3392,3467,14264,2626,3080,13578,Day_1,Medium,Slow,2.5mm,Experiment_2
2025-10-23T00:50:22.234Z,297,1529,5602,608,1882,6662,3377,3443,14158,2626,3084,13592,Day_1,Medium,Slow,2.5mm,Experiment_2
2025-10-23T00:50:22.274Z,291,1500,5550,609,1898,6726,3359,3392,13974,2619,3091,13598,Day_1,Medium,Slow,2.5mm,Experiment_2
2025-10-23T00:50:22.314Z,287,1479,5502,612,1909,6773,3349,3353,13810,2606,3094,13573,Day_1,Medium,Slow,2.5mm,Experiment_2
2025-10-23T00:50:22.354Z,290,1475,5502,614,1909,6780,3362,3350,13777,2592,3085,13515,Day_1,Medium,Slow,2.5mm,Experiment_2
2025-10-23T00:50:22.394Z,297,1484,5544,612,1900,6750,3385,3371,13875,2589,3069,13463,Day_1,Medium,Slow,2.5mm,Experiment_2
2025-10-23T00:50:22.434Z,307,1499,5589,611,1889,6706,3392,3401,14019,2590,3061,13447,Day_1,Medium,Slow,2.5mm,Experiment_2
2025-10-23T00:50:22.475Z,319,1512,5617,615,1882,6666,3377,3435,14138,2589,3064,13455,Day_1,Medium,Slow,2.5mm,Experiment_2
2025-10-23T00:50:22.515Z,327,1517,5629,621,1878,6640,3364,3470,14203,2591,3072,13469,Day_1,Medium,Slow,2.5mm,Experiment_2
2025-10-23T00:50:22.555Z,325,1515,5632,624,1876,6632,3369,3490,14217,2599,3082,13491,Day_1,Medium,Slow,2.5mm,Experiment_2
2025-10-23T00:50:22.595Z,312,1512,5625,619,1877,6641,3389,3491,14199,2611,3091,13524,Day_1,Medium,Slow,2.5mm,Experiment_2
2025-10-23T00:50:22.635Z,299,1512,5610,610,1884,6655,3399,3486,14175,2619,3098,13558,Day_1,Medium,Slow,2.5mm,Experiment_2
2025-10-23T00:50:22.675Z,290,1515,5595,603,1895,6658,3393,3486,14166,2620,3102,13570,Day_1,Medium,Slow,2.5mm,Experiment_2
2025-10-23T00:50:22.715Z,287,1518,5591,599,1901,6644,3391,3484,14180,2624,3102,13556,Day_1,Medium,Slow,2.5mm,Experiment_2
2025-10-23T00:50:22.755Z,285,1520,5597,593,1896,6618,3403,3480,14215,2630,3097,13539,Day_1,Medium,Slow,2.5mm,Experiment_2
2025-10-23T00:50:22.795Z,284,1520,5607,585,1884,6593,3413,3476,14250,2635,3090,13533,Day_1,Medium,Slow,2.5mm,Experiment_2
2025-10-23T00:50:22.835Z,285,1518,5620,581,1874,6584,3407,3470,14275,2636,3081,13534,Day_1,Medium,Slow,2.5mm,Experiment_2
2025-10-23T00:50:22.875Z,291,1519,5635,585,1870,6591,3391,3457,14290,2633,3071,13540,Day_1,Medium,Slow,2.5mm,Experiment_2
2025-10-23T00:50:22.915Z,298,1523,5649,595,1874,6602,3378,3445,14304,2629,3066,13548,Day_1,Medium,Slow,2.5mm,Experiment_2
2025-10-23T00:50:22.955Z,302,1524,5653,602,1879,6608,3373,3447,14309,2626,3071,13557,Day_1,Medium,Slow,2.5mm,Experiment_2
2025-10-23T00:50:22.995Z,300,1519,5647,602,1879,6617,3372,3459,14283,2624,3082,13566,Day_1,Medium,Slow,2.5mm,Experiment_2
2025-10-23T00:50:23.035Z,289,1507,5623,599,1877,6639,3374,3465,14200,2621,3092,13576,Day_1,Medium,Slow,2.5mm,Experiment_2
2025-10-23T00:50:23.075Z,277,1492,5570,599,1882,6685,3369,3452,14042,2617,3107,13585,Day_1,Medium,Slow,2.5mm,Experiment_2
2025-10-23T00:50:23.115Z,270,1472,5498,605,1894,6746,3350,3424,13840,2610,3122,13586,Day_1,Medium,Slow,2.5mm,Experiment_2
2025-10-23T00:50:23.155Z,271,1454,5454,614,1899,6783,3328,3403,13718,2597,3123,13558,Day_1,Medium,Slow,2.5mm,Experiment_2
2025-10-23T00:50:23.195Z,282,1450,5466,621,1891,6770,3324,3409,13755,2588,3107,13506,Day_1,Medium,Slow,2.5mm,Experiment_2
2025-10-23T00:50:23.235Z,296,1461,5512,627,1878,6725,3339,3430,13890,2588,3089,13465,Day_1,Medium,Slow,2.5mm,Experiment_2
2025-10-23T00:50:23.275Z,303,1472,5554,625,1866,6677,3362,3449,14031,2592,3081,13457,Day_1,Medium,Slow,2.5mm,Experiment_2
2025-10-23T00:50:23.315Z,303,1476,5582,618,1854,6641,3386,3463,14135,2597,3079,13468,Day_1,Medium,Slow,2.5mm,Experiment_2
2025-10-23T00:50:23.355Z,308,1480,5606,615,1849,6624,3401,3468,14190,2602,3077,13478,Day_1,Medium,Slow,2.5mm,Experiment_2
2025-10-23T00:50:23.395Z,317,1492,5626,618,1856,6624,3396,3461,14206,2603,3078,13491,Day_1,Medium,Slow,2.5mm,Experiment_2
2025-10-23T00:50:23.435Z,319,1508,5631,619,1871,6631,3377,3457,14206,2603,3084,13509,Day_1,Medium,Slow,2.5mm,Experiment_2
2025-10-23T00:50:23.475Z,312,1515,5622,614,1878,6636,3364,3463,14193,2607,3092,13522,Day_1,Medium,Slow,2.5mm,Experiment_2
2025-10-23T00:50:23.515Z,302,1514,5614,608,1875,6634,3368,3473,14179,2615,3096,13520,Day_1,Medium,Slow,2.5mm,Experiment_2
2025-10-23T00:50:23.555Z,298,1511,5621,605,1866,6626,3379,3483,14189,2619,3091,13510,Day_1,Medium,Slow,2.5mm,Experiment_2
2025-10-23T00:50:23.595Z,301,1507,5637,606,1857,6615,3386,3489,14227,2618,3083,13506,Day_1,Medium,Slow,2.5mm,Experiment_2
2025-10-23T00:50:23.635Z,303,1505,5644,607,1854,6603,3388,3492,14279,2617,3078,13519,Day_1,Medium,Slow,2.5mm,Experiment_2
2025-10-23T00:50:23.675Z,301,1508,5643,606,1858,6596,3389,3489,14320,2618,3077,13538,Day_1,Medium,Slow,2.5mm,Experiment_2
2025-10-23T00:50:23.715Z,296,1513,5640,603,1865,6594,3388,3478,14330,2619,3079,13548,Day_1,Medium,Slow,2.5mm,Experiment_2
2025-10-23T00:50:23.755Z,288,1516,5638,596,1869,6595,3379,3471,14312,2617,3085,13549,Day_1,Medium,Slow,2.5mm,Experiment_2
2025-10-23T00:50:23.795Z,281,1515,5634,588,1870,6598,3364,3473,14288,2611,3094,13553,Day_1,Medium,Slow,2.5mm,Experiment_2
2025-10-23T00:50:23.835Z,277,1507,5621,587,1871,6610,3352,3468,14258,2607,3098,13571,Day_1,Medium,Slow,2.5mm,Experiment_2
2025-10-23T00:50:23.875Z,277,1493,5590,591,1875,6646,3342,3447,14176,2605,3101,13598,Day_1,Medium,Slow,2.5mm,Experiment_2
2025-10-23T00:50:23.915Z,273,1478,5533,596,1886,6707,3323,3410,13999,2600,3106,13619,Day_1,Medium,Slow,2.5mm,Experiment_2
2025-10-23T00:50:23.955Z,267,1463,5467,601,1901,6769,3297,3360,13774,2590,3110,13610,Day_1,Medium,Slow,2.5mm,Experiment_2
2025-10-23T00:50:23.995Z,266,1460,5443,606,1910,6796,3285,3309,13648,2580,3109,13556,Day_1,Medium,Slow,2.5mm,Experiment_2
2025-10-23T00:50:24.035Z,273,1472,5484,610,1910,6778,3296,3281,13704,2576,3100,13487,Day_1,Medium,Slow,2.5mm,Experiment_2
2025-10-23T00:50:24.075Z,284,1490,5548,608,1905,6732,3320,3304,13872,2579,3086,13445,Day_1,Medium,Slow,2.5mm,Experiment_2
2025-10-23T00:50:24.115Z,291,1505,5594,602,1898,6684,3345,3378,14038,2589,3077,13440,Day_1,Medium,Slow,2.5mm,Experiment_2
2025-10-23T00:50:24.155Z,291,1514,5616,595,1892,6647,3369,3458,14150,2605,3079,13457,Day_1,Medium,Slow,2.5mm,Experiment_2
2025-10-23T00:50:24.195Z,286,1517,5621,590,1885,6628,3386,3504,14212,2621,3088,13483,Day_1,Medium,Slow,2.5mm,Experiment_2
2025-10-23T00:50:24.235Z,282,1517,5621,591,1884,6629,3395,3510,14230,2629,3092,13511,Day_1,Medium,Slow,2.5mm,Experiment_2
2025-10-23T00:50:24.275Z,283,1516,5624,595,1887,6642,3404,3494,14210,2632,3091,13524,Day_1,Medium,Slow,2.5mm,Experiment_2
2025-10-23T00:50:24.315Z,288,1514,5626,599,1888,6646,3417,3477,14183,2633,3088,13518,Day_1,Medium,Slow,2.5mm,Experiment_2
2025-10-23T00:50:24.355Z,294,1511,5620,603,1883,6625,3430,3469,14188,2633,3083,13501,Day_1,Medium,Slow,2.5mm,Experiment_2
2025-10-23T00:50:24.395Z,294,1507,5610,603,1872,6590,3436,3470,14231,2628,3076,13495,Day_1,Medium,Slow,2.5mm,Experiment_2
2025-10-23T00:50:24.435Z,286,1504,5606,596,1863,6572,3425,3481,14280,2621,3076,13510,Day_1,Medium,Slow,2.5mm,Experiment_2
2025-10-23T00:50:24.475Z,278,1504,5610,589,1860,6574,3401,3496,14313,2616,3086,13536,Day_1,Medium,Slow,2.5mm,Experiment_2
2025-10-23T00:50:24.515Z,276,1508,5616,588,1863,6579,3379,3500,14331,2614,3095,13558,Day_1,Medium,Slow,2.5mm,Experiment_2
2025-10-23T00:50:24.555Z,279,1515,5621,591,1870,6580,3371,3492,14345,2610,3096,13571,Day_1,Medium,Slow,2.5mm,Experiment_2
2025-10-23T00:50:24.595Z,284,1520,5628,594,1873,6584,3381,3485,14348,2609,3093,13574,Day_1,Medium,Slow,2.5mm,Experiment_2
2025-10-23T00:50:24.635Z,290,1522,5635,596,1874,6595,3405,3486,14322,2618,3092,13572,Day_1,Medium,Slow,2.5mm,Experiment_2
2025-10-23T00:50:24.675Z,292,1520,5630,597,1879,6616,3428,3484,14253,2635,3096,13575,Day_1,Medium,Slow,2.5mm,Experiment_2
2025-10-23T00:50:24.715Z,286,1512,5599,600,1891,6655,3427,3457,14125,2646,3099,13587,Day_1,Medium,Slow,2.5mm,Experiment_2
2025-10-23T00:50:24.755Z,275,1498,5541,605,1906,6711,3396,3402,13938,2642,3097,13594,Day_1,Medium,Slow,2.5mm,Experiment_2
2025-10-23T00:50:24.795Z,266,1482,5488,609,1917,6761,3361,3345,13772,2627,3086,13578,Day_1,Medium,Slow,2.5mm,Experiment_2
2025-10-23T00:50:24.835Z,267,1475,5479,611,1916,6774,3351,3318,13746,2611,3068,13535,Day_1,Medium,Slow,2.5mm,Experiment_2
2025-10-23T00:50:24.875Z,277,1478,5522,611,1903,6749,3366,3331,13861,2603,3052,13485,Day_1,Medium,Slow,2.5mm,Experiment_2
2025-10-23T00:50:24.915Z,291,1487,5578,610,1889,6708,3385,3360,14012,2601,3045,13456,Day_1,Medium,Slow,2.5mm,Experiment_2
2025-10-23T00:50:24.955Z,298,1499,5614,607,1881,6668,3393,3387,14126,2603,3049,13455,Day_1,Medium,Slow,2.5mm,Experiment_2
2025-10-23T00:50:24.995Z,298,1508,5629,602,1880,6642,3391,3408,14188,2606,3059,13469,Day_1,Medium,Slow,2.5mm,Experiment_2
2025-10-23T00:50:25.035Z,296,1510,5633,602,1882,6633,3383,3424,14203,2609,3070,13486,Day_1,Medium,Slow,2.5mm,Experiment_2
2025-10-23T00:50:25.075Z,293,1506,5626,604,1885,6634,3380,3432,14186,2617,3078,13506,Day_1,Medium,Slow,2.5mm,Experiment_2
2025-10-23T00:50:25.115Z,287,1502,5614,604,1887,6642,3392,3438,14162,2630,3082,13528,Day_1,Medium,Slow,2.5mm,Experiment_2
2025-10-23T00:50:25.155Z,280,1501,5607,599,1890,6648,3410,3446,14159,2638,3085,13544,Day_1,Medium,Slow,2.5mm,Experiment_2
2025-10-23T00:50:25.195Z,279,1506,5607,595,1889,6639,3409,3459,14188,2630,3084,13545,Day_1,Medium,Slow,2.5mm,Experiment_2
2025-10-23T00:50:25.235Z,287,1514,5612,594,1884,6616,3383,3471,14238,2613,3083,13545,Day_1,Medium,Slow,2.5mm,Experiment_2
2025-10-23T00:50:25.275Z,292,1522,5617,593,1876,6596,3357,3481,14287,2605,3085,13552,Day_1,Medium,Slow,2.5mm,Experiment_2
2025-10-23T00:50:25.315Z,290,1525,5622,590,1869,6585,3359,3490,14318,2611,3088,13558,Day_1,Medium,Slow,2.5mm,Experiment_2
2025-10-23T00:50:25.355Z,288,1526,5622,590,1868,6575,3376,3504,14321,2621,3092,13555,Day_1,Medium,Slow,2.5mm,Experiment_2
2025-10-23T00:50:25.395Z,289,1530,5618,591,1874,6567,3380,3517,14297,2625,3096,13548,Day_1,Medium,Slow,2.5mm,Experiment_2
2025-10-23T00:50:25.435Z,290,1531,5614,591,1878,6564,3370,3517,14268,2618,3096,13544,Day_1,Medium,Slow,2.5mm,Experiment_2
2025-10-23T00:50:25.475Z,293,1528,5615,593,1878,6577,3362,3502,14249,2611,3096,13552,Day_1,Medium,Slow,2.5mm,Experiment_2
2025-10-23T00:50:25.515Z,293,1519,5612,597,1880,6611,3362,3483,14212,2611,3098,13568,Day_1,Medium,Slow,2.5mm,Experiment_2
2025-10-23T00:50:25.555Z,290,1505,5584,601,1888,6668,3363,3446,14098,2616,3101,13588,Day_1,Medium,Slow,2.5mm,Experiment_2
2025-10-23T00:50:25.595Z,285,1492,5529,606,1901,6735,3360,3389,13912,2620,3100,13594,Day_1,Medium,Slow,2.5mm,Experiment_2
2025-10-23T00:50:25.635Z,283,1483,5480,612,1909,6776,3351,3340,13767,2614,3088,13564,Day_1,Medium,Slow,2.5mm,Experiment_2
2025-10-23T00:50:25.675Z,287,1478,5479,616,1904,6769,3337,3329,13763,2595,3066,13502,Day_1,Medium,Slow,2.5mm,Experiment_2
2025-10-23T00:50:25.715Z,296,1478,5518,618,1892,6731,3326,3351,13869,2577,3049,13452,Day_1,Medium,Slow,2.5mm,Experiment_2
2025-10-23T00:50:25.755Z,301,1485,5558,620,1881,6690,3329,3393,14001,2574,3048,13442,Day_1,Medium,Slow,2.5mm,Experiment_2
2025-10-23T00:50:25.795Z,304,1493,5585,619,1871,6657,3348,3437,14108,2584,3059,13456,Day_1,Medium,Slow,2.5mm,Experiment_2
2025-10-23T00:50:25.835Z,306,1497,5600,616,1863,6631,3371,3464,14173,2598,3069,13474,Day_1,Medium,Slow,2.5mm,Experiment_2
2025-10-23T00:50:25.875Z,307,1497,5607,614,1860,6616,3388,3467,14200,2610,3075,13494,Day_1,Medium,Slow,2.5mm,Experiment_2
2025-10-23T00:50:25.915Z,307,1498,5607,612,1866,6618,3398,3463,14195,2620,3079,13515,Day_1,Medium,Slow,2.5mm,Experiment_2
2025-10-23T00:50:25.955Z,306,1504,5603,608,1880,6631,3403,3457,14172,2628,3083,13530,Day_1,Medium,Slow,2.5mm,Experiment_2
2025-10-23T00:50:25.995Z,305,1514,5603,606,1892,6638,3404,3447,14168,2631,3081,13532,Day_1,Medium,Slow,2.5mm,Experiment_2
2025-10-23T00:50:26.035Z,306,1524,5609,607,1895,6630,3403,3447,14209,2630,3078,13527,Day_1,Medium,Slow,2.5mm,Experiment_2
2025-10-23T00:50:26.075Z,307,1530,5622,609,1889,6616,3401,3460,14264,2627,3079,13524,Day_1,Medium,Slow,2.5mm,Experiment_2
2025-10-23T00:50:26.115Z,304,1527,5633,607,1880,6607,3397,3467,14290,2621,3080,13520,Day_1,Medium,Slow,2.5mm,Experiment_2
2025-10-23T00:50:26.155Z,297,1522,5637,601,1873,6602,3403,3468,14284,2618,3081,13517,Day_1,Medium,Slow,2.5mm,Experiment_2
2025-10-23T00:50:26.195Z,290,1519,5635,594,1871,6594,3420,3476,14274,2625,3082,13522,Day_1,Medium,Slow,2.5mm,Experiment_2
2025-10-23T00:50:26.235Z,286,1517,5632,591,1871,6587,3434,3484,14272,2637,3085,13540,Day_1,Medium,Slow,2.5mm,Experiment_2
2025-10-23T00:50:26.275Z,292,1515,5626,594,1870,6585,3431,3482,14269,2640,3086,13561,Day_1,Medium,Slow,2.5mm,Experiment_2
2025-10-23T00:50:26.315Z,302,1511,5615,603,1869,6594,3420,3470,14251,2633,3087,13581,Day_1,Medium,Slow,2.5mm,Experiment_2
2025-10-23T00:50:26.355Z,306,1502,5596,612,1872,6630,3405,3451,14188,2625,3093,13603,Day_1,Medium,Slow,2.5mm,Experiment_2
2025-10-23T00:50:26.395Z,300,1487,5551,618,1885,6694,3379,3414,14035,2619,3102,13621,Day_1,Medium,Slow,2.5mm,Experiment_2
2025-10-23T00:50:26.436Z,288,1468,5485,622,1899,6762,3355,3366,13825,2611,3105,13616,Day_1,Medium,Slow,2.5mm,Experiment_2
2025-10-23T00:50:26.476Z,275,1455,5442,619,1904,6794,3343,3339,13706,2600,3100,13575,Day_1,Medium,Slow,2.5mm,Experiment_2
2025-10-23T00:50:26.516Z,268,1459,5460,609,1900,6774,3342,3354,13758,2587,3090,13515,Day_1,Medium,Slow,2.5mm,Experiment_2
2025-10-23T00:50:26.556Z,270,1477,5514,602,1895,6726,3346,3389,13901,2582,3083,13472,Day_1,Medium,Slow,2.5mm,Experiment_2
2025-10-23T00:50:26.596Z,277,1499,5567,601,1894,6683,3353,3424,14036,2583,3081,13458,Day_1,Medium,Slow,2.5mm,Experiment_2
2025-10-23T00:50:26.636Z,280,1518,5603,599,1894,6654,3363,3455,14137,2590,3080,13467,Day_1,Medium,Slow,2.5mm,Experiment_2
2025-10-23T00:50:26.676Z,278,1528,5624,593,1891,6639,3380,3467,14200,2602,3077,13486,Day_1,Medium,Slow,2.5mm,Experiment_2
2025-10-23T00:50:26.716Z,277,1526,5631,588,1885,6634,3392,3459,14227,2614,3074,13511,Day_1,Medium,Slow,2.5mm,Experiment_2
2025-10-23T00:50:26.756Z,277,1517,5626,586,1877,6633,3391,3448,14236,2618,3076,13532,Day_1,Medium,Slow,2.5mm,Experiment_2
2025-10-23T00:50:26.795Z,279,1510,5615,588,1873,6629,3384,3444,14238,2616,3078,13539,Day_1,Medium,Slow,2.5mm,Experiment_2
2025-10-23T00:50:26.835Z,281,1509,5605,592,1872,6616,3384,3443,14243,2615,3075,13529,Day_1,Medium,Slow,2.5mm,Experiment_2
2025-10-23T00:50:26.875Z,281,1513,5601,593,1872,6592,3388,3443,14261,2615,3070,13514,Day_1,Medium,Slow,2.5mm,Experiment_2
2025-10-23T00:50:26.915Z,278,1515,5604,587,1869,6575,3387,3457,14284,2612,3071,13515,Day_1,Medium,Slow,2.5mm,Experiment_2
2025-10-23T00:50:26.955Z,276,1513,5612,581,1864,6574,3378,3480,14302,2607,3079,13530,Day_1,Medium,Slow,2.5mm,Experiment_2
2025-10-23T00:50:26.995Z,277,1508,5621,578,1857,6579,3370,3494,14318,2605,3088,13547,Day_1,Medium,Slow,2.5mm,Experiment_2
2025-10-23T00:50:27.035Z,282,1504,5630,581,1853,6585,3370,3500,14329,2609,3093,13555,Day_1,Medium,Slow,2.5mm,Experiment_2
2025-10-23T00:50:27.075Z,288,1502,5636,586,1853,6591,3375,3507,14330,2615,3095,13560,Day_1,Medium,Slow,2.5mm,Experiment_2
2025-10-23T00:50:27.115Z,292,1503,5633,591,1856,6597,3378,3515,14314,2617,3097,13565,Day_1,Medium,Slow,2.5mm,Experiment_2
2025-10-23T00:50:27.155Z,293,1503,5615,595,1859,6612,3373,3511,14269,2617,3102,13575,Day_1,Medium,Slow,2.5mm,Experiment_2
2025-10-23T00:50:27.195Z,293,1498,5585,599,1862,6655,3357,3479,14157,2615,3105,13592,Day_1,Medium,Slow,2.5mm,Experiment_2
2025-10-23T00:50:27.235Z,290,1489,5535,606,1870,6722,3343,3425,13956,2616,3107,13605,Day_1,Medium,Slow,2.5mm,Experiment_2
2025-10-23T00:50:27.275Z,279,1480,5475,610,1886,6780,3341,3379,13746,2618,3107,13591,Day_1,Medium,Slow,2.5mm,Experiment_2
2025-10-23T00:50:27.315Z,271,1477,5449,609,1903,6792,3346,3368,13672,2614,3102,13543,Day_1,Medium,Slow,2.5mm,Experiment_2
2025-10-23T00:50:27.355Z,274,1481,5481,608,1906,6760,3352,3394,13778,2606,3092,13487,Day_1,Medium,Slow,2.5mm,Experiment_2
2025-10-23T00:50:27.395Z,286,1489,5544,612,1894,6716,3358,3430,13956,2601,3083,13455,Day_1,Medium,Slow,2.5mm,Experiment_2
2025-10-23T00:50:27.435Z,298,1500,5596,618,1884,6681,3361,3447,14101,2597,3074,13453,Day_1,Medium,Slow,2.5mm,Experiment_2
2025-10-23T00:50:27.475Z,302,1512,5622,618,1880,6653,3359,3443,14192,2590,3066,13470,Day_1,Medium,Slow,2.5mm,Experiment_2
2025-10-23T00:50:27.516Z,301,1517,5628,612,1878,6634,3352,3428,14237,2584,3059,13498,Day_1,Medium,Slow,2.5mm,Experiment_2
2025-10-23T00:50:27.556Z,301,1521,5626,608,1880,6631,3344,3412,14229,2584,3058,13524,Day_1,Medium,Slow,2.5mm,Experiment_2
2025-10-23T00:50:27.596Z,303,1524,5621,607,1886,6642,3337,3406,14183,2586,3062,13539,Day_1,Medium,Slow,2.5mm,Experiment_2
2025-10-23T00:50:27.636Z,306,1522,5615,608,1890,6650,3334,3415,14144,2588,3069,13538,Day_1,Medium,Slow,2.5mm,Experiment_2
2025-10-23T00:50:27.676Z,310,1516,5616,609,1886,6641,3338,3434,14155,2590,3073,13529,Day_1,Medium,Slow,2.5mm,Experiment_2
2025-10-23T00:50:27.716Z,316,1512,5625,608,1875,6621,3351,3455,14212,2597,3079,13523,Day_1,Medium,Slow,2.5mm,Experiment_2
2025-10-23T00:50:27.756Z,318,1513,5635,607,1867,6605,3365,3468,14274,2610,3085,13531,Day_1,Medium,Slow,2.5mm,Experiment_2
2025-10-23T00:50:27.796Z,311,1516,5638,605,1866,6596,3375,3470,14317,2624,3088,13547,Day_1,Medium,Slow,2.5mm,Experiment_2
2025-10-23T00:50:27.836Z,303,1520,5634,606,1870,6586,3375,3470,14341,2627,3085,13561,Day_1,Medium,Slow,2.5mm,Experiment_2
2025-10-23T00:50:27.876Z,297,1522,5624,605,1873,6574,3367,3473,14347,2617,3080,13568,Day_1,Medium,Slow,2.5mm,Experiment_2
2025-10-23T00:50:27.916Z,294,1522,5618,600,1872,6568,3370,3479,14336,2609,3081,13573,Day_1,Medium,Slow,2.5mm,Experiment_2
2025-10-23T00:50:27.956Z,292,1516,5612,596,1868,6574,3384,3481,14314,2610,3087,13579,Day_1,Medium,Slow,2.5mm,Experiment_2
2025-10-23T00:50:27.996Z,293,1500,5599,598,1863,6595,3393,3470,14270,2613,3092,13589,Day_1,Medium,Slow,2.5mm,Experiment_2
2025-10-23T00:50:28.036Z,292,1479,5566,605,1863,6640,3395,3449,14160,2615,3098,13603,Day_1,Medium,Slow,2.5mm,Experiment_2
2025-10-23T00:50:28.076Z,288,1461,5515,614,1874,6706,3396,3422,13972,2615,3106,13607,Day_1,Medium,Slow,2.5mm,Experiment_2
2025-10-23T00:50:28.116Z,281,1455,5476,620,1889,6761,3396,3404,13802,2613,3109,13576,Day_1,Medium,Slow,2.5mm,Experiment_2
2025-10-23T00:50:28.156Z,279,1463,5480,622,1895,6772,3393,3405,13771,2608,3098,13514,Day_1,Medium,Slow,2.5mm,Experiment_2
2025-10-23T00:50:28.196Z,292,1477,5519,626,1891,6741,3387,3423,13872,2602,3080,13457,Day_1,Medium,Slow,2.5mm,Experiment_2
2025-10-23T00:50:28.236Z,313,1494,5565,632,1886,6698,3377,3445,14007,2596,3068,13428,Day_1,Medium,Slow,2.5mm,Experiment_2
2025-10-23T00:50:28.276Z,327,1506,5599,632,1884,6662,3367,3455,14113,2590,3062,13428,Day_1,Medium,Slow,2.5mm,Experiment_2
2025-10-23T00:50:28.316Z,331,1509,5615,628,1879,6637,3366,3448,14178,2588,3058,13452,Day_1,Medium,Slow,2.5mm,Experiment_2
2025-10-23T00:50:28.356Z,328,1505,5621,626,1874,6631,3375,3438,14200,2594,3057,13483,Day_1,Medium,Slow,2.5mm,Experiment_2
2025-10-23T00:50:28.396Z,317,1505,5621,623,1877,6644,3387,3434,14186,2602,3061,13510,Day_1,Medium,Slow,2.5mm,Experiment_2
2025-10-23T00:50:28.436Z,304,1507,5614,617,1885,6661,3401,3437,14158,2612,3072,13530,Day_1,Medium,Slow,2.5mm,Experiment_2
2025-10-23T00:50:28.476Z,293,1512,5605,608,1892,6664,3411,3442,14151,2623,3085,13542,Day_1,Medium,Slow,2.5mm,Experiment_2
2025-10-23T00:50:28.516Z,288,1516,5604,599,1892,6646,3412,3451,14183,2629,3094,13547,Day_1,Medium,Slow,2.5mm,Experiment_2
2025-10-23T00:50:28.556Z,289,1517,5612,597,1884,6619,3416,3462,14234,2629,3097,13547,Day_1,Medium,Slow,2.5mm,Experiment_2
2025-10-23T00:50:28.596Z,297,1514,5623,602,1873,6600,3421,3476,14275,2632,3097,13545,Day_1,Medium,Slow,2.5mm,Experiment_2
2025-10-23T00:50:28.636Z,305,1509,5635,608,1865,6598,3417,3487,14299,2636,3096,13543,Day_1,Medium,Slow,2.5mm,Experiment_2
2025-10-23T00:50:28.676Z,308,1508,5640,609,1864,6600,3407,3491,14310,2639,3096,13543,Day_1,Medium,Slow,2.5mm,Experiment_2
2025-10-23T00:50:28.716Z,308,1513,5633,607,1872,6595,3400,3491,14304,2635,3098,13548,Day_1,Medium,Slow,2.5mm,Experiment_2
2025-10-23T00:50:28.756Z,313,1524,5625,607,1884,6590,3389,3493,14284,2624,3099,13556,Day_1,Medium,Slow,2.5mm,Experiment_2
2025-10-23T00:50:28.796Z,320,1529,5625,612,1891,6598,3372,3498,14253,2611,3098,13566,Day_1,Medium,Slow,2.5mm,Experiment_2
2025-10-23T00:50:28.836Z,318,1519,5616,612,1892,6624,3356,3495,14193,2604,3095,13580,Day_1,Medium,Slow,2.5mm,Experiment_2
2025-10-23T00:50:28.876Z,302,1498,5573,607,1892,6672,3343,3464,14061,2604,3098,13594,Day_1,Medium,Slow,2.5mm,Experiment_2
2025-10-23T00:50:28.916Z,281,1477,5505,605,1899,6734,3335,3403,13870,2603,3101,13594,Day_1,Medium,Slow,2.5mm,Experiment_2
2025-10-23T00:50:28.956Z,269,1466,5459,609,1907,6772,3334,3348,13742,2601,3094,13560,Day_1,Medium,Slow,2.5mm,Experiment_2
2025-10-23T00:50:28.996Z,269,1474,5467,611,1908,6761,3342,3337,13779,2600,3078,13506,Day_1,Medium,Slow,2.5mm,Experiment_2
2025-10-23T00:50:29.036Z,268,1490,5515,604,1902,6724,3352,3361,13919,2600,3065,13468,Day_1,Medium,Slow,2.5mm,Experiment_2
2025-10-23T00:50:29.076Z,265,1507,5569,593,1895,6693,3357,3394,14049,2598,3064,13459,Day_1,Medium,Slow,2.5mm,Experiment_2
2025-10-23T00:50:29.116Z,267,1519,5609,585,1890,6670,3359,3427,14138,2593,3070,13465,Day_1,Medium,Slow,2.5mm,Experiment_2
2025-10-23T00:50:29.156Z,272,1521,5627,580,1883,6648,3380,3455,14195,2599,3076,13476,Day_1,Medium,Slow,2.5mm,Experiment_2
2025-10-23T00:50:29.196Z,278,1515,5626,580,1873,6631,3428,3471,14216,2617,3082,13494,Day_1,Medium,Slow,2.5mm,Experiment_2
2025-10-23T00:50:29.236Z,283,1508,5622,587,1869,6630,3482,3477,14201,2633,3088,13512,Day_1,Medium,Slow,2.5mm,Experiment_2
2025-10-23T00:50:29.276Z,287,1505,5624,598,1871,6643,3517,3474,14164,2635,3092,13515,Day_1,Medium,Slow,2.5mm,Experiment_2
2025-10-23T00:50:29.316Z,292,1506,5629,606,1873,6649,3512,3471,14144,2625,3090,13504,Day_1,Medium,Slow,2.5mm,Experiment_2
2025-10-23T00:50:29.356Z,294,1511,5629,609,1875,6635,3460,3476,14168,2609,3087,13493,Day_1,Medium,Slow,2.5mm,Experiment_2
2025-10-23T00:50:29.396Z,295,1520,5631,605,1879,6611,3389,3486,14215,2592,3084,13493,Day_1,Medium,Slow,2.5mm,Experiment_2
2025-10-23T00:50:29.436Z,298,1529,5637,602,1883,6596,3352,3487,14254,2585,3083,13503,Day_1,Medium,Slow,2.5mm,Experiment_2
2025-10-23T00:50:29.476Z,302,1532,5641,603,1887,6592,3366,3482,14276,2596,3084,13516,Day_1,Medium,Slow,2.5mm,Experiment_2
2025-10-23T00:50:29.516Z,304,1530,5641,605,1886,6592,3407,3487,14288,2612,3090,13529,Day_1,Medium,Slow,2.5mm,Experiment_2
2025-10-23T00:50:29.556Z,303,1526,5639,604,1882,6593,3453,3500,14293,2621,3099,13542,Day_1,Medium,Slow,2.5mm,Experiment_2
2025-10-23T00:50:29.596Z,301,1523,5634,602,1879,6596,3480,3503,14291,2618,3106,13558,Day_1,Medium,Slow,2.5mm,Experiment_2
2025-10-23T00:50:29.636Z,296,1520,5623,599,1879,6609,3469,3487,14270,2608,3107,13579,Day_1,Medium,Slow,2.5mm,Experiment_2
2025-10-23T00:50:29.676Z,289,1510,5595,599,1883,6647,3421,3458,14194,2602,3108,13609,Day_1,Medium,Slow,2.5mm,Experiment_2
2025-10-23T00:50:29.716Z,281,1487,5539,603,1891,6709,3370,3423,14024,2604,3115,13638,Day_1,Medium,Slow,2.5mm,Experiment_2
2025-10-23T00:50:29.756Z,270,1460,5467,606,1901,6769,3339,3382,13805,2605,3116,13639,Day_1,Medium,Slow,2.5mm,Experiment_2
2025-10-23T00:50:29.796Z,262,1446,5431,606,1907,6792,3324,3350,13683,2597,3101,13592,Day_1,Medium,Slow,2.5mm,Experiment_2
2025-10-23T00:50:29.836Z,265,1451,5459,604,1901,6771,3321,3347,13743,2585,3075,13522,Day_1,Medium,Slow,2.5mm,Experiment_2
2025-10-23T00:50:29.876Z,274,1468,5525,603,1892,6732,3329,3368,13907,2580,3059,13475,Day_1,Medium,Slow,2.5mm,Experiment_2
2025-10-23T00:50:29.916Z,283,1485,5583,601,1885,6696,3341,3391,14059,2583,3054,13463,Day_1,Medium,Slow,2.5mm,Experiment_2
2025-10-23T00:50:29.956Z,286,1496,5619,598,1877,6667,3352,3413,14161,2588,3056,13472,Day_1,Medium,Slow,2.5mm,Experiment_2
2025-10-23T00:50:29.996Z,283,1501,5635,594,1870,6646,3365,3440,14213,2594,3063,13487,Day_1,Medium,Slow,2.5mm,Experiment_2
2025-10-23T00:50:30.036Z,279,1507,5632,591,1868,6635,3374,3472,14221,2603,3075,13503,Day_1,Medium,Slow,2.5mm,Experiment_2
2025-10-23T00:50:30.076Z,280,1512,5618,589,1873,6630,3376,3492,14200,2608,3085,13515,Day_1,Medium,Slow,2.5mm,Experiment_2
2025-10-23T00:50:30.116Z,286,1515,5607,591,1878,6627,3375,3487,14181,2608,3084,13517,Day_1,Medium,Slow,2.5mm,Experiment_2
2025-10-23T00:50:30.156Z,296,1514,5608,598,1877,6616,3369,3469,14203,2604,3077,13512,Day_1,Medium,Slow,2.5mm,Experiment_2
2025-10-23T00:50:30.196Z,304,1511,5616,604,1871,6596,3359,3459,14261,2595,3073,13513,Day_1,Medium,Slow,2.5mm,Experiment_2
2025-10-23T00:50:30.236Z,305,1508,5622,605,1867,6585,3352,3463,14309,2589,3076,13528,Day_1,Medium,Slow,2.5mm,Experiment_2
2025-10-23T00:50:30.276Z,299,1505,5620,602,1865,6582,3357,3466,14330,2593,3080,13550,Day_1,Medium,Slow,2.5mm,Experiment_2
2025-10-23T00:50:30.316Z,289,1504,5614,596,1863,6579,3365,3458,14332,2605,3079,13567,Day_1,Medium,Slow,2.5mm,Experiment_2
2025-10-23T00:50:30.356Z,287,1509,5611,595,1864,6577,3368,3447,14329,2616,3077,13573,Day_1,Medium,Slow,2.5mm,Experiment_2
2025-10-23T00:50:30.396Z,294,1516,5617,601,1868,6583,3370,3449,14330,2620,3079,13574,Day_1,Medium,Slow,2.5mm,Experiment_2
2025-10-23T00:50:30.436Z,306,1519,5627,609,1871,6597,3370,3460,14321,2619,3084,13572,Day_1,Medium,Slow,2.5mm,Experiment_2
2025-10-23T00:50:30.476Z,309,1517,5626,612,1872,6619,3369,3459,14272,2621,3091,13575,Day_1,Medium,Slow,2.5mm,Experiment_2
2025-10-23T00:50:30.516Z,304,1510,5596,612,1878,6655,3368,3433,14155,2629,3096,13588,Day_1,Medium,Slow,2.5mm,Experiment_2
2025-10-23T00:50:30.556Z,296,1499,5536,614,1893,6712,3363,3393,13960,2637,3101,13600,Day_1,Medium,Slow,2.5mm,Experiment_2
2025-10-23T00:50:30.596Z,291,1486,5476,617,1909,6767,3357,3358,13764,2636,3100,13583,Day_1,Medium,Slow,2.5mm,Experiment_2
2025-10-23T00:50:30.636Z,290,1480,5457,618,1913,6778,3362,3352,13701,2625,3093,13530,Day_1,Medium,Slow,2.5mm,Experiment_2
2025-10-23T00:50:30.676Z,289,1489,5487,615,1906,6741,3381,3380,13807,2612,3081,13475,Day_1,Medium,Slow,2.5mm,Experiment_2
2025-10-23T00:50:30.716Z,285,1504,5536,609,1896,6687,3399,3420,13979,2607,3069,13446,Day_1,Medium,Slow,2.5mm,Experiment_2
2025-10-23T00:50:30.756Z,281,1514,5575,606,1888,6647,3403,3450,14112,2605,3063,13446,Day_1,Medium,Slow,2.5mm,Experiment_2
2025-10-23T00:50:30.796Z,282,1518,5601,607,1885,6628,3394,3465,14185,2602,3065,13463,Day_1,Medium,Slow,2.5mm,Experiment_2
2025-10-23T00:50:30.836Z,285,1519,5616,607,1884,6626,3384,3471,14219,2600,3072,13491,Day_1,Medium,Slow,2.5mm,Experiment_2
2025-10-23T00:50:30.876Z,286,1517,5620,603,1884,6633,3379,3479,14224,2600,3082,13524,Day_1,Medium,Slow,2.5mm,Experiment_2
2025-10-23T00:50:30.916Z,287,1514,5615,599,1885,6645,3383,3497,14205,2602,3095,13552,Day_1,Medium,Slow,2.5mm,Experiment_2
2025-10-23T00:50:30.956Z,289,1509,5612,597,1884,6651,3387,3511,14188,2604,3105,13559,Day_1,Medium,Slow,2.5mm,Experiment_2
2025-10-23T00:50:30.996Z,290,1502,5613,594,1878,6640,3384,3506,14192,2604,3106,13546,Day_1,Medium,Slow,2.5mm,Experiment_2
2025-10-23T00:50:31.036Z,293,1495,5612,593,1868,6613,3376,3496,14210,2605,3100,13527,Day_1,Medium,Slow,2.5mm,Experiment_2
2025-10-23T00:50:31.076Z,299,1492,5613,597,1862,6591,3372,3503,14230,2606,3099,13523,Day_1,Medium,Slow,2.5mm,Experiment_2
2025-10-23T00:50:31.116Z,302,1498,5621,603,1864,6584,3373,3523,14249,2610,3101,13530,Day_1,Medium,Slow,2.5mm,Experiment_2
2025-10-23T00:50:31.156Z,300,1512,5629,604,1870,6586,3384,3535,14266,2619,3100,13535,Day_1,Medium,Slow,2.5mm,Experiment_2
2025-10-23T00:50:31.196Z,295,1526,5626,600,1877,6582,3399,3525,14281,2631,3095,13539,Day_1,Medium,Slow,2.5mm,Experiment_2
2025-10-23T00:50:31.236Z,293,1534,5618,600,1883,6578,3401,3509,14282,2636,3093,13547,Day_1,Medium,Slow,2.5mm,Experiment_2
2025-10-23T00:50:31.276Z,296,1534,5614,605,1885,6586,3398,3491,14254,2632,3095,13555,Day_1,Medium,Slow,2.5mm,Experiment_2
2025-10-23T00:50:31.316Z,297,1524,5605,609,1883,6611,3398,3469,14184,2623,3099,13563,Day_1,Medium,Slow,2.5mm,Experiment_2
2025-10-23T00:50:31.356Z,292,1505,5576,611,1883,6660,3394,3439,14052,2617,3104,13576,Day_1,Medium,Slow,2.5mm,Experiment_2
2025-10-23T00:50:31.396Z,281,1483,5526,610,1891,6724,3383,3401,13867,2614,3113,13583,Day_1,Medium,Slow,2.5mm,Experiment_2
2025-10-23T00:50:31.436Z,268,1475,5485,604,1905,6771,3367,3368,13726,2610,3119,13551,Day_1,Medium,Slow,2.5mm,Experiment_2
2025-10-23T00:50:31.477Z,259,1484,5488,596,1913,6770,3353,3367,13733,2599,3114,13483,Day_1,Medium,Slow,2.5mm,Experiment_2
2025-10-23T00:50:31.517Z,259,1494,5526,592,1905,6735,3344,3403,13863,2589,3098,13430,Day_1,Medium,Slow,2.5mm,Experiment_2
2025-10-23T00:50:31.557Z,269,1495,5568,593,1887,6693,3339,3447,14012,2581,3078,13420,Day_1,Medium,Slow,2.5mm,Experiment_2
2025-10-23T00:50:31.597Z,286,1495,5600,593,1872,6663,3341,3469,14121,2577,3062,13434,Day_1,Medium,Slow,2.5mm,Experiment_2
2025-10-23T00:50:31.637Z,301,1498,5622,592,1869,6646,3346,3467,14181,2579,3054,13455,Day_1,Medium,Slow,2.5mm,Experiment_2
2025-10-23T00:50:31.677Z,305,1504,5629,594,1874,6637,3346,3464,14201,2584,3062,13480,Day_1,Medium,Slow,2.5mm,Experiment_2
2025-10-23T00:50:31.717Z,300,1510,5621,599,1882,6637,3349,3468,14189,2589,3076,13511,Day_1,Medium,Slow,2.5mm,Experiment_2
2025-10-23T00:50:31.757Z,295,1509,5612,605,1885,6646,3370,3470,14170,2601,3086,13540,Day_1,Medium,Slow,2.5mm,Experiment_2
2025-10-23T00:50:31.797Z,300,1504,5610,612,1880,6655,3404,3475,14172,2617,3090,13552,Day_1,Medium,Slow,2.5mm,Experiment_2
2025-10-23T00:50:31.837Z,312,1507,5615,618,1875,6649,3426,3496,14205,2624,3092,13547,Day_1,Medium,Slow,2.5mm,Experiment_2
2025-10-23T00:50:31.877Z,318,1517,5622,618,1874,6630,3419,3521,14252,2620,3095,13537,Day_1,Medium,Slow,2.5mm,Experiment_2
2025-10-23T00:50:31.917Z,311,1524,5629,607,1874,6610,3393,3528,14288,2614,3098,13537,Day_1,Medium,Slow,2.5mm,Experiment_2
2025-10-23T00:50:31.957Z,300,1525,5633,597,1874,6598,3377,3521,14301,2614,3100,13543,Day_1,Medium,Slow,2.5mm,Experiment_2
2025-10-23T00:50:31.997Z,297,1522,5636,596,1876,6591,3377,3512,14303,2618,3101,13549,Day_1,Medium,Slow,2.5mm,Experiment_2
2025-10-23T00:50:32.037Z,300,1519,5639,600,1875,6587,3385,3499,14300,2621,3098,13553,Day_1,Medium,Slow,2.5mm,Experiment_2
2025-10-23T00:50:32.077Z,305,1514,5639,605,1869,6587,3400,3482,14286,2621,3093,13560,Day_1,Medium,Slow,2.5mm,Experiment_2
2025-10-23T00:50:32.117Z,312,1511,5629,610,1864,6597,3421,3465,14254,2626,3092,13573,Day_1,Medium,Slow,2.5mm,Experiment_2
2025-10-23T00:50:32.157Z,317,1504,5605,618,1867,6627,3435,3447,14181,2634,3099,13593,Day_1,Medium,Slow,2.5mm,Experiment_2
2025-10-23T00:50:32.197Z,315,1489,5556,627,1880,6683,3420,3418,14031,2638,3112,13615,Day_1,Medium,Slow,2.5mm,Experiment_2
2025-10-23T00:50:32.237Z,302,1467,5491,630,1894,6748,3385,3383,13830,2631,3125,13620,Day_1,Medium,Slow,2.5mm,Experiment_2
2025-10-23T00:50:32.277Z,285,1456,5452,625,1902,6785,3357,3371,13703,2614,3130,13583,Day_1,Medium,Slow,2.5mm,Experiment_2
2025-10-23T00:50:32.317Z,276,1466,5470,616,1903,6776,3349,3394,13744,2599,3119,13513,Day_1,Medium,Slow,2.5mm,Experiment_2
2025-10-23T00:50:32.357Z,277,1486,5524,609,1901,6741,3356,3428,13891,2594,3098,13459,Day_1,Medium,Slow,2.5mm,Experiment_2
2025-10-23T00:50:32.397Z,281,1497,5581,604,1893,6707,3369,3448,14035,2598,3081,13443,Day_1,Medium,Slow,2.5mm,Experiment_2
2025-10-23T00:50:32.437Z,285,1500,5622,601,1880,6679,3384,3460,14130,2602,3078,13449,Day_1,Medium,Slow,2.5mm,Experiment_2
2025-10-23T00:50:32.477Z,288,1506,5643,599,1874,6658,3399,3473,14180,2605,3080,13462,Day_1,Medium,Slow,2.5mm,Experiment_2
2025-10-23T00:50:32.517Z,292,1520,5648,598,1880,6651,3409,3476,14197,2605,3079,13481,Day_1,Medium,Slow,2.5mm,Experiment_2
2025-10-23T00:50:32.557Z,301,1538,5644,602,1887,6655,3399,3459,14193,2597,3074,13503,Day_1,Medium,Slow,2.5mm,Experiment_2
2025-10-23T00:50:32.597Z,311,1548,5635,609,1886,6659,3367,3442,14178,2584,3067,13517,Day_1,Medium,Slow,2.5mm,Experiment_2
2025-10-23T00:50:32.637Z,312,1542,5628,612,1875,6647,3335,3448,14175,2575,3066,13513,Day_1,Medium,Slow,2.5mm,Experiment_2
2025-10-23T00:50:32.677Z,306,1523,5627,610,1862,6621,3329,3470,14208,2578,3069,13504,Day_1,Medium,Slow,2.5mm,Experiment_2
2025-10-23T00:50:32.717Z,299,1505,5631,604,1852,6598,3352,3480,14264,2592,3072,13506,Day_1,Medium,Slow,2.5mm,Experiment_2
2025-10-23T00:50:32.757Z,291,1497,5637,594,1845,6590,3384,3478,14309,2609,3073,13521,Day_1,Medium,Slow,2.5mm,Experiment_2
2025-10-23T00:50:32.797Z,283,1499,5642,584,1846,6590,3406,3490,14332,2623,3081,13541,Day_1,Medium,Slow,2.5mm,Experiment_2
2025-10-23T00:50:32.837Z,277,1510,5641,579,1857,6591,3413,3518,14334,2632,3096,13554,Day_1,Medium,Slow,2.5mm,Experiment_2
2025-10-23T00:50:32.877Z,278,1521,5633,582,1869,6588,3412,3536,14318,2640,3107,13557,Day_1,Medium,Slow,2.5mm,Experiment_2
2025-10-23T00:50:32.917Z,286,1525,5622,591,1877,6588,3409,3521,14292,2644,3106,13565,Day_1,Medium,Slow,2.5mm,Experiment_2
2025-10-23T00:50:32.957Z,297,1524,5613,604,1886,6606,3399,3485,14247,2639,3101,13585,Day_1,Medium,Slow,2.5mm,Experiment_2
2025-10-23T00:50:32.997Z,300,1514,5589,615,1895,6648,3384,3450,14139,2632,3104,13608,Day_1,Medium,Slow,2.5mm,Experiment_2
2025-10-23T00:50:33.037Z,292,1493,5535,622,1905,6709,3374,3420,13950,2629,3119,13625,Day_1,Medium,Slow,2.5mm,Experiment_2
2025-10-23T00:50:33.077Z,280,1465,5468,620,1910,6766,3366,3393,13751,2626,3138,13613,Day_1,Medium,Slow,2.5mm,Experiment_2
2025-10-23T00:50:33.117Z,275,1438,5441,614,1904,6784,3358,3376,13669,2616,3144,13560,Day_1,Medium,Slow,2.5mm,Experiment_2
2025-10-23T00:50:33.157Z,280,1426,5471,609,1894,6754,3357,3378,13755,2604,3125,13496,Day_1,Medium,Slow,2.5mm,Experiment_2
2025-10-23T00:50:33.197Z,289,1436,5528,608,1887,6704,3359,3398,13926,2590,3093,13461,Day_1,Medium,Slow,2.5mm,Experiment_2
2025-10-23T00:50:33.237Z,295,1465,5579,610,1884,6665,3358,3423,14076,2576,3070,13455,Day_1,Medium,Slow,2.5mm,Experiment_2
2025-10-23T00:50:33.277Z,296,1493,5613,610,1882,6643,3357,3437,14168,2570,3062,13462,Day_1,Medium,Slow,2.5mm,Experiment_2
2025-10-23T00:50:33.317Z,290,1513,5627,605,1883,6631,3359,3441,14205,2577,3065,13476,Day_1,Medium,Slow,2.5mm,Experiment_2
2025-10-23T00:50:33.357Z,283,1525,5623,599,1887,6626,3361,3449,14198,2592,3074,13499,Day_1,Medium,Slow,2.5mm,Experiment_2
2025-10-23T00:50:33.397Z,284,1532,5612,599,1892,6630,3366,3457,14170,2606,3083,13526,Day_1,Medium,Slow,2.5mm,Experiment_2
2025-10-23T00:50:33.437Z,294,1531,5605,608,1894,6636,3375,3456,14155,2614,3086,13542,Day_1,Medium,Slow,2.5mm,Experiment_2
2025-10-23T00:50:33.477Z,308,1525,5608,620,1890,6630,3391,3457,14173,2620,3087,13538,Day_1,Medium,Slow,2.5mm,Experiment_2
2025-10-23T00:50:33.517Z,314,1520,5619,622,1884,6614,3411,3468,14220,2627,3088,13524,Day_1,Medium,Slow,2.5mm,Experiment_2
2025-10-23T00:50:33.557Z,306,1518,5629,611,1880,6599,3423,3473,14270,2630,3086,13522,Day_1,Medium,Slow,2.5mm,Experiment_2
2025-10-23T00:50:33.597Z,292,1515,5635,598,1872,6589,3419,3467,14303,2625,3082,13536,Day_1,Medium,Slow,2.5mm,Experiment_2
2025-10-23T00:50:33.637Z,287,1510,5638,593,1863,6586,3406,3462,14317,2615,3080,13553,Day_1,Medium,Slow,2.5mm,Experiment_2
2025-10-23T00:50:33.677Z,293,1510,5638,598,1860,6585,3390,3459,14321,2607,3081,13565,Day_1,Medium,Slow,2.5mm,Experiment_2
2025-10-23T00:50:33.717Z,303,1515,5637,604,1866,6587,3373,3454,14322,2604,3082,13569,Day_1,Medium,Slow,2.5mm,Experiment_2
2025-10-23T00:50:33.757Z,303,1524,5636,605,1876,6598,3360,3449,14309,2603,3081,13568,Day_1,Medium,Slow,2.5mm,Experiment_2
2025-10-23T00:50:33.797Z,291,1527,5626,599,1884,6624,3352,3440,14241,2604,3076,13563,Day_1,Medium,Slow,2.5mm,Experiment_2
2025-10-23T00:50:33.837Z,275,1518,5587,596,1890,6668,3345,3420,14090,2607,3070,13566,Day_1,Medium,Slow,2.5mm,Experiment_2
2025-10-23T00:50:33.877Z,266,1499,5516,600,1897,6722,3336,3398,13891,2605,3069,13573,Day_1,Medium,Slow,2.5mm,Experiment_2
2025-10-23T00:50:33.917Z,263,1480,5460,606,1903,6760,3334,3392,13748,2596,3073,13553,Day_1,Medium,Slow,2.5mm,Experiment_2
2025-10-23T00:50:33.957Z,265,1472,5459,606,1903,6758,3348,3404,13744,2591,3074,13499,Day_1,Medium,Slow,2.5mm,Experiment_2
2025-10-23T00:50:33.997Z,271,1477,5501,602,1898,6724,3366,3420,13853,2592,3066,13451,Day_1,Medium,Slow,2.5mm,Experiment_2
2025-10-23T00:50:34.037Z,278,1484,5547,600,1888,6683,3377,3433,13993,2594,3054,13436,Day_1,Medium,Slow,2.5mm,Experiment_2
2025-10-23T00:50:34.077Z,285,1488,5577,600,1876,6646,3388,3440,14112,2596,3048,13444,Day_1,Medium,Slow,2.5mm,Experiment_2
2025-10-23T00:50:34.117Z,289,1495,5597,598,1869,6623,3392,3439,14188,2596,3048,13462,Day_1,Medium,Slow,2.5mm,Experiment_2
2025-10-23T00:50:34.157Z,286,1505,5607,594,1873,6615,3382,3429,14213,2595,3055,13488,Day_1,Medium,Slow,2.5mm,Experiment_2
2025-10-23T00:50:34.197Z,283,1512,5604,592,1884,6620,3364,3418,14200,2594,3065,13522,Day_1,Medium,Slow,2.5mm,Experiment_2
2025-10-23T00:50:34.237Z,284,1513,5593,594,1893,6633,3354,3415,14185,2595,3074,13556,Day_1,Medium,Slow,2.5mm,Experiment_2
2025-10-23T00:50:34.277Z,291,1510,5590,598,1895,6642,3357,3428,14195,2597,3078,13573,Day_1,Medium,Slow,2.5mm,Experiment_2
2025-10-23T00:50:34.317Z,299,1508,5600,598,1888,6636,3366,3459,14236,2603,3083,13568,Day_1,Medium,Slow,2.5mm,Experiment_2
2025-10-23T00:50:34.357Z,302,1509,5616,595,1876,6618,3379,3490,14275,2613,3090,13554,Day_1,Medium,Slow,2.5mm,Experiment_2
2025-10-23T00:50:34.397Z,300,1508,5630,595,1866,6603,3397,3501,14289,2621,3094,13545,Day_1,Medium,Slow,2.5mm,Experiment_2
2025-10-23T00:50:34.437Z,298,1510,5639,597,1863,6595,3409,3502,14290,2621,3095,13545,Day_1,Medium,Slow,2.5mm,Experiment_2
2025-10-23T00:50:34.477Z,300,1518,5640,599,1870,6588,3404,3510,14297,2616,3099,13550,Day_1,Medium,Slow,2.5mm,Experiment_2
2025-10-23T00:50:34.517Z,309,1529,5633,604,1881,6581,3391,3515,14308,2612,3101,13553,Day_1,Medium,Slow,2.5mm,Experiment_2
2025-10-23T00:50:34.557Z,321,1538,5623,612,1891,6579,3387,3506,14305,2614,3100,13555,Day_1,Medium,Slow,2.5mm,Experiment_2
2025-10-23T00:50:34.597Z,326,1542,5614,620,1898,6591,3394,3491,14278,2623,3102,13563,Day_1,Medium,Slow,2.5mm,Experiment_2
2025-10-23T00:50:34.637Z,320,1538,5599,625,1903,6625,3399,3472,14208,2631,3111,13581,Day_1,Medium,Slow,2.5mm,Experiment_2
2025-10-23T00:50:34.677Z,307,1520,5560,623,1908,6683,3383,3437,14057,2629,3118,13604,Day_1,Medium,Slow,2.5mm,Experiment_2
2025-10-23T00:50:34.717Z,289,1492,5502,615,1917,6753,3351,3387,13850,2617,3119,13607,Day_1,Medium,Slow,2.5mm,Experiment_2
2025-10-23T00:50:34.757Z,279,1476,5467,607,1924,6793,3330,3353,13712,2603,3109,13565,Day_1,Medium,Slow,2.5mm,Experiment_2
2025-10-23T00:50:34.797Z,284,1477,5483,609,1921,6781,3342,3353,13738,2596,3090,13498,Day_1,Medium,Slow,2.5mm,Experiment_2
2025-10-23T00:50:34.837Z,298,1486,5528,618,1908,6736,3372,3375,13874,2596,3073,13452,Day_1,Medium,Slow,2.5mm,Experiment_2
2025-10-23T00:50:34.877Z,310,1494,5566,626,1893,6690,3391,3402,14018,2595,3065,13445,Day_1,Medium,Slow,2.5mm,Experiment_2
2025-10-23T00:50:34.917Z,314,1500,5589,625,1880,6651,3385,3426,14122,2589,3062,13459,Day_1,Medium,Slow,2.5mm,Experiment_2
2025-10-23T00:50:34.957Z,309,1503,5604,614,1871,6627,3362,3447,14185,2583,3064,13476,Day_1,Medium,Slow,2.5mm,Experiment_2
2025-10-23T00:50:34.997Z,296,1504,5618,601,1866,6623,3335,3460,14227,2578,3069,13499,Day_1,Medium,Slow,2.5mm,Experiment_2
2025-10-23T00:50:35.037Z,287,1505,5627,595,1868,6633,3319,3464,14249,2576,3071,13525,Day_1,Medium,Slow,2.5mm,Experiment_2
2025-10-23T00:50:35.077Z,287,1506,5631,599,1871,6645,3326,3465,14239,2582,3069,13538,Day_1,Medium,Slow,2.5mm,Experiment_2
2025-10-23T00:50:35.117Z,293,1510,5634,603,1872,6646,3357,3476,14217,2595,3069,13530,Day_1,Medium,Slow,2.5mm,Experiment_2
2025-10-23T00:50:35.157Z,300,1515,5638,603,1871,6630,3387,3494,14222,2606,3074,13515,Day_1,Medium,Slow,2.5mm,Experiment_2
2025-10-23T00:50:35.197Z,308,1518,5637,601,1865,6606,3400,3498,14251,2613,3080,13517,Day_1,Medium,Slow,2.5mm,Experiment_2
2025-10-23T00:50:35.237Z,309,1519,5630,599,1859,6586,3404,3484,14280,2623,3083,13534,Day_1,Medium,Slow,2.5mm,Experiment_2
2025-10-23T00:50:35.277Z,307,1521,5621,600,1857,6577,3405,3472,14294,2631,3084,13550,Day_1,Medium,Slow,2.5mm,Experiment_2
2025-10-23T00:50:35.317Z,316,1524,5617,610,1860,6575,3401,3477,14289,2634,3086,13553,Day_1,Medium,Slow,2.5mm,Experiment_2
2025-10-23T00:50:35.357Z,329,1528,5620,626,1867,6581,3392,3493,14276,2633,3090,13550,Day_1,Medium,Slow,2.5mm,Experiment_2
2025-10-23T00:50:35.397Z,332,1534,5622,631,1880,6593,3388,3504,14261,2632,3097,13550,Day_1,Medium,Slow,2.5mm,Experiment_2
2025-10-23T00:50:35.437Z,321,1536,5617,623,1892,6618,3391,3501,14227,2633,3106,13563,Day_1,Medium,Slow,2.5mm,Experiment_2
2025-10-23T00:50:35.477Z,312,1526,5597,619,1897,6663,3387,3479,14136,2634,3114,13591,Day_1,Medium,Slow,2.5mm,Experiment_2
2025-10-23T00:50:35.517Z,310,1504,5548,626,1902,6726,3364,3435,13958,2628,3120,13618,Day_1,Medium,Slow,2.5mm,Experiment_2
2025-10-23T00:50:35.557Z,306,1481,5485,637,1912,6783,3333,3383,13745,2616,3117,13611,Day_1,Medium,Slow,2.5mm,Experiment_2
2025-10-23T00:50:35.597Z,300,1470,5456,640,1917,6801,3318,3348,13635,2603,3102,13553,Day_1,Medium,Slow,2.5mm,Experiment_2
2025-10-23T00:50:35.637Z,302,1472,5487,637,1909,6775,3323,3345,13706,2594,3076,13481,Day_1,Medium,Slow,2.5mm,Experiment_2
2025-10-23T00:50:35.677Z,310,1482,5545,632,1893,6727,3340,3370,13886,2591,3047,13443,Day_1,Medium,Slow,2.5mm,Experiment_2
2025-10-23T00:50:35.717Z,314,1492,5589,625,1880,6681,3359,3417,14062,2596,3030,13447,Day_1,Medium,Slow,2.5mm,Experiment_2
2025-10-23T00:50:35.757Z,307,1498,5611,615,1871,6647,3377,3469,14178,2602,3035,13469,Day_1,Medium,Slow,2.5mm,Experiment_2
2025-10-23T00:50:35.797Z,297,1502,5619,605,1866,6628,3383,3499,14229,2603,3059,13490,Day_1,Medium,Slow,2.5mm,Experiment_2
2025-10-23T00:50:35.837Z,290,1507,5617,599,1868,6623,3378,3506,14237,2600,3084,13511,Day_1,Medium,Slow,2.5mm,Experiment_2
2025-10-23T00:50:35.877Z,287,1505,5608,597,1869,6628,3379,3500,14227,2600,3094,13534,Day_1,Medium,Slow,2.5mm,Experiment_2
2025-10-23T00:50:35.917Z,282,1497,5604,594,1864,6634,3390,3485,14215,2602,3090,13544,Day_1,Medium,Slow,2.5mm,Experiment_2
2025-10-23T00:50:35.957Z,278,1495,5610,590,1859,6631,3403,3465,14222,2603,3079,13533,Day_1,Medium,Slow,2.5mm,Experiment_2
2025-10-23T00:50:35.997Z,283,1500,5618,594,1858,6614,3411,3451,14252,2601,3071,13517,Day_1,Medium,Slow,2.5mm,Experiment_2
2025-10-23T00:50:36.037Z,294,1504,5619,603,1857,6595,3407,3451,14276,2600,3075,13514,Day_1,Medium,Slow,2.5mm,Experiment_2
2025-10-23T00:50:36.077Z,300,1508,5615,607,1858,6581,3396,3463,14286,2604,3086,13528,Day_1,Medium,Slow,2.5mm,Experiment_2
2025-10-23T00:50:36.117Z,295,1515,5615,604,1864,6576,3385,3478,14302,2608,3094,13547,Day_1,Medium,Slow,2.5mm,Experiment_2
2025-10-23T00:50:36.157Z,290,1521,5620,602,1869,6576,3374,3492,14320,2609,3099,13558,Day_1,Medium,Slow,2.5mm,Experiment_2
2025-10-23T00:50:36.197Z,294,1521,5626,605,1871,6580,3360,3499,14319,2605,3101,13557,Day_1,Medium,Slow,2.5mm,Experiment_2
2025-10-23T00:50:36.237Z,302,1517,5629,609,1870,6588,3349,3497,14291,2604,3100,13551,Day_1,Medium,Slow,2.5mm,Experiment_2
2025-10-23T00:50:36.277Z,306,1515,5624,610,1873,6609,3346,3484,14231,2607,3099,13555,Day_1,Medium,Slow,2.5mm,Experiment_2
2025-10-23T00:50:36.317Z,298,1508,5600,609,1882,6655,3345,3453,14113,2614,3101,13573,Day_1,Medium,Slow,2.5mm,Experiment_2
2025-10-23T00:50:36.357Z,282,1495,5548,609,1897,6719,3340,3405,13934,2618,3101,13590,Day_1,Medium,Slow,2.5mm,Experiment_2
2025-10-23T00:50:36.397Z,269,1486,5494,612,1916,6770,3338,3357,13777,2618,3094,13577,Day_1,Medium,Slow,2.5mm,Experiment_2
2025-10-23T00:50:36.437Z,267,1488,5480,614,1927,6773,3350,3340,13756,2615,3079,13528,Day_1,Medium,Slow,2.5mm,Experiment_2
2025-10-23T00:50:36.477Z,274,1500,5510,612,1925,6735,3371,3361,13874,2612,3062,13474,Day_1,Medium,Slow,2.5mm,Experiment_2
2025-10-23T00:50:36.517Z,283,1513,5554,609,1914,6686,3382,3397,14029,2608,3050,13443,Day_1,Medium,Slow,2.5mm,Experiment_2
2025-10-23T00:50:36.557Z,291,1521,5586,607,1901,6647,3374,3428,14148,2598,3049,13439,Day_1,Medium,Slow,2.5mm,Experiment_2
2025-10-23T00:50:36.597Z,302,1523,5607,608,1889,6626,3365,3451,14224,2591,3057,13459,Day_1,Medium,Slow,2.5mm,Experiment_2
2025-10-23T00:50:36.637Z,315,1526,5620,612,1886,6621,3365,3472,14259,2592,3070,13497,Day_1,Medium,Slow,2.5mm,Experiment_2
2025-10-23T00:50:36.677Z,323,1532,5618,617,1891,6627,3368,3480,14251,2597,3079,13536,Day_1,Medium,Slow,2.5mm,Experiment_2
2025-10-23T00:50:36.717Z,320,1532,5600,619,1895,6635,3368,3463,14210,2603,3081,13563,Day_1,Medium,Slow,2.5mm,Experiment_2
2025-10-23T00:50:36.757Z,312,1528,5585,616,1893,6637,3365,3442,14174,2606,3079,13566,Day_1,Medium,Slow,2.5mm,Experiment_2
2025-10-23T00:50:36.797Z,302,1525,5589,608,1888,6630,3369,3437,14179,2609,3074,13552,Day_1,Medium,Slow,2.5mm,Experiment_2
2025-10-23T00:50:36.837Z,294,1520,5608,600,1882,6618,3379,3449,14219,2617,3068,13542,Day_1,Medium,Slow,2.5mm,Experiment_2
2025-10-23T00:50:36.878Z,295,1512,5624,601,1872,6604,3393,3460,14256,2629,3065,13544,Day_1,Medium,Slow,2.5mm,Experiment_2
2025-10-23T00:50:36.918Z,305,1507,5629,611,1864,6593,3402,3461,14277,2634,3066,13553,Day_1,Medium,Slow,2.5mm,Experiment_2
2025-10-23T00:50:36.958Z,315,1510,5625,618,1863,6586,3405,3461,14289,2629,3072,13557,Day_1,Medium,Slow,2.5mm,Experiment_2
2025-10-23T00:50:36.998Z,314,1512,5624,615,1865,6584,3408,3470,14295,2624,3082,13556,Day_1,Medium,Slow,2.5mm,Experiment_2
2025-10-23T00:50:37.038Z,304,1509,5627,605,1864,6588,3411,3480,14294,2623,3089,13555,Day_1,Medium,Slow,2.5mm,Experiment_2
2025-10-23T00:50:37.078Z,294,1504,5631,596,1865,6598,3410,3485,14281,2622,3091,13559,Day_1,Medium,Slow,2.5mm,Experiment_2
2025-10-23T00:50:37.118Z,287,1500,5622,592,1871,6622,3401,3485,14231,2620,3096,13566,Day_1,Medium,Slow,2.5mm,Experiment_2
2025-10-23T00:50:37.158Z,279,1495,5583,594,1883,6672,3388,3471,14107,2619,3109,13581,Day_1,Medium,Slow,2.5mm,Experiment_2
2025-10-23T00:50:37.198Z,275,1489,5521,604,1901,6736,3372,3438,13911,2619,3128,13589,Day_1,Medium,Slow,2.5mm,Experiment_2
2025-10-23T00:50:37.238Z,282,1490,5474,618,1919,6780,3359,3406,13750,2615,3138,13557,Day_1,Medium,Slow,2.5mm,Experiment_2
2025-10-23T00:50:37.278Z,291,1499,5478,623,1928,6774,3354,3406,13740,2603,3128,13490,Day_1,Medium,Slow,2.5mm,Experiment_2
2025-10-23T00:50:37.318Z,294,1509,5519,616,1921,6735,3353,3438,13857,2587,3105,13439,Day_1,Medium,Slow,2.5mm,Experiment_2
2025-10-23T00:50:37.358Z,293,1512,5563,608,1903,6694,3351,3473,13999,2576,3088,13430,Day_1,Medium,Slow,2.5mm,Experiment_2
2025-10-23T00:50:37.398Z,293,1512,5595,604,1888,6661,3354,3493,14111,2577,3085,13449,Day_1,Medium,Slow,2.5mm,Experiment_2
2025-10-23T00:50:37.438Z,294,1512,5610,602,1881,6637,3373,3500,14183,2590,3087,13472,Day_1,Medium,Slow,2.5mm,Experiment_2
2025-10-23T00:50:37.478Z,298,1511,5615,600,1879,6626,3402,3502,14214,2608,3090,13491,Day_1,Medium,Slow,2.5mm,Experiment_2
2025-10-23T00:50:37.518Z,301,1510,5617,602,1880,6631,3411,3502,14205,2622,3093,13505,Day_1,Medium,Slow,2.5mm,Experiment_2
2025-10-23T00:50:37.558Z,299,1509,5620,604,1883,6647,3385,3501,14174,2622,3094,13514,Day_1,Medium,Slow,2.5mm,Experiment_2
2025-10-23T00:50:37.598Z,296,1509,5627,606,1884,6658,3351,3502,14158,2611,3090,13514,Day_1,Medium,Slow,2.5mm,Experiment_2
2025-10-23T00:50:37.638Z,293,1512,5637,605,1883,6652,3343,3505,14180,2604,3082,13505,Day_1,Medium,Slow,2.5mm,Experiment_2
2025-10-23T00:50:37.678Z,290,1516,5644,597,1881,6631,3354,3508,14219,2607,3076,13499,Day_1,Medium,Slow,2.5mm,Experiment_2
2025-10-23T00:50:37.718Z,285,1520,5646,586,1881,6609,3363,3512,14245,2609,3077,13504,Day_1,Medium,Slow,2.5mm,Experiment_2
2025-10-23T00:50:37.758Z,284,1522,5644,579,1880,6597,3362,3513,14252,2607,3080,13517,Day_1,Medium,Slow,2.5mm,Experiment_2
2025-10-23T00:50:37.798Z,290,1525,5639,581,1878,6591,3360,3508,14255,2604,3085,13531,Day_1,Medium,Slow,2.5mm,Experiment_2
2025-10-23T00:50:37.838Z,299,1524,5627,588,1874,6585,3364,3505,14262,2608,3090,13545,Day_1,Medium,Slow,2.5mm,Experiment_2
2025-10-23T00:50:37.878Z,303,1515,5610,594,1868,6581,3376,3512,14273,2620,3097,13560,Day_1,Medium,Slow,2.5mm,Experiment_2
2025-10-23T00:50:37.918Z,298,1505,5590,598,1865,6584,3390,3512,14266,2634,3103,13581,Day_1,Medium,Slow,2.5mm,Experiment_2
2025-10-23T00:50:37.958Z,290,1500,5563,603,1874,6612,3392,3482,14203,2640,3104,13608,Day_1,Medium,Slow,2.5mm,Experiment_2
2025-10-23T00:50:37.998Z,280,1495,5515,609,1893,6674,3374,3430,14049,2635,3107,13632,Day_1,Medium,Slow,2.5mm,Experiment_2
2025-10-23T00:50:38.038Z,270,1481,5453,614,1909,6747,3346,3380,13839,2623,3112,13629,Day_1,Medium,Slow,2.5mm,Experiment_2
2025-10-23T00:50:38.078Z,269,1467,5420,618,1912,6784,3331,3357,13711,2607,3110,13584,Day_1,Medium,Slow,2.5mm,Experiment_2
2025-10-23T00:50:38.118Z,279,1468,5442,621,1904,6763,3336,3373,13761,2592,3097,13519,Day_1,Medium,Slow,2.5mm,Experiment_2
2025-10-23T00:50:38.158Z,288,1484,5494,617,1894,6712,3353,3407,13914,2585,3082,13474,Day_1,Medium,Slow,2.5mm,Experiment_2
2025-10-23T00:50:38.198Z,290,1498,5541,610,1886,6667,3375,3437,14051,2594,3073,13457,Day_1,Medium,Slow,2.5mm,Experiment_2
2025-10-23T00:50:38.238Z,289,1504,5582,604,1876,6641,3393,3448,14135,2608,3070,13458,Day_1,Medium,Slow,2.5mm,Experiment_2
2025-10-23T00:50:38.278Z,293,1508,5614,602,1868,6630,3394,3440,14180,2613,3068,13474,Day_1,Medium,Slow,2.5mm,Experiment_2
2025-10-23T00:50:38.318Z,297,1515,5627,604,1867,6627,3386,3431,14204,2608,3069,13502,Day_1,Medium,Slow,2.5mm,Experiment_2
2025-10-23T00:50:38.358Z,297,1521,5619,606,1872,6626,3378,3435,14216,2602,3074,13527,Day_1,Medium,Slow,2.5mm,Experiment_2
2025-10-23T00:50:38.398Z,296,1524,5604,607,1878,6621,3373,3444,14220,2602,3077,13533,Day_1,Medium,Slow,2.5mm,Experiment_2
2025-10-23T00:50:38.438Z,293,1523,5597,606,1880,6608,3371,3456,14230,2604,3075,13517,Day_1,Medium,Slow,2.5mm,Experiment_2
2025-10-23T00:50:38.478Z,290,1515,5601,603,1873,6588,3368,3473,14250,2605,3075,13501,Day_1,Medium,Slow,2.5mm,Experiment_2
2025-10-23T00:50:38.518Z,288,1504,5610,599,1863,6577,3362,3489,14269,2604,3080,13506,Day_1,Medium,Slow,2.5mm,Experiment_2
2025-10-23T00:50:38.558Z,286,1502,5618,596,1860,6579,3361,3492,14285,2605,3085,13524,Day_1,Medium,Slow,2.5mm,Experiment_2
2025-10-23T00:50:38.598Z,283,1506,5626,594,1863,6587,3369,3483,14305,2610,3086,13542,Day_1,Medium,Slow,2.5mm,Experiment_2
2025-10-23T00:50:38.638Z,280,1509,5631,589,1864,6593,3378,3474,14328,2617,3086,13557,Day_1,Medium,Slow,2.5mm,Experiment_2
2025-10-23T00:50:38.678Z,280,1508,5630,585,1862,6591,3378,3474,14344,2620,3089,13570,Day_1,Medium,Slow,2.5mm,Experiment_2
2025-10-23T00:50:38.718Z,282,1511,5622,583,1864,6588,3377,3478,14335,2621,3092,13580,Day_1,Medium,Slow,2.5mm,Experiment_2
2025-10-23T00:50:38.758Z,285,1514,5611,586,1873,6602,3382,3473,14276,2622,3095,13588,Day_1,Medium,Slow,2.5mm,Experiment_2
2025-10-23T00:50:38.798Z,283,1508,5586,591,1889,6647,3381,3454,14147,2624,3100,13599,Day_1,Medium,Slow,2.5mm,Experiment_2
2025-10-23T00:50:38.838Z,274,1492,5533,597,1910,6714,3369,3422,13949,2624,3110,13606,Day_1,Medium,Slow,2.5mm,Experiment_2
2025-10-23T00:50:38.878Z,262,1479,5472,604,1931,6771,3353,3387,13757,2621,3115,13585,Day_1,Medium,Slow,2.5mm,Experiment_2
2025-10-23T00:50:38.918Z,258,1478,5454,608,1939,6786,3343,3380,13697,2610,3107,13530,Day_1,Medium,Slow,2.5mm,Experiment_2
2025-10-23T00:50:38.958Z,266,1489,5493,610,1929,6757,3347,3411,13797,2597,3092,13470,Day_1,Medium,Slow,2.5mm,Experiment_2
2025-10-23T00:50:38.998Z,279,1501,5550,610,1911,6711,3366,3452,13963,2592,3080,13440,Day_1,Medium,Slow,2.5mm,Experiment_2
2025-10-23T00:50:39.038Z,289,1506,5592,608,1890,6670,3386,3473,14096,2596,3073,13437,Day_1,Medium,Slow,2.5mm,Experiment_2
2025-10-23T00:50:39.078Z,294,1506,5615,605,1873,6643,3390,3477,14168,2600,3075,13450,Day_1,Medium,Slow,2.5mm,Experiment_2
2025-10-23T00:50:39.118Z,295,1507,5629,601,1867,6636,3384,3470,14192,2600,3079,13472,Day_1,Medium,Slow,2.5mm,Experiment_2
2025-10-23T00:50:39.158Z,292,1510,5636,596,1872,6649,3386,3448,14190,2602,3078,13505,Day_1,Medium,Slow,2.5mm,Experiment_2
2025-10-23T00:50:39.198Z,289,1513,5632,594,1878,6669,3399,3424,14182,2608,3073,13539,Day_1,Medium,Slow,2.5mm,Experiment_2
2025-10-23T00:50:39.238Z,291,1512,5622,599,1880,6675,3406,3421,14183,2607,3071,13552,Day_1,Medium,Slow,2.5mm,Experiment_2
2025-10-23T00:50:39.278Z,298,1512,5615,607,1879,6659,3395,3441,14197,2598,3074,13543,Day_1,Medium,Slow,2.5mm,Experiment_2
2025-10-23T00:50:39.318Z,303,1519,5615,611,1881,6629,3380,3471,14233,2591,3079,13534,Day_1,Medium,Slow,2.5mm,Experiment_2
2025-10-23T00:50:39.358Z,303,1530,5617,606,1885,6602,3374,3486,14280,2592,3084,13541,Day_1,Medium,Slow,2.5mm,Experiment_2
2025-10-23T00:50:39.398Z,296,1536,5622,597,1885,6587,3377,3478,14310,2599,3082,13552,Day_1,Medium,Slow,2.5mm,Experiment_2
2025-10-23T00:50:39.438Z,287,1531,5624,588,1875,6578,3384,3464,14309,2607,3077,13553,Day_1,Medium,Slow,2.5mm,Experiment_2
2025-10-23T00:50:39.478Z,282,1523,5623,584,1866,6572,3383,3457,14299,2611,3073,13552,Day_1,Medium,Slow,2.5mm,Experiment_2
2025-10-23T00:50:39.518Z,286,1519,5619,589,1864,6573,3372,3455,14295,2611,3073,13558,Day_1,Medium,Slow,2.5mm,Experiment_2
2025-10-23T00:50:39.558Z,296,1519,5610,598,1869,6581,3366,3455,14278,2616,3078,13572,Day_1,Medium,Slow,2.5mm,Experiment_2
2025-10-23T00:50:39.598Z,298,1515,5591,603,1874,6609,3369,3446,14210,2620,3086,13588,Day_1,Medium,Slow,2.5mm,Experiment_2
2025-10-23T00:50:39.638Z,293,1503,5555,605,1882,6668,3359,3416,14062,2617,3092,13604,Day_1,Medium,Slow,2.5mm,Experiment_2
2025-10-23T00:50:39.678Z,288,1486,5501,611,1895,6741,3334,3371,13868,2606,3092,13609,Day_1,Medium,Slow,2.5mm,Experiment_2
2025-10-23T00:50:39.718Z,287,1475,5465,616,1907,6786,3316,3342,13741,2593,3084,13576,Day_1,Medium,Slow,2.5mm,Experiment_2
2025-10-23T00:50:39.758Z,283,1477,5480,612,1908,6779,3324,3353,13757,2588,3074,13509,Day_1,Medium,Slow,2.5mm,Experiment_2
2025-10-23T00:50:39.798Z,282,1491,5530,606,1900,6742,3349,3386,13869,2592,3069,13452,Day_1,Medium,Slow,2.5mm,Experiment_2
2025-10-23T00:50:39.838Z,287,1506,5577,606,1891,6704,3365,3414,13996,2597,3069,13435,Day_1,Medium,Slow,2.5mm,Experiment_2
2025-10-23T00:50:39.878Z,293,1518,5607,608,1886,6670,3370,3431,14105,2600,3069,13447,Day_1,Medium,Slow,2.5mm,Experiment_2
2025-10-23T00:50:39.918Z,291,1525,5624,606,1884,6642,3384,3454,14178,2604,3071,13470,Day_1,Medium,Slow,2.5mm,Experiment_2
2025-10-23T00:50:39.958Z,286,1525,5631,602,1882,6631,3411,3479,14211,2615,3078,13497,Day_1,Medium,Slow,2.5mm,Experiment_2
2025-10-23T00:50:39.998Z,288,1517,5632,604,1877,6638,3430,3485,14209,2630,3086,13523,Day_1,Medium,Slow,2.5mm,Experiment_2
2025-10-23T00:50:40.038Z,297,1508,5628,613,1874,6651,3431,3469,14189,2638,3086,13534,Day_1,Medium,Slow,2.5mm,Experiment_2
2025-10-23T00:50:40.078Z,307,1504,5623,621,1875,6655,3417,3452,14182,2632,3079,13526,Day_1,Medium,Slow,2.5mm,Experiment_2
2025-10-23T00:50:40.118Z,314,1506,5620,621,1874,6637,3401,3450,14207,2622,3073,13510,Day_1,Medium,Slow,2.5mm,Experiment_2
2025-10-23T00:50:40.158Z,315,1507,5616,615,1869,6607,3395,3456,14247,2618,3071,13502,Day_1,Medium,Slow,2.5mm,Experiment_2
2025-10-23T00:50:40.198Z,310,1508,5613,606,1865,6581,3396,3458,14269,2619,3072,13506,Day_1,Medium,Slow,2.5mm,Experiment_2
2025-10-23T00:50:40.238Z,301,1512,5615,597,1868,6571,3395,3460,14272,2621,3074,13515,Day_1,Medium,Slow,2.5mm,Experiment_2
2025-10-23T00:50:40.278Z,299,1518,5625,595,1870,6576,3390,3467,14279,2626,3079,13526,Day_1,Medium,Slow,2.5mm,Experiment_2
2025-10-23T00:50:40.318Z,306,1520,5637,604,1868,6587,3379,3476,14294,2627,3086,13538,Day_1,Medium,Slow,2.5mm,Experiment_2
2025-10-23T00:50:40.358Z,312,1517,5642,615,1866,6600,3366,3483,14297,2621,3090,13550,Day_1,Medium,Slow,2.5mm,Experiment_2
2025-10-23T00:50:40.398Z,306,1515,5636,615,1871,6618,3356,3483,14270,2613,3095,13568,Day_1,Medium,Slow,2.5mm,Experiment_2
2025-10-23T00:50:40.438Z,291,1511,5607,608,1884,6650,3350,3467,14180,2612,3101,13595,Day_1,Medium,Slow,2.5mm,Experiment_2
2025-10-23T00:50:40.478Z,278,1496,5546,606,1901,6706,3347,3430,14000,2618,3110,13618,Day_1,Medium,Slow,2.5mm,Experiment_2
2025-10-23T00:50:40.518Z,274,1469,5471,614,1909,6769,3349,3389,13785,2626,3116,13613,Day_1,Medium,Slow,2.5mm,Experiment_2
2025-10-23T00:50:40.558Z,273,1452,5433,618,1906,6800,3360,3365,13672,2624,3107,13569,Day_1,Medium,Slow,2.5mm,Experiment_2
2025-10-23T00:50:40.598Z,277,1461,5460,616,1900,6780,3380,3371,13733,2616,3087,13506,Day_1,Medium,Slow,2.5mm,Experiment_2
2025-10-23T00:50:40.638Z,287,1482,5524,615,1894,6737,3400,3399,13891,2611,3071,13463,Day_1,Medium,Slow,2.5mm,Experiment_2
2025-10-23T00:50:40.678Z,300,1500,5577,618,1887,6692,3411,3428,14042,2614,3065,13452,Day_1,Medium,Slow,2.5mm,Experiment_2
2025-10-23T00:50:40.718Z,311,1508,5603,621,1876,6653,3401,3447,14144,2615,3066,13459,Day_1,Medium,Slow,2.5mm,Experiment_2
2025-10-23T00:50:40.758Z,316,1504,5611,622,1863,6628,3375,3454,14197,2610,3070,13476,Day_1,Medium,Slow,2.5mm,Experiment_2
2025-10-23T00:50:40.798Z,313,1493,5616,619,1855,6625,3353,3454,14211,2605,3075,13497,Day_1,Medium,Slow,2.5mm,Experiment_2
2025-10-23T00:50:40.838Z,312,1490,5617,618,1860,6634,3351,3454,14204,2606,3078,13515,Day_1,Medium,Slow,2.5mm,Experiment_2
2025-10-23T00:50:40.878Z,317,1497,5614,626,1873,6636,3365,3456,14193,2611,3077,13519,Day_1,Medium,Slow,2.5mm,Experiment_2
2025-10-23T00:50:40.918Z,325,1513,5609,636,1886,6620,3385,3456,14199,2618,3071,13505,Day_1,Medium,Slow,2.5mm,Experiment_2
2025-10-23T00:50:40.958Z,332,1530,5609,642,1893,6597,3404,3452,14240,2624,3064,13495,Day_1,Medium,Slow,2.5mm,Experiment_2
2025-10-23T00:50:40.998Z,332,1538,5618,640,1891,6588,3415,3452,14287,2628,3063,13509,Day_1,Medium,Slow,2.5mm,Experiment_2
2025-10-23T00:50:41.038Z,329,1536,5628,634,1884,6591,3417,3465,14304,2630,3071,13532,Day_1,Medium,Slow,2.5mm,Experiment_2
2025-10-23T00:50:41.078Z,330,1531,5635,632,1876,6593,3412,3479,14304,2631,3079,13546,Day_1,Medium,Slow,2.5mm,Experiment_2
2025-10-23T00:50:41.118Z,332,1530,5632,630,1876,6587,3404,3468,14309,2628,3075,13554,Day_1,Medium,Slow,2.5mm,Experiment_2
2025-10-23T00:50:41.158Z,324,1536,5623,622,1883,6580,3390,3446,14318,2620,3067,13562,Day_1,Medium,Slow,2.5mm,Experiment_2
2025-10-23T00:50:41.198Z,313,1535,5615,614,1884,6582,3374,3435,14312,2613,3068,13567,Day_1,Medium,Slow,2.5mm,Experiment_2
2025-10-23T00:50:41.238Z,304,1519,5606,612,1876,6599,3359,3430,14267,2609,3076,13571,Day_1,Medium,Slow,2.5mm,Experiment_2
2025-10-23T00:50:41.278Z,300,1498,5579,617,1874,6640,3341,3413,14149,2605,3086,13585,Day_1,Medium,Slow,2.5mm,Experiment_2
2025-10-23T00:50:41.318Z,292,1485,5527,619,1892,6704,3320,3385,13956,2601,3095,13597,Day_1,Medium,Slow,2.5mm,Experiment_2
2025-10-23T00:50:41.358Z,277,1480,5473,612,1915,6761,3314,3360,13779,2599,3098,13581,Day_1,Medium,Slow,2.5mm,Experiment_2
2025-10-23T00:50:41.398Z,264,1487,5458,605,1926,6770,3335,3357,13738,2600,3086,13526,Day_1,Medium,Slow,2.5mm,Experiment_2
2025-10-23T00:50:41.438Z,268,1504,5495,608,1926,6733,3371,3378,13836,2599,3065,13460,Day_1,Medium,Slow,2.5mm,Experiment_2
2025-10-23T00:50:41.478Z,283,1519,5559,615,1920,6689,3401,3414,13979,2599,3052,13419,Day_1,Medium,Slow,2.5mm,Experiment_2
2025-10-23T00:50:41.518Z,297,1525,5615,620,1910,6662,3409,3451,14099,2598,3055,13416,Day_1,Medium,Slow,2.5mm,Experiment_2
2025-10-23T00:50:41.559Z,306,1524,5640,621,1898,6647,3405,3476,14175,2600,3067,13440,Day_1,Medium,Slow,2.5mm,Experiment_2
2025-10-23T00:50:41.599Z,307,1518,5636,618,1886,6635,3410,3483,14203,2606,3076,13475,Day_1,Medium,Slow,2.5mm,Experiment_2
2025-10-23T00:50:41.639Z,298,1508,5618,611,1877,6633,3417,3480,14189,2615,3080,13511,Day_1,Medium,Slow,2.5mm,Experiment_2
2025-10-23T00:50:41.679Z,290,1502,5600,607,1875,6642,3412,3475,14154,2620,3085,13539,Day_1,Medium,Slow,2.5mm,Experiment_2
2025-10-23T00:50:41.719Z,291,1502,5595,608,1877,6647,3401,3477,14138,2620,3089,13553,Day_1,Medium,Slow,2.5mm,Experiment_2
2025-10-23T00:50:41.759Z,299,1504,5608,611,1875,6640,3394,3486,14174,2619,3087,13554,Day_1,Medium,Slow,2.5mm,Experiment_2
2025-10-23T00:50:41.799Z,313,1506,5629,618,1871,6623,3402,3504,14242,2622,3086,13551,Day_1,Medium,Slow,2.5mm,Experiment_2
2025-10-23T00:50:41.839Z,326,1506,5642,628,1867,6607,3418,3517,14299,2628,3087,13547,Day_1,Medium,Slow,2.5mm,Experiment_2
2025-10-23T00:50:41.879Z,329,1507,5643,633,1866,6599,3428,3508,14324,2632,3088,13542,Day_1,Medium,Slow,2.5mm,Experiment_2
2025-10-23T00:50:41.919Z,324,1511,5640,631,1868,6600,3427,3481,14315,2636,3083,13536,Day_1,Medium,Slow,2.5mm,Experiment_2
2025-10-23T00:50:41.959Z,316,1517,5636,625,1871,6602,3416,3453,14288,2636,3076,13536,Day_1,Medium,Slow,2.5mm,Experiment_2
2025-10-23T00:50:41.999Z,304,1522,5628,612,1874,6598,3396,3438,14264,2629,3073,13545,Day_1,Medium,Slow,2.5mm,Experiment_2
2025-10-23T00:50:42.039Z,294,1527,5617,601,1878,6596,3373,3438,14255,2615,3075,13561,Day_1,Medium,Slow,2.5mm,Experiment_2
2025-10-23T00:50:42.079Z,289,1526,5602,598,1883,6614,3353,3441,14225,2603,3081,13580,Day_1,Medium,Slow,2.5mm,Experiment_2
2025-10-23T00:50:42.119Z,286,1516,5563,605,1894,6662,3341,3428,14111,2599,3089,13598,Day_1,Medium,Slow,2.5mm,Experiment_2
2025-10-23T00:50:42.159Z,285,1498,5503,618,1911,6730,3338,3395,13916,2603,3097,13598,Day_1,Medium,Slow,2.5mm,Experiment_2
2025-10-23T00:50:42.199Z,285,1483,5464,631,1923,6777,3348,3370,13763,2606,3095,13559,Day_1,Medium,Slow,2.5mm,Experiment_2
2025-10-23T00:50:42.239Z,277,1481,5481,636,1920,6779,3368,3382,13768,2600,3083,13495,Day_1,Medium,Slow,2.5mm,Experiment_2
2025-10-23T00:50:42.279Z,257,1489,5531,634,1906,6750,3385,3422,13894,2591,3072,13455,Day_1,Medium,Slow,2.5mm,Experiment_2
2025-10-23T00:50:42.319Z,245,1498,5574,628,1890,6712,3381,3456,14026,2584,3068,13450,Day_1,Medium,Slow,2.5mm,Experiment_2
2025-10-23T00:50:42.359Z,256,1509,5600,616,1882,6676,3374,3465,14115,2584,3067,13460,Day_1,Medium,Slow,2.5mm,Experiment_2
2025-10-23T00:50:42.399Z,277,1527,5615,605,1885,6649,3380,3452,14166,2591,3066,13471,Day_1,Medium,Slow,2.5mm,Experiment_2
2025-10-23T00:50:42.439Z,291,1541,5623,603,1893,6637,3384,3436,14184,2598,3064,13482,Day_1,Medium,Slow,2.5mm,Experiment_2
2025-10-23T00:50:42.479Z,297,1539,5621,608,1897,6639,3373,3431,14176,2600,3067,13496,Day_1,Medium,Slow,2.5mm,Experiment_2
2025-10-23T00:50:42.519Z,302,1524,5613,616,1895,6647,3362,3434,14161,2601,3073,13510,Day_1,Medium,Slow,2.5mm,Experiment_2
2025-10-23T00:50:42.559Z,312,1517,5610,621,1892,6649,3366,3443,14161,2605,3076,13515,Day_1,Medium,Slow,2.5mm,Experiment_2
2025-10-23T00:50:42.919Z,347,1503,5601,630,1879,6635,3384,3451,14192,2625,3094,13594,Day_1,Medium,Slow,2.5mm,Experiment_2
2025-10-23T00:50:42.959Z,290,1494,5545,629,1895,6695,3345,3408,14018,2613,3096,13614,Day_1,Medium,Slow,2.5mm,Experiment_2
2025-10-23T00:50:42.999Z,259,1482,5478,632,1914,6766,3316,3361,13794,2605,3098,13610,Day_1,Medium,Slow,2.5mm,Experiment_2
2025-10-23T00:50:43.039Z,235,1472,5443,630,1922,6804,3311,3338,13661,2598,3090,13564,Day_1,Medium,Slow,2.5mm,Experiment_2
2025-10-23T00:50:43.079Z,218,1470,5469,619,1913,6789,3322,3357,13713,2589,3075,13497,Day_1,Medium,Slow,2.5mm,Experiment_2
2025-10-23T00:50:43.119Z,199,1477,5532,610,1899,6748,3343,3402,13875,2587,3068,13451,Day_1,Medium,Slow,2.5mm,Experiment_2
2025-10-23T00:50:42.599Z,340,1523,5618,620,1889,6637,3381,3460,14188,2611,3076,13511,Day_1,Medium,Slow,2.5mm,Experiment_2
2025-10-23T00:50:42.639Z,392,1525,5631,616,1882,6618,3396,3487,14235,2619,3078,13508,Day_1,Medium,Slow,2.5mm,Experiment_2
2025-10-23T00:50:42.679Z,452,1519,5637,611,1873,6603,3405,3511,14282,2625,3085,13514,Day_1,Medium,Slow,2.5mm,Experiment_2
2025-10-23T00:50:42.719Z,553,1513,5637,602,1868,6595,3405,3521,14311,2628,3094,13524,Day_1,Medium,Slow,2.5mm,Experiment_2
2025-10-23T00:50:42.759Z,743,1512,5634,594,1869,6590,3405,3519,14317,2627,3100,13531,Day_1,Medium,Slow,2.5mm,Experiment_2
2025-10-23T00:50:42.799Z,860,1512,5633,598,1870,6586,3408,3512,14310,2629,3103,13539,Day_1,Medium,Slow,2.5mm,Experiment_2
2025-10-23T00:50:42.839Z,726,1511,5633,612,1871,6588,3412,3499,14302,2633,3102,13553,Day_1,Medium,Slow,2.5mm,Experiment_2
2025-10-23T00:50:42.879Z,490,1509,5627,626,1873,6601,3409,3480,14276,2634,3098,13572,Day_1,Medium,Slow,2.5mm,Experiment_2
2025-10-23T00:50:43.159Z,194,1489,5590,612,1890,6708,3366,3449,14022,2593,3071,13442,Day_1,Medium,Slow,2.5mm,Experiment_2
2025-10-23T00:50:43.199Z,224,1501,5624,618,1884,6673,3377,3486,14120,2598,3075,13455,Day_1,Medium,Slow,2.5mm,Experiment_2
2025-10-23T00:50:43.239Z,262,1515,5634,624,1882,6644,3378,3505,14187,2599,3077,13479,Day_1,Medium,Slow,2.5mm,Experiment_2
2025-10-23T00:50:43.279Z,284,1529,5629,625,1886,6629,3384,3505,14222,2605,3078,13500,Day_1,Medium,Slow,2.5mm,Experiment_2
2025-10-23T00:50:43.319Z,301,1538,5623,623,1891,6629,3395,3492,14222,2613,3079,13513,Day_1,Medium,Slow,2.5mm,Experiment_2
2025-10-23T00:50:43.359Z,318,1538,5623,619,1895,6631,3403,3472,14209,2617,3077,13512,Day_1,Medium,Slow,2.5mm,Experiment_2
2025-10-23T00:50:43.399Z,339,1531,5629,615,1891,6623,3405,3464,14215,2617,3074,13499,Day_1,Medium,Slow,2.5mm,Experiment_2
2025-10-23T00:50:43.439Z,390,1522,5631,611,1881,6603,3407,3476,14246,2617,3076,13490,Day_1,Medium,Slow,2.5mm,Experiment_2
2025-10-23T00:50:43.479Z,476,1517,5626,605,1869,6582,3410,3488,14281,2622,3081,13502,Day_1,Medium,Slow,2.5mm,Experiment_2
2025-10-23T00:50:43.519Z,513,1517,5617,596,1863,6572,3410,3486,14303,2629,3086,13524,Day_1,Medium,Slow,2.5mm,Experiment_2
2025-10-23T00:50:43.559Z,427,1520,5612,589,1864,6571,3411,3475,14313,2639,3088,13536,Day_1,Medium,Slow,2.5mm,Experiment_2
2025-10-23T00:50:43.599Z,292,1524,5613,590,1868,6574,3420,3468,14308,2651,3089,13539,Day_1,Medium,Slow,2.5mm,Experiment_2
2025-10-23T00:50:43.639Z,219,1525,5616,595,1870,6577,3429,3464,14285,2659,3089,13540,Day_1,Medium,Slow,2.5mm,Experiment_2
2025-10-23T00:50:43.679Z,230,1526,5616,600,1876,6582,3425,3456,14249,2658,3085,13540,Day_1,Medium,Slow,2.5mm,Experiment_2
2025-10-23T00:50:43.719Z,270,1526,5612,606,1881,6603,3413,3444,14201,2649,3083,13547,Day_1,Medium,Slow,2.5mm,Experiment_2
2025-10-23T00:50:43.759Z,290,1512,5590,611,1884,6651,3408,3430,14105,2642,3091,13568,Day_1,Medium,Slow,2.5mm,Experiment_2
2025-10-23T00:50:43.799Z,284,1486,5539,611,1890,6720,3400,3414,13933,2636,3107,13590,Day_1,Medium,Slow,2.5mm,Experiment_2
2025-10-23T00:50:43.839Z,268,1462,5484,604,1901,6780,3373,3396,13749,2628,3113,13580,Day_1,Medium,Slow,2.5mm,Experiment_2
2025-10-23T00:50:43.879Z,257,1456,5466,593,1908,6794,3341,3387,13683,2614,3099,13530,Day_1,Medium,Slow,2.5mm,Experiment_2
2025-10-23T00:50:43.919Z,259,1467,5500,585,1905,6759,3329,3399,13774,2600,3078,13472,Day_1,Medium,Slow,2.5mm,Experiment_2
2025-10-23T00:50:43.959Z,266,1488,5553,581,1900,6706,3343,3425,13926,2593,3066,13438,Day_1,Medium,Slow,2.5mm,Experiment_2
2025-10-23T00:50:43.999Z,270,1510,5593,580,1897,6664,3364,3448,14045,2591,3063,13428,Day_1,Medium,Slow,2.5mm,Experiment_2
2025-10-23T00:50:44.039Z,277,1525,5611,584,1897,6636,3370,3460,14117,2589,3066,13438,Day_1,Medium,Slow,2.5mm,Experiment_2
2025-10-23T00:50:44.079Z,293,1531,5615,595,1898,6625,3360,3465,14163,2588,3076,13468,Day_1,Medium,Slow,2.5mm,Experiment_2
2025-10-23T00:50:44.119Z,305,1533,5609,607,1900,6632,3355,3468,14184,2595,3087,13509,Day_1,Medium,Slow,2.5mm,Experiment_2
2025-10-23T00:50:44.159Z,301,1528,5592,610,1901,6652,3359,3460,14173,2603,3093,13538,Day_1,Medium,Slow,2.5mm,Experiment_2
2025-10-23T00:50:44.199Z,292,1522,5560,606,1899,6665,3356,3444,14146,2600,3092,13537,Day_1,Medium,Slow,2.5mm,Experiment_2
2025-10-23T00:50:44.239Z,292,1521,5529,603,1896,6656,3349,3441,14144,2591,3090,13518,Day_1,Medium,Slow,2.5mm,Experiment_2
2025-10-23T00:50:44.279Z,300,1525,5496,607,1892,6636,3355,3456,14187,2591,3089,13506,Day_1,Medium,Slow,2.5mm,Experiment_2
2025-10-23T00:50:44.319Z,311,1526,5426,616,1885,6613,3384,3476,14244,2605,3089,13510,Day_1,Medium,Slow,2.5mm,Experiment_2
2025-10-23T00:50:44.359Z,320,1520,5381,626,1873,6593,3419,3488,14287,2623,3089,13524,Day_1,Medium,Slow,2.5mm,Experiment_2
2025-10-23T00:50:44.399Z,327,1515,5444,631,1861,6583,3437,3487,14301,2634,3086,13535,Day_1,Medium,Slow,2.5mm,Experiment_2
2025-10-23T00:50:44.439Z,332,1513,5553,631,1855,6582,3436,3482,14294,2638,3082,13540,Day_1,Medium,Slow,2.5mm,Experiment_2
2025-10-23T00:50:44.479Z,333,1517,5626,628,1857,6586,3439,3478,14289,2643,3080,13547,Day_1,Medium,Slow,2.5mm,Experiment_2
2025-10-23T00:50:44.519Z,326,1521,5692,624,1864,6593,3447,3471,14289,2646,3081,13561,Day_1,Medium,Slow,2.5mm,Experiment_2
2025-10-23T00:50:44.559Z,314,1519,5778,618,1872,6608,3437,3460,14249,2638,3087,13581,Day_1,Medium,Slow,2.5mm,Experiment_2
2025-10-23T00:50:44.599Z,296,1510,5820,611,1886,6643,3412,3449,14120,2625,3104,13600,Day_1,Medium,Slow,2.5mm,Experiment_2
2025-10-23T00:50:44.639Z,279,1498,5819,606,1903,6698,3389,3430,13916,2618,3129,13602,Day_1,Medium,Slow,2.5mm,Experiment_2
2025-10-23T00:50:44.679Z,272,1490,5896,609,1916,6743,3375,3407,13751,2614,3146,13564,Day_1,Medium,Slow,2.5mm,Experiment_2
2025-10-23T00:50:44.719Z,279,1495,5979,614,1920,6748,3371,3402,13733,2607,3141,13495,Day_1,Medium,Slow,2.5mm,Experiment_2
2025-10-23T00:50:44.759Z,288,1509,5890,612,1916,6722,3373,3420,13836,2600,3117,13441,Day_1,Medium,Slow,2.5mm,Experiment_2
2025-10-23T00:50:44.799Z,291,1519,5721,605,1906,6688,3373,3438,13967,2596,3092,13431,Day_1,Medium,Slow,2.5mm,Experiment_2
2025-10-23T00:50:44.839Z,287,1519,5618,596,1891,6656,3374,3447,14079,2596,3078,13449,Day_1,Medium,Slow,2.5mm,Experiment_2
2025-10-23T00:50:44.879Z,276,1515,5547,588,1877,6633,3382,3458,14159,2600,3072,13475,Day_1,Medium,Slow,2.5mm,Experiment_2
2025-10-23T00:50:44.919Z,266,1515,5451,582,1871,6628,3390,3471,14192,2606,3074,13498,Day_1,Medium,Slow,2.5mm,Experiment_2
2025-10-23T00:50:44.959Z,267,1515,5371,586,1873,6642,3393,3473,14174,2615,3079,13513,Day_1,Medium,Slow,2.5mm,Experiment_2
2025-10-23T00:50:44.999Z,279,1516,5316,599,1882,6657,3392,3463,14138,2623,3083,13521,Day_1,Medium,Slow,2.5mm,Experiment_2
2025-10-23T00:50:45.039Z,294,1521,5219,613,1891,6657,3384,3463,14133,2624,3088,13522,Day_1,Medium,Slow,2.5mm,Experiment_2
2025-10-23T00:50:45.079Z,305,1530,5166,621,1894,6639,3381,3481,14178,2622,3094,13521,Day_1,Medium,Slow,2.5mm,Experiment_2
2025-10-23T00:50:45.119Z,309,1532,5287,619,1888,6614,3395,3496,14238,2622,3096,13518,Day_1,Medium,Slow,2.5mm,Experiment_2
2025-10-23T00:50:45.159Z,306,1527,5468,609,1878,6595,3416,3493,14281,2626,3090,13513,Day_1,Medium,Slow,2.5mm,Experiment_2
2025-10-23T00:50:45.199Z,299,1525,5574,599,1873,6587,3425,3482,14304,2624,3082,13513,Day_1,Medium,Slow,2.5mm,Experiment_2
2025-10-23T00:50:45.239Z,294,1530,5633,597,1876,6584,3417,3482,14316,2616,3080,13522,Day_1,Medium,Slow,2.5mm,Experiment_2
2025-10-23T00:50:45.279Z,293,1535,5686,599,1880,6580,3403,3491,14317,2612,3086,13537,Day_1,Medium,Slow,2.5mm,Experiment_2
2025-10-23T00:50:45.319Z,295,1533,5722,600,1882,6579,3398,3490,14303,2615,3091,13553,Day_1,Medium,Slow,2.5mm,Experiment_2
2025-10-23T00:50:45.359Z,296,1527,5748,603,1885,6594,3402,3474,14261,2626,3091,13565,Day_1,Medium,Slow,2.5mm,Experiment_2
2025-10-23T00:50:45.399Z,293,1515,5789,606,1891,6633,3408,3447,14171,2637,3092,13581,Day_1,Medium,Slow,2.5mm,Experiment_2
2025-10-23T00:50:45.439Z,284,1495,5772,610,1898,6692,3396,3407,14007,2637,3097,13600,Day_1,Medium,Slow,2.5mm,Experiment_2
2025-10-23T00:50:45.479Z,277,1473,5635,615,1905,6751,3359,3365,13800,2621,3102,13599,Day_1,Medium,Slow,2.5mm,Experiment_2
2025-10-23T00:50:45.519Z,283,1462,5491,625,1909,6781,3327,3345,13679,2599,3099,13562,Day_1,Medium,Slow,2.5mm,Experiment_2
2025-10-23T00:50:45.559Z,297,1468,5455,632,1907,6766,3324,3360,13729,2586,3086,13503,Day_1,Medium,Slow,2.5mm,Experiment_2
2025-10-23T00:50:45.599Z,301,1484,5497,625,1900,6724,3340,3396,13884,2584,3075,13463,Day_1,Medium,Slow,2.5mm,Experiment_2
2025-10-23T00:50:45.639Z,295,1503,5548,613,1895,6680,3361,3434,14035,2590,3071,13456,Day_1,Medium,Slow,2.5mm,Experiment_2
2025-10-23T00:50:45.679Z,292,1523,5583,605,1895,6645,3381,3455,14135,2602,3068,13467,Day_1,Medium,Slow,2.5mm,Experiment_2
2025-10-23T00:50:45.719Z,297,1533,5603,604,1894,6626,3388,3456,14186,2608,3060,13481,Day_1,Medium,Slow,2.5mm,Experiment_2
2025-10-23T00:50:45.759Z,303,1534,5611,606,1889,6622,3375,3450,14204,2601,3054,13495,Day_1,Medium,Slow,2.5mm,Experiment_2
2025-10-23T00:50:45.799Z,308,1531,5613,611,1885,6629,3354,3456,14202,2587,3061,13504,Day_1,Medium,Slow,2.5mm,Experiment_2
2025-10-23T00:50:45.839Z,315,1524,5612,618,1879,6638,3345,3469,14196,2582,3075,13506,Day_1,Medium,Slow,2.5mm,Experiment_2
2025-10-23T00:50:45.879Z,324,1515,5611,625,1870,6633,3350,3475,14211,2589,3082,13502,Day_1,Medium,Slow,2.5mm,Experiment_2
2025-10-23T00:50:45.919Z,325,1509,5610,624,1864,6611,3358,3473,14243,2596,3081,13494,Day_1,Medium,Slow,2.5mm,Experiment_2
2025-10-23T00:50:45.959Z,317,1509,5612,619,1864,6587,3361,3470,14270,2600,3079,13496,Day_1,Medium,Slow,2.5mm,Experiment_2
2025-10-23T00:50:45.999Z,310,1513,5614,614,1868,6574,3367,3469,14283,2604,3082,13513,Day_1,Medium,Slow,2.5mm,Experiment_2
2025-10-23T00:50:46.039Z,301,1520,5611,606,1873,6567,3375,3470,14287,2612,3085,13533,Day_1,Medium,Slow,2.5mm,Experiment_2
2025-10-23T00:50:46.079Z,287,1522,5610,594,1873,6565,3389,3474,14277,2622,3088,13544,Day_1,Medium,Slow,2.5mm,Experiment_2
2025-10-23T00:50:46.119Z,278,1518,5617,585,1871,6574,3405,3474,14235,2632,3091,13543,Day_1,Medium,Slow,2.5mm,Experiment_2
2025-10-23T00:50:46.159Z,280,1512,5626,586,1870,6593,3408,3471,14167,2636,3091,13542,Day_1,Medium,Slow,2.5mm,Experiment_2
2025-10-23T00:50:46.199Z,291,1506,5622,595,1870,6623,3389,3467,14042,2632,3089,13540,Day_1,Medium,Slow,2.5mm,Experiment_2
2025-10-23T00:50:46.240Z,303,1498,5590,608,1878,6668,3362,3453,13784,2624,3093,13531,Day_1,Medium,Slow,2.5mm,Experiment_2
2025-10-23T00:50:46.280Z,304,1486,5530,619,1895,6727,3341,3424,13501,2619,3103,13531,Day_1,Medium,Slow,2.5mm,Experiment_2
2025-10-23T00:50:46.320Z,288,1473,5472,620,1914,6780,3333,3388,13420,2615,3107,13541,Day_1,Medium,Slow,2.5mm,Experiment_2
2025-10-23T00:50:46.360Z,267,1470,5455,611,1923,6798,3338,3369,13557,2611,3096,13527,Day_1,Medium,Slow,2.5mm,Experiment_2
2025-10-23T00:50:46.400Z,256,1480,5488,602,1918,6767,3351,3384,13767,2605,3081,13478,Day_1,Medium,Slow,2.5mm,Experiment_2
2025-10-23T00:50:46.440Z,260,1493,5538,598,1906,6714,3366,3419,13932,2599,3076,13431,Day_1,Medium,Slow,2.5mm,Experiment_2
2025-10-23T00:50:46.480Z,272,1503,5576,597,1895,6667,3380,3454,14034,2596,3079,13418,Day_1,Medium,Slow,2.5mm,Experiment_2
2025-10-23T00:50:46.520Z,284,1511,5598,599,1891,6636,3391,3473,14156,2602,3081,13446,Day_1,Medium,Slow,2.5mm,Experiment_2
2025-10-23T00:50:46.560Z,302,1517,5606,607,1890,6623,3389,3477,14428,2609,3082,13517,Day_1,Medium,Slow,2.5mm,Experiment_2
2025-10-23T00:50:46.600Z,327,1519,5603,622,1887,6624,3374,3472,14831,2612,3084,13620,Day_1,Medium,Slow,2.5mm,Experiment_2
2025-10-23T00:50:46.640Z,341,1513,5592,629,1881,6634,3356,3463,15030,2613,3087,13688,Day_1,Medium,Slow,2.5mm,Experiment_2
2025-10-23T00:50:46.680Z,327,1504,5585,621,1874,6638,3348,3459,14796,2614,3089,13660,Day_1,Medium,Slow,2.5mm,Experiment_2
2025-10-23T00:50:46.720Z,306,1499,5591,609,1868,6630,3353,3465,14440,2613,3088,13584,Day_1,Medium,Slow,2.5mm,Experiment_2
2025-10-23T00:50:46.760Z,295,1502,5606,602,1864,6612,3365,3472,14260,2610,3083,13532,Day_1,Medium,Slow,2.5mm,Experiment_2
2025-10-23T00:50:46.800Z,290,1512,5618,597,1866,6597,3371,3469,14154,2607,3078,13504,Day_1,Medium,Slow,2.5mm,Experiment_2
2025-10-23T00:50:46.840Z,290,1522,5626,594,1871,6589,3372,3463,13985,2607,3077,13472,Day_1,Medium,Slow,2.5mm,Experiment_2
2025-10-23T00:50:46.880Z,293,1521,5632,593,1874,6586,3382,3461,13863,2616,3080,13456,Day_1,Medium,Slow,2.5mm,Experiment_2
2025-10-23T00:50:46.920Z,299,1511,5632,595,1868,6585,3400,3460,13884,2629,3082,13470,Day_1,Medium,Slow,2.5mm,Experiment_2
2025-10-23T00:50:46.960Z,308,1502,5625,601,1860,6583,3412,3461,13908,2638,3084,13481,Day_1,Medium,Slow,2.5mm,Experiment_2
2025-10-23T00:50:47Z,317,1498,5615,609,1856,6586,3410,3471,13897,2639,3090,13482,Day_1,Medium,Slow,2.5mm,Experiment_2
2025-10-23T00:50:47.040Z,317,1498,5603,614,1860,6605,3395,3474,13940,2636,3099,13506,Day_1,Medium,Slow,2.5mm,Experiment_2
2025-10-23T00:50:47.080Z,304,1494,5574,614,1874,6651,3364,3450,13947,2629,3107,13548,Day_1,Medium,Slow,2.5mm,Experiment_2
2025-10-23T00:50:47.120Z,293,1487,5521,617,1896,6715,3329,3401,13841,2614,3109,13575,Day_1,Medium,Slow,2.5mm,Experiment_2
2025-10-23T00:50:47.160Z,292,1481,5475,627,1913,6762,3307,3362,13761,2596,3102,13564,Day_1,Medium,Slow,2.5mm,Experiment_2
2025-10-23T00:50:47.200Z,298,1483,5475,633,1915,6766,3305,3363,13838,2582,3087,13526,Day_1,Medium,Slow,2.5mm,Experiment_2
2025-10-23T00:50:47.240Z,304,1489,5516,628,1906,6736,3321,3397,14004,2579,3074,13486,Day_1,Medium,Slow,2.5mm,Experiment_2
2025-10-23T00:50:47.280Z,312,1496,5564,614,1893,6697,3346,3439,14124,2590,3072,13458,Day_1,Medium,Slow,2.5mm,Experiment_2
2025-10-23T00:50:47.320Z,325,1502,5594,600,1883,6659,3374,3467,14182,2606,3073,13448,Day_1,Medium,Slow,2.5mm,Experiment_2
2025-10-23T00:50:47.360Z,332,1509,5607,595,1881,6628,3397,3469,14219,2617,3069,13455,Day_1,Medium,Slow,2.5mm,Experiment_2
2025-10-23T00:50:47.400Z,323,1516,5613,599,1886,6616,3406,3460,14239,2622,3063,13474,Day_1,Medium,Slow,2.5mm,Experiment_2
2025-10-23T00:50:47.440Z,306,1519,5616,602,1893,6626,3405,3457,14237,2624,3067,13500,Day_1,Medium,Slow,2.5mm,Experiment_2
2025-10-23T00:50:47.480Z,287,1520,5610,599,1900,6645,3401,3459,14212,2623,3079,13522,Day_1,Medium,Slow,2.5mm,Experiment_2
2025-10-23T00:50:47.520Z,279,1523,5600,597,1905,6652,3392,3465,14179,2614,3090,13529,Day_1,Medium,Slow,2.5mm,Experiment_2
2025-10-23T00:50:47.560Z,288,1530,5602,602,1906,6642,3385,3478,14173,2605,3096,13521,Day_1,Medium,Slow,2.5mm,Experiment_2
2025-10-23T00:50:47.600Z,307,1534,5616,610,1901,6626,3381,3485,14203,2603,3095,13513,Day_1,Medium,Slow,2.5mm,Experiment_2
2025-10-23T00:50:47.640Z,332,1532,5632,617,1893,6615,3370,3479,14238,2602,3088,13515,Day_1,Medium,Slow,2.5mm,Experiment_2
2025-10-23T00:50:47.680Z,361,1528,5638,621,1885,6606,3355,3478,14255,2601,3083,13522,Day_1,Medium,Slow,2.5mm,Experiment_2
2025-10-23T00:50:47.720Z,375,1527,5632,622,1882,6594,3351,3487,14256,2604,3084,13530,Day_1,Medium,Slow,2.5mm,Experiment_2
2025-10-23T00:50:47.760Z,358,1524,5622,617,1877,6580,3359,3491,14256,2610,3089,13540,Day_1,Medium,Slow,2.5mm,Experiment_2
2025-10-23T00:50:47.800Z,330,1516,5616,611,1871,6574,3363,3486,14261,2612,3091,13552,Day_1,Medium,Slow,2.5mm,Experiment_2
2025-10-23T00:50:47.840Z,316,1510,5612,610,1867,6580,3357,3472,14256,2609,3088,13562,Day_1,Medium,Slow,2.5mm,Experiment_2
2025-10-23T00:50:47.880Z,310,1502,5601,611,1866,6602,3354,3449,14209,2612,3086,13571,Day_1,Medium,Slow,2.5mm,Experiment_2
2025-10-23T00:50:47.920Z,299,1492,5566,610,1876,6653,3363,3419,14090,2620,3092,13587,Day_1,Medium,Slow,2.5mm,Experiment_2
2025-10-23T00:50:47.960Z,285,1483,5511,609,1895,6725,3367,3382,13914,2625,3099,13596,Day_1,Medium,Slow,2.5mm,Experiment_2
2025-10-23T00:50:48Z,281,1481,5470,618,1915,6778,3363,3351,13773,2621,3095,13566,Day_1,Medium,Slow,2.5mm,Experiment_2
2025-10-23T00:50:48.040Z,293,1484,5472,631,1923,6776,3361,3349,13760,2614,3080,13501,Day_1,Medium,Slow,2.5mm,Experiment_2
2025-10-23T00:50:48.080Z,305,1475,5507,633,1915,6737,3361,3378,13857,2607,3068,13447,Day_1,Medium,Slow,2.5mm,Experiment_2
2025-10-23T00:50:48.120Z,302,1421,5548,622,1895,6693,3363,3415,13988,2603,3064,13429,Day_1,Medium,Slow,2.5mm,Experiment_2
2025-10-23T00:50:48.160Z,293,1317,5580,610,1878,6657,3367,3441,14103,2602,3062,13439,Day_1,Medium,Slow,2.5mm,Experiment_2
2025-10-23T00:50:48.200Z,292,1237,5597,607,1871,6627,3371,3459,14186,2601,3065,13461,Day_1,Medium,Slow,2.5mm,Experiment_2
2025-10-23T00:50:48.240Z,296,1245,5600,609,1874,6610,3376,3467,14226,2603,3073,13488,Day_1,Medium,Slow,2.5mm,Experiment_2
2025-10-23T00:50:48.280Z,298,1311,5593,609,1881,6612,3385,3461,14219,2609,3079,13518,Day_1,Medium,Slow,2.5mm,Experiment_2
2025-10-23T00:50:48.320Z,297,1397,5588,605,1886,6627,3390,3453,14189,2616,3082,13542,Day_1,Medium,Slow,2.5mm,Experiment_2
2025-10-23T00:50:48.360Z,296,1494,5595,603,1886,6639,3387,3454,14175,2622,3081,13544,Day_1,Medium,Slow,2.5mm,Experiment_2
2025-10-23T00:50:48.400Z,294,1597,5608,599,1880,6634,3382,3453,14197,2625,3075,13527,Day_1,Medium,Slow,2.5mm,Experiment_2
2025-10-23T00:50:48.440Z,290,1669,5621,593,1876,6616,3386,3445,14243,2623,3066,13514,Day_1,Medium,Slow,2.5mm,Experiment_2
2025-10-23T00:50:48.480Z,287,1629,5631,589,1873,6602,3399,3441,14288,2621,3062,13514,Day_1,Medium,Slow,2.5mm,Experiment_2
2025-10-23T00:50:48.520Z,287,1480,5640,591,1870,6600,3413,3444,14315,2623,3064,13525,Day_1,Medium,Slow,2.5mm,Experiment_2
2025-10-23T00:50:48.560Z,293,1366,5644,596,1868,6600,3416,3452,14315,2626,3070,13537,Day_1,Medium,Slow,2.5mm,Experiment_2
