time,Unpolarized_A_Green,Unpolarized_A_Red,Unpolarized_A_IR,Unpolarized_B_Green,Unpolarized_B_Red,Unpolarized_B_IR,Co-Polarized_Green,Co-Polarized_Red,Co-Polarized_IR,Cross-Polarized_Green,Cross-Polarized_Red,Cross-Polarized_IR,Day,SkinTone,Speed,Depth,Experiment
2025-10-23T02:05:34.788Z,102,1110,3045,420,1436,3854,3379,3234,13441,2160,2312,8424,Day_1,Medium,Intermediate,3.75mm,Experiment_2
2025-10-23T02:05:34.828Z,96,1112,3051,416,1440,3859,3374,3250,13382,2160,2318,8413,Day_1,Medium,Intermediate,3.75mm,Experiment_2
2025-10-23T02:05:34.868Z,95,1116,3051,413,1442,3854,3376,3254,13304,2165,2316,8402,Day_1,Medium,Intermediate,3.75mm,Experiment_2
2025-10-23T02:05:34.908Z,99,1118,3047,415,1442,3847,3381,3241,13185,2171,2308,8385,Day_1,Medium,Intermediate,3.75mm,Experiment_2
2025-10-23T02:05:34.948Z,102,1119,3044,417,1441,3845,3378,3228,13129,2173,2304,8379,Day_1,Medium,Intermediate,3.75mm,Experiment_2
2025-10-23T02:05:34.988Z,102,1122,3039,416,1442,3842,3377,3225,13241,2173,2306,8405,Day_1,Medium,Intermediate,3.75mm,Experiment_2
2025-10-23T02:05:35.028Z,100,1125,3030,414,1448,3837,3392,3228,13422,2176,2310,8446,Day_1,Medium,Intermediate,3.75mm,Experiment_2
2025-10-23T02:08:00.421Z,100,1127,3025,412,1453,3832,3409,3241,13567,2184,2320,8478,Day_1,Medium,Intermediate,3.75mm,Experiment_2
2025-10-23T02:08:00.461Z,103,1128,3028,412,1455,3834,3412,3262,13734,2188,2334,8508,Day_1,Medium,Intermediate,3.75mm,Experiment_2
2025-10-23T02:08:00.501Z,107,1131,3042,415,1454,3845,3407,3270,13979,2184,2339,8545,Day_1,Medium,Intermediate,3.75mm,Experiment_2
2025-10-23T02:08:00.541Z,107,1134,3056,416,1452,3858,3401,3253,14174,2177,2329,8573,Day_1,Medium,Intermediate,3.75mm,Experiment_2
2025-10-23T02:08:00.581Z,105,1137,3058,415,1452,3862,3392,3230,14324,2170,2315,8594,Day_1,Medium,Intermediate,3.75mm,Experiment_2
2025-10-23T02:08:00.621Z,102,1135,3050,412,1451,3856,3380,3220,14639,2165,2310,8646,Day_1,Medium,Intermediate,3.75mm,Experiment_2
2025-10-23T02:08:00.661Z,98,1130,3047,409,1448,3851,3372,3226,14829,2162,2317,8678,Day_1,Medium,Intermediate,3.75mm,Experiment_2
2025-10-23T02:08:00.701Z,97,1126,3066,410,1447,3852,3376,3240,14455,2165,2329,8619,Day_1,Medium,Intermediate,3.75mm,Experiment_2
2025-10-23T02:08:00.741Z,103,1125,3106,416,1449,3859,3386,3273,13863,2179,2353,8532,Day_1,Medium,Intermediate,3.75mm,Experiment_2
2025-10-23T02:08:00.781Z,113,1121,3130,427,1450,3863,3404,3330,13579,2201,2393,8511,Day_1,Medium,Intermediate,3.75mm,Experiment_2
2025-10-23T02:08:00.821Z,119,1117,3110,437,1449,3862,3427,3366,13617,2220,2419,8554,Day_1,Medium,Intermediate,3.75mm,Experiment_2
2025-10-23T02:08:00.861Z,118,1115,3075,437,1447,3860,3446,3341,13738,2223,2404,8603,Day_1,Medium,Intermediate,3.75mm,Experiment_2
2025-10-23T02:08:00.901Z,112,1116,3056,431,1445,3860,3455,3292,13807,2219,2371,8627,Day_1,Medium,Intermediate,3.75mm,Experiment_2
2025-10-23T02:08:00.941Z,108,1119,3054,425,1445,3862,3452,3270,13829,2214,2354,8635,Day_1,Medium,Intermediate,3.75mm,Experiment_2
2025-10-23T02:08:00.981Z,109,1123,3056,424,1447,3865,3438,3276,13835,2206,2354,8638,Day_1,Medium,Intermediate,3.75mm,Experiment_2
2025-10-23T02:08:01.021Z,110,1126,3060,425,1450,3866,3429,3287,13835,2198,2358,8636,Day_1,Medium,Intermediate,3.75mm,Experiment_2
2025-10-23T02:08:01.061Z,110,1124,3061,425,1449,3863,3432,3294,13833,2199,2362,8631,Day_1,Medium,Intermediate,3.75mm,Experiment_2
2025-10-23T02:08:01.101Z,105,1120,3059,423,1447,3860,3439,3296,13838,2204,2365,8633,Day_1,Medium,Intermediate,3.75mm,Experiment_2
2025-10-23T02:08:01.141Z,99,1118,3052,419,1447,3853,3442,3286,13843,2208,2362,8641,Day_1,Medium,Intermediate,3.75mm,Experiment_2
2025-10-23T02:08:01.181Z,97,1119,3043,415,1449,3847,3450,3267,13849,2213,2352,8649,Day_1,Medium,Intermediate,3.75mm,Experiment_2
2025-10-23T02:08:01.221Z,98,1124,3040,413,1454,3844,3462,3259,13857,2220,2348,8655,Day_1,Medium,Intermediate,3.75mm,Experiment_2
2025-10-23T02:08:01.261Z,98,1128,3046,411,1458,3850,3473,3264,13865,2223,2356,8654,Day_1,Medium,Intermediate,3.75mm,Experiment_2
2025-10-23T02:08:01.301Z,97,1129,3058,410,1460,3862,3483,3268,13864,2227,2362,8646,Day_1,Medium,Intermediate,3.75mm,Experiment_2
2025-10-23T02:08:01.341Z,98,1128,3068,412,1458,3874,3494,3262,13848,2230,2357,8634,Day_1,Medium,Intermediate,3.75mm,Experiment_2
2025-10-23T02:08:01.381Z,102,1121,3069,415,1451,3875,3493,3258,13823,2226,2351,8623,Day_1,Medium,Intermediate,3.75mm,Experiment_2
2025-10-23T02:08:01.421Z,109,1112,3062,421,1442,3867,3475,3263,13806,2216,2353,8620,Day_1,Medium,Intermediate,3.75mm,Experiment_2
2025-10-23T02:08:01.461Z,119,1106,3056,431,1436,3859,3451,3273,13804,2205,2358,8626,Day_1,Medium,Intermediate,3.75mm,Experiment_2
2025-10-23T02:08:01.501Z,130,1106,3058,441,1435,3858,3433,3286,13810,2199,2361,8632,Day_1,Medium,Intermediate,3.75mm,Experiment_2
2025-10-23T02:08:01.541Z,133,1113,3065,443,1441,3864,3429,3305,13809,2200,2361,8631,Day_1,Medium,Intermediate,3.75mm,Experiment_2
2025-10-23T02:08:01.581Z,128,1121,3071,438,1446,3872,3440,3318,13802,2207,2360,8626,Day_1,Medium,Intermediate,3.75mm,Experiment_2
2025-10-23T02:08:01.621Z,117,1125,3072,430,1449,3877,3455,3317,13808,2211,2360,8628,Day_1,Medium,Intermediate,3.75mm,Experiment_2
2025-10-23T02:08:01.661Z,105,1127,3070,421,1451,3878,3463,3311,13828,2210,2362,8636,Day_1,Medium,Intermediate,3.75mm,Experiment_2
2025-10-23T02:08:01.701Z,97,1127,3067,414,1453,3873,3461,3312,13844,2207,2369,8640,Day_1,Medium,Intermediate,3.75mm,Experiment_2
2025-10-23T02:08:01.741Z,95,1126,3061,412,1450,3864,3455,3317,13845,2207,2376,8639,Day_1,Medium,Intermediate,3.75mm,Experiment_2
2025-10-23T02:08:01.781Z,98,1124,3055,412,1447,3857,3451,3316,13835,2210,2375,8634,Day_1,Medium,Intermediate,3.75mm,Experiment_2
2025-10-23T02:08:01.821Z,100,1121,3049,414,1445,3852,3457,3304,13818,2217,2369,8626,Day_1,Medium,Intermediate,3.75mm,Experiment_2
2025-10-23T02:08:01.862Z,102,1115,3046,415,1443,3851,3474,3281,13794,2230,2359,8615,Day_1,Medium,Intermediate,3.75mm,Experiment_2
2025-10-23T02:08:01.902Z,104,1110,3047,417,1441,3856,3490,3259,13777,2241,2349,8607,Day_1,Medium,Intermediate,3.75mm,Experiment_2
2025-10-23T02:08:01.942Z,105,1111,3050,418,1442,3862,3495,3250,13781,2245,2343,8609,Day_1,Medium,Intermediate,3.75mm,Experiment_2
2025-10-23T02:08:01.982Z,101,1118,3051,413,1446,3862,3492,3254,13797,2242,2342,8616,Day_1,Medium,Intermediate,3.75mm,Experiment_2
2025-10-23T02:08:02.022Z,93,1125,3051,405,1451,3858,3482,3261,13806,2236,2344,8618,Day_1,Medium,Intermediate,3.75mm,Experiment_2
2025-10-23T02:08:02.062Z,87,1127,3055,402,1453,3858,3473,3268,13812,2232,2350,8618,Day_1,Medium,Intermediate,3.75mm,Experiment_2
2025-10-23T02:08:02.102Z,86,1124,3059,405,1449,3861,3479,3274,13821,2236,2359,8622,Day_1,Medium,Intermediate,3.75mm,Experiment_2
2025-10-23T02:08:02.142Z,89,1116,3060,409,1442,3861,3496,3271,13831,2244,2360,8626,Day_1,Medium,Intermediate,3.75mm,Experiment_2
2025-10-23T02:08:02.182Z,91,1109,3059,409,1435,3861,3507,3265,13835,2247,2356,8628,Day_1,Medium,Intermediate,3.75mm,Experiment_2
2025-10-23T02:08:02.221Z,91,1106,3058,405,1432,3860,3502,3283,13840,2245,2363,8632,Day_1,Medium,Intermediate,3.75mm,Experiment_2
2025-10-23T02:08:02.261Z,94,1108,3057,405,1434,3858,3493,3322,13857,2239,2382,8641,Day_1,Medium,Intermediate,3.75mm,Experiment_2
2025-10-23T02:08:02.301Z,99,1117,3056,409,1441,3857,3486,3348,13879,2235,2395,8653,Day_1,Medium,Intermediate,3.75mm,Experiment_2
2025-10-23T02:08:02.341Z,101,1130,3058,410,1452,3861,3475,3348,13888,2230,2395,8658,Day_1,Medium,Intermediate,3.75mm,Experiment_2
2025-10-23T02:08:02.381Z,100,1135,3063,409,1459,3868,3462,3336,13874,2225,2391,8652,Day_1,Medium,Intermediate,3.75mm,Experiment_2
2025-10-23T02:08:02.421Z,102,1129,3068,411,1457,3875,3456,3316,13839,2222,2383,8638,Day_1,Medium,Intermediate,3.75mm,Experiment_2
2025-10-23T02:08:02.461Z,108,1120,3069,417,1450,3876,3461,3287,13803,2225,2368,8626,Day_1,Medium,Intermediate,3.75mm,Experiment_2
2025-10-23T02:08:02.501Z,109,1116,3063,421,1445,3869,3474,3263,13785,2233,2355,8622,Day_1,Medium,Intermediate,3.75mm,Experiment_2
2025-10-23T02:08:02.541Z,103,1117,3054,420,1446,3861,3487,3255,13790,2239,2349,8629,Day_1,Medium,Intermediate,3.75mm,Experiment_2
2025-10-23T02:08:02.582Z,97,1122,3047,415,1451,3854,3486,3255,13810,2236,2348,8637,Day_1,Medium,Intermediate,3.75mm,Experiment_2
2025-10-23T02:08:02.622Z,95,1127,3047,413,1457,3852,3474,3256,13829,2227,2350,8639,Day_1,Medium,Intermediate,3.75mm,Experiment_2
2025-10-23T02:08:02.662Z,97,1128,3052,415,1459,3853,3466,3260,13837,2218,2354,8634,Day_1,Medium,Intermediate,3.75mm,Experiment_2
2025-10-23T02:08:02.702Z,99,1127,3059,417,1457,3857,3466,3269,13834,2216,2359,8630,Day_1,Medium,Intermediate,3.75mm,Experiment_2
2025-10-23T02:08:02.742Z,100,1125,3064,417,1453,3862,3471,3279,13830,2220,2366,8632,Day_1,Medium,Intermediate,3.75mm,Experiment_2
2025-10-23T02:08:02.782Z,104,1124,3067,420,1452,3865,3471,3289,13825,2221,2373,8634,Day_1,Medium,Intermediate,3.75mm,Experiment_2
2025-10-23T02:08:02.822Z,104,1121,3070,420,1451,3866,3462,3293,13821,2219,2375,8632,Day_1,Medium,Intermediate,3.75mm,Experiment_2
2025-10-23T02:08:02.862Z,98,1115,3070,414,1448,3865,3454,3288,13819,2216,2367,8628,Day_1,Medium,Intermediate,3.75mm,Experiment_2
2025-10-23T02:08:02.902Z,90,1108,3068,406,1440,3866,3449,3284,13818,2211,2360,8628,Day_1,Medium,Intermediate,3.75mm,Experiment_2
2025-10-23T02:08:02.942Z,86,1105,3068,403,1433,3870,3446,3289,13814,2205,2361,8628,Day_1,Medium,Intermediate,3.75mm,Experiment_2
2025-10-23T02:08:02.982Z,85,1107,3073,402,1432,3876,3442,3291,13806,2201,2361,8625,Day_1,Medium,Intermediate,3.75mm,Experiment_2
2025-10-23T02:08:03.022Z,85,1111,3077,401,1436,3879,3439,3280,13797,2199,2356,8618,Day_1,Medium,Intermediate,3.75mm,Experiment_2
2025-10-23T02:08:03.062Z,89,1115,3076,402,1440,3879,3437,3270,13788,2198,2351,8612,Day_1,Medium,Intermediate,3.75mm,Experiment_2
2025-10-23T02:08:03.102Z,95,1116,3072,407,1444,3875,3436,3268,13783,2197,2352,8609,Day_1,Medium,Intermediate,3.75mm,Experiment_2
2025-10-23T02:08:03.142Z,97,1114,3067,410,1446,3870,3441,3268,13793,2200,2355,8614,Day_1,Medium,Intermediate,3.75mm,Experiment_2
2025-10-23T02:08:03.182Z,98,1113,3065,412,1447,3866,3451,3261,13811,2205,2352,8623,Day_1,Medium,Intermediate,3.75mm,Experiment_2
2025-10-23T02:08:03.222Z,102,1115,3063,417,1449,3865,3457,3249,13822,2207,2345,8625,Day_1,Medium,Intermediate,3.75mm,Experiment_2
2025-10-23T02:08:03.262Z,105,1120,3060,421,1451,3865,3466,3243,13820,2208,2341,8623,Day_1,Medium,Intermediate,3.75mm,Experiment_2
2025-10-23T02:08:03.302Z,107,1121,3061,421,1448,3867,3488,3249,13817,2218,2343,8622,Day_1,Medium,Intermediate,3.75mm,Experiment_2
2025-10-23T02:08:03.342Z,107,1120,3062,420,1445,3868,3503,3264,13822,2226,2351,8626,Day_1,Medium,Intermediate,3.75mm,Experiment_2
2025-10-23T02:08:03.382Z,106,1119,3059,419,1444,3865,3494,3279,13834,2226,2356,8634,Day_1,Medium,Intermediate,3.75mm,Experiment_2
2025-10-23T02:08:03.422Z,105,1119,3056,418,1445,3861,3479,3279,13843,2223,2352,8635,Day_1,Medium,Intermediate,3.75mm,Experiment_2
2025-10-23T02:08:03.462Z,101,1117,3057,416,1446,3860,3469,3268,13845,2222,2346,8633,Day_1,Medium,Intermediate,3.75mm,Experiment_2
2025-10-23T02:08:03.502Z,96,1118,3058,412,1448,3861,3462,3261,13848,2218,2344,8637,Day_1,Medium,Intermediate,3.75mm,Experiment_2
2025-10-23T02:08:03.542Z,92,1122,3057,408,1453,3861,3457,3261,13858,2210,2344,8646,Day_1,Medium,Intermediate,3.75mm,Experiment_2
2025-10-23T02:08:03.582Z,92,1126,3055,408,1459,3860,3452,3255,13855,2203,2341,8643,Day_1,Medium,Intermediate,3.75mm,Experiment_2
2025-10-23T02:08:03.622Z,98,1128,3053,414,1461,3861,3440,3242,13826,2198,2334,8625,Day_1,Medium,Intermediate,3.75mm,Experiment_2
2025-10-23T02:08:03.662Z,103,1129,3055,422,1459,3863,3425,3234,13792,2199,2331,8607,Day_1,Medium,Intermediate,3.75mm,Experiment_2
2025-10-23T02:08:03.702Z,103,1129,3058,422,1457,3866,3423,3234,13782,2206,2336,8605,Day_1,Medium,Intermediate,3.75mm,Experiment_2
2025-10-23T02:08:03.742Z,104,1125,3060,421,1454,3866,3437,3243,13794,2215,2344,8614,Day_1,Medium,Intermediate,3.75mm,Experiment_2
2025-10-23T02:08:03.782Z,107,1118,3065,422,1448,3868,3453,3258,13806,2220,2353,8623,Day_1,Medium,Intermediate,3.75mm,Experiment_2
2025-10-23T02:08:03.822Z,107,1113,3070,421,1445,3870,3456,3273,13817,2218,2360,8629,Day_1,Medium,Intermediate,3.75mm,Experiment_2
2025-10-23T02:08:03.862Z,103,1115,3068,417,1446,3867,3453,3280,13832,2210,2362,8636,Day_1,Medium,Intermediate,3.75mm,Experiment_2
2025-10-23T02:08:03.902Z,100,1118,3063,414,1449,3862,3454,3278,13843,2204,2356,8641,Day_1,Medium,Intermediate,3.75mm,Experiment_2
2025-10-23T02:08:03.942Z,100,1122,3066,413,1450,3865,3460,3272,13840,2204,2347,8640,Day_1,Medium,Intermediate,3.75mm,Experiment_2
2025-10-23T02:08:03.982Z,104,1128,3071,415,1453,3873,3470,3265,13837,2210,2342,8638,Day_1,Medium,Intermediate,3.75mm,Experiment_2
2025-10-23T02:08:04.022Z,106,1137,3071,415,1460,3874,3482,3254,13849,2219,2339,8642,Day_1,Medium,Intermediate,3.75mm,Experiment_2
2025-10-23T02:08:04.062Z,104,1142,3064,412,1466,3868,3497,3241,13864,2227,2336,8649,Day_1,Medium,Intermediate,3.75mm,Experiment_2
2025-10-23T02:08:04.102Z,98,1140,3056,408,1464,3861,3515,3233,13860,2234,2338,8651,Day_1,Medium,Intermediate,3.75mm,Experiment_2
2025-10-23T02:08:04.142Z,96,1132,3055,409,1456,3861,3527,3235,13837,2239,2343,8642,Day_1,Medium,Intermediate,3.75mm,Experiment_2
2025-10-23T02:08:04.182Z,97,1126,3057,412,1450,3864,3521,3238,13816,2235,2344,8629,Day_1,Medium,Intermediate,3.75mm,Experiment_2
2025-10-23T02:08:04.222Z,95,1126,3054,410,1452,3863,3497,3243,13809,2226,2344,8622,Day_1,Medium,Intermediate,3.75mm,Experiment_2
2025-10-23T02:08:04.262Z,87,1130,3051,404,1457,3859,3468,3250,13818,2217,2347,8627,Day_1,Medium,Intermediate,3.75mm,Experiment_2
2025-10-23T02:08:04.302Z,82,1133,3054,401,1462,3858,3451,3261,13839,2210,2353,8640,Day_1,Medium,Intermediate,3.75mm,Experiment_2
2025-10-23T02:08:04.342Z,86,1134,3056,407,1464,3856,3449,3275,13856,2209,2360,8650,Day_1,Medium,Intermediate,3.75mm,Experiment_2
2025-10-23T02:08:04.382Z,94,1132,3053,415,1463,3852,3463,3291,13858,2215,2367,8656,Day_1,Medium,Intermediate,3.75mm,Experiment_2
2025-10-23T02:08:04.422Z,99,1129,3050,420,1459,3853,3486,3288,13854,2225,2367,8656,Day_1,Medium,Intermediate,3.75mm,Experiment_2
2025-10-23T02:08:04.462Z,101,1127,3050,419,1455,3858,3504,3265,13850,2231,2357,8652,Day_1,Medium,Intermediate,3.75mm,Experiment_2
2025-10-23T02:08:04.502Z,100,1124,3049,415,1449,3861,3500,3253,13852,2226,2346,8646,Day_1,Medium,Intermediate,3.75mm,Experiment_2
2025-10-23T02:08:04.542Z,98,1119,3048,413,1443,3861,3486,3263,13861,2218,2347,8644,Day_1,Medium,Intermediate,3.75mm,Experiment_2
2025-10-23T02:08:04.582Z,96,1117,3048,413,1441,3859,3482,3273,13868,2216,2353,8644,Day_1,Medium,Intermediate,3.75mm,Experiment_2
2025-10-23T02:08:04.622Z,97,1118,3051,415,1442,3858,3492,3275,13873,2221,2360,8646,Day_1,Medium,Intermediate,3.75mm,Experiment_2
2025-10-23T02:08:04.662Z,95,1125,3056,414,1449,3859,3504,3268,13875,2227,2360,8649,Day_1,Medium,Intermediate,3.75mm,Experiment_2
2025-10-23T02:08:04.702Z,93,1134,3059,410,1458,3860,3510,3257,13872,2229,2353,8650,Day_1,Medium,Intermediate,3.75mm,Experiment_2
2025-10-23T02:08:04.742Z,92,1141,3057,407,1464,3857,3502,3255,13860,2228,2350,8646,Day_1,Medium,Intermediate,3.75mm,Experiment_2
2025-10-23T02:08:04.782Z,93,1143,3056,404,1466,3855,3489,3273,13841,2229,2361,8637,Day_1,Medium,Intermediate,3.75mm,Experiment_2
2025-10-23T02:08:04.822Z,91,1140,3058,402,1466,3858,3489,3297,13825,2235,2379,8631,Day_1,Medium,Intermediate,3.75mm,Experiment_2
2025-10-23T02:08:04.862Z,91,1135,3060,403,1464,3862,3497,3307,13817,2241,2386,8628,Day_1,Medium,Intermediate,3.75mm,Experiment_2
2025-10-23T02:08:04.902Z,92,1131,3059,406,1460,3865,3499,3305,13810,2241,2383,8624,Day_1,Medium,Intermediate,3.75mm,Experiment_2
2025-10-23T02:08:04.942Z,92,1129,3060,407,1455,3868,3496,3304,13807,2239,2378,8621,Day_1,Medium,Intermediate,3.75mm,Experiment_2
2025-10-23T02:08:04.982Z,91,1133,3062,409,1456,3871,3494,3306,13805,2241,2374,8617,Day_1,Medium,Intermediate,3.75mm,Experiment_2
2025-10-23T02:08:05.022Z,96,1137,3064,416,1460,3873,3496,3309,13798,2245,2374,8613,Day_1,Medium,Intermediate,3.75mm,Experiment_2
2025-10-23T02:08:05.062Z,107,1135,3063,425,1458,3872,3499,3317,13797,2247,2377,8615,Day_1,Medium,Intermediate,3.75mm,Experiment_2
2025-10-23T02:08:05.103Z,115,1128,3057,429,1452,3866,3500,3325,13807,2245,2384,8624,Day_1,Medium,Intermediate,3.75mm,Experiment_2
2025-10-23T02:08:05.143Z,114,1122,3055,426,1448,3860,3496,3329,13822,2240,2392,8634,Day_1,Medium,Intermediate,3.75mm,Experiment_2
2025-10-23T02:08:05.183Z,108,1117,3062,421,1444,3862,3492,3327,13837,2236,2395,8639,Day_1,Medium,Intermediate,3.75mm,Experiment_2
2025-10-23T02:08:05.223Z,104,1116,3070,419,1442,3868,3490,3321,13844,2232,2392,8641,Day_1,Medium,Intermediate,3.75mm,Experiment_2
2025-10-23T02:08:05.263Z,103,1120,3071,419,1441,3871,3489,3319,13838,2230,2387,8641,Day_1,Medium,Intermediate,3.75mm,Experiment_2
2025-10-23T02:08:05.303Z,102,1125,3065,419,1442,3869,3484,3316,13827,2227,2384,8640,Day_1,Medium,Intermediate,3.75mm,Experiment_2
2025-10-23T02:08:05.343Z,98,1127,3061,417,1445,3867,3476,3298,13816,2221,2374,8638,Day_1,Medium,Intermediate,3.75mm,Experiment_2
2025-10-23T02:08:05.383Z,92,1127,3062,412,1449,3866,3474,3275,13810,2217,2362,8636,Day_1,Medium,Intermediate,3.75mm,Experiment_2
2025-10-23T02:08:05.423Z,88,1123,3065,411,1450,3865,3484,3272,13814,2221,2361,8638,Day_1,Medium,Intermediate,3.75mm,Experiment_2
2025-10-23T02:08:05.462Z,93,1120,3067,418,1450,3866,3497,3280,13817,2229,2367,8637,Day_1,Medium,Intermediate,3.75mm,Experiment_2
2025-10-23T02:08:05.502Z,104,1117,3069,429,1449,3869,3497,3282,13814,2231,2368,8630,Day_1,Medium,Intermediate,3.75mm,Experiment_2
2025-10-23T02:08:05.542Z,113,1115,3075,436,1446,3874,3482,3282,13812,2226,2367,8625,Day_1,Medium,Intermediate,3.75mm,Experiment_2
2025-10-23T02:08:05.582Z,117,1113,3080,437,1442,3879,3466,3284,13820,2219,2364,8630,Day_1,Medium,Intermediate,3.75mm,Experiment_2
2025-10-23T02:08:05.622Z,115,1114,3081,432,1442,3877,3457,3283,13832,2214,2358,8638,Day_1,Medium,Intermediate,3.75mm,Experiment_2
2025-10-23T02:08:05.662Z,108,1120,3077,424,1448,3870,3457,3276,13838,2211,2350,8641,Day_1,Medium,Intermediate,3.75mm,Experiment_2
2025-10-23T02:08:05.702Z,100,1131,3068,417,1457,3863,3464,3269,13835,2212,2345,8637,Day_1,Medium,Intermediate,3.75mm,Experiment_2
2025-10-23T02:08:05.742Z,93,1136,3057,410,1462,3855,3472,3267,13832,2216,2347,8632,Day_1,Medium,Intermediate,3.75mm,Experiment_2
2025-10-23T02:08:05.782Z,91,1133,3050,403,1459,3849,3480,3268,13838,2218,2353,8633,Day_1,Medium,Intermediate,3.75mm,Experiment_2
2025-10-23T02:08:05.822Z,91,1126,3048,399,1452,3846,3493,3268,13846,2221,2358,8637,Day_1,Medium,Intermediate,3.75mm,Experiment_2
2025-10-23T02:08:05.862Z,94,1120,3050,402,1448,3847,3505,3267,13844,2226,2360,8639,Day_1,Medium,Intermediate,3.75mm,Experiment_2
2025-10-23T02:08:05.902Z,97,1118,3050,408,1447,3850,3505,3264,13832,2228,2359,8637,Day_1,Medium,Intermediate,3.75mm,Experiment_2
2025-10-23T02:08:05.942Z,100,1118,3049,412,1446,3853,3491,3262,13822,2224,2358,8634,Day_1,Medium,Intermediate,3.75mm,Experiment_2
2025-10-23T02:08:05.982Z,102,1114,3051,413,1443,3857,3471,3262,13820,2218,2357,8634,Day_1,Medium,Intermediate,3.75mm,Experiment_2
2025-10-23T02:08:06.022Z,104,1112,3056,414,1443,3862,3453,3269,13827,2209,2356,8639,Day_1,Medium,Intermediate,3.75mm,Experiment_2
2025-10-23T02:08:06.062Z,105,1111,3062,414,1445,3868,3438,3284,13837,2201,2357,8644,Day_1,Medium,Intermediate,3.75mm,Experiment_2
2025-10-23T02:08:06.102Z,104,1110,3069,414,1443,3873,3430,3289,13846,2197,2356,8645,Day_1,Medium,Intermediate,3.75mm,Experiment_2
2025-10-23T02:08:06.142Z,101,1108,3072,415,1439,3874,3435,3279,13852,2199,2353,8641,Day_1,Medium,Intermediate,3.75mm,Experiment_2
2025-10-23T02:08:19.801Z,97,1105,3068,414,1435,3872,3448,3268,13849,2206,2352,8638,Day_1,Medium,Intermediate,3.75mm,Experiment_2
2025-10-23T02:08:19.841Z,91,1105,3062,411,1437,3867,3464,3271,13834,2212,2356,8638,Day_1,Medium,Intermediate,3.75mm,Experiment_2
2025-10-23T02:08:19.881Z,85,1109,3056,405,1439,3862,3479,3283,13819,2215,2361,8638,Day_1,Medium,Intermediate,3.75mm,Experiment_2
2025-10-23T02:08:19.921Z,83,1112,3054,399,1441,3860,3488,3290,13816,2215,2361,8637,Day_1,Medium,Intermediate,3.75mm,Experiment_2
2025-10-23T02:08:19.961Z,86,1119,3059,396,1447,3861,3495,3289,13823,2215,2359,8636,Day_1,Medium,Intermediate,3.75mm,Experiment_2
2025-10-23T02:08:20.001Z,93,1127,3065,400,1457,3863,3500,3285,13834,2216,2356,8637,Day_1,Medium,Intermediate,3.75mm,Experiment_2
2025-10-23T02:08:20.041Z,100,1133,3064,408,1462,3862,3499,3283,13833,2219,2356,8634,Day_1,Medium,Intermediate,3.75mm,Experiment_2
2025-10-23T02:08:20.081Z,102,1134,3061,414,1463,3858,3497,3293,13817,2224,2362,8627,Day_1,Medium,Intermediate,3.75mm,Experiment_2
2025-10-23T02:08:20.121Z,100,1130,3061,416,1460,3858,3504,3326,13805,2235,2385,8623,Day_1,Medium,Intermediate,3.75mm,Experiment_2
2025-10-23T02:08:20.161Z,96,1122,3066,415,1452,3862,3517,3386,13817,2249,2428,8628,Day_1,Medium,Intermediate,3.75mm,Experiment_2
2025-10-23T02:08:20.201Z,93,1114,3072,413,1441,3869,3516,3424,13847,2251,2457,8639,Day_1,Medium,Intermediate,3.75mm,Experiment_2
2025-10-23T02:08:20.241Z,94,1113,3075,414,1436,3876,3488,3396,13870,2234,2441,8643,Day_1,Medium,Intermediate,3.75mm,Experiment_2
2025-10-23T02:08:20.281Z,101,1117,3072,420,1440,3879,3454,3339,13871,2215,2404,8640,Day_1,Medium,Intermediate,3.75mm,Experiment_2
2025-10-23T02:08:20.321Z,111,1121,3069,431,1446,3880,3434,3302,13864,2206,2378,8641,Day_1,Medium,Intermediate,3.75mm,Experiment_2
2025-10-23T02:08:20.361Z,114,1124,3070,437,1452,3880,3431,3294,13866,2204,2369,8650,Day_1,Medium,Intermediate,3.75mm,Experiment_2
2025-10-23T02:08:20.401Z,112,1130,3073,437,1458,3880,3436,3310,13874,2205,2374,8658,Day_1,Medium,Intermediate,3.75mm,Experiment_2
2025-10-23T02:08:20.441Z,109,1134,3070,432,1460,3875,3442,3336,13874,2207,2388,8657,Day_1,Medium,Intermediate,3.75mm,Experiment_2
2025-10-23T02:08:20.481Z,112,1130,3063,430,1456,3868,3447,3353,13864,2209,2401,8650,Day_1,Medium,Intermediate,3.75mm,Experiment_2
2025-10-23T02:08:20.521Z,117,1124,3059,433,1452,3866,3444,3353,13853,2208,2406,8645,Day_1,Medium,Intermediate,3.75mm,Experiment_2
2025-10-23T02:08:20.561Z,118,1120,3059,433,1451,3868,3435,3341,13847,2202,2400,8646,Day_1,Medium,Intermediate,3.75mm,Experiment_2
2025-10-23T02:08:20.601Z,113,1119,3061,427,1449,3867,3432,3330,13851,2198,2392,8654,Day_1,Medium,Intermediate,3.75mm,Experiment_2
2025-10-23T02:08:20.641Z,108,1117,3065,421,1444,3866,3438,3325,13866,2199,2388,8663,Day_1,Medium,Intermediate,3.75mm,Experiment_2
2025-10-23T02:08:20.681Z,104,1116,3072,418,1439,3868,3451,3327,13880,2205,2386,8668,Day_1,Medium,Intermediate,3.75mm,Experiment_2
2025-10-23T02:08:20.721Z,101,1117,3073,417,1438,3869,3469,3336,13883,2213,2387,8665,Day_1,Medium,Intermediate,3.75mm,Experiment_2
2025-10-23T02:08:20.761Z,100,1121,3070,416,1443,3867,3485,3339,13881,2221,2384,8659,Day_1,Medium,Intermediate,3.75mm,Experiment_2
2025-10-23T02:08:20.801Z,104,1124,3066,418,1449,3867,3491,3324,13875,2223,2375,8655,Day_1,Medium,Intermediate,3.75mm,Experiment_2
2025-10-23T02:08:20.841Z,112,1127,3065,424,1453,3869,3489,3300,13864,2222,2368,8653,Day_1,Medium,Intermediate,3.75mm,Experiment_2
2025-10-23T02:08:20.881Z,119,1131,3063,430,1455,3871,3487,3288,13853,2222,2368,8653,Day_1,Medium,Intermediate,3.75mm,Experiment_2
2025-10-23T02:08:20.921Z,120,1135,3063,431,1458,3875,3483,3293,13852,2222,2373,8657,Day_1,Medium,Intermediate,3.75mm,Experiment_2
2025-10-23T02:08:20.961Z,114,1139,3065,425,1462,3876,3481,3301,13861,2221,2375,8664,Day_1,Medium,Intermediate,3.75mm,Experiment_2
2025-10-23T02:08:21.001Z,105,1140,3063,417,1464,3873,3482,3297,13869,2219,2369,8667,Day_1,Medium,Intermediate,3.75mm,Experiment_2
2025-10-23T02:08:21.041Z,97,1134,3059,410,1462,3866,3478,3290,13868,2218,2363,8665,Day_1,Medium,Intermediate,3.75mm,Experiment_2
2025-10-23T02:08:21.081Z,92,1124,3059,404,1456,3862,3466,3296,13862,2217,2368,8660,Day_1,Medium,Intermediate,3.75mm,Experiment_2
2025-10-23T02:08:21.121Z,85,1117,3066,397,1453,3864,3457,3315,13855,2217,2379,8655,Day_1,Medium,Intermediate,3.75mm,Experiment_2
2025-10-23T02:08:21.161Z,81,1121,3072,395,1457,3867,3456,3331,13849,2216,2386,8655,Day_1,Medium,Intermediate,3.75mm,Experiment_2
2025-10-23T02:08:21.201Z,86,1128,3070,400,1460,3863,3456,3333,13849,2214,2383,8658,Day_1,Medium,Intermediate,3.75mm,Experiment_2
2025-10-23T02:08:21.242Z,97,1130,3062,411,1459,3858,3458,3331,13856,2212,2381,8660,Day_1,Medium,Intermediate,3.75mm,Experiment_2
2025-10-23T02:08:21.282Z,108,1126,3059,420,1453,3856,3465,3334,13866,2213,2384,8662,Day_1,Medium,Intermediate,3.75mm,Experiment_2
2025-10-23T02:08:21.322Z,114,1121,3064,425,1447,3860,3477,3335,13873,2220,2385,8661,Day_1,Medium,Intermediate,3.75mm,Experiment_2
2025-10-23T02:08:21.362Z,113,1122,3069,424,1446,3865,3488,3320,13865,2228,2383,8656,Day_1,Medium,Intermediate,3.75mm,Experiment_2
2025-10-23T02:08:21.402Z,105,1127,3067,419,1449,3867,3491,3289,13842,2233,2372,8645,Day_1,Medium,Intermediate,3.75mm,Experiment_2
2025-10-23T02:08:21.442Z,95,1135,3061,412,1455,3865,3488,3256,13823,2235,2357,8636,Day_1,Medium,Intermediate,3.75mm,Experiment_2
2025-10-23T02:08:21.482Z,89,1141,3053,406,1460,3860,3486,3243,13826,2236,2349,8640,Day_1,Medium,Intermediate,3.75mm,Experiment_2
2025-10-23T02:08:21.522Z,88,1141,3049,402,1462,3853,3490,3253,13847,2234,2353,8651,Day_1,Medium,Intermediate,3.75mm,Experiment_2
2025-10-23T02:08:21.562Z,93,1135,3047,402,1457,3850,3501,3271,13869,2237,2361,8661,Day_1,Medium,Intermediate,3.75mm,Experiment_2
2025-10-23T02:08:21.601Z,96,1126,3047,405,1452,3850,3515,3289,13876,2243,2369,8663,Day_1,Medium,Intermediate,3.75mm,Experiment_2
2025-10-23T02:08:21.641Z,101,1119,3049,412,1449,3854,3527,3295,13865,2247,2375,8658,Day_1,Medium,Intermediate,3.75mm,Experiment_2
2025-10-23T02:08:21.681Z,109,1112,3053,421,1444,3861,3526,3286,13850,2243,2373,8651,Day_1,Medium,Intermediate,3.75mm,Experiment_2
2025-10-23T02:08:21.721Z,116,1109,3058,430,1440,3866,3509,3275,13846,2230,2368,8650,Day_1,Medium,Intermediate,3.75mm,Experiment_2
2025-10-23T02:08:21.761Z,117,1110,3065,433,1440,3872,3492,3281,13853,2218,2371,8651,Day_1,Medium,Intermediate,3.75mm,Experiment_2
2025-10-23T02:08:21.801Z,111,1114,3070,428,1443,3875,3491,3307,13857,2215,2387,8649,Day_1,Medium,Intermediate,3.75mm,Experiment_2
2025-10-23T02:08:21.841Z,105,1113,3069,421,1444,3872,3488,3331,13856,2215,2400,8647,Day_1,Medium,Intermediate,3.75mm,Experiment_2
2025-10-23T02:08:21.881Z,103,1108,3063,419,1441,3866,3476,3336,13861,2214,2400,8651,Day_1,Medium,Intermediate,3.75mm,Experiment_2
2025-10-23T02:08:21.921Z,100,1106,3060,418,1437,3863,3472,3317,13869,2218,2387,8656,Day_1,Medium,Intermediate,3.75mm,Experiment_2
2025-10-23T02:08:21.962Z,97,1115,3064,418,1442,3867,3471,3295,13865,2221,2375,8654,Day_1,Medium,Intermediate,3.75mm,Experiment_2
2025-10-23T02:08:22.002Z,98,1125,3069,420,1452,3875,3462,3290,13846,2219,2373,8644,Day_1,Medium,Intermediate,3.75mm,Experiment_2
2025-10-23T02:08:22.042Z,101,1130,3069,422,1460,3876,3450,3298,13832,2216,2379,8636,Day_1,Medium,Intermediate,3.75mm,Experiment_2
2025-10-23T02:08:22.082Z,100,1129,3064,421,1461,3871,3444,3305,13835,2215,2381,8640,Day_1,Medium,Intermediate,3.75mm,Experiment_2
2025-10-23T02:08:22.122Z,99,1123,3065,421,1456,3870,3442,3309,13849,2215,2380,8653,Day_1,Medium,Intermediate,3.75mm,Experiment_2
2025-10-23T02:08:22.162Z,103,1121,3072,423,1453,3875,3448,3313,13861,2219,2382,8663,Day_1,Medium,Intermediate,3.75mm,Experiment_2
2025-10-23T02:08:22.202Z,107,1122,3076,425,1453,3878,3461,3317,13868,2225,2386,8667,Day_1,Medium,Intermediate,3.75mm,Experiment_2
2025-10-23T02:08:22.242Z,107,1123,3074,424,1455,3879,3466,3311,13870,2224,2384,8666,Day_1,Medium,Intermediate,3.75mm,Experiment_2
2025-10-23T02:08:22.282Z,104,1122,3071,423,1455,3878,3459,3297,13868,2217,2376,8665,Day_1,Medium,Intermediate,3.75mm,Experiment_2
2025-10-23T02:08:22.322Z,99,1118,3070,419,1453,3877,3453,3291,13866,2211,2374,8665,Day_1,Medium,Intermediate,3.75mm,Experiment_2
2025-10-23T02:08:22.362Z,96,1113,3073,414,1448,3880,3453,3296,13868,2212,2377,8663,Day_1,Medium,Intermediate,3.75mm,Experiment_2
2025-10-23T02:08:22.402Z,96,1108,3077,413,1442,3883,3456,3306,13877,2214,2379,8661,Day_1,Medium,Intermediate,3.75mm,Experiment_2
2025-10-23T02:08:22.442Z,100,1108,3076,418,1439,3882,3457,3320,13884,2215,2380,8658,Day_1,Medium,Intermediate,3.75mm,Experiment_2
2025-10-23T02:08:22.482Z,105,1110,3073,422,1441,3878,3456,3331,13882,2214,2385,8655,Day_1,Medium,Intermediate,3.75mm,Experiment_2
2025-10-23T02:08:22.522Z,106,1111,3071,422,1441,3875,3457,3330,13876,2214,2390,8653,Day_1,Medium,Intermediate,3.75mm,Experiment_2
2025-10-23T02:08:22.562Z,108,1106,3071,423,1435,3875,3464,3324,13871,2218,2394,8650,Day_1,Medium,Intermediate,3.75mm,Experiment_2
2025-10-23T02:08:22.602Z,110,1099,3072,425,1427,3877,3469,3316,13862,2223,2394,8648,Day_1,Medium,Intermediate,3.75mm,Experiment_2
2025-10-23T02:08:22.642Z,108,1096,3071,423,1424,3879,3467,3304,13857,2221,2385,8653,Day_1,Medium,Intermediate,3.75mm,Experiment_2
2025-10-23T02:08:22.682Z,103,1097,3067,420,1425,3876,3461,3293,13865,2217,2373,8663,Day_1,Medium,Intermediate,3.75mm,Experiment_2
2025-10-23T02:08:22.722Z,102,1098,3061,419,1428,3867,3451,3299,13879,2211,2371,8670,Day_1,Medium,Intermediate,3.75mm,Experiment_2
2025-10-23T02:08:22.762Z,104,1103,3054,419,1433,3858,3440,3319,13890,2207,2378,8670,Day_1,Medium,Intermediate,3.75mm,Experiment_2
2025-10-23T02:08:22.802Z,102,1114,3051,416,1442,3853,3434,3333,13896,2204,2383,8666,Day_1,Medium,Intermediate,3.75mm,Experiment_2
2025-10-23T02:08:22.842Z,99,1126,3047,414,1451,3850,3437,3332,13898,2202,2378,8663,Day_1,Medium,Intermediate,3.75mm,Experiment_2
2025-10-23T02:08:22.882Z,101,1131,3046,415,1455,3852,3449,3322,13891,2203,2371,8659,Day_1,Medium,Intermediate,3.75mm,Experiment_2
2025-10-23T02:08:22.922Z,108,1126,3054,419,1452,3861,3465,3305,13877,2207,2366,8655,Day_1,Medium,Intermediate,3.75mm,Experiment_2
2025-10-23T02:08:22.962Z,115,1116,3066,423,1445,3870,3486,3288,13865,2217,2363,8653,Day_1,Medium,Intermediate,3.75mm,Experiment_2
2025-10-23T02:08:23.002Z,116,1112,3069,422,1442,3871,3511,3276,13861,2230,2359,8652,Day_1,Medium,Intermediate,3.75mm,Experiment_2
2025-10-23T02:08:23.042Z,109,1115,3066,418,1444,3865,3524,3271,13857,2240,2352,8650,Day_1,Medium,Intermediate,3.75mm,Experiment_2
2025-10-23T02:08:23.082Z,103,1122,3065,415,1451,3865,3513,3273,13852,2239,2348,8645,Day_1,Medium,Intermediate,3.75mm,Experiment_2
2025-10-23T02:08:23.122Z,103,1131,3069,418,1460,3870,3483,3278,13843,2229,2350,8640,Day_1,Medium,Intermediate,3.75mm,Experiment_2
2025-10-23T02:08:23.162Z,103,1139,3068,419,1466,3870,3454,3280,13827,2217,2354,8633,Day_1,Medium,Intermediate,3.75mm,Experiment_2
2025-10-23T02:08:23.202Z,100,1139,3063,418,1466,3867,3436,3282,13814,2209,2358,8630,Day_1,Medium,Intermediate,3.75mm,Experiment_2
2025-10-23T02:08:23.242Z,100,1130,3060,417,1458,3863,3430,3293,13815,2201,2364,8633,Day_1,Medium,Intermediate,3.75mm,Experiment_2
2025-10-23T02:08:23.282Z,99,1124,3057,416,1451,3860,3434,3311,13835,2199,2372,8645,Day_1,Medium,Intermediate,3.75mm,Experiment_2
2025-10-23T02:08:23.322Z,99,1125,3053,418,1449,3858,3448,3322,13860,2204,2381,8660,Day_1,Medium,Intermediate,3.75mm,Experiment_2
2025-10-23T02:08:23.362Z,102,1125,3053,421,1448,3858,3467,3313,13865,2213,2382,8667,Day_1,Medium,Intermediate,3.75mm,Experiment_2
2025-10-23T02:08:23.402Z,109,1123,3056,426,1447,3863,3484,3288,13850,2221,2375,8663,Day_1,Medium,Intermediate,3.75mm,Experiment_2
2025-10-23T02:08:23.442Z,117,1122,3065,429,1449,3870,3497,3272,13837,2228,2369,8657,Day_1,Medium,Intermediate,3.75mm,Experiment_2
2025-10-23T02:08:23.482Z,117,1124,3073,426,1454,3877,3502,3284,13837,2234,2375,8653,Day_1,Medium,Intermediate,3.75mm,Experiment_2
2025-10-23T02:08:23.522Z,110,1125,3076,420,1457,3880,3499,3312,13844,2236,2387,8649,Day_1,Medium,Intermediate,3.75mm,Experiment_2
2025-10-23T02:08:23.562Z,109,1122,3074,420,1456,3878,3489,3336,13845,2233,2395,8644,Day_1,Medium,Intermediate,3.75mm,Experiment_2
2025-10-23T02:08:23.602Z,116,1121,3070,428,1455,3875,3477,3352,13845,2227,2399,8641,Day_1,Medium,Intermediate,3.75mm,Experiment_2
2025-10-23T02:08:23.642Z,122,1122,3068,435,1456,3873,3462,3354,13850,2216,2400,8641,Day_1,Medium,Intermediate,3.75mm,Experiment_2
2025-10-23T02:08:23.682Z,120,1124,3070,432,1457,3875,3447,3342,13846,2206,2397,8637,Day_1,Medium,Intermediate,3.75mm,Experiment_2
2025-10-23T02:08:23.722Z,112,1122,3075,425,1454,3879,3439,3320,13827,2204,2391,8627,Day_1,Medium,Intermediate,3.75mm,Experiment_2
2025-10-23T02:08:23.762Z,109,1115,3077,422,1447,3881,3438,3299,13818,2207,2381,8625,Day_1,Medium,Intermediate,3.75mm,Experiment_2
2025-10-23T02:08:23.802Z,111,1108,3071,424,1438,3877,3436,3284,13835,2204,2371,8637,Day_1,Medium,Intermediate,3.75mm,Experiment_2
2025-10-23T02:08:23.842Z,112,1105,3062,424,1435,3869,3432,3281,13850,2197,2369,8649,Day_1,Medium,Intermediate,3.75mm,Experiment_2
2025-10-23T02:08:23.882Z,108,1107,3058,421,1437,3865,3435,3287,13846,2196,2372,8650,Day_1,Medium,Intermediate,3.75mm,Experiment_2
2025-10-23T02:08:23.922Z,102,1110,3061,417,1441,3867,3444,3290,13839,2204,2373,8650,Day_1,Medium,Intermediate,3.75mm,Experiment_2
2025-10-23T02:08:23.962Z,95,1112,3066,413,1443,3873,3452,3296,13844,2213,2372,8655,Day_1,Medium,Intermediate,3.75mm,Experiment_2
2025-10-23T02:08:24.002Z,91,1118,3069,408,1447,3877,3455,3311,13855,2215,2374,8661,Day_1,Medium,Intermediate,3.75mm,Experiment_2
2025-10-23T02:08:24.042Z,93,1127,3070,406,1454,3877,3458,3332,13863,2216,2379,8662,Day_1,Medium,Intermediate,3.75mm,Experiment_2
2025-10-23T02:08:24.082Z,95,1135,3069,406,1464,3873,3461,3342,13873,2216,2381,8663,Day_1,Medium,Intermediate,3.75mm,Experiment_2
2025-10-23T02:08:24.122Z,94,1140,3063,408,1471,3865,3459,3336,13891,2213,2378,8667,Day_1,Medium,Intermediate,3.75mm,Experiment_2
2025-10-23T02:08:24.162Z,95,1142,3055,413,1472,3857,3450,3326,13908,2209,2377,8672,Day_1,Medium,Intermediate,3.75mm,Experiment_2
2025-10-23T02:08:24.202Z,101,1140,3052,420,1467,3853,3450,3322,13912,2211,2382,8674,Day_1,Medium,Intermediate,3.75mm,Experiment_2
2025-10-23T02:08:24.242Z,100,1136,3059,419,1464,3857,3467,3314,13903,2222,2381,8673,Day_1,Medium,Intermediate,3.75mm,Experiment_2
2025-10-23T02:08:24.282Z,92,1135,3070,411,1466,3864,3485,3298,13887,2234,2374,8670,Day_1,Medium,Intermediate,3.75mm,Experiment_2
2025-10-23T02:08:24.322Z,87,1139,3074,408,1470,3870,3480,3285,13868,2234,2368,8668,Day_1,Medium,Intermediate,3.75mm,Experiment_2
2025-10-23T02:08:24.362Z,89,1143,3069,412,1472,3869,3463,3281,13856,2224,2367,8667,Day_1,Medium,Intermediate,3.75mm,Experiment_2
2025-10-23T02:08:24.402Z,93,1144,3061,416,1470,3864,3455,3283,13854,2214,2371,8662,Day_1,Medium,Intermediate,3.75mm,Experiment_2
2025-10-23T02:08:24.442Z,99,1137,3058,419,1463,3860,3462,3279,13855,2212,2371,8654,Day_1,Medium,Intermediate,3.75mm,Experiment_2
2025-10-23T02:08:24.483Z,106,1130,3060,422,1456,3861,3475,3268,13851,2220,2364,8645,Day_1,Medium,Intermediate,3.75mm,Experiment_2
2025-10-23T02:08:24.523Z,110,1128,3068,424,1454,3869,3488,3271,13843,2231,2362,8638,Day_1,Medium,Intermediate,3.75mm,Experiment_2
2025-10-23T02:08:24.563Z,110,1127,3077,422,1453,3878,3498,3294,13839,2238,2370,8635,Day_1,Medium,Intermediate,3.75mm,Experiment_2
2025-10-23T02:08:24.603Z,108,1121,3077,419,1447,3880,3497,3323,13841,2236,2380,8638,Day_1,Medium,Intermediate,3.75mm,Experiment_2
2025-10-23T02:08:24.643Z,107,1115,3070,417,1441,3873,3486,3348,13847,2230,2390,8643,Day_1,Medium,Intermediate,3.75mm,Experiment_2
2025-10-23T02:08:24.683Z,109,1113,3064,419,1441,3867,3471,3358,13856,2226,2395,8648,Day_1,Medium,Intermediate,3.75mm,Experiment_2
2025-10-23T02:08:24.723Z,111,1115,3063,423,1445,3864,3454,3339,13865,2221,2389,8653,Day_1,Medium,Intermediate,3.75mm,Experiment_2
2025-10-23T02:08:24.763Z,112,1120,3065,425,1449,3863,3443,3300,13869,2214,2374,8653,Day_1,Medium,Intermediate,3.75mm,Experiment_2
2025-10-23T02:08:24.803Z,114,1125,3067,429,1451,3864,3451,3266,13864,2211,2362,8647,Day_1,Medium,Intermediate,3.75mm,Experiment_2
2025-10-23T02:08:24.842Z,117,1130,3066,433,1452,3866,3472,3254,13847,2215,2359,8637,Day_1,Medium,Intermediate,3.75mm,Experiment_2
2025-10-23T02:08:24.882Z,121,1135,3060,436,1455,3865,3485,3261,13826,2221,2361,8630,Day_1,Medium,Intermediate,3.75mm,Experiment_2
2025-10-23T02:08:24.922Z,122,1136,3050,438,1455,3860,3484,3269,13817,2224,2362,8633,Day_1,Medium,Intermediate,3.75mm,Experiment_2
2025-10-23T02:08:24.962Z,119,1131,3043,436,1451,3854,3475,3272,13830,2225,2360,8643,Day_1,Medium,Intermediate,3.75mm,Experiment_2
2025-10-23T02:08:25.002Z,113,1128,3043,431,1449,3851,3467,3280,13852,2228,2363,8654,Day_1,Medium,Intermediate,3.75mm,Experiment_2
2025-10-23T02:08:25.042Z,108,1129,3048,426,1454,3853,3468,3295,13864,2233,2371,8659,Day_1,Medium,Intermediate,3.75mm,Experiment_2
2025-10-23T02:08:25.082Z,101,1134,3055,419,1461,3858,3482,3302,13865,2243,2377,8660,Day_1,Medium,Intermediate,3.75mm,Experiment_2
2025-10-23T02:08:25.122Z,93,1137,3060,410,1465,3862,3494,3293,13866,2246,2374,8657,Day_1,Medium,Intermediate,3.75mm,Experiment_2
2025-10-23T02:08:25.162Z,91,1132,3063,406,1459,3863,3487,3285,13874,2237,2369,8660,Day_1,Medium,Intermediate,3.75mm,Experiment_2
2025-10-23T02:08:25.202Z,96,1119,3064,410,1445,3862,3468,3289,13883,2221,2372,8666,Day_1,Medium,Intermediate,3.75mm,Experiment_2
2025-10-23T02:08:25.242Z,104,1112,3065,417,1437,3862,3450,3300,13888,2207,2378,8666,Day_1,Medium,Intermediate,3.75mm,Experiment_2
2025-10-23T02:08:25.282Z,109,1120,3066,423,1444,3865,3445,3307,13892,2199,2381,8663,Day_1,Medium,Intermediate,3.75mm,Experiment_2
2025-10-23T02:08:25.322Z,111,1129,3071,426,1456,3871,3456,3309,13895,2202,2377,8662,Day_1,Medium,Intermediate,3.75mm,Experiment_2
2025-10-23T02:08:25.362Z,109,1132,3072,424,1462,3875,3472,3317,13891,2213,2373,8664,Day_1,Medium,Intermediate,3.75mm,Experiment_2
2025-10-23T02:08:25.402Z,106,1130,3067,420,1462,3873,3478,3327,13880,2223,2373,8662,Day_1,Medium,Intermediate,3.75mm,Experiment_2
2025-10-23T02:08:25.442Z,104,1130,3061,421,1465,3869,3475,3325,13865,2228,2376,8657,Day_1,Medium,Intermediate,3.75mm,Experiment_2
2025-10-23T02:08:25.482Z,102,1133,3060,423,1468,3867,3467,3306,13852,2229,2374,8654,Day_1,Medium,Intermediate,3.75mm,Experiment_2
2025-10-23T02:08:25.522Z,103,1133,3063,423,1467,3872,3460,3277,13844,2224,2363,8655,Day_1,Medium,Intermediate,3.75mm,Experiment_2
2025-10-23T02:08:25.580Z,109,1130,3069,426,1461,3878,3458,3253,13848,2220,2353,8658,Day_1,Medium,Intermediate,3.75mm,Experiment_2
2025-10-23T02:08:25.620Z,112,1129,3075,430,1457,3883,3457,3244,13859,2217,2350,8660,Day_1,Medium,Intermediate,3.75mm,Experiment_2
2025-10-23T02:08:25.660Z,105,1130,3079,426,1457,3884,3451,3246,13861,2213,2352,8655,Day_1,Medium,Intermediate,3.75mm,Experiment_2
2025-10-23T02:08:25.700Z,96,1132,3076,419,1461,3880,3444,3250,13854,2208,2354,8647,Day_1,Medium,Intermediate,3.75mm,Experiment_2
2025-10-23T02:08:25.740Z,97,1137,3070,419,1466,3875,3446,3253,13850,2207,2356,8643,Day_1,Medium,Intermediate,3.75mm,Experiment_2
2025-10-23T02:08:25.780Z,109,1142,3068,424,1470,3875,3457,3254,13850,2213,2358,8643,Day_1,Medium,Intermediate,3.75mm,Experiment_2
2025-10-23T02:08:25.820Z,116,1142,3069,425,1468,3878,3468,3262,13850,2220,2365,8643,Day_1,Medium,Intermediate,3.75mm,Experiment_2
2025-10-23T02:08:25.860Z,110,1136,3066,419,1462,3875,3473,3276,13848,2224,2371,8644,Day_1,Medium,Intermediate,3.75mm,Experiment_2
2025-10-23T02:08:25.900Z,101,1128,3060,413,1454,3870,3473,3287,13849,2222,2370,8645,Day_1,Medium,Intermediate,3.75mm,Experiment_2
2025-10-23T02:08:25.940Z,95,1121,3060,411,1449,3870,3468,3297,13857,2216,2370,8648,Day_1,Medium,Intermediate,3.75mm,Experiment_2
2025-10-23T02:08:25.980Z,94,1116,3066,412,1445,3875,3457,3307,13857,2209,2376,8647,Day_1,Medium,Intermediate,3.75mm,Experiment_2
2025-10-23T02:08:26.020Z,99,1116,3072,418,1446,3880,3449,3317,13846,2208,2384,8644,Day_1,Medium,Intermediate,3.75mm,Experiment_2
2025-10-23T02:08:26.060Z,109,1119,3071,426,1450,3880,3452,3322,13841,2214,2384,8643,Day_1,Medium,Intermediate,3.75mm,Experiment_2
2025-10-23T02:08:26.100Z,119,1119,3065,434,1450,3875,3454,3315,13852,2219,2379,8649,Day_1,Medium,Intermediate,3.75mm,Experiment_2
2025-10-23T02:08:26.140Z,124,1113,3059,437,1445,3870,3452,3299,13863,2220,2371,8653,Day_1,Medium,Intermediate,3.75mm,Experiment_2
2025-10-23T02:08:26.180Z,124,1106,3059,436,1440,3869,3457,3290,13864,2220,2367,8651,Day_1,Medium,Intermediate,3.75mm,Experiment_2
2025-10-23T02:08:26.220Z,120,1105,3064,432,1438,3873,3471,3294,13861,2224,2369,8647,Day_1,Medium,Intermediate,3.75mm,Experiment_2
2025-10-23T02:08:26.260Z,113,1109,3071,426,1438,3877,3479,3300,13863,2228,2377,8646,Day_1,Medium,Intermediate,3.75mm,Experiment_2
2025-10-23T02:08:26.308Z,109,1115,3076,422,1440,3880,3477,3299,13865,2229,2382,8649,Day_1,Medium,Intermediate,3.75mm,Experiment_2
2025-10-23T02:08:26.348Z,110,1120,3074,422,1444,3879,3472,3302,13867,2227,2389,8654,Day_1,Medium,Intermediate,3.75mm,Experiment_2
2025-10-23T02:08:26.388Z,112,1124,3066,424,1451,3872,3466,3313,13873,2222,2398,8658,Day_1,Medium,Intermediate,3.75mm,Experiment_2
2025-10-23T02:08:26.428Z,112,1130,3057,423,1459,3865,3464,3321,13876,2218,2403,8656,Day_1,Medium,Intermediate,3.75mm,Experiment_2
2025-10-23T02:08:26.468Z,108,1132,3057,418,1463,3865,3461,3320,13872,2215,2398,8650,Day_1,Medium,Intermediate,3.75mm,Experiment_2
2025-10-23T02:08:26.508Z,104,1124,3065,415,1457,3875,3453,3315,13864,2213,2390,8645,Day_1,Medium,Intermediate,3.75mm,Experiment_2
2025-10-23T02:08:26.548Z,106,1110,3075,418,1445,3886,3444,3310,13848,2213,2381,8642,Day_1,Medium,Intermediate,3.75mm,Experiment_2
2025-10-23T02:08:26.588Z,113,1105,3079,427,1440,3890,3444,3299,13826,2216,2370,8635,Day_1,Medium,Intermediate,3.75mm,Experiment_2
2025-10-23T02:08:26.628Z,118,1112,3077,433,1444,3889,3451,3284,13807,2220,2360,8626,Day_1,Medium,Intermediate,3.75mm,Experiment_2
2025-10-23T02:08:26.677Z,113,1123,3077,430,1452,3888,3458,3277,13801,2224,2356,8622,Day_1,Medium,Intermediate,3.75mm,Experiment_2
2025-10-23T02:08:26.717Z,104,1130,3078,424,1457,3887,3465,3285,13810,2228,2360,8629,Day_1,Medium,Intermediate,3.75mm,Experiment_2
2025-10-23T02:08:26.757Z,100,1131,3076,421,1457,3881,3470,3298,13831,2228,2368,8644,Day_1,Medium,Intermediate,3.75mm,Experiment_2
2025-10-23T02:08:26.797Z,105,1129,3073,423,1454,3873,3479,3305,13857,2230,2377,8660,Day_1,Medium,Intermediate,3.75mm,Experiment_2
2025-10-23T02:08:26.837Z,112,1127,3075,425,1454,3871,3494,3306,13878,2236,2383,8668,Day_1,Medium,Intermediate,3.75mm,Experiment_2
2025-10-23T02:08:26.877Z,110,1130,3079,422,1459,3875,3502,3305,13885,2241,2383,8667,Day_1,Medium,Intermediate,3.75mm,Experiment_2
2025-10-23T02:08:26.917Z,102,1133,3079,415,1463,3877,3498,3306,13879,2238,2380,8664,Day_1,Medium,Intermediate,3.75mm,Experiment_2
2025-10-23T02:08:26.957Z,98,1135,3075,412,1463,3876,3493,3306,13864,2232,2378,8664,Day_1,Medium,Intermediate,3.75mm,Experiment_2
2025-10-23T02:08:26.997Z,102,1134,3071,416,1461,3873,3501,3307,13843,2234,2381,8662,Day_1,Medium,Intermediate,3.75mm,Experiment_2
2025-10-23T02:08:27.046Z,108,1129,3067,423,1458,3870,3519,3310,13828,2241,2387,8659,Day_1,Medium,Intermediate,3.75mm,Experiment_2
2025-10-23T02:08:27.086Z,111,1121,3064,425,1455,3867,3528,3308,13832,2243,2387,8657,Day_1,Medium,Intermediate,3.75mm,Experiment_2
2025-10-23T02:08:27.126Z,107,1116,3059,421,1452,3862,3517,3297,13850,2234,2380,8659,Day_1,Medium,Intermediate,3.75mm,Experiment_2
2025-10-23T02:08:27.166Z,98,1114,3056,413,1448,3858,3497,3287,13871,2221,2371,8663,Day_1,Medium,Intermediate,3.75mm,Experiment_2
2025-10-23T02:08:27.206Z,91,1115,3057,408,1446,3858,3475,3280,13884,2213,2363,8664,Day_1,Medium,Intermediate,3.75mm,Experiment_2
2025-10-23T02:08:27.246Z,93,1118,3060,411,1447,3860,3458,3279,13890,2212,2360,8665,Day_1,Medium,Intermediate,3.75mm,Experiment_2
2025-10-23T02:08:27.286Z,100,1122,3066,418,1449,3865,3455,3285,13897,2214,2363,8671,Day_1,Medium,Intermediate,3.75mm,Experiment_2
2025-10-23T02:08:27.326Z,106,1124,3076,423,1450,3872,3462,3297,13906,2213,2368,8680,Day_1,Medium,Intermediate,3.75mm,Experiment_2
2025-10-23T02:08:27.366Z,106,1122,3083,425,1449,3879,3464,3309,13905,2211,2372,8681,Day_1,Medium,Intermediate,3.75mm,Experiment_2
2025-10-23T02:08:27.406Z,104,1119,3083,422,1448,3881,3461,3309,13892,2212,2373,8675,Day_1,Medium,Intermediate,3.75mm,Experiment_2
2025-10-23T02:08:27.446Z,98,1117,3077,417,1449,3878,3461,3303,13879,2217,2374,8666,Day_1,Medium,Intermediate,3.75mm,Experiment_2
2025-10-23T02:08:27.486Z,94,1118,3072,413,1450,3875,3462,3306,13869,2221,2379,8660,Day_1,Medium,Intermediate,3.75mm,Experiment_2
2025-10-23T02:08:27.526Z,96,1123,3073,414,1451,3876,3459,3314,13859,2218,2385,8656,Day_1,Medium,Intermediate,3.75mm,Experiment_2
2025-10-23T02:08:27.566Z,103,1130,3076,420,1453,3878,3456,3316,13846,2212,2387,8653,Day_1,Medium,Intermediate,3.75mm,Experiment_2
2025-10-23T02:08:27.606Z,107,1131,3078,424,1453,3878,3467,3319,13839,2215,2385,8649,Day_1,Medium,Intermediate,3.75mm,Experiment_2
2025-10-23T02:08:27.646Z,108,1126,3077,425,1452,3877,3487,3317,13846,2223,2380,8648,Day_1,Medium,Intermediate,3.75mm,Experiment_2
2025-10-23T02:08:27.686Z,108,1123,3073,425,1455,3873,3496,3309,13863,2224,2376,8653,Day_1,Medium,Intermediate,3.75mm,Experiment_2
2025-10-23T02:08:27.726Z,106,1128,3069,423,1462,3870,3493,3305,13873,2223,2379,8659,Day_1,Medium,Intermediate,3.75mm,Experiment_2
2025-10-23T02:08:27.775Z,103,1135,3069,420,1466,3873,3493,3305,13865,2226,2382,8657,Day_1,Medium,Intermediate,3.75mm,Experiment_2
2025-10-23T02:08:27.815Z,101,1138,3075,416,1463,3882,3492,3303,13847,2230,2379,8650,Day_1,Medium,Intermediate,3.75mm,Experiment_2
2025-10-23T02:08:27.855Z,101,1137,3081,414,1458,3890,3487,3296,13834,2227,2372,8645,Day_1,Medium,Intermediate,3.75mm,Experiment_2
2025-10-23T02:08:27.895Z,102,1134,3080,415,1455,3891,3479,3287,13828,2219,2367,8643,Day_1,Medium,Intermediate,3.75mm,Experiment_2
2025-10-23T02:08:27.935Z,97,1130,3074,412,1455,3885,3471,3281,13831,2215,2366,8641,Day_1,Medium,Intermediate,3.75mm,Experiment_2
2025-10-23T02:08:27.975Z,88,1128,3065,406,1458,3875,3467,3279,13847,2216,2369,8644,Day_1,Medium,Intermediate,3.75mm,Experiment_2
2025-10-23T02:08:28.015Z,84,1129,3056,405,1460,3865,3462,3281,13866,2216,2372,8649,Day_1,Medium,Intermediate,3.75mm,Experiment_2
2025-10-23T02:08:28.055Z,90,1130,3051,410,1461,3860,3453,3285,13872,2214,2371,8654,Day_1,Medium,Intermediate,3.75mm,Experiment_2
2025-10-23T02:08:28.095Z,98,1130,3052,417,1458,3860,3450,3287,13873,2212,2367,8658,Day_1,Medium,Intermediate,3.75mm,Experiment_2
2025-10-23T02:08:28.143Z,103,1126,3053,419,1453,3859,3456,3281,13880,2215,2362,8664,Day_1,Medium,Intermediate,3.75mm,Experiment_2
2025-10-23T02:08:28.183Z,102,1121,3053,416,1449,3857,3465,3276,13889,2220,2356,8668,Day_1,Medium,Intermediate,3.75mm,Experiment_2
2025-10-23T02:08:28.223Z,97,1115,3057,411,1447,3860,3471,3280,13886,2224,2355,8668,Day_1,Medium,Intermediate,3.75mm,Experiment_2
2025-10-23T02:08:28.263Z,92,1114,3065,408,1446,3868,3478,3294,13877,2227,2360,8664,Day_1,Medium,Intermediate,3.75mm,Experiment_2
2025-10-23T02:08:28.303Z,88,1119,3070,406,1448,3876,3496,3318,13875,2234,2375,8656,Day_1,Medium,Intermediate,3.75mm,Experiment_2
2025-10-23T02:08:28.343Z,86,1123,3071,406,1450,3880,3512,3348,13875,2244,2396,8648,Day_1,Medium,Intermediate,3.75mm,Experiment_2
2025-10-23T02:08:28.383Z,88,1121,3073,408,1448,3883,3512,3367,13868,2250,2413,8642,Day_1,Medium,Intermediate,3.75mm,Experiment_2
2025-10-23T02:08:28.423Z,90,1118,3078,409,1446,3886,3498,3368,13850,2249,2420,8640,Day_1,Medium,Intermediate,3.75mm,Experiment_2
2025-10-23T02:08:28.463Z,91,1116,3080,409,1447,3884,3483,3352,13832,2242,2413,8641,Day_1,Medium,Intermediate,3.75mm,Experiment_2
2025-10-23T02:08:28.512Z,92,1112,3078,410,1446,3880,3479,3323,13826,2234,2393,8643,Day_1,Medium,Intermediate,3.75mm,Experiment_2
2025-10-23T02:08:28.552Z,92,1110,3080,408,1445,3880,3484,3293,13836,2229,2369,8646,Day_1,Medium,Intermediate,3.75mm,Experiment_2
2025-10-23T02:08:28.592Z,90,1114,3086,401,1448,3886,3491,3272,13851,2226,2353,8651,Day_1,Medium,Intermediate,3.75mm,Experiment_2
2025-10-23T02:08:28.632Z,89,1121,3087,395,1453,3891,3491,3257,13857,2221,2345,8652,Day_1,Medium,Intermediate,3.75mm,Experiment_2
2025-10-23T02:08:28.672Z,91,1126,3085,398,1457,3889,3478,3247,13854,2211,2347,8651,Day_1,Medium,Intermediate,3.75mm,Experiment_2
2025-10-23T02:08:28.712Z,95,1127,3082,405,1459,3885,3465,3249,13858,2206,2358,8655,Day_1,Medium,Intermediate,3.75mm,Experiment_2
2025-10-23T02:08:28.752Z,95,1126,3077,409,1461,3878,3470,3256,13875,2209,2365,8661,Day_1,Medium,Intermediate,3.75mm,Experiment_2
2025-10-23T02:08:28.792Z,92,1124,3072,406,1459,3870,3497,3263,13893,2222,2363,8663,Day_1,Medium,Intermediate,3.75mm,Experiment_2
2025-10-23T02:08:28.832Z,90,1119,3068,403,1452,3865,3527,3274,13896,2237,2359,8663,Day_1,Medium,Intermediate,3.75mm,Experiment_2
2025-10-23T02:08:28.872Z,91,1110,3064,404,1441,3862,3538,3283,13884,2245,2358,8660,Day_1,Medium,Intermediate,3.75mm,Experiment_2
2025-10-23T02:08:28.912Z,95,1102,3061,408,1431,3862,3520,3279,13877,2239,2357,8658,Day_1,Medium,Intermediate,3.75mm,Experiment_2
2025-10-23T02:08:28.952Z,99,1098,3060,414,1427,3866,3489,3267,13875,2229,2355,8656,Day_1,Medium,Intermediate,3.75mm,Experiment_2
2025-10-23T02:08:28.992Z,100,1098,3061,418,1427,3871,3462,3254,13862,2223,2351,8650,Day_1,Medium,Intermediate,3.75mm,Experiment_2
2025-10-23T02:08:29.032Z,99,1098,3064,419,1428,3875,3455,3253,13840,2221,2352,8645,Day_1,Medium,Intermediate,3.75mm,Experiment_2
2025-10-23T02:08:29.072Z,100,1100,3068,420,1433,3878,3466,3269,13835,2226,2359,8645,Day_1,Medium,Intermediate,3.75mm,Experiment_2
2025-10-23T02:08:29.112Z,104,1110,3070,423,1443,3878,3485,3289,13850,2235,2368,8647,Day_1,Medium,Intermediate,3.75mm,Experiment_2
2025-10-23T02:08:29.152Z,110,1122,3070,427,1455,3878,3497,3298,13865,2242,2368,8650,Day_1,Medium,Intermediate,3.75mm,Experiment_2
2025-10-23T02:08:29.192Z,118,1128,3070,431,1460,3877,3500,3297,13867,2243,2362,8652,Day_1,Medium,Intermediate,3.75mm,Experiment_2
2025-10-23T02:08:29.241Z,123,1127,3070,433,1458,3876,3498,3300,13857,2241,2361,8652,Day_1,Medium,Intermediate,3.75mm,Experiment_2
2025-10-23T02:08:29.281Z,119,1123,3071,428,1453,3876,3496,3311,13847,2237,2370,8650,Day_1,Medium,Intermediate,3.75mm,Experiment_2
2025-10-23T02:08:29.321Z,107,1121,3072,419,1452,3874,3494,3320,13842,2232,2382,8648,Day_1,Medium,Intermediate,3.75mm,Experiment_2
2025-10-23T02:08:29.361Z,99,1124,3070,415,1453,3869,3492,3318,13840,2229,2384,8648,Day_1,Medium,Intermediate,3.75mm,Experiment_2
2025-10-23T02:08:29.401Z,99,1128,3066,417,1455,3863,3488,3309,13842,2226,2379,8651,Day_1,Medium,Intermediate,3.75mm,Experiment_2
2025-10-23T02:08:29.441Z,102,1129,3063,418,1455,3862,3481,3307,13853,2223,2375,8656,Day_1,Medium,Intermediate,3.75mm,Experiment_2
2025-10-23T02:08:29.481Z,102,1126,3061,417,1453,3863,3475,3310,13863,2222,2375,8657,Day_1,Medium,Intermediate,3.75mm,Experiment_2
2025-10-23T02:08:29.521Z,101,1119,3061,416,1448,3866,3473,3309,13858,2225,2376,8652,Day_1,Medium,Intermediate,3.75mm,Experiment_2
2025-10-23T02:08:29.561Z,104,1114,3064,419,1444,3872,3470,3299,13839,2226,2374,8641,Day_1,Medium,Intermediate,3.75mm,Experiment_2
2025-10-23T02:08:29.532Z,107,1114,3068,422,1443,3877,3463,3286,13822,2221,2370,8634,Day_1,Medium,Intermediate,3.75mm,Experiment_2
2025-10-23T02:08:29.572Z,105,1117,3069,417,1445,3877,3458,3277,13823,2216,2363,8637,Day_1,Medium,Intermediate,3.75mm,Experiment_2
2025-10-23T02:08:29.612Z,99,1118,3068,412,1446,3875,3466,3276,13835,2220,2360,8642,Day_1,Medium,Intermediate,3.75mm,Experiment_2
2025-10-23T02:08:29.652Z,96,1117,3069,412,1447,3872,3491,3278,13848,2233,2361,8641,Day_1,Medium,Intermediate,3.75mm,Experiment_2
2025-10-23T02:08:29.692Z,96,1116,3068,415,1449,3869,3516,3273,13860,2248,2363,8637,Day_1,Medium,Intermediate,3.75mm,Experiment_2
2025-10-23T02:08:29.732Z,99,1114,3068,419,1450,3868,3524,3266,13869,2254,2364,8638,Day_1,Medium,Intermediate,3.75mm,Experiment_2
2025-10-23T02:08:29.772Z,100,1115,3070,419,1453,3870,3516,3271,13872,2252,2368,8646,Day_1,Medium,Intermediate,3.75mm,Experiment_2
2025-10-23T02:08:29.812Z,95,1120,3075,413,1461,3874,3506,3279,13880,2248,2371,8661,Day_1,Medium,Intermediate,3.75mm,Experiment_2
2025-10-23T02:08:29.852Z,91,1127,3081,406,1469,3880,3501,3275,13896,2242,2367,8675,Day_1,Medium,Intermediate,3.75mm,Experiment_2
2025-10-23T02:08:29.892Z,92,1131,3084,403,1470,3883,3496,3261,13907,2235,2358,8679,Day_1,Medium,Intermediate,3.75mm,Experiment_2
2025-10-23T02:08:29.932Z,92,1129,3081,402,1463,3880,3495,3249,13905,2230,2351,8674,Day_1,Medium,Intermediate,3.75mm,Experiment_2
2025-10-23T02:08:29.972Z,92,1126,3073,402,1454,3872,3494,3244,13891,2228,2348,8664,Day_1,Medium,Intermediate,3.75mm,Experiment_2
2025-10-23T02:08:30.012Z,93,1125,3066,405,1447,3866,3491,3247,13868,2228,2349,8652,Day_1,Medium,Intermediate,3.75mm,Experiment_2
2025-10-23T02:08:30.052Z,102,1126,3062,416,1445,3865,3483,3260,13840,2227,2358,8639,Day_1,Medium,Intermediate,3.75mm,Experiment_2
2025-10-23T02:08:30.092Z,116,1128,3060,431,1446,3866,3470,3280,13819,2221,2372,8633,Day_1,Medium,Intermediate,3.75mm,Experiment_2
2025-10-23T02:08:30.132Z,123,1126,3059,437,1446,3866,3459,3302,13817,2215,2382,8639,Day_1,Medium,Intermediate,3.75mm,Experiment_2
2025-10-23T02:08:30.172Z,116,1120,3058,429,1442,3866,3456,3313,13828,2215,2385,8650,Day_1,Medium,Intermediate,3.75mm,Experiment_2
2025-10-23T02:08:30.212Z,105,1113,3060,417,1438,3866,3461,3307,13838,2217,2381,8654,Day_1,Medium,Intermediate,3.75mm,Experiment_2
2025-10-23T02:08:30.252Z,99,1114,3064,411,1439,3868,3466,3294,13840,2217,2374,8651,Day_1,Medium,Intermediate,3.75mm,Experiment_2
2025-10-23T02:08:30.292Z,99,1117,3068,413,1442,3872,3468,3292,13838,2216,2371,8643,Day_1,Medium,Intermediate,3.75mm,Experiment_2
2025-10-23T02:08:30.332Z,102,1119,3071,416,1443,3875,3474,3301,13835,2220,2370,8637,Day_1,Medium,Intermediate,3.75mm,Experiment_2
2025-10-23T02:08:30.372Z,102,1116,3075,416,1441,3878,3484,3305,13835,2227,2366,8637,Day_1,Medium,Intermediate,3.75mm,Experiment_2
2025-10-23T02:08:30.412Z,98,1111,3078,411,1437,3878,3486,3296,13844,2230,2360,8647,Day_1,Medium,Intermediate,3.75mm,Experiment_2
2025-10-23T02:08:30.452Z,95,1107,3076,407,1435,3873,3479,3287,13860,2229,2357,8661,Day_1,Medium,Intermediate,3.75mm,Experiment_2
2025-10-23T02:08:30.492Z,95,1110,3072,407,1440,3868,3475,3289,13875,2228,2361,8671,Day_1,Medium,Intermediate,3.75mm,Experiment_2
2025-10-23T02:08:30.532Z,99,1120,3069,413,1451,3863,3480,3294,13884,2230,2366,8677,Day_1,Medium,Intermediate,3.75mm,Experiment_2
2025-10-23T02:08:30.572Z,105,1128,3067,422,1460,3862,3495,3286,13883,2238,2366,8677,Day_1,Medium,Intermediate,3.75mm,Experiment_2
2025-10-23T02:08:30.612Z,113,1131,3067,430,1463,3866,3512,3266,13872,2252,2363,8673,Day_1,Medium,Intermediate,3.75mm,Experiment_2
2025-10-23T02:08:30.652Z,118,1131,3071,435,1463,3874,3521,3247,13859,2263,2367,8668,Day_1,Medium,Intermediate,3.75mm,Experiment_2
2025-10-23T02:08:30.692Z,118,1130,3077,434,1462,3882,3518,3252,13851,2262,2379,8666,Day_1,Medium,Intermediate,3.75mm,Experiment_2
2025-10-23T02:08:30.732Z,112,1129,3077,430,1459,3882,3501,3281,13852,2248,2389,8667,Day_1,Medium,Intermediate,3.75mm,Experiment_2
2025-10-23T02:08:30.772Z,106,1128,3070,425,1457,3875,3485,3309,13859,2232,2390,8667,Day_1,Medium,Intermediate,3.75mm,Experiment_2
2025-10-23T02:08:30.812Z,103,1127,3060,421,1456,3866,3477,3316,13863,2223,2385,8667,Day_1,Medium,Intermediate,3.75mm,Experiment_2
2025-10-23T02:08:30.852Z,105,1122,3054,422,1451,3862,3469,3312,13861,2216,2382,8665,Day_1,Medium,Intermediate,3.75mm,Experiment_2
2025-10-23T02:08:30.892Z,114,1111,3053,428,1440,3861,3458,3313,13857,2209,2383,8660,Day_1,Medium,Intermediate,3.75mm,Experiment_2
2025-10-23T02:08:30.932Z,125,1100,3057,436,1430,3865,3454,3314,13851,2205,2381,8654,Day_1,Medium,Intermediate,3.75mm,Experiment_2
2025-10-23T02:08:30.972Z,130,1098,3063,437,1427,3867,3456,3306,13851,2204,2374,8652,Day_1,Medium,Intermediate,3.75mm,Experiment_2
2025-10-23T02:08:31.012Z,120,1103,3067,426,1431,3867,3467,3295,13864,2207,2364,8657,Day_1,Medium,Intermediate,3.75mm,Experiment_2
2025-10-23T02:08:31.052Z,102,1110,3065,409,1436,3866,3483,3289,13882,2214,2358,8663,Day_1,Medium,Intermediate,3.75mm,Experiment_2
2025-10-23T02:08:31.092Z,91,1114,3063,401,1441,3867,3496,3288,13892,2222,2359,8663,Day_1,Medium,Intermediate,3.75mm,Experiment_2
2025-10-23T02:08:31.132Z,92,1116,3066,406,1444,3871,3502,3294,13887,2228,2366,8659,Day_1,Medium,Intermediate,3.75mm,Experiment_2
2025-10-23T02:08:31.172Z,98,1117,3072,415,1446,3876,3505,3304,13869,2235,2376,8651,Day_1,Medium,Intermediate,3.75mm,Experiment_2
2025-10-23T02:08:31.212Z,103,1119,3077,423,1448,3881,3506,3317,13849,2240,2384,8642,Day_1,Medium,Intermediate,3.75mm,Experiment_2
2025-10-23T02:08:31.252Z,109,1124,3076,429,1452,3882,3497,3326,13835,2239,2389,8638,Day_1,Medium,Intermediate,3.75mm,Experiment_2
2025-10-23T02:08:31.292Z,113,1130,3071,431,1456,3880,3476,3331,13833,2230,2391,8641,Day_1,Medium,Intermediate,3.75mm,Experiment_2
2025-10-23T02:08:31.332Z,108,1130,3066,426,1458,3876,3459,3329,13844,2218,2391,8647,Day_1,Medium,Intermediate,3.75mm,Experiment_2
2025-10-23T02:08:31.372Z,100,1124,3063,417,1456,3871,3457,3313,13855,2208,2383,8650,Day_1,Medium,Intermediate,3.75mm,Experiment_2
2025-10-23T02:08:31.412Z,96,1119,3064,413,1454,3867,3472,3289,13852,2209,2372,8648,Day_1,Medium,Intermediate,3.75mm,Experiment_2
2025-10-23T02:08:31.452Z,96,1120,3066,415,1454,3866,3499,3266,13844,2221,2363,8647,Day_1,Medium,Intermediate,3.75mm,Experiment_2
2025-10-23T02:08:31.492Z,96,1126,3065,416,1456,3866,3525,3246,13849,2236,2353,8652,Day_1,Medium,Intermediate,3.75mm,Experiment_2
2025-10-23T02:08:31.532Z,97,1131,3060,416,1459,3863,3542,3233,13864,2248,2343,8662,Day_1,Medium,Intermediate,3.75mm,Experiment_2
2025-10-23T02:08:31.572Z,102,1135,3054,417,1464,3856,3542,3241,13878,2250,2345,8671,Day_1,Medium,Intermediate,3.75mm,Experiment_2
2025-10-23T02:08:31.612Z,110,1138,3051,422,1466,3851,3525,3269,13885,2242,2361,8676,Day_1,Medium,Intermediate,3.75mm,Experiment_2
2025-10-23T02:08:31.652Z,117,1139,3050,427,1465,3851,3502,3293,13887,2232,2379,8675,Day_1,Medium,Intermediate,3.75mm,Experiment_2
2025-10-23T02:08:31.693Z,121,1140,3053,431,1464,3854,3484,3301,13887,2227,2386,8672,Day_1,Medium,Intermediate,3.75mm,Experiment_2
2025-10-23T02:08:31.733Z,120,1137,3060,431,1462,3863,3470,3306,13887,2224,2389,8671,Day_1,Medium,Intermediate,3.75mm,Experiment_2
2025-10-23T02:08:31.773Z,114,1131,3067,427,1459,3871,3460,3314,13883,2221,2393,8670,Day_1,Medium,Intermediate,3.75mm,Experiment_2
2025-10-23T02:08:31.813Z,104,1125,3065,418,1455,3871,3455,3320,13870,2222,2395,8667,Day_1,Medium,Intermediate,3.75mm,Experiment_2
2025-10-23T02:08:31.853Z,98,1120,3061,413,1451,3869,3453,3319,13852,2221,2394,8662,Day_1,Medium,Intermediate,3.75mm,Experiment_2
2025-10-23T02:08:31.893Z,101,1115,3062,416,1446,3871,3451,3311,13839,2218,2390,8656,Day_1,Medium,Intermediate,3.75mm,Experiment_2
2025-10-23T02:08:31.933Z,107,1110,3066,423,1439,3875,3457,3301,13839,2217,2383,8649,Day_1,Medium,Intermediate,3.75mm,Experiment_2
2025-10-23T02:08:31.973Z,108,1111,3066,426,1434,3873,3469,3292,13849,2220,2376,8644,Day_1,Medium,Intermediate,3.75mm,Experiment_2
2025-10-23T02:08:32.013Z,105,1118,3060,426,1438,3867,3478,3283,13861,2224,2371,8646,Day_1,Medium,Intermediate,3.75mm,Experiment_2
2025-10-23T02:08:32.053Z,102,1127,3055,423,1445,3862,3480,3280,13867,2226,2370,8653,Day_1,Medium,Intermediate,3.75mm,Experiment_2
2025-10-23T02:08:32.093Z,98,1130,3055,419,1450,3861,3474,3284,13867,2223,2372,8660,Day_1,Medium,Intermediate,3.75mm,Experiment_2
2025-10-23T02:08:32.133Z,98,1128,3060,416,1449,3866,3468,3292,13869,2221,2373,8667,Day_1,Medium,Intermediate,3.75mm,Experiment_2
2025-10-23T02:08:32.173Z,103,1125,3064,416,1447,3872,3471,3297,13871,2225,2369,8669,Day_1,Medium,Intermediate,3.75mm,Experiment_2
2025-10-23T02:08:32.213Z,104,1124,3067,415,1448,3874,3482,3300,13869,2231,2366,8667,Day_1,Medium,Intermediate,3.75mm,Experiment_2
2025-10-23T02:08:32.253Z,98,1126,3069,412,1453,3873,3497,3299,13863,2232,2365,8662,Day_1,Medium,Intermediate,3.75mm,Experiment_2
2025-10-23T02:08:32.293Z,95,1129,3070,411,1457,3873,3517,3289,13855,2233,2360,8658,Day_1,Medium,Intermediate,3.75mm,Experiment_2
2025-10-23T02:08:32.333Z,103,1128,3070,418,1457,3873,3528,3279,13843,2238,2356,8653,Day_1,Medium,Intermediate,3.75mm,Experiment_2
2025-10-23T02:08:32.373Z,115,1124,3068,428,1454,3873,3516,3272,13824,2240,2357,8644,Day_1,Medium,Intermediate,3.75mm,Experiment_2
2025-10-23T02:08:32.413Z,119,1122,3064,433,1452,3870,3494,3273,13812,2237,2362,8637,Day_1,Medium,Intermediate,3.75mm,Experiment_2
2025-10-23T02:08:32.453Z,118,1123,3057,432,1453,3865,3479,3283,13819,2233,2371,8640,Day_1,Medium,Intermediate,3.75mm,Experiment_2
2025-10-23T02:08:32.493Z,115,1121,3052,429,1451,3860,3473,3294,13839,2229,2378,8651,Day_1,Medium,Intermediate,3.75mm,Experiment_2
2025-10-23T02:08:32.533Z,109,1115,3054,424,1447,3860,3469,3293,13858,2217,2374,8663,Day_1,Medium,Intermediate,3.75mm,Experiment_2
2025-10-23T02:08:32.573Z,103,1113,3060,419,1446,3863,3464,3284,13876,2198,2365,8675,Day_1,Medium,Intermediate,3.75mm,Experiment_2
2025-10-23T02:08:32.613Z,101,1116,3064,418,1449,3866,3471,3289,13894,2181,2362,8684,Day_1,Medium,Intermediate,3.75mm,Experiment_2
2025-10-23T02:08:32.653Z,104,1119,3064,421,1449,3868,3492,3305,13906,2182,2368,8686,Day_1,Medium,Intermediate,3.75mm,Experiment_2
2025-10-23T02:08:32.693Z,106,1120,3063,422,1448,3870,3506,3318,13917,2200,2376,8684,Day_1,Medium,Intermediate,3.75mm,Experiment_2
2025-10-23T02:08:32.733Z,105,1122,3063,419,1447,3871,3505,3324,13926,2219,2382,8680,Day_1,Medium,Intermediate,3.75mm,Experiment_2
2025-10-23T02:08:32.773Z,105,1122,3065,418,1448,3873,3496,3320,13918,2228,2381,8673,Day_1,Medium,Intermediate,3.75mm,Experiment_2
2025-10-23T02:08:32.813Z,108,1124,3072,420,1451,3880,3483,3304,13893,2226,2373,8666,Day_1,Medium,Intermediate,3.75mm,Experiment_2
2025-10-23T02:08:32.853Z,109,1128,3079,421,1456,3888,3464,3283,13868,2217,2363,8660,Day_1,Medium,Intermediate,3.75mm,Experiment_2
2025-10-23T02:08:32.893Z,107,1129,3077,421,1457,3889,3447,3265,13854,2212,2357,8657,Day_1,Medium,Intermediate,3.75mm,Experiment_2
2025-10-23T02:08:32.933Z,109,1126,3068,426,1451,3882,3442,3255,13845,2215,2357,8656,Day_1,Medium,Intermediate,3.75mm,Experiment_2
2025-10-23T02:08:32.973Z,118,1122,3063,435,1443,3874,3445,3252,13839,2220,2355,8657,Day_1,Medium,Intermediate,3.75mm,Experiment_2
2025-10-23T02:08:33.013Z,122,1119,3064,440,1439,3870,3443,3250,13840,2218,2349,8659,Day_1,Medium,Intermediate,3.75mm,Experiment_2
2025-10-23T02:08:33.053Z,119,1118,3069,437,1441,3872,3438,3253,13853,2212,2347,8662,Day_1,Medium,Intermediate,3.75mm,Experiment_2
2025-10-23T02:08:33.093Z,115,1121,3071,432,1446,3875,3444,3264,13877,2211,2352,8669,Day_1,Medium,Intermediate,3.75mm,Experiment_2
2025-10-23T02:08:33.133Z,113,1123,3067,429,1451,3875,3457,3272,13905,2215,2355,8677,Day_1,Medium,Intermediate,3.75mm,Experiment_2
2025-10-23T02:08:33.173Z,108,1125,3059,424,1453,3869,3462,3274,13921,2216,2355,8682,Day_1,Medium,Intermediate,3.75mm,Experiment_2
2025-10-23T02:08:33.213Z,102,1125,3055,420,1452,3863,3458,3270,13918,2214,2353,8680,Day_1,Medium,Intermediate,3.75mm,Experiment_2
2025-10-23T02:08:33.253Z,96,1121,3055,415,1450,3861,3455,3264,13906,2213,2353,8675,Day_1,Medium,Intermediate,3.75mm,Experiment_2
2025-10-23T02:08:33.293Z,93,1117,3057,411,1447,3860,3456,3263,13903,2214,2357,8671,Day_1,Medium,Intermediate,3.75mm,Experiment_2
2025-10-23T02:08:33.333Z,99,1117,3056,415,1447,3857,3459,3274,13907,2213,2362,8669,Day_1,Medium,Intermediate,3.75mm,Experiment_2
2025-10-23T02:08:33.373Z,109,1118,3060,424,1448,3857,3461,3288,13904,2215,2365,8665,Day_1,Medium,Intermediate,3.75mm,Experiment_2
2025-10-23T02:08:33.413Z,117,1119,3069,431,1450,3863,3461,3294,13890,2218,2363,8659,Day_1,Medium,Intermediate,3.75mm,Experiment_2
2025-10-23T02:08:33.453Z,122,1120,3078,435,1451,3872,3463,3291,13872,2219,2357,8653,Day_1,Medium,Intermediate,3.75mm,Experiment_2
2025-10-23T02:08:33.508Z,123,1121,3080,434,1452,3876,3474,3285,13852,2223,2351,8648,Day_1,Medium,Intermediate,3.75mm,Experiment_2
2025-10-23T02:08:33.548Z,117,1124,3074,429,1454,3875,3484,3279,13837,2229,2349,8645,Day_1,Medium,Intermediate,3.75mm,Experiment_2
2025-10-23T02:08:33.588Z,108,1124,3070,420,1454,3873,3486,3276,13840,2236,2352,8649,Day_1,Medium,Intermediate,3.75mm,Experiment_2
2025-10-23T02:08:33.628Z,102,1122,3076,413,1451,3880,3487,3275,13857,2242,2355,8655,Day_1,Medium,Intermediate,3.75mm,Experiment_2
2025-10-23T02:08:33.668Z,103,1119,3088,414,1447,3892,3488,3275,13872,2243,2355,8657,Day_1,Medium,Intermediate,3.75mm,Experiment_2
2025-10-23T02:08:33.708Z,110,1116,3095,420,1445,3898,3487,3282,13880,2239,2355,8657,Day_1,Medium,Intermediate,3.75mm,Experiment_2
2025-10-23T02:08:33.748Z,113,1113,3092,424,1444,3892,3486,3290,13883,2235,2361,8660,Day_1,Medium,Intermediate,3.75mm,Experiment_2
2025-10-23T02:08:33.788Z,112,1112,3082,424,1444,3882,3490,3295,13877,2236,2369,8660,Day_1,Medium,Intermediate,3.75mm,Experiment_2
2025-10-23T02:08:33.828Z,113,1116,3077,427,1449,3877,3504,3301,13864,2242,2376,8655,Day_1,Medium,Intermediate,3.75mm,Experiment_2
2025-10-23T02:08:33.868Z,116,1121,3074,432,1453,3876,3526,3311,13858,2252,2379,8652,Day_1,Medium,Intermediate,3.75mm,Experiment_2
2025-10-23T02:08:33.908Z,116,1120,3070,435,1452,3874,3539,3321,13863,2258,2381,8654,Day_1,Medium,Intermediate,3.75mm,Experiment_2
2025-10-23T02:08:33.948Z,115,1118,3067,433,1449,3871,3537,3328,13872,2256,2385,8658,Day_1,Medium,Intermediate,3.75mm,Experiment_2
2025-10-23T02:08:33.988Z,113,1117,3066,427,1446,3871,3517,3331,13880,2244,2391,8660,Day_1,Medium,Intermediate,3.75mm,Experiment_2
2025-10-23T02:08:34.028Z,113,1117,3064,423,1446,3870,3490,3334,13872,2230,2396,8655,Day_1,Medium,Intermediate,3.75mm,Experiment_2
2025-10-23T02:08:34.068Z,117,1118,3064,424,1449,3869,3469,3336,13846,2222,2394,8643,Day_1,Medium,Intermediate,3.75mm,Experiment_2
2025-10-23T02:08:34.108Z,119,1123,3066,426,1455,3873,3453,3332,13821,2219,2388,8632,Day_1,Medium,Intermediate,3.75mm,Experiment_2
2025-10-23T02:08:34.148Z,114,1129,3069,424,1460,3878,3438,3324,13812,2217,2382,8633,Day_1,Medium,Intermediate,3.75mm,Experiment_2
2025-10-23T02:08:34.188Z,103,1133,3067,419,1461,3877,3433,3319,13816,2215,2381,8644,Day_1,Medium,Intermediate,3.75mm,Experiment_2
2025-10-23T02:08:34.235Z,94,1135,3058,415,1459,3869,3443,3324,13825,2217,2386,8654,Day_1,Medium,Intermediate,3.75mm,Experiment_2
2025-10-23T02:08:34.275Z,90,1133,3051,415,1456,3862,3465,3331,13826,2225,2393,8653,Day_1,Medium,Intermediate,3.75mm,Experiment_2
2025-10-23T02:08:34.315Z,91,1127,3048,415,1449,3857,3483,3328,13821,2232,2393,8646,Day_1,Medium,Intermediate,3.75mm,Experiment_2
2025-10-23T02:08:34.355Z,92,1116,3047,413,1440,3856,3486,3324,13824,2231,2390,8644,Day_1,Medium,Intermediate,3.75mm,Experiment_2
2025-10-23T02:08:34.395Z,92,1108,3051,410,1433,3861,3482,3330,13840,2228,2390,8651,Day_1,Medium,Intermediate,3.75mm,Experiment_2
2025-10-23T02:08:34.435Z,93,1106,3064,410,1433,3873,3477,3332,13861,2227,2390,8662,Day_1,Medium,Intermediate,3.75mm,Experiment_2
2025-10-23T02:08:34.475Z,95,1109,3080,412,1436,3885,3472,3319,13879,2227,2383,8670,Day_1,Medium,Intermediate,3.75mm,Experiment_2
2025-10-23T02:08:34.515Z,99,1114,3089,414,1439,3892,3469,3302,13889,2226,2374,8673,Day_1,Medium,Intermediate,3.75mm,Experiment_2
2025-10-23T02:08:34.555Z,104,1118,3088,415,1442,3893,3475,3290,13888,2228,2366,8671,Day_1,Medium,Intermediate,3.75mm,Experiment_2
2025-10-23T02:08:34.603Z,106,1120,3080,416,1444,3889,3485,3287,13881,2233,2360,8664,Day_1,Medium,Intermediate,3.75mm,Experiment_2
2025-10-23T02:08:34.643Z,101,1121,3074,414,1446,3884,3494,3294,13871,2238,2362,8655,Day_1,Medium,Intermediate,3.75mm,Experiment_2
2025-10-23T02:08:34.683Z,95,1123,3073,414,1449,3884,3498,3309,13849,2240,2371,8645,Day_1,Medium,Intermediate,3.75mm,Experiment_2
2025-10-23T02:08:34.723Z,97,1124,3076,421,1451,3887,3499,3318,13825,2237,2379,8639,Day_1,Medium,Intermediate,3.75mm,Experiment_2
2025-10-23T02:08:34.763Z,106,1120,3078,430,1450,3886,3498,3313,13819,2232,2381,8641,Day_1,Medium,Intermediate,3.75mm,Experiment_2
2025-10-23T02:08:34.803Z,112,1117,3076,433,1448,3880,3490,3295,13828,2225,2376,8647,Day_1,Medium,Intermediate,3.75mm,Experiment_2
2025-10-23T02:08:34.843Z,116,1118,3075,431,1450,3877,3476,3273,13841,2219,2364,8650,Day_1,Medium,Intermediate,3.75mm,Experiment_2
2025-10-23T02:08:34.883Z,119,1122,3078,431,1454,3880,3469,3259,13848,2217,2356,8650,Day_1,Medium,Intermediate,3.75mm,Experiment_2
2025-10-23T02:08:34.923Z,120,1127,3080,431,1458,3883,3474,3263,13841,2222,2354,8647,Day_1,Medium,Intermediate,3.75mm,Experiment_2
2025-10-23T02:08:34.963Z,117,1132,3078,429,1460,3880,3482,3281,13826,2232,2358,8645,Day_1,Medium,Intermediate,3.75mm,Experiment_2
2025-10-23T02:08:35.003Z,111,1133,3070,425,1461,3872,3488,3304,13828,2241,2368,8648,Day_1,Medium,Intermediate,3.75mm,Experiment_2
2025-10-23T02:08:35.043Z,105,1128,3059,421,1457,3862,3500,3320,13857,2247,2380,8656,Day_1,Medium,Intermediate,3.75mm,Experiment_2
2025-10-23T02:08:35.083Z,106,1122,3051,422,1451,3855,3515,3324,13885,2249,2387,8664,Day_1,Medium,Intermediate,3.75mm,Experiment_2
2025-10-23T02:08:35.123Z,109,1119,3047,423,1447,3852,3516,3323,13890,2244,2388,8665,Day_1,Medium,Intermediate,3.75mm,Experiment_2
2025-10-23T02:08:35.163Z,106,1120,3048,417,1447,3852,3500,3318,13876,2232,2382,8661,Day_1,Medium,Intermediate,3.75mm,Experiment_2
2025-10-23T02:08:35.203Z,99,1120,3056,409,1448,3858,3481,3302,13853,2223,2370,8653,Day_1,Medium,Intermediate,3.75mm,Experiment_2
2025-10-23T02:08:35.243Z,96,1120,3068,410,1448,3869,3474,3283,13826,2220,2361,8642,Day_1,Medium,Intermediate,3.75mm,Experiment_2
2025-10-23T02:08:35.283Z,98,1118,3079,415,1447,3882,3483,3278,13807,2223,2364,8636,Day_1,Medium,Intermediate,3.75mm,Experiment_2
2025-10-23T02:08:35.330Z,104,1115,3086,422,1446,3892,3495,3283,13809,2225,2371,8640,Day_1,Medium,Intermediate,3.75mm,Experiment_2
2025-10-23T02:08:35.370Z,114,1114,3087,431,1445,3893,3502,3288,13824,2227,2374,8650,Day_1,Medium,Intermediate,3.75mm,Experiment_2
2025-10-23T02:08:35.410Z,123,1114,3084,442,1445,3889,3505,3296,13835,2226,2377,8653,Day_1,Medium,Intermediate,3.75mm,Experiment_2
2025-10-23T02:08:35.450Z,128,1113,3079,448,1446,3885,3499,3303,13844,2226,2378,8652,Day_1,Medium,Intermediate,3.75mm,Experiment_2
2025-10-23T02:08:35.490Z,128,1115,3073,447,1450,3879,3489,3301,13857,2225,2373,8654,Day_1,Medium,Intermediate,3.75mm,Experiment_2
2025-10-23T02:08:35.530Z,123,1122,3069,438,1453,3876,3484,3293,13867,2224,2365,8656,Day_1,Medium,Intermediate,3.75mm,Experiment_2
2025-10-23T02:08:35.570Z,113,1128,3065,426,1456,3874,3484,3290,13869,2225,2365,8656,Day_1,Medium,Intermediate,3.75mm,Experiment_2
2025-10-23T02:08:35.610Z,103,1130,3060,416,1457,3866,3480,3289,13873,2225,2368,8658,Day_1,Medium,Intermediate,3.75mm,Experiment_2
2025-10-23T02:08:35.650Z,95,1131,3054,411,1460,3857,3476,3284,13885,2227,2368,8663,Day_1,Medium,Intermediate,3.75mm,Experiment_2
2025-10-23T02:08:35.697Z,92,1132,3053,411,1462,3854,3476,3276,13894,2227,2363,8669,Day_1,Medium,Intermediate,3.75mm,Experiment_2
2025-10-23T02:08:35.737Z,97,1133,3055,415,1461,3858,3477,3268,13905,2223,2357,8677,Day_1,Medium,Intermediate,3.75mm,Experiment_2
2025-10-23T02:08:35.777Z,105,1134,3057,419,1459,3863,3475,3261,13919,2218,2353,8682,Day_1,Medium,Intermediate,3.75mm,Experiment_2
2025-10-23T02:08:35.817Z,112,1134,3058,423,1457,3866,3472,3258,13916,2217,2350,8676,Day_1,Medium,Intermediate,3.75mm,Experiment_2
2025-10-23T02:08:35.857Z,115,1128,3062,427,1454,3869,3472,3260,13886,2223,2349,8660,Day_1,Medium,Intermediate,3.75mm,Experiment_2
2025-10-23T02:08:35.897Z,115,1121,3068,428,1448,3872,3481,3261,13853,2236,2348,8645,Day_1,Medium,Intermediate,3.75mm,Experiment_2
2025-10-23T02:08:35.937Z,113,1117,3074,425,1445,3875,3499,3266,13840,2254,2350,8644,Day_1,Medium,Intermediate,3.75mm,Experiment_2
2025-10-23T02:08:35.977Z,111,1119,3075,424,1448,3874,3509,3280,13849,2266,2357,8656,Day_1,Medium,Intermediate,3.75mm,Experiment_2
2025-10-23T02:08:36.017Z,111,1122,3071,423,1453,3870,3500,3295,13869,2262,2367,8670,Day_1,Medium,Intermediate,3.75mm,Experiment_2
2025-10-23T02:08:36.065Z,108,1125,3065,420,1456,3864,3489,3306,13888,2246,2375,8674,Day_1,Medium,Intermediate,3.75mm,Experiment_2
2025-10-23T02:08:36.105Z,101,1130,3064,413,1457,3863,3492,3310,13894,2235,2379,8669,Day_1,Medium,Intermediate,3.75mm,Experiment_2
2025-10-23T02:08:36.145Z,91,1133,3071,405,1457,3870,3508,3313,13888,2237,2383,8660,Day_1,Medium,Intermediate,3.75mm,Experiment_2
2025-10-23T02:08:36.185Z,89,1131,3083,403,1457,3880,3518,3319,13880,2241,2387,8656,Day_1,Medium,Intermediate,3.75mm,Experiment_2
2025-10-23T02:08:36.225Z,96,1128,3089,410,1457,3885,3509,3322,13877,2235,2388,8659,Day_1,Medium,Intermediate,3.75mm,Experiment_2
2025-10-23T02:08:36.265Z,104,1121,3088,419,1454,3884,3487,3314,13879,2223,2383,8663,Day_1,Medium,Intermediate,3.75mm,Experiment_2
2025-10-23T02:08:36.305Z,108,1114,3082,423,1446,3878,3473,3302,13881,2215,2374,8664,Day_1,Medium,Intermediate,3.75mm,Experiment_2
2025-10-23T02:08:36.345Z,107,1112,3071,424,1439,3869,3479,3296,13880,2219,2370,8663,Day_1,Medium,Intermediate,3.75mm,Experiment_2
2025-10-23T02:08:36.385Z,102,1115,3063,422,1437,3864,3491,3299,13874,2228,2372,8659,Day_1,Medium,Intermediate,3.75mm,Experiment_2
2025-10-23T02:08:36.425Z,100,1116,3064,421,1440,3866,3494,3301,13863,2234,2376,8655,Day_1,Medium,Intermediate,3.75mm,Experiment_2
2025-10-23T02:08:36.465Z,105,1116,3068,424,1444,3873,3486,3301,13848,2233,2378,8653,Day_1,Medium,Intermediate,3.75mm,Experiment_2
2025-10-23T02:08:36.505Z,112,1121,3070,428,1449,3876,3476,3305,13840,2230,2380,8657,Day_1,Medium,Intermediate,3.75mm,Experiment_2
2025-10-23T02:08:36.545Z,111,1127,3070,426,1452,3875,3479,3314,13843,2232,2384,8663,Day_1,Medium,Intermediate,3.75mm,Experiment_2
2025-10-23T02:08:36.585Z,103,1127,3073,419,1450,3876,3490,3316,13848,2237,2384,8664,Day_1,Medium,Intermediate,3.75mm,Experiment_2
2025-10-23T02:08:36.625Z,96,1122,3078,411,1447,3880,3488,3301,13850,2235,2373,8658,Day_1,Medium,Intermediate,3.75mm,Experiment_2
2025-10-23T02:08:36.665Z,93,1117,3080,405,1445,3881,3474,3271,13849,2225,2354,8654,Day_1,Medium,Intermediate,3.75mm,Experiment_2
2025-10-23T02:08:36.705Z,93,1114,3079,402,1443,3879,3469,3244,13853,2220,2340,8655,Day_1,Medium,Intermediate,3.75mm,Experiment_2
2025-10-23T02:08:36.745Z,95,1114,3073,404,1441,3874,3477,3238,13864,2223,2337,8657,Day_1,Medium,Intermediate,3.75mm,Experiment_2
2025-10-23T02:08:36.792Z,103,1117,3070,413,1442,3871,3481,3248,13874,2229,2341,8657,Day_1,Medium,Intermediate,3.75mm,Experiment_2
2025-10-23T02:08:36.832Z,113,1122,3070,426,1447,3875,3477,3262,13870,2229,2347,8654,Day_1,Medium,Intermediate,3.75mm,Experiment_2
2025-10-23T02:08:36.872Z,122,1128,3075,436,1455,3883,3474,3281,13863,2225,2358,8654,Day_1,Medium,Intermediate,3.75mm,Experiment_2
2025-10-23T02:08:36.912Z,128,1130,3082,442,1459,3889,3478,3305,13868,2222,2374,8657,Day_1,Medium,Intermediate,3.75mm,Experiment_2
2025-10-23T02:08:36.952Z,130,1128,3085,443,1457,3890,3481,3332,13880,2225,2392,8657,Day_1,Medium,Intermediate,3.75mm,Experiment_2
2025-10-23T02:08:36.992Z,127,1125,3079,439,1452,3885,3478,3354,13876,2228,2406,8650,Day_1,Medium,Intermediate,3.75mm,Experiment_2
2025-10-23T02:08:37.032Z,120,1125,3071,434,1451,3879,3467,3356,13858,2228,2407,8642,Day_1,Medium,Intermediate,3.75mm,Experiment_2
2025-10-23T02:08:37.072Z,115,1129,3068,431,1455,3876,3454,3332,13846,2225,2393,8645,Day_1,Medium,Intermediate,3.75mm,Experiment_2
2025-10-23T02:08:37.112Z,117,1130,3072,434,1457,3878,3445,3300,13844,2222,2373,8651,Day_1,Medium,Intermediate,3.75mm,Experiment_2
2025-10-23T02:08:37.160Z,122,1126,3077,438,1456,3881,3448,3283,13850,2221,2365,8655,Day_1,Medium,Intermediate,3.75mm,Experiment_2
2025-10-23T02:08:37.200Z,125,1120,3080,439,1453,3883,3463,3283,13866,2225,2367,8660,Day_1,Medium,Intermediate,3.75mm,Experiment_2
2025-10-23T02:08:37.240Z,123,1114,3078,435,1449,3882,3474,3288,13882,2226,2371,8665,Day_1,Medium,Intermediate,3.75mm,Experiment_2
2025-10-23T02:08:37.280Z,117,1110,3074,426,1445,3877,3475,3298,13887,2223,2377,8666,Day_1,Medium,Intermediate,3.75mm,Experiment_2
2025-10-23T02:08:37.320Z,106,1112,3071,416,1448,3873,3471,3314,13889,2221,2388,8666,Day_1,Medium,Intermediate,3.75mm,Experiment_2
2025-10-23T02:08:37.360Z,98,1116,3070,411,1452,3873,3467,3322,13894,2220,2393,8668,Day_1,Medium,Intermediate,3.75mm,Experiment_2
2025-10-23T02:08:37.400Z,97,1117,3072,415,1452,3877,3462,3318,13892,2218,2390,8666,Day_1,Medium,Intermediate,3.75mm,Experiment_2
2025-10-23T02:08:37.440Z,100,1114,3073,421,1450,3882,3456,3312,13883,2213,2386,8662,Day_1,Medium,Intermediate,3.75mm,Experiment_2
2025-10-23T02:08:37.480Z,104,1113,3074,425,1449,3884,3457,3312,13874,2211,2385,8658,Day_1,Medium,Intermediate,3.75mm,Experiment_2
2025-10-23T02:08:37.476Z,106,1116,3076,425,1452,3884,3465,3314,13860,2213,2384,8652,Day_1,Medium,Intermediate,3.75mm,Experiment_2
2025-10-23T02:08:37.516Z,109,1121,3080,426,1457,3884,3470,3312,13840,2217,2379,8641,Day_1,Medium,Intermediate,3.75mm,Experiment_2
2025-10-23T02:08:37.556Z,113,1125,3083,430,1460,3885,3469,3306,13827,2226,2373,8634,Day_1,Medium,Intermediate,3.75mm,Experiment_2
2025-10-23T02:08:37.596Z,117,1124,3082,434,1459,3885,3470,3309,13828,2237,2374,8640,Day_1,Medium,Intermediate,3.75mm,Experiment_2
2025-10-23T02:08:37.636Z,116,1121,3079,432,1457,3882,3479,3317,13840,2245,2382,8653,Day_1,Medium,Intermediate,3.75mm,Experiment_2
2025-10-23T02:08:37.676Z,110,1118,3075,425,1455,3878,3489,3328,13850,2247,2387,8662,Day_1,Medium,Intermediate,3.75mm,Experiment_2
2025-10-23T02:08:37.716Z,103,1116,3072,418,1451,3875,3488,3341,13852,2243,2391,8661,Day_1,Medium,Intermediate,3.75mm,Experiment_2
2025-10-23T02:08:37.756Z,97,1116,3071,411,1447,3873,3476,3346,13852,2234,2391,8656,Day_1,Medium,Intermediate,3.75mm,Experiment_2
2025-10-23T02:08:37.796Z,89,1117,3073,403,1446,3875,3465,3338,13857,2226,2387,8653,Day_1,Medium,Intermediate,3.75mm,Experiment_2
2025-10-23T02:08:37.836Z,83,1120,3075,398,1449,3879,3460,3332,13869,2222,2384,8656,Day_1,Medium,Intermediate,3.75mm,Experiment_2
2025-10-23T02:08:37.876Z,82,1120,3073,398,1451,3877,3457,3341,13884,2217,2387,8664,Day_1,Medium,Intermediate,3.75mm,Experiment_2
2025-10-23T02:08:37.916Z,87,1115,3070,402,1448,3873,3455,3351,13893,2213,2388,8672,Day_1,Medium,Intermediate,3.75mm,Experiment_2
2025-10-23T02:08:37.956Z,95,1114,3075,408,1448,3875,3458,3349,13892,2214,2383,8675,Day_1,Medium,Intermediate,3.75mm,Experiment_2
2025-10-23T02:08:37.996Z,102,1119,3082,414,1451,3882,3465,3343,13891,2219,2379,8676,Day_1,Medium,Intermediate,3.75mm,Experiment_2
2025-10-23T02:08:38.036Z,106,1126,3087,421,1455,3887,3465,3330,13894,2221,2374,8676,Day_1,Medium,Intermediate,3.75mm,Experiment_2
2025-10-23T02:08:38.076Z,107,1129,3088,424,1456,3890,3463,3315,13891,2222,2369,8673,Day_1,Medium,Intermediate,3.75mm,Experiment_2
2025-10-23T02:08:38.116Z,103,1129,3085,420,1455,3891,3469,3309,13875,2227,2371,8666,Day_1,Medium,Intermediate,3.75mm,Experiment_2
2025-10-23T02:08:38.156Z,94,1128,3078,412,1455,3887,3475,3318,13854,2233,2380,8657,Day_1,Medium,Intermediate,3.75mm,Experiment_2
2025-10-23T02:08:38.203Z,88,1130,3074,406,1458,3882,3467,3324,13846,2232,2387,8655,Day_1,Medium,Intermediate,3.75mm,Experiment_2
2025-10-23T02:08:38.243Z,89,1135,3073,406,1464,3879,3450,3313,13853,2221,2381,8661,Day_1,Medium,Intermediate,3.75mm,Experiment_2
2025-10-23T02:08:38.283Z,96,1135,3079,410,1464,3882,3443,3292,13861,2212,2368,8667,Day_1,Medium,Intermediate,3.75mm,Experiment_2
2025-10-23T02:08:38.323Z,102,1127,3087,413,1458,3889,3455,3283,13863,2211,2361,8668,Day_1,Medium,Intermediate,3.75mm,Experiment_2
2025-10-23T02:08:38.363Z,102,1119,3092,411,1454,3894,3476,3294,13862,2218,2363,8666,Day_1,Medium,Intermediate,3.75mm,Experiment_2
2025-10-23T02:08:38.403Z,101,1120,3089,408,1455,3892,3495,3306,13862,2227,2369,8664,Day_1,Medium,Intermediate,3.75mm,Experiment_2
2025-10-23T02:08:38.443Z,104,1129,3082,413,1459,3885,3492,3308,13868,2230,2372,8667,Day_1,Medium,Intermediate,3.75mm,Experiment_2
2025-10-23T02:08:38.483Z,112,1135,3075,422,1461,3878,3461,3306,13876,2225,2375,8671,Day_1,Medium,Intermediate,3.75mm,Experiment_2
2025-10-23T02:08:38.523Z,119,1135,3071,429,1463,3873,3426,3309,13882,2222,2383,8671,Day_1,Medium,Intermediate,3.75mm,Experiment_2
2025-10-23T02:08:38.571Z,121,1134,3069,429,1463,3868,3416,3312,13887,2225,2392,8669,Day_1,Medium,Intermediate,3.75mm,Experiment_2
2025-10-23T02:08:38.611Z,114,1133,3069,424,1463,3864,3429,3312,13894,2223,2395,8669,Day_1,Medium,Intermediate,3.75mm,Experiment_2
2025-10-23T02:08:38.651Z,103,1134,3071,418,1462,3865,3447,3306,13896,2217,2390,8670,Day_1,Medium,Intermediate,3.75mm,Experiment_2
2025-10-23T02:08:38.691Z,98,1134,3077,417,1460,3872,3461,3297,13877,2218,2377,8666,Day_1,Medium,Intermediate,3.75mm,Experiment_2
2025-10-23T02:08:38.731Z,101,1130,3086,422,1455,3885,3475,3294,13841,2225,2368,8654,Day_1,Medium,Intermediate,3.75mm,Experiment_2
2025-10-23T02:08:38.771Z,105,1125,3089,424,1451,3893,3484,3301,13814,2228,2370,8643,Day_1,Medium,Intermediate,3.75mm,Experiment_2
2025-10-23T02:08:38.811Z,106,1121,3083,422,1448,3890,3483,3312,13811,2224,2375,8642,Day_1,Medium,Intermediate,3.75mm,Experiment_2
2025-10-23T02:08:38.851Z,108,1113,3075,422,1441,3881,3482,3314,13827,2220,2376,8649,Day_1,Medium,Intermediate,3.75mm,Experiment_2
2025-10-23T02:08:38.891Z,114,1101,3071,425,1430,3877,3488,3309,13849,2219,2374,8658,Day_1,Medium,Intermediate,3.75mm,Experiment_2
2025-10-23T02:08:38.931Z,115,1093,3075,426,1425,3882,3499,3304,13870,2221,2373,8666,Day_1,Medium,Intermediate,3.75mm,Experiment_2
2025-10-23T02:08:38.971Z,111,1097,3084,423,1432,3892,3506,3301,13888,2225,2372,8673,Day_1,Medium,Intermediate,3.75mm,Experiment_2
2025-10-23T02:08:39.011Z,108,1105,3085,422,1440,3893,3510,3296,13905,2232,2368,8678,Day_1,Medium,Intermediate,3.75mm,Experiment_2
2025-10-23T02:08:39.051Z,106,1103,3075,420,1438,3883,3511,3288,13921,2240,2363,8682,Day_1,Medium,Intermediate,3.75mm,Experiment_2
2025-10-23T02:08:39.091Z,103,1098,3063,418,1431,3869,3511,3284,13931,2243,2363,8685,Day_1,Medium,Intermediate,3.75mm,Experiment_2
2025-10-23T02:08:39.131Z,99,1101,3058,416,1432,3862,3514,3289,13929,2243,2370,8687,Day_1,Medium,Intermediate,3.75mm,Experiment_2
2025-10-23T02:08:39.171Z,97,1113,3062,415,1441,3865,3514,3303,13914,2241,2382,8683,Day_1,Medium,Intermediate,3.75mm,Experiment_2
2025-10-23T02:08:39.211Z,101,1124,3069,418,1450,3871,3502,3315,13897,2234,2393,8675,Day_1,Medium,Intermediate,3.75mm,Experiment_2
2025-10-23T02:08:39.251Z,107,1131,3071,420,1456,3874,3483,3318,13882,2227,2395,8666,Day_1,Medium,Intermediate,3.75mm,Experiment_2
2025-10-23T02:08:39.298Z,105,1134,3069,413,1461,3873,3476,3316,13865,2225,2390,8656,Day_1,Medium,Intermediate,3.75mm,Experiment_2
2025-10-23T02:08:39.338Z,96,1134,3068,403,1463,3871,3480,3314,13846,2226,2385,8651,Day_1,Medium,Intermediate,3.75mm,Experiment_2
2025-10-23T02:08:39.378Z,88,1128,3066,398,1458,3869,3483,3319,13838,2227,2383,8654,Day_1,Medium,Intermediate,3.75mm,Experiment_2
2025-10-23T02:08:39.418Z,86,1120,3066,400,1452,3868,3485,3327,13849,2229,2383,8664,Day_1,Medium,Intermediate,3.75mm,Experiment_2
2025-10-23T02:08:39.458Z,87,1116,3070,402,1449,3871,3490,3329,13873,2232,2383,8675,Day_1,Medium,Intermediate,3.75mm,Experiment_2
2025-10-23T02:08:39.498Z,88,1115,3075,402,1449,3875,3489,3318,13895,2232,2379,8680,Day_1,Medium,Intermediate,3.75mm,Experiment_2
2025-10-23T02:08:39.538Z,90,1115,3077,404,1449,3877,3479,3300,13902,2225,2369,8678,Day_1,Medium,Intermediate,3.75mm,Experiment_2
2025-10-23T02:08:39.578Z,99,1114,3075,414,1447,3877,3466,3289,13890,2215,2365,8668,Day_1,Medium,Intermediate,3.75mm,Experiment_2
2025-10-23T02:08:39.618Z,108,1115,3073,425,1447,3877,3455,3298,13867,2207,2375,8658,Day_1,Medium,Intermediate,3.75mm,Experiment_2
2025-10-23T02:08:39.666Z,113,1117,3072,432,1448,3876,3451,3314,13852,2203,2392,8659,Day_1,Medium,Intermediate,3.75mm,Experiment_2
2025-10-23T02:08:39.706Z,115,1118,3072,434,1450,3874,3459,3324,13858,2204,2401,8669,Day_1,Medium,Intermediate,3.75mm,Experiment_2
2025-10-23T02:08:39.746Z,116,1117,3075,435,1452,3876,3477,3325,13873,2210,2398,8680,Day_1,Medium,Intermediate,3.75mm,Experiment_2
2025-10-23T02:08:39.786Z,114,1118,3078,434,1455,3880,3492,3313,13885,2219,2384,8683,Day_1,Medium,Intermediate,3.75mm,Experiment_2
2025-10-23T02:08:39.826Z,112,1124,3079,434,1459,3884,3491,3295,13891,2229,2368,8681,Day_1,Medium,Intermediate,3.75mm,Experiment_2
2025-10-23T02:08:39.866Z,110,1129,3077,433,1460,3885,3478,3290,13891,2235,2365,8677,Day_1,Medium,Intermediate,3.75mm,Experiment_2
2025-10-23T02:08:39.906Z,109,1129,3068,431,1456,3878,3465,3302,13881,2235,2375,8674,Day_1,Medium,Intermediate,3.75mm,Experiment_2
2025-10-23T02:08:39.946Z,109,1125,3058,429,1451,3869,3461,3312,13862,2232,2381,8674,Day_1,Medium,Intermediate,3.75mm,Experiment_2
2025-10-23T02:08:39.986Z,110,1120,3057,424,1447,3869,3470,3303,13851,2230,2374,8676,Day_1,Medium,Intermediate,3.75mm,Experiment_2
2025-10-23T02:08:40.033Z,110,1119,3066,419,1446,3878,3490,3282,13858,2232,2365,8675,Day_1,Medium,Intermediate,3.75mm,Experiment_2
2025-10-23T02:08:40.073Z,109,1121,3074,415,1448,3886,3503,3272,13873,2237,2363,8670,Day_1,Medium,Intermediate,3.75mm,Experiment_2
2025-10-23T02:08:40.113Z,108,1127,3077,413,1453,3887,3501,3281,13881,2240,2367,8662,Day_1,Medium,Intermediate,3.75mm,Experiment_2
2025-10-23T02:08:40.153Z,110,1134,3074,416,1459,3883,3496,3284,13878,2238,2365,8657,Day_1,Medium,Intermediate,3.75mm,Experiment_2
2025-10-23T02:08:40.193Z,114,1135,3069,421,1460,3877,3494,3271,13873,2234,2355,8657,Day_1,Medium,Intermediate,3.75mm,Experiment_2
2025-10-23T02:08:40.233Z,115,1129,3068,423,1455,3873,3486,3260,13872,2228,2349,8661,Day_1,Medium,Intermediate,3.75mm,Experiment_2
2025-10-23T02:08:40.273Z,112,1120,3073,422,1447,3874,3476,3263,13877,2226,2352,8667,Day_1,Medium,Intermediate,3.75mm,Experiment_2
2025-10-23T02:08:40.313Z,110,1113,3079,420,1441,3877,3474,3270,13883,2227,2356,8670,Day_1,Medium,Intermediate,3.75mm,Experiment_2
2025-10-23T02:08:40.353Z,110,1111,3079,422,1441,3877,3473,3274,13885,2226,2358,8673,Day_1,Medium,Intermediate,3.75mm,Experiment_2
2025-10-23T02:08:40.393Z,114,1116,3070,425,1446,3870,3472,3279,13880,2221,2364,8673,Day_1,Medium,Intermediate,3.75mm,Experiment_2
2025-10-23T02:08:40.433Z,117,1124,3060,425,1452,3863,3476,3287,13864,2220,2373,8666,Day_1,Medium,Intermediate,3.75mm,Experiment_2
2025-10-23T02:08:40.473Z,120,1128,3056,427,1454,3863,3482,3294,13845,2224,2380,8658,Day_1,Medium,Intermediate,3.75mm,Experiment_2
2025-10-23T02:08:40.513Z,124,1125,3060,431,1450,3870,3478,3294,13843,2226,2379,8660,Day_1,Medium,Intermediate,3.75mm,Experiment_2
2025-10-23T02:08:40.553Z,125,1117,3064,435,1444,3876,3466,3292,13860,2225,2374,8669,Day_1,Medium,Intermediate,3.75mm,Experiment_2
2025-10-23T02:08:40.593Z,120,1113,3065,433,1442,3874,3465,3302,13872,2225,2374,8671,Day_1,Medium,Intermediate,3.75mm,Experiment_2
2025-10-23T02:08:40.633Z,109,1113,3062,425,1443,3868,3470,3321,13866,2224,2382,8665,Day_1,Medium,Intermediate,3.75mm,Experiment_2
2025-10-23T02:08:40.673Z,100,1118,3054,416,1445,3860,3465,3325,13860,2221,2383,8662,Day_1,Medium,Intermediate,3.75mm,Experiment_2
2025-10-23T02:08:40.713Z,99,1121,3046,414,1447,3854,3455,3315,13868,2218,2377,8665,Day_1,Medium,Intermediate,3.75mm,Experiment_2
2025-10-23T02:08:40.761Z,103,1120,3042,416,1448,3853,3454,3315,13872,2218,2376,8670,Day_1,Medium,Intermediate,3.75mm,Experiment_2
2025-10-23T02:08:40.801Z,104,1118,3048,416,1451,3858,3461,3325,13862,2223,2382,8670,Day_1,Medium,Intermediate,3.75mm,Experiment_2
2025-10-23T02:08:40.841Z,104,1121,3064,416,1456,3869,3470,3322,13850,2227,2383,8667,Day_1,Medium,Intermediate,3.75mm,Experiment_2
2025-10-23T02:08:40.881Z,104,1125,3079,417,1459,3878,3475,3308,13852,2228,2379,8666,Day_1,Medium,Intermediate,3.75mm,Experiment_2
2025-10-23T02:08:40.921Z,101,1126,3082,416,1458,3876,3479,3302,13865,2224,2377,8667,Day_1,Medium,Intermediate,3.75mm,Experiment_2
2025-10-23T02:08:40.961Z,98,1127,3074,414,1461,3868,3481,3310,13873,2220,2383,8665,Day_1,Medium,Intermediate,3.75mm,Experiment_2
2025-10-23T02:08:41.001Z,102,1128,3067,416,1470,3862,3479,3317,13873,2219,2388,8659,Day_1,Medium,Intermediate,3.75mm,Experiment_2
2025-10-23T02:08:41.041Z,110,1125,3064,420,1477,3864,3475,3317,13865,2221,2386,8655,Day_1,Medium,Intermediate,3.75mm,Experiment_2
2025-10-23T02:08:41.081Z,112,1117,3066,421,1474,3872,3473,3314,13853,2225,2383,8655,Day_1,Medium,Intermediate,3.75mm,Experiment_2
2025-10-23T02:08:41.128Z,107,1113,3074,418,1463,3883,3472,3304,13852,2227,2377,8664,Day_1,Medium,Intermediate,3.75mm,Experiment_2
2025-10-23T02:08:41.168Z,99,1114,3083,415,1451,3890,3472,3292,13864,2226,2368,8673,Day_1,Medium,Intermediate,3.75mm,Experiment_2
2025-10-23T02:08:41.208Z,94,1115,3082,412,1445,3886,3478,3284,13877,2226,2361,8676,Day_1,Medium,Intermediate,3.75mm,Experiment_2
2025-10-23T02:08:41.248Z,98,1114,3074,416,1443,3877,3488,3278,13883,2227,2356,8674,Day_1,Medium,Intermediate,3.75mm,Experiment_2
2025-10-23T02:08:41.288Z,110,1115,3067,427,1444,3874,3493,3268,13883,2228,2352,8671,Day_1,Medium,Intermediate,3.75mm,Experiment_2
2025-10-23T02:08:41.328Z,121,1119,3065,436,1448,3878,3493,3256,13878,2229,2351,8666,Day_1,Medium,Intermediate,3.75mm,Experiment_2
2025-10-23T02:08:41.368Z,127,1124,3068,439,1453,3882,3495,3250,13869,2231,2354,8661,Day_1,Medium,Intermediate,3.75mm,Experiment_2
2025-10-23T02:08:41.408Z,124,1125,3070,435,1455,3881,3497,3257,13861,2231,2363,8659,Day_1,Medium,Intermediate,3.75mm,Experiment_2
2025-10-23T02:08:41.448Z,115,1125,3067,426,1454,3873,3496,3273,13862,2227,2374,8663,Day_1,Medium,Intermediate,3.75mm,Experiment_2
2025-10-23T02:08:41.488Z,105,1122,3062,419,1451,3866,3485,3290,13874,2218,2384,8670,Day_1,Medium,Intermediate,3.75mm,Experiment_2
2025-10-23T02:08:41.528Z,100,1119,3060,416,1446,3864,3469,3295,13885,2209,2386,8672,Day_1,Medium,Intermediate,3.75mm,Experiment_2
2025-10-23T02:08:41.568Z,99,1119,3061,415,1445,3865,3459,3288,13879,2207,2381,8669,Day_1,Medium,Intermediate,3.75mm,Experiment_2
2025-10-23T02:08:41.608Z,99,1125,3063,414,1449,3868,3457,3278,13852,2213,2376,8660,Day_1,Medium,Intermediate,3.75mm,Experiment_2
2025-10-23T02:08:41.648Z,99,1132,3063,413,1456,3872,3456,3274,13815,2220,2375,8648,Day_1,Medium,Intermediate,3.75mm,Experiment_2
2025-10-23T02:08:41.688Z,99,1131,3059,413,1456,3872,3455,3277,13791,2222,2377,8639,Day_1,Medium,Intermediate,3.75mm,Experiment_2
2025-10-23T02:08:41.728Z,106,1125,3050,419,1450,3865,3456,3282,13795,2218,2375,8639,Day_1,Medium,Intermediate,3.75mm,Experiment_2
2025-10-23T02:08:41.768Z,114,1119,3045,426,1447,3860,3460,3280,13821,2212,2364,8646,Day_1,Medium,Intermediate,3.75mm,Experiment_2
2025-10-23T02:08:41.808Z,114,1116,3048,427,1447,3859,3466,3269,13850,2212,2350,8654,Day_1,Medium,Intermediate,3.75mm,Experiment_2
2025-10-23T02:08:41.790Z,103,1116,3054,420,1448,3863,3475,3261,13869,2220,2344,8658,Day_1,Medium,Intermediate,3.75mm,Experiment_2
2025-10-23T02:08:41.830Z,89,1115,3063,409,1447,3871,3483,3271,13871,2230,2349,8660,Day_1,Medium,Intermediate,3.75mm,Experiment_2
2025-10-23T02:08:41.870Z,83,1114,3075,402,1445,3880,3492,3299,13864,2235,2364,8664,Day_1,Medium,Intermediate,3.75mm,Experiment_2
2025-10-23T02:08:41.910Z,87,1120,3085,402,1448,3885,3507,3329,13864,2238,2383,8671,Day_1,Medium,Intermediate,3.75mm,Experiment_2
2025-10-23T02:08:41.950Z,94,1129,3089,407,1457,3885,3521,3350,13872,2240,2397,8676,Day_1,Medium,Intermediate,3.75mm,Experiment_2
2025-10-23T02:08:41.990Z,99,1132,3085,413,1462,3883,3523,3357,13881,2240,2403,8676,Day_1,Medium,Intermediate,3.75mm,Experiment_2
2025-10-23T02:08:42.030Z,100,1131,3076,418,1462,3879,3516,3347,13886,2242,2400,8672,Day_1,Medium,Intermediate,3.75mm,Experiment_2
2025-10-23T02:08:42.070Z,98,1130,3066,418,1461,3872,3510,3319,13884,2246,2387,8666,Day_1,Medium,Intermediate,3.75mm,Experiment_2
2025-10-23T02:08:42.110Z,95,1129,3060,414,1460,3868,3502,3282,13879,2247,2369,8662,Day_1,Medium,Intermediate,3.75mm,Experiment_2
2025-10-23T02:08:42.150Z,93,1127,3059,410,1457,3869,3484,3260,13871,2239,2354,8663,Day_1,Medium,Intermediate,3.75mm,Experiment_2
2025-10-23T02:08:42.190Z,92,1127,3057,409,1457,3868,3463,3263,13863,2229,2350,8669,Day_1,Medium,Intermediate,3.75mm,Experiment_2
2025-10-23T02:08:42.230Z,92,1130,3055,410,1459,3864,3461,3270,13864,2227,2352,8676,Day_1,Medium,Intermediate,3.75mm,Experiment_2
2025-10-23T02:08:42.270Z,91,1131,3058,409,1462,3864,3476,3272,13876,2230,2354,8681,Day_1,Medium,Intermediate,3.75mm,Experiment_2
2025-10-23T02:08:42.310Z,88,1129,3067,406,1460,3872,3493,3268,13895,2231,2351,8684,Day_1,Medium,Intermediate,3.75mm,Experiment_2
2025-10-23T02:08:42.350Z,89,1126,3075,406,1455,3881,3497,3259,13907,2230,2343,8684,Day_1,Medium,Intermediate,3.75mm,Experiment_2
2025-10-23T02:08:42.390Z,100,1121,3074,415,1449,3884,3492,3253,13903,2228,2338,8680,Day_1,Medium,Intermediate,3.75mm,Experiment_2
2025-10-23T02:08:42.430Z,113,1116,3065,427,1442,3876,3493,3253,13891,2229,2341,8674,Day_1,Medium,Intermediate,3.75mm,Experiment_2
2025-10-23T02:08:42.470Z,117,1110,3057,431,1437,3866,3503,3248,13885,2233,2345,8673,Day_1,Medium,Intermediate,3.75mm,Experiment_2
2025-10-23T02:08:42.510Z,110,1104,3057,425,1432,3864,3512,3241,13889,2232,2345,8677,Day_1,Medium,Intermediate,3.75mm,Experiment_2
2025-10-23T02:08:42.550Z,103,1105,3063,420,1434,3868,3514,3249,13892,2227,2349,8678,Day_1,Medium,Intermediate,3.75mm,Experiment_2
2025-10-23T02:08:42.590Z,106,1114,3068,423,1442,3873,3509,3274,13891,2222,2363,8673,Day_1,Medium,Intermediate,3.75mm,Experiment_2
2025-10-23T02:08:42.630Z,112,1121,3074,429,1447,3878,3498,3301,13891,2219,2379,8669,Day_1,Medium,Intermediate,3.75mm,Experiment_2
2025-10-23T02:08:42.670Z,114,1121,3076,430,1444,3881,3480,3315,13888,2218,2386,8664,Day_1,Medium,Intermediate,3.75mm,Experiment_2
2025-10-23T02:08:42.710Z,110,1119,3072,425,1441,3878,3462,3319,13877,2217,2387,8660,Day_1,Medium,Intermediate,3.75mm,Experiment_2
2025-10-23T02:08:42.750Z,108,1124,3069,423,1443,3876,3450,3327,13863,2218,2393,8659,Day_1,Medium,Intermediate,3.75mm,Experiment_2
2025-10-23T02:08:42.790Z,107,1131,3071,423,1449,3876,3452,3340,13853,2221,2401,8664,Day_1,Medium,Intermediate,3.75mm,Experiment_2
2025-10-23T02:08:42.830Z,105,1131,3073,421,1450,3876,3466,3343,13852,2225,2398,8671,Day_1,Medium,Intermediate,3.75mm,Experiment_2
2025-10-23T02:08:42.870Z,103,1122,3072,418,1444,3874,3478,3324,13862,2226,2382,8676,Day_1,Medium,Intermediate,3.75mm,Experiment_2
2025-10-23T02:08:42.910Z,104,1112,3070,418,1438,3872,3479,3290,13877,2222,2364,8679,Day_1,Medium,Intermediate,3.75mm,Experiment_2
2025-10-23T02:08:42.950Z,111,1110,3072,426,1440,3875,3476,3263,13890,2217,2354,8679,Day_1,Medium,Intermediate,3.75mm,Experiment_2
2025-10-23T02:08:42.990Z,121,1115,3078,438,1446,3882,3481,3253,13895,2219,2352,8678,Day_1,Medium,Intermediate,3.75mm,Experiment_2
2025-10-23T02:08:43.030Z,126,1125,3079,445,1454,3885,3492,3264,13899,2225,2359,8680,Day_1,Medium,Intermediate,3.75mm,Experiment_2
2025-10-23T02:08:43.070Z,124,1131,3071,441,1458,3878,3500,3289,13902,2232,2372,8685,Day_1,Medium,Intermediate,3.75mm,Experiment_2
2025-10-23T02:08:43.110Z,115,1127,3063,430,1453,3869,3500,3311,13900,2237,2380,8690,Day_1,Medium,Intermediate,3.75mm,Experiment_2
2025-10-23T02:08:43.150Z,106,1123,3064,418,1446,3866,3493,3317,13894,2238,2375,8692,Day_1,Medium,Intermediate,3.75mm,Experiment_2
2025-10-23T02:08:43.190Z,101,1126,3070,414,1448,3870,3493,3308,13890,2236,2362,8690,Day_1,Medium,Intermediate,3.75mm,Experiment_2
2025-10-23T02:08:43.230Z,99,1133,3071,415,1456,3872,3506,3293,13886,2236,2353,8682,Day_1,Medium,Intermediate,3.75mm,Experiment_2
2025-10-23T02:08:43.270Z,99,1135,3067,420,1459,3870,3516,3279,13876,2235,2351,8670,Day_1,Medium,Intermediate,3.75mm,Experiment_2
2025-10-23T02:08:43.310Z,104,1131,3063,428,1457,3870,3509,3279,13853,2233,2357,8657,Day_1,Medium,Intermediate,3.75mm,Experiment_2
2025-10-23T02:08:43.350Z,109,1129,3064,433,1457,3875,3489,3296,13828,2229,2371,8650,Day_1,Medium,Intermediate,3.75mm,Experiment_2
2025-10-23T02:08:43.390Z,109,1132,3071,431,1459,3884,3466,3311,13818,2222,2382,8650,Day_1,Medium,Intermediate,3.75mm,Experiment_2
2025-10-23T02:08:43.430Z,109,1132,3076,430,1459,3888,3449,3302,13831,2214,2380,8655,Day_1,Medium,Intermediate,3.75mm,Experiment_2
2025-10-23T02:08:43.470Z,114,1130,3074,434,1456,3885,3441,3283,13856,2210,2370,8663,Day_1,Medium,Intermediate,3.75mm,Experiment_2
2025-10-23T02:08:43.510Z,118,1131,3071,438,1455,3881,3444,3280,13870,2209,2367,8667,Day_1,Medium,Intermediate,3.75mm,Experiment_2
2025-10-23T02:08:43.550Z,115,1134,3071,435,1458,3882,3450,3298,13867,2210,2373,8664,Day_1,Medium,Intermediate,3.75mm,Experiment_2
2025-10-23T02:08:43.590Z,106,1136,3071,426,1461,3884,3461,3315,13858,2212,2379,8662,Day_1,Medium,Intermediate,3.75mm,Experiment_2
2025-10-23T02:08:43.630Z,92,1139,3066,413,1464,3878,3474,3322,13862,2216,2382,8667,Day_1,Medium,Intermediate,3.75mm,Experiment_2
2025-10-23T02:08:43.670Z,82,1142,3059,403,1469,3870,3478,3323,13878,2219,2383,8674,Day_1,Medium,Intermediate,3.75mm,Experiment_2
2025-10-23T02:08:43.710Z,80,1139,3055,401,1469,3865,3479,3324,13888,2221,2383,8676,Day_1,Medium,Intermediate,3.75mm,Experiment_2
2025-10-23T02:08:43.750Z,85,1129,3056,407,1461,3865,3486,3326,13882,2228,2384,8670,Day_1,Medium,Intermediate,3.75mm,Experiment_2
2025-10-23T02:08:43.790Z,92,1118,3062,414,1451,3868,3491,3327,13872,2234,2390,8664,Day_1,Medium,Intermediate,3.75mm,Experiment_2
2025-10-23T02:08:43.830Z,100,1113,3069,423,1447,3874,3484,3327,13868,2231,2397,8662,Day_1,Medium,Intermediate,3.75mm,Experiment_2
2025-10-23T02:08:43.870Z,108,1116,3074,428,1450,3879,3467,3327,13862,2222,2400,8662,Day_1,Medium,Intermediate,3.75mm,Experiment_2
2025-10-23T02:08:43.910Z,111,1121,3073,425,1455,3882,3447,3321,13849,2212,2396,8662,Day_1,Medium,Intermediate,3.75mm,Experiment_2
2025-10-23T02:08:43.950Z,117,1122,3072,425,1456,3882,3440,3313,13837,2207,2388,8662,Day_1,Medium,Intermediate,3.75mm,Experiment_2
2025-10-23T02:08:43.990Z,123,1119,3074,429,1453,3884,3448,3311,13829,2206,2385,8660,Day_1,Medium,Intermediate,3.75mm,Experiment_2
2025-10-23T02:08:44.030Z,121,1114,3077,430,1448,3885,3469,3319,13831,2212,2388,8657,Day_1,Medium,Intermediate,3.75mm,Experiment_2
2025-10-23T02:08:44.070Z,112,1111,3076,426,1444,3881,3486,3333,13847,2221,2393,8657,Day_1,Medium,Intermediate,3.75mm,Experiment_2
2025-10-23T02:08:44.110Z,105,1113,3068,422,1444,3874,3483,3342,13873,2224,2398,8665,Day_1,Medium,Intermediate,3.75mm,Experiment_2
2025-10-23T02:08:44.150Z,104,1123,3060,421,1450,3867,3466,3344,13894,2221,2399,8677,Day_1,Medium,Intermediate,3.75mm,Experiment_2
2025-10-23T02:08:44.190Z,105,1138,3058,420,1463,3865,3453,3335,13897,2218,2395,8684,Day_1,Medium,Intermediate,3.75mm,Experiment_2
2025-10-23T02:08:44.230Z,103,1147,3061,417,1478,3865,3449,3322,13888,2217,2385,8683,Day_1,Medium,Intermediate,3.75mm,Experiment_2
2025-10-23T02:08:44.270Z,101,1143,3062,416,1485,3867,3454,3315,13884,2219,2379,8677,Day_1,Medium,Intermediate,3.75mm,Experiment_2
2025-10-23T02:08:44.310Z,102,1129,3063,418,1480,3871,3465,3316,13884,2225,2380,8672,Day_1,Medium,Intermediate,3.75mm,Experiment_2
2025-10-23T02:08:44.350Z,104,1118,3069,420,1463,3878,3474,3317,13884,2231,2384,8669,Day_1,Medium,Intermediate,3.75mm,Experiment_2
2025-10-23T02:08:44.390Z,104,1114,3079,418,1449,3886,3473,3319,13886,2232,2391,8669,Day_1,Medium,Intermediate,3.75mm,Experiment_2
2025-10-23T02:08:44.430Z,104,1116,3084,417,1447,3890,3462,3322,13883,2227,2396,8668,Day_1,Medium,Intermediate,3.75mm,Experiment_2
2025-10-23T02:08:44.470Z,108,1123,3081,419,1454,3887,3453,3316,13866,2222,2395,8664,Day_1,Medium,Intermediate,3.75mm,Experiment_2
2025-10-23T02:08:44.510Z,111,1130,3077,420,1462,3882,3453,3299,13848,2223,2385,8661,Day_1,Medium,Intermediate,3.75mm,Experiment_2
2025-10-23T02:08:44.550Z,106,1135,3074,416,1466,3880,3459,3283,13852,2224,2372,8666,Day_1,Medium,Intermediate,3.75mm,Experiment_2
2025-10-23T02:08:44.590Z,96,1136,3072,409,1467,3878,3462,3277,13875,2221,2362,8678,Day_1,Medium,Intermediate,3.75mm,Experiment_2
2025-10-23T02:08:44.630Z,89,1136,3071,406,1465,3877,3454,3278,13902,2213,2357,8686,Day_1,Medium,Intermediate,3.75mm,Experiment_2
2025-10-23T02:08:44.670Z,86,1135,3074,406,1461,3876,3442,3280,13912,2207,2358,8686,Day_1,Medium,Intermediate,3.75mm,Experiment_2
2025-10-23T02:08:44.710Z,85,1131,3077,406,1456,3876,3445,3285,13905,2208,2364,8681,Day_1,Medium,Intermediate,3.75mm,Experiment_2
2025-10-23T02:08:44.750Z,88,1125,3073,408,1453,3874,3462,3295,13899,2213,2375,8681,Day_1,Medium,Intermediate,3.75mm,Experiment_2
2025-10-23T02:08:44.790Z,95,1123,3065,413,1454,3869,3475,3302,13901,2215,2382,8685,Day_1,Medium,Intermediate,3.75mm,Experiment_2
2025-10-23T02:08:44.830Z,101,1123,3060,419,1456,3867,3481,3296,13904,2217,2377,8687,Day_1,Medium,Intermediate,3.75mm,Experiment_2
2025-10-23T02:08:44.870Z,103,1123,3060,419,1456,3868,3482,3283,13901,2221,2366,8683,Day_1,Medium,Intermediate,3.75mm,Experiment_2
2025-10-23T02:08:44.910Z,101,1123,3059,413,1454,3869,3478,3273,13893,2226,2360,8676,Day_1,Medium,Intermediate,3.75mm,Experiment_2
2025-10-23T02:08:44.950Z,101,1122,3056,411,1448,3867,3471,3269,13882,2231,2360,8668,Day_1,Medium,Intermediate,3.75mm,Experiment_2
2025-10-23T02:08:44.990Z,104,1121,3054,414,1444,3865,3473,3271,13862,2237,2364,8657,Day_1,Medium,Intermediate,3.75mm,Experiment_2
2025-10-23T02:08:45.030Z,102,1120,3058,415,1444,3867,3476,3286,13837,2238,2371,8644,Day_1,Medium,Intermediate,3.75mm,Experiment_2
2025-10-23T02:08:45.070Z,96,1117,3065,412,1443,3870,3470,3299,13821,2236,2378,8640,Day_1,Medium,Intermediate,3.75mm,Experiment_2
2025-10-23T02:08:45.110Z,94,1109,3069,410,1437,3872,3468,3291,13820,2234,2374,8645,Day_1,Medium,Intermediate,3.75mm,Experiment_2
2025-10-23T02:08:45.150Z,97,1103,3067,411,1431,3873,3474,3271,13829,2235,2364,8652,Day_1,Medium,Intermediate,3.75mm,Experiment_2
2025-10-23T02:08:45.190Z,102,1104,3063,414,1430,3871,3484,3263,13843,2237,2358,8657,Day_1,Medium,Intermediate,3.75mm,Experiment_2
2025-10-23T02:08:45.230Z,103,1110,3060,415,1436,3867,3498,3267,13852,2243,2357,8658,Day_1,Medium,Intermediate,3.75mm,Experiment_2
2025-10-23T02:08:45.270Z,102,1117,3059,415,1445,3864,3505,3269,13859,2247,2357,8659,Day_1,Medium,Intermediate,3.75mm,Experiment_2
2025-10-23T02:08:45.310Z,104,1121,3060,418,1449,3863,3495,3263,13870,2241,2356,8664,Day_1,Medium,Intermediate,3.75mm,Experiment_2
2025-10-23T02:08:45.350Z,105,1120,3061,422,1446,3864,3478,3257,13882,2229,2357,8670,Day_1,Medium,Intermediate,3.75mm,Experiment_2
2025-10-23T02:08:45.391Z,102,1117,3063,420,1443,3866,3475,3262,13890,2224,2361,8672,Day_1,Medium,Intermediate,3.75mm,Experiment_2
2025-10-23T02:08:45.431Z,99,1115,3064,416,1443,3867,3488,3274,13892,2229,2366,8672,Day_1,Medium,Intermediate,3.75mm,Experiment_2
2025-10-23T02:08:45.471Z,101,1111,3063,415,1441,3868,3511,3279,13883,2238,2368,8669,Day_1,Medium,Intermediate,3.75mm,Experiment_2
2025-10-23T02:08:45.511Z,107,1107,3061,418,1437,3870,3530,3277,13871,2245,2368,8664,Day_1,Medium,Intermediate,3.75mm,Experiment_2
2025-10-23T02:08:45.551Z,113,1109,3062,422,1436,3871,3529,3279,13868,2245,2373,8661,Day_1,Medium,Intermediate,3.75mm,Experiment_2
2025-10-23T02:08:45.591Z,115,1113,3062,426,1439,3872,3506,3286,13867,2238,2379,8660,Day_1,Medium,Intermediate,3.75mm,Experiment_2
2025-10-23T02:08:45.631Z,110,1117,3060,426,1445,3872,3480,3287,13862,2230,2378,8662,Day_1,Medium,Intermediate,3.75mm,Experiment_2
2025-10-23T02:08:45.671Z,100,1119,3057,419,1449,3870,3469,3289,13867,2225,2375,8668,Day_1,Medium,Intermediate,3.75mm,Experiment_2
2025-10-23T02:08:45.711Z,94,1122,3058,412,1452,3869,3474,3308,13881,2226,2382,8676,Day_1,Medium,Intermediate,3.75mm,Experiment_2
2025-10-23T02:08:45.751Z,96,1125,3061,413,1452,3869,3489,3333,13890,2229,2395,8678,Day_1,Medium,Intermediate,3.75mm,Experiment_2
2025-10-23T02:08:45.791Z,100,1121,3066,415,1446,3870,3502,3343,13889,2232,2399,8675,Day_1,Medium,Intermediate,3.75mm,Experiment_2
2025-10-23T02:08:45.831Z,98,1115,3068,413,1438,3869,3503,3338,13883,2232,2392,8672,Day_1,Medium,Intermediate,3.75mm,Experiment_2
2025-10-23T02:08:45.871Z,94,1110,3072,407,1433,3870,3490,3325,13878,2227,2380,8673,Day_1,Medium,Intermediate,3.75mm,Experiment_2
2025-10-23T02:08:45.911Z,93,1109,3080,404,1433,3878,3475,3308,13876,2223,2371,8675,Day_1,Medium,Intermediate,3.75mm,Experiment_2
2025-10-23T02:08:45.951Z,97,1112,3086,406,1439,3885,3471,3293,13876,2223,2367,8675,Day_1,Medium,Intermediate,3.75mm,Experiment_2
2025-10-23T02:08:45.991Z,105,1118,3084,415,1447,3885,3479,3282,13883,2227,2367,8678,Day_1,Medium,Intermediate,3.75mm,Experiment_2
2025-10-23T02:08:46.031Z,116,1125,3078,425,1453,3881,3492,3284,13897,2233,2370,8682,Day_1,Medium,Intermediate,3.75mm,Experiment_2
2025-10-23T02:08:46.071Z,122,1128,3072,431,1456,3877,3506,3303,13910,2240,2379,8683,Day_1,Medium,Intermediate,3.75mm,Experiment_2
2025-10-23T02:08:46.121Z,119,1129,3069,430,1455,3875,3512,3324,13916,2246,2389,8680,Day_1,Medium,Intermediate,3.75mm,Experiment_2
2025-10-23T02:08:46.161Z,112,1128,3070,424,1453,3877,3497,3332,13906,2240,2396,8674,Day_1,Medium,Intermediate,3.75mm,Experiment_2
2025-10-23T02:08:46.201Z,104,1126,3071,417,1453,3882,3465,3325,13881,2223,2394,8667,Day_1,Medium,Intermediate,3.75mm,Experiment_2
2025-10-23T02:08:46.241Z,97,1123,3068,412,1453,3882,3438,3307,13859,2207,2384,8665,Day_1,Medium,Intermediate,3.75mm,Experiment_2
2025-10-23T02:08:46.281Z,96,1119,3066,413,1451,3881,3429,3289,13859,2204,2370,8675,Day_1,Medium,Intermediate,3.75mm,Experiment_2
2025-10-23T02:08:46.321Z,102,1116,3069,415,1447,3882,3440,3283,13876,2212,2364,8686,Day_1,Medium,Intermediate,3.75mm,Experiment_2
2025-10-23T02:08:46.361Z,104,1115,3075,414,1443,3885,3460,3285,13890,2220,2366,8687,Day_1,Medium,Intermediate,3.75mm,Experiment_2
2025-10-23T02:08:46.401Z,105,1116,3081,414,1444,3888,3477,3286,13887,2223,2372,8675,Day_1,Medium,Intermediate,3.75mm,Experiment_2
2025-10-23T02:08:46.441Z,108,1117,3087,418,1447,3892,3491,3294,13872,2230,2381,8664,Day_1,Medium,Intermediate,3.75mm,Experiment_2
2025-10-23T02:08:46.486Z,110,1115,3090,425,1447,3895,3504,3316,13867,2237,2393,8669,Day_1,Medium,Intermediate,3.75mm,Experiment_2
2025-10-23T02:08:46.526Z,110,1114,3089,429,1446,3896,3509,3341,13881,2237,2404,8685,Day_1,Medium,Intermediate,3.75mm,Experiment_2
2025-10-23T02:08:46.566Z,109,1114,3084,429,1445,3894,3506,3361,13894,2233,2410,8694,Day_1,Medium,Intermediate,3.75mm,Experiment_2
2025-10-23T02:08:46.606Z,106,1115,3078,425,1445,3888,3503,3366,13901,2230,2409,8693,Day_1,Medium,Intermediate,3.75mm,Experiment_2
2025-10-23T02:08:46.646Z,104,1114,3075,419,1445,3885,3500,3354,13908,2229,2400,8690,Day_1,Medium,Intermediate,3.75mm,Experiment_2
2025-10-23T02:08:46.686Z,107,1115,3075,420,1444,3886,3495,3331,13912,2228,2391,8688,Day_1,Medium,Intermediate,3.75mm,Experiment_2
2025-10-23T02:08:46.726Z,115,1120,3070,427,1450,3884,3488,3313,13909,2228,2386,8684,Day_1,Medium,Intermediate,3.75mm,Experiment_2
2025-10-23T02:08:46.766Z,123,1128,3062,439,1458,3880,3482,3303,13896,2228,2382,8677,Day_1,Medium,Intermediate,3.75mm,Experiment_2
2025-10-23T02:08:46.806Z,129,1131,3059,447,1460,3879,3473,3297,13879,2225,2376,8671,Day_1,Medium,Intermediate,3.75mm,Experiment_2
2025-10-23T02:08:46.846Z,129,1128,3068,447,1455,3882,3463,3298,13872,2221,2372,8672,Day_1,Medium,Intermediate,3.75mm,Experiment_2
2025-10-23T02:08:46.886Z,124,1124,3080,441,1451,3887,3457,3305,13879,2218,2377,8679,Day_1,Medium,Intermediate,3.75mm,Experiment_2
2025-10-23T02:08:46.926Z,120,1125,3088,436,1452,3888,3457,3312,13887,2221,2385,8683,Day_1,Medium,Intermediate,3.75mm,Experiment_2
2025-10-23T02:08:46.966Z,122,1124,3088,438,1451,3884,3467,3317,13889,2231,2388,8682,Day_1,Medium,Intermediate,3.75mm,Experiment_2
2025-10-23T02:08:47.006Z,132,1120,3085,448,1446,3878,3482,3318,13888,2239,2384,8681,Day_1,Medium,Intermediate,3.75mm,Experiment_2
2025-10-23T02:08:47.046Z,138,1116,3083,455,1443,3874,3491,3305,13893,2239,2372,8684,Day_1,Medium,Intermediate,3.75mm,Experiment_2
2025-10-23T02:08:47.086Z,127,1116,3077,445,1450,3870,3492,3289,13904,2233,2359,8689,Day_1,Medium,Intermediate,3.75mm,Experiment_2
2025-10-23T02:08:47.126Z,107,1119,3072,425,1464,3867,3489,3286,13914,2226,2356,8692,Day_1,Medium,Intermediate,3.75mm,Experiment_2
2025-10-23T02:08:47.166Z,93,1119,3074,410,1476,3871,3481,3288,13917,2218,2358,8687,Day_1,Medium,Intermediate,3.75mm,Experiment_2
2025-10-23T02:08:47.211Z,87,1118,3082,403,1478,3880,3473,3283,13913,2209,2358,8680,Day_1,Medium,Intermediate,3.75mm,Experiment_2
2025-10-23T02:08:47.251Z,88,1122,3087,404,1471,3884,3471,3284,13906,2206,2365,8675,Day_1,Medium,Intermediate,3.75mm,Experiment_2
2025-10-23T02:08:47.291Z,94,1128,3083,410,1464,3881,3476,3291,13900,2211,2377,8673,Day_1,Medium,Intermediate,3.75mm,Experiment_2
2025-10-23T02:08:47.331Z,103,1130,3074,420,1460,3877,3475,3291,13890,2216,2380,8669,Day_1,Medium,Intermediate,3.75mm,Experiment_2
2025-10-23T02:08:47.371Z,113,1128,3066,430,1456,3875,3460,3287,13878,2215,2372,8667,Day_1,Medium,Intermediate,3.75mm,Experiment_2
2025-10-23T02:08:47.411Z,120,1127,3060,436,1455,3871,3445,3292,13878,2214,2370,8674,Day_1,Medium,Intermediate,3.75mm,Experiment_2
2025-10-23T02:08:47.451Z,118,1127,3057,433,1455,3866,3445,3305,13892,2218,2376,8686,Day_1,Medium,Intermediate,3.75mm,Experiment_2
2025-10-23T02:08:47.491Z,113,1124,3057,427,1454,3866,3453,3321,13905,2226,2385,8692,Day_1,Medium,Intermediate,3.75mm,Experiment_2
2025-10-23T02:08:47.531Z,111,1118,3064,424,1448,3873,3467,3330,13907,2234,2389,8688,Day_1,Medium,Intermediate,3.75mm,Experiment_2
2025-10-23T02:08:47.576Z,110,1111,3075,424,1441,3884,3481,3324,13900,2241,2388,8680,Day_1,Medium,Intermediate,3.75mm,Experiment_2
2025-10-23T02:08:47.616Z,110,1110,3083,427,1438,3891,3482,3312,13893,2239,2385,8673,Day_1,Medium,Intermediate,3.75mm,Experiment_2
2025-10-23T02:08:47.656Z,109,1115,3081,429,1442,3886,3469,3311,13892,2229,2384,8671,Day_1,Medium,Intermediate,3.75mm,Experiment_2
2025-10-23T02:08:47.696Z,109,1123,3074,428,1451,3875,3462,3322,13902,2223,2388,8673,Day_1,Medium,Intermediate,3.75mm,Experiment_2
2025-10-23T02:08:47.736Z,116,1131,3071,431,1460,3867,3471,3332,13918,2223,2394,8677,Day_1,Medium,Intermediate,3.75mm,Experiment_2
2025-10-23T02:08:47.776Z,121,1139,3073,436,1468,3869,3485,3333,13925,2225,2394,8677,Day_1,Medium,Intermediate,3.75mm,Experiment_2
2025-10-23T02:08:47.816Z,114,1143,3074,428,1472,3875,3490,3325,13919,2223,2388,8676,Day_1,Medium,Intermediate,3.75mm,Experiment_2
2025-10-23T02:08:47.856Z,100,1137,3071,413,1466,3879,3486,3311,13908,2220,2380,8673,Day_1,Medium,Intermediate,3.75mm,Experiment_2
2025-10-23T02:08:47.896Z,95,1126,3073,406,1454,3883,3481,3295,13897,2217,2374,8666,Day_1,Medium,Intermediate,3.75mm,Experiment_2
2025-10-23T02:08:47.937Z,94,1120,3081,410,1447,3890,3480,3284,13885,2215,2368,8657,Day_1,Medium,Intermediate,3.75mm,Experiment_2
2025-10-23T02:08:47.977Z,86,1121,3088,416,1447,3896,3483,3275,13871,2216,2362,8652,Day_1,Medium,Intermediate,3.75mm,Experiment_2
2025-10-23T02:08:48.017Z,76,1128,3089,418,1452,3897,3483,3272,13857,2218,2356,8654,Day_1,Medium,Intermediate,3.75mm,Experiment_2
2025-10-23T02:08:48.057Z,74,1137,3090,419,1461,3897,3477,3281,13849,2218,2358,8659,Day_1,Medium,Intermediate,3.75mm,Experiment_2
2025-10-23T02:08:48.097Z,71,1141,3089,419,1466,3893,3476,3302,13848,2220,2373,8665,Day_1,Medium,Intermediate,3.75mm,Experiment_2
2025-10-23T02:08:48.137Z,68,1136,3082,419,1463,3884,3488,3318,13850,2227,2388,8665,Day_1,Medium,Intermediate,3.75mm,Experiment_2
2025-10-23T02:08:48.177Z,73,1125,3071,419,1455,3871,3499,3318,13851,2237,2394,8660,Day_1,Medium,Intermediate,3.75mm,Experiment_2
2025-10-23T02:08:48.217Z,83,1116,3062,420,1449,3863,3498,3312,13860,2239,2395,8659,Day_1,Medium,Intermediate,3.75mm,Experiment_2
2025-10-23T02:08:48.257Z,108,1112,3059,423,1449,3863,3491,3309,13872,2233,2392,8665,Day_1,Medium,Intermediate,3.75mm,Experiment_2
2025-10-23T02:08:48.302Z,186,1114,3059,429,1452,3867,3486,3308,13883,2226,2384,8673,Day_1,Medium,Intermediate,3.75mm,Experiment_2
2025-10-23T02:08:48.342Z,322,1122,3060,439,1457,3868,3483,3309,13895,2222,2380,8680,Day_1,Medium,Intermediate,3.75mm,Experiment_2
2025-10-23T02:08:48.382Z,433,1127,3062,444,1459,3869,3480,3314,13903,2222,2382,8680,Day_1,Medium,Intermediate,3.75mm,Experiment_2
2025-10-23T02:08:48.422Z,503,1125,3067,444,1455,3873,3480,3312,13894,2222,2382,8670,Day_1,Medium,Intermediate,3.75mm,Experiment_2
2025-10-23T02:08:48.462Z,634,1122,3075,450,1453,3881,3484,3297,13872,2224,2376,8660,Day_1,Medium,Intermediate,3.75mm,Experiment_2
2025-10-23T02:08:48.502Z,712,1123,3080,457,1454,3889,3486,3281,13851,2225,2371,8654,Day_1,Medium,Intermediate,3.75mm,Experiment_2
2025-10-23T02:08:48.542Z,541,1127,3079,449,1458,3891,3482,3280,13843,2227,2377,8654,Day_1,Medium,Intermediate,3.75mm,Experiment_2
2025-10-23T02:08:48.582Z,270,1130,3076,434,1462,3888,3483,3289,13856,2232,2387,8662,Day_1,Medium,Intermediate,3.75mm,Experiment_2
2025-10-23T02:08:48.622Z,116,1128,3075,426,1461,3884,3495,3293,13885,2239,2389,8677,Day_1,Medium,Intermediate,3.75mm,Experiment_2
2025-10-23T02:08:48.667Z,76,1123,3075,420,1456,3878,3508,3293,13911,2244,2384,8688,Day_1,Medium,Intermediate,3.75mm,Experiment_2
2025-10-23T02:08:48.707Z,70,1118,3072,413,1450,3872,3506,3292,13917,2243,2377,8691,Day_1,Medium,Intermediate,3.75mm,Experiment_2
2025-10-23T02:08:48.747Z,68,1116,3068,412,1446,3870,3491,3284,13912,2236,2370,8690,Day_1,Medium,Intermediate,3.75mm,Experiment_2
2025-10-23T02:08:48.787Z,70,1118,3065,421,1447,3869,3480,3277,13910,2231,2368,8686,Day_1,Medium,Intermediate,3.75mm,Experiment_2
2025-10-23T02:08:48.827Z,70,1123,3063,437,1454,3869,3487,3292,13919,2233,2377,8683,Day_1,Medium,Intermediate,3.75mm,Experiment_2
2025-10-23T02:08:48.867Z,75,1130,3065,449,1462,3871,3502,3325,13932,2235,2393,8681,Day_1,Medium,Intermediate,3.75mm,Experiment_2
2025-10-23T02:08:48.907Z,100,1133,3072,447,1463,3875,3511,3346,13929,2235,2400,8678,Day_1,Medium,Intermediate,3.75mm,Experiment_2
2025-10-23T02:08:48.947Z,134,1127,3078,439,1457,3879,3521,3339,13907,2240,2391,8671,Day_1,Medium,Intermediate,3.75mm,Experiment_2
2025-10-23T02:08:48.987Z,162,1122,3079,431,1452,3879,3531,3309,13891,2247,2374,8670,Day_1,Medium,Intermediate,3.75mm,Experiment_2
2025-10-23T02:08:49.032Z,200,1122,3076,426,1450,3875,3526,3279,13898,2247,2362,8678,Day_1,Medium,Intermediate,3.75mm,Experiment_2
2025-10-23T02:08:49.072Z,268,1122,3071,426,1447,3873,3501,3268,13909,2239,2359,8683,Day_1,Medium,Intermediate,3.75mm,Experiment_2
2025-10-23T02:08:49.112Z,307,1118,3068,429,1442,3874,3473,3272,13900,2229,2362,8679,Day_1,Medium,Intermediate,3.75mm,Experiment_2
2025-10-23T02:08:49.152Z,256,1115,3068,425,1439,3875,3462,3282,13876,2224,2366,8671,Day_1,Medium,Intermediate,3.75mm,Experiment_2
2025-10-23T02:08:49.192Z,175,1117,3073,416,1441,3878,3469,3291,13860,2224,2368,8670,Day_1,Medium,Intermediate,3.75mm,Experiment_2
2025-10-23T02:08:49.232Z,137,1124,3083,408,1448,3883,3479,3291,13856,2226,2364,8672,Day_1,Medium,Intermediate,3.75mm,Experiment_2
2025-10-23T02:08:49.272Z,150,1130,3090,406,1454,3888,3481,3280,13854,2228,2355,8669,Day_1,Medium,Intermediate,3.75mm,Experiment_2
2025-10-23T02:08:49.312Z,194,1132,3090,408,1456,3889,3480,3262,13847,2229,2345,8658,Day_1,Medium,Intermediate,3.75mm,Experiment_2
2025-10-23T02:08:49.352Z,220,1129,3083,411,1455,3888,3482,3248,13846,2226,2340,8651,Day_1,Medium,Intermediate,3.75mm,Experiment_2
2025-10-23T02:08:49.392Z,189,1125,3075,412,1455,3883,3484,3240,13857,2221,2341,8656,Day_1,Medium,Intermediate,3.75mm,Experiment_2
2025-10-23T02:08:49.432Z,137,1121,3070,415,1453,3878,3482,3242,13874,2220,2345,8667,Day_1,Medium,Intermediate,3.75mm,Experiment_2
2025-10-23T02:08:49.472Z,115,1117,3070,422,1448,3878,3482,3255,13880,2225,2352,8674,Day_1,Medium,Intermediate,3.75mm,Experiment_2
2025-10-23T02:08:49.512Z,118,1115,3074,433,1444,3880,3489,3272,13872,2231,2359,8672,Day_1,Medium,Intermediate,3.75mm,Experiment_2
2025-10-23T02:08:49.552Z,128,1117,3078,445,1445,3883,3497,3279,13860,2234,2363,8666,Day_1,Medium,Intermediate,3.75mm,Experiment_2
2025-10-23T02:08:49.592Z,134,1123,3080,451,1450,3888,3493,3271,13852,2229,2361,8661,Day_1,Medium,Intermediate,3.75mm,Experiment_2
2025-10-23T02:08:49.632Z,134,1129,3074,450,1455,3892,3473,3261,13842,2218,2356,8652,Day_1,Medium,Intermediate,3.75mm,Experiment_2
2025-10-23T02:08:49.672Z,128,1132,3066,444,1456,3893,3451,3268,13827,2210,2358,8644,Day_1,Medium,Intermediate,3.75mm,Experiment_2
2025-10-23T02:08:49.712Z,125,1129,3060,443,1452,3887,3441,3297,13817,2209,2369,8644,Day_1,Medium,Intermediate,3.75mm,Experiment_2
2025-10-23T02:08:49.757Z,130,1123,3055,447,1445,3875,3443,3319,13819,2213,2378,8652,Day_1,Medium,Intermediate,3.75mm,Experiment_2
2025-10-23T02:08:49.797Z,133,1121,3050,450,1444,3864,3456,3311,13825,2216,2377,8657,Day_1,Medium,Intermediate,3.75mm,Experiment_2
2025-10-23T02:08:49.837Z,126,1123,3042,444,1448,3859,3474,3288,13834,2220,2369,8658,Day_1,Medium,Intermediate,3.75mm,Experiment_2
2025-10-23T02:08:49.877Z,115,1123,3026,433,1450,3862,3488,3271,13847,2226,2361,8660,Day_1,Medium,Intermediate,3.75mm,Experiment_2
2025-10-23T02:08:49.917Z,109,1119,2999,424,1449,3870,3491,3266,13862,2229,2357,8664,Day_1,Medium,Intermediate,3.75mm,Experiment_2
2025-10-23T02:08:49.957Z,106,1112,2993,420,1443,3878,3486,3275,13879,2226,2364,8673,Day_1,Medium,Intermediate,3.75mm,Experiment_2
2025-10-23T02:08:49.997Z,102,1106,3045,418,1437,3879,3481,3293,13898,2223,2376,8688,Day_1,Medium,Intermediate,3.75mm,Experiment_2
2025-10-23T02:08:50.037Z,97,1103,3135,415,1432,3877,3481,3310,13920,2224,2387,8701,Day_1,Medium,Intermediate,3.75mm,Experiment_2
2025-10-23T02:08:50.077Z,93,1106,3219,414,1433,3879,3479,3326,13937,2224,2394,8706,Day_1,Medium,Intermediate,3.75mm,Experiment_2
2025-10-23T02:08:50.087Z,96,1111,3333,415,1437,3892,3473,3340,13931,2223,2397,8699,Day_1,Medium,Intermediate,3.75mm,Experiment_2
2025-10-23T02:08:50.127Z,100,1112,3524,417,1438,3911,3466,3346,13906,2221,2394,8685,Day_1,Medium,Intermediate,3.75mm,Experiment_2
2025-10-23T02:08:50.167Z,96,1110,3631,413,1436,3919,3459,3338,13884,2220,2386,8672,Day_1,Medium,Intermediate,3.75mm,Experiment_2
2025-10-23T02:08:50.207Z,90,1105,3488,409,1434,3907,3457,3322,13870,2221,2374,8664,Day_1,Medium,Intermediate,3.75mm,Experiment_2
2025-10-23T02:08:50.247Z,88,1101,3252,407,1431,3888,3468,3308,13859,2227,2367,8663,Day_1,Medium,Intermediate,3.75mm,Experiment_2
2025-10-23T02:08:50.287Z,93,1101,3102,412,1431,3877,3479,3298,13854,2234,2366,8668,Day_1,Medium,Intermediate,3.75mm,Experiment_2
2025-10-23T02:08:50.327Z,104,1109,2992,421,1438,3868,3473,3288,13858,2231,2365,8674,Day_1,Medium,Intermediate,3.75mm,Experiment_2
2025-10-23T02:08:50.367Z,110,1117,2857,427,1445,3862,3456,3280,13877,2218,2362,8682,Day_1,Medium,Intermediate,3.75mm,Experiment_2
2025-10-23T02:08:50.407Z,108,1117,2763,426,1446,3861,3447,3280,13904,2209,2359,8690,Day_1,Medium,Intermediate,3.75mm,Experiment_2
2025-10-23T02:08:50.447Z,104,1114,2744,422,1442,3862,3448,3284,13920,2209,2360,8693,Day_1,Medium,Intermediate,3.75mm,Experiment_2
2025-10-23T02:08:50.487Z,98,1112,2702,416,1441,3857,3447,3289,13916,2212,2363,8688,Day_1,Medium,Intermediate,3.75mm,Experiment_2
2025-10-23T02:08:50.527Z,90,1113,2674,407,1443,3849,3450,3293,13906,2215,2368,8686,Day_1,Medium,Intermediate,3.75mm,Experiment_2
2025-10-23T02:08:50.567Z,83,1116,2782,400,1447,3845,3468,3294,13905,2221,2374,8691,Day_1,Medium,Intermediate,3.75mm,Experiment_2
2025-10-23T02:08:50.607Z,82,1120,2953,399,1452,3851,3494,3297,13910,2231,2383,8694,Day_1,Medium,Intermediate,3.75mm,Experiment_2
2025-10-23T02:08:50.647Z,86,1125,3066,405,1459,3863,3512,3310,13910,2239,2395,8691,Day_1,Medium,Intermediate,3.75mm,Experiment_2
2025-10-23T02:08:50.687Z,90,1130,3138,411,1466,3876,3514,3318,13894,2239,2401,8682,Day_1,Medium,Intermediate,3.75mm,Experiment_2
2025-10-23T02:08:50.727Z,92,1128,3215,412,1464,3883,3502,3309,13869,2232,2396,8672,Day_1,Medium,Intermediate,3.75mm,Experiment_2
2025-10-23T02:08:50.767Z,95,1122,3263,412,1455,3886,3487,3293,13847,2224,2387,8663,Day_1,Medium,Intermediate,3.75mm,Experiment_2
2025-10-23T02:08:50.812Z,101,1121,3240,417,1449,3884,3477,3289,13832,2220,2381,8656,Day_1,Medium,Intermediate,3.75mm,Experiment_2
2025-10-23T02:08:50.852Z,104,1123,3203,421,1449,3877,3470,3302,13829,2217,2382,8656,Day_1,Medium,Intermediate,3.75mm,Experiment_2
2025-10-23T02:08:50.892Z,102,1121,3179,420,1447,3869,3459,3321,13843,2211,2390,8663,Day_1,Medium,Intermediate,3.75mm,Experiment_2
2025-10-23T02:08:50.932Z,96,1113,3137,415,1438,3865,3449,3329,13863,2208,2394,8672,Day_1,Medium,Intermediate,3.75mm,Experiment_2
2025-10-23T02:08:50.972Z,90,1107,3088,410,1429,3863,3449,3319,13879,2212,2386,8677,Day_1,Medium,Intermediate,3.75mm,Experiment_2
2025-10-23T02:08:51.012Z,86,1104,3063,406,1426,3861,3459,3298,13888,2221,2372,8678,Day_1,Medium,Intermediate,3.75mm,Experiment_2
2025-10-23T02:08:51.052Z,82,1107,3060,401,1431,3862,3470,3284,13888,2229,2364,8676,Day_1,Medium,Intermediate,3.75mm,Experiment_2
2025-10-23T02:08:51.092Z,80,1115,3064,398,1441,3864,3476,3288,13886,2232,2369,8677,Day_1,Medium,Intermediate,3.75mm,Experiment_2
2025-10-23T02:08:51.132Z,81,1121,3067,397,1449,3867,3479,3301,13888,2230,2377,8680,Day_1,Medium,Intermediate,3.75mm,Experiment_2
2025-10-23T02:08:51.177Z,89,1120,3066,405,1449,3867,3478,3300,13887,2224,2376,8678,Day_1,Medium,Intermediate,3.75mm,Experiment_2
2025-10-23T02:08:51.217Z,106,1116,3063,421,1443,3866,3470,3288,13878,2216,2366,8673,Day_1,Medium,Intermediate,3.75mm,Experiment_2
2025-10-23T02:08:51.257Z,121,1111,3066,436,1437,3871,3458,3276,13864,2211,2357,8666,Day_1,Medium,Intermediate,3.75mm,Experiment_2
2025-10-23T02:08:51.297Z,123,1112,3074,438,1438,3880,3454,3268,13849,2213,2352,8659,Day_1,Medium,Intermediate,3.75mm,Experiment_2
2025-10-23T02:08:51.337Z,118,1119,3078,431,1448,3886,3457,3260,13836,2218,2350,8656,Day_1,Medium,Intermediate,3.75mm,Experiment_2
2025-10-23T02:08:51.377Z,111,1123,3078,424,1455,3887,3457,3255,13820,2219,2353,8652,Day_1,Medium,Intermediate,3.75mm,Experiment_2
2025-10-23T02:08:51.417Z,106,1120,3076,421,1454,3886,3452,3255,13773,2215,2359,8644,Day_1,Medium,Intermediate,3.75mm,Experiment_2
2025-10-23T02:08:51.457Z,103,1115,3072,421,1449,3884,3448,3258,13690,2211,2363,8634,Day_1,Medium,Intermediate,3.75mm,Experiment_2
2025-10-23T02:08:51.497Z,105,1114,3070,422,1446,3883,3451,3257,13640,2210,2360,8631,Day_1,Medium,Intermediate,3.75mm,Experiment_2
2025-10-23T02:08:51.543Z,111,1113,3073,424,1443,3882,3466,3257,13661,2215,2355,8641,Day_1,Medium,Intermediate,3.75mm,Experiment_2
2025-10-23T02:08:51.583Z,114,1113,3073,425,1441,3879,3481,3263,13687,2222,2355,8651,Day_1,Medium,Intermediate,3.75mm,Experiment_2
2025-10-23T02:08:51.623Z,110,1116,3072,423,1443,3875,3487,3275,13716,2230,2362,8658,Day_1,Medium,Intermediate,3.75mm,Experiment_2
2025-10-23T02:08:51.663Z,106,1120,3072,422,1446,3877,3487,3293,13843,2236,2372,8675,Day_1,Medium,Intermediate,3.75mm,Experiment_2
2025-10-23T02:08:51.703Z,108,1124,3073,426,1450,3879,3484,3307,14039,2239,2380,8704,Day_1,Medium,Intermediate,3.75mm,Experiment_2
2025-10-23T02:08:51.743Z,114,1125,3070,433,1452,3877,3483,3306,14128,2237,2378,8721,Day_1,Medium,Intermediate,3.75mm,Experiment_2
2025-10-23T02:08:51.783Z,117,1121,3065,435,1450,3870,3485,3291,13984,2231,2370,8701,Day_1,Medium,Intermediate,3.75mm,Experiment_2
2025-10-23T02:08:51.823Z,114,1114,3058,433,1445,3862,3488,3281,13711,2226,2367,8654,Day_1,Medium,Intermediate,3.75mm,Experiment_2
2025-10-23T02:08:51.863Z,108,1115,3057,427,1447,3860,3491,3285,13558,2226,2371,8622,Day_1,Medium,Intermediate,3.75mm,Experiment_2
2025-10-23T02:08:51.903Z,98,1122,3062,417,1456,3865,3492,3290,13642,2229,2374,8631,Day_1,Medium,Intermediate,3.75mm,Experiment_2
2025-10-23T02:08:51.943Z,90,1128,3067,408,1461,3872,3485,3292,13806,2230,2374,8658,Day_1,Medium,Intermediate,3.75mm,Experiment_2
2025-10-23T02:08:51.983Z,90,1132,3071,405,1462,3876,3481,3294,13861,2233,2376,8668,Day_1,Medium,Intermediate,3.75mm,Experiment_2
2025-10-23T02:08:52.023Z,94,1132,3073,410,1460,3877,3488,3297,13746,2238,2379,8651,Day_1,Medium,Intermediate,3.75mm,Experiment_2
2025-10-23T02:08:52.063Z,99,1130,3073,416,1457,3878,3496,3294,13516,2238,2377,8618,Day_1,Medium,Intermediate,3.75mm,Experiment_2
2025-10-23T02:08:52.103Z,105,1128,3073,423,1454,3879,3498,3291,13343,2232,2372,8594,Day_1,Medium,Intermediate,3.75mm,Experiment_2
2025-10-23T02:08:52.143Z,110,1126,3069,426,1452,3876,3495,3290,13273,2226,2366,8582,Day_1,Medium,Intermediate,3.75mm,Experiment_2
2025-10-23T02:08:52.183Z,111,1122,3061,424,1451,3871,3484,3284,13136,2223,2361,8556,Day_1,Medium,Intermediate,3.75mm,Experiment_2
2025-10-23T02:08:52.223Z,108,1115,3055,419,1448,3868,3473,3273,13052,2224,2357,8540,Day_1,Medium,Intermediate,3.75mm,Experiment_2
2025-10-23T02:08:52.268Z,105,1113,3056,415,1447,3867,3469,3269,13276,2228,2356,8581,Day_1,Medium,Intermediate,3.75mm,Experiment_2
2025-10-23T02:08:52.308Z,100,1118,3059,410,1449,3867,3465,3275,13621,2228,2360,8645,Day_1,Medium,Intermediate,3.75mm,Experiment_2
2025-10-23T02:08:52.348Z,93,1125,3064,404,1452,3870,3455,3285,13822,2221,2361,8680,Day_1,Medium,Intermediate,3.75mm,Experiment_2
2025-10-23T02:08:52.388Z,90,1124,3069,403,1450,3875,3447,3292,13928,2212,2359,8693,Day_1,Medium,Intermediate,3.75mm,Experiment_2
2025-10-23T02:08:52.428Z,94,1115,3073,407,1442,3879,3450,3297,14043,2211,2359,8708,Day_1,Medium,Intermediate,3.75mm,Experiment_2
2025-10-23T02:08:52.468Z,100,1107,3075,411,1437,3881,3462,3303,14109,2217,2365,8715,Day_1,Medium,Intermediate,3.75mm,Experiment_2
2025-10-23T02:08:52.508Z,108,1108,3075,417,1442,3881,3470,3302,14066,2225,2371,8697,Day_1,Medium,Intermediate,3.75mm,Experiment_2
2025-10-23T02:08:52.548Z,116,1114,3073,424,1448,3880,3471,3286,13992,2230,2369,8671,Day_1,Medium,Intermediate,3.75mm,Experiment_2
2025-10-23T02:08:52.588Z,121,1120,3070,429,1451,3881,3473,3260,13948,2233,2358,8657,Day_1,Medium,Intermediate,3.75mm,Experiment_2
2025-10-23T02:08:52.633Z,120,1124,3068,431,1452,3880,3480,3246,13908,2235,2351,8658,Day_1,Medium,Intermediate,3.75mm,Experiment_2
2025-10-23T02:08:52.673Z,118,1129,3064,431,1454,3875,3487,3250,13878,2234,2353,8664,Day_1,Medium,Intermediate,3.75mm,Experiment_2
2025-10-23T02:08:52.713Z,114,1130,3062,430,1453,3870,3488,3262,13873,2229,2358,8667,Day_1,Medium,Intermediate,3.75mm,Experiment_2
2025-10-23T02:08:52.753Z,111,1125,3062,427,1449,3870,3492,3272,13877,2227,2362,8669,Day_1,Medium,Intermediate,3.75mm,Experiment_2
2025-10-23T02:08:52.793Z,108,1119,3065,425,1448,3872,3500,3278,13884,2230,2364,8674,Day_1,Medium,Intermediate,3.75mm,Experiment_2
2025-10-23T02:08:52.833Z,104,1120,3068,422,1454,3875,3503,3281,13899,2231,2366,8682,Day_1,Medium,Intermediate,3.75mm,Experiment_2
2025-10-23T02:08:52.873Z,99,1126,3070,417,1461,3875,3497,3281,13918,2228,2367,8692,Day_1,Medium,Intermediate,3.75mm,Experiment_2
2025-10-23T02:08:52.913Z,92,1132,3071,409,1465,3876,3491,3285,13922,2229,2367,8696,Day_1,Medium,Intermediate,3.75mm,Experiment_2
2025-10-23T02:08:52.953Z,89,1131,3070,405,1461,3878,3494,3299,13905,2237,2370,8690,Day_1,Medium,Intermediate,3.75mm,Experiment_2
2025-10-23T02:08:52.492Z,97,1123,3068,414,1452,3878,3500,3318,13890,2244,2375,8681,Day_1,Medium,Intermediate,3.75mm,Experiment_2
2025-10-23T02:08:52.532Z,109,1119,3065,428,1450,3875,3498,3332,13896,2243,2381,8680,Day_1,Medium,Intermediate,3.75mm,Experiment_2
2025-10-23T02:08:52.572Z,115,1126,3065,436,1456,3874,3484,3332,13906,2232,2382,8683,Day_1,Medium,Intermediate,3.75mm,Experiment_2
2025-10-23T02:08:52.612Z,116,1141,3066,438,1462,3874,3470,3317,13899,2221,2378,8681,Day_1,Medium,Intermediate,3.75mm,Experiment_2
2025-10-23T02:08:52.652Z,114,1151,3067,439,1458,3874,3472,3304,13888,2219,2376,8675,Day_1,Medium,Intermediate,3.75mm,Experiment_2
2025-10-23T02:08:52.692Z,115,1137,3068,439,1449,3874,3484,3296,13894,2223,2376,8677,Day_1,Medium,Intermediate,3.75mm,Experiment_2
2025-10-23T02:08:52.732Z,119,1081,3071,440,1445,3875,3485,3292,13904,2225,2374,8683,Day_1,Medium,Intermediate,3.75mm,Experiment_2
2025-10-23T02:08:52.772Z,120,989,3073,439,1449,3878,3476,3298,13903,2224,2377,8685,Day_1,Medium,Intermediate,3.75mm,Experiment_2
2025-10-23T02:08:52.812Z,116,923,3074,433,1452,3879,3471,3306,13897,2221,2380,8685,Day_1,Medium,Intermediate,3.75mm,Experiment_2
2025-10-23T02:08:53.358Z,109,947,3073,427,1454,3879,3479,3298,13892,2224,2374,8680,Day_1,Medium,Intermediate,3.75mm,Experiment_2
2025-10-23T02:08:53.398Z,105,1043,3074,425,1456,3881,3496,3281,13883,2233,2360,8670,Day_1,Medium,Intermediate,3.75mm,Experiment_2
2025-10-23T02:08:53.438Z,104,1173,3076,426,1459,3884,3510,3268,13871,2243,2350,8662,Day_1,Medium,Intermediate,3.75mm,Experiment_2
2025-10-23T02:08:53.478Z,103,1371,3079,425,1464,3887,3513,3266,13866,2249,2347,8661,Day_1,Medium,Intermediate,3.75mm,Experiment_2
2025-10-23T02:08:53.518Z,103,1715,3084,423,1470,3887,3506,3273,13873,2248,2351,8669,Day_1,Medium,Intermediate,3.75mm,Experiment_2
2025-10-23T02:08:53.558Z,106,2054,3086,424,1474,3886,3499,3288,13882,2245,2360,8676,Day_1,Medium,Intermediate,3.75mm,Experiment_2
2025-10-23T02:08:53.598Z,108,2059,3085,425,1470,3884,3497,3309,13878,2243,2375,8675,Day_1,Medium,Intermediate,3.75mm,Experiment_2
2025-10-23T02:08:53.638Z,107,1739,3084,423,1462,3882,3494,3326,13862,2243,2390,8669,Day_1,Medium,Intermediate,3.75mm,Experiment_2
2025-10-23T02:08:53.678Z,104,1411,3083,420,1454,3883,3486,3327,13847,2241,2399,8663,Day_1,Medium,Intermediate,3.75mm,Experiment_2
2025-10-23T02:08:53.723Z,101,1227,3082,417,1449,3885,3473,3312,13844,2233,2394,8661,Day_1,Medium,Intermediate,3.75mm,Experiment_2
2025-10-23T02:08:53.763Z,98,1154,3080,414,1448,3883,3462,3294,13852,2225,2383,8663,Day_1,Medium,Intermediate,3.75mm,Experiment_2
2025-10-23T02:08:53.803Z,94,1169,3078,411,1454,3881,3462,3286,13867,2224,2374,8669,Day_1,Medium,Intermediate,3.75mm,Experiment_2
2025-10-23T02:08:53.843Z,91,1310,3081,410,1466,3882,3473,3296,13883,2230,2374,8678,Day_1,Medium,Intermediate,3.75mm,Experiment_2
2025-10-23T02:08:53.883Z,93,1576,3083,412,1480,3884,3483,3319,13891,2235,2383,8682,Day_1,Medium,Intermediate,3.75mm,Experiment_2
2025-10-23T02:08:53.923Z,99,1787,3082,418,1488,3883,3484,3340,13889,2232,2395,8680,Day_1,Medium,Intermediate,3.75mm,Experiment_2
2025-10-23T02:08:53.963Z,104,1772,3081,423,1486,3882,3473,3351,13886,2222,2403,8679,Day_1,Medium,Intermediate,3.75mm,Experiment_2
2025-10-23T02:08:54.003Z,102,1597,3079,418,1475,3880,3459,3351,13889,2213,2406,8684,Day_1,Medium,Intermediate,3.75mm,Experiment_2
2025-10-23T02:08:54.043Z,95,1389,3076,409,1461,3877,3455,3341,13898,2211,2403,8693,Day_1,Medium,Intermediate,3.75mm,Experiment_2
2025-10-23T02:08:54.043Z,93,1261,3077,402,1448,3878,3460,3329,13908,2216,2395,8697,Day_1,Medium,Intermediate,3.75mm,Experiment_2
2025-10-23T02:08:54.083Z,94,1272,3078,400,1443,3881,3463,3338,13910,2222,2394,8695,Day_1,Medium,Intermediate,3.75mm,Experiment_2
2025-10-23T02:08:54.123Z,92,1349,3074,399,1444,3878,3465,3374,13899,2227,2401,8688,Day_1,Medium,Intermediate,3.75mm,Experiment_2
2025-10-23T02:08:54.163Z,86,1372,3065,398,1449,3869,3470,3408,13890,2233,2406,8680,Day_1,Medium,Intermediate,3.75mm,Experiment_2
2025-10-23T02:08:54.203Z,83,1324,3059,399,1456,3863,3473,3411,13884,2233,2404,8673,Day_1,Medium,Intermediate,3.75mm,Experiment_2
2025-10-23T02:08:54.243Z,85,1257,3061,403,1459,3867,3471,3388,13869,2231,2404,8666,Day_1,Medium,Intermediate,3.75mm,Experiment_2
2025-10-23T02:08:54.283Z,93,1193,3067,410,1455,3873,3463,3365,13854,2226,2403,8663,Day_1,Medium,Intermediate,3.75mm,Experiment_2
2025-10-23T02:08:54.323Z,102,1137,3072,419,1449,3878,3454,3348,13856,2220,2395,8668,Day_1,Medium,Intermediate,3.75mm,Experiment_2
2025-10-23T02:08:54.363Z,110,1100,3073,427,1448,3878,3457,3324,13872,2218,2379,8674,Day_1,Medium,Intermediate,3.75mm,Experiment_2
2025-10-23T02:08:54.403Z,114,1085,3068,430,1448,3872,3471,3298,13884,2221,2364,8672,Day_1,Medium,Intermediate,3.75mm,Experiment_2
2025-10-23T02:08:54.443Z,116,1093,3061,431,1448,3866,3483,3281,13887,2223,2358,8668,Day_1,Medium,Intermediate,3.75mm,Experiment_2
2025-10-23T02:08:54.483Z,117,1110,3060,432,1449,3867,3490,3281,13888,2224,2359,8667,Day_1,Medium,Intermediate,3.75mm,Experiment_2
2025-10-23T02:08:54.523Z,116,1120,3063,431,1450,3871,3492,3292,13888,2225,2368,8673,Day_1,Medium,Intermediate,3.75mm,Experiment_2
2025-10-23T02:08:54.563Z,113,1126,3064,428,1452,3871,3488,3302,13884,2224,2375,8679,Day_1,Medium,Intermediate,3.75mm,Experiment_2
2025-10-23T02:08:54.603Z,113,1129,3062,426,1456,3867,3476,3296,13882,2220,2373,8683,Day_1,Medium,Intermediate,3.75mm,Experiment_2
2025-10-23T02:08:54.643Z,110,1128,3061,424,1456,3864,3461,3281,13897,2215,2366,8688,Day_1,Medium,Intermediate,3.75mm,Experiment_2
2025-10-23T02:08:54.683Z,105,1125,3066,418,1453,3867,3454,3274,13921,2214,2362,8692,Day_1,Medium,Intermediate,3.75mm,Experiment_2
2025-10-23T02:08:54.723Z,101,1123,3072,412,1453,3874,3464,3285,13937,2219,2366,8692,Day_1,Medium,Intermediate,3.75mm,Experiment_2
2025-10-23T02:08:54.763Z,99,1123,3074,411,1455,3879,3484,3306,13932,2226,2374,8689,Day_1,Medium,Intermediate,3.75mm,Experiment_2
2025-10-23T02:08:54.803Z,99,1125,3073,412,1456,3881,3492,3325,13910,2223,2384,8685,Day_1,Medium,Intermediate,3.75mm,Experiment_2
2025-10-23T02:08:54.843Z,102,1127,3070,416,1456,3879,3441,3333,13884,2215,2392,8681,Day_1,Medium,Intermediate,3.75mm,Experiment_2
2025-10-23T02:08:54.883Z,110,1126,3068,424,1454,3876,3249,3327,13875,2214,2393,8683,Day_1,Medium,Intermediate,3.75mm,Experiment_2
2025-10-23T02:08:54.923Z,117,1122,3068,430,1450,3877,2904,3315,13883,2221,2388,8687,Day_1,Medium,Intermediate,3.75mm,Experiment_2
2025-10-23T02:08:54.963Z,113,1121,3074,428,1448,3883,2644,3307,13894,2229,2384,8686,Day_1,Medium,Intermediate,3.75mm,Experiment_2
2025-10-23T02:08:55.003Z,104,1122,3082,420,1447,3890,2686,3306,13897,2235,2384,8682,Day_1,Medium,Intermediate,3.75mm,Experiment_2
2025-10-23T02:08:55.043Z,104,1123,3087,419,1446,3894,2946,3308,13891,2240,2384,8677,Day_1,Medium,Intermediate,3.75mm,Experiment_2
2025-10-23T02:08:55.083Z,110,1124,3087,423,1447,3894,3301,3309,13878,2241,2378,8673,Day_1,Medium,Intermediate,3.75mm,Experiment_2
2025-10-23T02:08:55.123Z,109,1125,3081,422,1450,3887,3793,3304,13869,2240,2371,8674,Day_1,Medium,Intermediate,3.75mm,Experiment_2
2025-10-23T02:08:55.163Z,105,1124,3075,420,1451,3880,4512,3298,13874,2239,2366,8680,Day_1,Medium,Intermediate,3.75mm,Experiment_2
2025-10-23T02:08:55.203Z,104,1119,3074,421,1447,3877,5188,3300,13888,2242,2367,8688,Day_1,Medium,Intermediate,3.75mm,Experiment_2
2025-10-23T02:08:55.243Z,103,1115,3076,422,1441,3878,5283,3312,13895,2257,2373,8688,Day_1,Medium,Intermediate,3.75mm,Experiment_2
2025-10-23T02:08:55.283Z,101,1112,3077,419,1438,3878,4818,3332,13892,2286,2379,8682,Day_1,Medium,Intermediate,3.75mm,Experiment_2
2025-10-23T02:08:55.323Z,100,1110,3076,416,1439,3875,4276,3345,13888,2305,2382,8676,Day_1,Medium,Intermediate,3.75mm,Experiment_2
2025-10-23T02:08:55.363Z,104,1109,3073,416,1441,3874,3867,3335,13881,2282,2374,8671,Day_1,Medium,Intermediate,3.75mm,Experiment_2
2025-10-23T02:08:55.403Z,106,1109,3071,418,1443,3875,3596,3307,13856,2221,2363,8661,Day_1,Medium,Intermediate,3.75mm,Experiment_2
2025-10-23T02:08:55.443Z,106,1113,3072,420,1444,3880,3410,3287,13828,2151,2361,8650,Day_1,Medium,Intermediate,3.75mm,Experiment_2
2025-10-23T02:08:55.483Z,105,1118,3076,420,1445,3886,3127,3294,13829,2055,2373,8651,Day_1,Medium,Intermediate,3.75mm,Experiment_2
2025-10-23T02:08:55.523Z,105,1123,3081,419,1449,3890,2645,3317,13853,1878,2391,8662,Day_1,Medium,Intermediate,3.75mm,Experiment_2
2025-10-23T02:08:55.563Z,104,1124,3084,419,1452,3889,2259,3335,13879,1698,2401,8675,Day_1,Medium,Intermediate,3.75mm,Experiment_2
2025-10-23T02:08:55.603Z,105,1123,3082,419,1454,3884,2277,3338,13897,1713,2398,8685,Day_1,Medium,Intermediate,3.75mm,Experiment_2
2025-10-23T02:08:55.643Z,105,1121,3076,419,1453,3876,2575,3331,13907,1915,2389,8688,Day_1,Medium,Intermediate,3.75mm,Experiment_2
2025-10-23T02:08:55.683Z,105,1119,3070,419,1448,3867,2966,3321,13913,2113,2381,8690,Day_1,Medium,Intermediate,3.75mm,Experiment_2
2025-10-23T02:08:55.723Z,106,1115,3067,419,1441,3864,3344,3308,13918,2216,2374,8694,Day_1,Medium,Intermediate,3.75mm,Experiment_2
2025-10-23T02:08:55.763Z,105,1114,3065,419,1438,3864,3624,3294,13922,2261,2368,8697,Day_1,Medium,Intermediate,3.75mm,Experiment_2
2025-10-23T02:08:55.803Z,103,1118,3061,420,1443,3861,3728,3288,13927,2278,2364,8697,Day_1,Medium,Intermediate,3.75mm,Experiment_2
2025-10-23T02:08:55.843Z,102,1126,3058,421,1452,3858,3491,3291,13931,2277,2365,8698,Day_1,Medium,Intermediate,3.75mm,Experiment_2
2025-10-23T02:08:55.883Z,100,1132,3059,422,1460,3862,2921,3292,13931,2267,2365,8695,Day_1,Medium,Intermediate,3.75mm,Experiment_2
2025-10-23T02:08:55.923Z,96,1137,3061,419,1467,3868,2536,3282,13921,2254,2360,8689,Day_1,Medium,Intermediate,3.75mm,Experiment_2
2025-10-23T02:08:55.963Z,92,1137,3061,414,1468,3871,2767,3273,13902,2240,2355,8682,Day_1,Medium,Intermediate,3.75mm,Experiment_2
2025-10-23T02:08:56.003Z,91,1133,3058,410,1465,3869,3343,3283,13885,2231,2361,8677,Day_1,Medium,Intermediate,3.75mm,Experiment_2
2025-10-23T02:08:56.043Z,92,1129,3057,410,1462,3866,3835,3306,13877,2225,2374,8676,Day_1,Medium,Intermediate,3.75mm,Experiment_2
2025-10-23T02:08:56.083Z,96,1130,3058,413,1462,3864,4025,3319,13882,2219,2381,8678,Day_1,Medium,Intermediate,3.75mm,Experiment_2
2025-10-23T02:08:56.123Z,102,1135,3061,418,1463,3867,3882,3314,13897,2220,2380,8682,Day_1,Medium,Intermediate,3.75mm,Experiment_2
2025-10-23T02:08:56.163Z,108,1136,3065,422,1462,3873,3648,3314,13902,2231,2382,8679,Day_1,Medium,Intermediate,3.75mm,Experiment_2
2025-10-23T02:08:56.203Z,109,1133,3067,424,1458,3876,3522,3327,13896,2237,2388,8673,Day_1,Medium,Intermediate,3.75mm,Experiment_2
2025-10-23T02:08:56.243Z,103,1130,3065,421,1455,3873,3491,3328,13892,2234,2386,8671,Day_1,Medium,Intermediate,3.75mm,Experiment_2
2025-10-23T02:08:56.283Z,97,1124,3063,418,1451,3870,3500,3303,13896,2232,2373,8676,Day_1,Medium,Intermediate,3.75mm,Experiment_2
2025-10-23T02:08:56.323Z,94,1119,3066,416,1450,3870,3519,3279,13897,2234,2363,8678,Day_1,Medium,Intermediate,3.75mm,Experiment_2
2025-10-23T02:08:56.363Z,94,1121,3069,416,1454,3872,3523,3278,13896,2234,2366,8680,Day_1,Medium,Intermediate,3.75mm,Experiment_2
2025-10-23T02:08:56.403Z,96,1127,3069,417,1459,3874,3512,3293,13902,2232,2377,8687,Day_1,Medium,Intermediate,3.75mm,Experiment_2
2025-10-23T02:08:56.443Z,100,1131,3067,421,1461,3874,3504,3311,13914,2235,2381,8695,Day_1,Medium,Intermediate,3.75mm,Experiment_2
2025-10-23T02:08:56.483Z,104,1130,3063,424,1459,3872,3499,3321,13918,2238,2373,8696,Day_1,Medium,Intermediate,3.75mm,Experiment_2
2025-10-23T02:08:56.523Z,107,1123,3060,424,1451,3869,3490,3285,13903,2235,2360,8689,Day_1,Medium,Intermediate,3.75mm,Experiment_2
2025-10-23T02:08:56.563Z,106,1119,3059,421,1446,3867,3481,3142,13874,2232,2355,8679,Day_1,Medium,Intermediate,3.75mm,Experiment_2
2025-10-23T02:08:56.603Z,101,1123,3059,416,1450,3867,3478,2895,13854,2232,2359,8674,Day_1,Medium,Intermediate,3.75mm,Experiment_2
2025-10-23T02:08:56.643Z,98,1129,3057,414,1455,3865,3480,2716,13854,2234,2363,8674,Day_1,Medium,Intermediate,3.75mm,Experiment_2
2025-10-23T02:08:56.683Z,100,1130,3056,415,1456,3865,3482,2763,13868,2235,2368,8677,Day_1,Medium,Intermediate,3.75mm,Experiment_2
2025-10-23T02:08:56.723Z,102,1126,3056,414,1452,3867,3486,2963,13883,2235,2375,8680,Day_1,Medium,Intermediate,3.75mm,Experiment_2
2025-10-23T02:08:56.763Z,105,1121,3059,415,1449,3871,3487,3211,13895,2233,2378,8682,Day_1,Medium,Intermediate,3.75mm,Experiment_2
2025-10-23T02:08:56.803Z,114,1117,3064,423,1447,3877,3481,3537,13910,2228,2374,8686,Day_1,Medium,Intermediate,3.75mm,Experiment_2
2025-10-23T02:08:56.843Z,123,1111,3069,432,1442,3881,3471,4038,13929,2216,2370,8695,Day_1,Medium,Intermediate,3.75mm,Experiment_2
2025-10-23T02:08:56.883Z,126,1106,3072,435,1437,3880,3468,4547,13943,2208,2380,8702,Day_1,Medium,Intermediate,3.75mm,Experiment_2
2025-10-23T02:08:56.924Z,124,1106,3070,434,1438,3874,3479,4714,13938,2211,2410,8700,Day_1,Medium,Intermediate,3.75mm,Experiment_2
2025-10-23T02:08:56.964Z,119,1110,3068,431,1443,3869,3489,4557,13921,2222,2454,8691,Day_1,Medium,Intermediate,3.75mm,Experiment_2
2025-10-23T02:08:57.004Z,111,1114,3069,427,1446,3870,3487,4267,13913,2227,2471,8684,Day_1,Medium,Intermediate,3.75mm,Experiment_2
2025-10-23T02:08:57.044Z,100,1120,3071,419,1450,3876,3479,3866,13917,2226,2434,8680,Day_1,Medium,Intermediate,3.75mm,Experiment_2
2025-10-23T02:08:57.084Z,90,1127,3068,408,1456,3879,3482,3498,13910,2229,2385,8675,Day_1,Medium,Intermediate,3.75mm,Experiment_2
2025-10-23T02:08:57.124Z,84,1128,3065,399,1458,3880,3494,3303,13878,2237,2364,8667,Day_1,Medium,Intermediate,3.75mm,Experiment_2
2025-10-23T02:08:57.164Z,84,1122,3065,398,1452,3881,3502,3184,13849,2244,2360,8663,Day_1,Medium,Intermediate,3.75mm,Experiment_2
2025-10-23T02:08:57.204Z,85,1113,3068,401,1443,3883,3495,3022,13846,2240,2351,8665,Day_1,Medium,Intermediate,3.75mm,Experiment_2
2025-10-23T02:08:57.244Z,86,1111,3072,405,1441,3883,3475,2890,13859,2228,2345,8669,Day_1,Medium,Intermediate,3.75mm,Experiment_2
2025-10-23T02:08:57.284Z,87,1118,3074,407,1449,3880,3462,2867,13876,2218,2354,8669,Day_1,Medium,Intermediate,3.75mm,Experiment_2
2025-10-23T02:08:57.324Z,90,1126,3072,409,1459,3876,3462,2892,13891,2214,2356,8669,Day_1,Medium,Intermediate,3.75mm,Experiment_2
2025-10-23T02:08:57.364Z,95,1124,3071,410,1460,3875,3464,2954,13898,2213,2344,8670,Day_1,Medium,Intermediate,3.75mm,Experiment_2
2025-10-23T02:08:57.404Z,96,1113,3074,408,1452,3877,3462,3070,13897,2213,2341,8675,Day_1,Medium,Intermediate,3.75mm,Experiment_2
2025-10-23T02:08:57.444Z,97,1107,3075,407,1445,3877,3461,3165,13896,2216,2352,8684,Day_1,Medium,Intermediate,3.75mm,Experiment_2
2025-10-23T02:08:57.484Z,97,1108,3072,407,1445,3873,3462,3210,13899,2219,2372,8690,Day_1,Medium,Intermediate,3.75mm,Experiment_2
2025-10-23T02:08:57.524Z,101,1112,3069,411,1447,3870,3464,3246,13898,2222,2402,8690,Day_1,Medium,Intermediate,3.75mm,Experiment_2
2025-10-23T02:08:57.564Z,110,1116,3069,419,1449,3871,3465,3283,13896,2222,2448,8688,Day_1,Medium,Intermediate,3.75mm,Experiment_2
2025-10-23T02:08:57.604Z,115,1120,3068,426,1450,3872,3465,3305,13900,2221,2487,8691,Day_1,Medium,Intermediate,3.75mm,Experiment_2
2025-10-23T02:08:57.644Z,111,1120,3065,425,1449,3871,3469,3314,13899,2220,2485,8693,Day_1,Medium,Intermediate,3.75mm,Experiment_2
2025-10-23T02:08:57.684Z,103,1116,3063,419,1446,3872,3482,3317,13884,2224,2442,8688,Day_1,Medium,Intermediate,3.75mm,Experiment_2
2025-10-23T02:08:57.724Z,97,1112,3061,415,1445,3874,3500,3308,13861,2233,2398,8680,Day_1,Medium,Intermediate,3.75mm,Experiment_2
2025-10-23T02:08:57.764Z,96,1112,3057,416,1446,3871,3508,3285,13845,2241,2371,8679,Day_1,Medium,Intermediate,3.75mm,Experiment_2
2025-10-23T02:08:57.804Z,99,1115,3053,417,1448,3869,3498,3266,13847,2240,2356,8684,Day_1,Medium,Intermediate,3.75mm,Experiment_2
2025-10-23T02:08:57.844Z,101,1119,3054,417,1449,3870,3485,3263,13864,2234,2356,8689,Day_1,Medium,Intermediate,3.75mm,Experiment_2
2025-10-23T02:08:57.884Z,102,1121,3055,417,1451,3872,3486,3268,13881,2230,2371,8691,Day_1,Medium,Intermediate,3.75mm,Experiment_2
2025-10-23T02:08:57.924Z,104,1124,3051,419,1455,3868,3494,3268,13883,2228,2393,8687,Day_1,Medium,Intermediate,3.75mm,Experiment_2
2025-10-23T02:08:57.964Z,108,1125,3046,422,1455,3864,3500,3266,13874,2227,2404,8684,Day_1,Medium,Intermediate,3.75mm,Experiment_2
2025-10-23T02:08:58.004Z,105,1120,3047,420,1450,3866,3512,3262,13872,2230,2390,8684,Day_1,Medium,Intermediate,3.75mm,Experiment_2
2025-10-23T02:08:58.044Z,98,1115,3055,415,1445,3872,3526,3256,13886,2237,2369,8690,Day_1,Medium,Intermediate,3.75mm,Experiment_2
2025-10-23T02:08:58.084Z,96,1116,3069,415,1445,3883,3526,3257,13902,2241,2363,8695,Day_1,Medium,Intermediate,3.75mm,Experiment_2
2025-10-23T02:08:58.124Z,103,1122,3089,422,1450,3895,3505,3273,13914,2238,2372,8695,Day_1,Medium,Intermediate,3.75mm,Experiment_2
2025-10-23T02:08:58.164Z,111,1131,3103,427,1456,3902,3483,3286,13922,2231,2376,8690,Day_1,Medium,Intermediate,3.75mm,Experiment_2
2025-10-23T02:08:58.204Z,113,1137,3105,427,1462,3900,3476,3279,13922,2230,2369,8684,Day_1,Medium,Intermediate,3.75mm,Experiment_2
2025-10-23T02:08:58.244Z,111,1136,3096,425,1461,3893,3480,3275,13916,2236,2369,8681,Day_1,Medium,Intermediate,3.75mm,Experiment_2
2025-10-23T02:08:58.284Z,107,1130,3086,421,1454,3889,3484,3297,13902,2243,2383,8681,Day_1,Medium,Intermediate,3.75mm,Experiment_2
2025-10-23T02:08:58.324Z,102,1127,3078,418,1452,3885,3488,3330,13888,2246,2397,8682,Day_1,Medium,Intermediate,3.75mm,Experiment_2
2025-10-23T02:08:58.364Z,101,1131,3071,416,1456,3878,3492,3349,13879,2246,2402,8682,Day_1,Medium,Intermediate,3.75mm,Experiment_2
2025-10-23T02:08:58.404Z,105,1137,3065,419,1462,3871,3493,3350,13884,2242,2402,8684,Day_1,Medium,Intermediate,3.75mm,Experiment_2
2025-10-23T02:08:58.444Z,110,1139,3061,425,1463,3866,3494,3331,13902,2238,2395,8688,Day_1,Medium,Intermediate,3.75mm,Experiment_2
2025-10-23T02:08:58.484Z,112,1133,3061,430,1458,3865,3498,3299,13923,2237,2378,8689,Day_1,Medium,Intermediate,3.75mm,Experiment_2
2025-10-23T02:08:58.524Z,110,1121,3064,430,1448,3866,3502,3279,13931,2233,2362,8686,Day_1,Medium,Intermediate,3.75mm,Experiment_2
2025-10-23T02:08:58.564Z,106,1108,3068,427,1438,3869,3503,3278,13919,2232,2358,8682,Day_1,Medium,Intermediate,3.75mm,Experiment_2
2025-10-23T02:08:58.604Z,103,1095,3071,424,1434,3873,3506,3284,13904,2239,2360,8682,Day_1,Medium,Intermediate,3.75mm,Experiment_2
2025-10-23T02:08:58.644Z,104,1085,3073,422,1438,3879,3513,3287,13891,2248,2362,8682,Day_1,Medium,Intermediate,3.75mm,Experiment_2
2025-10-23T02:08:58.684Z,104,1087,3074,418,1446,3881,3517,3285,13881,2249,2363,8680,Day_1,Medium,Intermediate,3.75mm,Experiment_2
2025-10-23T02:08:58.724Z,101,1097,3076,412,1448,3883,3516,3282,13881,2246,2366,8678,Day_1,Medium,Intermediate,3.75mm,Experiment_2
2025-10-23T02:08:58.764Z,99,1108,3084,410,1445,3888,3507,3283,13890,2240,2372,8676,Day_1,Medium,Intermediate,3.75mm,Experiment_2
2025-10-23T02:08:58.804Z,101,1115,3095,412,1443,3896,3490,3287,13890,2231,2377,8668,Day_1,Medium,Intermediate,3.75mm,Experiment_2
2025-10-23T02:08:58.844Z,104,1121,3100,415,1445,3900,3477,3290,13872,2226,2379,8656,Day_1,Medium,Intermediate,3.75mm,Experiment_2
2025-10-23T02:08:58.884Z,104,1125,3096,417,1448,3898,3474,3293,13849,2224,2379,8649,Day_1,Medium,Intermediate,3.75mm,Experiment_2
2025-10-23T02:08:58.924Z,104,1122,3088,420,1446,3892,3471,3298,13842,2221,2378,8655,Day_1,Medium,Intermediate,3.75mm,Experiment_2
2025-10-23T02:08:58.964Z,106,1109,3081,424,1437,3886,3467,3297,13854,2216,2374,8666,Day_1,Medium,Intermediate,3.75mm,Experiment_2
2025-10-23T02:08:59.004Z,107,1096,3081,427,1427,3883,3463,3288,13878,2215,2369,8676,Day_1,Medium,Intermediate,3.75mm,Experiment_2
2025-10-23T02:08:59.044Z,113,1095,3085,433,1427,3886,3460,3282,13898,2216,2369,8682,Day_1,Medium,Intermediate,3.75mm,Experiment_2
2025-10-23T02:08:59.084Z,122,1103,3086,441,1436,3889,3458,3284,13905,2218,2375,8683,Day_1,Medium,Intermediate,3.75mm,Experiment_2
2025-10-23T02:08:59.124Z,125,1114,3081,444,1447,3886,3461,3289,13900,2221,2380,8683,Day_1,Medium,Intermediate,3.75mm,Experiment_2
2025-10-23T02:08:59.164Z,121,1125,3075,443,1455,3877,3471,3298,13890,2224,2380,8682,Day_1,Medium,Intermediate,3.75mm,Experiment_2
2025-10-23T02:08:59.204Z,115,1129,3070,439,1456,3870,3483,3307,13881,2222,2380,8682,Day_1,Medium,Intermediate,3.75mm,Experiment_2
2025-10-23T02:08:59.244Z,108,1125,3068,434,1451,3867,3495,3307,13880,2219,2379,8682,Day_1,Medium,Intermediate,3.75mm,Experiment_2
2025-10-23T02:08:59.284Z,103,1116,3069,427,1445,3869,3507,3296,13891,2223,2377,8683,Day_1,Medium,Intermediate,3.75mm,Experiment_2
2025-10-23T02:08:59.324Z,99,1110,3075,419,1441,3875,3510,3285,13908,2230,2373,8686,Day_1,Medium,Intermediate,3.75mm,Experiment_2
2025-10-23T02:08:59.364Z,98,1112,3079,416,1445,3879,3506,3285,13920,2236,2371,8688,Day_1,Medium,Intermediate,3.75mm,Experiment_2
2025-10-23T02:08:59.404Z,102,1121,3074,420,1453,3878,3497,3293,13909,2237,2374,8684,Day_1,Medium,Intermediate,3.75mm,Experiment_2
2025-10-23T02:08:59.444Z,105,1128,3067,423,1458,3874,3483,3301,13875,2230,2380,8673,Day_1,Medium,Intermediate,3.75mm,Experiment_2
2025-10-23T02:08:59.484Z,106,1128,3064,423,1456,3872,3472,3307,13847,2221,2385,8667,Day_1,Medium,Intermediate,3.75mm,Experiment_2
2025-10-23T02:08:59.524Z,108,1126,3065,421,1452,3870,3478,3305,13855,2220,2384,8674,Day_1,Medium,Intermediate,3.75mm,Experiment_2
2025-10-23T02:08:59.564Z,111,1128,3063,423,1453,3867,3498,3291,13885,2226,2376,8686,Day_1,Medium,Intermediate,3.75mm,Experiment_2
2025-10-23T02:08:59.604Z,115,1130,3059,427,1456,3863,3513,3285,13901,2230,2369,8691,Day_1,Medium,Intermediate,3.75mm,Experiment_2
2025-10-23T02:08:59.644Z,117,1131,3055,432,1459,3861,3510,3294,13894,2226,2368,8688,Day_1,Medium,Intermediate,3.75mm,Experiment_2
2025-10-23T02:08:59.684Z,114,1132,3056,432,1462,3863,3498,3304,13875,2222,2371,8679,Day_1,Medium,Intermediate,3.75mm,Experiment_2
2025-10-23T02:08:59.724Z,108,1133,3064,428,1462,3871,3488,3303,13859,2225,2373,8671,Day_1,Medium,Intermediate,3.75mm,Experiment_2
2025-10-23T02:08:59.764Z,104,1133,3071,423,1461,3879,3482,3299,13859,2231,2375,8672,Day_1,Medium,Intermediate,3.75mm,Experiment_2
2025-10-23T02:08:59.804Z,101,1131,3072,419,1459,3881,3486,3302,13878,2235,2380,8683,Day_1,Medium,Intermediate,3.75mm,Experiment_2
2025-10-23T02:08:59.844Z,94,1126,3072,413,1455,3879,3507,3314,13900,2241,2387,8693,Day_1,Medium,Intermediate,3.75mm,Experiment_2
2025-10-23T02:08:59.884Z,89,1118,3074,409,1450,3878,3536,3323,13904,2250,2391,8691,Day_1,Medium,Intermediate,3.75mm,Experiment_2
2025-10-23T02:08:59.924Z,92,1115,3074,411,1448,3877,3550,3322,13885,2256,2387,8677,Day_1,Medium,Intermediate,3.75mm,Experiment_2
2025-10-23T02:08:59.964Z,102,1119,3071,419,1452,3875,3535,3310,13860,2253,2375,8660,Day_1,Medium,Intermediate,3.75mm,Experiment_2
2025-10-23T02:09:00.004Z,109,1121,3068,425,1454,3874,3508,3300,13845,2246,2368,8648,Day_1,Medium,Intermediate,3.75mm,Experiment_2
2025-10-23T02:09:00.044Z,109,1120,3066,423,1452,3874,3491,3307,13844,2241,2371,8649,Day_1,Medium,Intermediate,3.75mm,Experiment_2
2025-10-23T02:09:00.084Z,106,1120,3066,419,1450,3875,3490,3324,13849,2240,2379,8660,Day_1,Medium,Intermediate,3.75mm,Experiment_2
2025-10-23T02:09:00.124Z,102,1125,3069,416,1453,3879,3495,3332,13863,2241,2385,8672,Day_1,Medium,Intermediate,3.75mm,Experiment_2
2025-10-23T02:09:00.164Z,95,1129,3073,412,1455,3885,3496,3324,13883,2241,2384,8678,Day_1,Medium,Intermediate,3.75mm,Experiment_2
2025-10-23T02:09:00.204Z,91,1129,3077,409,1453,3888,3489,3306,13895,2237,2378,8677,Day_1,Medium,Intermediate,3.75mm,Experiment_2
2025-10-23T02:09:00.244Z,92,1128,3079,410,1451,3886,3479,3292,13900,2229,2370,8679,Day_1,Medium,Intermediate,3.75mm,Experiment_2
2025-10-23T02:09:00.284Z,94,1130,3076,411,1452,3880,3482,3290,13915,2227,2366,8689,Day_1,Medium,Intermediate,3.75mm,Experiment_2
2025-10-23T02:09:00.324Z,94,1132,3073,409,1454,3877,3497,3304,13934,2233,2371,8700,Day_1,Medium,Intermediate,3.75mm,Experiment_2
2025-10-23T02:09:00.364Z,90,1131,3073,405,1453,3879,3502,3323,13936,2236,2385,8703,Day_1,Medium,Intermediate,3.75mm,Experiment_2
2025-10-23T02:09:00.404Z,89,1127,3074,404,1448,3882,3489,3336,13920,2232,2401,8700,Day_1,Medium,Intermediate,3.75mm,Experiment_2
2025-10-23T02:09:00.444Z,92,1124,3073,408,1444,3882,3478,3343,13902,2227,2410,8697,Day_1,Medium,Intermediate,3.75mm,Experiment_2
2025-10-23T02:09:00.484Z,95,1119,3072,411,1441,3879,3483,3346,13890,2228,2409,8691,Day_1,Medium,Intermediate,3.75mm,Experiment_2
2025-10-23T02:09:00.524Z,93,1115,3070,410,1443,3875,3491,3348,13887,2230,2404,8683,Day_1,Medium,Intermediate,3.75mm,Experiment_2
2025-10-23T02:09:00.564Z,90,1114,3066,410,1448,3873,3487,3346,13888,2229,2402,8674,Day_1,Medium,Intermediate,3.75mm,Experiment_2
2025-10-23T02:09:00.604Z,91,1117,3067,413,1452,3876,3479,3328,13886,2228,2396,8670,Day_1,Medium,Intermediate,3.75mm,Experiment_2
2025-10-23T02:09:00.644Z,93,1118,3074,416,1451,3882,3485,3297,13888,2233,2382,8673,Day_1,Medium,Intermediate,3.75mm,Experiment_2
2025-10-23T02:09:00.684Z,94,1118,3079,417,1448,3885,3507,3271,13897,2244,2367,8681,Day_1,Medium,Intermediate,3.75mm,Experiment_2
2025-10-23T02:09:00.724Z,95,1119,3081,415,1446,3884,3524,3266,13903,2253,2361,8686,Day_1,Medium,Intermediate,3.75mm,Experiment_2
2025-10-23T02:09:00.764Z,94,1123,3081,414,1449,3884,3521,3269,13900,2254,2361,8686,Day_1,Medium,Intermediate,3.75mm,Experiment_2
2025-10-23T02:09:00.804Z,92,1128,3079,412,1454,3883,3505,3276,13901,2247,2362,8688,Day_1,Medium,Intermediate,3.75mm,Experiment_2
2025-10-23T02:09:00.844Z,92,1129,3076,412,1454,3880,3495,3285,13911,2241,2366,8695,Day_1,Medium,Intermediate,3.75mm,Experiment_2
2025-10-23T02:09:00.884Z,96,1127,3071,415,1453,3875,3494,3292,13919,2242,2371,8703,Day_1,Medium,Intermediate,3.75mm,Experiment_2
2025-10-23T02:09:00.924Z,104,1126,3067,422,1454,3871,3496,3298,13916,2246,2378,8707,Day_1,Medium,Intermediate,3.75mm,Experiment_2
2025-10-23T02:09:00.964Z,110,1126,3066,427,1456,3870,3497,3310,13909,2247,2385,8705,Day_1,Medium,Intermediate,3.75mm,Experiment_2
2025-10-23T02:09:01.004Z,111,1123,3067,427,1454,3870,3500,3322,13904,2243,2389,8696,Day_1,Medium,Intermediate,3.75mm,Experiment_2
2025-10-23T02:09:01.044Z,112,1119,3069,426,1451,3872,3506,3324,13897,2238,2387,8684,Day_1,Medium,Intermediate,3.75mm,Experiment_2
2025-10-23T02:09:01.084Z,114,1118,3069,427,1451,3874,3510,3320,13886,2237,2382,8672,Day_1,Medium,Intermediate,3.75mm,Experiment_2
2025-10-23T02:09:01.124Z,112,1118,3068,426,1452,3876,3502,3312,13873,2237,2376,8666,Day_1,Medium,Intermediate,3.75mm,Experiment_2
2025-10-23T02:09:01.164Z,104,1115,3070,421,1450,3880,3489,3304,13856,2238,2373,8665,Day_1,Medium,Intermediate,3.75mm,Experiment_2
2025-10-23T02:09:01.204Z,101,1109,3073,420,1445,3882,3480,3312,13848,2238,2379,8670,Day_1,Medium,Intermediate,3.75mm,Experiment_2
2025-10-23T02:09:01.245Z,108,1107,3073,425,1443,3879,3479,3333,13856,2238,2390,8678,Day_1,Medium,Intermediate,3.75mm,Experiment_2
2025-10-23T02:09:01.285Z,118,1111,3069,434,1446,3874,3487,3345,13877,2240,2394,8680,Day_1,Medium,Intermediate,3.75mm,Experiment_2
2025-10-23T02:09:01.325Z,122,1117,3065,437,1450,3871,3497,3335,13900,2241,2388,8679,Day_1,Medium,Intermediate,3.75mm,Experiment_2
2025-10-23T02:09:01.365Z,119,1123,3061,436,1451,3870,3499,3306,13910,2238,2376,8677,Day_1,Medium,Intermediate,3.75mm,Experiment_2
2025-10-23T02:09:01.405Z,116,1125,3061,434,1450,3872,3497,3275,13903,2234,2364,8676,Day_1,Medium,Intermediate,3.75mm,Experiment_2
2025-10-23T02:09:01.445Z,111,1123,3067,432,1448,3878,3503,3261,13893,2237,2361,8679,Day_1,Medium,Intermediate,3.75mm,Experiment_2
2025-10-23T02:09:01.485Z,106,1120,3078,429,1447,3885,3510,3265,13893,2242,2366,8688,Day_1,Medium,Intermediate,3.75mm,Experiment_2
2025-10-23T02:09:01.525Z,106,1120,3088,428,1445,3893,3505,3273,13895,2242,2371,8694,Day_1,Medium,Intermediate,3.75mm,Experiment_2
2025-10-23T02:09:01.565Z,111,1122,3091,430,1445,3895,3499,3273,13893,2238,2366,8691,Day_1,Medium,Intermediate,3.75mm,Experiment_2
2025-10-23T02:09:01.605Z,115,1127,3083,431,1447,3888,3502,3265,13892,2233,2355,8687,Day_1,Medium,Intermediate,3.75mm,Experiment_2
2025-10-23T02:09:01.645Z,113,1131,3069,431,1451,3876,3502,3252,13891,2229,2345,8682,Day_1,Medium,Intermediate,3.75mm,Experiment_2
2025-10-23T02:09:01.685Z,108,1130,3060,425,1451,3868,3493,3245,13884,2225,2342,8677,Day_1,Medium,Intermediate,3.75mm,Experiment_2
2025-10-23T02:09:01.725Z,100,1126,3060,417,1450,3869,3483,3253,13874,2226,2347,8673,Day_1,Medium,Intermediate,3.75mm,Experiment_2
2025-10-23T02:09:01.765Z,96,1124,3065,413,1451,3872,3483,3273,13873,2230,2358,8674,Day_1,Medium,Intermediate,3.75mm,Experiment_2
2025-10-23T02:09:01.805Z,99,1122,3069,417,1453,3874,3484,3291,13876,2233,2370,8676,Day_1,Medium,Intermediate,3.75mm,Experiment_2
2025-10-23T02:09:01.845Z,104,1120,3070,422,1454,3875,3479,3306,13873,2231,2380,8674,Day_1,Medium,Intermediate,3.75mm,Experiment_2
2025-10-23T02:09:01.885Z,104,1119,3070,421,1453,3878,3469,3321,13867,2225,2389,8669,Day_1,Medium,Intermediate,3.75mm,Experiment_2
2025-10-23T02:09:01.925Z,104,1116,3070,417,1448,3881,3458,3333,13872,2216,2397,8668,Day_1,Medium,Intermediate,3.75mm,Experiment_2
2025-10-23T02:09:01.972Z,108,1113,3072,419,1444,3880,3460,3338,13878,2212,2403,8671,Day_1,Medium,Intermediate,3.75mm,Experiment_2
2025-10-23T02:09:02.012Z,112,1113,3072,425,1442,3877,3476,3344,13879,2216,2409,8674,Day_1,Medium,Intermediate,3.75mm,Experiment_2
2025-10-23T02:09:02.052Z,113,1117,3074,430,1445,3878,3494,3351,13886,2225,2415,8681,Day_1,Medium,Intermediate,3.75mm,Experiment_2
2025-10-23T02:09:02.092Z,111,1124,3076,430,1451,3883,3501,3352,13907,2235,2418,8692,Day_1,Medium,Intermediate,3.75mm,Experiment_2
2025-10-23T02:09:02.132Z,105,1128,3075,424,1456,3885,3504,3344,13928,2241,2415,8700,Day_1,Medium,Intermediate,3.75mm,Experiment_2
2025-10-23T02:09:02.172Z,99,1127,3069,418,1456,3882,3505,3334,13937,2242,2405,8702,Day_1,Medium,Intermediate,3.75mm,Experiment_2
2025-10-23T02:09:02.212Z,100,1127,3063,420,1456,3877,3504,3321,13931,2239,2389,8699,Day_1,Medium,Intermediate,3.75mm,Experiment_2
2025-10-23T02:09:02.252Z,108,1135,3062,429,1463,3874,3499,3299,13916,2237,2373,8692,Day_1,Medium,Intermediate,3.75mm,Experiment_2
2025-10-23T02:09:02.292Z,118,1146,3065,438,1473,3875,3487,3277,13895,2235,2360,8684,Day_1,Medium,Intermediate,3.75mm,Experiment_2
2025-10-23T02:09:02.332Z,126,1150,3068,444,1477,3878,3471,3272,13873,2231,2357,8676,Day_1,Medium,Intermediate,3.75mm,Experiment_2
2025-10-23T02:09:02.372Z,133,1146,3066,449,1474,3876,3470,3292,13863,2227,2369,8674,Day_1,Medium,Intermediate,3.75mm,Experiment_2
2025-10-23T02:09:02.412Z,134,1139,3063,451,1467,3870,3484,3320,13872,2226,2389,8680,Day_1,Medium,Intermediate,3.75mm,Experiment_2
2025-10-23T02:09:02.452Z,127,1131,3062,442,1457,3868,3498,3334,13893,2225,2400,8688,Day_1,Medium,Intermediate,3.75mm,Experiment_2
2025-10-23T02:09:02.492Z,118,1124,3061,430,1450,3868,3500,3332,13909,2224,2399,8695,Day_1,Medium,Intermediate,3.75mm,Experiment_2
2025-10-23T02:09:02.532Z,116,1122,3057,426,1448,3866,3495,3322,13914,2221,2391,8700,Day_1,Medium,Intermediate,3.75mm,Experiment_2
2025-10-23T02:09:02.572Z,119,1123,3053,429,1451,3863,3489,3308,13907,2222,2379,8697,Day_1,Medium,Intermediate,3.75mm,Experiment_2
2025-10-23T02:09:02.612Z,121,1121,3051,432,1451,3861,3488,3301,13895,2225,2372,8688,Day_1,Medium,Intermediate,3.75mm,Experiment_2
2025-10-23T02:09:02.652Z,122,1117,3053,435,1448,3862,3489,3303,13887,2227,2371,8681,Day_1,Medium,Intermediate,3.75mm,Experiment_2
2025-10-23T02:09:02.696Z,118,1112,3058,432,1443,3864,3492,3307,13888,2230,2374,8681,Day_1,Medium,Intermediate,3.75mm,Experiment_2
2025-10-23T02:09:02.736Z,114,1109,3063,428,1440,3867,3507,3314,13889,2237,2379,8684,Day_1,Medium,Intermediate,3.75mm,Experiment_2
2025-10-23T02:09:02.776Z,113,1112,3064,427,1442,3867,3520,3324,13886,2244,2385,8685,Day_1,Medium,Intermediate,3.75mm,Experiment_2
2025-10-23T02:09:02.816Z,110,1119,3060,425,1449,3862,3510,3320,13880,2240,2385,8682,Day_1,Medium,Intermediate,3.75mm,Experiment_2
2025-10-23T02:09:02.856Z,101,1122,3056,417,1453,3857,3481,3303,13875,2230,2379,8678,Day_1,Medium,Intermediate,3.75mm,Experiment_2
2025-10-23T02:09:02.896Z,92,1123,3058,411,1454,3860,3458,3294,13876,2225,2377,8679,Day_1,Medium,Intermediate,3.75mm,Experiment_2
2025-10-23T02:09:02.936Z,89,1127,3066,411,1457,3869,3455,3304,13887,2230,2382,8687,Day_1,Medium,Intermediate,3.75mm,Experiment_2
2025-10-23T02:09:02.976Z,90,1131,3072,412,1461,3877,3466,3318,13905,2237,2390,8699,Day_1,Medium,Intermediate,3.75mm,Experiment_2
2025-10-23T02:09:03.016Z,88,1134,3074,410,1463,3880,3483,3318,13915,2238,2389,8706,Day_1,Medium,Intermediate,3.75mm,Experiment_2
2025-10-23T02:09:03.060Z,85,1138,3074,407,1465,3880,3504,3299,13910,2239,2377,8704,Day_1,Medium,Intermediate,3.75mm,Experiment_2
2025-10-23T02:09:03.100Z,84,1142,3071,406,1468,3877,3527,3279,13894,2242,2366,8694,Day_1,Medium,Intermediate,3.75mm,Experiment_2
2025-10-23T02:09:03.140Z,84,1139,3067,406,1465,3875,3536,3285,13877,2245,2369,8686,Day_1,Medium,Intermediate,3.75mm,Experiment_2
2025-10-23T02:09:03.180Z,84,1130,3066,405,1456,3873,3524,3314,13873,2242,2385,8685,Day_1,Medium,Intermediate,3.75mm,Experiment_2
2025-10-23T02:09:03.220Z,85,1122,3067,406,1447,3872,3500,3330,13883,2237,2394,8692,Day_1,Medium,Intermediate,3.75mm,Experiment_2
2025-10-23T02:09:03.260Z,88,1121,3069,411,1446,3874,3485,3325,13894,2235,2389,8695,Day_1,Medium,Intermediate,3.75mm,Experiment_2
2025-10-23T02:09:03.300Z,97,1121,3072,420,1448,3877,3486,3320,13897,2239,2383,8692,Day_1,Medium,Intermediate,3.75mm,Experiment_2
2025-10-23T02:09:03.340Z,110,1118,3073,430,1449,3877,3498,3320,13896,2243,2378,8688,Day_1,Medium,Intermediate,3.75mm,Experiment_2
2025-10-23T02:09:03.380Z,121,1118,3073,439,1452,3878,3507,3310,13895,2240,2372,8687,Day_1,Medium,Intermediate,3.75mm,Experiment_2
2025-10-23T02:09:03.420Z,128,1127,3071,445,1461,3878,3504,3294,13890,2235,2366,8684,Day_1,Medium,Intermediate,3.75mm,Experiment_2
2025-10-23T02:09:03.460Z,127,1139,3070,444,1470,3879,3493,3281,13877,2234,2363,8677,Day_1,Medium,Intermediate,3.75mm,Experiment_2
2025-10-23T02:09:03.500Z,117,1146,3070,437,1474,3879,3484,3276,13868,2240,2367,8674,Day_1,Medium,Intermediate,3.75mm,Experiment_2
2025-10-23T02:09:03.540Z,104,1145,3071,426,1472,3879,3486,3276,13878,2244,2373,8682,Day_1,Medium,Intermediate,3.75mm,Experiment_2
2025-10-23T02:09:03.580Z,93,1138,3070,417,1465,3877,3494,3280,13901,2245,2375,8694,Day_1,Medium,Intermediate,3.75mm,Experiment_2
2025-10-23T02:09:03.620Z,90,1131,3068,414,1459,3873,3498,3286,13917,2242,2371,8700,Day_1,Medium,Intermediate,3.75mm,Experiment_2
2025-10-23T02:09:03.660Z,91,1126,3066,413,1455,3872,3499,3285,13921,2242,2362,8698,Day_1,Medium,Intermediate,3.75mm,Experiment_2
2025-10-23T02:09:03.700Z,87,1125,3064,406,1453,3872,3500,3279,13917,2242,2354,8692,Day_1,Medium,Intermediate,3.75mm,Experiment_2
2025-10-23T02:09:03.740Z,84,1125,3061,401,1455,3870,3497,3280,13912,2239,2353,8690,Day_1,Medium,Intermediate,3.75mm,Experiment_2
2025-10-23T02:09:03.784Z,85,1127,3058,403,1457,3867,3492,3288,13916,2233,2359,8696,Day_1,Medium,Intermediate,3.75mm,Experiment_2
2025-10-23T02:09:03.824Z,92,1127,3059,411,1456,3865,3496,3295,13930,2232,2366,8703,Day_1,Medium,Intermediate,3.75mm,Experiment_2
2025-10-23T02:09:03.864Z,101,1124,3060,421,1454,3866,3508,3302,13937,2237,2376,8707,Day_1,Medium,Intermediate,3.75mm,Experiment_2
2025-10-23T02:09:03.904Z,110,1121,3061,429,1455,3866,3515,3313,13931,2241,2385,8706,Day_1,Medium,Intermediate,3.75mm,Experiment_2
2025-10-23T02:09:03.944Z,113,1117,3061,433,1453,3865,3501,3319,13915,2236,2389,8701,Day_1,Medium,Intermediate,3.75mm,Experiment_2
2025-10-23T02:09:03.984Z,111,1112,3062,430,1447,3866,3475,3324,13897,2227,2392,8694,Day_1,Medium,Intermediate,3.75mm,Experiment_2
2025-10-23T02:09:04.024Z,107,1109,3065,425,1444,3871,3466,3329,13882,2223,2394,8684,Day_1,Medium,Intermediate,3.75mm,Experiment_2
2025-10-23T02:09:04.064Z,107,1111,3071,425,1448,3880,3488,3326,13875,2231,2391,8678,Day_1,Medium,Intermediate,3.75mm,Experiment_2
2025-10-23T02:09:04.104Z,107,1114,3075,428,1452,3884,3518,3322,13877,2240,2390,8679,Day_1,Medium,Intermediate,3.75mm,Experiment_2
2025-10-23T02:09:04.148Z,107,1117,3070,429,1453,3879,3531,3326,13884,2243,2392,8682,Day_1,Medium,Intermediate,3.75mm,Experiment_2
2025-10-23T02:09:04.188Z,108,1119,3059,430,1452,3869,3523,3338,13888,2238,2394,8683,Day_1,Medium,Intermediate,3.75mm,Experiment_2
2025-10-23T02:09:04.228Z,109,1125,3050,428,1456,3861,3509,3348,13885,2233,2400,8681,Day_1,Medium,Intermediate,3.75mm,Experiment_2
2025-10-23T02:09:04.268Z,102,1132,3048,420,1460,3857,3498,3347,13876,2231,2403,8678,Day_1,Medium,Intermediate,3.75mm,Experiment_2
2025-10-23T02:09:04.308Z,93,1133,3050,410,1458,3858,3488,3337,13866,2231,2402,8678,Day_1,Medium,Intermediate,3.75mm,Experiment_2
2025-10-23T02:09:04.348Z,90,1125,3055,406,1451,3862,3482,3333,13864,2231,2403,8679,Day_1,Medium,Intermediate,3.75mm,Experiment_2
2025-10-23T02:09:04.388Z,99,1117,3063,412,1447,3870,3485,3335,13873,2233,2404,8679,Day_1,Medium,Intermediate,3.75mm,Experiment_2
2025-10-23T02:09:04.428Z,109,1117,3073,421,1450,3878,3494,3334,13890,2233,2399,8681,Day_1,Medium,Intermediate,3.75mm,Experiment_2
2025-10-23T02:09:04.468Z,110,1121,3075,424,1454,3879,3497,3331,13910,2230,2390,8689,Day_1,Medium,Intermediate,3.75mm,Experiment_2
2025-10-23T02:09:04.511Z,104,1122,3070,421,1454,3873,3492,3324,13928,2226,2384,8696,Day_1,Medium,Intermediate,3.75mm,Experiment_2
2025-10-23T02:09:04.551Z,97,1121,3064,418,1451,3867,3495,3313,13928,2227,2379,8693,Day_1,Medium,Intermediate,3.75mm,Experiment_2
2025-10-23T02:09:04.591Z,93,1120,3064,419,1450,3871,3506,3301,13903,2234,2373,8678,Day_1,Medium,Intermediate,3.75mm,Experiment_2
2025-10-23T02:09:04.631Z,93,1117,3070,420,1448,3881,3508,3292,13871,2242,2366,8660,Day_1,Medium,Intermediate,3.75mm,Experiment_2
2025-10-23T02:09:04.671Z,95,1113,3075,420,1445,3890,3495,3286,13856,2245,2365,8654,Day_1,Medium,Intermediate,3.75mm,Experiment_2
2025-10-23T02:09:04.711Z,100,1110,3077,418,1441,3892,3479,3289,13865,2242,2372,8663,Day_1,Medium,Intermediate,3.75mm,Experiment_2
2025-10-23T02:09:04.751Z,107,1107,3075,419,1437,3885,3474,3305,13885,2237,2386,8676,Day_1,Medium,Intermediate,3.75mm,Experiment_2
2025-10-23T02:09:04.791Z,113,1103,3071,420,1433,3876,3479,3325,13900,2232,2395,8685,Day_1,Medium,Intermediate,3.75mm,Experiment_2
2025-10-23T02:09:04.831Z,112,1103,3069,417,1434,3871,3483,3337,13903,2230,2393,8685,Day_1,Medium,Intermediate,3.75mm,Experiment_2
2025-10-23T02:09:04.872Z,110,1111,3071,415,1444,3873,3483,3338,13903,2232,2387,8681,Day_1,Medium,Intermediate,3.75mm,Experiment_2
2025-10-23T02:09:04.912Z,111,1119,3076,419,1453,3880,3484,3336,13904,2237,2389,8683,Day_1,Medium,Intermediate,3.75mm,Experiment_2
2025-10-23T02:09:04.952Z,114,1119,3079,427,1454,3884,3483,3334,13901,2236,2394,8686,Day_1,Medium,Intermediate,3.75mm,Experiment_2
2025-10-23T02:09:04.992Z,115,1117,3077,432,1452,3883,3478,3321,13895,2229,2391,8685,Day_1,Medium,Intermediate,3.75mm,Experiment_2
2025-10-23T02:09:05.032Z,114,1116,3074,429,1451,3880,3471,3293,13894,2220,2376,8682,Day_1,Medium,Intermediate,3.75mm,Experiment_2
2025-10-23T02:09:05.072Z,112,1116,3074,425,1449,3879,3471,3271,13901,2216,2365,8685,Day_1,Medium,Intermediate,3.75mm,Experiment_2
2025-10-23T02:09:05.112Z,110,1116,3075,422,1447,3879,3475,3276,13910,2217,2368,8692,Day_1,Medium,Intermediate,3.75mm,Experiment_2
2025-10-23T02:09:05.152Z,106,1116,3074,420,1446,3879,3470,3305,13912,2219,2381,8695,Day_1,Medium,Intermediate,3.75mm,Experiment_2
2025-10-23T02:09:05.192Z,102,1113,3073,418,1443,3881,3460,3323,13897,2218,2389,8691,Day_1,Medium,Intermediate,3.75mm,Experiment_2
2025-10-23T02:09:05.235Z,101,1109,3073,419,1438,3883,3458,3312,13874,2217,2385,8686,Day_1,Medium,Intermediate,3.75mm,Experiment_2
2025-10-23T02:09:05.275Z,101,1108,3074,422,1435,3883,3458,3288,13860,2216,2377,8685,Day_1,Medium,Intermediate,3.75mm,Experiment_2
2025-10-23T02:09:05.315Z,98,1114,3075,422,1439,3882,3453,3269,13861,2216,2372,8685,Day_1,Medium,Intermediate,3.75mm,Experiment_2
2025-10-23T02:09:05.355Z,95,1121,3075,420,1447,3884,3455,3269,13867,2222,2374,8682,Day_1,Medium,Intermediate,3.75mm,Experiment_2
2025-10-23T02:09:05.395Z,94,1123,3077,418,1452,3886,3474,3286,13869,2234,2378,8675,Day_1,Medium,Intermediate,3.75mm,Experiment_2
2025-10-23T02:09:05.435Z,99,1122,3077,420,1453,3886,3493,3296,13869,2238,2374,8669,Day_1,Medium,Intermediate,3.75mm,Experiment_2
2025-10-23T02:09:05.475Z,108,1119,3078,426,1453,3887,3495,3291,13874,2232,2365,8671,Day_1,Medium,Intermediate,3.75mm,Experiment_2
2025-10-23T02:09:05.515Z,117,1118,3079,434,1452,3889,3478,3285,13889,2221,2358,8680,Day_1,Medium,Intermediate,3.75mm,Experiment_2
2025-10-23T02:09:05.555Z,123,1121,3080,439,1453,3890,3452,3285,13912,2212,2358,8693,Day_1,Medium,Intermediate,3.75mm,Experiment_2
2025-10-23T02:09:05.599Z,123,1125,3077,439,1455,3887,3435,3297,13926,2208,2365,8701,Day_1,Medium,Intermediate,3.75mm,Experiment_2
2025-10-23T02:09:05.639Z,120,1123,3074,435,1452,3884,3437,3312,13923,2209,2376,8702,Day_1,Medium,Intermediate,3.75mm,Experiment_2
2025-10-23T02:09:05.679Z,115,1117,3072,430,1446,3880,3443,3315,13916,2209,2379,8704,Day_1,Medium,Intermediate,3.75mm,Experiment_2
2025-10-23T02:09:05.719Z,110,1113,3069,427,1446,3876,3442,3302,13917,2205,2372,8707,Day_1,Medium,Intermediate,3.75mm,Experiment_2
2025-10-23T02:09:05.759Z,110,1115,3068,428,1449,3874,3446,3289,13910,2205,2361,8700,Day_1,Medium,Intermediate,3.75mm,Experiment_2
2025-10-23T02:09:05.799Z,109,1117,3070,428,1452,3876,3461,3292,13888,2215,2360,8685,Day_1,Medium,Intermediate,3.75mm,Experiment_2
2025-10-23T02:09:05.839Z,105,1117,3074,423,1452,3877,3475,3307,13871,2228,2367,8675,Day_1,Medium,Intermediate,3.75mm,Experiment_2
2025-10-23T02:09:05.879Z,102,1117,3075,417,1451,3877,3481,3315,13871,2235,2375,8676,Day_1,Medium,Intermediate,3.75mm,Experiment_2
2025-10-23T02:09:05.919Z,103,1116,3076,418,1448,3878,3482,3313,13883,2234,2379,8680,Day_1,Medium,Intermediate,3.75mm,Experiment_2
2025-10-23T02:09:05.959Z,103,1112,3078,420,1441,3880,3480,3312,13890,2232,2382,8681,Day_1,Medium,Intermediate,3.75mm,Experiment_2
2025-10-23T02:09:05.999Z,98,1103,3080,419,1431,3882,3473,3317,13886,2229,2388,8679,Day_1,Medium,Intermediate,3.75mm,Experiment_2
2025-10-23T02:09:06.039Z,94,1095,3081,417,1424,3883,3466,3321,13878,2226,2393,8680,Day_1,Medium,Intermediate,3.75mm,Experiment_2
2025-10-23T02:09:06.079Z,96,1094,3081,418,1422,3885,3470,3315,13882,2226,2392,8685,Day_1,Medium,Intermediate,3.75mm,Experiment_2
2025-10-23T02:09:06.119Z,98,1101,3080,418,1428,3886,3484,3303,13892,2232,2387,8691,Day_1,Medium,Intermediate,3.75mm,Experiment_2
2025-10-23T02:09:06.159Z,100,1110,3078,417,1436,3883,3501,3298,13905,2240,2384,8693,Day_1,Medium,Intermediate,3.75mm,Experiment_2
2025-10-23T02:09:06.199Z,103,1114,3075,416,1443,3877,3508,3291,13918,2241,2381,8695,Day_1,Medium,Intermediate,3.75mm,Experiment_2
2025-10-23T02:09:06.239Z,106,1113,3072,416,1444,3872,3495,3275,13922,2230,2371,8694,Day_1,Medium,Intermediate,3.75mm,Experiment_2
2025-10-23T02:09:06.279Z,107,1110,3068,418,1442,3871,3474,3262,13913,2217,2364,8690,Day_1,Medium,Intermediate,3.75mm,Experiment_2
2025-10-23T02:09:06.290Z,105,1111,3065,420,1442,3871,3467,3260,13898,2215,2364,8684,Day_1,Medium,Intermediate,3.75mm,Experiment_2
2025-10-23T02:09:06.330Z,102,1114,3065,420,1443,3874,3479,3257,13885,2228,2364,8678,Day_1,Medium,Intermediate,3.75mm,Experiment_2
2025-10-23T02:09:06.370Z,98,1116,3068,417,1443,3879,3496,3247,13877,2244,2357,8675,Day_1,Medium,Intermediate,3.75mm,Experiment_2
2025-10-23T02:09:06.410Z,94,1115,3071,412,1442,3883,3500,3245,13876,2247,2351,8674,Day_1,Medium,Intermediate,3.75mm,Experiment_2
2025-10-23T02:09:06.450Z,93,1113,3070,411,1441,3882,3489,3259,13885,2236,2357,8673,Day_1,Medium,Intermediate,3.75mm,Experiment_2
2025-10-23T02:09:06.490Z,99,1111,3065,415,1442,3875,3480,3285,13896,2224,2373,8676,Day_1,Medium,Intermediate,3.75mm,Experiment_2
2025-10-23T02:09:06.530Z,108,1109,3060,421,1442,3868,3487,3311,13894,2224,2391,8678,Day_1,Medium,Intermediate,3.75mm,Experiment_2
2025-10-23T02:09:06.570Z,114,1109,3061,425,1442,3866,3504,3325,13884,2234,2401,8675,Day_1,Medium,Intermediate,3.75mm,Experiment_2
2025-10-23T02:09:06.610Z,114,1112,3065,426,1445,3869,3514,3320,13882,2240,2397,8674,Day_1,Medium,Intermediate,3.75mm,Experiment_2
2025-10-23T02:09:06.650Z,107,1119,3066,421,1450,3870,3506,3303,13892,2234,2384,8681,Day_1,Medium,Intermediate,3.75mm,Experiment_2
2025-10-23T02:09:06.690Z,97,1125,3064,412,1454,3870,3484,3284,13910,2222,2372,8693,Day_1,Medium,Intermediate,3.75mm,Experiment_2
2025-10-23T02:09:06.730Z,91,1131,3066,407,1458,3870,3469,3277,13925,2215,2366,8701,Day_1,Medium,Intermediate,3.75mm,Experiment_2
2025-10-23T02:09:06.770Z,94,1133,3070,407,1459,3873,3473,3283,13925,2218,2367,8701,Day_1,Medium,Intermediate,3.75mm,Experiment_2
2025-10-23T02:09:06.810Z,99,1129,3075,411,1456,3877,3484,3292,13908,2224,2370,8693,Day_1,Medium,Intermediate,3.75mm,Experiment_2
2025-10-23T02:09:06.850Z,101,1123,3074,413,1450,3877,3487,3295,13896,2226,2370,8687,Day_1,Medium,Intermediate,3.75mm,Experiment_2
2025-10-23T02:09:06.890Z,100,1118,3067,414,1447,3875,3482,3296,13900,2224,2369,8687,Day_1,Medium,Intermediate,3.75mm,Experiment_2
2025-10-23T02:09:06.930Z,101,1117,3064,414,1446,3877,3474,3299,13908,2224,2372,8690,Day_1,Medium,Intermediate,3.75mm,Experiment_2
2025-10-23T02:09:06.970Z,107,1116,3069,418,1446,3884,3469,3295,13908,2226,2374,8695,Day_1,Medium,Intermediate,3.75mm,Experiment_2
2025-10-23T02:09:07.010Z,115,1114,3072,424,1444,3884,3465,3287,13901,2225,2374,8694,Day_1,Medium,Intermediate,3.75mm,Experiment_2
2025-10-23T02:09:07.050Z,116,1113,3073,427,1440,3881,3460,3286,13891,2220,2373,8688,Day_1,Medium,Intermediate,3.75mm,Experiment_2
2025-10-23T02:09:07.090Z,109,1114,3074,423,1438,3880,3462,3291,13884,2217,2372,8681,Day_1,Medium,Intermediate,3.75mm,Experiment_2
2025-10-23T02:09:07.130Z,105,1120,3075,421,1443,3882,3482,3297,13883,2222,2372,8682,Day_1,Medium,Intermediate,3.75mm,Experiment_2
2025-10-23T02:09:07.170Z,108,1126,3074,425,1450,3883,3502,3297,13891,2227,2371,8689,Day_1,Medium,Intermediate,3.75mm,Experiment_2
2025-10-23T02:09:07.210Z,113,1125,3073,430,1453,3882,3503,3293,13903,2225,2366,8697,Day_1,Medium,Intermediate,3.75mm,Experiment_2
2025-10-23T02:09:07.250Z,114,1121,3070,432,1448,3878,3494,3285,13914,2221,2360,8702,Day_1,Medium,Intermediate,3.75mm,Experiment_2
2025-10-23T02:09:07.290Z,108,1120,3065,428,1444,3873,3488,3271,13925,2220,2354,8706,Day_1,Medium,Intermediate,3.75mm,Experiment_2
2025-10-23T02:09:07.330Z,98,1124,3063,422,1447,3871,3485,3257,13938,2219,2350,8710,Day_1,Medium,Intermediate,3.75mm,Experiment_2
2025-10-23T02:09:07.370Z,91,1126,3064,416,1452,3873,3480,3255,13948,2218,2351,8712,Day_1,Medium,Intermediate,3.75mm,Experiment_2
2025-10-23T02:09:07.410Z,88,1121,3066,413,1452,3874,3482,3271,13941,2224,2356,8706,Day_1,Medium,Intermediate,3.75mm,Experiment_2
2025-10-23T02:09:07.450Z,91,1116,3064,412,1449,3872,3493,3291,13915,2233,2364,8694,Day_1,Medium,Intermediate,3.75mm,Experiment_2
2025-10-23T02:09:07.490Z,98,1113,3057,414,1447,3867,3499,3294,13883,2236,2368,8683,Day_1,Medium,Intermediate,3.75mm,Experiment_2
2025-10-23T02:09:07.530Z,104,1110,3052,417,1445,3865,3496,3279,13864,2234,2368,8680,Day_1,Medium,Intermediate,3.75mm,Experiment_2
2025-10-23T02:09:07.570Z,109,1107,3059,420,1442,3872,3490,3266,13864,2229,2365,8682,Day_1,Medium,Intermediate,3.75mm,Experiment_2
2025-10-23T02:09:07.610Z,113,1106,3072,424,1440,3882,3480,3264,13884,2223,2361,8686,Day_1,Medium,Intermediate,3.75mm,Experiment_2
2025-10-23T02:09:07.650Z,112,1110,3082,424,1441,3887,3471,3264,13916,2217,2358,8692,Day_1,Medium,Intermediate,3.75mm,Experiment_2
2025-10-23T02:09:07.690Z,105,1115,3082,417,1446,3886,3464,3263,13936,2216,2354,8697,Day_1,Medium,Intermediate,3.75mm,Experiment_2
2025-10-23T02:09:07.730Z,97,1118,3077,409,1451,3881,3465,3265,13930,2220,2355,8695,Day_1,Medium,Intermediate,3.75mm,Experiment_2
2025-10-23T02:09:07.770Z,92,1120,3072,408,1454,3875,3471,3275,13910,2228,2364,8689,Day_1,Medium,Intermediate,3.75mm,Experiment_2
2025-10-23T02:09:07.810Z,92,1121,3069,411,1456,3871,3475,3284,13897,2231,2373,8685,Day_1,Medium,Intermediate,3.75mm,Experiment_2
2025-10-23T02:09:07.850Z,94,1119,3066,415,1454,3868,3474,3280,13899,2229,2369,8685,Day_1,Medium,Intermediate,3.75mm,Experiment_2
2025-10-23T02:09:07.890Z,97,1118,3061,418,1454,3866,3473,3274,13907,2224,2362,8686,Day_1,Medium,Intermediate,3.75mm,Experiment_2
2025-10-23T02:09:07.930Z,100,1122,3061,420,1458,3867,3479,3275,13920,2223,2362,8688,Day_1,Medium,Intermediate,3.75mm,Experiment_2
2025-10-23T02:09:07.970Z,105,1125,3064,425,1460,3868,3491,3272,13935,2226,2365,8689,Day_1,Medium,Intermediate,3.75mm,Experiment_2
2025-10-23T02:09:08.010Z,111,1125,3065,430,1460,3869,3499,3262,13939,2232,2363,8687,Day_1,Medium,Intermediate,3.75mm,Experiment_2
2025-10-23T02:09:08.050Z,114,1124,3064,432,1460,3872,3503,3258,13920,2236,2359,8679,Day_1,Medium,Intermediate,3.75mm,Experiment_2
2025-10-23T02:09:08.090Z,108,1126,3065,427,1460,3877,3504,3256,13893,2238,2358,8672,Day_1,Medium,Intermediate,3.75mm,Experiment_2
2025-10-23T02:09:08.130Z,100,1129,3067,418,1461,3879,3504,3249,13874,2238,2357,8668,Day_1,Medium,Intermediate,3.75mm,Experiment_2
2025-10-23T02:09:08.170Z,98,1130,3069,414,1460,3879,3505,3252,13859,2237,2362,8663,Day_1,Medium,Intermediate,3.75mm,Experiment_2
2025-10-23T02:09:08.210Z,103,1129,3069,417,1458,3878,3509,3277,13854,2241,2374,8660,Day_1,Medium,Intermediate,3.75mm,Experiment_2
2025-10-23T02:09:08.250Z,107,1131,3067,421,1458,3876,3510,3307,13866,2244,2387,8664,Day_1,Medium,Intermediate,3.75mm,Experiment_2
2025-10-23T02:09:08.290Z,107,1134,3065,422,1458,3877,3501,3317,13887,2243,2391,8673,Day_1,Medium,Intermediate,3.75mm,Experiment_2
2025-10-23T02:09:08.330Z,107,1136,3064,423,1458,3876,3491,3307,13907,2236,2386,8681,Day_1,Medium,Intermediate,3.75mm,Experiment_2
2025-10-23T02:09:08.370Z,109,1136,3062,425,1460,3872,3496,3298,13921,2233,2381,8690,Day_1,Medium,Intermediate,3.75mm,Experiment_2
2025-10-23T02:09:08.410Z,107,1137,3059,422,1465,3867,3518,3301,13930,2240,2380,8700,Day_1,Medium,Intermediate,3.75mm,Experiment_2
2025-10-23T02:09:08.450Z,100,1137,3057,416,1469,3863,3533,3310,13937,2250,2381,8707,Day_1,Medium,Intermediate,3.75mm,Experiment_2
2025-10-23T02:09:08.490Z,99,1134,3057,415,1468,3863,3524,3319,13943,2249,2381,8710,Day_1,Medium,Intermediate,3.75mm,Experiment_2
2025-10-23T02:09:08.530Z,104,1130,3060,420,1464,3865,3502,3319,13944,2239,2379,8709,Day_1,Medium,Intermediate,3.75mm,Experiment_2
2025-10-23T02:09:08.570Z,111,1125,3063,426,1460,3866,3491,3304,13937,2233,2373,8704,Day_1,Medium,Intermediate,3.75mm,Experiment_2
2025-10-23T02:09:08.610Z,114,1120,3063,429,1454,3867,3496,3282,13918,2240,2364,8694,Day_1,Medium,Intermediate,3.75mm,Experiment_2
2025-10-23T02:09:08.650Z,112,1116,3061,427,1448,3870,3503,3276,13898,2247,2364,8684,Day_1,Medium,Intermediate,3.75mm,Experiment_2
2025-10-23T02:09:08.690Z,105,1121,3061,421,1450,3874,3498,3299,13895,2245,2380,8684,Day_1,Medium,Intermediate,3.75mm,Experiment_2
2025-10-23T02:09:08.730Z,96,1131,3067,414,1458,3879,3484,3332,13901,2236,2406,8690,Day_1,Medium,Intermediate,3.75mm,Experiment_2
2025-10-23T02:09:08.770Z,94,1134,3080,413,1461,3888,3471,3342,13899,2225,2417,8692,Day_1,Medium,Intermediate,3.75mm,Experiment_2
2025-10-23T02:09:08.810Z,103,1125,3090,419,1454,3896,3467,3324,13892,2221,2406,8689,Day_1,Medium,Intermediate,3.75mm,Experiment_2
2025-10-23T02:09:08.850Z,114,1114,3088,427,1445,3895,3472,3301,13893,2224,2388,8690,Day_1,Medium,Intermediate,3.75mm,Experiment_2
2025-10-23T02:09:08.890Z,119,1109,3081,432,1444,3889,3482,3290,13907,2230,2377,8695,Day_1,Medium,Intermediate,3.75mm,Experiment_2
2025-10-23T02:09:08.930Z,115,1114,3078,431,1450,3886,3490,3289,13922,2236,2376,8699,Day_1,Medium,Intermediate,3.75mm,Experiment_2
2025-10-23T02:09:08.970Z,109,1120,3079,428,1457,3884,3495,3295,13935,2240,2381,8701,Day_1,Medium,Intermediate,3.75mm,Experiment_2
2025-10-23T02:09:09.010Z,106,1122,3075,428,1459,3879,3495,3297,13947,2240,2385,8706,Day_1,Medium,Intermediate,3.75mm,Experiment_2
2025-10-23T02:09:09.050Z,107,1120,3066,432,1456,3871,3494,3293,13952,2237,2381,8711,Day_1,Medium,Intermediate,3.75mm,Experiment_2
2025-10-23T02:09:09.090Z,109,1118,3057,433,1451,3866,3497,3293,13942,2237,2378,8712,Day_1,Medium,Intermediate,3.75mm,Experiment_2
2025-10-23T02:09:09.130Z,106,1117,3056,429,1450,3867,3496,3301,13928,2236,2380,8705,Day_1,Medium,Intermediate,3.75mm,Experiment_2
2025-10-23T02:09:09.171Z,102,1118,3065,423,1451,3875,3485,3315,13915,2230,2387,8694,Day_1,Medium,Intermediate,3.75mm,Experiment_2
2025-10-23T02:09:09.211Z,102,1120,3074,421,1451,3883,3468,3323,13905,2219,2392,8686,Day_1,Medium,Intermediate,3.75mm,Experiment_2
2025-10-23T02:09:09.251Z,105,1120,3077,422,1447,3886,3452,3314,13900,2211,2385,8687,Day_1,Medium,Intermediate,3.75mm,Experiment_2
2025-10-23T02:09:09.291Z,107,1120,3072,423,1444,3882,3444,3296,13904,2210,2374,8696,Day_1,Medium,Intermediate,3.75mm,Experiment_2
2025-10-23T02:09:09.331Z,109,1116,3067,423,1440,3877,3442,3291,13911,2216,2372,8701,Day_1,Medium,Intermediate,3.75mm,Experiment_2
2025-10-23T02:09:09.371Z,110,1113,3064,422,1439,3873,3446,3297,13914,2221,2376,8699,Day_1,Medium,Intermediate,3.75mm,Experiment_2
2025-10-23T02:09:09.411Z,112,1112,3065,425,1440,3871,3452,3300,13909,2222,2377,8692,Day_1,Medium,Intermediate,3.75mm,Experiment_2
2025-10-23T02:09:09.451Z,113,1114,3068,429,1442,3873,3460,3302,13905,2222,2377,8689,Day_1,Medium,Intermediate,3.75mm,Experiment_2
2025-10-23T02:09:09.491Z,109,1117,3072,429,1443,3876,3467,3307,13909,2222,2379,8691,Day_1,Medium,Intermediate,3.75mm,Experiment_2
2025-10-23T02:09:09.530Z,101,1123,3077,423,1447,3882,3473,3316,13915,2222,2384,8695,Day_1,Medium,Intermediate,3.75mm,Experiment_2
2025-10-23T02:09:09.570Z,98,1129,3081,421,1451,3886,3477,3324,13916,2221,2389,8693,Day_1,Medium,Intermediate,3.75mm,Experiment_2
2025-10-23T02:09:09.610Z,103,1135,3081,425,1456,3887,3474,3325,13910,2218,2391,8692,Day_1,Medium,Intermediate,3.75mm,Experiment_2
2025-10-23T02:09:09.650Z,110,1136,3077,429,1459,3884,3473,3326,13905,2218,2390,8693,Day_1,Medium,Intermediate,3.75mm,Experiment_2
2025-10-23T02:09:09.690Z,111,1133,3071,426,1460,3880,3481,3322,13900,2222,2385,8690,Day_1,Medium,Intermediate,3.75mm,Experiment_2
2025-10-23T02:09:09.730Z,108,1131,3067,420,1459,3876,3481,3301,13887,2226,2374,8679,Day_1,Medium,Intermediate,3.75mm,Experiment_2
2025-10-23T02:09:09.770Z,105,1129,3063,416,1456,3873,3463,3272,13871,2222,2361,8669,Day_1,Medium,Intermediate,3.75mm,Experiment_2
2025-10-23T02:09:09.810Z,104,1124,3063,415,1451,3873,3445,3253,13869,2215,2355,8670,Day_1,Medium,Intermediate,3.75mm,Experiment_2
2025-10-23T02:09:09.850Z,102,1117,3066,414,1446,3876,3441,3258,13885,2211,2358,8682,Day_1,Medium,Intermediate,3.75mm,Experiment_2
2025-10-23T02:09:09.890Z,97,1113,3065,409,1443,3877,3443,3272,13902,2208,2366,8693,Day_1,Medium,Intermediate,3.75mm,Experiment_2
2025-10-23T02:09:09.930Z,93,1115,3065,408,1444,3879,3444,3279,13905,2204,2371,8697,Day_1,Medium,Intermediate,3.75mm,Experiment_2
2025-10-23T02:09:09.970Z,96,1119,3074,414,1447,3887,3447,3276,13902,2202,2370,8697,Day_1,Medium,Intermediate,3.75mm,Experiment_2
2025-10-23T02:09:10.010Z,105,1120,3084,424,1446,3896,3456,3273,13908,2204,2366,8697,Day_1,Medium,Intermediate,3.75mm,Experiment_2
2025-10-23T02:09:10.050Z,112,1116,3086,430,1443,3895,3465,3277,13917,2209,2367,8699,Day_1,Medium,Intermediate,3.75mm,Experiment_2
2025-10-23T02:09:10.090Z,110,1111,3075,425,1441,3884,3473,3282,13916,2214,2370,8702,Day_1,Medium,Intermediate,3.75mm,Experiment_2
2025-10-23T02:09:10.130Z,100,1111,3061,415,1443,3870,3478,3283,13911,2218,2370,8706,Day_1,Medium,Intermediate,3.75mm,Experiment_2
2025-10-23T02:09:10.170Z,93,1115,3055,409,1446,3864,3490,3281,13912,2222,2367,8709,Day_1,Medium,Intermediate,3.75mm,Experiment_2
2025-10-23T02:09:10.210Z,95,1118,3060,411,1448,3869,3509,3283,13919,2230,2368,8711,Day_1,Medium,Intermediate,3.75mm,Experiment_2
2025-10-23T02:09:10.251Z,102,1117,3071,415,1448,3880,3519,3292,13925,2239,2373,8709,Day_1,Medium,Intermediate,3.75mm,Experiment_2
2025-10-23T02:09:10.291Z,105,1118,3077,415,1449,3887,3509,3306,13920,2241,2383,8705,Day_1,Medium,Intermediate,3.75mm,Experiment_2
2025-10-23T02:09:10.331Z,104,1121,3074,414,1451,3885,3495,3324,13901,2239,2396,8698,Day_1,Medium,Intermediate,3.75mm,Experiment_2
2025-10-23T02:09:10.371Z,102,1124,3068,417,1452,3878,3489,3334,13887,2237,2406,8691,Day_1,Medium,Intermediate,3.75mm,Experiment_2
2025-10-23T02:09:10.411Z,101,1126,3067,421,1454,3874,3484,3332,13896,2231,2407,8692,Day_1,Medium,Intermediate,3.75mm,Experiment_2
2025-10-23T02:09:10.451Z,101,1126,3067,424,1457,3873,3473,3329,13917,2222,2405,8698,Day_1,Medium,Intermediate,3.75mm,Experiment_2
2025-10-23T02:09:10.491Z,105,1127,3064,427,1459,3870,3458,3329,13925,2213,2402,8700,Day_1,Medium,Intermediate,3.75mm,Experiment_2
2025-10-23T02:09:10.531Z,112,1128,3060,432,1460,3866,3449,3326,13917,2209,2396,8695,Day_1,Medium,Intermediate,3.75mm,Experiment_2
2025-10-23T02:09:10.571Z,119,1127,3056,437,1458,3861,3459,3324,13902,2213,2389,8686,Day_1,Medium,Intermediate,3.75mm,Experiment_2
2025-10-23T02:09:10.617Z,121,1124,3052,438,1453,3857,3483,3323,13891,2226,2386,8680,Day_1,Medium,Intermediate,3.75mm,Experiment_2
2025-10-23T02:09:10.657Z,119,1122,3048,435,1450,3854,3510,3312,13888,2238,2381,8681,Day_1,Medium,Intermediate,3.75mm,Experiment_2
2025-10-23T02:09:10.697Z,117,1121,3049,430,1447,3856,3524,3304,13890,2243,2380,8684,Day_1,Medium,Intermediate,3.75mm,Experiment_2
2025-10-23T02:09:10.737Z,116,1118,3056,428,1444,3864,3522,3307,13895,2244,2387,8685,Day_1,Medium,Intermediate,3.75mm,Experiment_2
2025-10-23T02:09:10.777Z,113,1116,3064,426,1441,3871,3514,3307,13898,2244,2391,8685,Day_1,Medium,Intermediate,3.75mm,Experiment_2
2025-10-23T02:09:10.817Z,107,1115,3066,425,1441,3873,3507,3295,13901,2243,2385,8688,Day_1,Medium,Intermediate,3.75mm,Experiment_2
2025-10-23T02:09:10.857Z,100,1112,3065,422,1443,3872,3499,3290,13909,2240,2381,8692,Day_1,Medium,Intermediate,3.75mm,Experiment_2
2025-10-23T02:09:10.897Z,95,1107,3064,418,1444,3871,3488,3307,13913,2236,2389,8689,Day_1,Medium,Intermediate,3.75mm,Experiment_2
2025-10-23T02:09:10.937Z,95,1103,3065,415,1446,3872,3480,3334,13898,2234,2403,8681,Day_1,Medium,Intermediate,3.75mm,Experiment_2
2025-10-23T02:09:10.980Z,100,1105,3067,419,1449,3876,3480,3347,13874,2235,2409,8677,Day_1,Medium,Intermediate,3.75mm,Experiment_2
2025-10-23T02:09:11.020Z,108,1111,3073,426,1451,3882,3481,3336,13866,2234,2400,8681,Day_1,Medium,Intermediate,3.75mm,Experiment_2
2025-10-23T02:09:11.060Z,114,1116,3080,432,1451,3887,3473,3312,13870,2227,2385,8685,Day_1,Medium,Intermediate,3.75mm,Experiment_2
2025-10-23T02:09:11.100Z,117,1118,3081,436,1449,3887,3463,3305,13876,2220,2380,8684,Day_1,Medium,Intermediate,3.75mm,Experiment_2
2025-10-23T02:09:11.140Z,115,1119,3074,435,1448,3880,3461,3326,13879,2219,2389,8682,Day_1,Medium,Intermediate,3.75mm,Experiment_2
2025-10-23T02:09:11.180Z,112,1119,3068,431,1447,3876,3468,3353,13879,2221,2400,8683,Day_1,Medium,Intermediate,3.75mm,Experiment_2
2025-10-23T02:09:11.220Z,112,1117,3071,431,1448,3880,3479,3359,13879,2222,2400,8685,Day_1,Medium,Intermediate,3.75mm,Experiment_2
2025-10-23T02:09:11.260Z,112,1117,3075,430,1453,3883,3491,3348,13882,2224,2391,8687,Day_1,Medium,Intermediate,3.75mm,Experiment_2
2025-10-23T02:09:11.300Z,106,1118,3071,425,1463,3878,3500,3340,13889,2227,2381,8692,Day_1,Medium,Intermediate,3.75mm,Experiment_2
2025-10-23T02:09:11.340Z,101,1115,3065,417,1471,3870,3509,3338,13897,2233,2376,8693,Day_1,Medium,Intermediate,3.75mm,Experiment_2
2025-10-23T02:09:11.380Z,98,1112,3064,413,1472,3868,3519,3335,13900,2241,2375,8691,Day_1,Medium,Intermediate,3.75mm,Experiment_2
2025-10-23T02:09:11.420Z,96,1116,3066,411,1466,3870,3518,3326,13897,2243,2374,8686,Day_1,Medium,Intermediate,3.75mm,Experiment_2
2025-10-23T02:09:11.460Z,94,1123,3064,409,1458,3869,3510,3317,13887,2240,2374,8682,Day_1,Medium,Intermediate,3.75mm,Experiment_2
2025-10-23T02:09:11.500Z,95,1122,3057,411,1448,3865,3510,3318,13874,2242,2381,8680,Day_1,Medium,Intermediate,3.75mm,Experiment_2
2025-10-23T02:09:11.540Z,96,1116,3050,414,1442,3862,3513,3329,13862,2251,2395,8682,Day_1,Medium,Intermediate,3.75mm,Experiment_2
2025-10-23T02:09:11.580Z,97,1117,3050,416,1445,3862,3507,3339,13862,2252,2409,8689,Day_1,Medium,Intermediate,3.75mm,Experiment_2
2025-10-23T02:09:11.620Z,100,1124,3058,419,1453,3865,3493,3341,13870,2243,2416,8695,Day_1,Medium,Intermediate,3.75mm,Experiment_2
2025-10-23T02:09:11.660Z,103,1127,3071,423,1456,3874,3483,3337,13879,2231,2413,8696,Day_1,Medium,Intermediate,3.75mm,Experiment_2
2025-10-23T02:09:11.703Z,103,1127,3084,423,1454,3885,3484,3326,13881,2225,2402,8691,Day_1,Medium,Intermediate,3.75mm,Experiment_2
2025-10-23T02:09:11.743Z,100,1125,3087,422,1450,3889,3497,3316,13879,2229,2393,8688,Day_1,Medium,Intermediate,3.75mm,Experiment_2
2025-10-23T02:09:11.783Z,99,1122,3081,422,1447,3887,3512,3319,13886,2236,2390,8690,Day_1,Medium,Intermediate,3.75mm,Experiment_2
2025-10-23T02:09:11.823Z,98,1121,3072,423,1446,3882,3517,3321,13907,2240,2386,8696,Day_1,Medium,Intermediate,3.75mm,Experiment_2
2025-10-23T02:09:11.863Z,99,1120,3066,423,1446,3877,3511,3305,13933,2238,2375,8703,Day_1,Medium,Intermediate,3.75mm,Experiment_2
2025-10-23T02:09:11.903Z,102,1117,3064,423,1444,3873,3501,3286,13946,2231,2368,8706,Day_1,Medium,Intermediate,3.75mm,Experiment_2
2025-10-23T02:09:11.943Z,107,1113,3066,426,1442,3873,3494,3292,13946,2224,2377,8706,Day_1,Medium,Intermediate,3.75mm,Experiment_2
2025-10-23T02:09:11.983Z,110,1113,3067,430,1444,3873,3496,3318,13942,2223,2391,8706,Day_1,Medium,Intermediate,3.75mm,Experiment_2
2025-10-23T02:09:12.023Z,111,1116,3065,431,1449,3872,3500,3334,13941,2226,2393,8703,Day_1,Medium,Intermediate,3.75mm,Experiment_2
2025-10-23T02:09:12.066Z,111,1118,3063,431,1449,3872,3497,3329,13933,2229,2382,8695,Day_1,Medium,Intermediate,3.75mm,Experiment_2
2025-10-23T02:09:12.106Z,111,1116,3066,429,1446,3878,3483,3323,13913,2231,2374,8687,Day_1,Medium,Intermediate,3.75mm,Experiment_2
2025-10-23T02:09:12.146Z,110,1116,3076,429,1447,3889,3472,3325,13900,2233,2375,8686,Day_1,Medium,Intermediate,3.75mm,Experiment_2
2025-10-23T02:09:12.186Z,112,1124,3087,430,1454,3897,3473,3324,13903,2239,2380,8694,Day_1,Medium,Intermediate,3.75mm,Experiment_2
2025-10-23T02:09:12.226Z,113,1133,3090,431,1461,3897,3480,3314,13910,2244,2382,8699,Day_1,Medium,Intermediate,3.75mm,Experiment_2
2025-10-23T02:09:12.266Z,110,1134,3084,429,1461,3889,3483,3302,13917,2242,2380,8697,Day_1,Medium,Intermediate,3.75mm,Experiment_2
2025-10-23T02:09:12.306Z,107,1130,3076,427,1457,3881,3478,3300,13928,2233,2380,8694,Day_1,Medium,Intermediate,3.75mm,Experiment_2
2025-10-23T02:09:12.346Z,108,1124,3070,429,1451,3875,3468,3316,13938,2222,2392,8695,Day_1,Medium,Intermediate,3.75mm,Experiment_2
2025-10-23T02:09:12.386Z,110,1118,3066,429,1447,3871,3464,3340,13946,2215,2411,8703,Day_1,Medium,Intermediate,3.75mm,Experiment_2
2025-10-23T02:09:12.426Z,109,1116,3067,425,1445,3869,3465,3351,13952,2215,2419,8711,Day_1,Medium,Intermediate,3.75mm,Experiment_2
2025-10-23T02:09:12.466Z,106,1117,3070,421,1446,3870,3462,3337,13947,2216,2409,8710,Day_1,Medium,Intermediate,3.75mm,Experiment_2
2025-10-23T02:09:12.506Z,105,1117,3075,421,1445,3873,3455,3314,13931,2211,2392,8701,Day_1,Medium,Intermediate,3.75mm,Experiment_2
2025-10-23T02:09:12.546Z,105,1117,3078,424,1444,3878,3451,3304,13916,2203,2381,8690,Day_1,Medium,Intermediate,3.75mm,Experiment_2
2025-10-23T02:09:12.586Z,105,1118,3078,425,1444,3879,3455,3301,13904,2199,2376,8683,Day_1,Medium,Intermediate,3.75mm,Experiment_2
2025-10-23T02:09:12.626Z,108,1121,3077,427,1448,3881,3466,3298,13886,2202,2372,8677,Day_1,Medium,Intermediate,3.75mm,Experiment_2
2025-10-23T02:09:12.666Z,109,1121,3078,428,1450,3885,3479,3299,13864,2211,2372,8672,Day_1,Medium,Intermediate,3.75mm,Experiment_2
2025-10-23T02:09:12.706Z,109,1117,3080,427,1448,3890,3494,3309,13860,2223,2376,8674,Day_1,Medium,Intermediate,3.75mm,Experiment_2
2025-10-23T02:09:12.746Z,111,1112,3084,427,1444,3893,3502,3327,13878,2232,2386,8685,Day_1,Medium,Intermediate,3.75mm,Experiment_2
2025-10-23T02:09:12.789Z,113,1109,3087,426,1439,3892,3496,3343,13899,2232,2398,8697,Day_1,Medium,Intermediate,3.75mm,Experiment_2
2025-10-23T02:09:12.829Z,110,1107,3084,424,1434,3887,3485,3339,13911,2229,2397,8704,Day_1,Medium,Intermediate,3.75mm,Experiment_2
2025-10-23T02:09:12.869Z,103,1105,3073,421,1432,3876,3485,3314,13917,2232,2383,8705,Day_1,Medium,Intermediate,3.75mm,Experiment_2
2025-10-23T02:09:12.909Z,97,1106,3063,418,1434,3868,3494,3288,13919,2241,2371,8700,Day_1,Medium,Intermediate,3.75mm,Experiment_2
2025-10-23T02:09:12.949Z,96,1110,3061,420,1439,3866,3502,3279,13919,2249,2371,8697,Day_1,Medium,Intermediate,3.75mm,Experiment_2
2025-10-23T02:09:12.989Z,103,1112,3065,427,1444,3871,3506,3280,13921,2251,2377,8699,Day_1,Medium,Intermediate,3.75mm,Experiment_2
2025-10-23T02:09:13.029Z,114,1112,3069,437,1447,3875,3514,3291,13917,2250,2385,8699,Day_1,Medium,Intermediate,3.75mm,Experiment_2
2025-10-23T02:09:13.069Z,120,1117,3070,441,1451,3874,3523,3309,13909,2247,2393,8695,Day_1,Medium,Intermediate,3.75mm,Experiment_2
2025-10-23T02:09:13.109Z,116,1127,3071,436,1458,3872,3522,3322,13902,2240,2394,8688,Day_1,Medium,Intermediate,3.75mm,Experiment_2
2025-10-23T02:09:13.152Z,109,1138,3075,429,1464,3876,3506,3322,13899,2229,2383,8685,Day_1,Medium,Intermediate,3.75mm,Experiment_2
2025-10-23T02:09:13.192Z,107,1141,3081,426,1464,3884,3487,3314,13893,2219,2370,8684,Day_1,Medium,Intermediate,3.75mm,Experiment_2
2025-10-23T02:09:13.232Z,105,1136,3088,425,1459,3895,3477,3303,13870,2217,2364,8678,Day_1,Medium,Intermediate,3.75mm,Experiment_2
2025-10-23T02:09:13.272Z,105,1129,3090,425,1454,3903,3477,3293,13845,2224,2366,8674,Day_1,Medium,Intermediate,3.75mm,Experiment_2
2025-10-23T02:09:13.312Z,108,1122,3084,429,1449,3902,3485,3287,13845,2233,2372,8680,Day_1,Medium,Intermediate,3.75mm,Experiment_2
2025-10-23T02:09:13.352Z,112,1115,3075,433,1443,3894,3492,3289,13868,2239,2377,8691,Day_1,Medium,Intermediate,3.75mm,Experiment_2
2025-10-23T02:09:13.392Z,110,1110,3066,431,1437,3883,3492,3302,13892,2238,2382,8699,Day_1,Medium,Intermediate,3.75mm,Experiment_2
2025-10-23T02:09:13.432Z,106,1110,3066,423,1434,3878,3488,3320,13903,2232,2390,8704,Day_1,Medium,Intermediate,3.75mm,Experiment_2
2025-10-23T02:09:13.472Z,106,1111,3073,421,1436,3881,3492,3335,13904,2232,2399,8704,Day_1,Medium,Intermediate,3.75mm,Experiment_2
2025-10-23T02:09:13.515Z,109,1111,3079,425,1443,3887,3499,3342,13899,2237,2406,8701,Day_1,Medium,Intermediate,3.75mm,Experiment_2
2025-10-23T02:09:13.555Z,111,1110,3081,428,1448,3890,3494,3335,13894,2238,2406,8694,Day_1,Medium,Intermediate,3.75mm,Experiment_2
2025-10-23T02:09:13.595Z,111,1108,3079,429,1447,3889,3478,3319,13898,2232,2400,8690,Day_1,Medium,Intermediate,3.75mm,Experiment_2
2025-10-23T02:09:13.635Z,110,1106,3076,428,1443,3884,3468,3304,13921,2225,2390,8696,Day_1,Medium,Intermediate,3.75mm,Experiment_2
2025-10-23T02:09:13.675Z,108,1106,3071,426,1441,3878,3466,3298,13950,2219,2382,8707,Day_1,Medium,Intermediate,3.75mm,Experiment_2
2025-10-23T02:09:13.715Z,107,1107,3066,425,1441,3872,3467,3290,13957,2215,2376,8710,Day_1,Medium,Intermediate,3.75mm,Experiment_2
2025-10-23T02:09:13.755Z,111,1109,3064,427,1443,3873,3477,3274,13935,2220,2367,8699,Day_1,Medium,Intermediate,3.75mm,Experiment_2
2025-10-23T02:09:13.795Z,117,1111,3066,431,1446,3878,3495,3260,13901,2233,2361,8682,Day_1,Medium,Intermediate,3.75mm,Experiment_2
2025-10-23T02:09:13.835Z,122,1114,3068,437,1450,3883,3504,3263,13879,2242,2365,8674,Day_1,Medium,Intermediate,3.75mm,Experiment_2
2025-10-23T02:09:13.875Z,121,1117,3069,438,1451,3885,3502,3282,13880,2243,2378,8679,Day_1,Medium,Intermediate,3.75mm,Experiment_2
2025-10-23T02:09:13.915Z,115,1118,3073,433,1448,3888,3495,3300,13895,2239,2391,8691,Day_1,Medium,Intermediate,3.75mm,Experiment_2
2025-10-23T02:09:13.955Z,107,1117,3078,427,1444,3891,3477,3301,13911,2231,2389,8699,Day_1,Medium,Intermediate,3.75mm,Experiment_2
2025-10-23T02:09:13.995Z,102,1114,3079,421,1441,3889,3457,3291,13917,2222,2374,8700,Day_1,Medium,Intermediate,3.75mm,Experiment_2
2025-10-23T02:09:14.035Z,100,1110,3076,416,1437,3883,3452,3283,13915,2220,2360,8696,Day_1,Medium,Intermediate,3.75mm,Experiment_2
2025-10-23T02:09:14.075Z,102,1108,3073,416,1429,3879,3461,3291,13913,2222,2359,8693,Day_1,Medium,Intermediate,3.75mm,Experiment_2
2025-10-23T02:09:14.115Z,105,1112,3073,420,1422,3877,3468,3304,13913,2222,2365,8695,Day_1,Medium,Intermediate,3.75mm,Experiment_2
2025-10-23T02:09:14.155Z,107,1118,3075,423,1421,3878,3469,3303,13909,2220,2365,8696,Day_1,Medium,Intermediate,3.75mm,Experiment_2
2025-10-23T02:09:14.195Z,106,1118,3080,423,1427,3882,3470,3287,13900,2219,2360,8695,Day_1,Medium,Intermediate,3.75mm,Experiment_2
2025-10-23T02:09:14.238Z,105,1116,3079,423,1435,3879,3473,3277,13903,2222,2359,8696,Day_1,Medium,Intermediate,3.75mm,Experiment_2
2025-10-23T02:09:14.278Z,108,1118,3075,425,1442,3874,3478,3278,13916,2224,2360,8699,Day_1,Medium,Intermediate,3.75mm,Experiment_2
2025-10-23T02:09:14.318Z,114,1121,3075,428,1446,3874,3478,3291,13918,2221,2362,8696,Day_1,Medium,Intermediate,3.75mm,Experiment_2
2025-10-23T02:09:14.358Z,114,1121,3075,423,1447,3880,3472,3312,13900,2218,2371,8685,Day_1,Medium,Intermediate,3.75mm,Experiment_2
2025-10-23T02:09:14.398Z,106,1119,3073,412,1449,3885,3468,3325,13875,2221,2381,8676,Day_1,Medium,Intermediate,3.75mm,Experiment_2
2025-10-23T02:09:14.438Z,100,1118,3071,406,1451,3888,3469,3324,13858,2228,2386,8677,Day_1,Medium,Intermediate,3.75mm,Experiment_2
2025-10-23T02:09:14.478Z,100,1120,3072,408,1451,3888,3469,3319,13854,2228,2388,8685,Day_1,Medium,Intermediate,3.75mm,Experiment_2
2025-10-23T02:09:14.518Z,98,1123,3072,410,1451,3885,3473,3310,13864,2224,2388,8691,Day_1,Medium,Intermediate,3.75mm,Experiment_2
2025-10-23T02:09:14.558Z,92,1123,3071,406,1448,3881,3484,3296,13881,2222,2384,8695,Day_1,Medium,Intermediate,3.75mm,Experiment_2
2025-10-23T02:09:14.581Z,89,1118,3068,401,1444,3879,3491,3290,13895,2223,2380,8696,Day_1,Medium,Intermediate,3.75mm,Experiment_2
2025-10-23T02:09:14.621Z,91,1111,3064,402,1442,3874,3488,3291,13903,2224,2377,8696,Day_1,Medium,Intermediate,3.75mm,Experiment_2
2025-10-23T02:09:14.661Z,97,1108,3060,410,1443,3868,3477,3288,13909,2223,2371,8697,Day_1,Medium,Intermediate,3.75mm,Experiment_2
2025-10-23T02:09:14.701Z,107,1112,3060,422,1448,3866,3469,3285,13916,2221,2372,8697,Day_1,Medium,Intermediate,3.75mm,Experiment_2
2025-10-23T02:09:14.741Z,113,1118,3066,430,1454,3869,3467,3290,13924,2220,2379,8694,Day_1,Medium,Intermediate,3.75mm,Experiment_2
2025-10-23T02:09:14.781Z,112,1120,3073,430,1456,3873,3472,3301,13932,2222,2387,8694,Day_1,Medium,Intermediate,3.75mm,Experiment_2
2025-10-23T02:09:14.821Z,104,1115,3073,423,1450,3873,3487,3315,13941,2231,2392,8698,Day_1,Medium,Intermediate,3.75mm,Experiment_2
2025-10-23T02:09:14.861Z,97,1106,3068,417,1440,3871,3505,3324,13946,2240,2392,8703,Day_1,Medium,Intermediate,3.75mm,Experiment_2
2025-10-23T02:09:14.901Z,96,1101,3061,418,1432,3869,3511,3326,13940,2243,2386,8703,Day_1,Medium,Intermediate,3.75mm,Experiment_2
2025-10-23T02:09:14.941Z,101,1103,3054,422,1432,3867,3503,3317,13921,2241,2379,8697,Day_1,Medium,Intermediate,3.75mm,Experiment_2
2025-10-23T02:09:14.981Z,108,1108,3050,425,1435,3866,3496,3299,13903,2240,2373,8691,Day_1,Medium,Intermediate,3.75mm,Experiment_2
2025-10-23T02:09:15.021Z,114,1111,3048,428,1439,3864,3497,3279,13907,2244,2370,8695,Day_1,Medium,Intermediate,3.75mm,Experiment_2
2025-10-23T02:09:15.061Z,117,1112,3048,429,1440,3861,3499,3271,13926,2246,2369,8702,Day_1,Medium,Intermediate,3.75mm,Experiment_2
2025-10-23T02:09:15.101Z,114,1112,3052,427,1441,3862,3502,3282,13936,2245,2371,8705,Day_1,Medium,Intermediate,3.75mm,Experiment_2
2025-10-23T02:09:15.141Z,109,1112,3061,424,1443,3867,3511,3299,13931,2247,2375,8701,Day_1,Medium,Intermediate,3.75mm,Experiment_2
2025-10-23T02:09:15.181Z,109,1116,3070,425,1450,3873,3522,3308,13914,2249,2379,8691,Day_1,Medium,Intermediate,3.75mm,Experiment_2
2025-10-23T02:09:15.221Z,112,1124,3072,427,1458,3873,3522,3300,13892,2244,2378,8682,Day_1,Medium,Intermediate,3.75mm,Experiment_2
2025-10-23T02:09:15.261Z,115,1133,3067,427,1465,3868,3512,3278,13877,2238,2368,8679,Day_1,Medium,Intermediate,3.75mm,Experiment_2
2025-10-23T02:09:15.304Z,116,1137,3065,427,1466,3866,3505,3262,13885,2236,2359,8685,Day_1,Medium,Intermediate,3.75mm,Experiment_2
2025-10-23T02:09:15.344Z,118,1135,3071,429,1461,3872,3506,3265,13905,2237,2357,8695,Day_1,Medium,Intermediate,3.75mm,Experiment_2
2025-10-23T02:09:15.384Z,116,1128,3075,429,1454,3877,3506,3278,13920,2238,2361,8699,Day_1,Medium,Intermediate,3.75mm,Experiment_2
2025-10-23T02:09:15.424Z,109,1125,3071,425,1452,3873,3499,3288,13925,2235,2364,8697,Day_1,Medium,Intermediate,3.75mm,Experiment_2
2025-10-23T02:09:15.464Z,101,1133,3064,419,1460,3868,3485,3291,13923,2230,2368,8695,Day_1,Medium,Intermediate,3.75mm,Experiment_2
2025-10-23T02:09:15.504Z,100,1143,3058,418,1471,3865,3472,3294,13902,2224,2378,8687,Day_1,Medium,Intermediate,3.75mm,Experiment_2
2025-10-23T02:09:15.544Z,105,1144,3056,421,1472,3867,3463,3306,13868,2222,2393,8674,Day_1,Medium,Intermediate,3.75mm,Experiment_2
2025-10-23T02:09:15.584Z,108,1135,3057,423,1464,3873,3457,3321,13844,2223,2404,8666,Day_1,Medium,Intermediate,3.75mm,Experiment_2
2025-10-23T02:09:15.624Z,105,1125,3059,420,1455,3876,3456,3328,13843,2223,2407,8669,Day_1,Medium,Intermediate,3.75mm,Experiment_2
2025-10-23T02:09:15.667Z,99,1119,3058,414,1451,3873,3462,3321,13860,2222,2398,8679,Day_1,Medium,Intermediate,3.75mm,Experiment_2
2025-10-23T02:09:15.707Z,98,1117,3057,411,1449,3867,3472,3308,13886,2221,2386,8692,Day_1,Medium,Intermediate,3.75mm,Experiment_2
2025-10-23T02:09:15.747Z,102,1113,3059,415,1445,3865,3480,3303,13908,2222,2379,8699,Day_1,Medium,Intermediate,3.75mm,Experiment_2
2025-10-23T02:09:15.787Z,103,1106,3065,419,1438,3867,3486,3305,13917,2224,2378,8697,Day_1,Medium,Intermediate,3.75mm,Experiment_2
2025-10-23T02:09:15.827Z,100,1100,3070,418,1434,3871,3486,3306,13911,2223,2380,8692,Day_1,Medium,Intermediate,3.75mm,Experiment_2
2025-10-23T02:09:15.867Z,98,1099,3072,415,1435,3872,3485,3308,13900,2224,2382,8691,Day_1,Medium,Intermediate,3.75mm,Experiment_2
2025-10-23T02:09:15.907Z,96,1101,3069,412,1437,3871,3486,3308,13888,2230,2381,8688,Day_1,Medium,Intermediate,3.75mm,Experiment_2
2025-10-23T02:09:15.947Z,96,1106,3068,412,1443,3872,3478,3302,13882,2231,2378,8683,Day_1,Medium,Intermediate,3.75mm,Experiment_2
2025-10-23T02:09:15.987Z,98,1111,3069,413,1449,3874,3466,3290,13886,2226,2374,8682,Day_1,Medium,Intermediate,3.75mm,Experiment_2
2025-10-23T02:09:16.030Z,100,1113,3071,415,1451,3875,3460,3271,13895,2219,2365,8685,Day_1,Medium,Intermediate,3.75mm,Experiment_2
2025-10-23T02:09:16.070Z,98,1110,3075,412,1447,3877,3460,3254,13903,2216,2354,8689,Day_1,Medium,Intermediate,3.75mm,Experiment_2
2025-10-23T02:09:16.110Z,93,1106,3078,407,1441,3880,3462,3249,13904,2216,2349,8692,Day_1,Medium,Intermediate,3.75mm,Experiment_2
2025-10-23T02:09:16.150Z,89,1103,3074,403,1436,3881,3463,3255,13901,2216,2353,8695,Day_1,Medium,Intermediate,3.75mm,Experiment_2
2025-10-23T02:09:16.190Z,90,1105,3070,403,1437,3880,3463,3268,13909,2216,2363,8706,Day_1,Medium,Intermediate,3.75mm,Experiment_2
2025-10-23T02:09:16.230Z,95,1110,3067,410,1442,3878,3463,3294,13931,2218,2381,8720,Day_1,Medium,Intermediate,3.75mm,Experiment_2
2025-10-23T02:09:16.270Z,103,1116,3065,420,1447,3874,3462,3326,13947,2219,2400,8727,Day_1,Medium,Intermediate,3.75mm,Experiment_2
2025-10-23T02:09:16.310Z,109,1119,3063,425,1449,3872,3464,3341,13947,2218,2405,8721,Day_1,Medium,Intermediate,3.75mm,Experiment_2
2025-10-23T02:09:16.350Z,111,1121,3066,427,1451,3874,3469,3330,13940,2215,2394,8709,Day_1,Medium,Intermediate,3.75mm,Experiment_2
2025-10-23T02:09:16.390Z,113,1123,3072,429,1452,3879,3467,3306,13930,2210,2379,8702,Day_1,Medium,Intermediate,3.75mm,Experiment_2
2025-10-23T02:09:16.430Z,114,1123,3077,429,1455,3881,3460,3291,13919,2209,2372,8699,Day_1,Medium,Intermediate,3.75mm,Experiment_2
2025-10-23T02:09:16.470Z,109,1122,3080,423,1457,3881,3461,3298,13916,2213,2379,8699,Day_1,Medium,Intermediate,3.75mm,Experiment_2
2025-10-23T02:09:16.510Z,103,1122,3082,416,1457,3881,3467,3318,13923,2219,2394,8702,Day_1,Medium,Intermediate,3.75mm,Experiment_2
2025-10-23T02:09:16.550Z,101,1120,3082,413,1452,3882,3467,3327,13924,2219,2398,8703,Day_1,Medium,Intermediate,3.75mm,Experiment_2
2025-10-23T02:09:16.590Z,107,1118,3082,417,1446,3886,3459,3314,13917,2215,2388,8700,Day_1,Medium,Intermediate,3.75mm,Experiment_2
2025-10-23T02:09:16.630Z,116,1116,3084,424,1443,3889,3457,3290,13912,2214,2374,8699,Day_1,Medium,Intermediate,3.75mm,Experiment_2
2025-10-23T02:09:16.670Z,118,1114,3083,427,1445,3889,3463,3274,13905,2218,2366,8697,Day_1,Medium,Intermediate,3.75mm,Experiment_2
2025-10-23T02:09:16.710Z,111,1117,3079,425,1451,3884,3467,3276,13888,2223,2368,8691,Day_1,Medium,Intermediate,3.75mm,Experiment_2
2025-10-23T02:09:16.753Z,101,1123,3074,420,1458,3879,3471,3295,13867,2227,2375,8685,Day_1,Medium,Intermediate,3.75mm,Experiment_2
2025-10-23T02:09:16.793Z,96,1128,3070,416,1463,3874,3477,3307,13854,2231,2379,8685,Day_1,Medium,Intermediate,3.75mm,Experiment_2
2025-10-23T02:09:16.833Z,95,1127,3066,413,1463,3872,3476,3293,13859,2232,2374,8688,Day_1,Medium,Intermediate,3.75mm,Experiment_2
2025-10-23T02:09:16.873Z,96,1121,3066,411,1458,3874,3466,3267,13881,2228,2365,8694,Day_1,Medium,Intermediate,3.75mm,Experiment_2
2025-10-23T02:09:16.913Z,97,1118,3067,412,1454,3877,3459,3256,13912,2223,2360,8699,Day_1,Medium,Intermediate,3.75mm,Experiment_2
2025-10-23T02:09:16.953Z,93,1118,3069,411,1451,3878,3464,3261,13937,2225,2361,8703,Day_1,Medium,Intermediate,3.75mm,Experiment_2
2025-10-23T02:09:16.993Z,89,1116,3070,410,1445,3877,3476,3270,13942,2231,2365,8707,Day_1,Medium,Intermediate,3.75mm,Experiment_2
2025-10-23T02:09:17.033Z,88,1109,3072,410,1436,3877,3495,3281,13933,2241,2369,8705,Day_1,Medium,Intermediate,3.75mm,Experiment_2
2025-10-23T02:09:17.073Z,92,1105,3073,411,1431,3878,3515,3294,13927,2249,2376,8701,Day_1,Medium,Intermediate,3.75mm,Experiment_2
2025-10-23T02:09:17.116Z,97,1105,3073,413,1432,3879,3518,3303,13929,2250,2381,8704,Day_1,Medium,Intermediate,3.75mm,Experiment_2
2025-10-23T02:09:17.156Z,101,1105,3073,417,1435,3880,3500,3302,13934,2244,2378,8711,Day_1,Medium,Intermediate,3.75mm,Experiment_2
2025-10-23T02:09:17.196Z,104,1103,3072,422,1435,3881,3478,3287,13932,2236,2365,8713,Day_1,Medium,Intermediate,3.75mm,Experiment_2
2025-10-23T02:09:17.236Z,109,1103,3069,429,1437,3881,3472,3269,13914,2231,2351,8706,Day_1,Medium,Intermediate,3.75mm,Experiment_2
2025-10-23T02:09:17.276Z,111,1110,3066,431,1444,3882,3482,3260,13890,2234,2346,8695,Day_1,Medium,Intermediate,3.75mm,Experiment_2
2025-10-23T02:09:17.316Z,107,1118,3067,426,1453,3883,3496,3258,13876,2240,2351,8690,Day_1,Medium,Intermediate,3.75mm,Experiment_2
2025-10-23T02:09:17.356Z,100,1122,3070,419,1455,3883,3494,3259,13882,2240,2359,8696,Day_1,Medium,Intermediate,3.75mm,Experiment_2
2025-10-23T02:09:17.396Z,99,1123,3075,419,1453,3884,3474,3267,13906,2231,2366,8704,Day_1,Medium,Intermediate,3.75mm,Experiment_2
2025-10-23T02:09:17.436Z,102,1124,3079,425,1453,3885,3452,3286,13931,2220,2373,8705,Day_1,Medium,Intermediate,3.75mm,Experiment_2
2025-10-23T02:09:17.476Z,102,1125,3078,427,1455,3882,3448,3309,13942,2215,2381,8701,Day_1,Medium,Intermediate,3.75mm,Experiment_2
2025-10-23T02:09:17.516Z,97,1124,3072,423,1456,3875,3458,3323,13938,2217,2386,8696,Day_1,Medium,Intermediate,3.75mm,Experiment_2
2025-10-23T02:09:17.556Z,89,1123,3069,412,1453,3874,3473,3323,13926,2221,2386,8694,Day_1,Medium,Intermediate,3.75mm,Experiment_2
2025-10-23T02:09:17.596Z,84,1123,3072,401,1451,3878,3492,3313,13921,2227,2382,8695,Day_1,Medium,Intermediate,3.75mm,Experiment_2
2025-10-23T02:09:17.636Z,84,1126,3076,399,1454,3883,3504,3298,13930,2230,2375,8699,Day_1,Medium,Intermediate,3.75mm,Experiment_2
2025-10-23T02:09:17.676Z,94,1128,3076,407,1456,3883,3502,3286,13948,2228,2370,8704,Day_1,Medium,Intermediate,3.75mm,Experiment_2
2025-10-23T02:09:17.716Z,106,1127,3070,419,1455,3877,3493,3286,13964,2222,2372,8711,Day_1,Medium,Intermediate,3.75mm,Experiment_2
2025-10-23T02:09:17.756Z,114,1123,3063,426,1451,3871,3489,3296,13966,2218,2377,8714,Day_1,Medium,Intermediate,3.75mm,Experiment_2
2025-10-23T02:09:17.796Z,117,1123,3064,429,1450,3873,3482,3306,13947,2217,2380,8707,Day_1,Medium,Intermediate,3.75mm,Experiment_2
2025-10-23T02:09:17.839Z,120,1126,3069,430,1452,3882,3460,3310,13916,2215,2382,8695,Day_1,Medium,Intermediate,3.75mm,Experiment_2
2025-10-23T02:09:17.879Z,120,1129,3070,430,1455,3888,3433,3304,13896,2212,2382,8691,Day_1,Medium,Intermediate,3.75mm,Experiment_2
2025-10-23T02:09:17.919Z,114,1130,3064,426,1458,3884,3418,3295,13902,2207,2382,8699,Day_1,Medium,Intermediate,3.75mm,Experiment_2
2025-10-23T02:09:17.959Z,107,1133,3059,420,1462,3876,3419,3288,13920,2203,2379,8709,Day_1,Medium,Intermediate,3.75mm,Experiment_2
2025-10-23T02:09:17.999Z,103,1138,3061,417,1467,3873,3433,3287,13932,2208,2379,8709,Day_1,Medium,Intermediate,3.75mm,Experiment_2
2025-10-23T02:09:18.039Z,102,1139,3070,415,1469,3878,3450,3294,13936,2220,2382,8703,Day_1,Medium,Intermediate,3.75mm,Experiment_2
2025-10-23T02:09:18.079Z,105,1136,3081,416,1466,3887,3460,3301,13927,2227,2381,8698,Day_1,Medium,Intermediate,3.75mm,Experiment_2
2025-10-23T02:09:18.119Z,112,1130,3089,422,1460,3895,3473,3295,13912,2230,2371,8696,Day_1,Medium,Intermediate,3.75mm,Experiment_2
2025-10-23T02:09:18.159Z,116,1123,3091,427,1455,3896,3493,3277,13903,2236,2360,8697,Day_1,Medium,Intermediate,3.75mm,Experiment_2
2025-10-23T02:09:18.202Z,110,1119,3084,424,1453,3889,3507,3264,13908,2243,2356,8702,Day_1,Medium,Intermediate,3.75mm,Experiment_2
2025-10-23T02:09:18.242Z,99,1115,3074,416,1451,3879,3507,3264,13924,2243,2361,8709,Day_1,Medium,Intermediate,3.75mm,Experiment_2
2025-10-23T02:09:18.282Z,91,1111,3070,411,1447,3875,3495,3278,13937,2234,2369,8710,Day_1,Medium,Intermediate,3.75mm,Experiment_2
2025-10-23T02:09:18.322Z,89,1108,3070,410,1444,3873,3486,3299,13932,2224,2376,8701,Day_1,Medium,Intermediate,3.75mm,Experiment_2
2025-10-23T02:09:18.362Z,95,1110,3069,413,1445,3870,3487,3318,13914,2219,2379,8689,Day_1,Medium,Intermediate,3.75mm,Experiment_2
2025-10-23T02:09:18.402Z,101,1118,3069,414,1450,3872,3492,3320,13898,2220,2376,8682,Day_1,Medium,Intermediate,3.75mm,Experiment_2
2025-10-23T02:09:18.442Z,100,1128,3069,410,1457,3877,3495,3304,13886,2227,2367,8681,Day_1,Medium,Intermediate,3.75mm,Experiment_2
2025-10-23T02:09:18.482Z,96,1132,3069,406,1458,3881,3498,3286,13878,2237,2360,8682,Day_1,Medium,Intermediate,3.75mm,Experiment_2
2025-10-23T02:09:18.522Z,97,1129,3065,407,1453,3879,3501,3278,13875,2246,2358,8686,Day_1,Medium,Intermediate,3.75mm,Experiment_2
2025-10-23T02:09:18.538Z,101,1126,3062,413,1450,3873,3505,3276,13880,2249,2361,8688,Day_1,Medium,Intermediate,3.75mm,Experiment_2
2025-10-23T02:09:18.578Z,104,1129,3061,418,1454,3868,3508,3274,13892,2247,2363,8690,Day_1,Medium,Intermediate,3.75mm,Experiment_2
2025-10-23T02:09:18.618Z,107,1132,3063,424,1460,3869,3510,3280,13913,2245,2369,8694,Day_1,Medium,Intermediate,3.75mm,Experiment_2
2025-10-23T02:09:18.658Z,107,1131,3065,426,1462,3873,3506,3293,13938,2242,2378,8703,Day_1,Medium,Intermediate,3.75mm,Experiment_2
2025-10-23T02:09:18.698Z,104,1131,3066,425,1462,3874,3497,3301,13958,2238,2387,8715,Day_1,Medium,Intermediate,3.75mm,Experiment_2
2025-10-23T02:09:18.738Z,101,1136,3066,422,1465,3875,3492,3297,13965,2236,2390,8723,Day_1,Medium,Intermediate,3.75mm,Experiment_2
2025-10-23T02:09:18.778Z,97,1141,3066,416,1470,3873,3495,3285,13955,2237,2384,8721,Day_1,Medium,Intermediate,3.75mm,Experiment_2
2025-10-23T02:09:18.818Z,93,1141,3069,412,1470,3874,3499,3274,13933,2238,2372,8712,Day_1,Medium,Intermediate,3.75mm,Experiment_2
2025-10-23T02:09:18.858Z,95,1133,3079,414,1465,3881,3491,3266,13915,2232,2364,8703,Day_1,Medium,Intermediate,3.75mm,Experiment_2
2025-10-23T02:09:18.899Z,101,1126,3086,421,1458,3888,3477,3266,13906,2224,2367,8697,Day_1,Medium,Intermediate,3.75mm,Experiment_2
2025-10-23T02:09:18.939Z,105,1125,3083,427,1455,3890,3471,3273,13899,2223,2374,8691,Day_1,Medium,Intermediate,3.75mm,Experiment_2
2025-10-23T02:09:18.979Z,105,1126,3078,427,1452,3889,3476,3275,13894,2230,2376,8685,Day_1,Medium,Intermediate,3.75mm,Experiment_2
2025-10-23T02:09:19.019Z,101,1123,3074,422,1448,3887,3480,3276,13891,2237,2375,8681,Day_1,Medium,Intermediate,3.75mm,Experiment_2
2025-10-23T02:09:19.059Z,99,1115,3071,418,1441,3883,3481,3290,13889,2241,2383,8682,Day_1,Medium,Intermediate,3.75mm,Experiment_2
2025-10-23T02:09:19.099Z,102,1106,3067,419,1434,3877,3476,3310,13892,2240,2395,8687,Day_1,Medium,Intermediate,3.75mm,Experiment_2
2025-10-23T02:09:19.139Z,107,1105,3066,423,1433,3871,3467,3315,13900,2234,2394,8693,Day_1,Medium,Intermediate,3.75mm,Experiment_2
2025-10-23T02:09:19.179Z,112,1111,3071,428,1437,3873,3462,3301,13907,2228,2378,8698,Day_1,Medium,Intermediate,3.75mm,Experiment_2
2025-10-23T02:09:19.219Z,119,1121,3081,434,1444,3882,3471,3284,13914,2227,2362,8702,Day_1,Medium,Intermediate,3.75mm,Experiment_2
2025-10-23T02:09:19.259Z,122,1124,3088,440,1448,3890,3487,3278,13921,2230,2357,8706,Day_1,Medium,Intermediate,3.75mm,Experiment_2
2025-10-23T02:09:19.299Z,120,1120,3089,440,1446,3894,3488,3287,13918,2227,2367,8708,Day_1,Medium,Intermediate,3.75mm,Experiment_2
2025-10-23T02:09:19.339Z,115,1113,3089,434,1441,3895,3474,3304,13907,2218,2380,8705,Day_1,Medium,Intermediate,3.75mm,Experiment_2
2025-10-23T02:09:19.379Z,111,1108,3084,428,1439,3891,3464,3318,13907,2212,2387,8701,Day_1,Medium,Intermediate,3.75mm,Experiment_2
2025-10-23T02:09:19.419Z,108,1109,3076,424,1443,3883,3474,3328,13923,2216,2390,8702,Day_1,Medium,Intermediate,3.75mm,Experiment_2
2025-10-23T02:09:19.459Z,107,1115,3074,424,1450,3879,3494,3338,13935,2226,2390,8706,Day_1,Medium,Intermediate,3.75mm,Experiment_2
2025-10-23T02:09:19.499Z,108,1120,3078,425,1453,3882,3505,3340,13924,2230,2386,8704,Day_1,Medium,Intermediate,3.75mm,Experiment_2
2025-10-23T02:09:19.539Z,108,1124,3080,424,1453,3885,3504,3333,13896,2230,2383,8695,Day_1,Medium,Intermediate,3.75mm,Experiment_2
2025-10-23T02:09:19.579Z,112,1128,3080,426,1454,3887,3498,3323,13872,2230,2385,8687,Day_1,Medium,Intermediate,3.75mm,Experiment_2
2025-10-23T02:09:19.619Z,120,1126,3078,433,1454,3889,3494,3315,13869,2235,2390,8689,Day_1,Medium,Intermediate,3.75mm,Experiment_2
2025-10-23T02:09:19.659Z,127,1120,3073,442,1450,3885,3496,3315,13888,2241,2395,8697,Day_1,Medium,Intermediate,3.75mm,Experiment_2
2025-10-23T02:09:19.699Z,126,1116,3067,444,1449,3877,3493,3322,13914,2241,2396,8705,Day_1,Medium,Intermediate,3.75mm,Experiment_2
2025-10-23T02:09:19.739Z,117,1117,3067,436,1450,3876,3477,3316,13934,2230,2388,8711,Day_1,Medium,Intermediate,3.75mm,Experiment_2
2025-10-23T02:09:19.779Z,105,1119,3074,422,1451,3883,3457,3296,13935,2218,2372,8713,Day_1,Medium,Intermediate,3.75mm,Experiment_2
2025-10-23T02:09:19.819Z,96,1119,3081,410,1448,3890,3447,3280,13920,2212,2364,8708,Day_1,Medium,Intermediate,3.75mm,Experiment_2
2025-10-23T02:09:19.859Z,91,1119,3085,403,1447,3892,3454,3279,13909,2217,2367,8705,Day_1,Medium,Intermediate,3.75mm,Experiment_2
2025-10-23T02:09:19.899Z,88,1124,3084,400,1452,3889,3479,3287,13913,2228,2373,8708,Day_1,Medium,Intermediate,3.75mm,Experiment_2
2025-10-23T02:09:19.939Z,89,1129,3081,402,1459,3884,3508,3291,13925,2240,2373,8713,Day_1,Medium,Intermediate,3.75mm,Experiment_2
2025-10-23T02:09:19.979Z,95,1129,3081,409,1461,3883,3526,3287,13931,2248,2367,8714,Day_1,Medium,Intermediate,3.75mm,Experiment_2
2025-10-23T02:09:20.019Z,102,1122,3086,417,1457,3886,3525,3282,13930,2248,2362,8710,Day_1,Medium,Intermediate,3.75mm,Experiment_2
2025-10-23T02:09:20.059Z,103,1112,3092,418,1452,3892,3507,3284,13924,2241,2362,8703,Day_1,Medium,Intermediate,3.75mm,Experiment_2
2025-10-23T02:09:20.099Z,100,1108,3094,413,1450,3899,3485,3294,13905,2234,2368,8689,Day_1,Medium,Intermediate,3.75mm,Experiment_2
2025-10-23T02:09:20.139Z,99,1110,3093,411,1451,3901,3470,3311,13875,2230,2382,8674,Day_1,Medium,Intermediate,3.75mm,Experiment_2
2025-10-23T02:09:20.179Z,102,1113,3087,411,1451,3897,3467,3330,13860,2233,2399,8670,Day_1,Medium,Intermediate,3.75mm,Experiment_2
2025-10-23T02:09:20.219Z,103,1116,3083,412,1451,3893,3478,3343,13867,2240,2406,8676,Day_1,Medium,Intermediate,3.75mm,Experiment_2
2025-10-23T02:09:20.259Z,104,1123,3084,412,1454,3891,3493,3341,13876,2245,2399,8682,Day_1,Medium,Intermediate,3.75mm,Experiment_2
2025-10-23T02:09:20.299Z,105,1133,3085,415,1460,3890,3502,3329,13880,2244,2386,8686,Day_1,Medium,Intermediate,3.75mm,Experiment_2
2025-10-23T02:09:20.339Z,105,1137,3082,417,1466,3887,3499,3316,13885,2239,2376,8687,Day_1,Medium,Intermediate,3.75mm,Experiment_2
2025-10-23T02:09:20.379Z,104,1134,3076,418,1468,3883,3499,3309,13891,2238,2374,8689,Day_1,Medium,Intermediate,3.75mm,Experiment_2
2025-10-23T02:09:20.419Z,104,1127,3074,418,1465,3883,3513,3309,13897,2245,2377,8691,Day_1,Medium,Intermediate,3.75mm,Experiment_2
2025-10-23T02:09:20.459Z,105,1118,3078,418,1459,3887,3532,3319,13901,2256,2388,8695,Day_1,Medium,Intermediate,3.75mm,Experiment_2
2025-10-23T02:09:20.499Z,107,1111,3084,421,1452,3889,3539,3336,13904,2263,2400,8698,Day_1,Medium,Intermediate,3.75mm,Experiment_2
2025-10-23T02:09:20.539Z,111,1110,3087,427,1448,3890,3529,3348,13911,2261,2408,8703,Day_1,Medium,Intermediate,3.75mm,Experiment_2
2025-10-23T02:09:20.579Z,116,1115,3087,434,1449,3889,3514,3348,13917,2254,2407,8705,Day_1,Medium,Intermediate,3.75mm,Experiment_2
2025-10-23T02:09:20.619Z,119,1119,3085,437,1450,3889,3499,3335,13912,2245,2398,8701,Day_1,Medium,Intermediate,3.75mm,Experiment_2
2025-10-23T02:09:20.659Z,117,1120,3083,433,1448,3889,3488,3314,13896,2237,2382,8694,Day_1,Medium,Intermediate,3.75mm,Experiment_2
2025-10-23T02:09:20.699Z,111,1117,3080,425,1444,3888,3479,3293,13881,2233,2369,8686,Day_1,Medium,Intermediate,3.75mm,Experiment_2
2025-10-23T02:09:20.739Z,103,1114,3077,418,1442,3886,3467,3284,13883,2227,2365,8685,Day_1,Medium,Intermediate,3.75mm,Experiment_2
2025-10-23T02:09:20.779Z,99,1113,3076,413,1443,3883,3458,3284,13903,2220,2369,8694,Day_1,Medium,Intermediate,3.75mm,Experiment_2
2025-10-23T02:09:20.819Z,97,1111,3077,412,1445,3881,3460,3282,13930,2218,2368,8707,Day_1,Medium,Intermediate,3.75mm,Experiment_2
2025-10-23T02:09:20.859Z,97,1107,3077,412,1444,3878,3472,3282,13947,2223,2366,8717,Day_1,Medium,Intermediate,3.75mm,Experiment_2
2025-10-23T02:09:20.899Z,98,1105,3076,413,1439,3877,3485,3284,13950,2231,2363,8721,Day_1,Medium,Intermediate,3.75mm,Experiment_2
2025-10-23T02:09:20.939Z,106,1103,3076,420,1435,3878,3498,3286,13939,2237,2361,8720,Day_1,Medium,Intermediate,3.75mm,Experiment_2
2025-10-23T02:09:20.979Z,116,1104,3081,429,1437,3880,3501,3292,13923,2237,2363,8713,Day_1,Medium,Intermediate,3.75mm,Experiment_2
2025-10-23T02:09:21.019Z,121,1110,3084,433,1445,3880,3489,3302,13910,2231,2368,8707,Day_1,Medium,Intermediate,3.75mm,Experiment_2
2025-10-23T02:09:21.059Z,118,1120,3082,430,1454,3879,3477,3310,13902,2226,2370,8707,Day_1,Medium,Intermediate,3.75mm,Experiment_2
2025-10-23T02:09:21.099Z,111,1126,3075,425,1458,3874,3476,3316,13896,2225,2370,8708,Day_1,Medium,Intermediate,3.75mm,Experiment_2
2025-10-23T02:09:21.139Z,104,1127,3067,421,1456,3869,3482,3321,13897,2227,2371,8709,Day_1,Medium,Intermediate,3.75mm,Experiment_2
2025-10-23T02:09:21.179Z,103,1122,3062,421,1450,3868,3482,3323,13910,2227,2372,8714,Day_1,Medium,Intermediate,3.75mm,Experiment_2
2025-10-23T02:09:21.219Z,108,1116,3064,426,1446,3873,3479,3319,13930,2225,2372,8721,Day_1,Medium,Intermediate,3.75mm,Experiment_2
2025-10-23T02:09:21.259Z,116,1115,3068,434,1446,3878,3482,3314,13943,2229,2374,8724,Day_1,Medium,Intermediate,3.75mm,Experiment_2
2025-10-23T02:09:21.299Z,120,1115,3072,440,1448,3883,3491,3318,13946,2239,2382,8721,Day_1,Medium,Intermediate,3.75mm,Experiment_2
2025-10-23T02:09:21.339Z,118,1113,3076,441,1448,3886,3501,3326,13944,2247,2393,8716,Day_1,Medium,Intermediate,3.75mm,Experiment_2
2025-10-23T02:09:21.379Z,111,1112,3076,434,1447,3886,3506,3319,13939,2249,2391,8715,Day_1,Medium,Intermediate,3.75mm,Experiment_2
2025-10-23T02:09:21.419Z,101,1115,3070,424,1448,3881,3507,3297,13931,2249,2378,8714,Day_1,Medium,Intermediate,3.75mm,Experiment_2
2025-10-23T02:09:21.459Z,94,1120,3062,417,1451,3872,3503,3271,13926,2250,2370,8713,Day_1,Medium,Intermediate,3.75mm,Experiment_2
2025-10-23T02:09:21.499Z,97,1123,3060,418,1451,3870,3496,3251,13922,2248,2373,8708,Day_1,Medium,Intermediate,3.75mm,Experiment_2
2025-10-23T02:09:21.539Z,105,1121,3069,422,1448,3876,3494,3248,13911,2244,2382,8699,Day_1,Medium,Intermediate,3.75mm,Experiment_2
2025-10-23T02:09:21.579Z,107,1115,3079,421,1442,3884,3499,3264,13903,2242,2388,8691,Day_1,Medium,Intermediate,3.75mm,Experiment_2
2025-10-23T02:09:21.619Z,98,1112,3083,412,1439,3885,3500,3282,13905,2237,2390,8694,Day_1,Medium,Intermediate,3.75mm,Experiment_2
2025-10-23T02:09:21.659Z,89,1117,3082,406,1446,3882,3487,3288,13916,2228,2387,8703,Day_1,Medium,Intermediate,3.75mm,Experiment_2
2025-10-23T02:09:21.699Z,85,1125,3078,405,1457,3877,3474,3285,13925,2220,2383,8711,Day_1,Medium,Intermediate,3.75mm,Experiment_2
2025-10-23T02:09:21.739Z,85,1128,3070,404,1462,3870,3473,3280,13926,2217,2377,8713,Day_1,Medium,Intermediate,3.75mm,Experiment_2
2025-10-23T02:09:21.779Z,85,1125,3062,403,1458,3865,3473,3280,13917,2215,2373,8709,Day_1,Medium,Intermediate,3.75mm,Experiment_2
2025-10-23T02:09:21.819Z,88,1124,3059,405,1453,3866,3464,3287,13903,2214,2374,8701,Day_1,Medium,Intermediate,3.75mm,Experiment_2
2025-10-23T02:09:21.859Z,98,1127,3062,413,1453,3873,3459,3292,13882,2213,2376,8689,Day_1,Medium,Intermediate,3.75mm,Experiment_2
2025-10-23T02:09:21.899Z,109,1130,3069,422,1455,3882,3454,3293,13860,2212,2374,8679,Day_1,Medium,Intermediate,3.75mm,Experiment_2
2025-10-23T02:09:21.939Z,114,1130,3075,427,1457,3886,3440,3297,13857,2206,2373,8678,Day_1,Medium,Intermediate,3.75mm,Experiment_2
2025-10-23T02:09:21.979Z,112,1128,3077,426,1457,3884,3432,3305,13881,2203,2376,8688,Day_1,Medium,Intermediate,3.75mm,Experiment_2
2025-10-23T02:09:22.019Z,111,1130,3076,426,1459,3879,3447,3318,13913,2208,2382,8698,Day_1,Medium,Intermediate,3.75mm,Experiment_2
2025-10-23T02:09:22.059Z,113,1132,3076,426,1461,3879,3482,3338,13929,2223,2394,8701,Day_1,Medium,Intermediate,3.75mm,Experiment_2
2025-10-23T02:09:22.099Z,114,1131,3074,425,1461,3882,3509,3358,13924,2239,2409,8695,Day_1,Medium,Intermediate,3.75mm,Experiment_2
2025-10-23T02:09:22.139Z,114,1124,3071,425,1457,3881,3518,3367,13912,2248,2418,8692,Day_1,Medium,Intermediate,3.75mm,Experiment_2
2025-10-23T02:09:22.179Z,111,1115,3066,423,1451,3877,3511,3366,13912,2250,2418,8697,Day_1,Medium,Intermediate,3.75mm,Experiment_2
2025-10-23T02:09:22.219Z,104,1109,3062,418,1445,3872,3498,3349,13921,2246,2404,8705,Day_1,Medium,Intermediate,3.75mm,Experiment_2
2025-10-23T02:09:22.259Z,99,1110,3061,414,1444,3869,3491,3313,13928,2237,2382,8710,Day_1,Medium,Intermediate,3.75mm,Experiment_2
2025-10-23T02:09:22.299Z,100,1116,3061,416,1447,3868,3494,3276,13938,2231,2363,8716,Day_1,Medium,Intermediate,3.75mm,Experiment_2
2025-10-23T02:09:22.339Z,104,1119,3063,420,1449,3869,3498,3258,13956,2230,2354,8722,Day_1,Medium,Intermediate,3.75mm,Experiment_2
2025-10-23T02:09:22.379Z,107,1115,3065,426,1447,3873,3499,3259,13968,2233,2354,8724,Day_1,Medium,Intermediate,3.75mm,Experiment_2
2025-10-23T02:09:22.419Z,106,1111,3067,429,1445,3879,3499,3267,13964,2239,2357,8718,Day_1,Medium,Intermediate,3.75mm,Experiment_2
2025-10-23T02:09:22.459Z,106,1112,3069,430,1446,3884,3494,3273,13947,2240,2361,8710,Day_1,Medium,Intermediate,3.75mm,Experiment_2
2025-10-23T02:09:22.499Z,108,1114,3068,429,1449,3884,3477,3279,13935,2232,2365,8707,Day_1,Medium,Intermediate,3.75mm,Experiment_2
2025-10-23T02:09:22.539Z,109,1118,3066,426,1453,3881,3463,3280,13937,2225,2367,8711,Day_1,Medium,Intermediate,3.75mm,Experiment_2
2025-10-23T02:09:22.579Z,108,1124,3068,423,1458,3880,3456,3276,13943,2223,2365,8716,Day_1,Medium,Intermediate,3.75mm,Experiment_2
2025-10-23T02:09:22.619Z,107,1127,3074,424,1460,3882,3451,3268,13944,2223,2360,8717,Day_1,Medium,Intermediate,3.75mm,Experiment_2
2025-10-23T02:09:22.659Z,106,1123,3077,424,1456,3882,3447,3261,13936,2222,2356,8714,Day_1,Medium,Intermediate,3.75mm,Experiment_2
2025-10-23T02:09:22.699Z,102,1117,3073,421,1449,3878,3451,3260,13923,2223,2357,8711,Day_1,Medium,Intermediate,3.75mm,Experiment_2
2025-10-23T02:09:22.739Z,97,1114,3067,418,1447,3874,3457,3273,13908,2223,2365,8708,Day_1,Medium,Intermediate,3.75mm,Experiment_2
2025-10-23T02:09:22.779Z,94,1115,3064,418,1448,3872,3462,3293,13900,2221,2375,8704,Day_1,Medium,Intermediate,3.75mm,Experiment_2
2025-10-23T02:09:22.819Z,97,1115,3064,422,1446,3873,3471,3298,13900,2222,2376,8702,Day_1,Medium,Intermediate,3.75mm,Experiment_2
2025-10-23T02:09:22.860Z,104,1115,3065,428,1442,3875,3483,3282,13905,2228,2365,8704,Day_1,Medium,Intermediate,3.75mm,Experiment_2
2025-10-23T02:09:22.900Z,109,1123,3063,430,1446,3871,3488,3264,13913,2233,2355,8707,Day_1,Medium,Intermediate,3.75mm,Experiment_2
2025-10-23T02:09:22.940Z,110,1137,3060,428,1458,3866,3486,3257,13927,2233,2354,8709,Day_1,Medium,Intermediate,3.75mm,Experiment_2
2025-10-23T02:09:22.980Z,111,1147,3058,424,1469,3863,3488,3264,13935,2233,2360,8706,Day_1,Medium,Intermediate,3.75mm,Experiment_2
2025-10-23T02:09:23.020Z,114,1143,3058,425,1468,3863,3496,3284,13927,2234,2374,8700,Day_1,Medium,Intermediate,3.75mm,Experiment_2
2025-10-23T02:09:23.060Z,117,1129,3060,427,1458,3867,3502,3304,13917,2234,2386,8698,Day_1,Medium,Intermediate,3.75mm,Experiment_2
2025-10-23T02:09:23.100Z,113,1117,3067,424,1449,3875,3500,3306,13924,2231,2386,8706,Day_1,Medium,Intermediate,3.75mm,Experiment_2
2025-10-23T02:09:23.140Z,109,1113,3076,420,1445,3884,3495,3300,13943,2227,2380,8716,Day_1,Medium,Intermediate,3.75mm,Experiment_2
2025-10-23T02:09:23.180Z,109,1117,3081,420,1448,3889,3497,3302,13954,2226,2379,8720,Day_1,Medium,Intermediate,3.75mm,Experiment_2
2025-10-23T02:09:23.220Z,111,1124,3086,422,1455,3892,3495,3308,13946,2223,2381,8712,Day_1,Medium,Intermediate,3.75mm,Experiment_2
2025-10-23T02:09:23.260Z,112,1132,3088,424,1464,3891,3480,3302,13925,2215,2376,8702,Day_1,Medium,Intermediate,3.75mm,Experiment_2
2025-10-23T02:09:23.300Z,110,1136,3078,425,1469,3882,3461,3288,13907,2204,2364,8698,Day_1,Medium,Intermediate,3.75mm,Experiment_2
2025-10-23T02:09:23.340Z,105,1137,3064,423,1469,3869,3452,3278,13900,2201,2356,8702,Day_1,Medium,Intermediate,3.75mm,Experiment_2
2025-10-23T02:09:23.380Z,99,1139,3060,419,1470,3864,3450,3285,13901,2205,2359,8706,Day_1,Medium,Intermediate,3.75mm,Experiment_2
2025-10-23T02:09:23.420Z,96,1141,3066,415,1474,3868,3451,3310,13910,2210,2371,8709,Day_1,Medium,Intermediate,3.75mm,Experiment_2
2025-10-23T02:09:23.460Z,96,1139,3072,416,1473,3874,3456,3340,13922,2218,2386,8711,Day_1,Medium,Intermediate,3.75mm,Experiment_2
2025-10-23T02:09:23.500Z,96,1131,3073,418,1465,3876,3467,3353,13925,2228,2397,8709,Day_1,Medium,Intermediate,3.75mm,Experiment_2
2025-10-23T02:09:23.540Z,95,1121,3069,418,1456,3873,3471,3346,13913,2230,2395,8699,Day_1,Medium,Intermediate,3.75mm,Experiment_2
2025-10-23T02:09:23.580Z,95,1116,3066,419,1452,3873,3463,3324,13889,2225,2382,8686,Day_1,Medium,Intermediate,3.75mm,Experiment_2
2025-10-23T02:09:23.620Z,98,1115,3067,420,1449,3878,3450,3298,13870,2219,2367,8681,Day_1,Medium,Intermediate,3.75mm,Experiment_2
2025-10-23T02:09:23.660Z,102,1112,3070,421,1443,3881,3440,3280,13867,2217,2358,8686,Day_1,Medium,Intermediate,3.75mm,Experiment_2
2025-10-23T02:09:23.700Z,105,1110,3066,422,1439,3877,3441,3274,13874,2216,2356,8692,Day_1,Medium,Intermediate,3.75mm,Experiment_2
2025-10-23T02:09:23.740Z,108,1114,3059,424,1441,3870,3450,3271,13881,2215,2357,8692,Day_1,Medium,Intermediate,3.75mm,Experiment_2
2025-10-23T02:09:23.780Z,111,1119,3056,427,1445,3867,3464,3267,13886,2218,2357,8689,Day_1,Medium,Intermediate,3.75mm,Experiment_2
2025-10-23T02:09:23.820Z,112,1120,3056,429,1448,3868,3487,3271,13897,2224,2360,8687,Day_1,Medium,Intermediate,3.75mm,Experiment_2
2025-10-23T02:09:23.860Z,114,1120,3056,432,1449,3869,3510,3285,13911,2229,2368,8690,Day_1,Medium,Intermediate,3.75mm,Experiment_2
2025-10-23T02:09:23.900Z,118,1120,3062,437,1450,3871,3525,3299,13929,2232,2378,8701,Day_1,Medium,Intermediate,3.75mm,Experiment_2
2025-10-23T02:09:23.940Z,121,1118,3072,439,1449,3876,3533,3305,13949,2236,2383,8712,Day_1,Medium,Intermediate,3.75mm,Experiment_2
2025-10-23T02:09:23.980Z,117,1118,3079,433,1448,3879,3531,3310,13958,2239,2385,8718,Day_1,Medium,Intermediate,3.75mm,Experiment_2
2025-10-23T02:09:24.020Z,107,1123,3076,420,1451,3875,3518,3324,13953,2236,2391,8716,Day_1,Medium,Intermediate,3.75mm,Experiment_2
2025-10-23T02:09:24.060Z,99,1129,3070,409,1454,3871,3503,3338,13939,2233,2398,8710,Day_1,Medium,Intermediate,3.75mm,Experiment_2
2025-10-23T02:09:24.100Z,96,1129,3072,407,1453,3876,3492,3336,13918,2236,2398,8699,Day_1,Medium,Intermediate,3.75mm,Experiment_2
2025-10-23T02:09:24.140Z,96,1124,3082,409,1449,3889,3490,3315,13889,2243,2390,8690,Day_1,Medium,Intermediate,3.75mm,Experiment_2
2025-10-23T02:09:24.180Z,97,1120,3091,413,1447,3900,3494,3300,13873,2249,2388,8689,Day_1,Medium,Intermediate,3.75mm,Experiment_2
2025-10-23T02:09:24.220Z,100,1122,3094,418,1448,3903,3493,3304,13883,2249,2394,8696,Day_1,Medium,Intermediate,3.75mm,Experiment_2
2025-10-23T02:09:24.260Z,108,1125,3092,426,1450,3902,3484,3308,13904,2241,2395,8703,Day_1,Medium,Intermediate,3.75mm,Experiment_2
2025-10-23T02:09:24.300Z,117,1125,3089,434,1449,3898,3481,3303,13917,2231,2387,8705,Day_1,Medium,Intermediate,3.75mm,Experiment_2
2025-10-23T02:09:24.340Z,125,1121,3083,442,1447,3892,3486,3298,13923,2225,2379,8706,Day_1,Medium,Intermediate,3.75mm,Experiment_2
2025-10-23T02:09:24.380Z,126,1116,3076,445,1445,3886,3489,3304,13920,2224,2378,8705,Day_1,Medium,Intermediate,3.75mm,Experiment_2
2025-10-23T02:09:24.420Z,120,1115,3071,440,1446,3882,3488,3317,13912,2227,2383,8703,Day_1,Medium,Intermediate,3.75mm,Experiment_2
2025-10-23T02:09:24.460Z,110,1114,3068,431,1446,3878,3484,3320,13910,2228,2385,8703,Day_1,Medium,Intermediate,3.75mm,Experiment_2
2025-10-23T02:09:24.500Z,102,1114,3066,424,1446,3873,3474,3304,13915,2223,2377,8705,Day_1,Medium,Intermediate,3.75mm,Experiment_2
2025-10-23T02:09:24.540Z,103,1115,3067,424,1447,3871,3464,3284,13925,2218,2368,8709,Day_1,Medium,Intermediate,3.75mm,Experiment_2
2025-10-23T02:09:24.580Z,111,1119,3068,428,1452,3871,3464,3276,13941,2217,2362,8715,Day_1,Medium,Intermediate,3.75mm,Experiment_2
2025-10-23T02:09:24.620Z,118,1123,3066,430,1458,3869,3472,3275,13958,2220,2361,8722,Day_1,Medium,Intermediate,3.75mm,Experiment_2
2025-10-23T02:09:24.660Z,117,1128,3061,427,1463,3866,3477,3272,13957,2222,2361,8723,Day_1,Medium,Intermediate,3.75mm,Experiment_2
2025-10-23T02:09:24.700Z,113,1128,3056,423,1460,3865,3477,3264,13930,2224,2365,8711,Day_1,Medium,Intermediate,3.75mm,Experiment_2
2025-10-23T02:09:24.740Z,110,1124,3057,421,1453,3870,3478,3267,13897,2227,2370,8698,Day_1,Medium,Intermediate,3.75mm,Experiment_2
2025-10-23T02:09:24.780Z,107,1119,3065,419,1449,3880,3481,3284,13881,2230,2376,8694,Day_1,Medium,Intermediate,3.75mm,Experiment_2
2025-10-23T02:09:24.820Z,102,1118,3074,416,1449,3888,3480,3304,13878,2232,2378,8697,Day_1,Medium,Intermediate,3.75mm,Experiment_2
2025-10-23T02:09:24.860Z,104,1119,3077,418,1451,3890,3477,3316,13876,2228,2380,8696,Day_1,Medium,Intermediate,3.75mm,Experiment_2
2025-10-23T02:09:24.900Z,111,1118,3075,425,1451,3889,3475,3322,13869,2223,2383,8690,Day_1,Medium,Intermediate,3.75mm,Experiment_2
2025-10-23T02:09:24.940Z,120,1116,3074,434,1449,3889,3477,3316,13864,2221,2383,8685,Day_1,Medium,Intermediate,3.75mm,Experiment_2
2025-10-23T02:09:24.980Z,123,1116,3075,437,1448,3888,3478,3303,13870,2220,2379,8688,Day_1,Medium,Intermediate,3.75mm,Experiment_2
2025-10-23T02:09:25.020Z,120,1121,3073,433,1451,3882,3476,3291,13890,2221,2375,8699,Day_1,Medium,Intermediate,3.75mm,Experiment_2
2025-10-23T02:09:25.060Z,116,1130,3068,429,1459,3875,3477,3283,13912,2227,2373,8710,Day_1,Medium,Intermediate,3.75mm,Experiment_2
2025-10-23T02:09:25.100Z,112,1136,3063,424,1465,3870,3484,3287,13926,2233,2379,8714,Day_1,Medium,Intermediate,3.75mm,Experiment_2
2025-10-23T02:09:25.140Z,105,1135,3062,417,1465,3868,3494,3306,13932,2238,2392,8714,Day_1,Medium,Intermediate,3.75mm,Experiment_2
2025-10-23T02:09:25.180Z,96,1133,3067,410,1462,3870,3503,3328,13935,2240,2403,8714,Day_1,Medium,Intermediate,3.75mm,Experiment_2
2025-10-23T02:09:25.220Z,95,1128,3073,411,1459,3874,3509,3338,13932,2242,2403,8712,Day_1,Medium,Intermediate,3.75mm,Experiment_2
2025-10-23T02:09:25.260Z,101,1120,3075,419,1455,3877,3508,3327,13920,2242,2393,8705,Day_1,Medium,Intermediate,3.75mm,Experiment_2
2025-10-23T02:09:25.300Z,112,1113,3070,430,1448,3876,3497,3310,13907,2237,2383,8696,Day_1,Medium,Intermediate,3.75mm,Experiment_2
2025-10-23T02:09:25.340Z,122,1111,3061,438,1443,3872,3478,3300,13906,2227,2378,8694,Day_1,Medium,Intermediate,3.75mm,Experiment_2
2025-10-23T02:09:25.380Z,123,1113,3056,437,1443,3867,3457,3292,13912,2219,2376,8697,Day_1,Medium,Intermediate,3.75mm,Experiment_2
2025-10-23T02:09:25.420Z,113,1119,3058,427,1447,3867,3440,3287,13913,2214,2376,8698,Day_1,Medium,Intermediate,3.75mm,Experiment_2
2025-10-23T02:09:25.460Z,100,1125,3066,416,1452,3871,3435,3291,13910,2212,2378,8698,Day_1,Medium,Intermediate,3.75mm,Experiment_2
2025-10-23T02:09:25.500Z,92,1126,3074,410,1455,3878,3447,3301,13904,2219,2380,8698,Day_1,Medium,Intermediate,3.75mm,Experiment_2
2025-10-23T02:09:25.540Z,92,1126,3081,411,1457,3883,3466,3314,13901,2229,2381,8700,Day_1,Medium,Intermediate,3.75mm,Experiment_2
2025-10-23T02:09:25.580Z,97,1125,3085,416,1459,3887,3478,3329,13905,2233,2385,8704,Day_1,Medium,Intermediate,3.75mm,Experiment_2
2025-10-23T02:09:25.620Z,104,1126,3087,420,1460,3890,3476,3339,13915,2229,2392,8709,Day_1,Medium,Intermediate,3.75mm,Experiment_2
2025-10-23T02:09:25.660Z,110,1127,3085,424,1459,3892,3467,3337,13928,2226,2394,8713,Day_1,Medium,Intermediate,3.75mm,Experiment_2
2025-10-23T02:09:25.700Z,113,1125,3078,425,1456,3889,3462,3336,13941,2225,2396,8715,Day_1,Medium,Intermediate,3.75mm,Experiment_2
2025-10-23T02:09:25.740Z,111,1121,3070,424,1454,3881,3463,3342,13949,2226,2401,8718,Day_1,Medium,Intermediate,3.75mm,Experiment_2
2025-10-23T02:09:25.780Z,105,1119,3064,419,1455,3874,3461,3350,13956,2226,2404,8722,Day_1,Medium,Intermediate,3.75mm,Experiment_2
2025-10-23T02:09:25.820Z,100,1124,3061,415,1461,3872,3454,3355,13960,2224,2407,8724,Day_1,Medium,Intermediate,3.75mm,Experiment_2
2025-10-23T02:09:25.860Z,102,1128,3059,418,1464,3874,3450,3354,13952,2224,2406,8720,Day_1,Medium,Intermediate,3.75mm,Experiment_2
2025-10-23T02:09:25.900Z,112,1128,3063,428,1461,3880,3459,3342,13935,2226,2398,8713,Day_1,Medium,Intermediate,3.75mm,Experiment_2
2025-10-23T02:09:25.940Z,123,1127,3071,436,1455,3887,3476,3327,13922,2229,2387,8710,Day_1,Medium,Intermediate,3.75mm,Experiment_2
2025-10-23T02:09:25.980Z,126,1125,3080,433,1450,3893,3488,3319,13918,2233,2379,8710,Day_1,Medium,Intermediate,3.75mm,Experiment_2
2025-10-23T02:09:26.020Z,122,1121,3086,425,1445,3898,3489,3322,13924,2237,2379,8706,Day_1,Medium,Intermediate,3.75mm,Experiment_2
2025-10-23T02:09:26.060Z,120,1116,3089,423,1443,3897,3485,3323,13929,2239,2381,8699,Day_1,Medium,Intermediate,3.75mm,Experiment_2
2025-10-23T02:09:26.100Z,125,1114,3084,430,1443,3891,3478,3307,13929,2236,2377,8696,Day_1,Medium,Intermediate,3.75mm,Experiment_2
2025-10-23T02:09:26.140Z,126,1116,3074,436,1444,3881,3472,3272,13927,2228,2363,8699,Day_1,Medium,Intermediate,3.75mm,Experiment_2
2025-10-23T02:09:26.180Z,116,1118,3064,429,1443,3872,3473,3243,13931,2222,2349,8707,Day_1,Medium,Intermediate,3.75mm,Experiment_2
2025-10-23T02:09:26.220Z,101,1117,3062,414,1441,3869,3479,3248,13941,2222,2348,8713,Day_1,Medium,Intermediate,3.75mm,Experiment_2
2025-10-23T02:09:26.260Z,94,1116,3065,404,1443,3870,3488,3275,13949,2227,2358,8716,Day_1,Medium,Intermediate,3.75mm,Experiment_2
2025-10-23T02:09:26.300Z,94,1123,3066,402,1452,3871,3492,3296,13949,2234,2370,8716,Day_1,Medium,Intermediate,3.75mm,Experiment_2
2025-10-23T02:09:26.340Z,97,1132,3068,405,1460,3871,3488,3301,13941,2238,2378,8716,Day_1,Medium,Intermediate,3.75mm,Experiment_2
2025-10-23T02:09:26.380Z,101,1131,3071,411,1459,3873,3482,3301,13927,2239,2382,8713,Day_1,Medium,Intermediate,3.75mm,Experiment_2
2025-10-23T02:09:26.420Z,106,1126,3069,418,1453,3873,3483,3308,13908,2241,2385,8704,Day_1,Medium,Intermediate,3.75mm,Experiment_2
2025-10-23T02:09:26.460Z,107,1124,3064,421,1451,3873,3490,3322,13896,2243,2389,8694,Day_1,Medium,Intermediate,3.75mm,Experiment_2
2025-10-23T02:09:26.500Z,104,1123,3066,422,1454,3875,3500,3330,13900,2247,2392,8689,Day_1,Medium,Intermediate,3.75mm,Experiment_2
2025-10-23T02:09:26.540Z,101,1123,3070,420,1456,3876,3503,3321,13917,2249,2391,8695,Day_1,Medium,Intermediate,3.75mm,Experiment_2
2025-10-23T02:09:26.580Z,99,1124,3067,420,1456,3871,3491,3301,13937,2242,2382,8707,Day_1,Medium,Intermediate,3.75mm,Experiment_2
2025-10-23T02:09:26.620Z,99,1123,3063,422,1454,3868,3474,3287,13945,2233,2374,8716,Day_1,Medium,Intermediate,3.75mm,Experiment_2
2025-10-23T02:09:26.660Z,99,1121,3064,424,1452,3872,3471,3282,13934,2232,2370,8715,Day_1,Medium,Intermediate,3.75mm,Experiment_2
2025-10-23T02:09:26.700Z,102,1121,3067,425,1452,3875,3484,3278,13915,2238,2368,8706,Day_1,Medium,Intermediate,3.75mm,Experiment_2
2025-10-23T02:09:26.740Z,109,1121,3068,430,1454,3875,3504,3282,13906,2243,2371,8702,Day_1,Medium,Intermediate,3.75mm,Experiment_2
2025-10-23T02:09:26.780Z,116,1120,3068,435,1456,3872,3515,3301,13907,2245,2384,8704,Day_1,Medium,Intermediate,3.75mm,Experiment_2
2025-10-23T02:09:26.821Z,121,1120,3071,439,1457,3871,3504,3323,13914,2240,2398,8708,Day_1,Medium,Intermediate,3.75mm,Experiment_2
2025-10-23T02:09:26.861Z,118,1121,3076,436,1457,3875,3487,3330,13924,2232,2403,8711,Day_1,Medium,Intermediate,3.75mm,Experiment_2
2025-10-23T02:09:26.901Z,107,1123,3080,424,1457,3879,3486,3323,13930,2231,2398,8712,Day_1,Medium,Intermediate,3.75mm,Experiment_2
2025-10-23T02:09:26.941Z,97,1126,3084,411,1460,3883,3493,3314,13931,2234,2390,8712,Day_1,Medium,Intermediate,3.75mm,Experiment_2
2025-10-23T02:09:26.981Z,94,1131,3089,409,1462,3889,3493,3308,13925,2236,2385,8709,Day_1,Medium,Intermediate,3.75mm,Experiment_2
2025-10-23T02:09:27.021Z,99,1133,3092,415,1463,3894,3490,3300,13906,2236,2383,8700,Day_1,Medium,Intermediate,3.75mm,Experiment_2
2025-10-23T02:09:27.061Z,105,1131,3087,423,1461,3895,3490,3292,13897,2238,2383,8698,Day_1,Medium,Intermediate,3.75mm,Experiment_2
2025-10-23T02:09:27.101Z,108,1127,3078,427,1456,3889,3486,3286,13916,2238,2381,8710,Day_1,Medium,Intermediate,3.75mm,Experiment_2
2025-10-23T02:09:27.141Z,105,1124,3069,425,1454,3881,3472,3281,13940,2230,2376,8724,Day_1,Medium,Intermediate,3.75mm,Experiment_2
2025-10-23T02:09:27.181Z,99,1125,3064,419,1455,3874,3453,3274,13947,2216,2369,8728,Day_1,Medium,Intermediate,3.75mm,Experiment_2
2025-10-23T02:09:27.221Z,97,1127,3063,418,1457,3872,3441,3266,13942,2206,2363,8721,Day_1,Medium,Intermediate,3.75mm,Experiment_2
2025-10-23T02:09:27.261Z,106,1127,3065,426,1458,3875,3445,3273,13936,2205,2366,8711,Day_1,Medium,Intermediate,3.75mm,Experiment_2
2025-10-23T02:09:27.301Z,121,1127,3068,436,1458,3878,3464,3293,13929,2215,2374,8707,Day_1,Medium,Intermediate,3.75mm,Experiment_2
2025-10-23T02:09:27.341Z,125,1127,3067,436,1460,3876,3492,3300,13923,2232,2378,8709,Day_1,Medium,Intermediate,3.75mm,Experiment_2
2025-10-23T02:09:27.381Z,116,1127,3064,426,1461,3873,3521,3285,13919,2248,2376,8711,Day_1,Medium,Intermediate,3.75mm,Experiment_2
2025-10-23T02:09:27.421Z,103,1128,3065,418,1463,3874,3533,3278,13915,2254,2378,8709,Day_1,Medium,Intermediate,3.75mm,Experiment_2
2025-10-23T02:09:27.461Z,99,1130,3067,418,1464,3878,3514,3290,13910,2248,2385,8704,Day_1,Medium,Intermediate,3.75mm,Experiment_2
2025-10-23T02:09:27.501Z,108,1131,3072,427,1463,3881,3471,3298,13906,2235,2386,8698,Day_1,Medium,Intermediate,3.75mm,Experiment_2
2025-10-23T02:09:27.542Z,120,1130,3076,436,1460,3882,3425,3294,13902,2225,2383,8693,Day_1,Medium,Intermediate,3.75mm,Experiment_2
2025-10-23T02:09:27.582Z,123,1124,3078,436,1454,3882,3402,3291,13893,2219,2383,8690,Day_1,Medium,Intermediate,3.75mm,Experiment_2
2025-10-23T02:09:27.622Z,117,1118,3077,429,1449,3880,3410,3288,13881,2213,2384,8688,Day_1,Medium,Intermediate,3.75mm,Experiment_2
2025-10-23T02:09:27.662Z,107,1115,3074,422,1449,3879,3432,3280,13885,2211,2382,8694,Day_1,Medium,Intermediate,3.75mm,Experiment_2
2025-10-23T02:09:27.702Z,98,1111,3071,416,1448,3878,3455,3272,13904,2214,2377,8709,Day_1,Medium,Intermediate,3.75mm,Experiment_2
2025-10-23T02:09:27.742Z,93,1105,3070,415,1443,3879,3474,3273,13917,2219,2378,8720,Day_1,Medium,Intermediate,3.75mm,Experiment_2
2025-10-23T02:09:27.782Z,98,1104,3072,421,1440,3880,3487,3289,13915,2223,2384,8718,Day_1,Medium,Intermediate,3.75mm,Experiment_2
2025-10-23T02:09:27.822Z,109,1113,3073,431,1444,3880,3492,3315,13912,2227,2393,8711,Day_1,Medium,Intermediate,3.75mm,Experiment_2
2025-10-23T02:09:27.862Z,116,1126,3072,435,1454,3877,3496,3334,13910,2235,2400,8707,Day_1,Medium,Intermediate,3.75mm,Experiment_2
2025-10-23T02:09:27.902Z,113,1132,3073,429,1461,3877,3502,3339,13907,2242,2403,8707,Day_1,Medium,Intermediate,3.75mm,Experiment_2
2025-10-23T02:09:27.942Z,102,1130,3075,417,1462,3877,3511,3334,13910,2247,2403,8710,Day_1,Medium,Intermediate,3.75mm,Experiment_2
2025-10-23T02:09:27.982Z,93,1128,3074,409,1460,3874,3518,3328,13919,2248,2397,8711,Day_1,Medium,Intermediate,3.75mm,Experiment_2
2025-10-23T02:09:28.022Z,95,1125,3071,410,1456,3871,3517,3319,13927,2247,2386,8709,Day_1,Medium,Intermediate,3.75mm,Experiment_2
2025-10-23T02:09:28.062Z,102,1118,3068,418,1447,3871,3509,3308,13937,2242,2377,8707,Day_1,Medium,Intermediate,3.75mm,Experiment_2
2025-10-23T02:09:28.102Z,107,1110,3068,427,1438,3874,3501,3299,13945,2237,2376,8704,Day_1,Medium,Intermediate,3.75mm,Experiment_2
2025-10-23T02:09:28.142Z,105,1110,3069,428,1439,3877,3503,3298,13932,2238,2384,8694,Day_1,Medium,Intermediate,3.75mm,Experiment_2
2025-10-23T02:09:28.182Z,99,1115,3072,423,1446,3881,3512,3306,13901,2243,2393,8679,Day_1,Medium,Intermediate,3.75mm,Experiment_2
2025-10-23T02:09:28.222Z,95,1113,3076,417,1448,3885,3511,3307,13879,2245,2395,8671,Day_1,Medium,Intermediate,3.75mm,Experiment_2
2025-10-23T02:09:28.262Z,91,1106,3078,412,1443,3887,3500,3297,13879,2240,2389,8676,Day_1,Medium,Intermediate,3.75mm,Experiment_2
2025-10-23T02:09:28.302Z,90,1100,3078,411,1437,3886,3491,3287,13890,2234,2382,8685,Day_1,Medium,Intermediate,3.75mm,Experiment_2
2025-10-23T02:09:28.342Z,92,1100,3076,413,1435,3883,3487,3285,13901,2228,2375,8690,Day_1,Medium,Intermediate,3.75mm,Experiment_2
2025-10-23T02:09:28.382Z,93,1102,3076,413,1436,3884,3482,3290,13907,2222,2373,8695,Day_1,Medium,Intermediate,3.75mm,Experiment_2
2025-10-23T02:09:28.422Z,94,1106,3079,412,1441,3887,3476,3299,13910,2219,2377,8701,Day_1,Medium,Intermediate,3.75mm,Experiment_2
2025-10-23T02:09:28.462Z,97,1117,3078,413,1451,3886,3473,3306,13916,2221,2386,8708,Day_1,Medium,Intermediate,3.75mm,Experiment_2
2025-10-23T02:09:28.502Z,103,1130,3073,419,1460,3881,3475,3308,13927,2225,2392,8717,Day_1,Medium,Intermediate,3.75mm,Experiment_2
2025-10-23T02:09:28.542Z,113,1134,3070,428,1460,3876,3484,3303,13936,2226,2388,8721,Day_1,Medium,Intermediate,3.75mm,Experiment_2
2025-10-23T02:09:28.582Z,124,1128,3069,438,1453,3874,3488,3294,13945,2223,2378,8721,Day_1,Medium,Intermediate,3.75mm,Experiment_2
2025-10-23T02:09:28.622Z,131,1119,3067,443,1443,3873,3482,3287,13956,2218,2368,8722,Day_1,Medium,Intermediate,3.75mm,Experiment_2
2025-10-23T02:09:28.662Z,129,1115,3066,438,1439,3870,3477,3283,13957,2217,2361,8720,Day_1,Medium,Intermediate,3.75mm,Experiment_2
2025-10-23T02:09:28.702Z,123,1117,3068,429,1441,3871,3480,3276,13946,2223,2355,8713,Day_1,Medium,Intermediate,3.75mm,Experiment_2
2025-10-23T02:09:28.742Z,117,1123,3075,421,1446,3878,3482,3271,13927,2230,2354,8704,Day_1,Medium,Intermediate,3.75mm,Experiment_2
2025-10-23T02:09:28.782Z,110,1127,3083,416,1451,3889,3479,3276,13908,2237,2360,8697,Day_1,Medium,Intermediate,3.75mm,Experiment_2
2025-10-23T02:09:28.822Z,106,1127,3085,416,1454,3893,3475,3294,13900,2239,2370,8697,Day_1,Medium,Intermediate,3.75mm,Experiment_2
