time,Unpolarized_A_Green,Unpolarized_A_Red,Unpolarized_A_IR,Unpolarized_B_Green,Unpolarized_B_Red,Unpolarized_B_IR,Co-Polarized_Green,Co-Polarized_Red,Co-Polarized_IR,Cross-Polarized_Green,Cross-Polarized_Red,Cross-Polarized_IR,Day,SkinTone,Speed,Depth,Experiment
2025-10-23T00:57:36.849Z,242,1516,5576,617,1893,6658,3331,3466,14082,2581,3083,13461,Day_1,Medium,Intermediate,2.5mm,Experiment_2
2025-10-23T00:57:36.889Z,276,1521,5582,615,1890,6634,3322,3474,14144,2573,3079,13466,Day_1,Medium,Intermediate,2.5mm,Experiment_2
2025-10-23T00:57:36.929Z,293,1517,5578,610,1885,6623,3319,3470,14164,2570,3076,13477,Day_1,Medium,Intermediate,2.5mm,Experiment_2
2025-10-23T00:57:36.969Z,296,1508,5571,608,1881,6633,3331,3456,14137,2578,3077,13490,Day_1,Medium,Intermediate,2.5mm,Experiment_2
2025-10-23T00:57:37.009Z,294,1497,5543,612,1887,6667,3337,3430,14034,2587,3084,13507,Day_1,Medium,Intermediate,2.5mm,Experiment_2
2025-10-23T00:57:37.049Z,288,1484,5483,618,1901,6718,3324,3390,13849,2586,3091,13519,Day_1,Medium,Intermediate,2.5mm,Experiment_2
2025-10-23T00:57:37.089Z,283,1473,5428,622,1913,6758,3307,3349,13682,2576,3086,13499,Day_1,Medium,Intermediate,2.5mm,Experiment_2
2025-10-23T00:57:37.129Z,280,1472,5428,619,1913,6756,3306,3336,13669,2566,3066,13444,Day_1,Medium,Intermediate,2.5mm,Experiment_2
2025-10-23T00:57:37.169Z,277,1479,5472,610,1901,6717,3319,3355,13800,2565,3046,13400,Day_1,Medium,Intermediate,2.5mm,Experiment_2
2025-10-23T00:57:37.209Z,275,1486,5516,604,1888,6673,3334,3384,13945,2571,3040,13396,Day_1,Medium,Intermediate,2.5mm,Experiment_2
2025-10-23T00:57:37.249Z,278,1488,5539,606,1880,6649,3346,3403,14022,2578,3045,13419,Day_1,Medium,Intermediate,2.5mm,Experiment_2
2025-10-23T00:57:37.289Z,288,1492,5545,616,1882,6645,3363,3415,14034,2588,3054,13442,Day_1,Medium,Intermediate,2.5mm,Experiment_2
2025-10-23T00:57:37.329Z,297,1504,5547,623,1894,6650,3384,3424,14022,2600,3064,13453,Day_1,Medium,Intermediate,2.5mm,Experiment_2
2025-10-23T00:57:37.369Z,297,1518,5561,623,1906,6654,3402,3428,14034,2611,3070,13457,Day_1,Medium,Intermediate,2.5mm,Experiment_2
2025-10-23T00:57:37.409Z,295,1526,5586,620,1908,6648,3411,3434,14085,2617,3073,13465,Day_1,Medium,Intermediate,2.5mm,Experiment_2
2025-10-23T00:57:37.449Z,294,1528,5603,616,1902,6637,3407,3442,14146,2619,3075,13477,Day_1,Medium,Intermediate,2.5mm,Experiment_2
2025-10-23T00:57:37.489Z,290,1525,5602,610,1894,6625,3392,3442,14180,2618,3075,13488,Day_1,Medium,Intermediate,2.5mm,Experiment_2
2025-10-23T00:57:37.529Z,285,1517,5584,605,1889,6621,3374,3429,14169,2613,3075,13498,Day_1,Medium,Intermediate,2.5mm,Experiment_2
2025-10-23T00:57:37.569Z,280,1506,5545,603,1888,6636,3358,3404,14082,2610,3077,13512,Day_1,Medium,Intermediate,2.5mm,Experiment_2
2025-10-23T00:57:37.609Z,273,1486,5478,605,1895,6681,3344,3365,13893,2609,3084,13527,Day_1,Medium,Intermediate,2.5mm,Experiment_2
2025-10-23T00:57:37.649Z,265,1464,5407,610,1906,6739,3333,3330,13670,2606,3091,13524,Day_1,Medium,Intermediate,2.5mm,Experiment_2
2025-10-23T00:57:37.689Z,263,1458,5388,614,1917,6768,3325,3328,13566,2596,3088,13484,Day_1,Medium,Intermediate,2.5mm,Experiment_2
2025-10-23T00:57:37.729Z,270,1469,5434,615,1919,6753,3328,3358,13643,2586,3078,13426,Day_1,Medium,Intermediate,2.5mm,Experiment_2
2025-10-23T00:57:37.769Z,284,1486,5501,616,1912,6715,3346,3395,13800,2588,3070,13391,Day_1,Medium,Intermediate,2.5mm,Experiment_2
2025-10-23T00:57:37.809Z,297,1498,5544,618,1902,6685,3362,3420,13923,2595,3068,13398,Day_1,Medium,Intermediate,2.5mm,Experiment_2
2025-10-23T00:57:37.849Z,304,1501,5550,620,1895,6671,3361,3422,13967,2595,3071,13428,Day_1,Medium,Intermediate,2.5mm,Experiment_2
2025-10-23T00:57:37.889Z,305,1499,5535,622,1893,6664,3349,3412,13963,2591,3075,13453,Day_1,Medium,Intermediate,2.5mm,Experiment_2
2025-10-23T00:57:37.929Z,302,1497,5530,623,1891,6649,3342,3407,13991,2588,3072,13459,Day_1,Medium,Intermediate,2.5mm,Experiment_2
2025-10-23T00:57:37.969Z,296,1503,5547,619,1888,6628,3344,3415,14075,2589,3066,13463,Day_1,Medium,Intermediate,2.5mm,Experiment_2
2025-10-23T00:57:38.009Z,291,1511,5566,610,1885,6616,3346,3429,14151,2592,3065,13477,Day_1,Medium,Intermediate,2.5mm,Experiment_2
2025-10-23T00:57:38.049Z,290,1511,5572,605,1880,6614,3349,3439,14177,2596,3070,13497,Day_1,Medium,Intermediate,2.5mm,Experiment_2
2025-10-23T00:57:38.089Z,294,1500,5564,607,1875,6618,3356,3434,14156,2598,3075,13516,Day_1,Medium,Intermediate,2.5mm,Experiment_2
2025-10-23T00:57:38.129Z,299,1488,5536,616,1877,6641,3361,3409,14065,2601,3078,13533,Day_1,Medium,Intermediate,2.5mm,Experiment_2
2025-10-23T00:57:38.169Z,302,1477,5477,627,1892,6698,3348,3368,13881,2604,3083,13555,Day_1,Medium,Intermediate,2.5mm,Experiment_2
2025-10-23T00:57:38.210Z,301,1466,5399,637,1915,6777,3322,3324,13650,2604,3090,13566,Day_1,Medium,Intermediate,2.5mm,Experiment_2
2025-10-23T00:57:38.250Z,298,1460,5349,641,1930,6825,3311,3300,13502,2602,3090,13541,Day_1,Medium,Intermediate,2.5mm,Experiment_2
2025-10-23T00:57:38.290Z,291,1463,5363,634,1928,6810,3322,3308,13534,2602,3078,13487,Day_1,Medium,Intermediate,2.5mm,Experiment_2
2025-10-23T00:57:38.330Z,282,1472,5427,620,1913,6761,3340,3340,13695,2604,3065,13446,Day_1,Medium,Intermediate,2.5mm,Experiment_2
2025-10-23T00:57:38.370Z,274,1486,5500,606,1902,6720,3352,3381,13861,2604,3063,13439,Day_1,Medium,Intermediate,2.5mm,Experiment_2
2025-10-23T00:57:38.410Z,270,1501,5544,599,1903,6705,3352,3417,13939,2599,3072,13455,Day_1,Medium,Intermediate,2.5mm,Experiment_2
2025-10-23T00:57:38.450Z,270,1513,5550,597,1912,6704,3344,3435,13942,2591,3083,13476,Day_1,Medium,Intermediate,2.5mm,Experiment_2
2025-10-23T00:57:38.490Z,275,1517,5545,600,1914,6694,3341,3439,13955,2585,3086,13484,Day_1,Medium,Intermediate,2.5mm,Experiment_2
2025-10-23T00:57:38.530Z,284,1518,5560,605,1904,6673,3355,3446,14028,2588,3082,13475,Day_1,Medium,Intermediate,2.5mm,Experiment_2
2025-10-23T00:57:38.569Z,293,1517,5585,612,1893,6653,3368,3455,14118,2596,3075,13467,Day_1,Medium,Intermediate,2.5mm,Experiment_2
2025-10-23T00:57:38.609Z,301,1512,5598,622,1885,6640,3365,3451,14165,2599,3068,13474,Day_1,Medium,Intermediate,2.5mm,Experiment_2
2025-10-23T00:57:38.649Z,304,1504,5596,629,1878,6635,3355,3443,14160,2598,3065,13488,Day_1,Medium,Intermediate,2.5mm,Experiment_2
2025-10-23T00:57:38.689Z,298,1498,5580,630,1877,6642,3348,3434,14105,2598,3068,13507,Day_1,Medium,Intermediate,2.5mm,Experiment_2
2025-10-23T00:57:38.729Z,287,1490,5533,626,1884,6671,3338,3414,13977,2598,3079,13528,Day_1,Medium,Intermediate,2.5mm,Experiment_2
2025-10-23T00:57:38.769Z,276,1476,5452,622,1897,6718,3328,3379,13781,2602,3092,13539,Day_1,Medium,Intermediate,2.5mm,Experiment_2
2025-10-23T00:57:38.809Z,272,1465,5383,619,1910,6751,3321,3356,13622,2603,3095,13517,Day_1,Medium,Intermediate,2.5mm,Experiment_2
2025-10-23T00:57:38.849Z,279,1464,5382,619,1912,6744,3316,3363,13620,2593,3082,13458,Day_1,Medium,Intermediate,2.5mm,Experiment_2
2025-10-23T00:57:38.889Z,292,1475,5437,621,1906,6711,3314,3388,13747,2582,3066,13408,Day_1,Medium,Intermediate,2.5mm,Experiment_2
2025-10-23T00:57:38.929Z,300,1491,5496,621,1902,6680,3315,3408,13890,2577,3056,13397,Day_1,Medium,Intermediate,2.5mm,Experiment_2
2025-10-23T00:57:38.969Z,297,1500,5529,616,1898,6661,3321,3420,13977,2581,3054,13412,Day_1,Medium,Intermediate,2.5mm,Experiment_2
2025-10-23T00:57:39.009Z,286,1502,5538,610,1892,6656,3338,3422,14008,2589,3056,13432,Day_1,Medium,Intermediate,2.5mm,Experiment_2
2025-10-23T00:57:39.049Z,280,1503,5544,608,1890,6661,3366,3417,14029,2600,3058,13448,Day_1,Medium,Intermediate,2.5mm,Experiment_2
2025-10-23T00:57:39.089Z,283,1505,5556,613,1891,6662,3391,3415,14070,2609,3059,13466,Day_1,Medium,Intermediate,2.5mm,Experiment_2
2025-10-23T00:57:39.129Z,294,1502,5570,620,1886,6649,3395,3425,14112,2611,3063,13482,Day_1,Medium,Intermediate,2.5mm,Experiment_2
2025-10-23T00:57:39.169Z,305,1499,5579,624,1878,6629,3380,3441,14132,2606,3070,13487,Day_1,Medium,Intermediate,2.5mm,Experiment_2
2025-10-23T00:57:39.209Z,310,1499,5578,622,1874,6614,3366,3460,14137,2602,3078,13488,Day_1,Medium,Intermediate,2.5mm,Experiment_2
2025-10-23T00:57:39.249Z,305,1500,5565,615,1877,6612,3369,3483,14129,2607,3087,13495,Day_1,Medium,Intermediate,2.5mm,Experiment_2
2025-10-23T00:57:39.290Z,286,1496,5530,606,1886,6634,3376,3502,14067,2615,3097,13509,Day_1,Medium,Intermediate,2.5mm,Experiment_2
2025-10-23T00:57:39.330Z,266,1483,5471,602,1901,6685,3373,3501,13911,2619,3103,13523,Day_1,Medium,Intermediate,2.5mm,Experiment_2
2025-10-23T00:57:39.370Z,257,1468,5415,606,1913,6742,3365,3463,13728,2615,3097,13511,Day_1,Medium,Intermediate,2.5mm,Experiment_2
2025-10-23T00:57:39.410Z,262,1463,5411,610,1914,6760,3361,3406,13667,2605,3078,13462,Day_1,Medium,Intermediate,2.5mm,Experiment_2
2025-10-23T00:57:39.450Z,276,1477,5459,610,1909,6734,3356,3380,13765,2593,3059,13409,Day_1,Medium,Intermediate,2.5mm,Experiment_2
2025-10-23T00:57:39.490Z,282,1500,5516,606,1908,6697,3348,3394,13912,2587,3054,13389,Day_1,Medium,Intermediate,2.5mm,Experiment_2
2025-10-23T00:57:39.530Z,276,1515,5545,600,1909,6669,3347,3417,14003,2591,3059,13404,Day_1,Medium,Intermediate,2.5mm,Experiment_2
2025-10-23T00:57:39.570Z,266,1512,5543,592,1904,6654,3365,3420,14021,2603,3062,13431,Day_1,Medium,Intermediate,2.5mm,Experiment_2
2025-10-23T00:57:39.610Z,265,1500,5530,591,1894,6648,3385,3412,14013,2611,3064,13453,Day_1,Medium,Intermediate,2.5mm,Experiment_2
2025-10-23T00:57:39.650Z,273,1493,5531,594,1886,6642,3387,3415,14033,2607,3069,13464,Day_1,Medium,Intermediate,2.5mm,Experiment_2
2025-10-23T00:57:39.690Z,280,1496,5547,595,1883,6631,3386,3429,14087,2600,3074,13468,Day_1,Medium,Intermediate,2.5mm,Experiment_2
2025-10-23T00:57:39.730Z,285,1498,5566,595,1879,6624,3395,3438,14134,2604,3078,13475,Day_1,Medium,Intermediate,2.5mm,Experiment_2
2025-10-23T00:57:39.770Z,289,1496,5578,599,1875,6625,3407,3442,14153,2616,3079,13487,Day_1,Medium,Intermediate,2.5mm,Experiment_2
2025-10-23T00:57:39.810Z,292,1494,5578,605,1876,6633,3408,3452,14134,2624,3081,13504,Day_1,Medium,Intermediate,2.5mm,Experiment_2
2025-10-23T00:57:39.850Z,293,1492,5555,611,1886,6657,3388,3456,14046,2621,3089,13532,Day_1,Medium,Intermediate,2.5mm,Experiment_2
2025-10-23T00:57:39.890Z,293,1485,5498,619,1907,6713,3348,3427,13862,2609,3100,13564,Day_1,Medium,Intermediate,2.5mm,Experiment_2
2025-10-23T00:57:39.930Z,291,1472,5420,628,1928,6784,3310,3365,13631,2593,3107,13575,Day_1,Medium,Intermediate,2.5mm,Experiment_2
2025-10-23T00:57:39.970Z,288,1454,5373,633,1930,6823,3300,3317,13501,2581,3101,13543,Day_1,Medium,Intermediate,2.5mm,Experiment_2
2025-10-23T00:57:40.010Z,285,1449,5388,629,1914,6803,3324,3316,13560,2581,3088,13488,Day_1,Medium,Intermediate,2.5mm,Experiment_2
2025-10-23T00:57:40.050Z,287,1459,5448,625,1897,6753,3356,3348,13726,2590,3077,13444,Day_1,Medium,Intermediate,2.5mm,Experiment_2
2025-10-23T00:57:40.090Z,294,1476,5506,624,1889,6712,3372,3385,13868,2597,3075,13426,Day_1,Medium,Intermediate,2.5mm,Experiment_2
2025-10-23T00:57:40.130Z,298,1486,5534,626,1888,6697,3375,3407,13927,2599,3077,13435,Day_1,Medium,Intermediate,2.5mm,Experiment_2
2025-10-23T00:57:40.170Z,296,1488,5534,625,1886,6696,3375,3414,13933,2600,3079,13460,Day_1,Medium,Intermediate,2.5mm,Experiment_2
2025-10-23T00:57:40.210Z,288,1487,5537,617,1880,6682,3374,3422,13968,2601,3079,13473,Day_1,Medium,Intermediate,2.5mm,Experiment_2
2025-10-23T00:57:40.250Z,283,1488,5556,604,1870,6649,3368,3445,14056,2599,3076,13468,Day_1,Medium,Intermediate,2.5mm,Experiment_2
2025-10-23T00:57:40.290Z,283,1495,5578,598,1868,6624,3353,3466,14144,2595,3071,13472,Day_1,Medium,Intermediate,2.5mm,Experiment_2
2025-10-23T00:57:40.330Z,285,1506,5588,597,1876,6617,3333,3462,14190,2591,3066,13492,Day_1,Medium,Intermediate,2.5mm,Experiment_2
2025-10-23T00:57:40.370Z,286,1511,5582,598,1884,6621,3323,3442,14190,2587,3063,13515,Day_1,Medium,Intermediate,2.5mm,Experiment_2
2025-10-23T00:57:40.410Z,285,1503,5557,601,1886,6637,3328,3420,14133,2588,3066,13533,Day_1,Medium,Intermediate,2.5mm,Experiment_2
2025-10-23T00:57:40.450Z,284,1480,5498,609,1886,6674,3333,3395,13989,2593,3079,13555,Day_1,Medium,Intermediate,2.5mm,Experiment_2
2025-10-23T00:57:40.490Z,282,1453,5413,622,1892,6729,3319,3363,13767,2592,3092,13567,Day_1,Medium,Intermediate,2.5mm,Experiment_2
2025-10-23T00:57:40.530Z,277,1438,5352,629,1902,6769,3300,3334,13585,2585,3092,13537,Day_1,Medium,Intermediate,2.5mm,Experiment_2
2025-10-23T00:57:40.570Z,271,1442,5365,625,1904,6768,3299,3325,13571,2578,3077,13471,Day_1,Medium,Intermediate,2.5mm,Experiment_2
2025-10-23T00:57:40.610Z,271,1459,5436,615,1899,6741,3308,3340,13705,2574,3060,13419,Day_1,Medium,Intermediate,2.5mm,Experiment_2
2025-10-23T00:57:40.650Z,276,1479,5510,607,1896,6713,3317,3362,13863,2572,3050,13407,Day_1,Medium,Intermediate,2.5mm,Experiment_2
2025-10-23T00:57:40.690Z,279,1492,5553,603,1896,6698,3330,3373,13960,2577,3048,13422,Day_1,Medium,Intermediate,2.5mm,Experiment_2
2025-10-23T00:57:40.730Z,280,1489,5561,601,1892,6692,3344,3375,13994,2584,3053,13444,Day_1,Medium,Intermediate,2.5mm,Experiment_2
2025-10-23T00:57:40.770Z,284,1481,5557,603,1880,6683,3351,3381,14011,2590,3057,13459,Day_1,Medium,Intermediate,2.5mm,Experiment_2
2025-10-23T00:57:40.810Z,294,1481,5561,611,1871,6666,3356,3396,14047,2591,3059,13462,Day_1,Medium,Intermediate,2.5mm,Experiment_2
2025-10-23T00:57:40.850Z,308,1489,5577,620,1870,6648,3362,3413,14093,2590,3058,13460,Day_1,Medium,Intermediate,2.5mm,Experiment_2
2025-10-23T00:57:40.890Z,319,1498,5589,625,1872,6635,3368,3426,14125,2592,3057,13465,Day_1,Medium,Intermediate,2.5mm,Experiment_2
2025-10-23T00:57:40.930Z,314,1503,5587,619,1875,6622,3375,3438,14138,2598,3057,13477,Day_1,Medium,Intermediate,2.5mm,Experiment_2
2025-10-23T00:57:40.970Z,299,1505,5574,609,1880,6620,3377,3444,14123,2605,3060,13491,Day_1,Medium,Intermediate,2.5mm,Experiment_2
2025-10-23T00:57:41.010Z,284,1500,5544,603,1890,6643,3367,3430,14039,2608,3069,13506,Day_1,Medium,Intermediate,2.5mm,Experiment_2
2025-10-23T00:57:41.050Z,269,1487,5486,602,1903,6693,3344,3393,13865,2604,3079,13516,Day_1,Medium,Intermediate,2.5mm,Experiment_2
2025-10-23T00:57:41.090Z,258,1470,5427,604,1913,6737,3322,3348,13700,2592,3082,13497,Day_1,Medium,Intermediate,2.5mm,Experiment_2
2025-10-23T00:57:41.130Z,261,1462,5420,611,1909,6744,3322,3325,13678,2581,3067,13440,Day_1,Medium,Intermediate,2.5mm,Experiment_2
2025-10-23T00:57:41.170Z,278,1469,5466,619,1898,6718,3339,3336,13792,2575,3046,13385,Day_1,Medium,Intermediate,2.5mm,Experiment_2
2025-10-23T00:57:41.210Z,292,1484,5517,621,1890,6686,3358,3374,13926,2579,3038,13375,Day_1,Medium,Intermediate,2.5mm,Experiment_2
2025-10-23T00:57:41.250Z,291,1495,5544,611,1889,6667,3377,3412,14009,2592,3045,13405,Day_1,Medium,Intermediate,2.5mm,Experiment_2
2025-10-23T00:57:41.290Z,284,1499,5553,601,1892,6662,3392,3427,14035,2605,3054,13441,Day_1,Medium,Intermediate,2.5mm,Experiment_2
2025-10-23T00:57:41.330Z,283,1497,5559,598,1893,6667,3391,3421,14033,2609,3058,13462,Day_1,Medium,Intermediate,2.5mm,Experiment_2
2025-10-23T00:57:41.370Z,287,1499,5570,601,1889,6668,3378,3417,14050,2604,3060,13469,Day_1,Medium,Intermediate,2.5mm,Experiment_2
2025-10-23T00:57:41.410Z,293,1506,5588,604,1886,6660,3366,3423,14096,2597,3061,13474,Day_1,Medium,Intermediate,2.5mm,Experiment_2
2025-10-23T00:57:41.450Z,294,1513,5602,606,1883,6648,3355,3435,14139,2591,3064,13478,Day_1,Medium,Intermediate,2.5mm,Experiment_2
2025-10-23T00:57:41.490Z,292,1511,5601,604,1879,6637,3344,3439,14158,2586,3067,13486,Day_1,Medium,Intermediate,2.5mm,Experiment_2
2025-10-23T00:57:41.530Z,291,1502,5587,604,1876,6631,3337,3427,14141,2584,3070,13500,Day_1,Medium,Intermediate,2.5mm,Experiment_2
2025-10-23T00:57:41.570Z,292,1489,5555,608,1880,6646,3331,3399,14059,2585,3074,13521,Day_1,Medium,Intermediate,2.5mm,Experiment_2
2025-10-23T00:57:41.610Z,290,1474,5493,617,1894,6697,3318,3357,13877,2587,3083,13541,Day_1,Medium,Intermediate,2.5mm,Experiment_2
2025-10-23T00:57:41.650Z,279,1462,5415,621,1914,6765,3308,3312,13651,2588,3092,13541,Day_1,Medium,Intermediate,2.5mm,Experiment_2
2025-10-23T00:57:41.690Z,266,1462,5376,618,1927,6802,3310,3291,13540,2589,3089,13504,Day_1,Medium,Intermediate,2.5mm,Experiment_2
2025-10-23T00:57:41.730Z,263,1474,5412,611,1925,6790,3324,3311,13614,2590,3077,13449,Day_1,Medium,Intermediate,2.5mm,Experiment_2
2025-10-23T00:57:41.770Z,269,1486,5485,607,1914,6751,3340,3357,13779,2590,3068,13413,Day_1,Medium,Intermediate,2.5mm,Experiment_2
2025-10-23T00:57:41.810Z,275,1491,5532,605,1900,6709,3353,3393,13910,2587,3065,13412,Day_1,Medium,Intermediate,2.5mm,Experiment_2
2025-10-23T00:57:41.850Z,278,1487,5536,604,1888,6685,3360,3402,13956,2586,3066,13439,Day_1,Medium,Intermediate,2.5mm,Experiment_2
2025-10-23T00:57:41.890Z,282,1481,5519,607,1882,6674,3356,3400,13950,2585,3071,13471,Day_1,Medium,Intermediate,2.5mm,Experiment_2
2025-10-23T00:57:41.930Z,285,1484,5521,610,1879,6661,3349,3410,13978,2587,3075,13479,Day_1,Medium,Intermediate,2.5mm,Experiment_2
2025-10-23T00:57:41.970Z,286,1495,5552,609,1876,6640,3354,3434,14062,2592,3078,13469,Day_1,Medium,Intermediate,2.5mm,Experiment_2
2025-10-23T00:57:42.010Z,289,1508,5581,609,1875,6627,3362,3454,14135,2595,3083,13469,Day_1,Medium,Intermediate,2.5mm,Experiment_2
2025-10-23T00:57:42.050Z,298,1517,5593,614,1878,6629,3361,3456,14154,2595,3087,13481,Day_1,Medium,Intermediate,2.5mm,Experiment_2
2025-10-23T00:57:42.090Z,307,1519,5591,621,1884,6638,3356,3443,14126,2595,3086,13492,Day_1,Medium,Intermediate,2.5mm,Experiment_2
2025-10-23T00:57:42.130Z,308,1510,5565,625,1891,6655,3350,3428,14051,2598,3087,13507,Day_1,Medium,Intermediate,2.5mm,Experiment_2
2025-10-23T00:57:42.170Z,303,1491,5499,631,1901,6693,3335,3414,13897,2599,3098,13535,Day_1,Medium,Intermediate,2.5mm,Experiment_2
2025-10-23T00:57:42.210Z,295,1468,5403,634,1913,6752,3323,3388,13676,2600,3110,13553,Day_1,Medium,Intermediate,2.5mm,Experiment_2
2025-10-23T00:57:42.250Z,284,1453,5337,628,1918,6794,3328,3361,13513,2601,3109,13532,Day_1,Medium,Intermediate,2.5mm,Experiment_2
2025-10-23T00:57:42.290Z,275,1452,5345,617,1909,6787,3346,3355,13527,2601,3094,13480,Day_1,Medium,Intermediate,2.5mm,Experiment_2
2025-10-23T00:57:42.330Z,274,1461,5408,609,1896,6743,3366,3371,13679,2600,3077,13440,Day_1,Medium,Intermediate,2.5mm,Experiment_2
2025-10-23T00:57:42.370Z,279,1471,5475,606,1888,6698,3378,3389,13840,2596,3065,13429,Day_1,Medium,Intermediate,2.5mm,Experiment_2
2025-10-23T00:57:42.410Z,283,1477,5513,605,1888,6675,3383,3392,13925,2595,3061,13442,Day_1,Medium,Intermediate,2.5mm,Experiment_2
2025-10-23T00:57:42.450Z,285,1480,5520,605,1889,6672,3384,3381,13937,2601,3060,13465,Day_1,Medium,Intermediate,2.5mm,Experiment_2
2025-10-23T00:57:42.490Z,286,1485,5519,604,1886,6669,3382,3371,13947,2607,3058,13480,Day_1,Medium,Intermediate,2.5mm,Experiment_2
2025-10-23T00:57:42.531Z,287,1492,5538,604,1880,6655,3383,3380,14002,2611,3057,13479,Day_1,Medium,Intermediate,2.5mm,Experiment_2
2025-10-23T00:57:42.571Z,288,1499,5572,605,1876,6640,3389,3396,14079,2614,3058,13476,Day_1,Medium,Intermediate,2.5mm,Experiment_2
2025-10-23T00:57:42.611Z,292,1504,5600,611,1878,6633,3397,3406,14130,2616,3063,13478,Day_1,Medium,Intermediate,2.5mm,Experiment_2
2025-10-23T00:57:42.651Z,299,1509,5610,618,1884,6635,3396,3414,14141,2617,3070,13481,Day_1,Medium,Intermediate,2.5mm,Experiment_2
2025-10-23T00:57:42.691Z,302,1507,5600,623,1887,6645,3388,3420,14115,2615,3076,13490,Day_1,Medium,Intermediate,2.5mm,Experiment_2
2025-10-23T00:57:42.731Z,295,1493,5556,622,1888,6668,3375,3410,14026,2610,3081,13510,Day_1,Medium,Intermediate,2.5mm,Experiment_2
2025-10-23T00:57:42.771Z,279,1473,5477,616,1892,6708,3355,3374,13853,2603,3084,13527,Day_1,Medium,Intermediate,2.5mm,Experiment_2
2025-10-23T00:57:42.811Z,267,1454,5410,610,1896,6743,3335,3336,13690,2592,3080,13508,Day_1,Medium,Intermediate,2.5mm,Experiment_2
2025-10-23T00:57:42.851Z,266,1448,5408,608,1891,6741,3332,3327,13681,2583,3066,13453,Day_1,Medium,Intermediate,2.5mm,Experiment_2
2025-10-23T00:57:42.890Z,273,1454,5456,610,1879,6705,3351,3348,13814,2584,3049,13403,Day_1,Medium,Intermediate,2.5mm,Experiment_2
2025-10-23T00:57:42.930Z,280,1468,5505,612,1873,6667,3374,3376,13955,2591,3041,13394,Day_1,Medium,Intermediate,2.5mm,Experiment_2
2025-10-23T00:57:42.970Z,279,1483,5528,610,1878,6646,3376,3396,14034,2592,3045,13417,Day_1,Medium,Intermediate,2.5mm,Experiment_2
2025-10-23T00:57:43.010Z,272,1493,5530,605,1886,6638,3358,3405,14054,2589,3055,13443,Day_1,Medium,Intermediate,2.5mm,Experiment_2
2025-10-23T00:57:43.050Z,268,1498,5527,599,1892,6638,3342,3405,14055,2587,3063,13457,Day_1,Medium,Intermediate,2.5mm,Experiment_2
2025-10-23T00:57:43.090Z,271,1503,5536,598,1896,6640,3344,3406,14076,2593,3067,13466,Day_1,Medium,Intermediate,2.5mm,Experiment_2
2025-10-23T00:57:43.130Z,286,1510,5559,606,1897,6640,3356,3415,14114,2601,3073,13474,Day_1,Medium,Intermediate,2.5mm,Experiment_2
2025-10-23T00:57:43.170Z,303,1515,5581,618,1892,6635,3359,3433,14141,2603,3079,13478,Day_1,Medium,Intermediate,2.5mm,Experiment_2
2025-10-23T00:57:43.210Z,312,1514,5590,625,1884,6627,3351,3451,14149,2599,3084,13477,Day_1,Medium,Intermediate,2.5mm,Experiment_2
2025-10-23T00:57:43.251Z,311,1503,5583,623,1873,6625,3338,3459,14140,2593,3085,13483,Day_1,Medium,Intermediate,2.5mm,Experiment_2
2025-10-23T00:57:43.291Z,300,1486,5552,616,1869,6644,3316,3447,14086,2588,3087,13505,Day_1,Medium,Intermediate,2.5mm,Experiment_2
2025-10-23T00:57:43.331Z,284,1474,5491,612,1883,6698,3282,3414,13935,2580,3093,13532,Day_1,Medium,Intermediate,2.5mm,Experiment_2
2025-10-23T00:57:43.371Z,270,1470,5426,613,1911,6762,3254,3377,13730,2571,3100,13532,Day_1,Medium,Intermediate,2.5mm,Experiment_2
2025-10-23T00:57:43.411Z,263,1471,5406,612,1927,6786,3259,3361,13625,2566,3093,13486,Day_1,Medium,Intermediate,2.5mm,Experiment_2
2025-10-23T00:57:43.451Z,261,1477,5444,605,1921,6757,3295,3367,13692,2567,3072,13424,Day_1,Medium,Intermediate,2.5mm,Experiment_2
2025-10-23T00:57:43.491Z,264,1487,5498,599,1905,6708,3327,3380,13839,2571,3052,13392,Day_1,Medium,Intermediate,2.5mm,Experiment_2
2025-10-23T00:57:43.531Z,268,1493,5527,596,1893,6672,3338,3390,13957,2575,3045,13403,Day_1,Medium,Intermediate,2.5mm,Experiment_2
2025-10-23T00:57:43.571Z,270,1491,5528,597,1886,6662,3339,3392,14005,2582,3051,13435,Day_1,Medium,Intermediate,2.5mm,Experiment_2
2025-10-23T00:57:43.611Z,270,1489,5525,597,1884,6670,3344,3392,14001,2591,3061,13457,Day_1,Medium,Intermediate,2.5mm,Experiment_2
2025-10-23T00:57:43.651Z,274,1496,5541,599,1887,6672,3355,3401,14015,2599,3067,13458,Day_1,Medium,Intermediate,2.5mm,Experiment_2
2025-10-23T00:57:43.691Z,282,1507,5572,602,1889,6662,3360,3418,14077,2603,3065,13454,Day_1,Medium,Intermediate,2.5mm,Experiment_2
2025-10-23T00:57:43.731Z,291,1511,5596,607,1887,6650,3356,3435,14142,2606,3063,13467,Day_1,Medium,Intermediate,2.5mm,Experiment_2
2025-10-23T00:57:43.771Z,294,1506,5599,608,1882,6643,3358,3447,14172,2613,3068,13492,Day_1,Medium,Intermediate,2.5mm,Experiment_2
2025-10-23T00:57:43.811Z,290,1498,5583,605,1877,6642,3370,3455,14160,2621,3079,13519,Day_1,Medium,Intermediate,2.5mm,Experiment_2
2025-10-23T00:57:43.851Z,282,1488,5548,601,1879,6660,3374,3445,14073,2623,3092,13544,Day_1,Medium,Intermediate,2.5mm,Experiment_2
2025-10-23T00:57:43.891Z,274,1474,5481,604,1892,6712,3358,3406,13878,2617,3101,13567,Day_1,Medium,Intermediate,2.5mm,Experiment_2
2025-10-23T00:57:43.931Z,264,1456,5393,609,1909,6777,3333,3351,13625,2609,3104,13572,Day_1,Medium,Intermediate,2.5mm,Experiment_2
2025-10-23T00:57:43.971Z,255,1446,5332,612,1918,6809,3317,3314,13468,2599,3096,13543,Day_1,Medium,Intermediate,2.5mm,Experiment_2
2025-10-23T00:57:44.011Z,257,1450,5345,611,1914,6788,3308,3308,13505,2587,3077,13494,Day_1,Medium,Intermediate,2.5mm,Experiment_2
2025-10-23T00:57:44.051Z,266,1465,5410,609,1905,6739,3306,3328,13668,2576,3060,13459,Day_1,Medium,Intermediate,2.5mm,Experiment_2
2025-10-23T00:57:44.091Z,274,1480,5472,606,1899,6694,3315,3363,13829,2571,3057,13453,Day_1,Medium,Intermediate,2.5mm,Experiment_2
2025-10-23T00:57:44.131Z,274,1491,5502,604,1898,6672,3329,3395,13912,2576,3067,13466,Day_1,Medium,Intermediate,2.5mm,Experiment_2
2025-10-23T00:57:44.171Z,268,1495,5505,600,1897,6672,3340,3415,13925,2587,3080,13484,Day_1,Medium,Intermediate,2.5mm,Experiment_2
2025-10-23T00:57:44.211Z,266,1493,5512,596,1893,6671,3354,3432,13955,2598,3086,13490,Day_1,Medium,Intermediate,2.5mm,Experiment_2
2025-10-23T00:57:44.251Z,270,1489,5539,596,1881,6655,3368,3454,14045,2605,3087,13482,Day_1,Medium,Intermediate,2.5mm,Experiment_2
2025-10-23T00:57:44.291Z,277,1485,5571,598,1867,6637,3376,3468,14138,2608,3085,13477,Day_1,Medium,Intermediate,2.5mm,Experiment_2
2025-10-23T00:57:44.331Z,284,1484,5590,600,1857,6630,3379,3465,14172,2607,3085,13477,Day_1,Medium,Intermediate,2.5mm,Experiment_2
2025-10-23T00:57:44.371Z,293,1487,5589,605,1859,6631,3389,3449,14154,2609,3085,13482,Day_1,Medium,Intermediate,2.5mm,Experiment_2
2025-10-23T00:57:44.411Z,301,1487,5569,613,1868,6644,3402,3426,14101,2612,3082,13498,Day_1,Medium,Intermediate,2.5mm,Experiment_2
2025-10-23T00:57:44.451Z,301,1480,5523,619,1881,6677,3393,3393,13993,2610,3080,13529,Day_1,Medium,Intermediate,2.5mm,Experiment_2
2025-10-23T00:57:44.491Z,287,1469,5452,619,1899,6730,3357,3355,13809,2602,3082,13552,Day_1,Medium,Intermediate,2.5mm,Experiment_2
2025-10-23T00:57:44.531Z,267,1464,5399,613,1916,6774,3323,3336,13648,2592,3083,13530,Day_1,Medium,Intermediate,2.5mm,Experiment_2
2025-10-23T00:57:44.571Z,258,1469,5410,607,1920,6776,3320,3346,13648,2587,3078,13467,Day_1,Medium,Intermediate,2.5mm,Experiment_2
2025-10-23T00:57:44.611Z,267,1481,5466,608,1909,6746,3336,3372,13784,2586,3071,13416,Day_1,Medium,Intermediate,2.5mm,Experiment_2
2025-10-23T00:57:44.651Z,283,1493,5518,613,1899,6709,3345,3392,13931,2586,3065,13408,Day_1,Medium,Intermediate,2.5mm,Experiment_2
2025-10-23T00:57:44.691Z,290,1499,5540,614,1893,6680,3341,3402,14016,2587,3064,13431,Day_1,Medium,Intermediate,2.5mm,Experiment_2
2025-10-23T00:57:44.731Z,285,1496,5542,608,1889,6665,3334,3412,14037,2586,3066,13454,Day_1,Medium,Intermediate,2.5mm,Experiment_2
2025-10-23T00:57:44.771Z,276,1491,5541,601,1887,6658,3332,3418,14033,2586,3065,13463,Day_1,Medium,Intermediate,2.5mm,Experiment_2
2025-10-23T00:57:44.811Z,275,1493,5546,598,1888,6647,3341,3415,14046,2591,3060,13471,Day_1,Medium,Intermediate,2.5mm,Experiment_2
2025-10-23T00:57:44.851Z,277,1500,5558,597,1888,6632,3361,3414,14085,2604,3058,13484,Day_1,Medium,Intermediate,2.5mm,Experiment_2
2025-10-23T00:57:44.891Z,280,1508,5572,595,1887,6622,3376,3424,14127,2614,3064,13494,Day_1,Medium,Intermediate,2.5mm,Experiment_2
2025-10-23T00:57:44.931Z,283,1512,5583,596,1883,6620,3380,3432,14150,2614,3069,13496,Day_1,Medium,Intermediate,2.5mm,Experiment_2
2025-10-23T00:57:44.971Z,289,1509,5581,603,1880,6628,3380,3427,14137,2611,3072,13496,Day_1,Medium,Intermediate,2.5mm,Experiment_2
2025-10-23T00:57:45.011Z,293,1497,5551,612,1880,6650,3373,3412,14064,2607,3079,13508,Day_1,Medium,Intermediate,2.5mm,Experiment_2
2025-10-23T00:57:45.051Z,289,1478,5484,617,1888,6693,3350,3390,13900,2599,3091,13525,Day_1,Medium,Intermediate,2.5mm,Experiment_2
2025-10-23T00:57:45.091Z,281,1461,5416,615,1899,6738,3328,3360,13716,2589,3095,13516,Day_1,Medium,Intermediate,2.5mm,Experiment_2
2025-10-23T00:57:45.131Z,280,1460,5401,612,1907,6749,3335,3343,13659,2581,3081,13469,Day_1,Medium,Intermediate,2.5mm,Experiment_2
2025-10-23T00:57:45.171Z,285,1475,5444,609,1906,6718,3363,3361,13763,2579,3063,13420,Day_1,Medium,Intermediate,2.5mm,Experiment_2
2025-10-23T00:57:45.211Z,286,1494,5500,606,1900,6678,3388,3398,13913,2585,3057,13403,Day_1,Medium,Intermediate,2.5mm,Experiment_2
2025-10-23T00:57:45.251Z,283,1507,5536,605,1899,6655,3395,3426,14001,2595,3059,13416,Day_1,Medium,Intermediate,2.5mm,Experiment_2
2025-10-23T00:57:45.291Z,281,1512,5547,606,1904,6654,3393,3430,14015,2604,3062,13441,Day_1,Medium,Intermediate,2.5mm,Experiment_2
2025-10-23T00:57:45.331Z,279,1508,5544,604,1905,6660,3389,3423,14001,2610,3062,13463,Day_1,Medium,Intermediate,2.5mm,Experiment_2
2025-10-23T00:57:45.371Z,280,1500,5547,603,1895,6659,3381,3427,14015,2609,3062,13471,Day_1,Medium,Intermediate,2.5mm,Experiment_2
2025-10-23T00:57:45.411Z,289,1496,5563,606,1883,6644,3371,3433,14070,2608,3062,13472,Day_1,Medium,Intermediate,2.5mm,Experiment_2
2025-10-23T00:57:45.451Z,299,1497,5579,610,1876,6630,3367,3425,14124,2608,3059,13477,Day_1,Medium,Intermediate,2.5mm,Experiment_2
2025-10-23T00:57:45.491Z,303,1497,5587,608,1871,6628,3364,3412,14146,2608,3056,13487,Day_1,Medium,Intermediate,2.5mm,Experiment_2
2025-10-23T00:57:45.531Z,295,1494,5585,601,1871,6638,3350,3404,14134,2603,3060,13504,Day_1,Medium,Intermediate,2.5mm,Experiment_2
2025-10-23T00:57:45.571Z,281,1491,5562,595,1879,6667,3323,3395,14060,2593,3072,13532,Day_1,Medium,Intermediate,2.5mm,Experiment_2
2025-10-23T00:57:45.611Z,269,1487,5501,598,1899,6725,3300,3375,13887,2588,3092,13566,Day_1,Medium,Intermediate,2.5mm,Experiment_2
2025-10-23T00:57:45.651Z,263,1482,5415,610,1923,6792,3303,3348,13655,2594,3118,13579,Day_1,Medium,Intermediate,2.5mm,Experiment_2
2025-10-23T00:57:45.691Z,265,1477,5356,619,1935,6822,3322,3324,13511,2601,3136,13550,Day_1,Medium,Intermediate,2.5mm,Experiment_2
2025-10-23T00:57:45.731Z,270,1478,5368,619,1928,6799,3336,3318,13550,2599,3130,13497,Day_1,Medium,Intermediate,2.5mm,Experiment_2
2025-10-23T00:57:45.771Z,277,1482,5429,616,1912,6749,3341,3335,13707,2595,3102,13458,Day_1,Medium,Intermediate,2.5mm,Experiment_2
2025-10-23T00:57:45.811Z,287,1486,5490,616,1898,6709,3350,3366,13857,2596,3076,13447,Day_1,Medium,Intermediate,2.5mm,Experiment_2
2025-10-23T00:57:45.851Z,295,1489,5522,618,1892,6696,3365,3396,13924,2603,3070,13456,Day_1,Medium,Intermediate,2.5mm,Experiment_2
2025-10-23T00:57:45.891Z,296,1493,5525,616,1894,6698,3377,3414,13931,2611,3077,13474,Day_1,Medium,Intermediate,2.5mm,Experiment_2
2025-10-23T00:57:45.931Z,292,1497,5527,608,1894,6684,3381,3420,13962,2616,3080,13483,Day_1,Medium,Intermediate,2.5mm,Experiment_2
2025-10-23T00:57:45.971Z,291,1505,5542,602,1889,6646,3383,3431,14047,2617,3075,13478,Day_1,Medium,Intermediate,2.5mm,Experiment_2
2025-10-23T00:57:46.011Z,291,1513,5558,599,1888,6613,3387,3446,14133,2616,3071,13479,Day_1,Medium,Intermediate,2.5mm,Experiment_2
2025-10-23T00:57:46.051Z,290,1516,5564,599,1888,6603,3386,3452,14179,2611,3068,13494,Day_1,Medium,Intermediate,2.5mm,Experiment_2
2025-10-23T00:57:46.091Z,287,1510,5565,598,1885,6613,3375,3440,14181,2598,3064,13511,Day_1,Medium,Intermediate,2.5mm,Experiment_2
2025-10-23T00:57:46.131Z,282,1502,5554,597,1886,6638,3358,3416,14128,2590,3067,13531,Day_1,Medium,Intermediate,2.5mm,Experiment_2
2025-10-23T00:57:46.171Z,276,1490,5511,599,1898,6687,3343,3388,13985,2594,3079,13556,Day_1,Medium,Intermediate,2.5mm,Experiment_2
2025-10-23T00:57:46.211Z,270,1469,5440,607,1913,6754,3329,3352,13765,2598,3095,13568,Day_1,Medium,Intermediate,2.5mm,Experiment_2
2025-10-23T00:57:46.251Z,269,1453,5387,614,1921,6803,3317,3324,13593,2590,3097,13539,Day_1,Medium,Intermediate,2.5mm,Experiment_2
2025-10-23T00:57:46.291Z,270,1458,5392,613,1921,6797,3314,3329,13592,2572,3083,13476,Day_1,Medium,Intermediate,2.5mm,Experiment_2
2025-10-23T00:57:46.331Z,270,1479,5438,607,1918,6749,3317,3365,13721,2558,3065,13422,Day_1,Medium,Intermediate,2.5mm,Experiment_2
2025-10-23T00:57:46.371Z,270,1497,5489,604,1912,6703,3328,3403,13863,2559,3055,13407,Day_1,Medium,Intermediate,2.5mm,Experiment_2
2025-10-23T00:57:46.411Z,278,1500,5528,608,1903,6682,3348,3420,13946,2573,3055,13421,Day_1,Medium,Intermediate,2.5mm,Experiment_2
2025-10-23T00:57:46.451Z,290,1495,5548,618,1893,6684,3371,3417,13972,2590,3061,13443,Day_1,Medium,Intermediate,2.5mm,Experiment_2
2025-10-23T00:57:46.491Z,297,1488,5556,625,1883,6686,3386,3415,13992,2599,3067,13457,Day_1,Medium,Intermediate,2.5mm,Experiment_2
2025-10-23T00:57:46.531Z,300,1490,5561,627,1878,6671,3385,3422,14043,2600,3067,13464,Day_1,Medium,Intermediate,2.5mm,Experiment_2
2025-10-23T00:57:46.571Z,302,1502,5567,626,1880,6644,3373,3438,14109,2599,3066,13474,Day_1,Medium,Intermediate,2.5mm,Experiment_2
2025-10-23T00:57:46.611Z,303,1515,5576,623,1881,6626,3371,3460,14151,2604,3072,13485,Day_1,Medium,Intermediate,2.5mm,Experiment_2
2025-10-23T00:57:46.651Z,302,1522,5586,620,1881,6624,3383,3482,14158,2613,3083,13494,Day_1,Medium,Intermediate,2.5mm,Experiment_2
2025-10-23T00:57:46.691Z,299,1528,5585,616,1886,6632,3393,3484,14134,2618,3088,13502,Day_1,Medium,Intermediate,2.5mm,Experiment_2
2025-10-23T00:57:46.731Z,294,1531,5555,613,1897,6652,3384,3447,14051,2616,3083,13512,Day_1,Medium,Intermediate,2.5mm,Experiment_2
2025-10-23T00:57:46.771Z,285,1527,5493,613,1904,6694,3359,3380,13885,2607,3074,13517,Day_1,Medium,Intermediate,2.5mm,Experiment_2
2025-10-23T00:57:46.811Z,276,1515,5433,615,1907,6739,3336,3327,13714,2594,3067,13493,Day_1,Medium,Intermediate,2.5mm,Experiment_2
2025-10-23T00:57:46.852Z,275,1502,5427,618,1908,6748,3326,3325,13668,2579,3059,13429,Day_1,Medium,Intermediate,2.5mm,Experiment_2
2025-10-23T00:57:46.892Z,280,1496,5475,616,1905,6721,3319,3370,13764,2567,3055,13370,Day_1,Medium,Intermediate,2.5mm,Experiment_2
2025-10-23T00:57:46.932Z,283,1500,5531,606,1901,6689,3308,3416,13898,2561,3054,13361,Day_1,Medium,Intermediate,2.5mm,Experiment_2
2025-10-23T00:57:46.972Z,282,1506,5566,598,1901,6674,3302,3424,13990,2564,3050,13393,Day_1,Medium,Intermediate,2.5mm,Experiment_2
2025-10-23T00:57:47.012Z,283,1512,5576,596,1905,6675,3311,3404,14027,2577,3050,13433,Day_1,Medium,Intermediate,2.5mm,Experiment_2
2025-10-23T00:57:47.052Z,283,1513,5574,599,1906,6677,3334,3392,14040,2595,3058,13459,Day_1,Medium,Intermediate,2.5mm,Experiment_2
2025-10-23T00:57:47.092Z,281,1510,5582,600,1897,6676,3361,3402,14071,2607,3068,13469,Day_1,Medium,Intermediate,2.5mm,Experiment_2
2025-10-23T00:57:47.132Z,282,1505,5598,599,1883,6669,3369,3425,14124,2606,3074,13476,Day_1,Medium,Intermediate,2.5mm,Experiment_2
2025-10-23T00:57:47.172Z,287,1500,5603,600,1874,6655,3352,3448,14168,2597,3075,13483,Day_1,Medium,Intermediate,2.5mm,Experiment_2
2025-10-23T00:57:47.211Z,293,1498,5596,602,1871,6642,3334,3460,14190,2594,3074,13492,Day_1,Medium,Intermediate,2.5mm,Experiment_2
2025-10-23T00:57:47.251Z,296,1500,5587,605,1876,6642,3332,3455,14175,2600,3076,13504,Day_1,Medium,Intermediate,2.5mm,Experiment_2
2025-10-23T00:57:47.291Z,294,1501,5557,608,1889,6660,3335,3427,14084,2609,3079,13521,Day_1,Medium,Intermediate,2.5mm,Experiment_2
2025-10-23T00:57:47.331Z,285,1495,5488,611,1910,6704,3329,3382,13887,2613,3088,13542,Day_1,Medium,Intermediate,2.5mm,Experiment_2
2025-10-23T00:57:47.371Z,273,1483,5402,615,1933,6762,3315,3332,13646,2607,3094,13544,Day_1,Medium,Intermediate,2.5mm,Experiment_2
2025-10-23T00:57:47.411Z,268,1474,5359,618,1942,6790,3306,3299,13520,2595,3083,13505,Day_1,Medium,Intermediate,2.5mm,Experiment_2
2025-10-23T00:57:47.451Z,270,1478,5385,617,1932,6765,3310,3305,13590,2584,3062,13449,Day_1,Medium,Intermediate,2.5mm,Experiment_2
2025-10-23T00:57:47.491Z,274,1493,5445,612,1918,6715,3328,3334,13761,2581,3045,13419,Day_1,Medium,Intermediate,2.5mm,Experiment_2
2025-10-23T00:57:47.531Z,275,1506,5498,604,1909,6679,3353,3360,13902,2585,3041,13425,Day_1,Medium,Intermediate,2.5mm,Experiment_2
2025-10-23T00:57:47.572Z,279,1511,5523,603,1906,6673,3373,3378,13954,2590,3051,13452,Day_1,Medium,Intermediate,2.5mm,Experiment_2
2025-10-23T00:57:47.612Z,287,1507,5526,607,1904,6680,3376,3388,13955,2594,3066,13478,Day_1,Medium,Intermediate,2.5mm,Experiment_2
2025-10-23T00:57:47.652Z,290,1503,5532,607,1898,6670,3374,3399,13988,2597,3070,13481,Day_1,Medium,Intermediate,2.5mm,Experiment_2
2025-10-23T00:57:47.692Z,283,1503,5556,596,1887,6646,3380,3413,14071,2603,3065,13470,Day_1,Medium,Intermediate,2.5mm,Experiment_2
2025-10-23T00:57:47.732Z,278,1504,5584,588,1882,6631,3383,3422,14143,2608,3064,13469,Day_1,Medium,Intermediate,2.5mm,Experiment_2
2025-10-23T00:57:47.772Z,285,1504,5598,592,1882,6630,3376,3421,14164,2608,3064,13477,Day_1,Medium,Intermediate,2.5mm,Experiment_2
2025-10-23T00:57:47.812Z,296,1503,5593,603,1884,6633,3363,3416,14139,2603,3065,13488,Day_1,Medium,Intermediate,2.5mm,Experiment_2
2025-10-23T00:57:47.852Z,300,1499,5566,614,1889,6651,3352,3412,14057,2600,3071,13507,Day_1,Medium,Intermediate,2.5mm,Experiment_2
2025-10-23T00:57:47.892Z,296,1489,5504,623,1901,6699,3338,3397,13893,2601,3086,13539,Day_1,Medium,Intermediate,2.5mm,Experiment_2
2025-10-23T00:57:47.932Z,289,1473,5413,630,1916,6763,3312,3367,13667,2595,3100,13556,Day_1,Medium,Intermediate,2.5mm,Experiment_2
2025-10-23T00:57:47.972Z,285,1461,5349,632,1925,6804,3292,3345,13499,2580,3101,13530,Day_1,Medium,Intermediate,2.5mm,Experiment_2
2025-10-23T00:57:48.012Z,287,1462,5360,632,1922,6797,3299,3358,13507,2571,3091,13473,Day_1,Medium,Intermediate,2.5mm,Experiment_2
2025-10-23T00:57:48.052Z,294,1476,5425,630,1912,6757,3324,3396,13659,2575,3083,13433,Day_1,Medium,Intermediate,2.5mm,Experiment_2
2025-10-23T00:57:48.092Z,297,1493,5491,625,1906,6717,3345,3427,13824,2584,3081,13425,Day_1,Medium,Intermediate,2.5mm,Experiment_2
2025-10-23T00:57:48.132Z,299,1502,5526,620,1903,6697,3349,3433,13906,2591,3082,13437,Day_1,Medium,Intermediate,2.5mm,Experiment_2
2025-10-23T00:57:48.172Z,307,1501,5532,617,1902,6695,3346,3422,13913,2596,3084,13455,Day_1,Medium,Intermediate,2.5mm,Experiment_2
2025-10-23T00:57:48.212Z,327,1498,5533,615,1901,6693,3347,3411,13928,2598,3083,13467,Day_1,Medium,Intermediate,2.5mm,Experiment_2
2025-10-23T00:57:48.252Z,343,1500,5549,615,1899,6675,3354,3409,14002,2595,3077,13470,Day_1,Medium,Intermediate,2.5mm,Experiment_2
2025-10-23T00:57:48.292Z,337,1507,5571,616,1895,6649,3362,3413,14095,2594,3070,13475,Day_1,Medium,Intermediate,2.5mm,Experiment_2
2025-10-23T00:57:48.332Z,321,1515,5584,617,1892,6630,3368,3419,14156,2598,3067,13485,Day_1,Medium,Intermediate,2.5mm,Experiment_2
2025-10-23T00:57:48.372Z,308,1519,5588,616,1892,6626,3366,3430,14177,2602,3068,13497,Day_1,Medium,Intermediate,2.5mm,Experiment_2
2025-10-23T00:57:48.412Z,301,1518,5577,615,1894,6638,3358,3433,14150,2602,3072,13507,Day_1,Medium,Intermediate,2.5mm,Experiment_2
2025-10-23T00:57:48.452Z,293,1508,5538,613,1901,6670,3347,3415,14032,2601,3082,13515,Day_1,Medium,Intermediate,2.5mm,Experiment_2
2025-10-23T00:57:48.492Z,281,1491,5470,611,1911,6722,3341,3379,13827,2604,3095,13519,Day_1,Medium,Intermediate,2.5mm,Experiment_2
2025-10-23T00:57:48.532Z,271,1474,5412,611,1915,6762,3348,3345,13661,2606,3098,13499,Day_1,Medium,Intermediate,2.5mm,Experiment_2
2025-10-23T00:57:48.572Z,269,1467,5411,610,1908,6756,3366,3339,13664,2602,3084,13446,Day_1,Medium,Intermediate,2.5mm,Experiment_2
2025-10-23T00:57:48.612Z,274,1474,5457,607,1897,6715,3380,3361,13800,2595,3063,13396,Day_1,Medium,Intermediate,2.5mm,Experiment_2
2025-10-23T00:57:48.652Z,277,1489,5505,603,1892,6676,3383,3384,13945,2592,3048,13387,Day_1,Medium,Intermediate,2.5mm,Experiment_2
2025-10-23T00:57:48.692Z,279,1500,5535,601,1890,6656,3384,3394,14031,2596,3042,13415,Day_1,Medium,Intermediate,2.5mm,Experiment_2
2025-10-23T00:57:48.732Z,279,1502,5548,601,1888,6653,3384,3396,14046,2604,3043,13442,Day_1,Medium,Intermediate,2.5mm,Experiment_2
2025-10-23T00:57:48.772Z,281,1501,5551,602,1887,6654,3379,3403,14025,2608,3050,13449,Day_1,Medium,Intermediate,2.5mm,Experiment_2
2025-10-23T00:57:48.812Z,287,1507,5556,606,1890,6651,3378,3424,14026,2610,3059,13449,Day_1,Medium,Intermediate,2.5mm,Experiment_2
2025-10-23T00:57:48.852Z,292,1515,5567,609,1892,6644,3382,3450,14062,2612,3067,13455,Day_1,Medium,Intermediate,2.5mm,Experiment_2
2025-10-23T00:57:48.892Z,295,1519,5578,610,1888,6634,3383,3468,14103,2612,3069,13461,Day_1,Medium,Intermediate,2.5mm,Experiment_2
2025-10-23T00:57:48.932Z,298,1516,5584,610,1882,6628,3382,3471,14125,2608,3071,13464,Day_1,Medium,Intermediate,2.5mm,Experiment_2
2025-10-23T00:57:48.972Z,299,1508,5580,610,1880,6632,3386,3460,14115,2607,3075,13470,Day_1,Medium,Intermediate,2.5mm,Experiment_2
2025-10-23T00:57:49.012Z,298,1499,5554,613,1885,6653,3388,3432,14046,2608,3081,13487,Day_1,Medium,Intermediate,2.5mm,Experiment_2
2025-10-23T00:57:49.052Z,297,1482,5497,622,1898,6701,3374,3390,13886,2608,3088,13510,Day_1,Medium,Intermediate,2.5mm,Experiment_2
2025-10-23T00:57:49.092Z,291,1458,5430,629,1907,6752,3341,3355,13696,2601,3091,13512,Day_1,Medium,Intermediate,2.5mm,Experiment_2
2025-10-23T00:57:49.132Z,282,1444,5408,625,1904,6764,3309,3344,13620,2586,3081,13472,Day_1,Medium,Intermediate,2.5mm,Experiment_2
2025-10-23T00:57:49.172Z,278,1453,5443,615,1896,6733,3299,3359,13710,2574,3065,13420,Day_1,Medium,Intermediate,2.5mm,Experiment_2
2025-10-23T00:57:49.212Z,284,1475,5497,610,1893,6690,3312,3386,13862,2572,3057,13395,Day_1,Medium,Intermediate,2.5mm,Experiment_2
2025-10-23T00:57:49.252Z,296,1492,5528,613,1894,6661,3331,3415,13959,2576,3061,13402,Day_1,Medium,Intermediate,2.5mm,Experiment_2
2025-10-23T00:57:49.292Z,306,1496,5532,622,1893,6654,3343,3437,13973,2583,3070,13425,Day_1,Medium,Intermediate,2.5mm,Experiment_2
2025-10-23T00:57:49.332Z,313,1496,5533,629,1893,6663,3351,3447,13955,2593,3081,13445,Day_1,Medium,Intermediate,2.5mm,Experiment_2
2025-10-23T00:57:49.372Z,313,1505,5549,627,1897,6668,3368,3448,13976,2604,3084,13452,Day_1,Medium,Intermediate,2.5mm,Experiment_2
2025-10-23T00:57:49.412Z,302,1517,5572,614,1900,6654,3387,3451,14046,2615,3081,13455,Day_1,Medium,Intermediate,2.5mm,Experiment_2
2025-10-23T00:57:49.452Z,287,1525,5585,602,1900,6633,3391,3460,14112,2619,3081,13469,Day_1,Medium,Intermediate,2.5mm,Experiment_2
2025-10-23T00:57:49.492Z,282,1526,5585,598,1895,6623,3378,3465,14145,2615,3084,13488,Day_1,Medium,Intermediate,2.5mm,Experiment_2
2025-10-23T00:57:49.532Z,284,1517,5574,604,1886,6624,3359,3456,14137,2607,3082,13506,Day_1,Medium,Intermediate,2.5mm,Experiment_2
2025-10-23T00:57:49.572Z,286,1499,5540,614,1881,6643,3341,3426,14057,2600,3079,13530,Day_1,Medium,Intermediate,2.5mm,Experiment_2
2025-10-23T00:57:49.612Z,282,1473,5470,624,1887,6690,3324,3375,13873,2594,3081,13562,Day_1,Medium,Intermediate,2.5mm,Experiment_2
2025-10-23T00:57:49.652Z,272,1451,5380,627,1904,6755,3305,3315,13638,2588,3086,13580,Day_1,Medium,Intermediate,2.5mm,Experiment_2
2025-10-23T00:57:49.692Z,263,1446,5328,625,1921,6799,3284,3274,13495,2579,3082,13553,Day_1,Medium,Intermediate,2.5mm,Experiment_2
2025-10-23T00:57:49.732Z,266,1462,5351,623,1928,6794,3276,3269,13530,2570,3066,13495,Day_1,Medium,Intermediate,2.5mm,Experiment_2
2025-10-23T00:57:49.772Z,277,1486,5424,623,1922,6758,3291,3297,13684,2571,3053,13449,Day_1,Medium,Intermediate,2.5mm,Experiment_2
2025-10-23T00:57:49.812Z,289,1503,5497,625,1912,6722,3322,3340,13840,2581,3052,13434,Day_1,Medium,Intermediate,2.5mm,Experiment_2
2025-10-23T00:57:49.852Z,292,1512,5532,625,1907,6702,3344,3378,13925,2592,3064,13448,Day_1,Medium,Intermediate,2.5mm,Experiment_2
2025-10-23T00:57:49.892Z,287,1517,5528,621,1911,6693,3348,3395,13949,2600,3078,13474,Day_1,Medium,Intermediate,2.5mm,Experiment_2
2025-10-23T00:57:49.932Z,282,1519,5522,616,1912,6677,3346,3408,13984,2604,3085,13485,Day_1,Medium,Intermediate,2.5mm,Experiment_2
2025-10-23T00:57:49.972Z,283,1517,5543,611,1904,6652,3348,3431,14059,2599,3085,13477,Day_1,Medium,Intermediate,2.5mm,Experiment_2
2025-10-23T00:57:50.012Z,283,1515,5570,607,1893,6632,3350,3448,14133,2589,3080,13476,Day_1,Medium,Intermediate,2.5mm,Experiment_2
2025-10-23T00:57:50.052Z,280,1516,5582,602,1888,6625,3357,3454,14173,2586,3077,13490,Day_1,Medium,Intermediate,2.5mm,Experiment_2
2025-10-23T00:57:50.092Z,281,1512,5582,601,1885,6629,3373,3453,14176,2597,3076,13506,Day_1,Medium,Intermediate,2.5mm,Experiment_2
2025-10-23T00:57:50.132Z,287,1500,5566,606,1883,6644,3387,3439,14131,2614,3076,13524,Day_1,Medium,Intermediate,2.5mm,Experiment_2
2025-10-23T00:57:50.172Z,288,1486,5517,612,1890,6679,3383,3408,14003,2624,3080,13547,Day_1,Medium,Intermediate,2.5mm,Experiment_2
2025-10-23T00:57:50.212Z,281,1470,5438,618,1903,6735,3356,3370,13794,2617,3089,13562,Day_1,Medium,Intermediate,2.5mm,Experiment_2
2025-10-23T00:57:50.252Z,272,1458,5380,623,1913,6777,3325,3344,13615,2596,3091,13534,Day_1,Medium,Intermediate,2.5mm,Experiment_2
2025-10-23T00:57:50.292Z,267,1458,5389,620,1910,6773,3312,3344,13592,2576,3075,13466,Day_1,Medium,Intermediate,2.5mm,Experiment_2
2025-10-23T00:57:50.332Z,266,1470,5441,612,1897,6732,3317,3367,13711,2565,3054,13408,Day_1,Medium,Intermediate,2.5mm,Experiment_2
2025-10-23T00:57:50.372Z,268,1487,5488,605,1887,6688,3325,3397,13864,2562,3044,13394,Day_1,Medium,Intermediate,2.5mm,Experiment_2
2025-10-23T00:57:50.412Z,271,1499,5510,601,1884,6661,3328,3418,13973,2565,3046,13416,Day_1,Medium,Intermediate,2.5mm,Experiment_2
2025-10-23T00:57:50.452Z,278,1502,5515,600,1886,6652,3327,3427,14025,2571,3055,13446,Day_1,Medium,Intermediate,2.5mm,Experiment_2
2025-10-23T00:57:50.492Z,283,1500,5520,599,1890,6652,3327,3432,14047,2578,3066,13466,Day_1,Medium,Intermediate,2.5mm,Experiment_2
2025-10-23T00:57:50.532Z,283,1498,5538,597,1891,6650,3334,3431,14078,2585,3070,13473,Day_1,Medium,Intermediate,2.5mm,Experiment_2
2025-10-23T00:57:50.572Z,281,1498,5565,594,1888,6642,3346,3428,14126,2593,3067,13479,Day_1,Medium,Intermediate,2.5mm,Experiment_2
2025-10-23T00:57:50.612Z,286,1500,5589,592,1883,6634,3355,3427,14161,2597,3064,13485,Day_1,Medium,Intermediate,2.5mm,Experiment_2
2025-10-23T00:57:50.652Z,297,1502,5602,597,1881,6633,3354,3427,14161,2596,3062,13487,Day_1,Medium,Intermediate,2.5mm,Experiment_2
2025-10-23T00:57:50.692Z,306,1502,5600,606,1882,6643,3341,3425,14125,2589,3065,13491,Day_1,Medium,Intermediate,2.5mm,Experiment_2
2025-10-23T00:57:50.732Z,303,1497,5567,612,1889,6667,3331,3411,14036,2586,3072,13504,Day_1,Medium,Intermediate,2.5mm,Experiment_2
2025-10-23T00:57:50.772Z,296,1485,5500,618,1902,6710,3329,3383,13873,2589,3084,13517,Day_1,Medium,Intermediate,2.5mm,Experiment_2
2025-10-23T00:57:50.812Z,293,1472,5435,626,1916,6751,3325,3353,13705,2589,3091,13502,Day_1,Medium,Intermediate,2.5mm,Experiment_2
2025-10-23T00:57:50.852Z,295,1469,5423,628,1919,6752,3319,3338,13670,2578,3077,13448,Day_1,Medium,Intermediate,2.5mm,Experiment_2
2025-10-23T00:57:50.892Z,297,1476,5461,623,1909,6717,3323,3343,13784,2568,3051,13397,Day_1,Medium,Intermediate,2.5mm,Experiment_2
2025-10-23T00:57:50.932Z,297,1483,5510,618,1892,6682,3338,3359,13927,2571,3037,13382,Day_1,Medium,Intermediate,2.5mm,Experiment_2
2025-10-23T00:57:50.972Z,293,1484,5541,615,1881,6664,3353,3375,14009,2580,3041,13399,Day_1,Medium,Intermediate,2.5mm,Experiment_2
2025-10-23T00:57:51.012Z,290,1482,5552,614,1875,6660,3358,3389,14024,2589,3056,13428,Day_1,Medium,Intermediate,2.5mm,Experiment_2
2025-10-23T00:57:51.052Z,291,1481,5555,617,1877,6663,3358,3406,14015,2595,3070,13456,Day_1,Medium,Intermediate,2.5mm,Experiment_2
2025-10-23T00:57:51.092Z,293,1489,5562,618,1882,6660,3363,3425,14035,2599,3075,13476,Day_1,Medium,Intermediate,2.5mm,Experiment_2
2025-10-23T00:57:51.132Z,295,1497,5575,614,1883,6649,3372,3439,14095,2604,3070,13489,Day_1,Medium,Intermediate,2.5mm,Experiment_2
2025-10-23T00:57:51.172Z,298,1497,5589,613,1875,6638,3379,3441,14155,2607,3067,13497,Day_1,Medium,Intermediate,2.5mm,Experiment_2
2025-10-23T00:57:51.212Z,305,1492,5598,614,1870,6635,3378,3439,14183,2607,3071,13501,Day_1,Medium,Intermediate,2.5mm,Experiment_2
2025-10-23T00:57:51.252Z,306,1489,5595,613,1873,6639,3366,3438,14166,2606,3077,13505,Day_1,Medium,Intermediate,2.5mm,Experiment_2
2025-10-23T00:57:51.292Z,297,1490,5565,608,1886,6660,3350,3425,14077,2609,3085,13521,Day_1,Medium,Intermediate,2.5mm,Experiment_2
2025-10-23T00:57:51.332Z,285,1486,5499,608,1906,6710,3337,3384,13886,2615,3094,13547,Day_1,Medium,Intermediate,2.5mm,Experiment_2
2025-10-23T00:57:51.372Z,281,1471,5409,619,1923,6772,3317,3327,13651,2608,3094,13562,Day_1,Medium,Intermediate,2.5mm,Experiment_2
2025-10-23T00:57:51.412Z,286,1456,5355,630,1926,6804,3292,3291,13528,2585,3084,13539,Day_1,Medium,Intermediate,2.5mm,Experiment_2
2025-10-23T00:57:51.452Z,294,1455,5374,634,1917,6785,3279,3302,13593,2564,3070,13488,Day_1,Medium,Intermediate,2.5mm,Experiment_2
2025-10-23T00:57:51.492Z,299,1466,5438,630,1901,6739,3287,3340,13759,2557,3064,13449,Day_1,Medium,Intermediate,2.5mm,Experiment_2
2025-10-23T00:57:51.532Z,300,1475,5496,625,1887,6698,3311,3374,13898,2565,3065,13442,Day_1,Medium,Intermediate,2.5mm,Experiment_2
2025-10-23T00:57:51.572Z,299,1480,5524,621,1884,6684,3341,3395,13945,2583,3074,13457,Day_1,Medium,Intermediate,2.5mm,Experiment_2
2025-10-23T00:57:51.612Z,294,1483,5530,616,1888,6689,3362,3411,13926,2598,3085,13472,Day_1,Medium,Intermediate,2.5mm,Experiment_2
2025-10-23T00:57:51.652Z,286,1488,5540,608,1888,6684,3370,3427,13943,2600,3087,13469,Day_1,Medium,Intermediate,2.5mm,Experiment_2
2025-10-23T00:57:51.692Z,283,1495,5566,602,1880,6657,3377,3437,14022,2595,3077,13451,Day_1,Medium,Intermediate,2.5mm,Experiment_2
2025-10-23T00:57:51.732Z,284,1503,5587,598,1874,6632,3390,3437,14090,2596,3067,13442,Day_1,Medium,Intermediate,2.5mm,Experiment_2
2025-10-23T00:57:51.772Z,283,1511,5593,596,1876,6623,3405,3430,14113,2603,3064,13452,Day_1,Medium,Intermediate,2.5mm,Experiment_2
2025-10-23T00:57:51.812Z,284,1520,5586,597,1882,6627,3403,3415,14115,2608,3063,13476,Day_1,Medium,Intermediate,2.5mm,Experiment_2
2025-10-23T00:57:51.852Z,288,1523,5563,603,1889,6647,3381,3392,14078,2607,3063,13513,Day_1,Medium,Intermediate,2.5mm,Experiment_2
2025-10-23T00:57:51.893Z,287,1506,5506,611,1895,6689,3350,3362,13940,2606,3070,13551,Day_1,Medium,Intermediate,2.5mm,Experiment_2
2025-10-23T00:57:51.933Z,274,1475,5419,614,1902,6746,3319,3331,13712,2600,3082,13566,Day_1,Medium,Intermediate,2.5mm,Experiment_2
2025-10-23T00:57:51.973Z,261,1452,5352,612,1909,6782,3295,3312,13540,2586,3083,13536,Day_1,Medium,Intermediate,2.5mm,Experiment_2
2025-10-23T00:57:52.013Z,261,1454,5355,610,1911,6774,3289,3325,13556,2572,3071,13475,Day_1,Medium,Intermediate,2.5mm,Experiment_2
2025-10-23T00:57:52.053Z,271,1475,5411,610,1907,6736,3305,3364,13709,2572,3060,13429,Day_1,Medium,Intermediate,2.5mm,Experiment_2
2025-10-23T00:57:52.093Z,277,1492,5473,606,1900,6696,3329,3402,13863,2582,3057,13418,Day_1,Medium,Intermediate,2.5mm,Experiment_2
2025-10-23T00:57:52.133Z,276,1493,5511,600,1892,6673,3346,3423,13949,2588,3059,13435,Day_1,Medium,Intermediate,2.5mm,Experiment_2
2025-10-23T00:57:52.173Z,272,1486,5521,593,1889,6667,3356,3429,13975,2590,3065,13462,Day_1,Medium,Intermediate,2.5mm,Experiment_2
2025-10-23T00:57:52.213Z,270,1486,5524,589,1893,6665,3369,3424,13987,2595,3070,13476,Day_1,Medium,Intermediate,2.5mm,Experiment_2
2025-10-23T00:57:52.253Z,274,1491,5535,590,1893,6650,3383,3414,14022,2602,3067,13471,Day_1,Medium,Intermediate,2.5mm,Experiment_2
2025-10-23T00:57:52.293Z,280,1495,5552,593,1885,6627,3388,3413,14071,2608,3065,13464,Day_1,Medium,Intermediate,2.5mm,Experiment_2
2025-10-23T00:57:52.333Z,281,1496,5565,593,1875,6613,3387,3423,14104,2610,3070,13463,Day_1,Medium,Intermediate,2.5mm,Experiment_2
2025-10-23T00:57:52.373Z,281,1495,5571,592,1870,6611,3387,3438,14108,2611,3079,13463,Day_1,Medium,Intermediate,2.5mm,Experiment_2
2025-10-23T00:57:52.413Z,281,1494,5569,595,1870,6623,3382,3443,14082,2606,3086,13468,Day_1,Medium,Intermediate,2.5mm,Experiment_2
2025-10-23T00:57:52.453Z,278,1489,5546,597,1879,6655,3360,3429,14000,2595,3090,13485,Day_1,Medium,Intermediate,2.5mm,Experiment_2
2025-10-23T00:57:52.493Z,272,1477,5491,600,1894,6708,3326,3391,13839,2583,3090,13502,Day_1,Medium,Intermediate,2.5mm,Experiment_2
2025-10-23T00:57:52.533Z,271,1463,5433,605,1909,6750,3302,3354,13685,2576,3082,13489,Day_1,Medium,Intermediate,2.5mm,Experiment_2
2025-10-23T00:57:52.573Z,278,1462,5426,611,1913,6750,3303,3348,13671,2574,3066,13436,Day_1,Medium,Intermediate,2.5mm,Experiment_2
2025-10-23T00:57:52.613Z,285,1477,5469,611,1908,6714,3320,3369,13794,2574,3050,13387,Day_1,Medium,Intermediate,2.5mm,Experiment_2
2025-10-23T00:57:52.653Z,285,1494,5515,605,1900,6674,3335,3391,13933,2577,3042,13382,Day_1,Medium,Intermediate,2.5mm,Experiment_2
2025-10-23T00:57:52.693Z,276,1500,5537,597,1892,6652,3349,3406,14009,2583,3045,13408,Day_1,Medium,Intermediate,2.5mm,Experiment_2
2025-10-23T00:57:52.733Z,267,1498,5540,593,1886,6648,3366,3421,14022,2592,3055,13436,Day_1,Medium,Intermediate,2.5mm,Experiment_2
2025-10-23T00:57:52.773Z,265,1497,5537,594,1886,6653,3380,3429,14014,2597,3061,13454,Day_1,Medium,Intermediate,2.5mm,Experiment_2
2025-10-23T00:57:52.813Z,267,1503,5545,598,1890,6650,3379,3425,14037,2596,3062,13467,Day_1,Medium,Intermediate,2.5mm,Experiment_2
2025-10-23T00:57:52.853Z,273,1514,5562,601,1895,6638,3368,3416,14092,2595,3061,13479,Day_1,Medium,Intermediate,2.5mm,Experiment_2
2025-10-23T00:57:52.893Z,278,1522,5576,601,1898,6623,3363,3411,14137,2598,3059,13488,Day_1,Medium,Intermediate,2.5mm,Experiment_2
2025-10-23T00:57:52.933Z,282,1526,5582,602,1900,6615,3366,3415,14152,2605,3062,13495,Day_1,Medium,Intermediate,2.5mm,Experiment_2
2025-10-23T00:57:52.973Z,285,1522,5581,607,1899,6624,3369,3425,14139,2610,3073,13504,Day_1,Medium,Intermediate,2.5mm,Experiment_2
2025-10-23T00:57:53.013Z,288,1509,5559,617,1900,6657,3361,3418,14069,2608,3089,13523,Day_1,Medium,Intermediate,2.5mm,Experiment_2
2025-10-23T00:57:53.053Z,288,1492,5495,628,1910,6715,3347,3381,13896,2607,3105,13549,Day_1,Medium,Intermediate,2.5mm,Experiment_2
2025-10-23T00:57:53.093Z,285,1475,5408,635,1926,6777,3342,3329,13660,2611,3112,13555,Day_1,Medium,Intermediate,2.5mm,Experiment_2
2025-10-23T00:57:53.133Z,284,1465,5367,634,1931,6803,3347,3302,13515,2612,3103,13512,Day_1,Medium,Intermediate,2.5mm,Experiment_2
2025-10-23T00:57:53.173Z,286,1467,5400,627,1920,6780,3355,3323,13561,2606,3083,13447,Day_1,Medium,Intermediate,2.5mm,Experiment_2
2025-10-23T00:57:53.213Z,289,1480,5469,619,1906,6733,3360,3379,13732,2598,3072,13413,Day_1,Medium,Intermediate,2.5mm,Experiment_2
2025-10-23T00:57:53.253Z,292,1494,5519,617,1898,6694,3364,3433,13888,2595,3076,13420,Day_1,Medium,Intermediate,2.5mm,Experiment_2
2025-10-23T00:57:53.293Z,291,1502,5534,618,1897,6681,3370,3458,13946,2599,3088,13444,Day_1,Medium,Intermediate,2.5mm,Experiment_2
2025-10-23T00:57:53.333Z,288,1503,5536,617,1898,6688,3373,3453,13936,2608,3095,13465,Day_1,Medium,Intermediate,2.5mm,Experiment_2
2025-10-23T00:57:53.373Z,290,1500,5554,616,1895,6692,3369,3445,13959,2610,3089,13465,Day_1,Medium,Intermediate,2.5mm,Experiment_2
2025-10-23T00:57:53.413Z,293,1500,5585,615,1886,6676,3361,3445,14035,2602,3074,13451,Day_1,Medium,Intermediate,2.5mm,Experiment_2
2025-10-23T00:57:53.453Z,290,1505,5599,612,1879,6652,3354,3446,14101,2593,3064,13448,Day_1,Medium,Intermediate,2.5mm,Experiment_2
2025-10-23T00:57:53.493Z,286,1511,5594,609,1879,6637,3349,3449,14125,2592,3066,13465,Day_1,Medium,Intermediate,2.5mm,Experiment_2
2025-10-23T00:57:53.533Z,283,1513,5582,608,1883,6634,3346,3452,14114,2599,3077,13488,Day_1,Medium,Intermediate,2.5mm,Experiment_2
2025-10-23T00:57:53.573Z,284,1507,5556,609,1886,6647,3340,3448,14051,2603,3092,13512,Day_1,Medium,Intermediate,2.5mm,Experiment_2
2025-10-23T00:57:53.613Z,282,1488,5491,613,1892,6685,3322,3420,13896,2600,3104,13541,Day_1,Medium,Intermediate,2.5mm,Experiment_2
2025-10-23T00:57:53.653Z,277,1462,5396,618,1902,6743,3302,3360,13670,2592,3107,13556,Day_1,Medium,Intermediate,2.5mm,Experiment_2
2025-10-23T00:57:53.693Z,276,1444,5333,624,1908,6787,3299,3303,13501,2588,3096,13534,Day_1,Medium,Intermediate,2.5mm,Experiment_2
2025-10-23T00:57:53.733Z,279,1446,5346,628,1906,6786,3318,3289,13507,2588,3074,13482,Day_1,Medium,Intermediate,2.5mm,Experiment_2
2025-10-23T00:57:53.773Z,280,1464,5414,622,1902,6749,3340,3312,13648,2589,3054,13442,Day_1,Medium,Intermediate,2.5mm,Experiment_2
2025-10-23T00:57:53.813Z,280,1481,5482,613,1897,6707,3351,3342,13803,2589,3043,13432,Day_1,Medium,Intermediate,2.5mm,Experiment_2
2025-10-23T00:57:53.853Z,281,1488,5520,607,1892,6685,3348,3361,13901,2587,3044,13444,Day_1,Medium,Intermediate,2.5mm,Experiment_2
2025-10-23T00:57:53.893Z,279,1487,5529,603,1886,6682,3338,3371,13944,2584,3055,13465,Day_1,Medium,Intermediate,2.5mm,Experiment_2
2025-10-23T00:57:53.933Z,275,1486,5528,599,1882,6678,3332,3383,13989,2585,3066,13478,Day_1,Medium,Intermediate,2.5mm,Experiment_2
2025-10-23T00:57:53.973Z,275,1494,5543,598,1883,6661,3337,3400,14065,2590,3071,13477,Day_1,Medium,Intermediate,2.5mm,Experiment_2
2025-10-23T00:57:54.013Z,280,1508,5567,599,1890,6639,3344,3419,14131,2595,3073,13476,Day_1,Medium,Intermediate,2.5mm,Experiment_2
2025-10-23T00:57:54.053Z,285,1525,5580,599,1900,6621,3343,3435,14150,2596,3077,13480,Day_1,Medium,Intermediate,2.5mm,Experiment_2
2025-10-23T00:57:54.093Z,291,1540,5579,599,1911,6614,3337,3439,14134,2592,3077,13485,Day_1,Medium,Intermediate,2.5mm,Experiment_2
2025-10-23T00:57:54.133Z,294,1544,5566,603,1916,6623,3329,3431,14094,2586,3073,13492,Day_1,Medium,Intermediate,2.5mm,Experiment_2
2025-10-23T00:57:54.173Z,288,1527,5531,605,1914,6657,3317,3413,13997,2579,3072,13507,Day_1,Medium,Intermediate,2.5mm,Experiment_2
2025-10-23T00:57:54.213Z,274,1491,5468,606,1911,6710,3298,3383,13828,2574,3077,13522,Day_1,Medium,Intermediate,2.5mm,Experiment_2
2025-10-23T00:57:54.253Z,261,1465,5412,606,1912,6750,3289,3356,13678,2570,3079,13505,Day_1,Medium,Intermediate,2.5mm,Experiment_2
2025-10-23T00:57:54.293Z,259,1467,5412,605,1911,6748,3298,3361,13673,2566,3071,13450,Day_1,Medium,Intermediate,2.5mm,Experiment_2
2025-10-23T00:57:54.333Z,266,1486,5463,604,1906,6716,3313,3390,13797,2563,3060,13400,Day_1,Medium,Intermediate,2.5mm,Experiment_2
2025-10-23T00:57:54.373Z,274,1501,5516,604,1900,6687,3327,3407,13932,2565,3053,13392,Day_1,Medium,Intermediate,2.5mm,Experiment_2
2025-10-23T00:57:54.413Z,281,1502,5542,606,1894,6670,3340,3414,14005,2575,3055,13412,Day_1,Medium,Intermediate,2.5mm,Experiment_2
2025-10-23T00:57:54.453Z,285,1492,5545,605,1884,6663,3344,3422,14027,2586,3067,13439,Day_1,Medium,Intermediate,2.5mm,Experiment_2
2025-10-23T00:57:54.493Z,287,1487,5545,603,1880,6665,3340,3434,14031,2591,3083,13458,Day_1,Medium,Intermediate,2.5mm,Experiment_2
2025-10-23T00:57:54.533Z,288,1495,5557,601,1885,6666,3336,3451,14042,2591,3093,13468,Day_1,Medium,Intermediate,2.5mm,Experiment_2
2025-10-23T00:57:54.573Z,287,1509,5570,596,1892,6655,3333,3470,14072,2590,3095,13475,Day_1,Medium,Intermediate,2.5mm,Experiment_2
2025-10-23T00:57:54.613Z,285,1521,5578,591,1897,6638,3334,3484,14112,2591,3093,13483,Day_1,Medium,Intermediate,2.5mm,Experiment_2
2025-10-23T00:57:54.653Z,284,1528,5580,589,1902,6625,3345,3484,14137,2596,3094,13490,Day_1,Medium,Intermediate,2.5mm,Experiment_2
2025-10-23T00:57:54.693Z,284,1526,5571,590,1904,6626,3363,3471,14129,2606,3097,13500,Day_1,Medium,Intermediate,2.5mm,Experiment_2
2025-10-23T00:57:54.733Z,281,1513,5542,596,1905,6648,3377,3444,14059,2616,3101,13518,Day_1,Medium,Intermediate,2.5mm,Experiment_2
2025-10-23T00:57:54.773Z,272,1488,5479,603,1907,6696,3384,3399,13894,2621,3107,13537,Day_1,Medium,Intermediate,2.5mm,Experiment_2
2025-10-23T00:57:54.813Z,262,1460,5408,607,1908,6750,3375,3346,13694,2613,3106,13533,Day_1,Medium,Intermediate,2.5mm,Experiment_2
2025-10-23T00:57:54.853Z,261,1446,5382,608,1906,6766,3353,3316,13614,2593,3091,13491,Day_1,Medium,Intermediate,2.5mm,Experiment_2
2025-10-23T00:57:54.893Z,269,1456,5417,605,1900,6732,3341,3328,13714,2577,3069,13441,Day_1,Medium,Intermediate,2.5mm,Experiment_2
2025-10-23T00:57:54.933Z,278,1479,5472,601,1897,6684,3346,3361,13880,2576,3052,13416,Day_1,Medium,Intermediate,2.5mm,Experiment_2
2025-10-23T00:57:54.973Z,283,1497,5516,600,1898,6657,3349,3384,13987,2585,3046,13420,Day_1,Medium,Intermediate,2.5mm,Experiment_2
2025-10-23T00:57:55.013Z,287,1503,5541,607,1901,6661,3349,3387,14007,2598,3049,13439,Day_1,Medium,Intermediate,2.5mm,Experiment_2
2025-10-23T00:57:55.053Z,292,1507,5554,619,1912,6679,3361,3388,13989,2611,3060,13458,Day_1,Medium,Intermediate,2.5mm,Experiment_2
2025-10-23T00:57:55.093Z,295,1519,5569,625,1931,6684,3382,3408,14005,2618,3070,13464,Day_1,Medium,Intermediate,2.5mm,Experiment_2
2025-10-23T00:57:55.133Z,291,1525,5589,618,1946,6671,3401,3443,14059,2621,3074,13463,Day_1,Medium,Intermediate,2.5mm,Experiment_2
2025-10-23T00:57:55.173Z,286,1520,5603,608,1941,6656,3413,3471,14104,2624,3073,13469,Day_1,Medium,Intermediate,2.5mm,Experiment_2
2025-10-23T00:57:55.213Z,288,1512,5605,605,1920,6649,3419,3471,14121,2625,3071,13487,Day_1,Medium,Intermediate,2.5mm,Experiment_2
2025-10-23T00:57:55.253Z,294,1507,5593,609,1899,6648,3414,3449,14117,2622,3071,13511,Day_1,Medium,Intermediate,2.5mm,Experiment_2
2025-10-23T00:57:55.293Z,296,1499,5555,614,1891,6665,3391,3419,14056,2617,3078,13540,Day_1,Medium,Intermediate,2.5mm,Experiment_2
2025-10-23T00:57:55.333Z,289,1485,5485,616,1899,6714,3359,3378,13881,2615,3091,13565,Day_1,Medium,Intermediate,2.5mm,Experiment_2
2025-10-23T00:57:55.373Z,277,1467,5398,618,1916,6779,3323,3329,13629,2610,3102,13567,Day_1,Medium,Intermediate,2.5mm,Experiment_2
2025-10-23T00:57:55.413Z,276,1455,5345,624,1925,6816,3288,3299,13464,2599,3102,13533,Day_1,Medium,Intermediate,2.5mm,Experiment_2
2025-10-23T00:57:55.453Z,285,1456,5363,630,1917,6802,3268,3310,13499,2591,3092,13480,Day_1,Medium,Intermediate,2.5mm,Experiment_2
2025-10-23T00:57:55.493Z,292,1466,5428,628,1901,6757,3274,3349,13674,2590,3080,13447,Day_1,Medium,Intermediate,2.5mm,Experiment_2
2025-10-23T00:57:55.533Z,289,1478,5484,618,1890,6709,3303,3384,13855,2591,3073,13446,Day_1,Medium,Intermediate,2.5mm,Experiment_2
2025-10-23T00:57:55.573Z,283,1484,5502,610,1887,6676,3331,3400,13953,2591,3074,13469,Day_1,Medium,Intermediate,2.5mm,Experiment_2
2025-10-23T00:57:55.613Z,283,1483,5497,608,1888,6667,3345,3402,13973,2595,3079,13497,Day_1,Medium,Intermediate,2.5mm,Experiment_2
2025-10-23T00:57:55.653Z,290,1483,5502,610,1888,6661,3355,3406,13991,2600,3081,13503,Day_1,Medium,Intermediate,2.5mm,Experiment_2
2025-10-23T00:57:55.693Z,299,1493,5532,610,1886,6644,3370,3417,14047,2603,3077,13485,Day_1,Medium,Intermediate,2.5mm,Experiment_2
2025-10-23T00:57:55.733Z,302,1507,5570,609,1885,6629,3379,3427,14103,2603,3070,13466,Day_1,Medium,Intermediate,2.5mm,Experiment_2
2025-10-23T00:57:55.773Z,297,1514,5592,604,1884,6623,3379,3433,14127,2604,3068,13468,Day_1,Medium,Intermediate,2.5mm,Experiment_2
2025-10-23T00:57:55.813Z,287,1516,5589,597,1885,6621,3378,3442,14125,2608,3074,13485,Day_1,Medium,Intermediate,2.5mm,Experiment_2
2025-10-23T00:57:55.853Z,281,1512,5566,592,1887,6634,3372,3443,14085,2610,3084,13508,Day_1,Medium,Intermediate,2.5mm,Experiment_2
2025-10-23T00:57:55.893Z,275,1500,5520,592,1894,6677,3360,3418,13960,2607,3090,13531,Day_1,Medium,Intermediate,2.5mm,Experiment_2
2025-10-23T00:57:55.933Z,269,1480,5448,595,1908,6740,3358,3375,13753,2607,3095,13539,Day_1,Medium,Intermediate,2.5mm,Experiment_2
2025-10-23T00:57:55.973Z,265,1461,5388,601,1917,6779,3371,3348,13588,2609,3097,13510,Day_1,Medium,Intermediate,2.5mm,Experiment_2
2025-10-23T00:57:56.013Z,267,1457,5387,606,1914,6766,3387,3351,13594,2604,3089,13450,Day_1,Medium,Intermediate,2.5mm,Experiment_2
2025-10-23T00:57:56.053Z,271,1470,5438,609,1903,6722,3392,3370,13736,2592,3074,13401,Day_1,Medium,Intermediate,2.5mm,Experiment_2
2025-10-23T00:57:56.093Z,280,1483,5495,612,1890,6684,3384,3391,13893,2575,3063,13393,Day_1,Medium,Intermediate,2.5mm,Experiment_2
2025-10-23T00:57:56.133Z,289,1486,5528,616,1882,6666,3376,3410,13987,2563,3061,13416,Day_1,Medium,Intermediate,2.5mm,Experiment_2
2025-10-23T00:57:56.173Z,292,1485,5534,615,1879,6662,3377,3424,14015,2566,3067,13444,Day_1,Medium,Intermediate,2.5mm,Experiment_2
2025-10-23T00:57:56.214Z,290,1485,5534,611,1879,6660,3379,3435,14023,2584,3073,13459,Day_1,Medium,Intermediate,2.5mm,Experiment_2
2025-10-23T00:57:56.254Z,292,1489,5546,613,1877,6654,3379,3446,14054,2605,3076,13463,Day_1,Medium,Intermediate,2.5mm,Experiment_2
2025-10-23T00:57:56.294Z,294,1492,5563,615,1872,6641,3377,3448,14112,2614,3075,13471,Day_1,Medium,Intermediate,2.5mm,Experiment_2
2025-10-23T00:57:56.334Z,292,1495,5571,612,1867,6626,3371,3440,14158,2612,3074,13481,Day_1,Medium,Intermediate,2.5mm,Experiment_2
2025-10-23T00:57:56.374Z,290,1497,5570,607,1866,6617,3368,3432,14162,2605,3074,13484,Day_1,Medium,Intermediate,2.5mm,Experiment_2
2025-10-23T00:57:56.414Z,289,1497,5559,606,1870,6619,3361,3425,14127,2597,3077,13486,Day_1,Medium,Intermediate,2.5mm,Experiment_2
2025-10-23T00:57:56.454Z,285,1489,5527,604,1879,6639,3339,3409,14038,2588,3081,13496,Day_1,Medium,Intermediate,2.5mm,Experiment_2
2025-10-23T00:57:56.494Z,273,1474,5465,602,1894,6685,3309,3370,13870,2582,3082,13503,Day_1,Medium,Intermediate,2.5mm,Experiment_2
2025-10-23T00:57:56.534Z,259,1462,5409,603,1914,6734,3286,3329,13689,2576,3077,13485,Day_1,Medium,Intermediate,2.5mm,Experiment_2
2025-10-23T00:57:56.574Z,256,1466,5411,605,1934,6750,3283,3321,13640,2570,3064,13436,Day_1,Medium,Intermediate,2.5mm,Experiment_2
2025-10-23T00:57:56.614Z,267,1481,5465,608,1945,6726,3302,3346,13752,2568,3052,13393,Day_1,Medium,Intermediate,2.5mm,Experiment_2
2025-10-23T00:57:56.654Z,278,1494,5518,611,1940,6687,3330,3374,13905,2573,3046,13386,Day_1,Medium,Intermediate,2.5mm,Experiment_2
2025-10-23T00:57:56.694Z,284,1502,5547,611,1921,6666,3354,3391,13996,2582,3046,13407,Day_1,Medium,Intermediate,2.5mm,Experiment_2
2025-10-23T00:57:56.734Z,288,1507,5555,613,1905,6669,3369,3393,14013,2591,3049,13435,Day_1,Medium,Intermediate,2.5mm,Experiment_2
2025-10-23T00:57:56.774Z,291,1509,5555,614,1900,6678,3376,3384,13997,2601,3051,13452,Day_1,Medium,Intermediate,2.5mm,Experiment_2
2025-10-23T00:57:56.814Z,289,1512,5561,612,1900,6678,3378,3387,14001,2607,3051,13456,Day_1,Medium,Intermediate,2.5mm,Experiment_2
2025-10-23T00:57:56.854Z,286,1517,5578,606,1899,6663,3381,3410,14047,2608,3055,13462,Day_1,Medium,Intermediate,2.5mm,Experiment_2
2025-10-23T00:57:56.894Z,285,1517,5590,601,1894,6643,3388,3435,14101,2606,3061,13474,Day_1,Medium,Intermediate,2.5mm,Experiment_2
2025-10-23T00:57:56.934Z,284,1511,5588,598,1888,6629,3391,3442,14128,2605,3066,13485,Day_1,Medium,Intermediate,2.5mm,Experiment_2
2025-10-23T00:57:56.974Z,284,1502,5575,598,1883,6627,3396,3432,14118,2609,3069,13497,Day_1,Medium,Intermediate,2.5mm,Experiment_2
2025-10-23T00:57:57.014Z,284,1491,5542,601,1884,6647,3404,3413,14046,2620,3076,13521,Day_1,Medium,Intermediate,2.5mm,Experiment_2
2025-10-23T00:57:57.054Z,282,1473,5473,610,1894,6699,3393,3385,13873,2626,3092,13552,Day_1,Medium,Intermediate,2.5mm,Experiment_2
2025-10-23T00:57:57.094Z,277,1452,5387,620,1909,6769,3358,3347,13638,2621,3111,13561,Day_1,Medium,Intermediate,2.5mm,Experiment_2
2025-10-23T00:57:57.134Z,273,1442,5344,623,1919,6811,3329,3316,13495,2611,3123,13524,Day_1,Medium,Intermediate,2.5mm,Experiment_2
2025-10-23T00:57:57.174Z,270,1448,5372,618,1918,6794,3327,3315,13542,2601,3116,13466,Day_1,Medium,Intermediate,2.5mm,Experiment_2
2025-10-23T00:57:57.214Z,269,1463,5437,610,1908,6741,3347,3350,13706,2597,3095,13430,Day_1,Medium,Intermediate,2.5mm,Experiment_2
2025-10-23T00:57:57.254Z,268,1478,5489,602,1900,6692,3366,3392,13859,2596,3078,13428,Day_1,Medium,Intermediate,2.5mm,Experiment_2
2025-10-23T00:57:57.294Z,267,1489,5503,597,1901,6670,3370,3405,13929,2595,3070,13451,Day_1,Medium,Intermediate,2.5mm,Experiment_2
2025-10-23T00:57:57.334Z,267,1492,5497,595,1905,6670,3366,3390,13936,2595,3068,13477,Day_1,Medium,Intermediate,2.5mm,Experiment_2
2025-10-23T00:57:57.374Z,271,1496,5510,597,1902,6668,3367,3388,13961,2595,3070,13479,Day_1,Medium,Intermediate,2.5mm,Experiment_2
2025-10-23T00:57:57.414Z,275,1505,5544,595,1894,6649,3377,3420,14042,2596,3075,13467,Day_1,Medium,Intermediate,2.5mm,Experiment_2
2025-10-23T00:57:57.454Z,278,1515,5569,592,1888,6625,3394,3459,14125,2605,3081,13469,Day_1,Medium,Intermediate,2.5mm,Experiment_2
2025-10-23T00:57:57.494Z,281,1517,5571,593,1885,6609,3408,3480,14161,2619,3084,13485,Day_1,Medium,Intermediate,2.5mm,Experiment_2
2025-10-23T00:57:57.534Z,280,1511,5560,594,1882,6607,3405,3474,14145,2624,3084,13500,Day_1,Medium,Intermediate,2.5mm,Experiment_2
2025-10-23T00:57:57.574Z,275,1501,5537,595,1881,6624,3387,3444,14083,2617,3082,13521,Day_1,Medium,Intermediate,2.5mm,Experiment_2
2025-10-23T00:57:57.614Z,270,1485,5488,600,1888,6672,3355,3397,13949,2605,3087,13555,Day_1,Medium,Intermediate,2.5mm,Experiment_2
2025-10-23T00:57:57.654Z,268,1464,5411,611,1901,6738,3320,3348,13745,2591,3094,13576,Day_1,Medium,Intermediate,2.5mm,Experiment_2
2025-10-23T00:57:57.694Z,270,1447,5351,622,1907,6782,3302,3318,13578,2582,3093,13549,Day_1,Medium,Intermediate,2.5mm,Experiment_2
2025-10-23T00:57:57.734Z,273,1442,5358,624,1899,6777,3306,3324,13570,2577,3080,13486,Day_1,Medium,Intermediate,2.5mm,Experiment_2
2025-10-23T00:57:57.774Z,271,1451,5418,612,1886,6740,3317,3350,13697,2573,3064,13438,Day_1,Medium,Intermediate,2.5mm,Experiment_2
2025-10-23T00:57:57.814Z,265,1468,5487,595,1881,6708,3325,3373,13847,2569,3054,13430,Day_1,Medium,Intermediate,2.5mm,Experiment_2
2025-10-23T00:57:57.854Z,262,1482,5532,586,1885,6695,3339,3384,13941,2575,3052,13446,Day_1,Medium,Intermediate,2.5mm,Experiment_2
2025-10-23T00:57:57.894Z,267,1490,5548,589,1891,6697,3360,3388,13969,2593,3056,13463,Day_1,Medium,Intermediate,2.5mm,Experiment_2
2025-10-23T00:57:57.934Z,276,1497,5552,598,1895,6694,3378,3397,13979,2608,3060,13470,Day_1,Medium,Intermediate,2.5mm,Experiment_2
2025-10-23T00:57:57.974Z,284,1505,5566,603,1893,6678,3379,3419,14028,2612,3065,13470,Day_1,Medium,Intermediate,2.5mm,Experiment_2
2025-10-23T00:57:58.014Z,290,1514,5585,604,1890,6657,3368,3446,14107,2611,3070,13478,Day_1,Medium,Intermediate,2.5mm,Experiment_2
2025-10-23T00:57:58.054Z,299,1519,5599,609,1886,6644,3360,3455,14172,2610,3073,13491,Day_1,Medium,Intermediate,2.5mm,Experiment_2
2025-10-23T00:57:58.094Z,307,1518,5603,616,1884,6640,3361,3444,14200,2613,3073,13502,Day_1,Medium,Intermediate,2.5mm,Experiment_2
2025-10-23T00:57:58.134Z,307,1519,5596,616,1886,6646,3368,3432,14183,2618,3078,13511,Day_1,Medium,Intermediate,2.5mm,Experiment_2
2025-10-23T00:57:58.174Z,302,1520,5564,616,1890,6671,3375,3423,14093,2624,3090,13525,Day_1,Medium,Intermediate,2.5mm,Experiment_2
2025-10-23T00:57:58.214Z,294,1514,5497,620,1891,6715,3367,3399,13913,2622,3104,13534,Day_1,Medium,Intermediate,2.5mm,Experiment_2
2025-10-23T00:57:58.254Z,281,1500,5430,620,1891,6755,3352,3365,13730,2609,3110,13511,Day_1,Medium,Intermediate,2.5mm,Experiment_2
2025-10-23T00:57:58.294Z,274,1487,5422,617,1894,6758,3350,3352,13684,2591,3098,13450,Day_1,Medium,Intermediate,2.5mm,Experiment_2
2025-10-23T00:57:58.334Z,283,1486,5467,615,1897,6726,3361,3365,13782,2580,3069,13400,Day_1,Medium,Intermediate,2.5mm,Experiment_2
2025-10-23T00:57:58.374Z,297,1494,5519,615,1899,6689,3369,3381,13909,2579,3047,13390,Day_1,Medium,Intermediate,2.5mm,Experiment_2
2025-10-23T00:57:58.414Z,304,1497,5550,615,1895,6666,3370,3388,13988,2584,3044,13411,Day_1,Medium,Intermediate,2.5mm,Experiment_2
2025-10-23T00:57:58.454Z,300,1494,5557,615,1889,6655,3364,3393,14019,2590,3054,13439,Day_1,Medium,Intermediate,2.5mm,Experiment_2
2025-10-23T00:57:58.494Z,297,1492,5555,617,1885,6653,3352,3400,14034,2592,3065,13457,Day_1,Medium,Intermediate,2.5mm,Experiment_2
2025-10-23T00:57:58.534Z,301,1500,5558,621,1886,6650,3345,3410,14059,2590,3070,13467,Day_1,Medium,Intermediate,2.5mm,Experiment_2
2025-10-23T00:57:58.574Z,303,1512,5565,619,1891,6640,3351,3422,14096,2592,3071,13473,Day_1,Medium,Intermediate,2.5mm,Experiment_2
2025-10-23T00:57:58.614Z,294,1518,5571,607,1893,6628,3356,3433,14124,2596,3072,13476,Day_1,Medium,Intermediate,2.5mm,Experiment_2
2025-10-23T00:57:58.654Z,280,1521,5575,595,1894,6622,3352,3437,14134,2599,3073,13480,Day_1,Medium,Intermediate,2.5mm,Experiment_2
2025-10-23T00:57:58.694Z,273,1525,5569,589,1901,6622,3341,3431,14116,2599,3075,13486,Day_1,Medium,Intermediate,2.5mm,Experiment_2
2025-10-23T00:57:58.734Z,271,1519,5538,589,1910,6638,3332,3416,14039,2603,3081,13501,Day_1,Medium,Intermediate,2.5mm,Experiment_2
2025-10-23T00:57:58.774Z,268,1496,5473,596,1916,6686,3329,3388,13873,2611,3094,13530,Day_1,Medium,Intermediate,2.5mm,Experiment_2
2025-10-23T00:57:58.814Z,267,1465,5399,608,1921,6753,3331,3356,13670,2617,3105,13547,Day_1,Medium,Intermediate,2.5mm,Experiment_2
2025-10-23T00:57:58.854Z,267,1448,5369,616,1919,6788,3334,3345,13567,2612,3101,13517,Day_1,Medium,Intermediate,2.5mm,Experiment_2
2025-10-23T00:57:58.894Z,268,1453,5404,614,1910,6770,3338,3361,13634,2600,3084,13455,Day_1,Medium,Intermediate,2.5mm,Experiment_2
2025-10-23T00:57:58.934Z,272,1468,5467,610,1899,6727,3345,3388,13789,2592,3068,13414,Day_1,Medium,Intermediate,2.5mm,Experiment_2
2025-10-23T00:57:58.974Z,282,1480,5512,614,1892,6690,3354,3406,13915,2595,3064,13414,Day_1,Medium,Intermediate,2.5mm,Experiment_2
2025-10-23T00:57:59.014Z,295,1489,5524,623,1892,6672,3363,3408,13955,2605,3069,13439,Day_1,Medium,Intermediate,2.5mm,Experiment_2
2025-10-23T00:57:59.054Z,298,1497,5516,624,1898,6667,3372,3401,13939,2616,3076,13458,Day_1,Medium,Intermediate,2.5mm,Experiment_2
2025-10-23T00:57:59.094Z,291,1502,5514,616,1899,6651,3385,3399,13958,2619,3075,13455,Day_1,Medium,Intermediate,2.5mm,Experiment_2
2025-10-23T00:57:59.134Z,286,1508,5532,607,1894,6623,3396,3410,14032,2615,3066,13443,Day_1,Medium,Intermediate,2.5mm,Experiment_2
2025-10-23T00:57:59.174Z,290,1512,5558,605,1889,6608,3400,3423,14096,2611,3058,13443,Day_1,Medium,Intermediate,2.5mm,Experiment_2
2025-10-23T00:57:59.214Z,294,1509,5576,607,1884,6613,3394,3431,14117,2610,3056,13457,Day_1,Medium,Intermediate,2.5mm,Experiment_2
2025-10-23T00:57:59.254Z,292,1501,5578,608,1880,6629,3385,3435,14112,2610,3060,13476,Day_1,Medium,Intermediate,2.5mm,Experiment_2
2025-10-23T00:57:59.294Z,283,1490,5553,607,1879,6654,3379,3429,14059,2612,3069,13506,Day_1,Medium,Intermediate,2.5mm,Experiment_2
2025-10-23T00:57:59.334Z,277,1473,5484,609,1887,6700,3371,3400,13908,2616,3081,13545,Day_1,Medium,Intermediate,2.5mm,Experiment_2
2025-10-23T00:57:59.374Z,276,1455,5391,619,1904,6762,3355,3348,13677,2613,3092,13566,Day_1,Medium,Intermediate,2.5mm,Experiment_2
2025-10-23T00:57:59.414Z,275,1449,5331,627,1921,6803,3336,3306,13507,2601,3091,13542,Day_1,Medium,Intermediate,2.5mm,Experiment_2
2025-10-23T00:57:59.454Z,276,1461,5345,628,1926,6793,3328,3306,13521,2590,3078,13489,Day_1,Medium,Intermediate,2.5mm,Experiment_2
2025-10-23T00:57:59.494Z,283,1479,5406,626,1917,6745,3340,3337,13674,2588,3066,13448,Day_1,Medium,Intermediate,2.5mm,Experiment_2
2025-10-23T00:57:59.534Z,292,1493,5467,625,1907,6697,3364,3372,13837,2594,3062,13436,Day_1,Medium,Intermediate,2.5mm,Experiment_2
2025-10-23T00:57:59.574Z,295,1503,5501,621,1907,6673,3380,3391,13924,2605,3065,13449,Day_1,Medium,Intermediate,2.5mm,Experiment_2
2025-10-23T00:57:59.614Z,292,1508,5510,617,1913,6673,3380,3392,13934,2616,3068,13473,Day_1,Medium,Intermediate,2.5mm,Experiment_2
2025-10-23T00:57:59.654Z,294,1508,5523,616,1916,6677,3378,3388,13936,2620,3068,13482,Day_1,Medium,Intermediate,2.5mm,Experiment_2
2025-10-23T00:57:59.694Z,300,1510,5556,617,1913,6667,3387,3387,13988,2619,3060,13474,Day_1,Medium,Intermediate,2.5mm,Experiment_2
2025-10-23T00:57:59.734Z,302,1512,5588,615,1905,6649,3402,3389,14062,2615,3052,13469,Day_1,Medium,Intermediate,2.5mm,Experiment_2
2025-10-23T00:57:59.774Z,295,1508,5598,608,1893,6635,3402,3397,14107,2609,3051,13475,Day_1,Medium,Intermediate,2.5mm,Experiment_2
2025-10-23T00:57:59.814Z,286,1501,5593,600,1883,6629,3388,3413,14115,2606,3060,13484,Day_1,Medium,Intermediate,2.5mm,Experiment_2
2025-10-23T00:57:59.854Z,281,1498,5577,596,1884,6639,3372,3425,14086,2605,3074,13498,Day_1,Medium,Intermediate,2.5mm,Experiment_2
2025-10-23T00:57:59.894Z,278,1496,5540,596,1894,6675,3353,3418,13979,2603,3086,13515,Day_1,Medium,Intermediate,2.5mm,Experiment_2
2025-10-23T00:57:59.934Z,272,1483,5475,598,1908,6732,3333,3384,13779,2596,3092,13522,Day_1,Medium,Intermediate,2.5mm,Experiment_2
2025-10-23T00:57:59.974Z,266,1467,5415,600,1915,6770,3326,3349,13600,2590,3087,13492,Day_1,Medium,Intermediate,2.5mm,Experiment_2
2025-10-23T00:58:00.014Z,269,1468,5407,602,1912,6754,3329,3351,13592,2583,3076,13434,Day_1,Medium,Intermediate,2.5mm,Experiment_2
2025-10-23T00:58:00.054Z,279,1485,5445,605,1906,6704,3329,3385,13728,2575,3068,13390,Day_1,Medium,Intermediate,2.5mm,Experiment_2
2025-10-23T00:58:00.094Z,282,1500,5489,602,1899,6662,3332,3419,13873,2575,3069,13384,Day_1,Medium,Intermediate,2.5mm,Experiment_2
2025-10-23T00:58:00.134Z,276,1502,5514,595,1889,6645,3342,3427,13962,2583,3069,13405,Day_1,Medium,Intermediate,2.5mm,Experiment_2
2025-10-23T00:58:00.174Z,274,1495,5525,592,1881,6646,3347,3411,14004,2589,3064,13431,Day_1,Medium,Intermediate,2.5mm,Experiment_2
2025-10-23T00:58:00.214Z,277,1493,5535,596,1881,6653,3345,3396,14024,2591,3061,13448,Day_1,Medium,Intermediate,2.5mm,Experiment_2
2025-10-23T00:58:00.254Z,279,1501,5553,597,1893,6656,3351,3399,14039,2598,3063,13451,Day_1,Medium,Intermediate,2.5mm,Experiment_2
2025-10-23T00:58:00.294Z,275,1514,5577,592,1914,6649,3367,3409,14064,2608,3066,13450,Day_1,Medium,Intermediate,2.5mm,Experiment_2
2025-10-23T00:58:00.334Z,275,1520,5594,590,1933,6635,3374,3416,14102,2613,3067,13456,Day_1,Medium,Intermediate,2.5mm,Experiment_2
2025-10-23T00:58:00.374Z,279,1514,5596,592,1932,6624,3367,3422,14134,2610,3069,13472,Day_1,Medium,Intermediate,2.5mm,Experiment_2
2025-10-23T00:58:00.414Z,281,1502,5580,595,1911,6623,3351,3421,14131,2603,3074,13490,Day_1,Medium,Intermediate,2.5mm,Experiment_2
2025-10-23T00:58:00.454Z,280,1488,5541,602,1892,6642,3335,3408,14053,2592,3079,13507,Day_1,Medium,Intermediate,2.5mm,Experiment_2
2025-10-23T00:58:00.494Z,278,1472,5477,615,1889,6691,3318,3380,13883,2584,3084,13519,Day_1,Medium,Intermediate,2.5mm,Experiment_2
2025-10-23T00:58:00.534Z,276,1462,5417,628,1900,6746,3308,3352,13693,2579,3084,13506,Day_1,Medium,Intermediate,2.5mm,Experiment_2
2025-10-23T00:58:00.574Z,275,1470,5404,633,1914,6761,3310,3347,13626,2574,3074,13455,Day_1,Medium,Intermediate,2.5mm,Experiment_2
2025-10-23T00:58:00.614Z,275,1491,5442,627,1920,6731,3331,3372,13722,2574,3060,13400,Day_1,Medium,Intermediate,2.5mm,Experiment_2
2025-10-23T00:58:00.654Z,281,1510,5493,616,1916,6688,3363,3410,13872,2584,3054,13379,Day_1,Medium,Intermediate,2.5mm,Experiment_2
2025-10-23T00:58:00.694Z,285,1518,5527,606,1908,6662,3393,3438,13968,2599,3059,13395,Day_1,Medium,Intermediate,2.5mm,Experiment_2
2025-10-23T00:58:00.734Z,282,1514,5534,597,1897,6654,3408,3444,13994,2611,3066,13429,Day_1,Medium,Intermediate,2.5mm,Experiment_2
2025-10-23T00:58:00.774Z,279,1502,5526,594,1885,6652,3403,3433,13992,2617,3069,13458,Day_1,Medium,Intermediate,2.5mm,Experiment_2
2025-10-23T00:58:00.814Z,281,1492,5527,598,1875,6644,3387,3421,14021,2615,3065,13471,Day_1,Medium,Intermediate,2.5mm,Experiment_2
2025-10-23T00:58:00.854Z,287,1493,5547,603,1870,6628,3380,3408,14086,2607,3058,13475,Day_1,Medium,Intermediate,2.5mm,Experiment_2
2025-10-23T00:58:00.895Z,290,1503,5568,603,1873,6618,3384,3390,14135,2600,3052,13479,Day_1,Medium,Intermediate,2.5mm,Experiment_2
2025-10-23T00:58:00.935Z,291,1512,5578,600,1884,6616,3387,3378,14147,2598,3052,13483,Day_1,Medium,Intermediate,2.5mm,Experiment_2
2025-10-23T00:58:00.975Z,290,1516,5573,597,1895,6623,3386,3380,14133,2601,3057,13495,Day_1,Medium,Intermediate,2.5mm,Experiment_2
2025-10-23T00:58:01.015Z,283,1513,5541,595,1905,6648,3381,3383,14059,2606,3069,13522,Day_1,Medium,Intermediate,2.5mm,Experiment_2
2025-10-23T00:58:01.055Z,270,1497,5471,594,1916,6702,3362,3365,13874,2607,3082,13556,Day_1,Medium,Intermediate,2.5mm,Experiment_2
2025-10-23T00:58:01.095Z,255,1473,5385,595,1930,6770,3330,3330,13624,2600,3092,13568,Day_1,Medium,Intermediate,2.5mm,Experiment_2
2025-10-23T00:58:01.135Z,246,1455,5337,595,1934,6807,3312,3309,13467,2594,3094,13536,Day_1,Medium,Intermediate,2.5mm,Experiment_2
2025-10-23T00:58:01.175Z,251,1452,5357,597,1923,6788,3316,3315,13504,2591,3086,13481,Day_1,Medium,Intermediate,2.5mm,Experiment_2
2025-10-23T00:58:01.215Z,265,1460,5421,603,1904,6741,3328,3338,13662,2590,3076,13440,Day_1,Medium,Intermediate,2.5mm,Experiment_2
2025-10-23T00:58:01.255Z,281,1473,5481,609,1892,6702,3341,3359,13809,2592,3069,13429,Day_1,Medium,Intermediate,2.5mm,Experiment_2
2025-10-23T00:58:01.295Z,293,1485,5510,614,1890,6687,3349,3363,13883,2598,3065,13443,Day_1,Medium,Intermediate,2.5mm,Experiment_2
2025-10-23T00:58:01.335Z,297,1491,5513,618,1893,6688,3352,3352,13905,2604,3060,13469,Day_1,Medium,Intermediate,2.5mm,Experiment_2
2025-10-23T00:58:01.375Z,296,1499,5525,617,1896,6686,3354,3347,13950,2606,3052,13483,Day_1,Medium,Intermediate,2.5mm,Experiment_2
2025-10-23T00:58:01.415Z,295,1509,5557,611,1896,6667,3356,3361,14039,2604,3045,13478,Day_1,Medium,Intermediate,2.5mm,Experiment_2
2025-10-23T00:58:01.455Z,295,1516,5580,607,1893,6638,3355,3387,14120,2599,3046,13478,Day_1,Medium,Intermediate,2.5mm,Experiment_2
2025-10-23T00:58:01.495Z,297,1517,5582,607,1890,6619,3357,3413,14161,2598,3057,13493,Day_1,Medium,Intermediate,2.5mm,Experiment_2
2025-10-23T00:58:01.535Z,295,1514,5575,606,1887,6619,3365,3431,14166,2601,3072,13513,Day_1,Medium,Intermediate,2.5mm,Experiment_2
2025-10-23T00:58:01.575Z,290,1509,5561,604,1889,6641,3369,3430,14115,2606,3087,13531,Day_1,Medium,Intermediate,2.5mm,Experiment_2
2025-10-23T00:58:01.615Z,288,1493,5521,610,1896,6691,3357,3403,13971,2608,3098,13551,Day_1,Medium,Intermediate,2.5mm,Experiment_2
2025-10-23T00:58:01.655Z,292,1469,5445,625,1908,6753,3333,3356,13753,2606,3102,13559,Day_1,Medium,Intermediate,2.5mm,Experiment_2
2025-10-23T00:58:01.695Z,295,1451,5375,638,1916,6786,3318,3326,13580,2602,3096,13529,Day_1,Medium,Intermediate,2.5mm,Experiment_2
2025-10-23T00:58:01.735Z,292,1451,5368,636,1912,6770,3324,3339,13568,2596,3081,13466,Day_1,Medium,Intermediate,2.5mm,Experiment_2
2025-10-23T00:58:01.775Z,285,1467,5417,624,1903,6727,3338,3373,13696,2588,3067,13420,Day_1,Medium,Intermediate,2.5mm,Experiment_2
2025-10-23T00:58:01.815Z,278,1487,5478,611,1900,6692,3352,3396,13852,2584,3061,13415,Day_1,Medium,Intermediate,2.5mm,Experiment_2
2025-10-23T00:58:01.855Z,272,1499,5519,601,1901,6676,3360,3408,13952,2587,3064,13435,Day_1,Medium,Intermediate,2.5mm,Experiment_2
2025-10-23T00:58:01.895Z,269,1499,5539,597,1900,6675,3358,3413,13988,2591,3071,13455,Day_1,Medium,Intermediate,2.5mm,Experiment_2
2025-10-23T00:58:01.935Z,270,1497,5554,597,1899,6677,3354,3414,14001,2592,3073,13461,Day_1,Medium,Intermediate,2.5mm,Experiment_2
2025-10-23T00:58:01.975Z,274,1500,5576,597,1899,6673,3357,3415,14029,2595,3072,13456,Day_1,Medium,Intermediate,2.5mm,Experiment_2
2025-10-23T00:58:02.015Z,280,1504,5597,598,1895,6661,3364,3417,14070,2602,3071,13455,Day_1,Medium,Intermediate,2.5mm,Experiment_2
2025-10-23T00:58:02.055Z,292,1505,5602,603,1887,6646,3372,3420,14106,2608,3070,13465,Day_1,Medium,Intermediate,2.5mm,Experiment_2
2025-10-23T00:58:02.095Z,301,1507,5592,609,1883,6634,3380,3422,14123,2612,3070,13477,Day_1,Medium,Intermediate,2.5mm,Experiment_2
2025-10-23T00:58:02.135Z,295,1506,5574,605,1883,6633,3388,3415,14109,2614,3066,13487,Day_1,Medium,Intermediate,2.5mm,Experiment_2
2025-10-23T00:58:02.175Z,281,1499,5539,599,1888,6654,3386,3389,14034,2615,3063,13500,Day_1,Medium,Intermediate,2.5mm,Experiment_2
2025-10-23T00:58:02.215Z,271,1481,5477,602,1897,6702,3367,3351,13876,2613,3068,13511,Day_1,Medium,Intermediate,2.5mm,Experiment_2
2025-10-23T00:58:02.255Z,269,1461,5425,611,1902,6753,3338,3320,13712,2603,3073,13495,Day_1,Medium,Intermediate,2.5mm,Experiment_2
2025-10-23T00:58:02.295Z,276,1455,5431,619,1900,6768,3320,3320,13675,2588,3065,13444,Day_1,Medium,Intermediate,2.5mm,Experiment_2
2025-10-23T00:58:02.335Z,292,1470,5484,626,1895,6741,3319,3349,13780,2578,3051,13395,Day_1,Medium,Intermediate,2.5mm,Experiment_2
2025-10-23T00:58:02.375Z,308,1490,5531,632,1892,6700,3328,3383,13913,2576,3043,13382,Day_1,Medium,Intermediate,2.5mm,Experiment_2
2025-10-23T00:58:02.415Z,311,1505,5548,630,1894,6669,3343,3406,13990,2582,3045,13399,Day_1,Medium,Intermediate,2.5mm,Experiment_2
2025-10-23T00:58:02.455Z,301,1510,5545,618,1897,6657,3364,3419,14005,2593,3054,13429,Day_1,Medium,Intermediate,2.5mm,Experiment_2
2025-10-23T00:58:02.495Z,291,1503,5540,612,1892,6656,3382,3436,14003,2602,3066,13456,Day_1,Medium,Intermediate,2.5mm,Experiment_2
2025-10-23T00:58:02.535Z,292,1495,5546,615,1882,6653,3399,3462,14025,2612,3076,13470,Day_1,Medium,Intermediate,2.5mm,Experiment_2
2025-10-23T00:58:02.575Z,295,1494,5562,618,1872,6645,3418,3479,14079,2623,3079,13475,Day_1,Medium,Intermediate,2.5mm,Experiment_2
2025-10-23T00:58:02.615Z,299,1498,5578,616,1870,6634,3434,3467,14134,2633,3074,13483,Day_1,Medium,Intermediate,2.5mm,Experiment_2
2025-10-23T00:58:02.655Z,304,1504,5588,615,1875,6631,3438,3441,14163,2636,3066,13493,Day_1,Medium,Intermediate,2.5mm,Experiment_2
2025-10-23T00:58:02.695Z,304,1509,5593,613,1886,6642,3429,3426,14148,2632,3065,13501,Day_1,Medium,Intermediate,2.5mm,Experiment_2
2025-10-23T00:58:02.735Z,294,1503,5572,611,1897,6669,3400,3417,14058,2623,3077,13514,Day_1,Medium,Intermediate,2.5mm,Experiment_2
2025-10-23T00:58:02.775Z,280,1481,5506,612,1907,6715,3352,3391,13867,2610,3098,13541,Day_1,Medium,Intermediate,2.5mm,Experiment_2
2025-10-23T00:58:02.815Z,267,1456,5413,616,1918,6771,3308,3347,13633,2596,3119,13558,Day_1,Medium,Intermediate,2.5mm,Experiment_2
2025-10-23T00:58:02.855Z,259,1451,5358,618,1930,6800,3286,3316,13502,2586,3129,13531,Day_1,Medium,Intermediate,2.5mm,Experiment_2
2025-10-23T00:58:02.895Z,260,1467,5378,615,1933,6785,3283,3319,13552,2578,3119,13475,Day_1,Medium,Intermediate,2.5mm,Experiment_2
2025-10-23T00:58:02.935Z,267,1485,5445,608,1927,6745,3286,3346,13708,2575,3090,13433,Day_1,Medium,Intermediate,2.5mm,Experiment_2
2025-10-23T00:58:02.975Z,272,1496,5504,599,1917,6709,3298,3380,13845,2580,3067,13423,Day_1,Medium,Intermediate,2.5mm,Experiment_2
2025-10-23T00:58:03.015Z,270,1497,5523,587,1911,6690,3323,3409,13895,2589,3067,13435,Day_1,Medium,Intermediate,2.5mm,Experiment_2
2025-10-23T00:58:03.055Z,264,1495,5514,579,1908,6685,3345,3427,13887,2597,3076,13453,Day_1,Medium,Intermediate,2.5mm,Experiment_2
2025-10-23T00:58:03.095Z,262,1495,5519,578,1902,6674,3349,3438,13915,2597,3079,13455,Day_1,Medium,Intermediate,2.5mm,Experiment_2
2025-10-23T00:58:03.135Z,268,1501,5549,584,1895,6652,3344,3442,14005,2594,3071,13441,Day_1,Medium,Intermediate,2.5mm,Experiment_2
2025-10-23T00:58:03.175Z,276,1511,5579,591,1892,6635,3350,3442,14089,2597,3066,13439,Day_1,Medium,Intermediate,2.5mm,Experiment_2
2025-10-23T00:58:03.215Z,281,1518,5591,595,1894,6631,3360,3439,14127,2606,3069,13458,Day_1,Medium,Intermediate,2.5mm,Experiment_2
2025-10-23T00:58:03.255Z,282,1520,5587,596,1897,6635,3363,3431,14122,2615,3076,13485,Day_1,Medium,Intermediate,2.5mm,Experiment_2
2025-10-23T00:58:03.295Z,276,1513,5562,596,1901,6651,3360,3416,14062,2621,3083,13511,Day_1,Medium,Intermediate,2.5mm,Experiment_2
2025-10-23T00:58:03.335Z,264,1488,5504,596,1903,6692,3354,3391,13915,2622,3089,13539,Day_1,Medium,Intermediate,2.5mm,Experiment_2
2025-10-23T00:58:03.375Z,254,1451,5418,598,1902,6750,3343,3352,13703,2616,3093,13557,Day_1,Medium,Intermediate,2.5mm,Experiment_2
2025-10-23T00:58:03.415Z,255,1424,5353,605,1899,6789,3328,3318,13548,2602,3088,13537,Day_1,Medium,Intermediate,2.5mm,Experiment_2
2025-10-23T00:58:03.455Z,267,1424,5360,613,1894,6783,3319,3315,13556,2588,3075,13482,Day_1,Medium,Intermediate,2.5mm,Experiment_2
2025-10-23T00:58:03.495Z,280,1446,5426,616,1892,6750,3319,3338,13683,2581,3062,13430,Day_1,Medium,Intermediate,2.5mm,Experiment_2
2025-10-23T00:58:03.535Z,285,1470,5495,612,1893,6716,3327,3366,13821,2580,3054,13411,Day_1,Medium,Intermediate,2.5mm,Experiment_2
2025-10-23T00:58:03.575Z,281,1481,5525,605,1891,6691,3338,3382,13909,2580,3052,13427,Day_1,Medium,Intermediate,2.5mm,Experiment_2
2025-10-23T00:58:03.615Z,277,1480,5522,605,1887,6677,3347,3384,13938,2582,3054,13456,Day_1,Medium,Intermediate,2.5mm,Experiment_2
2025-10-23T00:58:03.655Z,277,1481,5514,608,1885,6664,3356,3382,13952,2586,3057,13469,Day_1,Medium,Intermediate,2.5mm,Experiment_2
2025-10-23T00:58:03.695Z,276,1490,5524,604,1884,6644,3364,3389,14001,2590,3058,13462,Day_1,Medium,Intermediate,2.5mm,Experiment_2
2025-10-23T00:58:03.735Z,273,1501,5546,595,1882,6621,3367,3400,14075,2590,3056,13459,Day_1,Medium,Intermediate,2.5mm,Experiment_2
2025-10-23T00:58:03.775Z,269,1507,5568,588,1879,6609,3361,3401,14133,2586,3051,13474,Day_1,Medium,Intermediate,2.5mm,Experiment_2
2025-10-23T00:58:03.815Z,271,1507,5583,587,1876,6615,3349,3397,14159,2585,3050,13496,Day_1,Medium,Intermediate,2.5mm,Experiment_2
2025-10-23T00:58:03.855Z,275,1506,5578,591,1880,6633,3345,3396,14139,2592,3057,13512,Day_1,Medium,Intermediate,2.5mm,Experiment_2
2025-10-23T00:58:03.895Z,279,1503,5542,598,1892,6660,3349,3395,14044,2602,3072,13521,Day_1,Medium,Intermediate,2.5mm,Experiment_2
2025-10-23T00:58:03.935Z,283,1492,5475,609,1908,6703,3350,3380,13874,2605,3092,13526,Day_1,Medium,Intermediate,2.5mm,Experiment_2
2025-10-23T00:58:03.975Z,285,1475,5418,618,1916,6743,3347,3354,13714,2602,3106,13502,Day_1,Medium,Intermediate,2.5mm,Experiment_2
2025-10-23T00:58:04.015Z,278,1470,5416,612,1913,6746,3347,3346,13682,2595,3098,13440,Day_1,Medium,Intermediate,2.5mm,Experiment_2
2025-10-23T00:58:04.055Z,268,1482,5461,596,1907,6713,3350,3366,13775,2587,3072,13381,Day_1,Medium,Intermediate,2.5mm,Experiment_2
2025-10-23T00:58:04.095Z,263,1497,5512,585,1902,6680,3357,3393,13891,2585,3054,13362,Day_1,Medium,Intermediate,2.5mm,Experiment_2
2025-10-23T00:58:04.135Z,262,1506,5538,583,1896,6661,3370,3408,13966,2592,3051,13379,Day_1,Medium,Intermediate,2.5mm,Experiment_2
2025-10-23T00:58:04.175Z,263,1509,5541,586,1892,6654,3386,3407,13996,2604,3057,13409,Day_1,Medium,Intermediate,2.5mm,Experiment_2
2025-10-23T00:58:04.215Z,271,1508,5539,595,1891,6655,3393,3399,14005,2612,3061,13434,Day_1,Medium,Intermediate,2.5mm,Experiment_2
2025-10-23T00:58:04.255Z,287,1505,5550,607,1891,6658,3387,3394,14022,2612,3060,13449,Day_1,Medium,Intermediate,2.5mm,Experiment_2
2025-10-23T00:58:04.295Z,301,1504,5568,615,1891,6653,3379,3394,14057,2611,3056,13458,Day_1,Medium,Intermediate,2.5mm,Experiment_2
2025-10-23T00:58:04.335Z,303,1508,5580,616,1891,6640,3371,3395,14092,2610,3053,13465,Day_1,Medium,Intermediate,2.5mm,Experiment_2
2025-10-23T00:58:04.375Z,296,1511,5579,611,1889,6625,3360,3397,14113,2604,3053,13476,Day_1,Medium,Intermediate,2.5mm,Experiment_2
2025-10-23T00:58:04.415Z,291,1511,5566,608,1886,6620,3346,3397,14103,2597,3055,13489,Day_1,Medium,Intermediate,2.5mm,Experiment_2
2025-10-23T00:58:04.455Z,289,1507,5540,610,1891,6640,3336,3390,14025,2598,3062,13507,Day_1,Medium,Intermediate,2.5mm,Experiment_2
2025-10-23T00:58:04.495Z,288,1495,5487,617,1905,6695,3326,3368,13849,2605,3074,13529,Day_1,Medium,Intermediate,2.5mm,Experiment_2
2025-10-23T00:58:04.535Z,286,1475,5422,624,1917,6757,3310,3331,13644,2602,3082,13536,Day_1,Medium,Intermediate,2.5mm,Experiment_2
2025-10-23T00:58:04.575Z,285,1464,5392,628,1919,6781,3298,3305,13557,2588,3073,13502,Day_1,Medium,Intermediate,2.5mm,Experiment_2
2025-10-23T00:58:04.615Z,283,1472,5423,621,1912,6753,3303,3316,13646,2575,3058,13445,Day_1,Medium,Intermediate,2.5mm,Experiment_2
2025-10-23T00:58:04.655Z,281,1488,5483,611,1902,6711,3319,3353,13809,2570,3049,13410,Day_1,Medium,Intermediate,2.5mm,Experiment_2
2025-10-23T00:58:04.695Z,277,1499,5525,604,1895,6685,3331,3386,13931,2573,3052,13409,Day_1,Medium,Intermediate,2.5mm,Experiment_2
2025-10-23T00:58:04.735Z,275,1499,5533,603,1892,6679,3334,3405,13975,2581,3062,13430,Day_1,Medium,Intermediate,2.5mm,Experiment_2
2025-10-23T00:58:04.775Z,277,1492,5526,607,1888,6681,3335,3415,13981,2587,3073,13454,Day_1,Medium,Intermediate,2.5mm,Experiment_2
2025-10-23T00:58:04.815Z,284,1490,5535,611,1883,6672,3344,3429,14016,2589,3079,13465,Day_1,Medium,Intermediate,2.5mm,Experiment_2
2025-10-23T00:58:04.855Z,294,1495,5565,611,1879,6654,3358,3445,14091,2590,3079,13469,Day_1,Medium,Intermediate,2.5mm,Experiment_2
2025-10-23T00:58:04.895Z,302,1498,5594,612,1875,6641,3367,3439,14154,2594,3076,13480,Day_1,Medium,Intermediate,2.5mm,Experiment_2
2025-10-23T00:58:04.935Z,306,1493,5605,613,1869,6635,3371,3417,14178,2601,3072,13495,Day_1,Medium,Intermediate,2.5mm,Experiment_2
2025-10-23T00:58:04.975Z,304,1486,5594,616,1865,6635,3366,3400,14162,2604,3069,13510,Day_1,Medium,Intermediate,2.5mm,Experiment_2
2025-10-23T00:58:05.015Z,304,1476,5558,625,1867,6654,3359,3387,14080,2604,3069,13533,Day_1,Medium,Intermediate,2.5mm,Experiment_2
2025-10-23T00:58:05.055Z,305,1461,5489,639,1877,6704,3358,3360,13896,2608,3077,13564,Day_1,Medium,Intermediate,2.5mm,Experiment_2
2025-10-23T00:58:05.095Z,299,1446,5399,648,1893,6769,3356,3315,13649,2614,3087,13580,Day_1,Medium,Intermediate,2.5mm,Experiment_2
2025-10-23T00:58:05.135Z,293,1441,5338,653,1909,6804,3343,3279,13482,2608,3089,13552,Day_1,Medium,Intermediate,2.5mm,Experiment_2
2025-10-23T00:58:05.175Z,290,1449,5345,652,1915,6783,3327,3286,13506,2592,3082,13496,Day_1,Medium,Intermediate,2.5mm,Experiment_2
2025-10-23T00:58:05.216Z,286,1464,5404,637,1908,6734,3319,3328,13666,2579,3074,13455,Day_1,Medium,Intermediate,2.5mm,Experiment_2
2025-10-23T00:58:05.256Z,281,1477,5472,618,1897,6697,3321,3366,13832,2575,3067,13449,Day_1,Medium,Intermediate,2.5mm,Experiment_2
2025-10-23T00:58:05.296Z,283,1483,5513,609,1890,6687,3332,3380,13918,2580,3064,13464,Day_1,Medium,Intermediate,2.5mm,Experiment_2
2025-10-23T00:58:05.336Z,295,1484,5520,619,1890,6693,3351,3377,13923,2593,3068,13482,Day_1,Medium,Intermediate,2.5mm,Experiment_2
2025-10-23T00:58:05.376Z,313,1487,5524,638,1893,6692,3376,3381,13933,2608,3072,13487,Day_1,Medium,Intermediate,2.5mm,Experiment_2
2025-10-23T00:58:05.416Z,322,1501,5547,645,1895,6671,3391,3405,14009,2614,3076,13484,Day_1,Medium,Intermediate,2.5mm,Experiment_2
2025-10-23T00:58:05.456Z,316,1520,5573,636,1895,6644,3385,3432,14100,2607,3079,13483,Day_1,Medium,Intermediate,2.5mm,Experiment_2
2025-10-23T00:58:05.496Z,307,1528,5585,626,1894,6625,3368,3440,14139,2597,3078,13483,Day_1,Medium,Intermediate,2.5mm,Experiment_2
2025-10-23T00:58:05.536Z,302,1522,5586,619,1890,6624,3359,3435,14127,2594,3074,13482,Day_1,Medium,Intermediate,2.5mm,Experiment_2
2025-10-23T00:58:05.576Z,292,1506,5573,610,1886,6642,3353,3427,14083,2596,3071,13489,Day_1,Medium,Intermediate,2.5mm,Experiment_2
2025-10-23T00:58:05.616Z,281,1487,5533,605,1887,6682,3339,3414,13979,2600,3077,13510,Day_1,Medium,Intermediate,2.5mm,Experiment_2
2025-10-23T00:58:05.656Z,271,1467,5463,607,1900,6738,3320,3391,13798,2598,3089,13525,Day_1,Medium,Intermediate,2.5mm,Experiment_2
2025-10-23T00:58:05.696Z,265,1456,5404,610,1922,6778,3311,3367,13635,2590,3090,13500,Day_1,Medium,Intermediate,2.5mm,Experiment_2
2025-10-23T00:58:05.736Z,266,1459,5405,611,1938,6769,3324,3361,13619,2582,3073,13439,Day_1,Medium,Intermediate,2.5mm,Experiment_2
2025-10-23T00:58:05.776Z,275,1475,5453,609,1937,6724,3343,3370,13739,2578,3053,13390,Day_1,Medium,Intermediate,2.5mm,Experiment_2
2025-10-23T00:58:05.816Z,281,1497,5499,606,1923,6680,3348,3384,13885,2577,3048,13385,Day_1,Medium,Intermediate,2.5mm,Experiment_2
2025-10-23T00:58:05.856Z,286,1512,5523,609,1909,6657,3339,3399,13979,2579,3055,13411,Day_1,Medium,Intermediate,2.5mm,Experiment_2
2025-10-23T00:58:05.896Z,291,1514,5532,618,1905,6654,3325,3406,14007,2582,3063,13438,Day_1,Medium,Intermediate,2.5mm,Experiment_2
2025-10-23T00:58:05.936Z,293,1508,5539,624,1901,6659,3315,3400,14008,2584,3063,13453,Day_1,Medium,Intermediate,2.5mm,Experiment_2
2025-10-23T00:58:05.976Z,295,1504,5554,627,1896,6660,3318,3403,14028,2587,3062,13462,Day_1,Medium,Intermediate,2.5mm,Experiment_2
2025-10-23T00:58:06.016Z,295,1505,5573,623,1894,6653,3330,3423,14075,2590,3063,13472,Day_1,Medium,Intermediate,2.5mm,Experiment_2
2025-10-23T00:58:06.056Z,294,1509,5588,616,1892,6642,3342,3445,14126,2590,3065,13482,Day_1,Medium,Intermediate,2.5mm,Experiment_2
2025-10-23T00:58:06.096Z,300,1510,5600,614,1888,6638,3349,3451,14152,2591,3069,13491,Day_1,Medium,Intermediate,2.5mm,Experiment_2
2025-10-23T00:58:06.136Z,309,1508,5599,618,1886,6644,3359,3440,14138,2597,3072,13500,Day_1,Medium,Intermediate,2.5mm,Experiment_2
2025-10-23T00:58:06.176Z,309,1502,5565,618,1891,6663,3364,3414,14060,2606,3075,13514,Day_1,Medium,Intermediate,2.5mm,Experiment_2
2025-10-23T00:58:06.216Z,302,1489,5495,622,1903,6704,3350,3372,13897,2608,3079,13528,Day_1,Medium,Intermediate,2.5mm,Experiment_2
2025-10-23T00:58:06.256Z,298,1477,5426,632,1916,6751,3320,3326,13713,2594,3079,13516,Day_1,Medium,Intermediate,2.5mm,Experiment_2
2025-10-23T00:58:06.296Z,295,1479,5409,635,1922,6763,3299,3311,13648,2572,3071,13465,Day_1,Medium,Intermediate,2.5mm,Experiment_2
2025-10-23T00:58:06.336Z,288,1494,5448,626,1918,6730,3304,3342,13740,2562,3060,13409,Day_1,Medium,Intermediate,2.5mm,Experiment_2
2025-10-23T00:58:06.376Z,277,1509,5498,612,1908,6684,3326,3387,13882,2568,3056,13387,Day_1,Medium,Intermediate,2.5mm,Experiment_2
2025-10-23T00:58:06.416Z,259,1513,5529,607,1900,6657,3349,3410,13972,2580,3055,13400,Day_1,Medium,Intermediate,2.5mm,Experiment_2
2025-10-23T00:58:06.456Z,227,1508,5537,612,1899,6651,3371,3407,13991,2594,3058,13428,Day_1,Medium,Intermediate,2.5mm,Experiment_2
2025-10-23T00:58:06.496Z,199,1501,5533,616,1900,6652,3385,3397,13980,2606,3062,13450,Day_1,Medium,Intermediate,2.5mm,Experiment_2
2025-10-23T00:58:06.536Z,190,1498,5537,615,1897,6646,3384,3400,13997,2608,3063,13458,Day_1,Medium,Intermediate,2.5mm,Experiment_2
2025-10-23T00:58:06.576Z,185,1502,5553,615,1891,6632,3374,3420,14055,2604,3060,13461,Day_1,Medium,Intermediate,2.5mm,Experiment_2
2025-10-23T00:58:06.616Z,190,1508,5568,618,1884,6622,3369,3447,14113,2604,3060,13471,Day_1,Medium,Intermediate,2.5mm,Experiment_2
2025-10-23T00:58:06.656Z,231,1509,5573,619,1878,6622,3366,3468,14135,2606,3070,13485,Day_1,Medium,Intermediate,2.5mm,Experiment_2
2025-10-23T00:58:06.696Z,291,1504,5565,625,1875,6630,3359,3473,14109,2606,3085,13497,Day_1,Medium,Intermediate,2.5mm,Experiment_2
2025-10-23T00:58:06.736Z,341,1495,5539,636,1881,6660,3351,3457,14016,2606,3099,13516,Day_1,Medium,Intermediate,2.5mm,Experiment_2
2025-10-23T00:58:06.776Z,404,1480,5483,644,1896,6720,3336,3418,13831,2609,3115,13544,Day_1,Medium,Intermediate,2.5mm,Experiment_2
2025-10-23T00:58:06.816Z,509,1457,5403,645,1911,6790,3313,3364,13599,2609,3133,13561,Day_1,Medium,Intermediate,2.5mm,Experiment_2
2025-10-23T00:58:06.856Z,602,1437,5352,645,1914,6825,3292,3319,13461,2598,3140,13535,Day_1,Medium,Intermediate,2.5mm,Experiment_2
2025-10-23T00:58:06.896Z,660,1437,5369,648,1906,6805,3292,3309,13503,2586,3125,13478,Day_1,Medium,Intermediate,2.5mm,Experiment_2
2025-10-23T00:58:06.936Z,770,1455,5431,659,1895,6753,3306,3332,13653,2578,3093,13431,Day_1,Medium,Intermediate,2.5mm,Experiment_2
2025-10-23T00:58:06.976Z,835,1476,5492,663,1890,6709,3311,3359,13794,2571,3067,13414,Day_1,Medium,Intermediate,2.5mm,Experiment_2
2025-10-23T00:58:07.016Z,682,1488,5520,647,1892,6692,3303,3368,13864,2566,3057,13427,Day_1,Medium,Intermediate,2.5mm,Experiment_2
2025-10-23T00:58:07.056Z,449,1489,5522,630,1893,6693,3294,3363,13883,2570,3058,13453,Day_1,Medium,Intermediate,2.5mm,Experiment_2
2025-10-23T00:58:07.096Z,320,1489,5531,626,1888,6685,3295,3369,13926,2574,3060,13466,Day_1,Medium,Intermediate,2.5mm,Experiment_2
2025-10-23T00:58:07.136Z,273,1497,5555,626,1881,6660,3301,3394,14021,2574,3061,13461,Day_1,Medium,Intermediate,2.5mm,Experiment_2
2025-10-23T00:58:07.176Z,234,1504,5577,620,1876,6637,3312,3418,14106,2576,3061,13458,Day_1,Medium,Intermediate,2.5mm,Experiment_2
2025-10-23T00:58:07.216Z,208,1504,5579,610,1873,6624,3328,3434,14135,2585,3063,13466,Day_1,Medium,Intermediate,2.5mm,Experiment_2
2025-10-23T00:58:07.256Z,221,1502,5565,607,1877,6616,3341,3443,14124,2594,3069,13479,Day_1,Medium,Intermediate,2.5mm,Experiment_2
2025-10-23T00:58:07.296Z,251,1502,5540,614,1888,6624,3344,3438,14075,2597,3079,13499,Day_1,Medium,Intermediate,2.5mm,Experiment_2
2025-10-23T00:58:07.336Z,268,1495,5497,624,1903,6664,3341,3410,13954,2602,3095,13529,Day_1,Medium,Intermediate,2.5mm,Experiment_2
2025-10-23T00:58:07.376Z,271,1480,5435,628,1917,6730,3336,3368,13759,2607,3116,13552,Day_1,Medium,Intermediate,2.5mm,Experiment_2
2025-10-23T00:58:07.416Z,267,1465,5388,624,1925,6780,3324,3334,13603,2599,3127,13533,Day_1,Medium,Intermediate,2.5mm,Experiment_2
2025-10-23T00:58:07.456Z,272,1463,5395,618,1922,6776,3314,3331,13605,2581,3114,13476,Day_1,Medium,Intermediate,2.5mm,Experiment_2
2025-10-23T00:58:07.496Z,304,1473,5442,611,1911,6732,3320,3355,13739,2571,3082,13428,Day_1,Medium,Intermediate,2.5mm,Experiment_2
2025-10-23T00:58:07.536Z,360,1485,5490,606,1898,6687,3340,3381,13888,2575,3057,13418,Day_1,Medium,Intermediate,2.5mm,Experiment_2
2025-10-23T00:58:07.576Z,396,1490,5516,603,1888,6662,3364,3392,13977,2589,3048,13434,Day_1,Medium,Intermediate,2.5mm,Experiment_2
2025-10-23T00:58:07.616Z,386,1491,5521,605,1884,6656,3383,3388,14005,2601,3046,13455,Day_1,Medium,Intermediate,2.5mm,Experiment_2
2025-10-23T00:58:07.656Z,363,1492,5526,608,1881,6657,3387,3383,14015,2606,3048,13470,Day_1,Medium,Intermediate,2.5mm,Experiment_2
2025-10-23T00:58:07.696Z,353,1498,5543,612,1879,6653,3373,3395,14043,2602,3056,13476,Day_1,Medium,Intermediate,2.5mm,Experiment_2
2025-10-23T00:58:07.736Z,340,1506,5567,611,1879,6642,3355,3419,14089,2596,3065,13480,Day_1,Medium,Intermediate,2.5mm,Experiment_2
2025-10-23T00:58:07.776Z,317,1512,5587,604,1881,6633,3346,3442,14130,2596,3070,13481,Day_1,Medium,Intermediate,2.5mm,Experiment_2
2025-10-23T00:58:07.816Z,298,1512,5600,597,1882,6632,3355,3453,14146,2605,3072,13479,Day_1,Medium,Intermediate,2.5mm,Experiment_2
2025-10-23T00:58:07.856Z,291,1504,5598,599,1879,6639,3375,3448,14120,2620,3074,13481,Day_1,Medium,Intermediate,2.5mm,Experiment_2
2025-10-23T00:58:07.896Z,292,1488,5566,608,1876,6661,3386,3424,14031,2633,3077,13497,Day_1,Medium,Intermediate,2.5mm,Experiment_2
2025-10-23T00:58:07.936Z,287,1467,5497,616,1881,6702,3374,3380,13871,2632,3080,13518,Day_1,Medium,Intermediate,2.5mm,Experiment_2
2025-10-23T00:58:07.976Z,275,1451,5424,612,1890,6737,3351,3339,13711,2619,3079,13511,Day_1,Medium,Intermediate,2.5mm,Experiment_2
2025-10-23T00:58:08.016Z,263,1450,5405,600,1895,6734,3341,3327,13668,2601,3067,13454,Day_1,Medium,Intermediate,2.5mm,Experiment_2
2025-10-23T00:58:08.056Z,261,1466,5445,590,1894,6699,3347,3345,13759,2585,3051,13389,Day_1,Medium,Intermediate,2.5mm,Experiment_2
2025-10-23T00:58:08.096Z,272,1487,5499,590,1892,6666,3354,3374,13893,2578,3041,13367,Day_1,Medium,Intermediate,2.5mm,Experiment_2
2025-10-23T00:58:08.136Z,291,1503,5531,596,1895,6651,3352,3404,13985,2578,3043,13390,Day_1,Medium,Intermediate,2.5mm,Experiment_2
2025-10-23T00:58:08.176Z,308,1508,5540,604,1897,6653,3340,3430,14005,2580,3054,13426,Day_1,Medium,Intermediate,2.5mm,Experiment_2
2025-10-23T00:58:08.216Z,314,1503,5541,614,1893,6661,3323,3438,13989,2580,3065,13450,Day_1,Medium,Intermediate,2.5mm,Experiment_2
2025-10-23T00:58:08.256Z,308,1496,5543,621,1884,6657,3314,3427,14007,2579,3067,13461,Day_1,Medium,Intermediate,2.5mm,Experiment_2
2025-10-23T00:58:08.296Z,300,1493,5543,620,1875,6634,3316,3419,14074,2580,3066,13471,Day_1,Medium,Intermediate,2.5mm,Experiment_2
2025-10-23T00:58:08.336Z,296,1495,5525,614,1870,6610,3330,3423,14144,2588,3066,13485,Day_1,Medium,Intermediate,2.5mm,Experiment_2
2025-10-23T00:58:08.376Z,295,1503,5484,606,1874,6600,3349,3426,14172,2600,3066,13499,Day_1,Medium,Intermediate,2.5mm,Experiment_2
2025-10-23T00:58:08.416Z,291,1513,5442,599,1884,6608,3362,3422,14150,2608,3068,13509,Day_1,Medium,Intermediate,2.5mm,Experiment_2
2025-10-23T00:58:08.456Z,282,1508,5393,599,1892,6635,3360,3410,14065,2610,3077,13527,Day_1,Medium,Intermediate,2.5mm,Experiment_2
2025-10-23T00:58:08.496Z,271,1484,5286,608,1901,6684,3344,3385,13878,2609,3094,13552,Day_1,Medium,Intermediate,2.5mm,Experiment_2
2025-10-23T00:58:08.536Z,266,1451,5181,620,1910,6749,3321,3347,13627,2605,3112,13556,Day_1,Medium,Intermediate,2.5mm,Experiment_2
2025-10-23T00:58:08.576Z,266,1426,5203,627,1909,6792,3302,3317,13478,2595,3123,13518,Day_1,Medium,Intermediate,2.5mm,Experiment_2
2025-10-23T00:58:08.616Z,268,1421,5329,622,1893,6781,3300,3318,13533,2585,3116,13461,Day_1,Medium,Intermediate,2.5mm,Experiment_2
2025-10-23T00:58:08.656Z,274,1436,5461,615,1877,6733,3320,3345,13712,2583,3098,13428,Day_1,Medium,Intermediate,2.5mm,Experiment_2
2025-10-23T00:58:08.696Z,284,1458,5588,613,1874,6690,3346,3373,13875,2587,3083,13433,Day_1,Medium,Intermediate,2.5mm,Experiment_2
2025-10-23T00:58:08.736Z,292,1474,5727,614,1882,6674,3360,3381,13944,2592,3078,13459,Day_1,Medium,Intermediate,2.5mm,Experiment_2
2025-10-23T00:58:08.776Z,295,1481,5822,614,1892,6674,3364,3379,13946,2594,3077,13485,Day_1,Medium,Intermediate,2.5mm,Experiment_2
2025-10-23T00:58:08.816Z,297,1487,5888,611,1892,6667,3368,3391,13975,2597,3073,13487,Day_1,Medium,Intermediate,2.5mm,Experiment_2
2025-10-23T00:58:08.856Z,302,1493,6034,611,1883,6651,3375,3415,14053,2601,3066,13470,Day_1,Medium,Intermediate,2.5mm,Experiment_2
2025-10-23T00:58:08.896Z,307,1499,6137,615,1878,6643,3378,3435,14110,2604,3064,13458,Day_1,Medium,Intermediate,2.5mm,Experiment_2
2025-10-23T00:58:08.936Z,306,1503,5995,619,1882,6640,3375,3455,14116,2600,3073,13463,Day_1,Medium,Intermediate,2.5mm,Experiment_2
2025-10-23T00:58:08.976Z,300,1503,5734,616,1891,6637,3367,3474,14096,2593,3086,13482,Day_1,Medium,Intermediate,2.5mm,Experiment_2
2025-10-23T00:58:09.016Z,290,1501,5549,609,1900,6651,3354,3467,14046,2592,3093,13509,Day_1,Medium,Intermediate,2.5mm,Experiment_2
2025-10-23T00:58:09.056Z,280,1494,5400,606,1911,6698,3339,3423,13915,2600,3094,13541,Day_1,Medium,Intermediate,2.5mm,Experiment_2
2025-10-23T00:58:09.096Z,274,1480,5202,611,1922,6760,3327,3365,13704,2608,3096,13559,Day_1,Medium,Intermediate,2.5mm,Experiment_2
2025-10-23T00:58:09.136Z,270,1463,5044,617,1925,6795,3321,3318,13539,2607,3088,13540,Day_1,Medium,Intermediate,2.5mm,Experiment_2
2025-10-23T00:58:09.176Z,272,1459,5011,618,1919,6781,3326,3307,13544,2600,3070,13490,Day_1,Medium,Intermediate,2.5mm,Experiment_2
2025-10-23T00:58:09.216Z,282,1467,5004,620,1908,6738,3338,3338,13682,2599,3058,13447,Day_1,Medium,Intermediate,2.5mm,Experiment_2
2025-10-23T00:58:09.256Z,294,1480,5024,626,1900,6696,3344,3384,13832,2601,3059,13434,Day_1,Medium,Intermediate,2.5mm,Experiment_2
2025-10-23T00:58:09.296Z,305,1489,5172,634,1893,6672,3345,3412,13921,2601,3068,13452,Day_1,Medium,Intermediate,2.5mm,Experiment_2
2025-10-23T00:58:09.336Z,307,1491,5357,638,1888,6668,3343,3418,13947,2597,3077,13481,Day_1,Medium,Intermediate,2.5mm,Experiment_2
2025-10-23T00:58:09.376Z,301,1493,5468,630,1884,6668,3341,3419,13957,2595,3080,13494,Day_1,Medium,Intermediate,2.5mm,Experiment_2
2025-10-23T00:58:09.416Z,297,1496,5540,621,1879,6656,3346,3426,14001,2597,3079,13485,Day_1,Medium,Intermediate,2.5mm,Experiment_2
2025-10-23T00:58:09.456Z,300,1500,5611,618,1875,6636,3355,3427,14070,2599,3072,13475,Day_1,Medium,Intermediate,2.5mm,Experiment_2
2025-10-23T00:58:09.496Z,300,1509,5661,614,1877,6617,3360,3418,14127,2598,3061,13476,Day_1,Medium,Intermediate,2.5mm,Experiment_2
2025-10-23T00:58:09.536Z,294,1511,5699,605,1878,6604,3361,3408,14157,2596,3054,13490,Day_1,Medium,Intermediate,2.5mm,Experiment_2
2025-10-23T00:58:09.576Z,287,1499,5758,598,1872,6608,3363,3405,14153,2599,3059,13511,Day_1,Medium,Intermediate,2.5mm,Experiment_2
2025-10-23T00:58:09.616Z,281,1481,5777,598,1871,6641,3366,3396,14075,2605,3073,13535,Day_1,Medium,Intermediate,2.5mm,Experiment_2
2025-10-23T00:58:09.656Z,277,1465,5689,607,1882,6701,3358,3367,13899,2605,3085,13548,Day_1,Medium,Intermediate,2.5mm,Experiment_2
2025-10-23T00:58:09.696Z,279,1452,5588,620,1894,6751,3337,3335,13723,2595,3085,13522,Day_1,Medium,Intermediate,2.5mm,Experiment_2
2025-10-23T00:58:09.736Z,287,1450,5561,628,1894,6750,3319,3328,13694,2578,3070,13456,Day_1,Medium,Intermediate,2.5mm,Experiment_2
2025-10-23T00:58:09.776Z,292,1458,5558,626,1886,6710,3319,3348,13803,2570,3054,13399,Day_1,Medium,Intermediate,2.5mm,Experiment_2
2025-10-23T00:58:09.816Z,293,1471,5547,617,1877,6669,3332,3379,13926,2575,3052,13385,Day_1,Medium,Intermediate,2.5mm,Experiment_2
2025-10-23T00:58:09.856Z,292,1479,5539,609,1871,6648,3347,3402,13990,2584,3058,13402,Day_1,Medium,Intermediate,2.5mm,Experiment_2
2025-10-23T00:58:09.896Z,292,1485,5536,607,1871,6648,3357,3410,13995,2590,3063,13423,Day_1,Medium,Intermediate,2.5mm,Experiment_2
2025-10-23T00:58:09.936Z,292,1493,5536,610,1878,6656,3355,3410,13986,2591,3067,13438,Day_1,Medium,Intermediate,2.5mm,Experiment_2
2025-10-23T00:58:09.976Z,291,1509,5547,612,1890,6658,3344,3416,14018,2585,3071,13451,Day_1,Medium,Intermediate,2.5mm,Experiment_2
2025-10-23T00:58:10.016Z,292,1525,5567,611,1899,6650,3344,3430,14086,2585,3075,13465,Day_1,Medium,Intermediate,2.5mm,Experiment_2
2025-10-23T00:58:10.056Z,290,1535,5583,605,1904,6636,3367,3446,14140,2597,3077,13477,Day_1,Medium,Intermediate,2.5mm,Experiment_2
2025-10-23T00:58:10.096Z,285,1537,5587,598,1903,6626,3391,3451,14154,2614,3078,13485,Day_1,Medium,Intermediate,2.5mm,Experiment_2
2025-10-23T00:58:10.136Z,281,1533,5578,596,1903,6627,3394,3434,14129,2623,3079,13494,Day_1,Medium,Intermediate,2.5mm,Experiment_2
2025-10-23T00:58:10.176Z,279,1523,5551,601,1907,6651,3380,3400,14040,2625,3082,13512,Day_1,Medium,Intermediate,2.5mm,Experiment_2
2025-10-23T00:58:10.216Z,277,1505,5489,610,1918,6704,3363,3362,13845,2626,3089,13533,Day_1,Medium,Intermediate,2.5mm,Experiment_2
2025-10-23T00:58:10.256Z,270,1481,5405,617,1931,6765,3350,3324,13588,2627,3093,13529,Day_1,Medium,Intermediate,2.5mm,Experiment_2
2025-10-23T00:58:10.296Z,261,1467,5357,615,1935,6786,3343,3299,13431,2620,3085,13483,Day_1,Medium,Intermediate,2.5mm,Experiment_2
2025-10-23T00:58:10.336Z,257,1473,5381,606,1929,6754,3336,3308,13468,2602,3071,13425,Day_1,Medium,Intermediate,2.5mm,Experiment_2
2025-10-23T00:58:10.376Z,261,1490,5448,600,1919,6707,3328,3348,13575,2585,3062,13385,Day_1,Medium,Intermediate,2.5mm,Experiment_2
2025-10-23T00:58:10.416Z,272,1501,5502,601,1907,6674,3322,3386,13587,2582,3062,13365,Day_1,Medium,Intermediate,2.5mm,Experiment_2
2025-10-23T00:58:10.456Z,284,1495,5517,609,1896,6662,3322,3401,13558,2589,3066,13376,Day_1,Medium,Intermediate,2.5mm,Experiment_2
2025-10-23T00:58:10.496Z,291,1483,5512,616,1886,6665,3325,3397,13638,2598,3070,13414,Day_1,Medium,Intermediate,2.5mm,Experiment_2
2025-10-23T00:58:10.536Z,295,1481,5525,618,1881,6663,3333,3395,13804,2600,3069,13439,Day_1,Medium,Intermediate,2.5mm,Experiment_2
2025-10-23T00:58:10.576Z,297,1491,5558,617,1880,6648,3344,3405,13976,2598,3063,13440,Day_1,Medium,Intermediate,2.5mm,Experiment_2
2025-10-23T00:58:10.616Z,295,1501,5581,613,1883,6630,3351,3423,14151,2595,3064,13458,Day_1,Medium,Intermediate,2.5mm,Experiment_2
2025-10-23T00:58:10.656Z,292,1507,5581,608,1887,6617,3356,3439,14342,2600,3068,13503,Day_1,Medium,Intermediate,2.5mm,Experiment_2
2025-10-23T00:58:10.696Z,294,1507,5568,609,1889,6616,3364,3448,14491,2608,3074,13551,Day_1,Medium,Intermediate,2.5mm,Experiment_2
2025-10-23T00:58:10.736Z,298,1503,5540,616,1895,6638,3368,3440,14610,2614,3083,13609,Day_1,Medium,Intermediate,2.5mm,Experiment_2
2025-10-23T00:58:10.776Z,290,1493,5481,621,1909,6689,3357,3407,14774,2612,3100,13695,Day_1,Medium,Intermediate,2.5mm,Experiment_2
2025-10-23T00:58:10.816Z,276,1475,5396,624,1925,6759,3335,3354,14734,2605,3119,13742,Day_1,Medium,Intermediate,2.5mm,Experiment_2
2025-10-23T00:58:10.856Z,270,1458,5339,624,1931,6807,3320,3305,14305,2596,3129,13667,Day_1,Medium,Intermediate,2.5mm,Experiment_2
2025-10-23T00:58:10.896Z,272,1457,5349,619,1925,6799,3316,3295,13896,2585,3122,13538,Day_1,Medium,Intermediate,2.5mm,Experiment_2
2025-10-23T00:58:10.936Z,277,1470,5406,610,1911,6751,3320,3331,13795,2577,3101,13456,Day_1,Medium,Intermediate,2.5mm,Experiment_2
2025-10-23T00:58:10.977Z,281,1484,5465,604,1899,6703,3331,3381,13792,2578,3083,13422,Day_1,Medium,Intermediate,2.5mm,Experiment_2
2025-10-23T00:58:11.017Z,284,1496,5499,605,1896,6680,3338,3407,13697,2586,3076,13409,Day_1,Medium,Intermediate,2.5mm,Experiment_2
2025-10-23T00:58:11.057Z,286,1502,5504,610,1901,6676,3333,3405,13563,2593,3073,13408,Day_1,Medium,Intermediate,2.5mm,Experiment_2
2025-10-23T00:58:11.097Z,289,1503,5507,612,1903,6670,3324,3401,13416,2594,3070,13391,Day_1,Medium,Intermediate,2.5mm,Experiment_2
2025-10-23T00:58:11.137Z,292,1505,5526,608,1896,6652,3326,3412,13176,2593,3068,13330,Day_1,Medium,Intermediate,2.5mm,Experiment_2
2025-10-23T00:58:11.177Z,288,1512,5551,598,1890,6628,3340,3431,13058,2593,3070,13287,Day_1,Medium,Intermediate,2.5mm,Experiment_2
2025-10-23T00:58:11.217Z,282,1519,5566,590,1890,6613,3358,3440,13311,2595,3075,13327,Day_1,Medium,Intermediate,2.5mm,Experiment_2
2025-10-23T00:58:11.257Z,279,1520,5569,590,1892,6610,3365,3440,13667,2596,3078,13401,Day_1,Medium,Intermediate,2.5mm,Experiment_2
2025-10-23T00:58:11.297Z,275,1516,5556,592,1892,6620,3354,3428,13843,2593,3075,13458,Day_1,Medium,Intermediate,2.5mm,Experiment_2
2025-10-23T00:58:11.337Z,267,1510,5517,594,1898,6649,3334,3394,13872,2591,3069,13506,Day_1,Medium,Intermediate,2.5mm,Experiment_2
2025-10-23T00:58:11.377Z,258,1499,5453,597,1910,6704,3316,3346,13793,2591,3065,13543,Day_1,Medium,Intermediate,2.5mm,Experiment_2
2025-10-23T00:58:11.417Z,254,1486,5401,602,1920,6752,3308,3311,13708,2586,3063,13540,Day_1,Medium,Intermediate,2.5mm,Experiment_2
2025-10-23T00:58:11.457Z,263,1480,5406,607,1915,6756,3321,3319,13824,2579,3055,13505,Day_1,Medium,Intermediate,2.5mm,Experiment_2
2025-10-23T00:58:11.497Z,283,1483,5459,614,1899,6723,3347,3362,14158,2578,3050,13492,Day_1,Medium,Intermediate,2.5mm,Experiment_2
2025-10-23T00:58:11.537Z,299,1493,5516,618,1891,6689,3369,3397,14420,2585,3049,13502,Day_1,Medium,Intermediate,2.5mm,Experiment_2
2025-10-23T00:58:11.577Z,302,1507,5551,619,1895,6670,3380,3399,14403,2595,3047,13496,Day_1,Medium,Intermediate,2.5mm,Experiment_2
2025-10-23T00:58:11.617Z,299,1518,5561,618,1903,6665,3379,3383,14270,2603,3044,13486,Day_1,Medium,Intermediate,2.5mm,Experiment_2
2025-10-23T00:58:11.657Z,294,1525,5560,615,1908,6665,3369,3373,14191,2601,3045,13490,Day_1,Medium,Intermediate,2.5mm,Experiment_2
2025-10-23T00:58:11.697Z,289,1529,5565,610,1909,6663,3355,3377,14151,2592,3049,13497,Day_1,Medium,Intermediate,2.5mm,Experiment_2
2025-10-23T00:58:11.737Z,288,1535,5580,605,1909,6653,3344,3389,14130,2584,3053,13504,Day_1,Medium,Intermediate,2.5mm,Experiment_2
2025-10-23T00:58:11.777Z,291,1539,5591,605,1907,6639,3340,3404,14128,2586,3059,13511,Day_1,Medium,Intermediate,2.5mm,Experiment_2
2025-10-23T00:58:11.817Z,293,1537,5590,605,1902,6626,3346,3415,14132,2598,3064,13510,Day_1,Medium,Intermediate,2.5mm,Experiment_2
2025-10-23T00:58:11.857Z,289,1528,5581,603,1897,6626,3354,3419,14115,2610,3068,13505,Day_1,Medium,Intermediate,2.5mm,Experiment_2
2025-10-23T00:58:11.897Z,279,1515,5554,601,1901,6653,3355,3417,14040,2616,3078,13510,Day_1,Medium,Intermediate,2.5mm,Experiment_2
2025-10-23T00:58:11.937Z,270,1495,5490,603,1913,6710,3343,3396,13870,2615,3092,13527,Day_1,Medium,Intermediate,2.5mm,Experiment_2
2025-10-23T00:58:11.977Z,267,1472,5407,612,1923,6771,3321,3358,13656,2606,3099,13532,Day_1,Medium,Intermediate,2.5mm,Experiment_2
2025-10-23T00:58:12.017Z,270,1458,5368,619,1922,6793,3304,3337,13552,2592,3092,13499,Day_1,Medium,Intermediate,2.5mm,Experiment_2
2025-10-23T00:58:12.057Z,276,1462,5403,618,1912,6765,3307,3347,13633,2584,3074,13449,Day_1,Medium,Intermediate,2.5mm,Experiment_2
2025-10-23T00:58:12.097Z,279,1477,5474,610,1903,6721,3324,3373,13806,2583,3059,13422,Day_1,Medium,Intermediate,2.5mm,Experiment_2
2025-10-23T00:58:12.137Z,277,1491,5522,601,1898,6691,3341,3392,13942,2587,3051,13429,Day_1,Medium,Intermediate,2.5mm,Experiment_2
2025-10-23T00:58:12.177Z,276,1492,5527,599,1893,6678,3346,3393,13988,2588,3051,13458,Day_1,Medium,Intermediate,2.5mm,Experiment_2
2025-10-23T00:58:12.217Z,277,1487,5512,602,1891,6672,3343,3388,13979,2587,3057,13484,Day_1,Medium,Intermediate,2.5mm,Experiment_2
2025-10-23T00:58:12.257Z,282,1489,5518,606,1892,6659,3347,3395,13996,2588,3064,13485,Day_1,Medium,Intermediate,2.5mm,Experiment_2
2025-10-23T00:58:12.297Z,282,1502,5548,605,1891,6638,3360,3412,14062,2595,3064,13472,Day_1,Medium,Intermediate,2.5mm,Experiment_2
2025-10-23T00:58:12.337Z,275,1515,5570,598,1887,6623,3362,3433,14125,2596,3065,13473,Day_1,Medium,Intermediate,2.5mm,Experiment_2
2025-10-23T00:58:12.377Z,273,1520,5570,598,1887,6616,3349,3456,14149,2590,3073,13489,Day_1,Medium,Intermediate,2.5mm,Experiment_2
2025-10-23T00:58:12.417Z,283,1506,5560,607,1888,6621,3338,3465,14138,2587,3081,13504,Day_1,Medium,Intermediate,2.5mm,Experiment_2
2025-10-23T00:58:12.457Z,298,1471,5538,620,1889,6649,3329,3440,14076,2590,3085,13528,Day_1,Medium,Intermediate,2.5mm,Experiment_2
2025-10-23T00:58:12.497Z,301,1438,5485,630,1896,6711,3313,3384,13916,2592,3087,13562,Day_1,Medium,Intermediate,2.5mm,Experiment_2
2025-10-23T00:58:12.537Z,292,1431,5404,637,1918,6785,3296,3323,13671,2591,3088,13579,Day_1,Medium,Intermediate,2.5mm,Experiment_2
2025-10-23T00:58:12.577Z,277,1444,5344,637,1939,6827,3291,3283,13488,2588,3082,13549,Day_1,Medium,Intermediate,2.5mm,Experiment_2
2025-10-23T00:58:12.617Z,266,1490,5351,628,1940,6808,3300,3279,13497,2582,3064,13488,Day_1,Medium,Intermediate,2.5mm,Experiment_2
2025-10-23T00:58:12.657Z,266,1631,5408,618,1926,6752,3322,3309,13653,2578,3048,13440,Day_1,Medium,Intermediate,2.5mm,Experiment_2
2025-10-23T00:58:12.697Z,274,1886,5470,614,1911,6703,3356,3353,13823,2584,3047,13428,Day_1,Medium,Intermediate,2.5mm,Experiment_2
2025-10-23T00:58:12.737Z,281,2092,5506,613,1903,6682,3400,3386,13913,2596,3057,13444,Day_1,Medium,Intermediate,2.5mm,Experiment_2
2025-10-23T00:58:12.777Z,280,2102,5515,613,1898,6681,3434,3398,13917,2600,3068,13468,Day_1,Medium,Intermediate,2.5mm,Experiment_2
2025-10-23T00:58:12.817Z,278,1982,5523,609,1892,6679,3439,3404,13911,2595,3075,13479,Day_1,Medium,Intermediate,2.5mm,Experiment_2
2025-10-23T00:58:12.857Z,281,1816,5549,605,1886,6667,3416,3420,13968,2593,3076,13478,Day_1,Medium,Intermediate,2.5mm,Experiment_2
2025-10-23T00:58:12.897Z,287,1651,5581,601,1881,6652,3394,3439,14063,2600,3074,13480,Day_1,Medium,Intermediate,2.5mm,Experiment_2
2025-10-23T00:58:12.937Z,286,1550,5595,595,1878,6640,3385,3454,14136,2611,3075,13490,Day_1,Medium,Intermediate,2.5mm,Experiment_2
2025-10-23T00:58:12.977Z,282,1512,5589,592,1875,6633,3381,3461,14161,2614,3078,13501,Day_1,Medium,Intermediate,2.5mm,Experiment_2
2025-10-23T00:58:13.017Z,284,1500,5569,597,1865,6638,3382,3447,14126,2615,3080,13511,Day_1,Medium,Intermediate,2.5mm,Experiment_2
2025-10-23T00:58:13.057Z,290,1488,5525,609,1845,6668,3389,3408,14004,2618,3082,13529,Day_1,Medium,Intermediate,2.5mm,Experiment_2
2025-10-23T00:58:13.097Z,290,1465,5458,620,1827,6719,3385,3359,13803,2617,3086,13545,Day_1,Medium,Intermediate,2.5mm,Experiment_2
2025-10-23T00:58:13.137Z,282,1424,5406,623,1833,6761,3372,3327,13640,2608,3086,13528,Day_1,Medium,Intermediate,2.5mm,Experiment_2
2025-10-23T00:58:13.177Z,276,1375,5412,617,1863,6758,3367,3326,13638,2592,3073,13474,Day_1,Medium,Intermediate,2.5mm,Experiment_2
2025-10-23T00:58:13.217Z,275,1355,5459,607,1890,6718,3370,3349,13769,2580,3059,13424,Day_1,Medium,Intermediate,2.5mm,Experiment_2
2025-10-23T00:58:13.257Z,272,1395,5506,597,1903,6679,3374,3377,13912,2579,3053,13411,Day_1,Medium,Intermediate,2.5mm,Experiment_2
2025-10-23T00:58:13.297Z,272,1470,5537,595,1905,6663,3373,3403,13998,2584,3054,13426,Day_1,Medium,Intermediate,2.5mm,Experiment_2
2025-10-23T00:58:13.337Z,279,1542,5549,603,1903,6661,3369,3425,14020,2591,3059,13443,Day_1,Medium,Intermediate,2.5mm,Experiment_2
2025-10-23T00:58:13.377Z,287,1618,5548,610,1902,6658,3365,3442,14018,2597,3070,13447,Day_1,Medium,Intermediate,2.5mm,Experiment_2
2025-10-23T00:58:13.417Z,289,1740,5543,610,1906,6647,3365,3455,14039,2602,3081,13451,Day_1,Medium,Intermediate,2.5mm,Experiment_2
2025-10-23T00:58:13.457Z,284,1861,5545,602,1912,6627,3368,3460,14091,2604,3085,13464,Day_1,Medium,Intermediate,2.5mm,Experiment_2
2025-10-23T00:58:13.497Z,276,1856,5554,593,1910,6610,3373,3452,14139,2604,3080,13477,Day_1,Medium,Intermediate,2.5mm,Experiment_2
2025-10-23T00:58:13.537Z,274,1730,5564,592,1898,6606,3382,3436,14157,2604,3072,13487,Day_1,Medium,Intermediate,2.5mm,Experiment_2
2025-10-23T00:58:13.577Z,281,1609,5567,601,1889,6616,3390,3415,14136,2607,3065,13497,Day_1,Medium,Intermediate,2.5mm,Experiment_2
2025-10-23T00:58:13.617Z,289,1542,5544,614,1893,6647,3378,3386,14043,2607,3061,13511,Day_1,Medium,Intermediate,2.5mm,Experiment_2
2025-10-23T00:58:13.657Z,285,1505,5487,621,1907,6702,3345,3350,13858,2601,3062,13523,Day_1,Medium,Intermediate,2.5mm,Experiment_2
2025-10-23T00:58:13.697Z,272,1477,5423,622,1920,6758,3317,3316,13657,2591,3066,13510,Day_1,Medium,Intermediate,2.5mm,Experiment_2
2025-10-23T00:58:13.737Z,263,1466,5405,618,1921,6773,3313,3307,13589,2580,3062,13460,Day_1,Medium,Intermediate,2.5mm,Experiment_2
2025-10-23T00:58:13.777Z,264,1477,5445,612,1912,6740,3322,3325,13697,2570,3050,13410,Day_1,Medium,Intermediate,2.5mm,Experiment_2
2025-10-23T00:58:13.817Z,271,1500,5499,608,1906,6693,3332,3351,13866,2568,3038,13397,Day_1,Medium,Intermediate,2.5mm,Experiment_2
2025-10-23T00:58:13.857Z,280,1516,5532,609,1908,6664,3343,3366,13981,2578,3036,13419,Day_1,Medium,Intermediate,2.5mm,Experiment_2
2025-10-23T00:58:13.897Z,286,1521,5539,610,1915,6662,3351,3368,14010,2592,3043,13454,Day_1,Medium,Intermediate,2.5mm,Experiment_2
2025-10-23T00:58:13.937Z,291,1519,5535,611,1919,6674,3348,3366,13995,2598,3053,13478,Day_1,Medium,Intermediate,2.5mm,Experiment_2
2025-10-23T00:58:13.977Z,294,1515,5541,612,1916,6672,3340,3379,14007,2596,3058,13479,Day_1,Medium,Intermediate,2.5mm,Experiment_2
2025-10-23T00:58:14.017Z,296,1516,5559,612,1909,6653,3344,3404,14063,2594,3059,13471,Day_1,Medium,Intermediate,2.5mm,Experiment_2
2025-10-23T00:58:14.057Z,297,1517,5578,613,1898,6636,3362,3420,14116,2599,3060,13474,Day_1,Medium,Intermediate,2.5mm,Experiment_2
2025-10-23T00:58:14.097Z,298,1509,5586,615,1884,6630,3377,3424,14136,2602,3065,13488,Day_1,Medium,Intermediate,2.5mm,Experiment_2
2025-10-23T00:58:14.137Z,298,1496,5580,617,1874,6637,3375,3424,14120,2594,3071,13506,Day_1,Medium,Intermediate,2.5mm,Experiment_2
2025-10-23T00:58:14.177Z,294,1485,5550,617,1877,6661,3359,3416,14041,2587,3080,13533,Day_1,Medium,Intermediate,2.5mm,Experiment_2
2025-10-23T00:58:14.217Z,281,1474,5478,612,1891,6709,3334,3392,13868,2590,3093,13566,Day_1,Medium,Intermediate,2.5mm,Experiment_2
2025-10-23T00:58:14.257Z,262,1457,5382,605,1909,6770,3310,3355,13634,2592,3104,13577,Day_1,Medium,Intermediate,2.5mm,Experiment_2
2025-10-23T00:58:14.297Z,251,1444,5331,602,1919,6809,3305,3323,13472,2588,3101,13540,Day_1,Medium,Intermediate,2.5mm,Experiment_2
2025-10-23T00:58:14.337Z,254,1443,5362,604,1919,6803,3323,3314,13492,2575,3083,13476,Day_1,Medium,Intermediate,2.5mm,Experiment_2
2025-10-23T00:58:14.377Z,266,1455,5437,608,1911,6765,3348,3328,13652,2556,3062,13432,Day_1,Medium,Intermediate,2.5mm,Experiment_2
2025-10-23T00:58:14.417Z,275,1470,5494,607,1899,6719,3377,3358,13820,2552,3055,13426,Day_1,Medium,Intermediate,2.5mm,Experiment_2
2025-10-23T00:58:14.457Z,276,1477,5508,603,1887,6689,3432,3388,13905,2583,3063,13448,Day_1,Medium,Intermediate,2.5mm,Experiment_2
2025-10-23T00:58:14.497Z,269,1474,5498,596,1878,6679,3537,3399,13915,2646,3073,13475,Day_1,Medium,Intermediate,2.5mm,Experiment_2
2025-10-23T00:58:14.537Z,266,1476,5503,593,1876,6673,3698,3394,13940,2716,3072,13485,Day_1,Medium,Intermediate,2.5mm,Experiment_2
2025-10-23T00:58:14.577Z,274,1490,5531,597,1879,6655,4002,3396,14027,2789,3066,13478,Day_1,Medium,Intermediate,2.5mm,Experiment_2
2025-10-23T00:58:14.617Z,284,1506,5558,603,1883,6631,4480,3413,14122,2869,3063,13474,Day_1,Medium,Intermediate,2.5mm,Experiment_2
2025-10-23T00:58:14.657Z,292,1515,5572,610,1885,6617,4736,3431,14163,2893,3067,13480,Day_1,Medium,Intermediate,2.5mm,Experiment_2
2025-10-23T00:58:14.697Z,304,1518,5577,622,1885,6617,4477,3435,14152,2799,3073,13489,Day_1,Medium,Intermediate,2.5mm,Experiment_2
2025-10-23T00:58:14.737Z,317,1512,5566,634,1885,6635,4100,3420,14096,2668,3077,13505,Day_1,Medium,Intermediate,2.5mm,Experiment_2
2025-10-23T00:58:14.777Z,318,1495,5522,641,1887,6674,3857,3388,13971,2597,3082,13531,Day_1,Medium,Intermediate,2.5mm,Experiment_2
2025-10-23T00:58:14.817Z,304,1471,5448,641,1897,6731,3561,3348,13776,2568,3089,13548,Day_1,Medium,Intermediate,2.5mm,Experiment_2
2025-10-23T00:58:14.857Z,289,1456,5391,636,1907,6774,3240,3319,13620,2535,3087,13524,Day_1,Medium,Intermediate,2.5mm,Experiment_2
2025-10-23T00:58:14.897Z,279,1461,5395,626,1911,6770,3080,3323,13623,2502,3071,13463,Day_1,Medium,Intermediate,2.5mm,Experiment_2
2025-10-23T00:58:14.938Z,275,1476,5445,611,1907,6732,3102,3352,13749,2496,3055,13413,Day_1,Medium,Intermediate,2.5mm,Experiment_2
2025-10-23T00:58:14.978Z,274,1488,5495,598,1899,6692,3188,3381,13882,2512,3047,13400,Day_1,Medium,Intermediate,2.5mm,Experiment_2
2025-10-23T00:58:15.018Z,274,1492,5523,588,1893,6668,3240,3394,13969,2534,3048,13416,Day_1,Medium,Intermediate,2.5mm,Experiment_2
2025-10-23T00:58:15.058Z,273,1493,5530,584,1890,6659,3213,3397,14011,2548,3053,13439,Day_1,Medium,Intermediate,2.5mm,Experiment_2
2025-10-23T00:58:15.098Z,276,1492,5535,586,1889,6657,3093,3401,14026,2540,3058,13450,Day_1,Medium,Intermediate,2.5mm,Experiment_2
2025-10-23T00:58:15.138Z,285,1492,5549,594,1884,6653,2978,3409,14040,2532,3060,13447,Day_1,Medium,Intermediate,2.5mm,Experiment_2
2025-10-23T00:58:15.178Z,298,1494,5569,604,1877,6644,2961,3424,14067,2551,3062,13444,Day_1,Medium,Intermediate,2.5mm,Experiment_2
2025-10-23T00:58:15.218Z,305,1500,5582,610,1877,6632,3008,3448,14100,2585,3070,13451,Day_1,Medium,Intermediate,2.5mm,Experiment_2
2025-10-23T00:58:15.258Z,299,1510,5582,609,1884,6622,3118,3465,14124,2610,3079,13466,Day_1,Medium,Intermediate,2.5mm,Experiment_2
2025-10-23T00:58:15.298Z,288,1518,5571,603,1894,6624,3337,3456,14120,2630,3081,13485,Day_1,Medium,Intermediate,2.5mm,Experiment_2
2025-10-23T00:58:15.338Z,281,1511,5537,603,1898,6646,3649,3415,14052,2654,3078,13506,Day_1,Medium,Intermediate,2.5mm,Experiment_2
2025-10-23T00:58:15.378Z,279,1489,5474,609,1901,6693,3923,3358,13893,2665,3075,13519,Day_1,Medium,Intermediate,2.5mm,Experiment_2
2025-10-23T00:58:15.418Z,274,1467,5412,611,1906,6740,3964,3315,13721,2644,3072,13507,Day_1,Medium,Intermediate,2.5mm,Experiment_2
2025-10-23T00:58:15.458Z,268,1463,5405,609,1910,6752,3780,3312,13683,2604,3067,13463,Day_1,Medium,Intermediate,2.5mm,Experiment_2
2025-10-23T00:58:15.498Z,267,1478,5456,604,1909,6725,3571,3345,13797,2578,3065,13416,Day_1,Medium,Intermediate,2.5mm,Experiment_2
2025-10-23T00:58:15.538Z,271,1496,5512,600,1906,6688,3443,3386,13941,2571,3067,13397,Day_1,Medium,Intermediate,2.5mm,Experiment_2
2025-10-23T00:58:15.578Z,277,1506,5539,599,1906,6661,3388,3417,14014,2576,3072,13406,Day_1,Medium,Intermediate,2.5mm,Experiment_2
2025-10-23T00:58:15.618Z,288,1505,5542,604,1904,6654,3374,3432,14007,2585,3075,13425,Day_1,Medium,Intermediate,2.5mm,Experiment_2
2025-10-23T00:58:15.658Z,301,1499,5542,613,1897,6660,3370,3432,13980,2590,3076,13441,Day_1,Medium,Intermediate,2.5mm,Experiment_2
2025-10-23T00:58:15.698Z,305,1497,5554,617,1890,6664,3372,3425,13998,2592,3072,13449,Day_1,Medium,Intermediate,2.5mm,Experiment_2
2025-10-23T00:58:15.738Z,304,1501,5574,618,1886,6656,3379,3425,14061,2594,3067,13456,Day_1,Medium,Intermediate,2.5mm,Experiment_2
2025-10-23T00:58:15.778Z,305,1509,5589,621,1885,6645,3379,3437,14117,2597,3067,13468,Day_1,Medium,Intermediate,2.5mm,Experiment_2
2025-10-23T00:58:15.818Z,313,1516,5592,627,1887,6639,3372,3451,14142,2603,3074,13483,Day_1,Medium,Intermediate,2.5mm,Experiment_2
2025-10-23T00:58:15.858Z,317,1520,5583,630,1892,6641,3363,3450,14137,2609,3084,13502,Day_1,Medium,Intermediate,2.5mm,Experiment_2
2025-10-23T00:58:15.898Z,308,1520,5553,626,1903,6661,3351,3428,14070,2613,3095,13527,Day_1,Medium,Intermediate,2.5mm,Experiment_2
2025-10-23T00:58:15.938Z,287,1510,5492,619,1919,6714,3334,3388,13894,2614,3106,13552,Day_1,Medium,Intermediate,2.5mm,Experiment_2
2025-10-23T00:58:15.978Z,268,1485,5407,616,1930,6780,3319,3345,13646,2611,3110,13558,Day_1,Medium,Intermediate,2.5mm,Experiment_2
2025-10-23T00:58:16.018Z,260,1461,5347,616,1928,6811,3313,3314,13482,2601,3104,13528,Day_1,Medium,Intermediate,2.5mm,Experiment_2
2025-10-23T00:58:16.058Z,268,1455,5354,618,1919,6787,3313,3304,13513,2588,3087,13478,Day_1,Medium,Intermediate,2.5mm,Experiment_2
2025-10-23T00:58:16.098Z,284,1466,5413,624,1911,6739,3312,3321,13672,2577,3071,13440,Day_1,Medium,Intermediate,2.5mm,Experiment_2
2025-10-23T00:58:16.138Z,296,1483,5474,629,1905,6698,3315,3362,13831,2574,3064,13430,Day_1,Medium,Intermediate,2.5mm,Experiment_2
2025-10-23T00:58:16.178Z,299,1500,5505,630,1910,6680,3329,3402,13918,2582,3065,13443,Day_1,Medium,Intermediate,2.5mm,Experiment_2
2025-10-23T00:58:16.218Z,296,1508,5510,629,1917,6681,3346,3419,13939,2595,3067,13466,Day_1,Medium,Intermediate,2.5mm,Experiment_2
2025-10-23T00:58:16.258Z,298,1504,5517,629,1912,6677,3358,3423,13968,2602,3071,13477,Day_1,Medium,Intermediate,2.5mm,Experiment_2
2025-10-23T00:58:16.298Z,306,1502,5542,631,1898,6654,3360,3433,14047,2603,3074,13473,Day_1,Medium,Intermediate,2.5mm,Experiment_2
2025-10-23T00:58:16.338Z,314,1503,5567,631,1886,6628,3358,3442,14129,2602,3078,13476,Day_1,Medium,Intermediate,2.5mm,Experiment_2
2025-10-23T00:58:16.378Z,312,1498,5577,622,1876,6616,3354,3444,14169,2603,3087,13490,Day_1,Medium,Intermediate,2.5mm,Experiment_2
2025-10-23T00:58:16.418Z,304,1492,5573,613,1873,6619,3342,3447,14165,2597,3100,13503,Day_1,Medium,Intermediate,2.5mm,Experiment_2
2025-10-23T00:58:16.458Z,299,1496,5557,612,1883,6638,3321,3495,14116,2585,3111,13517,Day_1,Medium,Intermediate,2.5mm,Experiment_2
2025-10-23T00:58:16.498Z,293,1497,5515,616,1901,6679,3301,3661,13990,2578,3116,13535,Day_1,Medium,Intermediate,2.5mm,Experiment_2
2025-10-23T00:58:16.538Z,283,1482,5445,619,1915,6736,3285,3958,13783,2578,3115,13543,Day_1,Medium,Intermediate,2.5mm,Experiment_2
2025-10-23T00:58:16.578Z,271,1462,5391,619,1920,6781,3277,4239,13602,2576,3117,13512,Day_1,Medium,Intermediate,2.5mm,Experiment_2
2025-10-23T00:58:16.618Z,269,1455,5398,618,1911,6781,3283,4487,13584,2570,3151,13449,Day_1,Medium,Intermediate,2.5mm,Experiment_2
2025-10-23T00:58:16.658Z,276,1464,5448,616,1894,6743,3302,4828,13712,2567,3230,13400,Day_1,Medium,Intermediate,2.5mm,Experiment_2
2025-10-23T00:58:16.698Z,284,1481,5494,614,1883,6698,3319,4916,13861,2570,3293,13391,Day_1,Medium,Intermediate,2.5mm,Experiment_2
2025-10-23T00:58:16.738Z,286,1494,5518,615,1884,6669,3326,4377,13954,2575,3275,13409,Day_1,Medium,Intermediate,2.5mm,Experiment_2
2025-10-23T00:58:16.778Z,283,1500,5524,615,1890,6659,3330,3551,13995,2581,3205,13436,Day_1,Medium,Intermediate,2.5mm,Experiment_2
2025-10-23T00:58:16.818Z,279,1502,5527,612,1894,6656,3329,2868,14018,2584,3124,13457,Day_1,Medium,Intermediate,2.5mm,Experiment_2
2025-10-23T00:58:16.858Z,278,1505,5537,607,1894,6648,3325,2468,14050,2586,3040,13470,Day_1,Medium,Intermediate,2.5mm,Experiment_2
2025-10-23T00:58:16.898Z,281,1513,5554,602,1896,6636,3329,2372,14091,2593,2943,13480,Day_1,Medium,Intermediate,2.5mm,Experiment_2
2025-10-23T00:58:16.938Z,280,1522,5570,595,1897,6625,3352,2531,14131,2606,2853,13490,Day_1,Medium,Intermediate,2.5mm,Experiment_2
2025-10-23T00:58:16.978Z,276,1523,5579,588,1894,6619,3386,2882,14165,2616,2823,13504,Day_1,Medium,Intermediate,2.5mm,Experiment_2
2025-10-23T00:58:17.018Z,276,1514,5572,589,1888,6621,3403,3225,14160,2616,2854,13517,Day_1,Medium,Intermediate,2.5mm,Experiment_2
2025-10-23T00:58:17.058Z,279,1501,5539,599,1892,6641,3390,3385,14064,2612,2916,13523,Day_1,Medium,Intermediate,2.5mm,Experiment_2
2025-10-23T00:58:17.098Z,281,1490,5474,611,1914,6687,3365,3392,13866,2612,2998,13520,Day_1,Medium,Intermediate,2.5mm,Experiment_2
2025-10-23T00:58:17.138Z,278,1482,5411,620,1939,6735,3354,3345,13670,2613,3075,13496,Day_1,Medium,Intermediate,2.5mm,Experiment_2
2025-10-23T00:58:17.178Z,278,1484,5400,621,1946,6746,3354,3320,13631,2602,3121,13450,Day_1,Medium,Intermediate,2.5mm,Experiment_2
2025-10-23T00:58:17.218Z,288,1496,5442,620,1934,6714,3351,3342,13763,2583,3136,13410,Day_1,Medium,Intermediate,2.5mm,Experiment_2
2025-10-23T00:58:17.258Z,301,1503,5493,621,1914,6674,3340,3388,13926,2569,3125,13399,Day_1,Medium,Intermediate,2.5mm,Experiment_2
2025-10-23T00:58:17.298Z,306,1500,5525,622,1897,6652,3337,3447,14014,2571,3108,13414,Day_1,Medium,Intermediate,2.5mm,Experiment_2
2025-10-23T00:58:17.338Z,302,1493,5539,620,1888,6654,3342,3555,14019,2584,3096,13436,Day_1,Medium,Intermediate,2.5mm,Experiment_2
2025-10-23T00:58:17.378Z,296,1490,5545,616,1885,6664,3353,3723,13992,2598,3089,13448,Day_1,Medium,Intermediate,2.5mm,Experiment_2
2025-10-23T00:58:17.418Z,291,1493,5554,611,1883,6665,3373,3838,14001,2605,3084,13453,Day_1,Medium,Intermediate,2.5mm,Experiment_2
2025-10-23T00:58:17.458Z,289,1498,5572,606,1878,6654,3389,3768,14060,2606,3072,13461,Day_1,Medium,Intermediate,2.5mm,Experiment_2
2025-10-23T00:58:17.498Z,287,1503,5591,606,1875,6645,3393,3560,14116,2603,3052,13475,Day_1,Medium,Intermediate,2.5mm,Experiment_2
2025-10-23T00:58:17.538Z,288,1508,5600,609,1877,6644,3384,3379,14140,2599,3040,13492,Day_1,Medium,Intermediate,2.5mm,Experiment_2
2025-10-23T00:58:17.578Z,289,1508,5593,611,1882,6648,3369,3345,14131,2597,3047,13510,Day_1,Medium,Intermediate,2.5mm,Experiment_2
2025-10-23T00:58:17.618Z,285,1497,5554,610,1885,6662,3352,3420,14063,2598,3070,13536,Day_1,Medium,Intermediate,2.5mm,Experiment_2
2025-10-23T00:58:17.658Z,274,1477,5476,607,1892,6704,3337,3494,13894,2600,3092,13568,Day_1,Medium,Intermediate,2.5mm,Experiment_2
2025-10-23T00:58:17.698Z,261,1461,5382,607,1909,6766,3326,3496,13656,2598,3103,13579,Day_1,Medium,Intermediate,2.5mm,Experiment_2
2025-10-23T00:58:17.738Z,256,1458,5335,611,1926,6806,3328,3430,13502,2592,3101,13545,Day_1,Medium,Intermediate,2.5mm,Experiment_2
2025-10-23T00:58:17.778Z,266,1465,5364,616,1927,6794,3342,3369,13541,2590,3090,13484,Day_1,Medium,Intermediate,2.5mm,Experiment_2
2025-10-23T00:58:17.818Z,283,1475,5433,620,1915,6750,3353,3355,13704,2591,3074,13440,Day_1,Medium,Intermediate,2.5mm,Experiment_2
2025-10-23T00:58:17.858Z,294,1486,5493,620,1902,6712,3355,3369,13858,2592,3064,13433,Day_1,Medium,Intermediate,2.5mm,Experiment_2
2025-10-23T00:58:17.898Z,294,1498,5518,619,1899,6695,3358,3383,13928,2594,3063,13455,Day_1,Medium,Intermediate,2.5mm,Experiment_2
2025-10-23T00:58:17.938Z,287,1506,5514,615,1903,6692,3366,3389,13937,2600,3071,13481,Day_1,Medium,Intermediate,2.5mm,Experiment_2
2025-10-23T00:58:17.978Z,281,1507,5517,610,1902,6680,3371,3399,13969,2606,3078,13487,Day_1,Medium,Intermediate,2.5mm,Experiment_2
2025-10-23T00:58:18.018Z,285,1509,5545,608,1894,6657,3367,3418,14047,2606,3078,13476,Day_1,Medium,Intermediate,2.5mm,Experiment_2
2025-10-23T00:58:18.058Z,292,1515,5571,607,1888,6638,3355,3432,14113,2602,3074,13471,Day_1,Medium,Intermediate,2.5mm,Experiment_2
2025-10-23T00:58:18.098Z,295,1522,5581,605,1887,6631,3347,3436,14134,2602,3072,13477,Day_1,Medium,Intermediate,2.5mm,Experiment_2
2025-10-23T00:58:18.138Z,297,1521,5579,604,1888,6633,3353,3428,14122,2607,3073,13486,Day_1,Medium,Intermediate,2.5mm,Experiment_2
2025-10-23T00:58:18.178Z,294,1508,5561,605,1888,6647,3355,3410,14062,2610,3075,13504,Day_1,Medium,Intermediate,2.5mm,Experiment_2
2025-10-23T00:58:18.218Z,283,1489,5512,608,1894,6687,3332,3377,13913,2600,3079,13533,Day_1,Medium,Intermediate,2.5mm,Experiment_2
2025-10-23T00:58:18.258Z,272,1470,5435,616,1908,6751,3294,3337,13693,2584,3087,13552,Day_1,Medium,Intermediate,2.5mm,Experiment_2
2025-10-23T00:58:18.298Z,267,1454,5381,624,1915,6800,3272,3315,13529,2570,3089,13531,Day_1,Medium,Intermediate,2.5mm,Experiment_2
2025-10-23T00:58:18.338Z,266,1446,5391,625,1903,6800,3280,3324,13544,2564,3082,13476,Day_1,Medium,Intermediate,2.5mm,Experiment_2
2025-10-23T00:58:18.378Z,272,1449,5446,622,1883,6763,3314,3354,13700,2567,3071,13431,Day_1,Medium,Intermediate,2.5mm,Experiment_2
2025-10-23T00:58:18.418Z,279,1463,5501,615,1873,6722,3355,3388,13864,2579,3066,13419,Day_1,Medium,Intermediate,2.5mm,Experiment_2
2025-10-23T00:58:18.458Z,279,1480,5527,607,1877,6696,3379,3408,13956,2588,3068,13433,Day_1,Medium,Intermediate,2.5mm,Experiment_2
2025-10-23T00:58:18.498Z,276,1492,5526,602,1886,6684,3376,3408,13983,2589,3071,13458,Day_1,Medium,Intermediate,2.5mm,Experiment_2
2025-10-23T00:58:18.538Z,277,1497,5522,602,1893,6674,3370,3403,13998,2589,3072,13474,Day_1,Medium,Intermediate,2.5mm,Experiment_2
2025-10-23T00:58:18.578Z,281,1499,5535,603,1895,6657,3378,3411,14037,2595,3071,13472,Day_1,Medium,Intermediate,2.5mm,Experiment_2
2025-10-23T00:58:18.618Z,284,1500,5559,603,1892,6634,3386,3427,14092,2599,3073,13467,Day_1,Medium,Intermediate,2.5mm,Experiment_2
2025-10-23T00:58:18.658Z,289,1500,5576,604,1887,6615,3386,3439,14137,2597,3076,13476,Day_1,Medium,Intermediate,2.5mm,Experiment_2
2025-10-23T00:58:18.698Z,295,1498,5580,606,1883,6609,3383,3443,14158,2596,3079,13492,Day_1,Medium,Intermediate,2.5mm,Experiment_2
2025-10-23T00:58:18.738Z,296,1495,5576,606,1881,6622,3375,3445,14139,2597,3082,13505,Day_1,Medium,Intermediate,2.5mm,Experiment_2
2025-10-23T00:58:18.778Z,289,1487,5549,605,1884,6656,3366,3438,14046,2601,3088,13514,Day_1,Medium,Intermediate,2.5mm,Experiment_2
2025-10-23T00:58:18.818Z,275,1471,5488,604,1890,6706,3358,3408,13868,2606,3095,13520,Day_1,Medium,Intermediate,2.5mm,Experiment_2
2025-10-23T00:58:18.858Z,266,1455,5427,608,1892,6748,3355,3367,13703,2607,3091,13502,Day_1,Medium,Intermediate,2.5mm,Experiment_2
2025-10-23T00:58:18.898Z,267,1455,5421,612,1888,6747,3358,3350,13690,2600,3072,13452,Day_1,Medium,Intermediate,2.5mm,Experiment_2
2025-10-23T00:58:18.938Z,277,1466,5462,614,1878,6711,3363,3367,13820,2591,3052,13406,Day_1,Medium,Intermediate,2.5mm,Experiment_2
2025-10-23T00:58:18.978Z,284,1473,5504,612,1865,6671,3372,3395,13966,2589,3045,13397,Day_1,Medium,Intermediate,2.5mm,Experiment_2
2025-10-23T00:58:19.018Z,287,1473,5525,608,1855,6649,3381,3411,14051,2595,3049,13418,Day_1,Medium,Intermediate,2.5mm,Experiment_2
2025-10-23T00:58:19.058Z,291,1475,5534,607,1857,6647,3377,3411,14072,2600,3056,13446,Day_1,Medium,Intermediate,2.5mm,Experiment_2
2025-10-23T00:58:19.098Z,297,1482,5542,611,1871,6655,3360,3408,14062,2595,3063,13463,Day_1,Medium,Intermediate,2.5mm,Experiment_2
2025-10-23T00:58:19.138Z,304,1496,5552,615,1887,6656,3347,3415,14059,2587,3072,13467,Day_1,Medium,Intermediate,2.5mm,Experiment_2
2025-10-23T00:58:19.178Z,310,1514,5563,618,1897,6645,3345,3431,14083,2586,3078,13470,Day_1,Medium,Intermediate,2.5mm,Experiment_2
2025-10-23T00:58:19.218Z,310,1525,5570,618,1896,6630,3341,3439,14113,2589,3078,13477,Day_1,Medium,Intermediate,2.5mm,Experiment_2
2025-10-23T00:58:19.258Z,302,1526,5571,612,1891,6618,3328,3433,14133,2586,3075,13486,Day_1,Medium,Intermediate,2.5mm,Experiment_2
2025-10-23T00:58:19.298Z,295,1521,5565,607,1887,6617,3318,3419,14127,2582,3075,13496,Day_1,Medium,Intermediate,2.5mm,Experiment_2
2025-10-23T00:58:19.338Z,292,1511,5542,607,1891,6639,3319,3398,14050,2586,3080,13511,Day_1,Medium,Intermediate,2.5mm,Experiment_2
2025-10-23T00:58:19.378Z,284,1495,5484,608,1904,6693,3322,3360,13858,2595,3085,13528,Day_1,Medium,Intermediate,2.5mm,Experiment_2
2025-10-23T00:58:19.418Z,273,1477,5401,607,1925,6759,3323,3313,13609,2600,3089,13530,Day_1,Medium,Intermediate,2.5mm,Experiment_2
2025-10-23T00:58:19.458Z,266,1468,5355,606,1937,6793,3331,3288,13466,2598,3087,13497,Day_1,Medium,Intermediate,2.5mm,Experiment_2
2025-10-23T00:58:19.498Z,268,1472,5382,606,1929,6778,3345,3304,13512,2591,3076,13442,Day_1,Medium,Intermediate,2.5mm,Experiment_2
2025-10-23T00:58:19.538Z,275,1479,5449,605,1908,6739,3354,3342,13674,2589,3063,13406,Day_1,Medium,Intermediate,2.5mm,Experiment_2
2025-10-23T00:58:19.578Z,279,1480,5501,605,1888,6704,3359,3370,13836,2595,3052,13411,Day_1,Medium,Intermediate,2.5mm,Experiment_2
2025-10-23T00:58:19.618Z,277,1477,5516,604,1881,6686,3355,3377,13920,2600,3048,13443,Day_1,Medium,Intermediate,2.5mm,Experiment_2
2025-10-23T00:58:19.658Z,277,1475,5506,604,1883,6679,3339,3373,13931,2596,3051,13474,Day_1,Medium,Intermediate,2.5mm,Experiment_2
2025-10-23T00:58:19.698Z,285,1480,5513,608,1884,6667,3324,3381,13948,2586,3057,13476,Day_1,Medium,Intermediate,2.5mm,Experiment_2
2025-10-23T00:58:19.738Z,299,1492,5547,614,1881,6648,3326,3411,14014,2580,3062,13461,Day_1,Medium,Intermediate,2.5mm,Experiment_2
2025-10-23T00:58:19.778Z,310,1501,5581,619,1876,6637,3343,3446,14080,2584,3070,13455,Day_1,Medium,Intermediate,2.5mm,Experiment_2
2025-10-23T00:58:19.818Z,311,1501,5593,617,1873,6633,3354,3456,14106,2591,3074,13463,Day_1,Medium,Intermediate,2.5mm,Experiment_2
2025-10-23T00:58:19.858Z,303,1499,5585,611,1874,6630,3343,3446,14101,2589,3074,13481,Day_1,Medium,Intermediate,2.5mm,Experiment_2
2025-10-23T00:58:19.898Z,292,1500,5558,606,1886,6640,3323,3434,14052,2584,3081,13507,Day_1,Medium,Intermediate,2.5mm,Experiment_2
2025-10-23T00:58:19.938Z,280,1495,5497,609,1905,6678,3310,3411,13911,2587,3094,13537,Day_1,Medium,Intermediate,2.5mm,Experiment_2
2025-10-23T00:58:19.979Z,274,1475,5404,618,1920,6736,3307,3361,13689,2593,3099,13552,Day_1,Medium,Intermediate,2.5mm,Experiment_2
2025-10-23T00:58:20.019Z,272,1455,5338,625,1925,6776,3309,3312,13516,2594,3087,13523,Day_1,Medium,Intermediate,2.5mm,Experiment_2
2025-10-23T00:58:20.059Z,274,1452,5350,624,1919,6773,3323,3307,13513,2592,3068,13459,Day_1,Medium,Intermediate,2.5mm,Experiment_2
2025-10-23T00:58:20.099Z,276,1462,5418,615,1908,6740,3347,3346,13649,2595,3057,13406,Day_1,Medium,Intermediate,2.5mm,Experiment_2
2025-10-23T00:58:20.139Z,274,1475,5483,602,1895,6705,3364,3390,13816,2599,3058,13398,Day_1,Medium,Intermediate,2.5mm,Experiment_2
2025-10-23T00:58:20.179Z,271,1480,5517,590,1886,6682,3364,3411,13927,2598,3060,13424,Day_1,Medium,Intermediate,2.5mm,Experiment_2
2025-10-23T00:58:20.219Z,273,1483,5524,589,1885,6675,3350,3411,13965,2590,3059,13455,Day_1,Medium,Intermediate,2.5mm,Experiment_2
2025-10-23T00:58:20.259Z,282,1490,5532,598,1890,6676,3333,3405,13984,2577,3056,13472,Day_1,Medium,Intermediate,2.5mm,Experiment_2
2025-10-23T00:58:20.299Z,288,1498,5557,604,1888,6670,3323,3401,14033,2567,3050,13472,Day_1,Medium,Intermediate,2.5mm,Experiment_2
2025-10-23T00:58:20.339Z,287,1505,5585,601,1882,6653,3321,3403,14096,2564,3047,13468,Day_1,Medium,Intermediate,2.5mm,Experiment_2
2025-10-23T00:58:20.379Z,287,1510,5596,597,1881,6633,3320,3412,14140,2566,3052,13471,Day_1,Medium,Intermediate,2.5mm,Experiment_2
2025-10-23T00:58:20.419Z,292,1513,5585,598,1884,6615,3325,3423,14155,2571,3062,13480,Day_1,Medium,Intermediate,2.5mm,Experiment_2
2025-10-23T00:58:20.459Z,292,1508,5560,598,1886,6611,3343,3424,14136,2582,3069,13491,Day_1,Medium,Intermediate,2.5mm,Experiment_2
2025-10-23T00:58:20.499Z,285,1494,5521,598,1888,6635,3359,3406,14049,2595,3074,13504,Day_1,Medium,Intermediate,2.5mm,Experiment_2
2025-10-23T00:58:20.539Z,273,1472,5464,601,1893,6690,3356,3371,13879,2603,3079,13517,Day_1,Medium,Intermediate,2.5mm,Experiment_2
2025-10-23T00:58:20.579Z,267,1457,5415,607,1902,6744,3338,3339,13718,2599,3076,13503,Day_1,Medium,Intermediate,2.5mm,Experiment_2
2025-10-23T00:58:20.619Z,269,1464,5418,609,1912,6752,3319,3339,13698,2586,3060,13454,Day_1,Medium,Intermediate,2.5mm,Experiment_2
2025-10-23T00:58:20.659Z,276,1485,5465,607,1915,6723,3310,3366,13806,2570,3044,13405,Day_1,Medium,Intermediate,2.5mm,Experiment_2
2025-10-23T00:58:20.699Z,284,1503,5516,607,1911,6690,3307,3392,13934,2558,3039,13392,Day_1,Medium,Intermediate,2.5mm,Experiment_2
2025-10-23T00:58:20.739Z,290,1512,5545,610,1904,6671,3306,3399,14013,2555,3042,13413,Day_1,Medium,Intermediate,2.5mm,Experiment_2
2025-10-23T00:58:20.779Z,294,1513,5554,612,1897,6666,3310,3390,14035,2562,3045,13443,Day_1,Medium,Intermediate,2.5mm,Experiment_2
2025-10-23T00:58:20.819Z,291,1509,5553,611,1891,6664,3321,3381,14039,2575,3047,13464,Day_1,Medium,Intermediate,2.5mm,Experiment_2
2025-10-23T00:58:20.859Z,287,1509,5552,607,1886,6657,3332,3393,14062,2584,3054,13478,Day_1,Medium,Intermediate,2.5mm,Experiment_2
2025-10-23T00:58:20.899Z,288,1517,5555,607,1884,6640,3342,3428,14102,2589,3066,13487,Day_1,Medium,Intermediate,2.5mm,Experiment_2
2025-10-23T00:58:20.939Z,290,1525,5562,606,1885,6624,3356,3461,14131,2594,3076,13495,Day_1,Medium,Intermediate,2.5mm,Experiment_2
2025-10-23T00:58:20.979Z,290,1525,5572,604,1884,6618,3361,3475,14134,2595,3079,13498,Day_1,Medium,Intermediate,2.5mm,Experiment_2
2025-10-23T00:58:21.019Z,291,1518,5572,603,1883,6626,3355,3475,14106,2591,3081,13499,Day_1,Medium,Intermediate,2.5mm,Experiment_2
2025-10-23T00:58:21.059Z,289,1505,5545,605,1886,6652,3346,3459,14025,2590,3086,13508,Day_1,Medium,Intermediate,2.5mm,Experiment_2
2025-10-23T00:58:21.099Z,281,1487,5483,609,1899,6707,3341,3414,13859,2596,3090,13530,Day_1,Medium,Intermediate,2.5mm,Experiment_2
2025-10-23T00:58:21.139Z,271,1467,5405,614,1915,6766,3346,3347,13657,2606,3089,13542,Day_1,Medium,Intermediate,2.5mm,Experiment_2
2025-10-23T00:58:21.179Z,267,1457,5367,617,1923,6785,3355,3300,13555,2608,3078,13513,Day_1,Medium,Intermediate,2.5mm,Experiment_2
2025-10-23T00:58:21.219Z,275,1466,5397,619,1923,6754,3351,3300,13624,2595,3060,13459,Day_1,Medium,Intermediate,2.5mm,Experiment_2
2025-10-23T00:58:21.259Z,291,1486,5458,621,1918,6704,3339,3335,13784,2580,3048,13425,Day_1,Medium,Intermediate,2.5mm,Experiment_2
2025-10-23T00:58:21.299Z,301,1499,5500,622,1911,6666,3335,3377,13918,2576,3050,13430,Day_1,Medium,Intermediate,2.5mm,Experiment_2
2025-10-23T00:58:21.339Z,301,1500,5507,621,1904,6652,3332,3401,13960,2578,3059,13454,Day_1,Medium,Intermediate,2.5mm,Experiment_2
2025-10-23T00:58:21.379Z,292,1498,5501,616,1899,6657,3321,3405,13943,2577,3066,13470,Day_1,Medium,Intermediate,2.5mm,Experiment_2
2025-10-23T00:58:21.419Z,280,1498,5511,606,1892,6653,3317,3402,13961,2578,3063,13464,Day_1,Medium,Intermediate,2.5mm,Experiment_2
2025-10-23T00:58:21.459Z,273,1502,5541,596,1883,6636,3331,3408,14044,2591,3058,13453,Day_1,Medium,Intermediate,2.5mm,Experiment_2
2025-10-23T00:58:21.499Z,275,1512,5568,592,1881,6621,3350,3427,14119,2608,3062,13455,Day_1,Medium,Intermediate,2.5mm,Experiment_2
2025-10-23T00:58:21.539Z,278,1521,5576,592,1885,6616,3359,3452,14139,2618,3078,13469,Day_1,Medium,Intermediate,2.5mm,Experiment_2
2025-10-23T00:58:21.579Z,283,1520,5567,595,1887,6619,3360,3466,14119,2615,3091,13485,Day_1,Medium,Intermediate,2.5mm,Experiment_2
2025-10-23T00:58:21.619Z,286,1510,5541,600,1891,6641,3363,3455,14049,2611,3096,13510,Day_1,Medium,Intermediate,2.5mm,Experiment_2
2025-10-23T00:58:21.659Z,281,1495,5484,606,1904,6695,3356,3417,13889,2608,3101,13542,Day_1,Medium,Intermediate,2.5mm,Experiment_2
2025-10-23T00:58:21.699Z,272,1473,5399,613,1919,6764,3334,3364,13654,2602,3108,13559,Day_1,Medium,Intermediate,2.5mm,Experiment_2
2025-10-23T00:58:21.739Z,269,1455,5338,618,1925,6806,3312,3323,13481,2593,3105,13534,Day_1,Medium,Intermediate,2.5mm,Experiment_2
2025-10-23T00:58:21.779Z,271,1451,5350,617,1920,6796,3306,3317,13495,2585,3087,13484,Day_1,Medium,Intermediate,2.5mm,Experiment_2
2025-10-23T00:58:21.819Z,269,1462,5414,607,1912,6753,3320,3346,13660,2583,3069,13448,Day_1,Medium,Intermediate,2.5mm,Experiment_2
2025-10-23T00:58:21.859Z,266,1477,5478,595,1906,6711,3344,3388,13842,2587,3066,13443,Day_1,Medium,Intermediate,2.5mm,Experiment_2
2025-10-23T00:58:21.899Z,266,1485,5512,590,1903,6687,3361,3415,13942,2593,3074,13459,Day_1,Medium,Intermediate,2.5mm,Experiment_2
2025-10-23T00:58:21.939Z,272,1486,5519,594,1902,6684,3362,3417,13957,2595,3079,13478,Day_1,Medium,Intermediate,2.5mm,Experiment_2
2025-10-23T00:58:21.979Z,285,1486,5525,604,1898,6684,3349,3417,13964,2591,3077,13485,Day_1,Medium,Intermediate,2.5mm,Experiment_2
2025-10-23T00:58:22.019Z,297,1490,5543,613,1888,6669,3329,3430,14019,2582,3074,13482,Day_1,Medium,Intermediate,2.5mm,Experiment_2
2025-10-23T00:58:22.059Z,303,1497,5568,617,1878,6650,3313,3455,14097,2575,3077,13480,Day_1,Medium,Intermediate,2.5mm,Experiment_2
2025-10-23T00:58:22.099Z,303,1501,5586,617,1873,6643,3312,3473,14150,2575,3082,13488,Day_1,Medium,Intermediate,2.5mm,Experiment_2
2025-10-23T00:58:22.139Z,301,1500,5589,613,1872,6640,3328,3473,14168,2585,3083,13502,Day_1,Medium,Intermediate,2.5mm,Experiment_2
2025-10-23T00:58:22.179Z,293,1496,5571,607,1875,6643,3345,3457,14139,2599,3080,13522,Day_1,Medium,Intermediate,2.5mm,Experiment_2
2025-10-23T00:58:22.219Z,282,1489,5529,604,1882,6668,3338,3426,14026,2603,3079,13539,Day_1,Medium,Intermediate,2.5mm,Experiment_2
2025-10-23T00:58:22.259Z,274,1476,5460,610,1892,6717,3303,3380,13824,2591,3081,13543,Day_1,Medium,Intermediate,2.5mm,Experiment_2
2025-10-23T00:58:22.299Z,274,1461,5397,620,1896,6753,3277,3345,13658,2577,3080,13514,Day_1,Medium,Intermediate,2.5mm,Experiment_2
2025-10-23T00:58:22.339Z,281,1459,5392,625,1896,6745,3284,3351,13667,2568,3071,13457,Day_1,Medium,Intermediate,2.5mm,Experiment_2
2025-10-23T00:58:22.379Z,282,1474,5442,618,1897,6710,3306,3385,13817,2563,3059,13411,Day_1,Medium,Intermediate,2.5mm,Experiment_2
2025-10-23T00:58:22.419Z,280,1492,5498,606,1899,6682,3324,3409,13965,2563,3051,13402,Day_1,Medium,Intermediate,2.5mm,Experiment_2
2025-10-23T00:58:22.459Z,284,1503,5531,604,1900,6670,3337,3413,14035,2569,3050,13420,Day_1,Medium,Intermediate,2.5mm,Experiment_2
2025-10-23T00:58:22.499Z,296,1505,5541,612,1898,6667,3345,3409,14044,2578,3057,13442,Day_1,Medium,Intermediate,2.5mm,Experiment_2
2025-10-23T00:58:22.539Z,306,1500,5543,621,1893,6667,3349,3413,14040,2583,3066,13458,Day_1,Medium,Intermediate,2.5mm,Experiment_2
2025-10-23T00:58:22.579Z,306,1497,5553,622,1887,6663,3356,3425,14056,2584,3071,13466,Day_1,Medium,Intermediate,2.5mm,Experiment_2
2025-10-23T00:58:22.619Z,299,1498,5570,615,1884,6652,3373,3437,14098,2589,3070,13475,Day_1,Medium,Intermediate,2.5mm,Experiment_2
2025-10-23T00:58:22.659Z,289,1503,5581,604,1885,6636,3384,3448,14147,2594,3069,13487,Day_1,Medium,Intermediate,2.5mm,Experiment_2
2025-10-23T00:58:22.699Z,281,1510,5581,595,1887,6626,3374,3458,14171,2591,3070,13495,Day_1,Medium,Intermediate,2.5mm,Experiment_2
2025-10-23T00:58:22.739Z,276,1511,5577,593,1890,6631,3351,3455,14150,2583,3075,13501,Day_1,Medium,Intermediate,2.5mm,Experiment_2
2025-10-23T00:58:22.779Z,271,1499,5555,594,1893,6659,3342,3436,14064,2586,3082,13514,Day_1,Medium,Intermediate,2.5mm,Experiment_2
2025-10-23T00:58:22.819Z,268,1477,5498,602,1899,6709,3350,3399,13897,2598,3092,13533,Day_1,Medium,Intermediate,2.5mm,Experiment_2
2025-10-23T00:58:22.859Z,273,1459,5427,615,1909,6757,3349,3362,13713,2604,3095,13531,Day_1,Medium,Intermediate,2.5mm,Experiment_2
2025-10-23T00:58:22.899Z,283,1460,5399,626,1915,6764,3335,3352,13656,2593,3086,13489,Day_1,Medium,Intermediate,2.5mm,Experiment_2
2025-10-23T00:58:22.939Z,290,1479,5432,626,1915,6727,3327,3376,13763,2578,3071,13439,Day_1,Medium,Intermediate,2.5mm,Experiment_2
2025-10-23T00:58:22.979Z,292,1499,5488,620,1908,6686,3334,3406,13917,2571,3061,13418,Day_1,Medium,Intermediate,2.5mm,Experiment_2
2025-10-23T00:58:23.019Z,289,1511,5527,613,1899,6666,3343,3422,14010,2573,3061,13431,Day_1,Medium,Intermediate,2.5mm,Experiment_2
2025-10-23T00:58:23.059Z,283,1514,5536,605,1894,6665,3343,3420,14019,2577,3065,13458,Day_1,Medium,Intermediate,2.5mm,Experiment_2
2025-10-23T00:58:23.099Z,279,1512,5536,601,1893,6671,3344,3409,13993,2582,3067,13478,Day_1,Medium,Intermediate,2.5mm,Experiment_2
2025-10-23T00:58:23.139Z,278,1508,5543,602,1892,6665,3357,3406,14010,2590,3064,13481,Day_1,Medium,Intermediate,2.5mm,Experiment_2
2025-10-23T00:58:23.179Z,279,1509,5556,601,1887,6644,3373,3419,14082,2599,3063,13478,Day_1,Medium,Intermediate,2.5mm,Experiment_2
2025-10-23T00:58:23.219Z,279,1512,5565,597,1884,6623,3374,3436,14152,2604,3064,13485,Day_1,Medium,Intermediate,2.5mm,Experiment_2
2025-10-23T00:58:23.259Z,277,1517,5567,594,1884,6613,3357,3445,14182,2599,3069,13503,Day_1,Medium,Intermediate,2.5mm,Experiment_2
2025-10-23T00:58:23.299Z,275,1518,5560,592,1889,6617,3338,3446,14163,2590,3077,13522,Day_1,Medium,Intermediate,2.5mm,Experiment_2
2025-10-23T00:58:23.339Z,271,1510,5530,591,1896,6643,3331,3430,14064,2587,3088,13541,Day_1,Medium,Intermediate,2.5mm,Experiment_2
2025-10-23T00:58:23.379Z,264,1492,5466,595,1908,6701,3331,3390,13860,2592,3098,13563,Day_1,Medium,Intermediate,2.5mm,Experiment_2
2025-10-23T00:58:23.419Z,261,1469,5386,605,1924,6776,3323,3341,13611,2593,3105,13573,Day_1,Medium,Intermediate,2.5mm,Experiment_2
2025-10-23T00:58:23.459Z,265,1462,5341,617,1938,6822,3312,3313,13462,2584,3101,13548,Day_1,Medium,Intermediate,2.5mm,Experiment_2
2025-10-23T00:58:23.499Z,274,1476,5363,622,1941,6810,3313,3322,13501,2576,3087,13495,Day_1,Medium,Intermediate,2.5mm,Experiment_2
2025-10-23T00:58:23.539Z,281,1494,5425,620,1932,6759,3330,3352,13664,2579,3074,13453,Day_1,Medium,Intermediate,2.5mm,Experiment_2
2025-10-23T00:58:23.579Z,282,1501,5482,616,1918,6710,3345,3380,13834,2589,3067,13445,Day_1,Medium,Intermediate,2.5mm,Experiment_2
2025-10-23T00:58:23.619Z,280,1502,5511,615,1908,6689,3353,3394,13921,2600,3068,13463,Day_1,Medium,Intermediate,2.5mm,Experiment_2
2025-10-23T00:58:23.659Z,278,1501,5519,615,1907,6694,3361,3396,13920,2610,3072,13478,Day_1,Medium,Intermediate,2.5mm,Experiment_2
2025-10-23T00:58:23.699Z,284,1505,5529,613,1906,6692,3371,3402,13917,2615,3076,13472,Day_1,Medium,Intermediate,2.5mm,Experiment_2
2025-10-23T00:58:23.739Z,293,1514,5550,608,1903,6667,3382,3416,13975,2615,3075,13454,Day_1,Medium,Intermediate,2.5mm,Experiment_2
2025-10-23T00:58:23.779Z,297,1522,5567,602,1897,6635,3395,3429,14054,2615,3071,13451,Day_1,Medium,Intermediate,2.5mm,Experiment_2
2025-10-23T00:58:23.819Z,294,1520,5569,598,1888,6616,3404,3432,14110,2615,3068,13469,Day_1,Medium,Intermediate,2.5mm,Experiment_2
2025-10-23T00:58:23.859Z,291,1511,5567,600,1878,6614,3401,3426,14133,2613,3069,13496,Day_1,Medium,Intermediate,2.5mm,Experiment_2
2025-10-23T00:58:23.899Z,291,1503,5560,606,1878,6636,3389,3412,14104,2613,3074,13522,Day_1,Medium,Intermediate,2.5mm,Experiment_2
2025-10-23T00:58:23.939Z,291,1497,5522,615,1894,6685,3376,3385,13977,2615,3082,13548,Day_1,Medium,Intermediate,2.5mm,Experiment_2
2025-10-23T00:58:23.979Z,288,1488,5448,621,1920,6749,3359,3346,13764,2613,3091,13560,Day_1,Medium,Intermediate,2.5mm,Experiment_2
2025-10-23T00:58:24.019Z,280,1483,5384,620,1941,6791,3333,3320,13600,2597,3090,13534,Day_1,Medium,Intermediate,2.5mm,Experiment_2
2025-10-23T00:58:24.059Z,271,1487,5378,611,1944,6778,3313,3326,13609,2579,3077,13477,Day_1,Medium,Intermediate,2.5mm,Experiment_2
2025-10-23T00:58:24.099Z,268,1492,5422,605,1931,6730,3313,3357,13757,2571,3063,13435,Day_1,Medium,Intermediate,2.5mm,Experiment_2
2025-10-23T00:58:24.139Z,275,1493,5476,607,1914,6689,3329,3392,13916,2575,3057,13428,Day_1,Medium,Intermediate,2.5mm,Experiment_2
2025-10-23T00:58:24.179Z,285,1490,5514,613,1901,6671,3348,3413,14003,2584,3057,13441,Day_1,Medium,Intermediate,2.5mm,Experiment_2
2025-10-23T00:58:24.219Z,287,1486,5526,610,1893,6667,3349,3417,14020,2586,3056,13457,Day_1,Medium,Intermediate,2.5mm,Experiment_2
2025-10-23T00:58:24.259Z,280,1484,5530,599,1887,6664,3335,3415,14020,2581,3054,13465,Day_1,Medium,Intermediate,2.5mm,Experiment_2
2025-10-23T00:58:24.300Z,279,1490,5544,595,1884,6656,3333,3413,14041,2583,3054,13464,Day_1,Medium,Intermediate,2.5mm,Experiment_2
2025-10-23T00:58:24.340Z,288,1499,5566,602,1883,6644,3353,3413,14081,2594,3059,13462,Day_1,Medium,Intermediate,2.5mm,Experiment_2
2025-10-23T00:58:24.380Z,296,1503,5581,610,1880,6634,3375,3422,14120,2603,3067,13469,Day_1,Medium,Intermediate,2.5mm,Experiment_2
2025-10-23T00:58:24.420Z,297,1504,5582,614,1878,6623,3378,3438,14143,2603,3077,13481,Day_1,Medium,Intermediate,2.5mm,Experiment_2
2025-10-23T00:58:24.460Z,300,1504,5567,620,1882,6618,3366,3449,14126,2597,3085,13494,Day_1,Medium,Intermediate,2.5mm,Experiment_2
2025-10-23T00:58:24.500Z,303,1504,5534,627,1895,6635,3344,3437,14034,2588,3087,13508,Day_1,Medium,Intermediate,2.5mm,Experiment_2
2025-10-23T00:58:24.540Z,298,1500,5475,631,1914,6683,3323,3395,13859,2583,3085,13517,Day_1,Medium,Intermediate,2.5mm,Experiment_2
2025-10-23T00:58:24.580Z,289,1487,5415,630,1924,6730,3318,3348,13689,2583,3080,13501,Day_1,Medium,Intermediate,2.5mm,Experiment_2
2025-10-23T00:58:24.620Z,284,1478,5406,623,1918,6738,3335,3335,13653,2584,3069,13447,Day_1,Medium,Intermediate,2.5mm,Experiment_2
2025-10-23T00:58:24.660Z,282,1484,5453,613,1903,6708,3361,3358,13755,2586,3054,13393,Day_1,Medium,Intermediate,2.5mm,Experiment_2
2025-10-23T00:58:24.700Z,282,1494,5511,609,1892,6676,3373,3386,13892,2589,3044,13378,Day_1,Medium,Intermediate,2.5mm,Experiment_2
2025-10-23T00:58:24.740Z,282,1496,5548,610,1886,6663,3370,3399,13985,2591,3041,13400,Day_1,Medium,Intermediate,2.5mm,Experiment_2
2025-10-23T00:58:24.780Z,279,1492,5557,610,1885,6664,3366,3392,14017,2592,3042,13435,Day_1,Medium,Intermediate,2.5mm,Experiment_2
2025-10-23T00:58:24.820Z,277,1487,5549,611,1882,6662,3367,3383,14023,2594,3046,13463,Day_1,Medium,Intermediate,2.5mm,Experiment_2
2025-10-23T00:58:24.860Z,284,1483,5548,617,1877,6653,3366,3393,14048,2596,3056,13474,Day_1,Medium,Intermediate,2.5mm,Experiment_2
2025-10-23T00:58:24.900Z,296,1489,5563,624,1875,6642,3360,3420,14088,2597,3065,13472,Day_1,Medium,Intermediate,2.5mm,Experiment_2
2025-10-23T00:58:24.940Z,302,1501,5581,624,1881,6635,3361,3442,14115,2603,3071,13472,Day_1,Medium,Intermediate,2.5mm,Experiment_2
2025-10-23T00:58:24.980Z,299,1509,5589,618,1885,6632,3366,3451,14130,2609,3076,13482,Day_1,Medium,Intermediate,2.5mm,Experiment_2
2025-10-23T00:58:25.020Z,295,1508,5585,612,1886,6637,3363,3453,14127,2607,3083,13501,Day_1,Medium,Intermediate,2.5mm,Experiment_2
2025-10-23T00:58:25.060Z,290,1501,5559,613,1889,6660,3357,3441,14054,2605,3091,13525,Day_1,Medium,Intermediate,2.5mm,Experiment_2
2025-10-23T00:58:25.100Z,281,1487,5492,617,1902,6708,3358,3400,13862,2612,3098,13549,Day_1,Medium,Intermediate,2.5mm,Experiment_2
2025-10-23T00:58:25.140Z,270,1468,5397,620,1920,6762,3352,3346,13616,2615,3100,13552,Day_1,Medium,Intermediate,2.5mm,Experiment_2
2025-10-23T00:58:25.180Z,263,1452,5338,618,1927,6786,3331,3318,13481,2601,3091,13518,Day_1,Medium,Intermediate,2.5mm,Experiment_2
2025-10-23T00:58:25.220Z,261,1448,5361,611,1917,6767,3311,3329,13543,2580,3075,13463,Day_1,Medium,Intermediate,2.5mm,Experiment_2
2025-10-23T00:58:25.260Z,263,1458,5433,603,1901,6729,3307,3358,13714,2568,3061,13425,Day_1,Medium,Intermediate,2.5mm,Experiment_2
2025-10-23T00:58:25.300Z,265,1476,5499,596,1896,6699,3319,3378,13865,2572,3052,13420,Day_1,Medium,Intermediate,2.5mm,Experiment_2
2025-10-23T00:58:25.340Z,264,1495,5530,590,1906,6689,3338,3379,13925,2585,3052,13440,Day_1,Medium,Intermediate,2.5mm,Experiment_2
2025-10-23T00:58:25.380Z,267,1506,5533,591,1917,6691,3354,3371,13926,2601,3058,13463,Day_1,Medium,Intermediate,2.5mm,Experiment_2
2025-10-23T00:58:25.420Z,278,1508,5541,597,1913,6685,3367,3377,13952,2610,3062,13468,Day_1,Medium,Intermediate,2.5mm,Experiment_2
2025-10-23T00:58:25.460Z,293,1509,5568,603,1897,6663,3379,3403,14028,2610,3063,13456,Day_1,Medium,Intermediate,2.5mm,Experiment_2
2025-10-23T00:58:25.500Z,301,1511,5588,604,1886,6643,3391,3433,14098,2609,3068,13450,Day_1,Medium,Intermediate,2.5mm,Experiment_2
2025-10-23T00:58:25.540Z,297,1513,5589,599,1882,6634,3400,3445,14132,2613,3075,13464,Day_1,Medium,Intermediate,2.5mm,Experiment_2
2025-10-23T00:58:25.580Z,288,1511,5581,594,1880,6636,3403,3442,14141,2618,3080,13492,Day_1,Medium,Intermediate,2.5mm,Experiment_2
2025-10-23T00:58:25.620Z,284,1501,5560,595,1881,6655,3406,3428,14103,2626,3085,13529,Day_1,Medium,Intermediate,2.5mm,Experiment_2
2025-10-23T00:58:25.660Z,283,1481,5507,604,1891,6698,3398,3402,13962,2632,3092,13562,Day_1,Medium,Intermediate,2.5mm,Experiment_2
2025-10-23T00:58:25.700Z,274,1459,5420,613,1908,6756,3368,3365,13723,2628,3101,13572,Day_1,Medium,Intermediate,2.5mm,Experiment_2
2025-10-23T00:58:25.740Z,263,1447,5352,619,1921,6795,3329,3336,13527,2609,3104,13536,Day_1,Medium,Intermediate,2.5mm,Experiment_2
2025-10-23T00:58:25.780Z,261,1451,5354,617,1921,6786,3309,3335,13513,2588,3092,13470,Day_1,Medium,Intermediate,2.5mm,Experiment_2
2025-10-23T00:58:25.820Z,265,1465,5408,608,1910,6742,3312,3357,13651,2577,3073,13421,Day_1,Medium,Intermediate,2.5mm,Experiment_2
2025-10-23T00:58:25.860Z,272,1477,5466,601,1894,6697,3329,3380,13815,2580,3060,13412,Day_1,Medium,Intermediate,2.5mm,Experiment_2
2025-10-23T00:58:25.900Z,281,1478,5499,605,1881,6674,3347,3397,13917,2590,3060,13433,Day_1,Medium,Intermediate,2.5mm,Experiment_2
2025-10-23T00:58:25.940Z,288,1474,5511,614,1875,6675,3354,3403,13941,2596,3065,13458,Day_1,Medium,Intermediate,2.5mm,Experiment_2
2025-10-23T00:58:25.980Z,290,1476,5520,618,1875,6680,3348,3408,13944,2598,3067,13468,Day_1,Medium,Intermediate,2.5mm,Experiment_2
2025-10-23T00:58:26.020Z,288,1484,5537,613,1875,6668,3345,3424,13991,2602,3070,13465,Day_1,Medium,Intermediate,2.5mm,Experiment_2
2025-10-23T00:58:26.060Z,286,1483,5558,605,1866,6645,3354,3446,14076,2610,3074,13466,Day_1,Medium,Intermediate,2.5mm,Experiment_2
2025-10-23T00:58:26.100Z,284,1475,5570,601,1855,6625,3363,3457,14142,2613,3075,13476,Day_1,Medium,Intermediate,2.5mm,Experiment_2
2025-10-23T00:58:26.140Z,284,1474,5577,603,1854,6619,3361,3452,14158,2607,3072,13485,Day_1,Medium,Intermediate,2.5mm,Experiment_2
2025-10-23T00:58:26.180Z,285,1480,5574,608,1864,6629,3358,3440,14124,2599,3071,13492,Day_1,Medium,Intermediate,2.5mm,Experiment_2
2025-10-23T00:58:26.220Z,284,1484,5543,613,1878,6657,3360,3423,14022,2598,3075,13501,Day_1,Medium,Intermediate,2.5mm,Experiment_2
2025-10-23T00:58:26.260Z,281,1479,5480,618,1895,6706,3362,3397,13839,2600,3083,13508,Day_1,Medium,Intermediate,2.5mm,Experiment_2
2025-10-23T00:58:26.300Z,281,1476,5422,624,1911,6751,3353,3382,13666,2597,3088,13486,Day_1,Medium,Intermediate,2.5mm,Experiment_2
2025-10-23T00:58:26.340Z,290,1487,5418,628,1918,6750,3345,3396,13642,2587,3084,13432,Day_1,Medium,Intermediate,2.5mm,Experiment_2
2025-10-23T00:58:26.380Z,301,1506,5461,626,1917,6712,3350,3423,13764,2578,3075,13388,Day_1,Medium,Intermediate,2.5mm,Experiment_2
2025-10-23T00:58:26.420Z,306,1519,5507,621,1912,6676,3358,3441,13909,2578,3071,13385,Day_1,Medium,Intermediate,2.5mm,Experiment_2
2025-10-23T00:58:26.460Z,304,1522,5535,616,1909,6662,3359,3441,13993,2582,3072,13407,Day_1,Medium,Intermediate,2.5mm,Experiment_2
2025-10-23T00:58:26.500Z,299,1518,5543,612,1907,6663,3355,3429,14014,2585,3073,13430,Day_1,Medium,Intermediate,2.5mm,Experiment_2
2025-10-23T00:58:26.540Z,293,1512,5545,606,1907,6665,3356,3418,14010,2590,3072,13444,Day_1,Medium,Intermediate,2.5mm,Experiment_2
2025-10-23T00:58:26.580Z,290,1508,5549,602,1904,6659,3368,3418,14023,2598,3072,13454,Day_1,Medium,Intermediate,2.5mm,Experiment_2
2025-10-23T00:58:26.620Z,295,1504,5557,603,1895,6643,3394,3422,14066,2612,3068,13464,Day_1,Medium,Intermediate,2.5mm,Experiment_2
2025-10-23T00:58:26.660Z,304,1500,5567,609,1884,6630,3417,3418,14112,2622,3059,13472,Day_1,Medium,Intermediate,2.5mm,Experiment_2
2025-10-23T00:58:26.700Z,312,1497,5580,617,1877,6630,3415,3414,14133,2620,3052,13477,Day_1,Medium,Intermediate,2.5mm,Experiment_2
2025-10-23T00:58:26.740Z,311,1493,5582,620,1876,6639,3394,3421,14112,2610,3060,13483,Day_1,Medium,Intermediate,2.5mm,Experiment_2
2025-10-23T00:58:26.780Z,301,1485,5555,616,1878,6660,3367,3424,14022,2602,3079,13495,Day_1,Medium,Intermediate,2.5mm,Experiment_2
2025-10-23T00:58:26.820Z,287,1470,5485,615,1887,6703,3338,3401,13843,2594,3098,13515,Day_1,Medium,Intermediate,2.5mm,Experiment_2
2025-10-23T00:58:26.860Z,274,1452,5401,615,1898,6758,3318,3362,13638,2588,3109,13522,Day_1,Medium,Intermediate,2.5mm,Experiment_2
2025-10-23T00:58:26.900Z,266,1442,5367,615,1901,6785,3315,3341,13557,2585,3103,13492,Day_1,Medium,Intermediate,2.5mm,Experiment_2
2025-10-23T00:58:26.940Z,275,1449,5406,618,1898,6766,3331,3355,13657,2585,3084,13441,Day_1,Medium,Intermediate,2.5mm,Experiment_2
2025-10-23T00:58:26.980Z,294,1466,5472,625,1896,6724,3348,3393,13832,2585,3069,13411,Day_1,Medium,Intermediate,2.5mm,Experiment_2
2025-10-23T00:58:27.020Z,304,1480,5516,628,1894,6687,3349,3431,13966,2585,3069,13418,Day_1,Medium,Intermediate,2.5mm,Experiment_2
2025-10-23T00:58:27.060Z,301,1484,5526,623,1891,6671,3341,3448,14012,2588,3079,13446,Day_1,Medium,Intermediate,2.5mm,Experiment_2
2025-10-23T00:58:27.100Z,293,1486,5519,619,1890,6669,3342,3444,14003,2595,3085,13467,Day_1,Medium,Intermediate,2.5mm,Experiment_2
2025-10-23T00:58:27.140Z,290,1489,5525,618,1887,6661,3346,3440,14014,2595,3082,13466,Day_1,Medium,Intermediate,2.5mm,Experiment_2
2025-10-23T00:58:27.179Z,288,1493,5550,615,1879,6643,3341,3442,14073,2587,3072,13457,Day_1,Medium,Intermediate,2.5mm,Experiment_2
2025-10-23T00:58:27.219Z,284,1495,5568,610,1873,6628,3332,3439,14132,2581,3065,13463,Day_1,Medium,Intermediate,2.5mm,Experiment_2
2025-10-23T00:58:27.259Z,278,1494,5566,605,1868,6619,3330,3437,14159,2584,3065,13483,Day_1,Medium,Intermediate,2.5mm,Experiment_2
2025-10-23T00:58:27.299Z,276,1491,5553,603,1867,6620,3337,3436,14150,2590,3071,13505,Day_1,Medium,Intermediate,2.5mm,Experiment_2
2025-10-23T00:58:27.339Z,277,1483,5523,606,1872,6642,3342,3419,14073,2595,3078,13529,Day_1,Medium,Intermediate,2.5mm,Experiment_2
2025-10-23T00:58:27.379Z,277,1466,5460,612,1882,6692,3332,3385,13889,2600,3086,13557,Day_1,Medium,Intermediate,2.5mm,Experiment_2
2025-10-23T00:58:27.419Z,271,1443,5369,616,1895,6752,3306,3349,13643,2597,3094,13570,Day_1,Medium,Intermediate,2.5mm,Experiment_2
2025-10-23T00:58:27.459Z,263,1433,5305,615,1904,6783,3271,3326,13474,2578,3094,13540,Day_1,Medium,Intermediate,2.5mm,Experiment_2
2025-10-23T00:58:27.499Z,257,1443,5314,610,1906,6766,3238,3322,13490,2547,3082,13481,Day_1,Medium,Intermediate,2.5mm,Experiment_2
2025-10-23T00:58:27.539Z,259,1463,5376,603,1901,6721,3225,3338,13648,2527,3069,13438,Day_1,Medium,Intermediate,2.5mm,Experiment_2
2025-10-23T00:58:27.579Z,265,1476,5444,596,1891,6682,3242,3361,13815,2533,3061,13430,Day_1,Medium,Intermediate,2.5mm,Experiment_2
2025-10-23T00:58:27.619Z,271,1480,5483,594,1883,6667,3275,3375,13902,2558,3057,13443,Day_1,Medium,Intermediate,2.5mm,Experiment_2
2025-10-23T00:58:27.659Z,276,1480,5494,598,1883,6670,3290,3379,13918,2574,3056,13464,Day_1,Medium,Intermediate,2.5mm,Experiment_2
2025-10-23T00:58:27.699Z,283,1482,5504,608,1887,6670,3293,3387,13935,2578,3060,13473,Day_1,Medium,Intermediate,2.5mm,Experiment_2
2025-10-23T00:58:27.739Z,296,1488,5529,614,1889,6653,3314,3404,13996,2585,3064,13462,Day_1,Medium,Intermediate,2.5mm,Experiment_2
2025-10-23T00:58:27.779Z,308,1493,5559,615,1885,6631,3356,3423,14071,2602,3066,13453,Day_1,Medium,Intermediate,2.5mm,Experiment_2
2025-10-23T00:58:27.819Z,310,1494,5578,612,1881,6620,3392,3434,14121,2619,3067,13459,Day_1,Medium,Intermediate,2.5mm,Experiment_2
2025-10-23T00:58:27.859Z,302,1495,5581,607,1881,6619,3404,3437,14137,2626,3070,13472,Day_1,Medium,Intermediate,2.5mm,Experiment_2
2025-10-23T00:58:27.900Z,290,1495,5564,603,1885,6628,3394,3427,14104,2624,3073,13487,Day_1,Medium,Intermediate,2.5mm,Experiment_2
2025-10-23T00:58:27.940Z,286,1488,5524,609,1890,6662,3372,3407,13987,2616,3081,13505,Day_1,Medium,Intermediate,2.5mm,Experiment_2
2025-10-23T00:58:27.980Z,290,1472,5459,628,1895,6719,3340,3379,13791,2602,3091,13520,Day_1,Medium,Intermediate,2.5mm,Experiment_2
2025-10-23T00:58:28.020Z,294,1456,5400,643,1898,6759,3312,3355,13623,2584,3091,13499,Day_1,Medium,Intermediate,2.5mm,Experiment_2
2025-10-23T00:58:28.060Z,291,1453,5398,639,1897,6750,3308,3359,13608,2570,3077,13439,Day_1,Medium,Intermediate,2.5mm,Experiment_2
2025-10-23T00:58:28.100Z,281,1466,5447,621,1892,6711,3322,3386,13732,2561,3063,13386,Day_1,Medium,Intermediate,2.5mm,Experiment_2
2025-10-23T00:58:28.140Z,272,1483,5503,604,1889,6679,3336,3408,13883,2561,3056,13380,Day_1,Medium,Intermediate,2.5mm,Experiment_2
2025-10-23T00:58:28.180Z,271,1494,5537,597,1888,6669,3349,3415,13984,2571,3055,13407,Day_1,Medium,Intermediate,2.5mm,Experiment_2
2025-10-23T00:58:28.220Z,277,1495,5549,599,1885,6672,3358,3415,14025,2585,3057,13437,Day_1,Medium,Intermediate,2.5mm,Experiment_2
2025-10-23T00:58:28.261Z,281,1490,5550,600,1877,6671,3360,3409,14035,2593,3056,13453,Day_1,Medium,Intermediate,2.5mm,Experiment_2
2025-10-23T00:58:28.301Z,280,1490,5551,595,1873,6662,3368,3405,14055,2596,3055,13463,Day_1,Medium,Intermediate,2.5mm,Experiment_2
2025-10-23T00:58:28.341Z,276,1494,5559,587,1876,6647,3387,3410,14101,2603,3057,13476,Day_1,Medium,Intermediate,2.5mm,Experiment_2
2025-10-23T00:58:28.381Z,274,1500,5569,584,1880,6633,3411,3417,14146,2614,3058,13485,Day_1,Medium,Intermediate,2.5mm,Experiment_2
2025-10-23T00:58:28.421Z,275,1504,5577,584,1881,6625,3423,3422,14163,2622,3058,13489,Day_1,Medium,Intermediate,2.5mm,Experiment_2
2025-10-23T00:58:28.461Z,277,1506,5575,587,1882,6629,3420,3422,14151,2626,3060,13497,Day_1,Medium,Intermediate,2.5mm,Experiment_2
2025-10-23T00:58:28.501Z,278,1505,5548,593,1891,6652,3404,3411,14079,2624,3069,13511,Day_1,Medium,Intermediate,2.5mm,Experiment_2
2025-10-23T00:58:28.541Z,275,1499,5485,601,1910,6699,3379,3381,13905,2619,3083,13521,Day_1,Medium,Intermediate,2.5mm,Experiment_2
2025-10-23T00:58:28.581Z,270,1491,5420,608,1929,6750,3361,3348,13699,2611,3092,13505,Day_1,Medium,Intermediate,2.5mm,Experiment_2
2025-10-23T00:58:28.621Z,264,1492,5408,611,1934,6768,3355,3336,13621,2599,3086,13451,Day_1,Medium,Intermediate,2.5mm,Experiment_2
2025-10-23T00:58:28.661Z,263,1501,5454,608,1924,6743,3359,3355,13712,2585,3069,13393,Day_1,Medium,Intermediate,2.5mm,Experiment_2
2025-10-23T00:58:28.701Z,268,1509,5512,604,1909,6705,3364,3384,13857,2579,3056,13370,Day_1,Medium,Intermediate,2.5mm,Experiment_2
2025-10-23T00:58:28.741Z,280,1514,5550,604,1904,6684,3361,3402,13956,2581,3052,13385,Day_1,Medium,Intermediate,2.5mm,Experiment_2
2025-10-23T00:58:28.781Z,293,1518,5563,612,1909,6683,3350,3405,13988,2587,3056,13419,Day_1,Medium,Intermediate,2.5mm,Experiment_2
2025-10-23T00:58:28.821Z,300,1517,5559,617,1912,6686,3346,3403,13989,2597,3064,13448,Day_1,Medium,Intermediate,2.5mm,Experiment_2
2025-10-23T00:58:28.861Z,296,1513,5560,615,1905,6678,3350,3408,14015,2605,3070,13460,Day_1,Medium,Intermediate,2.5mm,Experiment_2
2025-10-23T00:58:28.901Z,290,1512,5570,609,1895,6656,3349,3426,14080,2603,3073,13466,Day_1,Medium,Intermediate,2.5mm,Experiment_2
2025-10-23T00:58:28.941Z,287,1514,5579,604,1892,6634,3341,3438,14147,2593,3072,13483,Day_1,Medium,Intermediate,2.5mm,Experiment_2
2025-10-23T00:58:28.981Z,287,1517,5581,602,1893,6627,3330,3435,14177,2585,3068,13503,Day_1,Medium,Intermediate,2.5mm,Experiment_2
2025-10-23T00:58:29.021Z,287,1514,5572,601,1892,6635,3320,3427,14155,2583,3067,13515,Day_1,Medium,Intermediate,2.5mm,Experiment_2
2025-10-23T00:58:29.061Z,284,1498,5540,604,1888,6664,3311,3416,14059,2588,3076,13530,Day_1,Medium,Intermediate,2.5mm,Experiment_2
2025-10-23T00:58:29.101Z,277,1473,5474,612,1892,6719,3306,3389,13868,2597,3093,13556,Day_1,Medium,Intermediate,2.5mm,Experiment_2
2025-10-23T00:58:29.141Z,269,1447,5388,620,1907,6784,3311,3350,13630,2604,3108,13572,Day_1,Medium,Intermediate,2.5mm,Experiment_2
2025-10-23T00:58:29.181Z,268,1432,5333,625,1917,6816,3323,3321,13500,2606,3107,13554,Day_1,Medium,Intermediate,2.5mm,Experiment_2
2025-10-23T00:58:29.221Z,274,1437,5351,626,1912,6797,3335,3320,13568,2603,3095,13512,Day_1,Medium,Intermediate,2.5mm,Experiment_2
2025-10-23T00:58:29.261Z,283,1455,5420,624,1902,6753,3346,3350,13742,2601,3084,13477,Day_1,Medium,Intermediate,2.5mm,Experiment_2
2025-10-23T00:58:29.301Z,291,1471,5489,622,1893,6717,3354,3385,13884,2599,3080,13459,Day_1,Medium,Intermediate,2.5mm,Experiment_2
2025-10-23T00:58:29.341Z,294,1479,5520,622,1889,6703,3350,3397,13939,2594,3077,13463,Day_1,Medium,Intermediate,2.5mm,Experiment_2
2025-10-23T00:58:29.381Z,295,1486,5517,624,1892,6701,3338,3391,13936,2588,3075,13480,Day_1,Medium,Intermediate,2.5mm,Experiment_2
2025-10-23T00:58:29.421Z,296,1497,5518,625,1898,6690,3331,3392,13956,2585,3072,13486,Day_1,Medium,Intermediate,2.5mm,Experiment_2
2025-10-23T00:58:29.461Z,298,1509,5543,623,1897,6665,3336,3409,14035,2586,3069,13477,Day_1,Medium,Intermediate,2.5mm,Experiment_2
2025-10-23T00:58:29.501Z,299,1517,5567,619,1891,6639,3349,3423,14120,2590,3068,13471,Day_1,Medium,Intermediate,2.5mm,Experiment_2
2025-10-23T00:58:29.541Z,296,1523,5569,613,1888,6622,3360,3427,14162,2593,3071,13479,Day_1,Medium,Intermediate,2.5mm,Experiment_2
2025-10-23T00:58:29.581Z,292,1525,5559,608,1889,6618,3365,3429,14156,2592,3075,13494,Day_1,Medium,Intermediate,2.5mm,Experiment_2
2025-10-23T00:58:29.621Z,291,1520,5543,608,1893,6639,3364,3427,14093,2593,3080,13511,Day_1,Medium,Intermediate,2.5mm,Experiment_2
2025-10-23T00:58:29.661Z,289,1506,5506,614,1903,6688,3359,3402,13945,2600,3086,13525,Day_1,Medium,Intermediate,2.5mm,Experiment_2
2025-10-23T00:58:29.701Z,284,1488,5440,621,1918,6751,3344,3353,13725,2603,3090,13527,Day_1,Medium,Intermediate,2.5mm,Experiment_2
2025-10-23T00:58:29.741Z,278,1477,5382,624,1929,6788,3320,3313,13557,2590,3085,13499,Day_1,Medium,Intermediate,2.5mm,Experiment_2
2025-10-23T00:58:29.781Z,275,1482,5379,621,1932,6772,3308,3316,13564,2573,3073,13447,Day_1,Medium,Intermediate,2.5mm,Experiment_2
2025-10-23T00:58:29.821Z,277,1500,5427,615,1929,6726,3318,3355,13713,2567,3063,13411,Day_1,Medium,Intermediate,2.5mm,Experiment_2
2025-10-23T00:58:29.861Z,284,1520,5486,612,1926,6689,3339,3397,13881,2575,3058,13411,Day_1,Medium,Intermediate,2.5mm,Experiment_2
2025-10-23T00:58:29.901Z,290,1532,5524,615,1924,6673,3364,3413,13985,2591,3055,13433,Day_1,Medium,Intermediate,2.5mm,Experiment_2
2025-10-23T00:58:29.941Z,293,1532,5533,619,1922,6668,3384,3396,14020,2604,3051,13457,Day_1,Medium,Intermediate,2.5mm,Experiment_2
2025-10-23T00:58:29.981Z,297,1526,5531,624,1918,6661,3386,3376,14033,2610,3046,13471,Day_1,Medium,Intermediate,2.5mm,Experiment_2
2025-10-23T00:58:30.021Z,299,1522,5539,625,1914,6649,3377,3382,14068,2612,3049,13475,Day_1,Medium,Intermediate,2.5mm,Experiment_2
2025-10-23T00:58:30.061Z,292,1523,5560,618,1908,6635,3370,3403,14112,2614,3058,13473,Day_1,Medium,Intermediate,2.5mm,Experiment_2
2025-10-23T00:58:30.101Z,284,1523,5580,609,1899,6627,3367,3420,14137,2613,3067,13472,Day_1,Medium,Intermediate,2.5mm,Experiment_2
2025-10-23T00:58:30.141Z,284,1519,5590,606,1890,6626,3366,3437,14146,2608,3073,13479,Day_1,Medium,Intermediate,2.5mm,Experiment_2
2025-10-23T00:58:30.181Z,287,1511,5586,605,1886,6633,3373,3458,14136,2605,3080,13496,Day_1,Medium,Intermediate,2.5mm,Experiment_2
2025-10-23T00:58:30.221Z,283,1501,5557,604,1890,6656,3387,3458,14062,2612,3088,13516,Day_1,Medium,Intermediate,2.5mm,Experiment_2
2025-10-23T00:58:30.261Z,274,1487,5494,605,1904,6702,3388,3419,13889,2620,3095,13522,Day_1,Medium,Intermediate,2.5mm,Experiment_2
2025-10-23T00:58:30.301Z,270,1479,5432,612,1924,6747,3366,3371,13704,2616,3092,13492,Day_1,Medium,Intermediate,2.5mm,Experiment_2
2025-10-23T00:58:30.341Z,276,1482,5426,620,1941,6758,3345,3356,13665,2601,3074,13429,Day_1,Medium,Intermediate,2.5mm,Experiment_2
2025-10-23T00:58:30.381Z,288,1487,5473,626,1946,6734,3341,3371,13777,2591,3053,13375,Day_1,Medium,Intermediate,2.5mm,Experiment_2
2025-10-23T00:58:30.421Z,298,1493,5530,628,1939,6701,3352,3385,13914,2589,3042,13361,Day_1,Medium,Intermediate,2.5mm,Experiment_2
2025-10-23T00:58:30.461Z,299,1503,5563,625,1925,6682,3366,3389,13994,2590,3043,13383,Day_1,Medium,Intermediate,2.5mm,Experiment_2
2025-10-23T00:58:30.501Z,289,1508,5566,614,1911,6677,3372,3390,14016,2588,3050,13420,Day_1,Medium,Intermediate,2.5mm,Experiment_2
2025-10-23T00:58:30.541Z,276,1505,5554,602,1901,6675,3371,3389,14015,2586,3058,13451,Day_1,Medium,Intermediate,2.5mm,Experiment_2
2025-10-23T00:58:30.581Z,269,1500,5552,593,1895,6665,3374,3392,14035,2587,3063,13464,Day_1,Medium,Intermediate,2.5mm,Experiment_2
2025-10-23T00:58:30.621Z,268,1505,5564,585,1894,6650,3372,3401,14084,2587,3062,13465,Day_1,Medium,Intermediate,2.5mm,Experiment_2
2025-10-23T00:58:30.661Z,269,1514,5579,582,1895,6638,3359,3412,14127,2585,3060,13464,Day_1,Medium,Intermediate,2.5mm,Experiment_2
2025-10-23T00:58:30.701Z,274,1515,5588,586,1893,6636,3345,3417,14142,2586,3062,13467,Day_1,Medium,Intermediate,2.5mm,Experiment_2
2025-10-23T00:58:30.741Z,280,1508,5587,595,1888,6646,3337,3410,14131,2591,3066,13482,Day_1,Medium,Intermediate,2.5mm,Experiment_2
2025-10-23T00:58:30.781Z,287,1496,5565,607,1888,6674,3329,3389,14063,2595,3075,13513,Day_1,Medium,Intermediate,2.5mm,Experiment_2
2025-10-23T00:58:30.821Z,287,1479,5500,616,1898,6725,3318,3357,13887,2594,3088,13547,Day_1,Medium,Intermediate,2.5mm,Experiment_2
2025-10-23T00:58:30.861Z,277,1461,5404,621,1913,6778,3312,3321,13643,2590,3097,13559,Day_1,Medium,Intermediate,2.5mm,Experiment_2
2025-10-23T00:58:30.901Z,266,1449,5341,619,1918,6795,3323,3306,13493,2587,3095,13527,Day_1,Medium,Intermediate,2.5mm,Experiment_2
2025-10-23T00:58:30.941Z,266,1447,5359,615,1909,6769,3348,3321,13536,2587,3082,13469,Day_1,Medium,Intermediate,2.5mm,Experiment_2
2025-10-23T00:58:30.981Z,278,1455,5425,617,1898,6726,3367,3352,13696,2587,3070,13427,Day_1,Medium,Intermediate,2.5mm,Experiment_2
2025-10-23T00:58:31.021Z,296,1470,5485,627,1896,6693,3372,3377,13843,2588,3063,13416,Day_1,Medium,Intermediate,2.5mm,Experiment_2
2025-10-23T00:58:31.061Z,306,1482,5514,634,1903,6684,3364,3380,13905,2590,3064,13431,Day_1,Medium,Intermediate,2.5mm,Experiment_2
2025-10-23T00:58:31.101Z,301,1484,5517,630,1906,6686,3358,3375,13908,2595,3070,13453,Day_1,Medium,Intermediate,2.5mm,Experiment_2
2025-10-23T00:58:31.141Z,293,1484,5522,620,1899,6672,3363,3387,13944,2602,3075,13458,Day_1,Medium,Intermediate,2.5mm,Experiment_2
2025-10-23T00:58:31.181Z,290,1489,5545,612,1887,6643,3375,3412,14043,2606,3074,13449,Day_1,Medium,Intermediate,2.5mm,Experiment_2
2025-10-23T00:58:31.221Z,292,1496,5569,609,1880,6624,3383,3429,14136,2607,3071,13454,Day_1,Medium,Intermediate,2.5mm,Experiment_2
2025-10-23T00:58:31.261Z,292,1499,5579,609,1879,6621,3381,3435,14177,2605,3071,13476,Day_1,Medium,Intermediate,2.5mm,Experiment_2
2025-10-23T00:58:31.301Z,289,1501,5575,608,1884,6624,3371,3430,14171,2599,3074,13501,Day_1,Medium,Intermediate,2.5mm,Experiment_2
2025-10-23T00:58:31.341Z,280,1503,5552,606,1896,6638,3357,3407,14105,2593,3077,13528,Day_1,Medium,Intermediate,2.5mm,Experiment_2
2025-10-23T00:58:31.381Z,270,1501,5493,608,1916,6678,3337,3368,13942,2588,3084,13557,Day_1,Medium,Intermediate,2.5mm,Experiment_2
2025-10-23T00:58:31.421Z,266,1492,5405,616,1940,6739,3315,3327,13699,2587,3092,13567,Day_1,Medium,Intermediate,2.5mm,Experiment_2
2025-10-23T00:58:31.461Z,264,1480,5338,620,1953,6781,3298,3305,13508,2583,3092,13531,Day_1,Medium,Intermediate,2.5mm,Experiment_2
2025-10-23T00:58:31.501Z,264,1475,5343,615,1947,6774,3297,3319,13489,2578,3082,13461,Day_1,Medium,Intermediate,2.5mm,Experiment_2
2025-10-23T00:58:31.541Z,270,1480,5402,610,1931,6734,3314,3356,13610,2576,3070,13403,Day_1,Medium,Intermediate,2.5mm,Experiment_2
2025-10-23T00:58:31.581Z,285,1491,5468,615,1915,6696,3338,3385,13766,2578,3063,13386,Day_1,Medium,Intermediate,2.5mm,Experiment_2
2025-10-23T00:58:31.621Z,295,1497,5510,622,1904,6677,3356,3393,13877,2584,3060,13403,Day_1,Medium,Intermediate,2.5mm,Experiment_2
2025-10-23T00:58:31.661Z,291,1499,5521,621,1898,6671,3363,3387,13924,2590,3059,13427,Day_1,Medium,Intermediate,2.5mm,Experiment_2
2025-10-23T00:58:31.701Z,279,1504,5522,611,1898,6667,3362,3383,13946,2594,3058,13440,Day_1,Medium,Intermediate,2.5mm,Experiment_2
2025-10-23T00:58:31.741Z,273,1513,5535,603,1902,6657,3359,3389,13995,2596,3059,13445,Day_1,Medium,Intermediate,2.5mm,Experiment_2
2025-10-23T00:58:31.781Z,279,1520,5563,603,1902,6645,3358,3402,14065,2595,3059,13453,Day_1,Medium,Intermediate,2.5mm,Experiment_2
2025-10-23T00:58:31.821Z,294,1521,5585,609,1896,6634,3365,3413,14125,2597,3058,13469,Day_1,Medium,Intermediate,2.5mm,Experiment_2
2025-10-23T00:58:31.861Z,306,1521,5587,614,1891,6625,3381,3424,14157,2605,3059,13487,Day_1,Medium,Intermediate,2.5mm,Experiment_2
2025-10-23T00:58:31.901Z,305,1520,5571,612,1889,6624,3392,3430,14145,2613,3065,13502,Day_1,Medium,Intermediate,2.5mm,Experiment_2
2025-10-23T00:58:31.941Z,292,1508,5535,607,1890,6643,3381,3423,14062,2613,3075,13521,Day_1,Medium,Intermediate,2.5mm,Experiment_2
2025-10-23T00:58:31.981Z,275,1481,5475,603,1892,6688,3354,3398,13895,2608,3086,13539,Day_1,Medium,Intermediate,2.5mm,Experiment_2
2025-10-23T00:58:32.021Z,264,1455,5418,605,1897,6733,3332,3365,13729,2600,3089,13523,Day_1,Medium,Intermediate,2.5mm,Experiment_2
2025-10-23T00:58:32.061Z,269,1448,5408,611,1900,6738,3323,3349,13700,2588,3074,13465,Day_1,Medium,Intermediate,2.5mm,Experiment_2
2025-10-23T00:58:32.101Z,282,1465,5450,616,1900,6706,3325,3361,13808,2576,3054,13410,Day_1,Medium,Intermediate,2.5mm,Experiment_2
2025-10-23T00:58:32.141Z,291,1489,5504,615,1899,6675,3335,3391,13935,2571,3046,13395,Day_1,Medium,Intermediate,2.5mm,Experiment_2
2025-10-23T00:58:32.181Z,297,1504,5540,616,1896,6660,3342,3413,14003,2573,3050,13413,Day_1,Medium,Intermediate,2.5mm,Experiment_2
2025-10-23T00:58:32.222Z,303,1506,5550,621,1893,6657,3343,3416,14006,2578,3059,13436,Day_1,Medium,Intermediate,2.5mm,Experiment_2
2025-10-23T00:58:32.262Z,306,1505,5545,623,1894,6655,3349,3411,13988,2586,3067,13448,Day_1,Medium,Intermediate,2.5mm,Experiment_2
2025-10-23T00:58:32.302Z,304,1507,5544,618,1897,6647,3364,3416,14008,2598,3072,13456,Day_1,Medium,Intermediate,2.5mm,Experiment_2
2025-10-23T00:58:32.342Z,301,1509,5555,610,1896,6634,3374,3429,14071,2607,3073,13462,Day_1,Medium,Intermediate,2.5mm,Experiment_2
2025-10-23T00:58:32.382Z,297,1505,5569,604,1887,6622,3372,3438,14130,2611,3074,13468,Day_1,Medium,Intermediate,2.5mm,Experiment_2
2025-10-23T00:58:32.422Z,290,1500,5574,597,1878,6615,3368,3444,14153,2615,3075,13477,Day_1,Medium,Intermediate,2.5mm,Experiment_2
2025-10-23T00:58:32.462Z,285,1500,5565,593,1879,6617,3360,3444,14136,2616,3077,13493,Day_1,Medium,Intermediate,2.5mm,Experiment_2
2025-10-23T00:58:32.502Z,284,1498,5535,598,1888,6639,3345,3430,14052,2613,3082,13516,Day_1,Medium,Intermediate,2.5mm,Experiment_2
2025-10-23T00:58:32.542Z,280,1483,5471,607,1899,6694,3325,3402,13865,2610,3095,13542,Day_1,Medium,Intermediate,2.5mm,Experiment_2
2025-10-23T00:58:32.582Z,270,1464,5390,614,1914,6764,3305,3372,13629,2602,3108,13550,Day_1,Medium,Intermediate,2.5mm,Experiment_2
2025-10-23T00:58:32.622Z,263,1458,5353,615,1929,6803,3295,3356,13501,2589,3106,13521,Day_1,Medium,Intermediate,2.5mm,Experiment_2
2025-10-23T00:58:32.662Z,265,1474,5387,610,1937,6791,3306,3364,13561,2579,3089,13466,Day_1,Medium,Intermediate,2.5mm,Experiment_2
2025-10-23T00:58:32.702Z,269,1493,5452,599,1932,6748,3334,3384,13724,2577,3073,13425,Day_1,Medium,Intermediate,2.5mm,Experiment_2
2025-10-23T00:58:32.742Z,267,1497,5502,587,1917,6706,3363,3399,13867,2582,3067,13416,Day_1,Medium,Intermediate,2.5mm,Experiment_2
2025-10-23T00:58:32.782Z,263,1491,5517,582,1904,6687,3373,3398,13922,2586,3071,13435,Day_1,Medium,Intermediate,2.5mm,Experiment_2
2025-10-23T00:58:32.822Z,265,1490,5513,587,1902,6685,3359,3388,13917,2586,3077,13458,Day_1,Medium,Intermediate,2.5mm,Experiment_2
2025-10-23T00:58:32.862Z,273,1498,5515,595,1902,6672,3339,3391,13939,2582,3075,13460,Day_1,Medium,Intermediate,2.5mm,Experiment_2
2025-10-23T00:58:32.902Z,280,1505,5534,598,1896,6640,3331,3413,14016,2578,3069,13447,Day_1,Medium,Intermediate,2.5mm,Experiment_2
2025-10-23T00:58:32.942Z,283,1505,5554,599,1887,6615,3331,3441,14086,2575,3069,13448,Day_1,Medium,Intermediate,2.5mm,Experiment_2
2025-10-23T00:58:32.982Z,283,1497,5569,601,1878,6613,3340,3463,14112,2581,3076,13463,Day_1,Medium,Intermediate,2.5mm,Experiment_2
2025-10-23T00:58:33.022Z,281,1491,5576,601,1875,6624,3359,3463,14106,2597,3081,13483,Day_1,Medium,Intermediate,2.5mm,Experiment_2
2025-10-23T00:58:33.062Z,273,1489,5559,597,1885,6644,3373,3428,14050,2612,3081,13507,Day_1,Medium,Intermediate,2.5mm,Experiment_2
2025-10-23T00:58:33.102Z,262,1486,5502,595,1906,6688,3364,3375,13899,2613,3084,13537,Day_1,Medium,Intermediate,2.5mm,Experiment_2
2025-10-23T00:58:33.142Z,251,1475,5412,598,1928,6749,3337,3329,13669,2604,3094,13554,Day_1,Medium,Intermediate,2.5mm,Experiment_2
2025-10-23T00:58:33.182Z,248,1462,5347,606,1937,6793,3312,3309,13497,2590,3097,13529,Day_1,Medium,Intermediate,2.5mm,Experiment_2
2025-10-23T00:58:33.222Z,255,1456,5353,612,1929,6788,3304,3316,13506,2578,3083,13473,Day_1,Medium,Intermediate,2.5mm,Experiment_2
2025-10-23T00:58:33.262Z,266,1463,5410,612,1913,6747,3309,3340,13657,2572,3065,13431,Day_1,Medium,Intermediate,2.5mm,Experiment_2
2025-10-23T00:58:33.302Z,275,1474,5467,609,1902,6705,3319,3367,13822,2572,3057,13423,Day_1,Medium,Intermediate,2.5mm,Experiment_2
2025-10-23T00:58:33.342Z,283,1480,5501,612,1895,6682,3327,3386,13912,2576,3061,13441,Day_1,Medium,Intermediate,2.5mm,Experiment_2
2025-10-23T00:58:33.382Z,294,1482,5511,624,1891,6680,3329,3394,13932,2581,3067,13465,Day_1,Medium,Intermediate,2.5mm,Experiment_2
2025-10-23T00:58:33.422Z,308,1485,5520,636,1889,6682,3331,3395,13949,2585,3067,13475,Day_1,Medium,Intermediate,2.5mm,Experiment_2
2025-10-23T00:58:33.462Z,316,1496,5543,638,1890,6668,3342,3396,14004,2588,3064,13469,Day_1,Medium,Intermediate,2.5mm,Experiment_2
2025-10-23T00:58:33.502Z,312,1513,5565,627,1894,6643,3362,3401,14073,2594,3063,13461,Day_1,Medium,Intermediate,2.5mm,Experiment_2
2025-10-23T00:58:33.542Z,302,1522,5576,613,1894,6621,3373,3404,14121,2598,3066,13463,Day_1,Medium,Intermediate,2.5mm,Experiment_2
2025-10-23T00:58:33.582Z,294,1518,5576,604,1887,6611,3366,3407,14142,2595,3072,13474,Day_1,Medium,Intermediate,2.5mm,Experiment_2
2025-10-23T00:58:33.622Z,290,1509,5565,601,1884,6616,3351,3410,14124,2590,3079,13492,Day_1,Medium,Intermediate,2.5mm,Experiment_2
2025-10-23T00:58:33.662Z,287,1499,5531,602,1890,6647,3341,3402,14024,2592,3087,13512,Day_1,Medium,Intermediate,2.5mm,Experiment_2
2025-10-23T00:58:33.702Z,280,1483,5473,607,1904,6706,3336,3372,13826,2601,3088,13518,Day_1,Medium,Intermediate,2.5mm,Experiment_2
2025-10-23T00:58:33.742Z,271,1469,5426,609,1915,6762,3332,3338,13635,2602,3081,13491,Day_1,Medium,Intermediate,2.5mm,Experiment_2
2025-10-23T00:58:33.782Z,269,1471,5430,608,1916,6769,3336,3332,13610,2593,3067,13431,Day_1,Medium,Intermediate,2.5mm,Experiment_2
2025-10-23T00:58:33.822Z,275,1483,5475,605,1908,6732,3350,3352,13746,2585,3052,13382,Day_1,Medium,Intermediate,2.5mm,Experiment_2
2025-10-23T00:58:33.862Z,284,1493,5517,604,1899,6689,3364,3377,13903,2584,3044,13374,Day_1,Medium,Intermediate,2.5mm,Experiment_2
2025-10-23T00:58:33.902Z,296,1496,5536,609,1891,6663,3366,3393,13988,2586,3045,13399,Day_1,Medium,Intermediate,2.5mm,Experiment_2
2025-10-23T00:58:33.942Z,303,1492,5540,614,1884,6655,3352,3401,14000,2584,3050,13429,Day_1,Medium,Intermediate,2.5mm,Experiment_2
2025-10-23T00:58:33.982Z,300,1485,5543,614,1877,6658,3338,3407,13993,2582,3055,13448,Day_1,Medium,Intermediate,2.5mm,Experiment_2
2025-10-23T00:58:34.022Z,288,1481,5555,607,1872,6660,3329,3425,14012,2581,3064,13463,Day_1,Medium,Intermediate,2.5mm,Experiment_2
2025-10-23T00:58:34.062Z,282,1486,5571,601,1871,6653,3325,3446,14066,2580,3076,13479,Day_1,Medium,Intermediate,2.5mm,Experiment_2
2025-10-23T00:58:34.102Z,289,1498,5583,603,1875,6641,3329,3454,14126,2582,3083,13495,Day_1,Medium,Intermediate,2.5mm,Experiment_2
2025-10-23T00:58:34.142Z,298,1505,5585,607,1878,6625,3344,3448,14166,2589,3082,13506,Day_1,Medium,Intermediate,2.5mm,Experiment_2
2025-10-23T00:58:34.182Z,297,1502,5570,608,1876,6615,3365,3439,14162,2597,3079,13514,Day_1,Medium,Intermediate,2.5mm,Experiment_2
2025-10-23T00:58:34.222Z,289,1490,5534,606,1879,6632,3376,3431,14074,2604,3082,13524,Day_1,Medium,Intermediate,2.5mm,Experiment_2
2025-10-23T00:58:34.262Z,277,1472,5471,607,1892,6685,3365,3412,13872,2606,3094,13533,Day_1,Medium,Intermediate,2.5mm,Experiment_2
2025-10-23T00:58:34.302Z,267,1457,5401,612,1911,6750,3340,3378,13631,2600,3103,13519,Day_1,Medium,Intermediate,2.5mm,Experiment_2
2025-10-23T00:58:34.342Z,262,1457,5380,614,1924,6780,3327,3353,13520,2589,3097,13468,Day_1,Medium,Intermediate,2.5mm,Experiment_2
2025-10-23T00:58:34.382Z,262,1474,5425,610,1925,6761,3338,3359,13609,2584,3078,13411,Day_1,Medium,Intermediate,2.5mm,Experiment_2
2025-10-23T00:58:34.422Z,267,1492,5488,604,1917,6720,3354,3386,13789,2587,3061,13388,Day_1,Medium,Intermediate,2.5mm,Experiment_2
2025-10-23T00:58:34.462Z,278,1498,5525,604,1904,6687,3353,3408,13932,2588,3053,13406,Day_1,Medium,Intermediate,2.5mm,Experiment_2
2025-10-23T00:58:34.502Z,292,1490,5529,611,1891,6673,3339,3408,13989,2586,3053,13444,Day_1,Medium,Intermediate,2.5mm,Experiment_2
2025-10-23T00:58:34.542Z,301,1480,5523,617,1883,6671,3331,3401,13991,2588,3059,13475,Day_1,Medium,Intermediate,2.5mm,Experiment_2
2025-10-23T00:58:34.582Z,297,1482,5530,614,1883,6662,3338,3410,14019,2595,3067,13482,Day_1,Medium,Intermediate,2.5mm,Experiment_2
2025-10-23T00:58:34.622Z,283,1499,5549,602,1890,6641,3357,3434,14095,2602,3072,13476,Day_1,Medium,Intermediate,2.5mm,Experiment_2
2025-10-23T00:58:34.662Z,272,1519,5562,592,1899,6624,3376,3449,14155,2607,3072,13477,Day_1,Medium,Intermediate,2.5mm,Experiment_2
2025-10-23T00:58:34.702Z,271,1531,5567,591,1905,6619,3393,3445,14160,2613,3072,13483,Day_1,Medium,Intermediate,2.5mm,Experiment_2
2025-10-23T00:58:34.742Z,278,1532,5564,597,1907,6626,3408,3428,14124,2622,3073,13493,Day_1,Medium,Intermediate,2.5mm,Experiment_2
2025-10-23T00:58:34.782Z,283,1519,5540,604,1909,6651,3410,3401,14035,2627,3078,13513,Day_1,Medium,Intermediate,2.5mm,Experiment_2
2025-10-23T00:58:34.822Z,283,1492,5477,612,1911,6702,3390,3361,13857,2624,3088,13543,Day_1,Medium,Intermediate,2.5mm,Experiment_2
2025-10-23T00:58:34.862Z,274,1459,5386,621,1913,6764,3356,3317,13629,2616,3098,13563,Day_1,Medium,Intermediate,2.5mm,Experiment_2
2025-10-23T00:58:34.902Z,261,1440,5326,623,1915,6801,3333,3291,13483,2608,3096,13541,Day_1,Medium,Intermediate,2.5mm,Experiment_2
2025-10-23T00:58:34.942Z,254,1443,5338,618,1915,6787,3335,3299,13508,2605,3084,13484,Day_1,Medium,Intermediate,2.5mm,Experiment_2
2025-10-23T00:58:34.982Z,259,1459,5397,613,1911,6739,3349,3328,13659,2605,3072,13439,Day_1,Medium,Intermediate,2.5mm,Experiment_2
2025-10-23T00:58:35.022Z,271,1474,5455,611,1903,6693,3356,3356,13823,2602,3064,13429,Day_1,Medium,Intermediate,2.5mm,Experiment_2
2025-10-23T00:58:35.062Z,281,1482,5486,611,1895,6671,3349,3369,13922,2596,3059,13451,Day_1,Medium,Intermediate,2.5mm,Experiment_2
2025-10-23T00:58:35.102Z,286,1479,5491,611,1888,6671,3338,3367,13947,2590,3057,13481,Day_1,Medium,Intermediate,2.5mm,Experiment_2
2025-10-23T00:58:35.142Z,289,1482,5498,612,1885,6668,3334,3370,13954,2591,3056,13490,Day_1,Medium,Intermediate,2.5mm,Experiment_2
2025-10-23T00:58:35.182Z,294,1498,5522,612,1889,6647,3346,3390,14000,2597,3057,13476,Day_1,Medium,Intermediate,2.5mm,Experiment_2
2025-10-23T00:58:35.222Z,302,1516,5549,611,1896,6622,3369,3420,14068,2604,3061,13468,Day_1,Medium,Intermediate,2.5mm,Experiment_2
2025-10-23T00:58:35.262Z,308,1524,5562,609,1897,6608,3386,3444,14114,2607,3067,13477,Day_1,Medium,Intermediate,2.5mm,Experiment_2
2025-10-23T00:58:35.302Z,306,1521,5562,607,1892,6607,3384,3456,14122,2607,3072,13493,Day_1,Medium,Intermediate,2.5mm,Experiment_2
2025-10-23T00:58:35.342Z,298,1514,5549,606,1887,6620,3375,3451,14086,2608,3077,13510,Day_1,Medium,Intermediate,2.5mm,Experiment_2
2025-10-23T00:58:35.382Z,290,1501,5515,610,1888,6658,3365,3428,13982,2613,3082,13531,Day_1,Medium,Intermediate,2.5mm,Experiment_2
2025-10-23T00:58:35.422Z,284,1481,5459,619,1895,6718,3356,3379,13804,2617,3085,13545,Day_1,Medium,Intermediate,2.5mm,Experiment_2
2025-10-23T00:58:35.462Z,276,1466,5410,622,1905,6765,3353,3314,13650,2614,3074,13520,Day_1,Medium,Intermediate,2.5mm,Experiment_2
2025-10-23T00:58:35.502Z,268,1470,5412,613,1910,6762,3355,3284,13646,2603,3049,13453,Day_1,Medium,Intermediate,2.5mm,Experiment_2
2025-10-23T00:58:35.542Z,263,1483,5455,598,1904,6723,3353,3309,13771,2589,3031,13395,Day_1,Medium,Intermediate,2.5mm,Experiment_2
2025-10-23T00:58:35.582Z,263,1488,5502,589,1891,6684,3348,3362,13913,2580,3033,13387,Day_1,Medium,Intermediate,2.5mm,Experiment_2
2025-10-23T00:58:35.622Z,267,1487,5533,588,1881,6667,3350,3409,14004,2582,3050,13417,Day_1,Medium,Intermediate,2.5mm,Experiment_2
2025-10-23T00:58:35.662Z,271,1493,5547,591,1884,6667,3359,3434,14040,2589,3066,13451,Day_1,Medium,Intermediate,2.5mm,Experiment_2
2025-10-23T00:58:35.702Z,274,1504,5548,597,1894,6666,3374,3440,14045,2598,3073,13468,Day_1,Medium,Intermediate,2.5mm,Experiment_2
2025-10-23T00:58:35.742Z,279,1512,5550,603,1901,6658,3390,3438,14054,2606,3070,13472,Day_1,Medium,Intermediate,2.5mm,Experiment_2
2025-10-23T00:58:35.782Z,288,1516,5560,606,1901,6645,3401,3436,14082,2609,3065,13474,Day_1,Medium,Intermediate,2.5mm,Experiment_2
2025-10-23T00:58:35.822Z,296,1514,5573,608,1893,6632,3406,3436,14121,2610,3066,13479,Day_1,Medium,Intermediate,2.5mm,Experiment_2
2025-10-23T00:58:35.862Z,299,1506,5579,606,1879,6622,3408,3438,14149,2612,3071,13486,Day_1,Medium,Intermediate,2.5mm,Experiment_2
2025-10-23T00:58:35.902Z,296,1498,5572,603,1871,6621,3403,3438,14135,2614,3079,13493,Day_1,Medium,Intermediate,2.5mm,Experiment_2
2025-10-23T00:58:35.942Z,288,1495,5543,602,1880,6643,3381,3426,14045,2614,3088,13502,Day_1,Medium,Intermediate,2.5mm,Experiment_2
2025-10-23T00:58:35.982Z,278,1487,5483,607,1900,6693,3349,3394,13864,2612,3096,13514,Day_1,Medium,Intermediate,2.5mm,Experiment_2
2025-10-23T00:58:36.022Z,267,1471,5413,613,1916,6746,3325,3355,13666,2607,3097,13511,Day_1,Medium,Intermediate,2.5mm,Experiment_2
2025-10-23T00:58:36.062Z,259,1459,5385,612,1915,6758,3322,3337,13594,2597,3084,13468,Day_1,Medium,Intermediate,2.5mm,Experiment_2
2025-10-23T00:58:36.102Z,265,1460,5422,608,1899,6727,3329,3351,13690,2583,3067,13411,Day_1,Medium,Intermediate,2.5mm,Experiment_2
2025-10-23T00:58:36.142Z,275,1468,5486,604,1885,6689,3330,3381,13845,2572,3056,13381,Day_1,Medium,Intermediate,2.5mm,Experiment_2
2025-10-23T00:58:36.182Z,278,1478,5532,599,1881,6670,3326,3405,13951,2567,3057,13388,Day_1,Medium,Intermediate,2.5mm,Experiment_2
2025-10-23T00:58:36.222Z,276,1486,5547,596,1886,6676,3327,3419,13978,2572,3069,13416,Day_1,Medium,Intermediate,2.5mm,Experiment_2
2025-10-23T00:58:36.262Z,275,1489,5542,597,1890,6688,3336,3427,13963,2582,3080,13444,Day_1,Medium,Intermediate,2.5mm,Experiment_2
2025-10-23T00:58:36.302Z,281,1489,5541,601,1886,6682,3348,3434,13974,2592,3084,13454,Day_1,Medium,Intermediate,2.5mm,Experiment_2
2025-10-23T00:58:36.342Z,287,1490,5555,603,1876,6660,3363,3445,14029,2599,3085,13452,Day_1,Medium,Intermediate,2.5mm,Experiment_2
2025-10-23T00:58:36.382Z,285,1496,5571,598,1872,6641,3374,3453,14082,2604,3087,13454,Day_1,Medium,Intermediate,2.5mm,Experiment_2
2025-10-23T00:58:36.422Z,278,1502,5575,591,1876,6631,3375,3452,14102,2606,3086,13463,Day_1,Medium,Intermediate,2.5mm,Experiment_2
2025-10-23T00:58:36.462Z,271,1501,5564,587,1880,6631,3367,3438,14087,2601,3083,13482,Day_1,Medium,Intermediate,2.5mm,Experiment_2
2025-10-23T00:58:36.502Z,268,1492,5531,586,1889,6650,3350,3412,14014,2593,3083,13513,Day_1,Medium,Intermediate,2.5mm,Experiment_2
2025-10-23T00:58:36.543Z,265,1480,5464,592,1907,6698,3326,3379,13843,2590,3092,13552,Day_1,Medium,Intermediate,2.5mm,Experiment_2
2025-10-23T00:58:36.583Z,260,1463,5378,602,1924,6762,3304,3343,13618,2591,3103,13574,Day_1,Medium,Intermediate,2.5mm,Experiment_2
2025-10-23T00:58:36.623Z,257,1450,5325,612,1930,6801,3291,3317,13483,2588,3101,13552,Day_1,Medium,Intermediate,2.5mm,Experiment_2
2025-10-23T00:58:36.663Z,259,1449,5342,616,1922,6788,3293,3319,13525,2579,3086,13497,Day_1,Medium,Intermediate,2.5mm,Experiment_2
2025-10-23T00:58:36.703Z,265,1454,5405,614,1905,6743,3313,3349,13678,2575,3070,13449,Day_1,Medium,Intermediate,2.5mm,Experiment_2
2025-10-23T00:58:36.743Z,271,1458,5470,610,1889,6705,3345,3381,13823,2586,3060,13431,Day_1,Medium,Intermediate,2.5mm,Experiment_2
2025-10-23T00:58:36.783Z,274,1459,5507,605,1881,6694,3371,3388,13891,2602,3057,13440,Day_1,Medium,Intermediate,2.5mm,Experiment_2
2025-10-23T00:58:36.823Z,278,1460,5514,604,1881,6700,3385,3379,13898,2617,3060,13460,Day_1,Medium,Intermediate,2.5mm,Experiment_2
2025-10-23T00:58:36.863Z,289,1465,5522,611,1879,6695,3387,3385,13921,2622,3067,13465,Day_1,Medium,Intermediate,2.5mm,Experiment_2
2025-10-23T00:58:36.903Z,298,1470,5549,617,1871,6671,3380,3414,13996,2617,3071,13457,Day_1,Medium,Intermediate,2.5mm,Experiment_2
2025-10-23T00:58:36.943Z,302,1477,5575,617,1866,6645,3368,3447,14067,2608,3075,13454,Day_1,Medium,Intermediate,2.5mm,Experiment_2
2025-10-23T00:58:36.983Z,308,1487,5584,621,1870,6633,3357,3461,14096,2603,3078,13462,Day_1,Medium,Intermediate,2.5mm,Experiment_2
2025-10-23T00:58:37.023Z,321,1495,5585,633,1876,6635,3353,3448,14097,2602,3078,13474,Day_1,Medium,Intermediate,2.5mm,Experiment_2
2025-10-23T00:58:37.063Z,329,1491,5570,642,1876,6650,3354,3424,14068,2605,3076,13500,Day_1,Medium,Intermediate,2.5mm,Experiment_2
2025-10-23T00:58:37.103Z,321,1474,5520,642,1877,6685,3355,3395,13961,2611,3079,13539,Day_1,Medium,Intermediate,2.5mm,Experiment_2
2025-10-23T00:58:37.143Z,302,1455,5440,637,1888,6742,3349,3355,13773,2612,3085,13566,Day_1,Medium,Intermediate,2.5mm,Experiment_2
2025-10-23T00:58:37.183Z,282,1451,5377,628,1905,6784,3344,3325,13616,2604,3087,13548,Day_1,Medium,Intermediate,2.5mm,Experiment_2
2025-10-23T00:58:37.223Z,274,1467,5378,621,1916,6780,3346,3331,13606,2591,3079,13485,Day_1,Medium,Intermediate,2.5mm,Experiment_2
2025-10-23T00:58:37.263Z,281,1490,5434,620,1916,6745,3347,3361,13718,2580,3068,13423,Day_1,Medium,Intermediate,2.5mm,Experiment_2
2025-10-23T00:58:37.303Z,292,1505,5495,621,1913,6710,3344,3388,13854,2575,3064,13402,Day_1,Medium,Intermediate,2.5mm,Experiment_2
2025-10-23T00:58:37.343Z,294,1513,5528,615,1911,6688,3339,3403,13943,2573,3064,13417,Day_1,Medium,Intermediate,2.5mm,Experiment_2
2025-10-23T00:58:37.383Z,289,1518,5536,608,1911,6680,3335,3414,13969,2577,3064,13441,Day_1,Medium,Intermediate,2.5mm,Experiment_2
2025-10-23T00:58:37.423Z,284,1522,5543,605,1910,6677,3336,3431,13978,2585,3066,13453,Day_1,Medium,Intermediate,2.5mm,Experiment_2
2025-10-23T00:58:37.463Z,284,1524,5559,605,1905,6666,3338,3445,14018,2592,3070,13455,Day_1,Medium,Intermediate,2.5mm,Experiment_2
2025-10-23T00:58:37.503Z,285,1524,5576,604,1896,6648,3342,3442,14083,2595,3070,13463,Day_1,Medium,Intermediate,2.5mm,Experiment_2
2025-10-23T00:58:37.543Z,286,1521,5583,602,1889,6630,3351,3425,14137,2599,3066,13477,Day_1,Medium,Intermediate,2.5mm,Experiment_2
2025-10-23T00:58:37.583Z,287,1517,5585,603,1886,6622,3371,3409,14151,2606,3064,13487,Day_1,Medium,Intermediate,2.5mm,Experiment_2
2025-10-23T00:58:37.623Z,289,1513,5582,606,1885,6628,3393,3401,14120,2615,3067,13494,Day_1,Medium,Intermediate,2.5mm,Experiment_2
2025-10-23T00:58:37.663Z,288,1502,5550,609,1889,6650,3403,3388,14031,2620,3073,13507,Day_1,Medium,Intermediate,2.5mm,Experiment_2
2025-10-23T00:58:37.703Z,281,1486,5478,612,1900,6689,3389,3358,13864,2619,3079,13522,Day_1,Medium,Intermediate,2.5mm,Experiment_2
2025-10-23T00:58:37.743Z,275,1470,5407,617,1911,6731,3360,3325,13690,2611,3078,13507,Day_1,Medium,Intermediate,2.5mm,Experiment_2
2025-10-23T00:58:37.783Z,276,1462,5395,622,1911,6739,3332,3316,13641,2594,3067,13454,Day_1,Medium,Intermediate,2.5mm,Experiment_2
2025-10-23T00:58:37.823Z,285,1466,5441,626,1899,6709,3322,3341,13736,2577,3053,13399,Day_1,Medium,Intermediate,2.5mm,Experiment_2
2025-10-23T00:58:37.863Z,295,1471,5497,625,1883,6674,3327,3374,13873,2568,3045,13380,Day_1,Medium,Intermediate,2.5mm,Experiment_2
2025-10-23T00:58:37.903Z,300,1476,5531,620,1874,6653,3334,3389,13970,2568,3041,13398,Day_1,Medium,Intermediate,2.5mm,Experiment_2
2025-10-23T00:58:37.943Z,300,1483,5541,615,1877,6650,3337,3381,14006,2575,3041,13432,Day_1,Medium,Intermediate,2.5mm,Experiment_2
2025-10-23T00:58:37.983Z,296,1496,5545,611,1891,6658,3342,3374,14003,2586,3048,13457,Day_1,Medium,Intermediate,2.5mm,Experiment_2
2025-10-23T00:58:38.023Z,298,1514,5559,612,1905,6663,3352,3390,14013,2595,3063,13457,Day_1,Medium,Intermediate,2.5mm,Experiment_2
2025-10-23T00:58:38.063Z,303,1524,5575,614,1905,6654,3359,3422,14065,2598,3077,13449,Day_1,Medium,Intermediate,2.5mm,Experiment_2
2025-10-23T00:58:38.103Z,303,1523,5583,611,1895,6641,3355,3441,14121,2595,3080,13453,Day_1,Medium,Intermediate,2.5mm,Experiment_2
2025-10-23T00:58:38.143Z,300,1516,5584,609,1887,6636,3347,3444,14148,2591,3078,13468,Day_1,Medium,Intermediate,2.5mm,Experiment_2
2025-10-23T00:58:38.183Z,297,1510,5579,609,1883,6644,3338,3446,14137,2587,3083,13489,Day_1,Medium,Intermediate,2.5mm,Experiment_2
2025-10-23T00:58:38.223Z,288,1499,5549,607,1885,6667,3319,3441,14059,2583,3100,13518,Day_1,Medium,Intermediate,2.5mm,Experiment_2
2025-10-23T00:58:38.263Z,275,1479,5477,607,1894,6711,3298,3408,13874,2583,3118,13552,Day_1,Medium,Intermediate,2.5mm,Experiment_2
2025-10-23T00:58:38.303Z,264,1458,5386,611,1910,6766,3292,3357,13629,2589,3124,13569,Day_1,Medium,Intermediate,2.5mm,Experiment_2
2025-10-23T00:58:38.343Z,264,1446,5335,618,1918,6797,3300,3318,13484,2589,3109,13543,Day_1,Medium,Intermediate,2.5mm,Experiment_2
2025-10-23T00:58:38.383Z,270,1449,5354,620,1914,6781,3306,3308,13538,2582,3083,13488,Day_1,Medium,Intermediate,2.5mm,Experiment_2
2025-10-23T00:58:38.423Z,275,1465,5416,617,1906,6737,3310,3329,13710,2578,3065,13444,Day_1,Medium,Intermediate,2.5mm,Experiment_2
2025-10-23T00:58:38.463Z,279,1484,5474,616,1901,6698,3329,3363,13868,2587,3064,13432,Day_1,Medium,Intermediate,2.5mm,Experiment_2
2025-10-23T00:58:38.503Z,282,1492,5496,618,1899,6679,3355,3390,13938,2604,3074,13448,Day_1,Medium,Intermediate,2.5mm,Experiment_2
2025-10-23T00:58:38.543Z,284,1491,5491,618,1901,6672,3372,3397,13932,2615,3081,13473,Day_1,Medium,Intermediate,2.5mm,Experiment_2
2025-10-23T00:58:38.583Z,288,1491,5496,618,1901,6660,3377,3397,13940,2617,3075,13479,Day_1,Medium,Intermediate,2.5mm,Experiment_2
2025-10-23T00:58:38.623Z,299,1499,5525,621,1896,6638,3381,3407,14011,2615,3066,13465,Day_1,Medium,Intermediate,2.5mm,Experiment_2
2025-10-23T00:58:38.663Z,311,1504,5554,626,1886,6618,3388,3423,14093,2616,3064,13460,Day_1,Medium,Intermediate,2.5mm,Experiment_2
2025-10-23T00:58:38.703Z,315,1499,5570,627,1873,6612,3389,3434,14131,2616,3068,13473,Day_1,Medium,Intermediate,2.5mm,Experiment_2
2025-10-23T00:58:38.743Z,310,1490,5576,622,1864,6623,3384,3441,14118,2612,3073,13489,Day_1,Medium,Intermediate,2.5mm,Experiment_2
2025-10-23T00:58:38.783Z,301,1487,5562,618,1869,6647,3377,3438,14056,2610,3080,13507,Day_1,Medium,Intermediate,2.5mm,Experiment_2
2025-10-23T00:58:38.823Z,290,1483,5508,617,1887,6689,3366,3413,13919,2608,3089,13533,Day_1,Medium,Intermediate,2.5mm,Experiment_2
2025-10-23T00:58:38.863Z,275,1469,5421,617,1905,6742,3339,3368,13716,2598,3097,13554,Day_1,Medium,Intermediate,2.5mm,Experiment_2
2025-10-23T00:58:38.903Z,263,1455,5353,615,1914,6776,3304,3332,13555,2577,3092,13534,Day_1,Medium,Intermediate,2.5mm,Experiment_2
2025-10-23T00:58:38.943Z,264,1456,5357,612,1909,6768,3287,3331,13553,2558,3075,13476,Day_1,Medium,Intermediate,2.5mm,Experiment_2
2025-10-23T00:58:38.983Z,276,1469,5415,610,1898,6732,3299,3361,13688,2556,3061,13428,Day_1,Medium,Intermediate,2.5mm,Experiment_2
2025-10-23T00:58:39.023Z,287,1485,5479,609,1891,6699,3330,3392,13846,2570,3057,13417,Day_1,Medium,Intermediate,2.5mm,Experiment_2
2025-10-23T00:58:39.063Z,294,1494,5515,610,1889,6680,3361,3401,13937,2587,3058,13428,Day_1,Medium,Intermediate,2.5mm,Experiment_2
2025-10-23T00:58:39.103Z,297,1493,5520,614,1886,6671,3379,3398,13955,2599,3062,13443,Day_1,Medium,Intermediate,2.5mm,Experiment_2
2025-10-23T00:58:39.143Z,299,1486,5520,618,1881,6666,3379,3404,13962,2604,3067,13455,Day_1,Medium,Intermediate,2.5mm,Experiment_2
2025-10-23T00:58:39.183Z,297,1480,5534,618,1874,6653,3369,3421,14011,2604,3071,13462,Day_1,Medium,Intermediate,2.5mm,Experiment_2
2025-10-23T00:58:39.223Z,290,1476,5555,612,1865,6633,3368,3437,14082,2605,3073,13467,Day_1,Medium,Intermediate,2.5mm,Experiment_2
2025-10-23T00:58:39.263Z,282,1475,5568,602,1858,6615,3379,3445,14129,2610,3075,13470,Day_1,Medium,Intermediate,2.5mm,Experiment_2
2025-10-23T00:58:39.303Z,276,1482,5569,592,1860,6608,3387,3442,14143,2617,3075,13476,Day_1,Medium,Intermediate,2.5mm,Experiment_2
2025-10-23T00:58:39.343Z,273,1493,5558,587,1871,6614,3385,3428,14124,2619,3077,13487,Day_1,Medium,Intermediate,2.5mm,Experiment_2
2025-10-23T00:58:39.383Z,268,1494,5522,586,1884,6639,3375,3406,14042,2617,3082,13505,Day_1,Medium,Intermediate,2.5mm,Experiment_2
2025-10-23T00:58:39.423Z,257,1481,5461,586,1896,6689,3351,3379,13873,2610,3091,13519,Day_1,Medium,Intermediate,2.5mm,Experiment_2
2025-10-23T00:58:39.463Z,248,1467,5409,588,1906,6740,3320,3354,13697,2598,3094,13501,Day_1,Medium,Intermediate,2.5mm,Experiment_2
2025-10-23T00:58:39.503Z,255,1469,5418,594,1908,6755,3305,3351,13653,2584,3080,13441,Day_1,Medium,Intermediate,2.5mm,Experiment_2
2025-10-23T00:58:39.543Z,271,1484,5476,601,1903,6731,3316,3364,13752,2575,3056,13380,Day_1,Medium,Intermediate,2.5mm,Experiment_2
2025-10-23T00:58:39.583Z,283,1498,5528,603,1898,6694,3343,3377,13888,2578,3038,13363,Day_1,Medium,Intermediate,2.5mm,Experiment_2
2025-10-23T00:58:39.623Z,290,1509,5548,604,1898,6665,3369,3387,13974,2592,3036,13386,Day_1,Medium,Intermediate,2.5mm,Experiment_2
2025-10-23T00:58:39.663Z,293,1515,5544,607,1902,6654,3386,3395,13991,2608,3044,13416,Day_1,Medium,Intermediate,2.5mm,Experiment_2
2025-10-23T00:58:39.703Z,291,1513,5538,609,1901,6656,3390,3401,13986,2617,3053,13440,Day_1,Medium,Intermediate,2.5mm,Experiment_2
2025-10-23T00:58:39.743Z,284,1504,5550,607,1892,6661,3383,3414,14017,2617,3060,13457,Day_1,Medium,Intermediate,2.5mm,Experiment_2
2025-10-23T00:58:39.783Z,281,1500,5577,605,1882,6660,3378,3436,14083,2616,3066,13470,Day_1,Medium,Intermediate,2.5mm,Experiment_2
2025-10-23T00:58:39.823Z,285,1503,5595,606,1882,6651,3384,3458,14130,2620,3072,13476,Day_1,Medium,Intermediate,2.5mm,Experiment_2
2025-10-23T00:58:39.863Z,291,1507,5596,609,1886,6640,3397,3469,14134,2625,3075,13475,Day_1,Medium,Intermediate,2.5mm,Experiment_2
2025-10-23T00:58:39.903Z,291,1506,5586,610,1890,6641,3404,3461,14110,2627,3076,13483,Day_1,Medium,Intermediate,2.5mm,Experiment_2
2025-10-23T00:58:39.943Z,288,1498,5558,612,1894,6668,3399,3422,14041,2626,3075,13511,Day_1,Medium,Intermediate,2.5mm,Experiment_2
2025-10-23T00:58:39.983Z,284,1482,5499,618,1905,6725,3376,3364,13877,2621,3076,13548,Day_1,Medium,Intermediate,2.5mm,Experiment_2
2025-10-23T00:58:40.023Z,277,1463,5420,623,1917,6790,3344,3313,13654,2612,3080,13560,Day_1,Medium,Intermediate,2.5mm,Experiment_2
2025-10-23T00:58:40.063Z,270,1453,5376,622,1922,6818,3324,3293,13530,2603,3080,13524,Day_1,Medium,Intermediate,2.5mm,Experiment_2
2025-10-23T00:58:40.103Z,270,1458,5398,617,1915,6790,3326,3314,13601,2600,3071,13465,Day_1,Medium,Intermediate,2.5mm,Experiment_2
2025-10-23T00:58:40.143Z,278,1468,5454,614,1900,6735,3342,3355,13781,2601,3062,13430,Day_1,Medium,Intermediate,2.5mm,Experiment_2
2025-10-23T00:58:40.183Z,284,1475,5498,612,1886,6688,3354,3391,13929,2602,3059,13430,Day_1,Medium,Intermediate,2.5mm,Experiment_2
2025-10-23T00:58:40.223Z,279,1474,5508,605,1878,6669,3353,3406,13966,2601,3062,13447,Day_1,Medium,Intermediate,2.5mm,Experiment_2
2025-10-23T00:58:40.263Z,269,1466,5499,598,1875,6667,3347,3406,13941,2600,3065,13464,Day_1,Medium,Intermediate,2.5mm,Experiment_2
2025-10-23T00:58:40.303Z,268,1464,5504,597,1872,6656,3349,3408,13963,2601,3064,13469,Day_1,Medium,Intermediate,2.5mm,Experiment_2
2025-10-23T00:58:40.343Z,278,1472,5534,603,1869,6635,3361,3426,14048,2603,3063,13466,Day_1,Medium,Intermediate,2.5mm,Experiment_2
2025-10-23T00:58:40.383Z,294,1485,5566,612,1868,6625,3372,3447,14120,2608,3066,13472,Day_1,Medium,Intermediate,2.5mm,Experiment_2
2025-10-23T00:58:40.423Z,304,1497,5585,618,1870,6633,3366,3456,14140,2609,3068,13489,Day_1,Medium,Intermediate,2.5mm,Experiment_2
2025-10-23T00:58:40.463Z,305,1504,5589,617,1878,6645,3348,3458,14125,2606,3072,13507,Day_1,Medium,Intermediate,2.5mm,Experiment_2
2025-10-23T00:58:40.503Z,303,1500,5569,616,1887,6664,3330,3457,14065,2604,3083,13527,Day_1,Medium,Intermediate,2.5mm,Experiment_2
2025-10-23T00:58:40.543Z,298,1483,5508,619,1896,6704,3310,3440,13924,2602,3097,13557,Day_1,Medium,Intermediate,2.5mm,Experiment_2
2025-10-23T00:58:40.583Z,289,1461,5416,624,1909,6760,3287,3393,13710,2596,3106,13576,Day_1,Medium,Intermediate,2.5mm,Experiment_2
2025-10-23T00:58:40.623Z,277,1447,5347,624,1920,6794,3274,3342,13537,2586,3099,13550,Day_1,Medium,Intermediate,2.5mm,Experiment_2
2025-10-23T00:58:40.663Z,269,1451,5348,615,1919,6779,3283,3323,13526,2579,3080,13486,Day_1,Medium,Intermediate,2.5mm,Experiment_2
2025-10-23T00:58:40.703Z,267,1469,5403,604,1910,6732,3305,3336,13660,2579,3062,13437,Day_1,Medium,Intermediate,2.5mm,Experiment_2
2025-10-23T00:58:40.743Z,271,1491,5465,599,1902,6690,3324,3355,13821,2583,3054,13425,Day_1,Medium,Intermediate,2.5mm,Experiment_2
2025-10-23T00:58:40.783Z,274,1501,5499,596,1898,6670,3334,3362,13917,2586,3051,13437,Day_1,Medium,Intermediate,2.5mm,Experiment_2
2025-10-23T00:58:40.823Z,274,1498,5504,596,1895,6668,3338,3361,13937,2585,3052,13455,Day_1,Medium,Intermediate,2.5mm,Experiment_2
2025-10-23T00:58:40.864Z,276,1493,5504,602,1894,6668,3342,3371,13949,2586,3054,13466,Day_1,Medium,Intermediate,2.5mm,Experiment_2
2025-10-23T00:58:40.904Z,284,1491,5522,611,1888,6657,3350,3399,14010,2591,3057,13469,Day_1,Medium,Intermediate,2.5mm,Experiment_2
2025-10-23T00:58:40.944Z,293,1491,5549,615,1880,6639,3360,3433,14098,2599,3060,13476,Day_1,Medium,Intermediate,2.5mm,Experiment_2
2025-10-23T00:58:40.984Z,295,1495,5565,611,1875,6622,3371,3454,14156,2605,3064,13485,Day_1,Medium,Intermediate,2.5mm,Experiment_2
2025-10-23T00:58:41.024Z,293,1502,5568,605,1880,6611,3378,3457,14162,2607,3069,13489,Day_1,Medium,Intermediate,2.5mm,Experiment_2
2025-10-23T00:58:41.064Z,288,1505,5559,603,1888,6614,3376,3443,14124,2606,3074,13492,Day_1,Medium,Intermediate,2.5mm,Experiment_2
2025-10-23T00:58:41.104Z,279,1494,5529,605,1893,6645,3366,3413,14024,2606,3080,13504,Day_1,Medium,Intermediate,2.5mm,Experiment_2
2025-10-23T00:58:41.144Z,266,1471,5466,608,1899,6700,3345,3371,13840,2601,3086,13514,Day_1,Medium,Intermediate,2.5mm,Experiment_2
2025-10-23T00:58:41.184Z,254,1452,5403,608,1906,6742,3320,3338,13666,2589,3083,13492,Day_1,Medium,Intermediate,2.5mm,Experiment_2
2025-10-23T00:58:41.224Z,250,1448,5394,604,1905,6737,3312,3341,13650,2578,3071,13435,Day_1,Medium,Intermediate,2.5mm,Experiment_2
2025-10-23T00:58:41.264Z,257,1458,5440,601,1895,6702,3326,3371,13775,2577,3061,13382,Day_1,Medium,Intermediate,2.5mm,Experiment_2
2025-10-23T00:58:41.304Z,269,1472,5498,600,1886,6675,3346,3402,13908,2585,3060,13368,Day_1,Medium,Intermediate,2.5mm,Experiment_2
2025-10-23T00:58:41.344Z,280,1486,5536,601,1884,6664,3357,3416,13986,2597,3065,13393,Day_1,Medium,Intermediate,2.5mm,Experiment_2
2025-10-23T00:58:41.384Z,289,1495,5547,606,1888,6662,3360,3412,14009,2603,3067,13429,Day_1,Medium,Intermediate,2.5mm,Experiment_2
2025-10-23T00:58:41.424Z,296,1495,5543,613,1889,6658,3364,3405,14002,2607,3067,13451,Day_1,Medium,Intermediate,2.5mm,Experiment_2
2025-10-23T00:58:41.464Z,301,1490,5540,618,1885,6648,3375,3408,14011,2612,3068,13460,Day_1,Medium,Intermediate,2.5mm,Experiment_2
2025-10-23T00:58:41.504Z,305,1490,5550,621,1881,6636,3388,3424,14056,2619,3072,13468,Day_1,Medium,Intermediate,2.5mm,Experiment_2
2025-10-23T00:58:41.544Z,310,1499,5568,623,1881,6627,3393,3445,14104,2624,3078,13475,Day_1,Medium,Intermediate,2.5mm,Experiment_2
2025-10-23T00:58:41.584Z,311,1514,5577,622,1884,6623,3390,3455,14128,2626,3081,13480,Day_1,Medium,Intermediate,2.5mm,Experiment_2
2025-10-23T00:58:41.624Z,306,1521,5566,618,1885,6623,3390,3443,14120,2625,3079,13489,Day_1,Medium,Intermediate,2.5mm,Experiment_2
2025-10-23T00:58:41.664Z,297,1514,5529,614,1888,6641,3392,3413,14049,2623,3079,13507,Day_1,Medium,Intermediate,2.5mm,Experiment_2
2025-10-23T00:58:41.704Z,284,1492,5461,614,1898,6689,3382,3371,13877,2622,3087,13525,Day_1,Medium,Intermediate,2.5mm,Experiment_2
2025-10-23T00:58:41.744Z,273,1465,5387,614,1911,6748,3361,3322,13668,2618,3088,13521,Day_1,Medium,Intermediate,2.5mm,Experiment_2
2025-10-23T00:58:41.784Z,268,1453,5363,614,1919,6771,3346,3302,13581,2608,3077,13488,Day_1,Medium,Intermediate,2.5mm,Experiment_2
2025-10-23T00:58:41.824Z,270,1460,5406,612,1915,6748,3348,3330,13673,2598,3063,13444,Day_1,Medium,Intermediate,2.5mm,Experiment_2
2025-10-23T00:58:41.864Z,274,1474,5475,611,1904,6708,3355,3381,13833,2593,3059,13419,Day_1,Medium,Intermediate,2.5mm,Experiment_2
2025-10-23T00:58:41.904Z,282,1482,5518,612,1893,6679,3362,3414,13951,2593,3057,13423,Day_1,Medium,Intermediate,2.5mm,Experiment_2
2025-10-23T00:58:41.944Z,292,1482,5523,617,1887,6668,3372,3415,13994,2597,3056,13450,Day_1,Medium,Intermediate,2.5mm,Experiment_2
2025-10-23T00:58:41.984Z,297,1480,5512,618,1886,6667,3374,3403,13991,2599,3056,13475,Day_1,Medium,Intermediate,2.5mm,Experiment_2
2025-10-23T00:58:42.024Z,294,1485,5516,612,1886,6658,3368,3406,14003,2598,3061,13477,Day_1,Medium,Intermediate,2.5mm,Experiment_2
2025-10-23T00:58:42.064Z,287,1494,5541,602,1882,6639,3362,3426,14053,2597,3064,13466,Day_1,Medium,Intermediate,2.5mm,Experiment_2
2025-10-23T00:58:42.104Z,282,1499,5566,595,1877,6627,3350,3441,14102,2593,3067,13465,Day_1,Medium,Intermediate,2.5mm,Experiment_2
2025-10-23T00:58:42.144Z,281,1503,5573,593,1875,6623,3329,3443,14125,2585,3070,13479,Day_1,Medium,Intermediate,2.5mm,Experiment_2
2025-10-23T00:58:42.184Z,283,1506,5563,595,1879,6628,3315,3431,14113,2579,3070,13499,Day_1,Medium,Intermediate,2.5mm,Experiment_2
2025-10-23T00:58:42.224Z,282,1498,5531,598,1885,6651,3310,3402,14034,2580,3071,13525,Day_1,Medium,Intermediate,2.5mm,Experiment_2
2025-10-23T00:58:42.264Z,274,1475,5466,601,1893,6704,3297,3357,13851,2581,3079,13553,Day_1,Medium,Intermediate,2.5mm,Experiment_2
2025-10-23T00:58:42.304Z,261,1446,5378,604,1904,6772,3275,3304,13613,2578,3096,13566,Day_1,Medium,Intermediate,2.5mm,Experiment_2
2025-10-23T00:58:42.344Z,255,1429,5321,607,1911,6812,3261,3267,13459,2573,3107,13540,Day_1,Medium,Intermediate,2.5mm,Experiment_2
2025-10-23T00:58:42.384Z,261,1434,5336,610,1911,6798,3269,3271,13484,2570,3101,13483,Day_1,Medium,Intermediate,2.5mm,Experiment_2
2025-10-23T00:58:42.424Z,274,1453,5402,612,1906,6753,3300,3317,13635,2573,3081,13437,Day_1,Medium,Intermediate,2.5mm,Experiment_2
2025-10-23T00:58:42.464Z,281,1472,5470,610,1899,6713,3336,3371,13794,2581,3067,13427,Day_1,Medium,Intermediate,2.5mm,Experiment_2
2025-10-23T00:58:42.504Z,279,1481,5509,604,1893,6694,3347,3398,13875,2584,3068,13443,Day_1,Medium,Intermediate,2.5mm,Experiment_2
2025-10-23T00:58:42.544Z,274,1483,5515,600,1893,6691,3335,3399,13878,2585,3076,13464,Day_1,Medium,Intermediate,2.5mm,Experiment_2
2025-10-23T00:58:42.584Z,271,1491,5517,598,1899,6685,3332,3405,13885,2591,3083,13470,Day_1,Medium,Intermediate,2.5mm,Experiment_2
2025-10-23T00:58:42.624Z,271,1506,5537,599,1904,6665,3344,3431,13961,2598,3088,13465,Day_1,Medium,Intermediate,2.5mm,Experiment_2
2025-10-23T00:58:42.664Z,272,1514,5563,600,1900,6645,3353,3453,14069,2601,3087,13467,Day_1,Medium,Intermediate,2.5mm,Experiment_2
2025-10-23T00:58:42.704Z,275,1510,5577,602,1889,6633,3354,3451,14148,2599,3081,13483,Day_1,Medium,Intermediate,2.5mm,Experiment_2
2025-10-23T00:58:42.744Z,280,1501,5577,607,1878,6630,3348,3432,14184,2595,3071,13502,Day_1,Medium,Intermediate,2.5mm,Experiment_2
2025-10-23T00:58:42.784Z,287,1495,5563,613,1877,6642,3331,3410,14166,2589,3066,13524,Day_1,Medium,Intermediate,2.5mm,Experiment_2
2025-10-23T00:58:42.824Z,293,1489,5523,621,1888,6679,3306,3386,14056,2583,3070,13548,Day_1,Medium,Intermediate,2.5mm,Experiment_2
2025-10-23T00:58:42.864Z,290,1475,5454,626,1904,6737,3287,3349,13846,2578,3075,13557,Day_1,Medium,Intermediate,2.5mm,Experiment_2
2025-10-23T00:58:42.904Z,282,1460,5400,625,1912,6783,3281,3316,13660,2571,3070,13523,Day_1,Medium,Intermediate,2.5mm,Experiment_2
2025-10-23T00:58:42.944Z,282,1456,5408,623,1903,6784,3284,3322,13641,2560,3056,13458,Day_1,Medium,Intermediate,2.5mm,Experiment_2
2025-10-23T00:58:42.984Z,292,1468,5461,625,1890,6748,3292,3356,13766,2553,3044,13411,Day_1,Medium,Intermediate,2.5mm,Experiment_2
2025-10-23T00:58:43.024Z,297,1484,5510,625,1882,6708,3302,3382,13906,2555,3038,13406,Day_1,Medium,Intermediate,2.5mm,Experiment_2
2025-10-23T00:58:43.064Z,293,1492,5534,618,1881,6682,3303,3383,13993,2560,3038,13428,Day_1,Medium,Intermediate,2.5mm,Experiment_2
2025-10-23T00:58:43.104Z,286,1489,5541,611,1881,6669,3299,3371,14023,2568,3039,13452,Day_1,Medium,Intermediate,2.5mm,Experiment_2
2025-10-23T00:58:43.144Z,286,1486,5545,608,1883,6666,3309,3366,14024,2580,3044,13461,Day_1,Medium,Intermediate,2.5mm,Experiment_2
2025-10-23T00:58:43.184Z,289,1489,5554,608,1886,6662,3338,3381,14031,2597,3052,13462,Day_1,Medium,Intermediate,2.5mm,Experiment_2
2025-10-23T00:58:43.224Z,288,1495,5561,605,1885,6646,3369,3415,14063,2614,3063,13468,Day_1,Medium,Intermediate,2.5mm,Experiment_2
2025-10-23T00:58:43.264Z,283,1498,5566,596,1880,6623,3380,3444,14103,2622,3071,13480,Day_1,Medium,Intermediate,2.5mm,Experiment_2
2025-10-23T00:58:43.304Z,279,1499,5574,589,1878,6613,3371,3454,14129,2620,3073,13491,Day_1,Medium,Intermediate,2.5mm,Experiment_2
2025-10-23T00:58:43.344Z,280,1499,5579,589,1882,6623,3357,3443,14124,2614,3074,13501,Day_1,Medium,Intermediate,2.5mm,Experiment_2
2025-10-23T00:58:43.384Z,286,1494,5556,600,1889,6653,3348,3417,14053,2609,3077,13511,Day_1,Medium,Intermediate,2.5mm,Experiment_2
2025-10-23T00:58:43.424Z,288,1477,5488,615,1896,6699,3334,3379,13886,2604,3083,13517,Day_1,Medium,Intermediate,2.5mm,Experiment_2
2025-10-23T00:58:43.464Z,281,1455,5411,624,1899,6741,3312,3351,13699,2593,3088,13502,Day_1,Medium,Intermediate,2.5mm,Experiment_2
2025-10-23T00:58:43.504Z,272,1445,5385,623,1894,6747,3306,3354,13641,2578,3082,13457,Day_1,Medium,Intermediate,2.5mm,Experiment_2
2025-10-23T00:58:43.544Z,266,1455,5422,611,1888,6714,3330,3381,13741,2573,3068,13412,Day_1,Medium,Intermediate,2.5mm,Experiment_2
2025-10-23T00:58:43.584Z,264,1476,5481,598,1886,6675,3356,3404,13885,2574,3056,13399,Day_1,Medium,Intermediate,2.5mm,Experiment_2
2025-10-23T00:58:43.624Z,269,1492,5522,594,1889,6655,3359,3411,13972,2575,3053,13415,Day_1,Medium,Intermediate,2.5mm,Experiment_2
2025-10-23T00:58:43.664Z,276,1496,5534,600,1894,6653,3351,3412,13981,2580,3060,13437,Day_1,Medium,Intermediate,2.5mm,Experiment_2
2025-10-23T00:58:43.704Z,281,1490,5527,607,1894,6655,3353,3417,13958,2592,3073,13450,Day_1,Medium,Intermediate,2.5mm,Experiment_2
2025-10-23T00:58:43.744Z,282,1486,5525,608,1888,6648,3370,3431,13969,2605,3082,13448,Day_1,Medium,Intermediate,2.5mm,Experiment_2
2025-10-23T00:58:43.784Z,284,1491,5542,606,1883,6634,3388,3445,14028,2612,3081,13443,Day_1,Medium,Intermediate,2.5mm,Experiment_2
2025-10-23T00:58:43.824Z,288,1501,5564,607,1882,6629,3391,3451,14091,2612,3078,13448,Day_1,Medium,Intermediate,2.5mm,Experiment_2
2025-10-23T00:58:43.864Z,291,1505,5575,610,1883,6629,3382,3452,14128,2609,3078,13466,Day_1,Medium,Intermediate,2.5mm,Experiment_2
2025-10-23T00:58:43.904Z,288,1502,5566,611,1882,6629,3379,3451,14131,2612,3082,13493,Day_1,Medium,Intermediate,2.5mm,Experiment_2
2025-10-23T00:58:43.944Z,277,1491,5527,608,1883,6641,3379,3439,14065,2620,3092,13527,Day_1,Medium,Intermediate,2.5mm,Experiment_2
2025-10-23T00:58:43.984Z,265,1473,5457,608,1893,6687,3371,3405,13882,2625,3105,13559,Day_1,Medium,Intermediate,2.5mm,Experiment_2
2025-10-23T00:58:44.024Z,260,1450,5369,616,1908,6751,3354,3356,13625,2617,3111,13568,Day_1,Medium,Intermediate,2.5mm,Experiment_2
2025-10-23T00:58:44.064Z,266,1439,5317,630,1921,6789,3334,3320,13460,2597,3099,13536,Day_1,Medium,Intermediate,2.5mm,Experiment_2
2025-10-23T00:58:44.104Z,277,1452,5338,638,1928,6777,3316,3321,13499,2575,3079,13484,Day_1,Medium,Intermediate,2.5mm,Experiment_2
2025-10-23T00:58:44.144Z,279,1478,5408,631,1928,6739,3306,3345,13670,2566,3066,13450,Day_1,Medium,Intermediate,2.5mm,Experiment_2
2025-10-23T00:58:44.184Z,273,1500,5476,618,1921,6705,3303,3366,13831,2566,3059,13444,Day_1,Medium,Intermediate,2.5mm,Experiment_2
2025-10-23T00:58:44.224Z,267,1511,5509,608,1914,6692,3296,3375,13906,2565,3057,13456,Day_1,Medium,Intermediate,2.5mm,Experiment_2
2025-10-23T00:58:44.264Z,263,1512,5507,601,1908,6690,3287,3380,13925,2564,3062,13473,Day_1,Medium,Intermediate,2.5mm,Experiment_2
2025-10-23T00:58:44.304Z,265,1506,5505,595,1900,6679,3297,3391,13973,2566,3066,13478,Day_1,Medium,Intermediate,2.5mm,Experiment_2
2025-10-23T00:58:44.344Z,274,1501,5525,594,1889,6654,3328,3408,14062,2572,3065,13467,Day_1,Medium,Intermediate,2.5mm,Experiment_2
2025-10-23T00:58:44.384Z,283,1498,5553,597,1879,6632,3360,3419,14132,2582,3061,13463,Day_1,Medium,Intermediate,2.5mm,Experiment_2
2025-10-23T00:58:44.424Z,293,1495,5574,603,1875,6627,3376,3422,14152,2595,3062,13476,Day_1,Medium,Intermediate,2.5mm,Experiment_2
2025-10-23T00:58:44.464Z,302,1494,5586,611,1877,6637,3381,3423,14125,2606,3066,13489,Day_1,Medium,Intermediate,2.5mm,Experiment_2
2025-10-23T00:58:44.504Z,304,1494,5577,616,1886,6661,3377,3416,14046,2611,3072,13500,Day_1,Medium,Intermediate,2.5mm,Experiment_2
2025-10-23T00:58:44.544Z,297,1487,5525,617,1901,6701,3362,3390,13896,2610,3083,13520,Day_1,Medium,Intermediate,2.5mm,Experiment_2
2025-10-23T00:58:44.584Z,284,1470,5437,616,1916,6753,3338,3352,13687,2605,3094,13536,Day_1,Medium,Intermediate,2.5mm,Experiment_2
2025-10-23T00:58:44.624Z,273,1453,5367,612,1922,6785,3322,3336,13531,2596,3095,13517,Day_1,Medium,Intermediate,2.5mm,Experiment_2
2025-10-23T00:58:44.664Z,266,1454,5364,607,1919,6772,3320,3365,13545,2585,3086,13467,Day_1,Medium,Intermediate,2.5mm,Experiment_2
2025-10-23T00:58:44.704Z,267,1468,5414,603,1912,6728,3315,3411,13691,2572,3075,13426,Day_1,Medium,Intermediate,2.5mm,Experiment_2
2025-10-23T00:58:44.744Z,270,1482,5470,602,1904,6685,3309,3438,13839,2563,3071,13414,Day_1,Medium,Intermediate,2.5mm,Experiment_2
2025-10-23T00:58:44.784Z,270,1487,5503,599,1897,6662,3320,3441,13922,2568,3070,13423,Day_1,Medium,Intermediate,2.5mm,Experiment_2
2025-10-23T00:58:44.824Z,266,1488,5512,593,1892,6656,3342,3432,13949,2581,3071,13443,Day_1,Medium,Intermediate,2.5mm,Experiment_2
2025-10-23T00:58:44.864Z,269,1491,5519,592,1887,6658,3355,3430,13966,2589,3069,13455,Day_1,Medium,Intermediate,2.5mm,Experiment_2
2025-10-23T00:58:44.904Z,282,1497,5538,597,1881,6654,3360,3440,14006,2596,3068,13454,Day_1,Medium,Intermediate,2.5mm,Experiment_2
2025-10-23T00:58:44.944Z,296,1501,5562,604,1876,6646,3371,3447,14067,2604,3068,13454,Day_1,Medium,Intermediate,2.5mm,Experiment_2
2025-10-23T00:58:44.984Z,303,1503,5578,608,1873,6637,3383,3439,14114,2612,3069,13463,Day_1,Medium,Intermediate,2.5mm,Experiment_2
2025-10-23T00:58:45.024Z,300,1506,5584,607,1878,6631,3386,3424,14129,2615,3068,13473,Day_1,Medium,Intermediate,2.5mm,Experiment_2
2025-10-23T00:58:45.064Z,290,1512,5579,600,1889,6634,3381,3408,14108,2614,3067,13486,Day_1,Medium,Intermediate,2.5mm,Experiment_2
2025-10-23T00:58:45.104Z,280,1511,5550,595,1902,6657,3365,3380,14027,2608,3067,13503,Day_1,Medium,Intermediate,2.5mm,Experiment_2
2025-10-23T00:58:45.144Z,273,1493,5488,597,1909,6703,3341,3337,13868,2599,3066,13517,Day_1,Medium,Intermediate,2.5mm,Experiment_2
2025-10-23T00:58:45.184Z,268,1467,5424,602,1905,6745,3323,3303,13715,2588,3061,13502,Day_1,Medium,Intermediate,2.5mm,Experiment_2
2025-10-23T00:58:45.224Z,269,1453,5416,605,1893,6750,3321,3303,13700,2578,3051,13453,Day_1,Medium,Intermediate,2.5mm,Experiment_2
2025-10-23T00:58:45.264Z,278,1457,5467,608,1880,6722,3328,3333,13816,2574,3041,13403,Day_1,Medium,Intermediate,2.5mm,Experiment_2
2025-10-23T00:58:45.304Z,286,1471,5526,607,1875,6691,3334,3370,13941,2575,3039,13383,Day_1,Medium,Intermediate,2.5mm,Experiment_2
2025-10-23T00:58:45.344Z,286,1486,5552,603,1880,6669,3339,3400,14002,2580,3046,13394,Day_1,Medium,Intermediate,2.5mm,Experiment_2
2025-10-23T00:58:45.384Z,282,1495,5546,599,1889,6656,3341,3419,14007,2587,3059,13420,Day_1,Medium,Intermediate,2.5mm,Experiment_2
2025-10-23T00:58:45.424Z,277,1497,5532,596,1896,6652,3332,3428,14000,2591,3071,13445,Day_1,Medium,Intermediate,2.5mm,Experiment_2
2025-10-23T00:58:45.464Z,271,1498,5536,592,1896,6651,3325,3432,14026,2593,3075,13463,Day_1,Medium,Intermediate,2.5mm,Experiment_2
2025-10-23T00:58:45.504Z,270,1500,5558,591,1892,6649,3338,3436,14078,2598,3073,13472,Day_1,Medium,Intermediate,2.5mm,Experiment_2
2025-10-23T00:58:45.545Z,279,1504,5582,597,1891,6649,3362,3440,14108,2604,3071,13473,Day_1,Medium,Intermediate,2.5mm,Experiment_2
2025-10-23T00:58:45.585Z,290,1508,5593,603,1892,6650,3382,3447,14104,2609,3073,13469,Day_1,Medium,Intermediate,2.5mm,Experiment_2
2025-10-23T00:58:45.625Z,295,1510,5586,604,1895,6653,3394,3454,14078,2613,3080,13473,Day_1,Medium,Intermediate,2.5mm,Experiment_2
2025-10-23T00:58:45.665Z,291,1501,5554,602,1898,6673,3397,3445,14005,2619,3089,13497,Day_1,Medium,Intermediate,2.5mm,Experiment_2
2025-10-23T00:58:45.705Z,281,1477,5485,603,1903,6719,3386,3417,13845,2622,3104,13536,Day_1,Medium,Intermediate,2.5mm,Experiment_2
2025-10-23T00:58:45.745Z,271,1449,5397,607,1911,6774,3356,3376,13639,2614,3124,13559,Day_1,Medium,Intermediate,2.5mm,Experiment_2
2025-10-23T00:58:45.785Z,268,1437,5347,612,1917,6797,3330,3339,13533,2598,3134,13536,Day_1,Medium,Intermediate,2.5mm,Experiment_2
2025-10-23T00:58:45.825Z,272,1445,5373,615,1913,6773,3326,3327,13605,2588,3122,13486,Day_1,Medium,Intermediate,2.5mm,Experiment_2
2025-10-23T00:58:45.865Z,275,1463,5446,613,1903,6731,3335,3342,13770,2587,3094,13450,Day_1,Medium,Intermediate,2.5mm,Experiment_2
2025-10-23T00:58:45.905Z,276,1479,5510,609,1896,6701,3342,3363,13899,2585,3070,13444,Day_1,Medium,Intermediate,2.5mm,Experiment_2
2025-10-23T00:58:45.945Z,279,1483,5535,610,1892,6692,3344,3376,13932,2582,3063,13460,Day_1,Medium,Intermediate,2.5mm,Experiment_2
2025-10-23T00:58:45.985Z,283,1479,5528,615,1888,6690,3347,3380,13912,2583,3066,13476,Day_1,Medium,Intermediate,2.5mm,Experiment_2
2025-10-23T00:58:46.025Z,284,1484,5525,615,1886,6672,3355,3392,13944,2590,3065,13472,Day_1,Medium,Intermediate,2.5mm,Experiment_2
2025-10-23T00:58:46.065Z,280,1498,5546,608,1885,6642,3361,3417,14046,2595,3060,13459,Day_1,Medium,Intermediate,2.5mm,Experiment_2
2025-10-23T00:58:46.105Z,276,1511,5576,600,1886,6628,3363,3439,14133,2600,3057,13462,Day_1,Medium,Intermediate,2.5mm,Experiment_2
2025-10-23T00:58:46.145Z,277,1514,5592,596,1889,6631,3365,3446,14154,2605,3058,13479,Day_1,Medium,Intermediate,2.5mm,Experiment_2
2025-10-23T00:58:46.185Z,278,1509,5585,596,1889,6635,3366,3439,14124,2606,3062,13494,Day_1,Medium,Intermediate,2.5mm,Experiment_2
2025-10-23T00:58:46.225Z,279,1497,5555,599,1889,6651,3362,3418,14044,2604,3068,13512,Day_1,Medium,Intermediate,2.5mm,Experiment_2
2025-10-23T00:58:46.265Z,280,1481,5498,609,1896,6697,3352,3382,13887,2603,3077,13539,Day_1,Medium,Intermediate,2.5mm,Experiment_2
2025-10-23T00:58:46.305Z,276,1466,5417,622,1912,6761,3335,3341,13669,2602,3085,13559,Day_1,Medium,Intermediate,2.5mm,Experiment_2
2025-10-23T00:58:46.345Z,264,1453,5352,624,1923,6797,3320,3323,13516,2594,3085,13539,Day_1,Medium,Intermediate,2.5mm,Experiment_2
2025-10-23T00:58:46.385Z,254,1449,5353,615,1918,6780,3321,3339,13544,2582,3074,13482,Day_1,Medium,Intermediate,2.5mm,Experiment_2
2025-10-23T00:58:46.425Z,256,1457,5408,607,1905,6730,3337,3374,13698,2578,3061,13427,Day_1,Medium,Intermediate,2.5mm,Experiment_2
2025-10-23T00:58:46.465Z,266,1473,5466,604,1897,6682,3350,3406,13851,2581,3056,13402,Day_1,Medium,Intermediate,2.5mm,Experiment_2
2025-10-23T00:58:46.505Z,269,1492,5499,600,1899,6654,3351,3422,13936,2588,3060,13407,Day_1,Medium,Intermediate,2.5mm,Experiment_2
2025-10-23T00:58:46.545Z,267,1504,5512,593,1901,6650,3345,3418,13957,2594,3066,13427,Day_1,Medium,Intermediate,2.5mm,Experiment_2
2025-10-23T00:58:46.585Z,271,1505,5523,595,1895,6654,3341,3408,13960,2595,3068,13441,Day_1,Medium,Intermediate,2.5mm,Experiment_2
2025-10-23T00:58:46.625Z,285,1503,5542,605,1886,6649,3345,3413,13990,2595,3068,13448,Day_1,Medium,Intermediate,2.5mm,Experiment_2
2025-10-23T00:58:46.665Z,295,1507,5563,613,1882,6631,3359,3437,14048,2599,3071,13454,Day_1,Medium,Intermediate,2.5mm,Experiment_2
2025-10-23T00:58:46.705Z,291,1511,5573,607,1882,6612,3372,3463,14102,2604,3078,13466,Day_1,Medium,Intermediate,2.5mm,Experiment_2
2025-10-23T00:58:46.745Z,281,1509,5571,596,1883,6602,3377,3469,14134,2607,3081,13479,Day_1,Medium,Intermediate,2.5mm,Experiment_2
2025-10-23T00:58:46.785Z,279,1504,5564,593,1885,6609,3373,3446,14128,2607,3074,13493,Day_1,Medium,Intermediate,2.5mm,Experiment_2
2025-10-23T00:58:46.825Z,283,1498,5539,600,1890,6639,3367,3401,14050,2607,3066,13512,Day_1,Medium,Intermediate,2.5mm,Experiment_2
2025-10-23T00:58:46.865Z,281,1483,5479,607,1898,6689,3357,3348,13885,2606,3067,13530,Day_1,Medium,Intermediate,2.5mm,Experiment_2
2025-10-23T00:58:46.905Z,272,1466,5414,609,1903,6732,3342,3317,13715,2596,3072,13518,Day_1,Medium,Intermediate,2.5mm,Experiment_2
2025-10-23T00:58:46.945Z,269,1462,5404,609,1904,6739,3323,3327,13676,2580,3069,13462,Day_1,Medium,Intermediate,2.5mm,Experiment_2
2025-10-23T00:58:46.985Z,271,1474,5452,605,1903,6711,3312,3358,13781,2566,3058,13402,Day_1,Medium,Intermediate,2.5mm,Experiment_2
2025-10-23T00:58:47.025Z,270,1493,5505,597,1905,6676,3310,3381,13914,2560,3047,13382,Day_1,Medium,Intermediate,2.5mm,Experiment_2
2025-10-23T00:58:47.065Z,266,1511,5531,591,1911,6654,3315,3390,13998,2562,3044,13399,Day_1,Medium,Intermediate,2.5mm,Experiment_2
2025-10-23T00:58:47.105Z,262,1517,5535,588,1912,6652,3323,3392,14032,2572,3050,13432,Day_1,Medium,Intermediate,2.5mm,Experiment_2
2025-10-23T00:58:47.145Z,262,1511,5534,590,1902,6658,3333,3398,14047,2588,3061,13458,Day_1,Medium,Intermediate,2.5mm,Experiment_2
2025-10-23T00:58:47.185Z,267,1503,5542,594,1889,6658,3343,3416,14071,2600,3071,13471,Day_1,Medium,Intermediate,2.5mm,Experiment_2
2025-10-23T00:58:47.225Z,274,1505,5564,595,1884,6651,3341,3433,14114,2599,3075,13476,Day_1,Medium,Intermediate,2.5mm,Experiment_2
2025-10-23T00:58:47.265Z,281,1514,5584,596,1886,6643,3331,3435,14147,2590,3073,13480,Day_1,Medium,Intermediate,2.5mm,Experiment_2
2025-10-23T00:58:47.305Z,289,1516,5591,600,1888,6636,3326,3428,14154,2582,3071,13487,Day_1,Medium,Intermediate,2.5mm,Experiment_2
2025-10-23T00:58:47.345Z,299,1512,5580,612,1889,6633,3333,3417,14134,2586,3072,13502,Day_1,Medium,Intermediate,2.5mm,Experiment_2
2025-10-23T00:58:47.385Z,302,1508,5543,623,1898,6648,3348,3396,14054,2600,3075,13526,Day_1,Medium,Intermediate,2.5mm,Experiment_2
2025-10-23T00:58:47.425Z,292,1499,5470,626,1914,6694,3354,3356,13867,2615,3081,13550,Day_1,Medium,Intermediate,2.5mm,Experiment_2
2025-10-23T00:58:47.465Z,277,1480,5382,624,1928,6753,3342,3306,13622,2615,3085,13552,Day_1,Medium,Intermediate,2.5mm,Experiment_2
2025-10-23T00:58:47.505Z,266,1463,5336,618,1930,6783,3320,3278,13487,2597,3081,13518,Day_1,Medium,Intermediate,2.5mm,Experiment_2
2025-10-23T00:58:47.545Z,260,1461,5365,606,1922,6767,3313,3287,13553,2576,3068,13469,Day_1,Medium,Intermediate,2.5mm,Experiment_2
2025-10-23T00:58:47.585Z,264,1471,5437,597,1912,6730,3321,3323,13738,2567,3059,13442,Day_1,Medium,Intermediate,2.5mm,Experiment_2
2025-10-23T00:58:47.625Z,272,1479,5499,596,1902,6699,3327,3364,13903,2571,3060,13445,Day_1,Medium,Intermediate,2.5mm,Experiment_2
2025-10-23T00:58:47.665Z,276,1477,5519,599,1894,6682,3330,3388,13974,2585,3069,13466,Day_1,Medium,Intermediate,2.5mm,Experiment_2
2025-10-23T00:58:47.705Z,274,1474,5509,600,1889,6674,3337,3391,13970,2598,3078,13485,Day_1,Medium,Intermediate,2.5mm,Experiment_2
2025-10-23T00:58:47.745Z,277,1481,5509,600,1886,6659,3352,3392,13980,2606,3076,13480,Day_1,Medium,Intermediate,2.5mm,Experiment_2
2025-10-23T00:58:47.785Z,286,1495,5532,603,1884,6635,3370,3405,14039,2609,3066,13460,Day_1,Medium,Intermediate,2.5mm,Experiment_2
2025-10-23T00:58:47.825Z,293,1505,5559,609,1880,6620,3381,3419,14104,2610,3061,13454,Day_1,Medium,Intermediate,2.5mm,Experiment_2
2025-10-23T00:58:47.865Z,295,1504,5568,612,1876,6618,3383,3426,14139,2610,3064,13469,Day_1,Medium,Intermediate,2.5mm,Experiment_2
2025-10-23T00:58:47.905Z,293,1494,5556,609,1870,6620,3373,3430,14137,2606,3072,13489,Day_1,Medium,Intermediate,2.5mm,Experiment_2
2025-10-23T00:58:47.945Z,289,1487,5523,604,1874,6635,3351,3425,14072,2600,3082,13510,Day_1,Medium,Intermediate,2.5mm,Experiment_2
2025-10-23T00:58:47.985Z,282,1483,5463,601,1892,6681,3332,3396,13906,2599,3094,13539,Day_1,Medium,Intermediate,2.5mm,Experiment_2
2025-10-23T00:58:48.025Z,274,1474,5383,604,1918,6747,3322,3350,13668,2603,3103,13558,Day_1,Medium,Intermediate,2.5mm,Experiment_2
2025-10-23T00:58:48.065Z,270,1463,5329,610,1935,6793,3315,3316,13490,2600,3098,13534,Day_1,Medium,Intermediate,2.5mm,Experiment_2
2025-10-23T00:58:48.105Z,279,1460,5346,619,1934,6789,3315,3313,13488,2591,3078,13474,Day_1,Medium,Intermediate,2.5mm,Experiment_2
2025-10-23T00:58:48.145Z,297,1468,5413,629,1922,6752,3325,3332,13630,2584,3059,13427,Day_1,Medium,Intermediate,2.5mm,Experiment_2
2025-10-23T00:58:48.185Z,309,1478,5480,633,1907,6713,3340,3351,13797,2583,3051,13418,Day_1,Medium,Intermediate,2.5mm,Experiment_2
2025-10-23T00:58:48.225Z,303,1484,5518,625,1895,6692,3346,3359,13898,2585,3053,13438,Day_1,Medium,Intermediate,2.5mm,Experiment_2
2025-10-23T00:58:48.265Z,287,1488,5528,612,1891,6689,3346,3364,13927,2588,3058,13464,Day_1,Medium,Intermediate,2.5mm,Experiment_2
2025-10-23T00:58:48.305Z,275,1496,5530,600,1896,6685,3349,3381,13943,2590,3062,13475,Day_1,Medium,Intermediate,2.5mm,Experiment_2
2025-10-23T00:58:48.345Z,275,1506,5544,596,1898,6667,3362,3413,13999,2594,3064,13469,Day_1,Medium,Intermediate,2.5mm,Experiment_2
2025-10-23T00:58:48.385Z,283,1510,5568,598,1893,6644,3372,3439,14076,2602,3066,13463,Day_1,Medium,Intermediate,2.5mm,Experiment_2
2025-10-23T00:58:48.425Z,286,1508,5585,600,1888,6628,3372,3448,14131,2606,3068,13469,Day_1,Medium,Intermediate,2.5mm,Experiment_2
2025-10-23T00:58:48.465Z,285,1504,5591,601,1885,6625,3361,3446,14153,2602,3073,13484,Day_1,Medium,Intermediate,2.5mm,Experiment_2
2025-10-23T00:58:48.505Z,284,1496,5585,603,1881,6635,3347,3438,14130,2595,3077,13501,Day_1,Medium,Intermediate,2.5mm,Experiment_2
2025-10-23T00:58:48.545Z,283,1482,5552,608,1880,6667,3336,3418,14030,2592,3082,13517,Day_1,Medium,Intermediate,2.5mm,Experiment_2
2025-10-23T00:58:48.585Z,282,1466,5487,617,1891,6719,3328,3386,13844,2594,3088,13524,Day_1,Medium,Intermediate,2.5mm,Experiment_2
2025-10-23T00:58:48.625Z,280,1461,5424,622,1911,6757,3316,3352,13680,2589,3087,13502,Day_1,Medium,Intermediate,2.5mm,Experiment_2
2025-10-23T00:58:48.665Z,275,1474,5411,619,1924,6746,3303,3337,13672,2573,3071,13450,Day_1,Medium,Intermediate,2.5mm,Experiment_2
2025-10-23T00:58:48.705Z,273,1492,5447,612,1921,6701,3297,3350,13800,2558,3052,13402,Day_1,Medium,Intermediate,2.5mm,Experiment_2
2025-10-23T00:58:48.745Z,279,1500,5496,607,1909,6664,3305,3377,13935,2558,3044,13390,Day_1,Medium,Intermediate,2.5mm,Experiment_2
2025-10-23T00:58:48.786Z,290,1501,5530,608,1899,6651,3323,3399,14011,2570,3047,13408,Day_1,Medium,Intermediate,2.5mm,Experiment_2
2025-10-23T00:58:48.826Z,295,1498,5547,608,1894,6655,3336,3407,14028,2580,3055,13431,Day_1,Medium,Intermediate,2.5mm,Experiment_2
2025-10-23T00:58:48.866Z,291,1494,5551,605,1890,6663,3341,3405,14021,2585,3062,13443,Day_1,Medium,Intermediate,2.5mm,Experiment_2
2025-10-23T00:58:48.906Z,288,1496,5550,605,1892,6659,3346,3405,14032,2589,3066,13453,Day_1,Medium,Intermediate,2.5mm,Experiment_2
2025-10-23T00:58:48.946Z,290,1506,5555,607,1897,6642,3359,3416,14074,2596,3065,13468,Day_1,Medium,Intermediate,2.5mm,Experiment_2
2025-10-23T00:58:48.986Z,289,1514,5564,605,1900,6622,3375,3432,14116,2605,3062,13482,Day_1,Medium,Intermediate,2.5mm,Experiment_2
2025-10-23T00:58:49.026Z,284,1520,5569,599,1899,6609,3384,3450,14130,2612,3063,13486,Day_1,Medium,Intermediate,2.5mm,Experiment_2
2025-10-23T00:58:49.066Z,276,1524,5565,594,1900,6615,3378,3459,14114,2610,3069,13490,Day_1,Medium,Intermediate,2.5mm,Experiment_2
2025-10-23T00:58:49.106Z,271,1521,5540,597,1908,6646,3360,3444,14036,2601,3080,13504,Day_1,Medium,Intermediate,2.5mm,Experiment_2
2025-10-23T00:58:49.145Z,266,1508,5480,606,1928,6703,3339,3403,13859,2594,3094,13522,Day_1,Medium,Intermediate,2.5mm,Experiment_2
2025-10-23T00:58:49.185Z,262,1489,5404,612,1954,6760,3316,3353,13651,2586,3099,13523,Day_1,Medium,Intermediate,2.5mm,Experiment_2
2025-10-23T00:58:49.225Z,261,1473,5370,612,1969,6775,3296,3328,13570,2574,3086,13486,Day_1,Medium,Intermediate,2.5mm,Experiment_2
2025-10-23T00:58:49.265Z,266,1468,5405,610,1956,6742,3290,3337,13661,2563,3065,13433,Day_1,Medium,Intermediate,2.5mm,Experiment_2
2025-10-23T00:58:49.305Z,276,1475,5469,611,1923,6697,3305,3366,13823,2566,3054,13403,Day_1,Medium,Intermediate,2.5mm,Experiment_2
2025-10-23T00:58:49.345Z,284,1487,5514,612,1898,6668,3338,3391,13952,2582,3056,13413,Day_1,Medium,Intermediate,2.5mm,Experiment_2
2025-10-23T00:58:49.385Z,285,1496,5521,610,1894,6663,3367,3402,13998,2599,3061,13443,Day_1,Medium,Intermediate,2.5mm,Experiment_2
2025-10-23T00:58:49.425Z,279,1501,5511,603,1900,6668,3371,3396,13980,2602,3061,13463,Day_1,Medium,Intermediate,2.5mm,Experiment_2
2025-10-23T00:58:49.465Z,269,1504,5516,593,1901,6661,3354,3390,13990,2591,3056,13460,Day_1,Medium,Intermediate,2.5mm,Experiment_2
2025-10-23T00:58:49.005Z,263,1505,5540,585,1894,6641,3345,3396,14070,2581,3050,13453,Day_1,Medium,Intermediate,2.5mm,Experiment_2
2025-10-23T00:58:49.045Z,265,1502,5562,584,1886,6624,3351,3405,14151,2582,3048,13463,Day_1,Medium,Intermediate,2.5mm,Experiment_2
2025-10-23T00:58:49.085Z,274,1498,5566,589,1879,6616,3354,3412,14167,2587,3051,13479,Day_1,Medium,Intermediate,2.5mm,Experiment_2
2025-10-23T00:58:49.125Z,278,1493,5560,593,1874,6619,3349,3416,14118,2591,3059,13491,Day_1,Medium,Intermediate,2.5mm,Experiment_2
2025-10-23T00:58:49.165Z,273,1489,5536,597,1878,6645,3338,3411,14006,2592,3074,13506,Day_1,Medium,Intermediate,2.5mm,Experiment_2
2025-10-23T00:58:49.205Z,264,1476,5474,603,1890,6699,3324,3392,13811,2591,3099,13530,Day_1,Medium,Intermediate,2.5mm,Experiment_2
2025-10-23T00:58:49.245Z,259,1455,5386,613,1905,6766,3312,3360,13574,2590,3126,13543,Day_1,Medium,Intermediate,2.5mm,Experiment_2
2025-10-23T00:58:49.285Z,261,1439,5328,621,1912,6806,3303,3335,13435,2585,3142,13522,Day_1,Medium,Intermediate,2.5mm,Experiment_2
2025-10-23T00:58:49.325Z,270,1439,5343,622,1908,6795,3298,3344,13483,2577,3139,13476,Day_1,Medium,Intermediate,2.5mm,Experiment_2
2025-10-23T00:58:49.866Z,276,1452,5406,616,1901,6751,3300,3378,13650,2572,3118,13437,Day_1,Medium,Intermediate,2.5mm,Experiment_2
2025-10-23T00:58:49.906Z,278,1472,5470,612,1901,6712,3305,3402,13810,2569,3094,13424,Day_1,Medium,Intermediate,2.5mm,Experiment_2
2025-10-23T00:58:49.946Z,277,1486,5505,613,1904,6697,3315,3402,13893,2570,3079,13440,Day_1,Medium,Intermediate,2.5mm,Experiment_2
2025-10-23T00:58:49.986Z,276,1486,5507,612,1899,6697,3327,3390,13908,2575,3073,13467,Day_1,Medium,Intermediate,2.5mm,Experiment_2
2025-10-23T00:58:50.026Z,273,1479,5503,603,1885,6684,3339,3389,13926,2581,3070,13482,Day_1,Medium,Intermediate,2.5mm,Experiment_2
2025-10-23T00:58:50.066Z,273,1477,5517,593,1872,6654,3345,3402,13995,2584,3064,13476,Day_1,Medium,Intermediate,2.5mm,Experiment_2
2025-10-23T00:58:50.106Z,278,1484,5546,589,1866,6626,3345,3414,14081,2585,3059,13470,Day_1,Medium,Intermediate,2.5mm,Experiment_2
2025-10-23T00:58:50.146Z,283,1493,5567,592,1865,6614,3344,3416,14128,2583,3058,13475,Day_1,Medium,Intermediate,2.5mm,Experiment_2
2025-10-23T00:58:50.186Z,283,1496,5573,598,1865,6615,3347,3408,14126,2583,3060,13484,Day_1,Medium,Intermediate,2.5mm,Experiment_2
2025-10-23T00:58:50.226Z,278,1495,5560,598,1870,6628,3351,3389,14079,2588,3062,13493,Day_1,Medium,Intermediate,2.5mm,Experiment_2
2025-10-23T00:58:50.266Z,269,1489,5518,597,1884,6662,3348,3357,13971,2597,3066,13507,Day_1,Medium,Intermediate,2.5mm,Experiment_2
2025-10-23T00:58:50.306Z,264,1478,5449,604,1903,6715,3337,3321,13785,2601,3075,13518,Day_1,Medium,Intermediate,2.5mm,Experiment_2
2025-10-23T00:58:50.346Z,269,1468,5396,621,1914,6760,3335,3302,13615,2601,3078,13497,Day_1,Medium,Intermediate,2.5mm,Experiment_2
2025-10-23T00:58:50.386Z,281,1467,5405,636,1910,6760,3352,3315,13599,2596,3068,13440,Day_1,Medium,Intermediate,2.5mm,Experiment_2
2025-10-23T00:58:50.426Z,290,1479,5456,638,1899,6722,3374,3351,13727,2593,3055,13388,Day_1,Medium,Intermediate,2.5mm,Experiment_2
2025-10-23T00:58:50.466Z,292,1496,5500,627,1894,6678,3382,3392,13875,2592,3053,13378,Day_1,Medium,Intermediate,2.5mm,Experiment_2
2025-10-23T00:58:50.506Z,290,1505,5521,616,1894,6650,3373,3425,13968,2594,3061,13402,Day_1,Medium,Intermediate,2.5mm,Experiment_2
2025-10-23T00:58:50.546Z,290,1505,5527,614,1896,6644,3357,3439,14002,2594,3068,13432,Day_1,Medium,Intermediate,2.5mm,Experiment_2
2025-10-23T00:58:50.586Z,296,1503,5533,618,1897,6650,3349,3434,14015,2593,3070,13453,Day_1,Medium,Intermediate,2.5mm,Experiment_2
2025-10-23T00:58:50.626Z,304,1502,5546,622,1892,6656,3357,3428,14040,2598,3070,13467,Day_1,Medium,Intermediate,2.5mm,Experiment_2
2025-10-23T00:58:50.666Z,303,1501,5565,615,1883,6653,3373,3437,14082,2608,3074,13478,Day_1,Medium,Intermediate,2.5mm,Experiment_2
2025-10-23T00:58:50.706Z,294,1496,5576,603,1873,6638,3383,3450,14122,2615,3082,13482,Day_1,Medium,Intermediate,2.5mm,Experiment_2
2025-10-23T00:58:50.746Z,289,1494,5573,596,1870,6620,3386,3453,14147,2615,3087,13484,Day_1,Medium,Intermediate,2.5mm,Experiment_2
2025-10-23T00:58:50.786Z,289,1503,5562,597,1877,6616,3382,3443,14141,2612,3086,13493,Day_1,Medium,Intermediate,2.5mm,Experiment_2
2025-10-23T00:58:50.826Z,286,1520,5538,600,1890,6641,3370,3416,14072,2612,3084,13513,Day_1,Medium,Intermediate,2.5mm,Experiment_2
2025-10-23T00:58:50.866Z,276,1531,5482,606,1906,6696,3351,3368,13904,2612,3084,13535,Day_1,Medium,Intermediate,2.5mm,Experiment_2
2025-10-23T00:58:50.906Z,265,1525,5413,611,1920,6750,3336,3316,13698,2610,3081,13531,Day_1,Medium,Intermediate,2.5mm,Experiment_2
2025-10-23T00:58:50.946Z,260,1505,5389,613,1924,6764,3336,3292,13603,2602,3069,13483,Day_1,Medium,Intermediate,2.5mm,Experiment_2
2025-10-23T00:58:50.986Z,268,1490,5432,614,1916,6739,3351,3307,13682,2593,3054,13423,Day_1,Medium,Intermediate,2.5mm,Experiment_2
2025-10-23T00:58:51.026Z,284,1490,5500,618,1907,6707,3367,3344,13832,2587,3049,13397,Day_1,Medium,Intermediate,2.5mm,Experiment_2
2025-10-23T00:58:51.066Z,298,1498,5544,623,1902,6688,3374,3375,13936,2584,3052,13407,Day_1,Medium,Intermediate,2.5mm,Experiment_2
2025-10-23T00:58:51.106Z,304,1495,5548,625,1897,6682,3374,3378,13957,2585,3053,13430,Day_1,Medium,Intermediate,2.5mm,Experiment_2
2025-10-23T00:58:51.146Z,304,1486,5533,623,1890,6679,3371,3361,13941,2587,3051,13447,Day_1,Medium,Intermediate,2.5mm,Experiment_2
2025-10-23T00:58:51.186Z,301,1484,5531,621,1883,6664,3364,3358,13963,2586,3050,13449,Day_1,Medium,Intermediate,2.5mm,Experiment_2
2025-10-23T00:58:51.226Z,297,1487,5549,616,1875,6639,3354,3378,14038,2581,3051,13447,Day_1,Medium,Intermediate,2.5mm,Experiment_2
2025-10-23T00:58:51.266Z,290,1488,5568,609,1869,6620,3348,3400,14101,2581,3053,13455,Day_1,Medium,Intermediate,2.5mm,Experiment_2
2025-10-23T00:58:51.306Z,281,1492,5569,602,1869,6611,3354,3412,14117,2590,3058,13468,Day_1,Medium,Intermediate,2.5mm,Experiment_2
2025-10-23T00:58:51.346Z,277,1499,5557,600,1874,6614,3364,3416,14094,2603,3068,13482,Day_1,Medium,Intermediate,2.5mm,Experiment_2
2025-10-23T00:58:51.386Z,276,1495,5528,603,1882,6643,3374,3406,14012,2616,3078,13503,Day_1,Medium,Intermediate,2.5mm,Experiment_2
2025-10-23T00:58:51.426Z,276,1475,5467,611,1894,6704,3376,3372,13831,2626,3086,13532,Day_1,Medium,Intermediate,2.5mm,Experiment_2
2025-10-23T00:58:51.466Z,275,1449,5380,620,1910,6773,3360,3323,13598,2625,3089,13549,Day_1,Medium,Intermediate,2.5mm,Experiment_2
2025-10-23T00:58:51.506Z,270,1432,5318,624,1920,6806,3338,3289,13461,2609,3082,13533,Day_1,Medium,Intermediate,2.5mm,Experiment_2
2025-10-23T00:58:51.546Z,268,1430,5328,621,1913,6786,3324,3299,13513,2589,3070,13495,Day_1,Medium,Intermediate,2.5mm,Experiment_2
2025-10-23T00:58:51.586Z,274,1438,5395,616,1895,6743,3320,3345,13678,2577,3065,13461,Day_1,Medium,Intermediate,2.5mm,Experiment_2
2025-10-23T00:58:51.626Z,284,1453,5468,613,1882,6710,3326,3390,13831,2574,3064,13446,Day_1,Medium,Intermediate,2.5mm,Experiment_2
2025-10-23T00:58:51.666Z,289,1468,5509,611,1880,6696,3337,3406,13901,2579,3064,13453,Day_1,Medium,Intermediate,2.5mm,Experiment_2
2025-10-23T00:58:51.706Z,285,1477,5516,608,1885,6695,3345,3397,13901,2585,3066,13470,Day_1,Medium,Intermediate,2.5mm,Experiment_2
2025-10-23T00:58:51.746Z,280,1482,5520,607,1886,6686,3354,3387,13913,2589,3066,13475,Day_1,Medium,Intermediate,2.5mm,Experiment_2
2025-10-23T00:58:51.786Z,281,1487,5538,609,1881,6659,3365,3393,13984,2593,3065,13465,Day_1,Medium,Intermediate,2.5mm,Experiment_2
2025-10-23T00:58:51.826Z,282,1495,5558,609,1876,6631,3372,3410,14072,2597,3066,13460,Day_1,Medium,Intermediate,2.5mm,Experiment_2
2025-10-23T00:58:51.866Z,281,1501,5567,607,1874,6617,3376,3429,14122,2600,3070,13466,Day_1,Medium,Intermediate,2.5mm,Experiment_2
2025-10-23T00:58:51.906Z,284,1502,5564,608,1872,6616,3379,3444,14130,2602,3076,13479,Day_1,Medium,Intermediate,2.5mm,Experiment_2
2025-10-23T00:58:51.946Z,293,1497,5550,612,1874,6633,3374,3447,14094,2604,3081,13500,Day_1,Medium,Intermediate,2.5mm,Experiment_2
2025-10-23T00:58:51.986Z,301,1490,5511,620,1888,6678,3356,3428,13971,2603,3087,13525,Day_1,Medium,Intermediate,2.5mm,Experiment_2
2025-10-23T00:58:52.026Z,294,1481,5445,625,1911,6742,3323,3386,13760,2594,3089,13535,Day_1,Medium,Intermediate,2.5mm,Experiment_2
2025-10-23T00:58:52.066Z,278,1474,5390,621,1929,6785,3290,3342,13586,2577,3078,13505,Day_1,Medium,Intermediate,2.5mm,Experiment_2
2025-10-23T00:58:52.106Z,269,1478,5392,615,1930,6778,3283,3323,13582,2561,3058,13445,Day_1,Medium,Intermediate,2.5mm,Experiment_2
2025-10-23T00:58:52.146Z,273,1493,5445,611,1922,6739,3305,3337,13717,2559,3044,13399,Day_1,Medium,Intermediate,2.5mm,Experiment_2
2025-10-23T00:58:52.186Z,283,1512,5504,612,1918,6703,3333,3368,13866,2570,3046,13392,Day_1,Medium,Intermediate,2.5mm,Experiment_2
2025-10-23T00:58:52.226Z,292,1520,5537,613,1917,6682,3347,3398,13959,2582,3057,13416,Day_1,Medium,Intermediate,2.5mm,Experiment_2
2025-10-23T00:58:52.266Z,295,1515,5537,609,1912,6671,3340,3411,13999,2586,3064,13448,Day_1,Medium,Intermediate,2.5mm,Experiment_2
2025-10-23T00:58:52.306Z,288,1506,5527,602,1905,6662,3321,3406,14019,2579,3062,13466,Day_1,Medium,Intermediate,2.5mm,Experiment_2
2025-10-23T00:58:52.346Z,275,1508,5526,593,1899,6645,3307,3403,14049,2570,3057,13470,Day_1,Medium,Intermediate,2.5mm,Experiment_2
2025-10-23T00:58:52.386Z,266,1522,5536,586,1898,6623,3305,3412,14097,2570,3057,13475,Day_1,Medium,Intermediate,2.5mm,Experiment_2
2025-10-23T00:58:52.426Z,267,1540,5554,585,1904,6610,3319,3431,14142,2580,3061,13483,Day_1,Medium,Intermediate,2.5mm,Experiment_2
2025-10-23T00:58:52.466Z,276,1547,5570,589,1909,6612,3342,3447,14158,2593,3068,13488,Day_1,Medium,Intermediate,2.5mm,Experiment_2
2025-10-23T00:58:52.506Z,283,1539,5572,593,1908,6625,3362,3443,14130,2600,3070,13492,Day_1,Medium,Intermediate,2.5mm,Experiment_2
2025-10-23T00:58:52.546Z,283,1515,5539,598,1902,6649,3364,3410,14038,2599,3069,13503,Day_1,Medium,Intermediate,2.5mm,Experiment_2
2025-10-23T00:58:52.586Z,279,1482,5470,607,1899,6690,3344,3363,13873,2593,3072,13516,Day_1,Medium,Intermediate,2.5mm,Experiment_2
2025-10-23T00:58:52.626Z,274,1454,5403,615,1900,6731,3321,3327,13709,2583,3074,13505,Day_1,Medium,Intermediate,2.5mm,Experiment_2
2025-10-23T00:58:52.666Z,273,1448,5395,615,1901,6740,3314,3322,13672,2573,3066,13455,Day_1,Medium,Intermediate,2.5mm,Experiment_2
2025-10-23T00:58:52.706Z,275,1465,5447,608,1899,6717,3323,3342,13775,2570,3052,13400,Day_1,Medium,Intermediate,2.5mm,Experiment_2
2025-10-23T00:58:52.746Z,276,1487,5510,601,1897,6690,3336,3371,13907,2576,3045,13379,Day_1,Medium,Intermediate,2.5mm,Experiment_2
2025-10-23T00:58:52.786Z,278,1501,5543,599,1896,6674,3349,3401,13983,2588,3052,13392,Day_1,Medium,Intermediate,2.5mm,Experiment_2
2025-10-23T00:58:52.826Z,279,1503,5543,601,1897,6668,3371,3417,13992,2602,3064,13420,Day_1,Medium,Intermediate,2.5mm,Experiment_2
2025-10-23T00:58:52.866Z,278,1499,5533,601,1898,6666,3394,3412,13979,2612,3068,13444,Day_1,Medium,Intermediate,2.5mm,Experiment_2
2025-10-23T00:58:52.906Z,279,1496,5536,601,1894,6660,3400,3404,13995,2611,3066,13455,Day_1,Medium,Intermediate,2.5mm,Experiment_2
2025-10-23T00:58:52.946Z,283,1496,5554,602,1884,6648,3393,3412,14045,2606,3067,13459,Day_1,Medium,Intermediate,2.5mm,Experiment_2
2025-10-23T00:58:52.986Z,284,1494,5573,604,1874,6636,3381,3430,14093,2600,3071,13467,Day_1,Medium,Intermediate,2.5mm,Experiment_2
2025-10-23T00:58:53.026Z,281,1494,5581,601,1869,6628,3360,3444,14118,2589,3077,13481,Day_1,Medium,Intermediate,2.5mm,Experiment_2
2025-10-23T00:58:53.066Z,279,1494,5575,598,1871,6633,3337,3448,14112,2578,3083,13498,Day_1,Medium,Intermediate,2.5mm,Experiment_2
2025-10-23T00:58:53.106Z,283,1487,5543,601,1878,6658,3320,3432,14034,2575,3088,13519,Day_1,Medium,Intermediate,2.5mm,Experiment_2
2025-10-23T00:58:53.146Z,287,1469,5472,612,1889,6708,3306,3391,13848,2578,3092,13543,Day_1,Medium,Intermediate,2.5mm,Experiment_2
2025-10-23T00:58:53.186Z,284,1452,5385,625,1906,6771,3294,3343,13610,2579,3096,13551,Day_1,Medium,Intermediate,2.5mm,Experiment_2
2025-10-23T00:58:53.226Z,277,1452,5338,631,1924,6804,3290,3323,13478,2575,3096,13521,Day_1,Medium,Intermediate,2.5mm,Experiment_2
2025-10-23T00:58:53.266Z,271,1472,5363,625,1934,6782,3297,3337,13540,2573,3086,13473,Day_1,Medium,Intermediate,2.5mm,Experiment_2
2025-10-23T00:58:53.306Z,269,1493,5427,612,1930,6734,3313,3366,13718,2578,3075,13444,Day_1,Medium,Intermediate,2.5mm,Experiment_2
2025-10-23T00:58:53.346Z,267,1499,5483,598,1914,6696,3331,3394,13874,2586,3073,13444,Day_1,Medium,Intermediate,2.5mm,Experiment_2
2025-10-23T00:58:53.386Z,265,1495,5504,591,1898,6683,3336,3410,13926,2589,3080,13459,Day_1,Medium,Intermediate,2.5mm,Experiment_2
2025-10-23T00:58:53.426Z,269,1493,5499,594,1892,6682,3319,3415,13908,2585,3087,13476,Day_1,Medium,Intermediate,2.5mm,Experiment_2
2025-10-23T00:58:53.466Z,279,1502,5504,603,1891,6672,3297,3422,13924,2581,3084,13476,Day_1,Medium,Intermediate,2.5mm,Experiment_2
2025-10-23T00:58:53.506Z,289,1513,5531,608,1889,6647,3283,3431,14006,2585,3074,13465,Day_1,Medium,Intermediate,2.5mm,Experiment_2
2025-10-23T00:58:53.546Z,293,1516,5557,608,1885,6626,3281,3433,14085,2591,3067,13463,Day_1,Medium,Intermediate,2.5mm,Experiment_2
2025-10-23T00:58:53.586Z,294,1514,5567,609,1884,6618,3293,3431,14120,2589,3066,13473,Day_1,Medium,Intermediate,2.5mm,Experiment_2
2025-10-23T00:58:53.626Z,292,1512,5561,611,1887,6620,3317,3435,14112,2586,3073,13487,Day_1,Medium,Intermediate,2.5mm,Experiment_2
2025-10-23T00:58:53.666Z,283,1508,5537,606,1891,6633,3341,3434,14047,2590,3084,13501,Day_1,Medium,Intermediate,2.5mm,Experiment_2
2025-10-23T00:58:53.706Z,276,1497,5481,604,1901,6671,3350,3408,13898,2598,3096,13525,Day_1,Medium,Intermediate,2.5mm,Experiment_2
2025-10-23T00:58:53.746Z,274,1479,5400,611,1915,6731,3328,3362,13686,2599,3103,13545,Day_1,Medium,Intermediate,2.5mm,Experiment_2
2025-10-23T00:58:53.786Z,281,1463,5338,623,1926,6775,3291,3321,13526,2585,3098,13528,Day_1,Medium,Intermediate,2.5mm,Experiment_2
2025-10-23T00:58:53.826Z,296,1462,5341,636,1925,6770,3277,3311,13528,2568,3079,13471,Day_1,Medium,Intermediate,2.5mm,Experiment_2
2025-10-23T00:58:53.866Z,311,1475,5400,644,1917,6732,3301,3329,13660,2566,3060,13417,Day_1,Medium,Intermediate,2.5mm,Experiment_2
2025-10-23T00:58:53.906Z,316,1495,5468,642,1911,6698,3343,3351,13811,2578,3049,13397,Day_1,Medium,Intermediate,2.5mm,Experiment_2
2025-10-23T00:58:53.946Z,312,1510,5515,637,1911,6684,3372,3364,13909,2594,3047,13410,Day_1,Medium,Intermediate,2.5mm,Experiment_2
2025-10-23T00:58:53.986Z,307,1509,5532,633,1908,6685,3382,3371,13946,2606,3052,13434,Day_1,Medium,Intermediate,2.5mm,Experiment_2
2025-10-23T00:58:54.026Z,299,1496,5539,627,1897,6685,3385,3378,13972,2611,3057,13454,Day_1,Medium,Intermediate,2.5mm,Experiment_2
2025-10-23T00:58:54.066Z,296,1485,5551,620,1882,6672,3388,3389,14029,2609,3060,13464,Day_1,Medium,Intermediate,2.5mm,Experiment_2
2025-10-23T00:58:54.106Z,297,1482,5565,614,1870,6649,3387,3406,14100,2606,3062,13470,Day_1,Medium,Intermediate,2.5mm,Experiment_2
2025-10-23T00:58:54.146Z,297,1483,5575,606,1866,6630,3382,3426,14141,2604,3067,13474,Day_1,Medium,Intermediate,2.5mm,Experiment_2
2025-10-23T00:58:54.186Z,298,1489,5577,603,1868,6622,3377,3438,14141,2603,3070,13479,Day_1,Medium,Intermediate,2.5mm,Experiment_2
2025-10-23T00:58:54.226Z,302,1500,5568,608,1878,6629,3367,3434,14107,2599,3072,13488,Day_1,Medium,Intermediate,2.5mm,Experiment_2
2025-10-23T00:58:54.266Z,301,1510,5537,618,1899,6653,3346,3414,14013,2593,3081,13504,Day_1,Medium,Intermediate,2.5mm,Experiment_2
2025-10-23T00:58:54.306Z,297,1506,5475,631,1924,6698,3325,3380,13841,2590,3100,13519,Day_1,Medium,Intermediate,2.5mm,Experiment_2
2025-10-23T00:58:54.346Z,298,1490,5418,644,1934,6740,3318,3342,13678,2588,3115,13504,Day_1,Medium,Intermediate,2.5mm,Experiment_2
2025-10-23T00:58:54.386Z,304,1477,5417,647,1922,6745,3320,3328,13654,2580,3107,13446,Day_1,Medium,Intermediate,2.5mm,Experiment_2
2025-10-23T00:58:54.426Z,313,1476,5463,647,1900,6715,3322,3348,13764,2570,3080,13385,Day_1,Medium,Intermediate,2.5mm,Experiment_2
2025-10-23T00:58:54.466Z,319,1481,5510,644,1885,6679,3321,3380,13901,2564,3058,13367,Day_1,Medium,Intermediate,2.5mm,Experiment_2
2025-10-23T00:58:54.506Z,313,1483,5535,634,1880,6659,3320,3402,13984,2564,3050,13390,Day_1,Medium,Intermediate,2.5mm,Experiment_2
2025-10-23T00:58:54.547Z,301,1484,5543,622,1882,6660,3320,3413,13998,2568,3053,13421,Day_1,Medium,Intermediate,2.5mm,Experiment_2
2025-10-23T00:58:54.587Z,296,1491,5550,618,1892,6672,3322,3424,13981,2576,3062,13440,Day_1,Medium,Intermediate,2.5mm,Experiment_2
2025-10-23T00:58:54.627Z,298,1508,5561,620,1906,6675,3323,3444,13994,2582,3074,13449,Day_1,Medium,Intermediate,2.5mm,Experiment_2
2025-10-23T00:58:54.667Z,309,1524,5573,627,1912,6660,3323,3463,14049,2585,3082,13459,Day_1,Medium,Intermediate,2.5mm,Experiment_2
2025-10-23T00:58:54.707Z,319,1527,5578,633,1905,6638,3330,3465,14105,2590,3083,13470,Day_1,Medium,Intermediate,2.5mm,Experiment_2
2025-10-23T00:58:54.747Z,317,1518,5576,630,1890,6622,3349,3448,14132,2599,3079,13480,Day_1,Medium,Intermediate,2.5mm,Experiment_2
2025-10-23T00:58:54.787Z,306,1507,5571,622,1880,6624,3360,3426,14127,2607,3075,13492,Day_1,Medium,Intermediate,2.5mm,Experiment_2
2025-10-23T00:58:54.827Z,294,1501,5553,616,1882,6656,3347,3402,14056,2605,3077,13510,Day_1,Medium,Intermediate,2.5mm,Experiment_2
2025-10-23T00:58:54.867Z,285,1489,5497,616,1898,6718,3323,3371,13874,2600,3087,13533,Day_1,Medium,Intermediate,2.5mm,Experiment_2
2025-10-23T00:58:54.907Z,279,1471,5410,621,1918,6782,3311,3333,13638,2597,3096,13540,Day_1,Medium,Intermediate,2.5mm,Experiment_2
2025-10-23T00:58:54.947Z,278,1457,5357,624,1928,6807,3319,3310,13503,2595,3091,13507,Day_1,Medium,Intermediate,2.5mm,Experiment_2
2025-10-23T00:58:54.987Z,278,1459,5379,618,1925,6780,3333,3325,13552,2588,3077,13449,Day_1,Medium,Intermediate,2.5mm,Experiment_2
2025-10-23T00:58:55.027Z,277,1474,5442,608,1914,6728,3339,3363,13710,2581,3065,13412,Day_1,Medium,Intermediate,2.5mm,Experiment_2
2025-10-23T00:58:55.067Z,281,1488,5490,604,1904,6685,3348,3391,13854,2583,3058,13411,Day_1,Medium,Intermediate,2.5mm,Experiment_2
2025-10-23T00:58:55.107Z,286,1494,5502,609,1900,6669,3367,3397,13914,2596,3061,13432,Day_1,Medium,Intermediate,2.5mm,Experiment_2
2025-10-23T00:58:55.147Z,287,1496,5493,613,1902,6668,3384,3394,13918,2610,3068,13456,Day_1,Medium,Intermediate,2.5mm,Experiment_2
2025-10-23T00:58:55.187Z,282,1502,5501,610,1903,6656,3390,3401,13956,2617,3068,13462,Day_1,Medium,Intermediate,2.5mm,Experiment_2
2025-10-23T00:58:55.227Z,267,1513,5532,601,1898,6631,3399,3417,14052,2617,3061,13457,Day_1,Medium,Intermediate,2.5mm,Experiment_2
2025-10-23T00:58:55.267Z,242,1520,5558,594,1891,6614,3408,3431,14141,2616,3058,13463,Day_1,Medium,Intermediate,2.5mm,Experiment_2
2025-10-23T00:58:55.307Z,222,1517,5566,596,1885,6611,3403,3439,14175,2616,3065,13479,Day_1,Medium,Intermediate,2.5mm,Experiment_2
2025-10-23T00:58:55.347Z,217,1506,5561,601,1879,6619,3388,3438,14154,2614,3073,13491,Day_1,Medium,Intermediate,2.5mm,Experiment_2
2025-10-23T00:58:55.387Z,203,1489,5538,602,1877,6643,3375,3418,14076,2612,3077,13507,Day_1,Medium,Intermediate,2.5mm,Experiment_2
2025-10-23T00:58:55.427Z,187,1471,5482,602,1887,6693,3355,3380,13912,2606,3084,13532,Day_1,Medium,Intermediate,2.5mm,Experiment_2
2025-10-23T00:58:55.467Z,202,1455,5401,609,1909,6760,3328,3345,13676,2599,3097,13547,Day_1,Medium,Intermediate,2.5mm,Experiment_2
2025-10-23T00:58:55.507Z,238,1447,5345,624,1928,6804,3308,3334,13497,2594,3103,13521,Day_1,Medium,Intermediate,2.5mm,Experiment_2
2025-10-23T00:58:55.547Z,281,1454,5356,638,1931,6795,3301,3353,13495,2591,3093,13463,Day_1,Medium,Intermediate,2.5mm,Experiment_2
2025-10-23T00:58:55.587Z,341,1471,5416,647,1923,6750,3305,3378,13633,2587,3078,13418,Day_1,Medium,Intermediate,2.5mm,Experiment_2
