time,Unpolarized_A_Green,Unpolarized_A_Red,Unpolarized_A_IR,Unpolarized_B_Green,Unpolarized_B_Red,Unpolarized_B_IR,Co-Polarized_Green,Co-Polarized_Red,Co-Polarized_IR,Cross-Polarized_Green,Cross-Polarized_Red,Cross-Polarized_IR,Day,SkinTone,Speed,Depth,Experiment
2025-10-23T02:10:19.119Z,111,1115,3074,427,1447,3889,3564,3317,13997,2271,2393,8750,Day_1,Medium,Fast,3.75mm,Experiment_2
2025-10-23T02:10:19.159Z,115,1116,3075,433,1444,3889,3559,3309,13970,2269,2383,8744,Day_1,Medium,Fast,3.75mm,Experiment_2
2025-10-23T02:10:19.199Z,111,1121,3079,429,1446,3889,3543,3302,13943,2261,2379,8735,Day_1,Medium,Fast,3.75mm,Experiment_2
2025-10-23T02:10:19.239Z,104,1128,3081,420,1454,3890,3531,3309,13939,2254,2382,8733,Day_1,Medium,Fast,3.75mm,Experiment_2
2025-10-23T02:10:19.279Z,99,1132,3079,414,1460,3891,3534,3327,13957,2254,2392,8739,Day_1,Medium,Fast,3.75mm,Experiment_2
2025-10-23T02:10:19.319Z,98,1130,3078,412,1460,3895,3545,3336,13968,2260,2399,8745,Day_1,Medium,Fast,3.75mm,Experiment_2
2025-10-23T02:10:19.359Z,102,1124,3080,412,1457,3899,3539,3324,13960,2261,2396,8746,Day_1,Medium,Fast,3.75mm,Experiment_2
2025-10-23T02:11:30.991Z,106,1119,3080,416,1455,3900,3518,3297,13950,2255,2387,8739,Day_1,Medium,Fast,3.75mm,Experiment_2
2025-10-23T02:11:31.031Z,109,1119,3078,421,1455,3896,3506,3280,13944,2250,2382,8729,Day_1,Medium,Fast,3.75mm,Experiment_2
2025-10-23T02:11:31.071Z,110,1123,3075,425,1458,3892,3504,3281,13940,2246,2383,8723,Day_1,Medium,Fast,3.75mm,Experiment_2
2025-10-23T02:11:31.111Z,110,1130,3071,426,1462,3888,3498,3290,13946,2241,2382,8729,Day_1,Medium,Fast,3.75mm,Experiment_2
2025-10-23T02:11:31.151Z,106,1131,3072,424,1461,3887,3486,3298,13963,2237,2380,8742,Day_1,Medium,Fast,3.75mm,Experiment_2
2025-10-23T02:11:31.191Z,98,1126,3076,418,1454,3888,3475,3303,13976,2234,2382,8751,Day_1,Medium,Fast,3.75mm,Experiment_2
2025-10-23T02:11:31.231Z,91,1122,3076,414,1449,3885,3471,3307,13975,2231,2385,8753,Day_1,Medium,Fast,3.75mm,Experiment_2
2025-10-23T02:11:31.271Z,91,1126,3072,416,1452,3880,3474,3308,13969,2230,2387,8752,Day_1,Medium,Fast,3.75mm,Experiment_2
2025-10-23T02:11:31.311Z,95,1132,3069,422,1460,3878,3479,3303,13973,2231,2389,8757,Day_1,Medium,Fast,3.75mm,Experiment_2
2025-10-23T02:11:31.351Z,101,1131,3070,430,1461,3880,3484,3303,13991,2235,2394,8771,Day_1,Medium,Fast,3.75mm,Experiment_2
2025-10-23T02:11:31.391Z,109,1124,3076,436,1459,3887,3498,3311,14017,2243,2403,8787,Day_1,Medium,Fast,3.75mm,Experiment_2
2025-10-23T02:11:31.431Z,114,1121,3086,436,1459,3898,3517,3325,14031,2253,2410,8794,Day_1,Medium,Fast,3.75mm,Experiment_2
2025-10-23T02:11:31.471Z,113,1124,3091,433,1464,3904,3532,3334,14023,2259,2414,8787,Day_1,Medium,Fast,3.75mm,Experiment_2
2025-10-23T02:11:31.511Z,106,1130,3086,427,1468,3904,3532,3332,14002,2260,2414,8774,Day_1,Medium,Fast,3.75mm,Experiment_2
2025-10-23T02:11:31.551Z,96,1134,3078,421,1470,3901,3523,3332,13987,2260,2416,8767,Day_1,Medium,Fast,3.75mm,Experiment_2
2025-10-23T02:11:31.591Z,88,1134,3073,414,1468,3899,3519,3332,13990,2260,2420,8774,Day_1,Medium,Fast,3.75mm,Experiment_2
2025-10-23T02:11:31.631Z,83,1128,3072,410,1462,3896,3521,3315,14009,2259,2415,8789,Day_1,Medium,Fast,3.75mm,Experiment_2
2025-10-23T02:11:31.671Z,80,1123,3073,407,1459,3893,3520,3288,14025,2258,2403,8802,Day_1,Medium,Fast,3.75mm,Experiment_2
2025-10-23T02:11:31.711Z,80,1121,3074,405,1460,3891,3521,3274,14032,2258,2394,8809,Day_1,Medium,Fast,3.75mm,Experiment_2
2025-10-23T02:11:31.751Z,84,1119,3074,405,1458,3892,3532,3277,14032,2262,2392,8810,Day_1,Medium,Fast,3.75mm,Experiment_2
2025-10-23T02:11:31.791Z,92,1115,3074,412,1453,3895,3548,3288,14026,2270,2393,8805,Day_1,Medium,Fast,3.75mm,Experiment_2
2025-10-23T02:11:31.831Z,104,1108,3075,426,1446,3898,3555,3303,14022,2274,2399,8798,Day_1,Medium,Fast,3.75mm,Experiment_2
2025-10-23T02:11:31.871Z,116,1100,3075,438,1437,3898,3549,3312,14023,2273,2403,8795,Day_1,Medium,Fast,3.75mm,Experiment_2
2025-10-23T02:11:31.911Z,119,1096,3077,439,1432,3897,3538,3311,14017,2269,2399,8792,Day_1,Medium,Fast,3.75mm,Experiment_2
2025-10-23T02:11:31.951Z,114,1101,3082,430,1435,3899,3528,3303,13996,2269,2391,8783,Day_1,Medium,Fast,3.75mm,Experiment_2
2025-10-23T02:11:31.991Z,107,1107,3085,422,1441,3901,3516,3291,13975,2269,2383,8773,Day_1,Medium,Fast,3.75mm,Experiment_2
2025-10-23T02:11:32.031Z,104,1106,3083,420,1441,3902,3498,3279,13978,2260,2376,8773,Day_1,Medium,Fast,3.75mm,Experiment_2
2025-10-23T02:11:32.071Z,107,1102,3078,424,1438,3899,3481,3274,14003,2245,2374,8784,Day_1,Medium,Fast,3.75mm,Experiment_2
2025-10-23T02:11:32.111Z,110,1105,3071,426,1440,3893,3482,3281,14026,2236,2378,8794,Day_1,Medium,Fast,3.75mm,Experiment_2
2025-10-23T02:11:32.151Z,106,1115,3063,423,1449,3887,3504,3298,14035,2242,2387,8795,Day_1,Medium,Fast,3.75mm,Experiment_2
2025-10-23T02:11:32.191Z,101,1127,3061,421,1458,3886,3529,3320,14032,2252,2399,8790,Day_1,Medium,Fast,3.75mm,Experiment_2
2025-10-23T02:11:32.231Z,102,1133,3066,424,1461,3889,3535,3339,14024,2258,2410,8785,Day_1,Medium,Fast,3.75mm,Experiment_2
2025-10-23T02:11:32.271Z,105,1131,3073,428,1456,3892,3527,3348,14021,2256,2416,8785,Day_1,Medium,Fast,3.75mm,Experiment_2
2025-10-23T02:11:32.311Z,107,1124,3080,430,1452,3894,3519,3345,14028,2250,2413,8792,Day_1,Medium,Fast,3.75mm,Experiment_2
2025-10-23T02:11:32.351Z,103,1120,3084,425,1452,3897,3514,3332,14034,2246,2404,8799,Day_1,Medium,Fast,3.75mm,Experiment_2
2025-10-23T02:11:32.391Z,96,1121,3087,417,1456,3901,3506,3318,14034,2242,2398,8799,Day_1,Medium,Fast,3.75mm,Experiment_2
2025-10-23T02:11:32.431Z,95,1125,3091,414,1458,3905,3494,3312,14025,2235,2398,8795,Day_1,Medium,Fast,3.75mm,Experiment_2
2025-10-23T02:11:32.471Z,101,1128,3094,418,1457,3909,3485,3309,14008,2229,2398,8792,Day_1,Medium,Fast,3.75mm,Experiment_2
2025-10-23T02:11:32.511Z,108,1129,3094,422,1453,3909,3492,3304,13990,2228,2394,8791,Day_1,Medium,Fast,3.75mm,Experiment_2
2025-10-23T02:11:32.551Z,111,1128,3091,425,1451,3908,3509,3299,13976,2235,2390,8788,Day_1,Medium,Fast,3.75mm,Experiment_2
2025-10-23T02:11:32.591Z,115,1128,3088,430,1454,3907,3514,3305,13976,2243,2392,8783,Day_1,Medium,Fast,3.75mm,Experiment_2
2025-10-23T02:11:32.631Z,123,1131,3083,439,1458,3907,3505,3321,13987,2246,2400,8781,Day_1,Medium,Fast,3.75mm,Experiment_2
2025-10-23T02:11:32.671Z,126,1133,3079,443,1460,3904,3500,3330,14004,2246,2404,8783,Day_1,Medium,Fast,3.75mm,Experiment_2
2025-10-23T02:11:32.711Z,119,1129,3078,435,1459,3900,3507,3320,14021,2246,2398,8789,Day_1,Medium,Fast,3.75mm,Experiment_2
2025-10-23T02:11:32.751Z,106,1124,3082,424,1458,3901,3514,3305,14032,2245,2388,8795,Day_1,Medium,Fast,3.75mm,Experiment_2
2025-10-23T02:11:32.791Z,98,1122,3085,417,1457,3903,3512,3295,14026,2246,2380,8796,Day_1,Medium,Fast,3.75mm,Experiment_2
2025-10-23T02:11:32.831Z,94,1121,3081,413,1456,3903,3506,3294,14001,2248,2380,8788,Day_1,Medium,Fast,3.75mm,Experiment_2
2025-10-23T02:11:32.871Z,93,1122,3077,412,1455,3903,3502,3294,13968,2252,2383,8776,Day_1,Medium,Fast,3.75mm,Experiment_2
2025-10-23T02:11:32.911Z,97,1123,3074,417,1457,3904,3502,3290,13953,2256,2388,8771,Day_1,Medium,Fast,3.75mm,Experiment_2
2025-10-23T02:11:32.951Z,102,1124,3074,422,1460,3904,3499,3292,13969,2253,2396,8780,Day_1,Medium,Fast,3.75mm,Experiment_2
2025-10-23T02:11:32.991Z,103,1122,3077,421,1459,3905,3493,3306,14004,2246,2406,8790,Day_1,Medium,Fast,3.75mm,Experiment_2
2025-10-23T02:11:33.031Z,101,1116,3080,420,1454,3906,3499,3327,14031,2248,2414,8793,Day_1,Medium,Fast,3.75mm,Experiment_2
2025-10-23T02:11:33.071Z,106,1111,3080,423,1449,3905,3515,3341,14040,2259,2418,8792,Day_1,Medium,Fast,3.75mm,Experiment_2
2025-10-23T02:11:33.111Z,117,1113,3081,435,1450,3906,3526,3346,14036,2266,2416,8796,Day_1,Medium,Fast,3.75mm,Experiment_2
2025-10-23T02:11:33.151Z,128,1117,3085,447,1450,3910,3524,3341,14024,2263,2408,8799,Day_1,Medium,Fast,3.75mm,Experiment_2
2025-10-23T02:11:33.191Z,126,1118,3092,447,1448,3914,3519,3324,14007,2258,2396,8795,Day_1,Medium,Fast,3.75mm,Experiment_2
2025-10-23T02:11:33.231Z,112,1115,3095,433,1445,3915,3518,3304,13991,2254,2388,8786,Day_1,Medium,Fast,3.75mm,Experiment_2
2025-10-23T02:11:33.271Z,99,1114,3092,419,1445,3910,3507,3294,13976,2251,2390,8776,Day_1,Medium,Fast,3.75mm,Experiment_2
2025-10-23T02:11:33.311Z,97,1115,3082,414,1446,3901,3484,3298,13960,2244,2397,8765,Day_1,Medium,Fast,3.75mm,Experiment_2
2025-10-23T02:11:33.351Z,104,1114,3072,418,1445,3895,3468,3305,13952,2239,2398,8761,Day_1,Medium,Fast,3.75mm,Experiment_2
2025-10-23T02:11:33.391Z,111,1106,3070,427,1439,3896,3469,3309,13956,2241,2395,8766,Day_1,Medium,Fast,3.75mm,Experiment_2
2025-10-23T02:11:33.431Z,115,1098,3076,434,1433,3903,3477,3318,13974,2246,2397,8775,Day_1,Medium,Fast,3.75mm,Experiment_2
2025-10-23T02:11:33.471Z,116,1098,3082,435,1434,3907,3483,3334,14001,2249,2409,8785,Day_1,Medium,Fast,3.75mm,Experiment_2
2025-10-23T02:11:33.512Z,115,1104,3083,432,1437,3905,3489,3346,14021,2247,2423,8792,Day_1,Medium,Fast,3.75mm,Experiment_2
2025-10-23T02:11:33.552Z,114,1109,3081,429,1440,3901,3494,3349,14028,2247,2429,8795,Day_1,Medium,Fast,3.75mm,Experiment_2
2025-10-23T02:11:33.592Z,112,1115,3078,428,1448,3897,3496,3339,14028,2250,2426,8797,Day_1,Medium,Fast,3.75mm,Experiment_2
2025-10-23T02:11:33.632Z,112,1121,3078,431,1457,3896,3505,3325,14028,2255,2417,8797,Day_1,Medium,Fast,3.75mm,Experiment_2
2025-10-23T02:11:33.672Z,116,1124,3077,436,1460,3898,3522,3315,14026,2258,2408,8794,Day_1,Medium,Fast,3.75mm,Experiment_2
2025-10-23T02:11:33.712Z,120,1123,3074,440,1459,3897,3535,3304,14019,2260,2399,8789,Day_1,Medium,Fast,3.75mm,Experiment_2
2025-10-23T02:11:33.752Z,118,1125,3073,438,1459,3894,3538,3286,14004,2264,2390,8782,Day_1,Medium,Fast,3.75mm,Experiment_2
2025-10-23T02:11:33.792Z,112,1127,3076,432,1460,3893,3529,3274,13985,2267,2384,8777,Day_1,Medium,Fast,3.75mm,Experiment_2
2025-10-23T02:11:33.832Z,104,1126,3080,425,1461,3895,3514,3273,13973,2266,2384,8777,Day_1,Medium,Fast,3.75mm,Experiment_2
2025-10-23T02:11:33.872Z,97,1123,3079,418,1458,3894,3506,3279,13974,2263,2385,8781,Day_1,Medium,Fast,3.75mm,Experiment_2
2025-10-23T02:11:33.912Z,96,1119,3075,415,1454,3891,3509,3282,13984,2262,2387,8785,Day_1,Medium,Fast,3.75mm,Experiment_2
2025-10-23T02:11:33.952Z,101,1121,3072,418,1453,3892,3518,3284,13998,2263,2389,8788,Day_1,Medium,Fast,3.75mm,Experiment_2
2025-10-23T02:11:33.992Z,103,1127,3073,422,1456,3894,3524,3287,14013,2263,2390,8794,Day_1,Medium,Fast,3.75mm,Experiment_2
2025-10-23T02:11:34.032Z,99,1129,3074,420,1457,3895,3528,3294,14025,2263,2391,8799,Day_1,Medium,Fast,3.75mm,Experiment_2
2025-10-23T02:11:34.072Z,96,1125,3074,418,1453,3892,3531,3306,14030,2264,2395,8798,Day_1,Medium,Fast,3.75mm,Experiment_2
2025-10-23T02:11:34.112Z,99,1118,3079,421,1447,3893,3537,3320,14022,2267,2402,8792,Day_1,Medium,Fast,3.75mm,Experiment_2
2025-10-23T02:11:34.152Z,106,1114,3087,427,1445,3898,3543,3333,14012,2270,2410,8787,Day_1,Medium,Fast,3.75mm,Experiment_2
2025-10-23T02:11:34.192Z,111,1117,3093,431,1448,3905,3546,3330,14005,2270,2413,8783,Day_1,Medium,Fast,3.75mm,Experiment_2
2025-10-23T02:11:34.232Z,109,1123,3094,431,1456,3909,3550,3312,13996,2271,2405,8779,Day_1,Medium,Fast,3.75mm,Experiment_2
2025-10-23T02:11:34.272Z,104,1128,3096,428,1462,3914,3555,3299,13985,2275,2392,8777,Day_1,Medium,Fast,3.75mm,Experiment_2
2025-10-23T02:11:34.312Z,100,1132,3101,423,1464,3919,3553,3299,13990,2275,2389,8780,Day_1,Medium,Fast,3.75mm,Experiment_2
2025-10-23T02:11:34.352Z,100,1136,3103,420,1467,3921,3541,3305,14008,2269,2394,8788,Day_1,Medium,Fast,3.75mm,Experiment_2
2025-10-23T02:11:34.392Z,102,1141,3099,420,1470,3920,3528,3310,14023,2263,2399,8793,Day_1,Medium,Fast,3.75mm,Experiment_2
2025-10-23T02:11:34.432Z,104,1140,3092,423,1468,3915,3525,3312,14029,2263,2397,8795,Day_1,Medium,Fast,3.75mm,Experiment_2
2025-10-23T02:11:34.472Z,107,1130,3087,425,1460,3909,3528,3315,14033,2267,2397,8796,Day_1,Medium,Fast,3.75mm,Experiment_2
2025-10-23T02:11:34.512Z,111,1122,3084,428,1452,3903,3528,3322,14041,2268,2404,8798,Day_1,Medium,Fast,3.75mm,Experiment_2
2025-10-23T02:11:34.552Z,113,1120,3084,430,1449,3901,3526,3325,14052,2265,2411,8803,Day_1,Medium,Fast,3.75mm,Experiment_2
2025-10-23T02:11:34.592Z,112,1121,3084,432,1449,3901,3521,3325,14059,2261,2416,8807,Day_1,Medium,Fast,3.75mm,Experiment_2
2025-10-23T02:11:34.632Z,111,1121,3084,434,1450,3902,3515,3330,14049,2258,2418,8804,Day_1,Medium,Fast,3.75mm,Experiment_2
2025-10-23T02:11:34.672Z,110,1121,3086,434,1450,3906,3514,3331,14022,2259,2415,8793,Day_1,Medium,Fast,3.75mm,Experiment_2
2025-10-23T02:11:34.712Z,106,1122,3088,430,1450,3912,3518,3330,13997,2260,2409,8783,Day_1,Medium,Fast,3.75mm,Experiment_2
2025-10-23T02:11:34.752Z,102,1123,3087,423,1452,3912,3516,3340,13992,2259,2413,8779,Day_1,Medium,Fast,3.75mm,Experiment_2
2025-10-23T02:11:34.792Z,101,1122,3083,419,1452,3908,3502,3361,14000,2255,2422,8779,Day_1,Medium,Fast,3.75mm,Experiment_2
2025-10-23T02:11:34.832Z,102,1121,3078,418,1453,3901,3486,3368,14003,2251,2422,8777,Day_1,Medium,Fast,3.75mm,Experiment_2
2025-10-23T02:11:34.872Z,102,1124,3072,418,1456,3895,3482,3346,14002,2250,2408,8776,Day_1,Medium,Fast,3.75mm,Experiment_2
2025-10-23T02:11:34.912Z,104,1126,3069,421,1459,3894,3498,3320,14009,2253,2394,8782,Day_1,Medium,Fast,3.75mm,Experiment_2
2025-10-23T02:11:34.952Z,107,1122,3071,428,1458,3899,3525,3309,14021,2256,2389,8788,Day_1,Medium,Fast,3.75mm,Experiment_2
2025-10-23T02:11:34.992Z,111,1115,3078,433,1452,3906,3544,3313,14025,2255,2391,8787,Day_1,Medium,Fast,3.75mm,Experiment_2
2025-10-23T02:11:35.032Z,116,1106,3085,437,1442,3912,3546,3324,14019,2252,2397,8782,Day_1,Medium,Fast,3.75mm,Experiment_2
2025-10-23T02:11:35.072Z,123,1100,3088,441,1437,3914,3533,3332,14008,2251,2402,8777,Day_1,Medium,Fast,3.75mm,Experiment_2
2025-10-23T02:11:35.112Z,129,1100,3085,444,1438,3912,3517,3326,13994,2251,2400,8774,Day_1,Medium,Fast,3.75mm,Experiment_2
2025-10-23T02:11:35.152Z,129,1103,3080,442,1442,3908,3510,3311,13981,2253,2394,8776,Day_1,Medium,Fast,3.75mm,Experiment_2
2025-10-23T02:11:35.192Z,124,1107,3080,438,1447,3907,3514,3299,13981,2258,2393,8787,Day_1,Medium,Fast,3.75mm,Experiment_2
2025-10-23T02:11:35.232Z,119,1111,3087,433,1448,3913,3522,3300,13993,2262,2398,8798,Day_1,Medium,Fast,3.75mm,Experiment_2
2025-10-23T02:11:35.272Z,113,1113,3094,427,1447,3917,3525,3309,14002,2262,2400,8802,Day_1,Medium,Fast,3.75mm,Experiment_2
2025-10-23T02:11:35.312Z,105,1111,3092,421,1446,3911,3526,3316,14000,2258,2396,8799,Day_1,Medium,Fast,3.75mm,Experiment_2
2025-10-23T02:11:35.352Z,96,1111,3082,416,1449,3899,3526,3319,13997,2255,2395,8797,Day_1,Medium,Fast,3.75mm,Experiment_2
2025-10-23T02:11:35.392Z,88,1114,3073,413,1456,3889,3520,3327,14006,2253,2401,8800,Day_1,Medium,Fast,3.75mm,Experiment_2
2025-10-23T02:11:35.432Z,83,1120,3072,409,1463,3887,3505,3341,14023,2250,2414,8804,Day_1,Medium,Fast,3.75mm,Experiment_2
2025-10-23T02:11:35.472Z,83,1124,3078,405,1465,3890,3489,3350,14036,2248,2423,8803,Day_1,Medium,Fast,3.75mm,Experiment_2
2025-10-23T02:11:35.512Z,86,1125,3081,404,1461,3892,3481,3342,14035,2245,2421,8795,Day_1,Medium,Fast,3.75mm,Experiment_2
2025-10-23T02:11:35.552Z,89,1122,3079,405,1454,3894,3483,3327,14016,2242,2412,8779,Day_1,Medium,Fast,3.75mm,Experiment_2
2025-10-23T02:11:35.592Z,91,1119,3073,408,1447,3897,3497,3320,13992,2243,2407,8766,Day_1,Medium,Fast,3.75mm,Experiment_2
2025-10-23T02:11:35.632Z,96,1117,3071,414,1444,3901,3518,3324,13984,2251,2409,8767,Day_1,Medium,Fast,3.75mm,Experiment_2
2025-10-23T02:11:35.672Z,107,1119,3072,423,1445,3902,3536,3332,14001,2261,2416,8782,Day_1,Medium,Fast,3.75mm,Experiment_2
2025-10-23T02:11:35.712Z,113,1122,3073,429,1450,3899,3541,3336,14024,2265,2421,8799,Day_1,Medium,Fast,3.75mm,Experiment_2
2025-10-23T02:11:35.752Z,110,1121,3074,426,1453,3897,3536,3326,14036,2263,2412,8808,Day_1,Medium,Fast,3.75mm,Experiment_2
2025-10-23T02:11:35.792Z,104,1118,3078,420,1454,3898,3529,3304,14034,2258,2394,8807,Day_1,Medium,Fast,3.75mm,Experiment_2
2025-10-23T02:11:35.832Z,103,1117,3084,418,1457,3901,3528,3287,14028,2253,2382,8801,Day_1,Medium,Fast,3.75mm,Experiment_2
2025-10-23T02:11:35.872Z,102,1120,3088,418,1459,3900,3534,3285,14026,2254,2380,8798,Day_1,Medium,Fast,3.75mm,Experiment_2
2025-10-23T02:11:35.912Z,97,1121,3092,413,1457,3900,3536,3292,14023,2259,2383,8793,Day_1,Medium,Fast,3.75mm,Experiment_2
2025-10-23T02:11:35.952Z,90,1119,3095,404,1452,3904,3526,3303,14016,2259,2390,8784,Day_1,Medium,Fast,3.75mm,Experiment_2
2025-10-23T02:11:35.992Z,85,1114,3092,399,1448,3907,3512,3324,14003,2258,2405,8771,Day_1,Medium,Fast,3.75mm,Experiment_2
2025-10-23T02:11:36.032Z,86,1111,3083,401,1447,3902,3507,3345,13987,2258,2421,8760,Day_1,Medium,Fast,3.75mm,Experiment_2
2025-10-23T02:11:36.072Z,94,1116,3074,410,1450,3896,3505,3352,13977,2259,2427,8761,Day_1,Medium,Fast,3.75mm,Experiment_2
2025-10-23T02:11:36.112Z,104,1123,3071,419,1453,3895,3501,3345,13979,2257,2422,8772,Day_1,Medium,Fast,3.75mm,Experiment_2
2025-10-23T02:11:36.152Z,109,1126,3072,422,1455,3894,3500,3328,13988,2255,2411,8781,Day_1,Medium,Fast,3.75mm,Experiment_2
2025-10-23T02:11:36.192Z,109,1126,3070,420,1457,3890,3497,3306,14002,2250,2395,8788,Day_1,Medium,Fast,3.75mm,Experiment_2
2025-10-23T02:11:36.232Z,103,1128,3068,414,1460,3886,3492,3292,14014,2245,2383,8794,Day_1,Medium,Fast,3.75mm,Experiment_2
2025-10-23T02:11:36.272Z,95,1131,3069,407,1463,3886,3500,3289,14011,2247,2379,8792,Day_1,Medium,Fast,3.75mm,Experiment_2
2025-10-23T02:11:36.312Z,90,1133,3075,402,1467,3889,3521,3291,14001,2257,2381,8789,Day_1,Medium,Fast,3.75mm,Experiment_2
2025-10-23T02:11:36.352Z,89,1132,3081,403,1468,3892,3537,3296,14004,2263,2390,8792,Day_1,Medium,Fast,3.75mm,Experiment_2
2025-10-23T02:11:36.392Z,90,1128,3083,408,1463,3896,3537,3302,14014,2263,2399,8795,Day_1,Medium,Fast,3.75mm,Experiment_2
2025-10-23T02:11:36.432Z,89,1124,3080,412,1455,3898,3523,3296,14016,2259,2398,8788,Day_1,Medium,Fast,3.75mm,Experiment_2
2025-10-23T02:11:36.472Z,91,1122,3077,414,1452,3899,3506,3286,14006,2254,2392,8776,Day_1,Medium,Fast,3.75mm,Experiment_2
2025-10-23T02:11:36.512Z,95,1121,3080,414,1453,3903,3495,3283,13990,2254,2390,8768,Day_1,Medium,Fast,3.75mm,Experiment_2
2025-10-23T02:11:36.552Z,100,1121,3089,418,1457,3909,3488,3294,13987,2252,2395,8772,Day_1,Medium,Fast,3.75mm,Experiment_2
2025-10-23T02:11:36.592Z,102,1124,3096,421,1460,3911,3483,3315,14005,2246,2403,8787,Day_1,Medium,Fast,3.75mm,Experiment_2
2025-10-23T02:11:36.632Z,102,1127,3095,422,1461,3909,3481,3331,14029,2241,2411,8800,Day_1,Medium,Fast,3.75mm,Experiment_2
2025-10-23T02:11:36.672Z,105,1128,3092,424,1459,3907,3480,3341,14032,2238,2415,8800,Day_1,Medium,Fast,3.75mm,Experiment_2
2025-10-23T02:11:36.712Z,109,1124,3087,427,1456,3904,3480,3349,14017,2237,2419,8792,Day_1,Medium,Fast,3.75mm,Experiment_2
2025-10-23T02:11:36.753Z,110,1121,3080,428,1455,3897,3484,3353,14007,2240,2419,8789,Day_1,Medium,Fast,3.75mm,Experiment_2
2025-10-23T02:11:36.793Z,106,1120,3074,425,1457,3888,3493,3346,14014,2247,2413,8794,Day_1,Medium,Fast,3.75mm,Experiment_2
2025-10-23T02:11:36.833Z,103,1120,3072,422,1457,3884,3497,3330,14032,2249,2403,8803,Day_1,Medium,Fast,3.75mm,Experiment_2
2025-10-23T02:11:36.873Z,105,1121,3074,424,1456,3887,3490,3307,14051,2242,2392,8809,Day_1,Medium,Fast,3.75mm,Experiment_2
2025-10-23T02:11:36.913Z,111,1121,3078,429,1456,3893,3477,3283,14048,2235,2382,8803,Day_1,Medium,Fast,3.75mm,Experiment_2
2025-10-23T02:11:36.953Z,113,1120,3080,431,1454,3900,3468,3263,14020,2236,2374,8789,Day_1,Medium,Fast,3.75mm,Experiment_2
2025-10-23T02:11:36.993Z,107,1119,3084,428,1452,3907,3476,3248,13994,2245,2369,8780,Day_1,Medium,Fast,3.75mm,Experiment_2
2025-10-23T02:11:37.033Z,105,1120,3087,428,1453,3911,3504,3250,13990,2257,2373,8780,Day_1,Medium,Fast,3.75mm,Experiment_2
2025-10-23T02:11:37.073Z,111,1123,3084,432,1456,3907,3533,3272,14003,2262,2386,8783,Day_1,Medium,Fast,3.75mm,Experiment_2
2025-10-23T02:11:37.112Z,119,1126,3077,438,1458,3900,3540,3296,14021,2257,2398,8786,Day_1,Medium,Fast,3.75mm,Experiment_2
2025-10-23T02:11:37.152Z,119,1128,3072,439,1460,3894,3524,3301,14043,2248,2402,8794,Day_1,Medium,Fast,3.75mm,Experiment_2
2025-10-23T02:11:37.192Z,113,1127,3070,434,1459,3891,3503,3294,14069,2239,2398,8805,Day_1,Medium,Fast,3.75mm,Experiment_2
2025-10-23T02:11:37.232Z,108,1128,3070,429,1458,3890,3486,3292,14078,2234,2393,8808,Day_1,Medium,Fast,3.75mm,Experiment_2
2025-10-23T02:11:37.272Z,105,1128,3074,423,1457,3895,3479,3297,14063,2232,2391,8801,Day_1,Medium,Fast,3.75mm,Experiment_2
2025-10-23T02:11:37.312Z,101,1127,3080,417,1453,3901,3481,3300,14040,2232,2389,8789,Day_1,Medium,Fast,3.75mm,Experiment_2
2025-10-23T02:11:37.352Z,98,1124,3082,414,1451,3903,3485,3295,14027,2233,2386,8782,Day_1,Medium,Fast,3.75mm,Experiment_2
2025-10-23T02:11:37.392Z,99,1124,3078,415,1454,3899,3478,3289,14026,2232,2385,8784,Day_1,Medium,Fast,3.75mm,Experiment_2
2025-10-23T02:11:37.432Z,100,1126,3072,418,1456,3892,3470,3289,14027,2233,2389,8790,Day_1,Medium,Fast,3.75mm,Experiment_2
2025-10-23T02:11:37.472Z,100,1124,3068,419,1455,3886,3472,3297,14027,2236,2397,8792,Day_1,Medium,Fast,3.75mm,Experiment_2
2025-10-23T02:11:37.512Z,99,1121,3068,419,1453,3883,3482,3303,14031,2239,2403,8791,Day_1,Medium,Fast,3.75mm,Experiment_2
2025-10-23T02:11:37.552Z,97,1121,3067,416,1456,3883,3500,3299,14040,2244,2400,8793,Day_1,Medium,Fast,3.75mm,Experiment_2
2025-10-23T02:11:37.592Z,99,1124,3067,417,1462,3886,3517,3292,14046,2253,2394,8800,Day_1,Medium,Fast,3.75mm,Experiment_2
2025-10-23T02:11:37.632Z,101,1127,3068,419,1466,3890,3525,3291,14040,2258,2390,8805,Day_1,Medium,Fast,3.75mm,Experiment_2
2025-10-23T02:11:37.672Z,98,1126,3072,416,1463,3892,3518,3297,14028,2256,2393,8806,Day_1,Medium,Fast,3.75mm,Experiment_2
2025-10-23T02:11:37.712Z,95,1122,3078,415,1456,3896,3497,3308,14017,2245,2399,8800,Day_1,Medium,Fast,3.75mm,Experiment_2
2025-10-23T02:11:37.752Z,98,1117,3085,420,1449,3904,3472,3308,14002,2233,2401,8788,Day_1,Medium,Fast,3.75mm,Experiment_2
2025-10-23T02:11:37.792Z,101,1114,3090,424,1447,3912,3464,3289,13981,2230,2394,8774,Day_1,Medium,Fast,3.75mm,Experiment_2
2025-10-23T02:11:37.833Z,101,1115,3088,425,1448,3912,3476,3262,13970,2238,2389,8770,Day_1,Medium,Fast,3.75mm,Experiment_2
2025-10-23T02:11:37.873Z,99,1117,3081,424,1450,3906,3496,3244,13982,2250,2396,8779,Day_1,Medium,Fast,3.75mm,Experiment_2
2025-10-23T02:11:37.913Z,100,1120,3077,423,1454,3900,3510,3250,14006,2258,2406,8793,Day_1,Medium,Fast,3.75mm,Experiment_2
2025-10-23T02:11:37.953Z,101,1122,3077,422,1458,3898,3521,3277,14017,2262,2410,8798,Day_1,Medium,Fast,3.75mm,Experiment_2
2025-10-23T02:11:37.993Z,97,1124,3077,418,1461,3897,3533,3306,14008,2266,2411,8795,Day_1,Medium,Fast,3.75mm,Experiment_2
2025-10-23T02:11:38.033Z,90,1126,3078,410,1463,3895,3543,3329,13994,2271,2416,8792,Day_1,Medium,Fast,3.75mm,Experiment_2
2025-10-23T02:11:38.073Z,82,1127,3083,401,1462,3897,3543,3350,13988,2275,2426,8794,Day_1,Medium,Fast,3.75mm,Experiment_2
2025-10-23T02:11:38.113Z,79,1126,3089,396,1460,3900,3537,3361,13993,2273,2432,8794,Day_1,Medium,Fast,3.75mm,Experiment_2
2025-10-23T02:11:38.153Z,80,1125,3090,396,1459,3903,3528,3358,13997,2265,2432,8788,Day_1,Medium,Fast,3.75mm,Experiment_2
2025-10-23T02:11:38.193Z,85,1126,3091,400,1458,3906,3520,3351,13995,2258,2429,8781,Day_1,Medium,Fast,3.75mm,Experiment_2
2025-10-23T02:11:38.233Z,95,1130,3092,410,1458,3909,3514,3342,13993,2255,2421,8777,Day_1,Medium,Fast,3.75mm,Experiment_2
2025-10-23T02:11:38.273Z,103,1135,3093,419,1461,3915,3507,3327,13993,2252,2409,8778,Day_1,Medium,Fast,3.75mm,Experiment_2
2025-10-23T02:11:38.313Z,103,1136,3092,421,1463,3918,3502,3307,13996,2248,2394,8782,Day_1,Medium,Fast,3.75mm,Experiment_2
2025-10-23T02:11:38.353Z,98,1129,3087,420,1457,3915,3501,3288,14010,2242,2383,8790,Day_1,Medium,Fast,3.75mm,Experiment_2
2025-10-23T02:11:38.393Z,93,1114,3082,416,1445,3910,3501,3277,14026,2236,2380,8798,Day_1,Medium,Fast,3.75mm,Experiment_2
2025-10-23T02:11:38.433Z,88,1104,3079,410,1438,3904,3504,3276,14032,2234,2382,8797,Day_1,Medium,Fast,3.75mm,Experiment_2
2025-10-23T02:11:38.473Z,84,1106,3077,405,1442,3901,3512,3282,14028,2237,2388,8791,Day_1,Medium,Fast,3.75mm,Experiment_2
2025-10-23T02:11:38.513Z,81,1116,3076,405,1452,3899,3522,3288,14024,2243,2393,8788,Day_1,Medium,Fast,3.75mm,Experiment_2
2025-10-23T02:11:38.553Z,86,1124,3073,409,1459,3898,3523,3286,14031,2246,2393,8791,Day_1,Medium,Fast,3.75mm,Experiment_2
2025-10-23T02:11:38.593Z,97,1129,3070,417,1461,3897,3515,3287,14045,2246,2396,8799,Day_1,Medium,Fast,3.75mm,Experiment_2
2025-10-23T02:11:38.633Z,108,1130,3070,427,1460,3898,3509,3301,14055,2246,2404,8806,Day_1,Medium,Fast,3.75mm,Experiment_2
2025-10-23T02:11:38.673Z,113,1128,3073,432,1457,3900,3506,3322,14052,2251,2411,8807,Day_1,Medium,Fast,3.75mm,Experiment_2
2025-10-23T02:11:38.713Z,113,1121,3076,431,1452,3904,3504,3340,14039,2256,2417,8800,Day_1,Medium,Fast,3.75mm,Experiment_2
2025-10-23T02:11:38.753Z,109,1111,3080,426,1445,3908,3503,3353,14027,2257,2422,8789,Day_1,Medium,Fast,3.75mm,Experiment_2
2025-10-23T02:11:38.793Z,104,1105,3081,418,1441,3908,3505,3357,14020,2253,2423,8783,Day_1,Medium,Fast,3.75mm,Experiment_2
2025-10-23T02:11:38.833Z,99,1107,3082,412,1444,3904,3502,3351,14012,2249,2418,8782,Day_1,Medium,Fast,3.75mm,Experiment_2
2025-10-23T02:11:38.873Z,97,1114,3086,412,1450,3902,3496,3335,13997,2249,2407,8780,Day_1,Medium,Fast,3.75mm,Experiment_2
2025-10-23T02:11:38.913Z,97,1119,3091,415,1455,3907,3505,3318,13984,2257,2395,8777,Day_1,Medium,Fast,3.75mm,Experiment_2
2025-10-23T02:11:38.953Z,97,1118,3091,416,1453,3910,3529,3310,13985,2268,2388,8779,Day_1,Medium,Fast,3.75mm,Experiment_2
2025-10-23T02:11:38.993Z,95,1114,3084,415,1447,3905,3548,3313,14000,2274,2388,8783,Day_1,Medium,Fast,3.75mm,Experiment_2
2025-10-23T02:11:39.033Z,94,1109,3075,414,1443,3896,3546,3323,14010,2270,2394,8782,Day_1,Medium,Fast,3.75mm,Experiment_2
2025-10-23T02:11:39.073Z,94,1107,3067,415,1442,3888,3530,3334,14008,2261,2403,8778,Day_1,Medium,Fast,3.75mm,Experiment_2
2025-10-23T02:11:39.113Z,95,1108,3065,416,1443,3887,3509,3340,14001,2253,2414,8776,Day_1,Medium,Fast,3.75mm,Experiment_2
2025-10-23T02:11:39.153Z,96,1109,3068,414,1443,3892,3496,3333,13997,2249,2416,8778,Day_1,Medium,Fast,3.75mm,Experiment_2
2025-10-23T02:11:39.193Z,94,1107,3073,410,1443,3896,3496,3313,13998,2249,2405,8781,Day_1,Medium,Fast,3.75mm,Experiment_2
2025-10-23T02:11:39.233Z,92,1105,3079,408,1441,3899,3500,3293,13998,2249,2389,8781,Day_1,Medium,Fast,3.75mm,Experiment_2
2025-10-23T02:11:39.273Z,95,1105,3085,411,1440,3903,3497,3290,13997,2245,2383,8782,Day_1,Medium,Fast,3.75mm,Experiment_2
2025-10-23T02:11:39.313Z,97,1107,3087,414,1441,3905,3495,3306,14004,2242,2389,8786,Day_1,Medium,Fast,3.75mm,Experiment_2
2025-10-23T02:11:39.353Z,98,1109,3082,414,1444,3903,3510,3322,14014,2249,2397,8791,Day_1,Medium,Fast,3.75mm,Experiment_2
2025-10-23T02:11:39.393Z,95,1110,3077,413,1448,3896,3533,3325,14022,2264,2399,8793,Day_1,Medium,Fast,3.75mm,Experiment_2
2025-10-23T02:11:39.433Z,92,1110,3075,411,1451,3889,3543,3320,14025,2274,2398,8795,Day_1,Medium,Fast,3.75mm,Experiment_2
2025-10-23T02:11:39.473Z,91,1112,3077,409,1453,3886,3542,3322,14021,2274,2401,8795,Day_1,Medium,Fast,3.75mm,Experiment_2
2025-10-23T02:11:39.513Z,90,1117,3080,405,1457,3890,3541,3331,14014,2273,2407,8794,Day_1,Medium,Fast,3.75mm,Experiment_2
2025-10-23T02:11:39.553Z,89,1124,3080,401,1461,3895,3540,3336,14007,2275,2408,8790,Day_1,Medium,Fast,3.75mm,Experiment_2
2025-10-23T02:11:39.593Z,89,1126,3084,401,1459,3903,3538,3332,14000,2279,2406,8784,Day_1,Medium,Fast,3.75mm,Experiment_2
2025-10-23T02:11:39.633Z,92,1117,3091,406,1450,3913,3539,3322,13992,2282,2404,8778,Day_1,Medium,Fast,3.75mm,Experiment_2
2025-10-23T02:11:39.673Z,96,1107,3095,414,1441,3917,3538,3309,13990,2280,2403,8781,Day_1,Medium,Fast,3.75mm,Experiment_2
2025-10-23T02:11:39.713Z,99,1106,3092,421,1440,3915,3532,3299,13994,2273,2400,8789,Day_1,Medium,Fast,3.75mm,Experiment_2
2025-10-23T02:11:39.753Z,97,1115,3089,420,1448,3911,3526,3299,14001,2265,2398,8794,Day_1,Medium,Fast,3.75mm,Experiment_2
2025-10-23T02:11:39.793Z,90,1126,3084,416,1457,3905,3534,3309,14008,2265,2402,8799,Day_1,Medium,Fast,3.75mm,Experiment_2
2025-10-23T02:11:39.833Z,90,1133,3077,415,1464,3897,3555,3322,14014,2274,2414,8803,Day_1,Medium,Fast,3.75mm,Experiment_2
2025-10-23T02:11:39.873Z,95,1132,3074,418,1465,3891,3567,3337,14017,2282,2429,8803,Day_1,Medium,Fast,3.75mm,Experiment_2
2025-10-23T02:11:39.913Z,98,1128,3080,416,1461,3896,3559,3351,14025,2278,2439,8802,Day_1,Medium,Fast,3.75mm,Experiment_2
2025-10-23T02:11:39.953Z,98,1123,3089,413,1457,3906,3537,3357,14035,2264,2438,8803,Day_1,Medium,Fast,3.75mm,Experiment_2
2025-10-23T02:11:39.993Z,98,1122,3089,414,1455,3909,3514,3350,14038,2253,2424,8800,Day_1,Medium,Fast,3.75mm,Experiment_2
2025-10-23T02:11:40.033Z,101,1123,3080,418,1457,3902,3501,3333,14028,2250,2406,8792,Day_1,Medium,Fast,3.75mm,Experiment_2
2025-10-23T02:11:40.073Z,106,1123,3071,424,1458,3894,3506,3321,14007,2257,2395,8783,Day_1,Medium,Fast,3.75mm,Experiment_2
2025-10-23T02:11:40.113Z,113,1121,3068,429,1458,3892,3524,3322,13992,2269,2398,8782,Day_1,Medium,Fast,3.75mm,Experiment_2
2025-10-23T02:11:40.153Z,117,1119,3066,432,1455,3892,3539,3329,13997,2275,2406,8789,Day_1,Medium,Fast,3.75mm,Experiment_2
2025-10-23T02:11:40.193Z,115,1120,3063,432,1452,3888,3537,3326,14012,2274,2408,8794,Day_1,Medium,Fast,3.75mm,Experiment_2
2025-10-23T02:11:40.233Z,110,1123,3060,428,1453,3882,3525,3314,14023,2269,2404,8794,Day_1,Medium,Fast,3.75mm,Experiment_2
2025-10-23T02:11:40.273Z,107,1126,3060,428,1456,3881,3515,3306,14026,2261,2402,8791,Day_1,Medium,Fast,3.75mm,Experiment_2
2025-10-23T02:11:40.313Z,108,1126,3066,429,1456,3885,3515,3304,14024,2252,2403,8789,Day_1,Medium,Fast,3.75mm,Experiment_2
2025-10-23T02:11:40.353Z,110,1123,3073,427,1452,3891,3524,3288,14019,2252,2395,8789,Day_1,Medium,Fast,3.75mm,Experiment_2
2025-10-23T02:11:40.393Z,111,1118,3078,424,1448,3894,3538,3257,14020,2261,2376,8792,Day_1,Medium,Fast,3.75mm,Experiment_2
2025-10-23T02:11:40.433Z,114,1118,3074,426,1447,3891,3546,3244,14027,2269,2367,8796,Day_1,Medium,Fast,3.75mm,Experiment_2
2025-10-23T02:11:40.473Z,119,1124,3067,434,1452,3887,3546,3270,14028,2267,2379,8798,Day_1,Medium,Fast,3.75mm,Experiment_2
2025-10-23T02:11:40.513Z,122,1129,3066,440,1456,3888,3542,3309,14013,2263,2398,8792,Day_1,Medium,Fast,3.75mm,Experiment_2
2025-10-23T02:11:40.553Z,114,1128,3073,435,1456,3895,3537,3329,13988,2262,2406,8781,Day_1,Medium,Fast,3.75mm,Experiment_2
2025-10-23T02:11:40.593Z,104,1123,3083,423,1452,3902,3528,3330,13972,2262,2402,8776,Day_1,Medium,Fast,3.75mm,Experiment_2
2025-10-23T02:11:40.633Z,100,1117,3089,416,1446,3905,3518,3325,13969,2260,2398,8777,Day_1,Medium,Fast,3.75mm,Experiment_2
2025-10-23T02:11:40.673Z,103,1114,3094,416,1443,3908,3506,3330,13974,2256,2399,8778,Day_1,Medium,Fast,3.75mm,Experiment_2
2025-10-23T02:11:40.713Z,107,1113,3097,419,1442,3911,3490,3338,13982,2251,2401,8776,Day_1,Medium,Fast,3.75mm,Experiment_2
2025-10-23T02:11:40.753Z,110,1113,3095,422,1443,3911,3481,3343,13994,2249,2402,8775,Day_1,Medium,Fast,3.75mm,Experiment_2
2025-10-23T02:11:40.793Z,112,1113,3087,427,1443,3907,3483,3351,14008,2250,2410,8778,Day_1,Medium,Fast,3.75mm,Experiment_2
2025-10-23T02:11:40.833Z,114,1111,3078,432,1442,3902,3495,3356,14018,2251,2417,8785,Day_1,Medium,Fast,3.75mm,Experiment_2
2025-10-23T02:11:40.873Z,113,1111,3073,434,1444,3898,3510,3341,14022,2251,2412,8790,Day_1,Medium,Fast,3.75mm,Experiment_2
2025-10-23T02:11:40.913Z,111,1113,3074,433,1450,3897,3529,3316,14017,2259,2398,8793,Day_1,Medium,Fast,3.75mm,Experiment_2
2025-10-23T02:11:40.953Z,108,1117,3078,431,1458,3900,3541,3303,14007,2271,2390,8794,Day_1,Medium,Fast,3.75mm,Experiment_2
2025-10-23T02:11:40.993Z,108,1120,3083,429,1461,3906,3537,3308,13996,2277,2391,8793,Day_1,Medium,Fast,3.75mm,Experiment_2
2025-10-23T02:11:41.033Z,109,1118,3091,430,1457,3914,3525,3317,13988,2274,2398,8789,Day_1,Medium,Fast,3.75mm,Experiment_2
2025-10-23T02:11:41.073Z,107,1115,3096,429,1449,3917,3520,3321,13985,2267,2403,8787,Day_1,Medium,Fast,3.75mm,Experiment_2
2025-10-23T02:11:41.113Z,103,1117,3092,424,1447,3911,3519,3317,13991,2260,2405,8790,Day_1,Medium,Fast,3.75mm,Experiment_2
2025-10-23T02:11:41.153Z,100,1120,3084,420,1447,3902,3523,3309,14008,2257,2405,8796,Day_1,Medium,Fast,3.75mm,Experiment_2
2025-10-23T02:11:41.193Z,100,1116,3079,419,1442,3896,3535,3302,14027,2259,2404,8806,Day_1,Medium,Fast,3.75mm,Experiment_2
2025-10-23T02:11:41.233Z,101,1114,3074,418,1440,3894,3547,3296,14040,2261,2399,8815,Day_1,Medium,Fast,3.75mm,Experiment_2
2025-10-23T02:11:41.273Z,99,1118,3069,416,1448,3891,3544,3291,14047,2258,2390,8819,Day_1,Medium,Fast,3.75mm,Experiment_2
2025-10-23T02:11:41.313Z,96,1126,3068,412,1460,3891,3529,3289,14053,2252,2385,8817,Day_1,Medium,Fast,3.75mm,Experiment_2
2025-10-23T02:11:41.353Z,96,1132,3074,412,1468,3898,3523,3287,14056,2249,2385,8814,Day_1,Medium,Fast,3.75mm,Experiment_2
2025-10-23T02:11:41.393Z,102,1134,3084,419,1471,3909,3526,3282,14046,2252,2386,8807,Day_1,Medium,Fast,3.75mm,Experiment_2
2025-10-23T02:11:41.433Z,105,1132,3091,424,1467,3915,3524,3278,14031,2254,2389,8804,Day_1,Medium,Fast,3.75mm,Experiment_2
2025-10-23T02:11:41.473Z,100,1129,3091,421,1462,3914,3518,3284,14026,2256,2395,8807,Day_1,Medium,Fast,3.75mm,Experiment_2
2025-10-23T02:11:41.513Z,95,1131,3085,416,1462,3908,3520,3297,14033,2260,2402,8812,Day_1,Medium,Fast,3.75mm,Experiment_2
2025-10-23T02:11:41.553Z,97,1132,3078,417,1462,3901,3536,3307,14043,2268,2405,8815,Day_1,Medium,Fast,3.75mm,Experiment_2
2025-10-23T02:11:41.593Z,102,1127,3072,421,1458,3894,3555,3315,14049,2273,2406,8815,Day_1,Medium,Fast,3.75mm,Experiment_2
2025-10-23T02:11:41.633Z,103,1120,3068,423,1451,3888,3560,3328,14051,2275,2410,8813,Day_1,Medium,Fast,3.75mm,Experiment_2
2025-10-23T02:11:41.673Z,103,1115,3070,423,1450,3888,3558,3345,14049,2280,2415,8809,Day_1,Medium,Fast,3.75mm,Experiment_2
2025-10-23T02:11:41.713Z,106,1117,3079,424,1456,3893,3552,3350,14042,2286,2413,8801,Day_1,Medium,Fast,3.75mm,Experiment_2
2025-10-23T02:11:41.753Z,112,1125,3089,429,1465,3902,3546,3342,14031,2285,2409,8794,Day_1,Medium,Fast,3.75mm,Experiment_2
2025-10-23T02:11:41.793Z,120,1134,3095,436,1471,3908,3539,3342,14018,2280,2410,8789,Day_1,Medium,Fast,3.75mm,Experiment_2
2025-10-23T02:11:41.833Z,125,1138,3092,439,1471,3908,3532,3346,14002,2275,2413,8783,Day_1,Medium,Fast,3.75mm,Experiment_2
2025-10-23T02:11:41.873Z,119,1139,3083,432,1469,3901,3527,3342,13992,2272,2409,8779,Day_1,Medium,Fast,3.75mm,Experiment_2
2025-10-23T02:11:41.913Z,106,1137,3073,419,1468,3892,3527,3334,13996,2272,2403,8781,Day_1,Medium,Fast,3.75mm,Experiment_2
2025-10-23T02:11:41.953Z,96,1132,3068,412,1466,3888,3530,3333,14014,2272,2402,8787,Day_1,Medium,Fast,3.75mm,Experiment_2
2025-10-23T02:11:41.993Z,95,1127,3070,412,1463,3888,3531,3336,14034,2270,2408,8794,Day_1,Medium,Fast,3.75mm,Experiment_2
2025-10-23T02:11:42.033Z,101,1125,3074,417,1461,3890,3529,3339,14042,2268,2414,8798,Day_1,Medium,Fast,3.75mm,Experiment_2
2025-10-23T02:11:42.073Z,107,1124,3077,420,1459,3892,3526,3334,14029,2269,2413,8797,Day_1,Medium,Fast,3.75mm,Experiment_2
2025-10-23T02:11:42.113Z,112,1123,3077,425,1457,3893,3521,3317,14009,2269,2405,8793,Day_1,Medium,Fast,3.75mm,Experiment_2
2025-10-23T02:11:42.154Z,119,1123,3076,433,1456,3893,3508,3302,14008,2262,2396,8793,Day_1,Medium,Fast,3.75mm,Experiment_2
2025-10-23T02:11:42.194Z,125,1122,3078,439,1456,3895,3488,3302,14027,2255,2395,8795,Day_1,Medium,Fast,3.75mm,Experiment_2
2025-10-23T02:11:42.234Z,126,1116,3082,439,1451,3900,3473,3313,14036,2257,2399,8793,Day_1,Medium,Fast,3.75mm,Experiment_2
2025-10-23T02:11:42.274Z,125,1110,3088,437,1446,3908,3476,3318,14026,2263,2403,8786,Day_1,Medium,Fast,3.75mm,Experiment_2
2025-10-23T02:11:42.314Z,121,1113,3089,435,1447,3912,3495,3310,14008,2265,2400,8781,Day_1,Medium,Fast,3.75mm,Experiment_2
2025-10-23T02:11:42.354Z,113,1123,3081,429,1454,3906,3516,3299,13997,2264,2393,8783,Day_1,Medium,Fast,3.75mm,Experiment_2
2025-10-23T02:11:42.394Z,107,1129,3065,423,1460,3891,3530,3297,13996,2265,2390,8790,Day_1,Medium,Fast,3.75mm,Experiment_2
2025-10-23T02:11:42.434Z,109,1128,3054,423,1461,3881,3529,3299,14002,2264,2391,8798,Day_1,Medium,Fast,3.75mm,Experiment_2
2025-10-23T02:11:42.474Z,113,1124,3052,427,1461,3880,3509,3301,14005,2256,2394,8799,Day_1,Medium,Fast,3.75mm,Experiment_2
2025-10-23T02:11:42.514Z,114,1123,3058,429,1462,3885,3482,3314,14009,2245,2402,8797,Day_1,Medium,Fast,3.75mm,Experiment_2
2025-10-23T02:11:42.554Z,112,1123,3068,427,1463,3891,3465,3335,14021,2239,2414,8797,Day_1,Medium,Fast,3.75mm,Experiment_2
2025-10-23T02:11:42.594Z,107,1122,3072,421,1461,3893,3465,3348,14038,2241,2424,8800,Day_1,Medium,Fast,3.75mm,Experiment_2
2025-10-23T02:11:42.634Z,100,1119,3071,415,1456,3890,3475,3341,14047,2248,2421,8800,Day_1,Medium,Fast,3.75mm,Experiment_2
2025-10-23T02:11:42.674Z,94,1117,3071,412,1451,3888,3491,3325,14044,2256,2413,8798,Day_1,Medium,Fast,3.75mm,Experiment_2
2025-10-23T02:11:42.714Z,93,1119,3075,412,1451,3891,3509,3316,14038,2264,2411,8796,Day_1,Medium,Fast,3.75mm,Experiment_2
2025-10-23T02:11:42.754Z,94,1122,3077,414,1453,3894,3518,3312,14033,2268,2412,8793,Day_1,Medium,Fast,3.75mm,Experiment_2
2025-10-23T02:11:42.794Z,95,1121,3076,415,1452,3895,3512,3304,14032,2266,2408,8792,Day_1,Medium,Fast,3.75mm,Experiment_2
2025-10-23T02:11:42.834Z,96,1115,3078,414,1446,3897,3500,3299,14035,2258,2404,8797,Day_1,Medium,Fast,3.75mm,Experiment_2
2025-10-23T02:11:42.874Z,98,1107,3083,414,1439,3902,3489,3305,14034,2248,2404,8800,Day_1,Medium,Fast,3.75mm,Experiment_2
2025-10-23T02:11:42.914Z,101,1102,3089,415,1433,3909,3485,3312,14019,2243,2403,8793,Day_1,Medium,Fast,3.75mm,Experiment_2
2025-10-23T02:11:42.954Z,105,1103,3092,418,1434,3914,3490,3304,13999,2247,2399,8780,Day_1,Medium,Fast,3.75mm,Experiment_2
2025-10-23T02:11:42.994Z,108,1106,3093,423,1439,3916,3501,3281,13991,2252,2396,8773,Day_1,Medium,Fast,3.75mm,Experiment_2
2025-10-23T02:11:43.034Z,109,1106,3093,428,1442,3913,3509,3259,14000,2256,2403,8777,Day_1,Medium,Fast,3.75mm,Experiment_2
2025-10-23T02:11:43.074Z,108,1104,3093,429,1442,3910,3519,3265,14010,2263,2416,8781,Day_1,Medium,Fast,3.75mm,Experiment_2
2025-10-23T02:11:43.114Z,109,1106,3090,429,1445,3907,3526,3291,14006,2269,2418,8779,Day_1,Medium,Fast,3.75mm,Experiment_2
2025-10-23T02:11:43.154Z,110,1111,3086,428,1451,3904,3519,3306,13992,2269,2407,8774,Day_1,Medium,Fast,3.75mm,Experiment_2
2025-10-23T02:11:43.194Z,111,1117,3084,426,1457,3904,3507,3305,13982,2265,2393,8771,Day_1,Medium,Fast,3.75mm,Experiment_2
2025-10-23T02:11:43.234Z,110,1122,3082,425,1461,3904,3503,3298,13987,2264,2382,8774,Day_1,Medium,Fast,3.75mm,Experiment_2
2025-10-23T02:11:43.274Z,107,1125,3077,422,1462,3899,3513,3292,14009,2267,2377,8788,Day_1,Medium,Fast,3.75mm,Experiment_2
2025-10-23T02:11:43.314Z,103,1123,3073,417,1458,3893,3529,3293,14031,2271,2382,8803,Day_1,Medium,Fast,3.75mm,Experiment_2
2025-10-23T02:11:43.354Z,101,1119,3075,415,1453,3893,3543,3306,14039,2273,2393,8809,Day_1,Medium,Fast,3.75mm,Experiment_2
2025-10-23T02:11:43.394Z,103,1120,3081,419,1451,3896,3548,3324,14042,2272,2404,8809,Day_1,Medium,Fast,3.75mm,Experiment_2
2025-10-23T02:11:43.434Z,105,1122,3083,423,1452,3897,3546,3329,14051,2269,2406,8813,Day_1,Medium,Fast,3.75mm,Experiment_2
2025-10-23T02:11:43.474Z,102,1123,3081,421,1454,3898,3545,3319,14057,2267,2401,8815,Day_1,Medium,Fast,3.75mm,Experiment_2
2025-10-23T02:11:43.514Z,96,1125,3081,415,1457,3899,3544,3318,14047,2266,2402,8806,Day_1,Medium,Fast,3.75mm,Experiment_2
2025-10-23T02:11:43.554Z,93,1130,3080,413,1459,3899,3536,3333,14029,2261,2410,8793,Day_1,Medium,Fast,3.75mm,Experiment_2
2025-10-23T02:11:43.594Z,95,1132,3078,417,1460,3897,3523,3344,14016,2257,2415,8784,Day_1,Medium,Fast,3.75mm,Experiment_2
2025-10-23T02:11:43.634Z,98,1131,3076,421,1460,3896,3518,3332,14009,2257,2407,8783,Day_1,Medium,Fast,3.75mm,Experiment_2
2025-10-23T02:11:43.674Z,101,1131,3076,421,1460,3897,3521,3311,14005,2258,2397,8786,Day_1,Medium,Fast,3.75mm,Experiment_2
2025-10-23T02:11:43.714Z,104,1130,3078,421,1461,3898,3522,3304,14011,2259,2396,8793,Day_1,Medium,Fast,3.75mm,Experiment_2
2025-10-23T02:11:43.754Z,107,1124,3079,421,1458,3896,3512,3314,14026,2254,2401,8798,Day_1,Medium,Fast,3.75mm,Experiment_2
2025-10-23T02:11:43.794Z,107,1117,3080,419,1453,3895,3499,3323,14042,2244,2405,8801,Day_1,Medium,Fast,3.75mm,Experiment_2
2025-10-23T02:11:43.834Z,99,1115,3082,413,1453,3897,3495,3322,14055,2238,2404,8803,Day_1,Medium,Fast,3.75mm,Experiment_2
2025-10-23T02:11:43.874Z,91,1116,3082,408,1456,3897,3496,3319,14064,2242,2402,8807,Day_1,Medium,Fast,3.75mm,Experiment_2
2025-10-23T02:11:43.914Z,91,1113,3077,410,1453,3893,3497,3319,14069,2249,2401,8813,Day_1,Medium,Fast,3.75mm,Experiment_2
2025-10-23T02:11:43.954Z,95,1108,3077,416,1446,3893,3492,3317,14070,2248,2400,8817,Day_1,Medium,Fast,3.75mm,Experiment_2
2025-10-23T02:11:43.994Z,100,1109,3085,419,1444,3901,3484,3315,14065,2242,2399,8814,Day_1,Medium,Fast,3.75mm,Experiment_2
2025-10-23T02:11:44.034Z,103,1116,3093,420,1449,3910,3480,3320,14054,2239,2401,8805,Day_1,Medium,Fast,3.75mm,Experiment_2
2025-10-23T02:11:44.074Z,106,1123,3092,421,1457,3911,3486,3328,14033,2244,2405,8793,Day_1,Medium,Fast,3.75mm,Experiment_2
2025-10-23T02:11:44.114Z,111,1128,3084,425,1462,3906,3495,3328,14006,2252,2408,8783,Day_1,Medium,Fast,3.75mm,Experiment_2
2025-10-23T02:11:44.154Z,114,1130,3080,429,1464,3904,3504,3317,13996,2259,2407,8784,Day_1,Medium,Fast,3.75mm,Experiment_2
2025-10-23T02:11:44.194Z,111,1130,3083,428,1463,3907,3519,3307,14009,2267,2405,8795,Day_1,Medium,Fast,3.75mm,Experiment_2
2025-10-23T02:11:44.234Z,102,1128,3087,421,1460,3909,3541,3302,14026,2274,2403,8806,Day_1,Medium,Fast,3.75mm,Experiment_2
2025-10-23T02:11:44.274Z,95,1128,3085,417,1461,3904,3550,3300,14035,2275,2401,8810,Day_1,Medium,Fast,3.75mm,Experiment_2
2025-10-23T02:11:44.314Z,95,1131,3080,419,1465,3899,3535,3303,14036,2269,2402,8808,Day_1,Medium,Fast,3.75mm,Experiment_2
2025-10-23T02:11:44.354Z,99,1135,3077,423,1467,3896,3510,3316,14030,2261,2410,8802,Day_1,Medium,Fast,3.75mm,Experiment_2
2025-10-23T02:11:44.394Z,103,1138,3075,425,1468,3893,3500,3326,14024,2257,2415,8794,Day_1,Medium,Fast,3.75mm,Experiment_2
2025-10-23T02:11:44.434Z,106,1140,3074,428,1472,3892,3510,3328,14021,2259,2415,8789,Day_1,Medium,Fast,3.75mm,Experiment_2
2025-10-23T02:11:44.474Z,108,1141,3078,430,1474,3898,3525,3332,14018,2264,2417,8788,Day_1,Medium,Fast,3.75mm,Experiment_2
2025-10-23T02:11:44.514Z,110,1135,3081,432,1470,3905,3529,3341,14015,2267,2425,8787,Day_1,Medium,Fast,3.75mm,Experiment_2
2025-10-23T02:11:44.554Z,115,1123,3080,438,1461,3910,3524,3348,14018,2267,2433,8787,Day_1,Medium,Fast,3.75mm,Experiment_2
2025-10-23T02:11:44.594Z,122,1105,3076,446,1453,3908,3519,3357,14032,2269,2436,8793,Day_1,Medium,Fast,3.75mm,Experiment_2
2025-10-23T02:11:44.634Z,126,1088,3071,448,1449,3902,3518,3358,14049,2271,2427,8804,Day_1,Medium,Fast,3.75mm,Experiment_2
2025-10-23T02:11:44.674Z,121,1088,3069,440,1455,3898,3519,3339,14056,2270,2408,8814,Day_1,Medium,Fast,3.75mm,Experiment_2
2025-10-23T02:11:44.714Z,111,1108,3071,429,1464,3897,3514,3308,14052,2263,2390,8818,Day_1,Medium,Fast,3.75mm,Experiment_2
2025-10-23T02:11:44.754Z,106,1125,3075,424,1466,3899,3508,3294,14042,2254,2385,8815,Day_1,Medium,Fast,3.75mm,Experiment_2
2025-10-23T02:11:44.794Z,105,1127,3078,424,1458,3899,3505,3305,14036,2245,2392,8811,Day_1,Medium,Fast,3.75mm,Experiment_2
2025-10-23T02:11:44.834Z,103,1121,3077,421,1451,3897,3501,3319,14036,2240,2399,8807,Day_1,Medium,Fast,3.75mm,Experiment_2
2025-10-23T02:11:44.874Z,99,1120,3072,415,1451,3891,3498,3316,14040,2241,2397,8804,Day_1,Medium,Fast,3.75mm,Experiment_2
2025-10-23T02:11:44.914Z,94,1124,3071,410,1455,3888,3499,3305,14043,2247,2393,8803,Day_1,Medium,Fast,3.75mm,Experiment_2
2025-10-23T02:11:44.954Z,93,1126,3076,411,1456,3891,3497,3303,14042,2253,2395,8801,Day_1,Medium,Fast,3.75mm,Experiment_2
2025-10-23T02:11:44.994Z,95,1127,3084,414,1458,3900,3497,3308,14034,2258,2401,8797,Day_1,Medium,Fast,3.75mm,Experiment_2
2025-10-23T02:11:45.034Z,97,1129,3088,417,1462,3908,3507,3310,14020,2264,2404,8794,Day_1,Medium,Fast,3.75mm,Experiment_2
2025-10-23T02:11:45.074Z,99,1132,3086,418,1466,3909,3523,3313,14012,2270,2407,8799,Day_1,Medium,Fast,3.75mm,Experiment_2
2025-10-23T02:11:45.114Z,101,1134,3081,417,1467,3904,3532,3321,14016,2273,2416,8807,Day_1,Medium,Fast,3.75mm,Experiment_2
2025-10-23T02:11:45.154Z,103,1133,3079,417,1466,3900,3535,3329,14031,2273,2424,8812,Day_1,Medium,Fast,3.75mm,Experiment_2
2025-10-23T02:11:45.194Z,105,1129,3080,418,1464,3900,3540,3326,14048,2271,2421,8813,Day_1,Medium,Fast,3.75mm,Experiment_2
2025-10-23T02:11:45.234Z,109,1124,3082,422,1462,3901,3544,3316,14053,2265,2408,8816,Day_1,Medium,Fast,3.75mm,Experiment_2
2025-10-23T02:11:45.274Z,110,1120,3083,424,1460,3903,3535,3311,14049,2258,2398,8818,Day_1,Medium,Fast,3.75mm,Experiment_2
2025-10-23T02:11:45.314Z,106,1120,3087,421,1458,3907,3520,3315,14043,2255,2394,8813,Day_1,Medium,Fast,3.75mm,Experiment_2
2025-10-23T02:11:45.354Z,100,1119,3090,417,1455,3908,3515,3325,14037,2256,2397,8807,Day_1,Medium,Fast,3.75mm,Experiment_2
2025-10-23T02:11:45.394Z,97,1120,3087,416,1456,3904,3523,3332,14030,2259,2400,8802,Day_1,Medium,Fast,3.75mm,Experiment_2
2025-10-23T02:11:45.434Z,96,1126,3077,417,1465,3897,3532,3328,14019,2260,2399,8799,Day_1,Medium,Fast,3.75mm,Experiment_2
2025-10-23T02:11:45.474Z,92,1134,3070,415,1474,3892,3534,3323,14007,2263,2401,8797,Day_1,Medium,Fast,3.75mm,Experiment_2
2025-10-23T02:11:45.514Z,85,1137,3068,409,1477,3890,3528,3327,14003,2265,2408,8799,Day_1,Medium,Fast,3.75mm,Experiment_2
2025-10-23T02:11:45.554Z,83,1132,3071,404,1472,3889,3520,3331,14000,2264,2413,8797,Day_1,Medium,Fast,3.75mm,Experiment_2
2025-10-23T02:11:45.594Z,88,1123,3074,405,1463,3891,3513,3331,13988,2260,2414,8787,Day_1,Medium,Fast,3.75mm,Experiment_2
2025-10-23T02:11:45.634Z,96,1115,3077,411,1453,3894,3508,3333,13983,2257,2415,8780,Day_1,Medium,Fast,3.75mm,Experiment_2
2025-10-23T02:11:45.674Z,103,1108,3081,418,1446,3899,3512,3335,13994,2257,2415,8781,Day_1,Medium,Fast,3.75mm,Experiment_2
2025-10-23T02:11:45.714Z,107,1106,3083,426,1444,3902,3524,3329,14011,2257,2410,8788,Day_1,Medium,Fast,3.75mm,Experiment_2
2025-10-23T02:11:45.754Z,109,1109,3081,430,1446,3901,3533,3315,14030,2255,2399,8797,Day_1,Medium,Fast,3.75mm,Experiment_2
2025-10-23T02:11:45.794Z,110,1114,3080,430,1451,3900,3529,3300,14045,2253,2391,8804,Day_1,Medium,Fast,3.75mm,Experiment_2
2025-10-23T02:11:45.834Z,114,1120,3081,429,1454,3902,3518,3296,14039,2251,2390,8798,Day_1,Medium,Fast,3.75mm,Experiment_2
2025-10-23T02:11:45.874Z,118,1125,3083,430,1455,3904,3511,3306,14009,2251,2395,8780,Day_1,Medium,Fast,3.75mm,Experiment_2
2025-10-23T02:11:45.914Z,116,1127,3081,428,1456,3904,3510,3323,13980,2254,2403,8765,Day_1,Medium,Fast,3.75mm,Experiment_2
2025-10-23T02:11:45.954Z,108,1126,3075,424,1455,3899,3507,3328,13969,2258,2406,8766,Day_1,Medium,Fast,3.75mm,Experiment_2
2025-10-23T02:11:45.994Z,102,1121,3071,421,1451,3893,3502,3318,13976,2262,2400,8777,Day_1,Medium,Fast,3.75mm,Experiment_2
2025-10-23T02:11:46.034Z,103,1114,3073,424,1446,3893,3500,3308,13991,2262,2392,8786,Day_1,Medium,Fast,3.75mm,Experiment_2
2025-10-23T02:11:46.074Z,110,1112,3078,430,1445,3898,3502,3312,14006,2257,2392,8791,Day_1,Medium,Fast,3.75mm,Experiment_2
2025-10-23T02:11:46.115Z,113,1116,3081,431,1449,3902,3502,3326,14015,2252,2398,8795,Day_1,Medium,Fast,3.75mm,Experiment_2
2025-10-23T02:11:46.155Z,112,1121,3081,429,1453,3903,3499,3338,14027,2247,2405,8801,Day_1,Medium,Fast,3.75mm,Experiment_2
2025-10-23T02:11:46.195Z,111,1123,3080,429,1454,3899,3501,3345,14047,2247,2416,8811,Day_1,Medium,Fast,3.75mm,Experiment_2
2025-10-23T02:11:46.235Z,111,1120,3079,430,1454,3895,3512,3354,14065,2253,2429,8817,Day_1,Medium,Fast,3.75mm,Experiment_2
2025-10-23T02:11:46.275Z,106,1114,3078,426,1451,3894,3527,3361,14067,2262,2436,8815,Day_1,Medium,Fast,3.75mm,Experiment_2
2025-10-23T02:11:46.315Z,102,1111,3076,421,1450,3895,3538,3359,14047,2270,2432,8802,Day_1,Medium,Fast,3.75mm,Experiment_2
2025-10-23T02:11:46.355Z,103,1112,3075,422,1450,3897,3539,3345,14012,2275,2420,8785,Day_1,Medium,Fast,3.75mm,Experiment_2
2025-10-23T02:11:46.395Z,105,1114,3076,426,1449,3899,3534,3330,13983,2275,2407,8776,Day_1,Medium,Fast,3.75mm,Experiment_2
2025-10-23T02:11:46.435Z,102,1112,3075,426,1446,3895,3532,3323,13978,2275,2398,8781,Day_1,Medium,Fast,3.75mm,Experiment_2
2025-10-23T02:11:46.475Z,98,1113,3070,423,1445,3888,3532,3318,13987,2275,2393,8787,Day_1,Medium,Fast,3.75mm,Experiment_2
2025-10-23T02:11:46.515Z,97,1118,3068,421,1449,3885,3530,3307,13996,2274,2387,8786,Day_1,Medium,Fast,3.75mm,Experiment_2
2025-10-23T02:11:46.555Z,101,1123,3072,424,1455,3890,3526,3296,14004,2273,2382,8784,Day_1,Medium,Fast,3.75mm,Experiment_2
2025-10-23T02:11:46.595Z,105,1121,3081,427,1456,3900,3521,3295,14016,2270,2384,8787,Day_1,Medium,Fast,3.75mm,Experiment_2
2025-10-23T02:11:46.635Z,106,1114,3087,427,1452,3905,3514,3307,14026,2263,2391,8792,Day_1,Medium,Fast,3.75mm,Experiment_2
2025-10-23T02:11:46.675Z,106,1109,3087,426,1450,3904,3509,3323,14023,2256,2399,8794,Day_1,Medium,Fast,3.75mm,Experiment_2
2025-10-23T02:11:46.715Z,107,1109,3085,425,1450,3901,3510,3329,14009,2251,2403,8793,Day_1,Medium,Fast,3.75mm,Experiment_2
2025-10-23T02:11:46.755Z,107,1115,3084,425,1454,3899,3509,3328,14000,2248,2405,8794,Day_1,Medium,Fast,3.75mm,Experiment_2
2025-10-23T02:11:46.795Z,109,1126,3081,427,1461,3897,3504,3323,13999,2251,2407,8796,Day_1,Medium,Fast,3.75mm,Experiment_2
2025-10-23T02:11:46.835Z,112,1132,3077,429,1465,3895,3502,3314,13995,2261,2402,8792,Day_1,Medium,Fast,3.75mm,Experiment_2
2025-10-23T02:11:46.875Z,112,1132,3079,428,1464,3899,3508,3308,13986,2270,2398,8786,Day_1,Medium,Fast,3.75mm,Experiment_2
2025-10-23T02:11:46.915Z,107,1127,3085,422,1459,3905,3512,3307,13980,2272,2396,8782,Day_1,Medium,Fast,3.75mm,Experiment_2
2025-10-23T02:11:46.955Z,103,1123,3087,417,1453,3906,3514,3304,13981,2269,2398,8782,Day_1,Medium,Fast,3.75mm,Experiment_2
2025-10-23T02:11:46.995Z,105,1121,3083,419,1449,3904,3514,3308,13997,2263,2405,8789,Day_1,Medium,Fast,3.75mm,Experiment_2
2025-10-23T02:11:47.035Z,106,1118,3078,421,1447,3901,3505,3318,14023,2254,2410,8800,Day_1,Medium,Fast,3.75mm,Experiment_2
2025-10-23T02:11:47.075Z,107,1114,3074,421,1446,3897,3491,3321,14046,2246,2407,8811,Day_1,Medium,Fast,3.75mm,Experiment_2
2025-10-23T02:11:47.115Z,108,1109,3074,420,1446,3896,3489,3317,14058,2246,2400,8815,Day_1,Medium,Fast,3.75mm,Experiment_2
2025-10-23T02:11:47.155Z,104,1107,3079,416,1447,3900,3509,3313,14054,2255,2396,8810,Day_1,Medium,Fast,3.75mm,Experiment_2
2025-10-23T02:11:47.195Z,100,1108,3085,413,1446,3907,3538,3313,14035,2267,2397,8800,Day_1,Medium,Fast,3.75mm,Experiment_2
2025-10-23T02:11:47.235Z,104,1111,3085,418,1446,3911,3555,3319,14011,2274,2404,8790,Day_1,Medium,Fast,3.75mm,Experiment_2
2025-10-23T02:11:47.275Z,115,1117,3084,430,1449,3910,3555,3328,13996,2276,2412,8785,Day_1,Medium,Fast,3.75mm,Experiment_2
2025-10-23T02:11:47.315Z,120,1125,3082,435,1456,3906,3540,3331,13993,2273,2414,8786,Day_1,Medium,Fast,3.75mm,Experiment_2
2025-10-23T02:11:47.355Z,116,1130,3082,430,1462,3904,3524,3317,13999,2266,2407,8788,Day_1,Medium,Fast,3.75mm,Experiment_2
2025-10-23T02:11:47.395Z,108,1132,3085,422,1465,3906,3518,3301,14006,2260,2398,8787,Day_1,Medium,Fast,3.75mm,Experiment_2
2025-10-23T02:11:47.435Z,101,1134,3087,416,1467,3910,3519,3304,14014,2258,2401,8790,Day_1,Medium,Fast,3.75mm,Experiment_2
2025-10-23T02:11:47.475Z,100,1136,3086,417,1469,3910,3519,3326,14025,2257,2413,8799,Day_1,Medium,Fast,3.75mm,Experiment_2
2025-10-23T02:11:47.515Z,106,1132,3085,423,1467,3908,3512,3342,14035,2254,2422,8810,Day_1,Medium,Fast,3.75mm,Experiment_2
2025-10-23T02:11:47.555Z,108,1126,3085,426,1462,3908,3503,3350,14042,2246,2429,8813,Day_1,Medium,Fast,3.75mm,Experiment_2
2025-10-23T02:11:47.595Z,101,1123,3082,422,1457,3906,3504,3365,14041,2243,2439,8807,Day_1,Medium,Fast,3.75mm,Experiment_2
2025-10-23T02:11:47.635Z,91,1124,3079,415,1456,3903,3513,3382,14033,2245,2446,8798,Day_1,Medium,Fast,3.75mm,Experiment_2
2025-10-23T02:11:47.675Z,86,1125,3078,410,1458,3903,3510,3386,14020,2245,2446,8789,Day_1,Medium,Fast,3.75mm,Experiment_2
2025-10-23T02:11:47.715Z,88,1122,3080,409,1457,3908,3490,3379,14007,2241,2441,8785,Day_1,Medium,Fast,3.75mm,Experiment_2
2025-10-23T02:11:47.755Z,92,1115,3081,410,1452,3910,3474,3372,14006,2241,2437,8788,Day_1,Medium,Fast,3.75mm,Experiment_2
2025-10-23T02:11:47.795Z,92,1110,3081,410,1447,3906,3478,3360,14011,2247,2428,8793,Day_1,Medium,Fast,3.75mm,Experiment_2
2025-10-23T02:11:47.835Z,91,1109,3079,410,1444,3900,3494,3336,14008,2254,2413,8792,Day_1,Medium,Fast,3.75mm,Experiment_2
2025-10-23T02:11:47.875Z,91,1109,3078,416,1443,3895,3511,3312,14003,2260,2401,8791,Day_1,Medium,Fast,3.75mm,Experiment_2
2025-10-23T02:11:47.915Z,93,1108,3080,421,1442,3894,3524,3303,14004,2266,2401,8794,Day_1,Medium,Fast,3.75mm,Experiment_2
2025-10-23T02:11:47.955Z,97,1111,3084,422,1445,3897,3529,3308,14015,2268,2410,8801,Day_1,Medium,Fast,3.75mm,Experiment_2
2025-10-23T02:11:47.995Z,101,1119,3088,422,1452,3901,3527,3313,14034,2266,2414,8810,Day_1,Medium,Fast,3.75mm,Experiment_2
2025-10-23T02:11:48.035Z,109,1129,3092,426,1460,3905,3530,3316,14050,2263,2410,8812,Day_1,Medium,Fast,3.75mm,Experiment_2
2025-10-23T02:11:48.075Z,115,1136,3096,431,1466,3908,3534,3320,14048,2261,2406,8804,Day_1,Medium,Fast,3.75mm,Experiment_2
2025-10-23T02:11:48.115Z,116,1137,3099,432,1467,3912,3523,3314,14024,2258,2400,8790,Day_1,Medium,Fast,3.75mm,Experiment_2
2025-10-23T02:11:48.155Z,112,1132,3103,427,1465,3917,3500,3300,13996,2252,2393,8778,Day_1,Medium,Fast,3.75mm,Experiment_2
2025-10-23T02:11:48.195Z,110,1126,3107,424,1461,3920,3489,3302,13984,2252,2397,8776,Day_1,Medium,Fast,3.75mm,Experiment_2
2025-10-23T02:11:48.235Z,113,1122,3107,428,1459,3919,3505,3326,13986,2265,2413,8783,Day_1,Medium,Fast,3.75mm,Experiment_2
2025-10-23T02:11:48.275Z,116,1118,3098,431,1456,3912,3538,3353,13992,2283,2427,8790,Day_1,Medium,Fast,3.75mm,Experiment_2
2025-10-23T02:11:48.315Z,114,1114,3083,429,1453,3900,3564,3363,14000,2291,2428,8792,Day_1,Medium,Fast,3.75mm,Experiment_2
2025-10-23T02:11:48.355Z,108,1113,3070,423,1451,3890,3568,3348,14007,2287,2416,8792,Day_1,Medium,Fast,3.75mm,Experiment_2
2025-10-23T02:11:48.395Z,99,1116,3065,416,1453,3884,3561,3321,14009,2279,2400,8791,Day_1,Medium,Fast,3.75mm,Experiment_2
2025-10-23T02:11:48.435Z,89,1119,3062,409,1456,3881,3558,3305,14008,2275,2391,8792,Day_1,Medium,Fast,3.75mm,Experiment_2
2025-10-23T02:11:48.475Z,82,1121,3059,402,1457,3880,3553,3309,14014,2273,2392,8798,Day_1,Medium,Fast,3.75mm,Experiment_2
2025-10-23T02:11:48.515Z,84,1123,3057,402,1459,3881,3536,3324,14023,2267,2398,8805,Day_1,Medium,Fast,3.75mm,Experiment_2
2025-10-23T02:11:48.555Z,96,1126,3060,413,1461,3884,3512,3336,14023,2258,2403,8805,Day_1,Medium,Fast,3.75mm,Experiment_2
2025-10-23T02:11:48.595Z,108,1130,3064,425,1463,3888,3491,3331,14010,2251,2400,8797,Day_1,Medium,Fast,3.75mm,Experiment_2
2025-10-23T02:11:48.635Z,110,1131,3069,427,1465,3893,3483,3318,14000,2251,2395,8787,Day_1,Medium,Fast,3.75mm,Experiment_2
2025-10-23T02:11:48.675Z,103,1131,3075,420,1464,3895,3489,3312,14004,2255,2394,8781,Day_1,Medium,Fast,3.75mm,Experiment_2
2025-10-23T02:11:48.715Z,98,1130,3079,414,1459,3894,3499,3309,14015,2258,2395,8780,Day_1,Medium,Fast,3.75mm,Experiment_2
2025-10-23T02:11:48.755Z,100,1129,3079,414,1455,3894,3502,3297,14018,2254,2390,8776,Day_1,Medium,Fast,3.75mm,Experiment_2
2025-10-23T02:11:48.795Z,102,1127,3079,415,1455,3898,3502,3285,14012,2248,2383,8771,Day_1,Medium,Fast,3.75mm,Experiment_2
2025-10-23T02:11:48.835Z,102,1127,3081,414,1457,3902,3506,3288,14007,2249,2385,8772,Day_1,Medium,Fast,3.75mm,Experiment_2
2025-10-23T02:11:48.875Z,101,1126,3084,413,1461,3903,3513,3301,14009,2256,2394,8781,Day_1,Medium,Fast,3.75mm,Experiment_2
2025-10-23T02:11:48.915Z,103,1124,3083,417,1462,3900,3520,3304,14011,2260,2397,8790,Day_1,Medium,Fast,3.75mm,Experiment_2
2025-10-23T02:11:48.955Z,106,1121,3079,422,1459,3895,3523,3295,14009,2256,2391,8793,Day_1,Medium,Fast,3.75mm,Experiment_2
2025-10-23T02:11:48.995Z,110,1120,3075,428,1457,3893,3513,3287,14007,2249,2386,8795,Day_1,Medium,Fast,3.75mm,Experiment_2
2025-10-23T02:11:49.035Z,115,1125,3076,431,1460,3897,3498,3286,14005,2247,2390,8795,Day_1,Medium,Fast,3.75mm,Experiment_2
2025-10-23T02:11:49.075Z,116,1130,3077,431,1463,3902,3490,3291,14004,2251,2398,8792,Day_1,Medium,Fast,3.75mm,Experiment_2
2025-10-23T02:11:49.115Z,112,1130,3076,429,1461,3902,3497,3298,14007,2257,2400,8792,Day_1,Medium,Fast,3.75mm,Experiment_2
2025-10-23T02:11:49.155Z,109,1127,3077,429,1459,3901,3516,3313,14014,2261,2399,8794,Day_1,Medium,Fast,3.75mm,Experiment_2
2025-10-23T02:11:49.195Z,109,1124,3085,430,1460,3904,3538,3338,14022,2263,2403,8798,Day_1,Medium,Fast,3.75mm,Experiment_2
2025-10-23T02:11:49.235Z,109,1124,3094,429,1463,3909,3553,3361,14028,2265,2412,8797,Day_1,Medium,Fast,3.75mm,Experiment_2
2025-10-23T02:11:49.275Z,105,1125,3097,426,1465,3910,3555,3370,14037,2267,2420,8798,Day_1,Medium,Fast,3.75mm,Experiment_2
2025-10-23T02:11:49.315Z,101,1124,3093,422,1463,3906,3546,3364,14057,2267,2423,8805,Day_1,Medium,Fast,3.75mm,Experiment_2
2025-10-23T02:11:49.355Z,97,1121,3088,416,1459,3902,3534,3352,14074,2263,2419,8811,Day_1,Medium,Fast,3.75mm,Experiment_2
2025-10-23T02:11:49.395Z,95,1117,3087,412,1455,3905,3524,3339,14073,2257,2414,8809,Day_1,Medium,Fast,3.75mm,Experiment_2
2025-10-23T02:11:49.435Z,97,1114,3087,413,1450,3910,3516,3320,14060,2252,2404,8803,Day_1,Medium,Fast,3.75mm,Experiment_2
2025-10-23T02:11:49.475Z,103,1113,3084,421,1447,3911,3509,3297,14041,2250,2393,8796,Day_1,Medium,Fast,3.75mm,Experiment_2
2025-10-23T02:11:49.515Z,111,1113,3078,428,1446,3908,3506,3291,14025,2254,2389,8794,Day_1,Medium,Fast,3.75mm,Experiment_2
2025-10-23T02:11:49.555Z,112,1114,3073,428,1448,3904,3503,3303,14028,2258,2393,8801,Day_1,Medium,Fast,3.75mm,Experiment_2
2025-10-23T02:11:49.595Z,103,1118,3074,420,1452,3903,3497,3308,14040,2258,2397,8808,Day_1,Medium,Fast,3.75mm,Experiment_2
2025-10-23T02:11:49.635Z,92,1124,3079,412,1457,3902,3492,3305,14040,2254,2396,8809,Day_1,Medium,Fast,3.75mm,Experiment_2
2025-10-23T02:11:49.675Z,86,1126,3081,407,1460,3898,3499,3309,14031,2250,2396,8804,Day_1,Medium,Fast,3.75mm,Experiment_2
2025-10-23T02:11:49.715Z,86,1123,3081,407,1457,3896,3517,3318,14029,2250,2397,8803,Day_1,Medium,Fast,3.75mm,Experiment_2
2025-10-23T02:11:49.755Z,93,1120,3081,411,1453,3896,3528,3324,14040,2248,2399,8805,Day_1,Medium,Fast,3.75mm,Experiment_2
2025-10-23T02:11:49.795Z,100,1124,3079,417,1454,3897,3523,3329,14050,2243,2401,8808,Day_1,Medium,Fast,3.75mm,Experiment_2
2025-10-23T02:11:49.835Z,101,1130,3078,419,1457,3896,3509,3339,14040,2241,2404,8802,Day_1,Medium,Fast,3.75mm,Experiment_2
2025-10-23T02:11:49.875Z,98,1132,3079,419,1460,3896,3503,3352,14012,2246,2407,8788,Day_1,Medium,Fast,3.75mm,Experiment_2
2025-10-23T02:11:49.915Z,98,1130,3081,420,1462,3897,3506,3358,13986,2252,2408,8774,Day_1,Medium,Fast,3.75mm,Experiment_2
2025-10-23T02:11:49.955Z,98,1127,3080,419,1462,3897,3509,3351,13981,2254,2404,8773,Day_1,Medium,Fast,3.75mm,Experiment_2
2025-10-23T02:11:49.995Z,96,1123,3076,414,1460,3895,3515,3338,13997,2256,2397,8786,Day_1,Medium,Fast,3.75mm,Experiment_2
2025-10-23T02:11:50.035Z,94,1119,3078,410,1457,3895,3519,3333,14017,2259,2394,8800,Day_1,Medium,Fast,3.75mm,Experiment_2
2025-10-23T02:11:50.075Z,98,1118,3083,413,1454,3898,3512,3329,14021,2258,2395,8804,Day_1,Medium,Fast,3.75mm,Experiment_2
2025-10-23T02:11:50.115Z,101,1115,3087,417,1450,3900,3500,3320,14012,2252,2397,8798,Day_1,Medium,Fast,3.75mm,Experiment_2
2025-10-23T02:11:50.155Z,99,1111,3085,416,1445,3898,3499,3313,13998,2250,2399,8792,Day_1,Medium,Fast,3.75mm,Experiment_2
2025-10-23T02:11:50.195Z,95,1108,3082,413,1444,3894,3515,3307,13988,2254,2397,8789,Day_1,Medium,Fast,3.75mm,Experiment_2
2025-10-23T02:11:50.235Z,91,1110,3078,408,1448,3891,3536,3294,13992,2263,2391,8794,Day_1,Medium,Fast,3.75mm,Experiment_2
2025-10-23T02:11:50.275Z,89,1116,3079,406,1453,3894,3550,3283,14004,2271,2387,8800,Day_1,Medium,Fast,3.75mm,Experiment_2
2025-10-23T02:11:50.315Z,97,1125,3091,413,1457,3907,3555,3278,14007,2273,2385,8800,Day_1,Medium,Fast,3.75mm,Experiment_2
2025-10-23T02:11:50.355Z,108,1129,3105,425,1458,3922,3551,3275,13995,2267,2381,8791,Day_1,Medium,Fast,3.75mm,Experiment_2
2025-10-23T02:11:50.395Z,113,1128,3112,431,1459,3927,3536,3265,13977,2259,2371,8782,Day_1,Medium,Fast,3.75mm,Experiment_2
2025-10-23T02:11:50.436Z,110,1125,3108,428,1458,3920,3524,3258,13973,2256,2362,8784,Day_1,Medium,Fast,3.75mm,Experiment_2
2025-10-23T02:11:50.476Z,107,1119,3097,422,1452,3908,3525,3264,13989,2262,2364,8796,Day_1,Medium,Fast,3.75mm,Experiment_2
2025-10-23T02:11:50.516Z,104,1114,3087,420,1447,3899,3525,3283,14016,2267,2379,8805,Day_1,Medium,Fast,3.75mm,Experiment_2
2025-10-23T02:11:50.556Z,103,1119,3080,420,1450,3895,3509,3301,14035,2264,2396,8804,Day_1,Medium,Fast,3.75mm,Experiment_2
2025-10-23T02:11:50.596Z,100,1130,3079,420,1460,3895,3487,3310,14038,2254,2403,8798,Day_1,Medium,Fast,3.75mm,Experiment_2
2025-10-23T02:11:50.636Z,97,1136,3081,418,1467,3895,3476,3321,14035,2247,2403,8796,Day_1,Medium,Fast,3.75mm,Experiment_2
2025-10-23T02:11:50.676Z,93,1134,3081,416,1465,3893,3487,3343,14034,2251,2405,8797,Day_1,Medium,Fast,3.75mm,Experiment_2
2025-10-23T02:11:50.716Z,89,1128,3080,413,1460,3891,3511,3356,14033,2260,2407,8798,Day_1,Medium,Fast,3.75mm,Experiment_2
2025-10-23T02:11:50.756Z,87,1126,3080,410,1456,3893,3533,3341,14034,2268,2401,8801,Day_1,Medium,Fast,3.75mm,Experiment_2
2025-10-23T02:11:50.796Z,89,1128,3081,409,1458,3895,3547,3310,14037,2273,2390,8804,Day_1,Medium,Fast,3.75mm,Experiment_2
2025-10-23T02:11:50.836Z,93,1131,3080,413,1463,3894,3548,3281,14032,2272,2383,8802,Day_1,Medium,Fast,3.75mm,Experiment_2
2025-10-23T02:11:50.876Z,96,1130,3077,417,1463,3894,3541,3270,14020,2269,2383,8797,Day_1,Medium,Fast,3.75mm,Experiment_2
2025-10-23T02:11:50.916Z,99,1128,3078,420,1461,3896,3533,3280,14014,2268,2389,8796,Day_1,Medium,Fast,3.75mm,Experiment_2
2025-10-23T02:11:50.956Z,101,1131,3082,422,1461,3900,3521,3298,14019,2265,2396,8802,Day_1,Medium,Fast,3.75mm,Experiment_2
2025-10-23T02:11:50.996Z,102,1138,3084,426,1465,3904,3503,3304,14025,2256,2397,8806,Day_1,Medium,Fast,3.75mm,Experiment_2
2025-10-23T02:11:51.036Z,99,1141,3084,425,1468,3908,3491,3305,14023,2250,2394,8802,Day_1,Medium,Fast,3.75mm,Experiment_2
2025-10-23T02:11:51.076Z,93,1132,3083,417,1463,3911,3492,3312,14025,2252,2394,8798,Day_1,Medium,Fast,3.75mm,Experiment_2
2025-10-23T02:11:51.116Z,87,1118,3079,408,1456,3908,3501,3326,14039,2257,2399,8801,Day_1,Medium,Fast,3.75mm,Experiment_2
2025-10-23T02:11:51.156Z,85,1110,3074,405,1452,3900,3508,3343,14051,2256,2406,8804,Day_1,Medium,Fast,3.75mm,Experiment_2
2025-10-23T02:11:51.196Z,89,1112,3074,408,1453,3897,3509,3352,14046,2253,2409,8800,Day_1,Medium,Fast,3.75mm,Experiment_2
2025-10-23T02:11:51.236Z,94,1116,3082,411,1454,3901,3512,3342,14030,2253,2403,8791,Day_1,Medium,Fast,3.75mm,Experiment_2
2025-10-23T02:11:51.276Z,96,1117,3090,411,1454,3908,3511,3322,14006,2256,2394,8780,Day_1,Medium,Fast,3.75mm,Experiment_2
2025-10-23T02:11:51.316Z,99,1120,3094,414,1456,3913,3498,3309,13978,2256,2391,8773,Day_1,Medium,Fast,3.75mm,Experiment_2
2025-10-23T02:11:51.356Z,108,1124,3095,425,1461,3914,3482,3306,13966,2257,2396,8776,Day_1,Medium,Fast,3.75mm,Experiment_2
2025-10-23T02:11:51.396Z,119,1126,3091,438,1462,3910,3482,3308,13982,2265,2402,8789,Day_1,Medium,Fast,3.75mm,Experiment_2
2025-10-23T02:11:51.436Z,121,1125,3082,443,1461,3900,3502,3307,14011,2274,2403,8799,Day_1,Medium,Fast,3.75mm,Experiment_2
2025-10-23T02:11:51.476Z,114,1126,3075,436,1460,3893,3525,3299,14031,2279,2400,8802,Day_1,Medium,Fast,3.75mm,Experiment_2
2025-10-23T02:11:51.516Z,108,1125,3076,427,1459,3893,3537,3289,14042,2277,2397,8804,Day_1,Medium,Fast,3.75mm,Experiment_2
2025-10-23T02:11:51.556Z,107,1120,3081,421,1453,3898,3535,3276,14044,2270,2392,8806,Day_1,Medium,Fast,3.75mm,Experiment_2
2025-10-23T02:11:51.596Z,107,1113,3084,418,1446,3901,3529,3261,14037,2264,2383,8800,Day_1,Medium,Fast,3.75mm,Experiment_2
2025-10-23T02:11:51.636Z,107,1111,3086,419,1444,3901,3528,3253,14031,2262,2374,8794,Day_1,Medium,Fast,3.75mm,Experiment_2
2025-10-23T02:11:51.676Z,109,1114,3087,423,1445,3901,3532,3256,14035,2263,2370,8795,Day_1,Medium,Fast,3.75mm,Experiment_2
2025-10-23T02:11:51.716Z,113,1118,3087,429,1448,3902,3534,3269,14040,2265,2374,8799,Day_1,Medium,Fast,3.75mm,Experiment_2
2025-10-23T02:11:51.756Z,118,1122,3085,436,1453,3902,3527,3287,14035,2265,2381,8802,Day_1,Medium,Fast,3.75mm,Experiment_2
2025-10-23T02:11:51.796Z,120,1128,3080,438,1460,3898,3516,3303,14026,2264,2388,8804,Day_1,Medium,Fast,3.75mm,Experiment_2
2025-10-23T02:11:51.836Z,115,1133,3076,432,1465,3893,3507,3311,14021,2265,2395,8805,Day_1,Medium,Fast,3.75mm,Experiment_2
2025-10-23T02:11:51.876Z,106,1134,3077,421,1463,3896,3500,3310,14022,2266,2398,8807,Day_1,Medium,Fast,3.75mm,Experiment_2
2025-10-23T02:11:51.916Z,98,1133,3085,415,1460,3905,3495,3305,14020,2265,2399,8807,Day_1,Medium,Fast,3.75mm,Experiment_2
2025-10-23T02:11:51.956Z,93,1130,3090,412,1456,3911,3497,3309,14014,2261,2401,8805,Day_1,Medium,Fast,3.75mm,Experiment_2
2025-10-23T02:11:51.996Z,88,1123,3087,410,1451,3906,3504,3323,14016,2258,2405,8807,Day_1,Medium,Fast,3.75mm,Experiment_2
2025-10-23T02:11:52.036Z,87,1115,3080,410,1445,3898,3513,3337,14022,2257,2407,8811,Day_1,Medium,Fast,3.75mm,Experiment_2
2025-10-23T02:11:52.076Z,91,1110,3080,413,1442,3896,3521,3350,14022,2259,2411,8809,Day_1,Medium,Fast,3.75mm,Experiment_2
2025-10-23T02:11:52.116Z,99,1111,3085,420,1443,3901,3525,3363,14017,2261,2417,8803,Day_1,Medium,Fast,3.75mm,Experiment_2
2025-10-23T02:11:52.156Z,107,1114,3088,427,1448,3906,3526,3365,14006,2262,2418,8795,Day_1,Medium,Fast,3.75mm,Experiment_2
2025-10-23T02:11:52.196Z,115,1116,3083,433,1453,3905,3532,3355,13989,2265,2411,8786,Day_1,Medium,Fast,3.75mm,Experiment_2
2025-10-23T02:11:52.236Z,118,1116,3075,435,1454,3901,3542,3343,13975,2266,2405,8782,Day_1,Medium,Fast,3.75mm,Experiment_2
2025-10-23T02:11:52.276Z,114,1116,3071,434,1453,3897,3539,3331,13980,2261,2401,8784,Day_1,Medium,Fast,3.75mm,Experiment_2
2025-10-23T02:11:52.316Z,104,1119,3073,427,1456,3896,3522,3315,13997,2249,2397,8790,Day_1,Medium,Fast,3.75mm,Experiment_2
2025-10-23T02:11:52.356Z,95,1123,3076,419,1462,3895,3503,3302,14014,2242,2393,8796,Day_1,Medium,Fast,3.75mm,Experiment_2
2025-10-23T02:11:52.396Z,90,1120,3079,410,1462,3898,3495,3300,14022,2242,2392,8802,Day_1,Medium,Fast,3.75mm,Experiment_2
2025-10-23T02:11:52.436Z,89,1112,3085,406,1452,3903,3499,3305,14024,2248,2393,8803,Day_1,Medium,Fast,3.75mm,Experiment_2
2025-10-23T02:11:52.476Z,90,1104,3087,405,1440,3905,3510,3312,14017,2254,2393,8799,Day_1,Medium,Fast,3.75mm,Experiment_2
2025-10-23T02:11:52.516Z,90,1104,3082,407,1437,3900,3518,3319,14009,2259,2392,8797,Day_1,Medium,Fast,3.75mm,Experiment_2
2025-10-23T02:11:52.556Z,92,1110,3074,410,1443,3890,3514,3325,14010,2260,2394,8799,Day_1,Medium,Fast,3.75mm,Experiment_2
2025-10-23T02:11:52.596Z,97,1116,3069,417,1451,3884,3503,3330,14015,2261,2399,8797,Day_1,Medium,Fast,3.75mm,Experiment_2
2025-10-23T02:11:52.636Z,104,1120,3071,423,1456,3886,3495,3334,14005,2262,2408,8791,Day_1,Medium,Fast,3.75mm,Experiment_2
2025-10-23T02:11:52.676Z,107,1123,3077,424,1457,3895,3491,3338,13989,2258,2415,8788,Day_1,Medium,Fast,3.75mm,Experiment_2
2025-10-23T02:11:52.716Z,111,1125,3084,425,1457,3904,3489,3334,13994,2250,2412,8792,Day_1,Medium,Fast,3.75mm,Experiment_2
2025-10-23T02:11:52.756Z,114,1123,3088,429,1454,3908,3490,3319,14018,2246,2400,8799,Day_1,Medium,Fast,3.75mm,Experiment_2
2025-10-23T02:11:52.796Z,111,1119,3086,430,1450,3906,3495,3298,14035,2249,2387,8800,Day_1,Medium,Fast,3.75mm,Experiment_2
2025-10-23T02:11:52.836Z,107,1116,3082,428,1447,3901,3506,3282,14025,2258,2380,8793,Day_1,Medium,Fast,3.75mm,Experiment_2
2025-10-23T02:11:52.876Z,111,1115,3078,429,1447,3897,3522,3280,14006,2269,2380,8784,Day_1,Medium,Fast,3.75mm,Experiment_2
2025-10-23T02:11:52.916Z,118,1115,3076,434,1449,3894,3531,3288,13997,2275,2381,8779,Day_1,Medium,Fast,3.75mm,Experiment_2
2025-10-23T02:11:52.956Z,120,1120,3075,435,1455,3891,3522,3297,14000,2270,2382,8779,Day_1,Medium,Fast,3.75mm,Experiment_2
2025-10-23T02:11:52.996Z,117,1127,3075,435,1462,3889,3500,3302,14010,2256,2384,8783,Day_1,Medium,Fast,3.75mm,Experiment_2
2025-10-23T02:11:53.036Z,116,1128,3078,434,1461,3893,3484,3303,14020,2247,2387,8791,Day_1,Medium,Fast,3.75mm,Experiment_2
2025-10-23T02:11:53.076Z,112,1121,3086,428,1453,3905,3487,3304,14016,2248,2391,8793,Day_1,Medium,Fast,3.75mm,Experiment_2
2025-10-23T02:11:53.116Z,108,1117,3095,420,1448,3918,3506,3304,13998,2256,2392,8789,Day_1,Medium,Fast,3.75mm,Experiment_2
2025-10-23T02:11:53.156Z,108,1116,3098,418,1450,3923,3531,3303,13984,2265,2393,8786,Day_1,Medium,Fast,3.75mm,Experiment_2
2025-10-23T02:11:53.196Z,111,1115,3096,421,1452,3918,3553,3304,13990,2274,2398,8789,Day_1,Medium,Fast,3.75mm,Experiment_2
2025-10-23T02:11:53.236Z,109,1110,3088,422,1449,3907,3568,3313,14011,2280,2406,8795,Day_1,Medium,Fast,3.75mm,Experiment_2
2025-10-23T02:11:53.276Z,104,1107,3078,420,1445,3895,3572,3319,14029,2281,2411,8798,Day_1,Medium,Fast,3.75mm,Experiment_2
2025-10-23T02:11:53.316Z,102,1110,3069,419,1446,3887,3563,3313,14037,2278,2408,8802,Day_1,Medium,Fast,3.75mm,Experiment_2
2025-10-23T02:11:53.356Z,101,1117,3065,418,1452,3883,3549,3304,14044,2274,2401,8808,Day_1,Medium,Fast,3.75mm,Experiment_2
2025-10-23T02:11:53.396Z,97,1121,3066,415,1456,3883,3535,3293,14053,2267,2391,8812,Day_1,Medium,Fast,3.75mm,Experiment_2
2025-10-23T02:11:53.436Z,95,1122,3069,415,1456,3886,3524,3284,14054,2258,2381,8810,Day_1,Medium,Fast,3.75mm,Experiment_2
2025-10-23T02:11:53.476Z,96,1120,3071,417,1453,3890,3516,3289,14039,2254,2380,8799,Day_1,Medium,Fast,3.75mm,Experiment_2
2025-10-23T02:11:53.516Z,95,1117,3074,415,1448,3895,3514,3300,14012,2256,2387,8785,Day_1,Medium,Fast,3.75mm,Experiment_2
2025-10-23T02:11:53.556Z,94,1113,3079,413,1444,3900,3516,3305,13996,2260,2394,8780,Day_1,Medium,Fast,3.75mm,Experiment_2
2025-10-23T02:11:53.596Z,97,1114,3083,416,1443,3904,3523,3304,14006,2264,2398,8788,Day_1,Medium,Fast,3.75mm,Experiment_2
2025-10-23T02:11:53.636Z,98,1117,3087,419,1446,3906,3533,3305,14026,2265,2400,8798,Day_1,Medium,Fast,3.75mm,Experiment_2
2025-10-23T02:11:53.676Z,95,1118,3091,418,1450,3911,3535,3304,14035,2263,2395,8804,Day_1,Medium,Fast,3.75mm,Experiment_2
2025-10-23T02:11:53.716Z,93,1119,3095,416,1454,3916,3524,3298,14033,2256,2388,8809,Day_1,Medium,Fast,3.75mm,Experiment_2
2025-10-23T02:11:53.756Z,96,1119,3095,418,1455,3914,3512,3294,14029,2251,2384,8812,Day_1,Medium,Fast,3.75mm,Experiment_2
2025-10-23T02:11:53.796Z,105,1120,3088,426,1456,3904,3516,3299,14024,2253,2387,8810,Day_1,Medium,Fast,3.75mm,Experiment_2
2025-10-23T02:11:53.836Z,112,1122,3078,430,1458,3894,3529,3318,14016,2260,2395,8802,Day_1,Medium,Fast,3.75mm,Experiment_2
2025-10-23T02:11:53.876Z,110,1124,3077,426,1461,3892,3529,3339,14011,2264,2405,8796,Day_1,Medium,Fast,3.75mm,Experiment_2
2025-10-23T02:11:53.916Z,105,1119,3084,421,1457,3899,3520,3352,14011,2263,2414,8793,Day_1,Medium,Fast,3.75mm,Experiment_2
2025-10-23T02:11:53.956Z,105,1112,3090,421,1448,3908,3521,3359,14006,2265,2421,8789,Day_1,Medium,Fast,3.75mm,Experiment_2
2025-10-23T02:11:53.996Z,108,1109,3090,424,1442,3910,3526,3363,14000,2266,2425,8786,Day_1,Medium,Fast,3.75mm,Experiment_2
2025-10-23T02:11:54.036Z,108,1110,3089,426,1442,3909,3518,3363,14003,2260,2429,8793,Day_1,Medium,Fast,3.75mm,Experiment_2
2025-10-23T02:11:54.076Z,106,1112,3089,421,1446,3908,3507,3364,14011,2254,2432,8805,Day_1,Medium,Fast,3.75mm,Experiment_2
2025-10-23T02:11:54.116Z,100,1115,3088,414,1452,3906,3503,3361,14011,2254,2433,8808,Day_1,Medium,Fast,3.75mm,Experiment_2
2025-10-23T02:11:54.156Z,97,1115,3085,413,1453,3905,3503,3350,14009,2256,2426,8807,Day_1,Medium,Fast,3.75mm,Experiment_2
2025-10-23T02:11:54.196Z,96,1111,3086,417,1448,3907,3510,3333,14016,2257,2413,8809,Day_1,Medium,Fast,3.75mm,Experiment_2
2025-10-23T02:11:54.236Z,93,1102,3092,418,1440,3913,3523,3318,14029,2259,2404,8813,Day_1,Medium,Fast,3.75mm,Experiment_2
2025-10-23T02:11:54.276Z,88,1092,3095,415,1432,3913,3527,3313,14036,2258,2404,8813,Day_1,Medium,Fast,3.75mm,Experiment_2
2025-10-23T02:11:54.316Z,87,1084,3090,414,1431,3906,3517,3321,14036,2258,2408,8809,Day_1,Medium,Fast,3.75mm,Experiment_2
2025-10-23T02:11:54.356Z,96,1080,3080,418,1437,3896,3514,3333,14038,2262,2414,8803,Day_1,Medium,Fast,3.75mm,Experiment_2
2025-10-23T02:11:54.396Z,108,1081,3072,425,1443,3889,3521,3332,14034,2267,2414,8798,Day_1,Medium,Fast,3.75mm,Experiment_2
2025-10-23T02:11:54.436Z,113,1090,3071,425,1445,3888,3528,3318,14018,2267,2408,8792,Day_1,Medium,Fast,3.75mm,Experiment_2
2025-10-23T02:11:54.476Z,106,1100,3072,417,1443,3891,3528,3305,14000,2263,2402,8789,Day_1,Medium,Fast,3.75mm,Experiment_2
2025-10-23T02:11:54.516Z,100,1105,3072,412,1442,3892,3530,3302,13997,2262,2400,8793,Day_1,Medium,Fast,3.75mm,Experiment_2
2025-10-23T02:11:54.556Z,102,1106,3074,415,1442,3896,3536,3313,14010,2266,2403,8798,Day_1,Medium,Fast,3.75mm,Experiment_2
2025-10-23T02:11:54.596Z,110,1108,3077,421,1444,3901,3533,3334,14019,2266,2409,8798,Day_1,Medium,Fast,3.75mm,Experiment_2
2025-10-23T02:11:54.636Z,114,1112,3079,425,1446,3903,3518,3353,14020,2260,2414,8796,Day_1,Medium,Fast,3.75mm,Experiment_2
2025-10-23T02:11:54.676Z,113,1115,3081,427,1446,3901,3505,3359,14028,2256,2416,8799,Day_1,Medium,Fast,3.75mm,Experiment_2
2025-10-23T02:11:54.716Z,112,1116,3082,427,1446,3898,3501,3350,14045,2254,2411,8807,Day_1,Medium,Fast,3.75mm,Experiment_2
2025-10-23T02:11:54.757Z,110,1118,3084,426,1450,3896,3501,3333,14060,2252,2402,8813,Day_1,Medium,Fast,3.75mm,Experiment_2
2025-10-23T02:11:54.797Z,107,1119,3086,424,1452,3898,3498,3322,14059,2250,2398,8813,Day_1,Medium,Fast,3.75mm,Experiment_2
2025-10-23T02:11:54.837Z,102,1118,3086,421,1450,3902,3491,3324,14041,2247,2402,8807,Day_1,Medium,Fast,3.75mm,Experiment_2
2025-10-23T02:11:54.877Z,99,1119,3080,416,1447,3902,3485,3328,14020,2244,2404,8797,Day_1,Medium,Fast,3.75mm,Experiment_2
2025-10-23T02:11:54.917Z,97,1124,3075,414,1452,3900,3483,3327,14002,2242,2402,8790,Day_1,Medium,Fast,3.75mm,Experiment_2
2025-10-23T02:11:54.957Z,100,1130,3074,419,1461,3900,3488,3317,13996,2245,2398,8790,Day_1,Medium,Fast,3.75mm,Experiment_2
2025-10-23T02:11:54.997Z,102,1134,3078,423,1467,3901,3504,3303,14003,2255,2391,8795,Day_1,Medium,Fast,3.75mm,Experiment_2
2025-10-23T02:11:55.037Z,98,1133,3079,422,1467,3899,3519,3296,14016,2265,2388,8799,Day_1,Medium,Fast,3.75mm,Experiment_2
2025-10-23T02:11:55.077Z,91,1130,3075,415,1465,3893,3525,3295,14024,2270,2389,8800,Day_1,Medium,Fast,3.75mm,Experiment_2
2025-10-23T02:11:55.117Z,90,1127,3069,412,1462,3888,3526,3291,14030,2272,2388,8802,Day_1,Medium,Fast,3.75mm,Experiment_2
2025-10-23T02:11:55.157Z,94,1123,3069,414,1455,3889,3535,3288,14039,2273,2384,8805,Day_1,Medium,Fast,3.75mm,Experiment_2
2025-10-23T02:11:55.197Z,100,1120,3075,420,1449,3894,3546,3296,14043,2274,2382,8806,Day_1,Medium,Fast,3.75mm,Experiment_2
2025-10-23T02:11:55.237Z,107,1121,3082,427,1448,3899,3547,3306,14036,2274,2385,8802,Day_1,Medium,Fast,3.75mm,Experiment_2
2025-10-23T02:11:55.277Z,113,1119,3083,431,1448,3900,3537,3314,14023,2273,2393,8795,Day_1,Medium,Fast,3.75mm,Experiment_2
2025-10-23T02:11:55.317Z,115,1114,3083,432,1445,3901,3525,3326,14005,2271,2404,8784,Day_1,Medium,Fast,3.75mm,Experiment_2
2025-10-23T02:11:55.357Z,118,1107,3083,434,1440,3904,3520,3338,13985,2271,2413,8773,Day_1,Medium,Fast,3.75mm,Experiment_2
2025-10-23T02:11:55.397Z,121,1099,3080,436,1436,3901,3525,3346,13977,2275,2420,8773,Day_1,Medium,Fast,3.75mm,Experiment_2
2025-10-23T02:11:55.437Z,119,1092,3074,434,1433,3894,3535,3348,13990,2278,2426,8784,Day_1,Medium,Fast,3.75mm,Experiment_2
2025-10-23T02:11:55.477Z,113,1091,3070,427,1435,3889,3540,3344,14013,2278,2426,8798,Day_1,Medium,Fast,3.75mm,Experiment_2
2025-10-23T02:11:55.517Z,106,1102,3070,421,1444,3888,3538,3336,14033,2273,2418,8806,Day_1,Medium,Fast,3.75mm,Experiment_2
2025-10-23T02:11:55.557Z,102,1115,3071,417,1453,3890,3525,3327,14042,2260,2408,8805,Day_1,Medium,Fast,3.75mm,Experiment_2
2025-10-23T02:11:55.597Z,101,1117,3072,415,1452,3891,3509,3313,14042,2249,2401,8802,Day_1,Medium,Fast,3.75mm,Experiment_2
2025-10-23T02:11:55.637Z,102,1110,3073,416,1444,3891,3503,3295,14043,2244,2394,8801,Day_1,Medium,Fast,3.75mm,Experiment_2
2025-10-23T02:11:55.677Z,106,1103,3071,419,1439,3890,3508,3279,14045,2246,2385,8800,Day_1,Medium,Fast,3.75mm,Experiment_2
2025-10-23T02:11:55.717Z,112,1101,3069,426,1438,3886,3516,3267,14031,2253,2379,8791,Day_1,Medium,Fast,3.75mm,Experiment_2
2025-10-23T02:11:55.757Z,116,1105,3068,431,1441,3886,3520,3261,14002,2260,2378,8773,Day_1,Medium,Fast,3.75mm,Experiment_2
2025-10-23T02:11:55.797Z,116,1113,3069,431,1447,3889,3522,3266,13979,2267,2381,8762,Day_1,Medium,Fast,3.75mm,Experiment_2
2025-10-23T02:11:55.837Z,113,1118,3070,428,1453,3894,3523,3281,13982,2269,2386,8770,Day_1,Medium,Fast,3.75mm,Experiment_2
2025-10-23T02:11:55.877Z,106,1116,3070,422,1454,3897,3519,3289,14001,2265,2390,8788,Day_1,Medium,Fast,3.75mm,Experiment_2
2025-10-23T02:11:55.917Z,95,1113,3070,413,1451,3899,3512,3287,14024,2257,2394,8802,Day_1,Medium,Fast,3.75mm,Experiment_2
2025-10-23T02:11:55.957Z,85,1109,3076,407,1447,3904,3510,3290,14042,2253,2401,8809,Day_1,Medium,Fast,3.75mm,Experiment_2
2025-10-23T02:11:55.997Z,89,1107,3084,413,1442,3908,3517,3301,14050,2255,2409,8812,Day_1,Medium,Fast,3.75mm,Experiment_2
2025-10-23T02:11:56.037Z,104,1104,3087,426,1436,3906,3522,3311,14045,2257,2413,8814,Day_1,Medium,Fast,3.75mm,Experiment_2
2025-10-23T02:11:56.077Z,118,1101,3083,438,1432,3900,3521,3314,14040,2258,2414,8813,Day_1,Medium,Fast,3.75mm,Experiment_2
2025-10-23T02:11:56.117Z,124,1098,3077,442,1431,3894,3518,3310,14043,2259,2410,8812,Day_1,Medium,Fast,3.75mm,Experiment_2
2025-10-23T02:11:56.157Z,123,1102,3073,439,1433,3892,3509,3310,14045,2259,2405,8807,Day_1,Medium,Fast,3.75mm,Experiment_2
2025-10-23T02:11:56.197Z,119,1112,3073,435,1441,3893,3495,3316,14032,2255,2402,8799,Day_1,Medium,Fast,3.75mm,Experiment_2
2025-10-23T02:11:56.237Z,115,1122,3075,432,1449,3898,3481,3321,14018,2251,2401,8795,Day_1,Medium,Fast,3.75mm,Experiment_2
2025-10-23T02:11:56.277Z,111,1126,3078,430,1454,3901,3471,3328,14018,2247,2404,8804,Day_1,Medium,Fast,3.75mm,Experiment_2
2025-10-23T02:11:56.317Z,109,1124,3078,428,1455,3900,3473,3338,14033,2245,2412,8817,Day_1,Medium,Fast,3.75mm,Experiment_2
2025-10-23T02:11:56.357Z,110,1119,3079,428,1451,3900,3489,3340,14047,2248,2415,8823,Day_1,Medium,Fast,3.75mm,Experiment_2
2025-10-23T02:11:56.397Z,114,1115,3088,430,1446,3907,3509,3331,14053,2255,2411,8822,Day_1,Medium,Fast,3.75mm,Experiment_2
2025-10-23T02:11:56.437Z,119,1116,3102,433,1446,3919,3523,3320,14051,2262,2402,8821,Day_1,Medium,Fast,3.75mm,Experiment_2
2025-10-23T02:11:56.477Z,119,1118,3113,434,1448,3928,3532,3313,14047,2267,2395,8820,Day_1,Medium,Fast,3.75mm,Experiment_2
2025-10-23T02:11:56.517Z,116,1120,3113,432,1452,3925,3541,3310,14044,2271,2394,8818,Day_1,Medium,Fast,3.75mm,Experiment_2
2025-10-23T02:11:56.557Z,113,1124,3104,427,1457,3914,3548,3306,14040,2273,2394,8815,Day_1,Medium,Fast,3.75mm,Experiment_2
2025-10-23T02:11:56.597Z,112,1129,3093,425,1463,3905,3547,3300,14028,2273,2392,8809,Day_1,Medium,Fast,3.75mm,Experiment_2
2025-10-23T02:11:56.637Z,114,1130,3089,428,1466,3903,3542,3294,14004,2273,2387,8800,Day_1,Medium,Fast,3.75mm,Experiment_2
2025-10-23T02:11:56.677Z,120,1127,3088,435,1465,3905,3539,3292,13977,2274,2383,8790,Day_1,Medium,Fast,3.75mm,Experiment_2
2025-10-23T02:11:56.717Z,123,1124,3085,440,1464,3905,3544,3295,13961,2278,2381,8783,Day_1,Medium,Fast,3.75mm,Experiment_2
2025-10-23T02:11:56.757Z,118,1125,3082,438,1463,3902,3553,3299,13958,2285,2384,8781,Day_1,Medium,Fast,3.75mm,Experiment_2
2025-10-23T02:11:56.797Z,110,1127,3080,430,1462,3899,3550,3303,13963,2287,2387,8780,Day_1,Medium,Fast,3.75mm,Experiment_2
2025-10-23T02:11:56.837Z,108,1127,3079,428,1459,3897,3528,3307,13974,2278,2389,8780,Day_1,Medium,Fast,3.75mm,Experiment_2
2025-10-23T02:11:56.877Z,110,1121,3077,430,1454,3896,3506,3309,13989,2266,2388,8782,Day_1,Medium,Fast,3.75mm,Experiment_2
2025-10-23T02:11:56.917Z,111,1111,3078,431,1447,3900,3504,3305,14003,2261,2388,8786,Day_1,Medium,Fast,3.75mm,Experiment_2
2025-10-23T02:11:56.957Z,118,1104,3079,435,1441,3902,3516,3308,14015,2265,2393,8791,Day_1,Medium,Fast,3.75mm,Experiment_2
2025-10-23T02:11:56.997Z,126,1106,3078,439,1441,3901,3525,3325,14028,2268,2406,8801,Day_1,Medium,Fast,3.75mm,Experiment_2
2025-10-23T02:11:57.037Z,128,1114,3077,437,1448,3900,3525,3334,14039,2268,2411,8812,Day_1,Medium,Fast,3.75mm,Experiment_2
2025-10-23T02:11:57.077Z,127,1119,3080,434,1455,3903,3526,3313,14037,2268,2400,8814,Day_1,Medium,Fast,3.75mm,Experiment_2
2025-10-23T02:11:57.117Z,121,1121,3084,430,1457,3908,3530,3275,14018,2268,2381,8807,Day_1,Medium,Fast,3.75mm,Experiment_2
2025-10-23T02:11:57.157Z,107,1125,3085,421,1459,3909,3533,3254,14000,2270,2371,8800,Day_1,Medium,Fast,3.75mm,Experiment_2
2025-10-23T02:11:57.197Z,94,1130,3083,410,1462,3904,3532,3260,13996,2273,2376,8801,Day_1,Medium,Fast,3.75mm,Experiment_2
2025-10-23T02:11:57.237Z,95,1131,3079,408,1463,3899,3518,3275,13999,2269,2386,8803,Day_1,Medium,Fast,3.75mm,Experiment_2
2025-10-23T02:11:57.277Z,109,1124,3075,421,1459,3895,3499,3285,14001,2257,2395,8799,Day_1,Medium,Fast,3.75mm,Experiment_2
2025-10-23T02:11:57.317Z,128,1115,3073,440,1452,3891,3488,3298,14002,2248,2405,8796,Day_1,Medium,Fast,3.75mm,Experiment_2
2025-10-23T02:11:57.357Z,133,1111,3073,446,1446,3889,3494,3329,14014,2248,2418,8801,Day_1,Medium,Fast,3.75mm,Experiment_2
2025-10-23T02:11:57.397Z,116,1110,3074,429,1442,3888,3514,3368,14037,2257,2423,8812,Day_1,Medium,Fast,3.75mm,Experiment_2
2025-10-23T02:11:57.437Z,96,1108,3077,410,1439,3891,3536,3390,14052,2267,2412,8815,Day_1,Medium,Fast,3.75mm,Experiment_2
2025-10-23T02:11:57.477Z,88,1107,3082,406,1438,3898,3546,3377,14044,2272,2394,8806,Day_1,Medium,Fast,3.75mm,Experiment_2
2025-10-23T02:11:57.517Z,91,1108,3088,412,1442,3905,3541,3333,14022,2270,2384,8793,Day_1,Medium,Fast,3.75mm,Experiment_2
2025-10-23T02:11:57.557Z,101,1109,3091,421,1447,3909,3527,3286,14003,2263,2379,8786,Day_1,Medium,Fast,3.75mm,Experiment_2
2025-10-23T02:11:57.597Z,112,1106,3092,428,1447,3910,3514,3258,13994,2255,2372,8785,Day_1,Medium,Fast,3.75mm,Experiment_2
2025-10-23T02:11:57.637Z,116,1105,3090,428,1446,3906,3510,3261,13994,2250,2371,8786,Day_1,Medium,Fast,3.75mm,Experiment_2
2025-10-23T02:11:57.677Z,114,1106,3086,424,1446,3899,3514,3286,14000,2252,2378,8787,Day_1,Medium,Fast,3.75mm,Experiment_2
2025-10-23T02:11:57.717Z,112,1110,3085,422,1448,3897,3526,3311,14013,2262,2390,8792,Day_1,Medium,Fast,3.75mm,Experiment_2
2025-10-23T02:11:57.757Z,110,1112,3085,424,1448,3900,3545,3325,14024,2275,2399,8798,Day_1,Medium,Fast,3.75mm,Experiment_2
2025-10-23T02:11:57.797Z,108,1109,3086,427,1444,3905,3557,3333,14025,2282,2406,8800,Day_1,Medium,Fast,3.75mm,Experiment_2
2025-10-23T02:11:57.837Z,108,1101,3091,430,1437,3912,3552,3341,14021,2281,2412,8799,Day_1,Medium,Fast,3.75mm,Experiment_2
2025-10-23T02:11:57.877Z,112,1096,3098,432,1433,3915,3538,3349,14015,2276,2419,8797,Day_1,Medium,Fast,3.75mm,Experiment_2
2025-10-23T02:11:57.917Z,117,1102,3100,432,1439,3911,3524,3355,14009,2268,2428,8792,Day_1,Medium,Fast,3.75mm,Experiment_2
2025-10-23T02:11:57.957Z,115,1113,3097,430,1450,3906,3512,3358,14002,2261,2439,8787,Day_1,Medium,Fast,3.75mm,Experiment_2
2025-10-23T02:11:57.997Z,109,1123,3096,426,1458,3908,3505,3350,13993,2260,2448,8780,Day_1,Medium,Fast,3.75mm,Experiment_2
2025-10-23T02:11:58.037Z,107,1128,3096,426,1461,3912,3505,3331,13984,2262,2448,8776,Day_1,Medium,Fast,3.75mm,Experiment_2
2025-10-23T02:11:58.077Z,110,1126,3090,429,1460,3909,3511,3312,13984,2265,2433,8779,Day_1,Medium,Fast,3.75mm,Experiment_2
2025-10-23T02:11:58.117Z,111,1123,3086,431,1459,3904,3516,3300,13998,2265,2414,8787,Day_1,Medium,Fast,3.75mm,Experiment_2
2025-10-23T02:11:58.157Z,109,1124,3089,428,1460,3903,3521,3302,14019,2263,2406,8800,Day_1,Medium,Fast,3.75mm,Experiment_2
2025-10-23T02:11:58.197Z,107,1128,3091,425,1460,3903,3520,3322,14035,2260,2410,8811,Day_1,Medium,Fast,3.75mm,Experiment_2
2025-10-23T02:11:58.237Z,102,1129,3086,419,1458,3898,3509,3341,14045,2255,2416,8819,Day_1,Medium,Fast,3.75mm,Experiment_2
2025-10-23T02:11:58.277Z,99,1128,3082,417,1456,3895,3499,3344,14058,2254,2414,8824,Day_1,Medium,Fast,3.75mm,Experiment_2
2025-10-23T02:11:58.317Z,105,1126,3085,423,1455,3899,3505,3332,14066,2259,2407,8826,Day_1,Medium,Fast,3.75mm,Experiment_2
2025-10-23T02:11:58.358Z,113,1126,3090,435,1456,3907,3526,3321,14056,2266,2403,8822,Day_1,Medium,Fast,3.75mm,Experiment_2
2025-10-23T02:11:58.398Z,113,1127,3091,444,1457,3911,3541,3318,14035,2268,2403,8812,Day_1,Medium,Fast,3.75mm,Experiment_2
2025-10-23T02:11:58.438Z,105,1123,3090,444,1453,3911,3540,3318,14015,2265,2402,8801,Day_1,Medium,Fast,3.75mm,Experiment_2
2025-10-23T02:11:58.478Z,94,1120,3090,438,1447,3912,3530,3318,14002,2261,2397,8794,Day_1,Medium,Fast,3.75mm,Experiment_2
2025-10-23T02:11:58.518Z,83,1123,3091,435,1449,3916,3523,3315,14002,2262,2390,8795,Day_1,Medium,Fast,3.75mm,Experiment_2
2025-10-23T02:11:58.558Z,80,1128,3087,438,1456,3914,3526,3298,14013,2269,2382,8803,Day_1,Medium,Fast,3.75mm,Experiment_2
2025-10-23T02:11:58.598Z,85,1127,3079,445,1458,3908,3533,3270,14026,2276,2372,8807,Day_1,Medium,Fast,3.75mm,Experiment_2
2025-10-23T02:11:58.638Z,84,1123,3073,451,1455,3903,3538,3253,14034,2279,2367,8805,Day_1,Medium,Fast,3.75mm,Experiment_2
2025-10-23T02:11:58.678Z,89,1118,3073,451,1450,3901,3539,3263,14035,2279,2374,8802,Day_1,Medium,Fast,3.75mm,Experiment_2
2025-10-23T02:11:58.718Z,138,1111,3074,447,1444,3899,3537,3284,14036,2276,2384,8802,Day_1,Medium,Fast,3.75mm,Experiment_2
2025-10-23T02:11:58.758Z,231,1109,3073,445,1441,3895,3538,3294,14045,2272,2388,8808,Day_1,Medium,Fast,3.75mm,Experiment_2
2025-10-23T02:11:58.798Z,318,1114,3068,444,1445,3889,3543,3293,14058,2270,2386,8816,Day_1,Medium,Fast,3.75mm,Experiment_2
2025-10-23T02:11:58.838Z,416,1119,3065,440,1450,3885,3538,3291,14059,2264,2381,8818,Day_1,Medium,Fast,3.75mm,Experiment_2
2025-10-23T02:11:58.878Z,591,1117,3068,439,1448,3887,3519,3289,14042,2255,2378,8809,Day_1,Medium,Fast,3.75mm,Experiment_2
2025-10-23T02:11:58.918Z,690,1111,3073,441,1443,3894,3500,3285,14020,2248,2376,8796,Day_1,Medium,Fast,3.75mm,Experiment_2
2025-10-23T02:11:58.958Z,528,1110,3073,444,1442,3897,3493,3286,14011,2249,2379,8792,Day_1,Medium,Fast,3.75mm,Experiment_2
2025-10-23T02:11:58.998Z,264,1114,3074,449,1446,3899,3498,3301,14025,2254,2387,8801,Day_1,Medium,Fast,3.75mm,Experiment_2
2025-10-23T02:11:59.038Z,113,1120,3080,452,1451,3902,3511,3328,14051,2258,2399,8814,Day_1,Medium,Fast,3.75mm,Experiment_2
2025-10-23T02:11:59.078Z,75,1125,3086,445,1455,3908,3531,3348,14069,2265,2411,8819,Day_1,Medium,Fast,3.75mm,Experiment_2
2025-10-23T02:11:59.118Z,72,1126,3089,435,1454,3913,3545,3350,14064,2274,2417,8814,Day_1,Medium,Fast,3.75mm,Experiment_2
2025-10-23T02:11:59.158Z,74,1121,3091,433,1449,3914,3550,3331,14048,2277,2413,8807,Day_1,Medium,Fast,3.75mm,Experiment_2
2025-10-23T02:11:59.198Z,80,1114,3094,437,1445,3913,3556,3306,14041,2275,2402,8805,Day_1,Medium,Fast,3.75mm,Experiment_2
2025-10-23T02:11:59.238Z,83,1112,3092,442,1447,3909,3563,3292,14043,2273,2394,8807,Day_1,Medium,Fast,3.75mm,Experiment_2
2025-10-23T02:11:59.278Z,84,1115,3084,444,1452,3901,3560,3295,14040,2270,2394,8808,Day_1,Medium,Fast,3.75mm,Experiment_2
2025-10-23T02:11:59.318Z,95,1118,3074,442,1456,3892,3546,3305,14028,2265,2399,8803,Day_1,Medium,Fast,3.75mm,Experiment_2
2025-10-23T02:11:59.358Z,107,1120,3067,435,1457,3885,3527,3318,14012,2259,2407,8794,Day_1,Medium,Fast,3.75mm,Experiment_2
2025-10-23T02:11:59.398Z,116,1123,3064,424,1458,3883,3516,3331,13999,2259,2412,8788,Day_1,Medium,Fast,3.75mm,Experiment_2
2025-10-23T02:11:59.438Z,142,1123,3066,417,1459,3886,3518,3330,13998,2267,2409,8788,Day_1,Medium,Fast,3.75mm,Experiment_2
2025-10-23T02:11:59.478Z,195,1119,3069,416,1457,3891,3528,3310,14009,2274,2397,8796,Day_1,Medium,Fast,3.75mm,Experiment_2
2025-10-23T02:11:59.518Z,230,1112,3074,417,1451,3895,3537,3288,14025,2275,2390,8803,Day_1,Medium,Fast,3.75mm,Experiment_2
2025-10-23T02:11:59.558Z,215,1105,3077,420,1441,3894,3539,3292,14029,2270,2397,8800,Day_1,Medium,Fast,3.75mm,Experiment_2
2025-10-23T02:11:59.598Z,186,1104,3079,419,1435,3890,3533,3323,14017,2264,2416,8792,Day_1,Medium,Fast,3.75mm,Experiment_2
2025-10-23T02:11:59.638Z,167,1109,3081,415,1437,3886,3526,3347,14006,2261,2428,8786,Day_1,Medium,Fast,3.75mm,Experiment_2
2025-10-23T02:11:59.678Z,140,1117,3083,410,1448,3888,3530,3343,14006,2263,2422,8784,Day_1,Medium,Fast,3.75mm,Experiment_2
2025-10-23T02:11:59.718Z,112,1126,3083,410,1458,3891,3545,3329,14015,2271,2409,8786,Day_1,Medium,Fast,3.75mm,Experiment_2
2025-10-23T02:11:59.758Z,97,1129,3082,411,1461,3893,3560,3332,14027,2280,2405,8792,Day_1,Medium,Fast,3.75mm,Experiment_2
2025-10-23T02:11:59.798Z,91,1125,3081,410,1457,3895,3560,3353,14032,2283,2414,8797,Day_1,Medium,Fast,3.75mm,Experiment_2
2025-10-23T02:11:59.838Z,86,1118,3078,406,1451,3896,3545,3371,14025,2277,2425,8797,Day_1,Medium,Fast,3.75mm,Experiment_2
2025-10-23T02:11:59.878Z,86,1113,3073,404,1449,3894,3525,3374,14017,2265,2428,8797,Day_1,Medium,Fast,3.75mm,Experiment_2
2025-10-23T02:11:59.918Z,91,1112,3072,408,1452,3895,3515,3357,14017,2257,2419,8799,Day_1,Medium,Fast,3.75mm,Experiment_2
2025-10-23T02:11:59.958Z,95,1118,3073,410,1458,3896,3516,3336,14028,2253,2410,8806,Day_1,Medium,Fast,3.75mm,Experiment_2
2025-10-23T02:11:59.998Z,93,1124,3070,407,1461,3892,3522,3334,14041,2252,2411,8816,Day_1,Medium,Fast,3.75mm,Experiment_2
2025-10-23T02:12:00.038Z,94,1125,3065,408,1460,3884,3526,3347,14046,2251,2418,8824,Day_1,Medium,Fast,3.75mm,Experiment_2
2025-10-23T02:12:00.078Z,102,1122,3065,417,1456,3882,3527,3354,14043,2249,2421,8824,Day_1,Medium,Fast,3.75mm,Experiment_2
2025-10-23T02:12:00.118Z,110,1118,3070,424,1451,3887,3523,3348,14032,2248,2416,8814,Day_1,Medium,Fast,3.75mm,Experiment_2
2025-10-23T02:12:00.158Z,110,1116,3066,425,1447,3895,3517,3333,14019,2247,2406,8802,Day_1,Medium,Fast,3.75mm,Experiment_2
2025-10-23T02:12:00.198Z,107,1122,3047,422,1451,3900,3516,3321,14012,2249,2396,8792,Day_1,Medium,Fast,3.75mm,Experiment_2
2025-10-23T02:12:00.238Z,106,1134,3021,420,1462,3905,3522,3313,14012,2252,2391,8787,Day_1,Medium,Fast,3.75mm,Experiment_2
2025-10-23T02:12:00.278Z,105,1138,2982,420,1467,3909,3530,3315,14017,2256,2395,8790,Day_1,Medium,Fast,3.75mm,Experiment_2
2025-10-23T02:12:00.318Z,105,1125,2907,422,1458,3906,3528,3335,14027,2256,2409,8801,Day_1,Medium,Fast,3.75mm,Experiment_2
2025-10-23T02:12:00.358Z,108,1108,2855,428,1444,3897,3519,3354,14044,2254,2422,8814,Day_1,Medium,Fast,3.75mm,Experiment_2
2025-10-23T02:12:00.398Z,114,1103,2900,435,1438,3891,3520,3348,14060,2255,2419,8822,Day_1,Medium,Fast,3.75mm,Experiment_2
2025-10-23T02:12:00.438Z,113,1105,2986,436,1438,3890,3539,3321,14065,2264,2405,8823,Day_1,Medium,Fast,3.75mm,Experiment_2
2025-10-23T02:12:00.478Z,108,1109,3044,432,1440,3892,3554,3300,14061,2273,2394,8821,Day_1,Medium,Fast,3.75mm,Experiment_2
2025-10-23T02:12:00.518Z,107,1111,3093,430,1442,3895,3543,3296,14054,2272,2393,8818,Day_1,Medium,Fast,3.75mm,Experiment_2
2025-10-23T02:12:00.558Z,103,1114,3156,424,1446,3897,3517,3301,14048,2263,2395,8813,Day_1,Medium,Fast,3.75mm,Experiment_2
2025-10-23T02:12:00.598Z,96,1118,3221,415,1450,3897,3504,3314,14047,2258,2402,8810,Day_1,Medium,Fast,3.75mm,Experiment_2
2025-10-23T02:12:00.638Z,93,1121,3325,414,1449,3898,3512,3336,14048,2260,2414,8808,Day_1,Medium,Fast,3.75mm,Experiment_2
2025-10-23T02:12:00.678Z,98,1123,3509,420,1446,3899,3525,3347,14043,2265,2421,8803,Day_1,Medium,Fast,3.75mm,Experiment_2
2025-10-23T02:12:00.718Z,103,1123,3610,426,1446,3897,3524,3333,14020,2264,2415,8792,Day_1,Medium,Fast,3.75mm,Experiment_2
2025-10-23T02:12:00.758Z,105,1119,3462,427,1447,3893,3515,3313,13992,2259,2405,8784,Day_1,Medium,Fast,3.75mm,Experiment_2
2025-10-23T02:12:00.798Z,103,1114,3215,422,1447,3891,3515,3306,13986,2257,2401,8787,Day_1,Medium,Fast,3.75mm,Experiment_2
2025-10-23T02:12:00.838Z,100,1115,3056,416,1449,3891,3526,3308,14000,2260,2401,8795,Day_1,Medium,Fast,3.75mm,Experiment_2
2025-10-23T02:12:00.878Z,100,1123,2946,416,1456,3889,3536,3310,14012,2263,2400,8798,Day_1,Medium,Fast,3.75mm,Experiment_2
2025-10-23T02:12:00.918Z,107,1131,2814,423,1464,3887,3541,3308,14014,2265,2396,8796,Day_1,Medium,Fast,3.75mm,Experiment_2
2025-10-23T02:12:00.958Z,117,1136,2777,435,1471,3889,3543,3307,14019,2266,2395,8798,Day_1,Medium,Fast,3.75mm,Experiment_2
2025-10-23T02:12:00.998Z,119,1135,2994,439,1471,3898,3544,3307,14030,2265,2398,8805,Day_1,Medium,Fast,3.75mm,Experiment_2
2025-10-23T02:12:01.038Z,111,1131,3367,432,1467,3904,3540,3304,14039,2263,2400,8811,Day_1,Medium,Fast,3.75mm,Experiment_2
2025-10-23T02:12:01.078Z,108,1127,3576,427,1461,3903,3533,3295,14045,2262,2397,8812,Day_1,Medium,Fast,3.75mm,Experiment_2
2025-10-23T02:12:01.118Z,113,1124,3468,429,1456,3899,3531,3287,14047,2264,2392,8806,Day_1,Medium,Fast,3.75mm,Experiment_2
2025-10-23T02:12:01.158Z,114,1118,3247,428,1450,3897,3534,3276,14037,2267,2385,8796,Day_1,Medium,Fast,3.75mm,Experiment_2
2025-10-23T02:12:01.198Z,101,1110,3130,418,1443,3894,3529,3265,14021,2264,2377,8789,Day_1,Medium,Fast,3.75mm,Experiment_2
2025-10-23T02:12:01.238Z,86,1109,3131,406,1444,3892,3513,3263,14015,2256,2374,8792,Day_1,Medium,Fast,3.75mm,Experiment_2
2025-10-23T02:12:01.278Z,77,1116,3201,399,1451,3895,3497,3272,14023,2248,2377,8800,Day_1,Medium,Fast,3.75mm,Experiment_2
2025-10-23T02:12:01.318Z,79,1122,3252,402,1455,3899,3496,3290,14030,2248,2386,8805,Day_1,Medium,Fast,3.75mm,Experiment_2
2025-10-23T02:12:01.358Z,93,1121,3227,415,1453,3900,3508,3308,14029,2253,2397,8805,Day_1,Medium,Fast,3.75mm,Experiment_2
2025-10-23T02:12:01.398Z,108,1118,3175,428,1449,3896,3516,3317,14034,2254,2404,8810,Day_1,Medium,Fast,3.75mm,Experiment_2
2025-10-23T02:12:01.438Z,118,1118,3145,436,1451,3894,3514,3321,14055,2252,2409,8822,Day_1,Medium,Fast,3.75mm,Experiment_2
2025-10-23T02:12:01.478Z,123,1123,3120,440,1456,3896,3509,3324,14075,2252,2414,8830,Day_1,Medium,Fast,3.75mm,Experiment_2
2025-10-23T02:12:01.518Z,121,1124,3092,439,1457,3896,3511,3327,14072,2252,2415,8824,Day_1,Medium,Fast,3.75mm,Experiment_2
2025-10-23T02:12:01.558Z,112,1121,3076,433,1453,3896,3515,3333,14052,2250,2414,8810,Day_1,Medium,Fast,3.75mm,Experiment_2
2025-10-23T02:12:01.598Z,102,1121,3072,426,1451,3896,3519,3341,14034,2251,2415,8796,Day_1,Medium,Fast,3.75mm,Experiment_2
2025-10-23T02:12:01.638Z,96,1121,3071,418,1450,3895,3523,3353,14026,2258,2425,8792,Day_1,Medium,Fast,3.75mm,Experiment_2
2025-10-23T02:12:01.678Z,91,1120,3071,411,1447,3894,3528,3367,14030,2269,2439,8798,Day_1,Medium,Fast,3.75mm,Experiment_2
2025-10-23T02:12:01.718Z,91,1116,3077,409,1444,3897,3527,3367,14039,2275,2438,8808,Day_1,Medium,Fast,3.75mm,Experiment_2
2025-10-23T02:12:01.758Z,96,1115,3082,414,1445,3900,3513,3341,14049,2271,2417,8814,Day_1,Medium,Fast,3.75mm,Experiment_2
2025-10-23T02:12:01.798Z,101,1118,3081,420,1453,3899,3503,3307,14057,2264,2396,8817,Day_1,Medium,Fast,3.75mm,Experiment_2
2025-10-23T02:12:01.838Z,102,1124,3077,421,1461,3895,3508,3301,14062,2261,2394,8821,Day_1,Medium,Fast,3.75mm,Experiment_2
2025-10-23T02:12:01.878Z,103,1126,3078,422,1464,3894,3520,3332,14069,2262,2408,8825,Day_1,Medium,Fast,3.75mm,Experiment_2
2025-10-23T02:12:01.918Z,109,1122,3082,428,1462,3894,3535,3371,14073,2267,2425,8827,Day_1,Medium,Fast,3.75mm,Experiment_2
2025-10-23T02:12:01.958Z,116,1120,3083,433,1460,3894,3546,3383,14052,2272,2431,8820,Day_1,Medium,Fast,3.75mm,Experiment_2
2025-10-23T02:12:01.998Z,112,1119,3083,431,1459,3894,3549,3367,13994,2273,2428,8803,Day_1,Medium,Fast,3.75mm,Experiment_2
2025-10-23T02:12:02.038Z,101,1118,3082,422,1458,3897,3542,3347,13916,2271,2420,8779,Day_1,Medium,Fast,3.75mm,Experiment_2
2025-10-23T02:12:02.078Z,91,1117,3080,412,1457,3901,3524,3335,13814,2265,2411,8756,Day_1,Medium,Fast,3.75mm,Experiment_2
2025-10-23T02:12:02.118Z,89,1118,3078,408,1456,3901,3503,3333,13658,2256,2408,8735,Day_1,Medium,Fast,3.75mm,Experiment_2
2025-10-23T02:12:02.158Z,93,1120,3077,412,1454,3899,3496,3341,13574,2250,2417,8729,Day_1,Medium,Fast,3.75mm,Experiment_2
2025-10-23T02:12:02.198Z,101,1121,3077,422,1453,3897,3503,3352,13702,2250,2427,8756,Day_1,Medium,Fast,3.75mm,Experiment_2
2025-10-23T02:12:02.238Z,110,1121,3081,432,1454,3900,3512,3347,13921,2252,2423,8795,Day_1,Medium,Fast,3.75mm,Experiment_2
2025-10-23T02:12:02.278Z,115,1120,3087,436,1456,3907,3517,3330,14062,2255,2407,8819,Day_1,Medium,Fast,3.75mm,Experiment_2
2025-10-23T02:12:02.318Z,115,1118,3090,434,1455,3911,3513,3315,14145,2256,2395,8833,Day_1,Medium,Fast,3.75mm,Experiment_2
2025-10-23T02:12:02.358Z,114,1116,3087,432,1449,3910,3501,3307,14249,2252,2395,8849,Day_1,Medium,Fast,3.75mm,Experiment_2
2025-10-23T02:12:02.398Z,114,1119,3085,433,1448,3907,3491,3304,14371,2247,2400,8868,Day_1,Medium,Fast,3.75mm,Experiment_2
2025-10-23T02:12:02.438Z,113,1124,3088,434,1451,3907,3491,3307,14566,2244,2402,8896,Day_1,Medium,Fast,3.75mm,Experiment_2
2025-10-23T02:12:02.478Z,107,1124,3092,430,1452,3909,3499,3312,14929,2245,2399,8948,Day_1,Medium,Fast,3.75mm,Experiment_2
2025-10-23T02:12:02.518Z,99,1116,3090,422,1445,3909,3507,3315,15166,2252,2396,8981,Day_1,Medium,Fast,3.75mm,Experiment_2
2025-10-23T02:12:02.558Z,94,1106,3082,416,1438,3904,3513,3311,14988,2261,2392,8954,Day_1,Medium,Fast,3.75mm,Experiment_2
2025-10-23T02:12:02.598Z,96,1104,3077,417,1437,3901,3512,3308,14719,2266,2391,8918,Day_1,Medium,Fast,3.75mm,Experiment_2
2025-10-23T02:12:02.638Z,104,1112,3079,423,1445,3903,3507,3315,14529,2264,2395,8894,Day_1,Medium,Fast,3.75mm,Experiment_2
2025-10-23T02:12:02.679Z,111,1123,3083,430,1457,3906,3510,3325,14133,2262,2400,8827,Day_1,Medium,Fast,3.75mm,Experiment_2
2025-10-23T02:12:02.719Z,109,1128,3086,429,1463,3907,3521,3327,13539,2262,2402,8723,Day_1,Medium,Fast,3.75mm,Experiment_2
2025-10-23T02:12:02.759Z,99,1128,3091,422,1464,3910,3524,3324,13183,2260,2400,8663,Day_1,Medium,Fast,3.75mm,Experiment_2
2025-10-23T02:12:02.799Z,93,1128,3094,417,1463,3913,3518,3315,13249,2259,2393,8676,Day_1,Medium,Fast,3.75mm,Experiment_2
2025-10-23T02:12:02.839Z,98,1129,3095,420,1464,3914,3518,3311,13391,2264,2386,8703,Day_1,Medium,Fast,3.75mm,Experiment_2
2025-10-23T02:12:02.879Z,108,1130,3094,426,1466,3914,3526,3316,13457,2270,2387,8714,Day_1,Medium,Fast,3.75mm,Experiment_2
2025-10-23T02:12:02.919Z,111,1130,3092,427,1467,3912,3530,3327,13620,2271,2393,8737,Day_1,Medium,Fast,3.75mm,Experiment_2
2025-10-23T02:12:02.959Z,106,1130,3087,421,1467,3908,3532,3335,13835,2272,2400,8769,Day_1,Medium,Fast,3.75mm,Experiment_2
2025-10-23T02:12:02.999Z,99,1129,3082,416,1468,3904,3537,3340,13975,2276,2407,8792,Day_1,Medium,Fast,3.75mm,Experiment_2
2025-10-23T02:12:03.039Z,96,1130,3081,415,1469,3902,3537,3351,14106,2276,2418,8819,Day_1,Medium,Fast,3.75mm,Experiment_2
2025-10-23T02:12:03.079Z,95,1128,3081,417,1467,3902,3530,3359,14289,2269,2426,8855,Day_1,Medium,Fast,3.75mm,Experiment_2
2025-10-23T02:12:03.119Z,95,1125,3078,417,1463,3900,3526,3351,14396,2263,2422,8871,Day_1,Medium,Fast,3.75mm,Experiment_2
2025-10-23T02:12:03.159Z,92,1123,3074,411,1461,3897,3530,3325,14320,2260,2407,8848,Day_1,Medium,Fast,3.75mm,Experiment_2
2025-10-23T02:12:03.199Z,90,1121,3074,406,1457,3896,3535,3301,14184,2259,2393,8817,Day_1,Medium,Fast,3.75mm,Experiment_2
2025-10-23T02:12:03.239Z,94,1114,3080,410,1450,3899,3537,3297,14109,2257,2392,8803,Day_1,Medium,Fast,3.75mm,Experiment_2
2025-10-23T02:12:03.279Z,102,1101,3088,420,1440,3904,3532,3312,14073,2254,2401,8801,Day_1,Medium,Fast,3.75mm,Experiment_2
2025-10-23T02:12:03.319Z,111,1090,3093,429,1432,3909,3520,3324,14050,2251,2408,8801,Day_1,Medium,Fast,3.75mm,Experiment_2
2025-10-23T02:12:03.359Z,118,1093,3093,433,1433,3910,3508,3317,14038,2248,2404,8802,Day_1,Medium,Fast,3.75mm,Experiment_2
2025-10-23T02:12:03.399Z,119,1108,3087,433,1442,3906,3501,3303,14027,2248,2397,8802,Day_1,Medium,Fast,3.75mm,Experiment_2
2025-10-23T02:12:03.439Z,115,1122,3080,430,1451,3900,3506,3299,14015,2255,2396,8803,Day_1,Medium,Fast,3.75mm,Experiment_2
2025-10-23T02:12:03.479Z,108,1125,3077,426,1451,3897,3520,3310,14009,2265,2403,8805,Day_1,Medium,Fast,3.75mm,Experiment_2
2025-10-23T02:12:03.519Z,106,1121,3082,423,1448,3901,3525,3325,14013,2267,2409,8807,Day_1,Medium,Fast,3.75mm,Experiment_2
2025-10-23T02:12:03.559Z,107,1119,3092,421,1450,3908,3518,3324,14018,2261,2407,8808,Day_1,Medium,Fast,3.75mm,Experiment_2
2025-10-23T02:12:03.599Z,111,1120,3097,423,1457,3911,3513,3312,14017,2255,2398,8808,Day_1,Medium,Fast,3.75mm,Experiment_2
2025-10-23T02:12:03.639Z,117,1123,3097,428,1462,3910,3523,3305,14017,2259,2391,8808,Day_1,Medium,Fast,3.75mm,Experiment_2
2025-10-23T02:12:03.679Z,121,1127,3094,432,1465,3907,3546,3306,14024,2270,2390,8809,Day_1,Medium,Fast,3.75mm,Experiment_2
2025-10-23T02:12:03.719Z,119,1132,3091,433,1466,3904,3562,3306,14027,2278,2393,8804,Day_1,Medium,Fast,3.75mm,Experiment_2
2025-10-23T02:12:03.759Z,113,1131,3089,430,1462,3900,3556,3305,14030,2275,2396,8798,Day_1,Medium,Fast,3.75mm,Experiment_2
2025-10-23T02:12:03.799Z,109,1123,3087,426,1456,3896,3530,3306,14039,2262,2399,8797,Day_1,Medium,Fast,3.75mm,Experiment_2
2025-10-23T02:12:03.839Z,110,1099,3082,429,1451,3892,3506,3317,14040,2249,2404,8798,Day_1,Medium,Fast,3.75mm,Experiment_2
2025-10-23T02:12:03.879Z,111,1025,3075,431,1445,3890,3501,3329,14031,2248,2407,8800,Day_1,Medium,Fast,3.75mm,Experiment_2
2025-10-23T02:12:03.919Z,105,892,3070,426,1439,3890,3513,3333,14032,2258,2409,8807,Day_1,Medium,Fast,3.75mm,Experiment_2
2025-10-23T02:12:03.959Z,99,790,3069,420,1437,3891,3529,3332,14047,2270,2409,8816,Day_1,Medium,Fast,3.75mm,Experiment_2
2025-10-23T02:12:03.999Z,98,806,3068,418,1443,3890,3535,3326,14061,2273,2405,8824,Day_1,Medium,Fast,3.75mm,Experiment_2
2025-10-23T02:12:04.039Z,100,908,3067,417,1448,3887,3527,3312,14063,2266,2395,8827,Day_1,Medium,Fast,3.75mm,Experiment_2
2025-10-23T02:12:04.079Z,102,1050,3068,419,1453,3887,3516,3304,14057,2258,2392,8826,Day_1,Medium,Fast,3.75mm,Experiment_2
2025-10-23T02:12:04.119Z,105,1247,3071,425,1459,3890,3515,3305,14056,2254,2398,8824,Day_1,Medium,Fast,3.75mm,Experiment_2
2025-10-23T02:12:04.159Z,106,1539,3078,431,1463,3895,3529,3308,14062,2257,2404,8823,Day_1,Medium,Fast,3.75mm,Experiment_2
2025-10-23T02:12:04.199Z,102,1825,3085,429,1463,3900,3547,3309,14064,2263,2404,8820,Day_1,Medium,Fast,3.75mm,Experiment_2
2025-10-23T02:12:04.239Z,98,1909,3087,424,1463,3900,3554,3308,14051,2268,2399,8810,Day_1,Medium,Fast,3.75mm,Experiment_2
2025-10-23T02:12:04.279Z,98,1802,3086,423,1464,3898,3545,3306,14031,2269,2392,8795,Day_1,Medium,Fast,3.75mm,Experiment_2
2025-10-23T02:12:04.319Z,101,1626,3085,425,1460,3900,3534,3308,14011,2269,2389,8785,Day_1,Medium,Fast,3.75mm,Experiment_2
2025-10-23T02:12:04.359Z,103,1409,3082,425,1452,3900,3536,3318,13999,2270,2397,8785,Day_1,Medium,Fast,3.75mm,Experiment_2
2025-10-23T02:12:04.399Z,105,1214,3077,425,1445,3897,3548,3333,13997,2271,2411,8792,Day_1,Medium,Fast,3.75mm,Experiment_2
2025-10-23T02:12:04.439Z,108,1098,3076,427,1444,3895,3555,3329,14000,2270,2413,8801,Day_1,Medium,Fast,3.75mm,Experiment_2
2025-10-23T02:12:03.979Z,111,997,3084,429,1446,3900,3557,3302,14002,2271,2399,8805,Day_1,Medium,Fast,3.75mm,Experiment_2
2025-10-23T02:12:04.019Z,113,842,3092,429,1448,3905,3551,3279,14005,2274,2385,8806,Day_1,Medium,Fast,3.75mm,Experiment_2
2025-10-23T02:12:04.059Z,113,701,3092,428,1448,3904,3538,3279,14015,2271,2385,8807,Day_1,Medium,Fast,3.75mm,Experiment_2
2025-10-23T02:12:04.099Z,110,633,3088,428,1444,3901,3529,3296,14029,2266,2399,8808,Day_1,Medium,Fast,3.75mm,Experiment_2
2025-10-23T02:12:04.139Z,105,594,3088,425,1442,3901,3526,3317,14039,2261,2415,8810,Day_1,Medium,Fast,3.75mm,Experiment_2
2025-10-23T02:12:04.179Z,100,642,3089,419,1444,3902,3521,3330,14045,2259,2420,8811,Day_1,Medium,Fast,3.75mm,Experiment_2
2025-10-23T02:12:04.219Z,98,847,3088,416,1450,3902,3511,3328,14040,2259,2413,8809,Day_1,Medium,Fast,3.75mm,Experiment_2
2025-10-23T02:12:04.259Z,96,1112,3088,414,1453,3905,3499,3313,14026,2260,2403,8804,Day_1,Medium,Fast,3.75mm,Experiment_2
2025-10-23T02:12:04.299Z,91,1328,3089,412,1455,3908,3496,3295,14018,2263,2396,8802,Day_1,Medium,Fast,3.75mm,Experiment_2
2025-10-23T02:12:04.839Z,90,1456,3089,411,1459,3909,3504,3287,14030,2265,2393,8806,Day_1,Medium,Fast,3.75mm,Experiment_2
2025-10-23T02:12:04.879Z,99,1496,3094,417,1464,3914,3509,3295,14047,2260,2394,8812,Day_1,Medium,Fast,3.75mm,Experiment_2
2025-10-23T02:12:04.919Z,111,1453,3103,425,1465,3922,3498,3317,14044,2251,2403,8812,Day_1,Medium,Fast,3.75mm,Experiment_2
2025-10-23T02:12:04.959Z,115,1329,3106,429,1460,3925,3486,3334,14022,2246,2414,8806,Day_1,Medium,Fast,3.75mm,Experiment_2
2025-10-23T02:12:04.999Z,108,1184,3098,424,1456,3916,3491,3333,14004,2249,2417,8801,Day_1,Medium,Fast,3.75mm,Experiment_2
2025-10-23T02:12:05.039Z,98,1079,3087,416,1455,3905,3508,3324,14003,2255,2415,8802,Day_1,Medium,Fast,3.75mm,Experiment_2
2025-10-23T02:12:05.079Z,94,1042,3086,412,1456,3901,3521,3318,14013,2257,2413,8805,Day_1,Medium,Fast,3.75mm,Experiment_2
2025-10-23T02:12:05.119Z,99,1080,3089,416,1458,3904,3518,3317,14019,2255,2410,8807,Day_1,Medium,Fast,3.75mm,Experiment_2
2025-10-23T02:12:05.159Z,102,1135,3087,419,1461,3906,3516,3314,14012,2256,2406,8801,Day_1,Medium,Fast,3.75mm,Experiment_2
2025-10-23T02:12:05.199Z,98,1152,3081,418,1462,3905,3527,3300,13995,2264,2398,8790,Day_1,Medium,Fast,3.75mm,Experiment_2
2025-10-23T02:12:05.239Z,94,1141,3076,419,1463,3903,3537,3276,13986,2271,2387,8784,Day_1,Medium,Fast,3.75mm,Experiment_2
2025-10-23T02:12:05.279Z,96,1132,3073,423,1464,3900,3532,3260,13991,2267,2379,8789,Day_1,Medium,Fast,3.75mm,Experiment_2
2025-10-23T02:12:05.319Z,97,1127,3069,426,1463,3893,3519,3261,13998,2256,2377,8798,Day_1,Medium,Fast,3.75mm,Experiment_2
2025-10-23T02:12:05.359Z,96,1122,3069,425,1460,3887,3513,3271,13999,2252,2379,8801,Day_1,Medium,Fast,3.75mm,Experiment_2
2025-10-23T02:12:05.399Z,97,1116,3074,424,1457,3886,3514,3287,14002,2258,2384,8801,Day_1,Medium,Fast,3.75mm,Experiment_2
2025-10-23T02:12:05.439Z,102,1109,3081,426,1450,3889,3517,3308,14014,2268,2393,8802,Day_1,Medium,Fast,3.75mm,Experiment_2
2025-10-23T02:12:05.479Z,108,1100,3086,428,1438,3894,3510,3328,14031,2271,2400,8803,Day_1,Medium,Fast,3.75mm,Experiment_2
2025-10-23T02:12:05.519Z,110,1095,3090,428,1430,3899,3503,3341,14045,2265,2402,8801,Day_1,Medium,Fast,3.75mm,Experiment_2
2025-10-23T02:12:05.559Z,106,1100,3088,422,1433,3899,3509,3349,14052,2256,2405,8799,Day_1,Medium,Fast,3.75mm,Experiment_2
2025-10-23T02:12:05.599Z,98,1113,3081,415,1443,3894,3519,3348,14053,2244,2408,8801,Day_1,Medium,Fast,3.75mm,Experiment_2
2025-10-23T02:12:05.639Z,94,1123,3073,412,1451,3889,3498,3336,14050,2237,2406,8805,Day_1,Medium,Fast,3.75mm,Experiment_2
2025-10-23T02:12:05.679Z,94,1125,3072,415,1455,3889,3388,3323,14041,2241,2402,8806,Day_1,Medium,Fast,3.75mm,Experiment_2
2025-10-23T02:12:05.719Z,95,1123,3077,417,1457,3891,3179,3319,14039,2250,2403,8811,Day_1,Medium,Fast,3.75mm,Experiment_2
2025-10-23T02:12:05.759Z,93,1125,3083,415,1461,3893,3018,3324,14050,2258,2407,8818,Day_1,Medium,Fast,3.75mm,Experiment_2
2025-10-23T02:12:05.799Z,90,1132,3085,411,1467,3894,3061,3328,14060,2266,2408,8821,Day_1,Medium,Fast,3.75mm,Experiment_2
2025-10-23T02:12:05.839Z,88,1135,3083,408,1470,3894,3268,3324,14051,2279,2406,8813,Day_1,Medium,Fast,3.75mm,Experiment_2
2025-10-23T02:12:05.879Z,91,1128,3080,410,1465,3895,3531,3315,14034,2291,2405,8803,Day_1,Medium,Fast,3.75mm,Experiment_2
2025-10-23T02:12:05.919Z,98,1116,3079,416,1454,3897,3857,3304,14032,2291,2404,8805,Day_1,Medium,Fast,3.75mm,Experiment_2
2025-10-23T02:12:05.959Z,100,1107,3078,419,1446,3897,4344,3304,14042,2282,2401,8811,Day_1,Medium,Fast,3.75mm,Experiment_2
2025-10-23T02:12:05.999Z,95,1104,3076,414,1442,3896,4828,3317,14045,2281,2400,8809,Day_1,Medium,Fast,3.75mm,Experiment_2
2025-10-23T02:12:06.039Z,88,1107,3072,407,1442,3894,4916,3328,14035,2297,2400,8797,Day_1,Medium,Fast,3.75mm,Experiment_2
2025-10-23T02:12:06.079Z,83,1115,3069,402,1448,3894,4622,3325,14019,2326,2399,8783,Day_1,Medium,Fast,3.75mm,Experiment_2
2025-10-23T02:12:06.119Z,82,1125,3071,400,1457,3897,4260,3313,14007,2342,2397,8778,Day_1,Medium,Fast,3.75mm,Experiment_2
2025-10-23T02:12:06.159Z,82,1132,3074,399,1462,3899,3935,3310,14004,2327,2397,8787,Day_1,Medium,Fast,3.75mm,Experiment_2
2025-10-23T02:12:06.199Z,85,1131,3074,401,1461,3898,3685,3314,14011,2298,2397,8801,Day_1,Medium,Fast,3.75mm,Experiment_2
2025-10-23T02:12:06.239Z,94,1121,3074,410,1455,3899,3507,3313,14021,2270,2396,8811,Day_1,Medium,Fast,3.75mm,Experiment_2
2025-10-23T02:12:06.279Z,104,1110,3079,418,1448,3904,3225,3310,14030,2221,2395,8815,Day_1,Medium,Fast,3.75mm,Experiment_2
2025-10-23T02:12:06.319Z,108,1107,3086,423,1447,3909,2739,3304,14037,2135,2393,8815,Day_1,Medium,Fast,3.75mm,Experiment_2
2025-10-23T02:12:06.359Z,106,1110,3092,423,1451,3909,2336,3294,14041,2061,2392,8813,Day_1,Medium,Fast,3.75mm,Experiment_2
2025-10-23T02:12:06.399Z,102,1114,3092,419,1453,3905,2309,3290,14038,2051,2394,8812,Day_1,Medium,Fast,3.75mm,Experiment_2
2025-10-23T02:12:06.439Z,100,1116,3087,416,1454,3900,2538,3295,14027,2092,2396,8808,Day_1,Medium,Fast,3.75mm,Experiment_2
2025-10-23T02:12:06.479Z,101,1120,3079,415,1457,3895,2865,3307,14014,2156,2395,8799,Day_1,Medium,Fast,3.75mm,Experiment_2
2025-10-23T02:12:06.519Z,104,1126,3072,418,1461,3894,3183,3316,13999,2221,2393,8785,Day_1,Medium,Fast,3.75mm,Experiment_2
2025-10-23T02:12:06.559Z,108,1130,3073,424,1464,3899,3368,3314,13983,2265,2391,8775,Day_1,Medium,Fast,3.75mm,Experiment_2
2025-10-23T02:12:06.599Z,110,1129,3080,428,1463,3904,3446,3299,13981,2285,2388,8779,Day_1,Medium,Fast,3.75mm,Experiment_2
2025-10-23T02:12:06.640Z,115,1126,3084,432,1458,3905,3515,3291,13992,2289,2393,8792,Day_1,Medium,Fast,3.75mm,Experiment_2
2025-10-23T02:12:06.680Z,121,1122,3081,438,1454,3899,3599,3294,14004,2285,2401,8800,Day_1,Medium,Fast,3.75mm,Experiment_2
2025-10-23T02:12:06.720Z,126,1120,3077,442,1454,3893,3669,3297,14009,2277,2403,8798,Day_1,Medium,Fast,3.75mm,Experiment_2
2025-10-23T02:12:06.760Z,128,1124,3075,442,1458,3891,3703,3298,14019,2274,2399,8797,Day_1,Medium,Fast,3.75mm,Experiment_2
2025-10-23T02:12:06.800Z,127,1129,3073,438,1463,3891,3709,3300,14040,2280,2392,8802,Day_1,Medium,Fast,3.75mm,Experiment_2
2025-10-23T02:12:06.840Z,124,1133,3071,434,1467,3893,3687,3300,14056,2286,2388,8806,Day_1,Medium,Fast,3.75mm,Experiment_2
2025-10-23T02:12:06.880Z,122,1134,3072,435,1467,3895,3621,3301,14055,2278,2387,8804,Day_1,Medium,Fast,3.75mm,Experiment_2
2025-10-23T02:12:06.920Z,119,1130,3073,436,1464,3894,3529,3305,14038,2261,2387,8796,Day_1,Medium,Fast,3.75mm,Experiment_2
2025-10-23T02:12:06.960Z,114,1125,3077,432,1458,3895,3449,3305,14011,2249,2387,8786,Day_1,Medium,Fast,3.75mm,Experiment_2
2025-10-23T02:12:07Z,111,1120,3086,427,1452,3904,3410,3303,13982,2244,2388,8775,Day_1,Medium,Fast,3.75mm,Experiment_2
2025-10-23T02:12:07.040Z,110,1116,3094,426,1446,3915,3413,3303,13968,2238,2387,8770,Day_1,Medium,Fast,3.75mm,Experiment_2
2025-10-23T02:12:07.080Z,110,1112,3094,428,1441,3918,3439,3303,13974,2232,2384,8776,Day_1,Medium,Fast,3.75mm,Experiment_2
2025-10-23T02:12:07.120Z,108,1114,3089,426,1444,3912,3487,3300,13989,2234,2382,8785,Day_1,Medium,Fast,3.75mm,Experiment_2
2025-10-23T02:12:07.160Z,106,1117,3081,421,1451,3900,3564,3301,13999,2248,2390,8791,Day_1,Medium,Fast,3.75mm,Experiment_2
2025-10-23T02:12:07.200Z,107,1119,3072,419,1456,3889,3633,3314,14009,2261,2405,8797,Day_1,Medium,Fast,3.75mm,Experiment_2
2025-10-23T02:12:07.240Z,107,1119,3070,419,1457,3888,3640,3323,14025,2262,2413,8806,Day_1,Medium,Fast,3.75mm,Experiment_2
2025-10-23T02:12:07.280Z,102,1120,3078,415,1458,3898,3587,3311,14046,2254,2404,8818,Day_1,Medium,Fast,3.75mm,Experiment_2
2025-10-23T02:12:07.320Z,96,1125,3085,410,1460,3907,3537,3288,14061,2247,2388,8826,Day_1,Medium,Fast,3.75mm,Experiment_2
2025-10-23T02:12:07.360Z,95,1131,3083,410,1463,3904,3525,3273,14069,2251,2375,8826,Day_1,Medium,Fast,3.75mm,Experiment_2
2025-10-23T02:12:07.400Z,101,1132,3080,413,1463,3898,3534,3266,14071,2260,2369,8820,Day_1,Medium,Fast,3.75mm,Experiment_2
2025-10-23T02:12:07.440Z,107,1128,3079,418,1460,3897,3536,3243,14060,2263,2372,8811,Day_1,Medium,Fast,3.75mm,Experiment_2
2025-10-23T02:12:07.480Z,109,1127,3076,423,1458,3897,3524,3151,14040,2259,2385,8803,Day_1,Medium,Fast,3.75mm,Experiment_2
2025-10-23T02:12:07.520Z,107,1128,3072,426,1458,3897,3508,2971,14031,2252,2400,8802,Day_1,Medium,Fast,3.75mm,Experiment_2
2025-10-23T02:12:07.560Z,104,1129,3071,427,1460,3896,3496,2836,14041,2248,2412,8806,Day_1,Medium,Fast,3.75mm,Experiment_2
2025-10-23T02:12:07.600Z,103,1133,3071,424,1464,3894,3496,2889,14053,2252,2423,8807,Day_1,Medium,Fast,3.75mm,Experiment_2
2025-10-23T02:12:07.640Z,103,1136,3071,423,1468,3893,3505,3084,14054,2262,2435,8805,Day_1,Medium,Fast,3.75mm,Experiment_2
2025-10-23T02:12:07.680Z,102,1133,3070,422,1466,3891,3517,3327,14050,2266,2437,8804,Day_1,Medium,Fast,3.75mm,Experiment_2
2025-10-23T02:12:07.720Z,102,1124,3066,423,1458,3887,3526,3660,14054,2265,2419,8809,Day_1,Medium,Fast,3.75mm,Experiment_2
2025-10-23T02:12:07.760Z,102,1115,3064,422,1449,3884,3533,4207,14066,2264,2396,8817,Day_1,Medium,Fast,3.75mm,Experiment_2
2025-10-23T02:12:07.800Z,102,1113,3070,421,1446,3890,3535,4757,14068,2264,2387,8820,Day_1,Medium,Fast,3.75mm,Experiment_2
2025-10-23T02:12:07.840Z,104,1113,3082,421,1448,3902,3528,4825,14049,2262,2401,8810,Day_1,Medium,Fast,3.75mm,Experiment_2
2025-10-23T02:12:07.880Z,108,1116,3093,423,1453,3912,3514,4424,14020,2256,2430,8793,Day_1,Medium,Fast,3.75mm,Experiment_2
2025-10-23T02:12:07.920Z,110,1121,3096,425,1460,3915,3500,3970,14006,2248,2448,8784,Day_1,Medium,Fast,3.75mm,Experiment_2
2025-10-23T02:12:07.960Z,111,1124,3092,424,1463,3912,3488,3630,14014,2241,2436,8790,Day_1,Medium,Fast,3.75mm,Experiment_2
2025-10-23T02:12:08Z,109,1122,3086,421,1460,3908,3483,3401,14027,2240,2413,8799,Day_1,Medium,Fast,3.75mm,Experiment_2
2025-10-23T02:12:08.040Z,104,1117,3084,418,1452,3905,3485,3238,14034,2246,2389,8804,Day_1,Medium,Fast,3.75mm,Experiment_2
2025-10-23T02:12:08.080Z,98,1113,3086,417,1443,3906,3491,2974,14039,2253,2345,8806,Day_1,Medium,Fast,3.75mm,Experiment_2
2025-10-23T02:12:08.120Z,93,1114,3086,417,1441,3905,3498,2520,14046,2256,2270,8808,Day_1,Medium,Fast,3.75mm,Experiment_2
2025-10-23T02:12:08.160Z,88,1116,3083,414,1445,3902,3507,2156,14051,2260,2211,8813,Day_1,Medium,Fast,3.75mm,Experiment_2
2025-10-23T02:12:08.200Z,84,1116,3082,411,1451,3899,3514,2166,14048,2265,2215,8815,Day_1,Medium,Fast,3.75mm,Experiment_2
2025-10-23T02:12:08.240Z,83,1115,3083,410,1454,3898,3522,2420,14042,2271,2260,8811,Day_1,Medium,Fast,3.75mm,Experiment_2
2025-10-23T02:12:08.280Z,84,1116,3087,410,1453,3903,3539,2753,14043,2277,2316,8806,Day_1,Medium,Fast,3.75mm,Experiment_2
2025-10-23T02:12:08.320Z,87,1116,3093,411,1450,3912,3558,3084,14038,2282,2367,8800,Day_1,Medium,Fast,3.75mm,Experiment_2
2025-10-23T02:12:08.360Z,92,1117,3096,411,1449,3919,3557,3336,14015,2280,2401,8790,Day_1,Medium,Fast,3.75mm,Experiment_2
2025-10-23T02:12:08.400Z,95,1118,3094,411,1450,3920,3541,3516,13994,2272,2413,8787,Day_1,Medium,Fast,3.75mm,Experiment_2
2025-10-23T02:12:08.440Z,94,1119,3089,410,1450,3915,3525,3674,13995,2261,2407,8793,Day_1,Medium,Fast,3.75mm,Experiment_2
2025-10-23T02:12:08.480Z,94,1119,3082,412,1450,3907,3513,3844,14016,2251,2399,8800,Day_1,Medium,Fast,3.75mm,Experiment_2
2025-10-23T02:12:08.520Z,96,1119,3073,418,1450,3899,3499,3916,14039,2241,2405,8803,Day_1,Medium,Fast,3.75mm,Experiment_2
2025-10-23T02:12:08.560Z,106,1117,3070,429,1447,3896,3484,3752,14052,2234,2416,8806,Day_1,Medium,Fast,3.75mm,Experiment_2
2025-10-23T02:12:08.600Z,118,1115,3072,439,1445,3898,3476,3466,14054,2231,2418,8813,Day_1,Medium,Fast,3.75mm,Experiment_2
2025-10-23T02:12:08.640Z,123,1120,3075,443,1450,3899,3471,3237,14051,2230,2412,8820,Day_1,Medium,Fast,3.75mm,Experiment_2
2025-10-23T02:12:08.680Z,119,1132,3075,438,1459,3898,3469,3153,14047,2230,2408,8823,Day_1,Medium,Fast,3.75mm,Experiment_2
2025-10-23T02:12:08.720Z,110,1139,3074,430,1465,3897,3472,3231,14049,2234,2407,8820,Day_1,Medium,Fast,3.75mm,Experiment_2
2025-10-23T02:12:08.760Z,103,1133,3077,423,1461,3899,3481,3347,14048,2244,2406,8812,Day_1,Medium,Fast,3.75mm,Experiment_2
2025-10-23T02:12:08.800Z,100,1122,3086,418,1454,3907,3490,3375,14034,2253,2403,8800,Day_1,Medium,Fast,3.75mm,Experiment_2
2025-10-23T02:12:08.840Z,99,1118,3095,415,1451,3914,3495,3345,14020,2256,2399,8793,Day_1,Medium,Fast,3.75mm,Experiment_2
2025-10-23T02:12:08.880Z,98,1120,3096,413,1453,3914,3503,3323,14023,2259,2397,8797,Day_1,Medium,Fast,3.75mm,Experiment_2
2025-10-23T02:12:08.920Z,98,1123,3089,415,1455,3907,3521,3317,14035,2266,2400,8803,Day_1,Medium,Fast,3.75mm,Experiment_2
2025-10-23T02:12:08.960Z,102,1122,3082,420,1457,3903,3543,3319,14045,2277,2407,8805,Day_1,Medium,Fast,3.75mm,Experiment_2
2025-10-23T02:12:09Z,105,1119,3080,425,1457,3902,3561,3321,14048,2286,2415,8803,Day_1,Medium,Fast,3.75mm,Experiment_2
2025-10-23T02:12:09.040Z,103,1115,3081,423,1458,3901,3570,3315,14045,2288,2414,8801,Day_1,Medium,Fast,3.75mm,Experiment_2
2025-10-23T02:12:09.080Z,95,1113,3083,414,1458,3898,3571,3302,14041,2285,2406,8802,Day_1,Medium,Fast,3.75mm,Experiment_2
2025-10-23T02:12:09.120Z,90,1114,3087,407,1457,3900,3567,3294,14036,2278,2400,8802,Day_1,Medium,Fast,3.75mm,Experiment_2
2025-10-23T02:12:09.160Z,91,1118,3095,407,1456,3907,3551,3305,14028,2269,2400,8802,Day_1,Medium,Fast,3.75mm,Experiment_2
2025-10-23T02:12:09.200Z,95,1123,3095,412,1457,3912,3528,3324,14024,2262,2403,8803,Day_1,Medium,Fast,3.75mm,Experiment_2
2025-10-23T02:12:09.240Z,98,1128,3087,416,1460,3909,3513,3329,14024,2260,2402,8804,Day_1,Medium,Fast,3.75mm,Experiment_2
2025-10-23T02:12:09.280Z,97,1128,3080,417,1461,3905,3513,3316,14024,2265,2398,8804,Day_1,Medium,Fast,3.75mm,Experiment_2
2025-10-23T02:12:09.320Z,95,1125,3076,417,1458,3902,3516,3299,14022,2268,2395,8802,Day_1,Medium,Fast,3.75mm,Experiment_2
2025-10-23T02:12:09.360Z,96,1125,3077,419,1457,3900,3514,3296,14023,2263,2397,8803,Day_1,Medium,Fast,3.75mm,Experiment_2
2025-10-23T02:12:09.400Z,103,1131,3082,425,1462,3901,3510,3311,14024,2254,2403,8802,Day_1,Medium,Fast,3.75mm,Experiment_2
2025-10-23T02:12:09.440Z,112,1136,3086,430,1470,3904,3514,3334,14026,2248,2412,8800,Day_1,Medium,Fast,3.75mm,Experiment_2
2025-10-23T02:12:09.480Z,112,1136,3086,428,1473,3901,3519,3352,14039,2247,2420,8802,Day_1,Medium,Fast,3.75mm,Experiment_2
2025-10-23T02:12:09.520Z,105,1132,3080,421,1468,3891,3519,3354,14058,2249,2422,8809,Day_1,Medium,Fast,3.75mm,Experiment_2
2025-10-23T02:12:09.560Z,96,1130,3074,414,1463,3883,3516,3344,14069,2254,2414,8817,Day_1,Medium,Fast,3.75mm,Experiment_2
2025-10-23T02:12:09.600Z,94,1128,3074,414,1461,3886,3517,3333,14067,2259,2406,8820,Day_1,Medium,Fast,3.75mm,Experiment_2
2025-10-23T02:12:09.640Z,100,1120,3079,422,1457,3896,3518,3323,14050,2261,2401,8815,Day_1,Medium,Fast,3.75mm,Experiment_2
2025-10-23T02:12:09.680Z,108,1112,3084,430,1449,3904,3514,3312,14027,2262,2399,8805,Day_1,Medium,Fast,3.75mm,Experiment_2
2025-10-23T02:12:09.720Z,108,1108,3088,429,1442,3908,3508,3303,14012,2259,2397,8801,Day_1,Medium,Fast,3.75mm,Experiment_2
2025-10-23T02:12:09.760Z,103,1108,3089,423,1439,3908,3500,3293,14011,2253,2393,8803,Day_1,Medium,Fast,3.75mm,Experiment_2
2025-10-23T02:12:09.800Z,96,1107,3087,415,1438,3903,3499,3288,14021,2249,2390,8808,Day_1,Medium,Fast,3.75mm,Experiment_2
2025-10-23T02:12:09.840Z,92,1104,3082,411,1438,3896,3507,3301,14036,2250,2397,8814,Day_1,Medium,Fast,3.75mm,Experiment_2
2025-10-23T02:12:09.880Z,93,1105,3074,413,1442,3888,3514,3335,14046,2253,2413,8818,Day_1,Medium,Fast,3.75mm,Experiment_2
2025-10-23T02:12:09.920Z,102,1113,3068,420,1450,3882,3513,3360,14051,2256,2421,8819,Day_1,Medium,Fast,3.75mm,Experiment_2
2025-10-23T02:12:09.960Z,110,1125,3068,427,1458,3883,3509,3357,14054,2259,2413,8819,Day_1,Medium,Fast,3.75mm,Experiment_2
2025-10-23T02:12:10Z,110,1132,3074,428,1461,3890,3508,3333,14052,2260,2398,8817,Day_1,Medium,Fast,3.75mm,Experiment_2
2025-10-23T02:12:10.040Z,104,1130,3084,423,1457,3899,3520,3309,14045,2260,2386,8810,Day_1,Medium,Fast,3.75mm,Experiment_2
2025-10-23T02:12:10.080Z,99,1121,3091,420,1451,3906,3538,3297,14036,2263,2381,8801,Day_1,Medium,Fast,3.75mm,Experiment_2
2025-10-23T02:12:10.120Z,97,1116,3093,420,1450,3909,3543,3297,14027,2264,2383,8794,Day_1,Medium,Fast,3.75mm,Experiment_2
2025-10-23T02:12:10.160Z,99,1116,3090,421,1453,3910,3527,3300,14015,2260,2387,8793,Day_1,Medium,Fast,3.75mm,Experiment_2
2025-10-23T02:12:10.200Z,103,1117,3089,423,1455,3911,3507,3303,14006,2257,2392,8797,Day_1,Medium,Fast,3.75mm,Experiment_2
2025-10-23T02:12:10.240Z,105,1119,3088,423,1456,3909,3494,3314,14010,2258,2401,8803,Day_1,Medium,Fast,3.75mm,Experiment_2
2025-10-23T02:12:10.280Z,100,1120,3084,420,1456,3903,3489,3328,14023,2260,2411,8809,Day_1,Medium,Fast,3.75mm,Experiment_2
2025-10-23T02:12:10.320Z,92,1116,3081,415,1452,3898,3494,3333,14032,2262,2415,8811,Day_1,Medium,Fast,3.75mm,Experiment_2
2025-10-23T02:12:10.360Z,90,1109,3080,413,1445,3899,3507,3323,14030,2263,2409,8809,Day_1,Medium,Fast,3.75mm,Experiment_2
2025-10-23T02:12:10.400Z,98,1105,3084,418,1440,3904,3522,3317,14020,2262,2402,8807,Day_1,Medium,Fast,3.75mm,Experiment_2
2025-10-23T02:12:10.440Z,109,1108,3085,424,1443,3907,3530,3325,14019,2257,2404,8806,Day_1,Medium,Fast,3.75mm,Experiment_2
2025-10-23T02:12:10.480Z,113,1117,3082,425,1451,3906,3525,3334,14029,2252,2409,8809,Day_1,Medium,Fast,3.75mm,Experiment_2
2025-10-23T02:12:10.520Z,108,1124,3081,422,1458,3905,3512,3324,14038,2247,2405,8812,Day_1,Medium,Fast,3.75mm,Experiment_2
2025-10-23T02:12:10.560Z,102,1125,3084,419,1460,3907,3499,3298,14029,2244,2392,8809,Day_1,Medium,Fast,3.75mm,Experiment_2
2025-10-23T02:12:10.600Z,99,1123,3090,417,1458,3911,3488,3282,14006,2244,2383,8800,Day_1,Medium,Fast,3.75mm,Experiment_2
2025-10-23T02:12:10.640Z,96,1122,3092,414,1457,3910,3482,3287,13988,2251,2385,8796,Day_1,Medium,Fast,3.75mm,Experiment_2
2025-10-23T02:12:10.680Z,95,1121,3088,413,1457,3902,3489,3308,13992,2261,2397,8801,Day_1,Medium,Fast,3.75mm,Experiment_2
2025-10-23T02:12:10.720Z,100,1119,3084,417,1457,3896,3499,3333,14010,2268,2411,8807,Day_1,Medium,Fast,3.75mm,Experiment_2
2025-10-23T02:12:10.760Z,106,1114,3084,424,1454,3897,3503,3347,14020,2269,2416,8808,Day_1,Medium,Fast,3.75mm,Experiment_2
2025-10-23T02:12:10.800Z,106,1114,3086,423,1452,3903,3502,3343,14020,2266,2414,8803,Day_1,Medium,Fast,3.75mm,Experiment_2
2025-10-23T02:12:10.840Z,103,1119,3092,420,1454,3911,3498,3325,14018,2259,2408,8798,Day_1,Medium,Fast,3.75mm,Experiment_2
2025-10-23T02:12:10.880Z,102,1126,3100,421,1458,3918,3497,3299,14025,2253,2397,8797,Day_1,Medium,Fast,3.75mm,Experiment_2
2025-10-23T02:12:10.920Z,106,1129,3106,427,1460,3921,3502,3284,14042,2253,2389,8802,Day_1,Medium,Fast,3.75mm,Experiment_2
2025-10-23T02:12:10.961Z,112,1129,3104,433,1461,3919,3511,3294,14053,2258,2390,8807,Day_1,Medium,Fast,3.75mm,Experiment_2
2025-10-23T02:12:11.001Z,116,1126,3096,437,1459,3915,3519,3314,14042,2264,2397,8805,Day_1,Medium,Fast,3.75mm,Experiment_2
2025-10-23T02:12:11.041Z,119,1123,3088,437,1455,3912,3517,3317,14015,2266,2399,8797,Day_1,Medium,Fast,3.75mm,Experiment_2
2025-10-23T02:12:11.081Z,119,1120,3084,434,1452,3910,3507,3307,13997,2265,2397,8792,Day_1,Medium,Fast,3.75mm,Experiment_2
2025-10-23T02:12:11.121Z,115,1118,3082,425,1449,3907,3499,3305,14002,2263,2397,8797,Day_1,Medium,Fast,3.75mm,Experiment_2
2025-10-23T02:12:11.161Z,111,1121,3082,416,1450,3904,3492,3307,14020,2259,2399,8806,Day_1,Medium,Fast,3.75mm,Experiment_2
2025-10-23T02:12:11.201Z,108,1131,3080,414,1458,3902,3484,3305,14034,2249,2397,8807,Day_1,Medium,Fast,3.75mm,Experiment_2
2025-10-23T02:12:11.241Z,103,1140,3075,415,1465,3898,3485,3304,14043,2241,2398,8806,Day_1,Medium,Fast,3.75mm,Experiment_2
2025-10-23T02:12:11.281Z,96,1139,3072,412,1463,3894,3499,3318,14056,2242,2405,8809,Day_1,Medium,Fast,3.75mm,Experiment_2
2025-10-23T02:12:11.321Z,87,1128,3071,405,1454,3892,3511,3345,14069,2247,2416,8814,Day_1,Medium,Fast,3.75mm,Experiment_2
2025-10-23T02:12:11.361Z,86,1122,3069,405,1452,3889,3514,3361,14072,2253,2422,8817,Day_1,Medium,Fast,3.75mm,Experiment_2
2025-10-23T02:12:11.401Z,96,1125,3064,415,1459,3884,3524,3360,14065,2263,2424,8817,Day_1,Medium,Fast,3.75mm,Experiment_2
2025-10-23T02:12:11.441Z,109,1130,3059,426,1467,3881,3537,3355,14051,2273,2425,8816,Day_1,Medium,Fast,3.75mm,Experiment_2
2025-10-23T02:12:11.481Z,115,1131,3060,432,1469,3882,3538,3351,14029,2274,2426,8811,Day_1,Medium,Fast,3.75mm,Experiment_2
2025-10-23T02:12:11.521Z,112,1128,3066,432,1467,3889,3530,3337,14006,2269,2420,8804,Day_1,Medium,Fast,3.75mm,Experiment_2
2025-10-23T02:12:11.561Z,107,1122,3073,431,1460,3897,3530,3322,13993,2267,2410,8799,Day_1,Medium,Fast,3.75mm,Experiment_2
2025-10-23T02:12:11.601Z,105,1115,3078,429,1449,3901,3535,3320,13995,2271,2402,8798,Day_1,Medium,Fast,3.75mm,Experiment_2
2025-10-23T02:12:11.641Z,108,1110,3082,430,1441,3904,3539,3327,14007,2277,2400,8796,Day_1,Medium,Fast,3.75mm,Experiment_2
2025-10-23T02:12:11.681Z,111,1111,3085,432,1441,3907,3533,3329,14023,2275,2401,8793,Day_1,Medium,Fast,3.75mm,Experiment_2
2025-10-23T02:12:11.721Z,113,1115,3085,436,1446,3906,3517,3319,14038,2265,2403,8797,Day_1,Medium,Fast,3.75mm,Experiment_2
2025-10-23T02:12:11.761Z,119,1119,3085,442,1452,3902,3505,3306,14046,2254,2401,8804,Day_1,Medium,Fast,3.75mm,Experiment_2
2025-10-23T02:12:11.801Z,124,1124,3086,447,1457,3901,3505,3297,14045,2250,2398,8808,Day_1,Medium,Fast,3.75mm,Experiment_2
2025-10-23T02:12:11.841Z,117,1129,3088,440,1462,3901,3509,3296,14048,2250,2394,8811,Day_1,Medium,Fast,3.75mm,Experiment_2
2025-10-23T02:12:11.881Z,105,1131,3086,427,1465,3899,3510,3301,14052,2249,2394,8812,Day_1,Medium,Fast,3.75mm,Experiment_2
2025-10-23T02:12:11.921Z,98,1128,3079,420,1463,3893,3511,3306,14042,2253,2396,8806,Day_1,Medium,Fast,3.75mm,Experiment_2
2025-10-23T02:12:11.961Z,100,1127,3071,420,1461,3888,3519,3308,14017,2265,2397,8798,Day_1,Medium,Fast,3.75mm,Experiment_2
2025-10-23T02:12:12.001Z,102,1132,3068,423,1465,3888,3527,3308,14008,2274,2399,8798,Day_1,Medium,Fast,3.75mm,Experiment_2
2025-10-23T02:12:12.041Z,104,1136,3071,424,1468,3892,3525,3313,14024,2275,2404,8805,Day_1,Medium,Fast,3.75mm,Experiment_2
2025-10-23T02:12:12.081Z,105,1135,3074,424,1466,3897,3519,3324,14046,2270,2411,8813,Day_1,Medium,Fast,3.75mm,Experiment_2
2025-10-23T02:12:12.121Z,104,1134,3074,424,1463,3898,3515,3336,14058,2266,2415,8816,Day_1,Medium,Fast,3.75mm,Experiment_2
2025-10-23T02:12:12.161Z,100,1135,3075,423,1464,3898,3518,3336,14063,2265,2410,8819,Day_1,Medium,Fast,3.75mm,Experiment_2
2025-10-23T02:12:12.201Z,99,1136,3080,422,1465,3899,3525,3328,14065,2266,2405,8825,Day_1,Medium,Fast,3.75mm,Experiment_2
2025-10-23T02:12:12.241Z,101,1134,3084,421,1464,3898,3529,3331,14060,2266,2410,8825,Day_1,Medium,Fast,3.75mm,Experiment_2
2025-10-23T02:12:12.281Z,105,1129,3082,423,1463,3893,3535,3347,14046,2265,2427,8816,Day_1,Medium,Fast,3.75mm,Experiment_2
2025-10-23T02:12:12.321Z,109,1124,3076,426,1461,3888,3543,3351,14026,2265,2441,8800,Day_1,Medium,Fast,3.75mm,Experiment_2
2025-10-23T02:12:12.361Z,111,1121,3072,430,1460,3887,3541,3323,14007,2261,2442,8787,Day_1,Medium,Fast,3.75mm,Experiment_2
2025-10-23T02:12:12.401Z,109,1122,3074,430,1461,3892,3527,3284,14000,2257,2428,8786,Day_1,Medium,Fast,3.75mm,Experiment_2
2025-10-23T02:12:12.441Z,105,1124,3078,427,1458,3897,3525,3270,14009,2258,2409,8798,Day_1,Medium,Fast,3.75mm,Experiment_2
2025-10-23T02:12:12.481Z,101,1123,3080,423,1453,3899,3540,3283,14021,2269,2399,8810,Day_1,Medium,Fast,3.75mm,Experiment_2
2025-10-23T02:12:12.521Z,101,1118,3079,422,1448,3898,3554,3297,14026,2281,2397,8814,Day_1,Medium,Fast,3.75mm,Experiment_2
2025-10-23T02:12:12.561Z,102,1114,3076,423,1446,3897,3551,3298,14026,2283,2396,8812,Day_1,Medium,Fast,3.75mm,Experiment_2
2025-10-23T02:12:12.601Z,101,1112,3076,421,1446,3898,3537,3297,14026,2275,2397,8808,Day_1,Medium,Fast,3.75mm,Experiment_2
2025-10-23T02:12:12.641Z,97,1111,3080,417,1446,3901,3530,3308,14025,2269,2403,8804,Day_1,Medium,Fast,3.75mm,Experiment_2
2025-10-23T02:12:12.681Z,98,1109,3090,417,1445,3908,3537,3326,14022,2271,2412,8801,Day_1,Medium,Fast,3.75mm,Experiment_2
2025-10-23T02:12:12.721Z,105,1106,3098,424,1445,3917,3547,3340,14022,2275,2418,8800,Day_1,Medium,Fast,3.75mm,Experiment_2
2025-10-23T02:12:12.761Z,110,1107,3100,429,1447,3920,3543,3342,14020,2272,2417,8799,Day_1,Medium,Fast,3.75mm,Experiment_2
2025-10-23T02:12:12.801Z,109,1113,3092,428,1451,3914,3528,3333,14015,2265,2411,8798,Day_1,Medium,Fast,3.75mm,Experiment_2
2025-10-23T02:12:12.841Z,106,1121,3082,424,1456,3905,3520,3315,14015,2261,2401,8799,Day_1,Medium,Fast,3.75mm,Experiment_2
2025-10-23T02:12:12.881Z,103,1124,3073,419,1457,3898,3526,3296,14026,2266,2391,8803,Day_1,Medium,Fast,3.75mm,Experiment_2
2025-10-23T02:12:12.921Z,99,1122,3068,415,1454,3894,3535,3290,14039,2269,2389,8807,Day_1,Medium,Fast,3.75mm,Experiment_2
2025-10-23T02:12:12.961Z,95,1119,3067,414,1452,3891,3540,3291,14038,2270,2391,8806,Day_1,Medium,Fast,3.75mm,Experiment_2
2025-10-23T02:12:13.001Z,97,1118,3068,417,1450,3891,3546,3290,14023,2272,2392,8800,Day_1,Medium,Fast,3.75mm,Experiment_2
2025-10-23T02:12:13.041Z,104,1120,3073,422,1450,3893,3554,3289,14011,2275,2391,8795,Day_1,Medium,Fast,3.75mm,Experiment_2
2025-10-23T02:12:13.081Z,107,1124,3077,425,1452,3896,3561,3298,14021,2276,2391,8798,Day_1,Medium,Fast,3.75mm,Experiment_2
2025-10-23T02:12:13.121Z,102,1127,3079,421,1453,3897,3556,3316,14049,2273,2393,8810,Day_1,Medium,Fast,3.75mm,Experiment_2
2025-10-23T02:12:13.161Z,96,1127,3081,418,1452,3898,3537,3330,14073,2267,2397,8822,Day_1,Medium,Fast,3.75mm,Experiment_2
2025-10-23T02:12:13.201Z,97,1130,3084,422,1457,3899,3521,3330,14071,2264,2399,8828,Day_1,Medium,Fast,3.75mm,Experiment_2
2025-10-23T02:12:13.241Z,104,1133,3086,428,1462,3899,3521,3322,14049,2268,2396,8823,Day_1,Medium,Fast,3.75mm,Experiment_2
2025-10-23T02:12:13.281Z,113,1128,3086,434,1461,3903,3535,3312,14019,2275,2388,8808,Day_1,Medium,Fast,3.75mm,Experiment_2
2025-10-23T02:12:13.321Z,121,1122,3087,439,1455,3909,3546,3294,13997,2278,2379,8794,Day_1,Medium,Fast,3.75mm,Experiment_2
2025-10-23T02:12:13.361Z,122,1117,3087,439,1449,3912,3541,3280,13994,2273,2376,8792,Day_1,Medium,Fast,3.75mm,Experiment_2
2025-10-23T02:12:13.401Z,115,1116,3082,435,1446,3908,3533,3284,14011,2269,2383,8797,Day_1,Medium,Fast,3.75mm,Experiment_2
2025-10-23T02:12:13.441Z,105,1118,3075,427,1447,3900,3539,3296,14036,2273,2390,8801,Day_1,Medium,Fast,3.75mm,Experiment_2
2025-10-23T02:12:12.981Z,98,1121,3070,421,1452,3896,3554,3298,14053,2279,2389,8804,Day_1,Medium,Fast,3.75mm,Experiment_2
2025-10-23T02:12:13.021Z,97,1127,3071,419,1460,3896,3553,3293,14055,2277,2385,8808,Day_1,Medium,Fast,3.75mm,Experiment_2
2025-10-23T02:12:13.061Z,99,1136,3074,421,1470,3898,3533,3298,14049,2266,2389,8811,Day_1,Medium,Fast,3.75mm,Experiment_2
2025-10-23T02:12:13.101Z,102,1142,3077,425,1474,3899,3513,3319,14046,2255,2400,8813,Day_1,Medium,Fast,3.75mm,Experiment_2
2025-10-23T02:12:13.141Z,104,1139,3077,427,1469,3899,3514,3338,14045,2251,2407,8813,Day_1,Medium,Fast,3.75mm,Experiment_2
2025-10-23T02:12:13.181Z,103,1130,3074,426,1460,3899,3534,3333,14043,2256,2403,8812,Day_1,Medium,Fast,3.75mm,Experiment_2
2025-10-23T02:12:13.221Z,100,1123,3069,424,1457,3898,3551,3309,14037,2265,2390,8811,Day_1,Medium,Fast,3.75mm,Experiment_2
2025-10-23T02:12:13.261Z,96,1121,3066,421,1458,3896,3550,3290,14028,2271,2383,8812,Day_1,Medium,Fast,3.75mm,Experiment_2
2025-10-23T02:12:13.301Z,92,1121,3070,418,1460,3897,3531,3284,14022,2270,2383,8814,Day_1,Medium,Fast,3.75mm,Experiment_2
2025-10-23T02:12:13.841Z,92,1118,3081,415,1457,3902,3510,3286,14020,2263,2386,8812,Day_1,Medium,Fast,3.75mm,Experiment_2
2025-10-23T02:12:13.881Z,96,1115,3091,416,1451,3907,3502,3298,14020,2257,2393,8807,Day_1,Medium,Fast,3.75mm,Experiment_2
2025-10-23T02:12:13.921Z,102,1115,3098,420,1449,3909,3499,3317,14020,2252,2403,8805,Day_1,Medium,Fast,3.75mm,Experiment_2
2025-10-23T02:12:13.961Z,109,1115,3100,425,1449,3908,3498,3330,14020,2248,2412,8806,Day_1,Medium,Fast,3.75mm,Experiment_2
2025-10-23T02:12:14.001Z,113,1110,3096,429,1445,3906,3501,3329,14021,2246,2416,8807,Day_1,Medium,Fast,3.75mm,Experiment_2
2025-10-23T02:12:14.041Z,111,1105,3090,430,1441,3902,3501,3320,14027,2242,2411,8807,Day_1,Medium,Fast,3.75mm,Experiment_2
2025-10-23T02:12:14.081Z,107,1106,3089,428,1441,3903,3493,3313,14032,2237,2403,8804,Day_1,Medium,Fast,3.75mm,Experiment_2
2025-10-23T02:12:14.121Z,105,1108,3089,427,1442,3907,3489,3308,14032,2238,2395,8798,Day_1,Medium,Fast,3.75mm,Experiment_2
2025-10-23T02:12:14.161Z,107,1109,3086,429,1441,3909,3496,3305,14021,2247,2394,8790,Day_1,Medium,Fast,3.75mm,Experiment_2
2025-10-23T02:12:14.201Z,108,1109,3081,430,1440,3907,3511,3311,13999,2257,2403,8784,Day_1,Medium,Fast,3.75mm,Experiment_2
2025-10-23T02:12:14.241Z,104,1109,3079,425,1441,3902,3532,3323,13985,2267,2415,8785,Day_1,Medium,Fast,3.75mm,Experiment_2
2025-10-23T02:12:14.281Z,98,1111,3078,418,1443,3898,3550,3325,13989,2277,2419,8793,Day_1,Medium,Fast,3.75mm,Experiment_2
2025-10-23T02:12:14.321Z,98,1114,3079,415,1446,3896,3557,3312,14008,2283,2412,8804,Day_1,Medium,Fast,3.75mm,Experiment_2
2025-10-23T02:12:14.361Z,102,1118,3080,418,1448,3898,3550,3294,14035,2279,2400,8817,Day_1,Medium,Fast,3.75mm,Experiment_2
2025-10-23T02:12:14.401Z,103,1120,3083,424,1450,3902,3534,3289,14062,2268,2394,8829,Day_1,Medium,Fast,3.75mm,Experiment_2
2025-10-23T02:12:14.441Z,102,1122,3089,426,1452,3905,3515,3302,14080,2256,2400,8835,Day_1,Medium,Fast,3.75mm,Experiment_2
2025-10-23T02:12:14.481Z,100,1123,3091,423,1456,3904,3505,3321,14088,2253,2411,8831,Day_1,Medium,Fast,3.75mm,Experiment_2
2025-10-23T02:12:14.521Z,97,1122,3085,419,1458,3898,3511,3326,14083,2257,2414,8822,Day_1,Medium,Fast,3.75mm,Experiment_2
2025-10-23T02:12:14.561Z,95,1116,3075,416,1452,3891,3519,3316,14063,2263,2403,8812,Day_1,Medium,Fast,3.75mm,Experiment_2
2025-10-23T02:12:14.601Z,94,1110,3072,417,1445,3893,3524,3303,14033,2264,2391,8801,Day_1,Medium,Fast,3.75mm,Experiment_2
2025-10-23T02:12:14.641Z,96,1114,3077,420,1448,3900,3534,3291,14008,2267,2387,8795,Day_1,Medium,Fast,3.75mm,Experiment_2
2025-10-23T02:12:14.681Z,102,1126,3081,425,1458,3905,3544,3283,14004,2271,2389,8799,Day_1,Medium,Fast,3.75mm,Experiment_2
2025-10-23T02:12:14.721Z,107,1135,3081,428,1465,3902,3540,3286,14015,2272,2393,8810,Day_1,Medium,Fast,3.75mm,Experiment_2
2025-10-23T02:12:14.761Z,110,1134,3076,429,1462,3895,3524,3304,14024,2270,2400,8814,Day_1,Medium,Fast,3.75mm,Experiment_2
2025-10-23T02:12:14.801Z,112,1125,3073,428,1457,3891,3519,3329,14022,2269,2410,8806,Day_1,Medium,Fast,3.75mm,Experiment_2
2025-10-23T02:12:14.841Z,111,1118,3073,424,1455,3891,3531,3348,14014,2273,2416,8794,Day_1,Medium,Fast,3.75mm,Experiment_2
2025-10-23T02:12:14.881Z,104,1116,3076,414,1456,3893,3544,3348,14014,2276,2416,8790,Day_1,Medium,Fast,3.75mm,Experiment_2
2025-10-23T02:12:14.921Z,97,1115,3080,407,1454,3894,3542,3335,14025,2272,2411,8796,Day_1,Medium,Fast,3.75mm,Experiment_2
2025-10-23T02:12:14.961Z,95,1111,3082,407,1448,3894,3527,3326,14035,2259,2406,8804,Day_1,Medium,Fast,3.75mm,Experiment_2
2025-10-23T02:12:15.001Z,98,1105,3081,413,1441,3892,3503,3322,14040,2243,2403,8810,Day_1,Medium,Fast,3.75mm,Experiment_2
2025-10-23T02:12:15.041Z,103,1105,3080,419,1441,3893,3481,3317,14039,2233,2402,8813,Day_1,Medium,Fast,3.75mm,Experiment_2
2025-10-23T02:12:15.081Z,111,1113,3078,428,1447,3895,3474,3309,14026,2235,2400,8808,Day_1,Medium,Fast,3.75mm,Experiment_2
2025-10-23T02:12:15.121Z,123,1122,3075,440,1452,3896,3486,3305,14008,2246,2397,8799,Day_1,Medium,Fast,3.75mm,Experiment_2
2025-10-23T02:12:15.161Z,131,1123,3071,450,1451,3896,3504,3307,14004,2255,2394,8797,Day_1,Medium,Fast,3.75mm,Experiment_2
2025-10-23T02:12:15.201Z,128,1121,3071,450,1448,3897,3520,3310,14011,2258,2390,8800,Day_1,Medium,Fast,3.75mm,Experiment_2
2025-10-23T02:12:15.241Z,123,1121,3074,446,1446,3900,3531,3309,14010,2259,2390,8797,Day_1,Medium,Fast,3.75mm,Experiment_2
2025-10-23T02:12:15.282Z,119,1119,3079,440,1443,3905,3533,3306,14000,2259,2392,8790,Day_1,Medium,Fast,3.75mm,Experiment_2
2025-10-23T02:12:15.322Z,110,1116,3082,430,1439,3906,3525,3306,14008,2261,2394,8795,Day_1,Medium,Fast,3.75mm,Experiment_2
2025-10-23T02:12:15.362Z,100,1115,3083,421,1438,3904,3517,3310,14044,2263,2398,8810,Day_1,Medium,Fast,3.75mm,Experiment_2
2025-10-23T02:12:15.402Z,99,1113,3085,420,1440,3903,3510,3311,14071,2261,2400,8819,Day_1,Medium,Fast,3.75mm,Experiment_2
2025-10-23T02:12:15.442Z,104,1114,3086,423,1446,3900,3505,3303,14072,2258,2398,8816,Day_1,Medium,Fast,3.75mm,Experiment_2
2025-10-23T02:12:15.482Z,105,1118,3084,422,1452,3896,3504,3289,14064,2257,2390,8813,Day_1,Medium,Fast,3.75mm,Experiment_2
2025-10-23T02:12:15.522Z,103,1120,3079,418,1455,3893,3510,3279,14050,2259,2383,8812,Day_1,Medium,Fast,3.75mm,Experiment_2
2025-10-23T02:12:15.562Z,102,1118,3072,417,1453,3893,3515,3285,14020,2264,2384,8804,Day_1,Medium,Fast,3.75mm,Experiment_2
2025-10-23T02:12:15.602Z,102,1115,3068,419,1450,3891,3511,3304,13991,2265,2394,8794,Day_1,Medium,Fast,3.75mm,Experiment_2
2025-10-23T02:12:15.642Z,101,1111,3072,418,1448,3893,3499,3325,13979,2261,2404,8789,Day_1,Medium,Fast,3.75mm,Experiment_2
2025-10-23T02:12:15.682Z,100,1108,3083,416,1446,3899,3487,3336,13978,2255,2408,8787,Day_1,Medium,Fast,3.75mm,Experiment_2
2025-10-23T02:12:15.722Z,101,1107,3092,417,1445,3904,3479,3334,13983,2249,2404,8789,Day_1,Medium,Fast,3.75mm,Experiment_2
2025-10-23T02:12:15.762Z,99,1111,3098,417,1449,3905,3479,3334,13989,2245,2403,8793,Day_1,Medium,Fast,3.75mm,Experiment_2
2025-10-23T02:12:15.802Z,96,1118,3100,416,1458,3905,3490,3337,13999,2244,2404,8797,Day_1,Medium,Fast,3.75mm,Experiment_2
2025-10-23T02:12:15.842Z,94,1124,3095,414,1464,3901,3505,3336,14013,2248,2403,8801,Day_1,Medium,Fast,3.75mm,Experiment_2
2025-10-23T02:12:15.882Z,91,1123,3082,412,1463,3893,3514,3330,14027,2255,2401,8804,Day_1,Medium,Fast,3.75mm,Experiment_2
2025-10-23T02:12:15.922Z,90,1119,3071,411,1457,3887,3520,3324,14032,2260,2398,8801,Day_1,Medium,Fast,3.75mm,Experiment_2
2025-10-23T02:12:15.962Z,92,1118,3067,414,1454,3887,3522,3313,14023,2260,2394,8794,Day_1,Medium,Fast,3.75mm,Experiment_2
2025-10-23T02:12:16.002Z,95,1121,3069,419,1456,3892,3524,3308,14017,2261,2392,8793,Day_1,Medium,Fast,3.75mm,Experiment_2
2025-10-23T02:12:16.042Z,93,1126,3071,418,1459,3898,3524,3318,14024,2264,2402,8802,Day_1,Medium,Fast,3.75mm,Experiment_2
2025-10-23T02:12:16.082Z,92,1126,3073,415,1459,3904,3525,3334,14034,2267,2416,8812,Day_1,Medium,Fast,3.75mm,Experiment_2
2025-10-23T02:12:16.122Z,98,1119,3076,417,1455,3907,3526,3340,14035,2267,2421,8816,Day_1,Medium,Fast,3.75mm,Experiment_2
2025-10-23T02:12:16.162Z,110,1118,3078,425,1454,3905,3526,3334,14032,2266,2415,8815,Day_1,Medium,Fast,3.75mm,Experiment_2
2025-10-23T02:12:16.202Z,116,1123,3078,429,1457,3900,3529,3325,14034,2265,2406,8817,Day_1,Medium,Fast,3.75mm,Experiment_2
2025-10-23T02:12:16.242Z,112,1123,3080,426,1455,3898,3529,3317,14035,2265,2400,8821,Day_1,Medium,Fast,3.75mm,Experiment_2
2025-10-23T02:12:16.282Z,109,1115,3085,423,1447,3900,3529,3308,14027,2267,2397,8819,Day_1,Medium,Fast,3.75mm,Experiment_2
2025-10-23T02:12:16.322Z,111,1107,3088,425,1441,3903,3536,3299,14013,2273,2396,8808,Day_1,Medium,Fast,3.75mm,Experiment_2
2025-10-23T02:12:16.362Z,112,1108,3090,424,1444,3902,3546,3289,14001,2279,2394,8794,Day_1,Medium,Fast,3.75mm,Experiment_2
2025-10-23T02:12:16.402Z,109,1114,3087,422,1452,3901,3543,3279,13987,2278,2389,8780,Day_1,Medium,Fast,3.75mm,Experiment_2
2025-10-23T02:12:16.442Z,112,1117,3082,425,1457,3903,3528,3273,13967,2273,2386,8770,Day_1,Medium,Fast,3.75mm,Experiment_2
2025-10-23T02:12:16.482Z,118,1114,3077,434,1455,3904,3518,3276,13958,2272,2389,8770,Day_1,Medium,Fast,3.75mm,Experiment_2
2025-10-23T02:12:16.522Z,119,1112,3073,438,1451,3902,3522,3282,13973,2277,2391,8783,Day_1,Medium,Fast,3.75mm,Experiment_2
2025-10-23T02:12:16.562Z,114,1117,3071,433,1453,3897,3535,3277,14003,2282,2386,8799,Day_1,Medium,Fast,3.75mm,Experiment_2
2025-10-23T02:12:16.602Z,106,1125,3073,424,1459,3896,3544,3265,14027,2281,2377,8808,Day_1,Medium,Fast,3.75mm,Experiment_2
2025-10-23T02:12:16.642Z,99,1126,3079,416,1460,3898,3539,3261,14037,2273,2373,8811,Day_1,Medium,Fast,3.75mm,Experiment_2
2025-10-23T02:12:16.682Z,96,1121,3087,413,1455,3904,3522,3276,14039,2261,2377,8811,Day_1,Medium,Fast,3.75mm,Experiment_2
2025-10-23T02:12:16.722Z,101,1119,3096,417,1452,3910,3506,3293,14037,2253,2383,8810,Day_1,Medium,Fast,3.75mm,Experiment_2
2025-10-23T02:12:16.762Z,109,1123,3097,425,1455,3910,3503,3301,14031,2250,2384,8806,Day_1,Medium,Fast,3.75mm,Experiment_2
2025-10-23T02:12:16.802Z,115,1130,3088,430,1460,3902,3507,3304,14018,2251,2385,8800,Day_1,Medium,Fast,3.75mm,Experiment_2
2025-10-23T02:12:16.842Z,113,1132,3079,427,1463,3895,3507,3308,14005,2256,2388,8794,Day_1,Medium,Fast,3.75mm,Experiment_2
2025-10-23T02:12:16.882Z,108,1129,3079,421,1462,3898,3507,3316,14002,2260,2396,8791,Day_1,Medium,Fast,3.75mm,Experiment_2
2025-10-23T02:12:16.922Z,104,1124,3086,418,1460,3908,3509,3324,14013,2259,2404,8798,Day_1,Medium,Fast,3.75mm,Experiment_2
2025-10-23T02:12:16.962Z,104,1119,3090,421,1456,3914,3521,3324,14028,2258,2404,8812,Day_1,Medium,Fast,3.75mm,Experiment_2
2025-10-23T02:12:17.002Z,103,1115,3089,426,1451,3915,3539,3316,14036,2261,2397,8820,Day_1,Medium,Fast,3.75mm,Experiment_2
2025-10-23T02:12:17.042Z,97,1113,3086,424,1447,3914,3550,3304,14028,2265,2389,8812,Day_1,Medium,Fast,3.75mm,Experiment_2
2025-10-23T02:12:17.082Z,87,1112,3084,414,1444,3914,3546,3296,14014,2263,2384,8798,Day_1,Medium,Fast,3.75mm,Experiment_2
2025-10-23T02:12:17.122Z,80,1111,3083,403,1442,3910,3526,3300,14012,2253,2386,8794,Day_1,Medium,Fast,3.75mm,Experiment_2
2025-10-23T02:12:17.162Z,76,1115,3085,396,1444,3906,3496,3309,14025,2241,2395,8801,Day_1,Medium,Fast,3.75mm,Experiment_2
2025-10-23T02:12:17.202Z,76,1122,3091,393,1448,3907,3469,3311,14044,2232,2404,8809,Day_1,Medium,Fast,3.75mm,Experiment_2
2025-10-23T02:12:17.242Z,81,1124,3098,397,1450,3911,3462,3305,14061,2234,2405,8815,Day_1,Medium,Fast,3.75mm,Experiment_2
2025-10-23T02:12:17.282Z,90,1124,3096,408,1452,3913,3472,3297,14069,2241,2401,8819,Day_1,Medium,Fast,3.75mm,Experiment_2
2025-10-23T02:12:17.322Z,99,1124,3089,419,1454,3910,3487,3295,14061,2247,2401,8817,Day_1,Medium,Fast,3.75mm,Experiment_2
2025-10-23T02:12:17.362Z,101,1125,3088,422,1455,3908,3503,3291,14032,2253,2404,8808,Day_1,Medium,Fast,3.75mm,Experiment_2
2025-10-23T02:12:17.402Z,100,1124,3096,420,1455,3912,3518,3281,14001,2261,2401,8799,Day_1,Medium,Fast,3.75mm,Experiment_2
2025-10-23T02:12:17.442Z,102,1121,3101,422,1452,3916,3522,3275,13989,2266,2397,8796,Day_1,Medium,Fast,3.75mm,Experiment_2
2025-10-23T02:12:17.482Z,108,1117,3095,429,1449,3914,3518,3277,13996,2268,2393,8798,Day_1,Medium,Fast,3.75mm,Experiment_2
2025-10-23T02:12:17.522Z,109,1113,3082,432,1448,3905,3517,3282,14011,2269,2387,8801,Day_1,Medium,Fast,3.75mm,Experiment_2
2025-10-23T02:12:17.562Z,105,1118,3075,430,1453,3896,3517,3290,14030,2271,2383,8808,Day_1,Medium,Fast,3.75mm,Experiment_2
2025-10-23T02:12:17.602Z,103,1130,3075,428,1463,3893,3521,3302,14048,2271,2385,8815,Day_1,Medium,Fast,3.75mm,Experiment_2
2025-10-23T02:12:17.642Z,105,1137,3078,429,1468,3893,3530,3313,14052,2270,2391,8817,Day_1,Medium,Fast,3.75mm,Experiment_2
2025-10-23T02:12:17.682Z,110,1134,3083,431,1464,3895,3543,3318,14046,2270,2396,8817,Day_1,Medium,Fast,3.75mm,Experiment_2
2025-10-23T02:12:17.722Z,110,1128,3087,427,1459,3900,3547,3324,14040,2268,2399,8817,Day_1,Medium,Fast,3.75mm,Experiment_2
2025-10-23T02:12:17.762Z,106,1126,3093,419,1457,3909,3533,3335,14032,2262,2405,8814,Day_1,Medium,Fast,3.75mm,Experiment_2
2025-10-23T02:12:17.802Z,102,1126,3094,415,1456,3914,3515,3342,14021,2257,2415,8811,Day_1,Medium,Fast,3.75mm,Experiment_2
2025-10-23T02:12:17.842Z,102,1125,3092,416,1454,3914,3510,3340,14015,2257,2422,8813,Day_1,Medium,Fast,3.75mm,Experiment_2
2025-10-23T02:12:17.882Z,103,1123,3086,420,1450,3908,3515,3331,14016,2259,2421,8816,Day_1,Medium,Fast,3.75mm,Experiment_2
2025-10-23T02:12:17.922Z,105,1118,3078,425,1445,3898,3523,3320,14021,2262,2413,8816,Day_1,Medium,Fast,3.75mm,Experiment_2
2025-10-23T02:12:17.962Z,109,1114,3074,428,1443,3895,3534,3308,14030,2267,2403,8814,Day_1,Medium,Fast,3.75mm,Experiment_2
2025-10-23T02:12:18.002Z,113,1114,3080,429,1447,3901,3547,3298,14044,2276,2393,8814,Day_1,Medium,Fast,3.75mm,Experiment_2
2025-10-23T02:12:18.042Z,113,1119,3086,424,1455,3907,3555,3294,14057,2280,2385,8816,Day_1,Medium,Fast,3.75mm,Experiment_2
2025-10-23T02:12:18.082Z,107,1122,3088,415,1460,3908,3553,3296,14064,2279,2382,8816,Day_1,Medium,Fast,3.75mm,Experiment_2
2025-10-23T02:12:18.122Z,100,1119,3090,408,1459,3909,3541,3301,14060,2273,2385,8812,Day_1,Medium,Fast,3.75mm,Experiment_2
2025-10-23T02:12:18.162Z,99,1115,3094,410,1453,3912,3521,3301,14046,2261,2389,8804,Day_1,Medium,Fast,3.75mm,Experiment_2
2025-10-23T02:12:18.202Z,101,1115,3093,418,1451,3914,3504,3305,14028,2250,2395,8796,Day_1,Medium,Fast,3.75mm,Experiment_2
2025-10-23T02:12:18.242Z,101,1119,3087,422,1454,3911,3499,3316,14017,2249,2404,8794,Day_1,Medium,Fast,3.75mm,Experiment_2
2025-10-23T02:12:18.282Z,96,1120,3080,418,1453,3906,3500,3323,14023,2256,2412,8803,Day_1,Medium,Fast,3.75mm,Experiment_2
2025-10-23T02:12:18.322Z,94,1113,3083,415,1446,3907,3499,3322,14039,2261,2415,8815,Day_1,Medium,Fast,3.75mm,Experiment_2
2025-10-23T02:12:18.362Z,97,1107,3088,416,1442,3909,3497,3320,14041,2263,2412,8822,Day_1,Medium,Fast,3.75mm,Experiment_2
2025-10-23T02:12:18.402Z,103,1107,3090,418,1443,3908,3494,3318,14033,2262,2405,8823,Day_1,Medium,Fast,3.75mm,Experiment_2
2025-10-23T02:12:18.442Z,106,1111,3089,420,1447,3905,3489,3316,14033,2259,2399,8824,Day_1,Medium,Fast,3.75mm,Experiment_2
2025-10-23T02:12:18.482Z,106,1115,3086,421,1447,3902,3493,3315,14042,2255,2395,8826,Day_1,Medium,Fast,3.75mm,Experiment_2
2025-10-23T02:12:18.522Z,103,1116,3084,422,1445,3901,3510,3310,14053,2254,2390,8826,Day_1,Medium,Fast,3.75mm,Experiment_2
2025-10-23T02:12:18.562Z,99,1115,3083,422,1444,3902,3529,3303,14058,2255,2386,8824,Day_1,Medium,Fast,3.75mm,Experiment_2
2025-10-23T02:12:18.602Z,92,1116,3082,417,1447,3902,3539,3301,14054,2260,2385,8820,Day_1,Medium,Fast,3.75mm,Experiment_2
2025-10-23T02:12:18.642Z,88,1116,3080,411,1451,3901,3540,3308,14040,2269,2387,8812,Day_1,Medium,Fast,3.75mm,Experiment_2
2025-10-23T02:12:18.682Z,94,1118,3077,412,1455,3902,3535,3316,14017,2275,2389,8800,Day_1,Medium,Fast,3.75mm,Experiment_2
2025-10-23T02:12:18.722Z,104,1125,3076,420,1462,3903,3535,3319,14003,2278,2393,8795,Day_1,Medium,Fast,3.75mm,Experiment_2
2025-10-23T02:12:18.762Z,112,1132,3076,429,1467,3901,3539,3317,14008,2278,2396,8803,Day_1,Medium,Fast,3.75mm,Experiment_2
2025-10-23T02:12:18.802Z,114,1134,3074,433,1468,3894,3535,3316,14029,2270,2398,8814,Day_1,Medium,Fast,3.75mm,Experiment_2
2025-10-23T02:12:18.842Z,114,1134,3070,435,1466,3886,3525,3325,14048,2258,2403,8819,Day_1,Medium,Fast,3.75mm,Experiment_2
2025-10-23T02:12:18.882Z,113,1132,3068,433,1463,3883,3525,3342,14051,2253,2412,8817,Day_1,Medium,Fast,3.75mm,Experiment_2
2025-10-23T02:12:18.922Z,113,1125,3072,431,1458,3887,3539,3351,14038,2258,2419,8812,Day_1,Medium,Fast,3.75mm,Experiment_2
2025-10-23T02:12:18.962Z,114,1122,3078,430,1454,3894,3551,3343,14021,2266,2416,8805,Day_1,Medium,Fast,3.75mm,Experiment_2
2025-10-23T02:12:19.002Z,117,1122,3081,432,1451,3897,3552,3324,14013,2269,2407,8800,Day_1,Medium,Fast,3.75mm,Experiment_2
2025-10-23T02:12:19.042Z,121,1121,3081,436,1449,3898,3544,3308,14023,2270,2399,8799,Day_1,Medium,Fast,3.75mm,Experiment_2
2025-10-23T02:12:19.082Z,121,1115,3083,437,1445,3901,3535,3302,14031,2272,2394,8799,Day_1,Medium,Fast,3.75mm,Experiment_2
2025-10-23T02:12:19.122Z,113,1108,3084,431,1440,3903,3532,3302,14014,2276,2393,8796,Day_1,Medium,Fast,3.75mm,Experiment_2
2025-10-23T02:12:19.162Z,104,1106,3082,423,1438,3903,3528,3302,13986,2279,2392,8792,Day_1,Medium,Fast,3.75mm,Experiment_2
2025-10-23T02:12:19.202Z,101,1110,3083,420,1441,3903,3524,3304,13973,2276,2395,8792,Day_1,Medium,Fast,3.75mm,Experiment_2
2025-10-23T02:12:19.242Z,106,1115,3089,424,1446,3905,3525,3315,13979,2270,2404,8794,Day_1,Medium,Fast,3.75mm,Experiment_2
2025-10-23T02:12:19.282Z,111,1116,3100,427,1447,3913,3530,3332,13994,2265,2412,8793,Day_1,Medium,Fast,3.75mm,Experiment_2
2025-10-23T02:12:19.322Z,110,1116,3110,425,1447,3925,3526,3347,14014,2261,2417,8792,Day_1,Medium,Fast,3.75mm,Experiment_2
2025-10-23T02:12:19.362Z,106,1120,3111,420,1450,3930,3508,3356,14033,2254,2422,8796,Day_1,Medium,Fast,3.75mm,Experiment_2
2025-10-23T02:12:19.402Z,102,1127,3102,416,1458,3924,3487,3348,14047,2246,2421,8804,Day_1,Medium,Fast,3.75mm,Experiment_2
2025-10-23T02:12:19.442Z,101,1130,3091,417,1463,3912,3484,3330,14049,2243,2411,8810,Day_1,Medium,Fast,3.75mm,Experiment_2
2025-10-23T02:12:19.482Z,106,1125,3087,425,1458,3905,3499,3322,14045,2246,2405,8812,Day_1,Medium,Fast,3.75mm,Experiment_2
2025-10-23T02:12:19.522Z,112,1117,3089,433,1449,3904,3511,3325,14042,2249,2406,8809,Day_1,Medium,Fast,3.75mm,Experiment_2
2025-10-23T02:12:19.562Z,113,1114,3087,434,1446,3902,3511,3318,14039,2252,2404,8804,Day_1,Medium,Fast,3.75mm,Experiment_2
2025-10-23T02:12:19.602Z,110,1116,3080,429,1449,3897,3505,3296,14024,2257,2394,8798,Day_1,Medium,Fast,3.75mm,Experiment_2
2025-10-23T02:12:19.642Z,106,1119,3076,425,1454,3895,3505,3275,14008,2261,2383,8796,Day_1,Medium,Fast,3.75mm,Experiment_2
2025-10-23T02:12:19.682Z,103,1121,3077,422,1459,3896,3513,3273,14007,2262,2382,8799,Day_1,Medium,Fast,3.75mm,Experiment_2
2025-10-23T02:12:19.722Z,97,1124,3077,417,1465,3896,3524,3288,14019,2265,2390,8804,Day_1,Medium,Fast,3.75mm,Experiment_2
2025-10-23T02:12:19.762Z,91,1127,3074,411,1469,3893,3532,3305,14031,2269,2398,8810,Day_1,Medium,Fast,3.75mm,Experiment_2
2025-10-23T02:12:19.802Z,91,1126,3070,410,1467,3891,3534,3317,14039,2269,2401,8820,Day_1,Medium,Fast,3.75mm,Experiment_2
2025-10-23T02:12:19.842Z,95,1121,3067,415,1461,3889,3533,3333,14046,2268,2403,8830,Day_1,Medium,Fast,3.75mm,Experiment_2
2025-10-23T02:12:19.882Z,97,1117,3066,417,1457,3888,3536,3343,14047,2273,2404,8831,Day_1,Medium,Fast,3.75mm,Experiment_2
2025-10-23T02:12:19.922Z,95,1114,3072,415,1455,3889,3539,3337,14043,2278,2403,8821,Day_1,Medium,Fast,3.75mm,Experiment_2
2025-10-23T02:12:19.963Z,96,1114,3083,414,1453,3898,3531,3328,14037,2274,2402,8811,Day_1,Medium,Fast,3.75mm,Experiment_2
2025-10-23T02:12:20.003Z,100,1119,3091,416,1453,3908,3511,3327,14029,2263,2405,8805,Day_1,Medium,Fast,3.75mm,Experiment_2
2025-10-23T02:12:20.043Z,106,1122,3094,421,1455,3915,3498,3325,14020,2253,2408,8806,Day_1,Medium,Fast,3.75mm,Experiment_2
2025-10-23T02:12:20.083Z,109,1122,3092,426,1456,3915,3504,3319,14011,2254,2408,8808,Day_1,Medium,Fast,3.75mm,Experiment_2
2025-10-23T02:12:20.123Z,110,1124,3088,431,1457,3909,3521,3320,14007,2261,2403,8806,Day_1,Medium,Fast,3.75mm,Experiment_2
2025-10-23T02:12:20.163Z,112,1128,3084,435,1459,3903,3530,3330,14012,2267,2401,8804,Day_1,Medium,Fast,3.75mm,Experiment_2
2025-10-23T02:12:20.203Z,115,1129,3082,436,1459,3901,3529,3334,14027,2269,2399,8806,Day_1,Medium,Fast,3.75mm,Experiment_2
2025-10-23T02:12:20.243Z,117,1126,3081,436,1456,3898,3529,3323,14045,2269,2395,8812,Day_1,Medium,Fast,3.75mm,Experiment_2
2025-10-23T02:12:20.283Z,120,1120,3081,437,1453,3894,3530,3308,14059,2265,2390,8817,Day_1,Medium,Fast,3.75mm,Experiment_2
2025-10-23T02:12:20.323Z,122,1116,3080,439,1451,3892,3532,3299,14060,2263,2388,8816,Day_1,Medium,Fast,3.75mm,Experiment_2
2025-10-23T02:12:20.363Z,119,1115,3085,437,1452,3896,3541,3292,14044,2263,2387,8808,Day_1,Medium,Fast,3.75mm,Experiment_2
2025-10-23T02:12:20.403Z,115,1119,3092,434,1458,3906,3554,3285,14018,2265,2385,8795,Day_1,Medium,Fast,3.75mm,Experiment_2
2025-10-23T02:12:20.443Z,109,1126,3093,429,1463,3911,3561,3282,13993,2268,2383,8783,Day_1,Medium,Fast,3.75mm,Experiment_2
2025-10-23T02:12:20.483Z,103,1128,3085,423,1463,3909,3554,3282,13981,2271,2382,8781,Day_1,Medium,Fast,3.75mm,Experiment_2
2025-10-23T02:12:20.523Z,100,1123,3081,420,1458,3908,3545,3279,13986,2274,2380,8787,Day_1,Medium,Fast,3.75mm,Experiment_2
2025-10-23T02:12:20.563Z,102,1119,3086,419,1453,3910,3547,3273,14001,2278,2377,8796,Day_1,Medium,Fast,3.75mm,Experiment_2
2025-10-23T02:12:20.603Z,103,1120,3091,420,1453,3910,3552,3267,14024,2277,2374,8806,Day_1,Medium,Fast,3.75mm,Experiment_2
2025-10-23T02:12:20.643Z,104,1125,3088,421,1458,3906,3551,3269,14047,2271,2377,8818,Day_1,Medium,Fast,3.75mm,Experiment_2
2025-10-23T02:12:20.683Z,105,1132,3080,424,1464,3898,3543,3285,14056,2267,2390,8825,Day_1,Medium,Fast,3.75mm,Experiment_2
2025-10-23T02:12:20.723Z,109,1135,3072,427,1466,3891,3528,3305,14054,2263,2404,8826,Day_1,Medium,Fast,3.75mm,Experiment_2
2025-10-23T02:12:20.763Z,115,1131,3072,432,1462,3891,3517,3312,14054,2260,2407,8820,Day_1,Medium,Fast,3.75mm,Experiment_2
2025-10-23T02:12:20.803Z,121,1124,3079,437,1456,3897,3518,3308,14059,2257,2405,8813,Day_1,Medium,Fast,3.75mm,Experiment_2
2025-10-23T02:12:20.843Z,119,1121,3087,436,1455,3902,3524,3304,14064,2256,2403,8811,Day_1,Medium,Fast,3.75mm,Experiment_2
2025-10-23T02:12:20.883Z,110,1124,3090,429,1459,3902,3526,3299,14061,2256,2399,8809,Day_1,Medium,Fast,3.75mm,Experiment_2
2025-10-23T02:12:20.923Z,104,1128,3090,423,1464,3901,3528,3297,14039,2258,2396,8803,Day_1,Medium,Fast,3.75mm,Experiment_2
2025-10-23T02:12:20.963Z,103,1130,3089,424,1465,3903,3534,3296,14009,2260,2394,8796,Day_1,Medium,Fast,3.75mm,Experiment_2
2025-10-23T02:12:21.003Z,102,1132,3088,424,1464,3905,3541,3287,13999,2264,2389,8799,Day_1,Medium,Fast,3.75mm,Experiment_2
2025-10-23T02:12:21.043Z,96,1131,3089,418,1461,3907,3547,3272,14011,2269,2382,8807,Day_1,Medium,Fast,3.75mm,Experiment_2
2025-10-23T02:12:21.083Z,91,1126,3095,410,1455,3912,3549,3262,14028,2274,2379,8812,Day_1,Medium,Fast,3.75mm,Experiment_2
2025-10-23T02:12:21.123Z,93,1119,3100,411,1449,3918,3547,3270,14046,2274,2384,8814,Day_1,Medium,Fast,3.75mm,Experiment_2
2025-10-23T02:12:21.163Z,101,1116,3098,419,1450,3916,3539,3293,14063,2268,2394,8817,Day_1,Medium,Fast,3.75mm,Experiment_2
2025-10-23T02:12:21.203Z,110,1116,3088,427,1454,3908,3522,3308,14073,2258,2398,8821,Day_1,Medium,Fast,3.75mm,Experiment_2
2025-10-23T02:12:21.243Z,115,1115,3079,430,1455,3898,3504,3311,14073,2249,2396,8825,Day_1,Medium,Fast,3.75mm,Experiment_2
2025-10-23T02:12:21.283Z,113,1111,3075,428,1451,3892,3498,3310,14058,2247,2395,8823,Day_1,Medium,Fast,3.75mm,Experiment_2
2025-10-23T02:12:21.323Z,105,1104,3078,423,1444,3894,3505,3312,14025,2251,2395,8809,Day_1,Medium,Fast,3.75mm,Experiment_2
2025-10-23T02:12:21.363Z,99,1100,3085,419,1440,3903,3515,3317,13984,2258,2395,8787,Day_1,Medium,Fast,3.75mm,Experiment_2
2025-10-23T02:12:21.403Z,96,1101,3090,418,1441,3912,3516,3318,13963,2263,2394,8774,Day_1,Medium,Fast,3.75mm,Experiment_2
2025-10-23T02:12:21.443Z,94,1108,3084,418,1445,3909,3515,3316,13969,2269,2396,8779,Day_1,Medium,Fast,3.75mm,Experiment_2
2025-10-23T02:12:21.483Z,95,1119,3072,421,1452,3898,3522,3312,13988,2273,2399,8795,Day_1,Medium,Fast,3.75mm,Experiment_2
2025-10-23T02:12:21.523Z,99,1129,3065,426,1460,3892,3535,3306,14005,2273,2400,8807,Day_1,Medium,Fast,3.75mm,Experiment_2
2025-10-23T02:12:21.563Z,102,1130,3068,428,1460,3894,3546,3299,14016,2273,2399,8813,Day_1,Medium,Fast,3.75mm,Experiment_2
2025-10-23T02:12:21.603Z,104,1123,3076,427,1454,3900,3556,3298,14022,2274,2401,8815,Day_1,Medium,Fast,3.75mm,Experiment_2
2025-10-23T02:12:21.643Z,103,1117,3085,423,1446,3906,3568,3298,14025,2277,2404,8819,Day_1,Medium,Fast,3.75mm,Experiment_2
2025-10-23T02:12:21.683Z,93,1113,3092,411,1441,3910,3579,3293,14031,2282,2406,8822,Day_1,Medium,Fast,3.75mm,Experiment_2
2025-10-23T02:12:21.723Z,82,1113,3094,401,1441,3909,3575,3284,14042,2281,2404,8822,Day_1,Medium,Fast,3.75mm,Experiment_2
2025-10-23T02:12:21.763Z,82,1118,3090,401,1445,3904,3560,3277,14048,2277,2400,8817,Day_1,Medium,Fast,3.75mm,Experiment_2
2025-10-23T02:12:21.803Z,93,1122,3085,412,1449,3901,3550,3280,14038,2276,2399,8808,Day_1,Medium,Fast,3.75mm,Experiment_2
2025-10-23T02:12:21.843Z,104,1121,3083,425,1453,3903,3550,3296,14020,2277,2402,8801,Day_1,Medium,Fast,3.75mm,Experiment_2
2025-10-23T02:12:21.883Z,110,1121,3084,431,1456,3907,3549,3312,14015,2276,2404,8804,Day_1,Medium,Fast,3.75mm,Experiment_2
2025-10-23T02:12:21.923Z,110,1128,3088,430,1462,3911,3536,3315,14025,2268,2401,8814,Day_1,Medium,Fast,3.75mm,Experiment_2
2025-10-23T02:12:21.963Z,105,1139,3087,425,1470,3909,3523,3317,14042,2258,2399,8822,Day_1,Medium,Fast,3.75mm,Experiment_2
2025-10-23T02:12:22.003Z,101,1142,3079,422,1470,3901,3520,3332,14058,2256,2408,8825,Day_1,Medium,Fast,3.75mm,Experiment_2
2025-10-23T02:12:22.043Z,99,1135,3069,420,1464,3892,3521,3345,14069,2260,2417,8826,Day_1,Medium,Fast,3.75mm,Experiment_2
2025-10-23T02:12:22.083Z,98,1126,3065,419,1458,3888,3522,3339,14077,2262,2415,8828,Day_1,Medium,Fast,3.75mm,Experiment_2
2025-10-23T02:12:22.123Z,100,1123,3067,421,1456,3890,3526,3318,14076,2265,2403,8825,Day_1,Medium,Fast,3.75mm,Experiment_2
2025-10-23T02:12:22.163Z,102,1122,3075,421,1454,3894,3529,3297,14063,2269,2393,8815,Day_1,Medium,Fast,3.75mm,Experiment_2
2025-10-23T02:12:22.203Z,104,1120,3085,421,1452,3900,3513,3285,14046,2265,2387,8802,Day_1,Medium,Fast,3.75mm,Experiment_2
2025-10-23T02:12:22.243Z,106,1119,3093,420,1452,3906,3484,3283,14025,2253,2385,8789,Day_1,Medium,Fast,3.75mm,Experiment_2
2025-10-23T02:12:22.283Z,104,1121,3097,419,1453,3912,3470,3288,14002,2245,2388,8782,Day_1,Medium,Fast,3.75mm,Experiment_2
2025-10-23T02:12:22.323Z,99,1122,3098,417,1454,3916,3481,3292,13992,2246,2393,8786,Day_1,Medium,Fast,3.75mm,Experiment_2
2025-10-23T02:12:22.363Z,98,1121,3098,416,1453,3916,3498,3300,13998,2248,2398,8797,Day_1,Medium,Fast,3.75mm,Experiment_2
2025-10-23T02:12:22.403Z,102,1121,3095,418,1455,3912,3502,3317,14016,2247,2403,8806,Day_1,Medium,Fast,3.75mm,Experiment_2
2025-10-23T02:12:22.443Z,110,1124,3092,424,1460,3906,3501,3334,14037,2249,2409,8813,Day_1,Medium,Fast,3.75mm,Experiment_2
2025-10-23T02:12:22.483Z,118,1128,3088,433,1464,3900,3507,3338,14053,2256,2413,8817,Day_1,Medium,Fast,3.75mm,Experiment_2
2025-10-23T02:12:22.523Z,121,1127,3085,440,1461,3895,3518,3333,14065,2263,2411,8821,Day_1,Medium,Fast,3.75mm,Experiment_2
2025-10-23T02:12:22.563Z,120,1124,3086,440,1453,3895,3526,3330,14071,2264,2408,8825,Day_1,Medium,Fast,3.75mm,Experiment_2
2025-10-23T02:12:22.603Z,118,1121,3089,438,1449,3899,3524,3328,14070,2260,2405,8825,Day_1,Medium,Fast,3.75mm,Experiment_2
2025-10-23T02:12:22.643Z,119,1121,3094,434,1451,3904,3518,3330,14061,2257,2403,8817,Day_1,Medium,Fast,3.75mm,Experiment_2
2025-10-23T02:12:22.683Z,118,1121,3097,429,1454,3909,3517,3333,14040,2259,2403,8804,Day_1,Medium,Fast,3.75mm,Experiment_2
2025-10-23T02:12:22.723Z,112,1119,3095,421,1453,3910,3522,3322,14014,2263,2401,8792,Day_1,Medium,Fast,3.75mm,Experiment_2
2025-10-23T02:12:22.763Z,106,1119,3091,416,1452,3908,3519,3298,14000,2263,2396,8791,Day_1,Medium,Fast,3.75mm,Experiment_2
2025-10-23T02:12:22.803Z,105,1120,3090,417,1453,3906,3518,3285,14002,2266,2395,8798,Day_1,Medium,Fast,3.75mm,Experiment_2
2025-10-23T02:12:22.843Z,107,1120,3091,420,1454,3904,3534,3294,14015,2275,2402,8805,Day_1,Medium,Fast,3.75mm,Experiment_2
2025-10-23T02:12:22.883Z,109,1120,3090,421,1455,3904,3550,3308,14031,2279,2410,8809,Day_1,Medium,Fast,3.75mm,Experiment_2
2025-10-23T02:12:22.923Z,108,1119,3086,420,1455,3904,3547,3313,14049,2273,2413,8813,Day_1,Medium,Fast,3.75mm,Experiment_2
2025-10-23T02:12:22.963Z,104,1116,3081,417,1454,3902,3538,3313,14060,2263,2412,8815,Day_1,Medium,Fast,3.75mm,Experiment_2
2025-10-23T02:12:23.003Z,99,1112,3080,416,1453,3900,3538,3307,14060,2259,2408,8813,Day_1,Medium,Fast,3.75mm,Experiment_2
2025-10-23T02:12:23.043Z,96,1110,3078,417,1452,3896,3542,3296,14057,2258,2401,8811,Day_1,Medium,Fast,3.75mm,Experiment_2
2025-10-23T02:12:23.083Z,94,1116,3076,418,1457,3895,3535,3295,14053,2256,2399,8812,Day_1,Medium,Fast,3.75mm,Experiment_2
2025-10-23T02:12:23.123Z,98,1125,3076,420,1466,3896,3519,3304,14039,2256,2405,8811,Day_1,Medium,Fast,3.75mm,Experiment_2
2025-10-23T02:12:23.163Z,106,1131,3077,425,1472,3899,3510,3304,14020,2259,2407,8804,Day_1,Medium,Fast,3.75mm,Experiment_2
2025-10-23T02:12:23.203Z,110,1130,3079,427,1470,3901,3511,3299,14011,2263,2404,8798,Day_1,Medium,Fast,3.75mm,Experiment_2
2025-10-23T02:12:23.243Z,106,1127,3080,425,1464,3901,3515,3307,14022,2266,2407,8800,Day_1,Medium,Fast,3.75mm,Experiment_2
2025-10-23T02:12:23.283Z,97,1130,3079,419,1462,3898,3517,3315,14030,2267,2410,8802,Day_1,Medium,Fast,3.75mm,Experiment_2
2025-10-23T02:12:23.323Z,90,1137,3078,414,1465,3893,3521,3308,14016,2268,2405,8795,Day_1,Medium,Fast,3.75mm,Experiment_2
2025-10-23T02:12:23.363Z,90,1144,3076,413,1471,3888,3525,3295,14001,2269,2398,8786,Day_1,Medium,Fast,3.75mm,Experiment_2
2025-10-23T02:12:23.403Z,97,1145,3078,419,1472,3888,3520,3294,14010,2264,2396,8791,Day_1,Medium,Fast,3.75mm,Experiment_2
2025-10-23T02:12:23.443Z,106,1135,3082,424,1462,3891,3505,3300,14032,2254,2395,8809,Day_1,Medium,Fast,3.75mm,Experiment_2
2025-10-23T02:12:23.483Z,106,1121,3085,423,1450,3894,3497,3301,14045,2248,2391,8825,Day_1,Medium,Fast,3.75mm,Experiment_2
2025-10-23T02:12:23.523Z,101,1113,3084,417,1443,3895,3500,3302,14050,2248,2390,8831,Day_1,Medium,Fast,3.75mm,Experiment_2
2025-10-23T02:12:23.563Z,99,1113,3081,417,1443,3897,3501,3309,14052,2247,2395,8829,Day_1,Medium,Fast,3.75mm,Experiment_2
2025-10-23T02:12:23.603Z,98,1116,3082,419,1448,3903,3508,3313,14046,2251,2400,8819,Day_1,Medium,Fast,3.75mm,Experiment_2
2025-10-23T02:12:23.643Z,97,1120,3088,419,1455,3910,3523,3309,14030,2262,2399,8807,Day_1,Medium,Fast,3.75mm,Experiment_2
2025-10-23T02:12:23.683Z,97,1123,3093,419,1459,3915,3531,3308,14026,2271,2400,8803,Day_1,Medium,Fast,3.75mm,Experiment_2
2025-10-23T02:12:23.723Z,97,1123,3091,418,1458,3913,3528,3318,14044,2272,2405,8809,Day_1,Medium,Fast,3.75mm,Experiment_2
2025-10-23T02:12:23.763Z,97,1119,3083,415,1455,3907,3520,3334,14065,2266,2413,8817,Day_1,Medium,Fast,3.75mm,Experiment_2
2025-10-23T02:12:23.803Z,101,1119,3079,416,1456,3906,3513,3355,14069,2261,2422,8818,Day_1,Medium,Fast,3.75mm,Experiment_2
2025-10-23T02:12:23.843Z,105,1121,3078,417,1460,3907,3510,3370,14060,2258,2425,8816,Day_1,Medium,Fast,3.75mm,Experiment_2
2025-10-23T02:12:23.883Z,102,1121,3077,413,1460,3904,3509,3364,14051,2258,2421,8815,Day_1,Medium,Fast,3.75mm,Experiment_2
2025-10-23T02:12:23.923Z,93,1121,3077,404,1458,3901,3509,3347,14053,2259,2417,8816,Day_1,Medium,Fast,3.75mm,Experiment_2
2025-10-23T02:12:23.963Z,89,1126,3082,402,1460,3903,3510,3332,14060,2260,2416,8818,Day_1,Medium,Fast,3.75mm,Experiment_2
2025-10-23T02:12:24.003Z,92,1131,3086,408,1464,3906,3509,3317,14051,2260,2412,8813,Day_1,Medium,Fast,3.75mm,Experiment_2
2025-10-23T02:12:24.043Z,98,1132,3085,417,1468,3905,3502,3297,14022,2258,2402,8800,Day_1,Medium,Fast,3.75mm,Experiment_2
2025-10-23T02:12:24.083Z,102,1129,3082,423,1468,3904,3497,3285,13996,2257,2395,8792,Day_1,Medium,Fast,3.75mm,Experiment_2
2025-10-23T02:12:24.123Z,102,1123,3081,424,1463,3903,3496,3298,13996,2259,2401,8794,Day_1,Medium,Fast,3.75mm,Experiment_2
2025-10-23T02:12:24.163Z,98,1119,3080,419,1458,3903,3495,3326,14015,2259,2415,8801,Day_1,Medium,Fast,3.75mm,Experiment_2
2025-10-23T02:12:24.203Z,93,1121,3080,413,1457,3902,3496,3340,14034,2258,2423,8808,Day_1,Medium,Fast,3.75mm,Experiment_2
2025-10-23T02:12:24.243Z,90,1125,3084,408,1460,3905,3505,3331,14045,2259,2420,8815,Day_1,Medium,Fast,3.75mm,Experiment_2
2025-10-23T02:12:24.283Z,91,1127,3087,408,1464,3906,3517,3324,14056,2259,2414,8821,Day_1,Medium,Fast,3.75mm,Experiment_2
2025-10-23T02:12:24.323Z,94,1127,3086,412,1466,3903,3521,3339,14060,2259,2420,8824,Day_1,Medium,Fast,3.75mm,Experiment_2
2025-10-23T02:12:24.363Z,97,1125,3083,416,1464,3900,3519,3351,14046,2261,2428,8817,Day_1,Medium,Fast,3.75mm,Experiment_2
2025-10-23T02:12:24.403Z,99,1124,3084,419,1461,3901,3520,3333,14018,2264,2421,8803,Day_1,Medium,Fast,3.75mm,Experiment_2
2025-10-23T02:12:24.443Z,100,1125,3086,420,1460,3903,3531,3295,13993,2271,2405,8790,Day_1,Medium,Fast,3.75mm,Experiment_2
2025-10-23T02:12:24.483Z,100,1126,3085,418,1462,3903,3544,3268,13979,2279,2393,8779,Day_1,Medium,Fast,3.75mm,Experiment_2
2025-10-23T02:12:24.523Z,100,1127,3082,418,1464,3901,3544,3263,13975,2284,2390,8776,Day_1,Medium,Fast,3.75mm,Experiment_2
2025-10-23T02:12:24.563Z,104,1127,3080,423,1462,3900,3539,3281,13981,2283,2393,8785,Day_1,Medium,Fast,3.75mm,Experiment_2
2025-10-23T02:12:24.603Z,110,1126,3081,428,1460,3899,3541,3311,13988,2280,2402,8793,Day_1,Medium,Fast,3.75mm,Experiment_2
2025-10-23T02:12:24.643Z,112,1124,3082,428,1460,3899,3546,3332,13991,2277,2409,8795,Day_1,Medium,Fast,3.75mm,Experiment_2
2025-10-23T02:12:24.683Z,107,1119,3080,422,1459,3897,3546,3329,13996,2276,2406,8796,Day_1,Medium,Fast,3.75mm,Experiment_2
2025-10-23T02:12:24.723Z,101,1111,3078,418,1454,3894,3540,3314,14007,2272,2398,8802,Day_1,Medium,Fast,3.75mm,Experiment_2
2025-10-23T02:12:24.763Z,100,1105,3080,419,1448,3895,3531,3308,14019,2266,2396,8808,Day_1,Medium,Fast,3.75mm,Experiment_2
2025-10-23T02:12:24.803Z,102,1106,3084,424,1446,3900,3528,3313,14035,2262,2403,8814,Day_1,Medium,Fast,3.75mm,Experiment_2
2025-10-23T02:12:24.843Z,105,1112,3086,427,1448,3902,3529,3323,14057,2262,2410,8823,Day_1,Medium,Fast,3.75mm,Experiment_2
2025-10-23T02:12:24.883Z,108,1119,3080,428,1453,3897,3527,3329,14069,2262,2412,8829,Day_1,Medium,Fast,3.75mm,Experiment_2
2025-10-23T02:12:24.923Z,109,1123,3072,428,1459,3891,3523,3334,14057,2257,2412,8819,Day_1,Medium,Fast,3.75mm,Experiment_2
2025-10-23T02:12:24.963Z,106,1126,3071,423,1462,3894,3517,3340,14029,2248,2413,8801,Day_1,Medium,Fast,3.75mm,Experiment_2
2025-10-23T02:12:25.003Z,101,1131,3080,417,1466,3904,3510,3344,14012,2241,2413,8792,Day_1,Medium,Fast,3.75mm,Experiment_2
2025-10-23T02:12:25.043Z,97,1140,3091,414,1473,3914,3511,3337,14019,2241,2407,8799,Day_1,Medium,Fast,3.75mm,Experiment_2
2025-10-23T02:12:25.083Z,98,1149,3099,416,1481,3919,3521,3321,14039,2249,2396,8811,Day_1,Medium,Fast,3.75mm,Experiment_2
2025-10-23T02:12:25.123Z,96,1150,3099,417,1480,3917,3526,3307,14058,2259,2388,8818,Day_1,Medium,Fast,3.75mm,Experiment_2
2025-10-23T02:12:25.163Z,91,1138,3095,415,1470,3911,3520,3304,14067,2264,2391,8819,Day_1,Medium,Fast,3.75mm,Experiment_2
2025-10-23T02:12:25.203Z,90,1122,3090,417,1456,3906,3510,3315,14059,2263,2404,8816,Day_1,Medium,Fast,3.75mm,Experiment_2
2025-10-23T02:12:25.243Z,94,1111,3085,422,1445,3904,3509,3330,14043,2264,2418,8808,Day_1,Medium,Fast,3.75mm,Experiment_2
2025-10-23T02:12:25.283Z,97,1110,3080,425,1441,3903,3516,3333,14029,2266,2420,8802,Day_1,Medium,Fast,3.75mm,Experiment_2
2025-10-23T02:12:25.323Z,99,1115,3078,426,1445,3901,3523,3325,14020,2267,2409,8799,Day_1,Medium,Fast,3.75mm,Experiment_2
2025-10-23T02:12:25.364Z,102,1121,3078,428,1450,3899,3523,3317,14014,2263,2397,8798,Day_1,Medium,Fast,3.75mm,Experiment_2
2025-10-23T02:12:25.404Z,104,1124,3077,426,1455,3897,3518,3315,14004,2259,2393,8796,Day_1,Medium,Fast,3.75mm,Experiment_2
2025-10-23T02:12:25.444Z,100,1126,3074,418,1459,3895,3515,3323,13992,2259,2398,8794,Day_1,Medium,Fast,3.75mm,Experiment_2
2025-10-23T02:12:25.484Z,95,1123,3071,411,1458,3895,3513,3331,13994,2256,2404,8798,Day_1,Medium,Fast,3.75mm,Experiment_2
2025-10-23T02:12:25.524Z,92,1112,3070,408,1450,3895,3509,3321,14013,2251,2400,8808,Day_1,Medium,Fast,3.75mm,Experiment_2
2025-10-23T02:12:25.564Z,91,1102,3070,410,1441,3895,3508,3304,14032,2250,2391,8812,Day_1,Medium,Fast,3.75mm,Experiment_2
2025-10-23T02:12:25.604Z,93,1100,3074,415,1440,3897,3511,3302,14031,2254,2390,8805,Day_1,Medium,Fast,3.75mm,Experiment_2
2025-10-23T02:12:25.644Z,98,1105,3082,421,1445,3903,3512,3313,14020,2258,2397,8797,Day_1,Medium,Fast,3.75mm,Experiment_2
2025-10-23T02:12:25.684Z,102,1111,3091,425,1448,3908,3504,3322,14026,2253,2402,8801,Day_1,Medium,Fast,3.75mm,Experiment_2
2025-10-23T02:12:25.724Z,103,1113,3093,426,1447,3908,3494,3322,14047,2246,2402,8814,Day_1,Medium,Fast,3.75mm,Experiment_2
2025-10-23T02:12:25.764Z,104,1117,3091,427,1447,3906,3487,3320,14058,2243,2401,8822,Day_1,Medium,Fast,3.75mm,Experiment_2
2025-10-23T02:12:25.804Z,107,1124,3088,431,1452,3905,3487,3319,14056,2242,2405,8822,Day_1,Medium,Fast,3.75mm,Experiment_2
2025-10-23T02:12:25.844Z,107,1128,3086,431,1459,3906,3503,3318,14048,2245,2408,8819,Day_1,Medium,Fast,3.75mm,Experiment_2
2025-10-23T02:12:25.884Z,102,1126,3084,426,1462,3907,3535,3315,14042,2254,2407,8817,Day_1,Medium,Fast,3.75mm,Experiment_2
2025-10-23T02:12:25.924Z,95,1119,3080,421,1457,3906,3555,3313,14041,2262,2408,8819,Day_1,Medium,Fast,3.75mm,Experiment_2
2025-10-23T02:12:25.964Z,93,1114,3078,418,1451,3905,3547,3317,14041,2261,2413,8818,Day_1,Medium,Fast,3.75mm,Experiment_2
2025-10-23T02:12:26.004Z,97,1115,3079,419,1451,3906,3525,3329,14040,2257,2420,8814,Day_1,Medium,Fast,3.75mm,Experiment_2
2025-10-23T02:12:26.044Z,101,1122,3081,419,1455,3907,3510,3343,14038,2254,2425,8810,Day_1,Medium,Fast,3.75mm,Experiment_2
2025-10-23T02:12:26.084Z,100,1131,3081,418,1462,3904,3511,3343,14037,2250,2423,8812,Day_1,Medium,Fast,3.75mm,Experiment_2
2025-10-23T02:12:26.124Z,100,1135,3079,419,1465,3899,3524,3328,14044,2249,2413,8818,Day_1,Medium,Fast,3.75mm,Experiment_2
2025-10-23T02:12:26.164Z,102,1134,3079,422,1465,3896,3531,3310,14057,2250,2401,8823,Day_1,Medium,Fast,3.75mm,Experiment_2
2025-10-23T02:12:26.204Z,103,1130,3078,424,1463,3894,3522,3299,14064,2246,2391,8820,Day_1,Medium,Fast,3.75mm,Experiment_2
2025-10-23T02:12:26.244Z,101,1124,3080,424,1459,3894,3509,3295,14052,2243,2386,8807,Day_1,Medium,Fast,3.75mm,Experiment_2
2025-10-23T02:12:26.284Z,101,1121,3083,426,1457,3898,3504,3297,14023,2248,2388,8790,Day_1,Medium,Fast,3.75mm,Experiment_2
2025-10-23T02:12:26.324Z,103,1123,3085,428,1459,3901,3502,3302,14002,2257,2396,8782,Day_1,Medium,Fast,3.75mm,Experiment_2
2025-10-23T02:12:26.364Z,103,1126,3082,428,1462,3901,3505,3309,14006,2264,2404,8786,Day_1,Medium,Fast,3.75mm,Experiment_2
2025-10-23T02:12:26.404Z,104,1128,3078,424,1464,3898,3516,3312,14022,2267,2404,8794,Day_1,Medium,Fast,3.75mm,Experiment_2
2025-10-23T02:12:26.444Z,105,1129,3074,421,1466,3895,3529,3310,14031,2268,2399,8799,Day_1,Medium,Fast,3.75mm,Experiment_2
2025-10-23T02:12:26.484Z,108,1130,3072,422,1468,3894,3537,3309,14037,2265,2398,8805,Day_1,Medium,Fast,3.75mm,Experiment_2
2025-10-23T02:12:26.524Z,113,1128,3075,427,1464,3897,3536,3312,14048,2262,2403,8812,Day_1,Medium,Fast,3.75mm,Experiment_2
2025-10-23T02:12:26.564Z,117,1120,3079,432,1455,3901,3535,3307,14062,2264,2404,8823,Day_1,Medium,Fast,3.75mm,Experiment_2
2025-10-23T02:12:26.604Z,115,1112,3084,432,1446,3904,3534,3292,14069,2269,2398,8833,Day_1,Medium,Fast,3.75mm,Experiment_2
2025-10-23T02:12:26.644Z,112,1108,3088,431,1442,3905,3525,3282,14062,2269,2391,8833,Day_1,Medium,Fast,3.75mm,Experiment_2
2025-10-23T02:12:26.684Z,111,1110,3089,433,1442,3904,3513,3287,14044,2267,2389,8821,Day_1,Medium,Fast,3.75mm,Experiment_2
2025-10-23T02:12:26.724Z,111,1114,3090,433,1445,3905,3509,3297,14019,2266,2390,8802,Day_1,Medium,Fast,3.75mm,Experiment_2
2025-10-23T02:12:26.764Z,106,1118,3092,427,1449,3909,3508,3300,13994,2265,2391,8788,Day_1,Medium,Fast,3.75mm,Experiment_2
2025-10-23T02:12:26.804Z,99,1118,3094,416,1452,3913,3509,3299,13989,2263,2395,8791,Day_1,Medium,Fast,3.75mm,Experiment_2
2025-10-23T02:12:26.844Z,91,1117,3091,405,1452,3913,3517,3304,14005,2265,2402,8805,Day_1,Medium,Fast,3.75mm,Experiment_2
2025-10-23T02:12:26.884Z,85,1116,3089,398,1451,3912,3532,3316,14025,2271,2410,8817,Day_1,Medium,Fast,3.75mm,Experiment_2
2025-10-23T02:12:26.924Z,84,1114,3087,400,1448,3910,3546,3325,14035,2276,2412,8821,Day_1,Medium,Fast,3.75mm,Experiment_2
2025-10-23T02:12:26.964Z,90,1116,3082,407,1450,3904,3548,3322,14036,2275,2407,8821,Day_1,Medium,Fast,3.75mm,Experiment_2
2025-10-23T02:12:27.004Z,96,1123,3075,413,1456,3897,3540,3314,14034,2270,2400,8819,Day_1,Medium,Fast,3.75mm,Experiment_2
2025-10-23T02:12:27.044Z,96,1126,3071,411,1457,3893,3534,3308,14039,2268,2397,8821,Day_1,Medium,Fast,3.75mm,Experiment_2
2025-10-23T02:12:27.084Z,93,1119,3075,408,1452,3896,3538,3303,14043,2270,2397,8821,Day_1,Medium,Fast,3.75mm,Experiment_2
2025-10-23T02:12:27.124Z,95,1111,3088,412,1447,3907,3542,3298,14036,2271,2395,8813,Day_1,Medium,Fast,3.75mm,Experiment_2
2025-10-23T02:12:27.164Z,103,1108,3103,421,1446,3921,3541,3304,14015,2267,2394,8798,Day_1,Medium,Fast,3.75mm,Experiment_2
2025-10-23T02:12:27.204Z,108,1109,3112,426,1446,3929,3536,3320,13996,2262,2399,8787,Day_1,Medium,Fast,3.75mm,Experiment_2
2025-10-23T02:12:27.244Z,105,1110,3112,423,1445,3931,3535,3339,13994,2263,2407,8785,Day_1,Medium,Fast,3.75mm,Experiment_2
2025-10-23T02:12:27.284Z,99,1110,3103,417,1444,3925,3548,3351,14007,2272,2416,8792,Day_1,Medium,Fast,3.75mm,Experiment_2
2025-10-23T02:12:27.324Z,96,1110,3091,413,1445,3915,3561,3358,14021,2281,2423,8801,Day_1,Medium,Fast,3.75mm,Experiment_2
2025-10-23T02:12:27.364Z,96,1111,3083,410,1449,3906,3562,3362,14032,2282,2423,8807,Day_1,Medium,Fast,3.75mm,Experiment_2
2025-10-23T02:12:27.404Z,99,1113,3075,412,1455,3899,3556,3359,14039,2279,2416,8809,Day_1,Medium,Fast,3.75mm,Experiment_2
2025-10-23T02:12:27.444Z,104,1115,3072,417,1458,3896,3552,3348,14043,2278,2409,8813,Day_1,Medium,Fast,3.75mm,Experiment_2
2025-10-23T02:12:27.484Z,106,1115,3075,420,1456,3897,3545,3330,14053,2276,2401,8820,Day_1,Medium,Fast,3.75mm,Experiment_2
2025-10-23T02:12:27.524Z,106,1116,3076,420,1456,3895,3544,3311,14067,2276,2392,8828,Day_1,Medium,Fast,3.75mm,Experiment_2
2025-10-23T02:12:27.564Z,105,1119,3075,423,1457,3894,3552,3298,14072,2280,2387,8831,Day_1,Medium,Fast,3.75mm,Experiment_2
2025-10-23T02:12:27.604Z,103,1122,3077,424,1459,3900,3554,3301,14058,2283,2391,8825,Day_1,Medium,Fast,3.75mm,Experiment_2
2025-10-23T02:12:27.644Z,97,1126,3083,420,1461,3910,3540,3309,14030,2280,2399,8810,Day_1,Medium,Fast,3.75mm,Experiment_2
2025-10-23T02:12:27.684Z,91,1128,3088,414,1462,3914,3523,3312,14002,2274,2403,8796,Day_1,Medium,Fast,3.75mm,Experiment_2
2025-10-23T02:12:27.724Z,89,1126,3087,412,1461,3910,3522,3312,13994,2271,2402,8794,Day_1,Medium,Fast,3.75mm,Experiment_2
2025-10-23T02:12:27.764Z,93,1121,3085,414,1458,3904,3534,3305,14016,2272,2396,8806,Day_1,Medium,Fast,3.75mm,Experiment_2
2025-10-23T02:12:27.804Z,102,1114,3087,422,1453,3903,3543,3298,14048,2272,2392,8818,Day_1,Medium,Fast,3.75mm,Experiment_2
2025-10-23T02:12:27.844Z,113,1108,3093,433,1447,3908,3541,3294,14062,2271,2392,8821,Day_1,Medium,Fast,3.75mm,Experiment_2
2025-10-23T02:12:27.885Z,116,1106,3094,438,1441,3910,3530,3286,14058,2266,2392,8821,Day_1,Medium,Fast,3.75mm,Experiment_2
2025-10-23T02:12:27.925Z,111,1110,3091,435,1442,3907,3515,3277,14058,2260,2392,8822,Day_1,Medium,Fast,3.75mm,Experiment_2
2025-10-23T02:12:27.965Z,105,1119,3089,429,1450,3905,3509,3280,14065,2257,2393,8821,Day_1,Medium,Fast,3.75mm,Experiment_2
2025-10-23T02:12:28.005Z,98,1126,3089,422,1457,3905,3516,3291,14065,2258,2393,8816,Day_1,Medium,Fast,3.75mm,Experiment_2
2025-10-23T02:12:28.045Z,97,1130,3088,420,1462,3905,3525,3295,14058,2257,2391,8813,Day_1,Medium,Fast,3.75mm,Experiment_2
2025-10-23T02:12:28.085Z,104,1133,3090,425,1467,3907,3524,3292,14045,2253,2390,8811,Day_1,Medium,Fast,3.75mm,Experiment_2
2025-10-23T02:12:28.125Z,110,1134,3094,429,1469,3911,3516,3293,14025,2249,2393,8807,Day_1,Medium,Fast,3.75mm,Experiment_2
2025-10-23T02:12:28.165Z,109,1132,3097,425,1467,3912,3506,3309,14014,2246,2402,8803,Day_1,Medium,Fast,3.75mm,Experiment_2
2025-10-23T02:12:28.205Z,105,1129,3092,419,1466,3905,3501,3330,14022,2246,2413,8803,Day_1,Medium,Fast,3.75mm,Experiment_2
2025-10-23T02:12:28.244Z,107,1126,3086,422,1467,3898,3506,3342,14037,2251,2418,8803,Day_1,Medium,Fast,3.75mm,Experiment_2
2025-10-23T02:12:28.284Z,115,1125,3086,432,1469,3899,3520,3343,14050,2258,2415,8806,Day_1,Medium,Fast,3.75mm,Experiment_2
2025-10-23T02:12:28.324Z,120,1125,3090,439,1467,3906,3534,3344,14063,2261,2411,8813,Day_1,Medium,Fast,3.75mm,Experiment_2
2025-10-23T02:12:28.364Z,117,1125,3092,438,1462,3910,3536,3347,14077,2258,2410,8823,Day_1,Medium,Fast,3.75mm,Experiment_2
2025-10-23T02:12:28.404Z,108,1126,3088,431,1456,3906,3523,3341,14089,2251,2408,8831,Day_1,Medium,Fast,3.75mm,Experiment_2
2025-10-23T02:12:28.444Z,103,1126,3080,425,1453,3898,3511,3328,14092,2247,2403,8834,Day_1,Medium,Fast,3.75mm,Experiment_2
2025-10-23T02:12:28.484Z,103,1122,3077,423,1450,3894,3514,3321,14082,2251,2398,8826,Day_1,Medium,Fast,3.75mm,Experiment_2
2025-10-23T02:12:28.524Z,109,1118,3079,427,1449,3899,3530,3321,14056,2260,2398,8810,Day_1,Medium,Fast,3.75mm,Experiment_2
2025-10-23T02:12:28.564Z,122,1118,3084,436,1449,3906,3543,3322,14022,2267,2403,8793,Day_1,Medium,Fast,3.75mm,Experiment_2
2025-10-23T02:12:28.604Z,126,1118,3086,439,1449,3908,3545,3321,14002,2268,2410,8792,Day_1,Medium,Fast,3.75mm,Experiment_2
2025-10-23T02:12:28.644Z,112,1116,3084,425,1449,3905,3539,3318,14010,2266,2414,8802,Day_1,Medium,Fast,3.75mm,Experiment_2
2025-10-23T02:12:28.684Z,91,1113,3082,409,1447,3901,3533,3319,14029,2265,2415,8811,Day_1,Medium,Fast,3.75mm,Experiment_2
2025-10-23T02:12:28.724Z,86,1111,3085,408,1446,3901,3528,3338,14044,2265,2420,8817,Day_1,Medium,Fast,3.75mm,Experiment_2
2025-10-23T02:12:28.764Z,95,1111,3089,418,1444,3904,3521,3372,14052,2266,2433,8824,Day_1,Medium,Fast,3.75mm,Experiment_2
2025-10-23T02:12:28.804Z,103,1111,3089,425,1444,3904,3518,3393,14053,2268,2441,8826,Day_1,Medium,Fast,3.75mm,Experiment_2
2025-10-23T02:12:28.844Z,105,1114,3087,426,1446,3903,3523,3379,14042,2271,2430,8821,Day_1,Medium,Fast,3.75mm,Experiment_2
2025-10-23T02:12:28.884Z,106,1118,3085,426,1452,3901,3530,3345,14030,2271,2409,8813,Day_1,Medium,Fast,3.75mm,Experiment_2
2025-10-23T02:12:28.924Z,108,1124,3079,425,1458,3898,3525,3313,14027,2266,2390,8808,Day_1,Medium,Fast,3.75mm,Experiment_2
2025-10-23T02:12:28.965Z,109,1126,3072,423,1458,3895,3510,3294,14023,2259,2378,8803,Day_1,Medium,Fast,3.75mm,Experiment_2
2025-10-23T02:12:29.005Z,105,1124,3070,421,1453,3897,3503,3288,14014,2259,2375,8798,Day_1,Medium,Fast,3.75mm,Experiment_2
2025-10-23T02:12:29.045Z,101,1119,3073,418,1447,3901,3509,3288,14015,2264,2377,8803,Day_1,Medium,Fast,3.75mm,Experiment_2
2025-10-23T02:12:29.085Z,100,1120,3079,419,1449,3903,3517,3290,14032,2267,2383,8817,Day_1,Medium,Fast,3.75mm,Experiment_2
2025-10-23T02:12:29.125Z,102,1129,3084,422,1458,3903,3517,3294,14051,2264,2392,8828,Day_1,Medium,Fast,3.75mm,Experiment_2
2025-10-23T02:12:29.165Z,101,1142,3088,424,1470,3902,3508,3297,14066,2258,2398,8832,Day_1,Medium,Fast,3.75mm,Experiment_2
2025-10-23T02:12:29.205Z,95,1147,3089,420,1477,3902,3501,3297,14081,2253,2401,8833,Day_1,Medium,Fast,3.75mm,Experiment_2
2025-10-23T02:12:29.245Z,89,1139,3090,414,1474,3904,3502,3299,14092,2252,2403,8835,Day_1,Medium,Fast,3.75mm,Experiment_2
2025-10-23T02:12:29.285Z,88,1128,3090,411,1469,3906,3503,3306,14092,2253,2405,8836,Day_1,Medium,Fast,3.75mm,Experiment_2
2025-10-23T02:12:29.325Z,93,1121,3087,415,1463,3904,3505,3310,14080,2253,2402,8831,Day_1,Medium,Fast,3.75mm,Experiment_2
2025-10-23T02:12:29.365Z,100,1117,3080,421,1457,3896,3510,3303,14061,2256,2390,8821,Day_1,Medium,Fast,3.75mm,Experiment_2
2025-10-23T02:12:29.405Z,105,1118,3076,426,1457,3891,3520,3297,14042,2264,2380,8811,Day_1,Medium,Fast,3.75mm,Experiment_2
2025-10-23T02:12:29.445Z,109,1122,3077,430,1461,3895,3529,3301,14017,2272,2380,8801,Day_1,Medium,Fast,3.75mm,Experiment_2
2025-10-23T02:12:29.485Z,116,1125,3081,435,1462,3902,3533,3313,13986,2276,2390,8790,Day_1,Medium,Fast,3.75mm,Experiment_2
2025-10-23T02:12:29.525Z,120,1123,3085,438,1458,3908,3532,3326,13965,2277,2403,8783,Day_1,Medium,Fast,3.75mm,Experiment_2
2025-10-23T02:12:29.565Z,116,1118,3090,434,1453,3913,3531,3329,13965,2277,2411,8787,Day_1,Medium,Fast,3.75mm,Experiment_2
2025-10-23T02:12:29.605Z,107,1113,3091,425,1449,3912,3532,3316,13978,2276,2407,8796,Day_1,Medium,Fast,3.75mm,Experiment_2
2025-10-23T02:12:29.645Z,99,1111,3087,418,1449,3907,3534,3297,13992,2274,2396,8803,Day_1,Medium,Fast,3.75mm,Experiment_2
2025-10-23T02:12:29.685Z,96,1113,3086,416,1454,3903,3529,3286,14006,2270,2386,8809,Day_1,Medium,Fast,3.75mm,Experiment_2
2025-10-23T02:12:29.725Z,97,1116,3087,420,1459,3902,3519,3286,14024,2267,2379,8816,Day_1,Medium,Fast,3.75mm,Experiment_2
2025-10-23T02:12:29.765Z,102,1118,3088,423,1459,3901,3510,3290,14042,2266,2376,8821,Day_1,Medium,Fast,3.75mm,Experiment_2
2025-10-23T02:12:29.805Z,106,1120,3083,425,1458,3896,3504,3296,14050,2266,2382,8822,Day_1,Medium,Fast,3.75mm,Experiment_2
2025-10-23T02:12:29.845Z,107,1124,3075,424,1461,3889,3500,3303,14049,2263,2393,8817,Day_1,Medium,Fast,3.75mm,Experiment_2
2025-10-23T02:12:29.885Z,106,1129,3072,422,1462,3891,3501,3310,14043,2257,2402,8811,Day_1,Medium,Fast,3.75mm,Experiment_2
2025-10-23T02:12:29.925Z,105,1125,3081,423,1457,3905,3508,3322,14037,2253,2408,8810,Day_1,Medium,Fast,3.75mm,Experiment_2
2025-10-23T02:12:29.965Z,108,1115,3091,428,1447,3918,3513,3337,14033,2250,2417,8815,Day_1,Medium,Fast,3.75mm,Experiment_2
2025-10-23T02:12:30.005Z,113,1110,3091,433,1443,3919,3513,3341,14030,2247,2424,8820,Day_1,Medium,Fast,3.75mm,Experiment_2
2025-10-23T02:12:30.045Z,115,1117,3081,436,1448,3907,3502,3331,14030,2241,2420,8820,Day_1,Medium,Fast,3.75mm,Experiment_2
2025-10-23T02:12:30.085Z,114,1123,3070,435,1454,3895,3484,3321,14037,2237,2410,8814,Day_1,Medium,Fast,3.75mm,Experiment_2
2025-10-23T02:12:30.125Z,109,1120,3070,432,1454,3893,3475,3317,14041,2236,2401,8810,Day_1,Medium,Fast,3.75mm,Experiment_2
2025-10-23T02:12:30.165Z,103,1112,3076,428,1450,3897,3486,3315,14036,2243,2395,8810,Day_1,Medium,Fast,3.75mm,Experiment_2
2025-10-23T02:12:30.205Z,100,1108,3081,424,1451,3900,3506,3305,14032,2252,2390,8813,Day_1,Medium,Fast,3.75mm,Experiment_2
2025-10-23T02:12:30.245Z,99,1111,3084,419,1455,3901,3514,3298,14033,2261,2388,8811,Day_1,Medium,Fast,3.75mm,Experiment_2
2025-10-23T02:12:30.285Z,100,1116,3083,417,1459,3902,3507,3305,14035,2264,2392,8805,Day_1,Medium,Fast,3.75mm,Experiment_2
2025-10-23T02:12:30.325Z,103,1121,3080,421,1461,3902,3497,3315,14039,2261,2402,8803,Day_1,Medium,Fast,3.75mm,Experiment_2
2025-10-23T02:12:30.365Z,110,1127,3075,428,1461,3900,3494,3316,14040,2256,2410,8805,Day_1,Medium,Fast,3.75mm,Experiment_2
2025-10-23T02:12:30.405Z,114,1132,3072,432,1461,3895,3496,3307,14035,2254,2410,8808,Day_1,Medium,Fast,3.75mm,Experiment_2
2025-10-23T02:12:30.445Z,112,1129,3072,429,1458,3891,3504,3296,14035,2254,2404,8812,Day_1,Medium,Fast,3.75mm,Experiment_2
2025-10-23T02:12:30.485Z,107,1123,3076,422,1454,3892,3515,3295,14044,2259,2399,8819,Day_1,Medium,Fast,3.75mm,Experiment_2
2025-10-23T02:12:30.525Z,103,1119,3080,417,1452,3895,3527,3304,14048,2264,2398,8822,Day_1,Medium,Fast,3.75mm,Experiment_2
2025-10-23T02:12:30.565Z,101,1120,3081,416,1453,3895,3532,3311,14047,2266,2399,8823,Day_1,Medium,Fast,3.75mm,Experiment_2
2025-10-23T02:12:30.605Z,104,1121,3078,419,1455,3894,3526,3311,14051,2260,2401,8826,Day_1,Medium,Fast,3.75mm,Experiment_2
2025-10-23T02:12:30.645Z,109,1120,3078,426,1453,3895,3506,3307,14058,2246,2401,8828,Day_1,Medium,Fast,3.75mm,Experiment_2
2025-10-23T02:12:30.685Z,109,1117,3083,428,1448,3900,3480,3298,14058,2230,2396,8823,Day_1,Medium,Fast,3.75mm,Experiment_2
2025-10-23T02:12:30.725Z,101,1114,3092,423,1445,3907,3467,3287,14055,2221,2386,8814,Day_1,Medium,Fast,3.75mm,Experiment_2
2025-10-23T02:12:30.765Z,97,1115,3095,421,1446,3912,3477,3277,14051,2222,2378,8807,Day_1,Medium,Fast,3.75mm,Experiment_2
2025-10-23T02:12:30.805Z,97,1119,3093,421,1452,3913,3499,3270,14041,2232,2376,8802,Day_1,Medium,Fast,3.75mm,Experiment_2
2025-10-23T02:12:30.845Z,96,1123,3088,418,1457,3911,3521,3268,14027,2249,2379,8805,Day_1,Medium,Fast,3.75mm,Experiment_2
2025-10-23T02:12:30.885Z,94,1125,3084,416,1461,3907,3531,3277,14020,2262,2386,8812,Day_1,Medium,Fast,3.75mm,Experiment_2
2025-10-23T02:12:30.925Z,95,1128,3082,418,1463,3904,3521,3296,14024,2261,2395,8818,Day_1,Medium,Fast,3.75mm,Experiment_2
2025-10-23T02:12:30.965Z,98,1129,3080,422,1462,3901,3498,3313,14036,2253,2401,8822,Day_1,Medium,Fast,3.75mm,Experiment_2
2025-10-23T02:12:31.005Z,97,1127,3076,419,1461,3897,3484,3320,14047,2248,2401,8825,Day_1,Medium,Fast,3.75mm,Experiment_2
2025-10-23T02:12:31.045Z,92,1124,3073,412,1459,3893,3487,3327,14053,2249,2404,8825,Day_1,Medium,Fast,3.75mm,Experiment_2
2025-10-23T02:12:31.085Z,90,1120,3074,410,1455,3891,3499,3332,14055,2251,2408,8822,Day_1,Medium,Fast,3.75mm,Experiment_2
2025-10-23T02:12:31.125Z,93,1115,3080,412,1449,3895,3509,3327,14046,2249,2408,8818,Day_1,Medium,Fast,3.75mm,Experiment_2
2025-10-23T02:12:31.165Z,95,1114,3084,413,1447,3900,3511,3314,14028,2244,2403,8813,Day_1,Medium,Fast,3.75mm,Experiment_2
2025-10-23T02:12:31.205Z,94,1117,3084,412,1450,3903,3503,3305,14018,2240,2398,8812,Day_1,Medium,Fast,3.75mm,Experiment_2
2025-10-23T02:12:31.245Z,95,1121,3083,414,1455,3904,3491,3305,14019,2242,2398,8812,Day_1,Medium,Fast,3.75mm,Experiment_2
2025-10-23T02:12:31.285Z,94,1125,3085,413,1459,3906,3487,3320,14025,2247,2406,8811,Day_1,Medium,Fast,3.75mm,Experiment_2
2025-10-23T02:12:31.325Z,88,1126,3085,408,1460,3905,3493,3343,14034,2251,2419,8812,Day_1,Medium,Fast,3.75mm,Experiment_2
2025-10-23T02:12:31.365Z,84,1124,3078,402,1456,3898,3502,3356,14046,2255,2426,8812,Day_1,Medium,Fast,3.75mm,Experiment_2
2025-10-23T02:12:31.405Z,82,1122,3067,399,1451,3890,3508,3359,14055,2261,2428,8809,Day_1,Medium,Fast,3.75mm,Experiment_2
2025-10-23T02:12:31.445Z,81,1122,3062,395,1452,3885,3511,3362,14060,2266,2430,8806,Day_1,Medium,Fast,3.75mm,Experiment_2
2025-10-23T02:12:31.485Z,83,1123,3066,395,1454,3885,3517,3367,14061,2268,2432,8807,Day_1,Medium,Fast,3.75mm,Experiment_2
2025-10-23T02:12:31.525Z,90,1125,3072,402,1455,3886,3522,3373,14061,2269,2431,8812,Day_1,Medium,Fast,3.75mm,Experiment_2
2025-10-23T02:12:31.565Z,102,1124,3073,414,1453,3885,3523,3373,14069,2268,2428,8819,Day_1,Medium,Fast,3.75mm,Experiment_2
2025-10-23T02:12:31.605Z,110,1121,3070,424,1451,3884,3519,3359,14079,2265,2422,8825,Day_1,Medium,Fast,3.75mm,Experiment_2
2025-10-23T02:12:31.645Z,111,1116,3069,426,1449,3888,3511,3338,14073,2259,2416,8822,Day_1,Medium,Fast,3.75mm,Experiment_2
2025-10-23T02:12:31.685Z,107,1115,3075,421,1450,3899,3503,3327,14041,2256,2415,8808,Day_1,Medium,Fast,3.75mm,Experiment_2
2025-10-23T02:12:31.725Z,101,1118,3088,412,1453,3914,3504,3329,14002,2260,2418,8793,Day_1,Medium,Fast,3.75mm,Experiment_2
2025-10-23T02:12:31.765Z,98,1120,3100,410,1455,3924,3518,3332,13986,2268,2421,8790,Day_1,Medium,Fast,3.75mm,Experiment_2
2025-10-23T02:12:31.805Z,99,1117,3104,414,1454,3923,3530,3320,13996,2272,2412,8796,Day_1,Medium,Fast,3.75mm,Experiment_2
2025-10-23T02:12:31.845Z,99,1113,3099,415,1450,3914,3530,3302,14010,2269,2396,8798,Day_1,Medium,Fast,3.75mm,Experiment_2
2025-10-23T02:12:31.885Z,94,1111,3091,410,1449,3905,3527,3294,14017,2264,2386,8796,Day_1,Medium,Fast,3.75mm,Experiment_2
2025-10-23T02:12:31.925Z,91,1110,3085,408,1449,3898,3537,3299,14029,2265,2387,8801,Day_1,Medium,Fast,3.75mm,Experiment_2
2025-10-23T02:12:31.965Z,92,1109,3082,409,1446,3894,3558,3314,14048,2271,2395,8813,Day_1,Medium,Fast,3.75mm,Experiment_2
2025-10-23T02:12:32.005Z,93,1108,3081,410,1444,3894,3566,3336,14057,2273,2404,8819,Day_1,Medium,Fast,3.75mm,Experiment_2
2025-10-23T02:12:32.045Z,95,1107,3083,411,1444,3897,3551,3350,14048,2266,2411,8817,Day_1,Medium,Fast,3.75mm,Experiment_2
2025-10-23T02:12:32.085Z,99,1107,3086,412,1446,3901,3529,3348,14032,2258,2413,8812,Day_1,Medium,Fast,3.75mm,Experiment_2
2025-10-23T02:12:32.125Z,103,1111,3090,417,1450,3907,3515,3343,14016,2256,2414,8807,Day_1,Medium,Fast,3.75mm,Experiment_2
2025-10-23T02:12:32.165Z,108,1116,3092,422,1453,3912,3511,3343,14004,2261,2418,8805,Day_1,Medium,Fast,3.75mm,Experiment_2
2025-10-23T02:12:32.206Z,112,1119,3094,426,1455,3914,3509,3341,14003,2265,2417,8809,Day_1,Medium,Fast,3.75mm,Experiment_2
2025-10-23T02:12:32.246Z,114,1123,3097,426,1458,3914,3507,3333,14014,2262,2410,8816,Day_1,Medium,Fast,3.75mm,Experiment_2
2025-10-23T02:12:32.286Z,109,1129,3098,423,1461,3912,3510,3323,14021,2257,2402,8820,Day_1,Medium,Fast,3.75mm,Experiment_2
2025-10-23T02:12:32.326Z,97,1133,3094,416,1464,3907,3519,3315,14018,2257,2398,8816,Day_1,Medium,Fast,3.75mm,Experiment_2
2025-10-23T02:12:32.366Z,90,1133,3086,413,1463,3900,3530,3310,14016,2259,2397,8809,Day_1,Medium,Fast,3.75mm,Experiment_2
2025-10-23T02:12:32.406Z,93,1126,3078,415,1458,3895,3546,3312,14024,2262,2398,8806,Day_1,Medium,Fast,3.75mm,Experiment_2
2025-10-23T02:12:32.446Z,105,1118,3075,423,1451,3894,3556,3318,14045,2262,2401,8809,Day_1,Medium,Fast,3.75mm,Experiment_2
2025-10-23T02:12:32.486Z,113,1114,3075,429,1447,3896,3543,3330,14063,2256,2410,8815,Day_1,Medium,Fast,3.75mm,Experiment_2
2025-10-23T02:12:32.526Z,112,1115,3076,427,1447,3900,3520,3342,14064,2251,2421,8815,Day_1,Medium,Fast,3.75mm,Experiment_2
2025-10-23T02:12:32.565Z,102,1120,3080,418,1452,3904,3513,3348,14047,2254,2428,8808,Day_1,Medium,Fast,3.75mm,Experiment_2
2025-10-23T02:12:32.605Z,93,1124,3086,412,1457,3908,3527,3339,14025,2264,2424,8801,Day_1,Medium,Fast,3.75mm,Experiment_2
2025-10-23T02:12:32.645Z,91,1123,3091,413,1457,3909,3550,3316,14013,2275,2412,8800,Day_1,Medium,Fast,3.75mm,Experiment_2
2025-10-23T02:12:32.685Z,95,1121,3091,419,1456,3906,3565,3299,14014,2283,2402,8804,Day_1,Medium,Fast,3.75mm,Experiment_2
2025-10-23T02:12:32.725Z,101,1123,3089,425,1458,3902,3564,3303,14026,2284,2401,8809,Day_1,Medium,Fast,3.75mm,Experiment_2
2025-10-23T02:12:32.765Z,106,1126,3088,429,1460,3901,3547,3315,14037,2279,2405,8812,Day_1,Medium,Fast,3.75mm,Experiment_2
2025-10-23T02:12:32.805Z,106,1126,3089,429,1461,3901,3527,3317,14044,2270,2405,8816,Day_1,Medium,Fast,3.75mm,Experiment_2
2025-10-23T02:12:32.845Z,104,1123,3088,424,1459,3900,3522,3312,14052,2265,2402,8823,Day_1,Medium,Fast,3.75mm,Experiment_2
2025-10-23T02:12:32.885Z,103,1119,3085,419,1456,3896,3531,3308,14058,2266,2399,8827,Day_1,Medium,Fast,3.75mm,Experiment_2
2025-10-23T02:12:32.925Z,100,1118,3086,414,1453,3896,3535,3301,14054,2268,2395,8820,Day_1,Medium,Fast,3.75mm,Experiment_2
2025-10-23T02:12:32.965Z,97,1122,3095,410,1454,3904,3531,3292,14040,2268,2394,8805,Day_1,Medium,Fast,3.75mm,Experiment_2
2025-10-23T02:12:33.005Z,96,1127,3098,411,1456,3910,3524,3289,14018,2267,2396,8790,Day_1,Medium,Fast,3.75mm,Experiment_2
2025-10-23T02:12:33.045Z,96,1129,3092,411,1457,3908,3520,3297,13991,2264,2402,8781,Day_1,Medium,Fast,3.75mm,Experiment_2
2025-10-23T02:12:33.085Z,94,1126,3086,410,1456,3905,3516,3306,13975,2258,2408,8783,Day_1,Medium,Fast,3.75mm,Experiment_2
2025-10-23T02:12:33.125Z,93,1123,3085,411,1454,3905,3512,3305,13983,2253,2408,8794,Day_1,Medium,Fast,3.75mm,Experiment_2
2025-10-23T02:12:33.165Z,98,1122,3087,414,1454,3907,3512,3306,14006,2253,2407,8808,Day_1,Medium,Fast,3.75mm,Experiment_2
2025-10-23T02:12:33.205Z,105,1124,3090,420,1457,3908,3521,3321,14022,2257,2412,8816,Day_1,Medium,Fast,3.75mm,Experiment_2
2025-10-23T02:12:33.245Z,111,1126,3096,427,1461,3912,3531,3345,14020,2259,2421,8814,Day_1,Medium,Fast,3.75mm,Experiment_2
2025-10-23T02:12:33.286Z,116,1125,3102,433,1463,3917,3525,3364,14014,2253,2428,8809,Day_1,Medium,Fast,3.75mm,Experiment_2
2025-10-23T02:12:33.326Z,118,1124,3099,436,1461,3914,3506,3362,14026,2242,2424,8813,Day_1,Medium,Fast,3.75mm,Experiment_2
2025-10-23T02:12:33.366Z,111,1122,3090,428,1457,3906,3494,3343,14045,2235,2412,8823,Day_1,Medium,Fast,3.75mm,Experiment_2
2025-10-23T02:12:33.406Z,96,1119,3084,412,1450,3899,3501,3325,14046,2240,2403,8826,Day_1,Medium,Fast,3.75mm,Experiment_2
2025-10-23T02:12:33.446Z,83,1120,3084,400,1447,3899,3516,3315,14027,2250,2398,8816,Day_1,Medium,Fast,3.75mm,Experiment_2
2025-10-23T02:12:33.486Z,82,1125,3085,402,1451,3905,3515,3312,14012,2255,2397,8806,Day_1,Medium,Fast,3.75mm,Experiment_2
2025-10-23T02:12:33.526Z,94,1128,3086,415,1457,3913,3499,3316,14010,2253,2400,8803,Day_1,Medium,Fast,3.75mm,Experiment_2
2025-10-23T02:12:33.566Z,108,1127,3089,428,1462,3919,3486,3316,14018,2250,2402,8808,Day_1,Medium,Fast,3.75mm,Experiment_2
2025-10-23T02:12:33.606Z,116,1125,3090,433,1466,3920,3487,3306,14026,2249,2397,8811,Day_1,Medium,Fast,3.75mm,Experiment_2
2025-10-23T02:12:33.645Z,114,1125,3086,430,1470,3915,3495,3296,14030,2250,2390,8810,Day_1,Medium,Fast,3.75mm,Experiment_2
2025-10-23T02:12:33.685Z,108,1125,3080,423,1469,3906,3502,3296,14036,2250,2387,8811,Day_1,Medium,Fast,3.75mm,Experiment_2
2025-10-23T02:12:33.725Z,101,1124,3075,418,1463,3898,3507,3300,14049,2249,2385,8818,Day_1,Medium,Fast,3.75mm,Experiment_2
2025-10-23T02:12:33.765Z,98,1121,3074,415,1454,3893,3512,3307,14060,2249,2386,8828,Day_1,Medium,Fast,3.75mm,Experiment_2
2025-10-23T02:12:33.805Z,100,1118,3077,417,1449,3894,3523,3319,14060,2252,2395,8835,Day_1,Medium,Fast,3.75mm,Experiment_2
2025-10-23T02:12:33.845Z,103,1120,3085,420,1453,3901,3529,3331,14055,2256,2407,8836,Day_1,Medium,Fast,3.75mm,Experiment_2
2025-10-23T02:12:33.885Z,102,1127,3093,421,1460,3908,3518,3332,14041,2255,2412,8825,Day_1,Medium,Fast,3.75mm,Experiment_2
2025-10-23T02:12:33.925Z,105,1130,3095,421,1463,3915,3501,3318,14010,2253,2405,8805,Day_1,Medium,Fast,3.75mm,Experiment_2
2025-10-23T02:12:33.965Z,110,1129,3095,423,1461,3918,3487,3301,13980,2251,2396,8788,Day_1,Medium,Fast,3.75mm,Experiment_2
2025-10-23T02:12:34.006Z,114,1128,3093,425,1459,3919,3483,3295,13978,2248,2394,8788,Day_1,Medium,Fast,3.75mm,Experiment_2
2025-10-23T02:12:34.046Z,114,1128,3096,426,1458,3920,3488,3300,13997,2247,2395,8798,Day_1,Medium,Fast,3.75mm,Experiment_2
2025-10-23T02:12:34.086Z,113,1126,3100,427,1454,3920,3501,3302,14014,2253,2394,8804,Day_1,Medium,Fast,3.75mm,Experiment_2
2025-10-23T02:12:34.126Z,110,1121,3099,427,1447,3915,3514,3305,14024,2261,2394,8808,Day_1,Medium,Fast,3.75mm,Experiment_2
2025-10-23T02:12:34.166Z,104,1117,3093,422,1446,3907,3518,3314,14033,2265,2398,8817,Day_1,Medium,Fast,3.75mm,Experiment_2
2025-10-23T02:12:34.206Z,97,1118,3088,414,1452,3901,3510,3317,14035,2263,2399,8822,Day_1,Medium,Fast,3.75mm,Experiment_2
2025-10-23T02:12:34.246Z,92,1120,3085,407,1457,3897,3492,3307,14037,2255,2394,8822,Day_1,Medium,Fast,3.75mm,Experiment_2
2025-10-23T02:12:34.286Z,91,1121,3081,403,1458,3894,3475,3293,14052,2245,2387,8821,Day_1,Medium,Fast,3.75mm,Experiment_2
2025-10-23T02:12:34.326Z,97,1120,3080,409,1453,3895,3473,3290,14068,2245,2388,8820,Day_1,Medium,Fast,3.75mm,Experiment_2
2025-10-23T02:12:34.366Z,107,1116,3084,420,1448,3900,3486,3300,14065,2254,2395,8814,Day_1,Medium,Fast,3.75mm,Experiment_2
2025-10-23T02:12:34.406Z,117,1114,3090,431,1448,3906,3500,3320,14040,2263,2406,8807,Day_1,Medium,Fast,3.75mm,Experiment_2
2025-10-23T02:12:34.446Z,123,1116,3092,438,1452,3910,3508,3340,14016,2266,2416,8804,Day_1,Medium,Fast,3.75mm,Experiment_2
2025-10-23T02:12:34.486Z,123,1122,3092,440,1457,3910,3515,3346,14017,2265,2419,8808,Day_1,Medium,Fast,3.75mm,Experiment_2
2025-10-23T02:12:34.526Z,120,1129,3089,441,1462,3906,3525,3340,14043,2266,2416,8817,Day_1,Medium,Fast,3.75mm,Experiment_2
2025-10-23T02:12:34.566Z,115,1132,3084,438,1462,3901,3533,3336,14067,2267,2414,8826,Day_1,Medium,Fast,3.75mm,Experiment_2
2025-10-23T02:12:34.606Z,112,1127,3084,435,1455,3901,3531,3337,14076,2263,2418,8833,Day_1,Medium,Fast,3.75mm,Experiment_2
2025-10-23T02:12:34.646Z,112,1117,3088,433,1447,3905,3517,3333,14080,2255,2421,8835,Day_1,Medium,Fast,3.75mm,Experiment_2
2025-10-23T02:12:34.686Z,113,1110,3090,430,1442,3907,3504,3314,14083,2248,2414,8836,Day_1,Medium,Fast,3.75mm,Experiment_2
2025-10-23T02:12:34.726Z,110,1109,3089,425,1442,3906,3502,3282,14077,2248,2390,8833,Day_1,Medium,Fast,3.75mm,Experiment_2
2025-10-23T02:12:34.766Z,106,1114,3087,421,1447,3903,3506,3261,14059,2253,2360,8823,Day_1,Medium,Fast,3.75mm,Experiment_2
2025-10-23T02:12:34.806Z,104,1119,3084,419,1451,3902,3510,3266,14040,2258,2338,8810,Day_1,Medium,Fast,3.75mm,Experiment_2
2025-10-23T02:12:34.846Z,108,1120,3084,422,1450,3906,3511,3285,14029,2257,2341,8803,Day_1,Medium,Fast,3.75mm,Experiment_2
2025-10-23T02:12:34.886Z,113,1118,3086,427,1447,3912,3514,3299,14030,2256,2367,8807,Day_1,Medium,Fast,3.75mm,Experiment_2
2025-10-23T02:12:34.926Z,115,1119,3086,428,1449,3912,3518,3306,14040,2258,2394,8818,Day_1,Medium,Fast,3.75mm,Experiment_2
2025-10-23T02:12:34.966Z,115,1122,3083,428,1454,3908,3519,3308,14049,2261,2405,8827,Day_1,Medium,Fast,3.75mm,Experiment_2
2025-10-23T02:12:35.006Z,113,1125,3085,426,1456,3910,3522,3307,14047,2264,2408,8827,Day_1,Medium,Fast,3.75mm,Experiment_2
2025-10-23T02:12:35.046Z,110,1125,3096,424,1455,3920,3530,3311,14034,2267,2415,8820,Day_1,Medium,Fast,3.75mm,Experiment_2
2025-10-23T02:12:35.086Z,111,1123,3103,429,1452,3923,3540,3318,14031,2267,2422,8816,Day_1,Medium,Fast,3.75mm,Experiment_2
2025-10-23T02:12:35.126Z,113,1120,3095,435,1449,3913,3544,3331,14049,2264,2429,8821,Day_1,Medium,Fast,3.75mm,Experiment_2
2025-10-23T02:12:35.166Z,111,1120,3084,433,1449,3902,3542,3350,14074,2262,2437,8827,Day_1,Medium,Fast,3.75mm,Experiment_2
2025-10-23T02:12:35.206Z,104,1122,3084,425,1451,3903,3539,3360,14082,2262,2443,8827,Day_1,Medium,Fast,3.75mm,Experiment_2
2025-10-23T02:12:35.246Z,99,1124,3091,418,1455,3911,3536,3351,14073,2262,2437,8820,Day_1,Medium,Fast,3.75mm,Experiment_2
2025-10-23T02:12:35.286Z,101,1128,3095,418,1459,3918,3528,3329,14055,2259,2420,8812,Day_1,Medium,Fast,3.75mm,Experiment_2
2025-10-23T02:12:35.326Z,109,1133,3091,424,1461,3918,3514,3308,14038,2257,2400,8806,Day_1,Medium,Fast,3.75mm,Experiment_2
2025-10-23T02:12:35.366Z,114,1135,3082,429,1462,3911,3512,3295,14033,2259,2389,8807,Day_1,Medium,Fast,3.75mm,Experiment_2
2025-10-23T02:12:35.406Z,111,1130,3078,425,1460,3905,3521,3291,14038,2262,2385,8810,Day_1,Medium,Fast,3.75mm,Experiment_2
2025-10-23T02:12:35.446Z,101,1119,3083,418,1453,3905,3527,3298,14041,2261,2385,8808,Day_1,Medium,Fast,3.75mm,Experiment_2
2025-10-23T02:12:35.486Z,96,1107,3090,415,1443,3909,3528,3315,14038,2261,2391,8805,Day_1,Medium,Fast,3.75mm,Experiment_2
2025-10-23T02:12:35.526Z,102,1102,3093,420,1438,3911,3527,3331,14036,2265,2401,8806,Day_1,Medium,Fast,3.75mm,Experiment_2
2025-10-23T02:12:35.566Z,113,1104,3093,431,1440,3909,3526,3334,14048,2267,2408,8812,Day_1,Medium,Fast,3.75mm,Experiment_2
2025-10-23T02:12:35.606Z,119,1108,3088,436,1446,3903,3525,3330,14069,2268,2409,8820,Day_1,Medium,Fast,3.75mm,Experiment_2
2025-10-23T02:12:35.646Z,115,1109,3083,431,1448,3897,3524,3331,14079,2266,2408,8823,Day_1,Medium,Fast,3.75mm,Experiment_2
2025-10-23T02:12:35.686Z,105,1110,3083,420,1449,3896,3521,3329,14075,2262,2406,8820,Day_1,Medium,Fast,3.75mm,Experiment_2
2025-10-23T02:12:35.726Z,96,1113,3088,412,1449,3903,3515,3320,14060,2255,2400,8814,Day_1,Medium,Fast,3.75mm,Experiment_2
2025-10-23T02:12:35.766Z,95,1118,3095,410,1451,3915,3508,3308,14040,2246,2394,8807,Day_1,Medium,Fast,3.75mm,Experiment_2
2025-10-23T02:12:35.806Z,100,1125,3101,415,1456,3924,3501,3308,14033,2238,2394,8809,Day_1,Medium,Fast,3.75mm,Experiment_2
2025-10-23T02:12:35.846Z,104,1129,3101,418,1461,3921,3498,3329,14038,2235,2400,8815,Day_1,Medium,Fast,3.75mm,Experiment_2
2025-10-23T02:12:35.886Z,104,1130,3090,417,1463,3911,3498,3354,14044,2238,2398,8816,Day_1,Medium,Fast,3.75mm,Experiment_2
2025-10-23T02:12:35.926Z,103,1128,3081,418,1461,3902,3499,3359,14052,2243,2389,8817,Day_1,Medium,Fast,3.75mm,Experiment_2
2025-10-23T02:12:35.966Z,107,1127,3081,421,1460,3900,3501,3344,14069,2247,2385,8827,Day_1,Medium,Fast,3.75mm,Experiment_2
2025-10-23T02:12:36.006Z,107,1129,3086,420,1463,3902,3503,3335,14082,2251,2392,8840,Day_1,Medium,Fast,3.75mm,Experiment_2
2025-10-23T02:12:36.046Z,98,1133,3087,411,1466,3902,3504,3339,14084,2257,2406,8843,Day_1,Medium,Fast,3.75mm,Experiment_2
2025-10-23T02:12:36.086Z,90,1135,3084,404,1465,3900,3501,3347,14080,2259,2425,8838,Day_1,Medium,Fast,3.75mm,Experiment_2
2025-10-23T02:12:36.126Z,97,1132,3084,410,1461,3901,3498,3347,14067,2257,2445,8830,Day_1,Medium,Fast,3.75mm,Experiment_2
2025-10-23T02:12:36.166Z,115,1127,3085,427,1459,3902,3499,3335,14041,2257,2459,8816,Day_1,Medium,Fast,3.75mm,Experiment_2
2025-10-23T02:12:36.206Z,124,1127,3082,436,1461,3903,3504,3326,14013,2261,2459,8801,Day_1,Medium,Fast,3.75mm,Experiment_2
2025-10-23T02:12:36.246Z,116,1130,3077,431,1465,3902,3511,3341,14004,2266,2448,8798,Day_1,Medium,Fast,3.75mm,Experiment_2
2025-10-23T02:12:36.286Z,103,1131,3076,422,1465,3903,3513,3367,14017,2265,2437,8807,Day_1,Medium,Fast,3.75mm,Experiment_2
2025-10-23T02:12:36.326Z,97,1130,3082,419,1462,3908,3510,3374,14039,2259,2427,8816,Day_1,Medium,Fast,3.75mm,Experiment_2
2025-10-23T02:12:36.366Z,100,1128,3091,419,1457,3914,3507,3360,14055,2254,2417,8819,Day_1,Medium,Fast,3.75mm,Experiment_2
2025-10-23T02:12:36.406Z,104,1126,3095,420,1455,3914,3508,3342,14059,2253,2412,8818,Day_1,Medium,Fast,3.75mm,Experiment_2
2025-10-23T02:12:36.446Z,107,1124,3090,422,1456,3907,3510,3329,14056,2254,2412,8816,Day_1,Medium,Fast,3.75mm,Experiment_2
2025-10-23T02:12:36.486Z,110,1125,3081,427,1457,3897,3510,3318,14050,2252,2414,8813,Day_1,Medium,Fast,3.75mm,Experiment_2
2025-10-23T02:12:36.526Z,115,1127,3076,434,1460,3891,3513,3314,14046,2251,2417,8810,Day_1,Medium,Fast,3.75mm,Experiment_2
2025-10-23T02:12:36.566Z,121,1127,3077,437,1461,3891,3513,3314,14042,2248,2417,8807,Day_1,Medium,Fast,3.75mm,Experiment_2
2025-10-23T02:12:36.606Z,121,1125,3083,435,1457,3898,3511,3309,14037,2246,2413,8804,Day_1,Medium,Fast,3.75mm,Experiment_2
2025-10-23T02:12:36.646Z,114,1122,3086,429,1452,3906,3514,3307,14030,2250,2412,8803,Day_1,Medium,Fast,3.75mm,Experiment_2
