Channel,Hardware Channel,WindowStartIdx,WindowEndIdx,WindowStartSec,WindowEndSec,Mean,Std,Skewness,Day,SkinTone,Speed,Depth,Experiment
Unpolarized_A_Green,C5,0,250,0.0,10.0,1.1368683772161603e-16,4.698917664974602,0.0422979773359446,Day_1,Medium,Intermediate,3.75mm,Experiment_2
Unpolarized_A_Green,C5,25,275,1.0,11.0,-1.5987211554602254e-16,5.0731647309111665,0.0715697479365486,Day_1,Medium,Intermediate,3.75mm,Experiment_2
Unpolarized_A_Green,C5,50,300,2.0,12.0,-6.394884621840901e-17,5.304819500166572,0.0566357555145753,Day_1,Medium,Intermediate,3.75mm,Experiment_2
Unpolarized_A_Green,C5,75,325,3.0,13.0,-1.4210854715202004e-16,5.031867913354956,0.2028962061507311,Day_1,Medium,Intermediate,3.75mm,Experiment_2
Unpolarized_A_Green,C5,100,350,4.0,14.0,1.9895196601282808e-16,4.816194588655953,0.3341446245005751,Day_1,Medium,Intermediate,3.75mm,Experiment_2
Unpolarized_A_Green,C5,125,375,5.0,15.0,-4.2632564145606006e-17,4.974121228798972,0.2532700506008018,Day_1,Medium,Intermediate,3.75mm,Experiment_2
Unpolarized_A_Green,C5,150,400,6.0,16.0,-8.5265128291212e-17,5.142369739728847,0.2223412888284854,Day_1,Medium,Intermediate,3.75mm,Experiment_2
Unpolarized_A_Green,C5,175,425,7.0,17.0,2.842170943040401e-17,4.875476752922261,0.4214294863802207,Day_1,Medium,Intermediate,3.75mm,Experiment_2
Unpolarized_A_Green,C5,200,450,8.0,18.0,-5.684341886080802e-17,5.527488138747442,0.3472734192990923,Day_1,Medium,Intermediate,3.75mm,Experiment_2
Unpolarized_A_Green,C5,225,475,9.0,19.0,2.842170943040401e-17,5.2520471790259045,0.3521135272375842,Day_1,Medium,Intermediate,3.75mm,Experiment_2
Unpolarized_A_Green,C5,250,500,10.0,20.0,7.105427357601002e-18,5.045231336170221,0.4424581419790787,Day_1,Medium,Intermediate,3.75mm,Experiment_2
Unpolarized_A_Green,C5,275,525,11.0,21.0,-1.2789769243681802e-16,4.894825648475043,0.2070416989778006,Day_1,Medium,Intermediate,3.75mm,Experiment_2
Unpolarized_A_Green,C5,300,550,12.0,22.0,-5.684341886080802e-17,4.902701688736354,-0.0657555404832894,Day_1,Medium,Intermediate,3.75mm,Experiment_2
Unpolarized_A_Green,C5,325,575,13.0,23.0,1.4210854715202004e-17,4.654510108287065,-0.0061584396458606,Day_1,Medium,Intermediate,3.75mm,Experiment_2
Unpolarized_A_Green,C5,350,600,14.0,24.0,1.2789769243681802e-16,5.183359054472281,0.1559763329921935,Day_1,Medium,Intermediate,3.75mm,Experiment_2
Unpolarized_A_Green,C5,375,625,15.0,25.0,-8.5265128291212e-17,5.601926083243211,0.0742277274538601,Day_1,Medium,Intermediate,3.75mm,Experiment_2
Unpolarized_A_Green,C5,400,650,16.0,26.0,-5.684341886080802e-17,5.584460241234638,0.0763220430491449,Day_1,Medium,Intermediate,3.75mm,Experiment_2
Unpolarized_A_Green,C5,425,675,17.0,27.0,-4.2632564145606006e-17,5.46818003283989,-0.1373968225245669,Day_1,Medium,Intermediate,3.75mm,Experiment_2
Unpolarized_A_Green,C5,450,700,18.0,28.0,-4.2632564145606006e-17,5.681958022916715,-0.0530614146497761,Day_1,Medium,Intermediate,3.75mm,Experiment_2
Unpolarized_A_Green,C5,475,725,19.0,29.0,-1.2789769243681802e-16,5.799902804560697,-0.1666660162121114,Day_1,Medium,Intermediate,3.75mm,Experiment_2
Unpolarized_A_Green,C5,500,750,20.0,30.0,4.2632564145606006e-17,5.695173401889214,-0.156697713435061,Day_1,Medium,Intermediate,3.75mm,Experiment_2
Unpolarized_A_Green,C5,525,775,21.0,31.0,5.684341886080802e-17,5.695466182497753,-0.2184951648852352,Day_1,Medium,Intermediate,3.75mm,Experiment_2
Unpolarized_A_Green,C5,550,800,22.0,32.0,-8.5265128291212e-17,5.787233406928711,-0.0905838397870966,Day_1,Medium,Intermediate,3.75mm,Experiment_2
Unpolarized_A_Green,C5,575,825,23.0,33.0,3.375077994860476e-16,5.765773591788736,-0.2501531516758223,Day_1,Medium,Intermediate,3.75mm,Experiment_2
Unpolarized_A_Green,C5,600,850,24.0,34.0,-5.684341886080802e-17,5.702291979286212,-0.0057243412796647,Day_1,Medium,Intermediate,3.75mm,Experiment_2
Unpolarized_A_Green,C5,625,875,25.0,35.0,-1.3642420526593924e-15,53.4081852646605,0.6773702156079987,Day_1,Medium,Intermediate,3.75mm,Experiment_2
Unpolarized_A_Green,C5,650,900,26.0,36.0,1.4210854715202004e-16,51.80536969494799,0.9997297323925078,Day_1,Medium,Intermediate,3.75mm,Experiment_2
Unpolarized_A_Green,C5,675,925,27.0,37.0,1.4210854715202004e-17,51.746987618170955,0.8156499449787312,Day_1,Medium,Intermediate,3.75mm,Experiment_2
Unpolarized_A_Green,C5,700,950,28.0,38.0,-2.2737367544323206e-16,51.820875628764874,0.8015106273943196,Day_1,Medium,Intermediate,3.75mm,Experiment_2
Unpolarized_A_Green,C5,725,975,29.0,39.0,-8.526512829121202e-16,51.87189894181381,0.824783473353892,Day_1,Medium,Intermediate,3.75mm,Experiment_2
Unpolarized_A_Green,C5,750,1000,30.0,40.0,4.547473508864641e-16,51.97790700525222,0.8066630433790206,Day_1,Medium,Intermediate,3.75mm,Experiment_2
Unpolarized_A_Green,C5,775,1025,31.0,41.0,-5.684341886080802e-17,51.94430544743758,0.8198469211934859,Day_1,Medium,Intermediate,3.75mm,Experiment_2
Unpolarized_A_Green,C5,800,1050,32.0,42.0,2.5579538487363605e-16,51.86275684340209,0.8598533472966262,Day_1,Medium,Intermediate,3.75mm,Experiment_2
Unpolarized_A_Green,C5,825,1075,33.0,43.0,-2.451372438372346e-16,51.57044069088584,0.7561600214377321,Day_1,Medium,Intermediate,3.75mm,Experiment_2
Unpolarized_A_Green,C5,850,1100,34.0,44.0,1.0231815394945442e-15,49.30980194197709,0.4590143366811295,Day_1,Medium,Intermediate,3.75mm,Experiment_2
Unpolarized_A_Green,C5,875,1125,35.0,45.0,-2.1600499167107045e-15,17.210051892209265,2.1493139248904467,Day_1,Medium,Intermediate,3.75mm,Experiment_2
Unpolarized_A_Green,C5,900,1150,36.0,46.0,1.5631940186722203e-16,5.7472737379490155,-0.1936359494002298,Day_1,Medium,Intermediate,3.75mm,Experiment_2
Unpolarized_A_Green,C5,925,1175,37.0,47.0,0.0,5.85491891255379,-0.3230303854514412,Day_1,Medium,Intermediate,3.75mm,Experiment_2
Unpolarized_A_Green,C5,950,1200,38.0,48.0,3.05533376376843e-16,5.413416278479818,-0.068306486524851,Day_1,Medium,Intermediate,3.75mm,Experiment_2
Unpolarized_A_Green,C5,975,1225,39.0,49.0,5.684341886080802e-17,5.83893263798251,-0.1481879246292543,Day_1,Medium,Intermediate,3.75mm,Experiment_2
Unpolarized_A_Green,C5,1000,1250,40.0,50.0,-5.684341886080802e-17,7.334492179896722,-0.5247422923166294,Day_1,Medium,Intermediate,3.75mm,Experiment_2
Unpolarized_A_Green,C5,1025,1275,41.0,51.0,2.2737367544323206e-16,7.260697782882716,-0.1802892570901501,Day_1,Medium,Intermediate,3.75mm,Experiment_2
Unpolarized_A_Green,C5,1050,1300,42.0,52.0,1.4921397450962102e-16,7.365504730022087,-0.1979572818500629,Day_1,Medium,Intermediate,3.75mm,Experiment_2
Unpolarized_A_Green,C5,1075,1325,43.0,53.0,-2.842170943040401e-17,7.08751228950043,-0.3073672926783062,Day_1,Medium,Intermediate,3.75mm,Experiment_2
Unpolarized_A_Green,C5,1100,1350,44.0,54.0,1.2789769243681802e-16,6.521101710083772,-0.2677025374460409,Day_1,Medium,Intermediate,3.75mm,Experiment_2
Unpolarized_A_Green,C5,1125,1375,45.0,55.0,2.2737367544323206e-16,6.579951874187789,-0.2361680968767736,Day_1,Medium,Intermediate,3.75mm,Experiment_2
Unpolarized_A_Green,C5,1150,1400,46.0,56.0,-7.815970093361102e-17,6.331168669188733,-0.2255214848148454,Day_1,Medium,Intermediate,3.75mm,Experiment_2
Unpolarized_A_Green,C5,1175,1425,47.0,57.0,7.105427357601002e-17,6.5261448130818795,-0.3455453416709248,Day_1,Medium,Intermediate,3.75mm,Experiment_2
Unpolarized_A_Green,C5,1200,1450,48.0,58.0,-3.552713678800501e-17,5.910847018503824,-0.1672748909889613,Day_1,Medium,Intermediate,3.75mm,Experiment_2
Unpolarized_A_Green,C5,1225,1475,49.0,59.0,-3.552713678800501e-16,5.932451711940668,-0.3231279937664604,Day_1,Medium,Intermediate,3.75mm,Experiment_2
Unpolarized_A_Green,C5,1250,1500,50.0,60.0,9.947598300641404e-17,4.341133370591742,0.3579760099336922,Day_1,Medium,Intermediate,3.75mm,Experiment_2
Unpolarized_A_Green,C5,1275,1525,51.0,61.0,-2.131628207280301e-17,4.426019820738332,-0.1753250377207343,Day_1,Medium,Intermediate,3.75mm,Experiment_2
Unpolarized_A_Green,C5,1300,1550,52.0,62.0,-1.1368683772161603e-16,3.41231588632312,0.0895466980879672,Day_1,Medium,Intermediate,3.75mm,Experiment_2
Unpolarized_A_Green,C5,1325,1575,53.0,63.0,-1.0658141036401505e-17,4.653645786641929,0.4228920408031202,Day_1,Medium,Intermediate,3.75mm,Experiment_2
Unpolarized_A_Green,C5,1350,1600,54.0,64.0,-2.451372438372346e-16,5.133540603400742,-0.1165951909471137,Day_1,Medium,Intermediate,3.75mm,Experiment_2
Unpolarized_A_Green,C5,1375,1625,55.0,65.0,-8.5265128291212e-17,4.965514631872123,0.2551752030978769,Day_1,Medium,Intermediate,3.75mm,Experiment_2
Unpolarized_A_Green,C5,1400,1650,56.0,66.0,2.0605739337042904e-16,5.108474849388535,0.2326191735721794,Day_1,Medium,Intermediate,3.75mm,Experiment_2
Unpolarized_A_Green,C5,1425,1675,57.0,67.0,0.0,5.554785015003886,0.1294948757254272,Day_1,Medium,Intermediate,3.75mm,Experiment_2
Unpolarized_A_Green,C5,1450,1700,58.0,68.0,-5.684341886080802e-17,5.136674280240854,0.3021225785126351,Day_1,Medium,Intermediate,3.75mm,Experiment_2
Unpolarized_A_Green,C5,1475,1725,59.0,69.0,1.9895196601282808e-16,5.743985802073713,0.0302509053509103,Day_1,Medium,Intermediate,3.75mm,Experiment_2
Unpolarized_A_Green,C5,1500,1750,60.0,70.0,7.460698725481051e-17,6.212945236587369,0.0847714493861459,Day_1,Medium,Intermediate,3.75mm,Experiment_2
Unpolarized_A_Green,C5,1525,1775,61.0,71.0,-1.4210854715202004e-17,6.092385761620164,0.019055806838482,Day_1,Medium,Intermediate,3.75mm,Experiment_2
Unpolarized_A_Green,C5,1550,1800,62.0,72.0,-2.486899575160351e-17,5.734592969179692,0.0216646887482763,Day_1,Medium,Intermediate,3.75mm,Experiment_2
Unpolarized_A_Green,C5,1575,1825,63.0,73.0,1.4210854715202004e-17,6.325866248322213,0.0748391212867076,Day_1,Medium,Intermediate,3.75mm,Experiment_2
Unpolarized_A_Green,C5,1600,1850,64.0,74.0,0.0,5.563179981270925,-0.0825744865754069,Day_1,Medium,Intermediate,3.75mm,Experiment_2
Unpolarized_A_Green,C5,1625,1875,65.0,75.0,8.5265128291212e-17,5.863698771225353,-0.0674765450017077,Day_1,Medium,Intermediate,3.75mm,Experiment_2
Unpolarized_A_Red,C2,0,250,0.0,10.0,-1.2079226507921704e-16,5.068285018220222,0.0475446464510351,Day_1,Medium,Intermediate,3.75mm,Experiment_2
Unpolarized_A_Red,C2,25,275,1.0,11.0,8.5265128291212e-17,6.103574560149322,-0.3850934867331185,Day_1,Medium,Intermediate,3.75mm,Experiment_2
Unpolarized_A_Red,C2,50,300,2.0,12.0,-7.105427357601002e-17,6.078105187129584,-0.0057801017894587,Day_1,Medium,Intermediate,3.75mm,Experiment_2
Unpolarized_A_Red,C2,75,325,3.0,13.0,-2.842170943040401e-17,6.240634031211431,0.2789647529307238,Day_1,Medium,Intermediate,3.75mm,Experiment_2
Unpolarized_A_Red,C2,100,350,4.0,14.0,-2.842170943040401e-17,6.491114822902835,0.2123767347356607,Day_1,Medium,Intermediate,3.75mm,Experiment_2
Unpolarized_A_Red,C2,125,375,5.0,15.0,-1.4210854715202004e-16,6.468613537628865,0.1336993178456473,Day_1,Medium,Intermediate,3.75mm,Experiment_2
Unpolarized_A_Red,C2,150,400,6.0,16.0,-8.5265128291212e-17,6.790399977549956,-0.0749980948413857,Day_1,Medium,Intermediate,3.75mm,Experiment_2
Unpolarized_A_Red,C2,175,425,7.0,17.0,-1.1368683772161603e-16,6.957367506240999,0.0485330324670878,Day_1,Medium,Intermediate,3.75mm,Experiment_2
Unpolarized_A_Red,C2,200,450,8.0,18.0,8.5265128291212e-17,6.989892958365951,-0.0858655312999582,Day_1,Medium,Intermediate,3.75mm,Experiment_2
Unpolarized_A_Red,C2,225,475,9.0,19.0,0.0,6.949675547934699,0.0711595435217557,Day_1,Medium,Intermediate,3.75mm,Experiment_2
Unpolarized_A_Red,C2,250,500,10.0,20.0,-4.973799150320702e-17,6.229494820186912,0.1159929813771716,Day_1,Medium,Intermediate,3.75mm,Experiment_2
Unpolarized_A_Red,C2,275,525,11.0,21.0,2.131628207280301e-17,5.639617079538341,-0.1025102190546854,Day_1,Medium,Intermediate,3.75mm,Experiment_2
Unpolarized_A_Red,C2,300,550,12.0,22.0,-2.0961010704922952e-16,6.1049166251776485,-0.0566773658258054,Day_1,Medium,Intermediate,3.75mm,Experiment_2
Unpolarized_A_Red,C2,325,575,13.0,23.0,4.263256414560601e-17,5.223754466177401,-0.0200669081090312,Day_1,Medium,Intermediate,3.75mm,Experiment_2
Unpolarized_A_Red,C2,350,600,14.0,24.0,-1.2079226507921704e-16,5.1325525050444645,0.0475657357705484,Day_1,Medium,Intermediate,3.75mm,Experiment_2
Unpolarized_A_Red,C2,375,625,15.0,25.0,5.684341886080802e-17,5.343867607639708,-0.1266279489599861,Day_1,Medium,Intermediate,3.75mm,Experiment_2
Unpolarized_A_Red,C2,400,650,16.0,26.0,4.263256414560601e-17,6.165649907719001,-0.4210420295098074,Day_1,Medium,Intermediate,3.75mm,Experiment_2
Unpolarized_A_Red,C2,425,675,17.0,27.0,1.8474111129762604e-16,6.139544890276846,-0.5586976787878292,Day_1,Medium,Intermediate,3.75mm,Experiment_2
Unpolarized_A_Red,C2,450,700,18.0,28.0,2.842170943040401e-17,5.508314092104084,-0.5090096458585814,Day_1,Medium,Intermediate,3.75mm,Experiment_2
Unpolarized_A_Red,C2,475,725,19.0,29.0,9.947598300641404e-17,5.570786705817314,-0.4384412727940193,Day_1,Medium,Intermediate,3.75mm,Experiment_2
Unpolarized_A_Red,C2,500,750,20.0,30.0,-4.263256414560601e-17,5.502653757933726,-0.344890091385134,Day_1,Medium,Intermediate,3.75mm,Experiment_2
Unpolarized_A_Red,C2,525,775,21.0,31.0,-1.527666881884215e-16,5.713323705514699,-0.4292596386878355,Day_1,Medium,Intermediate,3.75mm,Experiment_2
Unpolarized_A_Red,C2,550,800,22.0,32.0,-4.973799150320702e-17,5.824447561207064,-0.2900570463004635,Day_1,Medium,Intermediate,3.75mm,Experiment_2
Unpolarized_A_Red,C2,575,825,23.0,33.0,8.5265128291212e-17,5.924840129912657,-0.485745741682621,Day_1,Medium,Intermediate,3.75mm,Experiment_2
Unpolarized_A_Red,C2,600,850,24.0,34.0,-7.105427357601002e-18,5.643742730090532,-0.5901224492004739,Day_1,Medium,Intermediate,3.75mm,Experiment_2
Unpolarized_A_Red,C2,625,875,25.0,35.0,-1.70530256582424e-16,5.486581028242002,-0.6908276522685709,Day_1,Medium,Intermediate,3.75mm,Experiment_2
Unpolarized_A_Red,C2,650,900,26.0,36.0,-2.842170943040401e-17,4.222781362017331,-0.1064254666544901,Day_1,Medium,Intermediate,3.75mm,Experiment_2
Unpolarized_A_Red,C2,675,925,27.0,37.0,1.4210854715202004e-16,4.449416745461556,-0.0227138276155366,Day_1,Medium,Intermediate,3.75mm,Experiment_2
Unpolarized_A_Red,C2,700,950,28.0,38.0,1.1368683772161603e-16,4.880370515013424,0.0609196123027534,Day_1,Medium,Intermediate,3.75mm,Experiment_2
Unpolarized_A_Red,C2,725,975,29.0,39.0,2.3803181647963363e-16,4.624502536903754,0.0629244512986704,Day_1,Medium,Intermediate,3.75mm,Experiment_2
Unpolarized_A_Red,C2,750,1000,30.0,40.0,-1.8189894035458565e-15,83.00718863687065,3.082233332573234,Day_1,Medium,Intermediate,3.75mm,Experiment_2
Unpolarized_A_Red,C2,775,1025,31.0,41.0,-1.7621459846850484e-15,55.429941823044885,-0.9283606395529188,Day_1,Medium,Intermediate,3.75mm,Experiment_2
Unpolarized_A_Red,C2,800,1050,32.0,42.0,-5.684341886080802e-17,54.53806756359807,-1.0848233038761212,Day_1,Medium,Intermediate,3.75mm,Experiment_2
Unpolarized_A_Red,C2,825,1075,33.0,43.0,0.0,55.23675085955155,-1.0254357668700245,Day_1,Medium,Intermediate,3.75mm,Experiment_2
Unpolarized_A_Red,C2,850,1100,34.0,44.0,-2.2737367544323206e-16,55.44795536613369,-0.9822949917967276,Day_1,Medium,Intermediate,3.75mm,Experiment_2
Unpolarized_A_Red,C2,875,1125,35.0,45.0,2.2737367544323206e-16,55.644167319285806,-0.992726720314557,Day_1,Medium,Intermediate,3.75mm,Experiment_2
Unpolarized_A_Red,C2,900,1150,36.0,46.0,-9.094947017729285e-16,55.814092393550354,-0.955016730635344,Day_1,Medium,Intermediate,3.75mm,Experiment_2
Unpolarized_A_Red,C2,925,1175,37.0,47.0,1.2505552149377765e-15,55.37951567887042,-0.9586898556148344,Day_1,Medium,Intermediate,3.75mm,Experiment_2
Unpolarized_A_Red,C2,950,1200,38.0,48.0,-2.842170943040401e-16,55.18186838696703,-1.127533998812256,Day_1,Medium,Intermediate,3.75mm,Experiment_2
Unpolarized_A_Red,C2,975,1225,39.0,49.0,-6.821210263296962e-16,60.56037905343543,-0.8855039964721497,Day_1,Medium,Intermediate,3.75mm,Experiment_2
Unpolarized_A_Red,C2,1000,1250,40.0,50.0,-3.637978807091713e-15,39.0263395850987,3.3735712784917475,Day_1,Medium,Intermediate,3.75mm,Experiment_2
Unpolarized_A_Red,C2,1025,1275,41.0,51.0,7.815970093361102e-17,6.263129766234112,-0.1325768710016045,Day_1,Medium,Intermediate,3.75mm,Experiment_2
Unpolarized_A_Red,C2,1050,1300,42.0,52.0,-7.105427357601002e-17,6.244935593511707,0.0611355182813997,Day_1,Medium,Intermediate,3.75mm,Experiment_2
Unpolarized_A_Red,C2,1075,1325,43.0,53.0,9.947598300641404e-17,6.1870589776067595,0.2516252515439848,Day_1,Medium,Intermediate,3.75mm,Experiment_2
Unpolarized_A_Red,C2,1100,1350,44.0,54.0,1.1368683772161603e-16,6.426967520943293,0.0481907064657705,Day_1,Medium,Intermediate,3.75mm,Experiment_2
Unpolarized_A_Red,C2,1125,1375,45.0,55.0,4.973799150320702e-17,5.685651080581325,0.1092342956458805,Day_1,Medium,Intermediate,3.75mm,Experiment_2
Unpolarized_A_Red,C2,1150,1400,46.0,56.0,1.70530256582424e-16,5.835706427158862,0.0699602443929603,Day_1,Medium,Intermediate,3.75mm,Experiment_2
Unpolarized_A_Red,C2,1175,1425,47.0,57.0,1.4210854715202004e-16,6.026775964658831,0.0013093281056991,Day_1,Medium,Intermediate,3.75mm,Experiment_2
Unpolarized_A_Red,C2,1200,1450,48.0,58.0,2.1316282072803e-16,5.924938956879266,0.056212717040429,Day_1,Medium,Intermediate,3.75mm,Experiment_2
Unpolarized_A_Red,C2,1225,1475,49.0,59.0,-2.7711166694643907e-16,5.040740268767853,0.0269236400387885,Day_1,Medium,Intermediate,3.75mm,Experiment_2
Unpolarized_A_Red,C2,1250,1500,50.0,60.0,8.5265128291212e-17,5.397557980691228,0.1212149712977116,Day_1,Medium,Intermediate,3.75mm,Experiment_2
Unpolarized_A_Red,C2,1275,1525,51.0,61.0,-2.5579538487363605e-16,5.251751855944217,0.2307810114730906,Day_1,Medium,Intermediate,3.75mm,Experiment_2
Unpolarized_A_Red,C2,1300,1550,52.0,62.0,-2.842170943040401e-17,6.580728947306848,-0.0729453199123782,Day_1,Medium,Intermediate,3.75mm,Experiment_2
Unpolarized_A_Red,C2,1325,1575,53.0,63.0,-4.263256414560601e-17,6.068354279389397,0.2172047108100613,Day_1,Medium,Intermediate,3.75mm,Experiment_2
Unpolarized_A_Red,C2,1350,1600,54.0,64.0,1.70530256582424e-16,6.308756583336517,0.0947272199458904,Day_1,Medium,Intermediate,3.75mm,Experiment_2
Unpolarized_A_Red,C2,1375,1625,55.0,65.0,1.2789769243681802e-16,6.730249825760088,0.0623017544133404,Day_1,Medium,Intermediate,3.75mm,Experiment_2
Unpolarized_A_Red,C2,1400,1650,56.0,66.0,-1.9895196601282808e-16,6.750637253799494,0.0034927102417241,Day_1,Medium,Intermediate,3.75mm,Experiment_2
Unpolarized_A_Red,C2,1425,1675,57.0,67.0,1.1368683772161603e-16,6.494569103762724,0.0544445743539859,Day_1,Medium,Intermediate,3.75mm,Experiment_2
Unpolarized_A_Red,C2,1450,1700,58.0,68.0,-7.105427357601002e-18,6.596798086435403,0.0704281806309046,Day_1,Medium,Intermediate,3.75mm,Experiment_2
Unpolarized_A_Red,C2,1475,1725,59.0,69.0,9.947598300641404e-17,6.759501789717324,-0.0659756253891937,Day_1,Medium,Intermediate,3.75mm,Experiment_2
Unpolarized_A_Red,C2,1500,1750,60.0,70.0,8.5265128291212e-17,6.318567543117781,0.1040932065296043,Day_1,Medium,Intermediate,3.75mm,Experiment_2
Unpolarized_A_Red,C2,1525,1775,61.0,71.0,1.7763568394002506e-16,6.38635213539376,-0.0742429055344978,Day_1,Medium,Intermediate,3.75mm,Experiment_2
Unpolarized_A_Red,C2,1550,1800,62.0,72.0,-1.1368683772161603e-16,5.038177154468052,-0.3058846970619858,Day_1,Medium,Intermediate,3.75mm,Experiment_2
Unpolarized_A_Red,C2,1575,1825,63.0,73.0,2.62900812231237e-16,5.459747832954911,-0.3196390631017251,Day_1,Medium,Intermediate,3.75mm,Experiment_2
Unpolarized_A_Red,C2,1600,1850,64.0,74.0,-1.2789769243681802e-16,5.038107988673122,0.006898529526638,Day_1,Medium,Intermediate,3.75mm,Experiment_2
Unpolarized_A_Red,C2,1625,1875,65.0,75.0,1.70530256582424e-16,4.705346279980299,-0.3244491350823022,Day_1,Medium,Intermediate,3.75mm,Experiment_2
Unpolarized_A_IR,C4,0,250,0.0,10.0,2.0605739337042904e-16,6.886590973964838,0.2058515692088158,Day_1,Medium,Intermediate,3.75mm,Experiment_2
Unpolarized_A_IR,C4,25,275,1.0,11.0,-1.4210854715202004e-17,5.147685969173343,-0.0061680223506049,Day_1,Medium,Intermediate,3.75mm,Experiment_2
Unpolarized_A_IR,C4,50,300,2.0,12.0,-2.131628207280301e-17,5.098725037407389,-0.0420373509903393,Day_1,Medium,Intermediate,3.75mm,Experiment_2
Unpolarized_A_IR,C4,75,325,3.0,13.0,8.5265128291212e-17,4.9554548883150025,0.1175945345289219,Day_1,Medium,Intermediate,3.75mm,Experiment_2
Unpolarized_A_IR,C4,100,350,4.0,14.0,2.2737367544323206e-16,5.021785524495364,-0.127390837512004,Day_1,Medium,Intermediate,3.75mm,Experiment_2
Unpolarized_A_IR,C4,125,375,5.0,15.0,5.684341886080802e-17,6.17089824008166,0.1830614669094672,Day_1,Medium,Intermediate,3.75mm,Experiment_2
Unpolarized_A_IR,C4,150,400,6.0,16.0,-1.0480505352461476e-16,5.808574312004218,-0.1445175469663103,Day_1,Medium,Intermediate,3.75mm,Experiment_2
Unpolarized_A_IR,C4,175,425,7.0,17.0,-5.062616992290714e-17,5.706267319124996,0.1068894253791541,Day_1,Medium,Intermediate,3.75mm,Experiment_2
Unpolarized_A_IR,C4,200,450,8.0,18.0,0.0,5.684129457057544,0.0988927505509171,Day_1,Medium,Intermediate,3.75mm,Experiment_2
Unpolarized_A_IR,C4,225,475,9.0,19.0,3.907985046680551e-17,5.401190332697165,0.0468317080995765,Day_1,Medium,Intermediate,3.75mm,Experiment_2
Unpolarized_A_IR,C4,250,500,10.0,20.0,-1.2789769243681802e-16,5.851876467676529,0.222427570744893,Day_1,Medium,Intermediate,3.75mm,Experiment_2
Unpolarized_A_IR,C4,275,525,11.0,21.0,1.5631940186722203e-16,6.467201831828167,-0.1722426338140097,Day_1,Medium,Intermediate,3.75mm,Experiment_2
Unpolarized_A_IR,C4,300,550,12.0,22.0,-9.947598300641404e-17,6.753242092167158,0.0012829228536714,Day_1,Medium,Intermediate,3.75mm,Experiment_2
Unpolarized_A_IR,C4,325,575,13.0,23.0,-8.5265128291212e-17,6.902486226477195,0.0645265097682444,Day_1,Medium,Intermediate,3.75mm,Experiment_2
Unpolarized_A_IR,C4,350,600,14.0,24.0,2.1316282072803002e-16,6.919304918807077,0.0634843341987633,Day_1,Medium,Intermediate,3.75mm,Experiment_2
Unpolarized_A_IR,C4,375,625,15.0,25.0,2.842170943040401e-17,6.206274908168546,0.0210853680572709,Day_1,Medium,Intermediate,3.75mm,Experiment_2
Unpolarized_A_IR,C4,400,650,16.0,26.0,-2.842170943040401e-17,5.872549242238024,0.0204227477233341,Day_1,Medium,Intermediate,3.75mm,Experiment_2
Unpolarized_A_IR,C4,425,675,17.0,27.0,-5.684341886080802e-17,5.8502807582557415,0.0762524599653955,Day_1,Medium,Intermediate,3.75mm,Experiment_2
Unpolarized_A_IR,C4,450,700,18.0,28.0,-2.131628207280301e-17,6.078089395429381,-0.0926258533810077,Day_1,Medium,Intermediate,3.75mm,Experiment_2
Unpolarized_A_IR,C4,475,725,19.0,29.0,-6.039613253960852e-17,6.484044894771829,-0.0571907341715003,Day_1,Medium,Intermediate,3.75mm,Experiment_2
Unpolarized_A_IR,C4,500,750,20.0,30.0,1.9895196601282808e-16,6.101399125022993,0.0699342491788852,Day_1,Medium,Intermediate,3.75mm,Experiment_2
Unpolarized_A_IR,C4,525,775,21.0,31.0,1.4210854715202004e-16,5.060790869264651,-0.2005686898427129,Day_1,Medium,Intermediate,3.75mm,Experiment_2
Unpolarized_A_IR,C4,550,800,22.0,32.0,-1.021405182655144e-16,4.64265555651844,-0.2561760820026354,Day_1,Medium,Intermediate,3.75mm,Experiment_2
Unpolarized_A_IR,C4,575,825,23.0,33.0,5.684341886080802e-17,5.123203262110185,-0.0346255064988448,Day_1,Medium,Intermediate,3.75mm,Experiment_2
Unpolarized_A_IR,C4,600,850,24.0,34.0,-2.842170943040401e-17,4.979580617606846,-0.177421143623963,Day_1,Medium,Intermediate,3.75mm,Experiment_2
Unpolarized_A_IR,C4,625,875,25.0,35.0,1.5631940186722203e-16,5.420547920165688,-0.1059522969149908,Day_1,Medium,Intermediate,3.75mm,Experiment_2
Unpolarized_A_IR,C4,650,900,26.0,36.0,-8.5265128291212e-17,5.458556727538774,0.0199961161635323,Day_1,Medium,Intermediate,3.75mm,Experiment_2
Unpolarized_A_IR,C4,675,925,27.0,37.0,-3.637978807091713e-15,83.59067126723396,-1.251498469337885,Day_1,Medium,Intermediate,3.75mm,Experiment_2
Unpolarized_A_IR,C4,700,950,28.0,38.0,4.902744876744692e-16,69.88762288084656,-0.2475874243663224,Day_1,Medium,Intermediate,3.75mm,Experiment_2
Unpolarized_A_IR,C4,725,975,29.0,39.0,5.542233338928781e-16,69.77617364745564,-0.2302688967827028,Day_1,Medium,Intermediate,3.75mm,Experiment_2
Unpolarized_A_IR,C4,750,1000,30.0,40.0,-1.9184653865522702e-16,69.77808118024693,-0.2233583062020008,Day_1,Medium,Intermediate,3.75mm,Experiment_2
Unpolarized_A_IR,C4,775,1025,31.0,41.0,5.684341886080802e-17,69.76422133958752,-0.2094580872996761,Day_1,Medium,Intermediate,3.75mm,Experiment_2
Unpolarized_A_IR,C4,800,1050,32.0,42.0,-9.094947017729285e-16,69.76631095834398,-0.2262916559403481,Day_1,Medium,Intermediate,3.75mm,Experiment_2
Unpolarized_A_IR,C4,825,1075,33.0,43.0,-7.958078640513122e-16,69.87899600322334,-0.2254332838397637,Day_1,Medium,Intermediate,3.75mm,Experiment_2
Unpolarized_A_IR,C4,850,1100,34.0,44.0,-1.6342482922482304e-16,69.78504638288523,-0.23460128738056,Day_1,Medium,Intermediate,3.75mm,Experiment_2
Unpolarized_A_IR,C4,875,1125,35.0,45.0,2.8421709430404013e-16,69.93628893894488,-0.167289925066758,Day_1,Medium,Intermediate,3.75mm,Experiment_2
Unpolarized_A_IR,C4,900,1150,36.0,46.0,9.094947017729285e-16,67.64185538092362,-0.621142396199787,Day_1,Medium,Intermediate,3.75mm,Experiment_2
Unpolarized_A_IR,C4,925,1175,37.0,47.0,-1.0231815394945442e-15,15.348095575971955,-2.21453353337516,Day_1,Medium,Intermediate,3.75mm,Experiment_2
Unpolarized_A_IR,C4,950,1200,38.0,48.0,6.394884621840901e-17,6.165026803085449,-0.1569197190865803,Day_1,Medium,Intermediate,3.75mm,Experiment_2
Unpolarized_A_IR,C4,975,1225,39.0,49.0,-2.842170943040401e-17,6.147224679833621,-0.1542315544116407,Day_1,Medium,Intermediate,3.75mm,Experiment_2
Unpolarized_A_IR,C4,1000,1250,40.0,50.0,9.947598300641404e-17,5.856464130820594,-0.2939637790494381,Day_1,Medium,Intermediate,3.75mm,Experiment_2
Unpolarized_A_IR,C4,1025,1275,41.0,51.0,-6.750155989720952e-17,5.853216701503046,-0.3111465420845369,Day_1,Medium,Intermediate,3.75mm,Experiment_2
Unpolarized_A_IR,C4,1050,1300,42.0,52.0,1.4210854715202004e-16,5.747073775194828,-0.2651103352737187,Day_1,Medium,Intermediate,3.75mm,Experiment_2
Unpolarized_A_IR,C4,1075,1325,43.0,53.0,2.842170943040401e-17,5.878957453354494,-0.3964652028055718,Day_1,Medium,Intermediate,3.75mm,Experiment_2
Unpolarized_A_IR,C4,1100,1350,44.0,54.0,1.2079226507921704e-16,5.347945537543628,-0.1620262274112735,Day_1,Medium,Intermediate,3.75mm,Experiment_2
Unpolarized_A_IR,C4,1125,1375,45.0,55.0,0.0,3.989876559139868,-0.4720352265506875,Day_1,Medium,Intermediate,3.75mm,Experiment_2
Unpolarized_A_IR,C4,1150,1400,46.0,56.0,1.4210854715202004e-17,4.18668719010055,-0.0914842351223991,Day_1,Medium,Intermediate,3.75mm,Experiment_2
Unpolarized_A_IR,C4,1175,1425,47.0,57.0,-4.2632564145606006e-17,4.38056842550642,-0.0363751800201091,Day_1,Medium,Intermediate,3.75mm,Experiment_2
Unpolarized_A_IR,C4,1200,1450,48.0,58.0,2.1316282072803002e-16,5.143409759903054,0.0962102087343543,Day_1,Medium,Intermediate,3.75mm,Experiment_2
Unpolarized_A_IR,C4,1225,1475,49.0,59.0,5.684341886080802e-17,4.475040259874434,0.2143637462013783,Day_1,Medium,Intermediate,3.75mm,Experiment_2
Unpolarized_A_IR,C4,1250,1500,50.0,60.0,-1.1368683772161603e-16,4.479418955141954,0.1384461991073323,Day_1,Medium,Intermediate,3.75mm,Experiment_2
Unpolarized_A_IR,C4,1275,1525,51.0,61.0,-1.2789769243681802e-16,4.505491276252043,0.2089053775105575,Day_1,Medium,Intermediate,3.75mm,Experiment_2
Unpolarized_A_IR,C4,1300,1550,52.0,62.0,1.6342482922482304e-16,4.769222585853717,0.2156747897769847,Day_1,Medium,Intermediate,3.75mm,Experiment_2
Unpolarized_A_IR,C4,1325,1575,53.0,63.0,-1.3500311979441903e-16,4.880840439543018,0.3030992797062554,Day_1,Medium,Intermediate,3.75mm,Experiment_2
Unpolarized_A_IR,C4,1350,1600,54.0,64.0,-2.842170943040401e-17,4.802912407295583,0.2874630851769642,Day_1,Medium,Intermediate,3.75mm,Experiment_2
Unpolarized_A_IR,C4,1375,1625,55.0,65.0,-2.842170943040401e-17,4.955398242060021,0.0299316601878186,Day_1,Medium,Intermediate,3.75mm,Experiment_2
Unpolarized_A_IR,C4,1400,1650,56.0,66.0,-2.930988785010414e-17,4.8361253704701115,0.1256359556790231,Day_1,Medium,Intermediate,3.75mm,Experiment_2
Unpolarized_A_IR,C4,1425,1675,57.0,67.0,-7.105427357601002e-17,4.4704781356731145,-0.0866902683667682,Day_1,Medium,Intermediate,3.75mm,Experiment_2
Unpolarized_A_IR,C4,1450,1700,58.0,68.0,1.1368683772161603e-16,4.419277833756009,0.0522344764142716,Day_1,Medium,Intermediate,3.75mm,Experiment_2
Unpolarized_A_IR,C4,1475,1725,59.0,69.0,-8.5265128291212e-17,4.448862027367713,-0.1337843191466445,Day_1,Medium,Intermediate,3.75mm,Experiment_2
Unpolarized_A_IR,C4,1500,1750,60.0,70.0,-7.105427357601002e-17,4.4379492999502785,-0.2735214677542095,Day_1,Medium,Intermediate,3.75mm,Experiment_2
Unpolarized_A_IR,C4,1525,1775,61.0,71.0,1.1368683772161603e-16,5.531390439340393,-0.2283349784231987,Day_1,Medium,Intermediate,3.75mm,Experiment_2
Unpolarized_A_IR,C4,1550,1800,62.0,72.0,2.8421709430404013e-16,5.4198450328497865,0.1556942842863072,Day_1,Medium,Intermediate,3.75mm,Experiment_2
Unpolarized_A_IR,C4,1575,1825,63.0,73.0,0.0,5.030105108518686,0.1727248518243358,Day_1,Medium,Intermediate,3.75mm,Experiment_2
Unpolarized_A_IR,C4,1600,1850,64.0,74.0,2.842170943040401e-17,5.40165381434663,0.1750070801491279,Day_1,Medium,Intermediate,3.75mm,Experiment_2
Unpolarized_A_IR,C4,1625,1875,65.0,75.0,1.4210854715202004e-17,5.180220263051683,0.1598496516687332,Day_1,Medium,Intermediate,3.75mm,Experiment_2
Unpolarized_B_Green,C11,0,250,0.0,10.0,1.1368683772161603e-16,5.414167652756807,0.1831388194227936,Day_1,Medium,Intermediate,3.75mm,Experiment_2
Unpolarized_B_Green,C11,25,275,1.0,11.0,-1.4210854715202004e-17,5.378475734534531,0.2082323875365307,Day_1,Medium,Intermediate,3.75mm,Experiment_2
Unpolarized_B_Green,C11,50,300,2.0,12.0,4.263256414560601e-17,5.58079174629937,0.0911489076907586,Day_1,Medium,Intermediate,3.75mm,Experiment_2
Unpolarized_B_Green,C11,75,325,3.0,13.0,8.5265128291212e-17,5.367101843220619,0.1805206405227628,Day_1,Medium,Intermediate,3.75mm,Experiment_2
Unpolarized_B_Green,C11,100,350,4.0,14.0,2.842170943040401e-17,5.284710473197143,0.1836606874193218,Day_1,Medium,Intermediate,3.75mm,Experiment_2
Unpolarized_B_Green,C11,125,375,5.0,15.0,2.842170943040401e-17,5.170519119131589,0.2510016815295631,Day_1,Medium,Intermediate,3.75mm,Experiment_2
Unpolarized_B_Green,C11,150,400,6.0,16.0,3.410605131648481e-16,5.357197417496343,-0.1660776920307255,Day_1,Medium,Intermediate,3.75mm,Experiment_2
Unpolarized_B_Green,C11,175,425,7.0,17.0,2.842170943040401e-17,4.596816552106887,0.0942609278024975,Day_1,Medium,Intermediate,3.75mm,Experiment_2
Unpolarized_B_Green,C11,200,450,8.0,18.0,7.105427357601002e-18,5.042482841366593,0.2161480146333397,Day_1,Medium,Intermediate,3.75mm,Experiment_2
Unpolarized_B_Green,C11,225,475,9.0,19.0,-2.842170943040401e-17,4.948424115590487,0.2197705966682278,Day_1,Medium,Intermediate,3.75mm,Experiment_2
Unpolarized_B_Green,C11,250,500,10.0,20.0,5.684341886080802e-17,4.850453167382436,0.1920626115358114,Day_1,Medium,Intermediate,3.75mm,Experiment_2
Unpolarized_B_Green,C11,275,525,11.0,21.0,-2.62900812231237e-16,5.152905631231864,0.077877061968581,Day_1,Medium,Intermediate,3.75mm,Experiment_2
Unpolarized_B_Green,C11,300,550,12.0,22.0,-1.1368683772161603e-16,4.871369589908187,0.0459711552335046,Day_1,Medium,Intermediate,3.75mm,Experiment_2
Unpolarized_B_Green,C11,325,575,13.0,23.0,-4.973799150320702e-17,4.745668330126575,0.1162574253784644,Day_1,Medium,Intermediate,3.75mm,Experiment_2
Unpolarized_B_Green,C11,350,600,14.0,24.0,2.842170943040401e-17,5.28967329448456,0.1067267477146361,Day_1,Medium,Intermediate,3.75mm,Experiment_2
Unpolarized_B_Green,C11,375,625,15.0,25.0,5.684341886080802e-17,5.356957970748376,0.1158344006110675,Day_1,Medium,Intermediate,3.75mm,Experiment_2
Unpolarized_B_Green,C11,400,650,16.0,26.0,0.0,5.949508648928967,0.05189744817348,Day_1,Medium,Intermediate,3.75mm,Experiment_2
Unpolarized_B_Green,C11,425,675,17.0,27.0,1.4210854715202004e-16,5.8754520880828025,-0.2260863006166583,Day_1,Medium,Intermediate,3.75mm,Experiment_2
Unpolarized_B_Green,C11,450,700,18.0,28.0,4.263256414560601e-17,6.098084357699547,-0.0521010358337011,Day_1,Medium,Intermediate,3.75mm,Experiment_2
Unpolarized_B_Green,C11,475,725,19.0,29.0,-7.105427357601002e-17,6.246929311418769,-0.1163494658432912,Day_1,Medium,Intermediate,3.75mm,Experiment_2
Unpolarized_B_Green,C11,500,750,20.0,30.0,-5.684341886080802e-17,6.220644115783997,-0.166476069706201,Day_1,Medium,Intermediate,3.75mm,Experiment_2
Unpolarized_B_Green,C11,525,775,21.0,31.0,0.0,6.126818108087841,-0.062360733012859,Day_1,Medium,Intermediate,3.75mm,Experiment_2
Unpolarized_B_Green,C11,550,800,22.0,32.0,-5.684341886080802e-17,5.86563887070629,-0.0488925738050785,Day_1,Medium,Intermediate,3.75mm,Experiment_2
Unpolarized_B_Green,C11,575,825,23.0,33.0,4.973799150320702e-17,5.812341230411919,-0.2192625386381644,Day_1,Medium,Intermediate,3.75mm,Experiment_2
Unpolarized_B_Green,C11,600,850,24.0,34.0,-4.263256414560601e-17,5.825352974193123,0.1900979281248393,Day_1,Medium,Intermediate,3.75mm,Experiment_2
Unpolarized_B_Green,C11,625,875,25.0,35.0,1.70530256582424e-16,6.6124615174075645,0.1722852643490211,Day_1,Medium,Intermediate,3.75mm,Experiment_2
Unpolarized_B_Green,C11,650,900,26.0,36.0,1.1368683772161603e-16,6.257765919817517,-0.1840652694610618,Day_1,Medium,Intermediate,3.75mm,Experiment_2
Unpolarized_B_Green,C11,675,925,27.0,37.0,-1.1368683772161603e-16,7.225274129665741,0.2721366345730771,Day_1,Medium,Intermediate,3.75mm,Experiment_2
Unpolarized_B_Green,C11,700,950,28.0,38.0,5.684341886080802e-17,7.345666008835757,0.2234712532171336,Day_1,Medium,Intermediate,3.75mm,Experiment_2
Unpolarized_B_Green,C11,725,975,29.0,39.0,-4.263256414560601e-17,7.372116555196005,0.0937280240606806,Day_1,Medium,Intermediate,3.75mm,Experiment_2
Unpolarized_B_Green,C11,750,1000,30.0,40.0,1.70530256582424e-16,7.559122889541193,0.0884357886332642,Day_1,Medium,Intermediate,3.75mm,Experiment_2
Unpolarized_B_Green,C11,775,1025,31.0,41.0,-2.842170943040401e-17,8.499155159255375,0.2850287325349155,Day_1,Medium,Intermediate,3.75mm,Experiment_2
Unpolarized_B_Green,C11,800,1050,32.0,42.0,-1.4210854715202004e-17,8.0155213457928,0.2399864451466716,Day_1,Medium,Intermediate,3.75mm,Experiment_2
Unpolarized_B_Green,C11,825,1075,33.0,43.0,-1.4210854715202004e-17,7.5205270691439265,0.1482904974151499,Day_1,Medium,Intermediate,3.75mm,Experiment_2
Unpolarized_B_Green,C11,850,1100,34.0,44.0,6.927791673660977e-17,7.802370787216473,0.0045424982611649,Day_1,Medium,Intermediate,3.75mm,Experiment_2
Unpolarized_B_Green,C11,875,1125,35.0,45.0,2.842170943040401e-17,7.136672471230405,0.2449266302220626,Day_1,Medium,Intermediate,3.75mm,Experiment_2
Unpolarized_B_Green,C11,900,1150,36.0,46.0,1.1368683772161603e-16,5.786344660340966,-0.1927789857868889,Day_1,Medium,Intermediate,3.75mm,Experiment_2
Unpolarized_B_Green,C11,925,1175,37.0,47.0,-4.618527782440651e-17,5.851495175064113,-0.2601324240962113,Day_1,Medium,Intermediate,3.75mm,Experiment_2
Unpolarized_B_Green,C11,950,1200,38.0,48.0,3.410605131648481e-16,5.519446358841602,-0.0309650239855986,Day_1,Medium,Intermediate,3.75mm,Experiment_2
Unpolarized_B_Green,C11,975,1225,39.0,49.0,5.684341886080802e-17,5.898870180154994,-0.2926946038216256,Day_1,Medium,Intermediate,3.75mm,Experiment_2
Unpolarized_B_Green,C11,1000,1250,40.0,50.0,-1.9895196601282808e-16,6.937415356117823,-0.4091240355316712,Day_1,Medium,Intermediate,3.75mm,Experiment_2
Unpolarized_B_Green,C11,1025,1275,41.0,51.0,1.1368683772161603e-16,6.506952137059062,-0.2205400574049001,Day_1,Medium,Intermediate,3.75mm,Experiment_2
Unpolarized_B_Green,C11,1050,1300,42.0,52.0,2.131628207280301e-17,6.45649941732647,-0.3165415613656355,Day_1,Medium,Intermediate,3.75mm,Experiment_2
Unpolarized_B_Green,C11,1075,1325,43.0,53.0,8.5265128291212e-17,6.437849140905943,-0.3096920395945709,Day_1,Medium,Intermediate,3.75mm,Experiment_2
Unpolarized_B_Green,C11,1100,1350,44.0,54.0,0.0,5.968157420565439,-0.3046141442737863,Day_1,Medium,Intermediate,3.75mm,Experiment_2
Unpolarized_B_Green,C11,1125,1375,45.0,55.0,1.2079226507921704e-16,6.106608730177374,-0.1127966208229867,Day_1,Medium,Intermediate,3.75mm,Experiment_2
Unpolarized_B_Green,C11,1150,1400,46.0,56.0,-2.131628207280301e-17,5.681737905289249,-0.1777213098698594,Day_1,Medium,Intermediate,3.75mm,Experiment_2
Unpolarized_B_Green,C11,1175,1425,47.0,57.0,-2.842170943040401e-17,5.964817751946589,-0.1943466061657529,Day_1,Medium,Intermediate,3.75mm,Experiment_2
Unpolarized_B_Green,C11,1200,1450,48.0,58.0,-1.5631940186722203e-16,5.523666951207364,0.0209023141631597,Day_1,Medium,Intermediate,3.75mm,Experiment_2
Unpolarized_B_Green,C11,1225,1475,49.0,59.0,7.105427357601002e-17,5.365249873335597,-0.0778955786013268,Day_1,Medium,Intermediate,3.75mm,Experiment_2
Unpolarized_B_Green,C11,1250,1500,50.0,60.0,-5.684341886080802e-17,4.479934153097527,0.678690085620692,Day_1,Medium,Intermediate,3.75mm,Experiment_2
Unpolarized_B_Green,C11,1275,1525,51.0,61.0,-1.1723955140041654e-16,4.897718710081211,-0.5790945815783672,Day_1,Medium,Intermediate,3.75mm,Experiment_2
Unpolarized_B_Green,C11,1300,1550,52.0,62.0,8.5265128291212e-17,4.033319614174702,-0.2585097320990603,Day_1,Medium,Intermediate,3.75mm,Experiment_2
Unpolarized_B_Green,C11,1325,1575,53.0,63.0,-1.4210854715202004e-16,4.632228634976015,-0.277618270442161,Day_1,Medium,Intermediate,3.75mm,Experiment_2
Unpolarized_B_Green,C11,1350,1600,54.0,64.0,-1.5987211554602254e-16,5.133703995427609,-0.2459867617787103,Day_1,Medium,Intermediate,3.75mm,Experiment_2
Unpolarized_B_Green,C11,1375,1625,55.0,65.0,1.1368683772161603e-16,4.9678985511182185,-0.1034758440182157,Day_1,Medium,Intermediate,3.75mm,Experiment_2
Unpolarized_B_Green,C11,1400,1650,56.0,66.0,0.0,4.711844411274689,-0.164945066445117,Day_1,Medium,Intermediate,3.75mm,Experiment_2
Unpolarized_B_Green,C11,1425,1675,57.0,67.0,8.5265128291212e-17,5.345496285469922,0.0497118862982818,Day_1,Medium,Intermediate,3.75mm,Experiment_2
Unpolarized_B_Green,C11,1450,1700,58.0,68.0,-4.263256414560601e-17,4.698079187455441,-0.0567830491953177,Day_1,Medium,Intermediate,3.75mm,Experiment_2
Unpolarized_B_Green,C11,1475,1725,59.0,69.0,-1.5631940186722203e-16,5.219933062017626,-0.2155149135522291,Day_1,Medium,Intermediate,3.75mm,Experiment_2
Unpolarized_B_Green,C11,1500,1750,60.0,70.0,-1.403321903126198e-16,5.205447599288821,0.0554360873254674,Day_1,Medium,Intermediate,3.75mm,Experiment_2
Unpolarized_B_Green,C11,1525,1775,61.0,71.0,0.0,5.3024428976689055,-0.1005485808817005,Day_1,Medium,Intermediate,3.75mm,Experiment_2
Unpolarized_B_Green,C11,1550,1800,62.0,72.0,1.4210854715202004e-17,5.1691581345546025,-0.1065042003933848,Day_1,Medium,Intermediate,3.75mm,Experiment_2
Unpolarized_B_Green,C11,1575,1825,63.0,73.0,-4.263256414560601e-17,5.582611835280462,0.06132999476324,Day_1,Medium,Intermediate,3.75mm,Experiment_2
Unpolarized_B_Green,C11,1600,1850,64.0,74.0,-5.684341886080802e-17,5.048198586066166,-0.2491993279265353,Day_1,Medium,Intermediate,3.75mm,Experiment_2
Unpolarized_B_Green,C11,1625,1875,65.0,75.0,2.842170943040401e-17,5.457508636838993,-0.1442320959035315,Day_1,Medium,Intermediate,3.75mm,Experiment_2
Unpolarized_B_Red,C8,0,250,0.0,10.0,1.2434497875801757e-17,4.876237869369353,0.1430003254387244,Day_1,Medium,Intermediate,3.75mm,Experiment_2
Unpolarized_B_Red,C8,25,275,1.0,11.0,1.4210854715202004e-17,5.979245636587048,-0.2966462498191657,Day_1,Medium,Intermediate,3.75mm,Experiment_2
Unpolarized_B_Red,C8,50,300,2.0,12.0,8.5265128291212e-17,5.936215907775827,0.0279688711625828,Day_1,Medium,Intermediate,3.75mm,Experiment_2
Unpolarized_B_Red,C8,75,325,3.0,13.0,-7.105427357601002e-17,6.017753412010192,0.3093688684608465,Day_1,Medium,Intermediate,3.75mm,Experiment_2
Unpolarized_B_Red,C8,100,350,4.0,14.0,5.684341886080802e-17,6.48716840689201,0.2040211929569166,Day_1,Medium,Intermediate,3.75mm,Experiment_2
Unpolarized_B_Red,C8,125,375,5.0,15.0,-1.1368683772161603e-16,6.180529826637838,0.2444904998929127,Day_1,Medium,Intermediate,3.75mm,Experiment_2
Unpolarized_B_Red,C8,150,400,6.0,16.0,0.0,6.57315924176015,0.0227139411991598,Day_1,Medium,Intermediate,3.75mm,Experiment_2
Unpolarized_B_Red,C8,175,425,7.0,17.0,-8.5265128291212e-17,7.134937899562957,0.1513307878405377,Day_1,Medium,Intermediate,3.75mm,Experiment_2
Unpolarized_B_Red,C8,200,450,8.0,18.0,-5.684341886080802e-17,7.361382752158871,-0.1315068492748545,Day_1,Medium,Intermediate,3.75mm,Experiment_2
Unpolarized_B_Red,C8,225,475,9.0,19.0,-1.9895196601282808e-16,7.253344555020279,0.0774660915336961,Day_1,Medium,Intermediate,3.75mm,Experiment_2
Unpolarized_B_Red,C8,250,500,10.0,20.0,1.0658141036401505e-17,6.757011927202472,0.0791156988161716,Day_1,Medium,Intermediate,3.75mm,Experiment_2
Unpolarized_B_Red,C8,275,525,11.0,21.0,3.552713678800501e-17,6.138582130921201,-0.0998625304936279,Day_1,Medium,Intermediate,3.75mm,Experiment_2
Unpolarized_B_Red,C8,300,550,12.0,22.0,3.1263880373444406e-16,6.5187637220534365,-0.0946142112348546,Day_1,Medium,Intermediate,3.75mm,Experiment_2
Unpolarized_B_Red,C8,325,575,13.0,23.0,7.283063041541027e-17,5.849454085511396,-0.1689311647704087,Day_1,Medium,Intermediate,3.75mm,Experiment_2
Unpolarized_B_Red,C8,350,600,14.0,24.0,0.0,5.761736172964853,-0.0547849811844856,Day_1,Medium,Intermediate,3.75mm,Experiment_2
Unpolarized_B_Red,C8,375,625,15.0,25.0,-2.1316282072803002e-16,6.128011110258449,-0.2193657736830246,Day_1,Medium,Intermediate,3.75mm,Experiment_2
Unpolarized_B_Red,C8,400,650,16.0,26.0,-8.5265128291212e-17,6.097411718130911,-0.2713292215693795,Day_1,Medium,Intermediate,3.75mm,Experiment_2
Unpolarized_B_Red,C8,425,675,17.0,27.0,1.2079226507921704e-16,6.043281859217506,-0.6233823936244797,Day_1,Medium,Intermediate,3.75mm,Experiment_2
Unpolarized_B_Red,C8,450,700,18.0,28.0,1.1368683772161603e-16,5.603346698376579,-0.4480000540904257,Day_1,Medium,Intermediate,3.75mm,Experiment_2
Unpolarized_B_Red,C8,475,725,19.0,29.0,8.5265128291212e-17,5.584005634037513,-0.198969530143345,Day_1,Medium,Intermediate,3.75mm,Experiment_2
Unpolarized_B_Red,C8,500,750,20.0,30.0,8.5265128291212e-17,5.711478112478503,-0.1005465474314077,Day_1,Medium,Intermediate,3.75mm,Experiment_2
Unpolarized_B_Red,C8,525,775,21.0,31.0,-1.0125233984581428e-16,5.850957581058611,-0.2626776767468433,Day_1,Medium,Intermediate,3.75mm,Experiment_2
Unpolarized_B_Red,C8,550,800,22.0,32.0,0.0,5.688607049895495,-0.217786579263896,Day_1,Medium,Intermediate,3.75mm,Experiment_2
Unpolarized_B_Red,C8,575,825,23.0,33.0,-1.70530256582424e-16,6.018981778681805,-0.2810671320963987,Day_1,Medium,Intermediate,3.75mm,Experiment_2
Unpolarized_B_Red,C8,600,850,24.0,34.0,-2.842170943040401e-17,6.4709582186757135,-0.5482325553617291,Day_1,Medium,Intermediate,3.75mm,Experiment_2
Unpolarized_B_Red,C8,625,875,25.0,35.0,1.4210854715202004e-16,5.802293236548433,-0.1509731836340453,Day_1,Medium,Intermediate,3.75mm,Experiment_2
Unpolarized_B_Red,C8,650,900,26.0,36.0,1.2079226507921704e-16,5.0922757794814695,0.3401886777320599,Day_1,Medium,Intermediate,3.75mm,Experiment_2
Unpolarized_B_Red,C8,675,925,27.0,37.0,-1.2789769243681802e-16,5.029521712501743,0.0034257182327732,Day_1,Medium,Intermediate,3.75mm,Experiment_2
Unpolarized_B_Red,C8,700,950,28.0,38.0,-2.842170943040401e-17,5.322724295651668,-0.0295168917548515,Day_1,Medium,Intermediate,3.75mm,Experiment_2
Unpolarized_B_Red,C8,725,975,29.0,39.0,2.842170943040401e-17,4.9736539185411495,0.1652093661847214,Day_1,Medium,Intermediate,3.75mm,Experiment_2
Unpolarized_B_Red,C8,750,1000,30.0,40.0,-1.2079226507921704e-16,5.003850629374812,0.2601348342553656,Day_1,Medium,Intermediate,3.75mm,Experiment_2
Unpolarized_B_Red,C8,775,1025,31.0,41.0,7.105427357601002e-17,4.866143064383066,0.4652693614819905,Day_1,Medium,Intermediate,3.75mm,Experiment_2
Unpolarized_B_Red,C8,800,1050,32.0,42.0,-8.5265128291212e-17,4.894661922271098,0.2545744452605335,Day_1,Medium,Intermediate,3.75mm,Experiment_2
Unpolarized_B_Red,C8,825,1075,33.0,43.0,8.5265128291212e-17,5.0144437963292745,0.2188271821509977,Day_1,Medium,Intermediate,3.75mm,Experiment_2
Unpolarized_B_Red,C8,850,1100,34.0,44.0,2.3092638912203257e-16,4.876526366407651,0.2260272276937185,Day_1,Medium,Intermediate,3.75mm,Experiment_2
Unpolarized_B_Red,C8,875,1125,35.0,45.0,0.0,4.717910730318696,0.3073863618631797,Day_1,Medium,Intermediate,3.75mm,Experiment_2
Unpolarized_B_Red,C8,900,1150,36.0,46.0,-1.1368683772161603e-16,4.86777012737235,0.5537288372763097,Day_1,Medium,Intermediate,3.75mm,Experiment_2
Unpolarized_B_Red,C8,925,1175,37.0,47.0,8.881784197001253e-17,4.251367375163363,-0.1263184260292735,Day_1,Medium,Intermediate,3.75mm,Experiment_2
Unpolarized_B_Red,C8,950,1200,38.0,48.0,-3.943512183468556e-16,4.1291828675622915,0.2136103969105941,Day_1,Medium,Intermediate,3.75mm,Experiment_2
Unpolarized_B_Red,C8,975,1225,39.0,49.0,-7.105427357601002e-17,4.482763754760639,0.044726710284036,Day_1,Medium,Intermediate,3.75mm,Experiment_2
Unpolarized_B_Red,C8,1000,1250,40.0,50.0,0.0,4.739470244379345,0.2177472015324435,Day_1,Medium,Intermediate,3.75mm,Experiment_2
Unpolarized_B_Red,C8,1025,1275,41.0,51.0,9.237055564881302e-17,4.6492248866487325,0.0389303712107284,Day_1,Medium,Intermediate,3.75mm,Experiment_2
Unpolarized_B_Red,C8,1050,1300,42.0,52.0,-2.2737367544323206e-16,4.9993341358897645,0.5389532342049227,Day_1,Medium,Intermediate,3.75mm,Experiment_2
Unpolarized_B_Red,C8,1075,1325,43.0,53.0,-7.815970093361102e-17,4.657415745282416,0.4735367030333284,Day_1,Medium,Intermediate,3.75mm,Experiment_2
Unpolarized_B_Red,C8,1100,1350,44.0,54.0,-8.5265128291212e-17,5.00075848784411,0.3375864249907692,Day_1,Medium,Intermediate,3.75mm,Experiment_2
Unpolarized_B_Red,C8,1125,1375,45.0,55.0,-1.1368683772161603e-16,4.811279031269085,0.2947389145529214,Day_1,Medium,Intermediate,3.75mm,Experiment_2
Unpolarized_B_Red,C8,1150,1400,46.0,56.0,-2.842170943040401e-17,4.899408007524279,0.316238650120495,Day_1,Medium,Intermediate,3.75mm,Experiment_2
Unpolarized_B_Red,C8,1175,1425,47.0,57.0,1.4210854715202004e-17,5.269318722747293,0.0768719528843531,Day_1,Medium,Intermediate,3.75mm,Experiment_2
Unpolarized_B_Red,C8,1200,1450,48.0,58.0,-8.5265128291212e-17,5.51506445272854,0.0766404964698592,Day_1,Medium,Intermediate,3.75mm,Experiment_2
Unpolarized_B_Red,C8,1225,1475,49.0,59.0,1.0302869668521452e-16,4.833116959625816,0.1102395466126814,Day_1,Medium,Intermediate,3.75mm,Experiment_2
Unpolarized_B_Red,C8,1250,1500,50.0,60.0,-9.947598300641404e-17,4.987196238765339,0.1758955649477871,Day_1,Medium,Intermediate,3.75mm,Experiment_2
Unpolarized_B_Red,C8,1275,1525,51.0,61.0,-5.684341886080802e-17,5.309870158359855,-0.0069602791181305,Day_1,Medium,Intermediate,3.75mm,Experiment_2
Unpolarized_B_Red,C8,1300,1550,52.0,62.0,-4.831690603168689e-16,6.435503343345783,-0.2517896197924704,Day_1,Medium,Intermediate,3.75mm,Experiment_2
Unpolarized_B_Red,C8,1325,1575,53.0,63.0,-2.842170943040401e-17,5.439279746235311,0.08168374485661,Day_1,Medium,Intermediate,3.75mm,Experiment_2
Unpolarized_B_Red,C8,1350,1600,54.0,64.0,-2.842170943040401e-17,5.894059866871004,-0.1062299070767748,Day_1,Medium,Intermediate,3.75mm,Experiment_2
Unpolarized_B_Red,C8,1375,1625,55.0,65.0,-1.06581410364015e-16,6.312557878986582,-0.036140142297753,Day_1,Medium,Intermediate,3.75mm,Experiment_2
Unpolarized_B_Red,C8,1400,1650,56.0,66.0,-2.4158453015843413e-16,6.330151316175366,-0.0933153325243533,Day_1,Medium,Intermediate,3.75mm,Experiment_2
Unpolarized_B_Red,C8,1425,1675,57.0,67.0,2.842170943040401e-17,6.077234920172406,-0.0624273780325797,Day_1,Medium,Intermediate,3.75mm,Experiment_2
Unpolarized_B_Red,C8,1450,1700,58.0,68.0,1.4210854715202004e-17,6.247368135544333,0.007439644506945,Day_1,Medium,Intermediate,3.75mm,Experiment_2
Unpolarized_B_Red,C8,1475,1725,59.0,69.0,9.237055564881302e-17,6.225151442731435,-0.0622693973005091,Day_1,Medium,Intermediate,3.75mm,Experiment_2
Unpolarized_B_Red,C8,1500,1750,60.0,70.0,-2.1316282072803002e-16,6.184531787327204,0.1569830568790321,Day_1,Medium,Intermediate,3.75mm,Experiment_2
Unpolarized_B_Red,C8,1525,1775,61.0,71.0,-2.433608869978343e-16,6.198368922763569,0.0505514552025829,Day_1,Medium,Intermediate,3.75mm,Experiment_2
Unpolarized_B_Red,C8,1550,1800,62.0,72.0,0.0,5.119291136502716,0.0353304120952426,Day_1,Medium,Intermediate,3.75mm,Experiment_2
Unpolarized_B_Red,C8,1575,1825,63.0,73.0,9.947598300641404e-17,5.762990543837385,-0.2963378069334941,Day_1,Medium,Intermediate,3.75mm,Experiment_2
Unpolarized_B_Red,C8,1600,1850,64.0,74.0,-2.131628207280301e-17,5.099326366487701,0.1576667465589189,Day_1,Medium,Intermediate,3.75mm,Experiment_2
Unpolarized_B_Red,C8,1625,1875,65.0,75.0,1.70530256582424e-16,4.784424621974769,-0.2512137979361814,Day_1,Medium,Intermediate,3.75mm,Experiment_2
Unpolarized_B_IR,C10,0,250,0.0,10.0,-9.947598300641404e-17,4.740982184470788,-0.1061221755974762,Day_1,Medium,Intermediate,3.75mm,Experiment_2
Unpolarized_B_IR,C10,25,275,1.0,11.0,-1.4210854715202004e-17,4.887923004306034,-0.0707110052625608,Day_1,Medium,Intermediate,3.75mm,Experiment_2
Unpolarized_B_IR,C10,50,300,2.0,12.0,2.842170943040401e-17,4.937626578529278,-0.1009284016946784,Day_1,Medium,Intermediate,3.75mm,Experiment_2
Unpolarized_B_IR,C10,75,325,3.0,13.0,1.2079226507921704e-16,4.82070343405033,0.0738098451710973,Day_1,Medium,Intermediate,3.75mm,Experiment_2
Unpolarized_B_IR,C10,100,350,4.0,14.0,-5.684341886080802e-17,5.074587557460205,-0.0237812093773678,Day_1,Medium,Intermediate,3.75mm,Experiment_2
Unpolarized_B_IR,C10,125,375,5.0,15.0,2.842170943040401e-17,6.163548404224802,0.2449398767857783,Day_1,Medium,Intermediate,3.75mm,Experiment_2
Unpolarized_B_IR,C10,150,400,6.0,16.0,-1.2434497875801754e-16,5.7320354119040955,-0.1692634179008336,Day_1,Medium,Intermediate,3.75mm,Experiment_2
Unpolarized_B_IR,C10,175,425,7.0,17.0,-7.105427357601002e-17,5.400652763468156,0.119766586571754,Day_1,Medium,Intermediate,3.75mm,Experiment_2
Unpolarized_B_IR,C10,200,450,8.0,18.0,2.842170943040401e-17,5.306571870489164,0.1001295838586731,Day_1,Medium,Intermediate,3.75mm,Experiment_2
Unpolarized_B_IR,C10,225,475,9.0,19.0,4.263256414560601e-17,5.0682225028384025,0.0204249663288333,Day_1,Medium,Intermediate,3.75mm,Experiment_2
Unpolarized_B_IR,C10,250,500,10.0,20.0,2.842170943040401e-17,5.865071323208419,0.3420057514612489,Day_1,Medium,Intermediate,3.75mm,Experiment_2
Unpolarized_B_IR,C10,275,525,11.0,21.0,9.237055564881302e-17,5.9493649145661225,-0.1890493478253054,Day_1,Medium,Intermediate,3.75mm,Experiment_2
Unpolarized_B_IR,C10,300,550,12.0,22.0,-1.6342482922482304e-16,6.693016280743242,-0.2427357325566954,Day_1,Medium,Intermediate,3.75mm,Experiment_2
Unpolarized_B_IR,C10,325,575,13.0,23.0,-4.263256414560601e-17,6.568738015796998,-0.0149640216998928,Day_1,Medium,Intermediate,3.75mm,Experiment_2
Unpolarized_B_IR,C10,350,600,14.0,24.0,-2.842170943040401e-17,6.555993480280369,0.0049682311499962,Day_1,Medium,Intermediate,3.75mm,Experiment_2
Unpolarized_B_IR,C10,375,625,15.0,25.0,0.0,6.382563700829249,-0.1655709900993517,Day_1,Medium,Intermediate,3.75mm,Experiment_2
Unpolarized_B_IR,C10,400,650,16.0,26.0,0.0,6.0062306511740395,0.0434240150378519,Day_1,Medium,Intermediate,3.75mm,Experiment_2
Unpolarized_B_IR,C10,425,675,17.0,27.0,1.1368683772161603e-16,6.150392524905959,0.10391323968261,Day_1,Medium,Intermediate,3.75mm,Experiment_2
Unpolarized_B_IR,C10,450,700,18.0,28.0,4.085620730620576e-17,6.087620253241482,0.0258471749853731,Day_1,Medium,Intermediate,3.75mm,Experiment_2
Unpolarized_B_IR,C10,475,725,19.0,29.0,-2.131628207280301e-17,6.181864738753556,0.0431477767550636,Day_1,Medium,Intermediate,3.75mm,Experiment_2
Unpolarized_B_IR,C10,500,750,20.0,30.0,1.4210854715202004e-17,5.9157390460580705,0.3372695736443828,Day_1,Medium,Intermediate,3.75mm,Experiment_2
Unpolarized_B_IR,C10,525,775,21.0,31.0,-7.105427357601002e-18,5.0130615020371465,0.2150650401329137,Day_1,Medium,Intermediate,3.75mm,Experiment_2
Unpolarized_B_IR,C10,550,800,22.0,32.0,2.131628207280301e-17,4.206014732493202,0.1395648589080909,Day_1,Medium,Intermediate,3.75mm,Experiment_2
Unpolarized_B_IR,C10,575,825,23.0,33.0,2.842170943040401e-17,4.4880051748783405,0.1397989541505219,Day_1,Medium,Intermediate,3.75mm,Experiment_2
Unpolarized_B_IR,C10,600,850,24.0,34.0,-8.5265128291212e-17,4.298126048093595,0.1332011380219343,Day_1,Medium,Intermediate,3.75mm,Experiment_2
Unpolarized_B_IR,C10,625,875,25.0,35.0,1.1368683772161603e-16,4.655995055362705,0.2312473889983637,Day_1,Medium,Intermediate,3.75mm,Experiment_2
Unpolarized_B_IR,C10,650,900,26.0,36.0,-5.684341886080802e-17,4.7467999189320516,0.4562203163842855,Day_1,Medium,Intermediate,3.75mm,Experiment_2
Unpolarized_B_IR,C10,675,925,27.0,37.0,2.842170943040401e-17,7.244375885633962,-0.7873357471159651,Day_1,Medium,Intermediate,3.75mm,Experiment_2
Unpolarized_B_IR,C10,700,950,28.0,38.0,-5.684341886080802e-17,6.51396918405083,0.325652984647491,Day_1,Medium,Intermediate,3.75mm,Experiment_2
Unpolarized_B_IR,C10,725,975,29.0,39.0,0.0,6.404655332985281,0.1538703511574467,Day_1,Medium,Intermediate,3.75mm,Experiment_2
Unpolarized_B_IR,C10,750,1000,30.0,40.0,-1.4210854715202004e-16,6.335583878481239,0.1917813746930374,Day_1,Medium,Intermediate,3.75mm,Experiment_2
Unpolarized_B_IR,C10,775,1025,31.0,41.0,-5.684341886080802e-17,6.1857619059986675,0.2990639383802151,Day_1,Medium,Intermediate,3.75mm,Experiment_2
Unpolarized_B_IR,C10,800,1050,32.0,42.0,-3.552713678800501e-17,6.3202248854543654,0.1846370788349058,Day_1,Medium,Intermediate,3.75mm,Experiment_2
Unpolarized_B_IR,C10,825,1075,33.0,43.0,-1.1368683772161603e-16,6.4313532578807155,0.201428634100925,Day_1,Medium,Intermediate,3.75mm,Experiment_2
Unpolarized_B_IR,C10,850,1100,34.0,44.0,-1.1368683772161603e-16,6.733014109977707,0.1756000462539355,Day_1,Medium,Intermediate,3.75mm,Experiment_2
Unpolarized_B_IR,C10,875,1125,35.0,45.0,2.842170943040401e-17,7.002949506571896,0.0512224366139729,Day_1,Medium,Intermediate,3.75mm,Experiment_2
Unpolarized_B_IR,C10,900,1150,36.0,46.0,-8.5265128291212e-17,7.716440700879208,0.3834316922104049,Day_1,Medium,Intermediate,3.75mm,Experiment_2
Unpolarized_B_IR,C10,925,1175,37.0,47.0,1.4210854715202004e-16,5.788985043014974,-0.3473189753776379,Day_1,Medium,Intermediate,3.75mm,Experiment_2
Unpolarized_B_IR,C10,950,1200,38.0,48.0,-1.4566126083082054e-16,5.389135606243826,0.0627270019385036,Day_1,Medium,Intermediate,3.75mm,Experiment_2
Unpolarized_B_IR,C10,975,1225,39.0,49.0,1.4210854715202004e-17,5.114125608400458,0.0877041086479914,Day_1,Medium,Intermediate,3.75mm,Experiment_2
Unpolarized_B_IR,C10,1000,1250,40.0,50.0,2.842170943040401e-17,5.099437484761942,-0.0273472555121058,Day_1,Medium,Intermediate,3.75mm,Experiment_2
Unpolarized_B_IR,C10,1025,1275,41.0,51.0,-1.4210854715202004e-17,5.195140588834975,-0.0535663465822114,Day_1,Medium,Intermediate,3.75mm,Experiment_2
Unpolarized_B_IR,C10,1050,1300,42.0,52.0,-5.684341886080802e-17,5.003844588543686,-0.049949427941964,Day_1,Medium,Intermediate,3.75mm,Experiment_2
Unpolarized_B_IR,C10,1075,1325,43.0,53.0,-3.552713678800501e-17,4.931734450898606,-0.0028803664231541,Day_1,Medium,Intermediate,3.75mm,Experiment_2
Unpolarized_B_IR,C10,1100,1350,44.0,54.0,4.973799150320702e-17,5.0101898754619265,-0.0790391445766919,Day_1,Medium,Intermediate,3.75mm,Experiment_2
Unpolarized_B_IR,C10,1125,1375,45.0,55.0,2.0605739337042904e-16,4.2124254746606455,-0.6232069657102747,Day_1,Medium,Intermediate,3.75mm,Experiment_2
Unpolarized_B_IR,C10,1150,1400,46.0,56.0,-1.2789769243681802e-16,4.158248383049675,-0.1572881723443804,Day_1,Medium,Intermediate,3.75mm,Experiment_2
Unpolarized_B_IR,C10,1175,1425,47.0,57.0,-8.5265128291212e-17,4.578409059817772,-0.0761962297799338,Day_1,Medium,Intermediate,3.75mm,Experiment_2
Unpolarized_B_IR,C10,1200,1450,48.0,58.0,-5.684341886080802e-17,5.464792094858303,0.1127792505640627,Day_1,Medium,Intermediate,3.75mm,Experiment_2
Unpolarized_B_IR,C10,1225,1475,49.0,59.0,8.5265128291212e-17,4.889141159437038,0.0970483653518403,Day_1,Medium,Intermediate,3.75mm,Experiment_2
Unpolarized_B_IR,C10,1250,1500,50.0,60.0,-5.684341886080802e-17,5.043690535502829,0.1208009883621468,Day_1,Medium,Intermediate,3.75mm,Experiment_2
Unpolarized_B_IR,C10,1275,1525,51.0,61.0,-1.4210854715202004e-17,4.9323116707611,0.2059064530005036,Day_1,Medium,Intermediate,3.75mm,Experiment_2
Unpolarized_B_IR,C10,1300,1550,52.0,62.0,-1.5631940186722203e-16,5.072019577757454,0.1661982513474313,Day_1,Medium,Intermediate,3.75mm,Experiment_2
Unpolarized_B_IR,C10,1325,1575,53.0,63.0,3.907985046680551e-17,4.9951204493519965,0.230498365263252,Day_1,Medium,Intermediate,3.75mm,Experiment_2
Unpolarized_B_IR,C10,1350,1600,54.0,64.0,4.4408920985006264e-17,4.853469951419953,0.2614500050385355,Day_1,Medium,Intermediate,3.75mm,Experiment_2
Unpolarized_B_IR,C10,1375,1625,55.0,65.0,5.684341886080802e-17,4.7277525258827025,0.1896144831243266,Day_1,Medium,Intermediate,3.75mm,Experiment_2
Unpolarized_B_IR,C10,1400,1650,56.0,66.0,2.1671553440683055e-16,4.668671667253828,0.0542757974377601,Day_1,Medium,Intermediate,3.75mm,Experiment_2
Unpolarized_B_IR,C10,1425,1675,57.0,67.0,-1.6697754290362352e-16,3.931406751278874,-0.0570349126720051,Day_1,Medium,Intermediate,3.75mm,Experiment_2
Unpolarized_B_IR,C10,1450,1700,58.0,68.0,4.263256414560601e-17,4.030601173691439,0.2428396174708013,Day_1,Medium,Intermediate,3.75mm,Experiment_2
Unpolarized_B_IR,C10,1475,1725,59.0,69.0,9.947598300641404e-17,4.054017951527239,-0.3800789065306106,Day_1,Medium,Intermediate,3.75mm,Experiment_2
Unpolarized_B_IR,C10,1500,1750,60.0,70.0,-2.131628207280301e-17,3.3082907132627963,-0.4440051109820321,Day_1,Medium,Intermediate,3.75mm,Experiment_2
Unpolarized_B_IR,C10,1525,1775,61.0,71.0,-7.105427357601002e-17,4.663788605347728,-0.2501376447605071,Day_1,Medium,Intermediate,3.75mm,Experiment_2
Unpolarized_B_IR,C10,1550,1800,62.0,72.0,0.0,5.03728103053185,0.0258649565868416,Day_1,Medium,Intermediate,3.75mm,Experiment_2
Unpolarized_B_IR,C10,1575,1825,63.0,73.0,-1.0835776720341528e-16,5.006105648694129,0.251399967173231,Day_1,Medium,Intermediate,3.75mm,Experiment_2
Unpolarized_B_IR,C10,1600,1850,64.0,74.0,7.815970093361102e-17,5.1809068422072,0.2370219255158511,Day_1,Medium,Intermediate,3.75mm,Experiment_2
Unpolarized_B_IR,C10,1625,1875,65.0,75.0,7.194245199571015e-17,5.427864777557203,0.2241330022381294,Day_1,Medium,Intermediate,3.75mm,Experiment_2
Co-Polarized_Green,C13,0,250,0.0,10.0,-3.410605131648481e-16,15.43473332139749,0.1462398322083948,Day_1,Medium,Intermediate,3.75mm,Experiment_2
Co-Polarized_Green,C13,25,275,1.0,11.0,-8.5265128291212e-17,16.28599733772818,0.0806482827026789,Day_1,Medium,Intermediate,3.75mm,Experiment_2
Co-Polarized_Green,C13,50,300,2.0,12.0,9.947598300641404e-17,14.782724700933844,0.1859335891656002,Day_1,Medium,Intermediate,3.75mm,Experiment_2
Co-Polarized_Green,C13,75,325,3.0,13.0,1.1368683772161603e-16,15.06127919568904,0.1372276175020934,Day_1,Medium,Intermediate,3.75mm,Experiment_2
Co-Polarized_Green,C13,100,350,4.0,14.0,1.4210854715202004e-16,16.507361756834392,0.132862271908582,Day_1,Medium,Intermediate,3.75mm,Experiment_2
Co-Polarized_Green,C13,125,375,5.0,15.0,1.4210854715202004e-16,14.743629167345649,0.2160948911644293,Day_1,Medium,Intermediate,3.75mm,Experiment_2
Co-Polarized_Green,C13,150,400,6.0,16.0,9.094947017729285e-16,16.489594758459766,0.1612454809598577,Day_1,Medium,Intermediate,3.75mm,Experiment_2
Co-Polarized_Green,C13,175,425,7.0,17.0,2.4158453015843413e-16,13.3109444909836,0.2570541560151888,Day_1,Medium,Intermediate,3.75mm,Experiment_2
Co-Polarized_Green,C13,200,450,8.0,18.0,3.410605131648481e-16,12.762214933588034,0.1847219299855214,Day_1,Medium,Intermediate,3.75mm,Experiment_2
Co-Polarized_Green,C13,225,475,9.0,19.0,-1.1368683772161603e-16,13.941905892279776,0.1306007960946814,Day_1,Medium,Intermediate,3.75mm,Experiment_2
Co-Polarized_Green,C13,250,500,10.0,20.0,1.1368683772161603e-16,12.518092316044012,-0.1148572056020955,Day_1,Medium,Intermediate,3.75mm,Experiment_2
Co-Polarized_Green,C13,275,525,11.0,21.0,-1.1368683772161603e-16,15.01664577787868,0.0548143535005437,Day_1,Medium,Intermediate,3.75mm,Experiment_2
Co-Polarized_Green,C13,300,550,12.0,22.0,-2.842170943040401e-17,14.649773139000509,-0.039601270991916,Day_1,Medium,Intermediate,3.75mm,Experiment_2
Co-Polarized_Green,C13,325,575,13.0,23.0,-2.842170943040401e-17,14.606458187586464,-0.060307721529281,Day_1,Medium,Intermediate,3.75mm,Experiment_2
Co-Polarized_Green,C13,350,600,14.0,24.0,1.1368683772161605e-15,13.915332462713089,-0.1861018069358007,Day_1,Medium,Intermediate,3.75mm,Experiment_2
Co-Polarized_Green,C13,375,625,15.0,25.0,-2.8421709430404013e-16,14.791157924553616,-0.2235025148441819,Day_1,Medium,Intermediate,3.75mm,Experiment_2
Co-Polarized_Green,C13,400,650,16.0,26.0,0.0,14.726894645455111,-0.0664157124917289,Day_1,Medium,Intermediate,3.75mm,Experiment_2
Co-Polarized_Green,C13,425,675,17.0,27.0,0.0,13.448937220211358,-0.073168987864193,Day_1,Medium,Intermediate,3.75mm,Experiment_2
Co-Polarized_Green,C13,450,700,18.0,28.0,1.4210854715202004e-16,12.332559370838112,0.0633911808915951,Day_1,Medium,Intermediate,3.75mm,Experiment_2
Co-Polarized_Green,C13,475,725,19.0,29.0,5.684341886080807e-16,15.145290531907682,0.0807652305424208,Day_1,Medium,Intermediate,3.75mm,Experiment_2
Co-Polarized_Green,C13,500,750,20.0,30.0,-1.1368683772161603e-16,13.412885096445832,-0.1562929486431298,Day_1,Medium,Intermediate,3.75mm,Experiment_2
Co-Polarized_Green,C13,525,775,21.0,31.0,-7.105427357601002e-17,11.815758731760162,-0.0376227135950282,Day_1,Medium,Intermediate,3.75mm,Experiment_2
Co-Polarized_Green,C13,550,800,22.0,32.0,3.907985046680551e-17,12.261437797406026,-0.120720897073641,Day_1,Medium,Intermediate,3.75mm,Experiment_2
Co-Polarized_Green,C13,575,825,23.0,33.0,3.410605131648481e-16,12.532282753236853,-0.0140804501685373,Day_1,Medium,Intermediate,3.75mm,Experiment_2
Co-Polarized_Green,C13,600,850,24.0,34.0,-1.4210854715202004e-16,12.79977075145716,-0.0492587133177202,Day_1,Medium,Intermediate,3.75mm,Experiment_2
Co-Polarized_Green,C13,625,875,25.0,35.0,-8.5265128291212e-17,11.948920217491631,-0.2225002931570095,Day_1,Medium,Intermediate,3.75mm,Experiment_2
Co-Polarized_Green,C13,650,900,26.0,36.0,-8.5265128291212e-17,11.263511453683469,-0.2340673574073571,Day_1,Medium,Intermediate,3.75mm,Experiment_2
Co-Polarized_Green,C13,675,925,27.0,37.0,-9.947598300641404e-17,11.694302242962404,-0.1785632801825936,Day_1,Medium,Intermediate,3.75mm,Experiment_2
Co-Polarized_Green,C13,700,950,28.0,38.0,-1.70530256582424e-16,11.548928026174792,0.0072201280452462,Day_1,Medium,Intermediate,3.75mm,Experiment_2
Co-Polarized_Green,C13,725,975,29.0,39.0,-1.70530256582424e-16,11.680985080032888,0.2379549646286607,Day_1,Medium,Intermediate,3.75mm,Experiment_2
Co-Polarized_Green,C13,750,1000,30.0,40.0,0.0,11.02559487255941,0.082970699991246,Day_1,Medium,Intermediate,3.75mm,Experiment_2
Co-Polarized_Green,C13,775,1025,31.0,41.0,-1.1368683772161603e-16,10.315609976129323,0.0649997969146338,Day_1,Medium,Intermediate,3.75mm,Experiment_2
Co-Polarized_Green,C13,800,1050,32.0,42.0,1.8189894035458565e-15,238.75434331676897,-0.9365899312385736,Day_1,Medium,Intermediate,3.75mm,Experiment_2
Co-Polarized_Green,C13,825,1075,33.0,43.0,2.3874235921539368e-15,208.2640199663439,0.8250607772455157,Day_1,Medium,Intermediate,3.75mm,Experiment_2
Co-Polarized_Green,C13,850,1100,34.0,44.0,-2.2737367544323206e-16,209.20567014483544,0.8182877737871375,Day_1,Medium,Intermediate,3.75mm,Experiment_2
Co-Polarized_Green,C13,875,1125,35.0,45.0,0.0,209.55865477284084,0.7682966514576558,Day_1,Medium,Intermediate,3.75mm,Experiment_2
Co-Polarized_Green,C13,900,1150,36.0,46.0,2.7284841053187848e-15,209.6820727143522,0.7595617629609609,Day_1,Medium,Intermediate,3.75mm,Experiment_2
Co-Polarized_Green,C13,925,1175,37.0,47.0,-9.094947017729285e-16,209.7818498890757,0.7875310293301849,Day_1,Medium,Intermediate,3.75mm,Experiment_2
Co-Polarized_Green,C13,950,1200,38.0,48.0,-9.094947017729285e-16,209.6088845205568,0.7560775545388491,Day_1,Medium,Intermediate,3.75mm,Experiment_2
Co-Polarized_Green,C13,975,1225,39.0,49.0,-2.2737367544323206e-16,209.76973790697855,0.7926233548076193,Day_1,Medium,Intermediate,3.75mm,Experiment_2
Co-Polarized_Green,C13,1000,1250,40.0,50.0,-1.6484591469634325e-15,209.7138282816235,0.8271020085938181,Day_1,Medium,Intermediate,3.75mm,Experiment_2
Co-Polarized_Green,C13,1025,1275,41.0,51.0,-4.7748471843078735e-15,220.4167853162514,0.8006153011826153,Day_1,Medium,Intermediate,3.75mm,Experiment_2
Co-Polarized_Green,C13,1050,1300,42.0,52.0,3.9790393202565614e-15,53.67260184293169,-3.085095240317634,Day_1,Medium,Intermediate,3.75mm,Experiment_2
Co-Polarized_Green,C13,1075,1325,43.0,53.0,5.684341886080802e-17,9.391855821066462,-0.3059217759973948,Day_1,Medium,Intermediate,3.75mm,Experiment_2
Co-Polarized_Green,C13,1100,1350,44.0,54.0,-6.750155989720952e-17,9.257194095839388,-0.3219752715080353,Day_1,Medium,Intermediate,3.75mm,Experiment_2
Co-Polarized_Green,C13,1125,1375,45.0,55.0,3.6948222259525213e-16,9.271501596611472,-0.2777500588111261,Day_1,Medium,Intermediate,3.75mm,Experiment_2
Co-Polarized_Green,C13,1150,1400,46.0,56.0,-1.9895196601282808e-16,8.616180746858095,0.3292328074949908,Day_1,Medium,Intermediate,3.75mm,Experiment_2
Co-Polarized_Green,C13,1175,1425,47.0,57.0,7.105427357601002e-17,9.524533096289948,-0.1559433345151299,Day_1,Medium,Intermediate,3.75mm,Experiment_2
Co-Polarized_Green,C13,1200,1450,48.0,58.0,1.70530256582424e-16,9.7276862828968,-0.1865567023537198,Day_1,Medium,Intermediate,3.75mm,Experiment_2
Co-Polarized_Green,C13,1225,1475,49.0,59.0,-2.8421709430404013e-16,11.104360355586495,-0.2271807344259561,Day_1,Medium,Intermediate,3.75mm,Experiment_2
Co-Polarized_Green,C13,1250,1500,50.0,60.0,-5.684341886080802e-17,11.400086575523074,-0.1027200437881518,Day_1,Medium,Intermediate,3.75mm,Experiment_2
Co-Polarized_Green,C13,1275,1525,51.0,61.0,0.0,11.21996935131284,-0.2852825168234595,Day_1,Medium,Intermediate,3.75mm,Experiment_2
Co-Polarized_Green,C13,1300,1550,52.0,62.0,-7.105427357601002e-17,12.06206138399416,-0.3697310393366117,Day_1,Medium,Intermediate,3.75mm,Experiment_2
Co-Polarized_Green,C13,1325,1575,53.0,63.0,-7.105427357601002e-17,11.48406241809747,-0.2760932976258435,Day_1,Medium,Intermediate,3.75mm,Experiment_2
Co-Polarized_Green,C13,1350,1600,54.0,64.0,-2.2737367544323206e-16,11.302819422106522,-0.3331997188511624,Day_1,Medium,Intermediate,3.75mm,Experiment_2
Co-Polarized_Green,C13,1375,1625,55.0,65.0,4.1211478674085813e-16,13.257193263690349,-0.2383165931516339,Day_1,Medium,Intermediate,3.75mm,Experiment_2
Co-Polarized_Green,C13,1400,1650,56.0,66.0,-3.979039320256561e-16,13.072130879838742,-0.1455559712114392,Day_1,Medium,Intermediate,3.75mm,Experiment_2
Co-Polarized_Green,C13,1425,1675,57.0,67.0,2.2737367544323206e-16,12.797534960356463,-0.3163915713582087,Day_1,Medium,Intermediate,3.75mm,Experiment_2
Co-Polarized_Green,C13,1450,1700,58.0,68.0,2.842170943040401e-17,11.1309867611781,-0.4382782102572702,Day_1,Medium,Intermediate,3.75mm,Experiment_2
Co-Polarized_Green,C13,1475,1725,59.0,69.0,-4.1211478674085813e-16,12.394054258817876,-0.2860412167242726,Day_1,Medium,Intermediate,3.75mm,Experiment_2
Co-Polarized_Green,C13,1500,1750,60.0,70.0,3.1263880373444406e-16,13.607473238277626,-0.190511237779707,Day_1,Medium,Intermediate,3.75mm,Experiment_2
Co-Polarized_Green,C13,1525,1775,61.0,71.0,-5.684341886080802e-17,14.778696509371931,-0.0739083946088609,Day_1,Medium,Intermediate,3.75mm,Experiment_2
Co-Polarized_Green,C13,1550,1800,62.0,72.0,1.1368683772161603e-16,14.53371939935206,-0.118083582094264,Day_1,Medium,Intermediate,3.75mm,Experiment_2
Co-Polarized_Green,C13,1575,1825,63.0,73.0,3.6948222259525213e-16,14.57581791447617,-0.1666934174819833,Day_1,Medium,Intermediate,3.75mm,Experiment_2
Co-Polarized_Green,C13,1600,1850,64.0,74.0,2.2737367544323206e-16,14.26362399621367,-0.0277758125274115,Day_1,Medium,Intermediate,3.75mm,Experiment_2
Co-Polarized_Green,C13,1625,1875,65.0,75.0,2.842170943040401e-17,14.68604212812141,0.2107227189493563,Day_1,Medium,Intermediate,3.75mm,Experiment_2
Co-Polarized_Red,C12,0,250,0.0,10.0,5.115907697472721e-16,15.34202529589512,0.2138068252968074,Day_1,Medium,Intermediate,3.75mm,Experiment_2
Co-Polarized_Red,C12,25,275,1.0,11.0,1.6342482922482304e-16,16.688178379066745,-0.0815824983790544,Day_1,Medium,Intermediate,3.75mm,Experiment_2
Co-Polarized_Red,C12,50,300,2.0,12.0,0.0,16.10232856439238,0.3130161939513177,Day_1,Medium,Intermediate,3.75mm,Experiment_2
Co-Polarized_Red,C12,75,325,3.0,13.0,-4.263256414560601e-17,14.74353768565098,0.1675065968926326,Day_1,Medium,Intermediate,3.75mm,Experiment_2
Co-Polarized_Red,C12,100,350,4.0,14.0,1.4210854715202004e-16,14.78745460028022,0.0317110968896147,Day_1,Medium,Intermediate,3.75mm,Experiment_2
Co-Polarized_Red,C12,125,375,5.0,15.0,2.2737367544323206e-16,15.54884748721011,-0.092226260827744,Day_1,Medium,Intermediate,3.75mm,Experiment_2
Co-Polarized_Red,C12,150,400,6.0,16.0,-1.70530256582424e-16,16.804688446776925,0.0556697066550547,Day_1,Medium,Intermediate,3.75mm,Experiment_2
Co-Polarized_Red,C12,175,425,7.0,17.0,0.0,17.422884355126612,-0.0326123210816788,Day_1,Medium,Intermediate,3.75mm,Experiment_2
Co-Polarized_Red,C12,200,450,8.0,18.0,-5.684341886080802e-17,17.29567301915013,-0.1267863244759492,Day_1,Medium,Intermediate,3.75mm,Experiment_2
Co-Polarized_Red,C12,225,475,9.0,19.0,2.2737367544323206e-16,17.01114210659193,0.098865363195976,Day_1,Medium,Intermediate,3.75mm,Experiment_2
Co-Polarized_Red,C12,250,500,10.0,20.0,2.2737367544323206e-16,16.41193176515473,-0.0590915213439194,Day_1,Medium,Intermediate,3.75mm,Experiment_2
Co-Polarized_Red,C12,275,525,11.0,21.0,-5.684341886080802e-17,16.372534710049294,-0.0172702089587464,Day_1,Medium,Intermediate,3.75mm,Experiment_2
Co-Polarized_Red,C12,300,550,12.0,22.0,-3.552713678800501e-17,15.73145064117727,-0.1485128272736897,Day_1,Medium,Intermediate,3.75mm,Experiment_2
Co-Polarized_Red,C12,325,575,13.0,23.0,-5.684341886080802e-17,15.709899981194733,-0.0977250983492116,Day_1,Medium,Intermediate,3.75mm,Experiment_2
Co-Polarized_Red,C12,350,600,14.0,24.0,-3.979039320256561e-16,16.01924791649528,0.0124292610312973,Day_1,Medium,Intermediate,3.75mm,Experiment_2
Co-Polarized_Red,C12,375,625,15.0,25.0,-5.826450433232822e-16,13.488155722743038,-0.0184372389493773,Day_1,Medium,Intermediate,3.75mm,Experiment_2
Co-Polarized_Red,C12,400,650,16.0,26.0,-2.2737367544323206e-16,12.629837477453686,0.009734343402912,Day_1,Medium,Intermediate,3.75mm,Experiment_2
Co-Polarized_Red,C12,425,675,17.0,27.0,-8.5265128291212e-17,12.166601241211218,0.0276842280734537,Day_1,Medium,Intermediate,3.75mm,Experiment_2
Co-Polarized_Red,C12,450,700,18.0,28.0,-2.2737367544323206e-16,13.41463476262562,0.0999305015815743,Day_1,Medium,Intermediate,3.75mm,Experiment_2
Co-Polarized_Red,C12,475,725,19.0,29.0,-1.4210854715202004e-16,17.530892361566195,0.0501231332969208,Day_1,Medium,Intermediate,3.75mm,Experiment_2
Co-Polarized_Red,C12,500,750,20.0,30.0,5.115907697472721e-16,15.82905956553857,-0.0388758415431855,Day_1,Medium,Intermediate,3.75mm,Experiment_2
Co-Polarized_Red,C12,525,775,21.0,31.0,3.552713678800501e-16,15.66216011774864,0.0272482438533774,Day_1,Medium,Intermediate,3.75mm,Experiment_2
Co-Polarized_Red,C12,550,800,22.0,32.0,-2.2737367544323206e-16,15.838204961759551,-0.2097632325803294,Day_1,Medium,Intermediate,3.75mm,Experiment_2
Co-Polarized_Red,C12,575,825,23.0,33.0,-5.115907697472721e-16,15.8596568270035,0.0914316347430888,Day_1,Medium,Intermediate,3.75mm,Experiment_2
Co-Polarized_Red,C12,600,850,24.0,34.0,-2.2737367544323206e-16,14.34238559090402,-0.1055109086831439,Day_1,Medium,Intermediate,3.75mm,Experiment_2
Co-Polarized_Red,C12,625,875,25.0,35.0,-2.7000623958883806e-16,14.980694876458262,-0.0301276568189559,Day_1,Medium,Intermediate,3.75mm,Experiment_2
Co-Polarized_Red,C12,650,900,26.0,36.0,4.405364961712621e-16,16.204840679284857,0.1871834051178092,Day_1,Medium,Intermediate,3.75mm,Experiment_2
Co-Polarized_Red,C12,675,925,27.0,37.0,5.684341886080802e-17,14.746279286225386,-0.1018077777806928,Day_1,Medium,Intermediate,3.75mm,Experiment_2
Co-Polarized_Red,C12,700,950,28.0,38.0,-9.094947017729285e-16,16.192827304579815,0.400030959710703,Day_1,Medium,Intermediate,3.75mm,Experiment_2
Co-Polarized_Red,C12,725,975,29.0,39.0,-2.1316282072803e-16,13.209303246464405,-0.0669551340864233,Day_1,Medium,Intermediate,3.75mm,Experiment_2
Co-Polarized_Red,C12,750,1000,30.0,40.0,1.1368683772161603e-16,13.230276106025542,0.1426197701735032,Day_1,Medium,Intermediate,3.75mm,Experiment_2
Co-Polarized_Red,C12,775,1025,31.0,41.0,0.0,16.668218243273213,0.0070527795860401,Day_1,Medium,Intermediate,3.75mm,Experiment_2
Co-Polarized_Red,C12,800,1050,32.0,42.0,4.263256414560601e-16,16.970983544208945,0.2090791501813913,Day_1,Medium,Intermediate,3.75mm,Experiment_2
Co-Polarized_Red,C12,825,1075,33.0,43.0,4.547473508864641e-16,34.19241281554561,-1.842253677716163,Day_1,Medium,Intermediate,3.75mm,Experiment_2
Co-Polarized_Red,C12,850,1100,34.0,44.0,-1.0800249583553525e-15,163.6139020255293,1.3396727349857562,Day_1,Medium,Intermediate,3.75mm,Experiment_2
Co-Polarized_Red,C12,875,1125,35.0,45.0,1.70530256582424e-16,157.35115729666887,0.8882376586314764,Day_1,Medium,Intermediate,3.75mm,Experiment_2
Co-Polarized_Red,C12,900,1150,36.0,46.0,-1.0800249583553525e-15,157.73569397137007,0.9483710711433556,Day_1,Medium,Intermediate,3.75mm,Experiment_2
Co-Polarized_Red,C12,925,1175,37.0,47.0,9.379164112033325e-16,157.68276675443607,0.949155000316204,Day_1,Medium,Intermediate,3.75mm,Experiment_2
Co-Polarized_Red,C12,950,1200,38.0,48.0,0.0,157.93134886732363,0.9668998079125104,Day_1,Medium,Intermediate,3.75mm,Experiment_2
Co-Polarized_Red,C12,975,1225,39.0,49.0,0.0,158.11301758096093,0.953530235450596,Day_1,Medium,Intermediate,3.75mm,Experiment_2
Co-Polarized_Red,C12,1000,1250,40.0,50.0,1.8189894035458565e-15,158.3056354737447,0.9057549813965244,Day_1,Medium,Intermediate,3.75mm,Experiment_2
Co-Polarized_Red,C12,1025,1275,41.0,51.0,-9.094947017729285e-16,157.48488623349377,0.9471102122773708,Day_1,Medium,Intermediate,3.75mm,Experiment_2
Co-Polarized_Red,C12,1050,1300,42.0,52.0,1.5916157281026244e-15,155.9395056586497,0.876215526101672,Day_1,Medium,Intermediate,3.75mm,Experiment_2
Co-Polarized_Red,C12,1075,1325,43.0,53.0,1.3187673175707462e-14,131.8131317905305,2.0092638530530276,Day_1,Medium,Intermediate,3.75mm,Experiment_2
Co-Polarized_Red,C12,1100,1350,44.0,54.0,1.9895196601282808e-16,15.342535003010068,-0.0444196706635797,Day_1,Medium,Intermediate,3.75mm,Experiment_2
Co-Polarized_Red,C12,1125,1375,45.0,55.0,-2.7000623958883806e-16,14.871880841239042,-0.1185352934034212,Day_1,Medium,Intermediate,3.75mm,Experiment_2
Co-Polarized_Red,C12,1150,1400,46.0,56.0,1.9895196601282808e-16,15.775911297354352,-0.0245696341741271,Day_1,Medium,Intermediate,3.75mm,Experiment_2
Co-Polarized_Red,C12,1175,1425,47.0,57.0,1.1368683772161603e-16,16.72598489965111,-0.4098443218879662,Day_1,Medium,Intermediate,3.75mm,Experiment_2
Co-Polarized_Red,C12,1200,1450,48.0,58.0,1.70530256582424e-16,13.718635724304477,0.1210682548259385,Day_1,Medium,Intermediate,3.75mm,Experiment_2
Co-Polarized_Red,C12,1225,1475,49.0,59.0,-4.618527782440651e-17,12.55433037074013,-0.1832382032113935,Day_1,Medium,Intermediate,3.75mm,Experiment_2
Co-Polarized_Red,C12,1250,1500,50.0,60.0,2.842170943040401e-16,13.367947692501849,0.1184322714428851,Day_1,Medium,Intermediate,3.75mm,Experiment_2
Co-Polarized_Red,C12,1275,1525,51.0,61.0,6.536993168992926e-16,11.648256093507625,-0.0578171194437342,Day_1,Medium,Intermediate,3.75mm,Experiment_2
Co-Polarized_Red,C12,1300,1550,52.0,62.0,1.1368683772161603e-16,11.118461857139836,-0.118902825154088,Day_1,Medium,Intermediate,3.75mm,Experiment_2
Co-Polarized_Red,C12,1325,1575,53.0,63.0,2.842170943040401e-17,10.963160304897912,-0.0721244219123809,Day_1,Medium,Intermediate,3.75mm,Experiment_2
Co-Polarized_Red,C12,1350,1600,54.0,64.0,0.0,11.773554032793465,-0.1034633241318585,Day_1,Medium,Intermediate,3.75mm,Experiment_2
Co-Polarized_Red,C12,1375,1625,55.0,65.0,1.70530256582424e-16,11.583121378700175,0.0608605476181154,Day_1,Medium,Intermediate,3.75mm,Experiment_2
Co-Polarized_Red,C12,1400,1650,56.0,66.0,-4.263256414560601e-17,11.57985710344942,0.0213644246194488,Day_1,Medium,Intermediate,3.75mm,Experiment_2
Co-Polarized_Red,C12,1425,1675,57.0,67.0,-1.4210854715202004e-16,13.162423996517772,-0.1534568477875962,Day_1,Medium,Intermediate,3.75mm,Experiment_2
Co-Polarized_Red,C12,1450,1700,58.0,68.0,2.842170943040401e-17,12.880833647945217,0.0219479268592818,Day_1,Medium,Intermediate,3.75mm,Experiment_2
Co-Polarized_Red,C12,1475,1725,59.0,69.0,6.821210263296962e-16,16.456412111101425,0.0837907254573676,Day_1,Medium,Intermediate,3.75mm,Experiment_2
Co-Polarized_Red,C12,1500,1750,60.0,70.0,1.70530256582424e-16,16.241342299715186,0.1730757137076658,Day_1,Medium,Intermediate,3.75mm,Experiment_2
Co-Polarized_Red,C12,1525,1775,61.0,71.0,5.684341886080802e-17,15.9298444538858,0.250805845717818,Day_1,Medium,Intermediate,3.75mm,Experiment_2
Co-Polarized_Red,C12,1550,1800,62.0,72.0,-5.400124791776761e-16,15.823428314325025,0.1398217098008956,Day_1,Medium,Intermediate,3.75mm,Experiment_2
Co-Polarized_Red,C12,1575,1825,63.0,73.0,-3.6948222259525213e-16,15.96507372262422,0.072557928717699,Day_1,Medium,Intermediate,3.75mm,Experiment_2
Co-Polarized_Red,C12,1600,1850,64.0,74.0,-1.4210854715202004e-16,16.180733624128624,0.169531308525227,Day_1,Medium,Intermediate,3.75mm,Experiment_2
Co-Polarized_Red,C12,1625,1875,65.0,75.0,-1.1368683772161603e-16,16.403075655963697,0.0934477427534233,Day_1,Medium,Intermediate,3.75mm,Experiment_2
Co-Polarized_IR,C15,0,250,0.0,10.0,-1.0231815394945442e-15,94.20411212604115,0.81939715762333,Day_1,Medium,Intermediate,3.75mm,Experiment_2
Co-Polarized_IR,C15,25,275,1.0,11.0,-9.237055564881302e-17,13.695972963820092,0.1406063851248624,Day_1,Medium,Intermediate,3.75mm,Experiment_2
Co-Polarized_IR,C15,50,300,2.0,12.0,-6.536993168992925e-16,14.484489041012766,0.3116423389411415,Day_1,Medium,Intermediate,3.75mm,Experiment_2
Co-Polarized_IR,C15,75,325,3.0,13.0,-1.8474111129762604e-16,13.813353645648837,0.4724387361157139,Day_1,Medium,Intermediate,3.75mm,Experiment_2
Co-Polarized_IR,C15,100,350,4.0,14.0,-2.8421709430404013e-16,13.346242520400484,0.4340583538112871,Day_1,Medium,Intermediate,3.75mm,Experiment_2
Co-Polarized_IR,C15,125,375,5.0,15.0,0.0,13.572200072841236,0.230720086184491,Day_1,Medium,Intermediate,3.75mm,Experiment_2
Co-Polarized_IR,C15,150,400,6.0,16.0,-5.684341886080805e-16,14.505260507858178,0.1423238386770905,Day_1,Medium,Intermediate,3.75mm,Experiment_2
Co-Polarized_IR,C15,175,425,7.0,17.0,1.1368683772161603e-16,15.184923753012812,0.2521407488063647,Day_1,Medium,Intermediate,3.75mm,Experiment_2
Co-Polarized_IR,C15,200,450,8.0,18.0,-3.1263880373444406e-16,15.49774875325562,0.2561403542798786,Day_1,Medium,Intermediate,3.75mm,Experiment_2
Co-Polarized_IR,C15,225,475,9.0,19.0,-5.684341886080802e-17,16.65450337225378,0.120413588842494,Day_1,Medium,Intermediate,3.75mm,Experiment_2
Co-Polarized_IR,C15,250,500,10.0,20.0,-6.821210263296962e-16,17.540719398460727,0.1679251250145514,Day_1,Medium,Intermediate,3.75mm,Experiment_2
Co-Polarized_IR,C15,275,525,11.0,21.0,-5.684341886080802e-17,18.377303482371072,0.2034337496895023,Day_1,Medium,Intermediate,3.75mm,Experiment_2
Co-Polarized_IR,C15,300,550,12.0,22.0,-2.5579538487363605e-16,17.688983399948135,0.0309249977963668,Day_1,Medium,Intermediate,3.75mm,Experiment_2
Co-Polarized_IR,C15,325,575,13.0,23.0,-3.410605131648481e-16,17.912234190013027,0.0873459231851076,Day_1,Medium,Intermediate,3.75mm,Experiment_2
Co-Polarized_IR,C15,350,600,14.0,24.0,-5.684341886080802e-17,17.368389078921805,0.0484674233319718,Day_1,Medium,Intermediate,3.75mm,Experiment_2
Co-Polarized_IR,C15,375,625,15.0,25.0,1.1368683772161603e-16,19.196773590532665,0.1285753306727665,Day_1,Medium,Intermediate,3.75mm,Experiment_2
Co-Polarized_IR,C15,400,650,16.0,26.0,-1.1368683772161603e-16,18.16544787241842,-0.0375513259624516,Day_1,Medium,Intermediate,3.75mm,Experiment_2
Co-Polarized_IR,C15,425,675,17.0,27.0,1.1368683772161603e-16,17.009468253324968,-0.0303547787632498,Day_1,Medium,Intermediate,3.75mm,Experiment_2
Co-Polarized_IR,C15,450,700,18.0,28.0,2.842170943040401e-17,17.307497555984167,0.1361975218407318,Day_1,Medium,Intermediate,3.75mm,Experiment_2
Co-Polarized_IR,C15,475,725,19.0,29.0,-3.410605131648481e-16,18.367904854369584,-0.2471370191179646,Day_1,Medium,Intermediate,3.75mm,Experiment_2
Co-Polarized_IR,C15,500,750,20.0,30.0,-1.1368683772161603e-16,16.800809270245043,-0.0515988317669606,Day_1,Medium,Intermediate,3.75mm,Experiment_2
Co-Polarized_IR,C15,525,775,21.0,31.0,-2.8421709430404013e-16,15.513459605398586,-0.1730491660296407,Day_1,Medium,Intermediate,3.75mm,Experiment_2
Co-Polarized_IR,C15,550,800,22.0,32.0,4.547473508864641e-16,15.786010130452503,-0.2079339382489989,Day_1,Medium,Intermediate,3.75mm,Experiment_2
Co-Polarized_IR,C15,575,825,23.0,33.0,5.684341886080802e-17,15.742830041782176,-0.1385990822993302,Day_1,Medium,Intermediate,3.75mm,Experiment_2
Co-Polarized_IR,C15,600,850,24.0,34.0,0.0,15.5218368530312,-0.1114289013705921,Day_1,Medium,Intermediate,3.75mm,Experiment_2
Co-Polarized_IR,C15,625,875,25.0,35.0,5.684341886080805e-16,16.87095620508707,0.5264807614409183,Day_1,Medium,Intermediate,3.75mm,Experiment_2
Co-Polarized_IR,C15,650,900,26.0,36.0,1.6342482922482304e-16,15.06242270021293,-0.1179636738221917,Day_1,Medium,Intermediate,3.75mm,Experiment_2
Co-Polarized_IR,C15,675,925,27.0,37.0,-7.105427357601002e-18,18.333991173181417,-0.1026956980726077,Day_1,Medium,Intermediate,3.75mm,Experiment_2
Co-Polarized_IR,C15,700,950,28.0,38.0,1.1368683772161603e-16,33.70426287909244,-1.5143017468082378,Day_1,Medium,Intermediate,3.75mm,Experiment_2
Co-Polarized_IR,C15,725,975,29.0,39.0,2.0463630789890884e-15,78.27939885876337,-0.1574603378881797,Day_1,Medium,Intermediate,3.75mm,Experiment_2
Co-Polarized_IR,C15,750,1000,30.0,40.0,-1.0231815394945442e-15,76.3048307454233,-0.7743577840210208,Day_1,Medium,Intermediate,3.75mm,Experiment_2
Co-Polarized_IR,C15,775,1025,31.0,41.0,-2.7000623958883806e-16,76.7877105916337,-0.8355610704537704,Day_1,Medium,Intermediate,3.75mm,Experiment_2
Co-Polarized_IR,C15,800,1050,32.0,42.0,7.958078640513122e-16,76.41470181002641,-0.9338663512693148,Day_1,Medium,Intermediate,3.75mm,Experiment_2
Co-Polarized_IR,C15,825,1075,33.0,43.0,0.0,76.93877879598068,-0.939713697651826,Day_1,Medium,Intermediate,3.75mm,Experiment_2
Co-Polarized_IR,C15,850,1100,34.0,44.0,5.684341886080802e-17,77.59901980616947,-0.8688440041544475,Day_1,Medium,Intermediate,3.75mm,Experiment_2
Co-Polarized_IR,C15,875,1125,35.0,45.0,5.684341886080805e-16,77.07087860604385,-0.98084600178015,Day_1,Medium,Intermediate,3.75mm,Experiment_2
Co-Polarized_IR,C15,900,1150,36.0,46.0,-1.70530256582424e-16,77.75487781791836,-1.0714137413939446,Day_1,Medium,Intermediate,3.75mm,Experiment_2
Co-Polarized_IR,C15,925,1175,37.0,47.0,4.547473508864641e-16,76.38983692755143,-1.1273027976075944,Day_1,Medium,Intermediate,3.75mm,Experiment_2
Co-Polarized_IR,C15,950,1200,38.0,48.0,3.637978807091713e-15,67.89874744141811,-0.6667947743693468,Day_1,Medium,Intermediate,3.75mm,Experiment_2
Co-Polarized_IR,C15,975,1225,39.0,49.0,1.1368683772161603e-16,15.254975486755647,-0.0578591552318107,Day_1,Medium,Intermediate,3.75mm,Experiment_2
Co-Polarized_IR,C15,1000,1250,40.0,50.0,5.684341886080802e-17,14.761033976499098,-0.0458315584652136,Day_1,Medium,Intermediate,3.75mm,Experiment_2
Co-Polarized_IR,C15,1025,1275,41.0,51.0,3.979039320256561e-16,15.367576595621468,0.2989953160424944,Day_1,Medium,Intermediate,3.75mm,Experiment_2
Co-Polarized_IR,C15,1050,1300,42.0,52.0,5.400124791776761e-16,14.767950564294416,0.0463964664439064,Day_1,Medium,Intermediate,3.75mm,Experiment_2
Co-Polarized_IR,C15,1075,1325,43.0,53.0,-3.6948222259525213e-16,14.305700829945144,-0.1284368091041862,Day_1,Medium,Intermediate,3.75mm,Experiment_2
Co-Polarized_IR,C15,1100,1350,44.0,54.0,2.4158453015843413e-16,13.771365836377074,-0.1596423954185929,Day_1,Medium,Intermediate,3.75mm,Experiment_2
Co-Polarized_IR,C15,1125,1375,45.0,55.0,2.842170943040401e-17,14.341652732529626,0.1357756994746738,Day_1,Medium,Intermediate,3.75mm,Experiment_2
Co-Polarized_IR,C15,1150,1400,46.0,56.0,7.247535904753021e-16,14.009564569626349,-0.0570876908171904,Day_1,Medium,Intermediate,3.75mm,Experiment_2
Co-Polarized_IR,C15,1175,1425,47.0,57.0,-2.2737367544323206e-16,12.937574892094124,-0.0009184962401168,Day_1,Medium,Intermediate,3.75mm,Experiment_2
Co-Polarized_IR,C15,1200,1450,48.0,58.0,-2.842170943040401e-17,12.436147090801208,0.0094833126844063,Day_1,Medium,Intermediate,3.75mm,Experiment_2
Co-Polarized_IR,C15,1225,1475,49.0,59.0,-2.5579538487363605e-16,12.78699766769388,-0.1150396142695242,Day_1,Medium,Intermediate,3.75mm,Experiment_2
Co-Polarized_IR,C15,1250,1500,50.0,60.0,-5.684341886080802e-17,14.495832347478526,-0.1634183203953529,Day_1,Medium,Intermediate,3.75mm,Experiment_2
Co-Polarized_IR,C15,1275,1525,51.0,61.0,-1.5631940186722203e-16,15.446762622294283,-0.3233976534691397,Day_1,Medium,Intermediate,3.75mm,Experiment_2
Co-Polarized_IR,C15,1300,1550,52.0,62.0,1.9895196601282808e-16,16.21093976371164,-0.2834179138549488,Day_1,Medium,Intermediate,3.75mm,Experiment_2
Co-Polarized_IR,C15,1325,1575,53.0,63.0,3.1263880373444406e-16,16.734189635651752,-0.2995126789510861,Day_1,Medium,Intermediate,3.75mm,Experiment_2
Co-Polarized_IR,C15,1350,1600,54.0,64.0,-4.547473508864641e-16,16.15541722756079,-0.2326725537766295,Day_1,Medium,Intermediate,3.75mm,Experiment_2
Co-Polarized_IR,C15,1375,1625,55.0,65.0,-1.0231815394945442e-15,17.792499779135486,-0.048593630657878,Day_1,Medium,Intermediate,3.75mm,Experiment_2
Co-Polarized_IR,C15,1400,1650,56.0,66.0,1.1368683772161603e-16,16.83917540556377,-0.0841208114233676,Day_1,Medium,Intermediate,3.75mm,Experiment_2
Co-Polarized_IR,C15,1425,1675,57.0,67.0,3.6948222259525213e-16,16.838415148500307,-0.0367821464849044,Day_1,Medium,Intermediate,3.75mm,Experiment_2
Co-Polarized_IR,C15,1450,1700,58.0,68.0,0.0,16.192202821077117,-0.1835918360449027,Day_1,Medium,Intermediate,3.75mm,Experiment_2
Co-Polarized_IR,C15,1475,1725,59.0,69.0,9.947598300641404e-17,17.90845704600962,-0.218750493082198,Day_1,Medium,Intermediate,3.75mm,Experiment_2
Co-Polarized_IR,C15,1500,1750,60.0,70.0,-3.410605131648481e-16,16.219113176356128,-0.0542767735542108,Day_1,Medium,Intermediate,3.75mm,Experiment_2
Co-Polarized_IR,C15,1525,1775,61.0,71.0,-1.4210854715202004e-17,16.268369615818234,0.0273701844112016,Day_1,Medium,Intermediate,3.75mm,Experiment_2
Co-Polarized_IR,C15,1550,1800,62.0,72.0,-1.70530256582424e-16,16.716121430680005,0.0224762710476391,Day_1,Medium,Intermediate,3.75mm,Experiment_2
Co-Polarized_IR,C15,1575,1825,63.0,73.0,8.5265128291212e-17,16.53040892018845,0.2245790040437196,Day_1,Medium,Intermediate,3.75mm,Experiment_2
Co-Polarized_IR,C15,1600,1850,64.0,74.0,-3.979039320256561e-16,15.170239454889565,-0.1187088972101219,Day_1,Medium,Intermediate,3.75mm,Experiment_2
Co-Polarized_IR,C15,1625,1875,65.0,75.0,5.684341886080805e-16,16.28807273132644,-0.0911775728666587,Day_1,Medium,Intermediate,3.75mm,Experiment_2
Cross-Polarized_Green,C19,0,250,0.0,10.0,8.5265128291212e-17,7.945961530961464,0.0649409257265718,Day_1,Medium,Intermediate,3.75mm,Experiment_2
Cross-Polarized_Green,C19,25,275,1.0,11.0,7.105427357601002e-18,7.970019615121397,0.0272145539723778,Day_1,Medium,Intermediate,3.75mm,Experiment_2
Cross-Polarized_Green,C19,50,300,2.0,12.0,2.842170943040401e-17,6.874492806203937,0.333591556461836,Day_1,Medium,Intermediate,3.75mm,Experiment_2
Cross-Polarized_Green,C19,75,325,3.0,13.0,1.4210854715202004e-17,6.974712901908649,0.3795081660377863,Day_1,Medium,Intermediate,3.75mm,Experiment_2
Cross-Polarized_Green,C19,100,350,4.0,14.0,-2.1316282072803e-16,7.793529942803607,0.4073977336606361,Day_1,Medium,Intermediate,3.75mm,Experiment_2
Cross-Polarized_Green,C19,125,375,5.0,15.0,2.842170943040401e-17,6.928120276286889,0.386728613745706,Day_1,Medium,Intermediate,3.75mm,Experiment_2
Cross-Polarized_Green,C19,150,400,6.0,16.0,5.684341886080802e-17,7.944366804612439,0.0307930049424647,Day_1,Medium,Intermediate,3.75mm,Experiment_2
Cross-Polarized_Green,C19,175,425,7.0,17.0,-5.684341886080802e-17,6.8770148792914965,0.2369533689793114,Day_1,Medium,Intermediate,3.75mm,Experiment_2
Cross-Polarized_Green,C19,200,450,8.0,18.0,3.552713678800501e-18,7.233503317657501,-0.0918098135683112,Day_1,Medium,Intermediate,3.75mm,Experiment_2
Cross-Polarized_Green,C19,225,475,9.0,19.0,-1.70530256582424e-16,7.729903463129702,0.0340122232446592,Day_1,Medium,Intermediate,3.75mm,Experiment_2
Cross-Polarized_Green,C19,250,500,10.0,20.0,5.684341886080802e-17,7.511985561245008,0.0639863258525445,Day_1,Medium,Intermediate,3.75mm,Experiment_2
Cross-Polarized_Green,C19,275,525,11.0,21.0,-2.5579538487363605e-16,8.204411370456384,0.2176606458350057,Day_1,Medium,Intermediate,3.75mm,Experiment_2
Cross-Polarized_Green,C19,300,550,12.0,22.0,-1.9895196601282808e-16,8.081077537810321,0.2117897930228343,Day_1,Medium,Intermediate,3.75mm,Experiment_2
Cross-Polarized_Green,C19,325,575,13.0,23.0,8.5265128291212e-17,8.337294632570764,0.1449818243844206,Day_1,Medium,Intermediate,3.75mm,Experiment_2
Cross-Polarized_Green,C19,350,600,14.0,24.0,-3.1263880373444406e-16,8.297330334829601,0.1588678249335156,Day_1,Medium,Intermediate,3.75mm,Experiment_2
Cross-Polarized_Green,C19,375,625,15.0,25.0,-5.684341886080802e-17,7.811184338333965,0.1670372312946955,Day_1,Medium,Intermediate,3.75mm,Experiment_2
Cross-Polarized_Green,C19,400,650,16.0,26.0,2.5579538487363605e-16,8.217819234639013,0.5466998223799393,Day_1,Medium,Intermediate,3.75mm,Experiment_2
Cross-Polarized_Green,C19,425,675,17.0,27.0,-2.0605739337042904e-16,7.233540915681536,0.0662278289148503,Day_1,Medium,Intermediate,3.75mm,Experiment_2
Cross-Polarized_Green,C19,450,700,18.0,28.0,-7.460698725481051e-17,6.782816340180593,0.1059483620812059,Day_1,Medium,Intermediate,3.75mm,Experiment_2
Cross-Polarized_Green,C19,475,725,19.0,29.0,2.4158453015843413e-16,6.9423263418255905,0.3451665426390151,Day_1,Medium,Intermediate,3.75mm,Experiment_2
Cross-Polarized_Green,C19,500,750,20.0,30.0,-1.1368683772161603e-16,6.856967146963934,-0.0534675552664633,Day_1,Medium,Intermediate,3.75mm,Experiment_2
Cross-Polarized_Green,C19,525,775,21.0,31.0,2.842170943040401e-17,6.6130297120173935,0.1484559697852546,Day_1,Medium,Intermediate,3.75mm,Experiment_2
Cross-Polarized_Green,C19,550,800,22.0,32.0,-1.4210854715202004e-16,7.487970035925387,0.6759859551838272,Day_1,Medium,Intermediate,3.75mm,Experiment_2
Cross-Polarized_Green,C19,575,825,23.0,33.0,-4.973799150320702e-17,6.209723956201261,-0.0220578046672112,Day_1,Medium,Intermediate,3.75mm,Experiment_2
Cross-Polarized_Green,C19,600,850,24.0,34.0,-2.842170943040401e-17,6.166904197013688,-0.1434283405501192,Day_1,Medium,Intermediate,3.75mm,Experiment_2
Cross-Polarized_Green,C19,625,875,25.0,35.0,2.842170943040401e-17,6.222152231767676,-0.2883668582619841,Day_1,Medium,Intermediate,3.75mm,Experiment_2
Cross-Polarized_Green,C19,650,900,26.0,36.0,-2.2737367544323206e-16,5.557099745684782,-0.1284409921436793,Day_1,Medium,Intermediate,3.75mm,Experiment_2
Cross-Polarized_Green,C19,675,925,27.0,37.0,-4.263256414560601e-17,5.589065264831242,0.0085610680969488,Day_1,Medium,Intermediate,3.75mm,Experiment_2
Cross-Polarized_Green,C19,700,950,28.0,38.0,-1.4210854715202004e-16,5.704826776011695,0.1386860278923655,Day_1,Medium,Intermediate,3.75mm,Experiment_2
Cross-Polarized_Green,C19,725,975,29.0,39.0,2.842170943040401e-17,5.1830258064666515,-0.0061655790852784,Day_1,Medium,Intermediate,3.75mm,Experiment_2
Cross-Polarized_Green,C19,750,1000,30.0,40.0,1.4210854715202004e-16,5.713096119551926,0.2872930937639714,Day_1,Medium,Intermediate,3.75mm,Experiment_2
Cross-Polarized_Green,C19,775,1025,31.0,41.0,2.2026824808563103e-16,4.918765525214084,0.2330518903686932,Day_1,Medium,Intermediate,3.75mm,Experiment_2
Cross-Polarized_Green,C19,800,1050,32.0,42.0,2.2737367544323206e-16,51.81923255541395,-3.1690956857575534,Day_1,Medium,Intermediate,3.75mm,Experiment_2
Cross-Polarized_Green,C19,825,1075,33.0,43.0,6.252776074688881e-16,40.21696535067285,-1.1522043129012192,Day_1,Medium,Intermediate,3.75mm,Experiment_2
Cross-Polarized_Green,C19,850,1100,34.0,44.0,-3.979039320256561e-16,40.49220832103077,-1.1878668864416768,Day_1,Medium,Intermediate,3.75mm,Experiment_2
Cross-Polarized_Green,C19,875,1125,35.0,45.0,4.547473508864641e-16,40.65048493543704,-1.2245298146767072,Day_1,Medium,Intermediate,3.75mm,Experiment_2
Cross-Polarized_Green,C19,900,1150,36.0,46.0,0.0,40.69248077032339,-1.263405054618723,Day_1,Medium,Intermediate,3.75mm,Experiment_2
Cross-Polarized_Green,C19,925,1175,37.0,47.0,-3.1263880373444406e-16,40.873053204050464,-1.231470769182944,Day_1,Medium,Intermediate,3.75mm,Experiment_2
Cross-Polarized_Green,C19,950,1200,38.0,48.0,-3.410605131648481e-16,40.743910407028814,-1.268889319528229,Day_1,Medium,Intermediate,3.75mm,Experiment_2
Cross-Polarized_Green,C19,975,1225,39.0,49.0,1.1368683772161603e-16,40.77406051711129,-1.270216207738397,Day_1,Medium,Intermediate,3.75mm,Experiment_2
Cross-Polarized_Green,C19,1000,1250,40.0,50.0,0.0,40.48289522352618,-1.1756327409184175,Day_1,Medium,Intermediate,3.75mm,Experiment_2
Cross-Polarized_Green,C19,1025,1275,41.0,51.0,-5.684341886080802e-17,41.06144652644688,-0.8532023296301133,Day_1,Medium,Intermediate,3.75mm,Experiment_2
Cross-Polarized_Green,C19,1050,1300,42.0,52.0,-7.105427357601002e-18,6.776489884299667,-0.5266171054041681,Day_1,Medium,Intermediate,3.75mm,Experiment_2
Cross-Polarized_Green,C19,1075,1325,43.0,53.0,-8.5265128291212e-17,5.362758703777292,-0.1909405375554528,Day_1,Medium,Intermediate,3.75mm,Experiment_2
Cross-Polarized_Green,C19,1100,1350,44.0,54.0,1.06581410364015e-16,5.274639248197508,-0.0024560289487387,Day_1,Medium,Intermediate,3.75mm,Experiment_2
Cross-Polarized_Green,C19,1125,1375,45.0,55.0,-2.842170943040401e-17,5.221526894375975,0.0096169377777626,Day_1,Medium,Intermediate,3.75mm,Experiment_2
Cross-Polarized_Green,C19,1150,1400,46.0,56.0,-2.842170943040401e-17,4.501061463771914,0.0455649379701705,Day_1,Medium,Intermediate,3.75mm,Experiment_2
Cross-Polarized_Green,C19,1175,1425,47.0,57.0,-1.2434497875801757e-17,4.883669766769459,-0.0877533186422571,Day_1,Medium,Intermediate,3.75mm,Experiment_2
Cross-Polarized_Green,C19,1200,1450,48.0,58.0,1.1368683772161603e-16,5.324340215782408,-0.1864651874423876,Day_1,Medium,Intermediate,3.75mm,Experiment_2
Cross-Polarized_Green,C19,1225,1475,49.0,59.0,-2.7711166694643907e-16,6.438168485228464,-0.6743740018784073,Day_1,Medium,Intermediate,3.75mm,Experiment_2
Cross-Polarized_Green,C19,1250,1500,50.0,60.0,-2.842170943040401e-17,6.4727477717400195,-0.292556459405954,Day_1,Medium,Intermediate,3.75mm,Experiment_2
Cross-Polarized_Green,C19,1275,1525,51.0,61.0,5.684341886080802e-17,6.189474659195959,-0.4842590647907051,Day_1,Medium,Intermediate,3.75mm,Experiment_2
Cross-Polarized_Green,C19,1300,1550,52.0,62.0,7.105427357601002e-18,6.369424152476617,-0.3513722556509874,Day_1,Medium,Intermediate,3.75mm,Experiment_2
Cross-Polarized_Green,C19,1325,1575,53.0,63.0,-1.4210854715202004e-17,6.3793099367375445,-0.411965832639161,Day_1,Medium,Intermediate,3.75mm,Experiment_2
Cross-Polarized_Green,C19,1350,1600,54.0,64.0,5.684341886080802e-17,6.456253884647758,-0.3710861245073229,Day_1,Medium,Intermediate,3.75mm,Experiment_2
Cross-Polarized_Green,C19,1375,1625,55.0,65.0,8.5265128291212e-17,7.265604424309089,-0.3156218344785918,Day_1,Medium,Intermediate,3.75mm,Experiment_2
Cross-Polarized_Green,C19,1400,1650,56.0,66.0,2.1316282072803e-16,6.899357629237206,-0.2164410461826788,Day_1,Medium,Intermediate,3.75mm,Experiment_2
Cross-Polarized_Green,C19,1425,1675,57.0,67.0,4.263256414560601e-16,6.785447830839851,0.027142156581208,Day_1,Medium,Intermediate,3.75mm,Experiment_2
Cross-Polarized_Green,C19,1450,1700,58.0,68.0,2.842170943040401e-17,7.374719204771825,-0.0365557741125686,Day_1,Medium,Intermediate,3.75mm,Experiment_2
Cross-Polarized_Green,C19,1475,1725,59.0,69.0,4.263256414560601e-17,6.741122222716898,0.0688220616374464,Day_1,Medium,Intermediate,3.75mm,Experiment_2
Cross-Polarized_Green,C19,1500,1750,60.0,70.0,-1.4210854715202004e-17,6.831339699281432,0.0278042711147831,Day_1,Medium,Intermediate,3.75mm,Experiment_2
Cross-Polarized_Green,C19,1525,1775,61.0,71.0,-4.547473508864641e-16,7.437323503199096,0.0826035289168476,Day_1,Medium,Intermediate,3.75mm,Experiment_2
Cross-Polarized_Green,C19,1550,1800,62.0,72.0,0.0,7.172007590309501,0.0840639758455815,Day_1,Medium,Intermediate,3.75mm,Experiment_2
Cross-Polarized_Green,C19,1575,1825,63.0,73.0,-2.842170943040401e-17,7.0039584769143355,-0.0394188308763733,Day_1,Medium,Intermediate,3.75mm,Experiment_2
Cross-Polarized_Green,C19,1600,1850,64.0,74.0,-5.684341886080802e-17,6.572725840596719,0.0488274491643347,Day_1,Medium,Intermediate,3.75mm,Experiment_2
Cross-Polarized_Green,C19,1625,1875,65.0,75.0,0.0,7.686059884372578,0.0983427499686095,Day_1,Medium,Intermediate,3.75mm,Experiment_2
Cross-Polarized_Red,C18,0,250,0.0,10.0,-1.1368683772161603e-16,9.066287439832006,0.2355913065228782,Day_1,Medium,Intermediate,3.75mm,Experiment_2
Cross-Polarized_Red,C18,25,275,1.0,11.0,6.394884621840901e-17,8.79346490387694,0.2379383513909937,Day_1,Medium,Intermediate,3.75mm,Experiment_2
Cross-Polarized_Red,C18,50,300,2.0,12.0,-3.6948222259525213e-16,8.697219514214938,0.2919470705423674,Day_1,Medium,Intermediate,3.75mm,Experiment_2
Cross-Polarized_Red,C18,75,325,3.0,13.0,-1.7053025658242402e-16,8.58280294383466,0.2777711964451145,Day_1,Medium,Intermediate,3.75mm,Experiment_2
Cross-Polarized_Red,C18,100,350,4.0,14.0,4.2632564145606006e-17,8.747393822749796,0.2667710759004094,Day_1,Medium,Intermediate,3.75mm,Experiment_2
Cross-Polarized_Red,C18,125,375,5.0,15.0,-4.2632564145606006e-17,8.652190316645195,0.0604924149227454,Day_1,Medium,Intermediate,3.75mm,Experiment_2
Cross-Polarized_Red,C18,150,400,6.0,16.0,-1.4210854715202004e-16,8.84696920416962,0.2565680798051953,Day_1,Medium,Intermediate,3.75mm,Experiment_2
Cross-Polarized_Red,C18,175,425,7.0,17.0,-2.842170943040401e-17,8.794021013952952,0.1339469637133905,Day_1,Medium,Intermediate,3.75mm,Experiment_2
Cross-Polarized_Red,C18,200,450,8.0,18.0,2.1671553440683055e-16,8.95215795656735,-0.0750713445029303,Day_1,Medium,Intermediate,3.75mm,Experiment_2
Cross-Polarized_Red,C18,225,475,9.0,19.0,2.913225216616411e-16,8.92794256601765,0.2859090261614541,Day_1,Medium,Intermediate,3.75mm,Experiment_2
Cross-Polarized_Red,C18,250,500,10.0,20.0,5.684341886080802e-17,7.883137317521534,0.1312430924304717,Day_1,Medium,Intermediate,3.75mm,Experiment_2
Cross-Polarized_Red,C18,275,525,11.0,21.0,1.5631940186722203e-16,8.362022515408981,0.0722961746095927,Day_1,Medium,Intermediate,3.75mm,Experiment_2
Cross-Polarized_Red,C18,300,550,12.0,22.0,-2.842170943040401e-17,8.268060602749642,-0.1481801466100571,Day_1,Medium,Intermediate,3.75mm,Experiment_2
Cross-Polarized_Red,C18,325,575,13.0,23.0,-5.684341886080802e-17,8.63279396540575,-0.1546280027413467,Day_1,Medium,Intermediate,3.75mm,Experiment_2
Cross-Polarized_Red,C18,350,600,14.0,24.0,1.1368683772161603e-16,8.641587129099676,0.0202839194240622,Day_1,Medium,Intermediate,3.75mm,Experiment_2
Cross-Polarized_Red,C18,375,625,15.0,25.0,-5.684341886080802e-17,7.705401562198805,-0.0774843828630842,Day_1,Medium,Intermediate,3.75mm,Experiment_2
Cross-Polarized_Red,C18,400,650,16.0,26.0,5.684341886080802e-17,7.715120503766907,-0.0404265477966422,Day_1,Medium,Intermediate,3.75mm,Experiment_2
Cross-Polarized_Red,C18,425,675,17.0,27.0,8.526512829121201e-17,7.729881784426451,-0.0650446050445234,Day_1,Medium,Intermediate,3.75mm,Experiment_2
Cross-Polarized_Red,C18,450,700,18.0,28.0,2.2737367544323206e-16,8.386012905761374,0.0832695470629005,Day_1,Medium,Intermediate,3.75mm,Experiment_2
Cross-Polarized_Red,C18,475,725,19.0,29.0,3.05533376376843e-16,9.73206315281971,-0.1173530706873008,Day_1,Medium,Intermediate,3.75mm,Experiment_2
Cross-Polarized_Red,C18,500,750,20.0,30.0,0.0,9.319615705520285,-0.2873536483053248,Day_1,Medium,Intermediate,3.75mm,Experiment_2
Cross-Polarized_Red,C18,525,775,21.0,31.0,1.6342482922482304e-16,9.186950674987642,-0.0760222300207488,Day_1,Medium,Intermediate,3.75mm,Experiment_2
Cross-Polarized_Red,C18,550,800,22.0,32.0,-1.7053025658242402e-16,9.246872930343695,-0.3595400973506509,Day_1,Medium,Intermediate,3.75mm,Experiment_2
Cross-Polarized_Red,C18,575,825,23.0,33.0,-4.547473508864641e-16,9.21100870913519,0.0960144011830641,Day_1,Medium,Intermediate,3.75mm,Experiment_2
Cross-Polarized_Red,C18,600,850,24.0,34.0,0.0,8.609144605613869,-0.1195507273922459,Day_1,Medium,Intermediate,3.75mm,Experiment_2
Cross-Polarized_Red,C18,625,875,25.0,35.0,-9.947598300641404e-17,8.937146329611368,-0.0946408639563027,Day_1,Medium,Intermediate,3.75mm,Experiment_2
Cross-Polarized_Red,C18,650,900,26.0,36.0,9.947598300641404e-17,9.139799360666116,0.0716159187227842,Day_1,Medium,Intermediate,3.75mm,Experiment_2
Cross-Polarized_Red,C18,675,925,27.0,37.0,-5.684341886080802e-17,9.375508982385584,-0.1076391865674846,Day_1,Medium,Intermediate,3.75mm,Experiment_2
Cross-Polarized_Red,C18,700,950,28.0,38.0,5.400124791776761e-16,10.053270175349583,0.2729336705005804,Day_1,Medium,Intermediate,3.75mm,Experiment_2
Cross-Polarized_Red,C18,725,975,29.0,39.0,0.0,8.367019420058954,-0.1180371982700307,Day_1,Medium,Intermediate,3.75mm,Experiment_2
Cross-Polarized_Red,C18,750,1000,30.0,40.0,-5.684341886080802e-17,7.628929163210709,0.1338235138094924,Day_1,Medium,Intermediate,3.75mm,Experiment_2
Cross-Polarized_Red,C18,775,1025,31.0,41.0,-2.842170943040401e-17,8.731466191468582,0.0213119980614806,Day_1,Medium,Intermediate,3.75mm,Experiment_2
Cross-Polarized_Red,C18,800,1050,32.0,42.0,2.4158453015843413e-16,9.323231541269488,-0.1169035858750827,Day_1,Medium,Intermediate,3.75mm,Experiment_2
Cross-Polarized_Red,C18,825,1075,33.0,43.0,-1.4210854715202004e-16,8.908672464627966,-0.0468858575653925,Day_1,Medium,Intermediate,3.75mm,Experiment_2
Cross-Polarized_Red,C18,850,1100,34.0,44.0,7.958078640513122e-16,15.054730586262632,0.2503971164394661,Day_1,Medium,Intermediate,3.75mm,Experiment_2
Cross-Polarized_Red,C18,875,1125,35.0,45.0,-5.684341886080802e-17,13.956890926717186,-0.006636391165731,Day_1,Medium,Intermediate,3.75mm,Experiment_2
Cross-Polarized_Red,C18,900,1150,36.0,46.0,-2.913225216616411e-16,13.705867869651865,-0.0503433549039455,Day_1,Medium,Intermediate,3.75mm,Experiment_2
Cross-Polarized_Red,C18,925,1175,37.0,47.0,-3.6948222259525213e-16,14.038750518648758,0.0153804126449586,Day_1,Medium,Intermediate,3.75mm,Experiment_2
Cross-Polarized_Red,C18,950,1200,38.0,48.0,5.684341886080802e-17,13.61194425621334,-0.0127513850260168,Day_1,Medium,Intermediate,3.75mm,Experiment_2
Cross-Polarized_Red,C18,975,1225,39.0,49.0,0.0,14.572873252053215,0.0411367773466384,Day_1,Medium,Intermediate,3.75mm,Experiment_2
Cross-Polarized_Red,C18,1000,1250,40.0,50.0,-3.410605131648481e-16,14.646683708386746,-0.0107208362300986,Day_1,Medium,Intermediate,3.75mm,Experiment_2
Cross-Polarized_Red,C18,1025,1275,41.0,51.0,3.019806626980426e-16,14.299726210026094,0.0091671647621842,Day_1,Medium,Intermediate,3.75mm,Experiment_2
Cross-Polarized_Red,C18,1050,1300,42.0,52.0,1.9895196601282808e-16,13.954996737404588,-0.007357239620624,Day_1,Medium,Intermediate,3.75mm,Experiment_2
Cross-Polarized_Red,C18,1075,1325,43.0,53.0,3.2684965844964613e-16,14.728163787656282,0.0510278057109213,Day_1,Medium,Intermediate,3.75mm,Experiment_2
Cross-Polarized_Red,C18,1100,1350,44.0,54.0,-9.947598300641404e-17,8.76272220603379,-0.0610367283032944,Day_1,Medium,Intermediate,3.75mm,Experiment_2
Cross-Polarized_Red,C18,1125,1375,45.0,55.0,-7.105427357601002e-18,9.089453221875056,-0.0786432639274402,Day_1,Medium,Intermediate,3.75mm,Experiment_2
Cross-Polarized_Red,C18,1150,1400,46.0,56.0,0.0,8.69367747530663,0.214763615353157,Day_1,Medium,Intermediate,3.75mm,Experiment_2
Cross-Polarized_Red,C18,1175,1425,47.0,57.0,2.486899575160351e-16,9.013893142747762,-0.3270663408164209,Day_1,Medium,Intermediate,3.75mm,Experiment_2
Cross-Polarized_Red,C18,1200,1450,48.0,58.0,-8.526512829121201e-17,8.30012353766983,0.6875682936276473,Day_1,Medium,Intermediate,3.75mm,Experiment_2
Cross-Polarized_Red,C18,1225,1475,49.0,59.0,-1.2789769243681802e-16,7.193588516596164,0.0888487229362083,Day_1,Medium,Intermediate,3.75mm,Experiment_2
Cross-Polarized_Red,C18,1250,1500,50.0,60.0,-2.007283228522283e-16,8.406860487491672,0.5028142472278447,Day_1,Medium,Intermediate,3.75mm,Experiment_2
Cross-Polarized_Red,C18,1275,1525,51.0,61.0,5.684341886080802e-17,6.671108866489113,0.1658019011135101,Day_1,Medium,Intermediate,3.75mm,Experiment_2
Cross-Polarized_Red,C18,1300,1550,52.0,62.0,0.0,7.75894331698539,0.3094753964193421,Day_1,Medium,Intermediate,3.75mm,Experiment_2
Cross-Polarized_Red,C18,1325,1575,53.0,63.0,-8.526512829121201e-17,7.592954909431809,0.0105300359671138,Day_1,Medium,Intermediate,3.75mm,Experiment_2
Cross-Polarized_Red,C18,1350,1600,54.0,64.0,-1.4210854715202004e-16,8.006280456553029,0.0502870265869097,Day_1,Medium,Intermediate,3.75mm,Experiment_2
Cross-Polarized_Red,C18,1375,1625,55.0,65.0,-2.7000623958883806e-16,8.271201151297888,0.094527109317851,Day_1,Medium,Intermediate,3.75mm,Experiment_2
Cross-Polarized_Red,C18,1400,1650,56.0,66.0,3.907985046680551e-17,7.740307713402685,0.0926961802154633,Day_1,Medium,Intermediate,3.75mm,Experiment_2
Cross-Polarized_Red,C18,1425,1675,57.0,67.0,-3.552713678800501e-16,8.307953190709876,-0.1099786539893805,Day_1,Medium,Intermediate,3.75mm,Experiment_2
Cross-Polarized_Red,C18,1450,1700,58.0,68.0,5.684341886080802e-17,7.890348532619222,-0.0809003156903579,Day_1,Medium,Intermediate,3.75mm,Experiment_2
Cross-Polarized_Red,C18,1475,1725,59.0,69.0,-5.684341886080802e-17,9.104380968267687,-0.1027333927007145,Day_1,Medium,Intermediate,3.75mm,Experiment_2
Cross-Polarized_Red,C18,1500,1750,60.0,70.0,1.2079226507921704e-16,8.083152410792632,0.0389173438575882,Day_1,Medium,Intermediate,3.75mm,Experiment_2
Cross-Polarized_Red,C18,1525,1775,61.0,71.0,1.1368683772161603e-16,8.702803941115691,0.117931841546146,Day_1,Medium,Intermediate,3.75mm,Experiment_2
Cross-Polarized_Red,C18,1550,1800,62.0,72.0,2.2737367544323206e-16,8.246382768307974,-0.0680056079076494,Day_1,Medium,Intermediate,3.75mm,Experiment_2
Cross-Polarized_Red,C18,1575,1825,63.0,73.0,2.2737367544323206e-16,8.306047517251008,-0.0632828165361099,Day_1,Medium,Intermediate,3.75mm,Experiment_2
Cross-Polarized_Red,C18,1600,1850,64.0,74.0,-1.4210854715202004e-17,8.514564135922706,0.0490415037114383,Day_1,Medium,Intermediate,3.75mm,Experiment_2
Cross-Polarized_Red,C18,1625,1875,65.0,75.0,0.0,8.565660323609318,-0.0769822049409418,Day_1,Medium,Intermediate,3.75mm,Experiment_2
Cross-Polarized_IR,C21,0,250,0.0,10.0,-5.684341886080802e-16,13.611614146118804,-1.299084984809885,Day_1,Medium,Intermediate,3.75mm,Experiment_2
Cross-Polarized_IR,C21,25,275,1.0,11.0,-2.913225216616411e-16,7.2560392342620785,-0.2630202894541586,Day_1,Medium,Intermediate,3.75mm,Experiment_2
Cross-Polarized_IR,C21,50,300,2.0,12.0,-1.4210854715202004e-16,8.083035445840485,-0.0971515828739276,Day_1,Medium,Intermediate,3.75mm,Experiment_2
Cross-Polarized_IR,C21,75,325,3.0,13.0,2.1316282072803006e-17,7.556523064212564,0.03661558777121824,Day_1,Medium,Intermediate,3.75mm,Experiment_2
Cross-Polarized_IR,C21,100,350,4.0,14.0,7.105427357601002e-18,7.451455712801885,0.00952303873316195,Day_1,Medium,Intermediate,3.75mm,Experiment_2
Cross-Polarized_IR,C21,125,375,5.0,15.0,5.329070518200751e-17,7.271601504830016,0.0992752594685676,Day_1,Medium,Intermediate,3.75mm,Experiment_2
Cross-Polarized_IR,C21,150,400,6.0,16.0,5.684341886080802e-17,7.479095681828981,0.0906071920955265,Day_1,Medium,Intermediate,3.75mm,Experiment_2
Cross-Polarized_IR,C21,175,425,7.0,17.0,-1.4210854715202004e-16,8.044951805962999,0.0349202704556532,Day_1,Medium,Intermediate,3.75mm,Experiment_2
Cross-Polarized_IR,C21,200,450,8.0,18.0,-6.394884621840901e-17,8.274733320477438,-0.02664841149943588,Day_1,Medium,Intermediate,3.75mm,Experiment_2
Cross-Polarized_IR,C21,225,475,9.0,19.0,-1.4210854715202004e-16,8.666149751311785,0.08609059459099352,Day_1,Medium,Intermediate,3.75mm,Experiment_2
Cross-Polarized_IR,C21,250,500,10.0,20.0,1.1368683772161603e-16,9.283888070873608,-0.08171357825744113,Day_1,Medium,Intermediate,3.75mm,Experiment_2
Cross-Polarized_IR,C21,275,525,11.0,21.0,0.0,8.160707520448902,0.025773805190272583,Day_1,Medium,Intermediate,3.75mm,Experiment_2
Cross-Polarized_IR,C21,300,550,12.0,22.0,0.0,7.953131963869111,-0.054698076649957676,Day_1,Medium,Intermediate,3.75mm,Experiment_2
Cross-Polarized_IR,C21,325,575,13.0,23.0,-8.526512829121202e-17,7.408011552388137,0.03319241224011686,Day_1,Medium,Intermediate,3.75mm,Experiment_2
Cross-Polarized_IR,C21,350,600,14.0,24.0,2.842170943040401e-17,7.438628649151562,0.03484382233438365,Day_1,Medium,Intermediate,3.75mm,Experiment_2
Cross-Polarized_IR,C21,375,625,15.0,25.0,0.0,7.732109180352159,0.11103727505435364,Day_1,Medium,Intermediate,3.75mm,Experiment_2
Cross-Polarized_IR,C21,400,650,16.0,26.0,-5.684341886080802e-17,7.8377483965989345,0.022555362867027588,Day_1,Medium,Intermediate,3.75mm,Experiment_2
Cross-Polarized_IR,C21,425,675,17.0,27.0,0.0,6.977167768241627,0.1977326743796901,Day_1,Medium,Intermediate,3.75mm,Experiment_2
Cross-Polarized_IR,C21,450,700,18.0,28.0,4.263256414560601e-17,6.529398130634274,0.2067725322150735,Day_1,Medium,Intermediate,3.75mm,Experiment_2
Cross-Polarized_IR,C21,475,725,19.0,29.0,-7.105427357601002e-17,6.694723660256093,0.006186632438852243,Day_1,Medium,Intermediate,3.75mm,Experiment_2
Cross-Polarized_IR,C21,500,750,20.0,30.0,-4.263256414560601e-17,6.848147945500041,0.044643458680216366,Day_1,Medium,Intermediate,3.75mm,Experiment_2
Cross-Polarized_IR,C21,525,775,21.0,31.0,9.947598300641403e-17,6.202105299950087,-0.16595468846172612,Day_1,Medium,Intermediate,3.75mm,Experiment_2
Cross-Polarized_IR,C21,550,800,22.0,32.0,-2.842170943040401e-17,6.8092426838570335,-0.10944233587191393,Day_1,Medium,Intermediate,3.75mm,Experiment_2
Cross-Polarized_IR,C21,575,825,23.0,33.0,0.0,7.0030366411672755,-0.08843780228792383,Day_1,Medium,Intermediate,3.75mm,Experiment_2
Cross-Polarized_IR,C21,600,850,24.0,34.0,2.5579538487363605e-16,6.874370089594496,-0.0668310268495582,Day_1,Medium,Intermediate,3.75mm,Experiment_2
Cross-Polarized_IR,C21,625,875,25.0,35.0,2.2737367544323206e-16,7.053984269733128,0.2332442357183275,Day_1,Medium,Intermediate,3.75mm,Experiment_2
Cross-Polarized_IR,C21,650,900,26.0,36.0,-7.815970093361102e-17,6.3975781083271706,-0.05767527135751176,Day_1,Medium,Intermediate,3.75mm,Experiment_2
Cross-Polarized_IR,C21,675,925,27.0,37.0,-6.750155989720952e-17,7.686380126318517,-0.06574588156140311,Day_1,Medium,Intermediate,3.75mm,Experiment_2
Cross-Polarized_IR,C21,700,950,28.0,38.0,-2.2737367544323206e-16,8.917302453793965,-0.43073208096130505,Day_1,Medium,Intermediate,3.75mm,Experiment_2
Cross-Polarized_IR,C21,725,975,29.0,39.0,1.8474111129762604e-16,13.726742772381284,-0.3776432843068615,Day_1,Medium,Intermediate,3.75mm,Experiment_2
Cross-Polarized_IR,C21,750,1000,30.0,40.0,-2.842170943040401e-16,13.359812674713375,-0.3485014376309364,Day_1,Medium,Intermediate,3.75mm,Experiment_2
Cross-Polarized_IR,C21,775,1025,31.0,41.0,1.4210854715202004e-17,13.802131186627738,-0.33059644660488163,Day_1,Medium,Intermediate,3.75mm,Experiment_2
Cross-Polarized_IR,C21,800,1050,32.0,42.0,1.1368683772161603e-16,13.544037434849296,-0.39189873363917577,Day_1,Medium,Intermediate,3.75mm,Experiment_2
Cross-Polarized_IR,C21,825,1075,33.0,43.0,-1.7053025658242405e-16,13.770055582678468,-0.4653387191292927,Day_1,Medium,Intermediate,3.75mm,Experiment_2
Cross-Polarized_IR,C21,850,1100,34.0,44.0,0.0,14.182704542313273,-0.29797177892933224,Day_1,Medium,Intermediate,3.75mm,Experiment_2
Cross-Polarized_IR,C21,875,1125,35.0,45.0,-7.105427357601002e-17,13.61605903991236,-0.5376952210106102,Day_1,Medium,Intermediate,3.75mm,Experiment_2
Cross-Polarized_IR,C21,900,1150,36.0,46.0,-1.7053025658242405e-16,14.11603068781279,-0.6351192984911535,Day_1,Medium,Intermediate,3.75mm,Experiment_2
Cross-Polarized_IR,C21,925,1175,37.0,47.0,-5.684341886080802e-17,13.711609343181227,-0.8173134572333642,Day_1,Medium,Intermediate,3.75mm,Experiment_2
Cross-Polarized_IR,C21,950,1200,38.0,48.0,2.2737367544323206e-16,12.380521524720834,-0.6585504256483641,Day_1,Medium,Intermediate,3.75mm,Experiment_2
Cross-Polarized_IR,C21,975,1225,39.0,49.0,-1.4210854715202004e-17,7.948813294110508,-0.3916498904404916,Day_1,Medium,Intermediate,3.75mm,Experiment_2
Cross-Polarized_IR,C21,1000,1250,40.0,50.0,-1.1368683772161603e-16,7.878511680332495,-0.3922860233068463,Day_1,Medium,Intermediate,3.75mm,Experiment_2
Cross-Polarized_IR,C21,1025,1275,41.0,51.0,2.842170943040401e-17,7.732423650527526,-0.1575543851657472,Day_1,Medium,Intermediate,3.75mm,Experiment_2
Cross-Polarized_IR,C21,1050,1300,42.0,52.0,-1.7053025658242405e-16,7.620983396517397,-0.3257695328619794,Day_1,Medium,Intermediate,3.75mm,Experiment_2
Cross-Polarized_IR,C21,1075,1325,43.0,53.0,7.105427357601002e-17,7.775710680490418,-0.4380820019518737,Day_1,Medium,Intermediate,3.75mm,Experiment_2
Cross-Polarized_IR,C21,1100,1350,44.0,54.0,6.394884621840901e-17,7.260567537954182,-0.3884798428467835,Day_1,Medium,Intermediate,3.75mm,Experiment_2
Cross-Polarized_IR,C21,1125,1375,45.0,55.0,-5.684341886080802e-17,7.644311861643016,-0.015082757187893104,Day_1,Medium,Intermediate,3.75mm,Experiment_2
Cross-Polarized_IR,C21,1150,1400,46.0,56.0,2.842170943040401e-16,7.713115834125636,-0.2799914351459568,Day_1,Medium,Intermediate,3.75mm,Experiment_2
Cross-Polarized_IR,C21,1175,1425,47.0,57.0,1.4210854715202004e-17,6.969031854639515,-0.12096529530443688,Day_1,Medium,Intermediate,3.75mm,Experiment_2
Cross-Polarized_IR,C21,1200,1450,48.0,58.0,-2.842170943040401e-17,6.68333177129811,-0.04964598711344261,Day_1,Medium,Intermediate,3.75mm,Experiment_2
Cross-Polarized_IR,C21,1225,1475,49.0,59.0,-1.8474111129762604e-16,6.9127302734149865,-0.09313693352853748,Day_1,Medium,Intermediate,3.75mm,Experiment_2
Cross-Polarized_IR,C21,1250,1500,50.0,60.0,4.263256414560601e-17,7.15713276462109,0.08278025666974463,Day_1,Medium,Intermediate,3.75mm,Experiment_2
Cross-Polarized_IR,C21,1275,1525,51.0,61.0,-7.105427357601002e-17,6.655135407286941,-0.12447963692421504,Day_1,Medium,Intermediate,3.75mm,Experiment_2
Cross-Polarized_IR,C21,1300,1550,52.0,62.0,4.263256414560601e-17,7.138003863406329,-0.2306657766005416,Day_1,Medium,Intermediate,3.75mm,Experiment_2
Cross-Polarized_IR,C21,1325,1575,53.0,63.0,1.2789769243681802e-16,6.8970056066110645,-0.0219615283478326,Day_1,Medium,Intermediate,3.75mm,Experiment_2
Cross-Polarized_IR,C21,1350,1600,54.0,64.0,-8.526512829121202e-17,6.7192217166386685,0.09209203465024776,Day_1,Medium,Intermediate,3.75mm,Experiment_2
Cross-Polarized_IR,C21,1375,1625,55.0,65.0,-1.1368683772161603e-16,7.180455360458022,0.000871007063495429,Day_1,Medium,Intermediate,3.75mm,Experiment_2
Cross-Polarized_IR,C21,1400,1650,56.0,66.0,5.684341886080802e-17,7.011718437069015,0.3329921041979266,Day_1,Medium,Intermediate,3.75mm,Experiment_2
Cross-Polarized_IR,C21,1425,1675,57.0,67.0,-2.7000623958883806e-16,6.641432793888279,0.06864672645358143,Day_1,Medium,Intermediate,3.75mm,Experiment_2
Cross-Polarized_IR,C21,1450,1700,58.0,68.0,5.684341886080802e-17,6.7047382779784686,0.06945310130174454,Day_1,Medium,Intermediate,3.75mm,Experiment_2
Cross-Polarized_IR,C21,1475,1725,59.0,69.0,1.687538997430238e-16,7.518255137374079,-0.07800533422136519,Day_1,Medium,Intermediate,3.75mm,Experiment_2
Cross-Polarized_IR,C21,1500,1750,60.0,70.0,-5.684341886080802e-17,7.121141194415832,0.13385897032917188,Day_1,Medium,Intermediate,3.75mm,Experiment_2
Cross-Polarized_IR,C21,1525,1775,61.0,71.0,1.0658141036401502e-16,7.274880586080743,-0.0028866054027535952,Day_1,Medium,Intermediate,3.75mm,Experiment_2
Cross-Polarized_IR,C21,1550,1800,62.0,72.0,0.0,7.351448823128609,0.01226464849988294,Day_1,Medium,Intermediate,3.75mm,Experiment_2
Cross-Polarized_IR,C21,1575,1825,63.0,73.0,-5.684341886080802e-17,7.173053074739005,0.032557301909481653,Day_1,Medium,Intermediate,3.75mm,Experiment_2
Cross-Polarized_IR,C21,1600,1850,64.0,74.0,1.0658141036401503e-17,7.742794187512456,-0.21664197159831022,Day_1,Medium,Intermediate,3.75mm,Experiment_2
Cross-Polarized_IR,C21,1625,1875,65.0,75.0,-3.694822225952521e-16,9.000903379143592,0.022315564353974887,Day_1,Medium,Intermediate,3.75mm,Experiment_2
