Channel,Hardware Channel,WindowStartIdx,WindowEndIdx,WindowStartSec,WindowEndSec,Mean,Std,Skewness,Day,Experiment,Wavelength,SkinTone,Orientation,Pol
Unpolarized_A_Green,C5,0,250,0.0,10.0,-5.6843418860808095e-16,53.45065331254803,0.9213908949320396,Day_4,Experiment_3,IR,Fair,0,Og. Pol
Unpolarized_A_Green,C5,25,275,1.0,11.0,-7.052136652419006e-16,53.13066666515989,0.945248709574415,Day_4,Experiment_3,IR,Fair,0,Og. Pol
Unpolarized_A_Green,C5,50,300,2.0,12.0,5.6843418860808095e-16,52.72587957597621,0.8838923422136101,Day_4,Experiment_3,IR,Fair,0,Og. Pol
Unpolarized_A_Green,C5,75,325,3.0,13.0,-8.86757334228605e-15,63.73248647259893,3.244595695788877,Day_4,Experiment_3,IR,Fair,0,Og. Pol
Unpolarized_A_Green,C5,100,350,4.0,14.0,-3.979039320256561e-16,14.645932940183975,3.011016139161249,Day_4,Experiment_3,IR,Fair,0,Og. Pol
Unpolarized_A_Green,C5,125,375,5.0,15.0,-4.2632564145606006e-17,4.806470928441197,0.0565546792099653,Day_4,Experiment_3,IR,Fair,0,Og. Pol
Unpolarized_A_Green,C5,150,400,6.0,16.0,-1.2789769243681802e-16,4.656202830608148,0.1687875354024624,Day_4,Experiment_3,IR,Fair,0,Og. Pol
Unpolarized_A_Green,C5,175,425,7.0,17.0,-4.7961634663806756e-17,4.227526447008888,0.1648419904715295,Day_4,Experiment_3,IR,Fair,0,Og. Pol
Unpolarized_A_Green,C5,200,450,8.0,18.0,3.410605131648481e-16,4.727560420989092,0.0301591033651874,Day_4,Experiment_3,IR,Fair,0,Og. Pol
Unpolarized_A_Green,C5,225,475,9.0,19.0,-9.947598300641404e-17,4.808100185319846,0.1615384614958136,Day_4,Experiment_3,IR,Fair,0,Og. Pol
Unpolarized_A_Green,C5,250,500,10.0,20.0,-5.684341886080802e-17,5.4942717859037415,0.2662753531949888,Day_4,Experiment_3,IR,Fair,0,Og. Pol
Unpolarized_A_Green,C5,275,525,11.0,21.0,-5.684341886080802e-17,5.429580645659922,-0.1280485393735537,Day_4,Experiment_3,IR,Fair,0,Og. Pol
Unpolarized_A_Green,C5,300,550,12.0,22.0,1.7763568394002506e-16,5.315647723483074,-0.0534667558032822,Day_4,Experiment_3,IR,Fair,0,Og. Pol
Unpolarized_A_Green,C5,325,575,13.0,23.0,3.552713678800501e-17,5.461932623059413,-0.2707153392030509,Day_4,Experiment_3,IR,Fair,0,Og. Pol
Unpolarized_A_Green,C5,350,600,14.0,24.0,-1.7763568394002505e-17,5.3171129219023685,-0.164002910809334,Day_4,Experiment_3,IR,Fair,0,Og. Pol
Unpolarized_A_Green,C5,375,625,15.0,25.0,-1.1368683772161603e-16,5.5905381992587895,-0.2555254847912241,Day_4,Experiment_3,IR,Fair,0,Og. Pol
Unpolarized_A_Green,C5,400,650,16.0,26.0,1.70530256582424e-16,5.724751144358994,-0.2133114522613494,Day_4,Experiment_3,IR,Fair,0,Og. Pol
Unpolarized_A_Green,C5,425,675,17.0,27.0,-5.684341886080802e-17,5.797931905814591,-0.2047326241617158,Day_4,Experiment_3,IR,Fair,0,Og. Pol
Unpolarized_A_Green,C5,450,700,18.0,28.0,1.4210854715202004e-17,5.710759265882062,-0.3623474556527192,Day_4,Experiment_3,IR,Fair,0,Og. Pol
Unpolarized_A_Green,C5,475,725,19.0,29.0,-2.984279490192421e-16,5.8790420752301165,-0.0560322309424359,Day_4,Experiment_3,IR,Fair,0,Og. Pol
Unpolarized_A_Green,C5,500,750,20.0,30.0,3.552713678800501e-17,5.135985768687162,-0.1800347970380888,Day_4,Experiment_3,IR,Fair,0,Og. Pol
Unpolarized_A_Green,C5,525,775,21.0,31.0,5.684341886080802e-17,5.7512143418984,-0.1016995680799919,Day_4,Experiment_3,IR,Fair,0,Og. Pol
Unpolarized_A_Green,C5,550,800,22.0,32.0,1.4210854715202004e-16,5.494750992396199,-0.1552696305566165,Day_4,Experiment_3,IR,Fair,0,Og. Pol
Unpolarized_A_Green,C5,575,825,23.0,33.0,2.131628207280301e-17,5.274522154784721,-0.2545722718142736,Day_4,Experiment_3,IR,Fair,0,Og. Pol
Unpolarized_A_Green,C5,600,850,24.0,34.0,2.842170943040401e-17,5.121195689274903,-0.0063002374269631,Day_4,Experiment_3,IR,Fair,0,Og. Pol
Unpolarized_A_Green,C5,625,875,25.0,35.0,0.0,5.1303425609004245,-0.1224753345856429,Day_4,Experiment_3,IR,Fair,0,Og. Pol
Unpolarized_A_Green,C5,650,900,26.0,36.0,-6.394884621840901e-17,5.329107413340362,0.2730262347217836,Day_4,Experiment_3,IR,Fair,0,Og. Pol
Unpolarized_A_Green,C5,675,925,27.0,37.0,1.1368683772161603e-16,5.361521224944277,-0.0168127402736897,Day_4,Experiment_3,IR,Fair,0,Og. Pol
Unpolarized_A_Green,C5,700,950,28.0,38.0,7.460698725481051e-17,5.521467212919128,0.0508603138265887,Day_4,Experiment_3,IR,Fair,0,Og. Pol
Unpolarized_A_Green,C5,725,975,29.0,39.0,4.2632564145606006e-17,5.494424104838404,0.0233772647303883,Day_4,Experiment_3,IR,Fair,0,Og. Pol
Unpolarized_A_Green,C5,750,1000,30.0,40.0,-5.684341886080802e-17,5.33467669303774,-0.0104752491490953,Day_4,Experiment_3,IR,Fair,0,Og. Pol
Unpolarized_A_Green,C5,775,1025,31.0,41.0,-2.842170943040401e-17,5.16707733014755,-0.0429115479426756,Day_4,Experiment_3,IR,Fair,0,Og. Pol
Unpolarized_A_Green,C5,800,1050,32.0,42.0,-1.5809575870662226e-16,5.121816792077449,-0.1158460077158196,Day_4,Experiment_3,IR,Fair,0,Og. Pol
Unpolarized_A_Green,C5,825,1075,33.0,43.0,-4.2632564145606006e-17,5.464620066140556,-0.0224842000827526,Day_4,Experiment_3,IR,Fair,0,Og. Pol
Unpolarized_A_Green,C5,850,1100,34.0,44.0,2.984279490192421e-16,6.504341414263485,0.2489825265745106,Day_4,Experiment_3,IR,Fair,0,Og. Pol
Unpolarized_A_Green,C5,875,1125,35.0,45.0,7.105427357601002e-17,5.964395540745481,0.2467216641475373,Day_4,Experiment_3,IR,Fair,0,Og. Pol
Unpolarized_A_Green,C5,900,1150,36.0,46.0,3.1263880373444406e-16,5.512946598429041,0.1210833628696447,Day_4,Experiment_3,IR,Fair,0,Og. Pol
Unpolarized_A_Green,C5,925,1175,37.0,47.0,0.0,5.795971588401463,0.2364471919865131,Day_4,Experiment_3,IR,Fair,0,Og. Pol
Unpolarized_A_Green,C5,950,1200,38.0,48.0,-9.237055564881302e-17,5.775048525089445,0.2115372141813664,Day_4,Experiment_3,IR,Fair,0,Og. Pol
Unpolarized_A_Green,C5,975,1225,39.0,49.0,1.5631940186722203e-16,5.9652134339995,0.17646456659937,Day_4,Experiment_3,IR,Fair,0,Og. Pol
Unpolarized_A_Green,C5,1000,1250,40.0,50.0,-1.9539925233402754e-17,6.260442136115171,0.1446234751942508,Day_4,Experiment_3,IR,Fair,0,Og. Pol
Unpolarized_A_Green,C5,1025,1275,41.0,51.0,1.4210854715202004e-17,6.16610614476068,0.1349045053303031,Day_4,Experiment_3,IR,Fair,0,Og. Pol
Unpolarized_A_Green,C5,1050,1300,42.0,52.0,-1.1368683772161603e-16,6.075238038913517,0.0081802804757082,Day_4,Experiment_3,IR,Fair,0,Og. Pol
Unpolarized_A_Green,C5,1075,1325,43.0,53.0,7.815970093361102e-17,6.519773534219158,-0.2244900879560633,Day_4,Experiment_3,IR,Fair,0,Og. Pol
Unpolarized_A_Green,C5,1100,1350,44.0,54.0,1.4210854715202005e-15,62.17209608334351,0.0924510868152178,Day_4,Experiment_3,IR,Fair,0,Og. Pol
Unpolarized_A_Green,C5,1125,1375,45.0,55.0,2.3447910280083307e-16,68.19478045535132,0.8798695876068349,Day_4,Experiment_3,IR,Fair,0,Og. Pol
Unpolarized_A_Green,C5,1150,1400,46.0,56.0,-7.673861546209082e-16,68.00926132216122,0.9547974193383576,Day_4,Experiment_3,IR,Fair,0,Og. Pol
Unpolarized_A_Green,C5,1175,1425,47.0,57.0,3.410605131648481e-16,67.95218633159077,1.0000924965713016,Day_4,Experiment_3,IR,Fair,0,Og. Pol
Unpolarized_A_Green,C5,1200,1450,48.0,58.0,0.0,68.00891327531204,1.063252822020433,Day_4,Experiment_3,IR,Fair,0,Og. Pol
Unpolarized_A_Green,C5,1225,1475,49.0,59.0,9.094947017729285e-16,68.23969597461925,1.045808257844703,Day_4,Experiment_3,IR,Fair,0,Og. Pol
Unpolarized_A_Green,C5,1250,1500,50.0,60.0,1.4210854715202004e-16,79.81219489301711,0.7816765243433943,Day_4,Experiment_3,IR,Fair,0,Og. Pol
Unpolarized_A_Green,C5,1275,1525,51.0,61.0,-9.805489753489383e-16,79.94863046800143,0.8086299962112294,Day_4,Experiment_3,IR,Fair,0,Og. Pol
Unpolarized_A_Green,C5,1300,1550,52.0,62.0,-2.1316282072803002e-16,80.32999262641258,0.7791147059218382,Day_4,Experiment_3,IR,Fair,0,Og. Pol
Unpolarized_A_Green,C5,1325,1575,53.0,63.0,1.875832822406665e-15,77.71426812619737,0.4858479524488704,Day_4,Experiment_3,IR,Fair,0,Og. Pol
Unpolarized_A_Green,C5,1350,1600,54.0,64.0,0.0,50.03932853918226,1.1094213370830757,Day_4,Experiment_3,IR,Fair,0,Og. Pol
Unpolarized_A_Green,C5,1375,1625,55.0,65.0,-4.547473508864641e-16,44.65451164119155,1.172776110906953,Day_4,Experiment_3,IR,Fair,0,Og. Pol
Unpolarized_A_Green,C5,1400,1650,56.0,66.0,1.9895196601282808e-16,46.30695693938799,0.972275284966006,Day_4,Experiment_3,IR,Fair,0,Og. Pol
Unpolarized_A_Green,C5,1425,1675,57.0,67.0,-4.973799150320702e-16,47.19321672231159,1.047942100509201,Day_4,Experiment_3,IR,Fair,0,Og. Pol
Unpolarized_A_Green,C5,1450,1700,58.0,68.0,1.70530256582424e-16,48.86684006976974,1.3250434376868931,Day_4,Experiment_3,IR,Fair,0,Og. Pol
Unpolarized_A_Green,C5,1475,1725,59.0,69.0,-1.3642420526593924e-15,29.21545335224417,0.2175200581086709,Day_4,Experiment_3,IR,Fair,0,Og. Pol
Unpolarized_A_Green,C5,1500,1750,60.0,70.0,-1.4210854715202004e-16,21.16666013677369,1.1667816944733866,Day_4,Experiment_3,IR,Fair,0,Og. Pol
Unpolarized_A_Green,C5,1525,1775,61.0,71.0,1.1368683772161603e-16,21.20227310308783,1.136408406855575,Day_4,Experiment_3,IR,Fair,0,Og. Pol
Unpolarized_A_Green,C5,1550,1800,62.0,72.0,8.5265128291212e-17,21.87933452117368,1.2757442942729484,Day_4,Experiment_3,IR,Fair,0,Og. Pol
Unpolarized_A_Green,C5,1575,1825,63.0,73.0,1.3642420526593924e-15,20.686590029447096,0.6390249693848394,Day_4,Experiment_3,IR,Fair,0,Og. Pol
Unpolarized_A_Green,C5,1600,1850,64.0,74.0,-3.6948222259525213e-16,16.79621733245735,1.1900155395390415,Day_4,Experiment_3,IR,Fair,0,Og. Pol
Unpolarized_A_Green,C5,1625,1875,65.0,75.0,2.8421709430404013e-16,17.686098936636498,1.8622472866029696,Day_4,Experiment_3,IR,Fair,0,Og. Pol
Unpolarized_A_Green,C5,1650,1900,66.0,76.0,-5.684341886080802e-17,9.418216554203092,-1.6824952019322008,Day_4,Experiment_3,IR,Fair,0,Og. Pol
Unpolarized_A_Green,C5,1675,1925,67.0,77.0,-9.947598300641404e-17,5.923669080124032,0.2029282519338493,Day_4,Experiment_3,IR,Fair,0,Og. Pol
Unpolarized_A_Green,C5,1700,1950,68.0,78.0,-7.105427357601002e-17,5.972538819545523,0.3800517174654623,Day_4,Experiment_3,IR,Fair,0,Og. Pol
Unpolarized_A_Green,C5,1725,1975,69.0,79.0,-9.947598300641404e-17,6.118195704853853,0.3295715837784705,Day_4,Experiment_3,IR,Fair,0,Og. Pol
Unpolarized_A_Green,C5,1750,2000,70.0,80.0,1.70530256582424e-16,6.138491685762041,0.0274176396870842,Day_4,Experiment_3,IR,Fair,0,Og. Pol
Unpolarized_A_Green,C5,1775,2025,71.0,81.0,-2.842170943040401e-17,5.650133856884045,0.1175884615831212,Day_4,Experiment_3,IR,Fair,0,Og. Pol
Unpolarized_A_Red,C2,0,250,0.0,10.0,-8.526512829121202e-16,112.90971095731642,-0.6247440797084398,Day_4,Experiment_3,IR,Fair,0,Og. Pol
Unpolarized_A_Red,C2,25,275,1.0,11.0,-1.9895196601282808e-16,109.62673345179232,-0.0605977946308154,Day_4,Experiment_3,IR,Fair,0,Og. Pol
Unpolarized_A_Red,C2,50,300,2.0,12.0,-8.526512829121202e-16,109.56148019244716,-0.0942778283046541,Day_4,Experiment_3,IR,Fair,0,Og. Pol
Unpolarized_A_Red,C2,75,325,3.0,13.0,-1.1368683772161605e-15,109.56124181483634,-0.1059798726908589,Day_4,Experiment_3,IR,Fair,0,Og. Pol
Unpolarized_A_Red,C2,100,350,4.0,14.0,2.2737367544323206e-16,109.56628541268874,-0.1023497053369071,Day_4,Experiment_3,IR,Fair,0,Og. Pol
Unpolarized_A_Red,C2,125,375,5.0,15.0,-2.2737367544323206e-16,109.55346702134622,-0.0941116146523098,Day_4,Experiment_3,IR,Fair,0,Og. Pol
Unpolarized_A_Red,C2,150,400,6.0,16.0,-9.663381206337365e-16,109.5738494747812,-0.1130161188220541,Day_4,Experiment_3,IR,Fair,0,Og. Pol
Unpolarized_A_Red,C2,175,425,7.0,17.0,1.4210854715202004e-16,109.60611279437556,-0.1412338635829767,Day_4,Experiment_3,IR,Fair,0,Og. Pol
Unpolarized_A_Red,C2,200,450,8.0,18.0,-5.684341886080802e-17,108.12323479529417,0.0762786307160912,Day_4,Experiment_3,IR,Fair,0,Og. Pol
Unpolarized_A_Red,C2,225,475,9.0,19.0,-5.229594535194337e-15,75.71357875860188,-2.1771917657729927,Day_4,Experiment_3,IR,Fair,0,Og. Pol
Unpolarized_A_Red,C2,250,500,10.0,20.0,0.0,7.3528890330051615,0.0182100892703474,Day_4,Experiment_3,IR,Fair,0,Og. Pol
Unpolarized_A_Red,C2,275,525,11.0,21.0,1.5631940186722203e-16,6.755590596336498,-0.53237271455685,Day_4,Experiment_3,IR,Fair,0,Og. Pol
Unpolarized_A_Red,C2,300,550,12.0,22.0,4.263256414560601e-17,6.3914288793310945,0.1064704647978646,Day_4,Experiment_3,IR,Fair,0,Og. Pol
Unpolarized_A_Red,C2,325,575,13.0,23.0,-1.4210854715202004e-16,6.296068564180333,0.0633537060574664,Day_4,Experiment_3,IR,Fair,0,Og. Pol
Unpolarized_A_Red,C2,350,600,14.0,24.0,-1.70530256582424e-16,6.1949856560982255,0.141890479264101,Day_4,Experiment_3,IR,Fair,0,Og. Pol
Unpolarized_A_Red,C2,375,625,15.0,25.0,-1.4921397450962102e-16,7.033803837722028,-0.0163372616387598,Day_4,Experiment_3,IR,Fair,0,Og. Pol
Unpolarized_A_Red,C2,400,650,16.0,26.0,-1.4210854715202004e-17,6.463281774066929,0.0015766862788118,Day_4,Experiment_3,IR,Fair,0,Og. Pol
Unpolarized_A_Red,C2,425,675,17.0,27.0,-3.410605131648481e-16,6.607858646374345,-0.0461069690741692,Day_4,Experiment_3,IR,Fair,0,Og. Pol
Unpolarized_A_Red,C2,450,700,18.0,28.0,-9.237055564881302e-17,5.418366489731611,0.1081434264100799,Day_4,Experiment_3,IR,Fair,0,Og. Pol
Unpolarized_A_Red,C2,475,725,19.0,29.0,-5.684341886080802e-17,5.540302660629768,0.1107640863316259,Day_4,Experiment_3,IR,Fair,0,Og. Pol
Unpolarized_A_Red,C2,500,750,20.0,30.0,-4.547473508864641e-16,5.505189454900147,0.0649670400228146,Day_4,Experiment_3,IR,Fair,0,Og. Pol
Unpolarized_A_Red,C2,525,775,21.0,31.0,-4.263256414560601e-16,6.083770252260942,0.5364200872386973,Day_4,Experiment_3,IR,Fair,0,Og. Pol
Unpolarized_A_Red,C2,550,800,22.0,32.0,5.684341886080802e-17,5.74179310414591,0.2904371170195942,Day_4,Experiment_3,IR,Fair,0,Og. Pol
Unpolarized_A_Red,C2,575,825,23.0,33.0,-1.4210854715202004e-17,5.942802893059952,0.0141345965387217,Day_4,Experiment_3,IR,Fair,0,Og. Pol
Unpolarized_A_Red,C2,600,850,24.0,34.0,2.131628207280301e-17,5.308199165938709,0.1298147240266851,Day_4,Experiment_3,IR,Fair,0,Og. Pol
Unpolarized_A_Red,C2,625,875,25.0,35.0,5.684341886080802e-17,5.160496281572571,0.1105935016744583,Day_4,Experiment_3,IR,Fair,0,Og. Pol
Unpolarized_A_Red,C2,650,900,26.0,36.0,5.684341886080802e-17,5.168665729097435,0.1646214947676166,Day_4,Experiment_3,IR,Fair,0,Og. Pol
Unpolarized_A_Red,C2,675,925,27.0,37.0,-7.105427357601002e-17,5.0643063959077415,0.1932484144079824,Day_4,Experiment_3,IR,Fair,0,Og. Pol
Unpolarized_A_Red,C2,700,950,28.0,38.0,-4.263256414560601e-17,5.006959736572816,0.1596068429799629,Day_4,Experiment_3,IR,Fair,0,Og. Pol
Unpolarized_A_Red,C2,725,975,29.0,39.0,-1.4210854715202004e-17,4.616544508531756,0.1044149999338221,Day_4,Experiment_3,IR,Fair,0,Og. Pol
Unpolarized_A_Red,C2,750,1000,30.0,40.0,-7.815970093361102e-17,5.006973785703513,0.0910105874479259,Day_4,Experiment_3,IR,Fair,0,Og. Pol
Unpolarized_A_Red,C2,775,1025,31.0,41.0,1.6697754290362352e-16,4.763563984775091,0.0773862983250183,Day_4,Experiment_3,IR,Fair,0,Og. Pol
Unpolarized_A_Red,C2,800,1050,32.0,42.0,2.842170943040401e-17,5.8656081264499464,-0.33691427638791,Day_4,Experiment_3,IR,Fair,0,Og. Pol
Unpolarized_A_Red,C2,825,1075,33.0,43.0,1.4210854715202004e-16,5.872838091286833,-0.0486903071737728,Day_4,Experiment_3,IR,Fair,0,Og. Pol
Unpolarized_A_Red,C2,850,1100,34.0,44.0,-1.9895196601282808e-16,5.856249651694335,-0.0665068951859765,Day_4,Experiment_3,IR,Fair,0,Og. Pol
Unpolarized_A_Red,C2,875,1125,35.0,45.0,-1.9895196601282808e-16,6.13466298091448,-0.005933853097906,Day_4,Experiment_3,IR,Fair,0,Og. Pol
Unpolarized_A_Red,C2,900,1150,36.0,46.0,8.5265128291212e-17,6.217799165761238,-0.0112396815978183,Day_4,Experiment_3,IR,Fair,0,Og. Pol
Unpolarized_A_Red,C2,925,1175,37.0,47.0,2.842170943040401e-17,6.661435822383337,0.0365860209328018,Day_4,Experiment_3,IR,Fair,0,Og. Pol
Unpolarized_A_Red,C2,950,1200,38.0,48.0,-1.1723955140041654e-16,6.593848981598222,0.2475728389076941,Day_4,Experiment_3,IR,Fair,0,Og. Pol
Unpolarized_A_Red,C2,975,1225,39.0,49.0,5.684341886080802e-17,6.094526912371093,0.1043846631386749,Day_4,Experiment_3,IR,Fair,0,Og. Pol
Unpolarized_A_Red,C2,1000,1250,40.0,50.0,-5.684341886080802e-17,5.777934517312351,0.0297777951219446,Day_4,Experiment_3,IR,Fair,0,Og. Pol
Unpolarized_A_Red,C2,1025,1275,41.0,51.0,7.105427357601002e-18,6.373795324783573,-0.0288248249174458,Day_4,Experiment_3,IR,Fair,0,Og. Pol
Unpolarized_A_Red,C2,1050,1300,42.0,52.0,-1.8651746813702632e-16,6.10698324621022,0.1580339709728994,Day_4,Experiment_3,IR,Fair,0,Og. Pol
Unpolarized_A_Red,C2,1075,1325,43.0,53.0,-1.4921397450962102e-16,6.010161716315272,0.2621912685435891,Day_4,Experiment_3,IR,Fair,0,Og. Pol
Unpolarized_A_Red,C2,1100,1350,44.0,54.0,-1.687538997430238e-16,5.721215848373623,0.1149356254938554,Day_4,Experiment_3,IR,Fair,0,Og. Pol
Unpolarized_A_Red,C2,1125,1375,45.0,55.0,1.4210854715202004e-16,7.07813386393589,0.531530261721726,Day_4,Experiment_3,IR,Fair,0,Og. Pol
Unpolarized_A_Red,C2,1150,1400,46.0,56.0,-1.5631940186722203e-16,6.062891174168685,0.0817898248749373,Day_4,Experiment_3,IR,Fair,0,Og. Pol
Unpolarized_A_Red,C2,1175,1425,47.0,57.0,-2.842170943040401e-17,6.895966039764457,-0.0256004999320214,Day_4,Experiment_3,IR,Fair,0,Og. Pol
Unpolarized_A_Red,C2,1200,1450,48.0,58.0,1.5631940186722203e-16,7.204856491728046,0.2216086046989306,Day_4,Experiment_3,IR,Fair,0,Og. Pol
Unpolarized_A_Red,C2,1225,1475,49.0,59.0,2.842170943040401e-16,21.93123529924846,0.1258019189234942,Day_4,Experiment_3,IR,Fair,0,Og. Pol
Unpolarized_A_Red,C2,1250,1500,50.0,60.0,9.094947017729285e-16,31.25957047562849,0.6167116928462387,Day_4,Experiment_3,IR,Fair,0,Og. Pol
Unpolarized_A_Red,C2,1275,1525,51.0,61.0,6.323830348264891e-16,33.49288908542947,1.0025142035212429,Day_4,Experiment_3,IR,Fair,0,Og. Pol
Unpolarized_A_Red,C2,1300,1550,52.0,62.0,-6.821210263296962e-16,33.90981644629475,1.200615838737784,Day_4,Experiment_3,IR,Fair,0,Og. Pol
Unpolarized_A_Red,C2,1325,1575,53.0,63.0,2.842170943040401e-16,34.162837922777165,1.09189844894298,Day_4,Experiment_3,IR,Fair,0,Og. Pol
Unpolarized_A_Red,C2,1350,1600,54.0,64.0,-5.115907697472721e-16,34.257883120631135,1.1038571557251124,Day_4,Experiment_3,IR,Fair,0,Og. Pol
Unpolarized_A_Red,C2,1375,1625,55.0,65.0,-3.410605131648481e-16,34.149425318535776,1.097559662051889,Day_4,Experiment_3,IR,Fair,0,Og. Pol
Unpolarized_A_Red,C2,1400,1650,56.0,66.0,-4.547473508864641e-16,34.11384043578228,1.059367847285524,Day_4,Experiment_3,IR,Fair,0,Og. Pol
Unpolarized_A_Red,C2,1425,1675,57.0,67.0,3.268496584496461e-16,34.03415599713511,1.2780369253788153,Day_4,Experiment_3,IR,Fair,0,Og. Pol
Unpolarized_A_Red,C2,1450,1700,58.0,68.0,2.842170943040401e-16,33.343351361818016,1.0608893395721968,Day_4,Experiment_3,IR,Fair,0,Og. Pol
Unpolarized_A_Red,C2,1475,1725,59.0,69.0,1.4637180356658065e-15,25.988894113652023,1.4199671330002797,Day_4,Experiment_3,IR,Fair,0,Og. Pol
Unpolarized_A_Red,C2,1500,1750,60.0,70.0,2.842170943040401e-17,6.982552804850734,0.1127682398784532,Day_4,Experiment_3,IR,Fair,0,Og. Pol
Unpolarized_A_Red,C2,1525,1775,61.0,71.0,-7.815970093361102e-17,7.317692331159859,0.0377171617221684,Day_4,Experiment_3,IR,Fair,0,Og. Pol
Unpolarized_A_Red,C2,1550,1800,62.0,72.0,-2.5579538487363605e-16,6.922608296055969,0.0691752991617913,Day_4,Experiment_3,IR,Fair,0,Og. Pol
Unpolarized_A_Red,C2,1575,1825,63.0,73.0,-1.1368683772161603e-16,6.2594172385156694,0.1024703688644483,Day_4,Experiment_3,IR,Fair,0,Og. Pol
Unpolarized_A_Red,C2,1600,1850,64.0,74.0,-1.4210854715202004e-17,6.548409578356646,0.0284001123452172,Day_4,Experiment_3,IR,Fair,0,Og. Pol
Unpolarized_A_Red,C2,1625,1875,65.0,75.0,5.684341886080802e-17,6.4895484334574896,-0.1892452113140197,Day_4,Experiment_3,IR,Fair,0,Og. Pol
Unpolarized_A_Red,C2,1650,1900,66.0,76.0,-1.1368683772161603e-16,7.791168562667542,-0.4578837108152018,Day_4,Experiment_3,IR,Fair,0,Og. Pol
Unpolarized_A_Red,C2,1675,1925,67.0,77.0,4.263256414560601e-17,7.566011630736066,0.0412926315600277,Day_4,Experiment_3,IR,Fair,0,Og. Pol
Unpolarized_A_Red,C2,1700,1950,68.0,78.0,-5.684341886080802e-17,7.08552733058324,0.0382084540582491,Day_4,Experiment_3,IR,Fair,0,Og. Pol
Unpolarized_A_Red,C2,1725,1975,69.0,79.0,2.2737367544323206e-16,7.660360552853213,0.1065073798699964,Day_4,Experiment_3,IR,Fair,0,Og. Pol
Unpolarized_A_Red,C2,1750,2000,70.0,80.0,-8.5265128291212e-17,6.906911569681521,0.1241436124648494,Day_4,Experiment_3,IR,Fair,0,Og. Pol
Unpolarized_A_Red,C2,1775,2025,71.0,81.0,-5.684341886080802e-17,6.754490894820973,0.1092888561190782,Day_4,Experiment_3,IR,Fair,0,Og. Pol
Unpolarized_A_IR,C4,0,250,0.0,10.0,0.0,115.11966890965915,0.2223060450255395,Day_4,Experiment_3,IR,Fair,0,Og. Pol
Unpolarized_A_IR,C4,25,275,1.0,11.0,-1.3642420526593924e-15,115.04555772851168,0.2417182724550061,Day_4,Experiment_3,IR,Fair,0,Og. Pol
Unpolarized_A_IR,C4,50,300,2.0,12.0,3.979039320256561e-16,115.07685142419506,0.2415492967511647,Day_4,Experiment_3,IR,Fair,0,Og. Pol
Unpolarized_A_IR,C4,75,325,3.0,13.0,-9.947598300641404e-16,114.90587403237352,0.2013587124399732,Day_4,Experiment_3,IR,Fair,0,Og. Pol
Unpolarized_A_IR,C4,100,350,4.0,14.0,9.094947017729285e-16,117.17191800588633,0.6904570613057346,Day_4,Experiment_3,IR,Fair,0,Og. Pol
Unpolarized_A_IR,C4,125,375,5.0,15.0,-7.275957614183426e-15,133.30556115334818,-2.106633323995855,Day_4,Experiment_3,IR,Fair,0,Og. Pol
Unpolarized_A_IR,C4,150,400,6.0,16.0,-1.1652900866465644e-15,18.497225889780047,-0.2984527162354428,Day_4,Experiment_3,IR,Fair,0,Og. Pol
Unpolarized_A_IR,C4,175,425,7.0,17.0,-8.5265128291212e-17,17.13808784203763,-0.2690996851894294,Day_4,Experiment_3,IR,Fair,0,Og. Pol
Unpolarized_A_IR,C4,200,450,8.0,18.0,-1.9895196601282808e-16,12.026003026116063,-0.062261767312303,Day_4,Experiment_3,IR,Fair,0,Og. Pol
Unpolarized_A_IR,C4,225,475,9.0,19.0,5.684341886080802e-17,11.808361042309222,-0.1034846693271215,Day_4,Experiment_3,IR,Fair,0,Og. Pol
Unpolarized_A_IR,C4,250,500,10.0,20.0,7.3896444519050485e-16,12.22021649491162,-0.0656090320738644,Day_4,Experiment_3,IR,Fair,0,Og. Pol
Unpolarized_A_IR,C4,275,525,11.0,21.0,-6.252776074688881e-16,11.791129783070044,-0.025040933688431,Day_4,Experiment_3,IR,Fair,0,Og. Pol
Unpolarized_A_IR,C4,300,550,12.0,22.0,5.684341886080802e-17,11.880823739999364,0.2366867555700423,Day_4,Experiment_3,IR,Fair,0,Og. Pol
Unpolarized_A_IR,C4,325,575,13.0,23.0,7.815970093361102e-17,11.55346184328779,0.0667946487941053,Day_4,Experiment_3,IR,Fair,0,Og. Pol
Unpolarized_A_IR,C4,350,600,14.0,24.0,2.842170943040401e-17,10.992227389515522,0.0388923791047505,Day_4,Experiment_3,IR,Fair,0,Og. Pol
Unpolarized_A_IR,C4,375,625,15.0,25.0,-1.1368683772161605e-15,12.207687670569785,0.1009869275721302,Day_4,Experiment_3,IR,Fair,0,Og. Pol
Unpolarized_A_IR,C4,400,650,16.0,26.0,8.5265128291212e-17,11.132332176685546,0.0585823261924027,Day_4,Experiment_3,IR,Fair,0,Og. Pol
Unpolarized_A_IR,C4,425,675,17.0,27.0,1.1368683772161603e-16,11.791933970284964,-0.1100510420628516,Day_4,Experiment_3,IR,Fair,0,Og. Pol
Unpolarized_A_IR,C4,450,700,18.0,28.0,-1.1368683772161603e-16,11.940794159915658,0.0936015634617813,Day_4,Experiment_3,IR,Fair,0,Og. Pol
Unpolarized_A_IR,C4,475,725,19.0,29.0,3.410605131648481e-16,12.066909926414844,-0.0490594692325574,Day_4,Experiment_3,IR,Fair,0,Og. Pol
Unpolarized_A_IR,C4,500,750,20.0,30.0,-5.400124791776761e-16,11.84872863137718,-0.0718130952244194,Day_4,Experiment_3,IR,Fair,0,Og. Pol
Unpolarized_A_IR,C4,525,775,21.0,31.0,3.979039320256561e-16,12.70984577926744,0.4571736428674243,Day_4,Experiment_3,IR,Fair,0,Og. Pol
Unpolarized_A_IR,C4,550,800,22.0,32.0,-2.842170943040401e-17,10.631526205835584,-0.1959916658284355,Day_4,Experiment_3,IR,Fair,0,Og. Pol
Unpolarized_A_IR,C4,575,825,23.0,33.0,0.0,12.392457978044115,-0.0309491205951936,Day_4,Experiment_3,IR,Fair,0,Og. Pol
Unpolarized_A_IR,C4,600,850,24.0,34.0,-1.4210854715202004e-16,12.284840732875438,-0.2314367692346283,Day_4,Experiment_3,IR,Fair,0,Og. Pol
Unpolarized_A_IR,C4,625,875,25.0,35.0,-6.252776074688881e-16,12.687504341317316,0.0244627199318838,Day_4,Experiment_3,IR,Fair,0,Og. Pol
Unpolarized_A_IR,C4,650,900,26.0,36.0,8.5265128291212e-17,12.007838970304553,-0.1864284033336216,Day_4,Experiment_3,IR,Fair,0,Og. Pol
Unpolarized_A_IR,C4,675,925,27.0,37.0,-1.70530256582424e-16,12.463537452421692,-0.151501833760106,Day_4,Experiment_3,IR,Fair,0,Og. Pol
Unpolarized_A_IR,C4,700,950,28.0,38.0,-5.684341886080802e-17,11.67737332731041,-0.291332717190557,Day_4,Experiment_3,IR,Fair,0,Og. Pol
Unpolarized_A_IR,C4,725,975,29.0,39.0,1.70530256582424e-16,12.75344662030733,-0.1930017558599245,Day_4,Experiment_3,IR,Fair,0,Og. Pol
Unpolarized_A_IR,C4,750,1000,30.0,40.0,-5.400124791776761e-16,13.315532514081733,-0.123752564133305,Day_4,Experiment_3,IR,Fair,0,Og. Pol
Unpolarized_A_IR,C4,775,1025,31.0,41.0,2.842170943040401e-17,12.33957481468384,-0.356106316717051,Day_4,Experiment_3,IR,Fair,0,Og. Pol
Unpolarized_A_IR,C4,800,1050,32.0,42.0,5.684341886080802e-17,12.272833135461653,-0.4207036436876769,Day_4,Experiment_3,IR,Fair,0,Og. Pol
Unpolarized_A_IR,C4,825,1075,33.0,43.0,5.684341886080802e-17,11.79067979398862,-0.4043701446510515,Day_4,Experiment_3,IR,Fair,0,Og. Pol
Unpolarized_A_IR,C4,850,1100,34.0,44.0,1.1368683772161603e-16,12.745062400645118,-0.0936324216329739,Day_4,Experiment_3,IR,Fair,0,Og. Pol
Unpolarized_A_IR,C4,875,1125,35.0,45.0,-8.5265128291212e-17,11.7823027925865,-0.2428750056202653,Day_4,Experiment_3,IR,Fair,0,Og. Pol
Unpolarized_A_IR,C4,900,1150,36.0,46.0,-5.684341886080802e-17,11.675966083183477,-0.2596600672341947,Day_4,Experiment_3,IR,Fair,0,Og. Pol
Unpolarized_A_IR,C4,925,1175,37.0,47.0,-1.4210854715202004e-16,11.247157019484607,-0.1870245091930785,Day_4,Experiment_3,IR,Fair,0,Og. Pol
Unpolarized_A_IR,C4,950,1200,38.0,48.0,2.8421709430404013e-16,13.04626488685046,-0.1555233685905323,Day_4,Experiment_3,IR,Fair,0,Og. Pol
Unpolarized_A_IR,C4,975,1225,39.0,49.0,4.8316906031686895e-16,11.90844360718181,0.0045662081004636,Day_4,Experiment_3,IR,Fair,0,Og. Pol
Unpolarized_A_IR,C4,1000,1250,40.0,50.0,-5.684341886080802e-17,11.642302472481472,-0.049120843340223,Day_4,Experiment_3,IR,Fair,0,Og. Pol
Unpolarized_A_IR,C4,1025,1275,41.0,51.0,-5.684341886080802e-17,11.176483338290986,-0.0202103677033195,Day_4,Experiment_3,IR,Fair,0,Og. Pol
Unpolarized_A_IR,C4,1050,1300,42.0,52.0,5.684341886080802e-17,11.372199633371409,-0.1696513187636581,Day_4,Experiment_3,IR,Fair,0,Og. Pol
Unpolarized_A_IR,C4,1075,1325,43.0,53.0,1.9895196601282808e-16,11.028974212941083,-0.2057196031803715,Day_4,Experiment_3,IR,Fair,0,Og. Pol
Unpolarized_A_IR,C4,1100,1350,44.0,54.0,2.5579538487363605e-16,10.990671385850668,-0.1678338069803691,Day_4,Experiment_3,IR,Fair,0,Og. Pol
Unpolarized_A_IR,C4,1125,1375,45.0,55.0,-4.547473508864641e-16,30.708741236322396,1.693453420493276,Day_4,Experiment_3,IR,Fair,0,Og. Pol
Unpolarized_A_IR,C4,1150,1400,46.0,56.0,1.8189894035458565e-15,117.67903584812495,0.8933790174042398,Day_4,Experiment_3,IR,Fair,0,Og. Pol
Unpolarized_A_IR,C4,1175,1425,47.0,57.0,1.1937117960769684e-15,104.91357781360271,0.0838994703644101,Day_4,Experiment_3,IR,Fair,0,Og. Pol
Unpolarized_A_IR,C4,1200,1450,48.0,58.0,6.5369931689929285e-16,104.76526309140236,0.0639809806794876,Day_4,Experiment_3,IR,Fair,0,Og. Pol
Unpolarized_A_IR,C4,1225,1475,49.0,59.0,4.8316906031686895e-16,104.7288170244517,0.0577999603306565,Day_4,Experiment_3,IR,Fair,0,Og. Pol
Unpolarized_A_IR,C4,1250,1500,50.0,60.0,9.094947017729285e-16,105.75581091024186,0.0579309800167159,Day_4,Experiment_3,IR,Fair,0,Og. Pol
Unpolarized_A_IR,C4,1275,1525,51.0,61.0,9.094947017729285e-16,106.05435948870186,0.0222258033774842,Day_4,Experiment_3,IR,Fair,0,Og. Pol
Unpolarized_A_IR,C4,1300,1550,52.0,62.0,-1.2221335055073722e-15,106.0512707128682,0.0287080775540003,Day_4,Experiment_3,IR,Fair,0,Og. Pol
Unpolarized_A_IR,C4,1325,1575,53.0,63.0,-5.258016244624741e-16,106.1420877726304,0.0620715185274605,Day_4,Experiment_3,IR,Fair,0,Og. Pol
Unpolarized_A_IR,C4,1350,1600,54.0,64.0,-1.0231815394945442e-15,106.14027860322636,-0.0717000139737011,Day_4,Experiment_3,IR,Fair,0,Og. Pol
Unpolarized_A_IR,C4,1375,1625,55.0,65.0,8.86757334228605e-15,123.72943706575352,1.5897429325122228,Day_4,Experiment_3,IR,Fair,0,Og. Pol
Unpolarized_A_IR,C4,1400,1650,56.0,66.0,2.0463630789890884e-15,38.73239567872329,0.3442386258147803,Day_4,Experiment_3,IR,Fair,0,Og. Pol
Unpolarized_A_IR,C4,1425,1675,57.0,67.0,1.3073986337985845e-15,39.22514365360215,-0.656519067033736,Day_4,Experiment_3,IR,Fair,0,Og. Pol
Unpolarized_A_IR,C4,1450,1700,58.0,68.0,6.5369931689929285e-16,39.970456980030306,-0.8291930157744831,Day_4,Experiment_3,IR,Fair,0,Og. Pol
Unpolarized_A_IR,C4,1475,1725,59.0,69.0,0.0,39.77795891779974,-0.7945676663982536,Day_4,Experiment_3,IR,Fair,0,Og. Pol
Unpolarized_A_IR,C4,1500,1750,60.0,70.0,1.70530256582424e-16,36.77801948445365,-1.208871580825337,Day_4,Experiment_3,IR,Fair,0,Og. Pol
Unpolarized_A_IR,C4,1525,1775,61.0,71.0,0.0,36.70013720997113,-1.2790179263224668,Day_4,Experiment_3,IR,Fair,0,Og. Pol
Unpolarized_A_IR,C4,1550,1800,62.0,72.0,-1.1368683772161603e-16,36.98655473643402,-1.2478021752821702,Day_4,Experiment_3,IR,Fair,0,Og. Pol
Unpolarized_A_IR,C4,1575,1825,63.0,73.0,-2.8421709430404013e-16,36.71627251870922,-1.3575800876629631,Day_4,Experiment_3,IR,Fair,0,Og. Pol
Unpolarized_A_IR,C4,1600,1850,64.0,74.0,-2.5579538487363605e-16,36.658005094058126,-1.192086651758994,Day_4,Experiment_3,IR,Fair,0,Og. Pol
Unpolarized_A_IR,C4,1625,1875,65.0,75.0,-5.684341886080802e-17,35.56857975512954,-1.4238816542986688,Day_4,Experiment_3,IR,Fair,0,Og. Pol
Unpolarized_A_IR,C4,1650,1900,66.0,76.0,2.273736754432321e-15,20.641599653656435,2.000646724613618,Day_4,Experiment_3,IR,Fair,0,Og. Pol
Unpolarized_A_IR,C4,1675,1925,67.0,77.0,0.0,9.925170521132074,0.0114536424858826,Day_4,Experiment_3,IR,Fair,0,Og. Pol
Unpolarized_A_IR,C4,1700,1950,68.0,78.0,1.1368683772161603e-16,11.179905419290051,0.3017982017528035,Day_4,Experiment_3,IR,Fair,0,Og. Pol
Unpolarized_A_IR,C4,1725,1975,69.0,79.0,-1.9895196601282808e-16,10.69198733683125,0.0657710799137754,Day_4,Experiment_3,IR,Fair,0,Og. Pol
Unpolarized_A_IR,C4,1750,2000,70.0,80.0,-5.684341886080802e-17,10.893827359198031,0.0924677808641022,Day_4,Experiment_3,IR,Fair,0,Og. Pol
Unpolarized_A_IR,C4,1775,2025,71.0,81.0,2.131628207280301e-17,10.304880133483366,0.0382986594045498,Day_4,Experiment_3,IR,Fair,0,Og. Pol
Unpolarized_B_Green,C11,0,250,0.0,10.0,2.5579538487363605e-16,15.2587442689938,0.2525949303429213,Day_4,Experiment_3,IR,Fair,0,Og. Pol
Unpolarized_B_Green,C11,25,275,1.0,11.0,-1.4210854715202004e-16,15.03961720523012,0.2683211085476216,Day_4,Experiment_3,IR,Fair,0,Og. Pol
Unpolarized_B_Green,C11,50,300,2.0,12.0,-8.5265128291212e-17,15.474208615950358,-0.0110205294490246,Day_4,Experiment_3,IR,Fair,0,Og. Pol
Unpolarized_B_Green,C11,75,325,3.0,13.0,-3.410605131648481e-16,18.341686850087545,1.7786096075185036,Day_4,Experiment_3,IR,Fair,0,Og. Pol
Unpolarized_B_Green,C11,100,350,4.0,14.0,-1.1368683772161603e-16,9.098949501824878,0.1118434848260722,Day_4,Experiment_3,IR,Fair,0,Og. Pol
Unpolarized_B_Green,C11,125,375,5.0,15.0,8.5265128291212e-17,8.75694306977404,0.1729394822769707,Day_4,Experiment_3,IR,Fair,0,Og. Pol
Unpolarized_B_Green,C11,150,400,6.0,16.0,2.5579538487363605e-16,9.538055874522756,0.2788470582772585,Day_4,Experiment_3,IR,Fair,0,Og. Pol
Unpolarized_B_Green,C11,175,425,7.0,17.0,-9.947598300641404e-17,9.26154979109053,0.1328211098864442,Day_4,Experiment_3,IR,Fair,0,Og. Pol
Unpolarized_B_Green,C11,200,450,8.0,18.0,3.552713678800501e-17,8.424430008158254,0.1447901193309739,Day_4,Experiment_3,IR,Fair,0,Og. Pol
Unpolarized_B_Green,C11,225,475,9.0,19.0,9.237055564881302e-17,9.246815962932189,-0.0261800731320559,Day_4,Experiment_3,IR,Fair,0,Og. Pol
Unpolarized_B_Green,C11,250,500,10.0,20.0,-2.842170943040401e-17,9.045508860746155,-0.0354975252352474,Day_4,Experiment_3,IR,Fair,0,Og. Pol
Unpolarized_B_Green,C11,275,525,11.0,21.0,2.2737367544323206e-16,10.193109195658186,0.1238292996695618,Day_4,Experiment_3,IR,Fair,0,Og. Pol
Unpolarized_B_Green,C11,300,550,12.0,22.0,5.684341886080802e-17,8.925189318607526,0.0507851143281411,Day_4,Experiment_3,IR,Fair,0,Og. Pol
Unpolarized_B_Green,C11,325,575,13.0,23.0,7.105427357601002e-18,9.651061777922584,-0.2908530103575419,Day_4,Experiment_3,IR,Fair,0,Og. Pol
Unpolarized_B_Green,C11,350,600,14.0,24.0,5.684341886080802e-17,9.455015701267602,-0.0353319111207103,Day_4,Experiment_3,IR,Fair,0,Og. Pol
Unpolarized_B_Green,C11,375,625,15.0,25.0,3.6948222259525213e-16,9.952668296612057,0.1250939185548689,Day_4,Experiment_3,IR,Fair,0,Og. Pol
Unpolarized_B_Green,C11,400,650,16.0,26.0,-5.684341886080802e-17,9.41815531524241,-0.0523024733239618,Day_4,Experiment_3,IR,Fair,0,Og. Pol
Unpolarized_B_Green,C11,425,675,17.0,27.0,1.5631940186722203e-16,9.313706937535532,-0.0748273433714317,Day_4,Experiment_3,IR,Fair,0,Og. Pol
Unpolarized_B_Green,C11,450,700,18.0,28.0,-2.842170943040401e-17,9.62766799131165,-0.1730158437684232,Day_4,Experiment_3,IR,Fair,0,Og. Pol
Unpolarized_B_Green,C11,475,725,19.0,29.0,2.842170943040401e-17,10.879514935503952,0.2087825269906067,Day_4,Experiment_3,IR,Fair,0,Og. Pol
Unpolarized_B_Green,C11,500,750,20.0,30.0,8.5265128291212e-17,9.735711469364944,-0.0290292810696965,Day_4,Experiment_3,IR,Fair,0,Og. Pol
Unpolarized_B_Green,C11,525,775,21.0,31.0,-5.684341886080802e-17,10.046682644596071,-0.0158237638193805,Day_4,Experiment_3,IR,Fair,0,Og. Pol
Unpolarized_B_Green,C11,550,800,22.0,32.0,1.7763568394002506e-16,9.38418961761338,-0.0392654359343065,Day_4,Experiment_3,IR,Fair,0,Og. Pol
Unpolarized_B_Green,C11,575,825,23.0,33.0,-3.6948222259525213e-16,10.127540369440116,-0.0329490472966794,Day_4,Experiment_3,IR,Fair,0,Og. Pol
Unpolarized_B_Green,C11,600,850,24.0,34.0,-7.815970093361102e-17,9.542547830088752,-0.024937796710601,Day_4,Experiment_3,IR,Fair,0,Og. Pol
Unpolarized_B_Green,C11,625,875,25.0,35.0,-6.679101716144942e-16,9.878564377578757,-0.0692744700193515,Day_4,Experiment_3,IR,Fair,0,Og. Pol
Unpolarized_B_Green,C11,650,900,26.0,36.0,9.947598300641404e-17,9.296390164432111,0.1354234259571,Day_4,Experiment_3,IR,Fair,0,Og. Pol
Unpolarized_B_Green,C11,675,925,27.0,37.0,-9.947598300641404e-17,9.148300765087294,0.1435493721078783,Day_4,Experiment_3,IR,Fair,0,Og. Pol
Unpolarized_B_Green,C11,700,950,28.0,38.0,-9.947598300641404e-17,9.005023835130896,0.1070770748005697,Day_4,Experiment_3,IR,Fair,0,Og. Pol
Unpolarized_B_Green,C11,725,975,29.0,39.0,8.5265128291212e-17,9.925769128825614,-0.1425742482180385,Day_4,Experiment_3,IR,Fair,0,Og. Pol
Unpolarized_B_Green,C11,750,1000,30.0,40.0,-4.689582056016661e-16,10.208642545118874,0.1128520924530191,Day_4,Experiment_3,IR,Fair,0,Og. Pol
Unpolarized_B_Green,C11,775,1025,31.0,41.0,2.62900812231237e-16,9.516444409516284,-0.1100411836443149,Day_4,Experiment_3,IR,Fair,0,Og. Pol
Unpolarized_B_Green,C11,800,1050,32.0,42.0,7.105427357601002e-17,9.435480872418706,-0.0794897239141445,Day_4,Experiment_3,IR,Fair,0,Og. Pol
Unpolarized_B_Green,C11,825,1075,33.0,43.0,9.947598300641404e-17,9.711381654735623,-0.0572282952444407,Day_4,Experiment_3,IR,Fair,0,Og. Pol
Unpolarized_B_Green,C11,850,1100,34.0,44.0,-1.4210854715202004e-16,9.531704245713916,-0.202881819823533,Day_4,Experiment_3,IR,Fair,0,Og. Pol
Unpolarized_B_Green,C11,875,1125,35.0,45.0,-2.131628207280301e-17,9.359268814158265,-0.1157065811040342,Day_4,Experiment_3,IR,Fair,0,Og. Pol
Unpolarized_B_Green,C11,900,1150,36.0,46.0,-6.394884621840901e-17,9.899507620554674,-0.1963385310589349,Day_4,Experiment_3,IR,Fair,0,Og. Pol
Unpolarized_B_Green,C11,925,1175,37.0,47.0,1.1368683772161603e-16,9.810235207019383,0.0052919543418479,Day_4,Experiment_3,IR,Fair,0,Og. Pol
Unpolarized_B_Green,C11,950,1200,38.0,48.0,5.6843418860808095e-16,11.276994712207864,-0.0531850855948661,Day_4,Experiment_3,IR,Fair,0,Og. Pol
Unpolarized_B_Green,C11,975,1225,39.0,49.0,4.973799150320702e-17,9.562923223789404,0.1211887614112037,Day_4,Experiment_3,IR,Fair,0,Og. Pol
Unpolarized_B_Green,C11,1000,1250,40.0,50.0,0.0,9.819955710216794,0.045311802914199,Day_4,Experiment_3,IR,Fair,0,Og. Pol
Unpolarized_B_Green,C11,1025,1275,41.0,51.0,5.684341886080802e-17,9.391162048095282,0.0462978804755592,Day_4,Experiment_3,IR,Fair,0,Og. Pol
Unpolarized_B_Green,C11,1050,1300,42.0,52.0,7.105427357601002e-17,9.255733040277873,-0.0229907851252552,Day_4,Experiment_3,IR,Fair,0,Og. Pol
Unpolarized_B_Green,C11,1075,1325,43.0,53.0,-5.684341886080802e-17,9.45139332940587,-0.047989060288379,Day_4,Experiment_3,IR,Fair,0,Og. Pol
Unpolarized_B_Green,C11,1100,1350,44.0,54.0,9.947598300641404e-17,15.544349043874089,-0.1703397307543906,Day_4,Experiment_3,IR,Fair,0,Og. Pol
Unpolarized_B_Green,C11,1125,1375,45.0,55.0,1.1368683772161603e-16,16.157567879782928,0.3061935606929804,Day_4,Experiment_3,IR,Fair,0,Og. Pol
Unpolarized_B_Green,C11,1150,1400,46.0,56.0,1.70530256582424e-16,16.12379825210802,0.2278213826377604,Day_4,Experiment_3,IR,Fair,0,Og. Pol
Unpolarized_B_Green,C11,1175,1425,47.0,57.0,2.842170943040401e-17,15.132549860865142,0.4244014239577469,Day_4,Experiment_3,IR,Fair,0,Og. Pol
Unpolarized_B_Green,C11,1200,1450,48.0,58.0,-4.334310688136611e-16,15.185877492195566,0.5069914736290706,Day_4,Experiment_3,IR,Fair,0,Og. Pol
Unpolarized_B_Green,C11,1225,1475,49.0,59.0,2.2737367544323206e-16,15.22429117184935,0.541717044645547,Day_4,Experiment_3,IR,Fair,0,Og. Pol
Unpolarized_B_Green,C11,1250,1500,50.0,60.0,2.842170943040401e-17,15.605407624096705,0.4634484796746445,Day_4,Experiment_3,IR,Fair,0,Og. Pol
Unpolarized_B_Green,C11,1275,1525,51.0,61.0,-1.4210854715202004e-17,15.97410924309414,0.3495379919480854,Day_4,Experiment_3,IR,Fair,0,Og. Pol
Unpolarized_B_Green,C11,1300,1550,52.0,62.0,-2.842170943040401e-16,16.33677896899493,0.4233262855455865,Day_4,Experiment_3,IR,Fair,0,Og. Pol
Unpolarized_B_Green,C11,1325,1575,53.0,63.0,5.684341886080802e-17,15.892990018339804,0.2728715918229024,Day_4,Experiment_3,IR,Fair,0,Og. Pol
Unpolarized_B_Green,C11,1350,1600,54.0,64.0,-2.842170943040401e-16,11.263379669981962,0.3948258610212184,Day_4,Experiment_3,IR,Fair,0,Og. Pol
Unpolarized_B_Green,C11,1375,1625,55.0,65.0,2.842170943040401e-16,10.984096176985922,-0.1923729356059466,Day_4,Experiment_3,IR,Fair,0,Og. Pol
Unpolarized_B_Green,C11,1400,1650,56.0,66.0,-2.1316282072803e-16,10.546536939168236,-0.1190651117449223,Day_4,Experiment_3,IR,Fair,0,Og. Pol
Unpolarized_B_Green,C11,1425,1675,57.0,67.0,1.70530256582424e-16,11.696090518072136,0.004431975229959,Day_4,Experiment_3,IR,Fair,0,Og. Pol
Unpolarized_B_Green,C11,1450,1700,58.0,68.0,2.842170943040401e-17,11.3969667986102,-0.0176463678925424,Day_4,Experiment_3,IR,Fair,0,Og. Pol
Unpolarized_B_Green,C11,1475,1725,59.0,69.0,-4.547473508864641e-16,11.380793439519223,-0.0007472425980722,Day_4,Experiment_3,IR,Fair,0,Og. Pol
Unpolarized_B_Green,C11,1500,1750,60.0,70.0,2.2737367544323206e-16,9.72285919060186,-0.0432985002213673,Day_4,Experiment_3,IR,Fair,0,Og. Pol
Unpolarized_B_Green,C11,1525,1775,61.0,71.0,2.5579538487363605e-16,10.38253119844114,-0.0064342554027583,Day_4,Experiment_3,IR,Fair,0,Og. Pol
Unpolarized_B_Green,C11,1550,1800,62.0,72.0,-7.105427357601002e-17,10.159758559761332,-0.0639756815356755,Day_4,Experiment_3,IR,Fair,0,Og. Pol
Unpolarized_B_Green,C11,1575,1825,63.0,73.0,4.973799150320702e-17,10.074491874587425,0.0642574958270861,Day_4,Experiment_3,IR,Fair,0,Og. Pol
Unpolarized_B_Green,C11,1600,1850,64.0,74.0,2.2737367544323206e-16,10.28882211244451,0.1443403242099015,Day_4,Experiment_3,IR,Fair,0,Og. Pol
Unpolarized_B_Green,C11,1625,1875,65.0,75.0,1.4210854715202004e-17,9.964407920053748,0.1426874668635721,Day_4,Experiment_3,IR,Fair,0,Og. Pol
Unpolarized_B_Green,C11,1650,1900,66.0,76.0,-4.973799150320702e-16,9.781373345790575,0.0645224101641857,Day_4,Experiment_3,IR,Fair,0,Og. Pol
Unpolarized_B_Green,C11,1675,1925,67.0,77.0,5.684341886080802e-17,9.805901516880215,0.1819725461308847,Day_4,Experiment_3,IR,Fair,0,Og. Pol
Unpolarized_B_Green,C11,1700,1950,68.0,78.0,2.2737367544323206e-16,10.481506341530354,0.3300347336181057,Day_4,Experiment_3,IR,Fair,0,Og. Pol
Unpolarized_B_Green,C11,1725,1975,69.0,79.0,2.842170943040401e-17,9.9654247595791,0.1988967013003152,Day_4,Experiment_3,IR,Fair,0,Og. Pol
Unpolarized_B_Green,C11,1750,2000,70.0,80.0,3.979039320256561e-16,11.308789272187918,-0.1477694953051214,Day_4,Experiment_3,IR,Fair,0,Og. Pol
Unpolarized_B_Green,C11,1775,2025,71.0,81.0,-1.5631940186722203e-16,10.234575914471046,-0.0122367666990232,Day_4,Experiment_3,IR,Fair,0,Og. Pol
Unpolarized_B_Red,C8,0,250,0.0,10.0,1.70530256582424e-16,17.330666860745087,0.0374745546860314,Day_4,Experiment_3,IR,Fair,0,Og. Pol
Unpolarized_B_Red,C8,25,275,1.0,11.0,9.237055564881302e-17,15.051115260056354,0.1041070407633144,Day_4,Experiment_3,IR,Fair,0,Og. Pol
Unpolarized_B_Red,C8,50,300,2.0,12.0,-2.2737367544323206e-16,16.560964252639852,0.0423628837863861,Day_4,Experiment_3,IR,Fair,0,Og. Pol
Unpolarized_B_Red,C8,75,325,3.0,13.0,0.0,15.506335571223666,-0.0232781040148928,Day_4,Experiment_3,IR,Fair,0,Og. Pol
Unpolarized_B_Red,C8,100,350,4.0,14.0,-1.1368683772161603e-16,16.126360040486645,0.0109241229459695,Day_4,Experiment_3,IR,Fair,0,Og. Pol
Unpolarized_B_Red,C8,125,375,5.0,15.0,8.5265128291212e-17,15.769695844946936,-0.0389139525543703,Day_4,Experiment_3,IR,Fair,0,Og. Pol
Unpolarized_B_Red,C8,150,400,6.0,16.0,-3.979039320256561e-16,17.058173286546506,0.0538681610759826,Day_4,Experiment_3,IR,Fair,0,Og. Pol
Unpolarized_B_Red,C8,175,425,7.0,17.0,3.410605131648481e-16,15.84332811618832,0.0073731366391515,Day_4,Experiment_3,IR,Fair,0,Og. Pol
Unpolarized_B_Red,C8,200,450,8.0,18.0,4.547473508864641e-16,16.260701313410426,-0.0706728634665351,Day_4,Experiment_3,IR,Fair,0,Og. Pol
Unpolarized_B_Red,C8,225,475,9.0,19.0,-1.9895196601282808e-16,15.519462887967078,-0.0273450381223782,Day_4,Experiment_3,IR,Fair,0,Og. Pol
Unpolarized_B_Red,C8,250,500,10.0,20.0,5.115907697472721e-16,16.558173043997268,-0.0587766978495567,Day_4,Experiment_3,IR,Fair,0,Og. Pol
Unpolarized_B_Red,C8,275,525,11.0,21.0,7.105427357601002e-16,17.62804159407418,-0.0049592062543976,Day_4,Experiment_3,IR,Fair,0,Og. Pol
Unpolarized_B_Red,C8,300,550,12.0,22.0,-2.8421709430404013e-16,16.952802879775383,-0.0930715290243257,Day_4,Experiment_3,IR,Fair,0,Og. Pol
Unpolarized_B_Red,C8,325,575,13.0,23.0,-1.1368683772161603e-16,16.34624084130658,-0.094930542046685,Day_4,Experiment_3,IR,Fair,0,Og. Pol
Unpolarized_B_Red,C8,350,600,14.0,24.0,-4.547473508864641e-16,15.62049623137348,-0.0174592256237201,Day_4,Experiment_3,IR,Fair,0,Og. Pol
Unpolarized_B_Red,C8,375,625,15.0,25.0,3.410605131648481e-16,19.166780014738297,0.2298826258806816,Day_4,Experiment_3,IR,Fair,0,Og. Pol
Unpolarized_B_Red,C8,400,650,16.0,26.0,1.4210854715202004e-16,16.085022017523528,0.0980883559905309,Day_4,Experiment_3,IR,Fair,0,Og. Pol
Unpolarized_B_Red,C8,425,675,17.0,27.0,-2.984279490192421e-16,16.898450866432622,-0.0486535529528221,Day_4,Experiment_3,IR,Fair,0,Og. Pol
Unpolarized_B_Red,C8,450,700,18.0,28.0,-8.5265128291212e-17,16.164761162033738,-0.065328940153074,Day_4,Experiment_3,IR,Fair,0,Og. Pol
Unpolarized_B_Red,C8,475,725,19.0,29.0,2.8421709430404013e-16,17.50268018447817,0.0963437121963361,Day_4,Experiment_3,IR,Fair,0,Og. Pol
Unpolarized_B_Red,C8,500,750,20.0,30.0,1.1368683772161603e-16,15.68474977919326,-0.0481503162327016,Day_4,Experiment_3,IR,Fair,0,Og. Pol
Unpolarized_B_Red,C8,525,775,21.0,31.0,5.684341886080802e-17,16.828656083838215,0.1082659835345918,Day_4,Experiment_3,IR,Fair,0,Og. Pol
Unpolarized_B_Red,C8,550,800,22.0,32.0,-5.684341886080802e-17,15.130627953891183,-0.0296725564745634,Day_4,Experiment_3,IR,Fair,0,Og. Pol
Unpolarized_B_Red,C8,575,825,23.0,33.0,4.1922021409845914e-16,16.59553292304427,-0.0313068419763355,Day_4,Experiment_3,IR,Fair,0,Og. Pol
Unpolarized_B_Red,C8,600,850,24.0,34.0,-2.7000623958883806e-16,16.212690492084718,-0.098160838676082,Day_4,Experiment_3,IR,Fair,0,Og. Pol
Unpolarized_B_Red,C8,625,875,25.0,35.0,-9.094947017729285e-16,16.97502674323527,0.2579488197843567,Day_4,Experiment_3,IR,Fair,0,Og. Pol
Unpolarized_B_Red,C8,650,900,26.0,36.0,-8.100187187665142e-16,15.314259622262956,-0.012652307439213,Day_4,Experiment_3,IR,Fair,0,Og. Pol
Unpolarized_B_Red,C8,675,925,27.0,37.0,5.115907697472721e-16,15.22600747040438,0.0028320741998624,Day_4,Experiment_3,IR,Fair,0,Og. Pol
Unpolarized_B_Red,C8,700,950,28.0,38.0,-1.4210854715202004e-17,15.34459151566744,0.0018953848272969,Day_4,Experiment_3,IR,Fair,0,Og. Pol
Unpolarized_B_Red,C8,725,975,29.0,39.0,-1.1368683772161603e-16,15.165168004013578,-0.0508182165010805,Day_4,Experiment_3,IR,Fair,0,Og. Pol
Unpolarized_B_Red,C8,750,1000,30.0,40.0,3.410605131648481e-16,15.614665334723904,0.0691350120768388,Day_4,Experiment_3,IR,Fair,0,Og. Pol
Unpolarized_B_Red,C8,775,1025,31.0,41.0,-2.5579538487363605e-16,14.750165063314329,-0.032252060599126,Day_4,Experiment_3,IR,Fair,0,Og. Pol
Unpolarized_B_Red,C8,800,1050,32.0,42.0,-2.2737367544323206e-16,15.789792159217026,-0.0879711971129484,Day_4,Experiment_3,IR,Fair,0,Og. Pol
Unpolarized_B_Red,C8,825,1075,33.0,43.0,-2.2737367544323206e-16,15.774034088407443,-0.0764481833227927,Day_4,Experiment_3,IR,Fair,0,Og. Pol
Unpolarized_B_Red,C8,850,1100,34.0,44.0,1.0800249583553525e-15,17.364471624341874,-0.048974493402634,Day_4,Experiment_3,IR,Fair,0,Og. Pol
Unpolarized_B_Red,C8,875,1125,35.0,45.0,0.0,15.29641727273252,-0.1308930626458079,Day_4,Experiment_3,IR,Fair,0,Og. Pol
Unpolarized_B_Red,C8,900,1150,36.0,46.0,-1.4210854715202004e-16,15.279917208131511,-0.104626809256951,Day_4,Experiment_3,IR,Fair,0,Og. Pol
Unpolarized_B_Red,C8,925,1175,37.0,47.0,-1.1368683772161603e-16,15.947491164469934,-0.2087141695294269,Day_4,Experiment_3,IR,Fair,0,Og. Pol
Unpolarized_B_Red,C8,950,1200,38.0,48.0,6.821210263296962e-16,17.194122254093358,-0.0798511205228858,Day_4,Experiment_3,IR,Fair,0,Og. Pol
Unpolarized_B_Red,C8,975,1225,39.0,49.0,5.684341886080802e-17,15.871999962113504,-0.05691890269415,Day_4,Experiment_3,IR,Fair,0,Og. Pol
Unpolarized_B_Red,C8,1000,1250,40.0,50.0,6.252776074688881e-16,16.940706541613334,-0.1269608041224715,Day_4,Experiment_3,IR,Fair,0,Og. Pol
Unpolarized_B_Red,C8,1025,1275,41.0,51.0,-8.384404281969189e-16,16.251740028089255,-0.0736591857216093,Day_4,Experiment_3,IR,Fair,0,Og. Pol
Unpolarized_B_Red,C8,1050,1300,42.0,52.0,-2.2737367544323206e-16,16.883522321558235,-0.0551291257270702,Day_4,Experiment_3,IR,Fair,0,Og. Pol
Unpolarized_B_Red,C8,1075,1325,43.0,53.0,4.2632564145606006e-17,16.23326321576561,-0.0230214262936467,Day_4,Experiment_3,IR,Fair,0,Og. Pol
Unpolarized_B_Red,C8,1100,1350,44.0,54.0,3.979039320256561e-16,16.528782128557413,-0.0744056523055857,Day_4,Experiment_3,IR,Fair,0,Og. Pol
Unpolarized_B_Red,C8,1125,1375,45.0,55.0,-9.663381206337365e-16,18.085792427868277,0.0985355713633966,Day_4,Experiment_3,IR,Fair,0,Og. Pol
Unpolarized_B_Red,C8,1150,1400,46.0,56.0,-4.547473508864641e-16,16.55643524930675,-0.0259145197725553,Day_4,Experiment_3,IR,Fair,0,Og. Pol
Unpolarized_B_Red,C8,1175,1425,47.0,57.0,-4.547473508864641e-16,17.396387456964025,-0.0594221136827981,Day_4,Experiment_3,IR,Fair,0,Og. Pol
Unpolarized_B_Red,C8,1200,1450,48.0,58.0,0.0,17.313221151732996,0.0551398126554103,Day_4,Experiment_3,IR,Fair,0,Og. Pol
Unpolarized_B_Red,C8,1225,1475,49.0,59.0,-3.410605131648481e-16,18.763530072999473,0.0851882115131192,Day_4,Experiment_3,IR,Fair,0,Og. Pol
Unpolarized_B_Red,C8,1250,1500,50.0,60.0,-4.547473508864641e-16,17.580253310263796,0.0439358234315994,Day_4,Experiment_3,IR,Fair,0,Og. Pol
Unpolarized_B_Red,C8,1275,1525,51.0,61.0,-1.70530256582424e-16,17.196431968854288,-0.0192495532858538,Day_4,Experiment_3,IR,Fair,0,Og. Pol
Unpolarized_B_Red,C8,1300,1550,52.0,62.0,-1.70530256582424e-16,16.709475139164123,-0.0328965398284854,Day_4,Experiment_3,IR,Fair,0,Og. Pol
Unpolarized_B_Red,C8,1325,1575,53.0,63.0,7.3896444519050485e-16,18.95426733617843,0.1122573187400473,Day_4,Experiment_3,IR,Fair,0,Og. Pol
Unpolarized_B_Red,C8,1350,1600,54.0,64.0,-5.115907697472721e-16,19.63230130070794,0.060051733205566,Day_4,Experiment_3,IR,Fair,0,Og. Pol
Unpolarized_B_Red,C8,1375,1625,55.0,65.0,-1.1368683772161605e-15,20.19993943301537,-0.0862641989289462,Day_4,Experiment_3,IR,Fair,0,Og. Pol
Unpolarized_B_Red,C8,1400,1650,56.0,66.0,-2.8421709430404013e-16,19.600427231749176,-0.1315016042542429,Day_4,Experiment_3,IR,Fair,0,Og. Pol
Unpolarized_B_Red,C8,1425,1675,57.0,67.0,3.979039320256561e-16,20.376052293566996,-0.1446400565619973,Day_4,Experiment_3,IR,Fair,0,Og. Pol
Unpolarized_B_Red,C8,1450,1700,58.0,68.0,1.1368683772161603e-16,18.8204168756689,-0.0940452115282639,Day_4,Experiment_3,IR,Fair,0,Og. Pol
Unpolarized_B_Red,C8,1475,1725,59.0,69.0,-6.821210263296962e-16,19.31571456109105,-0.080938406694282,Day_4,Experiment_3,IR,Fair,0,Og. Pol
Unpolarized_B_Red,C8,1500,1750,60.0,70.0,5.684341886080802e-17,18.91542821879224,-0.1032823463956966,Day_4,Experiment_3,IR,Fair,0,Og. Pol
Unpolarized_B_Red,C8,1525,1775,61.0,71.0,2.2737367544323206e-16,18.698994144571017,-0.0562784749165791,Day_4,Experiment_3,IR,Fair,0,Og. Pol
Unpolarized_B_Red,C8,1550,1800,62.0,72.0,-3.1263880373444406e-16,18.53150604481172,-0.2056785564111075,Day_4,Experiment_3,IR,Fair,0,Og. Pol
Unpolarized_B_Red,C8,1575,1825,63.0,73.0,-2.8421709430404013e-16,17.06141509168082,0.1945403608946679,Day_4,Experiment_3,IR,Fair,0,Og. Pol
Unpolarized_B_Red,C8,1600,1850,64.0,74.0,-1.9895196601282808e-16,16.368294758835717,0.1171666238543716,Day_4,Experiment_3,IR,Fair,0,Og. Pol
Unpolarized_B_Red,C8,1625,1875,65.0,75.0,-1.1368683772161603e-16,15.34141552061086,-0.0543298392153321,Day_4,Experiment_3,IR,Fair,0,Og. Pol
Unpolarized_B_Red,C8,1650,1900,66.0,76.0,-6.252776074688881e-16,17.18700948566905,-0.0953398132687902,Day_4,Experiment_3,IR,Fair,0,Og. Pol
Unpolarized_B_Red,C8,1675,1925,67.0,77.0,-5.684341886080802e-17,16.533638172287684,0.0157395816413884,Day_4,Experiment_3,IR,Fair,0,Og. Pol
Unpolarized_B_Red,C8,1700,1950,68.0,78.0,1.1084466677857565e-15,17.39671992429491,-0.0358946570819539,Day_4,Experiment_3,IR,Fair,0,Og. Pol
Unpolarized_B_Red,C8,1725,1975,69.0,79.0,2.2737367544323206e-16,15.964725682669304,-0.0290729439690705,Day_4,Experiment_3,IR,Fair,0,Og. Pol
Unpolarized_B_Red,C8,1750,2000,70.0,80.0,-1.70530256582424e-16,16.216626177307155,0.0097399270792211,Day_4,Experiment_3,IR,Fair,0,Og. Pol
Unpolarized_B_Red,C8,1775,2025,71.0,81.0,-5.684341886080802e-17,16.135083251216727,-0.0534878673069674,Day_4,Experiment_3,IR,Fair,0,Og. Pol
Unpolarized_B_IR,C10,0,250,0.0,10.0,4.547473508864641e-16,34.933763296561246,-0.0802586453924564,Day_4,Experiment_3,IR,Fair,0,Og. Pol
Unpolarized_B_IR,C10,25,275,1.0,11.0,2.842170943040401e-17,32.99121129818075,-0.0802044820676225,Day_4,Experiment_3,IR,Fair,0,Og. Pol
Unpolarized_B_IR,C10,50,300,2.0,12.0,-1.70530256582424e-16,34.29113361208931,-0.1127866910354523,Day_4,Experiment_3,IR,Fair,0,Og. Pol
Unpolarized_B_IR,C10,75,325,3.0,13.0,5.115907697472721e-16,33.27156146280334,-0.1578861081114506,Day_4,Experiment_3,IR,Fair,0,Og. Pol
Unpolarized_B_IR,C10,100,350,4.0,14.0,0.0,35.41872811842809,0.1098596003732381,Day_4,Experiment_3,IR,Fair,0,Og. Pol
Unpolarized_B_IR,C10,125,375,5.0,15.0,1.2505552149377765e-15,34.57072853384213,-0.4053327650501243,Day_4,Experiment_3,IR,Fair,0,Og. Pol
Unpolarized_B_IR,C10,150,400,6.0,16.0,2.842170943040401e-16,27.632850383915287,0.0638761998866547,Day_4,Experiment_3,IR,Fair,0,Og. Pol
Unpolarized_B_IR,C10,175,425,7.0,17.0,2.2737367544323206e-16,26.500533001313027,0.0193853648093607,Day_4,Experiment_3,IR,Fair,0,Og. Pol
Unpolarized_B_IR,C10,200,450,8.0,18.0,-2.842170943040401e-16,27.127344374954184,-0.000593476033788,Day_4,Experiment_3,IR,Fair,0,Og. Pol
Unpolarized_B_IR,C10,225,475,9.0,19.0,1.9895196601282808e-16,26.493714202645155,0.0008454157351623,Day_4,Experiment_3,IR,Fair,0,Og. Pol
Unpolarized_B_IR,C10,250,500,10.0,20.0,0.0,27.241613509911534,0.0781909254511356,Day_4,Experiment_3,IR,Fair,0,Og. Pol
Unpolarized_B_IR,C10,275,525,11.0,21.0,6.252776074688881e-16,27.12476583434987,0.0409965282883048,Day_4,Experiment_3,IR,Fair,0,Og. Pol
Unpolarized_B_IR,C10,300,550,12.0,22.0,-2.2737367544323206e-16,25.851853175932355,0.0177326391788775,Day_4,Experiment_3,IR,Fair,0,Og. Pol
Unpolarized_B_IR,C10,325,575,13.0,23.0,-2.7000623958883806e-16,25.475835333983127,-0.0410199060894257,Day_4,Experiment_3,IR,Fair,0,Og. Pol
Unpolarized_B_IR,C10,350,600,14.0,24.0,-1.1368683772161603e-16,24.309236482505288,-0.0475690718715495,Day_4,Experiment_3,IR,Fair,0,Og. Pol
Unpolarized_B_IR,C10,375,625,15.0,25.0,2.614797267597169e-15,26.95528217389639,0.0437337182918029,Day_4,Experiment_3,IR,Fair,0,Og. Pol
Unpolarized_B_IR,C10,400,650,16.0,26.0,5.684341886080802e-17,23.63121511134225,0.0168646271796091,Day_4,Experiment_3,IR,Fair,0,Og. Pol
Unpolarized_B_IR,C10,425,675,17.0,27.0,-5.684341886080808e-16,25.384987230505303,-0.0893972633765022,Day_4,Experiment_3,IR,Fair,0,Og. Pol
Unpolarized_B_IR,C10,450,700,18.0,28.0,-1.70530256582424e-16,24.383863170330702,-0.0442584249690049,Day_4,Experiment_3,IR,Fair,0,Og. Pol
Unpolarized_B_IR,C10,475,725,19.0,29.0,-9.094947017729285e-16,27.340706899352803,0.0180741313109519,Day_4,Experiment_3,IR,Fair,0,Og. Pol
Unpolarized_B_IR,C10,500,750,20.0,30.0,-1.70530256582424e-16,24.69744226183728,0.0522560975308386,Day_4,Experiment_3,IR,Fair,0,Og. Pol
Unpolarized_B_IR,C10,525,775,21.0,31.0,7.958078640513122e-16,25.893019716281614,0.1187158320999826,Day_4,Experiment_3,IR,Fair,0,Og. Pol
Unpolarized_B_IR,C10,550,800,22.0,32.0,-1.1368683772161603e-16,24.033821320781385,-0.0548315117257471,Day_4,Experiment_3,IR,Fair,0,Og. Pol
Unpolarized_B_IR,C10,575,825,23.0,33.0,2.2737367544323206e-16,26.856230159211812,0.0098465500072462,Day_4,Experiment_3,IR,Fair,0,Og. Pol
Unpolarized_B_IR,C10,600,850,24.0,34.0,6.252776074688881e-16,26.118382923322624,-0.0538401514652906,Day_4,Experiment_3,IR,Fair,0,Og. Pol
Unpolarized_B_IR,C10,625,875,25.0,35.0,1.3642420526593924e-15,27.17970328703577,0.0315857848127353,Day_4,Experiment_3,IR,Fair,0,Og. Pol
Unpolarized_B_IR,C10,650,900,26.0,36.0,8.810729923425242e-16,26.081626687496495,-0.032330511588038,Day_4,Experiment_3,IR,Fair,0,Og. Pol
Unpolarized_B_IR,C10,675,925,27.0,37.0,6.252776074688881e-16,26.127264937883872,-0.0531376839554482,Day_4,Experiment_3,IR,Fair,0,Og. Pol
Unpolarized_B_IR,C10,700,950,28.0,38.0,5.115907697472721e-16,25.43818752929777,-0.0760970879287951,Day_4,Experiment_3,IR,Fair,0,Og. Pol
Unpolarized_B_IR,C10,725,975,29.0,39.0,-1.1368683772161603e-16,27.08547365314068,0.0274846273068292,Day_4,Experiment_3,IR,Fair,0,Og. Pol
Unpolarized_B_IR,C10,750,1000,30.0,40.0,8.526512829121202e-16,27.55522412302084,0.016219626062321,Day_4,Experiment_3,IR,Fair,0,Og. Pol
Unpolarized_B_IR,C10,775,1025,31.0,41.0,3.410605131648481e-16,25.333171344721023,-0.0938282222160396,Day_4,Experiment_3,IR,Fair,0,Og. Pol
Unpolarized_B_IR,C10,800,1050,32.0,42.0,-1.0800249583553525e-15,25.59744970602895,-0.120783871820754,Day_4,Experiment_3,IR,Fair,0,Og. Pol
Unpolarized_B_IR,C10,825,1075,33.0,43.0,5.115907697472721e-16,25.250409357702974,-0.0867833817826883,Day_4,Experiment_3,IR,Fair,0,Og. Pol
Unpolarized_B_IR,C10,850,1100,34.0,44.0,-7.958078640513122e-16,28.021036354359932,0.1088498924571059,Day_4,Experiment_3,IR,Fair,0,Og. Pol
Unpolarized_B_IR,C10,875,1125,35.0,45.0,5.115907697472721e-16,25.219478631876335,-0.031761696165638,Day_4,Experiment_3,IR,Fair,0,Og. Pol
Unpolarized_B_IR,C10,900,1150,36.0,46.0,2.2737367544323206e-16,26.310202540676176,-0.1076016610475835,Day_4,Experiment_3,IR,Fair,0,Og. Pol
Unpolarized_B_IR,C10,925,1175,37.0,47.0,-1.70530256582424e-16,25.39157123273922,-0.0934158626721294,Day_4,Experiment_3,IR,Fair,0,Og. Pol
Unpolarized_B_IR,C10,950,1200,38.0,48.0,1.2505552149377765e-15,28.760402969747883,-0.0781094690031548,Day_4,Experiment_3,IR,Fair,0,Og. Pol
Unpolarized_B_IR,C10,975,1225,39.0,49.0,-2.842170943040401e-16,26.09648876826514,0.026934190638382,Day_4,Experiment_3,IR,Fair,0,Og. Pol
Unpolarized_B_IR,C10,1000,1250,40.0,50.0,3.410605131648481e-16,27.143648877491874,-0.0452582384508005,Day_4,Experiment_3,IR,Fair,0,Og. Pol
Unpolarized_B_IR,C10,1025,1275,41.0,51.0,-1.70530256582424e-16,25.80963976095541,-0.0484809509486888,Day_4,Experiment_3,IR,Fair,0,Og. Pol
Unpolarized_B_IR,C10,1050,1300,42.0,52.0,-4.547473508864641e-16,27.14866660131538,-0.1034459117208766,Day_4,Experiment_3,IR,Fair,0,Og. Pol
Unpolarized_B_IR,C10,1075,1325,43.0,53.0,3.6948222259525213e-16,26.427590039153472,-0.0905118535834416,Day_4,Experiment_3,IR,Fair,0,Og. Pol
Unpolarized_B_IR,C10,1100,1350,44.0,54.0,4.547473508864641e-16,26.76691885226449,0.0010566631612899,Day_4,Experiment_3,IR,Fair,0,Og. Pol
Unpolarized_B_IR,C10,1125,1375,45.0,55.0,-2.2737367544323206e-16,27.549471498593743,0.0851859256975632,Day_4,Experiment_3,IR,Fair,0,Og. Pol
Unpolarized_B_IR,C10,1150,1400,46.0,56.0,0.0,29.67761794291244,0.1756124724663386,Day_4,Experiment_3,IR,Fair,0,Og. Pol
Unpolarized_B_IR,C10,1175,1425,47.0,57.0,0.0,30.388807122890945,-0.1001638974929159,Day_4,Experiment_3,IR,Fair,0,Og. Pol
Unpolarized_B_IR,C10,1200,1450,48.0,58.0,1.1368683772161603e-16,30.14383069745563,0.035622283429301,Day_4,Experiment_3,IR,Fair,0,Og. Pol
Unpolarized_B_IR,C10,1225,1475,49.0,59.0,-5.684341886080808e-16,30.75761604909201,-0.0644055733984136,Day_4,Experiment_3,IR,Fair,0,Og. Pol
Unpolarized_B_IR,C10,1250,1500,50.0,60.0,2.2737367544323206e-16,28.420403299908592,0.0199103573111659,Day_4,Experiment_3,IR,Fair,0,Og. Pol
Unpolarized_B_IR,C10,1275,1525,51.0,61.0,3.410605131648481e-16,29.597204678723887,-0.0744582768263902,Day_4,Experiment_3,IR,Fair,0,Og. Pol
Unpolarized_B_IR,C10,1300,1550,52.0,62.0,-5.684341886080808e-16,28.7439298802533,-0.0430545067678478,Day_4,Experiment_3,IR,Fair,0,Og. Pol
Unpolarized_B_IR,C10,1325,1575,53.0,63.0,2.2737367544323206e-16,30.63010419697331,0.0570254306948403,Day_4,Experiment_3,IR,Fair,0,Og. Pol
Unpolarized_B_IR,C10,1350,1600,54.0,64.0,-1.4210854715202004e-16,29.451475319153783,-0.029104335863694,Day_4,Experiment_3,IR,Fair,0,Og. Pol
Unpolarized_B_IR,C10,1375,1625,55.0,65.0,9.094947017729285e-16,31.60841855810351,0.3121583139125232,Day_4,Experiment_3,IR,Fair,0,Og. Pol
Unpolarized_B_IR,C10,1400,1650,56.0,66.0,2.2737367544323206e-16,25.965169697297657,-0.0676113009925545,Day_4,Experiment_3,IR,Fair,0,Og. Pol
Unpolarized_B_IR,C10,1425,1675,57.0,67.0,-3.410605131648481e-16,28.392409102465724,-0.0400832049675851,Day_4,Experiment_3,IR,Fair,0,Og. Pol
Unpolarized_B_IR,C10,1450,1700,58.0,68.0,3.836930773104541e-16,26.51495441453584,0.0170465012727522,Day_4,Experiment_3,IR,Fair,0,Og. Pol
Unpolarized_B_IR,C10,1475,1725,59.0,69.0,-5.684341886080808e-16,26.966367750753044,0.022125032612707,Day_4,Experiment_3,IR,Fair,0,Og. Pol
Unpolarized_B_IR,C10,1500,1750,60.0,70.0,-3.410605131648481e-16,25.91736106421253,-0.0059793177230407,Day_4,Experiment_3,IR,Fair,0,Og. Pol
Unpolarized_B_IR,C10,1525,1775,61.0,71.0,1.1368683772161603e-16,26.299423847174733,0.0335037903551709,Day_4,Experiment_3,IR,Fair,0,Og. Pol
Unpolarized_B_IR,C10,1550,1800,62.0,72.0,-3.552713678800501e-16,26.74253359293332,-0.0646036267270046,Day_4,Experiment_3,IR,Fair,0,Og. Pol
Unpolarized_B_IR,C10,1575,1825,63.0,73.0,-3.410605131648481e-16,26.81988168794398,-0.0047204263823361,Day_4,Experiment_3,IR,Fair,0,Og. Pol
Unpolarized_B_IR,C10,1600,1850,64.0,74.0,-3.410605131648481e-16,27.19700051129938,0.1056552507717852,Day_4,Experiment_3,IR,Fair,0,Og. Pol
Unpolarized_B_IR,C10,1625,1875,65.0,75.0,1.3642420526593924e-15,25.223432015067964,0.0086342090071711,Day_4,Experiment_3,IR,Fair,0,Og. Pol
Unpolarized_B_IR,C10,1650,1900,66.0,76.0,3.979039320256561e-16,24.831695267268344,-0.0387513515299828,Day_4,Experiment_3,IR,Fair,0,Og. Pol
Unpolarized_B_IR,C10,1675,1925,67.0,77.0,4.547473508864641e-16,24.748493109279444,0.0217031188007966,Day_4,Experiment_3,IR,Fair,0,Og. Pol
Unpolarized_B_IR,C10,1700,1950,68.0,78.0,-5.684341886080808e-16,27.540238531077808,0.160201484382903,Day_4,Experiment_3,IR,Fair,0,Og. Pol
Unpolarized_B_IR,C10,1725,1975,69.0,79.0,5.684341886080802e-17,24.765167391120723,0.0473415232937927,Day_4,Experiment_3,IR,Fair,0,Og. Pol
Unpolarized_B_IR,C10,1750,2000,70.0,80.0,-2.2737367544323206e-16,25.95359344050056,-0.0608809785939523,Day_4,Experiment_3,IR,Fair,0,Og. Pol
Unpolarized_B_IR,C10,1775,2025,71.0,81.0,-1.70530256582424e-16,24.798698558377772,-0.0306937019677946,Day_4,Experiment_3,IR,Fair,0,Og. Pol
Co-Polarized_Green,C13,0,250,0.0,10.0,5.684341886080802e-17,19.869760814227785,0.1475696829711884,Day_4,Experiment_3,IR,Fair,0,Og. Pol
Co-Polarized_Green,C13,25,275,1.0,11.0,-5.4569682106375695e-15,243.7489136204386,3.248855684456315,Day_4,Experiment_3,IR,Fair,0,Og. Pol
Co-Polarized_Green,C13,50,300,2.0,12.0,2.0463630789890884e-15,267.12588407285915,0.3337727932015075,Day_4,Experiment_3,IR,Fair,0,Og. Pol
Co-Polarized_Green,C13,75,325,3.0,13.0,-5.684341886080802e-15,266.84724754755297,0.7344814482142216,Day_4,Experiment_3,IR,Fair,0,Og. Pol
Co-Polarized_Green,C13,100,350,4.0,14.0,3.183231456205249e-15,267.69580564769143,0.6327077853770049,Day_4,Experiment_3,IR,Fair,0,Og. Pol
Co-Polarized_Green,C13,125,375,5.0,15.0,-9.094947017729285e-16,267.7154339122601,0.6873750555797353,Day_4,Experiment_3,IR,Fair,0,Og. Pol
Co-Polarized_Green,C13,150,400,6.0,16.0,-1.8189894035458565e-15,267.9048607626169,0.6748562232548857,Day_4,Experiment_3,IR,Fair,0,Og. Pol
Co-Polarized_Green,C13,175,425,7.0,17.0,0.0,267.86382459359567,0.6774588112376271,Day_4,Experiment_3,IR,Fair,0,Og. Pol
Co-Polarized_Green,C13,200,450,8.0,18.0,-2.1600499167107045e-15,267.8003210805426,0.7140256833551986,Day_4,Experiment_3,IR,Fair,0,Og. Pol
Co-Polarized_Green,C13,225,475,9.0,19.0,-2.1032064978498964e-15,267.11650348350514,0.6030550901195877,Day_4,Experiment_3,IR,Fair,0,Og. Pol
Co-Polarized_Green,C13,250,500,10.0,20.0,4.206412995699793e-15,262.12747876336255,0.4554412805518676,Day_4,Experiment_3,IR,Fair,0,Og. Pol
Co-Polarized_Green,C13,275,525,11.0,21.0,7.73070496506989e-15,107.49477295379384,-3.39178587037991,Day_4,Experiment_3,IR,Fair,0,Og. Pol
Co-Polarized_Green,C13,300,550,12.0,22.0,7.105427357601002e-17,17.235528666338226,0.2072719546625105,Day_4,Experiment_3,IR,Fair,0,Og. Pol
Co-Polarized_Green,C13,325,575,13.0,23.0,3.836930773104541e-16,19.512173693728094,-0.1178188637407728,Day_4,Experiment_3,IR,Fair,0,Og. Pol
Co-Polarized_Green,C13,350,600,14.0,24.0,-5.684341886080807e-16,19.079978467312188,0.1751767236693147,Day_4,Experiment_3,IR,Fair,0,Og. Pol
Co-Polarized_Green,C13,375,625,15.0,25.0,7.389644451905047e-16,20.652194415320356,0.2822509108040111,Day_4,Experiment_3,IR,Fair,0,Og. Pol
Co-Polarized_Green,C13,400,650,16.0,26.0,1.1368683772161603e-16,18.27655854071778,0.098044491399321,Day_4,Experiment_3,IR,Fair,0,Og. Pol
Co-Polarized_Green,C13,425,675,17.0,27.0,3.410605131648481e-16,19.22744012633448,0.1016089349954038,Day_4,Experiment_3,IR,Fair,0,Og. Pol
Co-Polarized_Green,C13,450,700,18.0,28.0,-6.821210263296962e-16,18.19437558215501,0.1301511321295222,Day_4,Experiment_3,IR,Fair,0,Og. Pol
Co-Polarized_Green,C13,475,725,19.0,29.0,-1.3216094885137865e-15,19.26657550296675,-0.0363343489888313,Day_4,Experiment_3,IR,Fair,0,Og. Pol
Co-Polarized_Green,C13,500,750,20.0,30.0,-8.5265128291212e-17,18.050948207994463,0.0613658780073125,Day_4,Experiment_3,IR,Fair,0,Og. Pol
Co-Polarized_Green,C13,525,775,21.0,31.0,-6.252776074688881e-16,19.037632102248264,-0.0109884959572933,Day_4,Experiment_3,IR,Fair,0,Og. Pol
Co-Polarized_Green,C13,550,800,22.0,32.0,3.1263880373444406e-16,18.269014931952594,-0.0787062177623215,Day_4,Experiment_3,IR,Fair,0,Og. Pol
Co-Polarized_Green,C13,575,825,23.0,33.0,2.1316282072803002e-16,21.859087847731686,-0.0107604048950346,Day_4,Experiment_3,IR,Fair,0,Og. Pol
Co-Polarized_Green,C13,600,850,24.0,34.0,5.684341886080802e-17,21.937181423942516,-0.0914340592751214,Day_4,Experiment_3,IR,Fair,0,Og. Pol
Co-Polarized_Green,C13,625,875,25.0,35.0,-3.410605131648481e-16,21.43516509426905,-0.0712591351151343,Day_4,Experiment_3,IR,Fair,0,Og. Pol
Co-Polarized_Green,C13,650,900,26.0,36.0,3.1263880373444406e-16,20.677650333657866,-0.0572705605363721,Day_4,Experiment_3,IR,Fair,0,Og. Pol
Co-Polarized_Green,C13,675,925,27.0,37.0,5.684341886080807e-16,19.959856468724748,0.0078572996961128,Day_4,Experiment_3,IR,Fair,0,Og. Pol
Co-Polarized_Green,C13,700,950,28.0,38.0,0.0,20.7420300259565,-0.010788981111701,Day_4,Experiment_3,IR,Fair,0,Og. Pol
Co-Polarized_Green,C13,725,975,29.0,39.0,-1.4210854715202004e-16,20.424744574646184,0.0915605627920559,Day_4,Experiment_3,IR,Fair,0,Og. Pol
Co-Polarized_Green,C13,750,1000,30.0,40.0,3.410605131648481e-16,21.449593383347985,0.1597996653010761,Day_4,Experiment_3,IR,Fair,0,Og. Pol
Co-Polarized_Green,C13,775,1025,31.0,41.0,6.252776074688881e-16,20.898471992132933,0.107298701373545,Day_4,Experiment_3,IR,Fair,0,Og. Pol
Co-Polarized_Green,C13,800,1050,32.0,42.0,-5.115907697472721e-16,20.69321460795615,0.2061765900387498,Day_4,Experiment_3,IR,Fair,0,Og. Pol
Co-Polarized_Green,C13,825,1075,33.0,43.0,1.1368683772161603e-16,20.003601404058923,0.137483362470609,Day_4,Experiment_3,IR,Fair,0,Og. Pol
Co-Polarized_Green,C13,850,1100,34.0,44.0,5.115907697472721e-16,20.928725846011115,0.1305514515986142,Day_4,Experiment_3,IR,Fair,0,Og. Pol
Co-Polarized_Green,C13,875,1125,35.0,45.0,-8.526512829121202e-16,20.404628320744383,0.1476075233499009,Day_4,Experiment_3,IR,Fair,0,Og. Pol
Co-Polarized_Green,C13,900,1150,36.0,46.0,-8.5265128291212e-17,22.143473357413313,-0.1084105684019165,Day_4,Experiment_3,IR,Fair,0,Og. Pol
Co-Polarized_Green,C13,925,1175,37.0,47.0,-4.831690603168687e-16,20.099057295823368,-0.0035908250186235,Day_4,Experiment_3,IR,Fair,0,Og. Pol
Co-Polarized_Green,C13,950,1200,38.0,48.0,2.8421709430404013e-16,20.561472122371327,-0.0632867560312647,Day_4,Experiment_3,IR,Fair,0,Og. Pol
Co-Polarized_Green,C13,975,1225,39.0,49.0,5.400124791776761e-16,21.78148942978773,-0.0717792930364935,Day_4,Experiment_3,IR,Fair,0,Og. Pol
Co-Polarized_Green,C13,1000,1250,40.0,50.0,0.0,21.188141479670534,-0.0137375042851017,Day_4,Experiment_3,IR,Fair,0,Og. Pol
Co-Polarized_Green,C13,1025,1275,41.0,51.0,1.5631940186722203e-16,20.49337850262069,-0.009015417988922,Day_4,Experiment_3,IR,Fair,0,Og. Pol
Co-Polarized_Green,C13,1050,1300,42.0,52.0,-1.2505552149377765e-15,22.272477161493065,0.0007928456230844,Day_4,Experiment_3,IR,Fair,0,Og. Pol
Co-Polarized_Green,C13,1075,1325,43.0,53.0,-1.4210854715202004e-16,19.24436976524662,0.1297879135255772,Day_4,Experiment_3,IR,Fair,0,Og. Pol
Co-Polarized_Green,C13,1100,1350,44.0,54.0,-2.8421709430404013e-16,21.438884129537204,0.0646938256829378,Day_4,Experiment_3,IR,Fair,0,Og. Pol
Co-Polarized_Green,C13,1125,1375,45.0,55.0,-9.094947017729285e-16,20.7120732539134,-0.0534867327955294,Day_4,Experiment_3,IR,Fair,0,Og. Pol
Co-Polarized_Green,C13,1150,1400,46.0,56.0,0.0,20.76291714013542,-0.0859981131854671,Day_4,Experiment_3,IR,Fair,0,Og. Pol
Co-Polarized_Green,C13,1175,1425,47.0,57.0,2.7000623958883806e-16,19.93603037477242,0.002550783699462,Day_4,Experiment_3,IR,Fair,0,Og. Pol
Co-Polarized_Green,C13,1200,1450,48.0,58.0,1.1368683772161603e-16,21.339146930542856,0.0786589294566887,Day_4,Experiment_3,IR,Fair,0,Og. Pol
Co-Polarized_Green,C13,1225,1475,49.0,59.0,1.1368683772161605e-15,22.030274264385085,-0.1657123061951459,Day_4,Experiment_3,IR,Fair,0,Og. Pol
Co-Polarized_Green,C13,1250,1500,50.0,60.0,5.684341886080802e-17,19.247892303959613,0.0990807903997935,Day_4,Experiment_3,IR,Fair,0,Og. Pol
Co-Polarized_Green,C13,1275,1525,51.0,61.0,-4.092726157978177e-15,194.60802024022,0.1181606476680043,Day_4,Experiment_3,IR,Fair,0,Og. Pol
Co-Polarized_Green,C13,1300,1550,52.0,62.0,1.5631940186722204e-15,153.16754406312478,-0.4366345418331449,Day_4,Experiment_3,IR,Fair,0,Og. Pol
Co-Polarized_Green,C13,1325,1575,53.0,63.0,1.4495071809506045e-15,155.4436639117553,-0.4691697338854809,Day_4,Experiment_3,IR,Fair,0,Og. Pol
Co-Polarized_Green,C13,1350,1600,54.0,64.0,1.3358203432289884e-15,155.63511580340446,-0.4305296460186204,Day_4,Experiment_3,IR,Fair,0,Og. Pol
Co-Polarized_Green,C13,1375,1625,55.0,65.0,4.547473508864641e-16,156.2979448099838,-0.3729339732799721,Day_4,Experiment_3,IR,Fair,0,Og. Pol
Co-Polarized_Green,C13,1400,1650,56.0,66.0,0.0,156.15475311398862,-0.3919132658144284,Day_4,Experiment_3,IR,Fair,0,Og. Pol
Co-Polarized_Green,C13,1425,1675,57.0,67.0,6.821210263296962e-16,156.53383548953184,-0.3929240456899581,Day_4,Experiment_3,IR,Fair,0,Og. Pol
Co-Polarized_Green,C13,1450,1700,58.0,68.0,2.842170943040401e-15,155.9672938606387,-0.3888479786312935,Day_4,Experiment_3,IR,Fair,0,Og. Pol
Co-Polarized_Green,C13,1475,1725,59.0,69.0,6.821210263296962e-16,155.7975535521983,-0.4618559122119162,Day_4,Experiment_3,IR,Fair,0,Og. Pol
Co-Polarized_Green,C13,1500,1750,60.0,70.0,-1.6370904631912707e-14,166.73728678360456,-1.462518129012364,Day_4,Experiment_3,IR,Fair,0,Og. Pol
Co-Polarized_Green,C13,1525,1775,61.0,71.0,-4.547473508864641e-16,32.29537851650156,2.0685102151007175,Day_4,Experiment_3,IR,Fair,0,Og. Pol
Co-Polarized_Green,C13,1550,1800,62.0,72.0,-1.70530256582424e-16,18.08133045768191,-0.1418552474957763,Day_4,Experiment_3,IR,Fair,0,Og. Pol
Co-Polarized_Green,C13,1575,1825,63.0,73.0,1.4210854715202004e-17,20.144135546374542,-0.2370726434993553,Day_4,Experiment_3,IR,Fair,0,Og. Pol
Co-Polarized_Green,C13,1600,1850,64.0,74.0,-1.2789769243681805e-15,20.694025563924537,-0.0482663844893215,Day_4,Experiment_3,IR,Fair,0,Og. Pol
Co-Polarized_Green,C13,1625,1875,65.0,75.0,-1.3784529073745944e-15,21.648363502562184,-0.3118057237765586,Day_4,Experiment_3,IR,Fair,0,Og. Pol
Co-Polarized_Green,C13,1650,1900,66.0,76.0,3.410605131648481e-16,19.60923169747951,-0.0828295308672847,Day_4,Experiment_3,IR,Fair,0,Og. Pol
Co-Polarized_Green,C13,1675,1925,67.0,77.0,5.684341886080802e-17,21.20569876753906,-0.1954936336410876,Day_4,Experiment_3,IR,Fair,0,Og. Pol
Co-Polarized_Green,C13,1700,1950,68.0,78.0,6.252776074688881e-16,23.019857034042563,0.0262582173604355,Day_4,Experiment_3,IR,Fair,0,Og. Pol
Co-Polarized_Green,C13,1725,1975,69.0,79.0,1.1368683772161603e-16,21.9440644604732,-0.059267180029682,Day_4,Experiment_3,IR,Fair,0,Og. Pol
Co-Polarized_Green,C13,1750,2000,70.0,80.0,-1.70530256582424e-16,22.968763281627165,-0.0998985067818042,Day_4,Experiment_3,IR,Fair,0,Og. Pol
Co-Polarized_Green,C13,1775,2025,71.0,81.0,-3.1263880373444406e-16,21.97673897165856,-0.0480206083707626,Day_4,Experiment_3,IR,Fair,0,Og. Pol
Co-Polarized_Red,C12,0,250,0.0,10.0,1.1368683772161605e-15,28.07052833379737,0.1295843183139458,Day_4,Experiment_3,IR,Fair,0,Og. Pol
Co-Polarized_Red,C12,25,275,1.0,11.0,2.522426711948355e-16,25.690621465183845,0.08274076732054,Day_4,Experiment_3,IR,Fair,0,Og. Pol
Co-Polarized_Red,C12,50,300,2.0,12.0,-8.526512829121202e-16,23.550153576662517,0.0686752386824577,Day_4,Experiment_3,IR,Fair,0,Og. Pol
Co-Polarized_Red,C12,75,325,3.0,13.0,-1.0913936421275139e-14,352.516751566303,2.6015087350731205,Day_4,Experiment_3,IR,Fair,0,Og. Pol
Co-Polarized_Red,C12,100,350,4.0,14.0,-2.842170943040401e-17,265.5702555174151,0.6043247183680086,Day_4,Experiment_3,IR,Fair,0,Og. Pol
Co-Polarized_Red,C12,125,375,5.0,15.0,-4.547473508864641e-15,265.21926049511256,0.3898871410501739,Day_4,Experiment_3,IR,Fair,0,Og. Pol
Co-Polarized_Red,C12,150,400,6.0,16.0,1.1368683772161605e-15,265.695138313401,0.349078245075566,Day_4,Experiment_3,IR,Fair,0,Og. Pol
Co-Polarized_Red,C12,175,425,7.0,17.0,0.0,265.72848669003065,0.3477995379417557,Day_4,Experiment_3,IR,Fair,0,Og. Pol
Co-Polarized_Red,C12,200,450,8.0,18.0,-1.8189894035458565e-15,265.931203623335,0.3680739204473414,Day_4,Experiment_3,IR,Fair,0,Og. Pol
Co-Polarized_Red,C12,225,475,9.0,19.0,2.5011104298755525e-15,265.7842765663029,0.3552139623049065,Day_4,Experiment_3,IR,Fair,0,Og. Pol
Co-Polarized_Red,C12,250,500,10.0,20.0,-1.1368683772161605e-15,265.6767947983821,0.3279565942838343,Day_4,Experiment_3,IR,Fair,0,Og. Pol
Co-Polarized_Red,C12,275,525,11.0,21.0,2.1600499167107045e-15,265.75729602536995,0.3305468147196415,Day_4,Experiment_3,IR,Fair,0,Og. Pol
Co-Polarized_Red,C12,300,550,12.0,22.0,-1.0516032489249482e-15,262.9527845911561,-0.1263079674775212,Day_4,Experiment_3,IR,Fair,0,Og. Pol
Co-Polarized_Red,C12,325,575,13.0,23.0,-3.637978807091713e-15,165.86261720857271,2.929073742826745,Day_4,Experiment_3,IR,Fair,0,Og. Pol
Co-Polarized_Red,C12,350,600,14.0,24.0,-3.410605131648481e-16,30.97142206701445,-0.026999140506778,Day_4,Experiment_3,IR,Fair,0,Og. Pol
Co-Polarized_Red,C12,375,625,15.0,25.0,0.0,30.251056951049875,-0.2368575094356754,Day_4,Experiment_3,IR,Fair,0,Og. Pol
Co-Polarized_Red,C12,400,650,16.0,26.0,4.547473508864641e-16,25.15005801513542,0.043242981161514,Day_4,Experiment_3,IR,Fair,0,Og. Pol
Co-Polarized_Red,C12,425,675,17.0,27.0,1.70530256582424e-16,25.44396029392512,0.0453566496904406,Day_4,Experiment_3,IR,Fair,0,Og. Pol
Co-Polarized_Red,C12,450,700,18.0,28.0,1.70530256582424e-16,25.15558009671704,0.0021867424335346,Day_4,Experiment_3,IR,Fair,0,Og. Pol
Co-Polarized_Red,C12,475,725,19.0,29.0,0.0,28.930826888501784,0.1851758691454723,Day_4,Experiment_3,IR,Fair,0,Og. Pol
Co-Polarized_Red,C12,500,750,20.0,30.0,3.410605131648481e-16,26.07047967242775,0.0799407117675647,Day_4,Experiment_3,IR,Fair,0,Og. Pol
Co-Polarized_Red,C12,525,775,21.0,31.0,0.0,28.97625325495017,-0.1039359832701651,Day_4,Experiment_3,IR,Fair,0,Og. Pol
Co-Polarized_Red,C12,550,800,22.0,32.0,-1.70530256582424e-16,27.644353370251537,0.2021606655056019,Day_4,Experiment_3,IR,Fair,0,Og. Pol
Co-Polarized_Red,C12,575,825,23.0,33.0,-3.410605131648481e-16,27.78327261669056,0.0404187397037076,Day_4,Experiment_3,IR,Fair,0,Og. Pol
Co-Polarized_Red,C12,600,850,24.0,34.0,3.1263880373444406e-16,28.027208854409476,0.1331853974211588,Day_4,Experiment_3,IR,Fair,0,Og. Pol
Co-Polarized_Red,C12,625,875,25.0,35.0,-2.2737367544323206e-16,29.578686934991676,0.1054011515385834,Day_4,Experiment_3,IR,Fair,0,Og. Pol
Co-Polarized_Red,C12,650,900,26.0,36.0,9.663381206337365e-16,30.30557242753256,0.0721104984978635,Day_4,Experiment_3,IR,Fair,0,Og. Pol
Co-Polarized_Red,C12,675,925,27.0,37.0,-1.1368683772161603e-16,30.317178928123536,-0.0452298390844846,Day_4,Experiment_3,IR,Fair,0,Og. Pol
Co-Polarized_Red,C12,700,950,28.0,38.0,-6.821210263296962e-16,30.746938332978143,-0.0087182539052581,Day_4,Experiment_3,IR,Fair,0,Og. Pol
Co-Polarized_Red,C12,725,975,29.0,39.0,-7.389644451905046e-16,30.09832913961106,-0.0211965483303036,Day_4,Experiment_3,IR,Fair,0,Og. Pol
Co-Polarized_Red,C12,750,1000,30.0,40.0,-2.2737367544323206e-16,34.20431715874426,0.290490578507982,Day_4,Experiment_3,IR,Fair,0,Og. Pol
Co-Polarized_Red,C12,775,1025,31.0,41.0,4.547473508864641e-16,30.08614885031453,-0.0361700309757058,Day_4,Experiment_3,IR,Fair,0,Og. Pol
Co-Polarized_Red,C12,800,1050,32.0,42.0,-3.410605131648481e-16,29.752526213058413,0.0212005953325338,Day_4,Experiment_3,IR,Fair,0,Og. Pol
Co-Polarized_Red,C12,825,1075,33.0,43.0,4.547473508864641e-16,30.16893553768731,-0.0532546658799189,Day_4,Experiment_3,IR,Fair,0,Og. Pol
Co-Polarized_Red,C12,850,1100,34.0,44.0,1.7053025658242404e-15,33.18456727602177,-0.0961543122639897,Day_4,Experiment_3,IR,Fair,0,Og. Pol
Co-Polarized_Red,C12,875,1125,35.0,45.0,-3.410605131648481e-16,29.89913481235096,0.0942546348643348,Day_4,Experiment_3,IR,Fair,0,Og. Pol
Co-Polarized_Red,C12,900,1150,36.0,46.0,2.842170943040401e-16,29.202791770701328,0.080305003320779,Day_4,Experiment_3,IR,Fair,0,Og. Pol
Co-Polarized_Red,C12,925,1175,37.0,47.0,1.1368683772161603e-16,28.68850222687329,0.0726744176100391,Day_4,Experiment_3,IR,Fair,0,Og. Pol
Co-Polarized_Red,C12,950,1200,38.0,48.0,1.932676241267473e-15,32.14323713271321,0.1704694154215937,Day_4,Experiment_3,IR,Fair,0,Og. Pol
Co-Polarized_Red,C12,975,1225,39.0,49.0,-1.0800249583553525e-15,30.932819483644497,0.1706629189718689,Day_4,Experiment_3,IR,Fair,0,Og. Pol
Co-Polarized_Red,C12,1000,1250,40.0,50.0,6.821210263296962e-16,29.931738627155067,0.0801736806950295,Day_4,Experiment_3,IR,Fair,0,Og. Pol
Co-Polarized_Red,C12,1025,1275,41.0,51.0,-5.115907697472721e-16,31.983414682361012,0.0336469495578319,Day_4,Experiment_3,IR,Fair,0,Og. Pol
Co-Polarized_Red,C12,1050,1300,42.0,52.0,2.0463630789890884e-15,32.92259890613564,-0.080297226059346,Day_4,Experiment_3,IR,Fair,0,Og. Pol
Co-Polarized_Red,C12,1075,1325,43.0,53.0,-5.684341886080802e-17,30.55771672625,0.0214675873743673,Day_4,Experiment_3,IR,Fair,0,Og. Pol
Co-Polarized_Red,C12,1100,1350,44.0,54.0,9.094947017729285e-16,33.28212130603041,0.1525694612813374,Day_4,Experiment_3,IR,Fair,0,Og. Pol
Co-Polarized_Red,C12,1125,1375,45.0,55.0,-5.115907697472721e-16,31.490256167538952,-0.0338154068409713,Day_4,Experiment_3,IR,Fair,0,Og. Pol
Co-Polarized_Red,C12,1150,1400,46.0,56.0,1.0800249583553525e-15,31.64975698309524,-0.0217346934893879,Day_4,Experiment_3,IR,Fair,0,Og. Pol
Co-Polarized_Red,C12,1175,1425,47.0,57.0,-3.979039320256561e-16,31.468208809071175,-0.0649286010643035,Day_4,Experiment_3,IR,Fair,0,Og. Pol
Co-Polarized_Red,C12,1200,1450,48.0,58.0,-5.684341886080806e-16,32.278972908406615,-0.1541544353765833,Day_4,Experiment_3,IR,Fair,0,Og. Pol
Co-Polarized_Red,C12,1225,1475,49.0,59.0,6.821210263296962e-16,33.82295952203758,-0.054459166002373,Day_4,Experiment_3,IR,Fair,0,Og. Pol
Co-Polarized_Red,C12,1250,1500,50.0,60.0,-5.684341886080802e-17,30.930608725139873,-0.0853055620950321,Day_4,Experiment_3,IR,Fair,0,Og. Pol
Co-Polarized_Red,C12,1275,1525,51.0,61.0,-1.7053025658242404e-15,31.678958197861323,-0.0285890000166603,Day_4,Experiment_3,IR,Fair,0,Og. Pol
Co-Polarized_Red,C12,1300,1550,52.0,62.0,7.389644451905042e-15,76.19876798897072,1.8916124123776823,Day_4,Experiment_3,IR,Fair,0,Og. Pol
Co-Polarized_Red,C12,1325,1575,53.0,63.0,-9.094947017729285e-16,228.01504457306584,1.3895691899567792,Day_4,Experiment_3,IR,Fair,0,Og. Pol
Co-Polarized_Red,C12,1350,1600,54.0,64.0,-3.595346242946107e-15,218.23083820846512,0.4349842936018078,Day_4,Experiment_3,IR,Fair,0,Og. Pol
Co-Polarized_Red,C12,1375,1625,55.0,65.0,6.536993168992926e-16,218.57868085620603,0.5034806244465889,Day_4,Experiment_3,IR,Fair,0,Og. Pol
Co-Polarized_Red,C12,1400,1650,56.0,66.0,1.7053025658242404e-15,218.4520326860763,0.5057510549164886,Day_4,Experiment_3,IR,Fair,0,Og. Pol
Co-Polarized_Red,C12,1425,1675,57.0,67.0,0.0,219.03840465136184,0.4833641069867315,Day_4,Experiment_3,IR,Fair,0,Og. Pol
Co-Polarized_Red,C12,1450,1700,58.0,68.0,0.0,218.81755004904937,0.5252018546281659,Day_4,Experiment_3,IR,Fair,0,Og. Pol
Co-Polarized_Red,C12,1475,1725,59.0,69.0,-6.821210263296962e-16,218.88952641856775,0.4816359396871297,Day_4,Experiment_3,IR,Fair,0,Og. Pol
Co-Polarized_Red,C12,1500,1750,60.0,70.0,1.3642420526593924e-15,218.5700088255694,0.5239255495849404,Day_4,Experiment_3,IR,Fair,0,Og. Pol
Co-Polarized_Red,C12,1525,1775,61.0,71.0,4.206412995699793e-15,217.35441569034273,0.4523561838042054,Day_4,Experiment_3,IR,Fair,0,Og. Pol
Co-Polarized_Red,C12,1550,1800,62.0,72.0,1.7280399333685636e-14,271.8167221586365,2.9105291541530542,Day_4,Experiment_3,IR,Fair,0,Og. Pol
Co-Polarized_Red,C12,1575,1825,63.0,73.0,-7.958078640513122e-16,28.06203351232363,0.0427244969733084,Day_4,Experiment_3,IR,Fair,0,Og. Pol
Co-Polarized_Red,C12,1600,1850,64.0,74.0,-5.684341886080802e-17,28.20648127034752,0.0764356853527543,Day_4,Experiment_3,IR,Fair,0,Og. Pol
Co-Polarized_Red,C12,1625,1875,65.0,75.0,-1.1368683772161603e-16,28.383366104750664,0.1439875986081832,Day_4,Experiment_3,IR,Fair,0,Og. Pol
Co-Polarized_Red,C12,1650,1900,66.0,76.0,6.821210263296962e-16,29.812031154020215,0.1020115849547768,Day_4,Experiment_3,IR,Fair,0,Og. Pol
Co-Polarized_Red,C12,1675,1925,67.0,77.0,6.821210263296962e-16,31.482051469013708,0.3334246127612557,Day_4,Experiment_3,IR,Fair,0,Og. Pol
Co-Polarized_Red,C12,1700,1950,68.0,78.0,4.547473508864641e-16,28.87399003910428,0.0291205762750166,Day_4,Experiment_3,IR,Fair,0,Og. Pol
Co-Polarized_Red,C12,1725,1975,69.0,79.0,5.684341886080802e-17,26.080442349737925,0.0273862096907958,Day_4,Experiment_3,IR,Fair,0,Og. Pol
Co-Polarized_Red,C12,1750,2000,70.0,80.0,-4.547473508864641e-16,27.93896018940139,-0.0491864135647449,Day_4,Experiment_3,IR,Fair,0,Og. Pol
Co-Polarized_Red,C12,1775,2025,71.0,81.0,-1.70530256582424e-16,28.154341729312996,-0.067885200028151,Day_4,Experiment_3,IR,Fair,0,Og. Pol
Co-Polarized_IR,C15,0,250,0.0,10.0,1.4551915228366852e-14,382.8342200089928,0.1605653834223709,Day_4,Experiment_3,IR,Fair,0,Og. Pol
Co-Polarized_IR,C15,25,275,1.0,11.0,3.637978807091713e-15,367.7975809121638,0.339330143743219,Day_4,Experiment_3,IR,Fair,0,Og. Pol
Co-Polarized_IR,C15,50,300,2.0,12.0,-3.637978807091713e-15,372.06328887456147,0.2810597184008566,Day_4,Experiment_3,IR,Fair,0,Og. Pol
Co-Polarized_IR,C15,75,325,3.0,13.0,9.094947017729285e-16,365.5904331515525,0.253991225464962,Day_4,Experiment_3,IR,Fair,0,Og. Pol
Co-Polarized_IR,C15,100,350,4.0,14.0,1.2732925824820996e-14,376.907383248502,0.3656046881191426,Day_4,Experiment_3,IR,Fair,0,Og. Pol
Co-Polarized_IR,C15,125,375,5.0,15.0,2.0463630789890884e-15,365.99397463822754,0.2536552752010159,Day_4,Experiment_3,IR,Fair,0,Og. Pol
Co-Polarized_IR,C15,150,400,6.0,16.0,6.366462912410498e-15,364.5883011847917,0.118661088808939,Day_4,Experiment_3,IR,Fair,0,Og. Pol
Co-Polarized_IR,C15,175,425,7.0,17.0,-1.0913936421275139e-14,315.3992047945187,-1.1774737948880432,Day_4,Experiment_3,IR,Fair,0,Og. Pol
Co-Polarized_IR,C15,200,450,8.0,18.0,-2.7284841053187848e-15,243.47159330749116,-0.1052950242948914,Day_4,Experiment_3,IR,Fair,0,Og. Pol
Co-Polarized_IR,C15,225,475,9.0,19.0,-3.0695446184836328e-15,234.88772906694567,-0.1183229763076558,Day_4,Experiment_3,IR,Fair,0,Og. Pol
Co-Polarized_IR,C15,250,500,10.0,20.0,-3.637978807091713e-15,227.09730828313857,0.0319078218117768,Day_4,Experiment_3,IR,Fair,0,Og. Pol
Co-Polarized_IR,C15,275,525,11.0,21.0,-9.094947017729285e-16,230.0120740593214,0.0206111005863174,Day_4,Experiment_3,IR,Fair,0,Og. Pol
Co-Polarized_IR,C15,300,550,12.0,22.0,9.094947017729285e-16,218.20291572321548,-0.0152285688199205,Day_4,Experiment_3,IR,Fair,0,Og. Pol
Co-Polarized_IR,C15,325,575,13.0,23.0,-7.958078640513122e-16,215.88572128923943,-0.0994837354989383,Day_4,Experiment_3,IR,Fair,0,Og. Pol
Co-Polarized_IR,C15,350,600,14.0,24.0,-9.094947017729285e-16,213.47625233759413,-0.0468471070893398,Day_4,Experiment_3,IR,Fair,0,Og. Pol
Co-Polarized_IR,C15,375,625,15.0,25.0,1.3642420526593923e-14,228.5423155309481,0.0387221378906886,Day_4,Experiment_3,IR,Fair,0,Og. Pol
Co-Polarized_IR,C15,400,650,16.0,26.0,2.7284841053187848e-15,200.09258975850776,0.0336446084570914,Day_4,Experiment_3,IR,Fair,0,Og. Pol
Co-Polarized_IR,C15,425,675,17.0,27.0,-4.547473508864641e-16,208.66272266389865,-0.0589410144452645,Day_4,Experiment_3,IR,Fair,0,Og. Pol
Co-Polarized_IR,C15,450,700,18.0,28.0,4.547473508864641e-16,195.84864459822688,-0.0621336545829115,Day_4,Experiment_3,IR,Fair,0,Og. Pol
Co-Polarized_IR,C15,475,725,19.0,29.0,-1.8189894035458565e-15,223.93103475542537,-0.0434147848523267,Day_4,Experiment_3,IR,Fair,0,Og. Pol
Co-Polarized_IR,C15,500,750,20.0,30.0,-9.094947017729285e-16,199.1645371864115,0.020367637550942,Day_4,Experiment_3,IR,Fair,0,Og. Pol
Co-Polarized_IR,C15,525,775,21.0,31.0,-9.094947017729285e-16,209.5111417309774,-0.0211669638258246,Day_4,Experiment_3,IR,Fair,0,Og. Pol
Co-Polarized_IR,C15,550,800,22.0,32.0,-2.2737367544323206e-16,199.2402059432704,-0.0765179355753351,Day_4,Experiment_3,IR,Fair,0,Og. Pol
Co-Polarized_IR,C15,575,825,23.0,33.0,-2.7284841053187848e-15,220.56345020090745,-0.0375559449700764,Day_4,Experiment_3,IR,Fair,0,Og. Pol
Co-Polarized_IR,C15,600,850,24.0,34.0,1.5916157281026244e-15,215.7522698915746,-0.0237465060782786,Day_4,Experiment_3,IR,Fair,0,Og. Pol
Co-Polarized_IR,C15,625,875,25.0,35.0,2.7284841053187848e-15,224.05826336213437,0.0336989226825353,Day_4,Experiment_3,IR,Fair,0,Og. Pol
Co-Polarized_IR,C15,650,900,26.0,36.0,1.3642420526593924e-15,218.05268093997435,-0.020983865233141,Day_4,Experiment_3,IR,Fair,0,Og. Pol
Co-Polarized_IR,C15,675,925,27.0,37.0,1.8189894035458565e-15,217.99477552990265,-0.0091434035663653,Day_4,Experiment_3,IR,Fair,0,Og. Pol
Co-Polarized_IR,C15,700,950,28.0,38.0,-2.7284841053187848e-15,218.07493181380195,-0.031112346457254,Day_4,Experiment_3,IR,Fair,0,Og. Pol
Co-Polarized_IR,C15,725,975,29.0,39.0,5.4569682106375695e-15,223.98430533380625,0.0543763715193676,Day_4,Experiment_3,IR,Fair,0,Og. Pol
Co-Polarized_IR,C15,750,1000,30.0,40.0,4.547473508864641e-16,229.81407215620857,0.05836104950578,Day_4,Experiment_3,IR,Fair,0,Og. Pol
Co-Polarized_IR,C15,775,1025,31.0,41.0,9.094947017729285e-16,212.87891593609731,0.0159232371575006,Day_4,Experiment_3,IR,Fair,0,Og. Pol
Co-Polarized_IR,C15,800,1050,32.0,42.0,3.183231456205249e-15,218.81723050292428,-0.0106065782504102,Day_4,Experiment_3,IR,Fair,0,Og. Pol
Co-Polarized_IR,C15,825,1075,33.0,43.0,-1.8189894035458565e-15,221.2187618809604,0.0077477878610272,Day_4,Experiment_3,IR,Fair,0,Og. Pol
Co-Polarized_IR,C15,850,1100,34.0,44.0,-1.3642420526593924e-15,238.2435672345689,0.0705894461336913,Day_4,Experiment_3,IR,Fair,0,Og. Pol
Co-Polarized_IR,C15,875,1125,35.0,45.0,-3.183231456205249e-15,212.9373594834515,0.0363969711466754,Day_4,Experiment_3,IR,Fair,0,Og. Pol
Co-Polarized_IR,C15,900,1150,36.0,46.0,3.183231456205249e-15,221.66269481492265,-0.004096119703733,Day_4,Experiment_3,IR,Fair,0,Og. Pol
Co-Polarized_IR,C15,925,1175,37.0,47.0,-2.7284841053187848e-15,215.08392526322055,-0.0634424510368881,Day_4,Experiment_3,IR,Fair,0,Og. Pol
Co-Polarized_IR,C15,950,1200,38.0,48.0,0.0,238.06661071739265,0.0013764916391576,Day_4,Experiment_3,IR,Fair,0,Og. Pol
Co-Polarized_IR,C15,975,1225,39.0,49.0,0.0,213.89865803036085,0.0405123680959117,Day_4,Experiment_3,IR,Fair,0,Og. Pol
Co-Polarized_IR,C15,1000,1250,40.0,50.0,-5.4569682106375695e-15,223.15492793616335,-0.0068670693231186,Day_4,Experiment_3,IR,Fair,0,Og. Pol
Co-Polarized_IR,C15,1025,1275,41.0,51.0,-9.094947017729285e-16,214.49979263453932,-0.022647301407701,Day_4,Experiment_3,IR,Fair,0,Og. Pol
Co-Polarized_IR,C15,1050,1300,42.0,52.0,-8.185452315956354e-15,227.06333005767112,-0.0686838853475522,Day_4,Experiment_3,IR,Fair,0,Og. Pol
Co-Polarized_IR,C15,1075,1325,43.0,53.0,-4.263256414560601e-15,217.33254520096045,-0.0126427350640718,Day_4,Experiment_3,IR,Fair,0,Og. Pol
Co-Polarized_IR,C15,1100,1350,44.0,54.0,1.8189894035458565e-15,223.9096237856864,-0.0041183937669119,Day_4,Experiment_3,IR,Fair,0,Og. Pol
Co-Polarized_IR,C15,1125,1375,45.0,55.0,4.547473508864641e-15,223.76176719792608,-0.0066631278698727,Day_4,Experiment_3,IR,Fair,0,Og. Pol
Co-Polarized_IR,C15,1150,1400,46.0,56.0,5.4569682106375695e-15,217.04433176487217,-0.0029085515912828,Day_4,Experiment_3,IR,Fair,0,Og. Pol
Co-Polarized_IR,C15,1175,1425,47.0,57.0,9.094947017729284e-15,273.70754324051404,-0.638384346906286,Day_4,Experiment_3,IR,Fair,0,Og. Pol
Co-Polarized_IR,C15,1200,1450,48.0,58.0,3.637978807091713e-15,302.46964448579354,0.0813412733874163,Day_4,Experiment_3,IR,Fair,0,Og. Pol
Co-Polarized_IR,C15,1225,1475,49.0,59.0,1.0459189070388676e-14,314.5654970593809,0.2368686555842475,Day_4,Experiment_3,IR,Fair,0,Og. Pol
Co-Polarized_IR,C15,1250,1500,50.0,60.0,-1.3642420526593924e-15,301.52416764444814,0.3474340651304184,Day_4,Experiment_3,IR,Fair,0,Og. Pol
Co-Polarized_IR,C15,1275,1525,51.0,61.0,4.092726157978177e-15,307.53571324229057,0.3146032960483514,Day_4,Experiment_3,IR,Fair,0,Og. Pol
Co-Polarized_IR,C15,1300,1550,52.0,62.0,0.0,303.5560460009144,0.2970135771970112,Day_4,Experiment_3,IR,Fair,0,Og. Pol
Co-Polarized_IR,C15,1325,1575,53.0,63.0,-3.637978807091713e-15,316.8573183775178,0.3131171234072062,Day_4,Experiment_3,IR,Fair,0,Og. Pol
Co-Polarized_IR,C15,1350,1600,54.0,64.0,1.3642420526593924e-15,301.85135724098086,0.3068115008996483,Day_4,Experiment_3,IR,Fair,0,Og. Pol
Co-Polarized_IR,C15,1375,1625,55.0,65.0,-1.0004441719502212e-14,307.10259338041135,0.2361499634667193,Day_4,Experiment_3,IR,Fair,0,Og. Pol
Co-Polarized_IR,C15,1400,1650,56.0,66.0,-6.8212102632969615e-15,299.1083426233988,0.40385918042292,Day_4,Experiment_3,IR,Fair,0,Og. Pol
Co-Polarized_IR,C15,1425,1675,57.0,67.0,0.0,290.51309423513754,-0.915425921013663,Day_4,Experiment_3,IR,Fair,0,Og. Pol
Co-Polarized_IR,C15,1450,1700,58.0,68.0,4.547473508864641e-16,204.19608265910972,-0.0700828112963383,Day_4,Experiment_3,IR,Fair,0,Og. Pol
Co-Polarized_IR,C15,1475,1725,59.0,69.0,-3.637978807091713e-15,216.59449416414452,0.0210169823653032,Day_4,Experiment_3,IR,Fair,0,Og. Pol
Co-Polarized_IR,C15,1500,1750,60.0,70.0,-3.4106051316484808e-15,208.86244115859904,-0.0169320203935495,Day_4,Experiment_3,IR,Fair,0,Og. Pol
Co-Polarized_IR,C15,1525,1775,61.0,71.0,5.4569682106375695e-15,214.16044047303268,-0.0337054108646192,Day_4,Experiment_3,IR,Fair,0,Og. Pol
Co-Polarized_IR,C15,1550,1800,62.0,72.0,9.549694368615747e-15,213.2224427827641,-0.0454441053907189,Day_4,Experiment_3,IR,Fair,0,Og. Pol
Co-Polarized_IR,C15,1575,1825,63.0,73.0,6.366462912410498e-15,218.06808791857537,0.0192339232832557,Day_4,Experiment_3,IR,Fair,0,Og. Pol
Co-Polarized_IR,C15,1600,1850,64.0,74.0,1.2278178473934531e-14,221.7600583969436,0.0277723956098774,Day_4,Experiment_3,IR,Fair,0,Og. Pol
Co-Polarized_IR,C15,1625,1875,65.0,75.0,-2.7284841053187848e-15,209.9811063062644,-0.0350682762381376,Day_4,Experiment_3,IR,Fair,0,Og. Pol
Co-Polarized_IR,C15,1650,1900,66.0,76.0,3.183231456205249e-15,214.52442933413033,-0.044659080625475,Day_4,Experiment_3,IR,Fair,0,Og. Pol
Co-Polarized_IR,C15,1675,1925,67.0,77.0,1.3642420526593924e-15,213.02833999693817,0.0348579200581264,Day_4,Experiment_3,IR,Fair,0,Og. Pol
Co-Polarized_IR,C15,1700,1950,68.0,78.0,1.8189894035458565e-15,239.0270790963391,0.0395242896011406,Day_4,Experiment_3,IR,Fair,0,Og. Pol
Co-Polarized_IR,C15,1725,1975,69.0,79.0,1.8189894035458565e-15,213.35341315103253,0.0414619219904088,Day_4,Experiment_3,IR,Fair,0,Og. Pol
Co-Polarized_IR,C15,1750,2000,70.0,80.0,-5.4569682106375695e-15,223.9538605578481,-0.024495120112101,Day_4,Experiment_3,IR,Fair,0,Og. Pol
Co-Polarized_IR,C15,1775,2025,71.0,81.0,-1.3642420526593924e-15,215.73589833967077,-0.0351060228984307,Day_4,Experiment_3,IR,Fair,0,Og. Pol
Cross-Polarized_Green,C19,0,250,0.0,10.0,-3.183231456205249e-15,154.40819350274998,0.0287302434633859,Day_4,Experiment_3,IR,Fair,0,Og. Pol
Cross-Polarized_Green,C19,25,275,1.0,11.0,-1.5916157281026244e-15,147.25986180369645,-0.0214791508590672,Day_4,Experiment_3,IR,Fair,0,Og. Pol
Cross-Polarized_Green,C19,50,300,2.0,12.0,-4.547473508864641e-15,174.8607669101782,0.2139844382928327,Day_4,Experiment_3,IR,Fair,0,Og. Pol
Cross-Polarized_Green,C19,75,325,3.0,13.0,-2.7284841053187848e-15,164.87818219727686,0.0030354301098486,Day_4,Experiment_3,IR,Fair,0,Og. Pol
Cross-Polarized_Green,C19,100,350,4.0,14.0,9.094947017729285e-16,171.49287147104585,-0.0552876469685943,Day_4,Experiment_3,IR,Fair,0,Og. Pol
Cross-Polarized_Green,C19,125,375,5.0,15.0,-3.979039320256561e-16,166.94052814235116,0.0143568716030281,Day_4,Experiment_3,IR,Fair,0,Og. Pol
Cross-Polarized_Green,C19,150,400,6.0,16.0,-5.002220859751105e-15,171.38488476462888,0.0201908540048563,Day_4,Experiment_3,IR,Fair,0,Og. Pol
Cross-Polarized_Green,C19,175,425,7.0,17.0,-7.503331289626658e-15,173.34293221146737,0.034518168207939,Day_4,Experiment_3,IR,Fair,0,Og. Pol
Cross-Polarized_Green,C19,200,450,8.0,18.0,1.8189894035458565e-15,170.1320255903902,0.0235436487479578,Day_4,Experiment_3,IR,Fair,0,Og. Pol
Cross-Polarized_Green,C19,225,475,9.0,19.0,-2.955857780762017e-15,170.4902413939981,-0.033830362626528,Day_4,Experiment_3,IR,Fair,0,Og. Pol
Cross-Polarized_Green,C19,250,500,10.0,20.0,0.0,173.5291447542391,-0.1053711322781746,Day_4,Experiment_3,IR,Fair,0,Og. Pol
Cross-Polarized_Green,C19,275,525,11.0,21.0,3.637978807091713e-15,172.6240386700118,0.1582326198816414,Day_4,Experiment_3,IR,Fair,0,Og. Pol
Cross-Polarized_Green,C19,300,550,12.0,22.0,1.3642420526593924e-15,147.69288853476553,-0.0127940939763548,Day_4,Experiment_3,IR,Fair,0,Og. Pol
Cross-Polarized_Green,C19,325,575,13.0,23.0,7.958078640513122e-16,149.63702148372786,-0.1634832386742253,Day_4,Experiment_3,IR,Fair,0,Og. Pol
Cross-Polarized_Green,C19,350,600,14.0,24.0,5.4569682106375695e-15,145.3702158254432,-0.0515259372045557,Day_4,Experiment_3,IR,Fair,0,Og. Pol
Cross-Polarized_Green,C19,375,625,15.0,25.0,-5.4569682106375695e-15,159.12795370200217,0.109224588209841,Day_4,Experiment_3,IR,Fair,0,Og. Pol
Cross-Polarized_Green,C19,400,650,16.0,26.0,9.094947017729285e-16,140.25439486346716,0.023714750202643,Day_4,Experiment_3,IR,Fair,0,Og. Pol
Cross-Polarized_Green,C19,425,675,17.0,27.0,2.7284841053187848e-15,147.0861387643033,-0.0152903356512403,Day_4,Experiment_3,IR,Fair,0,Og. Pol
Cross-Polarized_Green,C19,450,700,18.0,28.0,-6.821210263296962e-16,137.63324583002674,-0.0100968558824723,Day_4,Experiment_3,IR,Fair,0,Og. Pol
Cross-Polarized_Green,C19,475,725,19.0,29.0,3.637978807091713e-15,159.09356345002084,0.0339053511835057,Day_4,Experiment_3,IR,Fair,0,Og. Pol
Cross-Polarized_Green,C19,500,750,20.0,30.0,-2.1600499167107045e-15,147.68425882466155,0.0446830753044288,Day_4,Experiment_3,IR,Fair,0,Og. Pol
Cross-Polarized_Green,C19,525,775,21.0,31.0,-2.273736754432321e-15,147.01798162591132,0.0302426337560283,Day_4,Experiment_3,IR,Fair,0,Og. Pol
Cross-Polarized_Green,C19,550,800,22.0,32.0,-1.3642420526593924e-15,143.9358535896642,-0.1008583681582048,Day_4,Experiment_3,IR,Fair,0,Og. Pol
Cross-Polarized_Green,C19,575,825,23.0,33.0,-6.821210263296962e-16,158.77718058648372,-0.0836061287824406,Day_4,Experiment_3,IR,Fair,0,Og. Pol
Cross-Polarized_Green,C19,600,850,24.0,34.0,-3.865352482534945e-15,160.5222273646615,-0.0967378985822951,Day_4,Experiment_3,IR,Fair,0,Og. Pol
Cross-Polarized_Green,C19,625,875,25.0,35.0,0.0,162.9836451149718,-0.0385812842023755,Day_4,Experiment_3,IR,Fair,0,Og. Pol
Cross-Polarized_Green,C19,650,900,26.0,36.0,-1.932676241267473e-15,163.20674965229009,-0.0533330620374147,Day_4,Experiment_3,IR,Fair,0,Og. Pol
Cross-Polarized_Green,C19,675,925,27.0,37.0,-9.094947017729285e-16,153.907854425705,-0.0433613498564675,Day_4,Experiment_3,IR,Fair,0,Og. Pol
Cross-Polarized_Green,C19,700,950,28.0,38.0,-3.183231456205249e-15,160.89293830672443,-0.1252196514123318,Day_4,Experiment_3,IR,Fair,0,Og. Pol
Cross-Polarized_Green,C19,725,975,29.0,39.0,6.366462912410498e-15,159.53227458814104,0.0865005327477642,Day_4,Experiment_3,IR,Fair,0,Og. Pol
Cross-Polarized_Green,C19,750,1000,30.0,40.0,-3.637978807091713e-15,163.1297087874606,0.0952053415449808,Day_4,Experiment_3,IR,Fair,0,Og. Pol
Cross-Polarized_Green,C19,775,1025,31.0,41.0,-9.094947017729285e-16,146.6934463705663,0.0315425959723155,Day_4,Experiment_3,IR,Fair,0,Og. Pol
Cross-Polarized_Green,C19,800,1050,32.0,42.0,-4.092726157978177e-15,149.8772907411617,0.0627432509984902,Day_4,Experiment_3,IR,Fair,0,Og. Pol
Cross-Polarized_Green,C19,825,1075,33.0,43.0,-1.3642420526593924e-15,143.81835156712498,-0.0278842797261891,Day_4,Experiment_3,IR,Fair,0,Og. Pol
Cross-Polarized_Green,C19,850,1100,34.0,44.0,-1.8189894035458565e-15,157.84107470392448,0.0665736835408483,Day_4,Experiment_3,IR,Fair,0,Og. Pol
Cross-Polarized_Green,C19,875,1125,35.0,45.0,0.0,142.34284148614864,0.042790255635539,Day_4,Experiment_3,IR,Fair,0,Og. Pol
Cross-Polarized_Green,C19,900,1150,36.0,46.0,-4.092726157978177e-15,148.81653158367126,0.0209205680890592,Day_4,Experiment_3,IR,Fair,0,Og. Pol
Cross-Polarized_Green,C19,925,1175,37.0,47.0,2.5011104298755525e-15,142.51736786490832,-0.0239679222208843,Day_4,Experiment_3,IR,Fair,0,Og. Pol
Cross-Polarized_Green,C19,950,1200,38.0,48.0,3.183231456205249e-15,150.37203374360394,-0.0231369968062126,Day_4,Experiment_3,IR,Fair,0,Og. Pol
Cross-Polarized_Green,C19,975,1225,39.0,49.0,-2.1600499167107045e-15,143.65733714688352,0.0144626922343796,Day_4,Experiment_3,IR,Fair,0,Og. Pol
Cross-Polarized_Green,C19,1000,1250,40.0,50.0,9.094947017729285e-16,147.14502353527814,0.0101464921296845,Day_4,Experiment_3,IR,Fair,0,Og. Pol
Cross-Polarized_Green,C19,1025,1275,41.0,51.0,4.547473508864641e-15,144.1565975919192,0.0251252826901708,Day_4,Experiment_3,IR,Fair,0,Og. Pol
Cross-Polarized_Green,C19,1050,1300,42.0,52.0,-9.094947017729285e-16,144.58990225037886,-0.0408147412794546,Day_4,Experiment_3,IR,Fair,0,Og. Pol
Cross-Polarized_Green,C19,1075,1325,43.0,53.0,-1.3642420526593924e-15,143.7153060774581,-0.0300426722125764,Day_4,Experiment_3,IR,Fair,0,Og. Pol
Cross-Polarized_Green,C19,1100,1350,44.0,54.0,-7.275957614183426e-15,146.10041705581023,0.008830509038258,Day_4,Experiment_3,IR,Fair,0,Og. Pol
Cross-Polarized_Green,C19,1125,1375,45.0,55.0,-6.366462912410498e-15,152.66048974160893,-0.0151169051980856,Day_4,Experiment_3,IR,Fair,0,Og. Pol
Cross-Polarized_Green,C19,1150,1400,46.0,56.0,-2.273736754432321e-15,140.23603902804845,0.0051030016855312,Day_4,Experiment_3,IR,Fair,0,Og. Pol
Cross-Polarized_Green,C19,1175,1425,47.0,57.0,-2.5011104298755525e-15,149.73678167200416,-0.0247824719816616,Day_4,Experiment_3,IR,Fair,0,Og. Pol
Cross-Polarized_Green,C19,1200,1450,48.0,58.0,0.0,147.11142327280703,-0.034085523247532,Day_4,Experiment_3,IR,Fair,0,Og. Pol
Cross-Polarized_Green,C19,1225,1475,49.0,59.0,6.366462912410498e-15,165.00074269641703,0.0329321514440527,Day_4,Experiment_3,IR,Fair,0,Og. Pol
Cross-Polarized_Green,C19,1250,1500,50.0,60.0,0.0,151.36450018280692,0.0433783760321943,Day_4,Experiment_3,IR,Fair,0,Og. Pol
Cross-Polarized_Green,C19,1275,1525,51.0,61.0,6.1390892369672655e-15,161.04705146299233,-0.1290740338203457,Day_4,Experiment_3,IR,Fair,0,Og. Pol
Cross-Polarized_Green,C19,1300,1550,52.0,62.0,-9.094947017729285e-16,158.47040729874658,-0.0909605501920774,Day_4,Experiment_3,IR,Fair,0,Og. Pol
Cross-Polarized_Green,C19,1325,1575,53.0,63.0,8.640199666842818e-15,184.1721249037435,-0.0646573205448486,Day_4,Experiment_3,IR,Fair,0,Og. Pol
Cross-Polarized_Green,C19,1350,1600,54.0,64.0,-7.73070496506989e-15,171.99234701351526,-0.1067762872183007,Day_4,Experiment_3,IR,Fair,0,Og. Pol
Cross-Polarized_Green,C19,1375,1625,55.0,65.0,-1.0913936421275139e-14,178.66722507669695,-0.0918960040971171,Day_4,Experiment_3,IR,Fair,0,Og. Pol
Cross-Polarized_Green,C19,1400,1650,56.0,66.0,-1.8189894035458565e-15,168.325907497607,-0.085084037732029,Day_4,Experiment_3,IR,Fair,0,Og. Pol
Cross-Polarized_Green,C19,1425,1675,57.0,67.0,6.366462912410498e-15,183.4727819001193,0.0600059367673646,Day_4,Experiment_3,IR,Fair,0,Og. Pol
Cross-Polarized_Green,C19,1450,1700,58.0,68.0,0.0,180.47779078677257,-0.0683977845222601,Day_4,Experiment_3,IR,Fair,0,Og. Pol
Cross-Polarized_Green,C19,1475,1725,59.0,69.0,-4.547473508864641e-15,189.39393767808016,0.0685207697101167,Day_4,Experiment_3,IR,Fair,0,Og. Pol
Cross-Polarized_Green,C19,1500,1750,60.0,70.0,0.0,189.57152430156177,-0.0388348014533227,Day_4,Experiment_3,IR,Fair,0,Og. Pol
Cross-Polarized_Green,C19,1525,1775,61.0,71.0,-4.547473508864641e-16,182.37790130229945,-0.0859455878805126,Day_4,Experiment_3,IR,Fair,0,Og. Pol
Cross-Polarized_Green,C19,1550,1800,62.0,72.0,2.5011104298755525e-15,185.595728327526,-0.077944917675102,Day_4,Experiment_3,IR,Fair,0,Og. Pol
Cross-Polarized_Green,C19,1575,1825,63.0,73.0,-5.911715561524033e-15,183.46566824396095,-0.0283064558324197,Day_4,Experiment_3,IR,Fair,0,Og. Pol
Cross-Polarized_Green,C19,1600,1850,64.0,74.0,1.5916157281026244e-15,191.32535842018297,0.0061954035634111,Day_4,Experiment_3,IR,Fair,0,Og. Pol
Cross-Polarized_Green,C19,1625,1875,65.0,75.0,2.7284841053187848e-15,179.63501463010206,-0.0402936494787048,Day_4,Experiment_3,IR,Fair,0,Og. Pol
Cross-Polarized_Green,C19,1650,1900,66.0,76.0,-4.547473508864641e-15,188.6656961211304,-0.0832984953196145,Day_4,Experiment_3,IR,Fair,0,Og. Pol
Cross-Polarized_Green,C19,1675,1925,67.0,77.0,-1.0004441719502212e-14,195.96550848555376,0.1340208240535381,Day_4,Experiment_3,IR,Fair,0,Og. Pol
Cross-Polarized_Green,C19,1700,1950,68.0,78.0,1.8189894035458565e-15,196.6131051855991,0.0361163356419384,Day_4,Experiment_3,IR,Fair,0,Og. Pol
Cross-Polarized_Green,C19,1725,1975,69.0,79.0,-1.3642420526593924e-15,174.2471669804464,0.0221188487808054,Day_4,Experiment_3,IR,Fair,0,Og. Pol
Cross-Polarized_Green,C19,1750,2000,70.0,80.0,-5.4569682106375695e-15,179.32152016859206,-0.0204450370166499,Day_4,Experiment_3,IR,Fair,0,Og. Pol
Cross-Polarized_Green,C19,1775,2025,71.0,81.0,-2.7284841053187848e-15,171.76587848295648,-0.0539887138180088,Day_4,Experiment_3,IR,Fair,0,Og. Pol
Cross-Polarized_Red,C18,0,250,0.0,10.0,1.9099388737231494e-14,320.00714073917925,0.0270262767647984,Day_4,Experiment_3,IR,Fair,0,Og. Pol
Cross-Polarized_Red,C18,25,275,1.0,11.0,-2.0463630789890884e-15,291.23836018402216,0.0087249690074518,Day_4,Experiment_3,IR,Fair,0,Og. Pol
Cross-Polarized_Red,C18,50,300,2.0,12.0,-1.0004441719502212e-14,301.47630302436846,0.0352750241294741,Day_4,Experiment_3,IR,Fair,0,Og. Pol
Cross-Polarized_Red,C18,75,325,3.0,13.0,1.8189894035458565e-15,290.4259492931548,-0.0279931022420911,Day_4,Experiment_3,IR,Fair,0,Og. Pol
Cross-Polarized_Red,C18,100,350,4.0,14.0,-3.637978807091713e-15,332.3531683234204,-0.0661332173490245,Day_4,Experiment_3,IR,Fair,0,Og. Pol
Cross-Polarized_Red,C18,125,375,5.0,15.0,-3.183231456205249e-15,332.03961871325686,-0.0294140300319705,Day_4,Experiment_3,IR,Fair,0,Og. Pol
Cross-Polarized_Red,C18,150,400,6.0,16.0,1.8189894035458565e-15,345.038139046111,0.0335627245492514,Day_4,Experiment_3,IR,Fair,0,Og. Pol
Cross-Polarized_Red,C18,175,425,7.0,17.0,4.092726157978177e-15,349.25310878055484,-0.0229374805930964,Day_4,Experiment_3,IR,Fair,0,Og. Pol
Cross-Polarized_Red,C18,200,450,8.0,18.0,0.0,341.70654649802935,-0.0410026366451817,Day_4,Experiment_3,IR,Fair,0,Og. Pol
Cross-Polarized_Red,C18,225,475,9.0,19.0,-9.094947017729284e-15,343.24606096252865,-0.0239546137481896,Day_4,Experiment_3,IR,Fair,0,Og. Pol
Cross-Polarized_Red,C18,250,500,10.0,20.0,0.0,347.58040174782747,-0.0551793387441414,Day_4,Experiment_3,IR,Fair,0,Og. Pol
Cross-Polarized_Red,C18,275,525,11.0,21.0,-3.637978807091713e-15,368.46306275016786,0.0497281908405425,Day_4,Experiment_3,IR,Fair,0,Og. Pol
Cross-Polarized_Red,C18,300,550,12.0,22.0,-7.275957614183426e-15,337.94116902883445,0.0324427834299432,Day_4,Experiment_3,IR,Fair,0,Og. Pol
Cross-Polarized_Red,C18,325,575,13.0,23.0,-9.094947017729285e-16,330.40427378055904,-0.0693417535253891,Day_4,Experiment_3,IR,Fair,0,Og. Pol
Cross-Polarized_Red,C18,350,600,14.0,24.0,-9.094947017729285e-16,307.36323288258086,-0.0558460473996564,Day_4,Experiment_3,IR,Fair,0,Og. Pol
Cross-Polarized_Red,C18,375,625,15.0,25.0,-1.8189894035458565e-15,327.3846028433794,0.0294300844341743,Day_4,Experiment_3,IR,Fair,0,Og. Pol
Cross-Polarized_Red,C18,400,650,16.0,26.0,2.273736754432321e-15,286.76480032430413,0.0379262927996534,Day_4,Experiment_3,IR,Fair,0,Og. Pol
Cross-Polarized_Red,C18,425,675,17.0,27.0,-6.366462912410498e-15,295.6521391470645,-0.0204624744486589,Day_4,Experiment_3,IR,Fair,0,Og. Pol
Cross-Polarized_Red,C18,450,700,18.0,28.0,-1.8189894035458565e-15,276.95759436829917,-0.0263425048386915,Day_4,Experiment_3,IR,Fair,0,Og. Pol
Cross-Polarized_Red,C18,475,725,19.0,29.0,9.094947017729284e-15,311.11093431195496,-0.0045740437360054,Day_4,Experiment_3,IR,Fair,0,Og. Pol
Cross-Polarized_Red,C18,500,750,20.0,30.0,4.547473508864641e-15,287.3587359337062,0.0090753040918981,Day_4,Experiment_3,IR,Fair,0,Og. Pol
Cross-Polarized_Red,C18,525,775,21.0,31.0,-5.4569682106375695e-15,294.00101756407037,0.0099441454305848,Day_4,Experiment_3,IR,Fair,0,Og. Pol
Cross-Polarized_Red,C18,550,800,22.0,32.0,5.3717030823463574e-15,287.4245936000319,-0.0487817888416458,Day_4,Experiment_3,IR,Fair,0,Og. Pol
Cross-Polarized_Red,C18,575,825,23.0,33.0,-5.4569682106375695e-15,300.7391692244572,-0.0873673969382213,Day_4,Experiment_3,IR,Fair,0,Og. Pol
Cross-Polarized_Red,C18,600,850,24.0,34.0,-3.183231456205249e-15,308.1167596872303,-0.0564809666556849,Day_4,Experiment_3,IR,Fair,0,Og. Pol
Cross-Polarized_Red,C18,625,875,25.0,35.0,9.094947017729285e-16,314.53204364205516,0.0457578439060466,Day_4,Experiment_3,IR,Fair,0,Og. Pol
Cross-Polarized_Red,C18,650,900,26.0,36.0,-1.0459189070388676e-14,317.3152080734604,0.0061483946298576,Day_4,Experiment_3,IR,Fair,0,Og. Pol
Cross-Polarized_Red,C18,675,925,27.0,37.0,1.8189894035458565e-15,301.8001126583574,0.011726836038856,Day_4,Experiment_3,IR,Fair,0,Og. Pol
Cross-Polarized_Red,C18,700,950,28.0,38.0,1.8189894035458565e-15,317.39159700980446,-0.0612323978273069,Day_4,Experiment_3,IR,Fair,0,Og. Pol
Cross-Polarized_Red,C18,725,975,29.0,39.0,-9.094947017729285e-16,314.98279058925533,0.030458064466033,Day_4,Experiment_3,IR,Fair,0,Og. Pol
Cross-Polarized_Red,C18,750,1000,30.0,40.0,2.0918378140777352e-14,336.56646214489473,0.1219498788861025,Day_4,Experiment_3,IR,Fair,0,Og. Pol
Cross-Polarized_Red,C18,775,1025,31.0,41.0,3.637978807091713e-15,300.10918259287405,0.0231246045968925,Day_4,Experiment_3,IR,Fair,0,Og. Pol
Cross-Polarized_Red,C18,800,1050,32.0,42.0,3.637978807091713e-15,313.85768881597477,0.0124134741922519,Day_4,Experiment_3,IR,Fair,0,Og. Pol
Cross-Polarized_Red,C18,825,1075,33.0,43.0,-9.094947017729285e-16,304.7272549151525,-0.0543858756940401,Day_4,Experiment_3,IR,Fair,0,Og. Pol
Cross-Polarized_Red,C18,850,1100,34.0,44.0,1.8189894035458565e-14,337.8428798734624,0.0472484980574644,Day_4,Experiment_3,IR,Fair,0,Og. Pol
Cross-Polarized_Red,C18,875,1125,35.0,45.0,-4.547473508864641e-15,300.67975265894177,0.0200581263698051,Day_4,Experiment_3,IR,Fair,0,Og. Pol
Cross-Polarized_Red,C18,900,1150,36.0,46.0,-1.8189894035458565e-14,313.2631064556122,0.0106045381322203,Day_4,Experiment_3,IR,Fair,0,Og. Pol
Cross-Polarized_Red,C18,925,1175,37.0,47.0,8.526512829121202e-15,300.32056511704667,-0.0261541847739118,Day_4,Experiment_3,IR,Fair,0,Og. Pol
Cross-Polarized_Red,C18,950,1200,38.0,48.0,3.637978807091713e-15,318.0104815805131,-0.0074930410269123,Day_4,Experiment_3,IR,Fair,0,Og. Pol
Cross-Polarized_Red,C18,975,1225,39.0,49.0,-1.0231815394945442e-15,302.4922047359486,0.019682177751051,Day_4,Experiment_3,IR,Fair,0,Og. Pol
Cross-Polarized_Red,C18,1000,1250,40.0,50.0,1.8189894035458565e-15,310.94681458586905,0.0023187190784342,Day_4,Experiment_3,IR,Fair,0,Og. Pol
Cross-Polarized_Red,C18,1025,1275,41.0,51.0,9.094947017729284e-15,318.51352101248153,0.0106774443302417,Day_4,Experiment_3,IR,Fair,0,Og. Pol
Cross-Polarized_Red,C18,1050,1300,42.0,52.0,-6.366462912410498e-15,316.4927794488288,-0.0712822416030845,Day_4,Experiment_3,IR,Fair,0,Og. Pol
Cross-Polarized_Red,C18,1075,1325,43.0,53.0,-6.8212102632969615e-15,314.34618700685684,-0.0098058995012344,Day_4,Experiment_3,IR,Fair,0,Og. Pol
Cross-Polarized_Red,C18,1100,1350,44.0,54.0,3.637978807091713e-15,330.1823066714789,-0.0244417035823064,Day_4,Experiment_3,IR,Fair,0,Og. Pol
Cross-Polarized_Red,C18,1125,1375,45.0,55.0,-4.547473508864641e-15,341.2469491805769,-0.0357047699396792,Day_4,Experiment_3,IR,Fair,0,Og. Pol
Cross-Polarized_Red,C18,1150,1400,46.0,56.0,-2.7284841053187848e-15,320.5034638758866,-0.0235305503363768,Day_4,Experiment_3,IR,Fair,0,Og. Pol
Cross-Polarized_Red,C18,1175,1425,47.0,57.0,0.0,341.19241427595864,-0.0549183631422231,Day_4,Experiment_3,IR,Fair,0,Og. Pol
Cross-Polarized_Red,C18,1200,1450,48.0,58.0,-1.0004441719502212e-14,336.53675561597197,-0.0724793297159158,Day_4,Experiment_3,IR,Fair,0,Og. Pol
Cross-Polarized_Red,C18,1225,1475,49.0,59.0,1.8189894035458565e-15,373.8787451384514,0.0320647828225551,Day_4,Experiment_3,IR,Fair,0,Og. Pol
Cross-Polarized_Red,C18,1250,1500,50.0,60.0,1.8189894035458565e-15,345.26596726250295,0.0327683100360047,Day_4,Experiment_3,IR,Fair,0,Og. Pol
Cross-Polarized_Red,C18,1275,1525,51.0,61.0,5.4569682106375695e-15,346.8368407123437,-0.1038871673868083,Day_4,Experiment_3,IR,Fair,0,Og. Pol
Cross-Polarized_Red,C18,1300,1550,52.0,62.0,2.7284841053187848e-15,335.11488932739843,-0.1282599368027952,Day_4,Experiment_3,IR,Fair,0,Og. Pol
Cross-Polarized_Red,C18,1325,1575,53.0,63.0,-1.8189894035458565e-15,378.5512002478117,-0.2319014589398672,Day_4,Experiment_3,IR,Fair,0,Og. Pol
Cross-Polarized_Red,C18,1350,1600,54.0,64.0,1.8189894035458565e-15,336.3445617768158,-0.0266099155292905,Day_4,Experiment_3,IR,Fair,0,Og. Pol
Cross-Polarized_Red,C18,1375,1625,55.0,65.0,-1.2732925824820996e-14,361.08347847445174,-0.0924463847278418,Day_4,Experiment_3,IR,Fair,0,Og. Pol
Cross-Polarized_Red,C18,1400,1650,56.0,66.0,-6.366462912410498e-15,335.108414104537,-0.0298743831999214,Day_4,Experiment_3,IR,Fair,0,Og. Pol
Cross-Polarized_Red,C18,1425,1675,57.0,67.0,-3.637978807091713e-15,346.46097839980735,-0.0241526422711731,Day_4,Experiment_3,IR,Fair,0,Og. Pol
Cross-Polarized_Red,C18,1450,1700,58.0,68.0,6.366462912410498e-15,342.95843766189876,-0.0586586352730352,Day_4,Experiment_3,IR,Fair,0,Og. Pol
Cross-Polarized_Red,C18,1475,1725,59.0,69.0,-2.3646862246096133e-14,367.5891657737744,0.1554213246269925,Day_4,Experiment_3,IR,Fair,0,Og. Pol
Cross-Polarized_Red,C18,1500,1750,60.0,70.0,-6.593836587853731e-15,348.66505775488247,0.0033041524081793,Day_4,Experiment_3,IR,Fair,0,Og. Pol
Cross-Polarized_Red,C18,1525,1775,61.0,71.0,1.8189894035458565e-15,347.8335150905026,-0.0007304335916927,Day_4,Experiment_3,IR,Fair,0,Og. Pol
Cross-Polarized_Red,C18,1550,1800,62.0,72.0,-1.8189894035458565e-15,357.6339024092632,0.016839163854802,Day_4,Experiment_3,IR,Fair,0,Og. Pol
Cross-Polarized_Red,C18,1575,1825,63.0,73.0,7.275957614183426e-15,353.16004754167346,-0.0075499043370427,Day_4,Experiment_3,IR,Fair,0,Og. Pol
Cross-Polarized_Red,C18,1600,1850,64.0,74.0,0.0,366.08525508765854,0.0755163328100278,Day_4,Experiment_3,IR,Fair,0,Og. Pol
Cross-Polarized_Red,C18,1625,1875,65.0,75.0,2.273736754432321e-15,325.10614148672204,0.0106151179274371,Day_4,Experiment_3,IR,Fair,0,Og. Pol
Cross-Polarized_Red,C18,1650,1900,66.0,76.0,-1.0004441719502212e-14,334.82383289671395,-0.0607162098449171,Day_4,Experiment_3,IR,Fair,0,Og. Pol
Cross-Polarized_Red,C18,1675,1925,67.0,77.0,1.8189894035458565e-15,326.5338474441819,-0.0933162963744893,Day_4,Experiment_3,IR,Fair,0,Og. Pol
Cross-Polarized_Red,C18,1700,1950,68.0,78.0,-1.0004441719502212e-14,355.2380338667745,0.0947752476752415,Day_4,Experiment_3,IR,Fair,0,Og. Pol
Cross-Polarized_Red,C18,1725,1975,69.0,79.0,9.094947017729285e-16,313.97733026408656,-0.0198699057010133,Day_4,Experiment_3,IR,Fair,0,Og. Pol
Cross-Polarized_Red,C18,1750,2000,70.0,80.0,1.6370904631912707e-14,330.6809370200505,-0.0393263295555074,Day_4,Experiment_3,IR,Fair,0,Og. Pol
Cross-Polarized_Red,C18,1775,2025,71.0,81.0,7.73070496506989e-15,298.39175466979015,-0.0484624740035244,Day_4,Experiment_3,IR,Fair,0,Og. Pol
Cross-Polarized_IR,C21,0,250,0.0,10.0,1.8189894035458565e-14,787.1490226911319,0.05535684706253362,Day_4,Experiment_3,IR,Fair,0,Og. Pol
Cross-Polarized_IR,C21,25,275,1.0,11.0,2.7284841053187848e-15,715.8163757267412,0.02716970641753831,Day_4,Experiment_3,IR,Fair,0,Og. Pol
Cross-Polarized_IR,C21,50,300,2.0,12.0,1.8189894035458565e-14,751.7279109134802,0.00054885801869933,Day_4,Experiment_3,IR,Fair,0,Og. Pol
Cross-Polarized_IR,C21,75,325,3.0,13.0,-1.8189894035458565e-15,718.4942817782473,-0.05646019694170754,Day_4,Experiment_3,IR,Fair,0,Og. Pol
Cross-Polarized_IR,C21,100,350,4.0,14.0,5.4569682106375695e-15,782.0429210413104,0.014760735403932704,Day_4,Experiment_3,IR,Fair,0,Og. Pol
Cross-Polarized_IR,C21,125,375,5.0,15.0,-4.547473508864641e-16,719.3084372028726,-0.0022360284937031683,Day_4,Experiment_3,IR,Fair,0,Og. Pol
Cross-Polarized_IR,C21,150,400,6.0,16.0,1.0913936421275139e-14,749.8002780272657,-0.007554593552880761,Day_4,Experiment_3,IR,Fair,0,Og. Pol
Cross-Polarized_IR,C21,175,425,7.0,17.0,1.2960299500264228e-14,716.9798716838533,-0.005301895559810129,Day_4,Experiment_3,IR,Fair,0,Og. Pol
Cross-Polarized_IR,C21,200,450,8.0,18.0,-3.637978807091713e-15,740.855962709591,-0.04717684023318631,Day_4,Experiment_3,IR,Fair,0,Og. Pol
Cross-Polarized_IR,C21,225,475,9.0,19.0,-1.8189894035458565e-14,717.6460713149415,-0.013482373040521412,Day_4,Experiment_3,IR,Fair,0,Og. Pol
Cross-Polarized_IR,C21,250,500,10.0,20.0,1.0913936421275139e-14,735.917564125154,0.03143057132879648,Day_4,Experiment_3,IR,Fair,0,Og. Pol
Cross-Polarized_IR,C21,275,525,11.0,21.0,-2.7284841053187846e-14,746.9593021931424,0.041289303043918923,Day_4,Experiment_3,IR,Fair,0,Og. Pol
Cross-Polarized_IR,C21,300,550,12.0,22.0,-1.0913936421275139e-14,699.7438738911869,-0.006187119367762431,Day_4,Experiment_3,IR,Fair,0,Og. Pol
Cross-Polarized_IR,C21,325,575,13.0,23.0,-3.183231456205249e-15,694.1290643100209,-0.09367453779617062,Day_4,Experiment_3,IR,Fair,0,Og. Pol
Cross-Polarized_IR,C21,350,600,14.0,24.0,0.0,681.7674233846321,-0.03937796380070284,Day_4,Experiment_3,IR,Fair,0,Og. Pol
Cross-Polarized_IR,C21,375,625,15.0,25.0,-7.275957614183426e-15,737.8750750127126,0.0720661460119518,Day_4,Experiment_3,IR,Fair,0,Og. Pol
Cross-Polarized_IR,C21,400,650,16.0,26.0,0.0,648.1610321828662,0.036726237424126035,Day_4,Experiment_3,IR,Fair,0,Og. Pol
Cross-Polarized_IR,C21,425,675,17.0,27.0,3.637978807091713e-15,679.8782827628944,-0.06414981176710051,Day_4,Experiment_3,IR,Fair,0,Og. Pol
Cross-Polarized_IR,C21,450,700,18.0,28.0,-2.7284841053187848e-15,641.0493666958363,-0.04655403183971392,Day_4,Experiment_3,IR,Fair,0,Og. Pol
Cross-Polarized_IR,C21,475,725,19.0,29.0,-1.4551915228366852e-14,728.0067633208236,-0.013830684235174522,Day_4,Experiment_3,IR,Fair,0,Og. Pol
Cross-Polarized_IR,C21,500,750,20.0,30.0,1.000444171950221e-14,655.9776258225231,0.03621835895281329,Day_4,Experiment_3,IR,Fair,0,Og. Pol
Cross-Polarized_IR,C21,525,775,21.0,31.0,-2.1827872842550278e-14,682.1415151784986,-0.001109603303238181,Day_4,Experiment_3,IR,Fair,0,Og. Pol
Cross-Polarized_IR,C21,550,800,22.0,32.0,5.4569682106375695e-15,654.1863294348545,-0.0749255199258999,Day_4,Experiment_3,IR,Fair,0,Og. Pol
Cross-Polarized_IR,C21,575,825,23.0,33.0,1.8189894035458565e-15,722.9880610080266,-0.03320460426700594,Day_4,Experiment_3,IR,Fair,0,Og. Pol
Cross-Polarized_IR,C21,600,850,24.0,34.0,-1.000444171950221e-14,705.0198590116297,-0.022566386945464093,Day_4,Experiment_3,IR,Fair,0,Og. Pol
Cross-Polarized_IR,C21,625,875,25.0,35.0,-1.4551915228366852e-14,731.9685426474546,0.04144911661542498,Day_4,Experiment_3,IR,Fair,0,Og. Pol
Cross-Polarized_IR,C21,650,900,26.0,36.0,-1.4551915228366852e-14,708.1912648408841,-0.02020381905395558,Day_4,Experiment_3,IR,Fair,0,Og. Pol
Cross-Polarized_IR,C21,675,925,27.0,37.0,-2.7284841053187846e-14,709.1785596142869,-0.01443602267482656,Day_4,Experiment_3,IR,Fair,0,Og. Pol
Cross-Polarized_IR,C21,700,950,28.0,38.0,5.4569682106375695e-15,711.6815300683161,-0.03275751502524544,Day_4,Experiment_3,IR,Fair,0,Og. Pol
Cross-Polarized_IR,C21,725,975,29.0,39.0,-1.4551915228366852e-14,730.5331116231366,0.05592357445271251,Day_4,Experiment_3,IR,Fair,0,Og. Pol
Cross-Polarized_IR,C21,750,1000,30.0,40.0,1.8189894035458565e-14,746.3130181430375,0.053573174770916644,Day_4,Experiment_3,IR,Fair,0,Og. Pol
Cross-Polarized_IR,C21,775,1025,31.0,41.0,9.094947017729283e-15,693.4234691515289,0.010240119395435439,Day_4,Experiment_3,IR,Fair,0,Og. Pol
Cross-Polarized_IR,C21,800,1050,32.0,42.0,-2.000888343900442e-14,715.1713100061038,-0.01993377618204896,Day_4,Experiment_3,IR,Fair,0,Og. Pol
Cross-Polarized_IR,C21,825,1075,33.0,43.0,1.8189894035458565e-15,722.037975644897,-0.0034062473087816455,Day_4,Experiment_3,IR,Fair,0,Og. Pol
Cross-Polarized_IR,C21,850,1100,34.0,44.0,-4.18367562815547e-14,780.8738344016468,0.06917352852787609,Day_4,Experiment_3,IR,Fair,0,Og. Pol
Cross-Polarized_IR,C21,875,1125,35.0,45.0,3.637978807091713e-15,694.7112798856915,0.021175583524525456,Day_4,Experiment_3,IR,Fair,0,Og. Pol
Cross-Polarized_IR,C21,900,1150,36.0,46.0,-1.0913936421275139e-14,726.2136496501962,-0.017376035829463673,Day_4,Experiment_3,IR,Fair,0,Og. Pol
Cross-Polarized_IR,C21,925,1175,37.0,47.0,-7.275957614183426e-15,700.7701169469941,-0.05986929045832417,Day_4,Experiment_3,IR,Fair,0,Og. Pol
Cross-Polarized_IR,C21,950,1200,38.0,48.0,1.0913936421275139e-14,784.3792794895784,-0.019199066266537928,Day_4,Experiment_3,IR,Fair,0,Og. Pol
Cross-Polarized_IR,C21,975,1225,39.0,49.0,-1.2732925824820996e-14,701.4498200392529,0.0416355544594842,Day_4,Experiment_3,IR,Fair,0,Og. Pol
Cross-Polarized_IR,C21,1000,1250,40.0,50.0,-5.820766091346741e-14,735.3459626516905,-0.0034296080443314545,Day_4,Experiment_3,IR,Fair,0,Og. Pol
Cross-Polarized_IR,C21,1025,1275,41.0,51.0,6.8212102632969615e-15,704.4321246112305,-0.015705021715928212,Day_4,Experiment_3,IR,Fair,0,Og. Pol
Cross-Polarized_IR,C21,1050,1300,42.0,52.0,-7.275957614183426e-15,746.7186199313628,-0.06024677950547369,Day_4,Experiment_3,IR,Fair,0,Og. Pol
Cross-Polarized_IR,C21,1075,1325,43.0,53.0,5.229594535194337e-15,715.1288096589396,-0.0034201242226887733,Day_4,Experiment_3,IR,Fair,0,Og. Pol
Cross-Polarized_IR,C21,1100,1350,44.0,54.0,-2.546585164964199e-14,741.1082915693506,0.005196163313791518,Day_4,Experiment_3,IR,Fair,0,Og. Pol
Cross-Polarized_IR,C21,1125,1375,45.0,55.0,1.000444171950221e-14,737.7766387889625,0.002242147714430833,Day_4,Experiment_3,IR,Fair,0,Og. Pol
Cross-Polarized_IR,C21,1150,1400,46.0,56.0,1.8189894035458565e-14,711.4999922413717,-0.0026790164460627655,Day_4,Experiment_3,IR,Fair,0,Og. Pol
Cross-Polarized_IR,C21,1175,1425,47.0,57.0,-7.275957614183426e-15,730.7916102477802,-0.07819785049137475,Day_4,Experiment_3,IR,Fair,0,Og. Pol
Cross-Polarized_IR,C21,1200,1450,48.0,58.0,0.0,732.6219038042685,0.014699428218026573,Day_4,Experiment_3,IR,Fair,0,Og. Pol
Cross-Polarized_IR,C21,1225,1475,49.0,59.0,-1.2732925824820996e-14,764.7836976468834,-0.008077482308073296,Day_4,Experiment_3,IR,Fair,0,Og. Pol
Cross-Polarized_IR,C21,1250,1500,50.0,60.0,1.0913936421275139e-14,703.5130962573935,0.037062890102252735,Day_4,Experiment_3,IR,Fair,0,Og. Pol
Cross-Polarized_IR,C21,1275,1525,51.0,61.0,-1.0913936421275139e-14,728.3852964046193,-0.046898643718026926,Day_4,Experiment_3,IR,Fair,0,Og. Pol
Cross-Polarized_IR,C21,1300,1550,52.0,62.0,-7.275957614183426e-15,708.2412146554816,-0.025135863873008302,Day_4,Experiment_3,IR,Fair,0,Og. Pol
Cross-Polarized_IR,C21,1325,1575,53.0,63.0,-1.0913936421275139e-14,769.1225941865035,0.009712918859716257,Day_4,Experiment_3,IR,Fair,0,Og. Pol
Cross-Polarized_IR,C21,1350,1600,54.0,64.0,-4.547473508864641e-15,703.1643395942334,0.0070752760576366655,Day_4,Experiment_3,IR,Fair,0,Og. Pol
Cross-Polarized_IR,C21,1375,1625,55.0,65.0,1.8189894035458565e-14,735.8988118238481,-0.018146784753355485,Day_4,Experiment_3,IR,Fair,0,Og. Pol
Cross-Polarized_IR,C21,1400,1650,56.0,66.0,-3.637978807091713e-15,701.5179453137952,-0.05788208361892623,Day_4,Experiment_3,IR,Fair,0,Og. Pol
Cross-Polarized_IR,C21,1425,1675,57.0,67.0,1.8189894035458565e-14,747.5875574060954,-0.043721193750930754,Day_4,Experiment_3,IR,Fair,0,Og. Pol
Cross-Polarized_IR,C21,1450,1700,58.0,68.0,1.5688783605583013e-14,697.0982548793316,-0.006146244419870645,Day_4,Experiment_3,IR,Fair,0,Og. Pol
Cross-Polarized_IR,C21,1475,1725,59.0,69.0,-1.0913936421275139e-14,732.612099486771,0.042680902112805584,Day_4,Experiment_3,IR,Fair,0,Og. Pol
Cross-Polarized_IR,C21,1500,1750,60.0,70.0,1.1596057447604834e-14,703.3267605446969,-0.012275191969422915,Day_4,Experiment_3,IR,Fair,0,Og. Pol
Cross-Polarized_IR,C21,1525,1775,61.0,71.0,-1.8189894035458565e-15,720.99918739094,-0.019709962500883343,Day_4,Experiment_3,IR,Fair,0,Og. Pol
Cross-Polarized_IR,C21,1550,1800,62.0,72.0,-3.2741809263825414e-14,711.8321268585524,-0.017442405360286482,Day_4,Experiment_3,IR,Fair,0,Og. Pol
Cross-Polarized_IR,C21,1575,1825,63.0,73.0,1.4551915228366852e-14,728.635352663899,0.028873876787558105,Day_4,Experiment_3,IR,Fair,0,Og. Pol
Cross-Polarized_IR,C21,1600,1850,64.0,74.0,-1.2732925824820996e-14,744.1356589984379,0.04121768662958374,Day_4,Experiment_3,IR,Fair,0,Og. Pol
Cross-Polarized_IR,C21,1625,1875,65.0,75.0,0.0,700.8455051191883,0.0060280800277811184,Day_4,Experiment_3,IR,Fair,0,Og. Pol
Cross-Polarized_IR,C21,1650,1900,66.0,76.0,-7.275957614183426e-15,716.229405935967,-0.015176248478713536,Day_4,Experiment_3,IR,Fair,0,Og. Pol
Cross-Polarized_IR,C21,1675,1925,67.0,77.0,0.0,717.2957515132065,-0.01519386036067885,Day_4,Experiment_3,IR,Fair,0,Og. Pol
Cross-Polarized_IR,C21,1700,1950,68.0,78.0,-3.456079866737127e-14,786.3557518884322,0.06567652302847264,Day_4,Experiment_3,IR,Fair,0,Og. Pol
Cross-Polarized_IR,C21,1725,1975,69.0,79.0,-1.8189894035458565e-15,698.1798964836139,0.03709682166023614,Day_4,Experiment_3,IR,Fair,0,Og. Pol
Cross-Polarized_IR,C21,1750,2000,70.0,80.0,-4.001776687800884e-14,729.4644721826048,-0.01995019436303041,Day_4,Experiment_3,IR,Fair,0,Og. Pol
Cross-Polarized_IR,C21,1775,2025,71.0,81.0,3.637978807091713e-15,703.4169225276441,-0.035145894334477235,Day_4,Experiment_3,IR,Fair,0,Og. Pol
