time,Unpolarized_A_Green,Unpolarized_A_Red,Unpolarized_A_IR,Unpolarized_B_Green,Unpolarized_B_Red,Unpolarized_B_IR,Co-Polarized_Green,Co-Polarized_Red,Co-Polarized_IR,Cross-Polarized_Green,Cross-Polarized_Red,Cross-Polarized_IR,Day,SkinTone,Speed,Depth,Experiment
2025-10-23T03:05:04.468Z,31,804,1251,255,895,1395,4247,3674,11819,3053,3034,9750,Day_1,Dark,Intermediate,5mm,Experiment_2
2025-10-23T03:05:04.508Z,24,808,1246,253,897,1395,4246,3657,11783,3045,3012,9707,Day_1,Dark,Intermediate,5mm,Experiment_2
2025-10-23T03:05:04.548Z,18,808,1236,251,894,1391,4232,3636,11767,3038,2995,9691,Day_1,Dark,Intermediate,5mm,Experiment_2
2025-10-23T03:05:04.588Z,20,811,1229,251,893,1389,4210,3631,11783,3037,2999,9718,Day_1,Dark,Intermediate,5mm,Experiment_2
2025-10-23T03:05:04.628Z,24,817,1232,252,896,1389,4192,3646,11818,3043,3021,9766,Day_1,Dark,Intermediate,5mm,Experiment_2
2025-10-23T03:05:04.668Z,23,821,1240,248,899,1390,4190,3672,11857,3053,3045,9804,Day_1,Dark,Intermediate,5mm,Experiment_2
2025-10-23T03:05:04.708Z,19,820,1247,244,899,1392,4209,3697,11889,3066,3059,9818,Day_1,Dark,Intermediate,5mm,Experiment_2
2025-10-23T03:05:04.748Z,16,815,1251,240,898,1394,4237,3712,11908,3076,3063,9822,Day_1,Dark,Intermediate,5mm,Experiment_2
2025-10-23T03:05:04.788Z,12,809,1254,235,896,1395,4256,3711,11920,3084,3066,9834,Day_1,Dark,Intermediate,5mm,Experiment_2
2025-10-23T03:05:04.828Z,12,803,1251,234,890,1391,4261,3700,11923,3089,3070,9850,Day_1,Dark,Intermediate,5mm,Experiment_2
2025-10-23T03:05:04.868Z,17,800,1243,239,886,1386,4259,3687,11917,3091,3075,9853,Day_1,Dark,Intermediate,5mm,Experiment_2
2025-10-23T03:05:04.908Z,24,806,1239,246,889,1383,4259,3678,11907,3089,3073,9847,Day_1,Dark,Intermediate,5mm,Experiment_2
2025-10-23T03:05:04.948Z,28,814,1243,251,896,1384,4262,3673,11902,3086,3066,9840,Day_1,Dark,Intermediate,5mm,Experiment_2
2025-10-23T03:05:04.988Z,29,815,1254,253,899,1387,4262,3676,11890,3080,3057,9824,Day_1,Dark,Intermediate,5mm,Experiment_2
2025-10-23T03:05:05.028Z,28,810,1262,251,895,1390,4251,3685,11859,3066,3046,9784,Day_1,Dark,Intermediate,5mm,Experiment_2
2025-10-23T03:05:05.068Z,26,807,1263,250,894,1391,4220,3688,11807,3044,3032,9724,Day_1,Dark,Intermediate,5mm,Experiment_2
2025-10-23T03:05:05.108Z,25,811,1257,250,897,1392,4176,3684,11763,3026,3020,9685,Day_1,Dark,Intermediate,5mm,Experiment_2
2025-10-23T03:05:05.148Z,21,815,1251,248,900,1392,4138,3681,11758,3026,3020,9700,Day_1,Dark,Intermediate,5mm,Experiment_2
2025-10-23T03:05:05.188Z,18,816,1250,244,900,1390,4128,3689,11789,3038,3030,9749,Day_1,Dark,Intermediate,5mm,Experiment_2
2025-10-23T03:05:05.228Z,15,818,1250,240,901,1388,4149,3709,11822,3047,3044,9787,Day_1,Dark,Intermediate,5mm,Experiment_2
2025-10-23T03:05:05.268Z,14,818,1246,237,902,1385,4190,3731,11843,3056,3058,9797,Day_1,Dark,Intermediate,5mm,Experiment_2
2025-10-23T03:05:05.308Z,17,816,1242,239,900,1382,4232,3738,11855,3064,3068,9791,Day_1,Dark,Intermediate,5mm,Experiment_2
2025-10-23T03:05:05.348Z,23,817,1245,245,901,1384,4254,3725,11865,3064,3069,9788,Day_1,Dark,Intermediate,5mm,Experiment_2
2025-10-23T03:05:05.388Z,26,818,1252,250,904,1392,4243,3710,11866,3055,3067,9795,Day_1,Dark,Intermediate,5mm,Experiment_2
2025-10-23T03:05:05.428Z,27,813,1259,253,903,1397,4212,3703,11862,3045,3070,9805,Day_1,Dark,Intermediate,5mm,Experiment_2
2025-10-23T03:05:05.468Z,25,803,1260,251,897,1397,4196,3711,11868,3044,3077,9816,Day_1,Dark,Intermediate,5mm,Experiment_2
2025-10-23T03:05:05.508Z,22,796,1257,249,891,1392,4204,3735,11885,3052,3087,9822,Day_1,Dark,Intermediate,5mm,Experiment_2
2025-10-23T03:05:05.548Z,22,793,1253,251,888,1389,4220,3760,11885,3059,3098,9809,Day_1,Dark,Intermediate,5mm,Experiment_2
2025-10-23T03:05:05.588Z,27,791,1253,257,885,1391,4222,3768,11845,3056,3098,9764,Day_1,Dark,Intermediate,5mm,Experiment_2
2025-10-23T03:05:05.628Z,31,789,1252,262,882,1394,4211,3743,11784,3044,3075,9701,Day_1,Dark,Intermediate,5mm,Experiment_2
2025-10-23T03:05:05.668Z,30,790,1247,260,883,1396,4204,3693,11746,3035,3040,9662,Day_1,Dark,Intermediate,5mm,Experiment_2
2025-10-23T03:05:05.708Z,27,799,1242,257,888,1396,4212,3658,11758,3038,3020,9679,Day_1,Dark,Intermediate,5mm,Experiment_2
2025-10-23T03:05:05.748Z,28,811,1239,256,897,1393,4229,3659,11804,3050,3028,9734,Day_1,Dark,Intermediate,5mm,Experiment_2
2025-10-23T03:05:05.788Z,30,823,1240,256,908,1391,4244,3674,11848,3060,3045,9787,Day_1,Dark,Intermediate,5mm,Experiment_2
2025-10-23T03:05:05.828Z,26,827,1243,252,913,1391,4249,3674,11869,3064,3051,9809,Day_1,Dark,Intermediate,5mm,Experiment_2
2025-10-23T03:05:05.868Z,19,823,1247,245,911,1390,4240,3664,11865,3059,3046,9803,Day_1,Dark,Intermediate,5mm,Experiment_2
2025-10-23T03:05:05.908Z,14,818,1248,241,906,1386,4222,3664,11854,3048,3043,9787,Day_1,Dark,Intermediate,5mm,Experiment_2
2025-10-23T03:05:05.948Z,13,816,1250,244,904,1384,4210,3668,11853,3043,3045,9786,Day_1,Dark,Intermediate,5mm,Experiment_2
2025-10-23T03:05:05.988Z,16,816,1252,251,902,1384,4213,3664,11862,3048,3045,9802,Day_1,Dark,Intermediate,5mm,Experiment_2
2025-10-23T03:05:06.028Z,18,817,1251,255,900,1386,4221,3659,11870,3058,3047,9818,Day_1,Dark,Intermediate,5mm,Experiment_2
2025-10-23T03:05:06.068Z,18,816,1250,254,896,1390,4233,3667,11877,3066,3056,9826,Day_1,Dark,Intermediate,5mm,Experiment_2
2025-10-23T03:05:06.108Z,16,813,1251,249,891,1395,4243,3684,11881,3070,3065,9826,Day_1,Dark,Intermediate,5mm,Experiment_2
2025-10-23T03:05:06.148Z,15,813,1252,245,890,1395,4241,3693,11873,3064,3064,9815,Day_1,Dark,Intermediate,5mm,Experiment_2
2025-10-23T03:05:06.188Z,17,817,1251,245,897,1392,4228,3685,11848,3051,3046,9785,Day_1,Dark,Intermediate,5mm,Experiment_2
2025-10-23T03:05:06.228Z,25,817,1249,250,901,1388,4219,3672,11815,3037,3025,9743,Day_1,Dark,Intermediate,5mm,Experiment_2
2025-10-23T03:05:06.268Z,34,809,1248,257,895,1384,4221,3675,11789,3032,3019,9716,Day_1,Dark,Intermediate,5mm,Experiment_2
2025-10-23T03:05:06.308Z,40,804,1246,263,890,1382,4226,3692,11784,3038,3031,9726,Day_1,Dark,Intermediate,5mm,Experiment_2
2025-10-23T03:05:06.348Z,39,802,1240,263,889,1381,4226,3699,11799,3046,3044,9758,Day_1,Dark,Intermediate,5mm,Experiment_2
2025-10-23T03:05:06.388Z,35,797,1236,259,888,1380,4226,3685,11821,3052,3048,9782,Day_1,Dark,Intermediate,5mm,Experiment_2
2025-10-23T03:05:06.428Z,29,790,1239,254,881,1382,4229,3673,11837,3055,3050,9791,Day_1,Dark,Intermediate,5mm,Experiment_2
2025-10-23T03:05:06.468Z,23,788,1243,251,876,1385,4236,3676,11845,3057,3056,9793,Day_1,Dark,Intermediate,5mm,Experiment_2
2025-10-23T03:05:06.508Z,17,790,1247,247,876,1389,4244,3690,11854,3060,3065,9805,Day_1,Dark,Intermediate,5mm,Experiment_2
2025-10-23T03:05:06.548Z,14,791,1250,243,878,1394,4249,3698,11865,3065,3070,9825,Day_1,Dark,Intermediate,5mm,Experiment_2
2025-10-23T03:05:06.588Z,15,791,1251,241,879,1397,4252,3693,11870,3070,3066,9841,Day_1,Dark,Intermediate,5mm,Experiment_2
2025-10-23T03:05:06.628Z,23,795,1250,245,884,1399,4254,3686,11863,3073,3061,9844,Day_1,Dark,Intermediate,5mm,Experiment_2
2025-10-23T03:05:06.668Z,35,800,1246,256,889,1397,4252,3686,11856,3072,3056,9838,Day_1,Dark,Intermediate,5mm,Experiment_2
2025-10-23T03:05:06.708Z,45,804,1238,264,890,1388,4247,3683,11853,3063,3048,9822,Day_1,Dark,Intermediate,5mm,Experiment_2
2025-10-23T03:05:06.748Z,45,807,1230,265,892,1379,4246,3678,11839,3046,3037,9784,Day_1,Dark,Intermediate,5mm,Experiment_2
2025-10-23T03:05:06.788Z,34,808,1227,258,893,1375,4247,3679,11807,3030,3026,9730,Day_1,Dark,Intermediate,5mm,Experiment_2
2025-10-23T03:05:06.828Z,19,809,1230,248,896,1377,4249,3690,11784,3025,3025,9695,Day_1,Dark,Intermediate,5mm,Experiment_2
2025-10-23T03:05:06.868Z,10,809,1235,241,901,1380,4255,3705,11793,3037,3036,9707,Day_1,Dark,Intermediate,5mm,Experiment_2
2025-10-23T03:05:06.908Z,12,810,1237,242,903,1382,4265,3714,11830,3057,3053,9749,Day_1,Dark,Intermediate,5mm,Experiment_2
2025-10-23T03:05:06.948Z,21,808,1239,249,898,1382,4275,3707,11865,3075,3063,9785,Day_1,Dark,Intermediate,5mm,Experiment_2
2025-10-23T03:05:06.988Z,26,800,1242,255,890,1383,4280,3682,11869,3087,3062,9795,Day_1,Dark,Intermediate,5mm,Experiment_2
2025-10-23T03:05:07.028Z,25,791,1247,256,881,1386,4281,3659,11846,3088,3055,9779,Day_1,Dark,Intermediate,5mm,Experiment_2
2025-10-23T03:05:07.068Z,24,785,1249,259,876,1389,4275,3657,11831,3081,3048,9767,Day_1,Dark,Intermediate,5mm,Experiment_2
2025-10-23T03:05:07.108Z,25,784,1247,263,875,1388,4263,3672,11846,3074,3049,9778,Day_1,Dark,Intermediate,5mm,Experiment_2
2025-10-23T03:05:07.148Z,26,787,1248,263,874,1387,4254,3679,11880,3072,3052,9805,Day_1,Dark,Intermediate,5mm,Experiment_2
2025-10-23T03:05:07.188Z,25,794,1254,257,873,1390,4253,3668,11910,3076,3050,9825,Day_1,Dark,Intermediate,5mm,Experiment_2
2025-10-23T03:05:07.228Z,24,803,1256,252,876,1389,4260,3662,11919,3083,3047,9829,Day_1,Dark,Intermediate,5mm,Experiment_2
2025-10-23T03:05:07.268Z,28,810,1251,252,882,1386,4262,3678,11906,3085,3051,9818,Day_1,Dark,Intermediate,5mm,Experiment_2
2025-10-23T03:05:07.308Z,36,814,1244,258,890,1386,4249,3703,11878,3072,3054,9790,Day_1,Dark,Intermediate,5mm,Experiment_2
2025-10-23T03:05:07.348Z,42,815,1240,266,897,1388,4230,3705,11839,3047,3045,9742,Day_1,Dark,Intermediate,5mm,Experiment_2
2025-10-23T03:05:07.388Z,47,813,1242,274,900,1391,4220,3684,11801,3026,3024,9698,Day_1,Dark,Intermediate,5mm,Experiment_2
2025-10-23T03:05:07.428Z,48,809,1252,279,896,1397,4220,3663,11783,3021,3009,9691,Day_1,Dark,Intermediate,5mm,Experiment_2
2025-10-23T03:05:07.468Z,45,807,1263,279,892,1403,4226,3658,11792,3033,3013,9725,Day_1,Dark,Intermediate,5mm,Experiment_2
2025-10-23T03:05:07.508Z,42,808,1271,275,892,1409,4229,3664,11817,3047,3031,9770,Day_1,Dark,Intermediate,5mm,Experiment_2
2025-10-23T03:05:07.548Z,42,810,1271,269,897,1408,4225,3669,11846,3050,3046,9798,Day_1,Dark,Intermediate,5mm,Experiment_2
2025-10-23T03:05:07.588Z,45,810,1264,264,901,1401,4221,3666,11859,3044,3048,9800,Day_1,Dark,Intermediate,5mm,Experiment_2
2025-10-23T03:05:07.628Z,51,809,1258,265,902,1394,4220,3664,11855,3041,3046,9790,Day_1,Dark,Intermediate,5mm,Experiment_2
2025-10-23T03:05:07.668Z,50,808,1258,267,902,1394,4222,3677,11856,3047,3055,9794,Day_1,Dark,Intermediate,5mm,Experiment_2
2025-10-23T03:05:07.708Z,41,811,1262,267,905,1399,4227,3699,11874,3057,3070,9815,Day_1,Dark,Intermediate,5mm,Experiment_2
2025-10-23T03:05:07.748Z,36,813,1258,269,907,1401,4240,3712,11889,3066,3078,9834,Day_1,Dark,Intermediate,5mm,Experiment_2
2025-10-23T03:05:07.788Z,38,813,1248,273,905,1396,4256,3707,11880,3074,3075,9836,Day_1,Dark,Intermediate,5mm,Experiment_2
2025-10-23T03:05:07.828Z,39,815,1244,274,903,1391,4271,3687,11854,3080,3065,9825,Day_1,Dark,Intermediate,5mm,Experiment_2
2025-10-23T03:05:07.868Z,38,820,1248,272,904,1392,4288,3666,11831,3083,3051,9802,Day_1,Dark,Intermediate,5mm,Experiment_2
2025-10-23T03:05:07.908Z,37,822,1254,268,903,1397,4291,3649,11809,3075,3031,9764,Day_1,Dark,Intermediate,5mm,Experiment_2
2025-10-23T03:05:07.948Z,35,817,1257,266,899,1400,4263,3644,11779,3055,3011,9712,Day_1,Dark,Intermediate,5mm,Experiment_2
2025-10-23T03:05:07.988Z,34,806,1253,264,891,1397,4227,3653,11754,3038,3005,9679,Day_1,Dark,Intermediate,5mm,Experiment_2
2025-10-23T03:05:08.028Z,32,794,1248,260,883,1391,4209,3671,11752,3038,3021,9693,Day_1,Dark,Intermediate,5mm,Experiment_2
2025-10-23T03:05:08.068Z,32,787,1248,256,879,1390,4209,3688,11774,3049,3044,9738,Day_1,Dark,Intermediate,5mm,Experiment_2
2025-10-23T03:05:08.108Z,34,791,1250,257,884,1392,4215,3701,11808,3059,3058,9778,Day_1,Dark,Intermediate,5mm,Experiment_2
2025-10-23T03:05:08.148Z,35,805,1250,262,896,1393,4215,3709,11852,3062,3061,9798,Day_1,Dark,Intermediate,5mm,Experiment_2
2025-10-23T03:05:08.188Z,39,822,1252,271,908,1395,4209,3710,11894,3059,3058,9808,Day_1,Dark,Intermediate,5mm,Experiment_2
2025-10-23T03:05:08.228Z,54,829,1259,286,912,1402,4206,3706,11921,3056,3058,9821,Day_1,Dark,Intermediate,5mm,Experiment_2
2025-10-23T03:05:08.268Z,66,826,1265,297,910,1405,4216,3710,11928,3057,3067,9840,Day_1,Dark,Intermediate,5mm,Experiment_2
2025-10-23T03:05:08.308Z,62,819,1260,292,905,1401,4236,3729,11922,3064,3078,9855,Day_1,Dark,Intermediate,5mm,Experiment_2
2025-10-23T03:05:08.348Z,50,816,1252,278,904,1396,4257,3742,11908,3073,3079,9856,Day_1,Dark,Intermediate,5mm,Experiment_2
2025-10-23T03:05:08.388Z,43,816,1249,269,905,1393,4272,3735,11886,3078,3069,9842,Day_1,Dark,Intermediate,5mm,Experiment_2
2025-10-23T03:05:08.428Z,39,815,1253,264,905,1394,4279,3721,11854,3076,3056,9813,Day_1,Dark,Intermediate,5mm,Experiment_2
2025-10-23T03:05:08.468Z,33,811,1262,259,903,1399,4273,3711,11810,3063,3042,9761,Day_1,Dark,Intermediate,5mm,Experiment_2
2025-10-23T03:05:08.508Z,30,806,1267,259,898,1403,4245,3692,11766,3042,3019,9700,Day_1,Dark,Intermediate,5mm,Experiment_2
2025-10-23T03:05:08.548Z,34,803,1263,265,893,1402,4210,3662,11749,3025,2998,9668,Day_1,Dark,Intermediate,5mm,Experiment_2
2025-10-23T03:05:08.588Z,41,802,1255,273,888,1401,4192,3647,11769,3025,2999,9687,Day_1,Dark,Intermediate,5mm,Experiment_2
2025-10-23T03:05:08.628Z,45,804,1250,277,890,1400,4192,3654,11801,3036,3017,9729,Day_1,Dark,Intermediate,5mm,Experiment_2
2025-10-23T03:05:08.668Z,41,808,1247,276,895,1396,4199,3662,11822,3048,3032,9762,Day_1,Dark,Intermediate,5mm,Experiment_2
2025-10-23T03:05:08.708Z,34,812,1242,274,899,1389,4210,3653,11832,3056,3031,9776,Day_1,Dark,Intermediate,5mm,Experiment_2
2025-10-23T03:05:08.748Z,32,816,1237,275,901,1384,4227,3639,11836,3058,3022,9776,Day_1,Dark,Intermediate,5mm,Experiment_2
2025-10-23T03:05:08.788Z,35,819,1236,275,903,1380,4238,3637,11834,3056,3020,9768,Day_1,Dark,Intermediate,5mm,Experiment_2
2025-10-23T03:05:08.828Z,39,818,1237,273,904,1378,4239,3648,11833,3055,3031,9768,Day_1,Dark,Intermediate,5mm,Experiment_2
2025-10-23T03:05:08.869Z,38,816,1238,269,903,1377,4240,3665,11849,3062,3047,9787,Day_1,Dark,Intermediate,5mm,Experiment_2
2025-10-23T03:05:08.909Z,33,815,1238,264,901,1377,4233,3690,11877,3066,3060,9813,Day_1,Dark,Intermediate,5mm,Experiment_2
2025-10-23T03:05:08.949Z,26,810,1236,258,895,1376,4214,3708,11891,3059,3066,9828,Day_1,Dark,Intermediate,5mm,Experiment_2
2025-10-23T03:05:08.989Z,18,803,1235,251,888,1375,4202,3704,11883,3049,3059,9824,Day_1,Dark,Intermediate,5mm,Experiment_2
2025-10-23T03:05:09.029Z,12,799,1237,243,885,1377,4201,3686,11870,3041,3043,9804,Day_1,Dark,Intermediate,5mm,Experiment_2
2025-10-23T03:05:09.069Z,8,804,1240,238,892,1382,4197,3658,11856,3031,3018,9770,Day_1,Dark,Intermediate,5mm,Experiment_2
2025-10-23T03:05:09.109Z,5,818,1241,235,905,1387,4187,3615,11835,3021,2982,9730,Day_1,Dark,Intermediate,5mm,Experiment_2
2025-10-23T03:05:09.149Z,6,835,1243,237,917,1388,4184,3581,11814,3020,2954,9707,Day_1,Dark,Intermediate,5mm,Experiment_2
2025-10-23T03:05:09.189Z,13,841,1247,242,919,1387,4201,3591,11810,3031,2965,9723,Day_1,Dark,Intermediate,5mm,Experiment_2
2025-10-23T03:05:09.229Z,29,831,1250,252,909,1387,4223,3639,11823,3046,3011,9761,Day_1,Dark,Intermediate,5mm,Experiment_2
2025-10-23T03:05:09.269Z,64,818,1250,264,898,1388,4228,3683,11835,3051,3050,9790,Day_1,Dark,Intermediate,5mm,Experiment_2
2025-10-23T03:05:09.309Z,116,811,1250,275,894,1389,4214,3702,11837,3041,3062,9796,Day_1,Dark,Intermediate,5mm,Experiment_2
2025-10-23T03:05:09.349Z,169,809,1250,276,894,1389,4207,3708,11841,3035,3063,9795,Day_1,Dark,Intermediate,5mm,Experiment_2
2025-10-23T03:05:09.389Z,254,809,1249,269,898,1389,4225,3717,11862,3047,3070,9810,Day_1,Dark,Intermediate,5mm,Experiment_2
2025-10-23T03:05:09.429Z,414,811,1244,265,901,1387,4255,3730,11888,3068,3085,9836,Day_1,Dark,Intermediate,5mm,Experiment_2
2025-10-23T03:05:09.469Z,508,808,1238,266,901,1382,4274,3730,11893,3082,3089,9846,Day_1,Dark,Intermediate,5mm,Experiment_2
2025-10-23T03:05:09.509Z,381,798,1235,264,896,1380,4274,3713,11882,3082,3080,9838,Day_1,Dark,Intermediate,5mm,Experiment_2
2025-10-23T03:05:09.549Z,170,793,1242,263,890,1385,4262,3693,11876,3073,3067,9828,Day_1,Dark,Intermediate,5mm,Experiment_2
2025-10-23T03:05:09.589Z,55,796,1254,266,888,1393,4242,3680,11871,3059,3057,9813,Day_1,Dark,Intermediate,5mm,Experiment_2
2025-10-23T03:05:09.629Z,27,799,1263,268,887,1400,4222,3670,11848,3045,3044,9776,Day_1,Dark,Intermediate,5mm,Experiment_2
2025-10-23T03:05:09.669Z,22,802,1265,268,889,1403,4207,3659,11803,3035,3024,9719,Day_1,Dark,Intermediate,5mm,Experiment_2
2025-10-23T03:05:09.709Z,18,811,1263,265,896,1402,4205,3653,11762,3032,3010,9682,Day_1,Dark,Intermediate,5mm,Experiment_2
2025-10-23T03:05:09.749Z,15,816,1257,255,899,1397,4221,3656,11755,3042,3017,9696,Day_1,Dark,Intermediate,5mm,Experiment_2
2025-10-23T03:05:09.789Z,13,814,1249,242,895,1390,4247,3666,11779,3060,3037,9739,Day_1,Dark,Intermediate,5mm,Experiment_2
2025-10-23T03:05:09.829Z,11,811,1242,234,891,1385,4264,3675,11811,3073,3054,9773,Day_1,Dark,Intermediate,5mm,Experiment_2
2025-10-23T03:05:09.869Z,10,811,1238,233,890,1384,4261,3675,11832,3076,3059,9784,Day_1,Dark,Intermediate,5mm,Experiment_2
2025-10-23T03:05:09.909Z,10,811,1233,232,891,1384,4246,3667,11835,3071,3054,9779,Day_1,Dark,Intermediate,5mm,Experiment_2
2025-10-23T03:05:09.949Z,14,804,1228,235,892,1382,4233,3665,11834,3064,3050,9778,Day_1,Dark,Intermediate,5mm,Experiment_2
2025-10-23T03:05:09.989Z,27,796,1225,247,891,1378,4233,3675,11843,3064,3053,9792,Day_1,Dark,Intermediate,5mm,Experiment_2
2025-10-23T03:05:10.029Z,44,795,1228,263,893,1376,4246,3695,11857,3072,3063,9813,Day_1,Dark,Intermediate,5mm,Experiment_2
2025-10-23T03:05:10.069Z,60,803,1231,270,898,1378,4259,3709,11872,3079,3069,9827,Day_1,Dark,Intermediate,5mm,Experiment_2
2025-10-23T03:05:10.109Z,88,814,1233,266,904,1381,4265,3705,11877,3078,3066,9826,Day_1,Dark,Intermediate,5mm,Experiment_2
2025-10-23T03:05:10.149Z,143,822,1234,262,908,1380,4259,3687,11869,3072,3054,9808,Day_1,Dark,Intermediate,5mm,Experiment_2
2025-10-23T03:05:10.189Z,182,830,1234,261,910,1376,4244,3673,11851,3062,3039,9772,Day_1,Dark,Intermediate,5mm,Experiment_2
2025-10-23T03:05:10.229Z,171,835,1233,260,912,1373,4233,3668,11827,3050,3025,9729,Day_1,Dark,Intermediate,5mm,Experiment_2
2025-10-23T03:05:10.269Z,149,832,1232,254,910,1374,4226,3672,11809,3041,3017,9701,Day_1,Dark,Intermediate,5mm,Experiment_2
2025-10-23T03:05:10.309Z,135,821,1234,247,907,1378,4215,3687,11813,3035,3025,9705,Day_1,Dark,Intermediate,5mm,Experiment_2
2025-10-23T03:05:10.349Z,102,812,1237,243,904,1383,4199,3709,11833,3034,3046,9734,Day_1,Dark,Intermediate,5mm,Experiment_2
2025-10-23T03:05:10.389Z,62,807,1240,243,901,1386,4197,3724,11842,3042,3065,9764,Day_1,Dark,Intermediate,5mm,Experiment_2
2025-10-23T03:05:10.429Z,38,806,1244,243,897,1387,4215,3729,11835,3060,3073,9777,Day_1,Dark,Intermediate,5mm,Experiment_2
2025-10-23T03:05:10.469Z,29,806,1248,246,898,1388,4240,3729,11830,3077,3070,9775,Day_1,Dark,Intermediate,5mm,Experiment_2
2025-10-23T03:05:10.509Z,31,807,1250,259,900,1386,4256,3723,11836,3084,3061,9772,Day_1,Dark,Intermediate,5mm,Experiment_2
2025-10-23T03:05:10.549Z,41,807,1248,274,899,1383,4253,3706,11848,3078,3052,9785,Day_1,Dark,Intermediate,5mm,Experiment_2
2025-10-23T03:05:10.589Z,47,807,1245,281,897,1380,4234,3686,11865,3066,3050,9809,Day_1,Dark,Intermediate,5mm,Experiment_2
2025-10-23T03:05:10.629Z,42,807,1246,273,895,1382,4217,3677,11878,3058,3054,9828,Day_1,Dark,Intermediate,5mm,Experiment_2
2025-10-23T03:05:10.669Z,33,807,1249,258,895,1387,4222,3687,11880,3059,3060,9831,Day_1,Dark,Intermediate,5mm,Experiment_2
2025-10-23T03:05:10.709Z,29,806,1248,250,895,1389,4246,3705,11877,3066,3066,9823,Day_1,Dark,Intermediate,5mm,Experiment_2
2025-10-23T03:05:10.749Z,30,801,1242,250,891,1386,4268,3718,11862,3067,3066,9801,Day_1,Dark,Intermediate,5mm,Experiment_2
2025-10-23T03:05:10.789Z,31,793,1236,252,882,1382,4275,3713,11825,3059,3053,9759,Day_1,Dark,Intermediate,5mm,Experiment_2
2025-10-23T03:05:10.829Z,29,787,1235,251,876,1384,4261,3693,11775,3045,3031,9705,Day_1,Dark,Intermediate,5mm,Experiment_2
2025-10-23T03:05:10.869Z,22,789,1234,245,879,1389,4235,3682,11750,3034,3021,9679,Day_1,Dark,Intermediate,5mm,Experiment_2
2025-10-23T03:05:10.909Z,14,795,1229,237,887,1394,4214,3688,11769,3036,3029,9706,Day_1,Dark,Intermediate,5mm,Experiment_2
2025-10-23T03:05:10.949Z,10,800,1206,235,893,1396,4209,3690,11808,3047,3040,9757,Day_1,Dark,Intermediate,5mm,Experiment_2
2025-10-23T03:05:10.989Z,12,801,1149,240,893,1388,4219,3676,11833,3056,3039,9792,Day_1,Dark,Intermediate,5mm,Experiment_2
2025-10-23T03:05:11.029Z,18,801,1096,250,892,1377,4231,3668,11833,3059,3034,9796,Day_1,Dark,Intermediate,5mm,Experiment_2
2025-10-23T03:05:11.069Z,26,801,1068,257,893,1370,4240,3692,11821,3061,3042,9789,Day_1,Dark,Intermediate,5mm,Experiment_2
2025-10-23T03:05:11.109Z,30,799,1022,254,893,1366,4244,3735,11821,3065,3061,9794,Day_1,Dark,Intermediate,5mm,Experiment_2
2025-10-23T03:05:11.149Z,29,796,1000,249,890,1366,4254,3759,11847,3075,3078,9813,Day_1,Dark,Intermediate,5mm,Experiment_2
2025-10-23T03:05:11.189Z,31,795,1080,249,891,1376,4276,3750,11881,3090,3085,9830,Day_1,Dark,Intermediate,5mm,Experiment_2
2025-10-23T03:05:11.229Z,37,799,1200,256,894,1387,4293,3722,11899,3097,3078,9834,Day_1,Dark,Intermediate,5mm,Experiment_2
2025-10-23T03:05:11.269Z,42,802,1284,261,895,1389,4285,3700,11896,3088,3066,9826,Day_1,Dark,Intermediate,5mm,Experiment_2
2025-10-23T03:05:11.309Z,39,804,1378,262,894,1391,4251,3680,11876,3068,3050,9804,Day_1,Dark,Intermediate,5mm,Experiment_2
2025-10-23T03:05:11.349Z,33,806,1532,260,893,1396,4216,3651,11840,3044,3028,9765,Day_1,Dark,Intermediate,5mm,Experiment_2
2025-10-23T03:05:10.889Z,31,808,1662,258,893,1399,4193,3624,11799,3025,3003,9715,Day_1,Dark,Intermediate,5mm,Experiment_2
2025-10-23T03:05:10.929Z,31,811,1732,258,895,1403,4183,3623,11773,3017,2993,9686,Day_1,Dark,Intermediate,5mm,Experiment_2
2025-10-23T03:05:10.969Z,30,814,1856,262,898,1409,4188,3651,11777,3024,3008,9698,Day_1,Dark,Intermediate,5mm,Experiment_2
2025-10-23T03:05:11.009Z,31,817,1925,267,900,1410,4207,3683,11800,3040,3033,9735,Day_1,Dark,Intermediate,5mm,Experiment_2
2025-10-23T03:05:11.049Z,36,818,1735,269,901,1404,4231,3699,11822,3058,3052,9767,Day_1,Dark,Intermediate,5mm,Experiment_2
2025-10-23T03:05:11.089Z,41,816,1445,267,901,1397,4244,3705,11833,3070,3062,9782,Day_1,Dark,Intermediate,5mm,Experiment_2
2025-10-23T03:05:11.129Z,42,808,1258,263,897,1390,4246,3709,11832,3076,3062,9779,Day_1,Dark,Intermediate,5mm,Experiment_2
2025-10-23T03:05:11.169Z,37,798,1120,258,891,1381,4249,3703,11828,3079,3052,9767,Day_1,Dark,Intermediate,5mm,Experiment_2
2025-10-23T03:05:11.209Z,29,795,949,253,887,1371,4258,3686,11830,3081,3044,9767,Day_1,Dark,Intermediate,5mm,Experiment_2
2025-10-23T03:05:11.749Z,21,795,837,247,887,1369,4269,3678,11837,3084,3047,9780,Day_1,Dark,Intermediate,5mm,Experiment_2
2025-10-23T03:05:11.789Z,17,795,846,245,889,1375,4273,3701,11843,3086,3062,9796,Day_1,Dark,Intermediate,5mm,Experiment_2
2025-10-23T03:05:11.829Z,21,799,848,249,896,1375,4271,3742,11851,3085,3081,9805,Day_1,Dark,Intermediate,5mm,Experiment_2
2025-10-23T03:05:11.869Z,27,807,843,253,905,1372,4270,3761,11862,3082,3087,9805,Day_1,Dark,Intermediate,5mm,Experiment_2
2025-10-23T03:05:11.909Z,30,816,954,254,910,1372,4267,3740,11860,3077,3076,9785,Day_1,Dark,Intermediate,5mm,Experiment_2
2025-10-23T03:05:11.949Z,34,821,1113,255,910,1375,4256,3702,11834,3065,3052,9742,Day_1,Dark,Intermediate,5mm,Experiment_2
2025-10-23T03:05:11.989Z,37,819,1209,258,905,1377,4244,3678,11798,3051,3028,9700,Day_1,Dark,Intermediate,5mm,Experiment_2
2025-10-23T03:05:12.029Z,35,809,1263,258,897,1376,4245,3683,11777,3043,3020,9690,Day_1,Dark,Intermediate,5mm,Experiment_2
2025-10-23T03:05:12.069Z,29,798,1317,255,890,1372,4253,3706,11786,3043,3036,9718,Day_1,Dark,Intermediate,5mm,Experiment_2
2025-10-23T03:05:12.109Z,24,795,1358,253,890,1371,4255,3727,11813,3045,3060,9759,Day_1,Dark,Intermediate,5mm,Experiment_2
2025-10-23T03:05:12.149Z,25,801,1388,255,897,1377,4249,3735,11838,3047,3072,9783,Day_1,Dark,Intermediate,5mm,Experiment_2
2025-10-23T03:05:12.189Z,30,808,1441,259,902,1385,4240,3736,11847,3050,3071,9781,Day_1,Dark,Intermediate,5mm,Experiment_2
2025-10-23T03:05:12.229Z,32,810,1471,261,901,1387,4235,3737,11845,3057,3070,9772,Day_1,Dark,Intermediate,5mm,Experiment_2
2025-10-23T03:05:12.269Z,34,810,1408,260,900,1383,4232,3734,11843,3065,3075,9778,Day_1,Dark,Intermediate,5mm,Experiment_2
2025-10-23T03:05:12.309Z,36,812,1313,261,898,1378,4224,3722,11852,3071,3077,9802,Day_1,Dark,Intermediate,5mm,Experiment_2
2025-10-23T03:05:12.349Z,37,810,1264,261,892,1377,4214,3704,11876,3069,3068,9824,Day_1,Dark,Intermediate,5mm,Experiment_2
2025-10-23T03:05:12.389Z,35,803,1251,261,883,1381,4217,3685,11900,3068,3055,9833,Day_1,Dark,Intermediate,5mm,Experiment_2
2025-10-23T03:05:12.429Z,34,795,1248,263,877,1385,4231,3669,11908,3071,3045,9833,Day_1,Dark,Intermediate,5mm,Experiment_2
2025-10-23T03:05:12.469Z,36,791,1249,267,877,1385,4240,3661,11897,3071,3042,9821,Day_1,Dark,Intermediate,5mm,Experiment_2
2025-10-23T03:05:12.509Z,40,794,1250,270,882,1383,4236,3659,11867,3061,3038,9789,Day_1,Dark,Intermediate,5mm,Experiment_2
2025-10-23T03:05:12.549Z,44,801,1247,271,890,1381,4229,3659,11821,3047,3030,9735,Day_1,Dark,Intermediate,5mm,Experiment_2
2025-10-23T03:05:12.589Z,44,807,1240,265,894,1376,4236,3660,11779,3044,3025,9690,Day_1,Dark,Intermediate,5mm,Experiment_2
2025-10-23T03:05:12.629Z,34,808,1237,253,894,1375,4259,3666,11774,3058,3029,9692,Day_1,Dark,Intermediate,5mm,Experiment_2
2025-10-23T03:05:12.669Z,23,811,1237,242,896,1376,4275,3675,11809,3074,3038,9732,Day_1,Dark,Intermediate,5mm,Experiment_2
2025-10-23T03:05:12.709Z,20,818,1239,243,903,1378,4270,3681,11848,3076,3047,9771,Day_1,Dark,Intermediate,5mm,Experiment_2
2025-10-23T03:05:12.749Z,27,821,1242,254,904,1381,4261,3679,11864,3071,3054,9785,Day_1,Dark,Intermediate,5mm,Experiment_2
2025-10-23T03:05:12.789Z,39,815,1246,268,897,1385,4265,3660,11865,3073,3051,9783,Day_1,Dark,Intermediate,5mm,Experiment_2
2025-10-23T03:05:12.829Z,44,808,1247,274,888,1387,4275,3631,11854,3079,3036,9784,Day_1,Dark,Intermediate,5mm,Experiment_2
2025-10-23T03:05:12.869Z,39,811,1242,266,886,1383,4272,3617,11805,3083,3026,9790,Day_1,Dark,Intermediate,5mm,Experiment_2
2025-10-23T03:05:12.909Z,30,825,1233,254,892,1374,4254,3633,11711,3080,3034,9789,Day_1,Dark,Intermediate,5mm,Experiment_2
2025-10-23T03:05:12.949Z,23,844,1228,246,898,1369,4241,3663,11627,3076,3051,9780,Day_1,Dark,Intermediate,5mm,Experiment_2
2025-10-23T03:05:12.989Z,20,851,1229,243,900,1368,4241,3684,11566,3074,3062,9762,Day_1,Dark,Intermediate,5mm,Experiment_2
2025-10-23T03:05:13.029Z,19,842,1235,245,901,1371,4238,3689,11461,3068,3061,9726,Day_1,Dark,Intermediate,5mm,Experiment_2
2025-10-23T03:05:13.069Z,19,826,1244,249,899,1378,4227,3677,11381,3055,3049,9677,Day_1,Dark,Intermediate,5mm,Experiment_2
2025-10-23T03:05:13.109Z,22,814,1252,253,897,1385,4221,3659,11449,3039,3029,9639,Day_1,Dark,Intermediate,5mm,Experiment_2
2025-10-23T03:05:13.149Z,29,814,1253,257,900,1387,4222,3656,11586,3030,3015,9633,Day_1,Dark,Intermediate,5mm,Experiment_2
2025-10-23T03:05:13.189Z,35,821,1245,260,909,1383,4224,3669,11711,3035,3020,9673,Day_1,Dark,Intermediate,5mm,Experiment_2
2025-10-23T03:05:13.229Z,33,827,1234,257,916,1377,4225,3680,11892,3048,3036,9751,Day_1,Dark,Intermediate,5mm,Experiment_2
2025-10-23T03:05:13.269Z,28,824,1229,252,914,1377,4222,3677,12155,3057,3050,9831,Day_1,Dark,Intermediate,5mm,Experiment_2
2025-10-23T03:05:13.309Z,26,811,1234,251,904,1383,4214,3663,12385,3055,3051,9876,Day_1,Dark,Intermediate,5mm,Experiment_2
2025-10-23T03:05:13.349Z,31,802,1243,256,895,1389,4206,3651,12611,3048,3044,9897,Day_1,Dark,Intermediate,5mm,Experiment_2
2025-10-23T03:05:13.389Z,38,805,1248,261,895,1390,4209,3649,13014,3046,3038,9944,Day_1,Dark,Intermediate,5mm,Experiment_2
2025-10-23T03:05:13.429Z,41,813,1249,263,899,1388,4227,3654,13262,3056,3039,9985,Day_1,Dark,Intermediate,5mm,Experiment_2
2025-10-23T03:05:13.469Z,35,817,1250,257,901,1387,4255,3668,12923,3075,3047,9955,Day_1,Dark,Intermediate,5mm,Experiment_2
2025-10-23T03:05:13.509Z,22,814,1249,246,901,1389,4276,3687,12369,3090,3059,9890,Day_1,Dark,Intermediate,5mm,Experiment_2
2025-10-23T03:05:13.550Z,14,807,1244,240,898,1388,4281,3696,12150,3094,3065,9866,Day_1,Dark,Intermediate,5mm,Experiment_2
2025-10-23T03:05:13.590Z,15,799,1241,244,891,1386,4279,3685,12430,3090,3061,9914,Day_1,Dark,Intermediate,5mm,Experiment_2
2025-10-23T03:05:13.630Z,22,795,1242,252,886,1385,4271,3665,13064,3079,3049,10013,Day_1,Dark,Intermediate,5mm,Experiment_2
2025-10-23T03:05:13.670Z,27,795,1244,257,885,1387,4250,3653,13303,3057,3031,10027,Day_1,Dark,Intermediate,5mm,Experiment_2
2025-10-23T03:05:13.710Z,27,796,1245,257,887,1389,4220,3651,12396,3022,3017,9829,Day_1,Dark,Intermediate,5mm,Experiment_2
2025-10-23T03:05:13.750Z,23,798,1245,251,889,1387,4202,3656,10825,2989,3017,9531,Day_1,Dark,Intermediate,5mm,Experiment_2
2025-10-23T03:05:13.790Z,19,806,1241,245,892,1380,4205,3669,9943,2982,3034,9394,Day_1,Dark,Intermediate,5mm,Experiment_2
2025-10-23T03:05:13.830Z,18,816,1236,245,900,1373,4211,3695,10336,3005,3059,9504,Day_1,Dark,Intermediate,5mm,Experiment_2
2025-10-23T03:05:13.870Z,21,821,1234,249,906,1372,4222,3722,11163,3034,3074,9678,Day_1,Dark,Intermediate,5mm,Experiment_2
2025-10-23T03:05:13.910Z,24,816,1234,252,905,1375,4241,3721,11622,3055,3069,9762,Day_1,Dark,Intermediate,5mm,Experiment_2
2025-10-23T03:05:13.950Z,24,806,1235,249,899,1380,4255,3693,11787,3066,3051,9786,Day_1,Dark,Intermediate,5mm,Experiment_2
2025-10-23T03:05:13.990Z,22,798,1236,242,894,1383,4260,3667,11892,3074,3039,9816,Day_1,Dark,Intermediate,5mm,Experiment_2
2025-10-23T03:05:14.030Z,16,796,1237,235,894,1384,4259,3664,11980,3085,3041,9853,Day_1,Dark,Intermediate,5mm,Experiment_2
2025-10-23T03:05:14.070Z,14,802,1238,235,899,1384,4257,3685,12095,3091,3053,9883,Day_1,Dark,Intermediate,5mm,Experiment_2
2025-10-23T03:05:14.110Z,18,809,1237,240,901,1382,4254,3704,12286,3086,3064,9910,Day_1,Dark,Intermediate,5mm,Experiment_2
2025-10-23T03:05:14.150Z,25,809,1233,247,898,1377,4244,3698,12394,3073,3062,9913,Day_1,Dark,Intermediate,5mm,Experiment_2
2025-10-23T03:05:14.190Z,32,805,1229,254,893,1374,4227,3686,12260,3057,3051,9863,Day_1,Dark,Intermediate,5mm,Experiment_2
2025-10-23T03:05:14.230Z,37,799,1230,258,890,1373,4212,3692,12036,3045,3040,9784,Day_1,Dark,Intermediate,5mm,Experiment_2
2025-10-23T03:05:14.270Z,38,794,1234,258,889,1377,4205,3704,11891,3036,3026,9713,Day_1,Dark,Intermediate,5mm,Experiment_2
2025-10-23T03:05:14.310Z,38,798,1240,257,894,1383,4207,3701,11823,3035,3016,9682,Day_1,Dark,Intermediate,5mm,Experiment_2
2025-10-23T03:05:14.350Z,36,813,1243,258,904,1387,4217,3692,11810,3049,3021,9706,Day_1,Dark,Intermediate,5mm,Experiment_2
2025-10-23T03:05:14.390Z,34,826,1245,261,910,1390,4232,3693,11831,3069,3037,9752,Day_1,Dark,Intermediate,5mm,Experiment_2
2025-10-23T03:05:14.430Z,32,829,1246,263,909,1391,4249,3701,11856,3081,3052,9782,Day_1,Dark,Intermediate,5mm,Experiment_2
2025-10-23T03:05:14.470Z,33,826,1249,263,905,1392,4257,3702,11865,3083,3054,9787,Day_1,Dark,Intermediate,5mm,Experiment_2
2025-10-23T03:05:14.510Z,37,820,1256,265,904,1396,4245,3682,11858,3076,3040,9773,Day_1,Dark,Intermediate,5mm,Experiment_2
2025-10-23T03:05:14.550Z,40,810,1268,270,899,1404,4232,3662,11843,3070,3029,9758,Day_1,Dark,Intermediate,5mm,Experiment_2
2025-10-23T03:05:14.590Z,40,803,1277,270,893,1414,4238,3673,11836,3076,3039,9763,Day_1,Dark,Intermediate,5mm,Experiment_2
2025-10-23T03:05:14.630Z,34,804,1277,262,893,1417,4257,3703,11843,3086,3060,9787,Day_1,Dark,Intermediate,5mm,Experiment_2
2025-10-23T03:05:14.670Z,27,807,1265,255,897,1408,4276,3716,11855,3091,3072,9811,Day_1,Dark,Intermediate,5mm,Experiment_2
2025-10-23T03:05:14.710Z,24,812,1249,253,902,1393,4289,3706,11865,3089,3069,9822,Day_1,Dark,Intermediate,5mm,Experiment_2
2025-10-23T03:05:14.750Z,25,819,1238,255,907,1383,4290,3685,11867,3082,3059,9813,Day_1,Dark,Intermediate,5mm,Experiment_2
2025-10-23T03:05:14.790Z,28,821,1232,257,906,1379,4275,3666,11858,3069,3047,9778,Day_1,Dark,Intermediate,5mm,Experiment_2
2025-10-23T03:05:14.830Z,35,815,1230,263,899,1378,4246,3656,11831,3045,3034,9727,Day_1,Dark,Intermediate,5mm,Experiment_2
2025-10-23T03:05:14.870Z,42,792,1231,270,893,1379,4218,3653,11802,3025,3021,9690,Day_1,Dark,Intermediate,5mm,Experiment_2
2025-10-23T03:05:14.910Z,41,728,1238,270,889,1384,4210,3659,11792,3022,3015,9695,Day_1,Dark,Intermediate,5mm,Experiment_2
2025-10-23T03:05:14.950Z,38,623,1247,265,889,1390,4224,3673,11799,3035,3023,9730,Day_1,Dark,Intermediate,5mm,Experiment_2
2025-10-23T03:05:14.990Z,38,546,1249,260,890,1392,4238,3687,11815,3049,3035,9769,Day_1,Dark,Intermediate,5mm,Experiment_2
2025-10-23T03:05:15.030Z,45,549,1242,259,892,1387,4235,3691,11832,3051,3040,9792,Day_1,Dark,Intermediate,5mm,Experiment_2
2025-10-23T03:05:15.070Z,56,595,1234,260,897,1381,4224,3680,11840,3048,3039,9792,Day_1,Dark,Intermediate,5mm,Experiment_2
2025-10-23T03:05:15.110Z,62,658,1236,259,904,1381,4224,3665,11841,3052,3038,9780,Day_1,Dark,Intermediate,5mm,Experiment_2
2025-10-23T03:05:15.150Z,54,726,1247,256,906,1388,4238,3667,11850,3064,3045,9783,Day_1,Dark,Intermediate,5mm,Experiment_2
2025-10-23T03:05:15.190Z,37,769,1254,249,904,1392,4260,3691,11866,3078,3059,9801,Day_1,Dark,Intermediate,5mm,Experiment_2
2025-10-23T03:05:15.230Z,25,785,1251,247,902,1388,4278,3718,11867,3088,3069,9815,Day_1,Dark,Intermediate,5mm,Experiment_2
2025-10-23T03:05:15.270Z,24,793,1246,253,901,1383,4287,3737,11850,3094,3075,9816,Day_1,Dark,Intermediate,5mm,Experiment_2
2025-10-23T03:05:15.310Z,30,797,1243,261,901,1382,4283,3749,11834,3092,3080,9810,Day_1,Dark,Intermediate,5mm,Experiment_2
2025-10-23T03:05:15.350Z,35,802,1239,264,900,1380,4264,3757,11831,3078,3081,9797,Day_1,Dark,Intermediate,5mm,Experiment_2
2025-10-23T03:05:15.390Z,35,815,1237,262,896,1380,4239,3749,11826,3058,3070,9766,Day_1,Dark,Intermediate,5mm,Experiment_2
2025-10-23T03:05:15.430Z,30,842,1238,256,890,1382,4219,3722,11806,3038,3049,9721,Day_1,Dark,Intermediate,5mm,Experiment_2
2025-10-23T03:05:15.470Z,25,859,1240,251,886,1383,4214,3688,11792,3031,3027,9698,Day_1,Dark,Intermediate,5mm,Experiment_2
2025-10-23T03:05:15.510Z,27,827,1240,257,882,1380,4220,3666,11813,3039,3020,9726,Day_1,Dark,Intermediate,5mm,Experiment_2
2025-10-23T03:05:15.550Z,33,749,1241,267,879,1378,4227,3664,11856,3049,3029,9778,Day_1,Dark,Intermediate,5mm,Experiment_2
2025-10-23T03:05:15.590Z,36,681,1242,272,881,1379,4235,3674,11889,3054,3040,9809,Day_1,Dark,Intermediate,5mm,Experiment_2
2025-10-23T03:05:15.630Z,31,657,1239,268,891,1380,4243,3675,11894,3055,3043,9811,Day_1,Dark,Intermediate,5mm,Experiment_2
2025-10-23T03:05:15.670Z,24,628,1237,260,901,1380,4247,3661,11880,3051,3036,9801,Day_1,Dark,Intermediate,5mm,Experiment_2
2025-10-23T03:05:15.710Z,18,579,1236,251,906,1379,4251,3656,11867,3049,3032,9802,Day_1,Dark,Intermediate,5mm,Experiment_2
2025-10-23T03:05:15.750Z,15,558,1232,244,906,1374,4255,3677,11870,3056,3045,9819,Day_1,Dark,Intermediate,5mm,Experiment_2
2025-10-23T03:05:15.790Z,16,558,1227,241,905,1369,4255,3708,11884,3065,3069,9835,Day_1,Dark,Intermediate,5mm,Experiment_2
2025-10-23T03:05:15.830Z,18,587,1226,240,903,1370,4252,3717,11889,3069,3079,9835,Day_1,Dark,Intermediate,5mm,Experiment_2
2025-10-23T03:05:15.870Z,25,693,1230,243,905,1375,4250,3702,11882,3070,3071,9822,Day_1,Dark,Intermediate,5mm,Experiment_2
2025-10-23T03:05:15.910Z,37,847,1235,256,909,1380,4250,3682,11863,3068,3057,9797,Day_1,Dark,Intermediate,5mm,Experiment_2
2025-10-23T03:05:15.950Z,49,983,1238,272,915,1382,4248,3670,11831,3061,3039,9753,Day_1,Dark,Intermediate,5mm,Experiment_2
2025-10-23T03:05:15.990Z,54,1071,1244,281,921,1385,4241,3660,11794,3050,3018,9701,Day_1,Dark,Intermediate,5mm,Experiment_2
2025-10-23T03:05:16.030Z,54,1112,1254,283,926,1391,4225,3662,11768,3037,3012,9675,Day_1,Dark,Intermediate,5mm,Experiment_2
2025-10-23T03:05:16.070Z,55,1095,1259,283,925,1393,4207,3680,11760,3031,3027,9692,Day_1,Dark,Intermediate,5mm,Experiment_2
2025-10-23T03:05:16.110Z,53,1000,1258,280,916,1393,4203,3700,11774,3032,3049,9731,Day_1,Dark,Intermediate,5mm,Experiment_2
2025-10-23T03:05:16.150Z,46,876,1253,273,905,1391,4212,3708,11807,3038,3063,9768,Day_1,Dark,Intermediate,5mm,Experiment_2
2025-10-23T03:05:16.190Z,35,776,1244,262,901,1385,4217,3702,11840,3042,3068,9789,Day_1,Dark,Intermediate,5mm,Experiment_2
2025-10-23T03:05:16.230Z,24,725,1232,252,902,1378,4208,3689,11857,3040,3062,9787,Day_1,Dark,Intermediate,5mm,Experiment_2
2025-10-23T03:05:16.270Z,17,735,1227,243,903,1374,4194,3677,11859,3035,3051,9775,Day_1,Dark,Intermediate,5mm,Experiment_2
2025-10-23T03:05:16.310Z,11,774,1230,238,902,1375,4190,3667,11856,3034,3045,9776,Day_1,Dark,Intermediate,5mm,Experiment_2
2025-10-23T03:05:16.350Z,13,794,1234,242,895,1377,4203,3668,11848,3043,3046,9790,Day_1,Dark,Intermediate,5mm,Experiment_2
2025-10-23T03:05:16.390Z,22,792,1238,253,884,1378,4219,3679,11835,3056,3052,9799,Day_1,Dark,Intermediate,5mm,Experiment_2
2025-10-23T03:05:16.430Z,30,793,1240,262,883,1378,4230,3691,11824,3062,3057,9797,Day_1,Dark,Intermediate,5mm,Experiment_2
2025-10-23T03:05:16.470Z,30,807,1239,263,895,1377,4244,3691,11821,3065,3057,9784,Day_1,Dark,Intermediate,5mm,Experiment_2
2025-10-23T03:05:16.510Z,23,825,1238,255,912,1376,4261,3685,11821,3068,3050,9757,Day_1,Dark,Intermediate,5mm,Experiment_2
2025-10-23T03:05:16.550Z,15,835,1240,244,920,1378,4269,3674,11815,3070,3035,9715,Day_1,Dark,Intermediate,5mm,Experiment_2
2025-10-23T03:05:16.590Z,12,827,1242,239,913,1383,4264,3650,11798,3067,3010,9675,Day_1,Dark,Intermediate,5mm,Experiment_2
2025-10-23T03:05:16.630Z,15,809,1242,239,898,1388,4248,3631,11787,3061,2993,9670,Day_1,Dark,Intermediate,5mm,Experiment_2
2025-10-23T03:05:16.670Z,21,794,1238,240,886,1393,4233,3639,11800,3058,3003,9710,Day_1,Dark,Intermediate,5mm,Experiment_2
2025-10-23T03:05:16.710Z,26,790,1235,244,884,1396,4229,3665,11824,3058,3030,9763,Day_1,Dark,Intermediate,5mm,Experiment_2
2025-10-23T03:05:16.750Z,28,797,1235,250,891,1396,4231,3680,11839,3056,3045,9792,Day_1,Dark,Intermediate,5mm,Experiment_2
2025-10-23T03:05:16.790Z,25,805,1238,253,896,1394,4226,3679,11844,3048,3045,9794,Day_1,Dark,Intermediate,5mm,Experiment_2
2025-10-23T03:05:16.830Z,23,801,1244,254,893,1395,4207,3675,11854,3034,3042,9792,Day_1,Dark,Intermediate,5mm,Experiment_2
2025-10-23T03:05:16.870Z,24,795,1249,256,889,1396,4184,3682,11872,3019,3048,9808,Day_1,Dark,Intermediate,5mm,Experiment_2
2025-10-23T03:05:16.910Z,25,795,1250,258,890,1396,4153,3704,11886,3016,3065,9832,Day_1,Dark,Intermediate,5mm,Experiment_2
2025-10-23T03:05:16.950Z,23,793,1250,258,889,1395,4067,3731,11883,3030,3083,9840,Day_1,Dark,Intermediate,5mm,Experiment_2
2025-10-23T03:05:16.990Z,22,788,1253,254,885,1397,3905,3742,11869,3046,3088,9833,Day_1,Dark,Intermediate,5mm,Experiment_2
2025-10-23T03:05:17.030Z,22,788,1255,249,882,1400,3789,3728,11860,3055,3080,9822,Day_1,Dark,Intermediate,5mm,Experiment_2
2025-10-23T03:05:17.070Z,26,792,1252,251,881,1399,3849,3703,11858,3062,3064,9807,Day_1,Dark,Intermediate,5mm,Experiment_2
2025-10-23T03:05:17.110Z,27,792,1250,256,879,1398,4044,3674,11848,3073,3041,9772,Day_1,Dark,Intermediate,5mm,Experiment_2
2025-10-23T03:05:17.150Z,22,789,1252,256,881,1399,4271,3647,11815,3072,3014,9715,Day_1,Dark,Intermediate,5mm,Experiment_2
2025-10-23T03:05:17.190Z,13,788,1255,250,885,1399,4546,3637,11776,3054,2998,9676,Day_1,Dark,Intermediate,5mm,Experiment_2
2025-10-23T03:05:17.230Z,9,793,1259,244,889,1402,4992,3646,11772,3039,3001,9690,Day_1,Dark,Intermediate,5mm,Experiment_2
2025-10-23T03:05:17.270Z,8,800,1268,237,892,1409,5475,3660,11809,3050,3015,9740,Day_1,Dark,Intermediate,5mm,Experiment_2
2025-10-23T03:05:17.310Z,6,806,1276,232,892,1411,5656,3668,11854,3098,3028,9782,Day_1,Dark,Intermediate,5mm,Experiment_2
2025-10-23T03:05:17.350Z,6,806,1276,228,891,1407,5565,3672,11879,3181,3041,9798,Day_1,Dark,Intermediate,5mm,Experiment_2
2025-10-23T03:05:17.390Z,10,803,1269,230,889,1401,5339,3681,11880,3245,3053,9796,Day_1,Dark,Intermediate,5mm,Experiment_2
2025-10-23T03:05:17.430Z,16,801,1262,237,887,1400,4931,3690,11870,3240,3061,9790,Day_1,Dark,Intermediate,5mm,Experiment_2
2025-10-23T03:05:17.470Z,21,802,1258,245,887,1402,4501,3687,11864,3182,3064,9795,Day_1,Dark,Intermediate,5mm,Experiment_2
2025-10-23T03:05:17.511Z,24,803,1255,249,891,1402,4222,3675,11867,3107,3063,9808,Day_1,Dark,Intermediate,5mm,Experiment_2
2025-10-23T03:05:17.551Z,24,800,1251,250,892,1401,3922,3668,11874,3022,3060,9816,Day_1,Dark,Intermediate,5mm,Experiment_2
2025-10-23T03:05:17.591Z,24,795,1250,250,890,1403,3454,3668,11872,2909,3058,9812,Day_1,Dark,Intermediate,5mm,Experiment_2
2025-10-23T03:05:17.631Z,27,796,1253,252,892,1403,3162,3672,11855,2816,3056,9795,Day_1,Dark,Intermediate,5mm,Experiment_2
2025-10-23T03:05:17.671Z,33,807,1257,257,900,1398,3526,3672,11820,2861,3045,9757,Day_1,Dark,Intermediate,5mm,Experiment_2
2025-10-23T03:05:17.711Z,41,815,1256,262,908,1392,4446,3659,11777,3046,3023,9706,Day_1,Dark,Intermediate,5mm,Experiment_2
2025-10-23T03:05:17.751Z,41,817,1254,262,908,1390,5143,3644,11757,3197,3007,9673,Day_1,Dark,Intermediate,5mm,Experiment_2
2025-10-23T03:05:17.791Z,30,812,1254,258,902,1392,4934,3643,11781,3194,3011,9690,Day_1,Dark,Intermediate,5mm,Experiment_2
2025-10-23T03:05:17.831Z,21,806,1258,255,896,1396,4070,3655,11821,3110,3025,9737,Day_1,Dark,Intermediate,5mm,Experiment_2
2025-10-23T03:05:17.871Z,18,804,1262,250,895,1400,3262,3662,11836,3038,3034,9773,Day_1,Dark,Intermediate,5mm,Experiment_2
2025-10-23T03:05:17.911Z,17,808,1265,245,898,1404,3089,3661,11819,3017,3035,9782,Day_1,Dark,Intermediate,5mm,Experiment_2
2025-10-23T03:05:17.951Z,16,811,1265,242,901,1404,3637,3662,11804,3054,3034,9775,Day_1,Dark,Intermediate,5mm,Experiment_2
2025-10-23T03:05:17.991Z,15,809,1260,243,900,1402,4260,3677,11804,3103,3042,9766,Day_1,Dark,Intermediate,5mm,Experiment_2
2025-10-23T03:05:18.031Z,17,804,1255,249,894,1400,4445,3694,11820,3116,3054,9768,Day_1,Dark,Intermediate,5mm,Experiment_2
2025-10-23T03:05:18.071Z,20,799,1251,255,887,1396,4355,3691,11848,3109,3056,9784,Day_1,Dark,Intermediate,5mm,Experiment_2
2025-10-23T03:05:18.111Z,23,796,1250,257,884,1394,4273,3670,11870,3100,3045,9802,Day_1,Dark,Intermediate,5mm,Experiment_2
2025-10-23T03:05:18.151Z,27,800,1253,255,888,1396,4250,3654,11879,3085,3034,9810,Day_1,Dark,Intermediate,5mm,Experiment_2
2025-10-23T03:05:18.191Z,30,807,1254,251,896,1401,4247,3657,11881,3067,3032,9810,Day_1,Dark,Intermediate,5mm,Experiment_2
2025-10-23T03:05:18.231Z,30,810,1256,248,898,1408,4243,3669,11872,3054,3034,9796,Day_1,Dark,Intermediate,5mm,Experiment_2
2025-10-23T03:05:18.271Z,29,806,1258,250,894,1413,4235,3680,11841,3046,3033,9761,Day_1,Dark,Intermediate,5mm,Experiment_2
2025-10-23T03:05:18.311Z,30,803,1262,257,895,1412,4225,3694,11797,3039,3030,9714,Day_1,Dark,Intermediate,5mm,Experiment_2
2025-10-23T03:05:18.351Z,33,806,1266,264,901,1411,4217,3705,11774,3036,3031,9687,Day_1,Dark,Intermediate,5mm,Experiment_2
2025-10-23T03:05:18.391Z,35,809,1265,266,905,1407,4220,3702,11794,3043,3040,9709,Day_1,Dark,Intermediate,5mm,Experiment_2
2025-10-23T03:05:18.431Z,31,810,1255,263,904,1401,4237,3686,11834,3056,3048,9756,Day_1,Dark,Intermediate,5mm,Experiment_2
2025-10-23T03:05:18.471Z,27,813,1243,262,906,1392,4256,3671,11857,3065,3048,9788,Day_1,Dark,Intermediate,5mm,Experiment_2
2025-10-23T03:05:18.511Z,28,817,1235,263,910,1386,4264,3671,11858,3069,3048,9793,Day_1,Dark,Intermediate,5mm,Experiment_2
2025-10-23T03:05:18.551Z,33,819,1234,264,912,1385,4264,3690,11852,3070,3055,9787,Day_1,Dark,Intermediate,5mm,Experiment_2
2025-10-23T03:05:18.591Z,38,817,1242,264,910,1390,4260,3710,11850,3072,3069,9791,Day_1,Dark,Intermediate,5mm,Experiment_2
2025-10-23T03:05:18.631Z,40,811,1256,262,903,1400,4250,3710,11859,3071,3076,9809,Day_1,Dark,Intermediate,5mm,Experiment_2
2025-10-23T03:05:18.671Z,39,803,1269,258,894,1409,4242,3687,11872,3069,3070,9824,Day_1,Dark,Intermediate,5mm,Experiment_2
2025-10-23T03:05:18.711Z,40,800,1275,257,891,1413,4242,3660,11882,3068,3055,9829,Day_1,Dark,Intermediate,5mm,Experiment_2
2025-10-23T03:05:18.751Z,41,807,1271,260,894,1408,4245,3650,11887,3070,3039,9827,Day_1,Dark,Intermediate,5mm,Experiment_2
2025-10-23T03:05:18.791Z,39,815,1263,263,900,1401,4249,3648,11878,3070,3018,9811,Day_1,Dark,Intermediate,5mm,Experiment_2
2025-10-23T03:05:18.831Z,36,820,1254,265,905,1395,4259,3612,11847,3064,2998,9771,Day_1,Dark,Intermediate,5mm,Experiment_2
2025-10-23T03:05:18.871Z,33,820,1243,264,906,1390,4269,3448,11805,3053,2989,9714,Day_1,Dark,Intermediate,5mm,Experiment_2
2025-10-23T03:05:18.911Z,27,819,1238,256,905,1387,4268,3121,11778,3043,2989,9679,Day_1,Dark,Intermediate,5mm,Experiment_2
2025-10-23T03:05:18.951Z,19,821,1242,247,906,1388,4255,2865,11776,3041,3002,9690,Day_1,Dark,Intermediate,5mm,Experiment_2
2025-10-23T03:05:18.991Z,16,828,1251,243,911,1394,4237,2911,11796,3043,3027,9733,Day_1,Dark,Intermediate,5mm,Experiment_2
2025-10-23T03:05:19.031Z,23,833,1258,247,915,1400,4227,3169,11828,3047,3052,9774,Day_1,Dark,Intermediate,5mm,Experiment_2
2025-10-23T03:05:19.071Z,29,834,1260,255,916,1404,4233,3485,11847,3051,3064,9793,Day_1,Dark,Intermediate,5mm,Experiment_2
2025-10-23T03:05:19.111Z,27,836,1258,257,920,1404,4253,3835,11837,3056,3060,9788,Day_1,Dark,Intermediate,5mm,Experiment_2
2025-10-23T03:05:19.151Z,19,835,1250,252,922,1399,4270,4280,11815,3061,3053,9777,Day_1,Dark,Intermediate,5mm,Experiment_2
2025-10-23T03:05:19.191Z,12,827,1243,241,917,1393,4276,4744,11807,3067,3064,9775,Day_1,Dark,Intermediate,5mm,Experiment_2
2025-10-23T03:05:19.231Z,6,817,1242,232,908,1389,4275,5047,11821,3072,3119,9784,Day_1,Dark,Intermediate,5mm,Experiment_2
2025-10-23T03:05:19.271Z,3,815,1242,232,904,1387,4274,5216,11844,3075,3219,9799,Day_1,Dark,Intermediate,5mm,Experiment_2
2025-10-23T03:05:19.311Z,4,818,1242,237,906,1381,4267,5149,11860,3077,3296,9809,Day_1,Dark,Intermediate,5mm,Experiment_2
2025-10-23T03:05:19.351Z,6,818,1241,241,909,1375,4249,4617,11864,3072,3286,9806,Day_1,Dark,Intermediate,5mm,Experiment_2
2025-10-23T03:05:19.391Z,9,815,1240,241,908,1372,4226,3845,11856,3058,3210,9786,Day_1,Dark,Intermediate,5mm,Experiment_2
2025-10-23T03:05:19.431Z,9,811,1243,240,905,1377,4206,3180,11838,3040,3106,9749,Day_1,Dark,Intermediate,5mm,Experiment_2
2025-10-23T03:05:19.471Z,9,808,1251,236,901,1389,4188,2748,11818,3024,2994,9710,Day_1,Dark,Intermediate,5mm,Experiment_2
2025-10-23T03:05:19.511Z,12,805,1261,235,896,1398,4179,2569,11804,3018,2878,9697,Day_1,Dark,Intermediate,5mm,Experiment_2
2025-10-23T03:05:19.551Z,15,801,1265,242,891,1400,4189,2647,11806,3030,2783,9720,Day_1,Dark,Intermediate,5mm,Experiment_2
2025-10-23T03:05:19.591Z,17,800,1260,249,891,1395,4207,2983,11825,3046,2757,9760,Day_1,Dark,Intermediate,5mm,Experiment_2
2025-10-23T03:05:19.631Z,16,799,1254,252,891,1391,4218,3360,11847,3053,2788,9788,Day_1,Dark,Intermediate,5mm,Experiment_2
2025-10-23T03:05:19.671Z,14,792,1249,250,884,1387,4220,3574,11855,3051,2842,9794,Day_1,Dark,Intermediate,5mm,Experiment_2
2025-10-23T03:05:19.711Z,13,788,1245,247,879,1384,4219,3677,11850,3046,2934,9788,Day_1,Dark,Intermediate,5mm,Experiment_2
2025-10-23T03:05:19.751Z,17,795,1243,251,884,1383,4211,3759,11852,3043,3050,9795,Day_1,Dark,Intermediate,5mm,Experiment_2
2025-10-23T03:05:19.791Z,26,809,1245,258,894,1385,4198,3805,11864,3041,3150,9816,Day_1,Dark,Intermediate,5mm,Experiment_2
2025-10-23T03:05:19.831Z,35,819,1248,264,899,1388,4194,3785,11880,3043,3202,9832,Day_1,Dark,Intermediate,5mm,Experiment_2
2025-10-23T03:05:19.871Z,40,819,1248,267,900,1389,4202,3746,11903,3050,3199,9841,Day_1,Dark,Intermediate,5mm,Experiment_2
2025-10-23T03:05:19.911Z,42,815,1246,267,898,1387,4213,3765,11920,3058,3162,9843,Day_1,Dark,Intermediate,5mm,Experiment_2
2025-10-23T03:05:19.951Z,41,808,1245,266,895,1384,4217,3923,11903,3059,3113,9828,Day_1,Dark,Intermediate,5mm,Experiment_2
2025-10-23T03:05:19.991Z,40,800,1245,264,892,1381,4212,4227,11856,3048,3067,9789,Day_1,Dark,Intermediate,5mm,Experiment_2
2025-10-23T03:05:20.031Z,42,793,1243,263,888,1380,4204,4456,11801,3034,3035,9735,Day_1,Dark,Intermediate,5mm,Experiment_2
2025-10-23T03:05:20.071Z,47,789,1242,265,885,1382,4204,4414,11767,3033,3022,9698,Day_1,Dark,Intermediate,5mm,Experiment_2
2025-10-23T03:05:20.111Z,47,788,1243,263,882,1389,4218,4212,11773,3047,3029,9709,Day_1,Dark,Intermediate,5mm,Experiment_2
2025-10-23T03:05:20.151Z,39,787,1250,257,879,1397,4238,3997,11811,3065,3047,9752,Day_1,Dark,Intermediate,5mm,Experiment_2
2025-10-23T03:05:20.191Z,30,789,1257,251,881,1403,4249,3831,11852,3073,3060,9789,Day_1,Dark,Intermediate,5mm,Experiment_2
2025-10-23T03:05:20.231Z,24,799,1258,246,888,1403,4248,3737,11878,3070,3057,9804,Day_1,Dark,Intermediate,5mm,Experiment_2
2025-10-23T03:05:20.271Z,21,808,1252,242,894,1396,4245,3692,11885,3066,3042,9805,Day_1,Dark,Intermediate,5mm,Experiment_2
2025-10-23T03:05:20.311Z,20,810,1241,238,896,1386,4243,3672,11885,3065,3034,9805,Day_1,Dark,Intermediate,5mm,Experiment_2
2025-10-23T03:05:20.351Z,19,810,1234,235,897,1381,4242,3673,11884,3067,3041,9810,Day_1,Dark,Intermediate,5mm,Experiment_2
2025-10-23T03:05:20.391Z,15,806,1237,228,897,1383,4243,3689,11877,3070,3055,9816,Day_1,Dark,Intermediate,5mm,Experiment_2
2025-10-23T03:05:20.431Z,9,797,1245,221,893,1390,4244,3705,11870,3071,3064,9817,Day_1,Dark,Intermediate,5mm,Experiment_2
2025-10-23T03:05:20.471Z,4,789,1249,220,887,1394,4247,3707,11869,3069,3064,9812,Day_1,Dark,Intermediate,5mm,Experiment_2
2025-10-23T03:05:20.511Z,2,790,1251,223,886,1394,4247,3690,11867,3065,3052,9798,Day_1,Dark,Intermediate,5mm,Experiment_2
2025-10-23T03:05:20.551Z,2,797,1250,224,891,1391,4237,3658,11853,3059,3029,9767,Day_1,Dark,Intermediate,5mm,Experiment_2
2025-10-23T03:05:20.591Z,4,805,1247,228,897,1387,4212,3627,11824,3046,3001,9721,Day_1,Dark,Intermediate,5mm,Experiment_2
2025-10-23T03:05:20.631Z,10,811,1244,235,905,1387,4188,3620,11796,3032,2989,9689,Day_1,Dark,Intermediate,5mm,Experiment_2
2025-10-23T03:05:20.671Z,18,815,1246,244,910,1391,4183,3646,11790,3028,3004,9698,Day_1,Dark,Intermediate,5mm,Experiment_2
2025-10-23T03:05:20.711Z,24,813,1250,250,909,1395,4196,3680,11808,3036,3029,9735,Day_1,Dark,Intermediate,5mm,Experiment_2
2025-10-23T03:05:20.751Z,24,807,1253,253,904,1397,4208,3695,11834,3046,3046,9768,Day_1,Dark,Intermediate,5mm,Experiment_2
2025-10-23T03:05:20.791Z,20,803,1253,253,899,1398,4215,3691,11843,3053,3050,9780,Day_1,Dark,Intermediate,5mm,Experiment_2
2025-10-23T03:05:20.831Z,17,801,1250,252,895,1395,4218,3682,11829,3054,3046,9769,Day_1,Dark,Intermediate,5mm,Experiment_2
2025-10-23T03:05:20.871Z,18,801,1243,251,892,1386,4215,3682,11810,3049,3043,9756,Day_1,Dark,Intermediate,5mm,Experiment_2
2025-10-23T03:05:20.911Z,26,803,1239,253,891,1380,4216,3700,11815,3049,3053,9766,Day_1,Dark,Intermediate,5mm,Experiment_2
2025-10-23T03:05:20.951Z,32,806,1241,255,894,1380,4231,3728,11841,3062,3073,9794,Day_1,Dark,Intermediate,5mm,Experiment_2
2025-10-23T03:05:20.991Z,29,804,1245,250,895,1385,4252,3752,11867,3080,3087,9818,Day_1,Dark,Intermediate,5mm,Experiment_2
2025-10-23T03:05:21.031Z,21,798,1248,243,888,1390,4268,3762,11884,3091,3089,9829,Day_1,Dark,Intermediate,5mm,Experiment_2
2025-10-23T03:05:21.071Z,14,796,1249,236,884,1391,4277,3758,11894,3088,3083,9825,Day_1,Dark,Intermediate,5mm,Experiment_2
2025-10-23T03:05:21.111Z,10,801,1247,233,885,1387,4279,3738,11888,3075,3069,9801,Day_1,Dark,Intermediate,5mm,Experiment_2
2025-10-23T03:05:21.151Z,10,804,1244,238,886,1383,4273,3703,11862,3059,3047,9763,Day_1,Dark,Intermediate,5mm,Experiment_2
2025-10-23T03:05:21.191Z,12,807,1241,245,887,1382,4257,3668,11823,3045,3023,9724,Day_1,Dark,Intermediate,5mm,Experiment_2
2025-10-23T03:05:21.231Z,13,811,1242,249,891,1381,4238,3648,11796,3039,3010,9707,Day_1,Dark,Intermediate,5mm,Experiment_2
2025-10-23T03:05:21.271Z,16,817,1247,252,900,1384,4235,3647,11799,3046,3016,9726,Day_1,Dark,Intermediate,5mm,Experiment_2
2025-10-23T03:05:21.311Z,20,819,1255,256,905,1389,4242,3663,11821,3062,3036,9765,Day_1,Dark,Intermediate,5mm,Experiment_2
2025-10-23T03:05:21.351Z,22,812,1259,258,901,1394,4244,3682,11838,3070,3055,9792,Day_1,Dark,Intermediate,5mm,Experiment_2
2025-10-23T03:05:21.391Z,19,798,1256,253,889,1394,4244,3687,11841,3069,3062,9794,Day_1,Dark,Intermediate,5mm,Experiment_2
2025-10-23T03:05:21.431Z,14,788,1247,246,880,1388,4248,3681,11837,3068,3059,9786,Day_1,Dark,Intermediate,5mm,Experiment_2
2025-10-23T03:05:21.472Z,15,785,1235,242,876,1379,4256,3679,11839,3075,3060,9793,Day_1,Dark,Intermediate,5mm,Experiment_2
2025-10-23T03:05:21.512Z,21,790,1231,245,880,1372,4270,3688,11846,3085,3069,9811,Day_1,Dark,Intermediate,5mm,Experiment_2
2025-10-23T03:05:21.552Z,26,801,1235,247,890,1374,4281,3706,11853,3092,3078,9822,Day_1,Dark,Intermediate,5mm,Experiment_2
2025-10-23T03:05:21.592Z,24,809,1243,243,898,1382,4288,3718,11864,3091,3079,9823,Day_1,Dark,Intermediate,5mm,Experiment_2
2025-10-23T03:05:21.632Z,18,810,1249,238,900,1390,4285,3710,11871,3084,3072,9817,Day_1,Dark,Intermediate,5mm,Experiment_2
2025-10-23T03:05:21.672Z,16,810,1255,238,899,1397,4266,3691,11856,3073,3060,9796,Day_1,Dark,Intermediate,5mm,Experiment_2
2025-10-23T03:05:21.712Z,15,809,1257,242,897,1401,4239,3674,11822,3060,3044,9754,Day_1,Dark,Intermediate,5mm,Experiment_2
2025-10-23T03:05:21.752Z,14,801,1253,247,889,1398,4221,3662,11785,3047,3024,9702,Day_1,Dark,Intermediate,5mm,Experiment_2
2025-10-23T03:05:21.792Z,15,789,1247,249,881,1393,4222,3660,11769,3043,3013,9679,Day_1,Dark,Intermediate,5mm,Experiment_2
2025-10-23T03:05:21.832Z,16,783,1246,247,880,1390,4237,3678,11783,3052,3022,9706,Day_1,Dark,Intermediate,5mm,Experiment_2
2025-10-23T03:05:21.872Z,19,787,1250,246,886,1392,4247,3708,11807,3067,3043,9752,Day_1,Dark,Intermediate,5mm,Experiment_2
2025-10-23T03:05:21.912Z,24,798,1255,248,895,1397,4247,3731,11824,3081,3060,9783,Day_1,Dark,Intermediate,5mm,Experiment_2
2025-10-23T03:05:21.952Z,28,808,1257,249,902,1401,4250,3734,11837,3087,3064,9795,Day_1,Dark,Intermediate,5mm,Experiment_2
2025-10-23T03:05:21.992Z,27,819,1254,246,908,1402,4253,3722,11847,3085,3060,9794,Day_1,Dark,Intermediate,5mm,Experiment_2
2025-10-23T03:05:22.032Z,23,825,1245,242,910,1397,4246,3711,11853,3076,3058,9790,Day_1,Dark,Intermediate,5mm,Experiment_2
2025-10-23T03:05:22.072Z,21,822,1235,241,908,1387,4234,3710,11857,3068,3062,9795,Day_1,Dark,Intermediate,5mm,Experiment_2
2025-10-23T03:05:22.112Z,21,813,1234,244,904,1381,4227,3707,11859,3069,3069,9808,Day_1,Dark,Intermediate,5mm,Experiment_2
2025-10-23T03:05:22.152Z,22,807,1238,245,899,1383,4228,3701,11859,3073,3074,9816,Day_1,Dark,Intermediate,5mm,Experiment_2
2025-10-23T03:05:22.192Z,19,805,1245,240,896,1388,4232,3702,11855,3072,3079,9813,Day_1,Dark,Intermediate,5mm,Experiment_2
2025-10-23T03:05:22.232Z,15,805,1252,234,894,1395,4240,3711,11847,3067,3076,9798,Day_1,Dark,Intermediate,5mm,Experiment_2
2025-10-23T03:05:22.272Z,15,805,1257,235,894,1399,4244,3712,11829,3058,3059,9766,Day_1,Dark,Intermediate,5mm,Experiment_2
2025-10-23T03:05:22.312Z,20,804,1255,242,895,1399,4233,3692,11800,3042,3032,9718,Day_1,Dark,Intermediate,5mm,Experiment_2
2025-10-23T03:05:22.352Z,25,802,1251,249,895,1398,4210,3665,11774,3024,3010,9679,Day_1,Dark,Intermediate,5mm,Experiment_2
2025-10-23T03:05:22.392Z,28,798,1250,255,891,1398,4191,3664,11780,3017,3013,9683,Day_1,Dark,Intermediate,5mm,Experiment_2
2025-10-23T03:05:22.432Z,29,800,1248,259,887,1397,4193,3691,11828,3028,3036,9730,Day_1,Dark,Intermediate,5mm,Experiment_2
2025-10-23T03:05:22.472Z,28,811,1242,259,892,1392,4215,3716,11880,3048,3056,9780,Day_1,Dark,Intermediate,5mm,Experiment_2
2025-10-23T03:05:22.512Z,25,823,1236,252,903,1387,4233,3714,11893,3060,3058,9798,Day_1,Dark,Intermediate,5mm,Experiment_2
2025-10-23T03:05:22.552Z,22,826,1236,246,908,1390,4234,3693,11872,3057,3049,9787,Day_1,Dark,Intermediate,5mm,Experiment_2
2025-10-23T03:05:22.592Z,19,820,1246,245,904,1401,4227,3676,11847,3050,3044,9772,Day_1,Dark,Intermediate,5mm,Experiment_2
2025-10-23T03:05:22.632Z,14,813,1259,242,899,1409,4223,3675,11837,3049,3048,9771,Day_1,Dark,Intermediate,5mm,Experiment_2
2025-10-23T03:05:22.672Z,8,808,1267,236,896,1410,4229,3686,11847,3054,3053,9788,Day_1,Dark,Intermediate,5mm,Experiment_2
2025-10-23T03:05:22.712Z,6,807,1266,232,897,1405,4241,3697,11864,3062,3056,9807,Day_1,Dark,Intermediate,5mm,Experiment_2
2025-10-23T03:05:22.752Z,12,815,1257,237,903,1397,4253,3702,11875,3071,3061,9819,Day_1,Dark,Intermediate,5mm,Experiment_2
2025-10-23T03:05:22.792Z,23,826,1248,249,910,1391,4259,3701,11879,3075,3065,9820,Day_1,Dark,Intermediate,5mm,Experiment_2
2025-10-23T03:05:22.832Z,33,830,1249,258,912,1394,4259,3697,11876,3077,3062,9808,Day_1,Dark,Intermediate,5mm,Experiment_2
2025-10-23T03:05:22.872Z,38,826,1256,263,908,1400,4259,3687,11858,3081,3043,9775,Day_1,Dark,Intermediate,5mm,Experiment_2
2025-10-23T03:05:22.912Z,36,817,1260,261,904,1401,4248,3668,11823,3082,3017,9727,Day_1,Dark,Intermediate,5mm,Experiment_2
2025-10-23T03:05:22.952Z,29,812,1256,256,901,1395,4222,3653,11785,3073,3003,9693,Day_1,Dark,Intermediate,5mm,Experiment_2
2025-10-23T03:05:22.992Z,23,811,1247,250,899,1390,4199,3654,11777,3059,3016,9703,Day_1,Dark,Intermediate,5mm,Experiment_2
2025-10-23T03:05:23.032Z,23,809,1242,248,893,1390,4189,3659,11796,3051,3038,9736,Day_1,Dark,Intermediate,5mm,Experiment_2
2025-10-23T03:05:23.072Z,27,805,1245,252,889,1393,4182,3648,11808,3051,3042,9758,Day_1,Dark,Intermediate,5mm,Experiment_2
2025-10-23T03:05:23.112Z,32,804,1253,259,891,1396,4183,3632,11802,3053,3032,9761,Day_1,Dark,Intermediate,5mm,Experiment_2
2025-10-23T03:05:23.152Z,31,805,1261,262,895,1398,4190,3629,11796,3055,3026,9760,Day_1,Dark,Intermediate,5mm,Experiment_2
2025-10-23T03:05:23.192Z,22,806,1262,254,895,1396,4198,3639,11808,3057,3027,9768,Day_1,Dark,Intermediate,5mm,Experiment_2
2025-10-23T03:05:23.232Z,12,805,1253,242,894,1387,4205,3648,11835,3062,3027,9788,Day_1,Dark,Intermediate,5mm,Experiment_2
2025-10-23T03:05:23.272Z,8,803,1245,233,892,1382,4215,3655,11855,3068,3028,9806,Day_1,Dark,Intermediate,5mm,Experiment_2
2025-10-23T03:05:23.312Z,9,800,1247,232,889,1385,4227,3658,11862,3073,3036,9815,Day_1,Dark,Intermediate,5mm,Experiment_2
2025-10-23T03:05:23.352Z,14,798,1255,239,887,1392,4240,3656,11862,3080,3049,9815,Day_1,Dark,Intermediate,5mm,Experiment_2
2025-10-23T03:05:23.392Z,25,798,1263,249,886,1398,4244,3657,11857,3080,3056,9799,Day_1,Dark,Intermediate,5mm,Experiment_2
2025-10-23T03:05:23.432Z,36,796,1264,255,884,1401,4234,3665,11833,3067,3045,9759,Day_1,Dark,Intermediate,5mm,Experiment_2
2025-10-23T03:05:23.472Z,41,794,1258,256,881,1399,4215,3672,11795,3045,3021,9704,Day_1,Dark,Intermediate,5mm,Experiment_2
2025-10-23T03:05:23.512Z,36,797,1249,252,879,1396,4204,3681,11775,3034,3010,9675,Day_1,Dark,Intermediate,5mm,Experiment_2
2025-10-23T03:05:23.552Z,25,799,1248,246,878,1396,4206,3694,11786,3039,3023,9692,Day_1,Dark,Intermediate,5mm,Experiment_2
2025-10-23T03:05:23.592Z,16,790,1252,239,873,1396,4222,3697,11808,3056,3038,9730,Day_1,Dark,Intermediate,5mm,Experiment_2
2025-10-23T03:05:23.632Z,16,776,1254,240,868,1394,4244,3678,11831,3070,3038,9763,Day_1,Dark,Intermediate,5mm,Experiment_2
2025-10-23T03:05:23.672Z,20,771,1251,249,869,1391,4258,3660,11845,3071,3033,9779,Day_1,Dark,Intermediate,5mm,Experiment_2
2025-10-23T03:05:23.712Z,19,776,1250,253,876,1390,4256,3668,11838,3060,3035,9773,Day_1,Dark,Intermediate,5mm,Experiment_2
2025-10-23T03:05:23.752Z,15,788,1255,249,885,1395,4247,3687,11815,3049,3042,9758,Day_1,Dark,Intermediate,5mm,Experiment_2
2025-10-23T03:05:23.792Z,15,803,1259,244,895,1399,4239,3701,11797,3048,3052,9756,Day_1,Dark,Intermediate,5mm,Experiment_2
2025-10-23T03:05:23.832Z,23,816,1256,247,904,1398,4231,3712,11800,3052,3065,9773,Day_1,Dark,Intermediate,5mm,Experiment_2
2025-10-23T03:05:23.872Z,36,824,1252,257,910,1395,4225,3716,11822,3058,3074,9797,Day_1,Dark,Intermediate,5mm,Experiment_2
2025-10-23T03:05:23.912Z,44,819,1253,265,907,1396,4224,3706,11844,3063,3073,9811,Day_1,Dark,Intermediate,5mm,Experiment_2
2025-10-23T03:05:23.952Z,40,803,1257,266,896,1399,4220,3696,11852,3062,3068,9807,Day_1,Dark,Intermediate,5mm,Experiment_2
2025-10-23T03:05:23.992Z,30,792,1256,259,886,1397,4213,3694,11845,3055,3064,9784,Day_1,Dark,Intermediate,5mm,Experiment_2
2025-10-23T03:05:24.032Z,22,793,1250,250,883,1392,4207,3695,11827,3043,3053,9745,Day_1,Dark,Intermediate,5mm,Experiment_2
2025-10-23T03:05:24.072Z,18,796,1244,243,884,1387,4207,3689,11806,3033,3035,9711,Day_1,Dark,Intermediate,5mm,Experiment_2
2025-10-23T03:05:24.112Z,18,796,1241,242,885,1385,4211,3669,11796,3029,3019,9707,Day_1,Dark,Intermediate,5mm,Experiment_2
2025-10-23T03:05:24.152Z,22,796,1240,247,886,1386,4222,3644,11810,3036,3015,9734,Day_1,Dark,Intermediate,5mm,Experiment_2
2025-10-23T03:05:24.192Z,31,801,1240,256,890,1386,4230,3629,11839,3048,3022,9768,Day_1,Dark,Intermediate,5mm,Experiment_2
2025-10-23T03:05:24.232Z,40,808,1241,262,895,1384,4221,3632,11854,3052,3033,9782,Day_1,Dark,Intermediate,5mm,Experiment_2
2025-10-23T03:05:24.272Z,41,812,1244,262,899,1386,4209,3651,11846,3049,3041,9777,Day_1,Dark,Intermediate,5mm,Experiment_2
2025-10-23T03:05:24.312Z,33,810,1251,256,899,1392,4211,3670,11834,3047,3045,9774,Day_1,Dark,Intermediate,5mm,Experiment_2
2025-10-23T03:05:24.352Z,23,801,1257,250,893,1397,4221,3677,11844,3050,3049,9791,Day_1,Dark,Intermediate,5mm,Experiment_2
2025-10-23T03:05:24.392Z,17,792,1255,246,888,1398,4231,3677,11867,3060,3055,9816,Day_1,Dark,Intermediate,5mm,Experiment_2
2025-10-23T03:05:24.432Z,15,791,1249,245,889,1398,4235,3683,11877,3073,3064,9825,Day_1,Dark,Intermediate,5mm,Experiment_2
2025-10-23T03:05:24.472Z,20,799,1248,249,893,1399,4232,3692,11869,3081,3070,9817,Day_1,Dark,Intermediate,5mm,Experiment_2
2025-10-23T03:05:24.512Z,30,805,1256,256,893,1402,4222,3699,11857,3079,3070,9806,Day_1,Dark,Intermediate,5mm,Experiment_2
2025-10-23T03:05:24.552Z,37,804,1268,261,891,1402,4212,3700,11845,3068,3066,9791,Day_1,Dark,Intermediate,5mm,Experiment_2
2025-10-23T03:05:24.592Z,38,808,1274,261,895,1401,4207,3696,11825,3053,3055,9763,Day_1,Dark,Intermediate,5mm,Experiment_2
2025-10-23T03:05:24.632Z,33,815,1271,258,902,1399,4201,3686,11795,3038,3037,9721,Day_1,Dark,Intermediate,5mm,Experiment_2
2025-10-23T03:05:24.672Z,26,816,1264,252,904,1398,4196,3675,11769,3028,3023,9695,Day_1,Dark,Intermediate,5mm,Experiment_2
2025-10-23T03:05:24.712Z,22,811,1257,247,902,1397,4205,3671,11764,3032,3028,9709,Day_1,Dark,Intermediate,5mm,Experiment_2
2025-10-23T03:05:24.752Z,21,805,1253,247,898,1397,4222,3671,11778,3044,3044,9744,Day_1,Dark,Intermediate,5mm,Experiment_2
2025-10-23T03:05:24.792Z,23,800,1253,250,893,1398,4228,3667,11796,3052,3051,9766,Day_1,Dark,Intermediate,5mm,Experiment_2
2025-10-23T03:05:24.832Z,23,794,1253,250,885,1401,4223,3660,11814,3056,3044,9771,Day_1,Dark,Intermediate,5mm,Experiment_2
2025-10-23T03:05:24.872Z,20,789,1248,246,878,1399,4224,3661,11834,3062,3037,9770,Day_1,Dark,Intermediate,5mm,Experiment_2
2025-10-23T03:05:24.912Z,18,787,1243,245,877,1394,4236,3673,11855,3070,3040,9779,Day_1,Dark,Intermediate,5mm,Experiment_2
2025-10-23T03:05:24.952Z,22,790,1241,251,883,1389,4254,3678,11868,3080,3048,9799,Day_1,Dark,Intermediate,5mm,Experiment_2
2025-10-23T03:05:24.992Z,25,792,1242,257,889,1387,4273,3674,11871,3090,3054,9816,Day_1,Dark,Intermediate,5mm,Experiment_2
2025-10-23T03:05:25.032Z,24,787,1243,257,886,1388,4286,3672,11871,3096,3057,9822,Day_1,Dark,Intermediate,5mm,Experiment_2
2025-10-23T03:05:25.073Z,19,778,1245,254,877,1390,4287,3674,11870,3098,3054,9819,Day_1,Dark,Intermediate,5mm,Experiment_2
2025-10-23T03:05:25.113Z,19,775,1246,253,871,1390,4280,3679,11856,3095,3050,9801,Day_1,Dark,Intermediate,5mm,Experiment_2
2025-10-23T03:05:25.153Z,23,778,1242,257,869,1387,4266,3690,11824,3086,3044,9760,Day_1,Dark,Intermediate,5mm,Experiment_2
2025-10-23T03:05:25.193Z,27,781,1236,260,870,1380,4246,3695,11782,3069,3033,9702,Day_1,Dark,Intermediate,5mm,Experiment_2
2025-10-23T03:05:25.233Z,28,783,1230,259,872,1371,4230,3685,11751,3054,3018,9660,Day_1,Dark,Intermediate,5mm,Experiment_2
2025-10-23T03:05:25.273Z,27,789,1227,255,878,1368,4232,3674,11754,3050,3013,9669,Day_1,Dark,Intermediate,5mm,Experiment_2
2025-10-23T03:05:25.313Z,27,802,1231,252,888,1373,4240,3676,11791,3054,3022,9717,Day_1,Dark,Intermediate,5mm,Experiment_2
2025-10-23T03:05:25.353Z,30,816,1239,255,900,1382,4241,3687,11842,3058,3035,9765,Day_1,Dark,Intermediate,5mm,Experiment_2
2025-10-23T03:05:25.393Z,32,820,1243,259,907,1387,4240,3686,11867,3059,3040,9785,Day_1,Dark,Intermediate,5mm,Experiment_2
2025-10-23T03:05:25.432Z,33,815,1244,262,904,1388,4242,3665,11850,3055,3032,9774,Day_1,Dark,Intermediate,5mm,Experiment_2
2025-10-23T03:05:25.472Z,34,808,1246,261,900,1387,4245,3647,11822,3050,3026,9758,Day_1,Dark,Intermediate,5mm,Experiment_2
2025-10-23T03:05:25.512Z,35,804,1250,256,898,1388,4254,3655,11812,3051,3039,9762,Day_1,Dark,Intermediate,5mm,Experiment_2
2025-10-23T03:05:25.552Z,32,802,1252,252,899,1387,4271,3678,11815,3060,3059,9782,Day_1,Dark,Intermediate,5mm,Experiment_2
2025-10-23T03:05:25.592Z,29,802,1249,252,899,1383,4274,3691,11815,3068,3071,9797,Day_1,Dark,Intermediate,5mm,Experiment_2
2025-10-23T03:05:25.632Z,26,802,1240,253,898,1376,4256,3695,11816,3069,3074,9802,Day_1,Dark,Intermediate,5mm,Experiment_2
2025-10-23T03:05:25.672Z,21,802,1233,251,895,1373,4234,3698,11824,3067,3073,9802,Day_1,Dark,Intermediate,5mm,Experiment_2
2025-10-23T03:05:25.712Z,24,803,1230,255,894,1374,4231,3699,11830,3067,3067,9788,Day_1,Dark,Intermediate,5mm,Experiment_2
2025-10-23T03:05:25.752Z,41,804,1231,271,894,1378,4239,3689,11816,3063,3052,9753,Day_1,Dark,Intermediate,5mm,Experiment_2
2025-10-23T03:05:25.793Z,58,808,1237,286,900,1382,4238,3673,11788,3051,3030,9707,Day_1,Dark,Intermediate,5mm,Experiment_2
2025-10-23T03:05:25.833Z,57,815,1245,281,906,1387,4228,3660,11782,3041,3016,9688,Day_1,Dark,Intermediate,5mm,Experiment_2
2025-10-23T03:05:25.873Z,43,820,1249,265,910,1388,4224,3656,11816,3043,3018,9717,Day_1,Dark,Intermediate,5mm,Experiment_2
2025-10-23T03:05:25.913Z,32,823,1245,256,910,1384,4227,3664,11858,3053,3033,9765,Day_1,Dark,Intermediate,5mm,Experiment_2
2025-10-23T03:05:25.953Z,32,825,1242,258,908,1384,4238,3686,11872,3063,3052,9793,Day_1,Dark,Intermediate,5mm,Experiment_2
2025-10-23T03:05:25.993Z,36,822,1245,261,903,1388,4250,3709,11864,3068,3064,9795,Day_1,Dark,Intermediate,5mm,Experiment_2
2025-10-23T03:05:26.033Z,35,811,1245,258,894,1389,4248,3717,11855,3064,3067,9790,Day_1,Dark,Intermediate,5mm,Experiment_2
2025-10-23T03:05:26.073Z,30,798,1242,252,887,1385,4235,3708,11861,3057,3070,9802,Day_1,Dark,Intermediate,5mm,Experiment_2
2025-10-23T03:05:26.113Z,26,797,1245,250,888,1385,4230,3694,11875,3056,3075,9825,Day_1,Dark,Intermediate,5mm,Experiment_2
2025-10-23T03:05:26.153Z,29,806,1253,253,895,1392,4232,3687,11876,3056,3074,9834,Day_1,Dark,Intermediate,5mm,Experiment_2
2025-10-23T03:05:26.193Z,37,812,1259,258,898,1398,4234,3688,11865,3057,3070,9826,Day_1,Dark,Intermediate,5mm,Experiment_2
2025-10-23T03:05:26.233Z,40,807,1255,259,895,1396,4231,3691,11864,3061,3067,9818,Day_1,Dark,Intermediate,5mm,Experiment_2
2025-10-23T03:05:26.273Z,39,800,1247,256,888,1387,4227,3688,11874,3065,3061,9807,Day_1,Dark,Intermediate,5mm,Experiment_2
2025-10-23T03:05:26.313Z,36,795,1240,254,884,1380,4230,3677,11872,3065,3045,9774,Day_1,Dark,Intermediate,5mm,Experiment_2
2025-10-23T03:05:26.353Z,32,793,1236,254,883,1376,4229,3662,11839,3052,3023,9720,Day_1,Dark,Intermediate,5mm,Experiment_2
2025-10-23T03:05:26.393Z,29,793,1235,253,883,1375,4214,3652,11801,3032,3007,9685,Day_1,Dark,Intermediate,5mm,Experiment_2
2025-10-23T03:05:26.433Z,28,800,1238,253,888,1378,4199,3657,11792,3024,3007,9697,Day_1,Dark,Intermediate,5mm,Experiment_2
2025-10-23T03:05:26.473Z,31,812,1243,257,898,1386,4198,3677,11805,3031,3023,9732,Day_1,Dark,Intermediate,5mm,Experiment_2
2025-10-23T03:05:26.513Z,37,819,1251,263,904,1396,4212,3699,11815,3047,3045,9754,Day_1,Dark,Intermediate,5mm,Experiment_2
2025-10-23T03:05:26.553Z,40,817,1257,267,903,1402,4218,3714,11823,3057,3061,9762,Day_1,Dark,Intermediate,5mm,Experiment_2
2025-10-23T03:05:26.593Z,39,811,1259,267,900,1401,4202,3727,11835,3052,3067,9766,Day_1,Dark,Intermediate,5mm,Experiment_2
2025-10-23T03:05:26.633Z,33,807,1258,261,898,1398,4177,3739,11842,3037,3071,9769,Day_1,Dark,Intermediate,5mm,Experiment_2
2025-10-23T03:05:26.673Z,24,804,1258,254,896,1399,4171,3740,11842,3031,3072,9778,Day_1,Dark,Intermediate,5mm,Experiment_2
2025-10-23T03:05:26.713Z,16,804,1257,247,894,1401,4192,3728,11845,3042,3070,9793,Day_1,Dark,Intermediate,5mm,Experiment_2
2025-10-23T03:05:26.753Z,12,808,1255,244,894,1403,4225,3714,11859,3063,3066,9809,Day_1,Dark,Intermediate,5mm,Experiment_2
2025-10-23T03:05:26.793Z,12,808,1254,241,893,1403,4249,3710,11869,3082,3061,9818,Day_1,Dark,Intermediate,5mm,Experiment_2
2025-10-23T03:05:26.833Z,16,807,1255,240,891,1402,4258,3714,11860,3089,3056,9807,Day_1,Dark,Intermediate,5mm,Experiment_2
2025-10-23T03:05:26.873Z,19,809,1260,239,894,1400,4262,3708,11837,3082,3044,9768,Day_1,Dark,Intermediate,5mm,Experiment_2
2025-10-23T03:05:26.913Z,18,812,1265,236,897,1399,4263,3682,11807,3066,3023,9711,Day_1,Dark,Intermediate,5mm,Experiment_2
2025-10-23T03:05:26.953Z,20,808,1262,238,896,1395,4254,3659,11783,3049,3006,9671,Day_1,Dark,Intermediate,5mm,Experiment_2
2025-10-23T03:05:26.993Z,28,802,1254,247,895,1393,4238,3657,11782,3041,3003,9680,Day_1,Dark,Intermediate,5mm,Experiment_2
2025-10-23T03:05:27.033Z,38,802,1252,258,897,1395,4230,3662,11798,3048,3010,9722,Day_1,Dark,Intermediate,5mm,Experiment_2
2025-10-23T03:05:27.073Z,41,806,1256,262,902,1402,4236,3658,11813,3060,3021,9761,Day_1,Dark,Intermediate,5mm,Experiment_2
2025-10-23T03:05:27.113Z,35,812,1259,257,903,1405,4247,3662,11823,3071,3037,9780,Day_1,Dark,Intermediate,5mm,Experiment_2
2025-10-23T03:05:27.153Z,24,816,1255,247,902,1401,4255,3682,11825,3077,3054,9778,Day_1,Dark,Intermediate,5mm,Experiment_2
2025-10-23T03:05:27.193Z,15,821,1244,237,901,1392,4260,3708,11826,3077,3066,9772,Day_1,Dark,Intermediate,5mm,Experiment_2
2025-10-23T03:05:27.233Z,11,822,1232,234,901,1382,4267,3728,11838,3076,3074,9783,Day_1,Dark,Intermediate,5mm,Experiment_2
2025-10-23T03:05:27.273Z,13,818,1225,238,900,1375,4270,3740,11863,3078,3079,9809,Day_1,Dark,Intermediate,5mm,Experiment_2
2025-10-23T03:05:27.313Z,16,808,1225,242,894,1374,4266,3745,11881,3077,3083,9828,Day_1,Dark,Intermediate,5mm,Experiment_2
2025-10-23T03:05:27.353Z,19,794,1232,246,886,1381,4260,3744,11879,3077,3081,9830,Day_1,Dark,Intermediate,5mm,Experiment_2
2025-10-23T03:05:27.393Z,26,782,1242,253,879,1392,4256,3730,11865,3078,3069,9818,Day_1,Dark,Intermediate,5mm,Experiment_2
2025-10-23T03:05:27.433Z,36,780,1251,263,878,1398,4251,3703,11848,3080,3049,9796,Day_1,Dark,Intermediate,5mm,Experiment_2
2025-10-23T03:05:27.473Z,43,790,1261,268,884,1401,4238,3676,11824,3073,3030,9759,Day_1,Dark,Intermediate,5mm,Experiment_2
2025-10-23T03:05:27.513Z,42,804,1269,264,894,1403,4219,3655,11788,3056,3015,9711,Day_1,Dark,Intermediate,5mm,Experiment_2
2025-10-23T03:05:27.553Z,36,811,1270,256,900,1402,4210,3636,11755,3045,3003,9681,Day_1,Dark,Intermediate,5mm,Experiment_2
2025-10-23T03:05:27.593Z,28,808,1266,248,898,1399,4219,3625,11750,3051,3002,9697,Day_1,Dark,Intermediate,5mm,Experiment_2
2025-10-23T03:05:27.633Z,19,801,1257,239,891,1394,4234,3633,11773,3064,3012,9741,Day_1,Dark,Intermediate,5mm,Experiment_2
2025-10-23T03:05:27.673Z,13,793,1247,235,882,1387,4238,3654,11805,3069,3031,9773,Day_1,Dark,Intermediate,5mm,Experiment_2
2025-10-23T03:05:27.713Z,13,788,1240,236,877,1382,4235,3669,11829,3066,3045,9781,Day_1,Dark,Intermediate,5mm,Experiment_2
2025-10-23T03:05:27.753Z,16,794,1237,240,880,1379,4236,3665,11841,3062,3045,9779,Day_1,Dark,Intermediate,5mm,Experiment_2
2025-10-23T03:05:27.793Z,19,807,1238,245,889,1381,4250,3653,11850,3065,3040,9786,Day_1,Dark,Intermediate,5mm,Experiment_2
2025-10-23T03:05:27.833Z,22,816,1242,251,897,1388,4273,3650,11862,3076,3043,9802,Day_1,Dark,Intermediate,5mm,Experiment_2
2025-10-23T03:05:27.873Z,30,821,1248,259,902,1397,4286,3669,11870,3086,3054,9818,Day_1,Dark,Intermediate,5mm,Experiment_2
2025-10-23T03:05:27.913Z,35,823,1248,262,905,1398,4283,3704,11866,3086,3063,9824,Day_1,Dark,Intermediate,5mm,Experiment_2
2025-10-23T03:05:27.953Z,33,823,1243,258,907,1394,4271,3729,11857,3080,3065,9819,Day_1,Dark,Intermediate,5mm,Experiment_2
2025-10-23T03:05:27.993Z,29,819,1240,251,905,1392,4260,3728,11842,3073,3060,9799,Day_1,Dark,Intermediate,5mm,Experiment_2
2025-10-23T03:05:28.033Z,32,814,1241,252,901,1394,4252,3705,11813,3063,3047,9755,Day_1,Dark,Intermediate,5mm,Experiment_2
2025-10-23T03:05:28.073Z,38,810,1247,257,897,1397,4237,3679,11780,3050,3026,9700,Day_1,Dark,Intermediate,5mm,Experiment_2
2025-10-23T03:05:28.113Z,38,806,1254,259,893,1401,4218,3676,11763,3036,3015,9670,Day_1,Dark,Intermediate,5mm,Experiment_2
2025-10-23T03:05:28.153Z,29,803,1256,254,893,1401,4207,3693,11773,3035,3026,9685,Day_1,Dark,Intermediate,5mm,Experiment_2
2025-10-23T03:05:28.193Z,20,802,1250,249,895,1396,4213,3701,11800,3046,3045,9726,Day_1,Dark,Intermediate,5mm,Experiment_2
2025-10-23T03:05:28.233Z,18,800,1246,249,895,1393,4229,3687,11828,3058,3058,9761,Day_1,Dark,Intermediate,5mm,Experiment_2
2025-10-23T03:05:28.273Z,24,793,1249,255,890,1394,4242,3675,11842,3062,3066,9777,Day_1,Dark,Intermediate,5mm,Experiment_2
2025-10-23T03:05:28.314Z,34,789,1254,264,885,1397,4241,3682,11832,3056,3066,9769,Day_1,Dark,Intermediate,5mm,Experiment_2
2025-10-23T03:05:28.354Z,39,792,1255,270,887,1397,4233,3694,11813,3046,3062,9750,Day_1,Dark,Intermediate,5mm,Experiment_2
2025-10-23T03:05:28.394Z,36,800,1251,264,893,1394,4225,3701,11815,3041,3061,9749,Day_1,Dark,Intermediate,5mm,Experiment_2
2025-10-23T03:05:28.434Z,27,803,1245,252,897,1389,4228,3699,11839,3047,3065,9771,Day_1,Dark,Intermediate,5mm,Experiment_2
2025-10-23T03:05:28.474Z,17,802,1239,240,896,1386,4248,3695,11858,3064,3071,9797,Day_1,Dark,Intermediate,5mm,Experiment_2
2025-10-23T03:05:28.514Z,10,803,1237,234,896,1386,4273,3693,11860,3082,3074,9808,Day_1,Dark,Intermediate,5mm,Experiment_2
2025-10-23T03:05:28.554Z,6,807,1238,232,898,1386,4283,3696,11850,3087,3072,9797,Day_1,Dark,Intermediate,5mm,Experiment_2
2025-10-23T03:05:28.594Z,6,810,1239,235,900,1387,4271,3703,11835,3078,3065,9772,Day_1,Dark,Intermediate,5mm,Experiment_2
2025-10-23T03:05:28.634Z,10,812,1243,242,903,1389,4247,3705,11809,3061,3050,9736,Day_1,Dark,Intermediate,5mm,Experiment_2
2025-10-23T03:05:28.673Z,18,813,1252,248,903,1392,4226,3691,11776,3044,3032,9700,Day_1,Dark,Intermediate,5mm,Experiment_2
2025-10-23T03:05:28.713Z,26,816,1257,253,901,1393,4218,3665,11758,3039,3022,9690,Day_1,Dark,Intermediate,5mm,Experiment_2
2025-10-23T03:05:28.753Z,33,820,1256,258,901,1390,4222,3651,11775,3050,3032,9716,Day_1,Dark,Intermediate,5mm,Experiment_2
2025-10-23T03:05:28.793Z,36,821,1249,261,901,1385,4230,3663,11813,3067,3051,9757,Day_1,Dark,Intermediate,5mm,Experiment_2
2025-10-23T03:05:28.833Z,35,818,1240,260,900,1379,4236,3684,11854,3076,3064,9787,Day_1,Dark,Intermediate,5mm,Experiment_2
2025-10-23T03:05:28.873Z,35,813,1234,257,898,1375,4248,3693,11874,3078,3063,9795,Day_1,Dark,Intermediate,5mm,Experiment_2
2025-10-23T03:05:28.913Z,39,810,1235,260,898,1378,4266,3691,11871,3077,3060,9793,Day_1,Dark,Intermediate,5mm,Experiment_2
2025-10-23T03:05:28.953Z,43,807,1239,265,894,1385,4278,3697,11863,3076,3066,9802,Day_1,Dark,Intermediate,5mm,Experiment_2
2025-10-23T03:05:28.993Z,40,797,1240,265,887,1388,4273,3712,11865,3075,3078,9818,Day_1,Dark,Intermediate,5mm,Experiment_2
2025-10-23T03:05:29.033Z,35,788,1241,261,882,1389,4260,3719,11870,3073,3080,9824,Day_1,Dark,Intermediate,5mm,Experiment_2
2025-10-23T03:05:29.073Z,28,787,1244,256,883,1390,4255,3709,11868,3071,3071,9817,Day_1,Dark,Intermediate,5mm,Experiment_2
2025-10-23T03:05:29.113Z,23,795,1247,253,890,1391,4257,3698,11861,3069,3061,9807,Day_1,Dark,Intermediate,5mm,Experiment_2
2025-10-23T03:05:29.153Z,22,806,1254,251,897,1394,4255,3685,11857,3064,3052,9793,Day_1,Dark,Intermediate,5mm,Experiment_2
2025-10-23T03:05:29.193Z,21,814,1258,249,900,1396,4245,3663,11843,3053,3035,9766,Day_1,Dark,Intermediate,5mm,Experiment_2
2025-10-23T03:05:29.233Z,19,813,1255,246,897,1394,4230,3640,11815,3040,3011,9723,Day_1,Dark,Intermediate,5mm,Experiment_2
2025-10-23T03:05:29.273Z,19,804,1251,247,892,1392,4217,3635,11787,3035,2997,9692,Day_1,Dark,Intermediate,5mm,Experiment_2
2025-10-23T03:05:29.313Z,20,796,1249,249,888,1390,4219,3652,11784,3042,3007,9702,Day_1,Dark,Intermediate,5mm,Experiment_2
2025-10-23T03:05:29.353Z,19,791,1245,248,884,1387,4237,3674,11803,3054,3031,9740,Day_1,Dark,Intermediate,5mm,Experiment_2
2025-10-23T03:05:29.393Z,20,792,1237,249,881,1382,4261,3678,11821,3064,3047,9770,Day_1,Dark,Intermediate,5mm,Experiment_2
2025-10-23T03:05:29.433Z,26,798,1231,255,883,1381,4278,3671,11826,3072,3053,9775,Day_1,Dark,Intermediate,5mm,Experiment_2
2025-10-23T03:05:29.473Z,30,802,1233,261,886,1388,4286,3670,11829,3074,3053,9767,Day_1,Dark,Intermediate,5mm,Experiment_2
2025-10-23T03:05:29.513Z,30,803,1244,258,888,1399,4281,3683,11839,3069,3055,9766,Day_1,Dark,Intermediate,5mm,Experiment_2
2025-10-23T03:05:29.553Z,22,806,1257,250,891,1407,4269,3705,11845,3065,3064,9775,Day_1,Dark,Intermediate,5mm,Experiment_2
2025-10-23T03:05:29.593Z,14,814,1262,242,900,1406,4258,3715,11846,3068,3073,9789,Day_1,Dark,Intermediate,5mm,Experiment_2
2025-10-23T03:05:29.633Z,8,823,1263,240,909,1400,4252,3698,11853,3072,3070,9799,Day_1,Dark,Intermediate,5mm,Experiment_2
2025-10-23T03:05:29.673Z,8,826,1261,239,910,1395,4255,3672,11859,3076,3059,9803,Day_1,Dark,Intermediate,5mm,Experiment_2
2025-10-23T03:05:29.713Z,10,824,1254,239,907,1389,4259,3659,11851,3075,3051,9793,Day_1,Dark,Intermediate,5mm,Experiment_2
2025-10-23T03:05:29.754Z,13,823,1245,242,904,1383,4246,3660,11827,3062,3038,9761,Day_1,Dark,Intermediate,5mm,Experiment_2
2025-10-23T03:05:29.794Z,14,820,1242,247,902,1381,4220,3664,11793,3039,3018,9709,Day_1,Dark,Intermediate,5mm,Experiment_2
2025-10-23T03:05:29.834Z,12,809,1246,249,893,1386,4197,3666,11766,3019,3006,9673,Day_1,Dark,Intermediate,5mm,Experiment_2
2025-10-23T03:05:29.874Z,8,797,1254,245,882,1394,4190,3671,11771,3016,3015,9683,Day_1,Dark,Intermediate,5mm,Experiment_2
2025-10-23T03:05:29.914Z,6,791,1256,240,875,1398,4200,3679,11807,3029,3037,9730,Day_1,Dark,Intermediate,5mm,Experiment_2
2025-10-23T03:05:29.954Z,10,791,1252,242,877,1397,4221,3689,11848,3048,3056,9778,Day_1,Dark,Intermediate,5mm,Experiment_2
2025-10-23T03:05:29.994Z,19,800,1250,249,888,1395,4242,3698,11866,3063,3063,9800,Day_1,Dark,Intermediate,5mm,Experiment_2
2025-10-23T03:05:30.034Z,27,810,1251,255,897,1396,4257,3698,11857,3070,3060,9793,Day_1,Dark,Intermediate,5mm,Experiment_2
2025-10-23T03:05:30.074Z,35,813,1254,258,900,1400,4266,3694,11842,3073,3054,9775,Day_1,Dark,Intermediate,5mm,Experiment_2
2025-10-23T03:05:30.114Z,38,809,1257,260,899,1407,4269,3690,11842,3076,3052,9770,Day_1,Dark,Intermediate,5mm,Experiment_2
2025-10-23T03:05:30.154Z,35,804,1258,261,899,1410,4266,3685,11855,3078,3050,9782,Day_1,Dark,Intermediate,5mm,Experiment_2
2025-10-23T03:05:30.194Z,29,801,1254,261,899,1402,4264,3680,11866,3080,3050,9795,Day_1,Dark,Intermediate,5mm,Experiment_2
2025-10-23T03:05:30.234Z,27,803,1248,261,898,1388,4263,3691,11867,3080,3058,9802,Day_1,Dark,Intermediate,5mm,Experiment_2
2025-10-23T03:05:30.274Z,30,805,1246,262,898,1380,4267,3706,11864,3082,3067,9802,Day_1,Dark,Intermediate,5mm,Experiment_2
2025-10-23T03:05:30.314Z,31,804,1249,261,896,1378,4277,3706,11857,3083,3065,9793,Day_1,Dark,Intermediate,5mm,Experiment_2
2025-10-23T03:05:30.354Z,25,799,1251,256,891,1379,4280,3692,11837,3075,3050,9765,Day_1,Dark,Intermediate,5mm,Experiment_2
2025-10-23T03:05:30.394Z,16,793,1252,250,882,1380,4264,3674,11802,3054,3029,9721,Day_1,Dark,Intermediate,5mm,Experiment_2
2025-10-23T03:05:30.434Z,14,787,1252,250,877,1385,4235,3661,11777,3036,3014,9694,Day_1,Dark,Intermediate,5mm,Experiment_2
2025-10-23T03:05:30.474Z,19,783,1250,253,876,1390,4221,3662,11786,3037,3017,9713,Day_1,Dark,Intermediate,5mm,Experiment_2
2025-10-23T03:05:30.514Z,26,783,1244,256,878,1393,4236,3669,11813,3053,3028,9756,Day_1,Dark,Intermediate,5mm,Experiment_2
2025-10-23T03:05:30.554Z,30,783,1237,257,878,1392,4262,3674,11828,3065,3037,9781,Day_1,Dark,Intermediate,5mm,Experiment_2
2025-10-23T03:05:30.594Z,27,785,1231,253,875,1387,4274,3683,11833,3066,3041,9785,Day_1,Dark,Intermediate,5mm,Experiment_2
2025-10-23T03:05:30.634Z,22,792,1234,249,878,1382,4270,3693,11847,3067,3045,9789,Day_1,Dark,Intermediate,5mm,Experiment_2
2025-10-23T03:05:30.674Z,22,804,1243,249,886,1385,4265,3696,11871,3076,3053,9805,Day_1,Dark,Intermediate,5mm,Experiment_2
2025-10-23T03:05:30.714Z,24,812,1252,251,893,1393,4266,3686,11886,3089,3062,9824,Day_1,Dark,Intermediate,5mm,Experiment_2
2025-10-23T03:05:30.754Z,25,813,1258,249,895,1401,4271,3677,11878,3093,3065,9826,Day_1,Dark,Intermediate,5mm,Experiment_2
2025-10-23T03:05:30.794Z,24,809,1261,246,894,1406,4272,3682,11860,3086,3064,9815,Day_1,Dark,Intermediate,5mm,Experiment_2
2025-10-23T03:05:30.834Z,27,807,1263,248,893,1406,4262,3692,11852,3073,3064,9804,Day_1,Dark,Intermediate,5mm,Experiment_2
2025-10-23T03:05:30.874Z,30,808,1258,253,895,1398,4244,3698,11857,3060,3062,9789,Day_1,Dark,Intermediate,5mm,Experiment_2
2025-10-23T03:05:30.914Z,27,808,1247,253,898,1386,4226,3692,11853,3050,3050,9756,Day_1,Dark,Intermediate,5mm,Experiment_2
2025-10-23T03:05:30.954Z,22,803,1238,250,896,1377,4214,3673,11824,3040,3027,9708,Day_1,Dark,Intermediate,5mm,Experiment_2
2025-10-23T03:05:30.994Z,18,797,1235,248,892,1373,4211,3657,11784,3036,3011,9675,Day_1,Dark,Intermediate,5mm,Experiment_2
2025-10-23T03:05:31.034Z,19,795,1235,248,889,1373,4221,3654,11765,3043,3014,9684,Day_1,Dark,Intermediate,5mm,Experiment_2
2025-10-23T03:05:31.074Z,20,796,1236,250,887,1375,4238,3660,11783,3055,3029,9724,Day_1,Dark,Intermediate,5mm,Experiment_2
2025-10-23T03:05:31.114Z,22,796,1240,254,885,1379,4253,3669,11822,3064,3042,9765,Day_1,Dark,Intermediate,5mm,Experiment_2
2025-10-23T03:05:31.154Z,27,793,1245,260,880,1384,4263,3679,11854,3069,3048,9788,Day_1,Dark,Intermediate,5mm,Experiment_2
2025-10-23T03:05:31.194Z,30,785,1250,261,872,1388,4269,3685,11858,3070,3048,9785,Day_1,Dark,Intermediate,5mm,Experiment_2
2025-10-23T03:05:31.234Z,28,777,1253,257,866,1391,4262,3687,11843,3066,3046,9771,Day_1,Dark,Intermediate,5mm,Experiment_2
2025-10-23T03:05:31.274Z,26,776,1254,254,866,1394,4237,3688,11832,3060,3048,9769,Day_1,Dark,Intermediate,5mm,Experiment_2
2025-10-23T03:05:31.314Z,31,781,1254,258,871,1396,4202,3691,11831,3056,3054,9783,Day_1,Dark,Intermediate,5mm,Experiment_2
2025-10-23T03:05:31.354Z,38,788,1255,262,880,1397,4172,3699,11829,3058,3061,9797,Day_1,Dark,Intermediate,5mm,Experiment_2
2025-10-23T03:05:31.394Z,40,793,1256,263,888,1397,4169,3711,11830,3068,3069,9801,Day_1,Dark,Intermediate,5mm,Experiment_2
2025-10-23T03:05:31.434Z,35,800,1255,258,895,1393,4189,3714,11836,3073,3071,9790,Day_1,Dark,Intermediate,5mm,Experiment_2
2025-10-23T03:05:31.474Z,25,809,1248,252,904,1385,4207,3698,11828,3065,3058,9760,Day_1,Dark,Intermediate,5mm,Experiment_2
2025-10-23T03:05:31.514Z,18,816,1242,250,910,1380,4216,3670,11796,3049,3034,9713,Day_1,Dark,Intermediate,5mm,Experiment_2
2025-10-23T03:05:31.554Z,17,823,1241,251,915,1383,4226,3649,11764,3039,3012,9676,Day_1,Dark,Intermediate,5mm,Experiment_2
2025-10-23T03:05:31.594Z,21,827,1245,256,917,1391,4231,3643,11760,3037,3006,9681,Day_1,Dark,Intermediate,5mm,Experiment_2
2025-10-23T03:05:31.634Z,26,825,1249,261,914,1395,4224,3648,11785,3040,3017,9722,Day_1,Dark,Intermediate,5mm,Experiment_2
2025-10-23T03:05:31.674Z,31,817,1253,265,906,1398,4226,3652,11817,3049,3028,9764,Day_1,Dark,Intermediate,5mm,Experiment_2
2025-10-23T03:05:31.714Z,32,809,1256,262,898,1401,4247,3646,11836,3061,3028,9782,Day_1,Dark,Intermediate,5mm,Experiment_2
2025-10-23T03:05:31.754Z,26,805,1257,253,893,1404,4262,3636,11836,3067,3019,9775,Day_1,Dark,Intermediate,5mm,Experiment_2
2025-10-23T03:05:31.794Z,21,805,1258,245,893,1403,4253,3637,11829,3061,3016,9764,Day_1,Dark,Intermediate,5mm,Experiment_2
2025-10-23T03:05:31.834Z,19,809,1259,244,897,1399,4239,3653,11826,3055,3024,9764,Day_1,Dark,Intermediate,5mm,Experiment_2
2025-10-23T03:05:31.874Z,23,812,1261,249,901,1398,4236,3673,11825,3058,3036,9777,Day_1,Dark,Intermediate,5mm,Experiment_2
2025-10-23T03:05:31.914Z,27,815,1259,256,902,1397,4235,3687,11828,3063,3045,9792,Day_1,Dark,Intermediate,5mm,Experiment_2
2025-10-23T03:05:31.954Z,26,816,1253,259,903,1396,4233,3699,11840,3067,3055,9805,Day_1,Dark,Intermediate,5mm,Experiment_2
2025-10-23T03:05:31.994Z,21,816,1252,258,907,1399,4237,3709,11854,3068,3063,9810,Day_1,Dark,Intermediate,5mm,Experiment_2
2025-10-23T03:05:32.034Z,19,817,1261,256,911,1404,4239,3707,11852,3063,3062,9798,Day_1,Dark,Intermediate,5mm,Experiment_2
2025-10-23T03:05:32.074Z,21,818,1268,255,914,1405,4221,3691,11834,3047,3048,9767,Day_1,Dark,Intermediate,5mm,Experiment_2
2025-10-23T03:05:32.114Z,23,815,1268,255,912,1401,4197,3667,11806,3028,3028,9723,Day_1,Dark,Intermediate,5mm,Experiment_2
2025-10-23T03:05:32.154Z,19,808,1262,251,905,1393,4191,3651,11784,3022,3017,9694,Day_1,Dark,Intermediate,5mm,Experiment_2
2025-10-23T03:05:32.194Z,14,806,1256,246,896,1388,4213,3658,11785,3035,3025,9706,Day_1,Dark,Intermediate,5mm,Experiment_2
2025-10-23T03:05:32.234Z,14,807,1258,246,892,1393,4250,3680,11806,3058,3043,9741,Day_1,Dark,Intermediate,5mm,Experiment_2
2025-10-23T03:05:32.274Z,18,805,1267,249,891,1402,4279,3692,11825,3074,3053,9768,Day_1,Dark,Intermediate,5mm,Experiment_2
2025-10-23T03:05:32.314Z,21,802,1270,251,893,1406,4285,3699,11832,3075,3055,9777,Day_1,Dark,Intermediate,5mm,Experiment_2
2025-10-23T03:05:32.354Z,22,800,1262,249,895,1400,4283,3711,11835,3072,3056,9779,Day_1,Dark,Intermediate,5mm,Experiment_2
2025-10-23T03:05:32.394Z,20,799,1250,246,894,1389,4289,3719,11845,3074,3059,9792,Day_1,Dark,Intermediate,5mm,Experiment_2
2025-10-23T03:05:32.434Z,17,799,1243,245,891,1381,4298,3711,11857,3081,3063,9810,Day_1,Dark,Intermediate,5mm,Experiment_2
2025-10-23T03:05:32.474Z,13,800,1244,243,890,1381,4295,3701,11855,3088,3065,9816,Day_1,Dark,Intermediate,5mm,Experiment_2
2025-10-23T03:05:32.514Z,11,806,1252,244,896,1388,4274,3695,11847,3087,3060,9810,Day_1,Dark,Intermediate,5mm,Experiment_2
2025-10-23T03:05:32.554Z,14,813,1260,245,904,1395,4247,3683,11849,3078,3053,9804,Day_1,Dark,Intermediate,5mm,Experiment_2
2025-10-23T03:05:32.594Z,21,814,1260,248,905,1396,4228,3665,11856,3065,3048,9797,Day_1,Dark,Intermediate,5mm,Experiment_2
2025-10-23T03:05:32.634Z,26,811,1252,249,900,1391,4219,3645,11851,3052,3037,9769,Day_1,Dark,Intermediate,5mm,Experiment_2
2025-10-23T03:05:32.674Z,28,806,1244,249,895,1387,4208,3627,11827,3039,3015,9723,Day_1,Dark,Intermediate,5mm,Experiment_2
2025-10-23T03:05:32.714Z,29,801,1244,253,891,1390,4203,3616,11803,3031,2998,9693,Day_1,Dark,Intermediate,5mm,Experiment_2
2025-10-23T03:05:32.754Z,30,795,1249,258,889,1396,4218,3611,11802,3037,2996,9704,Day_1,Dark,Intermediate,5mm,Experiment_2
2025-10-23T03:05:32.794Z,29,796,1252,261,890,1399,4246,3609,11818,3049,3005,9739,Day_1,Dark,Intermediate,5mm,Experiment_2
2025-10-23T03:05:32.834Z,29,804,1252,261,896,1397,4265,3614,11837,3058,3016,9770,Day_1,Dark,Intermediate,5mm,Experiment_2
2025-10-23T03:05:32.874Z,30,812,1253,263,901,1397,4268,3624,11849,3065,3025,9783,Day_1,Dark,Intermediate,5mm,Experiment_2
2025-10-23T03:05:32.914Z,32,817,1258,264,903,1401,4268,3637,11845,3073,3030,9774,Day_1,Dark,Intermediate,5mm,Experiment_2
2025-10-23T03:05:32.954Z,33,816,1264,263,901,1407,4273,3652,11826,3081,3035,9758,Day_1,Dark,Intermediate,5mm,Experiment_2
2025-10-23T03:05:32.994Z,33,810,1263,258,893,1406,4285,3671,11812,3088,3045,9757,Day_1,Dark,Intermediate,5mm,Experiment_2
2025-10-23T03:05:33.034Z,27,802,1255,251,887,1398,4299,3687,11825,3092,3056,9777,Day_1,Dark,Intermediate,5mm,Experiment_2
2025-10-23T03:05:33.074Z,20,795,1248,246,885,1391,4306,3696,11855,3094,3060,9800,Day_1,Dark,Intermediate,5mm,Experiment_2
2025-10-23T03:05:33.114Z,17,788,1243,246,882,1388,4309,3699,11879,3095,3060,9810,Day_1,Dark,Intermediate,5mm,Experiment_2
2025-10-23T03:05:33.154Z,21,785,1239,249,878,1385,4309,3696,11884,3093,3057,9806,Day_1,Dark,Intermediate,5mm,Experiment_2
2025-10-23T03:05:33.194Z,29,793,1237,254,881,1383,4292,3688,11861,3078,3048,9782,Day_1,Dark,Intermediate,5mm,Experiment_2
2025-10-23T03:05:33.234Z,35,807,1240,256,888,1386,4255,3677,11819,3053,3032,9740,Day_1,Dark,Intermediate,5mm,Experiment_2
2025-10-23T03:05:33.274Z,33,812,1241,252,892,1388,4217,3669,11784,3029,3017,9698,Day_1,Dark,Intermediate,5mm,Experiment_2
2025-10-23T03:05:33.314Z,26,808,1240,249,890,1389,4203,3663,11782,3024,3011,9689,Day_1,Dark,Intermediate,5mm,Experiment_2
2025-10-23T03:05:33.354Z,24,800,1238,250,887,1389,4212,3656,11805,3039,3018,9721,Day_1,Dark,Intermediate,5mm,Experiment_2
2025-10-23T03:05:33.394Z,30,796,1240,255,889,1388,4234,3655,11830,3058,3032,9763,Day_1,Dark,Intermediate,5mm,Experiment_2
2025-10-23T03:05:33.434Z,36,798,1243,259,892,1389,4256,3665,11838,3071,3047,9783,Day_1,Dark,Intermediate,5mm,Experiment_2
2025-10-23T03:05:33.474Z,36,802,1247,261,895,1390,4266,3681,11827,3076,3057,9774,Day_1,Dark,Intermediate,5mm,Experiment_2
2025-10-23T03:05:33.514Z,28,806,1249,257,897,1392,4259,3691,11817,3075,3061,9761,Day_1,Dark,Intermediate,5mm,Experiment_2
2025-10-23T03:05:33.554Z,18,811,1249,250,899,1392,4248,3691,11835,3074,3061,9774,Day_1,Dark,Intermediate,5mm,Experiment_2
2025-10-23T03:05:33.594Z,14,814,1249,246,900,1392,4238,3689,11880,3072,3061,9808,Day_1,Dark,Intermediate,5mm,Experiment_2
2025-10-23T03:05:33.634Z,15,815,1250,247,897,1394,4230,3696,11917,3065,3061,9832,Day_1,Dark,Intermediate,5mm,Experiment_2
2025-10-23T03:05:33.674Z,16,814,1247,250,894,1396,4233,3708,11928,3065,3061,9837,Day_1,Dark,Intermediate,5mm,Experiment_2
2025-10-23T03:05:33.715Z,18,813,1243,253,891,1395,4251,3719,11922,3074,3062,9832,Day_1,Dark,Intermediate,5mm,Experiment_2
2025-10-23T03:05:33.755Z,19,810,1238,255,888,1389,4265,3729,11905,3079,3063,9815,Day_1,Dark,Intermediate,5mm,Experiment_2
2025-10-23T03:05:33.795Z,16,806,1235,251,884,1381,4252,3727,11872,3064,3053,9776,Day_1,Dark,Intermediate,5mm,Experiment_2
2025-10-23T03:05:33.835Z,12,808,1238,244,887,1380,4214,3706,11824,3037,3028,9719,Day_1,Dark,Intermediate,5mm,Experiment_2
2025-10-23T03:05:33.875Z,10,814,1241,238,896,1384,4192,3678,11796,3021,3005,9687,Day_1,Dark,Intermediate,5mm,Experiment_2
2025-10-23T03:05:33.915Z,10,811,1244,236,898,1387,4208,3666,11816,3032,3007,9711,Day_1,Dark,Intermediate,5mm,Experiment_2
2025-10-23T03:05:33.955Z,12,800,1250,237,889,1391,4238,3678,11858,3053,3030,9759,Day_1,Dark,Intermediate,5mm,Experiment_2
2025-10-23T03:05:33.995Z,16,793,1257,241,880,1394,4256,3698,11884,3067,3051,9787,Day_1,Dark,Intermediate,5mm,Experiment_2
2025-10-23T03:05:34.035Z,20,800,1258,246,883,1394,4256,3712,11890,3070,3062,9790,Day_1,Dark,Intermediate,5mm,Experiment_2
2025-10-23T03:05:34.075Z,21,811,1252,250,892,1390,4242,3723,11882,3066,3070,9782,Day_1,Dark,Intermediate,5mm,Experiment_2
2025-10-23T03:05:34.115Z,22,818,1247,252,899,1386,4229,3721,11868,3064,3075,9778,Day_1,Dark,Intermediate,5mm,Experiment_2
2025-10-23T03:05:34.155Z,23,817,1249,255,899,1388,4227,3699,11860,3070,3068,9785,Day_1,Dark,Intermediate,5mm,Experiment_2
2025-10-23T03:05:34.195Z,22,812,1258,255,894,1396,4233,3678,11864,3078,3059,9798,Day_1,Dark,Intermediate,5mm,Experiment_2
2025-10-23T03:05:34.235Z,19,809,1265,251,892,1402,4242,3679,11869,3081,3059,9805,Day_1,Dark,Intermediate,5mm,Experiment_2
2025-10-23T03:05:34.275Z,22,810,1262,250,893,1400,4247,3697,11866,3079,3062,9799,Day_1,Dark,Intermediate,5mm,Experiment_2
2025-10-23T03:05:34.315Z,29,816,1253,253,898,1392,4242,3710,11855,3069,3061,9783,Day_1,Dark,Intermediate,5mm,Experiment_2
2025-10-23T03:05:34.355Z,32,821,1244,256,904,1384,4227,3702,11835,3050,3046,9747,Day_1,Dark,Intermediate,5mm,Experiment_2
2025-10-23T03:05:34.395Z,28,822,1235,252,907,1378,4217,3673,11802,3027,3019,9695,Day_1,Dark,Intermediate,5mm,Experiment_2
2025-10-23T03:05:34.435Z,19,818,1231,245,906,1376,4221,3643,11767,3018,2997,9656,Day_1,Dark,Intermediate,5mm,Experiment_2
2025-10-23T03:05:34.475Z,12,814,1233,241,903,1380,4235,3640,11762,3027,2999,9665,Day_1,Dark,Intermediate,5mm,Experiment_2
2025-10-23T03:05:34.515Z,11,812,1239,240,902,1387,4245,3664,11791,3043,3020,9712,Day_1,Dark,Intermediate,5mm,Experiment_2
2025-10-23T03:05:34.555Z,15,808,1245,240,901,1394,4245,3689,11821,3052,3041,9761,Day_1,Dark,Intermediate,5mm,Experiment_2
2025-10-23T03:05:34.595Z,23,807,1243,241,900,1393,4240,3701,11829,3055,3052,9783,Day_1,Dark,Intermediate,5mm,Experiment_2
2025-10-23T03:05:34.635Z,26,808,1237,245,899,1387,4241,3704,11823,3058,3051,9781,Day_1,Dark,Intermediate,5mm,Experiment_2
2025-10-23T03:05:34.675Z,24,807,1234,248,897,1381,4253,3697,11815,3064,3042,9770,Day_1,Dark,Intermediate,5mm,Experiment_2
2025-10-23T03:05:34.715Z,22,805,1237,250,893,1379,4267,3689,11814,3076,3038,9770,Day_1,Dark,Intermediate,5mm,Experiment_2
2025-10-23T03:05:34.755Z,27,804,1242,255,889,1382,4275,3699,11821,3087,3048,9781,Day_1,Dark,Intermediate,5mm,Experiment_2
2025-10-23T03:05:34.795Z,33,805,1246,261,889,1387,4269,3722,11835,3088,3065,9793,Day_1,Dark,Intermediate,5mm,Experiment_2
2025-10-23T03:05:34.835Z,34,808,1244,263,890,1387,4255,3729,11856,3080,3073,9804,Day_1,Dark,Intermediate,5mm,Experiment_2
2025-10-23T03:05:34.875Z,34,813,1240,261,893,1385,4244,3710,11874,3069,3067,9809,Day_1,Dark,Intermediate,5mm,Experiment_2
2025-10-23T03:05:34.915Z,35,819,1236,258,898,1382,4243,3681,11874,3062,3049,9796,Day_1,Dark,Intermediate,5mm,Experiment_2
2025-10-23T03:05:34.955Z,34,822,1235,254,901,1378,4255,3663,11843,3054,3027,9758,Day_1,Dark,Intermediate,5mm,Experiment_2
2025-10-23T03:05:34.995Z,30,821,1234,250,903,1375,4273,3658,11791,3045,3010,9706,Day_1,Dark,Intermediate,5mm,Experiment_2
2025-10-23T03:05:35.035Z,25,819,1234,248,903,1377,4283,3646,11757,3042,2999,9678,Day_1,Dark,Intermediate,5mm,Experiment_2
2025-10-23T03:05:35.075Z,24,818,1235,248,902,1381,4273,3625,11771,3045,2998,9702,Day_1,Dark,Intermediate,5mm,Experiment_2
2025-10-23T03:05:35.115Z,22,813,1241,248,897,1387,4249,3620,11819,3049,3015,9753,Day_1,Dark,Intermediate,5mm,Experiment_2
2025-10-23T03:05:35.155Z,18,807,1249,245,891,1393,4231,3641,11860,3054,3040,9787,Day_1,Dark,Intermediate,5mm,Experiment_2
2025-10-23T03:05:35.195Z,14,805,1254,242,888,1394,4227,3667,11868,3058,3055,9792,Day_1,Dark,Intermediate,5mm,Experiment_2
2025-10-23T03:05:35.235Z,11,807,1253,241,890,1392,4228,3681,11857,3060,3057,9787,Day_1,Dark,Intermediate,5mm,Experiment_2
2025-10-23T03:05:35.275Z,9,809,1250,238,894,1389,4224,3692,11852,3059,3059,9793,Day_1,Dark,Intermediate,5mm,Experiment_2
2025-10-23T03:05:35.315Z,7,812,1247,235,900,1387,4215,3710,11860,3054,3070,9809,Day_1,Dark,Intermediate,5mm,Experiment_2
2025-10-23T03:05:35.355Z,6,817,1247,235,905,1385,4215,3724,11866,3051,3077,9814,Day_1,Dark,Intermediate,5mm,Experiment_2
2025-10-23T03:05:35.395Z,7,812,1252,240,903,1384,4227,3724,11857,3051,3071,9803,Day_1,Dark,Intermediate,5mm,Experiment_2
2025-10-23T03:05:35.435Z,11,803,1258,247,899,1386,4240,3711,11840,3050,3058,9788,Day_1,Dark,Intermediate,5mm,Experiment_2
2025-10-23T03:05:35.475Z,17,806,1261,254,899,1390,4245,3694,11829,3048,3045,9775,Day_1,Dark,Intermediate,5mm,Experiment_2
2025-10-23T03:05:35.515Z,20,817,1258,259,902,1395,4241,3676,11823,3042,3028,9751,Day_1,Dark,Intermediate,5mm,Experiment_2
2025-10-23T03:05:35.555Z,17,824,1251,257,901,1394,4228,3650,11811,3033,3003,9710,Day_1,Dark,Intermediate,5mm,Experiment_2
2025-10-23T03:05:35.595Z,12,825,1245,250,902,1391,4217,3626,11796,3028,2982,9682,Day_1,Dark,Intermediate,5mm,Experiment_2
2025-10-23T03:05:35.635Z,13,828,1244,244,908,1389,4216,3626,11791,3032,2988,9695,Day_1,Dark,Intermediate,5mm,Experiment_2
2025-10-23T03:05:35.675Z,22,833,1242,246,913,1390,4219,3653,11804,3041,3016,9737,Day_1,Dark,Intermediate,5mm,Experiment_2
2025-10-23T03:05:35.715Z,31,831,1237,254,912,1389,4217,3683,11830,3050,3044,9775,Day_1,Dark,Intermediate,5mm,Experiment_2
2025-10-23T03:05:35.755Z,33,821,1238,256,906,1390,4218,3695,11846,3057,3054,9790,Day_1,Dark,Intermediate,5mm,Experiment_2
2025-10-23T03:05:35.795Z,33,811,1246,255,902,1393,4221,3690,11832,3059,3047,9780,Day_1,Dark,Intermediate,5mm,Experiment_2
2025-10-23T03:05:35.835Z,36,806,1250,256,900,1391,4233,3684,11801,3061,3037,9761,Day_1,Dark,Intermediate,5mm,Experiment_2
2025-10-23T03:05:35.875Z,37,802,1247,258,896,1386,4260,3690,11786,3069,3037,9753,Day_1,Dark,Intermediate,5mm,Experiment_2
2025-10-23T03:05:35.915Z,34,800,1245,259,891,1384,4293,3706,11798,3081,3050,9763,Day_1,Dark,Intermediate,5mm,Experiment_2
2025-10-23T03:05:35.955Z,33,803,1245,262,893,1385,4311,3718,11832,3090,3064,9782,Day_1,Dark,Intermediate,5mm,Experiment_2
2025-10-23T03:05:35.995Z,35,808,1244,266,898,1386,4313,3718,11870,3090,3070,9801,Day_1,Dark,Intermediate,5mm,Experiment_2
2025-10-23T03:05:36.035Z,35,808,1242,267,900,1386,4304,3707,11886,3083,3066,9808,Day_1,Dark,Intermediate,5mm,Experiment_2
2025-10-23T03:05:36.075Z,33,805,1240,264,895,1386,4284,3685,11865,3070,3045,9787,Day_1,Dark,Intermediate,5mm,Experiment_2
2025-10-23T03:05:36.115Z,31,803,1238,259,891,1385,4261,3664,11818,3053,3017,9736,Day_1,Dark,Intermediate,5mm,Experiment_2
2025-10-23T03:05:36.155Z,25,805,1236,249,892,1383,4245,3662,11778,3039,3003,9690,Day_1,Dark,Intermediate,5mm,Experiment_2
2025-10-23T03:05:36.195Z,15,810,1237,236,897,1384,4241,3674,11769,3037,3009,9682,Day_1,Dark,Intermediate,5mm,Experiment_2
2025-10-23T03:05:36.235Z,7,819,1245,227,904,1388,4254,3675,11787,3047,3023,9712,Day_1,Dark,Intermediate,5mm,Experiment_2
2025-10-23T03:05:36.275Z,5,826,1254,227,910,1395,4269,3667,11804,3059,3034,9746,Day_1,Dark,Intermediate,5mm,Experiment_2
2025-10-23T03:05:36.315Z,10,826,1262,236,911,1400,4265,3664,11801,3061,3042,9761,Day_1,Dark,Intermediate,5mm,Experiment_2
2025-10-23T03:05:36.355Z,17,819,1260,246,906,1399,4246,3669,11790,3054,3046,9757,Day_1,Dark,Intermediate,5mm,Experiment_2
2025-10-23T03:05:36.395Z,19,813,1250,252,900,1393,4235,3673,11794,3048,3047,9756,Day_1,Dark,Intermediate,5mm,Experiment_2
2025-10-23T03:05:36.435Z,20,809,1243,255,897,1389,4237,3677,11818,3049,3052,9773,Day_1,Dark,Intermediate,5mm,Experiment_2
2025-10-23T03:05:36.475Z,24,807,1245,257,896,1390,4247,3689,11850,3059,3063,9798,Day_1,Dark,Intermediate,5mm,Experiment_2
2025-10-23T03:05:36.515Z,30,805,1249,260,896,1389,4260,3702,11869,3073,3074,9810,Day_1,Dark,Intermediate,5mm,Experiment_2
2025-10-23T03:05:36.555Z,33,804,1249,260,896,1387,4267,3706,11874,3080,3079,9810,Day_1,Dark,Intermediate,5mm,Experiment_2
2025-10-23T03:05:36.595Z,30,803,1249,258,893,1388,4270,3707,11875,3077,3077,9808,Day_1,Dark,Intermediate,5mm,Experiment_2
2025-10-23T03:05:36.635Z,24,803,1252,254,888,1395,4276,3712,11864,3071,3071,9796,Day_1,Dark,Intermediate,5mm,Experiment_2
2025-10-23T03:05:36.675Z,21,804,1257,251,887,1404,4272,3709,11835,3062,3054,9759,Day_1,Dark,Intermediate,5mm,Experiment_2
2025-10-23T03:05:36.715Z,19,804,1262,247,889,1410,4248,3688,11789,3047,3026,9704,Day_1,Dark,Intermediate,5mm,Experiment_2
2025-10-23T03:05:36.755Z,17,808,1266,241,894,1413,4219,3669,11747,3035,3004,9666,Day_1,Dark,Intermediate,5mm,Experiment_2
2025-10-23T03:05:36.795Z,14,816,1264,239,901,1412,4207,3667,11739,3035,3005,9679,Day_1,Dark,Intermediate,5mm,Experiment_2
2025-10-23T03:05:36.835Z,13,827,1257,241,909,1404,4207,3673,11770,3038,3021,9728,Day_1,Dark,Intermediate,5mm,Experiment_2
2025-10-23T03:05:36.875Z,14,834,1246,244,916,1392,4207,3675,11812,3037,3034,9769,Day_1,Dark,Intermediate,5mm,Experiment_2
2025-10-23T03:05:36.915Z,20,831,1236,250,917,1383,4207,3671,11837,3035,3037,9786,Day_1,Dark,Intermediate,5mm,Experiment_2
2025-10-23T03:05:36.955Z,30,819,1233,257,907,1380,4211,3668,11843,3039,3034,9785,Day_1,Dark,Intermediate,5mm,Experiment_2
2025-10-23T03:05:36.995Z,38,802,1235,263,894,1382,4217,3677,11850,3049,3040,9789,Day_1,Dark,Intermediate,5mm,Experiment_2
2025-10-23T03:05:37.035Z,41,790,1236,265,884,1385,4226,3694,11865,3063,3056,9804,Day_1,Dark,Intermediate,5mm,Experiment_2
2025-10-23T03:05:37.075Z,38,785,1237,261,879,1388,4235,3707,11880,3073,3066,9819,Day_1,Dark,Intermediate,5mm,Experiment_2
2025-10-23T03:05:37.115Z,32,791,1244,258,884,1394,4235,3712,11887,3075,3065,9825,Day_1,Dark,Intermediate,5mm,Experiment_2
2025-10-23T03:05:37.155Z,29,803,1254,258,895,1403,4227,3717,11884,3070,3061,9817,Day_1,Dark,Intermediate,5mm,Experiment_2
2025-10-23T03:05:37.195Z,31,811,1258,260,903,1405,4220,3725,11869,3063,3059,9792,Day_1,Dark,Intermediate,5mm,Experiment_2
2025-10-23T03:05:37.235Z,38,812,1255,263,907,1400,4224,3724,11839,3056,3051,9744,Day_1,Dark,Intermediate,5mm,Experiment_2
2025-10-23T03:05:37.275Z,46,809,1252,267,906,1393,4235,3703,11805,3048,3034,9691,Day_1,Dark,Intermediate,5mm,Experiment_2
2025-10-23T03:05:37.315Z,46,804,1249,265,901,1386,4241,3673,11788,3041,3020,9667,Day_1,Dark,Intermediate,5mm,Experiment_2
