time,Unpolarized_A_Green,Unpolarized_A_Red,Unpolarized_A_IR,Unpolarized_B_Green,Unpolarized_B_Red,Unpolarized_B_IR,Co-Polarized_Green,Co-Polarized_Red,Co-Polarized_IR,Cross-Polarized_Green,Cross-Polarized_Red,Cross-Polarized_IR,Day,SkinTone,Speed,Depth,Experiment
2025-10-23T01:17:29.887Z,34,788,1485,257,1003,1715,3507,3112,10455,4100,4845,15846,Day_1,Dark,Intermediate,2.5mm,Experiment_2
2025-10-23T01:17:29.927Z,37,787,1479,261,1003,1708,3503,3106,10434,4093,4833,15794,Day_1,Dark,Intermediate,2.5mm,Experiment_2
2025-10-23T01:17:29.967Z,42,785,1479,263,1005,1709,3504,3106,10409,4092,4823,15765,Day_1,Dark,Intermediate,2.5mm,Experiment_2
2025-10-23T01:17:30.007Z,44,784,1482,262,1007,1713,3511,3110,10419,4101,4834,15824,Day_1,Dark,Intermediate,2.5mm,Experiment_2
2025-10-23T01:17:30.047Z,38,783,1482,259,1007,1718,3511,3118,10458,4112,4862,15939,Day_1,Dark,Intermediate,2.5mm,Experiment_2
2025-10-23T01:17:30.087Z,32,784,1477,257,1009,1723,3502,3122,10488,4114,4888,16027,Day_1,Dark,Intermediate,2.5mm,Experiment_2
2025-10-23T01:17:30.127Z,30,787,1476,259,1012,1728,3493,3119,10507,4112,4905,16072,Day_1,Dark,Intermediate,2.5mm,Experiment_2
2025-10-23T01:17:30.167Z,32,788,1482,264,1015,1733,3496,3117,10529,4113,4916,16107,Day_1,Dark,Intermediate,2.5mm,Experiment_2
2025-10-23T01:17:30.207Z,39,786,1487,268,1013,1735,3512,3120,10548,4121,4923,16141,Day_1,Dark,Intermediate,2.5mm,Experiment_2
2025-10-23T01:17:30.247Z,48,784,1485,272,1009,1734,3523,3123,10555,4130,4921,16165,Day_1,Dark,Intermediate,2.5mm,Experiment_2
2025-10-23T01:20:16.604Z,57,782,1479,277,1005,1727,3518,3115,10535,4128,4904,16151,Day_1,Dark,Intermediate,2.5mm,Experiment_2
2025-10-23T01:20:16.644Z,58,782,1474,278,1002,1719,3512,3095,10472,4110,4867,16042,Day_1,Dark,Intermediate,2.5mm,Experiment_2
2025-10-23T01:20:16.684Z,51,782,1472,272,999,1710,3518,3073,10358,4077,4795,15787,Day_1,Dark,Intermediate,2.5mm,Experiment_2
2025-10-23T01:20:16.724Z,42,777,1471,263,993,1702,3521,3057,10227,4033,4684,15436,Day_1,Dark,Intermediate,2.5mm,Experiment_2
2025-10-23T01:20:16.764Z,36,770,1470,257,985,1698,3513,3057,10157,3995,4572,15178,Day_1,Dark,Intermediate,2.5mm,Experiment_2
2025-10-23T01:20:16.804Z,34,769,1467,258,982,1697,3502,3076,10186,3987,4514,15156,Day_1,Dark,Intermediate,2.5mm,Experiment_2
2025-10-23T01:20:16.844Z,32,773,1462,262,984,1694,3498,3100,10269,4008,4541,15301,Day_1,Dark,Intermediate,2.5mm,Experiment_2
2025-10-23T01:20:16.884Z,30,779,1461,263,990,1694,3501,3111,10342,4040,4643,15484,Day_1,Dark,Intermediate,2.5mm,Experiment_2
2025-10-23T01:20:16.924Z,29,786,1466,260,1000,1697,3510,3113,10392,4071,4761,15656,Day_1,Dark,Intermediate,2.5mm,Experiment_2
2025-10-23T01:20:16.964Z,30,788,1472,256,1003,1702,3518,3117,10428,4093,4844,15803,Day_1,Dark,Intermediate,2.5mm,Experiment_2
2025-10-23T01:20:17.004Z,31,779,1470,255,996,1705,3521,3121,10455,4100,4881,15903,Day_1,Dark,Intermediate,2.5mm,Experiment_2
2025-10-23T01:20:17.044Z,29,768,1465,254,989,1708,3521,3119,10471,4100,4883,15939,Day_1,Dark,Intermediate,2.5mm,Experiment_2
2025-10-23T01:20:17.084Z,24,765,1459,253,990,1705,3520,3107,10462,4093,4863,15887,Day_1,Dark,Intermediate,2.5mm,Experiment_2
2025-10-23T01:20:17.124Z,22,765,1453,252,989,1697,3512,3088,10402,4067,4822,15697,Day_1,Dark,Intermediate,2.5mm,Experiment_2
2025-10-23T01:20:17.164Z,27,763,1452,254,984,1691,3492,3070,10292,4017,4767,15388,Day_1,Dark,Intermediate,2.5mm,Experiment_2
2025-10-23T01:20:17.204Z,31,760,1457,257,977,1692,3475,3067,10207,3978,4717,15147,Day_1,Dark,Intermediate,2.5mm,Experiment_2
2025-10-23T01:20:17.244Z,32,755,1469,259,971,1701,3479,3075,10214,3983,4696,15156,Day_1,Dark,Intermediate,2.5mm,Experiment_2
2025-10-23T01:20:17.284Z,33,755,1481,259,974,1713,3491,3085,10284,4017,4713,15351,Day_1,Dark,Intermediate,2.5mm,Experiment_2
2025-10-23T01:20:17.324Z,36,767,1486,262,985,1718,3493,3090,10348,4046,4748,15550,Day_1,Dark,Intermediate,2.5mm,Experiment_2
2025-10-23T01:20:17.364Z,40,782,1484,264,998,1717,3489,3087,10374,4059,4772,15657,Day_1,Dark,Intermediate,2.5mm,Experiment_2
2025-10-23T01:20:17.404Z,41,786,1483,265,1001,1716,3489,3078,10369,4062,4774,15681,Day_1,Dark,Intermediate,2.5mm,Experiment_2
2025-10-23T01:20:17.444Z,40,779,1486,265,997,1720,3496,3074,10357,4069,4773,15683,Day_1,Dark,Intermediate,2.5mm,Experiment_2
2025-10-23T01:20:17.484Z,37,774,1485,261,996,1723,3504,3087,10360,4086,4791,15720,Day_1,Dark,Intermediate,2.5mm,Experiment_2
2025-10-23T01:20:17.524Z,31,776,1479,252,1002,1723,3506,3111,10380,4106,4824,15796,Day_1,Dark,Intermediate,2.5mm,Experiment_2
2025-10-23T01:20:17.564Z,24,783,1473,245,1007,1717,3501,3125,10405,4117,4848,15874,Day_1,Dark,Intermediate,2.5mm,Experiment_2
2025-10-23T01:20:17.604Z,21,785,1469,243,1007,1711,3492,3124,10423,4112,4856,15919,Day_1,Dark,Intermediate,2.5mm,Experiment_2
2025-10-23T01:20:17.644Z,24,782,1466,246,1002,1708,3481,3121,10425,4099,4857,15912,Day_1,Dark,Intermediate,2.5mm,Experiment_2
2025-10-23T01:20:17.684Z,26,780,1463,247,997,1702,3469,3117,10394,4076,4847,15805,Day_1,Dark,Intermediate,2.5mm,Experiment_2
2025-10-23T01:20:17.724Z,25,781,1457,245,993,1691,3460,3101,10317,4038,4809,15554,Day_1,Dark,Intermediate,2.5mm,Experiment_2
2025-10-23T01:20:17.764Z,21,780,1451,241,991,1680,3462,3078,10229,3999,4739,15266,Day_1,Dark,Intermediate,2.5mm,Experiment_2
2025-10-23T01:20:17.804Z,17,781,1450,238,994,1679,3476,3068,10200,3988,4675,15155,Day_1,Dark,Intermediate,2.5mm,Experiment_2
2025-10-23T01:20:17.844Z,19,786,1456,237,1001,1688,3492,3081,10239,4011,4674,15278,Day_1,Dark,Intermediate,2.5mm,Experiment_2
2025-10-23T01:20:17.884Z,23,789,1467,239,1006,1702,3504,3107,10303,4047,4727,15483,Day_1,Dark,Intermediate,2.5mm,Experiment_2
2025-10-23T01:20:17.924Z,26,789,1478,242,1008,1714,3513,3127,10355,4073,4779,15629,Day_1,Dark,Intermediate,2.5mm,Experiment_2
2025-10-23T01:20:17.964Z,28,789,1482,246,1007,1720,3513,3126,10374,4079,4797,15674,Day_1,Dark,Intermediate,2.5mm,Experiment_2
2025-10-23T01:20:18.004Z,31,788,1482,250,1002,1721,3505,3111,10359,4073,4791,15668,Day_1,Dark,Intermediate,2.5mm,Experiment_2
2025-10-23T01:20:18.044Z,31,783,1480,253,996,1718,3499,3102,10356,4075,4798,15705,Day_1,Dark,Intermediate,2.5mm,Experiment_2
2025-10-23T01:20:18.084Z,29,776,1475,253,992,1713,3501,3108,10394,4090,4826,15806,Day_1,Dark,Intermediate,2.5mm,Experiment_2
2025-10-23T01:20:18.124Z,29,774,1475,253,995,1713,3512,3125,10442,4104,4857,15893,Day_1,Dark,Intermediate,2.5mm,Experiment_2
2025-10-23T01:20:18.164Z,32,773,1479,257,999,1720,3526,3146,10466,4108,4876,15926,Day_1,Dark,Intermediate,2.5mm,Experiment_2
2025-10-23T01:20:18.204Z,36,768,1483,263,995,1727,3530,3153,10459,4105,4878,15908,Day_1,Dark,Intermediate,2.5mm,Experiment_2
2025-10-23T01:20:18.244Z,37,759,1480,264,981,1723,3523,3136,10417,4089,4847,15800,Day_1,Dark,Intermediate,2.5mm,Experiment_2
2025-10-23T01:20:18.284Z,38,756,1470,260,969,1707,3516,3104,10329,4053,4777,15543,Day_1,Dark,Intermediate,2.5mm,Experiment_2
2025-10-23T01:20:18.324Z,38,761,1457,258,967,1689,3510,3070,10216,4003,4692,15192,Day_1,Dark,Intermediate,2.5mm,Experiment_2
2025-10-23T01:20:18.364Z,37,770,1447,257,975,1678,3511,3048,10148,3970,4631,14963,Day_1,Dark,Intermediate,2.5mm,Experiment_2
2025-10-23T01:20:18.404Z,36,775,1446,256,986,1679,3514,3045,10171,3978,4619,15014,Day_1,Dark,Intermediate,2.5mm,Experiment_2
2025-10-23T01:20:18.444Z,34,777,1453,254,994,1687,3509,3057,10248,4009,4657,15249,Day_1,Dark,Intermediate,2.5mm,Experiment_2
2025-10-23T01:20:18.484Z,31,775,1461,252,995,1696,3496,3073,10317,4035,4714,15478,Day_1,Dark,Intermediate,2.5mm,Experiment_2
2025-10-23T01:20:18.524Z,26,771,1467,247,989,1701,3490,3081,10347,4048,4750,15599,Day_1,Dark,Intermediate,2.5mm,Experiment_2
2025-10-23T01:20:18.564Z,23,768,1476,243,982,1702,3495,3081,10349,4051,4755,15624,Day_1,Dark,Intermediate,2.5mm,Experiment_2
2025-10-23T01:20:18.604Z,24,767,1490,243,980,1701,3505,3083,10355,4057,4763,15643,Day_1,Dark,Intermediate,2.5mm,Experiment_2
2025-10-23T01:20:18.644Z,27,767,1502,245,983,1707,3513,3094,10386,4073,4794,15727,Day_1,Dark,Intermediate,2.5mm,Experiment_2
2025-10-23T01:20:18.684Z,26,769,1502,244,990,1718,3517,3105,10425,4095,4837,15843,Day_1,Dark,Intermediate,2.5mm,Experiment_2
2025-10-23T01:20:18.724Z,24,775,1495,243,1000,1726,3521,3108,10447,4113,4864,15917,Day_1,Dark,Intermediate,2.5mm,Experiment_2
2025-10-23T01:20:18.764Z,22,780,1492,244,1008,1730,3532,3102,10448,4124,4868,15932,Day_1,Dark,Intermediate,2.5mm,Experiment_2
2025-10-23T01:20:18.804Z,19,780,1492,242,1008,1731,3547,3097,10434,4123,4862,15889,Day_1,Dark,Intermediate,2.5mm,Experiment_2
2025-10-23T01:20:18.844Z,17,778,1485,239,1002,1722,3546,3093,10395,4097,4853,15750,Day_1,Dark,Intermediate,2.5mm,Experiment_2
2025-10-23T01:20:18.884Z,19,776,1473,240,991,1706,3519,3080,10316,4044,4829,15493,Day_1,Dark,Intermediate,2.5mm,Experiment_2
2025-10-23T01:20:18.924Z,24,775,1464,244,984,1692,3484,3063,10237,3994,4782,15257,Day_1,Dark,Intermediate,2.5mm,Experiment_2
2025-10-23T01:20:18.964Z,32,777,1462,252,987,1690,3470,3062,10224,3987,4740,15233,Day_1,Dark,Intermediate,2.5mm,Experiment_2
2025-10-23T01:20:19.004Z,41,778,1469,263,993,1702,3480,3075,10278,4015,4736,15401,Day_1,Dark,Intermediate,2.5mm,Experiment_2
2025-10-23T01:20:19.044Z,43,775,1478,269,994,1714,3495,3089,10343,4049,4762,15590,Day_1,Dark,Intermediate,2.5mm,Experiment_2
2025-10-23T01:20:19.084Z,37,768,1482,268,989,1717,3506,3099,10382,4073,4785,15697,Day_1,Dark,Intermediate,2.5mm,Experiment_2
2025-10-23T01:20:19.125Z,32,757,1484,264,980,1715,3512,3105,10387,4082,4791,15721,Day_1,Dark,Intermediate,2.5mm,Experiment_2
2025-10-23T01:20:19.165Z,31,747,1485,261,972,1713,3513,3105,10375,4081,4788,15712,Day_1,Dark,Intermediate,2.5mm,Experiment_2
2025-10-23T01:20:19.205Z,29,747,1484,256,970,1710,3514,3103,10373,4084,4797,15730,Day_1,Dark,Intermediate,2.5mm,Experiment_2
2025-10-23T01:20:19.245Z,26,754,1480,251,979,1709,3520,3107,10394,4097,4823,15796,Day_1,Dark,Intermediate,2.5mm,Experiment_2
2025-10-23T01:20:19.285Z,27,759,1479,251,988,1711,3524,3116,10433,4111,4850,15874,Day_1,Dark,Intermediate,2.5mm,Experiment_2
2025-10-23T01:20:19.325Z,32,754,1481,257,985,1716,3522,3127,10469,4118,4866,15923,Day_1,Dark,Intermediate,2.5mm,Experiment_2
2025-10-23T01:20:19.365Z,37,744,1484,261,974,1719,3516,3135,10477,4117,4868,15914,Day_1,Dark,Intermediate,2.5mm,Experiment_2
2025-10-23T01:20:19.405Z,33,743,1483,257,968,1716,3502,3128,10438,4097,4852,15796,Day_1,Dark,Intermediate,2.5mm,Experiment_2
2025-10-23T01:20:19.445Z,22,758,1479,245,971,1704,3484,3098,10347,4052,4802,15523,Day_1,Dark,Intermediate,2.5mm,Experiment_2
2025-10-23T01:20:19.484Z,13,776,1470,234,977,1688,3480,3056,10234,4000,4706,15179,Day_1,Dark,Intermediate,2.5mm,Experiment_2
2025-10-23T01:20:19.524Z,10,787,1461,230,984,1677,3489,3032,10168,3974,4614,14992,Day_1,Dark,Intermediate,2.5mm,Experiment_2
2025-10-23T01:20:19.564Z,10,795,1455,233,995,1679,3495,3041,10190,3986,4601,15082,Day_1,Dark,Intermediate,2.5mm,Experiment_2
2025-10-23T01:20:19.604Z,13,800,1457,240,1004,1689,3496,3066,10262,4018,4661,15322,Day_1,Dark,Intermediate,2.5mm,Experiment_2
2025-10-23T01:20:19.644Z,20,799,1462,247,1007,1699,3497,3079,10325,4050,4723,15530,Day_1,Dark,Intermediate,2.5mm,Experiment_2
2025-10-23T01:20:19.684Z,32,792,1466,254,1005,1704,3493,3071,10352,4063,4747,15617,Day_1,Dark,Intermediate,2.5mm,Experiment_2
2025-10-23T01:20:19.724Z,44,783,1469,260,1001,1709,3492,3058,10353,4064,4748,15627,Day_1,Dark,Intermediate,2.5mm,Experiment_2
2025-10-23T01:20:19.764Z,49,781,1475,262,1001,1717,3504,3062,10364,4072,4764,15683,Day_1,Dark,Intermediate,2.5mm,Experiment_2
2025-10-23T01:20:19.804Z,47,791,1477,258,1009,1723,3520,3078,10399,4092,4803,15812,Day_1,Dark,Intermediate,2.5mm,Experiment_2
2025-10-23T01:20:19.844Z,39,804,1472,249,1020,1723,3528,3087,10430,4109,4833,15916,Day_1,Dark,Intermediate,2.5mm,Experiment_2
2025-10-23T01:20:19.884Z,27,807,1469,237,1020,1721,3523,3089,10449,4113,4844,15950,Day_1,Dark,Intermediate,2.5mm,Experiment_2
2025-10-23T01:20:19.924Z,15,801,1472,229,1014,1720,3511,3097,10459,4109,4846,15936,Day_1,Dark,Intermediate,2.5mm,Experiment_2
2025-10-23T01:20:19.964Z,12,797,1474,230,1007,1715,3498,3108,10438,4095,4839,15850,Day_1,Dark,Intermediate,2.5mm,Experiment_2
2025-10-23T01:20:20.004Z,16,797,1470,238,1001,1704,3484,3105,10360,4060,4808,15626,Day_1,Dark,Intermediate,2.5mm,Experiment_2
2025-10-23T01:20:20.044Z,23,797,1464,245,995,1690,3467,3084,10241,4002,4757,15290,Day_1,Dark,Intermediate,2.5mm,Experiment_2
2025-10-23T01:20:20.084Z,26,796,1460,247,990,1682,3461,3068,10150,3960,4707,15043,Day_1,Dark,Intermediate,2.5mm,Experiment_2
2025-10-23T01:20:20.124Z,28,791,1462,247,988,1682,3478,3074,10149,3970,4681,15065,Day_1,Dark,Intermediate,2.5mm,Experiment_2
2025-10-23T01:20:20.164Z,30,783,1467,249,987,1690,3503,3088,10227,4014,4690,15284,Day_1,Dark,Intermediate,2.5mm,Experiment_2
2025-10-23T01:20:20.205Z,33,779,1469,250,987,1697,3512,3092,10319,4052,4718,15513,Day_1,Dark,Intermediate,2.5mm,Experiment_2
2025-10-23T01:20:20.245Z,36,784,1467,251,993,1700,3503,3094,10370,4066,4746,15642,Day_1,Dark,Intermediate,2.5mm,Experiment_2
2025-10-23T01:20:20.285Z,37,793,1463,254,1003,1701,3493,3095,10372,4067,4763,15669,Day_1,Dark,Intermediate,2.5mm,Experiment_2
2025-10-23T01:20:20.325Z,34,799,1465,254,1009,1705,3494,3090,10358,4069,4770,15670,Day_1,Dark,Intermediate,2.5mm,Experiment_2
2025-10-23T01:20:20.365Z,27,800,1471,250,1011,1711,3505,3090,10364,4082,4787,15718,Day_1,Dark,Intermediate,2.5mm,Experiment_2
2025-10-23T01:20:20.405Z,25,792,1477,248,1006,1716,3518,3107,10394,4100,4820,15809,Day_1,Dark,Intermediate,2.5mm,Experiment_2
2025-10-23T01:20:20.445Z,30,776,1479,252,994,1718,3529,3128,10427,4114,4852,15889,Day_1,Dark,Intermediate,2.5mm,Experiment_2
2025-10-23T01:20:20.485Z,35,763,1477,255,984,1717,3533,3131,10447,4118,4865,15925,Day_1,Dark,Intermediate,2.5mm,Experiment_2
2025-10-23T01:20:20.525Z,35,760,1472,253,982,1711,3525,3109,10444,4109,4848,15906,Day_1,Dark,Intermediate,2.5mm,Experiment_2
2025-10-23T01:20:20.565Z,31,766,1466,247,986,1702,3506,3076,10400,4085,4797,15789,Day_1,Dark,Intermediate,2.5mm,Experiment_2
2025-10-23T01:20:20.605Z,26,776,1463,243,990,1695,3490,3058,10307,4047,4718,15540,Day_1,Dark,Intermediate,2.5mm,Experiment_2
2025-10-23T01:20:20.645Z,23,780,1464,244,990,1690,3493,3060,10213,4017,4643,15280,Day_1,Dark,Intermediate,2.5mm,Experiment_2
2025-10-23T01:20:20.685Z,24,771,1465,251,984,1689,3513,3074,10186,4020,4626,15213,Day_1,Dark,Intermediate,2.5mm,Experiment_2
2025-10-23T01:20:20.725Z,28,757,1466,259,976,1689,3535,3093,10227,4050,4674,15354,Day_1,Dark,Intermediate,2.5mm,Experiment_2
2025-10-23T01:20:20.765Z,32,753,1467,263,973,1692,3551,3107,10291,4082,4744,15544,Day_1,Dark,Intermediate,2.5mm,Experiment_2
2025-10-23T01:20:20.805Z,33,758,1468,263,974,1695,3552,3108,10350,4097,4790,15667,Day_1,Dark,Intermediate,2.5mm,Experiment_2
2025-10-23T01:20:20.845Z,28,765,1467,259,977,1698,3531,3100,10389,4089,4800,15707,Day_1,Dark,Intermediate,2.5mm,Experiment_2
2025-10-23T01:20:20.885Z,23,777,1468,254,989,1700,3500,3094,10404,4071,4791,15709,Day_1,Dark,Intermediate,2.5mm,Experiment_2
2025-10-23T01:20:20.925Z,21,792,1469,251,1008,1704,3481,3092,10406,4066,4792,15738,Day_1,Dark,Intermediate,2.5mm,Experiment_2
2025-10-23T01:20:20.965Z,26,800,1469,253,1021,1709,3478,3088,10416,4077,4814,15813,Day_1,Dark,Intermediate,2.5mm,Experiment_2
2025-10-23T01:20:21.005Z,34,803,1465,261,1025,1709,3481,3089,10437,4090,4840,15889,Day_1,Dark,Intermediate,2.5mm,Experiment_2
2025-10-23T01:20:21.045Z,43,801,1463,268,1022,1704,3485,3091,10454,4094,4853,15925,Day_1,Dark,Intermediate,2.5mm,Experiment_2
2025-10-23T01:20:21.085Z,45,789,1465,270,1009,1701,3486,3089,10448,4088,4847,15903,Day_1,Dark,Intermediate,2.5mm,Experiment_2
2025-10-23T01:20:21.125Z,41,774,1468,266,993,1698,3488,3084,10396,4075,4807,15775,Day_1,Dark,Intermediate,2.5mm,Experiment_2
2025-10-23T01:20:21.165Z,32,767,1469,258,983,1696,3485,3078,10288,4041,4713,15492,Day_1,Dark,Intermediate,2.5mm,Experiment_2
2025-10-23T01:20:21.205Z,23,772,1466,247,983,1689,3472,3069,10161,3988,4573,15130,Day_1,Dark,Intermediate,2.5mm,Experiment_2
2025-10-23T01:20:21.245Z,20,778,1458,240,985,1682,3461,3065,10092,3949,4452,14915,Day_1,Dark,Intermediate,2.5mm,Experiment_2
2025-10-23T01:20:21.285Z,23,779,1453,240,989,1683,3456,3072,10116,3954,4438,14981,Day_1,Dark,Intermediate,2.5mm,Experiment_2
2025-10-23T01:20:21.325Z,25,778,1454,243,991,1692,3454,3081,10195,3989,4537,15222,Day_1,Dark,Intermediate,2.5mm,Experiment_2
2025-10-23T01:20:21.365Z,25,779,1460,246,992,1702,3459,3086,10279,4024,4656,15455,Day_1,Dark,Intermediate,2.5mm,Experiment_2
2025-10-23T01:20:21.405Z,23,782,1467,245,991,1706,3472,3085,10329,4042,4718,15577,Day_1,Dark,Intermediate,2.5mm,Experiment_2
2025-10-23T01:20:21.445Z,23,786,1474,243,991,1707,3486,3076,10342,4047,4729,15600,Day_1,Dark,Intermediate,2.5mm,Experiment_2
2025-10-23T01:20:21.485Z,28,795,1479,248,999,1708,3499,3071,10357,4055,4739,15637,Day_1,Dark,Intermediate,2.5mm,Experiment_2
2025-10-23T01:20:21.525Z,36,797,1480,258,1005,1710,3514,3084,10399,4073,4780,15751,Day_1,Dark,Intermediate,2.5mm,Experiment_2
2025-10-23T01:20:21.565Z,42,785,1474,264,1000,1709,3525,3100,10439,4090,4828,15877,Day_1,Dark,Intermediate,2.5mm,Experiment_2
2025-10-23T01:20:21.605Z,42,768,1465,262,988,1706,3523,3103,10449,4099,4853,15942,Day_1,Dark,Intermediate,2.5mm,Experiment_2
2025-10-23T01:20:21.645Z,38,757,1459,259,978,1703,3508,3096,10440,4098,4852,15941,Day_1,Dark,Intermediate,2.5mm,Experiment_2
2025-10-23T01:20:21.685Z,35,757,1461,257,976,1700,3493,3093,10419,4085,4841,15871,Day_1,Dark,Intermediate,2.5mm,Experiment_2
2025-10-23T01:20:21.725Z,35,764,1466,256,980,1698,3486,3094,10366,4056,4821,15685,Day_1,Dark,Intermediate,2.5mm,Experiment_2
2025-10-23T01:20:21.765Z,33,774,1467,252,985,1692,3476,3089,10271,4011,4786,15385,Day_1,Dark,Intermediate,2.5mm,Experiment_2
2025-10-23T01:20:21.805Z,30,783,1465,249,989,1689,3463,3077,10188,3974,4739,15142,Day_1,Dark,Intermediate,2.5mm,Experiment_2
2025-10-23T01:20:21.845Z,31,789,1464,250,994,1693,3461,3072,10192,3976,4707,15147,Day_1,Dark,Intermediate,2.5mm,Experiment_2
2025-10-23T01:20:21.885Z,35,794,1465,255,1001,1700,3480,3080,10260,4013,4718,15346,Day_1,Dark,Intermediate,2.5mm,Experiment_2
2025-10-23T01:20:21.925Z,40,797,1468,258,1009,1704,3508,3090,10320,4051,4753,15550,Day_1,Dark,Intermediate,2.5mm,Experiment_2
2025-10-23T01:20:21.965Z,42,798,1473,260,1016,1706,3520,3085,10345,4067,4774,15661,Day_1,Dark,Intermediate,2.5mm,Experiment_2
2025-10-23T01:20:22.005Z,40,797,1476,260,1018,1706,3513,3076,10349,4064,4774,15690,Day_1,Dark,Intermediate,2.5mm,Experiment_2
2025-10-23T01:20:22.045Z,38,794,1480,259,1014,1708,3500,3085,10353,4063,4777,15692,Day_1,Dark,Intermediate,2.5mm,Experiment_2
2025-10-23T01:20:22.085Z,38,788,1486,257,1007,1714,3494,3111,10373,4071,4801,15727,Day_1,Dark,Intermediate,2.5mm,Experiment_2
2025-10-23T01:20:22.125Z,43,779,1492,258,997,1720,3503,3132,10411,4091,4838,15808,Day_1,Dark,Intermediate,2.5mm,Experiment_2
2025-10-23T01:20:22.165Z,50,769,1493,263,987,1723,3519,3141,10447,4112,4866,15896,Day_1,Dark,Intermediate,2.5mm,Experiment_2
2025-10-23T01:20:22.205Z,51,763,1488,266,980,1723,3536,3136,10463,4127,4875,15947,Day_1,Dark,Intermediate,2.5mm,Experiment_2
2025-10-23T01:20:22.245Z,43,768,1481,263,982,1720,3557,3121,10452,4133,4863,15934,Day_1,Dark,Intermediate,2.5mm,Experiment_2
2025-10-23T01:20:22.285Z,32,780,1472,257,990,1714,3568,3102,10403,4117,4820,15813,Day_1,Dark,Intermediate,2.5mm,Experiment_2
2025-10-23T01:20:22.325Z,25,786,1462,252,994,1700,3550,3076,10309,4071,4731,15547,Day_1,Dark,Intermediate,2.5mm,Experiment_2
2025-10-23T01:20:22.366Z,21,781,1454,248,988,1687,3512,3044,10212,4015,4621,15237,Day_1,Dark,Intermediate,2.5mm,Experiment_2
2025-10-23T01:20:22.406Z,20,770,1452,248,980,1682,3481,3018,10180,3986,4561,15101,Day_1,Dark,Intermediate,2.5mm,Experiment_2
2025-10-23T01:20:22.446Z,26,764,1456,254,977,1688,3467,3016,10222,3994,4588,15211,Day_1,Dark,Intermediate,2.5mm,Experiment_2
2025-10-23T01:20:22.486Z,36,763,1462,262,978,1698,3466,3039,10288,4018,4664,15425,Day_1,Dark,Intermediate,2.5mm,Experiment_2
2025-10-23T01:20:22.526Z,43,767,1467,267,984,1706,3476,3072,10337,4040,4730,15588,Day_1,Dark,Intermediate,2.5mm,Experiment_2
2025-10-23T01:20:22.566Z,46,776,1472,268,995,1712,3493,3093,10349,4052,4757,15644,Day_1,Dark,Intermediate,2.5mm,Experiment_2
2025-10-23T01:20:22.606Z,46,780,1476,267,1001,1716,3504,3096,10341,4060,4758,15646,Day_1,Dark,Intermediate,2.5mm,Experiment_2
2025-10-23T01:20:22.646Z,48,777,1478,267,998,1717,3508,3097,10354,4073,4774,15700,Day_1,Dark,Intermediate,2.5mm,Experiment_2
2025-10-23T01:20:22.686Z,47,776,1478,268,996,1718,3517,3107,10396,4096,4817,15816,Day_1,Dark,Intermediate,2.5mm,Experiment_2
2025-10-23T01:20:22.725Z,41,784,1476,264,1003,1717,3529,3116,10431,4113,4854,15902,Day_1,Dark,Intermediate,2.5mm,Experiment_2
2025-10-23T01:20:22.765Z,32,792,1474,258,1009,1714,3533,3114,10442,4119,4864,15925,Day_1,Dark,Intermediate,2.5mm,Experiment_2
2025-10-23T01:20:22.805Z,24,787,1470,254,1003,1710,3524,3108,10439,4115,4856,15904,Day_1,Dark,Intermediate,2.5mm,Experiment_2
2025-10-23T01:20:22.845Z,20,772,1468,250,989,1704,3501,3109,10411,4095,4834,15805,Day_1,Dark,Intermediate,2.5mm,Experiment_2
2025-10-23T01:20:22.885Z,17,764,1471,246,982,1701,3469,3105,10326,4051,4790,15561,Day_1,Dark,Intermediate,2.5mm,Experiment_2
2025-10-23T01:20:22.925Z,16,766,1472,241,980,1698,3445,3083,10203,3992,4730,15212,Day_1,Dark,Intermediate,2.5mm,Experiment_2
2025-10-23T01:20:22.965Z,17,768,1468,238,976,1692,3445,3057,10129,3954,4680,14974,Day_1,Dark,Intermediate,2.5mm,Experiment_2
2025-10-23T01:20:23.005Z,19,761,1461,239,967,1685,3462,3051,10164,3963,4660,15016,Day_1,Dark,Intermediate,2.5mm,Experiment_2
2025-10-23T01:20:23.045Z,21,753,1455,244,964,1683,3483,3065,10258,4005,4678,15247,Day_1,Dark,Intermediate,2.5mm,Experiment_2
2025-10-23T01:20:23.085Z,22,757,1454,247,971,1684,3501,3082,10338,4047,4712,15475,Day_1,Dark,Intermediate,2.5mm,Experiment_2
2025-10-23T01:20:23.125Z,22,771,1454,248,982,1686,3505,3086,10377,4067,4735,15599,Day_1,Dark,Intermediate,2.5mm,Experiment_2
2025-10-23T01:20:23.165Z,23,781,1454,249,988,1689,3493,3082,10383,4064,4744,15629,Day_1,Dark,Intermediate,2.5mm,Experiment_2
2025-10-23T01:20:23.205Z,24,781,1458,250,991,1695,3480,3087,10383,4058,4761,15645,Day_1,Dark,Intermediate,2.5mm,Experiment_2
2025-10-23T01:20:23.245Z,27,780,1468,254,997,1708,3477,3103,10399,4067,4796,15717,Day_1,Dark,Intermediate,2.5mm,Experiment_2
2025-10-23T01:20:23.285Z,30,788,1481,256,1008,1721,3479,3122,10425,4087,4839,15827,Day_1,Dark,Intermediate,2.5mm,Experiment_2
2025-10-23T01:20:23.325Z,30,797,1488,252,1017,1728,3481,3139,10448,4106,4872,15914,Day_1,Dark,Intermediate,2.5mm,Experiment_2
2025-10-23T01:20:23.365Z,25,797,1487,246,1014,1729,3484,3137,10463,4115,4883,15952,Day_1,Dark,Intermediate,2.5mm,Experiment_2
2025-10-23T01:20:23.405Z,20,787,1481,242,1002,1724,3491,3118,10457,4109,4869,15925,Day_1,Dark,Intermediate,2.5mm,Experiment_2
2025-10-23T01:20:23.446Z,18,774,1473,242,985,1713,3493,3095,10412,4085,4819,15787,Day_1,Dark,Intermediate,2.5mm,Experiment_2
2025-10-23T01:20:23.486Z,18,761,1467,241,969,1699,3487,3070,10327,4043,4721,15522,Day_1,Dark,Intermediate,2.5mm,Experiment_2
2025-10-23T01:20:23.526Z,21,753,1464,240,963,1689,3482,3048,10239,4008,4602,15271,Day_1,Dark,Intermediate,2.5mm,Experiment_2
2025-10-23T01:20:23.566Z,31,754,1465,247,972,1690,3489,3047,10213,4009,4528,15232,Day_1,Dark,Intermediate,2.5mm,Experiment_2
2025-10-23T01:20:23.606Z,41,759,1465,259,985,1694,3509,3063,10259,4037,4547,15390,Day_1,Dark,Intermediate,2.5mm,Experiment_2
2025-10-23T01:20:23.646Z,46,759,1465,267,987,1696,3523,3080,10334,4063,4643,15576,Day_1,Dark,Intermediate,2.5mm,Experiment_2
2025-10-23T01:20:23.686Z,46,759,1469,269,984,1698,3518,3093,10384,4073,4741,15682,Day_1,Dark,Intermediate,2.5mm,Experiment_2
2025-10-23T01:20:23.726Z,44,763,1472,267,985,1701,3502,3099,10397,4071,4785,15707,Day_1,Dark,Intermediate,2.5mm,Experiment_2
2025-10-23T01:20:23.766Z,38,768,1470,263,990,1701,3493,3096,10398,4069,4795,15703,Day_1,Dark,Intermediate,2.5mm,Experiment_2
2025-10-23T01:20:23.805Z,29,772,1464,257,993,1700,3499,3096,10414,4076,4808,15735,Day_1,Dark,Intermediate,2.5mm,Experiment_2
2025-10-23T01:20:23.845Z,25,776,1461,253,996,1701,3512,3101,10439,4088,4834,15814,Day_1,Dark,Intermediate,2.5mm,Experiment_2
2025-10-23T01:20:23.885Z,25,775,1467,252,995,1707,3522,3105,10457,4097,4856,15895,Day_1,Dark,Intermediate,2.5mm,Experiment_2
2025-10-23T01:20:23.925Z,24,769,1481,251,992,1719,3525,3107,10465,4104,4868,15938,Day_1,Dark,Intermediate,2.5mm,Experiment_2
2025-10-23T01:20:23.965Z,23,768,1489,251,989,1729,3524,3104,10462,4106,4864,15925,Day_1,Dark,Intermediate,2.5mm,Experiment_2
2025-10-23T01:20:24.005Z,24,770,1487,251,989,1728,3525,3090,10427,4093,4819,15809,Day_1,Dark,Intermediate,2.5mm,Experiment_2
2025-10-23T01:20:24.045Z,23,770,1480,248,985,1716,3529,3066,10334,4057,4724,15534,Day_1,Dark,Intermediate,2.5mm,Experiment_2
2025-10-23T01:20:24.085Z,23,767,1470,246,979,1699,3523,3045,10214,4009,4611,15176,Day_1,Dark,Intermediate,2.5mm,Experiment_2
2025-10-23T01:20:24.125Z,26,770,1458,250,978,1682,3509,3040,10147,3979,4550,14971,Day_1,Dark,Intermediate,2.5mm,Experiment_2
2025-10-23T01:20:24.166Z,32,783,1449,258,986,1674,3503,3054,10170,3988,4578,15050,Day_1,Dark,Intermediate,2.5mm,Experiment_2
2025-10-23T01:20:24.206Z,35,795,1448,262,997,1677,3505,3081,10238,4021,4657,15286,Day_1,Dark,Intermediate,2.5mm,Experiment_2
2025-10-23T01:20:24.246Z,35,794,1453,260,1000,1687,3509,3102,10293,4050,4728,15495,Day_1,Dark,Intermediate,2.5mm,Experiment_2
2025-10-23T01:20:24.286Z,36,783,1462,258,998,1700,3519,3103,10320,4065,4760,15588,Day_1,Dark,Intermediate,2.5mm,Experiment_2
2025-10-23T01:20:24.326Z,39,773,1467,259,995,1709,3529,3098,10335,4070,4763,15608,Day_1,Dark,Intermediate,2.5mm,Experiment_2
2025-10-23T01:20:24.366Z,40,767,1467,263,990,1712,3526,3100,10367,4075,4773,15668,Day_1,Dark,Intermediate,2.5mm,Experiment_2
2025-10-23T01:20:24.406Z,42,762,1466,267,985,1714,3517,3106,10416,4088,4807,15797,Day_1,Dark,Intermediate,2.5mm,Experiment_2
2025-10-23T01:20:24.446Z,41,760,1468,268,984,1715,3517,3110,10452,4102,4844,15908,Day_1,Dark,Intermediate,2.5mm,Experiment_2
2025-10-23T01:20:24.486Z,35,765,1472,261,988,1714,3525,3114,10460,4107,4866,15951,Day_1,Dark,Intermediate,2.5mm,Experiment_2
2025-10-23T01:20:24.526Z,26,773,1473,252,994,1714,3535,3114,10445,4107,4868,15941,Day_1,Dark,Intermediate,2.5mm,Experiment_2
2025-10-23T01:20:24.566Z,16,774,1470,242,993,1712,3535,3103,10402,4096,4840,15861,Day_1,Dark,Intermediate,2.5mm,Experiment_2
2025-10-23T01:20:24.606Z,11,767,1464,235,983,1704,3515,3081,10318,4062,4770,15648,Day_1,Dark,Intermediate,2.5mm,Experiment_2
2025-10-23T01:20:24.646Z,11,763,1456,233,974,1691,3478,3066,10211,4005,4668,15321,Day_1,Dark,Intermediate,2.5mm,Experiment_2
2025-10-23T01:20:24.686Z,18,764,1450,236,971,1679,3445,3071,10147,3961,4592,15080,Day_1,Dark,Intermediate,2.5mm,Experiment_2
2025-10-23T01:20:24.726Z,27,765,1446,243,973,1677,3438,3088,10175,3965,4598,15100,Day_1,Dark,Intermediate,2.5mm,Experiment_2
2025-10-23T01:20:24.766Z,34,768,1450,250,980,1684,3454,3098,10258,4004,4660,15306,Day_1,Dark,Intermediate,2.5mm,Experiment_2
2025-10-23T01:20:24.806Z,36,776,1460,255,990,1697,3474,3103,10332,4043,4725,15515,Day_1,Dark,Intermediate,2.5mm,Experiment_2
2025-10-23T01:20:24.846Z,32,785,1468,255,998,1706,3488,3110,10368,4064,4764,15631,Day_1,Dark,Intermediate,2.5mm,Experiment_2
2025-10-23T01:20:24.886Z,27,793,1472,251,1003,1708,3496,3118,10370,4073,4779,15661,Day_1,Dark,Intermediate,2.5mm,Experiment_2
2025-10-23T01:20:24.926Z,27,797,1472,249,1006,1707,3498,3122,10361,4079,4783,15669,Day_1,Dark,Intermediate,2.5mm,Experiment_2
2025-10-23T01:20:24.966Z,31,791,1470,250,1004,1707,3496,3123,10371,4087,4794,15719,Day_1,Dark,Intermediate,2.5mm,Experiment_2
2025-10-23T01:20:25.006Z,35,779,1471,252,1000,1709,3494,3127,10403,4099,4821,15813,Day_1,Dark,Intermediate,2.5mm,Experiment_2
2025-10-23T01:20:25.046Z,39,774,1476,257,1001,1714,3494,3135,10439,4108,4850,15905,Day_1,Dark,Intermediate,2.5mm,Experiment_2
2025-10-23T01:20:25.086Z,43,775,1482,262,1005,1718,3494,3137,10457,4106,4866,15953,Day_1,Dark,Intermediate,2.5mm,Experiment_2
2025-10-23T01:20:25.126Z,41,779,1489,260,1007,1723,3495,3126,10442,4098,4861,15930,Day_1,Dark,Intermediate,2.5mm,Experiment_2
2025-10-23T01:20:25.166Z,37,783,1492,252,1004,1720,3497,3107,10392,4080,4822,15803,Day_1,Dark,Intermediate,2.5mm,Experiment_2
2025-10-23T01:20:25.206Z,36,785,1485,246,1000,1708,3492,3088,10311,4042,4740,15553,Day_1,Dark,Intermediate,2.5mm,Experiment_2
2025-10-23T01:20:25.246Z,39,787,1472,247,997,1695,3486,3076,10232,4002,4650,15291,Day_1,Dark,Intermediate,2.5mm,Experiment_2
2025-10-23T01:20:25.286Z,39,783,1463,246,993,1691,3487,3083,10217,3995,4619,15215,Day_1,Dark,Intermediate,2.5mm,Experiment_2
2025-10-23T01:20:25.326Z,32,778,1462,237,991,1697,3495,3095,10273,4020,4658,15351,Day_1,Dark,Intermediate,2.5mm,Experiment_2
2025-10-23T01:20:25.366Z,25,779,1465,230,996,1703,3500,3098,10343,4051,4722,15547,Day_1,Dark,Intermediate,2.5mm,Experiment_2
2025-10-23T01:20:25.406Z,23,783,1468,233,1002,1705,3498,3097,10386,4067,4769,15677,Day_1,Dark,Intermediate,2.5mm,Experiment_2
2025-10-23T01:20:25.446Z,23,780,1467,240,1002,1703,3490,3095,10396,4070,4786,15713,Day_1,Dark,Intermediate,2.5mm,Experiment_2
2025-10-23T01:20:25.486Z,22,775,1461,245,1000,1698,3482,3090,10388,4069,4785,15705,Day_1,Dark,Intermediate,2.5mm,Experiment_2
2025-10-23T01:20:25.526Z,24,774,1459,251,1001,1696,3480,3083,10394,4076,4794,15738,Day_1,Dark,Intermediate,2.5mm,Experiment_2
2025-10-23T01:20:25.566Z,31,777,1465,261,1006,1702,3482,3075,10427,4087,4816,15830,Day_1,Dark,Intermediate,2.5mm,Experiment_2
2025-10-23T01:20:25.606Z,38,784,1475,268,1014,1711,3486,3064,10462,4093,4829,15913,Day_1,Dark,Intermediate,2.5mm,Experiment_2
2025-10-23T01:20:25.646Z,37,792,1480,268,1020,1716,3495,3058,10471,4097,4832,15943,Day_1,Dark,Intermediate,2.5mm,Experiment_2
2025-10-23T01:20:25.686Z,31,796,1478,261,1019,1715,3511,3070,10449,4102,4833,15916,Day_1,Dark,Intermediate,2.5mm,Experiment_2
2025-10-23T01:20:25.726Z,28,795,1469,254,1013,1707,3525,3088,10399,4093,4814,15795,Day_1,Dark,Intermediate,2.5mm,Experiment_2
2025-10-23T01:20:25.766Z,32,793,1456,252,1007,1690,3524,3089,10311,4055,4740,15524,Day_1,Dark,Intermediate,2.5mm,Experiment_2
2025-10-23T01:20:25.806Z,37,792,1447,251,1003,1673,3498,3075,10198,3994,4627,15162,Day_1,Dark,Intermediate,2.5mm,Experiment_2
2025-10-23T01:20:25.846Z,43,791,1444,253,999,1667,3460,3065,10125,3949,4549,14930,Day_1,Dark,Intermediate,2.5mm,Experiment_2
2025-10-23T01:20:25.886Z,48,786,1449,260,993,1676,3443,3064,10141,3953,4557,14981,Day_1,Dark,Intermediate,2.5mm,Experiment_2
2025-10-23T01:20:25.926Z,51,780,1457,268,988,1693,3458,3065,10219,3993,4623,15217,Day_1,Dark,Intermediate,2.5mm,Experiment_2
2025-10-23T01:20:25.966Z,51,777,1465,272,990,1708,3484,3070,10298,4036,4693,15451,Day_1,Dark,Intermediate,2.5mm,Experiment_2
2025-10-23T01:20:26.006Z,49,781,1476,271,995,1717,3498,3079,10340,4060,4734,15574,Day_1,Dark,Intermediate,2.5mm,Experiment_2
2025-10-23T01:20:26.046Z,47,784,1483,268,995,1720,3495,3093,10350,4064,4746,15596,Day_1,Dark,Intermediate,2.5mm,Experiment_2
2025-10-23T01:20:26.086Z,44,784,1483,265,993,1720,3484,3118,10369,4061,4761,15624,Day_1,Dark,Intermediate,2.5mm,Experiment_2
2025-10-23T01:20:26.126Z,42,782,1478,263,993,1718,3479,3134,10416,4067,4798,15731,Day_1,Dark,Intermediate,2.5mm,Experiment_2
2025-10-23T01:20:26.166Z,37,783,1473,256,997,1716,3489,3128,10462,4082,4838,15862,Day_1,Dark,Intermediate,2.5mm,Experiment_2
2025-10-23T01:20:26.206Z,30,784,1472,247,999,1717,3519,3108,10483,4101,4859,15940,Day_1,Dark,Intermediate,2.5mm,Experiment_2
2025-10-23T01:20:26.246Z,30,779,1477,244,996,1720,3552,3091,10477,4117,4858,15951,Day_1,Dark,Intermediate,2.5mm,Experiment_2
2025-10-23T01:20:26.286Z,39,774,1481,253,992,1721,3561,3083,10449,4120,4839,15892,Day_1,Dark,Intermediate,2.5mm,Experiment_2
2025-10-23T01:20:26.326Z,51,775,1475,267,990,1713,3536,3077,10390,4094,4789,15718,Day_1,Dark,Intermediate,2.5mm,Experiment_2
2025-10-23T01:20:26.366Z,54,779,1462,270,987,1698,3497,3059,10296,4041,4699,15430,Day_1,Dark,Intermediate,2.5mm,Experiment_2
2025-10-23T01:20:26.406Z,45,780,1454,261,984,1688,3476,3036,10218,3996,4617,15192,Day_1,Dark,Intermediate,2.5mm,Experiment_2
2025-10-23T01:20:26.446Z,35,780,1457,253,983,1691,3479,3033,10219,3994,4609,15188,Day_1,Dark,Intermediate,2.5mm,Experiment_2
2025-10-23T01:20:26.486Z,33,786,1466,254,990,1701,3488,3052,10282,4017,4666,15370,Day_1,Dark,Intermediate,2.5mm,Experiment_2
2025-10-23T01:20:26.526Z,39,799,1469,258,1004,1707,3489,3078,10343,4038,4733,15559,Day_1,Dark,Intermediate,2.5mm,Experiment_2
2025-10-23T01:20:26.566Z,46,806,1468,264,1013,1710,3492,3095,10369,4049,4774,15663,Day_1,Dark,Intermediate,2.5mm,Experiment_2
2025-10-23T01:20:26.606Z,47,803,1466,266,1013,1712,3499,3094,10374,4057,4786,15695,Day_1,Dark,Intermediate,2.5mm,Experiment_2
2025-10-23T01:20:26.646Z,39,799,1463,261,1012,1710,3499,3083,10383,4060,4782,15709,Day_1,Dark,Intermediate,2.5mm,Experiment_2
2025-10-23T01:20:26.687Z,27,798,1456,252,1010,1704,3487,3084,10401,4062,4785,15752,Day_1,Dark,Intermediate,2.5mm,Experiment_2
2025-10-23T01:20:26.727Z,20,793,1451,246,1003,1702,3473,3107,10423,4072,4813,15829,Day_1,Dark,Intermediate,2.5mm,Experiment_2
2025-10-23T01:20:26.767Z,19,786,1453,245,997,1707,3469,3132,10443,4087,4847,15905,Day_1,Dark,Intermediate,2.5mm,Experiment_2
2025-10-23T01:20:26.807Z,20,783,1459,247,996,1714,3477,3140,10455,4100,4866,15945,Day_1,Dark,Intermediate,2.5mm,Experiment_2
2025-10-23T01:20:26.847Z,23,781,1469,250,996,1718,3495,3130,10457,4107,4863,15929,Day_1,Dark,Intermediate,2.5mm,Experiment_2
2025-10-23T01:20:26.887Z,27,774,1477,254,988,1718,3506,3110,10431,4097,4825,15812,Day_1,Dark,Intermediate,2.5mm,Experiment_2
2025-10-23T01:20:26.927Z,33,768,1478,256,977,1711,3497,3086,10350,4054,4742,15547,Day_1,Dark,Intermediate,2.5mm,Experiment_2
2025-10-23T01:20:26.967Z,36,770,1474,255,974,1702,3480,3062,10236,3992,4637,15223,Day_1,Dark,Intermediate,2.5mm,Experiment_2
2025-10-23T01:20:27.007Z,37,776,1473,254,980,1700,3473,3037,10174,3960,4576,15069,Day_1,Dark,Intermediate,2.5mm,Experiment_2
2025-10-23T01:20:27.046Z,36,782,1477,254,989,1705,3481,3024,10201,3981,4596,15173,Day_1,Dark,Intermediate,2.5mm,Experiment_2
2025-10-23T01:20:27.086Z,32,788,1478,254,999,1709,3495,3033,10266,4025,4666,15393,Day_1,Dark,Intermediate,2.5mm,Experiment_2
2025-10-23T01:20:27.126Z,26,792,1474,252,1005,1709,3501,3047,10320,4056,4723,15565,Day_1,Dark,Intermediate,2.5mm,Experiment_2
2025-10-23T01:20:27.166Z,17,790,1469,246,1001,1706,3494,3057,10348,4064,4743,15626,Day_1,Dark,Intermediate,2.5mm,Experiment_2
2025-10-23T01:20:27.206Z,11,782,1464,239,991,1704,3484,3071,10359,4063,4749,15634,Day_1,Dark,Intermediate,2.5mm,Experiment_2
2025-10-23T01:20:27.246Z,10,773,1461,238,983,1702,3479,3090,10378,4071,4779,15699,Day_1,Dark,Intermediate,2.5mm,Experiment_2
2025-10-23T01:20:27.286Z,13,772,1460,241,985,1702,3481,3100,10415,4087,4825,15833,Day_1,Dark,Intermediate,2.5mm,Experiment_2
2025-10-23T01:20:27.326Z,14,778,1462,243,995,1705,3487,3096,10453,4100,4853,15937,Day_1,Dark,Intermediate,2.5mm,Experiment_2
2025-10-23T01:20:27.366Z,13,785,1463,243,1005,1703,3501,3088,10473,4108,4859,15967,Day_1,Dark,Intermediate,2.5mm,Experiment_2
2025-10-23T01:20:27.406Z,16,787,1464,244,1011,1700,3516,3086,10468,4111,4857,15944,Day_1,Dark,Intermediate,2.5mm,Experiment_2
2025-10-23T01:20:27.446Z,23,786,1468,250,1010,1700,3518,3081,10434,4100,4834,15849,Day_1,Dark,Intermediate,2.5mm,Experiment_2
2025-10-23T01:20:27.486Z,29,781,1470,254,1001,1697,3506,3060,10353,4062,4758,15621,Day_1,Dark,Intermediate,2.5mm,Experiment_2
2025-10-23T01:20:27.526Z,26,779,1464,249,990,1686,3485,3033,10233,4004,4642,15282,Day_1,Dark,Intermediate,2.5mm,Experiment_2
2025-10-23T01:20:27.566Z,20,780,1456,242,986,1675,3462,3028,10151,3960,4561,15034,Day_1,Dark,Intermediate,2.5mm,Experiment_2
2025-10-23T01:20:27.606Z,19,785,1454,239,992,1677,3449,3049,10172,3965,4576,15058,Day_1,Dark,Intermediate,2.5mm,Experiment_2
2025-10-23T01:20:27.646Z,20,793,1456,241,1003,1684,3453,3075,10263,4005,4655,15277,Day_1,Dark,Intermediate,2.5mm,Experiment_2
2025-10-23T01:20:27.686Z,23,796,1456,244,1010,1688,3468,3090,10347,4046,4726,15503,Day_1,Dark,Intermediate,2.5mm,Experiment_2
2025-10-23T01:20:27.726Z,27,788,1458,247,1005,1691,3483,3092,10386,4068,4760,15631,Day_1,Dark,Intermediate,2.5mm,Experiment_2
2025-10-23T01:20:27.767Z,31,774,1464,249,993,1697,3492,3087,10384,4073,4767,15664,Day_1,Dark,Intermediate,2.5mm,Experiment_2
2025-10-23T01:20:27.807Z,33,766,1472,250,984,1705,3498,3085,10371,4072,4773,15672,Day_1,Dark,Intermediate,2.5mm,Experiment_2
2025-10-23T01:20:27.847Z,34,761,1474,252,981,1709,3508,3094,10375,4076,4794,15723,Day_1,Dark,Intermediate,2.5mm,Experiment_2
2025-10-23T01:20:27.887Z,34,762,1473,256,983,1709,3530,3108,10397,4089,4825,15816,Day_1,Dark,Intermediate,2.5mm,Experiment_2
2025-10-23T01:20:27.927Z,36,768,1473,260,992,1707,3555,3118,10421,4106,4852,15901,Day_1,Dark,Intermediate,2.5mm,Experiment_2
2025-10-23T01:20:27.967Z,37,778,1470,259,1002,1703,3561,3122,10432,4115,4866,15942,Day_1,Dark,Intermediate,2.5mm,Experiment_2
2025-10-23T01:20:28.007Z,37,788,1467,257,1008,1700,3548,3124,10426,4111,4862,15922,Day_1,Dark,Intermediate,2.5mm,Experiment_2
2025-10-23T01:20:28.047Z,36,794,1465,256,1009,1695,3522,3119,10385,4089,4825,15798,Day_1,Dark,Intermediate,2.5mm,Experiment_2
2025-10-23T01:20:28.087Z,35,795,1462,256,1004,1688,3484,3103,10300,4045,4746,15543,Day_1,Dark,Intermediate,2.5mm,Experiment_2
2025-10-23T01:20:28.127Z,31,789,1456,254,997,1682,3442,3086,10218,4001,4661,15280,Day_1,Dark,Intermediate,2.5mm,Experiment_2
2025-10-23T01:20:28.167Z,25,777,1449,251,992,1679,3416,3085,10206,3993,4633,15215,Day_1,Dark,Intermediate,2.5mm,Experiment_2
2025-10-23T01:20:28.207Z,20,768,1445,248,991,1682,3419,3093,10264,4021,4669,15365,Day_1,Dark,Intermediate,2.5mm,Experiment_2
2025-10-23T01:20:28.247Z,18,765,1446,245,991,1688,3439,3090,10334,4047,4718,15561,Day_1,Dark,Intermediate,2.5mm,Experiment_2
2025-10-23T01:20:28.287Z,17,764,1452,243,990,1695,3453,3071,10373,4054,4744,15678,Day_1,Dark,Intermediate,2.5mm,Experiment_2
2025-10-23T01:20:28.327Z,16,768,1461,243,992,1700,3457,3056,10381,4050,4749,15705,Day_1,Dark,Intermediate,2.5mm,Experiment_2
2025-10-23T01:20:28.367Z,17,780,1470,245,999,1705,3460,3061,10380,4046,4754,15698,Day_1,Dark,Intermediate,2.5mm,Experiment_2
2025-10-23T01:20:28.407Z,21,789,1473,251,1005,1708,3471,3087,10389,4054,4778,15731,Day_1,Dark,Intermediate,2.5mm,Experiment_2
2025-10-23T01:20:28.447Z,24,786,1472,256,1004,1708,3497,3113,10406,4079,4819,15817,Day_1,Dark,Intermediate,2.5mm,Experiment_2
2025-10-23T01:20:28.487Z,23,776,1470,257,997,1710,3520,3118,10421,4106,4850,15895,Day_1,Dark,Intermediate,2.5mm,Experiment_2
2025-10-23T01:20:28.527Z,23,771,1473,257,994,1714,3520,3108,10436,4115,4860,15927,Day_1,Dark,Intermediate,2.5mm,Experiment_2
2025-10-23T01:20:28.567Z,26,773,1479,256,998,1720,3504,3099,10441,4108,4852,15904,Day_1,Dark,Intermediate,2.5mm,Experiment_2
2025-10-23T01:20:28.607Z,27,778,1481,252,1001,1720,3487,3090,10406,4083,4815,15782,Day_1,Dark,Intermediate,2.5mm,Experiment_2
2025-10-23T01:20:28.647Z,26,777,1476,246,995,1710,3475,3076,10312,4035,4730,15511,Day_1,Dark,Intermediate,2.5mm,Experiment_2
2025-10-23T01:20:28.687Z,26,772,1468,245,984,1695,3466,3061,10185,3976,4614,15155,Day_1,Dark,Intermediate,2.5mm,Experiment_2
2025-10-23T01:20:28.727Z,27,768,1462,247,978,1685,3459,3050,10104,3944,4535,14931,Day_1,Dark,Intermediate,2.5mm,Experiment_2
2025-10-23T01:20:28.767Z,28,772,1460,248,982,1687,3462,3051,10117,3959,4545,14985,Day_1,Dark,Intermediate,2.5mm,Experiment_2
2025-10-23T01:20:28.807Z,30,783,1461,249,994,1693,3475,3068,10194,4003,4620,15216,Day_1,Dark,Intermediate,2.5mm,Experiment_2
2025-10-23T01:20:28.847Z,31,793,1464,250,1006,1697,3487,3088,10272,4041,4701,15444,Day_1,Dark,Intermediate,2.5mm,Experiment_2
2025-10-23T01:20:28.887Z,35,798,1467,252,1013,1696,3492,3091,10310,4060,4744,15565,Day_1,Dark,Intermediate,2.5mm,Experiment_2
2025-10-23T01:20:28.927Z,42,799,1469,258,1013,1694,3500,3078,10317,4067,4748,15591,Day_1,Dark,Intermediate,2.5mm,Experiment_2
2025-10-23T01:20:28.967Z,49,799,1473,265,1012,1698,3518,3066,10337,4080,4748,15625,Day_1,Dark,Intermediate,2.5mm,Experiment_2
2025-10-23T01:20:29.007Z,50,800,1477,268,1013,1707,3546,3065,10389,4105,4769,15737,Day_1,Dark,Intermediate,2.5mm,Experiment_2
2025-10-23T01:20:29.047Z,45,800,1476,264,1014,1715,3564,3074,10444,4128,4802,15870,Day_1,Dark,Intermediate,2.5mm,Experiment_2
2025-10-23T01:20:29.087Z,37,800,1476,257,1015,1720,3561,3090,10468,4134,4830,15946,Day_1,Dark,Intermediate,2.5mm,Experiment_2
2025-10-23T01:20:29.127Z,32,798,1477,252,1013,1723,3539,3105,10461,4126,4844,15950,Day_1,Dark,Intermediate,2.5mm,Experiment_2
2025-10-23T01:20:29.167Z,29,792,1478,250,1006,1720,3512,3103,10437,4109,4834,15883,Day_1,Dark,Intermediate,2.5mm,Experiment_2
2025-10-23T01:20:29.207Z,29,785,1474,247,998,1710,3486,3087,10384,4075,4783,15704,Day_1,Dark,Intermediate,2.5mm,Experiment_2
2025-10-23T01:20:29.247Z,27,778,1472,243,990,1700,3468,3071,10292,4025,4696,15412,Day_1,Dark,Intermediate,2.5mm,Experiment_2
2025-10-23T01:20:29.287Z,23,768,1476,240,981,1696,3463,3063,10209,3988,4619,15173,Day_1,Dark,Intermediate,2.5mm,Experiment_2
2025-10-23T01:20:29.327Z,19,763,1479,240,977,1700,3471,3069,10203,3993,4613,15173,Day_1,Dark,Intermediate,2.5mm,Experiment_2
2025-10-23T01:20:29.367Z,22,767,1480,244,983,1708,3494,3082,10262,4031,4669,15359,Day_1,Dark,Intermediate,2.5mm,Experiment_2
2025-10-23T01:20:29.407Z,29,772,1483,250,992,1717,3520,3089,10328,4070,4732,15552,Day_1,Dark,Intermediate,2.5mm,Experiment_2
2025-10-23T01:20:29.447Z,34,774,1487,254,996,1722,3525,3092,10373,4089,4770,15661,Day_1,Dark,Intermediate,2.5mm,Experiment_2
2025-10-23T01:20:29.487Z,31,773,1489,253,995,1723,3510,3093,10392,4089,4784,15696,Day_1,Dark,Intermediate,2.5mm,Experiment_2
2025-10-23T01:20:29.527Z,23,768,1486,247,987,1721,3502,3090,10398,4086,4787,15705,Day_1,Dark,Intermediate,2.5mm,Experiment_2
2025-10-23T01:20:29.567Z,18,760,1480,243,978,1719,3511,3095,10409,4090,4797,15741,Day_1,Dark,Intermediate,2.5mm,Experiment_2
2025-10-23T01:20:29.607Z,16,755,1474,240,973,1718,3520,3103,10425,4096,4819,15815,Day_1,Dark,Intermediate,2.5mm,Experiment_2
2025-10-23T01:20:29.647Z,16,756,1471,239,975,1716,3518,3101,10445,4100,4841,15892,Day_1,Dark,Intermediate,2.5mm,Experiment_2
2025-10-23T01:20:29.687Z,16,762,1469,237,982,1711,3510,3096,10466,4103,4854,15939,Day_1,Dark,Intermediate,2.5mm,Experiment_2
2025-10-23T01:20:29.727Z,13,766,1463,231,986,1704,3506,3097,10473,4100,4851,15931,Day_1,Dark,Intermediate,2.5mm,Experiment_2
2025-10-23T01:20:29.767Z,9,767,1457,226,985,1699,3505,3092,10431,4081,4817,15820,Day_1,Dark,Intermediate,2.5mm,Experiment_2
2025-10-23T01:20:29.807Z,11,768,1457,228,982,1697,3495,3073,10322,4037,4731,15558,Day_1,Dark,Intermediate,2.5mm,Experiment_2
2025-10-23T01:20:29.847Z,17,775,1464,237,983,1696,3471,3058,10195,3986,4624,15238,Day_1,Dark,Intermediate,2.5mm,Experiment_2
2025-10-23T01:20:29.887Z,26,791,1474,247,994,1699,3454,3054,10139,3966,4570,15085,Day_1,Dark,Intermediate,2.5mm,Experiment_2
2025-10-23T01:20:29.927Z,39,803,1482,258,1006,1706,3456,3050,10179,3988,4596,15187,Day_1,Dark,Intermediate,2.5mm,Experiment_2
2025-10-23T01:20:29.967Z,48,806,1482,269,1013,1710,3467,3051,10263,4024,4666,15409,Day_1,Dark,Intermediate,2.5mm,Experiment_2
2025-10-23T01:20:30.007Z,48,803,1474,274,1013,1708,3473,3066,10336,4046,4729,15583,Day_1,Dark,Intermediate,2.5mm,Experiment_2
2025-10-23T01:20:30.047Z,43,798,1469,273,1009,1704,3470,3084,10368,4048,4758,15645,Day_1,Dark,Intermediate,2.5mm,Experiment_2
2025-10-23T01:20:30.087Z,41,794,1472,269,1002,1706,3464,3095,10370,4045,4769,15651,Day_1,Dark,Intermediate,2.5mm,Experiment_2
2025-10-23T01:20:30.127Z,43,788,1478,266,998,1714,3474,3105,10386,4062,4797,15713,Day_1,Dark,Intermediate,2.5mm,Experiment_2
2025-10-23T01:20:30.167Z,43,783,1484,262,998,1724,3501,3116,10429,4096,4841,15839,Day_1,Dark,Intermediate,2.5mm,Experiment_2
2025-10-23T01:20:30.207Z,38,783,1490,257,1002,1732,3522,3119,10467,4121,4869,15931,Day_1,Dark,Intermediate,2.5mm,Experiment_2
2025-10-23T01:20:30.247Z,31,786,1492,252,1005,1734,3519,3114,10477,4121,4870,15952,Day_1,Dark,Intermediate,2.5mm,Experiment_2
2025-10-23T01:20:30.287Z,26,786,1488,246,1002,1728,3505,3108,10467,4110,4857,15927,Day_1,Dark,Intermediate,2.5mm,Experiment_2
2025-10-23T01:20:30.327Z,26,782,1482,244,992,1717,3496,3104,10438,4094,4825,15831,Day_1,Dark,Intermediate,2.5mm,Experiment_2
2025-10-23T01:20:30.367Z,30,774,1477,246,980,1703,3495,3091,10364,4064,4754,15596,Day_1,Dark,Intermediate,2.5mm,Experiment_2
2025-10-23T01:20:30.407Z,29,763,1474,246,969,1691,3498,3069,10239,4016,4645,15245,Day_1,Dark,Intermediate,2.5mm,Experiment_2
2025-10-23T01:20:30.447Z,25,757,1469,241,964,1685,3499,3047,10131,3978,4562,14983,Day_1,Dark,Intermediate,2.5mm,Experiment_2
2025-10-23T01:20:30.487Z,23,760,1468,236,971,1688,3492,3042,10121,3977,4565,15000,Day_1,Dark,Intermediate,2.5mm,Experiment_2
2025-10-23T01:20:30.527Z,23,771,1473,238,986,1698,3486,3055,10194,4005,4635,15224,Day_1,Dark,Intermediate,2.5mm,Experiment_2
2025-10-23T01:20:30.567Z,24,779,1480,241,998,1708,3483,3078,10284,4034,4711,15461,Day_1,Dark,Intermediate,2.5mm,Experiment_2
2025-10-23T01:20:30.607Z,27,778,1478,247,999,1708,3479,3091,10344,4048,4754,15595,Day_1,Dark,Intermediate,2.5mm,Experiment_2
2025-10-23T01:20:30.647Z,32,778,1472,252,999,1704,3469,3085,10365,4047,4758,15630,Day_1,Dark,Intermediate,2.5mm,Experiment_2
2025-10-23T01:20:30.687Z,33,782,1470,253,1002,1705,3465,3082,10375,4046,4758,15647,Day_1,Dark,Intermediate,2.5mm,Experiment_2
2025-10-23T01:20:30.727Z,27,785,1473,249,1001,1710,3475,3094,10403,4058,4784,15720,Day_1,Dark,Intermediate,2.5mm,Experiment_2
2025-10-23T01:20:30.767Z,22,786,1473,249,998,1710,3488,3104,10444,4076,4825,15834,Day_1,Dark,Intermediate,2.5mm,Experiment_2
2025-10-23T01:20:30.807Z,22,784,1470,251,995,1706,3493,3100,10472,4087,4854,15922,Day_1,Dark,Intermediate,2.5mm,Experiment_2
2025-10-23T01:20:30.847Z,23,772,1470,252,985,1705,3493,3093,10479,4095,4863,15955,Day_1,Dark,Intermediate,2.5mm,Experiment_2
2025-10-23T01:20:30.887Z,25,751,1470,253,975,1706,3495,3090,10463,4097,4857,15926,Day_1,Dark,Intermediate,2.5mm,Experiment_2
2025-10-23T01:20:30.927Z,33,734,1470,256,975,1706,3489,3087,10413,4081,4820,15795,Day_1,Dark,Intermediate,2.5mm,Experiment_2
2025-10-23T01:20:30.967Z,41,734,1470,260,983,1704,3475,3077,10319,4039,4739,15533,Day_1,Dark,Intermediate,2.5mm,Experiment_2
2025-10-23T01:20:31.008Z,43,749,1470,258,989,1703,3464,3058,10222,3996,4651,15270,Day_1,Dark,Intermediate,2.5mm,Experiment_2
2025-10-23T01:20:31.048Z,40,763,1471,253,992,1707,3475,3046,10188,3988,4627,15208,Day_1,Dark,Intermediate,2.5mm,Experiment_2
2025-10-23T01:20:31.088Z,40,769,1476,254,993,1714,3499,3051,10221,4016,4675,15351,Day_1,Dark,Intermediate,2.5mm,Experiment_2
2025-10-23T01:20:31.128Z,45,770,1478,260,991,1718,3516,3071,10279,4050,4741,15537,Day_1,Dark,Intermediate,2.5mm,Experiment_2
2025-10-23T01:20:31.168Z,48,769,1476,264,987,1713,3521,3093,10330,4069,4780,15653,Day_1,Dark,Intermediate,2.5mm,Experiment_2
2025-10-23T01:20:31.208Z,45,767,1470,263,985,1703,3522,3103,10361,4075,4784,15688,Day_1,Dark,Intermediate,2.5mm,Experiment_2
2025-10-23T01:20:31.248Z,39,768,1463,258,985,1694,3524,3098,10380,4076,4776,15694,Day_1,Dark,Intermediate,2.5mm,Experiment_2
2025-10-23T01:20:31.288Z,35,766,1464,253,984,1696,3523,3091,10409,4083,4782,15737,Day_1,Dark,Intermediate,2.5mm,Experiment_2
2025-10-23T01:20:31.328Z,33,761,1475,249,982,1710,3515,3097,10448,4095,4811,15826,Day_1,Dark,Intermediate,2.5mm,Experiment_2
2025-10-23T01:20:31.367Z,33,762,1486,247,985,1720,3503,3107,10468,4102,4840,15904,Day_1,Dark,Intermediate,2.5mm,Experiment_2
2025-10-23T01:20:31.407Z,36,772,1491,250,993,1723,3505,3105,10457,4105,4850,15934,Day_1,Dark,Intermediate,2.5mm,Experiment_2
2025-10-23T01:20:31.447Z,43,783,1492,260,1002,1723,3521,3096,10424,4107,4840,15908,Day_1,Dark,Intermediate,2.5mm,Experiment_2
2025-10-23T01:20:31.487Z,48,786,1491,266,1004,1720,3531,3089,10366,4092,4800,15782,Day_1,Dark,Intermediate,2.5mm,Experiment_2
2025-10-23T01:20:31.527Z,44,779,1480,261,995,1704,3522,3083,10276,4046,4719,15510,Day_1,Dark,Intermediate,2.5mm,Experiment_2
2025-10-23T01:20:31.567Z,32,771,1463,249,981,1681,3496,3071,10169,3983,4612,15158,Day_1,Dark,Intermediate,2.5mm,Experiment_2
2025-10-23T01:20:31.607Z,21,768,1452,243,971,1669,3472,3063,10108,3946,4544,14946,Day_1,Dark,Intermediate,2.5mm,Experiment_2
2025-10-23T01:20:31.647Z,20,767,1453,246,970,1674,3468,3067,10143,3960,4562,15015,Day_1,Dark,Intermediate,2.5mm,Experiment_2
2025-10-23T01:20:31.687Z,25,770,1462,252,978,1687,3477,3079,10241,4001,4636,15258,Day_1,Dark,Intermediate,2.5mm,Experiment_2
2025-10-23T01:20:31.727Z,29,776,1471,256,988,1698,3486,3095,10326,4036,4709,15486,Day_1,Dark,Intermediate,2.5mm,Experiment_2
2025-10-23T01:20:31.767Z,31,780,1473,257,992,1703,3497,3109,10351,4055,4746,15590,Day_1,Dark,Intermediate,2.5mm,Experiment_2
2025-10-23T01:20:31.807Z,30,778,1470,255,991,1704,3510,3113,10333,4064,4754,15595,Day_1,Dark,Intermediate,2.5mm,Experiment_2
2025-10-23T01:20:31.847Z,25,778,1466,249,995,1708,3523,3102,10331,4076,4764,15627,Day_1,Dark,Intermediate,2.5mm,Experiment_2
2025-10-23T01:20:31.887Z,19,780,1465,245,1002,1712,3534,3091,10371,4095,4796,15741,Day_1,Dark,Intermediate,2.5mm,Experiment_2
2025-10-23T01:20:31.927Z,17,778,1464,245,1004,1712,3545,3097,10421,4115,4835,15863,Day_1,Dark,Intermediate,2.5mm,Experiment_2
2025-10-23T01:20:31.967Z,22,771,1464,251,998,1712,3554,3117,10449,4124,4861,15922,Day_1,Dark,Intermediate,2.5mm,Experiment_2
2025-10-23T01:20:32.007Z,31,768,1465,260,995,1714,3549,3128,10458,4116,4867,15924,Day_1,Dark,Intermediate,2.5mm,Experiment_2
2025-10-23T01:20:32.047Z,34,773,1468,262,997,1714,3527,3124,10446,4092,4848,15862,Day_1,Dark,Intermediate,2.5mm,Experiment_2
2025-10-23T01:20:32.088Z,30,782,1467,255,1002,1708,3501,3116,10392,4055,4790,15678,Day_1,Dark,Intermediate,2.5mm,Experiment_2
2025-10-23T01:20:32.128Z,28,783,1462,250,1000,1697,3486,3102,10292,4010,4694,15378,Day_1,Dark,Intermediate,2.5mm,Experiment_2
2025-10-23T01:20:32.168Z,29,776,1459,252,990,1691,3482,3082,10201,3980,4613,15140,Day_1,Dark,Intermediate,2.5mm,Experiment_2
2025-10-23T01:20:32.208Z,28,771,1464,255,985,1698,3480,3071,10186,3989,4609,15146,Day_1,Dark,Intermediate,2.5mm,Experiment_2
2025-10-23T01:20:32.248Z,26,779,1471,256,993,1709,3478,3076,10243,4021,4666,15341,Day_1,Dark,Intermediate,2.5mm,Experiment_2
2025-10-23T01:20:32.288Z,28,789,1474,258,1002,1713,3475,3081,10318,4045,4723,15544,Day_1,Dark,Intermediate,2.5mm,Experiment_2
2025-10-23T01:20:32.328Z,33,786,1476,261,998,1713,3477,3077,10374,4055,4751,15658,Day_1,Dark,Intermediate,2.5mm,Experiment_2
2025-10-23T01:20:32.368Z,37,772,1481,263,987,1714,3484,3068,10396,4060,4760,15691,Day_1,Dark,Intermediate,2.5mm,Experiment_2
2025-10-23T01:20:32.408Z,39,758,1485,263,978,1715,3490,3064,10398,4065,4768,15699,Day_1,Dark,Intermediate,2.5mm,Experiment_2
2025-10-23T01:20:32.448Z,41,753,1485,262,975,1716,3496,3073,10404,4078,4789,15732,Day_1,Dark,Intermediate,2.5mm,Experiment_2
2025-10-23T01:20:32.488Z,41,758,1485,262,979,1717,3509,3087,10424,4098,4815,15804,Day_1,Dark,Intermediate,2.5mm,Experiment_2
2025-10-23T01:20:32.528Z,39,769,1485,259,987,1717,3525,3094,10443,4115,4835,15880,Day_1,Dark,Intermediate,2.5mm,Experiment_2
2025-10-23T01:20:32.568Z,33,774,1484,254,994,1715,3538,3093,10451,4122,4848,15920,Day_1,Dark,Intermediate,2.5mm,Experiment_2
2025-10-23T01:20:32.608Z,25,775,1479,249,998,1714,3539,3093,10446,4119,4851,15901,Day_1,Dark,Intermediate,2.5mm,Experiment_2
2025-10-23T01:20:32.648Z,20,776,1472,245,999,1709,3521,3096,10410,4101,4822,15782,Day_1,Dark,Intermediate,2.5mm,Experiment_2
2025-10-23T01:20:32.688Z,21,774,1465,245,996,1700,3495,3089,10332,4060,4741,15528,Day_1,Dark,Intermediate,2.5mm,Experiment_2
2025-10-23T01:20:32.728Z,25,769,1460,247,988,1691,3482,3073,10243,4009,4640,15238,Day_1,Dark,Intermediate,2.5mm,Experiment_2
2025-10-23T01:20:32.768Z,27,760,1460,247,977,1688,3484,3069,10207,3984,4597,15119,Day_1,Dark,Intermediate,2.5mm,Experiment_2
2025-10-23T01:20:32.808Z,24,751,1466,244,968,1695,3493,3082,10241,4000,4636,15237,Day_1,Dark,Intermediate,2.5mm,Experiment_2
2025-10-23T01:20:32.848Z,19,748,1471,239,965,1703,3498,3100,10304,4036,4709,15453,Day_1,Dark,Intermediate,2.5mm,Experiment_2
2025-10-23T01:20:32.888Z,15,752,1471,236,967,1706,3498,3113,10354,4065,4763,15617,Day_1,Dark,Intermediate,2.5mm,Experiment_2
2025-10-23T01:20:32.928Z,16,760,1469,239,973,1706,3492,3121,10373,4073,4783,15675,Day_1,Dark,Intermediate,2.5mm,Experiment_2
2025-10-23T01:20:32.968Z,23,765,1466,249,977,1705,3486,3122,10372,4069,4781,15672,Day_1,Dark,Intermediate,2.5mm,Experiment_2
2025-10-23T01:20:33.008Z,30,765,1465,258,977,1706,3489,3121,10388,4072,4794,15713,Day_1,Dark,Intermediate,2.5mm,Experiment_2
2025-10-23T01:20:33.048Z,30,768,1467,260,979,1711,3499,3123,10431,4086,4829,15820,Day_1,Dark,Intermediate,2.5mm,Experiment_2
2025-10-23T01:20:33.088Z,27,775,1472,255,985,1717,3506,3121,10475,4097,4856,15909,Day_1,Dark,Intermediate,2.5mm,Experiment_2
2025-10-23T01:20:33.128Z,25,778,1474,250,988,1720,3505,3112,10502,4101,4863,15940,Day_1,Dark,Intermediate,2.5mm,Experiment_2
2025-10-23T01:20:33.168Z,27,774,1471,248,985,1715,3506,3102,10501,4102,4857,15919,Day_1,Dark,Intermediate,2.5mm,Experiment_2
2025-10-23T01:20:33.208Z,33,767,1469,251,976,1709,3503,3097,10453,4087,4827,15810,Day_1,Dark,Intermediate,2.5mm,Experiment_2
2025-10-23T01:20:33.248Z,39,765,1473,254,972,1704,3486,3092,10350,4043,4752,15553,Day_1,Dark,Intermediate,2.5mm,Experiment_2
2025-10-23T01:20:33.288Z,40,770,1472,255,973,1696,3456,3083,10219,3981,4642,15197,Day_1,Dark,Intermediate,2.5mm,Experiment_2
2025-10-23T01:20:33.328Z,41,774,1461,255,974,1685,3434,3075,10138,3939,4565,14958,Day_1,Dark,Intermediate,2.5mm,Experiment_2
2025-10-23T01:20:33.368Z,49,776,1449,258,974,1681,3428,3076,10159,3942,4575,15002,Day_1,Dark,Intermediate,2.5mm,Experiment_2
2025-10-23T01:20:33.408Z,56,779,1447,261,979,1686,3436,3085,10243,3975,4643,15235,Day_1,Dark,Intermediate,2.5mm,Experiment_2
2025-10-23T01:20:33.448Z,51,782,1454,259,989,1696,3456,3085,10319,4011,4705,15462,Day_1,Dark,Intermediate,2.5mm,Experiment_2
2025-10-23T01:20:33.488Z,39,780,1462,256,994,1705,3481,3069,10350,4039,4730,15585,Day_1,Dark,Intermediate,2.5mm,Experiment_2
2025-10-23T01:20:33.528Z,34,776,1468,257,991,1710,3496,3060,10347,4053,4734,15612,Day_1,Dark,Intermediate,2.5mm,Experiment_2
2025-10-23T01:20:33.568Z,37,776,1471,260,989,1711,3498,3069,10352,4060,4745,15634,Day_1,Dark,Intermediate,2.5mm,Experiment_2
2025-10-23T01:20:33.608Z,38,780,1473,261,995,1713,3499,3081,10387,4071,4777,15718,Day_1,Dark,Intermediate,2.5mm,Experiment_2
2025-10-23T01:20:33.648Z,33,785,1475,257,1003,1716,3503,3084,10431,4087,4815,15833,Day_1,Dark,Intermediate,2.5mm,Experiment_2
2025-10-23T01:20:33.688Z,30,789,1478,255,1009,1719,3507,3087,10460,4101,4843,15914,Day_1,Dark,Intermediate,2.5mm,Experiment_2
2025-10-23T01:20:33.728Z,33,792,1481,256,1011,1720,3507,3098,10468,4107,4857,15941,Day_1,Dark,Intermediate,2.5mm,Experiment_2
2025-10-23T01:20:33.768Z,37,795,1481,258,1009,1717,3503,3114,10450,4104,4854,15909,Day_1,Dark,Intermediate,2.5mm,Experiment_2
2025-10-23T01:20:33.808Z,39,793,1478,260,1004,1711,3499,3116,10389,4084,4815,15770,Day_1,Dark,Intermediate,2.5mm,Experiment_2
2025-10-23T01:20:33.848Z,40,786,1471,258,996,1700,3493,3088,10295,4043,4728,15504,Day_1,Dark,Intermediate,2.5mm,Experiment_2
2025-10-23T01:20:33.888Z,36,778,1464,253,990,1690,3490,3050,10220,4004,4639,15257,Day_1,Dark,Intermediate,2.5mm,Experiment_2
2025-10-23T01:20:33.928Z,31,773,1461,250,989,1691,3502,3038,10225,4002,4623,15227,Day_1,Dark,Intermediate,2.5mm,Experiment_2
2025-10-23T01:20:33.968Z,32,770,1465,252,990,1702,3525,3056,10287,4034,4680,15392,Day_1,Dark,Intermediate,2.5mm,Experiment_2
2025-10-23T01:20:34.008Z,39,765,1472,257,986,1714,3539,3086,10344,4068,4749,15573,Day_1,Dark,Intermediate,2.5mm,Experiment_2
2025-10-23T01:20:34.048Z,41,762,1481,258,982,1722,3531,3104,10370,4079,4789,15674,Day_1,Dark,Intermediate,2.5mm,Experiment_2
2025-10-23T01:20:34.088Z,35,765,1486,254,984,1725,3512,3106,10375,4070,4795,15698,Day_1,Dark,Intermediate,2.5mm,Experiment_2
2025-10-23T01:20:34.128Z,32,770,1488,249,990,1725,3501,3097,10378,4062,4789,15696,Day_1,Dark,Intermediate,2.5mm,Experiment_2
2025-10-23T01:20:34.168Z,37,773,1490,249,993,1726,3504,3086,10396,4070,4797,15728,Day_1,Dark,Intermediate,2.5mm,Experiment_2
2025-10-23T01:20:34.208Z,44,772,1491,254,992,1726,3513,3079,10429,4092,4821,15807,Day_1,Dark,Intermediate,2.5mm,Experiment_2
2025-10-23T01:20:34.248Z,46,768,1486,258,989,1722,3518,3075,10452,4109,4842,15889,Day_1,Dark,Intermediate,2.5mm,Experiment_2
2025-10-23T01:20:34.288Z,41,767,1477,259,988,1717,3520,3076,10454,4116,4852,15932,Day_1,Dark,Intermediate,2.5mm,Experiment_2
2025-10-23T01:20:34.328Z,37,771,1470,257,992,1714,3518,3081,10442,4111,4849,15916,Day_1,Dark,Intermediate,2.5mm,Experiment_2
2025-10-23T01:20:34.368Z,35,776,1466,255,995,1709,3510,3083,10405,4087,4816,15798,Day_1,Dark,Intermediate,2.5mm,Experiment_2
2025-10-23T01:20:34.408Z,33,780,1463,253,996,1699,3498,3072,10315,4042,4733,15524,Day_1,Dark,Intermediate,2.5mm,Experiment_2
2025-10-23T01:20:34.448Z,32,780,1460,251,991,1690,3486,3049,10192,3989,4617,15167,Day_1,Dark,Intermediate,2.5mm,Experiment_2
2025-10-23T01:20:34.488Z,31,773,1462,251,984,1690,3472,3021,10121,3957,4537,14960,Day_1,Dark,Intermediate,2.5mm,Experiment_2
2025-10-23T01:20:34.528Z,31,768,1468,254,981,1700,3470,3009,10150,3969,4547,15037,Day_1,Dark,Intermediate,2.5mm,Experiment_2
2025-10-23T01:20:34.568Z,33,770,1473,255,986,1709,3490,3028,10237,4012,4625,15280,Day_1,Dark,Intermediate,2.5mm,Experiment_2
2025-10-23T01:20:34.608Z,31,775,1474,253,992,1710,3520,3061,10308,4056,4707,15499,Day_1,Dark,Intermediate,2.5mm,Experiment_2
2025-10-23T01:20:34.648Z,28,780,1477,247,998,1710,3537,3084,10328,4078,4748,15597,Day_1,Dark,Intermediate,2.5mm,Experiment_2
2025-10-23T01:20:34.688Z,26,786,1481,246,1006,1717,3531,3089,10322,4079,4755,15612,Day_1,Dark,Intermediate,2.5mm,Experiment_2
2025-10-23T01:20:34.728Z,28,786,1482,248,1009,1725,3514,3083,10345,4081,4768,15667,Day_1,Dark,Intermediate,2.5mm,Experiment_2
2025-10-23T01:20:34.768Z,35,779,1477,255,1006,1728,3506,3080,10403,4094,4807,15795,Day_1,Dark,Intermediate,2.5mm,Experiment_2
2025-10-23T01:20:34.808Z,45,774,1476,265,1000,1729,3512,3087,10448,4109,4844,15903,Day_1,Dark,Intermediate,2.5mm,Experiment_2
2025-10-23T01:20:34.848Z,54,775,1482,273,997,1732,3521,3102,10462,4113,4860,15941,Day_1,Dark,Intermediate,2.5mm,Experiment_2
2025-10-23T01:20:34.888Z,55,774,1488,274,992,1733,3518,3116,10459,4105,4859,15928,Day_1,Dark,Intermediate,2.5mm,Experiment_2
2025-10-23T01:20:34.928Z,49,769,1490,268,984,1727,3505,3115,10435,4090,4837,15850,Day_1,Dark,Intermediate,2.5mm,Experiment_2
2025-10-23T01:20:34.467Z,40,771,1489,259,979,1717,3494,3098,10362,4061,4773,15637,Day_1,Dark,Intermediate,2.5mm,Experiment_2
2025-10-23T01:20:34.507Z,31,781,1484,248,981,1704,3488,3072,10239,4017,4666,15303,Day_1,Dark,Intermediate,2.5mm,Experiment_2
2025-10-23T01:20:34.547Z,21,793,1474,237,990,1692,3488,3054,10139,3983,4580,15049,Day_1,Dark,Intermediate,2.5mm,Experiment_2
2025-10-23T01:20:34.587Z,14,802,1466,234,1000,1687,3497,3053,10136,3991,4581,15062,Day_1,Dark,Intermediate,2.5mm,Experiment_2
2025-10-23T01:20:34.627Z,14,805,1462,239,1007,1689,3512,3063,10207,4030,4649,15271,Day_1,Dark,Intermediate,2.5mm,Experiment_2
2025-10-23T01:20:34.667Z,18,802,1463,245,1008,1693,3525,3072,10282,4061,4719,15485,Day_1,Dark,Intermediate,2.5mm,Experiment_2
2025-10-23T01:20:34.707Z,21,793,1469,244,1003,1697,3529,3080,10321,4073,4759,15607,Day_1,Dark,Intermediate,2.5mm,Experiment_2
2025-10-23T01:20:34.747Z,25,777,1471,244,993,1700,3524,3086,10330,4074,4771,15645,Day_1,Dark,Intermediate,2.5mm,Experiment_2
2025-10-23T01:20:34.787Z,33,765,1463,250,985,1701,3520,3086,10342,4075,4773,15663,Day_1,Dark,Intermediate,2.5mm,Experiment_2
2025-10-23T01:20:35.329Z,41,767,1456,257,988,1703,3513,3083,10373,4082,4784,15719,Day_1,Dark,Intermediate,2.5mm,Experiment_2
2025-10-23T01:20:35.369Z,47,777,1458,263,999,1710,3500,3088,10407,4091,4812,15810,Day_1,Dark,Intermediate,2.5mm,Experiment_2
2025-10-23T01:20:35.409Z,46,784,1465,266,1006,1716,3492,3097,10423,4097,4842,15891,Day_1,Dark,Intermediate,2.5mm,Experiment_2
2025-10-23T01:20:35.449Z,37,785,1472,261,1005,1718,3497,3105,10426,4103,4861,15932,Day_1,Dark,Intermediate,2.5mm,Experiment_2
2025-10-23T01:20:35.489Z,28,787,1479,254,1002,1719,3507,3112,10428,4104,4859,15918,Day_1,Dark,Intermediate,2.5mm,Experiment_2
2025-10-23T01:20:35.529Z,28,793,1484,252,1003,1721,3515,3110,10408,4093,4823,15805,Day_1,Dark,Intermediate,2.5mm,Experiment_2
2025-10-23T01:20:35.569Z,35,793,1483,256,1004,1717,3513,3098,10337,4058,4744,15554,Day_1,Dark,Intermediate,2.5mm,Experiment_2
2025-10-23T01:20:35.609Z,38,783,1478,257,998,1709,3501,3083,10254,4015,4658,15280,Day_1,Dark,Intermediate,2.5mm,Experiment_2
2025-10-23T01:20:35.649Z,35,775,1482,256,992,1707,3492,3078,10230,3998,4627,15189,Day_1,Dark,Intermediate,2.5mm,Experiment_2
2025-10-23T01:20:35.688Z,30,776,1492,254,993,1714,3488,3087,10274,4015,4666,15316,Day_1,Dark,Intermediate,2.5mm,Experiment_2
2025-10-23T01:20:35.728Z,25,776,1494,250,994,1716,3475,3103,10331,4038,4728,15508,Day_1,Dark,Intermediate,2.5mm,Experiment_2
2025-10-23T01:20:35.768Z,23,764,1485,248,985,1712,3455,3105,10370,4045,4767,15638,Day_1,Dark,Intermediate,2.5mm,Experiment_2
2025-10-23T01:20:35.808Z,26,749,1474,248,970,1708,3444,3093,10391,4041,4776,15678,Day_1,Dark,Intermediate,2.5mm,Experiment_2
2025-10-23T01:20:35.848Z,28,742,1470,247,960,1709,3455,3084,10394,4045,4777,15676,Day_1,Dark,Intermediate,2.5mm,Experiment_2
2025-10-23T01:20:35.888Z,30,749,1473,248,965,1712,3483,3089,10394,4068,4796,15718,Day_1,Dark,Intermediate,2.5mm,Experiment_2
2025-10-23T01:20:35.928Z,31,764,1476,252,981,1713,3511,3101,10416,4100,4828,15820,Day_1,Dark,Intermediate,2.5mm,Experiment_2
2025-10-23T01:20:35.968Z,35,773,1474,256,994,1710,3522,3104,10451,4118,4847,15911,Day_1,Dark,Intermediate,2.5mm,Experiment_2
2025-10-23T01:20:36.008Z,40,765,1473,259,989,1710,3511,3101,10475,4114,4847,15948,Day_1,Dark,Intermediate,2.5mm,Experiment_2
2025-10-23T01:20:36.048Z,42,752,1474,260,977,1713,3494,3102,10470,4098,4841,15926,Day_1,Dark,Intermediate,2.5mm,Experiment_2
2025-10-23T01:20:36.088Z,41,749,1472,256,971,1711,3486,3094,10422,4074,4808,15804,Day_1,Dark,Intermediate,2.5mm,Experiment_2
2025-10-23T01:20:36.128Z,40,756,1468,250,969,1702,3476,3059,10320,4029,4718,15526,Day_1,Dark,Intermediate,2.5mm,Experiment_2
2025-10-23T01:20:36.168Z,42,768,1460,246,971,1688,3455,3018,10190,3967,4592,15158,Day_1,Dark,Intermediate,2.5mm,Experiment_2
2025-10-23T01:20:36.208Z,47,780,1457,250,979,1682,3444,3004,10108,3933,4510,14924,Day_1,Dark,Intermediate,2.5mm,Experiment_2
2025-10-23T01:20:36.248Z,53,788,1464,257,992,1689,3461,3021,10122,3954,4529,14974,Day_1,Dark,Intermediate,2.5mm,Experiment_2
2025-10-23T01:20:36.288Z,57,787,1476,264,1001,1702,3493,3052,10200,4005,4611,15209,Day_1,Dark,Intermediate,2.5mm,Experiment_2
2025-10-23T01:20:36.328Z,52,784,1483,264,1004,1712,3514,3083,10280,4048,4693,15439,Day_1,Dark,Intermediate,2.5mm,Experiment_2
2025-10-23T01:20:36.368Z,39,784,1487,259,1004,1720,3515,3102,10322,4065,4738,15559,Day_1,Dark,Intermediate,2.5mm,Experiment_2
2025-10-23T01:20:36.409Z,31,785,1489,258,1003,1724,3499,3103,10331,4063,4747,15582,Day_1,Dark,Intermediate,2.5mm,Experiment_2
2025-10-23T01:20:36.449Z,34,777,1491,264,995,1725,3480,3095,10347,4054,4750,15608,Day_1,Dark,Intermediate,2.5mm,Experiment_2
2025-10-23T01:20:36.489Z,41,766,1494,269,986,1728,3468,3082,10387,4054,4773,15707,Day_1,Dark,Intermediate,2.5mm,Experiment_2
2025-10-23T01:20:36.529Z,46,763,1494,268,984,1730,3468,3077,10429,4063,4810,15835,Day_1,Dark,Intermediate,2.5mm,Experiment_2
2025-10-23T01:20:36.569Z,46,767,1490,264,986,1728,3476,3086,10458,4076,4842,15922,Day_1,Dark,Intermediate,2.5mm,Experiment_2
2025-10-23T01:20:36.609Z,43,770,1487,263,987,1727,3482,3093,10468,4089,4850,15947,Day_1,Dark,Intermediate,2.5mm,Experiment_2
2025-10-23T01:20:36.649Z,42,766,1483,263,983,1723,3486,3091,10450,4094,4833,15899,Day_1,Dark,Intermediate,2.5mm,Experiment_2
2025-10-23T01:20:36.689Z,43,760,1473,264,976,1711,3495,3090,10395,4083,4786,15736,Day_1,Dark,Intermediate,2.5mm,Experiment_2
2025-10-23T01:20:36.729Z,46,758,1460,268,969,1695,3498,3091,10307,4051,4706,15455,Day_1,Dark,Intermediate,2.5mm,Experiment_2
2025-10-23T01:20:36.769Z,49,760,1451,273,966,1683,3489,3088,10236,4015,4633,15214,Day_1,Dark,Intermediate,2.5mm,Experiment_2
2025-10-23T01:20:36.809Z,53,765,1451,276,971,1685,3482,3096,10239,4006,4631,15203,Day_1,Dark,Intermediate,2.5mm,Experiment_2
2025-10-23T01:20:36.849Z,56,771,1455,275,981,1694,3489,3117,10303,4024,4691,15379,Day_1,Dark,Intermediate,2.5mm,Experiment_2
2025-10-23T01:20:36.889Z,57,778,1458,273,992,1702,3507,3136,10368,4048,4755,15565,Day_1,Dark,Intermediate,2.5mm,Experiment_2
2025-10-23T01:20:36.929Z,62,782,1460,277,999,1703,3526,3145,10409,4068,4792,15672,Day_1,Dark,Intermediate,2.5mm,Experiment_2
2025-10-23T01:20:36.969Z,71,781,1460,286,998,1702,3534,3147,10429,4081,4805,15709,Day_1,Dark,Intermediate,2.5mm,Experiment_2
2025-10-23T01:20:37.009Z,76,775,1463,290,991,1702,3535,3137,10434,4090,4806,15720,Day_1,Dark,Intermediate,2.5mm,Experiment_2
2025-10-23T01:20:37.049Z,76,767,1465,290,985,1704,3536,3123,10431,4098,4812,15754,Day_1,Dark,Intermediate,2.5mm,Experiment_2
2025-10-23T01:20:37.089Z,70,762,1466,287,982,1705,3536,3116,10431,4108,4832,15825,Day_1,Dark,Intermediate,2.5mm,Experiment_2
2025-10-23T01:20:37.129Z,58,759,1468,278,981,1706,3534,3121,10435,4118,4854,15897,Day_1,Dark,Intermediate,2.5mm,Experiment_2
2025-10-23T01:20:37.169Z,51,762,1472,271,986,1707,3528,3129,10435,4120,4865,15932,Day_1,Dark,Intermediate,2.5mm,Experiment_2
2025-10-23T01:20:37.209Z,51,772,1473,271,997,1707,3521,3128,10425,4108,4858,15913,Day_1,Dark,Intermediate,2.5mm,Experiment_2
2025-10-23T01:20:37.249Z,55,782,1469,275,1008,1706,3514,3117,10391,4083,4816,15797,Day_1,Dark,Intermediate,2.5mm,Experiment_2
2025-10-23T01:20:37.289Z,57,787,1462,278,1012,1701,3508,3098,10315,4043,4726,15533,Day_1,Dark,Intermediate,2.5mm,Experiment_2
2025-10-23T01:20:37.329Z,52,785,1454,273,1005,1693,3496,3071,10218,3995,4615,15202,Day_1,Dark,Intermediate,2.5mm,Experiment_2
2025-10-23T01:20:37.369Z,41,779,1450,264,994,1689,3482,3052,10168,3969,4558,15034,Day_1,Dark,Intermediate,2.5mm,Experiment_2
2025-10-23T01:20:37.409Z,37,774,1452,260,985,1691,3477,3058,10204,3983,4592,15134,Day_1,Dark,Intermediate,2.5mm,Experiment_2
2025-10-23T01:20:37.449Z,37,771,1457,261,982,1696,3483,3075,10282,4017,4669,15367,Day_1,Dark,Intermediate,2.5mm,Experiment_2
2025-10-23T01:20:37.489Z,34,770,1461,261,982,1701,3490,3087,10339,4043,4731,15556,Day_1,Dark,Intermediate,2.5mm,Experiment_2
2025-10-23T01:20:37.529Z,30,771,1464,259,980,1704,3492,3088,10346,4052,4757,15628,Day_1,Dark,Intermediate,2.5mm,Experiment_2
2025-10-23T01:20:37.569Z,29,770,1467,256,976,1704,3496,3083,10329,4057,4761,15632,Day_1,Dark,Intermediate,2.5mm,Experiment_2
2025-10-23T01:20:37.609Z,29,769,1471,252,975,1707,3504,3082,10340,4069,4778,15687,Day_1,Dark,Intermediate,2.5mm,Experiment_2
2025-10-23T01:20:37.649Z,32,766,1477,252,976,1715,3510,3090,10387,4085,4817,15813,Day_1,Dark,Intermediate,2.5mm,Experiment_2
2025-10-23T01:20:37.689Z,35,761,1482,257,977,1723,3517,3101,10433,4099,4849,15914,Day_1,Dark,Intermediate,2.5mm,Experiment_2
2025-10-23T01:20:37.729Z,35,759,1483,259,981,1727,3527,3110,10458,4110,4860,15945,Day_1,Dark,Intermediate,2.5mm,Experiment_2
2025-10-23T01:20:37.769Z,38,763,1481,261,989,1727,3525,3115,10463,4112,4859,15927,Day_1,Dark,Intermediate,2.5mm,Experiment_2
2025-10-23T01:20:37.809Z,44,769,1479,265,995,1722,3503,3117,10435,4094,4837,15835,Day_1,Dark,Intermediate,2.5mm,Experiment_2
2025-10-23T01:20:37.849Z,41,772,1478,262,993,1715,3475,3110,10351,4052,4768,15603,Day_1,Dark,Intermediate,2.5mm,Experiment_2
2025-10-23T01:20:37.889Z,28,772,1479,250,982,1705,3457,3094,10232,3995,4659,15261,Day_1,Dark,Intermediate,2.5mm,Experiment_2
2025-10-23T01:20:37.929Z,19,771,1478,245,973,1694,3451,3077,10147,3954,4579,15011,Day_1,Dark,Intermediate,2.5mm,Experiment_2
2025-10-23T01:20:37.969Z,20,771,1474,249,972,1685,3458,3070,10154,3959,4586,15034,Day_1,Dark,Intermediate,2.5mm,Experiment_2
2025-10-23T01:20:38.009Z,23,770,1471,255,976,1684,3473,3075,10229,3996,4656,15255,Day_1,Dark,Intermediate,2.5mm,Experiment_2
2025-10-23T01:20:38.049Z,22,764,1470,255,976,1691,3488,3086,10309,4036,4727,15480,Day_1,Dark,Intermediate,2.5mm,Experiment_2
2025-10-23T01:20:38.089Z,20,756,1474,249,971,1702,3496,3095,10349,4063,4768,15602,Day_1,Dark,Intermediate,2.5mm,Experiment_2
2025-10-23T01:20:38.129Z,20,752,1477,246,968,1712,3492,3106,10350,4072,4781,15627,Day_1,Dark,Intermediate,2.5mm,Experiment_2
2025-10-23T01:20:38.169Z,22,754,1480,249,974,1720,3484,3113,10351,4071,4785,15634,Day_1,Dark,Intermediate,2.5mm,Experiment_2
2025-10-23T01:20:38.209Z,26,759,1485,257,983,1724,3491,3112,10377,4077,4799,15695,Day_1,Dark,Intermediate,2.5mm,Experiment_2
2025-10-23T01:20:38.249Z,26,763,1492,260,990,1726,3511,3107,10410,4094,4826,15796,Day_1,Dark,Intermediate,2.5mm,Experiment_2
2025-10-23T01:20:38.289Z,25,766,1496,256,994,1728,3528,3103,10430,4112,4849,15881,Day_1,Dark,Intermediate,2.5mm,Experiment_2
2025-10-23T01:20:38.329Z,35,771,1496,252,1000,1729,3530,3100,10439,4119,4858,15919,Day_1,Dark,Intermediate,2.5mm,Experiment_2
2025-10-23T01:20:38.369Z,63,776,1490,252,1005,1725,3514,3097,10438,4110,4848,15903,Day_1,Dark,Intermediate,2.5mm,Experiment_2
2025-10-23T01:20:38.409Z,111,779,1479,257,1005,1716,3489,3089,10405,4081,4808,15787,Day_1,Dark,Intermediate,2.5mm,Experiment_2
2025-10-23T01:20:38.449Z,223,781,1467,272,1000,1705,3469,3075,10324,4034,4729,15537,Day_1,Dark,Intermediate,2.5mm,Experiment_2
2025-10-23T01:20:38.489Z,417,781,1460,300,995,1697,3464,3057,10234,3991,4645,15280,Day_1,Dark,Intermediate,2.5mm,Experiment_2
2025-10-23T01:20:38.529Z,525,782,1460,318,994,1697,3473,3045,10212,3983,4621,15221,Day_1,Dark,Intermediate,2.5mm,Experiment_2
2025-10-23T01:20:38.569Z,391,784,1466,304,998,1704,3485,3046,10266,4007,4661,15371,Day_1,Dark,Intermediate,2.5mm,Experiment_2
2025-10-23T01:20:38.609Z,172,784,1474,284,998,1713,3495,3059,10337,4039,4718,15567,Day_1,Dark,Intermediate,2.5mm,Experiment_2
2025-10-23T01:20:38.649Z,52,777,1482,276,992,1719,3508,3075,10383,4065,4756,15686,Day_1,Dark,Intermediate,2.5mm,Experiment_2
2025-10-23T01:20:38.689Z,23,765,1486,270,981,1720,3518,3085,10397,4078,4772,15713,Day_1,Dark,Intermediate,2.5mm,Experiment_2
2025-10-23T01:20:38.729Z,18,757,1485,262,975,1720,3514,3086,10396,4078,4775,15704,Day_1,Dark,Intermediate,2.5mm,Experiment_2
2025-10-23T01:20:38.769Z,16,760,1480,253,979,1716,3503,3081,10398,4076,4785,15731,Day_1,Dark,Intermediate,2.5mm,Experiment_2
2025-10-23T01:20:38.809Z,16,766,1474,237,983,1712,3503,3075,10420,4085,4811,15809,Day_1,Dark,Intermediate,2.5mm,Experiment_2
2025-10-23T01:20:38.849Z,17,769,1469,212,985,1709,3510,3064,10454,4101,4832,15889,Day_1,Dark,Intermediate,2.5mm,Experiment_2
2025-10-23T01:20:38.889Z,16,772,1465,198,989,1710,3511,3049,10476,4106,4834,15932,Day_1,Dark,Intermediate,2.5mm,Experiment_2
2025-10-23T01:20:38.929Z,14,776,1464,209,996,1712,3511,3038,10467,4097,4820,15917,Day_1,Dark,Intermediate,2.5mm,Experiment_2
2025-10-23T01:20:38.969Z,13,778,1463,229,1001,1711,3512,3030,10418,4076,4778,15794,Day_1,Dark,Intermediate,2.5mm,Experiment_2
2025-10-23T01:20:39.009Z,22,778,1464,243,997,1706,3501,3025,10317,4036,4696,15513,Day_1,Dark,Intermediate,2.5mm,Experiment_2
2025-10-23T01:20:39.049Z,53,776,1464,251,987,1696,3477,3029,10185,3982,4594,15148,Day_1,Dark,Intermediate,2.5mm,Experiment_2
2025-10-23T01:20:39.089Z,104,775,1463,259,981,1686,3461,3041,10098,3948,4534,14928,Day_1,Dark,Intermediate,2.5mm,Experiment_2
2025-10-23T01:20:39.129Z,154,775,1460,267,981,1681,3462,3047,10117,3957,4552,14993,Day_1,Dark,Intermediate,2.5mm,Experiment_2
2025-10-23T01:20:39.169Z,216,773,1460,273,983,1682,3474,3043,10209,3994,4621,15234,Day_1,Dark,Intermediate,2.5mm,Experiment_2
2025-10-23T01:20:39.209Z,330,769,1462,287,982,1688,3489,3049,10303,4034,4693,15462,Day_1,Dark,Intermediate,2.5mm,Experiment_2
2025-10-23T01:20:39.249Z,399,769,1468,298,984,1692,3500,3067,10348,4056,4737,15571,Day_1,Dark,Intermediate,2.5mm,Experiment_2
2025-10-23T01:20:39.289Z,306,770,1485,289,988,1696,3496,3080,10343,4059,4750,15580,Day_1,Dark,Intermediate,2.5mm,Experiment_2
2025-10-23T01:20:39.329Z,152,764,1513,268,986,1703,3485,3091,10339,4059,4766,15609,Day_1,Dark,Intermediate,2.5mm,Experiment_2
2025-10-23T01:20:39.369Z,67,757,1532,255,982,1713,3490,3105,10378,4073,4804,15726,Day_1,Dark,Intermediate,2.5mm,Experiment_2
2025-10-23T01:20:39.409Z,44,761,1522,254,986,1720,3510,3114,10441,4094,4845,15862,Day_1,Dark,Intermediate,2.5mm,Experiment_2
2025-10-23T01:20:39.449Z,36,771,1501,255,993,1724,3517,3113,10484,4102,4863,15935,Day_1,Dark,Intermediate,2.5mm,Experiment_2
2025-10-23T01:20:39.489Z,30,778,1493,255,998,1728,3506,3109,10483,4097,4859,15936,Day_1,Dark,Intermediate,2.5mm,Experiment_2
2025-10-23T01:20:39.529Z,25,781,1496,254,998,1730,3495,3107,10438,4084,4837,15860,Day_1,Dark,Intermediate,2.5mm,Experiment_2
2025-10-23T01:20:39.569Z,20,777,1494,248,991,1724,3487,3098,10351,4057,4779,15664,Day_1,Dark,Intermediate,2.5mm,Experiment_2
2025-10-23T01:20:39.609Z,16,766,1482,239,977,1707,3475,3073,10241,4009,4682,15359,Day_1,Dark,Intermediate,2.5mm,Experiment_2
2025-10-23T01:20:39.650Z,16,754,1468,234,962,1691,3457,3041,10171,3964,4596,15123,Day_1,Dark,Intermediate,2.5mm,Experiment_2
2025-10-23T01:20:39.690Z,20,752,1460,237,960,1687,3441,3030,10188,3954,4591,15136,Day_1,Dark,Intermediate,2.5mm,Experiment_2
2025-10-23T01:20:39.730Z,27,765,1458,245,976,1693,3443,3048,10261,3981,4654,15332,Day_1,Dark,Intermediate,2.5mm,Experiment_2
2025-10-23T01:20:39.770Z,31,785,1456,248,1000,1698,3464,3072,10326,4020,4725,15529,Day_1,Dark,Intermediate,2.5mm,Experiment_2
2025-10-23T01:20:39.810Z,28,798,1449,243,1015,1700,3488,3088,10354,4050,4769,15636,Day_1,Dark,Intermediate,2.5mm,Experiment_2
2025-10-23T01:20:39.850Z,19,798,1433,236,1014,1702,3500,3100,10354,4065,4788,15666,Day_1,Dark,Intermediate,2.5mm,Experiment_2
2025-10-23T01:20:39.890Z,13,792,1390,233,1004,1701,3506,3112,10354,4074,4797,15679,Day_1,Dark,Intermediate,2.5mm,Experiment_2
2025-10-23T01:20:39.930Z,12,787,1313,236,998,1694,3508,3118,10378,4084,4807,15727,Day_1,Dark,Intermediate,2.5mm,Experiment_2
2025-10-23T01:20:39.970Z,14,786,1263,240,999,1690,3502,3119,10422,4092,4823,15814,Day_1,Dark,Intermediate,2.5mm,Experiment_2
2025-10-23T01:20:40.009Z,19,788,1286,244,1003,1695,3494,3113,10459,4096,4835,15897,Day_1,Dark,Intermediate,2.5mm,Experiment_2
2025-10-23T01:20:40.049Z,24,787,1324,244,1005,1701,3490,3096,10475,4098,4837,15938,Day_1,Dark,Intermediate,2.5mm,Experiment_2
2025-10-23T01:20:40.089Z,28,783,1351,245,1004,1705,3492,3074,10467,4097,4826,15918,Day_1,Dark,Intermediate,2.5mm,Experiment_2
2025-10-23T01:20:40.129Z,30,779,1407,245,1003,1706,3496,3061,10419,4086,4793,15794,Day_1,Dark,Intermediate,2.5mm,Experiment_2
2025-10-23T01:20:40.169Z,27,776,1482,243,1002,1703,3489,3052,10314,4050,4718,15529,Day_1,Dark,Intermediate,2.5mm,Experiment_2
2025-10-23T01:20:40.209Z,22,774,1564,241,997,1698,3468,3044,10196,3996,4624,15229,Day_1,Dark,Intermediate,2.5mm,Experiment_2
2025-10-23T01:20:40.249Z,22,772,1736,246,993,1711,3451,3043,10154,3964,4579,15111,Day_1,Dark,Intermediate,2.5mm,Experiment_2
2025-10-23T01:20:40.289Z,25,773,2043,253,993,1747,3453,3046,10210,3976,4609,15237,Day_1,Dark,Intermediate,2.5mm,Experiment_2
2025-10-23T01:20:40.329Z,28,771,2230,257,992,1774,3467,3050,10297,4010,4674,15457,Day_1,Dark,Intermediate,2.5mm,Experiment_2
2025-10-23T01:20:40.370Z,30,761,2066,255,984,1763,3479,3061,10357,4033,4732,15619,Day_1,Dark,Intermediate,2.5mm,Experiment_2
2025-10-23T01:20:40.410Z,31,754,1774,252,976,1736,3484,3083,10377,4041,4766,15677,Day_1,Dark,Intermediate,2.5mm,Experiment_2
2025-10-23T01:20:40.450Z,31,756,1590,249,975,1718,3488,3105,10378,4044,4781,15681,Day_1,Dark,Intermediate,2.5mm,Experiment_2
2025-10-23T01:20:40.490Z,29,765,1456,247,982,1706,3498,3114,10391,4057,4800,15729,Day_1,Dark,Intermediate,2.5mm,Experiment_2
2025-10-23T01:20:40.530Z,31,778,1313,250,997,1695,3508,3111,10417,4078,4829,15834,Day_1,Dark,Intermediate,2.5mm,Experiment_2
2025-10-23T01:20:40.570Z,35,792,1281,256,1012,1693,3517,3110,10437,4098,4852,15913,Day_1,Dark,Intermediate,2.5mm,Experiment_2
2025-10-23T01:20:40.610Z,37,797,1517,261,1016,1715,3533,3122,10451,4114,4866,15934,Day_1,Dark,Intermediate,2.5mm,Experiment_2
2025-10-23T01:20:40.650Z,40,791,1934,265,1009,1751,3551,3132,10459,4124,4867,15912,Day_1,Dark,Intermediate,2.5mm,Experiment_2
2025-10-23T01:20:40.690Z,45,783,2163,266,1000,1765,3559,3121,10434,4115,4834,15805,Day_1,Dark,Intermediate,2.5mm,Experiment_2
2025-10-23T01:20:40.730Z,43,783,1988,259,997,1739,3546,3089,10352,4077,4751,15548,Day_1,Dark,Intermediate,2.5mm,Experiment_2
2025-10-23T01:20:40.770Z,34,786,1665,248,994,1702,3514,3052,10239,4017,4635,15194,Day_1,Dark,Intermediate,2.5mm,Experiment_2
2025-10-23T01:20:40.810Z,26,783,1490,241,987,1682,3482,3029,10168,3973,4553,14960,Day_1,Dark,Intermediate,2.5mm,Experiment_2
2025-10-23T01:20:40.850Z,26,776,1487,241,984,1686,3470,3030,10182,3973,4556,15004,Day_1,Dark,Intermediate,2.5mm,Experiment_2
2025-10-23T01:20:40.890Z,30,773,1560,244,988,1703,3474,3047,10251,4004,4621,15233,Day_1,Dark,Intermediate,2.5mm,Experiment_2
2025-10-23T01:20:40.930Z,36,777,1616,248,994,1715,3483,3069,10320,4035,4694,15462,Day_1,Dark,Intermediate,2.5mm,Experiment_2
2025-10-23T01:20:40.970Z,38,783,1629,252,998,1718,3494,3088,10351,4055,4741,15586,Day_1,Dark,Intermediate,2.5mm,Experiment_2
2025-10-23T01:20:41.010Z,35,783,1651,254,999,1718,3500,3097,10345,4060,4758,15609,Day_1,Dark,Intermediate,2.5mm,Experiment_2
2025-10-23T01:20:41.050Z,33,782,1669,255,1002,1721,3503,3088,10344,4063,4765,15622,Day_1,Dark,Intermediate,2.5mm,Experiment_2
2025-10-23T01:20:41.090Z,35,787,1623,259,1008,1723,3509,3075,10378,4075,4787,15699,Day_1,Dark,Intermediate,2.5mm,Experiment_2
2025-10-23T01:20:41.130Z,34,793,1550,258,1011,1724,3516,3079,10431,4093,4824,15815,Day_1,Dark,Intermediate,2.5mm,Experiment_2
2025-10-23T01:20:41.170Z,27,795,1506,252,1010,1724,3520,3101,10465,4107,4860,15900,Day_1,Dark,Intermediate,2.5mm,Experiment_2
2025-10-23T01:20:41.210Z,20,794,1489,247,1007,1722,3520,3119,10471,4110,4874,15926,Day_1,Dark,Intermediate,2.5mm,Experiment_2
2025-10-23T01:20:41.250Z,23,793,1479,248,1008,1717,3517,3122,10453,4103,4862,15890,Day_1,Dark,Intermediate,2.5mm,Experiment_2
2025-10-23T01:20:41.290Z,33,793,1474,255,1010,1712,3510,3110,10398,4080,4812,15751,Day_1,Dark,Intermediate,2.5mm,Experiment_2
2025-10-23T01:20:41.330Z,37,789,1475,258,1008,1709,3499,3084,10303,4038,4719,15491,Day_1,Dark,Intermediate,2.5mm,Experiment_2
2025-10-23T01:20:41.370Z,29,781,1473,250,1000,1700,3491,3060,10217,3998,4634,15252,Day_1,Dark,Intermediate,2.5mm,Experiment_2
2025-10-23T01:20:41.410Z,17,775,1465,238,995,1692,3489,3061,10204,3992,4625,15230,Day_1,Dark,Intermediate,2.5mm,Experiment_2
2025-10-23T01:20:41.450Z,10,773,1460,229,995,1692,3491,3085,10261,4021,4686,15399,Day_1,Dark,Intermediate,2.5mm,Experiment_2
2025-10-23T01:20:41.490Z,9,773,1460,227,998,1698,3495,3107,10334,4055,4754,15588,Day_1,Dark,Intermediate,2.5mm,Experiment_2
2025-10-23T01:20:41.530Z,15,773,1461,232,1002,1704,3505,3114,10380,4074,4790,15694,Day_1,Dark,Intermediate,2.5mm,Experiment_2
2025-10-23T01:20:41.570Z,27,776,1460,241,1007,1707,3528,3114,10382,4081,4796,15716,Day_1,Dark,Intermediate,2.5mm,Experiment_2
2025-10-23T01:20:41.610Z,36,783,1460,249,1010,1706,3552,3114,10346,4087,4794,15702,Day_1,Dark,Intermediate,2.5mm,Experiment_2
2025-10-23T01:20:41.650Z,41,791,1462,254,1012,1704,3554,3110,10299,4094,4804,15716,Day_1,Dark,Intermediate,2.5mm,Experiment_2
2025-10-23T01:20:41.690Z,43,794,1465,257,1009,1706,3532,3105,10226,4099,4829,15769,Day_1,Dark,Intermediate,2.5mm,Experiment_2
2025-10-23T01:20:41.730Z,45,789,1467,260,1003,1709,3511,3107,10092,4103,4853,15813,Day_1,Dark,Intermediate,2.5mm,Experiment_2
2025-10-23T01:20:41.770Z,44,783,1468,260,996,1713,3506,3118,10005,4106,4869,15833,Day_1,Dark,Intermediate,2.5mm,Experiment_2
2025-10-23T01:20:41.810Z,43,781,1469,259,994,1714,3513,3128,10071,4106,4868,15833,Day_1,Dark,Intermediate,2.5mm,Experiment_2
2025-10-23T01:20:41.850Z,46,779,1469,262,994,1712,3519,3132,10160,4091,4831,15746,Day_1,Dark,Intermediate,2.5mm,Experiment_2
2025-10-23T01:20:41.890Z,51,775,1468,267,990,1705,3508,3123,10172,4045,4742,15498,Day_1,Dark,Intermediate,2.5mm,Experiment_2
2025-10-23T01:20:41.930Z,50,766,1466,268,981,1694,3478,3106,10224,3979,4625,15180,Day_1,Dark,Intermediate,2.5mm,Experiment_2
2025-10-23T01:20:41.970Z,41,761,1464,264,975,1686,3452,3096,10416,3937,4556,15031,Day_1,Dark,Intermediate,2.5mm,Experiment_2
2025-10-23T01:20:42.010Z,30,768,1466,255,981,1688,3447,3104,10676,3948,4583,15161,Day_1,Dark,Intermediate,2.5mm,Experiment_2
2025-10-23T01:20:42.050Z,22,780,1472,246,992,1697,3461,3114,11008,3992,4666,15456,Day_1,Dark,Intermediate,2.5mm,Experiment_2
2025-10-23T01:20:42.090Z,22,785,1475,246,996,1703,3478,3113,11516,4036,4736,15765,Day_1,Dark,Intermediate,2.5mm,Experiment_2
2025-10-23T01:20:42.130Z,26,782,1470,252,995,1702,3486,3103,11825,4059,4762,15919,Day_1,Dark,Intermediate,2.5mm,Experiment_2
2025-10-23T01:20:42.170Z,33,779,1466,258,994,1701,3493,3101,11571,4064,4761,15876,Day_1,Dark,Intermediate,2.5mm,Experiment_2
2025-10-23T01:20:42.210Z,41,782,1470,264,997,1707,3507,3112,11180,4071,4774,15837,Day_1,Dark,Intermediate,2.5mm,Experiment_2
2025-10-23T01:20:42.250Z,47,788,1477,269,1004,1717,3516,3122,10952,4085,4810,15903,Day_1,Dark,Intermediate,2.5mm,Experiment_2
2025-10-23T01:20:42.290Z,44,793,1482,269,1012,1725,3506,3116,10619,4093,4838,15932,Day_1,Dark,Intermediate,2.5mm,Experiment_2
2025-10-23T01:20:42.330Z,39,795,1486,268,1015,1731,3485,3102,10136,4092,4846,15864,Day_1,Dark,Intermediate,2.5mm,Experiment_2
2025-10-23T01:20:42.370Z,37,790,1490,266,1009,1733,3475,3094,9805,4087,4842,15780,Day_1,Dark,Intermediate,2.5mm,Experiment_2
2025-10-23T01:20:42.410Z,33,775,1488,263,993,1728,3477,3084,9688,4075,4819,15691,Day_1,Dark,Intermediate,2.5mm,Experiment_2
2025-10-23T01:20:42.450Z,28,758,1482,256,976,1717,3476,3062,9506,4046,4754,15483,Day_1,Dark,Intermediate,2.5mm,Experiment_2
2025-10-23T01:20:42.490Z,28,753,1476,251,969,1705,3459,3037,9336,3995,4650,15164,Day_1,Dark,Intermediate,2.5mm,Experiment_2
2025-10-23T01:20:42.530Z,32,757,1473,250,970,1697,3442,3027,9511,3953,4568,14972,Day_1,Dark,Intermediate,2.5mm,Experiment_2
2025-10-23T01:20:42.570Z,34,763,1471,250,974,1696,3449,3042,9887,3956,4574,15055,Day_1,Dark,Intermediate,2.5mm,Experiment_2
2025-10-23T01:20:42.610Z,30,770,1471,249,983,1698,3478,3074,10127,3998,4647,15289,Day_1,Dark,Intermediate,2.5mm,Experiment_2
2025-10-23T01:20:42.650Z,28,775,1470,249,990,1700,3508,3102,10138,4043,4724,15479,Day_1,Dark,Intermediate,2.5mm,Experiment_2
2025-10-23T01:20:42.690Z,32,774,1469,253,991,1704,3520,3119,9985,4067,4770,15552,Day_1,Dark,Intermediate,2.5mm,Experiment_2
2025-10-23T01:20:42.730Z,39,775,1469,259,990,1706,3507,3120,9889,4064,4786,15563,Day_1,Dark,Intermediate,2.5mm,Experiment_2
2025-10-23T01:20:42.770Z,40,782,1472,260,994,1710,3485,3102,10050,4051,4784,15609,Day_1,Dark,Intermediate,2.5mm,Experiment_2
2025-10-23T01:20:42.810Z,34,789,1478,256,1002,1717,3474,3079,10347,4045,4789,15710,Day_1,Dark,Intermediate,2.5mm,Experiment_2
2025-10-23T01:20:42.850Z,28,790,1484,250,1006,1725,3475,3073,10542,4053,4810,15827,Day_1,Dark,Intermediate,2.5mm,Experiment_2
2025-10-23T01:20:42.891Z,27,782,1486,248,1003,1728,3478,3087,10569,4068,4837,15914,Day_1,Dark,Intermediate,2.5mm,Experiment_2
2025-10-23T01:20:42.931Z,30,779,1481,250,1003,1724,3482,3110,10516,4081,4857,15950,Day_1,Dark,Intermediate,2.5mm,Experiment_2
2025-10-23T01:20:42.971Z,33,784,1472,254,1010,1715,3485,3119,10464,4088,4855,15927,Day_1,Dark,Intermediate,2.5mm,Experiment_2
2025-10-23T01:20:43.011Z,31,786,1465,251,1012,1705,3486,3106,10405,4080,4816,15801,Day_1,Dark,Intermediate,2.5mm,Experiment_2
2025-10-23T01:20:43.051Z,23,788,1462,242,1008,1695,3480,3078,10310,4047,4729,15539,Day_1,Dark,Intermediate,2.5mm,Experiment_2
2025-10-23T01:20:43.091Z,18,792,1462,237,1004,1689,3468,3055,10207,4002,4634,15251,Day_1,Dark,Intermediate,2.5mm,Experiment_2
2025-10-23T01:20:43.131Z,24,791,1464,244,999,1691,3461,3056,10171,3981,4601,15150,Day_1,Dark,Intermediate,2.5mm,Experiment_2
2025-10-23T01:20:43.171Z,32,788,1464,256,996,1694,3467,3079,10222,3998,4646,15279,Day_1,Dark,Intermediate,2.5mm,Experiment_2
2025-10-23T01:20:43.211Z,37,784,1461,266,993,1696,3486,3106,10304,4035,4716,15485,Day_1,Dark,Intermediate,2.5mm,Experiment_2
2025-10-23T01:20:43.250Z,38,780,1459,269,987,1698,3504,3118,10362,4067,4765,15631,Day_1,Dark,Intermediate,2.5mm,Experiment_2
2025-10-23T01:20:43.290Z,32,776,1463,261,980,1705,3509,3116,10389,4077,4783,15683,Day_1,Dark,Intermediate,2.5mm,Experiment_2
2025-10-23T01:20:43.330Z,23,771,1472,250,976,1715,3508,3113,10397,4074,4786,15688,Day_1,Dark,Intermediate,2.5mm,Experiment_2
2025-10-23T01:20:43.370Z,20,765,1478,246,976,1721,3509,3112,10403,4078,4799,15730,Day_1,Dark,Intermediate,2.5mm,Experiment_2
2025-10-23T01:20:43.410Z,22,755,1478,247,980,1723,3515,3109,10421,4095,4823,15824,Day_1,Dark,Intermediate,2.5mm,Experiment_2
2025-10-23T01:20:43.450Z,22,734,1482,249,980,1725,3520,3102,10440,4108,4844,15903,Day_1,Dark,Intermediate,2.5mm,Experiment_2
2025-10-23T01:20:43.490Z,23,679,1493,254,972,1732,3518,3097,10445,4110,4855,15930,Day_1,Dark,Intermediate,2.5mm,Experiment_2
2025-10-23T01:20:43.530Z,27,577,1499,259,959,1731,3500,3098,10438,4101,4852,15909,Day_1,Dark,Intermediate,2.5mm,Experiment_2
2025-10-23T01:20:43.570Z,36,492,1488,261,946,1719,3471,3100,10409,4075,4818,15799,Day_1,Dark,Intermediate,2.5mm,Experiment_2
2025-10-23T01:20:43.610Z,45,499,1473,265,943,1704,3441,3085,10328,4026,4734,15536,Day_1,Dark,Intermediate,2.5mm,Experiment_2
2025-10-23T01:20:43.650Z,49,583,1463,266,953,1692,3430,3048,10208,3967,4611,15172,Day_1,Dark,Intermediate,2.5mm,Experiment_2
2025-10-23T01:20:43.690Z,44,711,1456,260,969,1683,3446,3007,10128,3936,4526,14927,Day_1,Dark,Intermediate,2.5mm,Experiment_2
2025-10-23T01:20:43.730Z,36,903,1458,253,987,1684,3485,2986,10144,3956,4540,14965,Day_1,Dark,Intermediate,2.5mm,Experiment_2
2025-10-23T01:20:43.770Z,30,1203,1465,247,1004,1694,3525,2994,10220,4007,4623,15194,Day_1,Dark,Intermediate,2.5mm,Experiment_2
2025-10-23T01:20:43.810Z,26,1523,1468,247,1012,1704,3541,3028,10292,4050,4703,15430,Day_1,Dark,Intermediate,2.5mm,Experiment_2
2025-10-23T01:20:43.850Z,26,1699,1466,251,1008,1707,3530,3062,10317,4064,4746,15564,Day_1,Dark,Intermediate,2.5mm,Experiment_2
2025-10-23T01:20:43.890Z,29,1749,1462,254,1000,1706,3513,3086,10283,4060,4755,15596,Day_1,Dark,Intermediate,2.5mm,Experiment_2
2025-10-23T01:20:43.930Z,30,1665,1464,252,995,1707,3505,3102,10228,4055,4758,15617,Day_1,Dark,Intermediate,2.5mm,Experiment_2
2025-10-23T01:20:43.971Z,29,1355,1471,252,990,1714,3494,3114,10230,4060,4778,15703,Day_1,Dark,Intermediate,2.5mm,Experiment_2
2025-10-23T01:20:44.011Z,28,1000,1481,255,986,1722,3482,3126,10316,4073,4811,15822,Day_1,Dark,Intermediate,2.5mm,Experiment_2
2025-10-23T01:20:44.051Z,31,808,1488,260,994,1728,3485,3135,10414,4087,4841,15907,Day_1,Dark,Intermediate,2.5mm,Experiment_2
2025-10-23T01:20:44.091Z,38,716,1488,263,1015,1727,3498,3133,10470,4095,4855,15938,Day_1,Dark,Intermediate,2.5mm,Experiment_2
2025-10-23T01:20:44.131Z,43,604,1483,262,1030,1720,3506,3116,10484,4093,4845,15906,Day_1,Dark,Intermediate,2.5mm,Experiment_2
2025-10-23T01:20:44.171Z,44,494,1479,260,1026,1711,3506,3090,10447,4076,4795,15763,Day_1,Dark,Intermediate,2.5mm,Experiment_2
2025-10-23T01:20:44.211Z,43,433,1477,259,1002,1702,3500,3064,10347,4038,4706,15487,Day_1,Dark,Intermediate,2.5mm,Experiment_2
2025-10-23T01:20:44.251Z,42,400,1474,260,977,1695,3486,3050,10244,3997,4627,15235,Day_1,Dark,Intermediate,2.5mm,Experiment_2
2025-10-23T01:20:44.291Z,40,434,1471,261,968,1694,3477,3049,10229,3989,4620,15211,Day_1,Dark,Intermediate,2.5mm,Experiment_2
2025-10-23T01:20:44.330Z,37,582,1472,260,976,1700,3482,3060,10287,4015,4676,15388,Day_1,Dark,Intermediate,2.5mm,Experiment_2
2025-10-23T01:20:44.370Z,36,775,1480,258,987,1712,3495,3074,10346,4046,4738,15581,Day_1,Dark,Intermediate,2.5mm,Experiment_2
2025-10-23T01:20:44.410Z,35,940,1491,256,995,1724,3505,3080,10375,4064,4773,15686,Day_1,Dark,Intermediate,2.5mm,Experiment_2
2025-10-23T01:20:44.450Z,32,1060,1494,253,1007,1728,3504,3076,10383,4067,4780,15709,Day_1,Dark,Intermediate,2.5mm,Experiment_2
2025-10-23T01:20:44.490Z,26,1132,1488,248,1030,1724,3497,3071,10386,4063,4776,15704,Day_1,Dark,Intermediate,2.5mm,Experiment_2
2025-10-23T01:20:44.530Z,21,1123,1480,243,1054,1719,3491,3068,10399,4064,4782,15728,Day_1,Dark,Intermediate,2.5mm,Experiment_2
2025-10-23T01:20:44.570Z,20,1001,1477,242,1053,1718,3487,3070,10423,4072,4805,15797,Day_1,Dark,Intermediate,2.5mm,Experiment_2
2025-10-23T01:20:44.610Z,21,842,1474,244,1029,1718,3483,3082,10449,4083,4833,15874,Day_1,Dark,Intermediate,2.5mm,Experiment_2
2025-10-23T01:20:44.650Z,24,724,1469,249,1005,1715,3482,3098,10463,4091,4850,15922,Day_1,Dark,Intermediate,2.5mm,Experiment_2
2025-10-23T01:20:44.691Z,26,674,1466,252,992,1712,3482,3110,10453,4091,4846,15911,Day_1,Dark,Intermediate,2.5mm,Experiment_2
2025-10-23T01:20:44.731Z,25,702,1463,252,987,1705,3478,3106,10398,4077,4805,15787,Day_1,Dark,Intermediate,2.5mm,Experiment_2
2025-10-23T01:20:44.771Z,20,756,1458,248,982,1695,3471,3083,10289,4042,4712,15503,Day_1,Dark,Intermediate,2.5mm,Experiment_2
2025-10-23T01:20:44.811Z,18,778,1450,245,978,1682,3467,3053,10165,3993,4598,15153,Day_1,Dark,Intermediate,2.5mm,Experiment_2
2025-10-23T01:20:44.851Z,21,775,1447,246,976,1674,3466,3041,10112,3960,4540,14974,Day_1,Dark,Intermediate,2.5mm,Experiment_2
2025-10-23T01:20:44.891Z,26,771,1450,249,976,1678,3466,3059,10158,3967,4580,15074,Day_1,Dark,Intermediate,2.5mm,Experiment_2
2025-10-23T01:20:44.931Z,28,769,1460,248,975,1692,3471,3092,10249,4003,4670,15316,Day_1,Dark,Intermediate,2.5mm,Experiment_2
2025-10-23T01:20:44.971Z,31,765,1471,247,972,1706,3480,3117,10319,4040,4744,15520,Day_1,Dark,Intermediate,2.5mm,Experiment_2
2025-10-23T01:20:45.011Z,34,760,1477,248,971,1713,3489,3121,10340,4058,4772,15606,Day_1,Dark,Intermediate,2.5mm,Experiment_2
2025-10-23T01:20:45.051Z,37,755,1478,252,971,1716,3498,3111,10337,4065,4770,15616,Day_1,Dark,Intermediate,2.5mm,Experiment_2
2025-10-23T01:20:45.091Z,40,753,1476,259,975,1720,3507,3106,10355,4077,4783,15671,Day_1,Dark,Intermediate,2.5mm,Experiment_2
2025-10-23T01:20:45.131Z,40,756,1473,265,979,1723,3512,3114,10394,4091,4823,15797,Day_1,Dark,Intermediate,2.5mm,Experiment_2
2025-10-23T01:20:45.171Z,38,761,1472,265,982,1723,3517,3122,10420,4090,4857,15897,Day_1,Dark,Intermediate,2.5mm,Experiment_2
2025-10-23T01:20:45.211Z,33,766,1475,261,984,1722,3518,3122,10439,4068,4866,15927,Day_1,Dark,Intermediate,2.5mm,Experiment_2
2025-10-23T01:20:45.251Z,28,767,1480,255,982,1720,3493,3121,10463,4049,4860,15916,Day_1,Dark,Intermediate,2.5mm,Experiment_2
2025-10-23T01:20:45.291Z,28,759,1484,252,971,1716,3378,3121,10458,4052,4837,15839,Day_1,Dark,Intermediate,2.5mm,Experiment_2
2025-10-23T01:20:45.331Z,31,748,1481,254,957,1706,3147,3111,10377,4052,4774,15621,Day_1,Dark,Intermediate,2.5mm,Experiment_2
2025-10-23T01:20:45.371Z,31,745,1471,254,949,1692,2952,3091,10238,4024,4672,15283,Day_1,Dark,Intermediate,2.5mm,Experiment_2
2025-10-23T01:20:45.411Z,26,751,1459,252,952,1682,2963,3068,10143,3991,4591,15035,Day_1,Dark,Intermediate,2.5mm,Experiment_2
2025-10-23T01:20:45.451Z,23,759,1454,251,963,1683,3148,3055,10162,3995,4592,15059,Day_1,Dark,Intermediate,2.5mm,Experiment_2
2025-10-23T01:20:45.491Z,25,766,1458,251,975,1692,3423,3056,10244,4034,4654,15274,Day_1,Dark,Intermediate,2.5mm,Experiment_2
2025-10-23T01:20:45.531Z,30,772,1467,250,985,1701,3828,3072,10308,4075,4722,15490,Day_1,Dark,Intermediate,2.5mm,Experiment_2
2025-10-23T01:20:45.571Z,31,780,1475,247,994,1708,4450,3097,10341,4100,4767,15615,Day_1,Dark,Intermediate,2.5mm,Experiment_2
2025-10-23T01:20:45.611Z,27,787,1479,243,1001,1712,5066,3119,10357,4114,4784,15655,Day_1,Dark,Intermediate,2.5mm,Experiment_2
2025-10-23T01:20:45.651Z,27,788,1482,246,1005,1714,5221,3128,10364,4140,4792,15668,Day_1,Dark,Intermediate,2.5mm,Experiment_2
2025-10-23T01:20:45.691Z,33,784,1482,255,1002,1715,4940,3128,10379,4194,4809,15716,Day_1,Dark,Intermediate,2.5mm,Experiment_2
2025-10-23T01:20:45.731Z,37,779,1480,261,997,1714,4547,3125,10407,4227,4837,15804,Day_1,Dark,Intermediate,2.5mm,Experiment_2
2025-10-23T01:20:45.771Z,36,778,1477,262,997,1714,4118,3119,10435,4175,4859,15887,Day_1,Dark,Intermediate,2.5mm,Experiment_2
2025-10-23T01:20:45.811Z,32,779,1475,263,999,1715,3742,3105,10450,4059,4861,15925,Day_1,Dark,Intermediate,2.5mm,Experiment_2
2025-10-23T01:20:45.851Z,30,779,1471,263,1002,1711,3494,3085,10445,3935,4842,15906,Day_1,Dark,Intermediate,2.5mm,Experiment_2
2025-10-23T01:20:45.891Z,28,781,1468,259,1001,1706,3189,3071,10408,3828,4798,15789,Day_1,Dark,Intermediate,2.5mm,Experiment_2
2025-10-23T01:20:45.931Z,25,778,1469,248,993,1700,2689,3065,10329,3732,4723,15544,Day_1,Dark,Intermediate,2.5mm,Experiment_2
2025-10-23T01:20:45.971Z,26,767,1471,240,980,1696,2273,3061,10245,3692,4645,15287,Day_1,Dark,Intermediate,2.5mm,Experiment_2
2025-10-23T01:20:46.011Z,33,757,1473,242,974,1697,2259,3062,10224,3783,4623,15221,Day_1,Dark,Intermediate,2.5mm,Experiment_2
2025-10-23T01:20:46.051Z,38,758,1474,250,980,1702,2532,3070,10275,3950,4670,15366,Day_1,Dark,Intermediate,2.5mm,Experiment_2
2025-10-23T01:20:46.091Z,37,766,1476,255,990,1709,2905,3082,10346,4094,4736,15557,Day_1,Dark,Intermediate,2.5mm,Experiment_2
2025-10-23T01:20:46.131Z,37,771,1478,258,993,1714,3244,3085,10386,4173,4774,15672,Day_1,Dark,Intermediate,2.5mm,Experiment_2
2025-10-23T01:20:46.171Z,41,769,1476,261,992,1713,3438,3076,10387,4177,4775,15698,Day_1,Dark,Intermediate,2.5mm,Experiment_2
2025-10-23T01:20:46.211Z,42,769,1471,261,990,1709,3509,3067,10376,4147,4762,15690,Day_1,Dark,Intermediate,2.5mm,Experiment_2
2025-10-23T01:20:46.251Z,39,769,1470,258,990,1709,3524,3071,10385,4126,4771,15724,Day_1,Dark,Intermediate,2.5mm,Experiment_2
2025-10-23T01:20:46.291Z,34,769,1474,255,989,1715,3524,3084,10422,4127,4805,15810,Day_1,Dark,Intermediate,2.5mm,Experiment_2
2025-10-23T01:20:46.331Z,30,770,1475,253,991,1716,3532,3087,10455,4137,4837,15889,Day_1,Dark,Intermediate,2.5mm,Experiment_2
2025-10-23T01:20:46.371Z,29,774,1473,252,996,1713,3546,3079,10462,4137,4847,15923,Day_1,Dark,Intermediate,2.5mm,Experiment_2
2025-10-23T01:20:46.411Z,30,776,1477,253,1000,1714,3554,3077,10441,4122,4838,15898,Day_1,Dark,Intermediate,2.5mm,Experiment_2
2025-10-23T01:20:46.451Z,29,775,1485,252,1000,1719,3553,3079,10385,4096,4799,15772,Day_1,Dark,Intermediate,2.5mm,Experiment_2
2025-10-23T01:20:46.491Z,30,774,1482,251,995,1713,3540,3077,10291,4053,4718,15497,Day_1,Dark,Intermediate,2.5mm,Experiment_2
2025-10-23T01:20:46.531Z,34,775,1466,252,989,1695,3516,3072,10182,3995,4612,15141,Day_1,Dark,Intermediate,2.5mm,Experiment_2
2025-10-23T01:20:46.571Z,39,777,1453,256,986,1681,3492,3068,10115,3955,4544,14919,Day_1,Dark,Intermediate,2.5mm,Experiment_2
2025-10-23T01:20:46.611Z,39,777,1454,259,985,1682,3479,3068,10133,3963,4560,14976,Day_1,Dark,Intermediate,2.5mm,Experiment_2
2025-10-23T01:20:46.651Z,34,776,1460,254,986,1691,3480,3074,10211,4002,4633,15216,Day_1,Dark,Intermediate,2.5mm,Experiment_2
2025-10-23T01:20:46.691Z,31,775,1464,247,988,1700,3493,3074,10289,4040,4704,15449,Day_1,Dark,Intermediate,2.5mm,Experiment_2
2025-10-23T01:20:46.731Z,33,775,1465,244,990,1706,3518,3061,10325,4065,4736,15568,Day_1,Dark,Intermediate,2.5mm,Experiment_2
2025-10-23T01:20:46.771Z,39,773,1463,249,990,1706,3547,3048,10322,4075,4736,15588,Day_1,Dark,Intermediate,2.5mm,Experiment_2
2025-10-23T01:20:46.811Z,42,775,1461,255,992,1702,3562,3048,10325,4079,4742,15617,Day_1,Dark,Intermediate,2.5mm,Experiment_2
2025-10-23T01:20:46.851Z,41,779,1463,258,996,1702,3552,3055,10362,4087,4777,15721,Day_1,Dark,Intermediate,2.5mm,Experiment_2
2025-10-23T01:20:46.891Z,36,783,1471,257,999,1708,3531,3055,10413,4096,4820,15846,Day_1,Dark,Intermediate,2.5mm,Experiment_2
2025-10-23T01:20:46.931Z,26,788,1480,251,1005,1716,3520,3055,10443,4102,4843,15921,Day_1,Dark,Intermediate,2.5mm,Experiment_2
2025-10-23T01:20:46.971Z,21,793,1484,250,1014,1719,3519,3072,10448,4105,4839,15933,Day_1,Dark,Intermediate,2.5mm,Experiment_2
2025-10-23T01:20:47.011Z,24,796,1483,253,1018,1718,3519,3093,10428,4101,4800,15872,Day_1,Dark,Intermediate,2.5mm,Experiment_2
2025-10-23T01:20:47.051Z,31,794,1479,256,1012,1710,3521,3088,10369,4080,4730,15689,Day_1,Dark,Intermediate,2.5mm,Experiment_2
2025-10-23T01:20:47.091Z,37,791,1472,256,1002,1697,3517,3032,10270,4037,4645,15392,Day_1,Dark,Intermediate,2.5mm,Experiment_2
2025-10-23T01:20:47.131Z,42,787,1464,255,995,1684,3507,2936,10188,3998,4581,15159,Day_1,Dark,Intermediate,2.5mm,Experiment_2
2025-10-23T01:20:47.171Z,47,783,1458,257,993,1679,3498,2889,10184,3996,4594,15165,Day_1,Dark,Intermediate,2.5mm,Experiment_2
2025-10-23T01:20:47.212Z,51,775,1455,263,990,1683,3492,2984,10243,4022,4684,15351,Day_1,Dark,Intermediate,2.5mm,Experiment_2
2025-10-23T01:20:47.252Z,54,766,1457,269,982,1691,3488,3200,10311,4046,4787,15544,Day_1,Dark,Intermediate,2.5mm,Experiment_2
2025-10-23T01:20:47.292Z,49,761,1462,267,978,1698,3489,3458,10354,4062,4840,15658,Day_1,Dark,Intermediate,2.5mm,Experiment_2
2025-10-23T01:20:47.332Z,40,761,1468,259,979,1702,3501,3879,10370,4076,4832,15693,Day_1,Dark,Intermediate,2.5mm,Experiment_2
2025-10-23T01:20:47.372Z,33,761,1471,250,983,1706,3518,4733,10375,4087,4807,15697,Day_1,Dark,Intermediate,2.5mm,Experiment_2
2025-10-23T01:20:47.412Z,29,763,1471,243,988,1710,3532,5614,10390,4094,4807,15727,Day_1,Dark,Intermediate,2.5mm,Experiment_2
2025-10-23T01:20:47.452Z,25,772,1468,238,997,1711,3537,5577,10419,4101,4828,15800,Day_1,Dark,Intermediate,2.5mm,Experiment_2
2025-10-23T01:20:47.492Z,21,784,1467,236,1009,1711,3538,4636,10441,4109,4852,15877,Day_1,Dark,Intermediate,2.5mm,Experiment_2
2025-10-23T01:20:47.532Z,16,795,1468,235,1020,1711,3536,3719,10443,4113,4855,15921,Day_1,Dark,Intermediate,2.5mm,Experiment_2
2025-10-23T01:20:47.571Z,15,801,1470,239,1023,1713,3524,3280,10435,4106,4810,15907,Day_1,Dark,Intermediate,2.5mm,Experiment_2
2025-10-23T01:20:47.611Z,18,801,1473,245,1016,1713,3499,3134,10406,4081,4699,15789,Day_1,Dark,Intermediate,2.5mm,Experiment_2
2025-10-23T01:20:47.651Z,22,796,1472,249,1002,1706,3467,3023,10329,4031,4553,15528,Day_1,Dark,Intermediate,2.5mm,Experiment_2
2025-10-23T01:20:47.691Z,25,788,1465,250,989,1696,3446,2762,10227,3976,4414,15221,Day_1,Dark,Intermediate,2.5mm,Experiment_2
2025-10-23T01:20:47.731Z,29,782,1457,251,983,1691,3447,2320,10171,3957,4276,15088,Day_1,Dark,Intermediate,2.5mm,Experiment_2
2025-10-23T01:20:47.771Z,30,783,1454,254,988,1692,3468,1994,10204,3983,4191,15202,Day_1,Dark,Intermediate,2.5mm,Experiment_2
2025-10-23T01:20:47.811Z,31,783,1457,255,994,1696,3489,2047,10285,4027,4272,15424,Day_1,Dark,Intermediate,2.5mm,Experiment_2
2025-10-23T01:20:47.851Z,33,778,1464,257,994,1700,3492,2339,10344,4054,4488,15591,Day_1,Dark,Intermediate,2.5mm,Experiment_2
2025-10-23T01:20:47.891Z,38,777,1470,259,992,1701,3478,2676,10357,4061,4671,15649,Day_1,Dark,Intermediate,2.5mm,Experiment_2
2025-10-23T01:20:47.931Z,44,780,1470,263,993,1700,3469,2938,10362,4062,4748,15654,Day_1,Dark,Intermediate,2.5mm,Experiment_2
2025-10-23T01:20:47.971Z,47,785,1469,266,997,1701,3477,3061,10394,4072,4782,15711,Day_1,Dark,Intermediate,2.5mm,Experiment_2
2025-10-23T01:20:48.011Z,43,787,1472,265,1000,1707,3490,3098,10440,4087,4824,15828,Day_1,Dark,Intermediate,2.5mm,Experiment_2
2025-10-23T01:20:48.051Z,35,788,1474,257,1002,1711,3501,3115,10465,4096,4863,15915,Day_1,Dark,Intermediate,2.5mm,Experiment_2
2025-10-23T01:20:48.091Z,26,791,1472,249,1003,1711,3508,3129,10464,4098,4886,15938,Day_1,Dark,Intermediate,2.5mm,Experiment_2
2025-10-23T01:20:48.131Z,23,795,1464,247,1005,1706,3510,3135,10444,4094,4888,15912,Day_1,Dark,Intermediate,2.5mm,Experiment_2
2025-10-23T01:20:48.171Z,27,805,1454,251,1009,1697,3507,3128,10396,4077,4854,15804,Day_1,Dark,Intermediate,2.5mm,Experiment_2
2025-10-23T01:20:48.211Z,32,822,1447,255,1009,1688,3495,3110,10308,4039,4768,15555,Day_1,Dark,Intermediate,2.5mm,Experiment_2
2025-10-23T01:20:48.251Z,33,835,1447,256,1002,1681,3478,3082,10190,3987,4645,15203,Day_1,Dark,Intermediate,2.5mm,Experiment_2
2025-10-23T01:20:48.291Z,31,836,1450,252,994,1680,3468,3048,10111,3953,4553,14960,Day_1,Dark,Intermediate,2.5mm,Experiment_2
2025-10-23T01:20:48.331Z,27,822,1453,246,996,1684,3471,3027,10128,3962,4560,14995,Day_1,Dark,Intermediate,2.5mm,Experiment_2
2025-10-23T01:20:48.371Z,27,800,1454,243,1000,1690,3483,3040,10212,3999,4643,15226,Day_1,Dark,Intermediate,2.5mm,Experiment_2
2025-10-23T01:20:48.411Z,31,780,1461,246,996,1697,3500,3075,10300,4038,4726,15461,Day_1,Dark,Intermediate,2.5mm,Experiment_2
2025-10-23T01:20:48.451Z,36,773,1472,250,994,1706,3519,3104,10354,4064,4767,15595,Day_1,Dark,Intermediate,2.5mm,Experiment_2
2025-10-23T01:20:48.491Z,38,781,1478,254,999,1711,3529,3114,10367,4072,4772,15628,Day_1,Dark,Intermediate,2.5mm,Experiment_2
2025-10-23T01:20:48.531Z,40,793,1477,258,1007,1712,3525,3115,10366,4070,4769,15645,Day_1,Dark,Intermediate,2.5mm,Experiment_2
2025-10-23T01:20:48.571Z,40,798,1474,260,1012,1713,3520,3116,10385,4071,4784,15723,Day_1,Dark,Intermediate,2.5mm,Experiment_2
2025-10-23T01:20:48.611Z,39,799,1471,260,1013,1711,3516,3113,10423,4078,4813,15841,Day_1,Dark,Intermediate,2.5mm,Experiment_2
2025-10-23T01:20:48.651Z,41,799,1465,263,1013,1705,3508,3100,10450,4083,4836,15927,Day_1,Dark,Intermediate,2.5mm,Experiment_2
2025-10-23T01:20:48.691Z,46,797,1460,267,1011,1702,3501,3082,10457,4084,4842,15955,Day_1,Dark,Intermediate,2.5mm,Experiment_2
2025-10-23T01:20:48.731Z,50,795,1460,269,1008,1704,3497,3076,10445,4081,4834,15920,Day_1,Dark,Intermediate,2.5mm,Experiment_2
2025-10-23T01:20:48.771Z,49,792,1462,266,1004,1707,3489,3080,10397,4067,4797,15778,Day_1,Dark,Intermediate,2.5mm,Experiment_2
2025-10-23T01:20:48.811Z,46,788,1464,260,1000,1702,3478,3075,10303,4034,4717,15508,Day_1,Dark,Intermediate,2.5mm,Experiment_2
2025-10-23T01:20:48.851Z,42,783,1465,252,996,1694,3472,3056,10220,3999,4631,15255,Day_1,Dark,Intermediate,2.5mm,Experiment_2
2025-10-23T01:20:48.891Z,39,783,1464,249,996,1690,3473,3046,10222,3992,4612,15221,Day_1,Dark,Intermediate,2.5mm,Experiment_2
2025-10-23T01:20:48.931Z,37,790,1462,249,1000,1691,3479,3057,10293,4012,4663,15387,Day_1,Dark,Intermediate,2.5mm,Experiment_2
2025-10-23T01:20:48.971Z,32,802,1462,250,1008,1696,3490,3076,10356,4038,4724,15576,Day_1,Dark,Intermediate,2.5mm,Experiment_2
2025-10-23T01:20:49.012Z,29,814,1465,252,1019,1701,3506,3078,10385,4057,4753,15682,Day_1,Dark,Intermediate,2.5mm,Experiment_2
2025-10-23T01:20:49.052Z,26,816,1468,253,1024,1707,3511,3066,10389,4066,4754,15704,Day_1,Dark,Intermediate,2.5mm,Experiment_2
2025-10-23T01:20:49.092Z,25,801,1474,252,1014,1712,3500,3059,10384,4063,4753,15699,Day_1,Dark,Intermediate,2.5mm,Experiment_2
2025-10-23T01:20:49.132Z,30,780,1478,254,999,1716,3491,3066,10387,4064,4768,15733,Day_1,Dark,Intermediate,2.5mm,Experiment_2
2025-10-23T01:20:49.172Z,35,770,1478,258,994,1717,3501,3081,10406,4079,4800,15816,Day_1,Dark,Intermediate,2.5mm,Experiment_2
2025-10-23T01:20:49.212Z,33,773,1476,256,998,1716,3524,3093,10426,4102,4832,15895,Day_1,Dark,Intermediate,2.5mm,Experiment_2
2025-10-23T01:20:49.252Z,26,775,1477,251,1000,1714,3540,3102,10440,4116,4852,15934,Day_1,Dark,Intermediate,2.5mm,Experiment_2
2025-10-23T01:20:49.292Z,26,773,1479,250,996,1713,3544,3103,10445,4113,4853,15920,Day_1,Dark,Intermediate,2.5mm,Experiment_2
2025-10-23T01:20:49.332Z,31,767,1476,252,987,1709,3538,3094,10416,4090,4818,15802,Day_1,Dark,Intermediate,2.5mm,Experiment_2
2025-10-23T01:20:49.372Z,35,755,1465,254,970,1699,3526,3079,10328,4044,4730,15526,Day_1,Dark,Intermediate,2.5mm,Experiment_2
2025-10-23T01:20:49.412Z,38,740,1452,256,948,1685,3509,3067,10210,3988,4616,15168,Day_1,Dark,Intermediate,2.5mm,Experiment_2
2025-10-23T01:20:49.452Z,35,734,1450,256,938,1679,3494,3067,10145,3954,4551,14957,Day_1,Dark,Intermediate,2.5mm,Experiment_2
2025-10-23T01:20:49.492Z,28,746,1458,253,950,1684,3490,3076,10171,3964,4576,15028,Day_1,Dark,Intermediate,2.5mm,Experiment_2
2025-10-23T01:20:49.532Z,23,767,1468,250,974,1694,3498,3088,10252,3999,4653,15265,Day_1,Dark,Intermediate,2.5mm,Experiment_2
2025-10-23T01:20:49.572Z,25,780,1476,254,991,1703,3507,3099,10327,4031,4720,15480,Day_1,Dark,Intermediate,2.5mm,Experiment_2
2025-10-23T01:20:49.612Z,29,784,1476,260,996,1706,3502,3103,10357,4043,4750,15577,Day_1,Dark,Intermediate,2.5mm,Experiment_2
2025-10-23T01:20:49.652Z,30,791,1474,262,1001,1704,3489,3098,10350,4042,4753,15586,Day_1,Dark,Intermediate,2.5mm,Experiment_2
2025-10-23T01:20:49.692Z,32,800,1474,261,1010,1704,3487,3091,10350,4048,4763,15625,Day_1,Dark,Intermediate,2.5mm,Experiment_2
2025-10-23T01:20:49.732Z,34,801,1475,258,1014,1707,3498,3087,10381,4068,4795,15738,Day_1,Dark,Intermediate,2.5mm,Experiment_2
2025-10-23T01:20:49.772Z,36,791,1472,254,1009,1709,3512,3088,10419,4091,4829,15855,Day_1,Dark,Intermediate,2.5mm,Experiment_2
2025-10-23T01:20:49.812Z,38,782,1469,254,1003,1711,3520,3095,10442,4107,4848,15918,Day_1,Dark,Intermediate,2.5mm,Experiment_2
2025-10-23T01:20:49.852Z,40,782,1466,259,1002,1714,3521,3102,10445,4111,4850,15924,Day_1,Dark,Intermediate,2.5mm,Experiment_2
2025-10-23T01:20:49.892Z,41,784,1465,264,1003,1714,3514,3099,10417,4099,4826,15855,Day_1,Dark,Intermediate,2.5mm,Experiment_2
2025-10-23T01:20:49.932Z,41,778,1462,264,995,1707,3509,3088,10344,4068,4767,15657,Day_1,Dark,Intermediate,2.5mm,Experiment_2
2025-10-23T01:20:49.972Z,41,766,1458,261,980,1696,3508,3080,10237,4023,4679,15348,Day_1,Dark,Intermediate,2.5mm,Experiment_2
2025-10-23T01:20:50.012Z,38,758,1456,255,968,1686,3508,3072,10162,3992,4612,15113,Day_1,Dark,Intermediate,2.5mm,Experiment_2
2025-10-23T01:20:50.052Z,33,762,1455,252,970,1682,3508,3064,10178,3998,4613,15128,Day_1,Dark,Intermediate,2.5mm,Experiment_2
2025-10-23T01:20:50.092Z,28,770,1456,250,981,1685,3510,3062,10255,4030,4670,15325,Day_1,Dark,Intermediate,2.5mm,Experiment_2
2025-10-23T01:20:50.132Z,27,774,1460,250,990,1693,3513,3073,10330,4060,4732,15526,Day_1,Dark,Intermediate,2.5mm,Experiment_2
2025-10-23T01:20:50.172Z,31,771,1468,253,992,1704,3513,3087,10372,4075,4767,15642,Day_1,Dark,Intermediate,2.5mm,Experiment_2
2025-10-23T01:20:50.212Z,42,767,1473,261,991,1712,3507,3092,10384,4075,4775,15676,Day_1,Dark,Intermediate,2.5mm,Experiment_2
2025-10-23T01:20:50.252Z,53,771,1475,269,994,1716,3498,3092,10381,4070,4776,15677,Day_1,Dark,Intermediate,2.5mm,Experiment_2
2025-10-23T01:20:50.292Z,53,782,1481,270,1001,1721,3491,3099,10380,4068,4790,15704,Day_1,Dark,Intermediate,2.5mm,Experiment_2
2025-10-23T01:20:50.332Z,45,789,1489,264,1003,1730,3490,3107,10398,4075,4817,15774,Day_1,Dark,Intermediate,2.5mm,Experiment_2
2025-10-23T01:20:50.372Z,38,788,1494,260,999,1735,3493,3106,10433,4087,4840,15857,Day_1,Dark,Intermediate,2.5mm,Experiment_2
2025-10-23T01:20:50.412Z,37,780,1491,261,994,1732,3499,3099,10465,4096,4852,15917,Day_1,Dark,Intermediate,2.5mm,Experiment_2
2025-10-23T01:20:50.452Z,37,774,1486,262,992,1723,3508,3098,10474,4099,4850,15922,Day_1,Dark,Intermediate,2.5mm,Experiment_2
2025-10-23T01:20:50.492Z,35,776,1477,258,995,1710,3510,3105,10437,4085,4820,15814,Day_1,Dark,Intermediate,2.5mm,Experiment_2
2025-10-23T01:20:50.532Z,30,786,1464,250,1000,1696,3497,3115,10335,4045,4747,15552,Day_1,Dark,Intermediate,2.5mm,Experiment_2
2025-10-23T01:20:50.572Z,26,792,1450,244,998,1682,3476,3116,10217,3998,4658,15250,Day_1,Dark,Intermediate,2.5mm,Experiment_2
2025-10-23T01:20:50.612Z,26,788,1443,246,989,1676,3470,3110,10173,3982,4620,15135,Day_1,Dark,Intermediate,2.5mm,Experiment_2
2025-10-23T01:20:50.652Z,31,780,1443,254,985,1678,3483,3107,10220,4007,4654,15264,Day_1,Dark,Intermediate,2.5mm,Experiment_2
2025-10-23T01:20:50.692Z,36,777,1450,262,991,1686,3498,3108,10297,4043,4716,15479,Day_1,Dark,Intermediate,2.5mm,Experiment_2
2025-10-23T01:20:50.732Z,38,777,1458,267,996,1694,3501,3112,10349,4066,4762,15629,Day_1,Dark,Intermediate,2.5mm,Experiment_2
2025-10-23T01:20:50.772Z,37,771,1467,267,993,1702,3498,3113,10363,4073,4780,15672,Day_1,Dark,Intermediate,2.5mm,Experiment_2
2025-10-23T01:20:50.812Z,38,762,1474,266,986,1710,3494,3111,10360,4074,4783,15664,Day_1,Dark,Intermediate,2.5mm,Experiment_2
2025-10-23T01:20:50.852Z,42,756,1481,265,983,1719,3493,3112,10370,4078,4798,15701,Day_1,Dark,Intermediate,2.5mm,Experiment_2
2025-10-23T01:20:50.892Z,43,757,1486,264,987,1726,3500,3121,10401,4089,4833,15799,Day_1,Dark,Intermediate,2.5mm,Experiment_2
2025-10-23T01:20:50.932Z,39,765,1484,261,994,1726,3514,3130,10437,4099,4859,15887,Day_1,Dark,Intermediate,2.5mm,Experiment_2
2025-10-23T01:20:50.972Z,33,771,1479,256,998,1720,3521,3127,10462,4102,4857,15924,Day_1,Dark,Intermediate,2.5mm,Experiment_2
2025-10-23T01:20:51.012Z,24,773,1477,245,997,1715,3518,3111,10456,4099,4835,15905,Day_1,Dark,Intermediate,2.5mm,Experiment_2
2025-10-23T01:20:51.052Z,15,772,1477,233,992,1711,3510,3084,10403,4085,4793,15790,Day_1,Dark,Intermediate,2.5mm,Experiment_2
2025-10-23T01:20:51.092Z,13,771,1474,230,988,1704,3491,3054,10304,4047,4714,15529,Day_1,Dark,Intermediate,2.5mm,Experiment_2
2025-10-23T01:20:51.132Z,20,770,1467,238,983,1691,3462,3032,10188,3985,4606,15177,Day_1,Dark,Intermediate,2.5mm,Experiment_2
2025-10-23T01:20:51.172Z,30,770,1458,249,981,1679,3442,3032,10119,3941,4539,14947,Day_1,Dark,Intermediate,2.5mm,Experiment_2
2025-10-23T01:20:51.212Z,37,769,1453,257,979,1678,3449,3059,10138,3947,4564,14992,Day_1,Dark,Intermediate,2.5mm,Experiment_2
2025-10-23T01:20:51.252Z,42,770,1459,262,979,1687,3475,3094,10208,3990,4646,15221,Day_1,Dark,Intermediate,2.5mm,Experiment_2
2025-10-23T01:20:51.292Z,43,773,1471,263,985,1701,3505,3117,10275,4037,4718,15447,Day_1,Dark,Intermediate,2.5mm,Experiment_2
2025-10-23T01:20:51.332Z,41,777,1485,260,993,1718,3522,3125,10313,4067,4753,15569,Day_1,Dark,Intermediate,2.5mm,Experiment_2
2025-10-23T01:20:51.372Z,37,782,1496,256,999,1729,3524,3118,10322,4075,4759,15594,Day_1,Dark,Intermediate,2.5mm,Experiment_2
2025-10-23T01:20:51.412Z,30,787,1496,251,1004,1729,3522,3107,10332,4078,4764,15611,Day_1,Dark,Intermediate,2.5mm,Experiment_2
2025-10-23T01:20:51.452Z,25,788,1488,248,1007,1722,3526,3105,10367,4088,4790,15694,Day_1,Dark,Intermediate,2.5mm,Experiment_2
2025-10-23T01:20:51.492Z,25,782,1478,250,1004,1715,3535,3110,10410,4101,4827,15814,Day_1,Dark,Intermediate,2.5mm,Experiment_2
2025-10-23T01:20:51.532Z,27,776,1469,253,999,1710,3541,3105,10434,4110,4848,15898,Day_1,Dark,Intermediate,2.5mm,Experiment_2
2025-10-23T01:20:51.572Z,27,775,1463,255,998,1707,3539,3091,10441,4115,4850,15924,Day_1,Dark,Intermediate,2.5mm,Experiment_2
2025-10-23T01:20:51.612Z,28,780,1463,256,1003,1708,3532,3086,10435,4112,4841,15891,Day_1,Dark,Intermediate,2.5mm,Experiment_2
2025-10-23T01:20:51.652Z,32,786,1462,260,1006,1704,3521,3088,10390,4091,4807,15753,Day_1,Dark,Intermediate,2.5mm,Experiment_2
2025-10-23T01:20:51.692Z,35,791,1455,260,1001,1692,3497,3086,10297,4044,4733,15487,Day_1,Dark,Intermediate,2.5mm,Experiment_2
2025-10-23T01:20:51.732Z,36,790,1450,256,994,1684,3457,3080,10206,3998,4659,15237,Day_1,Dark,Intermediate,2.5mm,Experiment_2
2025-10-23T01:20:51.772Z,34,783,1455,250,989,1687,3425,3084,10193,3989,4649,15207,Day_1,Dark,Intermediate,2.5mm,Experiment_2
2025-10-23T01:20:51.812Z,30,771,1462,247,984,1694,3425,3100,10257,4017,4700,15379,Day_1,Dark,Intermediate,2.5mm,Experiment_2
2025-10-23T01:20:51.852Z,28,760,1466,249,980,1699,3455,3111,10335,4045,4756,15573,Day_1,Dark,Intermediate,2.5mm,Experiment_2
2025-10-23T01:20:51.892Z,33,755,1470,257,978,1704,3490,3107,10378,4060,4783,15680,Day_1,Dark,Intermediate,2.5mm,Experiment_2
2025-10-23T01:20:51.932Z,40,755,1478,266,981,1712,3511,3088,10387,4066,4782,15703,Day_1,Dark,Intermediate,2.5mm,Experiment_2
2025-10-23T01:20:51.972Z,44,761,1484,272,988,1717,3517,3067,10382,4070,4775,15699,Day_1,Dark,Intermediate,2.5mm,Experiment_2
2025-10-23T01:20:52.012Z,41,770,1480,273,996,1714,3519,3066,10379,4082,4785,15726,Day_1,Dark,Intermediate,2.5mm,Experiment_2
2025-10-23T01:20:52.052Z,35,776,1472,269,999,1710,3525,3089,10387,4103,4815,15794,Day_1,Dark,Intermediate,2.5mm,Experiment_2
2025-10-23T01:20:52.092Z,30,776,1472,264,997,1715,3526,3119,10403,4118,4848,15864,Day_1,Dark,Intermediate,2.5mm,Experiment_2
2025-10-23T01:20:52.132Z,28,774,1479,257,994,1721,3514,3133,10423,4116,4863,15905,Day_1,Dark,Intermediate,2.5mm,Experiment_2
2025-10-23T01:20:52.172Z,27,777,1484,252,995,1723,3494,3118,10431,4100,4853,15894,Day_1,Dark,Intermediate,2.5mm,Experiment_2
2025-10-23T01:20:52.212Z,27,784,1484,249,1001,1720,3482,3086,10399,4075,4807,15781,Day_1,Dark,Intermediate,2.5mm,Experiment_2
2025-10-23T01:20:52.252Z,27,789,1480,247,1006,1712,3480,3055,10308,4037,4713,15514,Day_1,Dark,Intermediate,2.5mm,Experiment_2
2025-10-23T01:20:52.292Z,31,788,1473,248,1004,1699,3476,3034,10182,3991,4598,15166,Day_1,Dark,Intermediate,2.5mm,Experiment_2
2025-10-23T01:20:52.332Z,36,785,1468,250,1001,1688,3465,3030,10106,3963,4538,14962,Day_1,Dark,Intermediate,2.5mm,Experiment_2
2025-10-23T01:20:52.372Z,41,784,1467,252,1001,1686,3463,3041,10123,3970,4566,15030,Day_1,Dark,Intermediate,2.5mm,Experiment_2
2025-10-23T01:20:52.412Z,44,781,1470,256,1000,1692,3478,3060,10197,4004,4645,15261,Day_1,Dark,Intermediate,2.5mm,Experiment_2
2025-10-23T01:20:52.452Z,47,778,1477,263,1000,1702,3496,3076,10274,4040,4720,15472,Day_1,Dark,Intermediate,2.5mm,Experiment_2
2025-10-23T01:20:52.492Z,42,783,1479,264,1004,1707,3497,3081,10326,4057,4755,15571,Day_1,Dark,Intermediate,2.5mm,Experiment_2
2025-10-23T01:20:52.532Z,32,789,1473,258,1007,1703,3489,3077,10356,4056,4759,15596,Day_1,Dark,Intermediate,2.5mm,Experiment_2
2025-10-23T01:20:52.572Z,26,787,1466,253,1003,1700,3493,3081,10394,4063,4775,15664,Day_1,Dark,Intermediate,2.5mm,Experiment_2
2025-10-23T01:20:52.612Z,25,780,1466,253,996,1705,3517,3095,10444,4090,4816,15798,Day_1,Dark,Intermediate,2.5mm,Experiment_2
2025-10-23T01:20:52.652Z,24,777,1470,251,993,1710,3547,3105,10477,4122,4853,15903,Day_1,Dark,Intermediate,2.5mm,Experiment_2
2025-10-23T01:20:52.692Z,22,777,1473,247,995,1713,3560,3107,10472,4136,4867,15930,Day_1,Dark,Intermediate,2.5mm,Experiment_2
2025-10-23T01:20:52.732Z,23,779,1481,243,997,1718,3553,3103,10440,4127,4863,15905,Day_1,Dark,Intermediate,2.5mm,Experiment_2
2025-10-23T01:20:52.772Z,24,777,1491,245,997,1724,3534,3096,10386,4105,4836,15816,Day_1,Dark,Intermediate,2.5mm,Experiment_2
2025-10-23T01:20:52.812Z,25,772,1490,248,991,1721,3512,3087,10305,4067,4772,15602,Day_1,Dark,Intermediate,2.5mm,Experiment_2
2025-10-23T01:20:52.852Z,26,766,1473,247,982,1703,3493,3071,10209,4013,4672,15282,Day_1,Dark,Intermediate,2.5mm,Experiment_2
2025-10-23T01:20:52.892Z,28,767,1455,244,977,1686,3481,3058,10151,3971,4591,15050,Day_1,Dark,Intermediate,2.5mm,Experiment_2
2025-10-23T01:20:52.932Z,31,776,1450,242,982,1683,3482,3057,10171,3976,4588,15078,Day_1,Dark,Intermediate,2.5mm,Experiment_2
2025-10-23T01:20:52.972Z,31,785,1456,241,992,1691,3494,3066,10239,4014,4647,15288,Day_1,Dark,Intermediate,2.5mm,Experiment_2
2025-10-23T01:20:53.012Z,28,790,1465,243,1002,1700,3502,3071,10302,4048,4709,15500,Day_1,Dark,Intermediate,2.5mm,Experiment_2
2025-10-23T01:20:53.052Z,29,791,1472,247,1006,1706,3504,3071,10340,4067,4746,15619,Day_1,Dark,Intermediate,2.5mm,Experiment_2
2025-10-23T01:20:53.092Z,34,783,1471,252,997,1706,3504,3079,10365,4077,4763,15653,Day_1,Dark,Intermediate,2.5mm,Experiment_2
2025-10-23T01:20:53.132Z,38,773,1466,256,985,1702,3505,3098,10387,4082,4778,15664,Day_1,Dark,Intermediate,2.5mm,Experiment_2
2025-10-23T01:20:53.172Z,37,765,1466,258,980,1701,3505,3113,10413,4083,4801,15714,Day_1,Dark,Intermediate,2.5mm,Experiment_2
2025-10-23T01:20:53.212Z,34,759,1472,258,980,1708,3502,3116,10441,4082,4829,15802,Day_1,Dark,Intermediate,2.5mm,Experiment_2
2025-10-23T01:20:53.252Z,31,760,1479,257,986,1714,3506,3111,10463,4087,4853,15883,Day_1,Dark,Intermediate,2.5mm,Experiment_2
2025-10-23T01:20:53.292Z,30,770,1480,254,999,1714,3518,3106,10474,4097,4868,15928,Day_1,Dark,Intermediate,2.5mm,Experiment_2
2025-10-23T01:20:53.333Z,32,780,1476,255,1009,1710,3526,3103,10469,4101,4865,15913,Day_1,Dark,Intermediate,2.5mm,Experiment_2
2025-10-23T01:20:53.373Z,39,782,1471,260,1008,1707,3522,3093,10423,4084,4825,15793,Day_1,Dark,Intermediate,2.5mm,Experiment_2
2025-10-23T01:20:53.413Z,44,777,1468,259,998,1704,3506,3071,10324,4044,4737,15538,Day_1,Dark,Intermediate,2.5mm,Experiment_2
2025-10-23T01:20:53.453Z,41,772,1471,253,988,1704,3488,3053,10223,4005,4645,15272,Day_1,Dark,Intermediate,2.5mm,Experiment_2
2025-10-23T01:20:53.493Z,39,768,1476,251,984,1706,3481,3058,10197,3997,4619,15201,Day_1,Dark,Intermediate,2.5mm,Experiment_2
2025-10-23T01:20:53.533Z,40,765,1477,256,985,1710,3493,3081,10254,4023,4663,15347,Day_1,Dark,Intermediate,2.5mm,Experiment_2
2025-10-23T01:20:53.573Z,44,767,1475,262,991,1711,3512,3099,10329,4057,4723,15545,Day_1,Dark,Intermediate,2.5mm,Experiment_2
2025-10-23T01:20:53.613Z,47,772,1471,264,999,1710,3517,3105,10367,4075,4765,15661,Day_1,Dark,Intermediate,2.5mm,Experiment_2
2025-10-23T01:20:53.653Z,41,775,1467,258,1002,1707,3509,3107,10358,4074,4782,15681,Day_1,Dark,Intermediate,2.5mm,Experiment_2
2025-10-23T01:20:53.693Z,29,776,1464,247,1001,1703,3500,3108,10339,4068,4785,15672,Day_1,Dark,Intermediate,2.5mm,Experiment_2
2025-10-23T01:20:53.733Z,21,780,1464,239,1002,1700,3493,3108,10356,4071,4799,15715,Day_1,Dark,Intermediate,2.5mm,Experiment_2
2025-10-23T01:20:53.773Z,23,786,1467,242,1005,1702,3491,3111,10407,4086,4827,15814,Day_1,Dark,Intermediate,2.5mm,Experiment_2
2025-10-23T01:20:53.813Z,31,789,1476,251,1007,1711,3491,3114,10451,4100,4853,15899,Day_1,Dark,Intermediate,2.5mm,Experiment_2
2025-10-23T01:20:53.853Z,40,785,1488,260,1004,1724,3491,3115,10466,4107,4866,15932,Day_1,Dark,Intermediate,2.5mm,Experiment_2
2025-10-23T01:20:53.893Z,46,776,1494,263,997,1731,3494,3113,10452,4105,4866,15906,Day_1,Dark,Intermediate,2.5mm,Experiment_2
2025-10-23T01:20:53.933Z,47,768,1490,263,989,1728,3494,3105,10401,4085,4834,15782,Day_1,Dark,Intermediate,2.5mm,Experiment_2
2025-10-23T01:20:53.973Z,43,766,1484,260,983,1720,3482,3087,10299,4039,4743,15506,Day_1,Dark,Intermediate,2.5mm,Experiment_2
2025-10-23T01:20:54.013Z,34,771,1477,252,980,1708,3466,3067,10169,3983,4619,15143,Day_1,Dark,Intermediate,2.5mm,Experiment_2
2025-10-23T01:20:54.053Z,26,777,1472,244,982,1697,3458,3061,10093,3954,4541,14920,Day_1,Dark,Intermediate,2.5mm,Experiment_2
2025-10-23T01:20:54.093Z,27,779,1471,242,987,1693,3464,3067,10121,3967,4558,14982,Day_1,Dark,Intermediate,2.5mm,Experiment_2
2025-10-23T01:20:54.133Z,34,779,1474,249,993,1696,3473,3068,10207,4002,4629,15223,Day_1,Dark,Intermediate,2.5mm,Experiment_2
2025-10-23T01:20:54.173Z,39,784,1477,255,1001,1703,3476,3055,10286,4030,4688,15455,Day_1,Dark,Intermediate,2.5mm,Experiment_2
2025-10-23T01:20:54.213Z,39,792,1478,259,1007,1709,3477,3048,10336,4044,4716,15579,Day_1,Dark,Intermediate,2.5mm,Experiment_2
2025-10-23T01:20:54.253Z,39,794,1474,265,1007,1712,3485,3059,10366,4051,4725,15607,Day_1,Dark,Intermediate,2.5mm,Experiment_2
2025-10-23T01:20:54.293Z,42,791,1471,270,1003,1712,3507,3075,10397,4064,4740,15642,Day_1,Dark,Intermediate,2.5mm,Experiment_2
2025-10-23T01:20:54.333Z,44,791,1469,270,1004,1712,3529,3083,10433,4083,4773,15749,Day_1,Dark,Intermediate,2.5mm,Experiment_2
2025-10-23T01:20:54.373Z,44,799,1467,267,1013,1711,3537,3077,10463,4099,4804,15874,Day_1,Dark,Intermediate,2.5mm,Experiment_2
2025-10-23T01:20:54.413Z,43,807,1464,263,1021,1708,3542,3062,10470,4110,4821,15943,Day_1,Dark,Intermediate,2.5mm,Experiment_2
2025-10-23T01:20:54.453Z,41,806,1463,259,1021,1706,3547,3059,10454,4116,4827,15943,Day_1,Dark,Intermediate,2.5mm,Experiment_2
2025-10-23T01:20:54.493Z,38,795,1462,256,1009,1705,3540,3070,10422,4105,4817,15874,Day_1,Dark,Intermediate,2.5mm,Experiment_2
2025-10-23T01:20:54.533Z,37,780,1463,255,993,1705,3517,3071,10363,4067,4766,15695,Day_1,Dark,Intermediate,2.5mm,Experiment_2
2025-10-23T01:20:54.573Z,38,770,1467,256,978,1703,3485,3049,10275,4011,4672,15407,Day_1,Dark,Intermediate,2.5mm,Experiment_2
2025-10-23T01:20:54.613Z,39,766,1469,258,970,1698,3462,3020,10207,3973,4594,15173,Day_1,Dark,Intermediate,2.5mm,Experiment_2
2025-10-23T01:20:54.653Z,39,768,1470,261,971,1694,3463,3019,10211,3984,4599,15174,Day_1,Dark,Intermediate,2.5mm,Experiment_2
2025-10-23T01:20:54.693Z,35,770,1469,261,977,1696,3484,3057,10266,4028,4672,15357,Day_1,Dark,Intermediate,2.5mm,Experiment_2
2025-10-23T01:20:54.733Z,27,769,1468,255,983,1700,3503,3101,10318,4064,4745,15546,Day_1,Dark,Intermediate,2.5mm,Experiment_2
2025-10-23T01:20:54.773Z,20,767,1463,247,986,1700,3507,3119,10345,4075,4782,15652,Day_1,Dark,Intermediate,2.5mm,Experiment_2
2025-10-23T01:20:54.813Z,21,769,1459,243,988,1697,3498,3115,10350,4069,4789,15685,Day_1,Dark,Intermediate,2.5mm,Experiment_2
2025-10-23T01:20:54.853Z,26,775,1461,240,992,1695,3489,3112,10354,4066,4790,15695,Day_1,Dark,Intermediate,2.5mm,Experiment_2
2025-10-23T01:20:54.893Z,27,778,1466,238,996,1696,3489,3117,10366,4074,4803,15729,Day_1,Dark,Intermediate,2.5mm,Experiment_2
2025-10-23T01:20:54.933Z,25,774,1473,237,994,1704,3493,3122,10384,4086,4828,15797,Day_1,Dark,Intermediate,2.5mm,Experiment_2
2025-10-23T01:20:54.973Z,24,767,1481,240,988,1718,3498,3121,10405,4096,4851,15870,Day_1,Dark,Intermediate,2.5mm,Experiment_2
2025-10-23T01:20:55.013Z,25,765,1487,245,988,1728,3505,3119,10426,4101,4859,15914,Day_1,Dark,Intermediate,2.5mm,Experiment_2
2025-10-23T01:20:55.053Z,26,763,1490,247,986,1730,3511,3115,10437,4100,4847,15905,Day_1,Dark,Intermediate,2.5mm,Experiment_2
2025-10-23T01:20:55.093Z,25,757,1486,246,978,1722,3507,3107,10415,4085,4807,15791,Day_1,Dark,Intermediate,2.5mm,Experiment_2
2025-10-23T01:20:55.133Z,21,753,1471,243,968,1705,3490,3093,10339,4046,4724,15526,Day_1,Dark,Intermediate,2.5mm,Experiment_2
2025-10-23T01:20:55.173Z,19,753,1454,240,963,1686,3471,3073,10236,3994,4621,15196,Day_1,Dark,Intermediate,2.5mm,Experiment_2
2025-10-23T01:20:55.213Z,23,760,1452,239,968,1682,3464,3055,10175,3969,4564,15031,Day_1,Dark,Intermediate,2.5mm,Experiment_2
2025-10-23T01:20:55.253Z,32,770,1465,246,980,1693,3477,3050,10193,3988,4590,15129,Day_1,Dark,Intermediate,2.5mm,Experiment_2
2025-10-23T01:20:55.293Z,40,776,1479,254,991,1705,3500,3062,10254,4028,4663,15355,Day_1,Dark,Intermediate,2.5mm,Experiment_2
2025-10-23T01:20:55.333Z,40,780,1481,259,998,1709,3516,3087,10310,4059,4730,15542,Day_1,Dark,Intermediate,2.5mm,Experiment_2
2025-10-23T01:20:55.373Z,35,789,1477,259,1006,1710,3511,3104,10336,4068,4764,15615,Day_1,Dark,Intermediate,2.5mm,Experiment_2
2025-10-23T01:20:55.413Z,31,796,1475,258,1013,1712,3498,3109,10340,4063,4772,15622,Day_1,Dark,Intermediate,2.5mm,Experiment_2
2025-10-23T01:20:55.453Z,28,794,1474,256,1014,1712,3498,3110,10362,4066,4785,15681,Day_1,Dark,Intermediate,2.5mm,Experiment_2
2025-10-23T01:20:55.493Z,24,789,1475,256,1011,1712,3511,3107,10406,4083,4814,15807,Day_1,Dark,Intermediate,2.5mm,Experiment_2
2025-10-23T01:20:55.533Z,21,784,1477,256,1006,1711,3515,3100,10431,4097,4838,15902,Day_1,Dark,Intermediate,2.5mm,Experiment_2
2025-10-23T01:20:55.573Z,17,776,1478,253,997,1710,3502,3092,10434,4097,4846,15926,Day_1,Dark,Intermediate,2.5mm,Experiment_2
2025-10-23T01:20:55.613Z,13,765,1475,246,987,1708,3482,3085,10436,4086,4841,15909,Day_1,Dark,Intermediate,2.5mm,Experiment_2
2025-10-23T01:20:55.653Z,11,763,1469,236,983,1704,3469,3080,10427,4068,4816,15827,Day_1,Dark,Intermediate,2.5mm,Experiment_2
2025-10-23T01:20:55.693Z,10,773,1461,230,987,1695,3464,3067,10368,4041,4748,15607,Day_1,Dark,Intermediate,2.5mm,Experiment_2
2025-10-23T01:20:55.733Z,14,785,1456,229,990,1684,3462,3041,10258,4001,4638,15275,Day_1,Dark,Intermediate,2.5mm,Experiment_2
2025-10-23T01:20:55.773Z,21,791,1452,233,990,1678,3463,3020,10165,3968,4556,15032,Day_1,Dark,Intermediate,2.5mm,Experiment_2
2025-10-23T01:20:55.813Z,28,793,1450,238,993,1681,3475,3027,10162,3968,4565,15058,Day_1,Dark,Intermediate,2.5mm,Experiment_2
2025-10-23T01:20:55.853Z,30,792,1450,239,997,1687,3494,3064,10233,3998,4640,15279,Day_1,Dark,Intermediate,2.5mm,Experiment_2
2025-10-23T01:20:55.893Z,30,788,1454,239,1000,1695,3504,3118,10314,4032,4719,15504,Day_1,Dark,Intermediate,2.5mm,Experiment_2
2025-10-23T01:20:55.933Z,35,787,1460,245,1003,1701,3498,3155,10363,4053,4768,15632,Day_1,Dark,Intermediate,2.5mm,Experiment_2
2025-10-23T01:20:55.973Z,41,790,1463,254,1007,1702,3490,3161,10380,4061,4787,15665,Day_1,Dark,Intermediate,2.5mm,Experiment_2
2025-10-23T01:20:56.013Z,40,792,1463,258,1010,1699,3485,3154,10389,4065,4797,15674,Day_1,Dark,Intermediate,2.5mm,Experiment_2
2025-10-23T01:20:56.053Z,36,790,1464,258,1009,1697,3484,3144,10407,4075,4816,15723,Day_1,Dark,Intermediate,2.5mm,Experiment_2
2025-10-23T01:20:56.093Z,34,782,1467,259,1002,1700,3493,3128,10431,4094,4842,15812,Day_1,Dark,Intermediate,2.5mm,Experiment_2
2025-10-23T01:20:56.133Z,30,772,1471,257,994,1707,3514,3115,10449,4114,4863,15893,Day_1,Dark,Intermediate,2.5mm,Experiment_2
2025-10-23T01:20:56.173Z,22,766,1476,249,989,1714,3538,3109,10451,4127,4869,15929,Day_1,Dark,Intermediate,2.5mm,Experiment_2
2025-10-23T01:20:56.213Z,16,768,1476,241,993,1716,3549,3108,10435,4126,4855,15903,Day_1,Dark,Intermediate,2.5mm,Experiment_2
2025-10-23T01:20:56.253Z,19,778,1472,241,1002,1712,3540,3105,10392,4104,4816,15781,Day_1,Dark,Intermediate,2.5mm,Experiment_2
2025-10-23T01:20:56.293Z,25,783,1462,246,1004,1701,3510,3102,10309,4059,4743,15532,Day_1,Dark,Intermediate,2.5mm,Experiment_2
2025-10-23T01:20:56.333Z,26,778,1452,246,995,1688,3474,3102,10225,4012,4666,15272,Day_1,Dark,Intermediate,2.5mm,Experiment_2
2025-10-23T01:20:56.373Z,18,766,1447,236,982,1683,3448,3111,10214,4000,4642,15203,Day_1,Dark,Intermediate,2.5mm,Experiment_2
2025-10-23T01:20:56.413Z,11,754,1450,227,971,1687,3447,3116,10276,4023,4678,15347,Day_1,Dark,Intermediate,2.5mm,Experiment_2
2025-10-23T01:20:56.453Z,13,747,1459,228,963,1695,3468,3109,10348,4047,4732,15542,Day_1,Dark,Intermediate,2.5mm,Experiment_2
2025-10-23T01:20:56.493Z,22,745,1468,237,962,1702,3490,3102,10385,4057,4771,15661,Day_1,Dark,Intermediate,2.5mm,Experiment_2
2025-10-23T01:20:56.533Z,31,751,1477,247,968,1706,3503,3107,10376,4059,4787,15682,Day_1,Dark,Intermediate,2.5mm,Experiment_2
2025-10-23T01:20:56.573Z,35,763,1480,252,981,1710,3513,3112,10353,4061,4789,15666,Day_1,Dark,Intermediate,2.5mm,Experiment_2
2025-10-23T01:20:56.613Z,32,776,1475,252,994,1711,3521,3110,10360,4066,4801,15699,Day_1,Dark,Intermediate,2.5mm,Experiment_2
2025-10-23T01:20:56.653Z,26,785,1468,251,1002,1711,3521,3109,10396,4075,4828,15793,Day_1,Dark,Intermediate,2.5mm,Experiment_2
2025-10-23T01:20:56.693Z,24,788,1464,252,1004,1711,3520,3112,10431,4086,4854,15879,Day_1,Dark,Intermediate,2.5mm,Experiment_2
2025-10-23T01:20:56.733Z,29,786,1467,257,1004,1715,3520,3115,10451,4096,4865,15916,Day_1,Dark,Intermediate,2.5mm,Experiment_2
2025-10-23T01:20:56.773Z,33,788,1469,260,1008,1718,3510,3111,10449,4098,4858,15897,Day_1,Dark,Intermediate,2.5mm,Experiment_2
2025-10-23T01:20:56.813Z,31,791,1462,256,1011,1712,3493,3099,10413,4079,4819,15781,Day_1,Dark,Intermediate,2.5mm,Experiment_2
2025-10-23T01:20:56.853Z,26,787,1451,249,1000,1697,3480,3085,10324,4036,4730,15514,Day_1,Dark,Intermediate,2.5mm,Experiment_2
2025-10-23T01:20:56.893Z,27,774,1442,247,984,1680,3474,3070,10208,3980,4610,15159,Day_1,Dark,Intermediate,2.5mm,Experiment_2
2025-10-23T01:20:56.933Z,35,764,1441,253,974,1671,3472,3055,10148,3945,4534,14942,Day_1,Dark,Intermediate,2.5mm,Experiment_2
2025-10-23T01:20:56.973Z,43,762,1449,261,973,1673,3473,3051,10185,3955,4553,15009,Day_1,Dark,Intermediate,2.5mm,Experiment_2
2025-10-23T01:20:57.013Z,43,759,1456,261,972,1683,3479,3064,10269,3995,4633,15249,Day_1,Dark,Intermediate,2.5mm,Experiment_2
2025-10-23T01:20:57.053Z,37,753,1461,256,968,1693,3488,3087,10330,4035,4711,15472,Day_1,Dark,Intermediate,2.5mm,Experiment_2
2025-10-23T01:20:57.093Z,31,750,1468,254,965,1700,3489,3106,10349,4055,4752,15580,Day_1,Dark,Intermediate,2.5mm,Experiment_2
2025-10-23T01:20:57.133Z,28,757,1476,256,972,1704,3486,3108,10343,4055,4757,15594,Day_1,Dark,Intermediate,2.5mm,Experiment_2
2025-10-23T01:20:57.173Z,29,773,1476,257,988,1705,3487,3101,10349,4055,4762,15619,Day_1,Dark,Intermediate,2.5mm,Experiment_2
2025-10-23T01:20:57.213Z,29,787,1474,255,1005,1708,3488,3102,10388,4064,4793,15720,Day_1,Dark,Intermediate,2.5mm,Experiment_2
2025-10-23T01:20:57.253Z,31,793,1479,255,1011,1716,3481,3111,10434,4077,4837,15841,Day_1,Dark,Intermediate,2.5mm,Experiment_2
2025-10-23T01:20:57.293Z,35,790,1487,261,1008,1724,3474,3117,10456,4088,4865,15911,Day_1,Dark,Intermediate,2.5mm,Experiment_2
2025-10-23T01:20:57.333Z,41,780,1489,268,998,1723,3477,3119,10458,4095,4872,15923,Day_1,Dark,Intermediate,2.5mm,Experiment_2
2025-10-23T01:20:57.373Z,44,771,1481,269,988,1714,3482,3116,10443,4089,4854,15868,Day_1,Dark,Intermediate,2.5mm,Experiment_2
2025-10-23T01:20:57.413Z,45,768,1473,263,986,1706,3480,3100,10377,4061,4794,15691,Day_1,Dark,Intermediate,2.5mm,Experiment_2
2025-10-23T01:20:57.453Z,46,772,1472,257,990,1703,3470,3073,10259,4015,4695,15391,Day_1,Dark,Intermediate,2.5mm,Experiment_2
2025-10-23T01:20:57.493Z,48,778,1473,256,994,1701,3458,3056,10166,3980,4618,15147,Day_1,Dark,Intermediate,2.5mm,Experiment_2
2025-10-23T01:20:57.533Z,45,780,1475,257,994,1703,3461,3057,10173,3984,4620,15150,Day_1,Dark,Intermediate,2.5mm,Experiment_2
2025-10-23T01:20:57.573Z,40,782,1478,259,996,1707,3479,3067,10248,4017,4680,15341,Day_1,Dark,Intermediate,2.5mm,Experiment_2
2025-10-23T01:20:57.613Z,40,782,1480,262,999,1709,3491,3076,10322,4045,4740,15538,Day_1,Dark,Intermediate,2.5mm,Experiment_2
2025-10-23T01:20:57.654Z,42,772,1478,261,993,1708,3491,3076,10357,4056,4767,15650,Day_1,Dark,Intermediate,2.5mm,Experiment_2
2025-10-23T01:20:57.694Z,37,755,1472,252,980,1704,3489,3072,10360,4061,4770,15681,Day_1,Dark,Intermediate,2.5mm,Experiment_2
2025-10-23T01:20:57.734Z,27,746,1470,243,973,1705,3479,3076,10355,4063,4772,15682,Day_1,Dark,Intermediate,2.5mm,Experiment_2
2025-10-23T01:20:57.774Z,23,752,1474,244,976,1710,3463,3088,10368,4064,4789,15715,Day_1,Dark,Intermediate,2.5mm,Experiment_2
2025-10-23T01:20:57.814Z,26,769,1479,252,989,1717,3462,3097,10404,4074,4817,15794,Day_1,Dark,Intermediate,2.5mm,Experiment_2
2025-10-23T01:20:57.854Z,30,784,1478,256,999,1717,3478,3099,10446,4089,4841,15879,Day_1,Dark,Intermediate,2.5mm,Experiment_2
2025-10-23T01:20:57.894Z,30,789,1473,256,1002,1713,3493,3101,10469,4098,4854,15929,Day_1,Dark,Intermediate,2.5mm,Experiment_2
2025-10-23T01:20:57.934Z,30,788,1471,255,1001,1711,3499,3106,10458,4096,4850,15914,Day_1,Dark,Intermediate,2.5mm,Experiment_2
2025-10-23T01:20:57.974Z,30,783,1468,253,998,1706,3500,3107,10403,4083,4817,15794,Day_1,Dark,Intermediate,2.5mm,Experiment_2
2025-10-23T01:20:58.014Z,31,776,1461,251,991,1697,3492,3085,10305,4050,4732,15530,Day_1,Dark,Intermediate,2.5mm,Experiment_2
2025-10-23T01:20:58.054Z,33,771,1456,252,982,1689,3478,3048,10201,4001,4620,15215,Day_1,Dark,Intermediate,2.5mm,Experiment_2
2025-10-23T01:20:58.094Z,41,767,1456,260,976,1688,3471,3032,10159,3973,4560,15067,Day_1,Dark,Intermediate,2.5mm,Experiment_2
2025-10-23T01:20:58.134Z,53,767,1461,270,977,1695,3477,3048,10199,3986,4592,15174,Day_1,Dark,Intermediate,2.5mm,Experiment_2
2025-10-23T01:20:58.174Z,58,767,1465,273,982,1704,3492,3075,10272,4020,4674,15399,Day_1,Dark,Intermediate,2.5mm,Experiment_2
2025-10-23T01:20:58.214Z,52,766,1468,267,984,1709,3509,3095,10322,4049,4740,15576,Day_1,Dark,Intermediate,2.5mm,Experiment_2
2025-10-23T01:20:58.254Z,39,764,1472,256,985,1710,3523,3101,10332,4062,4765,15638,Day_1,Dark,Intermediate,2.5mm,Experiment_2
2025-10-23T01:20:58.294Z,28,768,1479,246,988,1711,3523,3101,10329,4066,4767,15642,Day_1,Dark,Intermediate,2.5mm,Experiment_2
2025-10-23T01:20:58.334Z,23,775,1483,242,992,1713,3508,3097,10356,4073,4779,15702,Day_1,Dark,Intermediate,2.5mm,Experiment_2
2025-10-23T01:20:58.374Z,24,775,1482,244,991,1713,3493,3085,10412,4086,4806,15830,Day_1,Dark,Intermediate,2.5mm,Experiment_2
2025-10-23T01:20:58.414Z,26,770,1478,248,987,1713,3488,3073,10461,4099,4828,15928,Day_1,Dark,Intermediate,2.5mm,Experiment_2
2025-10-23T01:20:58.454Z,27,772,1477,250,990,1714,3493,3082,10478,4106,4847,15951,Day_1,Dark,Intermediate,2.5mm,Experiment_2
2025-10-23T01:20:58.494Z,28,787,1479,252,1004,1720,3501,3104,10461,4107,4859,15916,Day_1,Dark,Intermediate,2.5mm,Experiment_2
2025-10-23T01:20:58.534Z,29,805,1480,253,1019,1722,3507,3115,10419,4095,4840,15804,Day_1,Dark,Intermediate,2.5mm,Experiment_2
2025-10-23T01:20:58.574Z,30,811,1475,250,1021,1714,3497,3110,10344,4055,4768,15560,Day_1,Dark,Intermediate,2.5mm,Experiment_2
2025-10-23T01:20:58.614Z,33,798,1467,248,1005,1701,3471,3100,10236,3992,4658,15212,Day_1,Dark,Intermediate,2.5mm,Experiment_2
2025-10-23T01:20:58.654Z,36,778,1461,250,985,1692,3439,3089,10151,3940,4574,14962,Day_1,Dark,Intermediate,2.5mm,Experiment_2
2025-10-23T01:20:58.694Z,35,771,1460,253,980,1691,3428,3080,10154,3938,4575,14986,Day_1,Dark,Intermediate,2.5mm,Experiment_2
2025-10-23T01:20:58.734Z,28,783,1464,252,992,1695,3449,3076,10226,3982,4640,15212,Day_1,Dark,Intermediate,2.5mm,Experiment_2
2025-10-23T01:20:58.774Z,19,794,1471,246,1004,1703,3483,3081,10302,4035,4709,15450,Day_1,Dark,Intermediate,2.5mm,Experiment_2
2025-10-23T01:20:58.814Z,19,792,1476,245,1003,1710,3501,3085,10342,4063,4741,15584,Day_1,Dark,Intermediate,2.5mm,Experiment_2
2025-10-23T01:20:58.854Z,31,782,1483,254,994,1716,3496,3079,10346,4061,4743,15613,Day_1,Dark,Intermediate,2.5mm,Experiment_2
2025-10-23T01:20:58.894Z,49,773,1494,270,986,1726,3487,3076,10345,4055,4748,15625,Day_1,Dark,Intermediate,2.5mm,Experiment_2
2025-10-23T01:20:58.934Z,58,768,1506,280,983,1735,3485,3087,10363,4063,4777,15697,Day_1,Dark,Intermediate,2.5mm,Experiment_2
2025-10-23T01:20:58.974Z,54,772,1507,278,987,1736,3486,3104,10396,4078,4817,15806,Day_1,Dark,Intermediate,2.5mm,Experiment_2
2025-10-23T01:20:59.014Z,42,782,1499,267,996,1730,3488,3118,10428,4091,4850,15891,Day_1,Dark,Intermediate,2.5mm,Experiment_2
2025-10-23T01:20:59.054Z,31,785,1488,257,999,1723,3495,3124,10450,4097,4867,15929,Day_1,Dark,Intermediate,2.5mm,Experiment_2
2025-10-23T01:20:59.094Z,27,778,1481,252,994,1719,3499,3120,10453,4092,4861,15906,Day_1,Dark,Intermediate,2.5mm,Experiment_2
2025-10-23T01:20:59.134Z,32,767,1476,251,984,1713,3496,3107,10415,4072,4818,15778,Day_1,Dark,Intermediate,2.5mm,Experiment_2
2025-10-23T01:20:59.174Z,37,760,1466,252,974,1700,3486,3092,10329,4032,4733,15525,Day_1,Dark,Intermediate,2.5mm,Experiment_2
2025-10-23T01:20:59.214Z,36,760,1455,251,967,1685,3472,3078,10236,3990,4648,15276,Day_1,Dark,Intermediate,2.5mm,Experiment_2
2025-10-23T01:20:59.254Z,29,764,1449,249,969,1678,3461,3070,10209,3979,4624,15226,Day_1,Dark,Intermediate,2.5mm,Experiment_2
2025-10-23T01:20:59.294Z,27,772,1450,250,977,1680,3452,3076,10256,3999,4667,15372,Day_1,Dark,Intermediate,2.5mm,Experiment_2
2025-10-23T01:20:59.334Z,33,780,1456,257,987,1689,3446,3097,10329,4026,4729,15554,Day_1,Dark,Intermediate,2.5mm,Experiment_2
2025-10-23T01:20:59.374Z,38,781,1463,263,992,1698,3451,3120,10383,4048,4774,15661,Day_1,Dark,Intermediate,2.5mm,Experiment_2
2025-10-23T01:20:59.414Z,41,775,1472,265,989,1707,3468,3126,10402,4061,4788,15684,Day_1,Dark,Intermediate,2.5mm,Experiment_2
2025-10-23T01:20:59.454Z,45,770,1483,265,986,1717,3487,3116,10399,4070,4786,15678,Day_1,Dark,Intermediate,2.5mm,Experiment_2
2025-10-23T01:20:59.494Z,46,773,1487,265,989,1723,3502,3111,10400,4080,4794,15712,Day_1,Dark,Intermediate,2.5mm,Experiment_2
2025-10-23T01:20:59.534Z,43,778,1482,265,996,1722,3514,3116,10413,4092,4822,15796,Day_1,Dark,Intermediate,2.5mm,Experiment_2
2025-10-23T01:20:59.574Z,38,780,1475,263,1001,1714,3523,3121,10429,4101,4850,15878,Day_1,Dark,Intermediate,2.5mm,Experiment_2
2025-10-23T01:20:59.614Z,36,785,1470,260,1009,1706,3529,3123,10444,4103,4864,15926,Day_1,Dark,Intermediate,2.5mm,Experiment_2
2025-10-23T01:20:59.654Z,39,793,1467,260,1015,1703,3522,3124,10450,4096,4861,15922,Day_1,Dark,Intermediate,2.5mm,Experiment_2
2025-10-23T01:20:59.694Z,42,797,1469,261,1014,1706,3500,3113,10421,4072,4821,15809,Day_1,Dark,Intermediate,2.5mm,Experiment_2
2025-10-23T01:20:59.734Z,40,794,1469,260,1006,1704,3481,3081,10333,4033,4724,15531,Day_1,Dark,Intermediate,2.5mm,Experiment_2
2025-10-23T01:20:59.774Z,35,787,1463,257,996,1691,3470,3040,10211,3986,4596,15169,Day_1,Dark,Intermediate,2.5mm,Experiment_2
2025-10-23T01:20:59.814Z,35,779,1459,257,990,1682,3467,3015,10141,3957,4518,14958,Day_1,Dark,Intermediate,2.5mm,Experiment_2
2025-10-23T01:20:59.854Z,37,775,1460,259,990,1686,3470,3015,10167,3965,4540,15029,Day_1,Dark,Intermediate,2.5mm,Experiment_2
2025-10-23T01:20:59.894Z,39,775,1464,262,991,1697,3479,3037,10241,3999,4626,15261,Day_1,Dark,Intermediate,2.5mm,Experiment_2
2025-10-23T01:20:59.934Z,37,779,1470,262,995,1706,3494,3073,10300,4037,4711,15470,Day_1,Dark,Intermediate,2.5mm,Experiment_2
2025-10-23T01:20:59.974Z,30,782,1473,255,997,1709,3508,3110,10329,4063,4757,15567,Day_1,Dark,Intermediate,2.5mm,Experiment_2
2025-10-23T01:21:00.014Z,21,773,1470,244,993,1706,3510,3130,10349,4069,4768,15586,Day_1,Dark,Intermediate,2.5mm,Experiment_2
2025-10-23T01:21:00.054Z,20,759,1468,242,984,1705,3506,3132,10387,4071,4780,15640,Day_1,Dark,Intermediate,2.5mm,Experiment_2
2025-10-23T01:21:00.094Z,28,752,1467,252,979,1708,3505,3129,10446,4082,4812,15768,Day_1,Dark,Intermediate,2.5mm,Experiment_2
2025-10-23T01:21:00.134Z,36,753,1466,263,979,1710,3505,3119,10496,4091,4845,15889,Day_1,Dark,Intermediate,2.5mm,Experiment_2
2025-10-23T01:21:05.081Z,37,752,1465,265,979,1708,3499,3108,10518,4091,4857,15943,Day_1,Dark,Intermediate,2.5mm,Experiment_2
2025-10-23T01:21:05.121Z,37,752,1467,263,982,1707,3493,3103,10510,4087,4851,15940,Day_1,Dark,Intermediate,2.5mm,Experiment_2
2025-10-23T01:21:05.161Z,38,757,1471,264,987,1706,3494,3099,10473,4079,4823,15866,Day_1,Dark,Intermediate,2.5mm,Experiment_2
2025-10-23T01:21:05.201Z,37,764,1473,264,991,1702,3490,3086,10389,4055,4761,15664,Day_1,Dark,Intermediate,2.5mm,Experiment_2
2025-10-23T01:21:05.241Z,35,768,1468,263,988,1692,3468,3063,10266,4006,4667,15347,Day_1,Dark,Intermediate,2.5mm,Experiment_2
2025-10-23T01:21:05.281Z,36,770,1464,263,984,1684,3444,3047,10171,3964,4594,15099,Day_1,Dark,Intermediate,2.5mm,Experiment_2
2025-10-23T01:21:05.321Z,44,772,1468,270,983,1686,3436,3048,10173,3961,4596,15105,Day_1,Dark,Intermediate,2.5mm,Experiment_2
2025-10-23T01:21:05.361Z,56,772,1473,279,984,1694,3447,3059,10247,3993,4657,15300,Day_1,Dark,Intermediate,2.5mm,Experiment_2
2025-10-23T01:21:05.401Z,66,770,1478,288,984,1701,3471,3084,10315,4032,4728,15491,Day_1,Dark,Intermediate,2.5mm,Experiment_2
2025-10-23T01:21:05.441Z,68,766,1481,292,982,1704,3494,3117,10327,4050,4771,15547,Day_1,Dark,Intermediate,2.5mm,Experiment_2
2025-10-23T01:21:05.481Z,61,761,1480,289,976,1700,3502,3127,10275,4033,4740,15404,Day_1,Dark,Intermediate,2.5mm,Experiment_2
2025-10-23T01:21:05.521Z,45,757,1471,275,967,1693,3491,3097,10184,3988,4626,15120,Day_1,Dark,Intermediate,2.5mm,Experiment_2
2025-10-23T01:21:05.561Z,31,756,1464,261,960,1691,3482,3061,10124,3958,4505,14920,Day_1,Dark,Intermediate,2.5mm,Experiment_2
2025-10-23T01:21:05.601Z,26,756,1462,254,959,1693,3497,3053,10143,3976,4453,14979,Day_1,Dark,Intermediate,2.5mm,Experiment_2
2025-10-23T01:21:05.641Z,28,750,1460,253,958,1694,3528,3067,10220,4021,4495,15220,Day_1,Dark,Intermediate,2.5mm,Experiment_2
2025-10-23T01:21:05.681Z,31,742,1461,253,958,1696,3540,3075,10306,4055,4602,15460,Day_1,Dark,Intermediate,2.5mm,Experiment_2
2025-10-23T01:21:05.721Z,29,740,1467,250,963,1701,3524,3065,10363,4059,4692,15588,Day_1,Dark,Intermediate,2.5mm,Experiment_2
2025-10-23T01:21:05.761Z,23,748,1476,246,971,1706,3500,3052,10380,4050,4723,15610,Day_1,Dark,Intermediate,2.5mm,Experiment_2
2025-10-23T01:21:05.801Z,22,759,1483,246,979,1710,3495,3063,10384,4051,4738,15630,Day_1,Dark,Intermediate,2.5mm,Experiment_2
2025-10-23T01:21:05.841Z,27,766,1486,252,985,1715,3509,3101,10409,4072,4780,15727,Day_1,Dark,Intermediate,2.5mm,Experiment_2
2025-10-23T01:21:05.881Z,35,765,1487,259,984,1721,3521,3143,10451,4099,4835,15854,Day_1,Dark,Intermediate,2.5mm,Experiment_2
2025-10-23T01:21:05.921Z,38,760,1482,263,977,1722,3525,3162,10485,4119,4870,15936,Day_1,Dark,Intermediate,2.5mm,Experiment_2
2025-10-23T01:21:05.961Z,38,756,1474,261,972,1717,3527,3157,10490,4126,4878,15952,Day_1,Dark,Intermediate,2.5mm,Experiment_2
2025-10-23T01:21:06.001Z,36,752,1468,257,970,1710,3529,3137,10463,4118,4861,15894,Day_1,Dark,Intermediate,2.5mm,Experiment_2
2025-10-23T01:21:06.041Z,34,751,1466,253,971,1701,3519,3114,10399,4090,4828,15723,Day_1,Dark,Intermediate,2.5mm,Experiment_2
2025-10-23T01:21:06.081Z,29,754,1466,246,972,1692,3499,3097,10297,4042,4786,15439,Day_1,Dark,Intermediate,2.5mm,Experiment_2
2025-10-23T01:21:06.121Z,22,757,1469,239,972,1687,3482,3087,10204,3999,4739,15197,Day_1,Dark,Intermediate,2.5mm,Experiment_2
2025-10-23T01:21:06.161Z,21,759,1477,241,973,1693,3478,3083,10187,3990,4709,15183,Day_1,Dark,Intermediate,2.5mm,Experiment_2
2025-10-23T01:21:06.201Z,27,762,1485,251,976,1704,3481,3086,10248,4011,4716,15362,Day_1,Dark,Intermediate,2.5mm,Experiment_2
2025-10-23T01:21:06.241Z,32,766,1486,262,978,1712,3483,3093,10327,4035,4746,15559,Day_1,Dark,Intermediate,2.5mm,Experiment_2
2025-10-23T01:21:06.281Z,33,766,1482,266,979,1712,3486,3104,10382,4052,4772,15673,Day_1,Dark,Intermediate,2.5mm,Experiment_2
2025-10-23T01:21:06.321Z,31,764,1478,267,980,1708,3499,3112,10398,4063,4782,15705,Day_1,Dark,Intermediate,2.5mm,Experiment_2
2025-10-23T01:21:06.361Z,31,762,1475,265,983,1703,3515,3110,10390,4073,4781,15704,Day_1,Dark,Intermediate,2.5mm,Experiment_2
2025-10-23T01:21:06.401Z,29,762,1472,261,986,1700,3519,3104,10385,4083,4789,15730,Day_1,Dark,Intermediate,2.5mm,Experiment_2
2025-10-23T01:21:06.441Z,24,764,1471,255,988,1702,3511,3102,10402,4089,4814,15804,Day_1,Dark,Intermediate,2.5mm,Experiment_2
2025-10-23T01:21:06.481Z,20,768,1474,249,991,1709,3506,3102,10434,4091,4839,15888,Day_1,Dark,Intermediate,2.5mm,Experiment_2
2025-10-23T01:21:06.522Z,21,773,1478,248,992,1718,3503,3104,10458,4091,4850,15936,Day_1,Dark,Intermediate,2.5mm,Experiment_2
2025-10-23T01:21:06.562Z,27,776,1477,252,990,1720,3489,3116,10456,4086,4853,15923,Day_1,Dark,Intermediate,2.5mm,Experiment_2
2025-10-23T01:21:06.602Z,31,776,1472,253,986,1712,3470,3128,10411,4065,4846,15804,Day_1,Dark,Intermediate,2.5mm,Experiment_2
2025-10-23T01:21:06.642Z,29,770,1465,249,977,1699,3454,3120,10308,4025,4806,15530,Day_1,Dark,Intermediate,2.5mm,Experiment_2
2025-10-23T01:21:06.682Z,23,759,1456,246,964,1684,3448,3095,10181,3978,4721,15184,Day_1,Dark,Intermediate,2.5mm,Experiment_2
2025-10-23T01:21:06.722Z,19,749,1451,245,957,1677,3456,3071,10116,3955,4636,15004,Day_1,Dark,Intermediate,2.5mm,Experiment_2
2025-10-23T01:21:06.762Z,17,745,1457,244,958,1687,3475,3060,10150,3970,4619,15099,Day_1,Dark,Intermediate,2.5mm,Experiment_2
2025-10-23T01:21:06.802Z,17,749,1470,239,966,1705,3494,3068,10228,4005,4669,15328,Day_1,Dark,Intermediate,2.5mm,Experiment_2
2025-10-23T01:21:06.842Z,19,761,1480,235,980,1718,3507,3087,10289,4038,4730,15515,Day_1,Dark,Intermediate,2.5mm,Experiment_2
2025-10-23T01:21:06.882Z,22,776,1483,238,993,1721,3511,3098,10315,4056,4760,15592,Day_1,Dark,Intermediate,2.5mm,Experiment_2
2025-10-23T01:21:06.922Z,28,778,1481,247,995,1720,3511,3096,10325,4063,4767,15610,Day_1,Dark,Intermediate,2.5mm,Experiment_2
2025-10-23T01:21:06.962Z,34,767,1477,256,985,1718,3513,3094,10356,4074,4785,15680,Day_1,Dark,Intermediate,2.5mm,Experiment_2
2025-10-23T01:21:07.002Z,37,761,1475,257,982,1719,3516,3101,10411,4091,4822,15812,Day_1,Dark,Intermediate,2.5mm,Experiment_2
2025-10-23T01:21:07.042Z,40,768,1481,256,989,1722,3516,3109,10449,4105,4851,15906,Day_1,Dark,Intermediate,2.5mm,Experiment_2
2025-10-23T01:21:07.082Z,44,775,1491,260,995,1729,3516,3113,10455,4110,4861,15925,Day_1,Dark,Intermediate,2.5mm,Experiment_2
2025-10-23T01:21:07.122Z,44,775,1498,262,993,1732,3513,3112,10444,4105,4856,15898,Day_1,Dark,Intermediate,2.5mm,Experiment_2
2025-10-23T01:21:07.162Z,37,777,1498,261,993,1727,3504,3107,10410,4087,4835,15798,Day_1,Dark,Intermediate,2.5mm,Experiment_2
2025-10-23T01:21:07.202Z,33,779,1495,260,991,1715,3490,3094,10331,4051,4788,15562,Day_1,Dark,Intermediate,2.5mm,Experiment_2
2025-10-23T01:21:07.242Z,37,770,1489,263,979,1700,3479,3074,10215,4002,4724,15224,Day_1,Dark,Intermediate,2.5mm,Experiment_2
2025-10-23T01:21:07.282Z,47,756,1478,269,963,1685,3476,3060,10127,3970,4671,14987,Day_1,Dark,Intermediate,2.5mm,Experiment_2
2025-10-23T01:21:07.322Z,54,748,1465,272,957,1675,3483,3060,10130,3979,4655,15021,Day_1,Dark,Intermediate,2.5mm,Experiment_2
2025-10-23T01:21:07.362Z,55,753,1456,270,965,1675,3498,3072,10207,4017,4685,15245,Day_1,Dark,Intermediate,2.5mm,Experiment_2
2025-10-23T01:21:07.402Z,49,765,1449,264,980,1679,3515,3090,10298,4056,4737,15475,Day_1,Dark,Intermediate,2.5mm,Experiment_2
2025-10-23T01:21:07.442Z,41,773,1447,256,988,1683,3520,3106,10359,4074,4774,15607,Day_1,Dark,Intermediate,2.5mm,Experiment_2
2025-10-23T01:21:07.482Z,36,767,1452,251,980,1688,3507,3122,10380,4068,4785,15643,Day_1,Dark,Intermediate,2.5mm,Experiment_2
2025-10-23T01:21:07.522Z,33,751,1457,251,966,1693,3494,3137,10386,4058,4790,15658,Day_1,Dark,Intermediate,2.5mm,Experiment_2
2025-10-23T01:21:07.562Z,31,739,1461,253,959,1700,3506,3149,10408,4068,4807,15723,Day_1,Dark,Intermediate,2.5mm,Experiment_2
2025-10-23T01:21:07.602Z,34,736,1468,257,962,1707,3541,3154,10445,4097,4838,15828,Day_1,Dark,Intermediate,2.5mm,Experiment_2
2025-10-23T01:21:07.642Z,42,738,1477,263,969,1714,3564,3151,10469,4120,4862,15914,Day_1,Dark,Intermediate,2.5mm,Experiment_2
2025-10-23T01:21:07.682Z,49,743,1485,267,975,1718,3554,3140,10467,4125,4866,15948,Day_1,Dark,Intermediate,2.5mm,Experiment_2
2025-10-23T01:21:07.722Z,53,752,1490,269,982,1720,3530,3128,10441,4117,4857,15920,Day_1,Dark,Intermediate,2.5mm,Experiment_2
2025-10-23T01:21:07.762Z,54,759,1489,268,985,1717,3513,3118,10381,4096,4840,15790,Day_1,Dark,Intermediate,2.5mm,Experiment_2
2025-10-23T01:21:07.802Z,49,762,1484,264,983,1712,3506,3109,10284,4058,4810,15533,Day_1,Dark,Intermediate,2.5mm,Experiment_2
2025-10-23T01:21:07.842Z,38,762,1478,255,978,1705,3500,3097,10198,4019,4759,15276,Day_1,Dark,Intermediate,2.5mm,Experiment_2
2025-10-23T01:21:07.882Z,28,761,1473,246,977,1702,3497,3091,10193,4011,4715,15222,Day_1,Dark,Intermediate,2.5mm,Experiment_2
2025-10-23T01:21:07.922Z,21,761,1474,239,980,1705,3501,3093,10270,4032,4714,15377,Day_1,Dark,Intermediate,2.5mm,Experiment_2
2025-10-23T01:21:07.962Z,20,762,1477,239,982,1709,3502,3098,10362,4056,4748,15571,Day_1,Dark,Intermediate,2.5mm,Experiment_2
2025-10-23T01:21:08.002Z,26,764,1478,245,982,1710,3496,3102,10416,4065,4779,15683,Day_1,Dark,Intermediate,2.5mm,Experiment_2
2025-10-23T01:21:08.042Z,33,768,1477,252,981,1711,3488,3103,10424,4062,4792,15704,Day_1,Dark,Intermediate,2.5mm,Experiment_2
2025-10-23T01:21:08.082Z,39,771,1477,257,980,1713,3490,3110,10410,4060,4798,15691,Day_1,Dark,Intermediate,2.5mm,Experiment_2
2025-10-23T01:21:08.122Z,43,764,1477,258,976,1715,3507,3126,10404,4071,4816,15717,Day_1,Dark,Intermediate,2.5mm,Experiment_2
2025-10-23T01:21:08.162Z,43,752,1475,257,971,1715,3523,3140,10421,4091,4845,15796,Day_1,Dark,Intermediate,2.5mm,Experiment_2
2025-10-23T01:21:08.202Z,41,745,1473,255,969,1715,3523,3141,10443,4102,4863,15872,Day_1,Dark,Intermediate,2.5mm,Experiment_2
2025-10-23T01:21:08.242Z,37,745,1472,253,971,1716,3515,3136,10456,4103,4862,15909,Day_1,Dark,Intermediate,2.5mm,Experiment_2
2025-10-23T01:21:08.282Z,38,749,1475,253,975,1718,3515,3139,10444,4100,4852,15890,Day_1,Dark,Intermediate,2.5mm,Experiment_2
2025-10-23T01:21:08.322Z,42,758,1481,256,982,1721,3519,3142,10389,4086,4816,15765,Day_1,Dark,Intermediate,2.5mm,Experiment_2
2025-10-23T01:21:08.362Z,45,767,1486,258,985,1719,3508,3127,10295,4042,4724,15487,Day_1,Dark,Intermediate,2.5mm,Experiment_2
2025-10-23T01:21:08.402Z,44,769,1486,257,979,1711,3478,3096,10193,3978,4578,15132,Day_1,Dark,Intermediate,2.5mm,Experiment_2
2025-10-23T01:21:08.442Z,40,765,1481,256,972,1703,3453,3074,10139,3941,4453,14920,Day_1,Dark,Intermediate,2.5mm,Experiment_2
2025-10-23T01:21:08.482Z,36,761,1475,254,970,1700,3457,3075,10165,3961,4444,14986,Day_1,Dark,Intermediate,2.5mm,Experiment_2
2025-10-23T01:21:08.522Z,32,761,1471,250,972,1701,3490,3085,10244,4012,4553,15223,Day_1,Dark,Intermediate,2.5mm,Experiment_2
2025-10-23T01:21:08.562Z,26,762,1466,247,974,1702,3522,3088,10318,4053,4676,15447,Day_1,Dark,Intermediate,2.5mm,Experiment_2
2025-10-23T01:21:08.602Z,20,760,1458,244,975,1699,3526,3083,10354,4061,4734,15559,Day_1,Dark,Intermediate,2.5mm,Experiment_2
2025-10-23T01:21:08.642Z,19,758,1452,242,974,1695,3506,3083,10362,4049,4742,15583,Day_1,Dark,Intermediate,2.5mm,Experiment_2
2025-10-23T01:21:08.682Z,22,757,1455,244,974,1698,3483,3095,10382,4044,4757,15627,Day_1,Dark,Intermediate,2.5mm,Experiment_2
2025-10-23T01:21:08.722Z,25,757,1467,246,974,1708,3471,3099,10426,4057,4792,15738,Day_1,Dark,Intermediate,2.5mm,Experiment_2
2025-10-23T01:21:08.762Z,25,759,1481,250,975,1720,3471,3088,10468,4076,4828,15852,Day_1,Dark,Intermediate,2.5mm,Experiment_2
2025-10-23T01:21:08.802Z,25,760,1490,252,975,1727,3479,3082,10484,4088,4849,15914,Day_1,Dark,Intermediate,2.5mm,Experiment_2
2025-10-23T01:21:08.842Z,24,762,1489,252,977,1727,3492,3097,10469,4096,4858,15920,Day_1,Dark,Intermediate,2.5mm,Experiment_2
2025-10-23T01:21:08.882Z,24,766,1483,250,980,1722,3509,3118,10422,4096,4853,15853,Day_1,Dark,Intermediate,2.5mm,Experiment_2
2025-10-23T01:21:08.922Z,26,770,1478,249,983,1713,3520,3113,10339,4074,4828,15660,Day_1,Dark,Intermediate,2.5mm,Experiment_2
2025-10-23T01:21:08.962Z,27,768,1474,247,978,1702,3519,3083,10229,4027,4784,15351,Day_1,Dark,Intermediate,2.5mm,Experiment_2
2025-10-23T01:21:09.002Z,26,757,1468,244,968,1691,3508,3057,10154,3986,4735,15111,Day_1,Dark,Intermediate,2.5mm,Experiment_2
2025-10-23T01:21:09.042Z,21,744,1461,241,957,1685,3496,3061,10168,3985,4706,15125,Day_1,Dark,Intermediate,2.5mm,Experiment_2
2025-10-23T01:21:09.082Z,15,735,1460,237,953,1688,3492,3086,10246,4014,4718,15328,Day_1,Dark,Intermediate,2.5mm,Experiment_2
2025-10-23T01:21:09.122Z,12,737,1468,235,961,1697,3495,3113,10322,4045,4756,15535,Day_1,Dark,Intermediate,2.5mm,Experiment_2
2025-10-23T01:21:09.162Z,17,748,1477,238,974,1704,3500,3131,10363,4062,4787,15649,Day_1,Dark,Intermediate,2.5mm,Experiment_2
2025-10-23T01:21:09.202Z,25,757,1482,246,982,1708,3500,3136,10371,4066,4798,15682,Day_1,Dark,Intermediate,2.5mm,Experiment_2
2025-10-23T01:21:09.242Z,31,758,1485,253,982,1711,3505,3131,10369,4066,4797,15687,Day_1,Dark,Intermediate,2.5mm,Experiment_2
2025-10-23T01:21:09.282Z,32,751,1485,255,977,1712,3522,3125,10379,4075,4804,15716,Day_1,Dark,Intermediate,2.5mm,Experiment_2
2025-10-23T01:21:09.322Z,37,742,1485,258,971,1716,3537,3123,10406,4089,4823,15780,Day_1,Dark,Intermediate,2.5mm,Experiment_2
2025-10-23T01:21:09.362Z,44,740,1487,262,970,1721,3535,3113,10427,4098,4840,15852,Day_1,Dark,Intermediate,2.5mm,Experiment_2
2025-10-23T01:21:09.402Z,47,746,1486,264,978,1722,3522,3096,10431,4101,4849,15899,Day_1,Dark,Intermediate,2.5mm,Experiment_2
2025-10-23T01:21:09.442Z,46,753,1481,261,987,1719,3509,3086,10415,4096,4851,15890,Day_1,Dark,Intermediate,2.5mm,Experiment_2
2025-10-23T01:21:09.482Z,42,757,1474,255,988,1712,3499,3084,10370,4074,4845,15775,Day_1,Dark,Intermediate,2.5mm,Experiment_2
2025-10-23T01:21:09.522Z,36,756,1470,249,979,1703,3495,3076,10280,4035,4808,15517,Day_1,Dark,Intermediate,2.5mm,Experiment_2
2025-10-23T01:21:09.562Z,30,750,1468,245,967,1695,3498,3060,10179,3994,4731,15222,Day_1,Dark,Intermediate,2.5mm,Experiment_2
2025-10-23T01:21:09.602Z,24,747,1466,241,960,1690,3501,3052,10144,3979,4661,15110,Day_1,Dark,Intermediate,2.5mm,Experiment_2
2025-10-23T01:21:09.642Z,21,752,1464,238,964,1692,3505,3070,10193,4001,4663,15239,Day_1,Dark,Intermediate,2.5mm,Experiment_2
2025-10-23T01:21:09.682Z,21,757,1468,238,972,1701,3519,3104,10270,4039,4721,15452,Day_1,Dark,Intermediate,2.5mm,Experiment_2
2025-10-23T01:21:09.722Z,21,757,1474,242,977,1710,3532,3134,10333,4070,4775,15600,Day_1,Dark,Intermediate,2.5mm,Experiment_2
2025-10-23T01:21:09.762Z,21,757,1474,247,977,1711,3528,3143,10367,4079,4792,15650,Day_1,Dark,Intermediate,2.5mm,Experiment_2
2025-10-23T01:21:09.802Z,24,761,1469,255,976,1706,3515,3137,10381,4075,4788,15654,Day_1,Dark,Intermediate,2.5mm,Experiment_2
2025-10-23T01:21:09.842Z,29,764,1463,260,976,1700,3510,3127,10392,4079,4795,15701,Day_1,Dark,Intermediate,2.5mm,Experiment_2
2025-10-23T01:21:09.882Z,32,760,1462,260,974,1696,3516,3112,10412,4096,4816,15804,Day_1,Dark,Intermediate,2.5mm,Experiment_2
2025-10-23T01:21:09.922Z,31,752,1466,258,971,1699,3521,3094,10435,4109,4830,15887,Day_1,Dark,Intermediate,2.5mm,Experiment_2
2025-10-23T01:21:09.962Z,29,746,1471,256,968,1706,3523,3084,10452,4113,4834,15916,Day_1,Dark,Intermediate,2.5mm,Experiment_2
2025-10-23T01:21:10.002Z,28,746,1478,256,968,1716,3520,3091,10446,4109,4836,15893,Day_1,Dark,Intermediate,2.5mm,Experiment_2
2025-10-23T01:21:10.042Z,28,753,1484,256,974,1720,3507,3102,10393,4090,4822,15776,Day_1,Dark,Intermediate,2.5mm,Experiment_2
2025-10-23T01:21:10.082Z,27,760,1484,254,979,1712,3487,3101,10286,4046,4775,15512,Day_1,Dark,Intermediate,2.5mm,Experiment_2
2025-10-23T01:21:10.122Z,25,759,1475,249,973,1697,3470,3088,10157,3988,4708,15155,Day_1,Dark,Intermediate,2.5mm,Experiment_2
2025-10-23T01:21:10.162Z,22,750,1463,244,961,1684,3475,3083,10084,3954,4655,14922,Day_1,Dark,Intermediate,2.5mm,Experiment_2
2025-10-23T01:21:10.202Z,21,741,1458,241,951,1680,3501,3089,10120,3967,4643,14975,Day_1,Dark,Intermediate,2.5mm,Experiment_2
2025-10-23T01:21:10.242Z,22,735,1457,240,949,1683,3523,3094,10228,4001,4675,15219,Day_1,Dark,Intermediate,2.5mm,Experiment_2
2025-10-23T01:21:10.282Z,25,734,1457,241,951,1687,3527,3092,10325,4029,4724,15456,Day_1,Dark,Intermediate,2.5mm,Experiment_2
2025-10-23T01:21:10.322Z,24,739,1454,244,957,1688,3517,3083,10363,4044,4757,15575,Day_1,Dark,Intermediate,2.5mm,Experiment_2
2025-10-23T01:21:10.362Z,21,746,1455,245,965,1689,3507,3071,10351,4051,4763,15589,Day_1,Dark,Intermediate,2.5mm,Experiment_2
2025-10-23T01:21:10.402Z,24,751,1465,249,971,1695,3507,3073,10339,4059,4770,15599,Day_1,Dark,Intermediate,2.5mm,Experiment_2
2025-10-23T01:21:10.442Z,35,754,1480,259,974,1707,3512,3094,10364,4075,4799,15684,Day_1,Dark,Intermediate,2.5mm,Experiment_2
2025-10-23T01:21:10.483Z,44,756,1489,268,977,1719,3515,3118,10418,4093,4836,15809,Day_1,Dark,Intermediate,2.5mm,Experiment_2
2025-10-23T01:21:10.523Z,45,765,1491,269,985,1726,3518,3132,10465,4105,4860,15901,Day_1,Dark,Intermediate,2.5mm,Experiment_2
2025-10-23T01:21:10.563Z,40,776,1487,262,997,1725,3524,3139,10482,4108,4868,15931,Day_1,Dark,Intermediate,2.5mm,Experiment_2
2025-10-23T01:21:10.603Z,35,778,1478,254,999,1716,3528,3139,10462,4103,4864,15890,Day_1,Dark,Intermediate,2.5mm,Experiment_2
2025-10-23T01:21:10.643Z,31,770,1467,251,989,1704,3522,3124,10399,4084,4845,15738,Day_1,Dark,Intermediate,2.5mm,Experiment_2
2025-10-23T01:21:10.683Z,25,761,1456,247,977,1691,3509,3100,10299,4046,4809,15467,Day_1,Dark,Intermediate,2.5mm,Experiment_2
2025-10-23T01:21:10.723Z,17,753,1451,241,969,1681,3502,3078,10222,4012,4761,15227,Day_1,Dark,Intermediate,2.5mm,Experiment_2
2025-10-23T01:21:10.763Z,12,753,1454,238,975,1683,3508,3072,10234,4011,4725,15212,Day_1,Dark,Intermediate,2.5mm,Experiment_2
2025-10-23T01:21:10.803Z,12,763,1463,240,988,1695,3516,3079,10312,4036,4730,15390,Day_1,Dark,Intermediate,2.5mm,Experiment_2
2025-10-23T01:21:10.843Z,15,770,1470,244,993,1705,3524,3089,10377,4063,4762,15577,Day_1,Dark,Intermediate,2.5mm,Experiment_2
2025-10-23T01:21:10.883Z,19,767,1474,247,985,1711,3535,3094,10392,4080,4786,15674,Day_1,Dark,Intermediate,2.5mm,Experiment_2
2025-10-23T01:21:10.923Z,23,758,1478,251,976,1717,3539,3090,10377,4082,4786,15691,Day_1,Dark,Intermediate,2.5mm,Experiment_2
2025-10-23T01:21:10.963Z,29,751,1480,255,972,1720,3526,3081,10364,4079,4777,15688,Day_1,Dark,Intermediate,2.5mm,Experiment_2
2025-10-23T01:21:11.003Z,31,748,1477,257,970,1718,3505,3081,10372,4081,4782,15720,Day_1,Dark,Intermediate,2.5mm,Experiment_2
2025-10-23T01:21:11.043Z,28,747,1474,256,968,1713,3493,3093,10402,4091,4806,15798,Day_1,Dark,Intermediate,2.5mm,Experiment_2
2025-10-23T01:21:11.083Z,27,749,1473,255,968,1711,3502,3105,10438,4106,4835,15880,Day_1,Dark,Intermediate,2.5mm,Experiment_2
2025-10-23T01:21:11.123Z,30,759,1473,257,977,1711,3526,3109,10463,4121,4853,15929,Day_1,Dark,Intermediate,2.5mm,Experiment_2
2025-10-23T01:21:11.163Z,35,775,1473,262,993,1712,3546,3111,10463,4126,4854,15919,Day_1,Dark,Intermediate,2.5mm,Experiment_2
2025-10-23T01:21:11.203Z,39,785,1474,266,1003,1710,3546,3111,10417,4104,4823,15798,Day_1,Dark,Intermediate,2.5mm,Experiment_2
2025-10-23T01:21:11.243Z,37,783,1470,264,1002,1701,3525,3099,10308,4052,4735,15518,Day_1,Dark,Intermediate,2.5mm,Experiment_2
2025-10-23T01:21:11.283Z,33,773,1464,261,992,1690,3502,3080,10168,3994,4598,15164,Day_1,Dark,Intermediate,2.5mm,Experiment_2
2025-10-23T01:21:11.323Z,32,761,1461,260,979,1687,3496,3073,10091,3969,4482,14968,Day_1,Dark,Intermediate,2.5mm,Experiment_2
2025-10-23T01:21:11.363Z,32,752,1464,261,970,1691,3505,3085,10128,3989,4477,15051,Day_1,Dark,Intermediate,2.5mm,Experiment_2
2025-10-23T01:21:11.403Z,30,753,1465,258,971,1694,3511,3106,10228,4026,4583,15291,Day_1,Dark,Intermediate,2.5mm,Experiment_2
2025-10-23T01:21:11.443Z,25,761,1462,254,980,1694,3513,3128,10313,4057,4703,15505,Day_1,Dark,Intermediate,2.5mm,Experiment_2
2025-10-23T01:21:11.483Z,23,771,1460,252,988,1695,3518,3145,10349,4073,4765,15603,Day_1,Dark,Intermediate,2.5mm,Experiment_2
2025-10-23T01:21:11.523Z,28,775,1464,257,991,1699,3521,3149,10355,4076,4781,15623,Day_1,Dark,Intermediate,2.5mm,Experiment_2
2025-10-23T01:21:11.563Z,34,774,1471,262,990,1704,3517,3138,10372,4076,4796,15676,Day_1,Dark,Intermediate,2.5mm,Experiment_2
2025-10-23T01:21:11.603Z,35,767,1478,265,985,1709,3514,3122,10410,4084,4828,15794,Day_1,Dark,Intermediate,2.5mm,Experiment_2
2025-10-23T01:21:11.643Z,34,756,1476,264,976,1712,3525,3116,10443,4100,4857,15892,Day_1,Dark,Intermediate,2.5mm,Experiment_2
2025-10-23T01:21:11.683Z,33,749,1470,263,970,1712,3553,3115,10454,4116,4868,15924,Day_1,Dark,Intermediate,2.5mm,Experiment_2
2025-10-23T01:21:11.723Z,30,752,1467,259,974,1709,3571,3107,10451,4120,4861,15909,Day_1,Dark,Intermediate,2.5mm,Experiment_2
2025-10-23T01:21:11.763Z,26,756,1466,253,978,1704,3565,3090,10431,4105,4829,15824,Day_1,Dark,Intermediate,2.5mm,Experiment_2
2025-10-23T01:21:11.803Z,27,753,1461,251,972,1697,3547,3069,10361,4070,4758,15601,Day_1,Dark,Intermediate,2.5mm,Experiment_2
2025-10-23T01:21:11.843Z,35,745,1454,255,958,1687,3531,3049,10240,4022,4654,15264,Day_1,Dark,Intermediate,2.5mm,Experiment_2
2025-10-23T01:21:11.883Z,43,737,1449,260,949,1681,3514,3041,10153,3987,4579,15024,Day_1,Dark,Intermediate,2.5mm,Experiment_2
2025-10-23T01:21:11.923Z,41,734,1450,262,947,1684,3495,3048,10173,3985,4589,15057,Day_1,Dark,Intermediate,2.5mm,Experiment_2
2025-10-23T01:21:11.963Z,36,738,1456,262,950,1693,3480,3065,10268,4010,4658,15280,Day_1,Dark,Intermediate,2.5mm,Experiment_2
2025-10-23T01:21:12.003Z,38,747,1463,264,961,1700,3481,3086,10351,4042,4728,15499,Day_1,Dark,Intermediate,2.5mm,Experiment_2
2025-10-23T01:21:12.043Z,45,756,1467,267,973,1703,3492,3100,10387,4065,4764,15620,Day_1,Dark,Intermediate,2.5mm,Experiment_2
2025-10-23T01:21:12.083Z,45,760,1472,267,980,1705,3500,3097,10397,4072,4770,15655,Day_1,Dark,Intermediate,2.5mm,Experiment_2
2025-10-23T01:21:12.123Z,40,759,1480,265,981,1710,3506,3087,10403,4074,4770,15666,Day_1,Dark,Intermediate,2.5mm,Experiment_2
2025-10-23T01:21:12.163Z,31,758,1489,261,982,1716,3516,3089,10416,4083,4791,15713,Day_1,Dark,Intermediate,2.5mm,Experiment_2
2025-10-23T01:21:12.203Z,23,760,1493,253,983,1720,3527,3103,10434,4100,4825,15798,Day_1,Dark,Intermediate,2.5mm,Experiment_2
2025-10-23T01:21:12.243Z,20,763,1488,245,985,1718,3535,3115,10448,4115,4851,15879,Day_1,Dark,Intermediate,2.5mm,Experiment_2
2025-10-23T01:21:12.283Z,22,759,1477,244,982,1712,3534,3115,10451,4122,4860,15923,Day_1,Dark,Intermediate,2.5mm,Experiment_2
2025-10-23T01:21:12.323Z,27,750,1472,249,972,1708,3522,3099,10440,4113,4853,15909,Day_1,Dark,Intermediate,2.5mm,Experiment_2
2025-10-23T01:21:12.363Z,31,746,1474,254,963,1706,3501,3073,10403,4085,4832,15792,Day_1,Dark,Intermediate,2.5mm,Experiment_2
2025-10-23T01:21:12.403Z,33,750,1476,257,961,1704,3480,3045,10323,4042,4793,15538,Day_1,Dark,Intermediate,2.5mm,Experiment_2
2025-10-23T01:21:12.443Z,31,753,1472,258,962,1700,3471,3026,10237,4002,4732,15271,Day_1,Dark,Intermediate,2.5mm,Experiment_2
2025-10-23T01:21:12.483Z,28,754,1466,258,963,1699,3484,3031,10220,3995,4684,15200,Day_1,Dark,Intermediate,2.5mm,Experiment_2
2025-10-23T01:21:12.523Z,27,758,1462,260,969,1702,3510,3056,10273,4023,4691,15343,Day_1,Dark,Intermediate,2.5mm,Experiment_2
2025-10-23T01:21:12.563Z,30,766,1461,261,981,1706,3531,3080,10335,4060,4738,15539,Day_1,Dark,Intermediate,2.5mm,Experiment_2
2025-10-23T01:21:12.603Z,36,770,1466,262,990,1710,3540,3097,10364,4086,4777,15662,Day_1,Dark,Intermediate,2.5mm,Experiment_2
2025-10-23T01:21:12.643Z,43,769,1475,264,994,1715,3541,3110,10360,4094,4790,15691,Day_1,Dark,Intermediate,2.5mm,Experiment_2
2025-10-23T01:21:12.683Z,48,767,1478,267,996,1716,3539,3124,10350,4092,4791,15684,Day_1,Dark,Intermediate,2.5mm,Experiment_2
2025-10-23T01:21:12.723Z,47,770,1473,267,999,1713,3534,3133,10361,4091,4805,15718,Day_1,Dark,Intermediate,2.5mm,Experiment_2
2025-10-23T01:21:12.763Z,40,774,1467,263,1000,1713,3526,3140,10390,4099,4837,15805,Day_1,Dark,Intermediate,2.5mm,Experiment_2
2025-10-23T01:21:12.803Z,35,774,1468,259,997,1719,3521,3144,10412,4108,4866,15879,Day_1,Dark,Intermediate,2.5mm,Experiment_2
2025-10-23T01:21:12.843Z,36,768,1476,261,991,1725,3526,3143,10421,4114,4881,15904,Day_1,Dark,Intermediate,2.5mm,Experiment_2
2025-10-23T01:21:12.883Z,42,763,1481,266,986,1726,3540,3142,10419,4115,4878,15878,Day_1,Dark,Intermediate,2.5mm,Experiment_2
2025-10-23T01:21:12.923Z,47,761,1482,268,984,1720,3549,3131,10381,4101,4836,15756,Day_1,Dark,Intermediate,2.5mm,Experiment_2
2025-10-23T01:21:12.963Z,47,758,1477,266,981,1709,3538,3105,10292,4058,4733,15487,Day_1,Dark,Intermediate,2.5mm,Experiment_2
2025-10-23T01:21:13.003Z,44,754,1468,263,974,1693,3513,3080,10177,3999,4583,15135,Day_1,Dark,Intermediate,2.5mm,Experiment_2
2025-10-23T01:21:13.043Z,40,754,1459,259,967,1684,3496,3071,10101,3963,4459,14917,Day_1,Dark,Intermediate,2.5mm,Experiment_2
2025-10-23T01:21:13.083Z,35,760,1458,255,969,1685,3494,3079,10116,3974,4448,14979,Day_1,Dark,Intermediate,2.5mm,Experiment_2
2025-10-23T01:21:13.123Z,32,768,1463,255,976,1691,3502,3092,10201,4012,4553,15223,Day_1,Dark,Intermediate,2.5mm,Experiment_2
2025-10-23T01:21:13.163Z,32,769,1466,258,980,1697,3517,3102,10288,4051,4676,15461,Day_1,Dark,Intermediate,2.5mm,Experiment_2
2025-10-23T01:21:13.203Z,35,763,1466,257,978,1699,3529,3104,10327,4073,4740,15579,Day_1,Dark,Intermediate,2.5mm,Experiment_2
2025-10-23T01:21:13.243Z,37,760,1465,256,977,1700,3527,3104,10327,4074,4754,15595,Day_1,Dark,Intermediate,2.5mm,Experiment_2
2025-10-23T01:21:13.283Z,43,764,1471,260,984,1704,3518,3111,10337,4072,4764,15623,Day_1,Dark,Intermediate,2.5mm,Experiment_2
2025-10-23T01:21:13.323Z,55,770,1480,271,991,1711,3513,3126,10376,4080,4798,15727,Day_1,Dark,Intermediate,2.5mm,Experiment_2
2025-10-23T01:21:13.363Z,64,769,1485,278,991,1716,3512,3139,10417,4095,4842,15851,Day_1,Dark,Intermediate,2.5mm,Experiment_2
2025-10-23T01:21:13.403Z,61,762,1486,275,984,1717,3512,3143,10441,4105,4869,15922,Day_1,Dark,Intermediate,2.5mm,Experiment_2
2025-10-23T01:21:13.443Z,50,752,1484,266,974,1715,3512,3143,10448,4105,4875,15928,Day_1,Dark,Intermediate,2.5mm,Experiment_2
2025-10-23T01:21:13.483Z,38,746,1476,258,967,1708,3498,3142,10430,4090,4866,15865,Day_1,Dark,Intermediate,2.5mm,Experiment_2
2025-10-23T01:21:13.523Z,26,747,1465,248,965,1696,3470,3131,10367,4054,4844,15687,Day_1,Dark,Intermediate,2.5mm,Experiment_2
2025-10-23T01:21:13.563Z,19,751,1461,241,967,1687,3445,3101,10263,4003,4802,15393,Day_1,Dark,Intermediate,2.5mm,Experiment_2
2025-10-23T01:21:13.603Z,22,758,1463,242,972,1685,3441,3072,10181,3968,4744,15154,Day_1,Dark,Intermediate,2.5mm,Experiment_2
2025-10-23T01:21:13.643Z,31,766,1464,252,977,1689,3453,3067,10186,3971,4704,15156,Day_1,Dark,Intermediate,2.5mm,Experiment_2
2025-10-23T01:21:13.683Z,39,767,1464,263,978,1695,3469,3080,10259,4003,4711,15348,Day_1,Dark,Intermediate,2.5mm,Experiment_2
2025-10-23T01:21:13.723Z,43,767,1465,267,981,1699,3485,3092,10340,4037,4747,15546,Day_1,Dark,Intermediate,2.5mm,Experiment_2
2025-10-23T01:21:13.763Z,41,774,1470,261,990,1705,3495,3096,10390,4058,4775,15654,Day_1,Dark,Intermediate,2.5mm,Experiment_2
2025-10-23T01:21:13.803Z,34,783,1475,253,1000,1711,3497,3102,10402,4067,4785,15683,Day_1,Dark,Intermediate,2.5mm,Experiment_2
2025-10-23T01:21:13.843Z,32,782,1477,250,1001,1716,3505,3115,10397,4077,4791,15689,Day_1,Dark,Intermediate,2.5mm,Experiment_2
2025-10-23T01:21:13.883Z,33,774,1476,253,997,1717,3529,3134,10399,4095,4810,15723,Day_1,Dark,Intermediate,2.5mm,Experiment_2
2025-10-23T01:21:13.923Z,32,767,1474,254,994,1717,3552,3147,10412,4115,4838,15795,Day_1,Dark,Intermediate,2.5mm,Experiment_2
2025-10-23T01:21:13.963Z,29,766,1475,253,993,1718,3559,3141,10429,4125,4859,15872,Day_1,Dark,Intermediate,2.5mm,Experiment_2
2025-10-23T01:21:14.003Z,28,770,1481,253,994,1722,3551,3127,10446,4125,4866,15921,Day_1,Dark,Intermediate,2.5mm,Experiment_2
2025-10-23T01:21:14.043Z,30,776,1485,255,994,1724,3542,3119,10460,4121,4858,15916,Day_1,Dark,Intermediate,2.5mm,Experiment_2
2025-10-23T01:21:14.084Z,32,777,1484,255,990,1721,3536,3109,10445,4103,4815,15803,Day_1,Dark,Intermediate,2.5mm,Experiment_2
2025-10-23T01:21:14.124Z,34,770,1480,253,979,1713,3519,3088,10363,4048,4714,15530,Day_1,Dark,Intermediate,2.5mm,Experiment_2
2025-10-23T01:21:14.164Z,32,758,1474,248,965,1702,3498,3070,10242,3960,4573,15185,Day_1,Dark,Intermediate,2.5mm,Experiment_2
2025-10-23T01:21:14.204Z,26,748,1470,243,955,1695,3492,3070,10172,3887,4465,15002,Day_1,Dark,Intermediate,2.5mm,Experiment_2
2025-10-23T01:21:14.244Z,20,747,1472,240,957,1698,3502,3083,10198,3885,4468,15092,Day_1,Dark,Intermediate,2.5mm,Experiment_2
2025-10-23T01:21:14.284Z,20,753,1473,241,968,1704,3507,3097,10274,3949,4578,15325,Day_1,Dark,Intermediate,2.5mm,Experiment_2
2025-10-23T01:21:14.324Z,26,758,1470,247,978,1705,3502,3105,10341,4017,4697,15523,Day_1,Dark,Intermediate,2.5mm,Experiment_2
2025-10-23T01:21:14.364Z,37,759,1468,254,984,1704,3502,3109,10365,4054,4753,15603,Day_1,Dark,Intermediate,2.5mm,Experiment_2
2025-10-23T01:21:14.404Z,49,762,1471,261,987,1707,3518,3112,10354,4074,4764,15609,Day_1,Dark,Intermediate,2.5mm,Experiment_2
2025-10-23T01:21:14.443Z,54,765,1474,264,986,1712,3541,3114,10359,4096,4780,15663,Day_1,Dark,Intermediate,2.5mm,Experiment_2
2025-10-23T01:21:14.483Z,47,765,1478,259,982,1718,3560,3111,10400,4120,4812,15795,Day_1,Dark,Intermediate,2.5mm,Experiment_2
2025-10-23T01:21:14.523Z,32,765,1483,250,981,1724,3564,3097,10439,4130,4831,15901,Day_1,Dark,Intermediate,2.5mm,Experiment_2
2025-10-23T01:21:14.563Z,24,771,1484,246,986,1725,3552,3078,10444,4122,4831,15928,Day_1,Dark,Intermediate,2.5mm,Experiment_2
2025-10-23T01:21:14.603Z,28,778,1480,252,996,1721,3532,3070,10422,4108,4827,15900,Day_1,Dark,Intermediate,2.5mm,Experiment_2
2025-10-23T01:21:14.643Z,36,778,1475,260,999,1715,3518,3077,10384,4091,4816,15806,Day_1,Dark,Intermediate,2.5mm,Experiment_2
2025-10-23T01:21:14.683Z,39,774,1469,262,997,1706,3512,3081,10320,4062,4785,15587,Day_1,Dark,Intermediate,2.5mm,Experiment_2
2025-10-23T01:21:14.723Z,40,780,1460,261,998,1693,3503,3078,10225,4016,4736,15257,Day_1,Dark,Intermediate,2.5mm,Experiment_2
2025-10-23T01:21:14.763Z,50,792,1456,266,1003,1687,3490,3081,10146,3980,4690,15010,Day_1,Dark,Intermediate,2.5mm,Experiment_2
2025-10-23T01:21:14.804Z,64,799,1463,274,1007,1693,3489,3092,10147,3986,4670,15028,Day_1,Dark,Intermediate,2.5mm,Experiment_2
2025-10-23T01:21:14.844Z,69,798,1473,276,1006,1703,3503,3104,10217,4022,4689,15240,Day_1,Dark,Intermediate,2.5mm,Experiment_2
2025-10-23T01:21:14.884Z,60,791,1479,268,1002,1707,3514,3110,10294,4054,4731,15461,Day_1,Dark,Intermediate,2.5mm,Experiment_2
2025-10-23T01:21:14.924Z,43,778,1479,255,991,1704,3514,3111,10339,4065,4763,15588,Day_1,Dark,Intermediate,2.5mm,Experiment_2
2025-10-23T01:21:14.964Z,29,763,1476,243,977,1698,3514,3109,10356,4067,4771,15629,Day_1,Dark,Intermediate,2.5mm,Experiment_2
2025-10-23T01:21:15.004Z,23,756,1470,236,970,1693,3517,3111,10378,4075,4775,15654,Day_1,Dark,Intermediate,2.5mm,Experiment_2
2025-10-23T01:21:15.044Z,23,756,1467,236,972,1696,3517,3123,10417,4091,4798,15724,Day_1,Dark,Intermediate,2.5mm,Experiment_2
2025-10-23T01:21:15.084Z,24,755,1469,238,976,1703,3511,3135,10459,4106,4836,15826,Day_1,Dark,Intermediate,2.5mm,Experiment_2
2025-10-23T01:21:15.124Z,22,753,1468,240,979,1706,3506,3137,10481,4110,4863,15905,Day_1,Dark,Intermediate,2.5mm,Experiment_2
2025-10-23T01:21:15.164Z,21,756,1464,242,983,1706,3504,3127,10474,4107,4869,15931,Day_1,Dark,Intermediate,2.5mm,Experiment_2
2025-10-23T01:21:15.204Z,24,762,1462,245,985,1708,3506,3116,10447,4101,4854,15900,Day_1,Dark,Intermediate,2.5mm,Experiment_2
2025-10-23T01:21:15.244Z,30,763,1460,249,982,1706,3502,3104,10400,4081,4807,15772,Day_1,Dark,Intermediate,2.5mm,Experiment_2
2025-10-23T01:21:15.284Z,32,761,1459,250,975,1697,3487,3077,10316,4040,4713,15519,Day_1,Dark,Intermediate,2.5mm,Experiment_2
2025-10-23T01:21:15.324Z,29,763,1457,247,974,1688,3475,3042,10229,4001,4602,15262,Day_1,Dark,Intermediate,2.5mm,Experiment_2
2025-10-23T01:21:15.364Z,24,767,1458,246,979,1688,3487,3018,10207,3999,4538,15206,Day_1,Dark,Intermediate,2.5mm,Experiment_2
2025-10-23T01:21:15.404Z,22,763,1464,247,981,1697,3517,3021,10258,4032,4564,15354,Day_1,Dark,Intermediate,2.5mm,Experiment_2
2025-10-23T01:21:15.444Z,25,753,1476,252,975,1710,3540,3047,10325,4065,4659,15540,Day_1,Dark,Intermediate,2.5mm,Experiment_2
2025-10-23T01:21:15.484Z,31,747,1487,258,969,1721,3546,3076,10363,4080,4746,15649,Day_1,Dark,Intermediate,2.5mm,Experiment_2
2025-10-23T01:21:15.524Z,32,744,1487,258,965,1724,3535,3091,10370,4078,4777,15672,Day_1,Dark,Intermediate,2.5mm,Experiment_2
2025-10-23T01:21:15.564Z,25,742,1478,250,962,1717,3518,3097,10373,4070,4778,15666,Day_1,Dark,Intermediate,2.5mm,Experiment_2
2025-10-23T01:21:15.604Z,19,742,1466,243,961,1707,3507,3113,10390,4070,4794,15704,Day_1,Dark,Intermediate,2.5mm,Experiment_2
2025-10-23T01:21:15.644Z,17,741,1458,238,963,1701,3507,3148,10417,4079,4830,15792,Day_1,Dark,Intermediate,2.5mm,Experiment_2
2025-10-23T01:21:15.684Z,19,741,1455,238,968,1701,3511,3188,10439,4089,4861,15872,Day_1,Dark,Intermediate,2.5mm,Experiment_2
2025-10-23T01:21:15.724Z,21,745,1459,239,976,1703,3515,3210,10453,4096,4869,15911,Day_1,Dark,Intermediate,2.5mm,Experiment_2
2025-10-23T01:21:15.764Z,20,753,1466,239,985,1705,3522,3196,10449,4105,4854,15894,Day_1,Dark,Intermediate,2.5mm,Experiment_2
2025-10-23T01:21:15.804Z,19,758,1468,237,986,1702,3531,3149,10407,4101,4805,15771,Day_1,Dark,Intermediate,2.5mm,Experiment_2
2025-10-23T01:21:15.844Z,22,758,1464,235,979,1695,3524,3095,10308,4063,4705,15494,Day_1,Dark,Intermediate,2.5mm,Experiment_2
2025-10-23T01:21:15.884Z,28,760,1461,238,972,1690,3495,3059,10185,3995,4563,15139,Day_1,Dark,Intermediate,2.5mm,Experiment_2
2025-10-23T01:21:15.924Z,35,764,1461,246,973,1690,3462,3048,10117,3946,4447,14926,Day_1,Dark,Intermediate,2.5mm,Experiment_2
2025-10-23T01:21:15.964Z,39,766,1461,255,975,1693,3452,3062,10142,3952,4444,14994,Day_1,Dark,Intermediate,2.5mm,Experiment_2
2025-10-23T01:21:16.004Z,38,762,1460,262,974,1695,3467,3087,10229,3993,4557,15237,Day_1,Dark,Intermediate,2.5mm,Experiment_2
2025-10-23T01:21:16.044Z,39,761,1460,267,976,1694,3482,3103,10321,4031,4688,15473,Day_1,Dark,Intermediate,2.5mm,Experiment_2
2025-10-23T01:21:16.084Z,46,766,1460,272,984,1693,3481,3103,10371,4047,4756,15591,Day_1,Dark,Intermediate,2.5mm,Experiment_2
2025-10-23T01:21:16.124Z,50,776,1462,271,994,1695,3474,3096,10366,4048,4765,15595,Day_1,Dark,Intermediate,2.5mm,Experiment_2
2025-10-23T01:21:16.164Z,47,782,1462,264,998,1698,3479,3095,10349,4055,4766,15600,Day_1,Dark,Intermediate,2.5mm,Experiment_2
2025-10-23T01:21:16.204Z,41,783,1457,257,998,1697,3502,3100,10367,4078,4790,15691,Day_1,Dark,Intermediate,2.5mm,Experiment_2
2025-10-23T01:21:16.244Z,36,784,1457,250,1000,1697,3529,3105,10406,4105,4826,15819,Day_1,Dark,Intermediate,2.5mm,Experiment_2
2025-10-23T01:21:16.284Z,34,786,1468,250,1005,1707,3540,3107,10434,4116,4850,15901,Day_1,Dark,Intermediate,2.5mm,Experiment_2
2025-10-23T01:21:16.324Z,36,782,1484,258,1005,1722,3536,3113,10441,4112,4864,15924,Day_1,Dark,Intermediate,2.5mm,Experiment_2
2025-10-23T01:21:16.364Z,38,776,1496,268,1000,1732,3529,3127,10434,4104,4873,15895,Day_1,Dark,Intermediate,2.5mm,Experiment_2
2025-10-23T01:21:16.404Z,37,774,1500,269,994,1732,3521,3137,10396,4088,4875,15771,Day_1,Dark,Intermediate,2.5mm,Experiment_2
2025-10-23T01:21:16.444Z,34,777,1494,264,989,1721,3508,3123,10307,4055,4851,15520,Day_1,Dark,Intermediate,2.5mm,Experiment_2
2025-10-23T01:21:16.484Z,35,779,1482,260,985,1707,3498,3091,10209,4018,4792,15262,Day_1,Dark,Intermediate,2.5mm,Experiment_2
2025-10-23T01:21:16.524Z,39,777,1470,259,986,1698,3501,3072,10183,4007,4733,15201,Day_1,Dark,Intermediate,2.5mm,Experiment_2
2025-10-23T01:21:16.564Z,38,775,1465,258,989,1697,3508,3084,10244,4027,4722,15352,Day_1,Dark,Intermediate,2.5mm,Experiment_2
2025-10-23T01:21:16.604Z,29,772,1464,253,991,1700,3509,3107,10324,4056,4752,15549,Day_1,Dark,Intermediate,2.5mm,Experiment_2
2025-10-23T01:21:16.644Z,19,768,1467,247,988,1703,3509,3121,10370,4075,4781,15669,Day_1,Dark,Intermediate,2.5mm,Experiment_2
2025-10-23T01:21:16.684Z,15,759,1470,245,979,1704,3510,3121,10381,4082,4792,15698,Day_1,Dark,Intermediate,2.5mm,Experiment_2
2025-10-23T01:21:16.724Z,16,751,1471,243,972,1700,3514,3119,10378,4085,4793,15691,Day_1,Dark,Intermediate,2.5mm,Experiment_2
2025-10-23T01:21:16.764Z,18,751,1472,241,972,1698,3521,3125,10387,4093,4807,15720,Day_1,Dark,Intermediate,2.5mm,Experiment_2
2025-10-23T01:21:16.804Z,22,753,1475,243,976,1702,3533,3137,10410,4106,4835,15796,Day_1,Dark,Intermediate,2.5mm,Experiment_2
2025-10-23T01:21:16.844Z,27,750,1477,246,977,1707,3548,3142,10433,4117,4861,15867,Day_1,Dark,Intermediate,2.5mm,Experiment_2
2025-10-23T01:21:16.884Z,30,746,1473,246,976,1708,3560,3134,10447,4120,4869,15901,Day_1,Dark,Intermediate,2.5mm,Experiment_2
2025-10-23T01:21:16.924Z,32,749,1468,245,979,1705,3556,3118,10447,4114,4855,15886,Day_1,Dark,Intermediate,2.5mm,Experiment_2
2025-10-23T01:21:16.964Z,34,754,1463,248,982,1699,3531,3100,10405,4090,4811,15767,Day_1,Dark,Intermediate,2.5mm,Experiment_2
2025-10-23T01:21:17.004Z,37,757,1456,253,978,1687,3501,3080,10299,4041,4723,15489,Day_1,Dark,Intermediate,2.5mm,Experiment_2
2025-10-23T01:21:17.044Z,40,756,1448,256,971,1674,3476,3060,10163,3978,4610,15130,Day_1,Dark,Intermediate,2.5mm,Experiment_2
2025-10-23T01:21:17.084Z,38,754,1444,258,966,1668,3463,3046,10089,3939,4541,14921,Day_1,Dark,Intermediate,2.5mm,Experiment_2
2025-10-23T01:21:17.124Z,33,755,1447,256,966,1671,3467,3048,10128,3952,4563,14995,Day_1,Dark,Intermediate,2.5mm,Experiment_2
2025-10-23T01:21:17.164Z,28,759,1457,253,970,1683,3480,3066,10227,3999,4643,15236,Day_1,Dark,Intermediate,2.5mm,Experiment_2
2025-10-23T01:21:17.204Z,28,766,1469,253,976,1696,3493,3094,10310,4042,4719,15456,Day_1,Dark,Intermediate,2.5mm,Experiment_2
2025-10-23T01:21:17.244Z,34,768,1476,258,976,1704,3500,3117,10338,4058,4755,15560,Day_1,Dark,Intermediate,2.5mm,Experiment_2
2025-10-23T01:21:17.284Z,42,766,1478,262,973,1708,3498,3123,10331,4055,4756,15576,Day_1,Dark,Intermediate,2.5mm,Experiment_2
2025-10-23T01:21:17.327Z,43,765,1480,264,976,1714,3497,3116,10337,4056,4759,15615,Day_1,Dark,Intermediate,2.5mm,Experiment_2
2025-10-23T01:21:17.367Z,38,768,1484,262,984,1722,3498,3115,10373,4072,4790,15725,Day_1,Dark,Intermediate,2.5mm,Experiment_2
2025-10-23T01:21:17.407Z,32,769,1485,261,989,1724,3501,3125,10410,4095,4833,15838,Day_1,Dark,Intermediate,2.5mm,Experiment_2
2025-10-23T01:21:17.447Z,32,770,1484,263,992,1722,3513,3141,10429,4112,4860,15894,Day_1,Dark,Intermediate,2.5mm,Experiment_2
2025-10-23T01:21:17.487Z,39,776,1481,270,997,1717,3526,3152,10430,4118,4867,15896,Day_1,Dark,Intermediate,2.5mm,Experiment_2
2025-10-23T01:21:17.527Z,45,783,1475,275,999,1711,3533,3151,10409,4111,4850,15832,Day_1,Dark,Intermediate,2.5mm,Experiment_2
2025-10-23T01:21:17.567Z,46,786,1472,274,995,1706,3534,3131,10346,4086,4790,15643,Day_1,Dark,Intermediate,2.5mm,Experiment_2
2025-10-23T01:21:17.607Z,45,785,1471,267,989,1704,3525,3100,10246,4037,4692,15341,Day_1,Dark,Intermediate,2.5mm,Experiment_2
2025-10-23T01:21:17.647Z,43,783,1468,260,986,1704,3512,3078,10178,3991,4615,15111,Day_1,Dark,Intermediate,2.5mm,Experiment_2
2025-10-23T01:21:17.684Z,41,781,1466,255,987,1706,3505,3075,10197,3986,4617,15134,Day_1,Dark,Intermediate,2.5mm,Experiment_2
2025-10-23T01:21:17.724Z,38,780,1466,256,991,1708,3499,3074,10270,4012,4673,15339,Day_1,Dark,Intermediate,2.5mm,Experiment_2
2025-10-23T01:21:17.764Z,35,783,1468,258,999,1711,3494,3069,10331,4041,4727,15540,Day_1,Dark,Intermediate,2.5mm,Experiment_2
2025-10-23T01:21:17.804Z,32,785,1475,258,1006,1713,3498,3072,10353,4060,4761,15647,Day_1,Dark,Intermediate,2.5mm,Experiment_2
2025-10-23T01:21:17.844Z,30,779,1481,258,1005,1714,3510,3088,10348,4070,4777,15670,Day_1,Dark,Intermediate,2.5mm,Experiment_2
2025-10-23T01:21:17.884Z,31,770,1480,255,997,1711,3520,3109,10356,4074,4784,15671,Day_1,Dark,Intermediate,2.5mm,Experiment_2
2025-10-23T01:21:17.924Z,30,765,1471,251,990,1704,3526,3128,10397,4082,4797,15710,Day_1,Dark,Intermediate,2.5mm,Experiment_2
2025-10-23T01:21:17.964Z,30,768,1462,245,989,1700,3527,3144,10451,4093,4822,15794,Day_1,Dark,Intermediate,2.5mm,Experiment_2
2025-10-23T01:21:18.004Z,31,777,1463,243,995,1705,3521,3157,10484,4101,4850,15875,Day_1,Dark,Intermediate,2.5mm,Experiment_2
2025-10-23T01:21:18.044Z,33,790,1474,244,1007,1716,3510,3163,10483,4104,4867,15913,Day_1,Dark,Intermediate,2.5mm,Experiment_2
2025-10-23T01:21:18.084Z,33,799,1484,244,1016,1724,3501,3156,10453,4100,4864,15888,Day_1,Dark,Intermediate,2.5mm,Experiment_2
2025-10-23T01:21:18.124Z,31,799,1485,243,1016,1723,3500,3127,10391,4084,4822,15760,Day_1,Dark,Intermediate,2.5mm,Experiment_2
2025-10-23T01:21:18.164Z,27,792,1479,239,1006,1714,3504,3090,10292,4049,4734,15495,Day_1,Dark,Intermediate,2.5mm,Experiment_2
2025-10-23T01:21:18.204Z,25,785,1474,235,996,1704,3511,3071,10195,4011,4636,15196,Day_1,Dark,Intermediate,2.5mm,Experiment_2
2025-10-23T01:21:18.244Z,24,778,1474,234,989,1700,3519,3071,10167,3998,4592,15077,Day_1,Dark,Intermediate,2.5mm,Experiment_2
2025-10-23T01:21:18.284Z,24,772,1477,235,986,1704,3524,3078,10221,4015,4626,15202,Day_1,Dark,Intermediate,2.5mm,Experiment_2
2025-10-23T01:21:18.324Z,24,764,1478,238,983,1707,3523,3089,10306,4044,4698,15426,Day_1,Dark,Intermediate,2.5mm,Experiment_2
2025-10-23T01:21:18.364Z,24,759,1474,242,981,1710,3521,3101,10367,4068,4754,15592,Day_1,Dark,Intermediate,2.5mm,Experiment_2
2025-10-23T01:21:18.405Z,24,759,1471,244,981,1714,3521,3106,10379,4080,4773,15649,Day_1,Dark,Intermediate,2.5mm,Experiment_2
2025-10-23T01:21:18.445Z,28,763,1471,249,982,1720,3525,3110,10366,4083,4774,15651,Day_1,Dark,Intermediate,2.5mm,Experiment_2
2025-10-23T01:21:18.485Z,36,767,1474,258,986,1725,3528,3123,10367,4088,4796,15696,Day_1,Dark,Intermediate,2.5mm,Experiment_2
2025-10-23T01:21:18.525Z,46,769,1476,271,988,1725,3529,3137,10398,4101,4838,15802,Day_1,Dark,Intermediate,2.5mm,Experiment_2
2025-10-23T01:21:18.565Z,56,767,1473,284,986,1721,3529,3138,10436,4115,4869,15890,Day_1,Dark,Intermediate,2.5mm,Experiment_2
2025-10-23T01:21:18.605Z,57,764,1469,286,982,1715,3530,3126,10455,4123,4876,15919,Day_1,Dark,Intermediate,2.5mm,Experiment_2
2025-10-23T01:21:18.645Z,47,763,1467,274,981,1711,3531,3107,10445,4121,4862,15894,Day_1,Dark,Intermediate,2.5mm,Experiment_2
2025-10-23T01:21:18.685Z,37,758,1469,260,978,1713,3526,3090,10396,4101,4823,15780,Day_1,Dark,Intermediate,2.5mm,Experiment_2
2025-10-23T01:21:18.725Z,34,753,1473,254,969,1716,3511,3080,10305,4055,4745,15525,Day_1,Dark,Intermediate,2.5mm,Experiment_2
2025-10-23T01:21:18.765Z,35,753,1471,252,960,1709,3486,3080,10190,3992,4639,15175,Day_1,Dark,Intermediate,2.5mm,Experiment_2
2025-10-23T01:21:18.805Z,31,755,1463,249,958,1695,3460,3084,10112,3945,4565,14938,Day_1,Dark,Intermediate,2.5mm,Experiment_2
2025-10-23T01:21:18.845Z,26,759,1459,247,963,1685,3451,3089,10123,3945,4576,14974,Day_1,Dark,Intermediate,2.5mm,Experiment_2
2025-10-23T01:21:18.885Z,22,768,1462,247,975,1687,3469,3102,10205,3984,4652,15203,Day_1,Dark,Intermediate,2.5mm,Experiment_2
2025-10-23T01:21:18.925Z,22,775,1468,249,986,1695,3501,3117,10296,4032,4729,15437,Day_1,Dark,Intermediate,2.5mm,Experiment_2
2025-10-23T01:21:18.965Z,27,773,1472,253,989,1704,3523,3120,10347,4062,4769,15567,Day_1,Dark,Intermediate,2.5mm,Experiment_2
2025-10-23T01:21:19.005Z,34,769,1475,256,988,1708,3522,3107,10357,4068,4773,15593,Day_1,Dark,Intermediate,2.5mm,Experiment_2
2025-10-23T01:21:19.045Z,41,765,1477,258,987,1709,3509,3090,10364,4067,4769,15609,Day_1,Dark,Intermediate,2.5mm,Experiment_2
2025-10-23T01:21:19.085Z,47,762,1478,259,985,1712,3502,3091,10400,4078,4787,15696,Day_1,Dark,Intermediate,2.5mm,Experiment_2
2025-10-23T01:21:19.125Z,48,760,1477,258,983,1717,3505,3117,10451,4100,4826,15823,Day_1,Dark,Intermediate,2.5mm,Experiment_2
2025-10-23T01:21:19.165Z,44,762,1475,255,984,1717,3512,3146,10481,4116,4863,15912,Day_1,Dark,Intermediate,2.5mm,Experiment_2
2025-10-23T01:21:19.205Z,43,769,1470,256,989,1711,3520,3150,10476,4120,4880,15934,Day_1,Dark,Intermediate,2.5mm,Experiment_2
2025-10-23T01:21:19.245Z,45,777,1464,259,993,1706,3531,3134,10450,4114,4870,15895,Day_1,Dark,Intermediate,2.5mm,Experiment_2
2025-10-23T01:21:19.285Z,43,776,1462,259,991,1704,3536,3116,10401,4095,4824,15761,Day_1,Dark,Intermediate,2.5mm,Experiment_2
2025-10-23T01:21:19.325Z,35,767,1461,255,981,1701,3523,3095,10317,4051,4738,15504,Day_1,Dark,Intermediate,2.5mm,Experiment_2
2025-10-23T01:21:19.365Z,23,756,1459,250,971,1694,3496,3073,10233,4003,4653,15255,Day_1,Dark,Intermediate,2.5mm,Experiment_2
2025-10-23T01:21:19.405Z,16,749,1461,248,964,1693,3476,3062,10211,3989,4632,15213,Day_1,Dark,Intermediate,2.5mm,Experiment_2
2025-10-23T01:21:19.445Z,19,751,1466,250,964,1700,3477,3068,10251,4012,4676,15365,Day_1,Dark,Intermediate,2.5mm,Experiment_2
2025-10-23T01:21:19.485Z,32,757,1470,254,970,1707,3496,3075,10311,4045,4732,15545,Day_1,Dark,Intermediate,2.5mm,Experiment_2
2025-10-23T01:21:19.525Z,49,759,1470,260,975,1709,3518,3076,10359,4069,4763,15654,Day_1,Dark,Intermediate,2.5mm,Experiment_2
2025-10-23T01:21:19.565Z,57,758,1465,266,976,1704,3535,3075,10384,4080,4770,15687,Day_1,Dark,Intermediate,2.5mm,Experiment_2
2025-10-23T01:21:19.605Z,52,762,1461,265,981,1699,3541,3086,10388,4083,4774,15688,Day_1,Dark,Intermediate,2.5mm,Experiment_2
2025-10-23T01:21:19.645Z,41,771,1462,255,989,1699,3537,3107,10391,4089,4796,15712,Day_1,Dark,Intermediate,2.5mm,Experiment_2
2025-10-23T01:21:19.685Z,31,778,1465,244,996,1703,3534,3126,10407,4105,4833,15783,Day_1,Dark,Intermediate,2.5mm,Experiment_2
2025-10-23T01:21:19.725Z,26,778,1467,240,997,1708,3540,3138,10428,4121,4863,15863,Day_1,Dark,Intermediate,2.5mm,Experiment_2
2025-10-23T01:21:19.765Z,26,772,1464,242,993,1706,3549,3146,10445,4130,4877,15913,Day_1,Dark,Intermediate,2.5mm,Experiment_2
2025-10-23T01:21:19.805Z,27,768,1458,245,989,1699,3546,3147,10441,4124,4871,15904,Day_1,Dark,Intermediate,2.5mm,Experiment_2
2025-10-23T01:21:19.845Z,29,773,1455,245,991,1692,3529,3139,10395,4097,4834,15785,Day_1,Dark,Intermediate,2.5mm,Experiment_2
2025-10-23T01:21:19.885Z,34,780,1454,246,994,1687,3502,3120,10292,4045,4745,15506,Day_1,Dark,Intermediate,2.5mm,Experiment_2
2025-10-23T01:21:19.925Z,42,781,1454,250,990,1682,3472,3094,10166,3981,4628,15144,Day_1,Dark,Intermediate,2.5mm,Experiment_2
2025-10-23T01:21:19.965Z,48,779,1457,254,983,1680,3459,3077,10102,3947,4558,14936,Day_1,Dark,Intermediate,2.5mm,Experiment_2
2025-10-23T01:21:20.005Z,49,778,1461,255,985,1682,3476,3083,10146,3967,4582,15020,Day_1,Dark,Intermediate,2.5mm,Experiment_2
2025-10-23T01:21:20.045Z,45,779,1466,253,992,1688,3510,3107,10244,4018,4661,15271,Day_1,Dark,Intermediate,2.5mm,Experiment_2
2025-10-23T01:21:20.085Z,37,779,1470,249,999,1695,3532,3134,10323,4061,4729,15492,Day_1,Dark,Intermediate,2.5mm,Experiment_2
2025-10-23T01:21:20.125Z,25,779,1469,243,999,1698,3529,3153,10351,4076,4759,15588,Day_1,Dark,Intermediate,2.5mm,Experiment_2
2025-10-23T01:21:20.165Z,18,780,1470,244,996,1703,3512,3156,10347,4071,4763,15603,Day_1,Dark,Intermediate,2.5mm,Experiment_2
2025-10-23T01:21:20.205Z,21,784,1479,251,996,1715,3501,3147,10361,4072,4775,15661,Day_1,Dark,Intermediate,2.5mm,Experiment_2
2025-10-23T01:21:20.245Z,26,787,1487,256,1001,1726,3499,3133,10407,4085,4811,15791,Day_1,Dark,Intermediate,2.5mm,Experiment_2
2025-10-23T01:21:20.285Z,31,783,1485,257,1001,1729,3498,3118,10446,4095,4845,15899,Day_1,Dark,Intermediate,2.5mm,Experiment_2
2025-10-23T01:21:20.325Z,34,772,1480,258,991,1725,3494,3106,10457,4095,4858,15931,Day_1,Dark,Intermediate,2.5mm,Experiment_2
2025-10-23T01:21:20.365Z,35,764,1479,257,984,1721,3494,3104,10448,4094,4856,15907,Day_1,Dark,Intermediate,2.5mm,Experiment_2
2025-10-23T01:21:20.405Z,33,765,1479,255,986,1717,3499,3108,10418,4091,4837,15817,Day_1,Dark,Intermediate,2.5mm,Experiment_2
2025-10-23T01:21:20.445Z,32,770,1477,252,988,1709,3499,3106,10343,4068,4779,15606,Day_1,Dark,Intermediate,2.5mm,Experiment_2
2025-10-23T01:21:20.485Z,34,775,1473,250,987,1697,3487,3097,10231,4019,4681,15289,Day_1,Dark,Intermediate,2.5mm,Experiment_2
2025-10-23T01:21:20.525Z,36,774,1471,249,982,1690,3471,3091,10152,3978,4604,15050,Day_1,Dark,Intermediate,2.5mm,Experiment_2
2025-10-23T01:21:20.565Z,38,764,1470,250,975,1691,3466,3088,10165,3977,4606,15067,Day_1,Dark,Intermediate,2.5mm,Experiment_2
2025-10-23T01:21:20.605Z,39,754,1469,252,969,1699,3473,3085,10242,4009,4667,15274,Day_1,Dark,Intermediate,2.5mm,Experiment_2
2025-10-23T01:21:20.645Z,38,751,1472,253,968,1708,3486,3082,10317,4042,4728,15490,Day_1,Dark,Intermediate,2.5mm,Experiment_2
2025-10-23T01:21:20.685Z,36,752,1481,252,972,1717,3494,3079,10353,4060,4759,15615,Day_1,Dark,Intermediate,2.5mm,Experiment_2
2025-10-23T01:21:20.725Z,31,757,1492,248,980,1723,3494,3079,10356,4062,4766,15652,Day_1,Dark,Intermediate,2.5mm,Experiment_2
2025-10-23T01:21:20.765Z,24,766,1497,244,991,1725,3492,3085,10359,4061,4771,15665,Day_1,Dark,Intermediate,2.5mm,Experiment_2
2025-10-23T01:21:20.805Z,22,778,1490,243,1003,1718,3504,3095,10384,4071,4789,15717,Day_1,Dark,Intermediate,2.5mm,Experiment_2
2025-10-23T01:21:20.845Z,26,789,1476,245,1011,1707,3522,3100,10424,4090,4818,15809,Day_1,Dark,Intermediate,2.5mm,Experiment_2
2025-10-23T01:21:20.885Z,32,793,1465,249,1012,1699,3525,3096,10459,4102,4840,15893,Day_1,Dark,Intermediate,2.5mm,Experiment_2
2025-10-23T01:21:20.925Z,34,789,1459,251,1008,1698,3515,3092,10474,4106,4849,15935,Day_1,Dark,Intermediate,2.5mm,Experiment_2
2025-10-23T01:21:20.965Z,35,777,1456,250,996,1699,3506,3098,10458,4104,4846,15913,Day_1,Dark,Intermediate,2.5mm,Experiment_2
2025-10-23T01:21:21.005Z,37,762,1455,252,981,1701,3495,3111,10402,4086,4818,15784,Day_1,Dark,Intermediate,2.5mm,Experiment_2
2025-10-23T01:21:21.045Z,35,752,1458,252,967,1701,3477,3110,10307,4045,4746,15524,Day_1,Dark,Intermediate,2.5mm,Experiment_2
2025-10-23T01:21:21.085Z,26,750,1458,246,960,1698,3462,3092,10215,3999,4659,15252,Day_1,Dark,Intermediate,2.5mm,Experiment_2
2025-10-23T01:21:21.125Z,19,755,1456,242,963,1696,3466,3076,10193,3986,4619,15170,Day_1,Dark,Intermediate,2.5mm,Experiment_2
2025-10-23T01:21:21.165Z,24,763,1458,248,972,1698,3482,3071,10243,4009,4647,15306,Day_1,Dark,Intermediate,2.5mm,Experiment_2
2025-10-23T01:21:21.205Z,34,771,1461,260,984,1701,3491,3071,10310,4037,4704,15503,Day_1,Dark,Intermediate,2.5mm,Experiment_2
2025-10-23T01:21:21.245Z,39,780,1463,264,995,1700,3490,3073,10353,4053,4751,15635,Day_1,Dark,Intermediate,2.5mm,Experiment_2
2025-10-23T01:21:21.285Z,35,782,1462,260,998,1697,3496,3075,10368,4061,4769,15675,Day_1,Dark,Intermediate,2.5mm,Experiment_2
2025-10-23T01:21:21.325Z,29,776,1463,256,993,1697,3512,3073,10366,4073,4770,15671,Day_1,Dark,Intermediate,2.5mm,Experiment_2
2025-10-23T01:21:21.365Z,26,769,1468,256,991,1703,3530,3075,10369,4090,4782,15707,Day_1,Dark,Intermediate,2.5mm,Experiment_2
2025-10-23T01:21:21.405Z,25,767,1474,254,990,1711,3539,3085,10393,4108,4811,15804,Day_1,Dark,Intermediate,2.5mm,Experiment_2
2025-10-23T01:21:21.445Z,25,766,1478,247,988,1717,3534,3097,10424,4115,4831,15891,Day_1,Dark,Intermediate,2.5mm,Experiment_2
2025-10-23T01:21:21.485Z,27,766,1481,244,984,1720,3518,3101,10436,4108,4831,15923,Day_1,Dark,Intermediate,2.5mm,Experiment_2
2025-10-23T01:21:21.525Z,32,764,1480,247,978,1718,3500,3096,10429,4092,4820,15898,Day_1,Dark,Intermediate,2.5mm,Experiment_2
2025-10-23T01:21:21.565Z,37,759,1473,253,971,1711,3494,3085,10400,4071,4789,15778,Day_1,Dark,Intermediate,2.5mm,Experiment_2
2025-10-23T01:21:21.605Z,39,755,1468,256,965,1702,3496,3070,10326,4037,4717,15509,Day_1,Dark,Intermediate,2.5mm,Experiment_2
2025-10-23T01:21:21.646Z,37,760,1471,257,965,1699,3492,3057,10212,3990,4613,15150,Day_1,Dark,Intermediate,2.5mm,Experiment_2
2025-10-23T01:21:21.686Z,35,768,1475,257,970,1699,3483,3054,10130,3953,4545,14917,Day_1,Dark,Intermediate,2.5mm,Experiment_2
2025-10-23T01:21:21.726Z,34,772,1474,256,978,1699,3488,3060,10144,3958,4561,14971,Day_1,Dark,Intermediate,2.5mm,Experiment_2
2025-10-23T01:21:21.766Z,36,775,1471,257,988,1698,3510,3072,10227,3996,4632,15218,Day_1,Dark,Intermediate,2.5mm,Experiment_2
2025-10-23T01:21:21.806Z,38,782,1474,258,1000,1702,3530,3082,10308,4033,4700,15458,Day_1,Dark,Intermediate,2.5mm,Experiment_2
2025-10-23T01:21:21.846Z,36,789,1482,257,1006,1710,3522,3081,10346,4048,4733,15577,Day_1,Dark,Intermediate,2.5mm,Experiment_2
2025-10-23T01:21:21.886Z,33,786,1484,255,1000,1713,3500,3073,10343,4046,4737,15589,Day_1,Dark,Intermediate,2.5mm,Experiment_2
2025-10-23T01:21:21.926Z,35,776,1477,254,990,1707,3493,3071,10345,4049,4744,15606,Day_1,Dark,Intermediate,2.5mm,Experiment_2
2025-10-23T01:21:21.966Z,37,771,1473,256,985,1704,3504,3077,10381,4068,4774,15701,Day_1,Dark,Intermediate,2.5mm,Experiment_2
2025-10-23T01:21:22.005Z,37,776,1476,257,992,1709,3512,3085,10429,4091,4816,15827,Day_1,Dark,Intermediate,2.5mm,Experiment_2
2025-10-23T01:21:22.045Z,36,784,1481,258,1002,1714,3506,3091,10461,4104,4847,15908,Day_1,Dark,Intermediate,2.5mm,Experiment_2
2025-10-23T01:21:22.085Z,36,788,1479,257,1011,1715,3495,3093,10470,4105,4857,15931,Day_1,Dark,Intermediate,2.5mm,Experiment_2
2025-10-23T01:21:22.125Z,34,790,1475,254,1015,1713,3486,3091,10452,4095,4843,15886,Day_1,Dark,Intermediate,2.5mm,Experiment_2
2025-10-23T01:21:22.165Z,30,789,1472,251,1010,1707,3481,3086,10397,4066,4792,15726,Day_1,Dark,Intermediate,2.5mm,Experiment_2
2025-10-23T01:21:22.205Z,28,782,1467,248,997,1696,3476,3076,10298,4020,4706,15443,Day_1,Dark,Intermediate,2.5mm,Experiment_2
2025-10-23T01:21:22.245Z,28,775,1461,246,984,1687,3475,3070,10204,3984,4634,15195,Day_1,Dark,Intermediate,2.5mm,Experiment_2
2025-10-23T01:21:22.285Z,28,777,1455,247,986,1685,3478,3079,10189,3984,4636,15181,Day_1,Dark,Intermediate,2.5mm,Experiment_2
2025-10-23T01:21:22.325Z,29,787,1455,250,997,1688,3481,3094,10253,4013,4697,15364,Day_1,Dark,Intermediate,2.5mm,Experiment_2
2025-10-23T01:21:22.365Z,30,791,1463,255,1005,1696,3481,3103,10330,4045,4757,15560,Day_1,Dark,Intermediate,2.5mm,Experiment_2
2025-10-23T01:21:22.405Z,33,787,1474,260,1003,1706,3475,3101,10377,4064,4783,15666,Day_1,Dark,Intermediate,2.5mm,Experiment_2
2025-10-23T01:21:22.445Z,38,782,1481,262,999,1714,3474,3096,10394,4071,4784,15693,Day_1,Dark,Intermediate,2.5mm,Experiment_2
2025-10-23T01:21:22.485Z,37,778,1483,259,997,1718,3482,3098,10399,4077,4783,15695,Day_1,Dark,Intermediate,2.5mm,Experiment_2
2025-10-23T01:21:22.525Z,30,778,1486,250,997,1724,3491,3114,10405,4086,4800,15728,Day_1,Dark,Intermediate,2.5mm,Experiment_2
2025-10-23T01:21:22.565Z,24,781,1492,244,999,1732,3494,3133,10420,4094,4830,15802,Day_1,Dark,Intermediate,2.5mm,Experiment_2
2025-10-23T01:21:22.605Z,25,788,1497,246,1005,1739,3492,3137,10434,4097,4854,15874,Day_1,Dark,Intermediate,2.5mm,Experiment_2
2025-10-23T01:21:22.645Z,29,790,1500,253,1009,1740,3501,3126,10440,4101,4863,15907,Day_1,Dark,Intermediate,2.5mm,Experiment_2
2025-10-23T01:21:22.685Z,30,786,1498,257,1006,1735,3520,3117,10434,4102,4856,15887,Day_1,Dark,Intermediate,2.5mm,Experiment_2
2025-10-23T01:21:22.726Z,30,779,1491,257,998,1725,3524,3105,10402,4084,4816,15772,Day_1,Dark,Intermediate,2.5mm,Experiment_2
2025-10-23T01:21:22.766Z,30,770,1478,256,985,1711,3501,3082,10317,4038,4726,15508,Day_1,Dark,Intermediate,2.5mm,Experiment_2
2025-10-23T01:21:22.806Z,32,766,1463,255,974,1693,3468,3060,10197,3985,4615,15173,Day_1,Dark,Intermediate,2.5mm,Experiment_2
2025-10-23T01:21:22.846Z,35,771,1454,255,972,1683,3448,3052,10129,3958,4556,14990,Day_1,Dark,Intermediate,2.5mm,Experiment_2
2025-10-23T01:21:22.886Z,36,779,1452,257,977,1686,3445,3066,10162,3970,4589,15080,Day_1,Dark,Intermediate,2.5mm,Experiment_2
2025-10-23T01:21:22.926Z,37,777,1454,259,980,1693,3456,3100,10246,4006,4672,15317,Day_1,Dark,Intermediate,2.5mm,Experiment_2
2025-10-23T01:21:22.966Z,36,769,1457,258,979,1699,3479,3144,10311,4045,4746,15518,Day_1,Dark,Intermediate,2.5mm,Experiment_2
2025-10-23T01:21:23.006Z,30,763,1458,253,977,1701,3508,3177,10333,4068,4775,15599,Day_1,Dark,Intermediate,2.5mm,Experiment_2
2025-10-23T01:21:23.046Z,23,763,1460,246,975,1703,3528,3179,10332,4071,4771,15606,Day_1,Dark,Intermediate,2.5mm,Experiment_2
2025-10-23T01:21:23.086Z,18,766,1467,243,978,1708,3537,3162,10348,4078,4781,15661,Day_1,Dark,Intermediate,2.5mm,Experiment_2
2025-10-23T01:21:23.126Z,19,767,1475,245,983,1715,3540,3146,10391,4099,4820,15788,Day_1,Dark,Intermediate,2.5mm,Experiment_2
2025-10-23T01:21:23.166Z,22,764,1478,251,984,1717,3538,3131,10431,4117,4854,15891,Day_1,Dark,Intermediate,2.5mm,Experiment_2
2025-10-23T01:21:23.206Z,24,761,1476,253,984,1714,3530,3115,10447,4119,4862,15924,Day_1,Dark,Intermediate,2.5mm,Experiment_2
2025-10-23T01:21:23.246Z,22,759,1476,251,985,1709,3518,3102,10441,4110,4851,15907,Day_1,Dark,Intermediate,2.5mm,Experiment_2
2025-10-23T01:21:23.286Z,20,754,1477,247,981,1705,3501,3090,10408,4089,4819,15823,Day_1,Dark,Intermediate,2.5mm,Experiment_2
2025-10-23T01:21:23.326Z,22,749,1474,248,972,1699,3481,3080,10338,4052,4753,15612,Day_1,Dark,Intermediate,2.5mm,Experiment_2
2025-10-23T01:21:23.366Z,29,748,1469,254,963,1690,3465,3070,10239,4000,4657,15290,Day_1,Dark,Intermediate,2.5mm,Experiment_2
2025-10-23T01:21:23.406Z,38,748,1467,263,958,1687,3461,3066,10164,3961,4586,15048,Day_1,Dark,Intermediate,2.5mm,Experiment_2
2025-10-23T01:21:23.446Z,44,745,1474,269,957,1695,3467,3072,10165,3963,4592,15062,Day_1,Dark,Intermediate,2.5mm,Experiment_2
2025-10-23T01:21:23.486Z,41,744,1482,266,961,1708,3481,3082,10229,3996,4655,15264,Day_1,Dark,Intermediate,2.5mm,Experiment_2
2025-10-23T01:21:23.526Z,33,750,1480,259,970,1711,3496,3088,10308,4031,4718,15477,Day_1,Dark,Intermediate,2.5mm,Experiment_2
2025-10-23T01:21:23.566Z,29,762,1472,253,982,1707,3505,3092,10370,4055,4755,15610,Day_1,Dark,Intermediate,2.5mm,Experiment_2
2025-10-23T01:21:23.606Z,28,778,1466,252,994,1702,3505,3095,10400,4066,4769,15659,Day_1,Dark,Intermediate,2.5mm,Experiment_2
2025-10-23T01:21:23.646Z,26,793,1468,252,1002,1704,3510,3096,10406,4073,4774,15678,Day_1,Dark,Intermediate,2.5mm,Experiment_2
2025-10-23T01:21:23.686Z,24,798,1472,251,1005,1709,3530,3097,10410,4088,4789,15724,Day_1,Dark,Intermediate,2.5mm,Experiment_2
2025-10-23T01:21:23.726Z,22,796,1474,247,1007,1713,3552,3099,10425,4108,4816,15801,Day_1,Dark,Intermediate,2.5mm,Experiment_2
2025-10-23T01:21:23.766Z,21,797,1472,244,1013,1715,3568,3106,10439,4128,4843,15874,Day_1,Dark,Intermediate,2.5mm,Experiment_2
2025-10-23T01:21:23.806Z,25,798,1469,246,1018,1716,3575,3113,10443,4140,4858,15913,Day_1,Dark,Intermediate,2.5mm,Experiment_2
2025-10-23T01:21:23.846Z,36,793,1467,253,1016,1714,3570,3114,10435,4138,4855,15898,Day_1,Dark,Intermediate,2.5mm,Experiment_2
2025-10-23T01:21:23.886Z,45,782,1467,257,1006,1709,3551,3108,10397,4112,4817,15784,Day_1,Dark,Intermediate,2.5mm,Experiment_2
2025-10-23T01:21:23.926Z,48,772,1468,258,994,1701,3527,3087,10308,4065,4733,15536,Day_1,Dark,Intermediate,2.5mm,Experiment_2
2025-10-23T01:21:23.966Z,46,767,1467,255,986,1695,3512,3054,10213,4018,4639,15268,Day_1,Dark,Intermediate,2.5mm,Experiment_2
2025-10-23T01:21:24.006Z,42,767,1465,251,984,1693,3520,3025,10190,4003,4607,15189,Day_1,Dark,Intermediate,2.5mm,Experiment_2
2025-10-23T01:21:24.046Z,40,772,1463,248,989,1695,3547,3012,10247,4024,4654,15331,Day_1,Dark,Intermediate,2.5mm,Experiment_2
2025-10-23T01:21:24.086Z,42,780,1467,253,996,1701,3574,3022,10319,4049,4725,15531,Day_1,Dark,Intermediate,2.5mm,Experiment_2
2025-10-23T01:21:24.126Z,47,789,1477,263,1004,1711,3575,3054,10356,4060,4771,15655,Day_1,Dark,Intermediate,2.5mm,Experiment_2
2025-10-23T01:21:24.166Z,53,792,1485,274,1007,1717,3548,3089,10366,4063,4784,15684,Day_1,Dark,Intermediate,2.5mm,Experiment_2
2025-10-23T01:21:24.206Z,53,783,1484,277,1001,1714,3525,3108,10370,4067,4783,15677,Day_1,Dark,Intermediate,2.5mm,Experiment_2
2025-10-23T01:21:24.246Z,48,771,1477,271,992,1708,3522,3109,10381,4075,4792,15711,Day_1,Dark,Intermediate,2.5mm,Experiment_2
2025-10-23T01:21:24.286Z,42,770,1475,261,991,1707,3520,3101,10398,4085,4819,15798,Day_1,Dark,Intermediate,2.5mm,Experiment_2
2025-10-23T01:21:24.326Z,43,777,1480,257,995,1712,3509,3091,10415,4093,4843,15875,Day_1,Dark,Intermediate,2.5mm,Experiment_2
2025-10-23T01:21:24.366Z,48,780,1483,258,998,1718,3503,3083,10427,4100,4849,15910,Day_1,Dark,Intermediate,2.5mm,Experiment_2
2025-10-23T01:21:24.406Z,54,777,1479,262,995,1717,3508,3076,10431,4102,4836,15897,Day_1,Dark,Intermediate,2.5mm,Experiment_2
2025-10-23T01:21:24.446Z,57,774,1472,265,988,1710,3514,3067,10403,4087,4795,15785,Day_1,Dark,Intermediate,2.5mm,Experiment_2
2025-10-23T01:21:24.486Z,58,777,1464,265,985,1701,3513,3059,10316,4044,4714,15515,Day_1,Dark,Intermediate,2.5mm,Experiment_2
2025-10-23T01:21:24.526Z,52,782,1457,262,985,1691,3501,3046,10199,3984,4603,15155,Day_1,Dark,Intermediate,2.5mm,Experiment_2
2025-10-23T01:21:24.566Z,42,777,1454,258,979,1683,3487,3031,10125,3946,4526,14928,Day_1,Dark,Intermediate,2.5mm,Experiment_2
2025-10-23T01:21:24.606Z,34,766,1455,256,971,1682,3482,3029,10145,3957,4540,14984,Day_1,Dark,Intermediate,2.5mm,Experiment_2
2025-10-23T01:21:24.646Z,33,760,1460,256,968,1688,3489,3058,10225,3999,4622,15220,Day_1,Dark,Intermediate,2.5mm,Experiment_2
2025-10-23T01:21:24.686Z,37,760,1467,256,972,1696,3501,3104,10304,4040,4712,15453,Day_1,Dark,Intermediate,2.5mm,Experiment_2
2025-10-23T01:21:24.726Z,39,764,1471,258,978,1703,3508,3135,10338,4060,4764,15575,Day_1,Dark,Intermediate,2.5mm,Experiment_2
2025-10-23T01:21:24.766Z,37,767,1472,260,985,1709,3511,3137,10332,4062,4774,15592,Day_1,Dark,Intermediate,2.5mm,Experiment_2
2025-10-23T01:21:24.806Z,33,769,1475,260,990,1714,3512,3131,10337,4062,4778,15611,Day_1,Dark,Intermediate,2.5mm,Experiment_2
2025-10-23T01:21:24.846Z,33,771,1480,260,995,1720,3511,3136,10388,4074,4804,15709,Day_1,Dark,Intermediate,2.5mm,Experiment_2
2025-10-23T01:21:24.886Z,40,772,1486,264,996,1725,3513,3142,10453,4093,4833,15837,Day_1,Dark,Intermediate,2.5mm,Experiment_2
2025-10-23T01:21:24.926Z,47,769,1491,269,991,1727,3517,3133,10487,4109,4848,15915,Day_1,Dark,Intermediate,2.5mm,Experiment_2
2025-10-23T01:21:24.966Z,46,770,1490,269,991,1726,3518,3112,10482,4113,4850,15928,Day_1,Dark,Intermediate,2.5mm,Experiment_2
2025-10-23T01:21:25.006Z,39,777,1482,264,997,1718,3508,3100,10448,4103,4840,15874,Day_1,Dark,Intermediate,2.5mm,Experiment_2
2025-10-23T01:21:25.046Z,33,780,1474,256,995,1708,3489,3097,10379,4075,4796,15708,Day_1,Dark,Intermediate,2.5mm,Experiment_2
2025-10-23T01:21:25.086Z,36,773,1470,254,985,1699,3471,3092,10270,4032,4707,15424,Day_1,Dark,Intermediate,2.5mm,Experiment_2
2025-10-23T01:21:25.126Z,41,771,1468,255,981,1695,3464,3080,10175,3995,4625,15182,Day_1,Dark,Intermediate,2.5mm,Experiment_2
2025-10-23T01:21:25.166Z,42,781,1473,257,991,1701,3467,3067,10164,3989,4612,15175,Day_1,Dark,Intermediate,2.5mm,Experiment_2
2025-10-23T01:21:25.206Z,41,787,1484,257,1001,1714,3469,3066,10230,4010,4662,15356,Day_1,Dark,Intermediate,2.5mm,Experiment_2
2025-10-23T01:21:25.246Z,43,785,1491,258,1004,1724,3467,3082,10312,4036,4727,15544,Day_1,Dark,Intermediate,2.5mm,Experiment_2
2025-10-23T01:21:25.286Z,43,782,1487,260,1005,1725,3473,3104,10377,4055,4771,15649,Day_1,Dark,Intermediate,2.5mm,Experiment_2
2025-10-23T01:21:25.326Z,37,780,1478,258,1005,1719,3493,3114,10414,4068,4786,15684,Day_1,Dark,Intermediate,2.5mm,Experiment_2
2025-10-23T01:21:25.366Z,29,783,1470,254,1008,1710,3520,3108,10426,4076,4783,15697,Day_1,Dark,Intermediate,2.5mm,Experiment_2
2025-10-23T01:21:25.406Z,24,787,1465,251,1011,1706,3537,3096,10430,4085,4788,15734,Day_1,Dark,Intermediate,2.5mm,Experiment_2
2025-10-23T01:21:25.446Z,23,786,1466,251,1011,1707,3533,3091,10435,4094,4810,15803,Day_1,Dark,Intermediate,2.5mm,Experiment_2
2025-10-23T01:21:25.486Z,25,784,1473,253,1009,1714,3517,3096,10441,4100,4839,15872,Day_1,Dark,Intermediate,2.5mm,Experiment_2
2025-10-23T01:21:25.526Z,26,783,1482,253,1006,1721,3503,3101,10452,4100,4857,15913,Day_1,Dark,Intermediate,2.5mm,Experiment_2
2025-10-23T01:21:25.566Z,24,781,1484,251,1003,1722,3497,3092,10461,4097,4845,15904,Day_1,Dark,Intermediate,2.5mm,Experiment_2
2025-10-23T01:21:25.606Z,27,779,1480,251,999,1715,3497,3066,10437,4082,4792,15789,Day_1,Dark,Intermediate,2.5mm,Experiment_2
2025-10-23T01:21:25.646Z,33,777,1471,252,994,1702,3496,3041,10341,4042,4695,15514,Day_1,Dark,Intermediate,2.5mm,Experiment_2
2025-10-23T01:21:25.686Z,36,778,1462,248,990,1688,3486,3034,10200,3988,4589,15164,Day_1,Dark,Intermediate,2.5mm,Experiment_2
2025-10-23T01:21:25.726Z,35,783,1455,247,994,1681,3473,3049,10120,3959,4542,14978,Day_1,Dark,Intermediate,2.5mm,Experiment_2
2025-10-23T01:21:25.766Z,39,782,1456,255,998,1684,3475,3074,10156,3977,4582,15071,Day_1,Dark,Intermediate,2.5mm,Experiment_2
2025-10-23T01:21:25.806Z,45,772,1462,265,994,1693,3495,3097,10250,4021,4665,15311,Day_1,Dark,Intermediate,2.5mm,Experiment_2
2025-10-23T01:21:25.846Z,43,759,1470,265,984,1700,3522,3110,10327,4061,4733,15516,Day_1,Dark,Intermediate,2.5mm,Experiment_2
2025-10-23T01:21:25.886Z,34,752,1474,256,977,1701,3537,3112,10359,4079,4760,15603,Day_1,Dark,Intermediate,2.5mm,Experiment_2
2025-10-23T01:21:25.926Z,26,759,1479,249,981,1702,3532,3108,10359,4077,4761,15616,Day_1,Dark,Intermediate,2.5mm,Experiment_2
2025-10-23T01:21:25.466Z,21,775,1484,245,994,1708,3522,3104,10368,4073,4777,15672,Day_1,Dark,Intermediate,2.5mm,Experiment_2
2025-10-23T01:21:25.506Z,18,787,1486,243,1005,1714,3516,3099,10406,4080,4816,15799,Day_1,Dark,Intermediate,2.5mm,Experiment_2
2025-10-23T01:21:25.546Z,20,792,1486,245,1013,1716,3515,3096,10450,4091,4848,15904,Day_1,Dark,Intermediate,2.5mm,Experiment_2
2025-10-23T01:21:25.586Z,26,795,1485,250,1016,1715,3518,3096,10474,4099,4858,15942,Day_1,Dark,Intermediate,2.5mm,Experiment_2
2025-10-23T01:21:25.626Z,30,792,1486,257,1011,1715,3520,3101,10472,4099,4854,15923,Day_1,Dark,Intermediate,2.5mm,Experiment_2
2025-10-23T01:21:25.666Z,33,781,1491,262,999,1718,3515,3113,10433,4086,4832,15825,Day_1,Dark,Intermediate,2.5mm,Experiment_2
2025-10-23T01:21:25.706Z,35,771,1495,262,986,1717,3504,3123,10345,4049,4768,15590,Day_1,Dark,Intermediate,2.5mm,Experiment_2
2025-10-23T01:21:25.746Z,33,768,1486,256,980,1705,3481,3115,10224,3995,4665,15252,Day_1,Dark,Intermediate,2.5mm,Experiment_2
2025-10-23T01:21:25.786Z,32,772,1468,250,981,1688,3448,3098,10140,3952,4587,15013,Day_1,Dark,Intermediate,2.5mm,Experiment_2
2025-10-23T01:21:26.326Z,34,774,1455,249,982,1679,3424,3093,10153,3949,4594,15043,Day_1,Dark,Intermediate,2.5mm,Experiment_2
2025-10-23T01:21:26.366Z,36,770,1452,251,979,1680,3429,3099,10238,3981,4660,15263,Day_1,Dark,Intermediate,2.5mm,Experiment_2
2025-10-23T01:21:26.406Z,34,760,1459,251,971,1687,3459,3103,10326,4024,4723,15488,Day_1,Dark,Intermediate,2.5mm,Experiment_2
2025-10-23T01:21:26.446Z,30,746,1468,247,960,1693,3495,3100,10375,4057,4757,15614,Day_1,Dark,Intermediate,2.5mm,Experiment_2
2025-10-23T01:21:26.486Z,29,739,1474,244,954,1699,3518,3099,10385,4073,4768,15642,Day_1,Dark,Intermediate,2.5mm,Experiment_2
2025-10-23T01:21:26.526Z,32,747,1477,246,959,1706,3521,3106,10381,4075,4776,15648,Day_1,Dark,Intermediate,2.5mm,Experiment_2
2025-10-23T01:21:26.566Z,34,759,1478,252,972,1712,3515,3113,10402,4078,4797,15707,Day_1,Dark,Intermediate,2.5mm,Experiment_2
2025-10-23T01:21:26.606Z,34,765,1476,257,981,1714,3518,3119,10454,4089,4826,15816,Day_1,Dark,Intermediate,2.5mm,Experiment_2
2025-10-23T01:21:26.646Z,32,761,1477,259,984,1715,3533,3121,10504,4103,4848,15911,Day_1,Dark,Intermediate,2.5mm,Experiment_2
2025-10-23T01:21:26.686Z,30,753,1483,258,981,1720,3542,3123,10520,4113,4858,15950,Day_1,Dark,Intermediate,2.5mm,Experiment_2
2025-10-23T01:21:26.726Z,30,750,1484,258,977,1723,3541,3133,10493,4114,4857,15922,Day_1,Dark,Intermediate,2.5mm,Experiment_2
2025-10-23T01:21:26.766Z,35,751,1474,263,974,1716,3534,3140,10419,4097,4827,15790,Day_1,Dark,Intermediate,2.5mm,Experiment_2
2025-10-23T01:21:26.806Z,42,752,1456,269,970,1698,3517,3123,10302,4055,4745,15527,Day_1,Dark,Intermediate,2.5mm,Experiment_2
2025-10-23T01:21:26.846Z,47,757,1440,271,968,1678,3490,3087,10196,4009,4647,15256,Day_1,Dark,Intermediate,2.5mm,Experiment_2
2025-10-23T01:21:26.886Z,50,767,1434,270,975,1669,3475,3063,10177,3996,4611,15183,Day_1,Dark,Intermediate,2.5mm,Experiment_2
2025-10-23T01:21:26.926Z,50,777,1438,267,986,1675,3483,3078,10241,4023,4659,15328,Day_1,Dark,Intermediate,2.5mm,Experiment_2
2025-10-23T01:21:26.966Z,47,778,1446,261,991,1687,3499,3118,10316,4059,4737,15523,Day_1,Dark,Intermediate,2.5mm,Experiment_2
2025-10-23T01:21:27.006Z,43,771,1458,257,988,1698,3508,3148,10353,4078,4789,15642,Day_1,Dark,Intermediate,2.5mm,Experiment_2
2025-10-23T01:21:27.047Z,37,765,1465,256,981,1703,3508,3152,10359,4078,4800,15668,Day_1,Dark,Intermediate,2.5mm,Experiment_2
2025-10-23T01:21:27.087Z,28,765,1464,257,980,1703,3505,3133,10360,4071,4791,15663,Day_1,Dark,Intermediate,2.5mm,Experiment_2
2025-10-23T01:21:27.127Z,20,767,1461,258,986,1704,3503,3111,10375,4076,4795,15705,Day_1,Dark,Intermediate,2.5mm,Experiment_2
2025-10-23T01:21:27.167Z,20,768,1463,262,994,1709,3500,3105,10406,4093,4823,15803,Day_1,Dark,Intermediate,2.5mm,Experiment_2
2025-10-23T01:21:27.207Z,26,766,1467,264,996,1712,3496,3120,10434,4108,4856,15889,Day_1,Dark,Intermediate,2.5mm,Experiment_2
2025-10-23T01:21:27.247Z,28,760,1470,261,991,1714,3499,3142,10443,4118,4873,15921,Day_1,Dark,Intermediate,2.5mm,Experiment_2
2025-10-23T01:21:27.287Z,26,756,1476,256,983,1721,3507,3143,10432,4118,4865,15895,Day_1,Dark,Intermediate,2.5mm,Experiment_2
2025-10-23T01:21:27.327Z,30,756,1482,258,977,1729,3510,3115,10396,4098,4819,15773,Day_1,Dark,Intermediate,2.5mm,Experiment_2
2025-10-23T01:21:27.367Z,41,764,1484,263,976,1727,3496,3075,10314,4045,4726,15498,Day_1,Dark,Intermediate,2.5mm,Experiment_2
2025-10-23T01:21:27.407Z,50,773,1481,266,979,1715,3468,3044,10192,3973,4609,15132,Day_1,Dark,Intermediate,2.5mm,Experiment_2
2025-10-23T01:21:27.447Z,55,779,1476,268,982,1704,3445,3030,10108,3925,4534,14898,Day_1,Dark,Intermediate,2.5mm,Experiment_2
2025-10-23T01:21:27.487Z,56,782,1468,270,988,1699,3449,3035,10126,3934,4549,14955,Day_1,Dark,Intermediate,2.5mm,Experiment_2
2025-10-23T01:21:27.527Z,56,782,1462,272,995,1696,3479,3052,10211,3983,4625,15201,Day_1,Dark,Intermediate,2.5mm,Experiment_2
2025-10-23T01:21:27.567Z,55,779,1466,275,999,1697,3507,3066,10291,4029,4699,15439,Day_1,Dark,Intermediate,2.5mm,Experiment_2
2025-10-23T01:21:27.607Z,53,777,1474,274,998,1701,3515,3065,10329,4050,4731,15561,Day_1,Dark,Intermediate,2.5mm,Experiment_2
2025-10-23T01:21:27.647Z,47,774,1476,267,991,1699,3516,3054,10337,4052,4729,15585,Day_1,Dark,Intermediate,2.5mm,Experiment_2
2025-10-23T01:21:27.687Z,38,768,1470,256,982,1692,3528,3053,10354,4059,4733,15615,Day_1,Dark,Intermediate,2.5mm,Experiment_2
2025-10-23T01:21:27.727Z,32,768,1464,251,982,1690,3551,3067,10392,4082,4770,15716,Day_1,Dark,Intermediate,2.5mm,Experiment_2
2025-10-23T01:21:27.767Z,31,775,1462,252,992,1693,3568,3084,10425,4108,4816,15834,Day_1,Dark,Intermediate,2.5mm,Experiment_2
2025-10-23T01:21:27.807Z,30,781,1463,253,1002,1697,3565,3092,10438,4122,4843,15904,Day_1,Dark,Intermediate,2.5mm,Experiment_2
2025-10-23T01:21:27.847Z,27,783,1469,251,1006,1703,3548,3093,10440,4124,4848,15918,Day_1,Dark,Intermediate,2.5mm,Experiment_2
2025-10-23T01:21:27.887Z,27,780,1478,251,1003,1709,3531,3093,10428,4117,4833,15867,Day_1,Dark,Intermediate,2.5mm,Experiment_2
2025-10-23T01:21:27.927Z,32,767,1484,256,991,1711,3514,3086,10381,4094,4786,15700,Day_1,Dark,Intermediate,2.5mm,Experiment_2
2025-10-23T01:21:27.967Z,37,754,1477,259,975,1701,3494,3070,10293,4048,4703,15413,Day_1,Dark,Intermediate,2.5mm,Experiment_2
2025-10-23T01:21:28.007Z,36,747,1464,257,965,1689,3481,3055,10216,4007,4627,15174,Day_1,Dark,Intermediate,2.5mm,Experiment_2
2025-10-23T01:21:28.047Z,30,751,1461,252,970,1688,3488,3051,10211,4003,4618,15169,Day_1,Dark,Intermediate,2.5mm,Experiment_2
2025-10-23T01:21:28.087Z,24,760,1470,250,982,1698,3500,3064,10259,4025,4673,15347,Day_1,Dark,Intermediate,2.5mm,Experiment_2
2025-10-23T01:21:28.127Z,24,764,1481,251,987,1709,3499,3087,10315,4047,4742,15535,Day_1,Dark,Intermediate,2.5mm,Experiment_2
2025-10-23T01:21:28.167Z,29,759,1485,256,983,1713,3491,3111,10353,4059,4786,15643,Day_1,Dark,Intermediate,2.5mm,Experiment_2
2025-10-23T01:21:28.207Z,37,755,1481,262,981,1712,3487,3124,10366,4065,4797,15673,Day_1,Dark,Intermediate,2.5mm,Experiment_2
2025-10-23T01:21:28.247Z,40,756,1477,264,983,1709,3491,3124,10363,4069,4789,15674,Day_1,Dark,Intermediate,2.5mm,Experiment_2
2025-10-23T01:21:28.287Z,37,760,1474,261,984,1709,3501,3123,10364,4074,4792,15703,Day_1,Dark,Intermediate,2.5mm,Experiment_2
2025-10-23T01:21:28.327Z,36,763,1475,257,985,1713,3509,3126,10386,4083,4817,15777,Day_1,Dark,Intermediate,2.5mm,Experiment_2
2025-10-23T01:21:28.367Z,38,768,1480,257,989,1720,3514,3128,10422,4094,4846,15857,Day_1,Dark,Intermediate,2.5mm,Experiment_2
2025-10-23T01:21:28.407Z,43,773,1486,261,995,1726,3517,3119,10453,4103,4860,15906,Day_1,Dark,Intermediate,2.5mm,Experiment_2
2025-10-23T01:21:28.447Z,45,774,1488,263,994,1724,3518,3104,10458,4106,4851,15900,Day_1,Dark,Intermediate,2.5mm,Experiment_2
2025-10-23T01:21:28.487Z,43,765,1480,260,981,1711,3510,3096,10417,4092,4812,15785,Day_1,Dark,Intermediate,2.5mm,Experiment_2
2025-10-23T01:21:28.527Z,38,750,1469,254,962,1691,3490,3091,10321,4051,4731,15511,Day_1,Dark,Intermediate,2.5mm,Experiment_2
2025-10-23T01:21:28.567Z,34,741,1459,249,948,1677,3468,3079,10204,3995,4621,15165,Day_1,Dark,Intermediate,2.5mm,Experiment_2
2025-10-23T01:21:28.607Z,33,740,1455,247,944,1674,3460,3061,10146,3965,4552,14981,Day_1,Dark,Intermediate,2.5mm,Experiment_2
2025-10-23T01:21:28.647Z,34,742,1457,245,949,1680,3474,3048,10179,3981,4568,15076,Day_1,Dark,Intermediate,2.5mm,Experiment_2
2025-10-23T01:21:28.687Z,32,747,1462,241,959,1690,3496,3048,10254,4022,4636,15316,Day_1,Dark,Intermediate,2.5mm,Experiment_2
2025-10-23T01:21:28.727Z,25,757,1466,236,971,1698,3507,3061,10316,4051,4706,15517,Day_1,Dark,Intermediate,2.5mm,Experiment_2
2025-10-23T01:21:28.767Z,20,772,1469,234,982,1701,3509,3075,10343,4060,4746,15601,Day_1,Dark,Intermediate,2.5mm,Experiment_2
2025-10-23T01:21:28.807Z,20,781,1469,236,988,1699,3511,3082,10350,4061,4759,15614,Day_1,Dark,Intermediate,2.5mm,Experiment_2
2025-10-23T01:21:28.847Z,24,773,1468,239,986,1699,3515,3091,10374,4070,4782,15672,Day_1,Dark,Intermediate,2.5mm,Experiment_2
2025-10-23T01:21:28.887Z,29,759,1468,246,980,1704,3517,3102,10421,4086,4825,15796,Day_1,Dark,Intermediate,2.5mm,Experiment_2
2025-10-23T01:21:28.927Z,36,752,1466,257,975,1711,3514,3106,10451,4091,4859,15892,Day_1,Dark,Intermediate,2.5mm,Experiment_2
2025-10-23T01:21:28.967Z,39,752,1465,263,976,1716,3507,3104,10453,4087,4869,15918,Day_1,Dark,Intermediate,2.5mm,Experiment_2
2025-10-23T01:21:29.007Z,39,761,1470,263,984,1720,3506,3097,10445,4081,4859,15898,Day_1,Dark,Intermediate,2.5mm,Experiment_2
2025-10-23T01:21:29.047Z,41,775,1477,263,997,1723,3504,3084,10415,4071,4828,15812,Day_1,Dark,Intermediate,2.5mm,Experiment_2
2025-10-23T01:21:29.087Z,45,788,1475,264,1004,1715,3495,3060,10335,4043,4753,15591,Day_1,Dark,Intermediate,2.5mm,Experiment_2
2025-10-23T01:21:29.127Z,44,791,1462,262,1000,1696,3486,3035,10220,3996,4639,15258,Day_1,Dark,Intermediate,2.5mm,Experiment_2
2025-10-23T01:21:29.167Z,39,782,1450,256,991,1680,3486,3022,10139,3964,4554,15017,Day_1,Dark,Intermediate,2.5mm,Experiment_2
2025-10-23T01:21:29.207Z,38,769,1452,254,984,1678,3502,3028,10148,3974,4559,15047,Day_1,Dark,Intermediate,2.5mm,Experiment_2
2025-10-23T01:21:29.247Z,39,759,1463,257,980,1686,3525,3047,10222,4012,4630,15267,Day_1,Dark,Intermediate,2.5mm,Experiment_2
2025-10-23T01:21:29.287Z,38,752,1471,260,978,1694,3534,3067,10303,4047,4707,15488,Day_1,Dark,Intermediate,2.5mm,Experiment_2
2025-10-23T01:21:29.327Z,34,748,1472,260,976,1699,3523,3086,10354,4062,4754,15617,Day_1,Dark,Intermediate,2.5mm,Experiment_2
2025-10-23T01:21:29.367Z,31,751,1470,258,979,1704,3503,3104,10363,4062,4771,15652,Day_1,Dark,Intermediate,2.5mm,Experiment_2
2025-10-23T01:21:29.407Z,28,757,1470,256,982,1707,3485,3118,10354,4060,4780,15659,Day_1,Dark,Intermediate,2.5mm,Experiment_2
2025-10-23T01:21:29.447Z,27,761,1468,256,983,1707,3480,3123,10368,4067,4799,15709,Day_1,Dark,Intermediate,2.5mm,Experiment_2
2025-10-23T01:21:29.487Z,29,760,1467,257,984,1704,3492,3116,10410,4083,4826,15803,Day_1,Dark,Intermediate,2.5mm,Experiment_2
2025-10-23T01:21:29.527Z,32,757,1468,258,983,1703,3513,3101,10450,4100,4842,15887,Day_1,Dark,Intermediate,2.5mm,Experiment_2
2025-10-23T01:21:29.567Z,34,756,1472,258,980,1705,3522,3088,10465,4108,4844,15924,Day_1,Dark,Intermediate,2.5mm,Experiment_2
2025-10-23T01:21:29.607Z,35,757,1477,255,977,1711,3510,3085,10455,4100,4836,15903,Day_1,Dark,Intermediate,2.5mm,Experiment_2
2025-10-23T01:21:29.647Z,35,761,1481,250,976,1716,3496,3082,10412,4079,4804,15784,Day_1,Dark,Intermediate,2.5mm,Experiment_2
2025-10-23T01:21:29.687Z,30,762,1477,241,975,1711,3497,3067,10322,4047,4728,15532,Day_1,Dark,Intermediate,2.5mm,Experiment_2
2025-10-23T01:21:29.727Z,27,756,1468,235,969,1698,3507,3044,10228,4014,4640,15260,Day_1,Dark,Intermediate,2.5mm,Experiment_2
2025-10-23T01:21:29.767Z,28,747,1461,238,961,1687,3516,3031,10205,4006,4605,15180,Day_1,Dark,Intermediate,2.5mm,Experiment_2
2025-10-23T01:21:29.807Z,33,744,1457,245,958,1686,3516,3036,10263,4027,4642,15321,Day_1,Dark,Intermediate,2.5mm,Experiment_2
2025-10-23T01:21:29.847Z,34,748,1455,248,963,1692,3508,3055,10345,4053,4710,15528,Day_1,Dark,Intermediate,2.5mm,Experiment_2
2025-10-23T01:21:29.887Z,31,756,1453,245,971,1697,3499,3073,10407,4065,4763,15666,Day_1,Dark,Intermediate,2.5mm,Experiment_2
2025-10-23T01:21:29.927Z,26,762,1450,238,976,1698,3492,3079,10428,4060,4779,15703,Day_1,Dark,Intermediate,2.5mm,Experiment_2
2025-10-23T01:21:29.967Z,25,768,1448,235,979,1697,3495,3083,10416,4056,4778,15691,Day_1,Dark,Intermediate,2.5mm,Experiment_2
2025-10-23T01:21:30.007Z,30,774,1452,242,985,1702,3507,3098,10399,4070,4796,15717,Day_1,Dark,Intermediate,2.5mm,Experiment_2
2025-10-23T01:21:30.047Z,33,780,1462,253,993,1713,3520,3117,10402,4096,4836,15799,Day_1,Dark,Intermediate,2.5mm,Experiment_2
2025-10-23T01:21:30.087Z,31,780,1471,258,996,1723,3521,3132,10417,4113,4867,15873,Day_1,Dark,Intermediate,2.5mm,Experiment_2
2025-10-23T01:21:30.127Z,28,775,1473,257,993,1723,3511,3144,10432,4111,4878,15904,Day_1,Dark,Intermediate,2.5mm,Experiment_2
2025-10-23T01:21:30.167Z,26,765,1469,253,984,1715,3502,3145,10437,4102,4866,15887,Day_1,Dark,Intermediate,2.5mm,Experiment_2
2025-10-23T01:21:30.207Z,25,754,1463,253,974,1703,3500,3125,10415,4085,4819,15777,Day_1,Dark,Intermediate,2.5mm,Experiment_2
2025-10-23T01:21:30.247Z,27,746,1456,255,968,1691,3497,3092,10334,4050,4724,15515,Day_1,Dark,Intermediate,2.5mm,Experiment_2
2025-10-23T01:21:30.288Z,30,745,1449,255,965,1678,3488,3065,10212,3998,4606,15161,Day_1,Dark,Intermediate,2.5mm,Experiment_2
2025-10-23T01:21:30.328Z,30,748,1444,253,965,1671,3478,3057,10131,3962,4537,14935,Day_1,Dark,Intermediate,2.5mm,Experiment_2
2025-10-23T01:21:30.368Z,32,747,1446,256,965,1676,3479,3063,10150,3970,4560,14987,Day_1,Dark,Intermediate,2.5mm,Experiment_2
2025-10-23T01:21:30.408Z,36,743,1454,264,964,1688,3491,3075,10233,4010,4642,15220,Day_1,Dark,Intermediate,2.5mm,Experiment_2
2025-10-23T01:21:30.448Z,34,744,1464,264,966,1699,3508,3090,10314,4049,4718,15450,Day_1,Dark,Intermediate,2.5mm,Experiment_2
2025-10-23T01:21:30.488Z,28,754,1471,256,976,1707,3523,3103,10351,4069,4756,15571,Day_1,Dark,Intermediate,2.5mm,Experiment_2
2025-10-23T01:21:30.528Z,23,767,1473,248,990,1708,3525,3110,10348,4070,4761,15589,Day_1,Dark,Intermediate,2.5mm,Experiment_2
2025-10-23T01:21:30.568Z,25,777,1474,247,1000,1706,3513,3114,10346,4067,4768,15605,Day_1,Dark,Intermediate,2.5mm,Experiment_2
2025-10-23T01:21:30.608Z,36,780,1475,256,1003,1708,3507,3116,10371,4074,4796,15695,Day_1,Dark,Intermediate,2.5mm,Experiment_2
2025-10-23T01:21:30.647Z,49,780,1478,270,1003,1714,3519,3118,10405,4093,4832,15817,Day_1,Dark,Intermediate,2.5mm,Experiment_2
2025-10-23T01:21:30.687Z,55,782,1479,275,1003,1716,3539,3119,10431,4109,4855,15900,Day_1,Dark,Intermediate,2.5mm,Experiment_2
2025-10-23T01:21:30.727Z,49,788,1476,266,1005,1714,3550,3116,10451,4116,4863,15926,Day_1,Dark,Intermediate,2.5mm,Experiment_2
2025-10-23T01:21:30.767Z,41,792,1475,256,1006,1710,3543,3109,10452,4109,4852,15880,Day_1,Dark,Intermediate,2.5mm,Experiment_2
2025-10-23T01:21:30.807Z,40,786,1474,256,998,1706,3525,3101,10401,4082,4804,15710,Day_1,Dark,Intermediate,2.5mm,Experiment_2
2025-10-23T01:21:30.847Z,49,776,1472,264,986,1698,3501,3091,10283,4035,4716,15414,Day_1,Dark,Intermediate,2.5mm,Experiment_2
2025-10-23T01:21:30.887Z,54,774,1472,270,980,1694,3483,3083,10172,3997,4636,15166,Day_1,Dark,Intermediate,2.5mm,Experiment_2
2025-10-23T01:21:30.927Z,49,777,1475,268,982,1701,3485,3088,10156,4000,4626,15157,Day_1,Dark,Intermediate,2.5mm,Experiment_2
2025-10-23T01:21:30.967Z,39,774,1480,263,983,1712,3503,3107,10222,4037,4679,15337,Day_1,Dark,Intermediate,2.5mm,Experiment_2
2025-10-23T01:21:31.007Z,33,768,1483,261,984,1719,3522,3129,10297,4075,4741,15525,Day_1,Dark,Intermediate,2.5mm,Experiment_2
2025-10-23T01:21:31.047Z,33,769,1481,263,987,1719,3530,3138,10348,4092,4778,15634,Day_1,Dark,Intermediate,2.5mm,Experiment_2
2025-10-23T01:21:31.087Z,35,769,1477,262,986,1716,3530,3127,10370,4089,4786,15670,Day_1,Dark,Intermediate,2.5mm,Experiment_2
2025-10-23T01:21:31.127Z,33,766,1476,258,982,1714,3531,3108,10373,4081,4786,15681,Day_1,Dark,Intermediate,2.5mm,Experiment_2
2025-10-23T01:21:31.167Z,32,769,1476,255,983,1715,3533,3101,10379,4079,4796,15717,Day_1,Dark,Intermediate,2.5mm,Experiment_2
2025-10-23T01:21:31.207Z,33,774,1476,256,990,1719,3529,3104,10396,4085,4820,15793,Day_1,Dark,Intermediate,2.5mm,Experiment_2
2025-10-23T01:21:31.247Z,37,774,1480,258,994,1724,3522,3108,10418,4097,4846,15873,Day_1,Dark,Intermediate,2.5mm,Experiment_2
2025-10-23T01:21:31.287Z,41,776,1486,260,998,1728,3518,3116,10436,4104,4862,15923,Day_1,Dark,Intermediate,2.5mm,Experiment_2
2025-10-23T01:21:31.327Z,46,787,1485,262,1007,1723,3510,3128,10442,4099,4863,15914,Day_1,Dark,Intermediate,2.5mm,Experiment_2
2025-10-23T01:21:31.368Z,46,795,1475,262,1010,1708,3495,3132,10403,4075,4830,15797,Day_1,Dark,Intermediate,2.5mm,Experiment_2
2025-10-23T01:21:31.408Z,40,786,1463,259,996,1694,3484,3115,10303,4036,4745,15526,Day_1,Dark,Intermediate,2.5mm,Experiment_2
2025-10-23T01:21:31.448Z,27,769,1457,252,968,1688,3481,3083,10186,3993,4634,15199,Day_1,Dark,Intermediate,2.5mm,Experiment_2
2025-10-23T01:21:31.488Z,18,760,1456,244,943,1689,3480,3054,10134,3970,4573,15041,Day_1,Dark,Intermediate,2.5mm,Experiment_2
2025-10-23T01:21:31.528Z,17,761,1458,241,935,1692,3477,3048,10177,3981,4602,15147,Day_1,Dark,Intermediate,2.5mm,Experiment_2
2025-10-23T01:21:31.568Z,20,760,1465,242,946,1697,3480,3062,10266,4013,4677,15379,Day_1,Dark,Intermediate,2.5mm,Experiment_2
2025-10-23T01:21:31.608Z,24,758,1473,245,964,1703,3488,3076,10341,4044,4737,15563,Day_1,Dark,Intermediate,2.5mm,Experiment_2
2025-10-23T01:21:31.648Z,25,762,1475,245,979,1707,3495,3076,10375,4057,4754,15630,Day_1,Dark,Intermediate,2.5mm,Experiment_2
2025-10-23T01:21:31.688Z,23,767,1473,243,985,1706,3498,3069,10385,4052,4749,15637,Day_1,Dark,Intermediate,2.5mm,Experiment_2
2025-10-23T01:21:31.728Z,23,766,1474,245,982,1705,3502,3071,10405,4054,4764,15697,Day_1,Dark,Intermediate,2.5mm,Experiment_2
2025-10-23T01:21:31.768Z,27,760,1480,248,977,1709,3510,3087,10442,4074,4807,15823,Day_1,Dark,Intermediate,2.5mm,Experiment_2
2025-10-23T01:21:31.808Z,33,755,1487,251,974,1717,3518,3098,10475,4096,4842,15921,Day_1,Dark,Intermediate,2.5mm,Experiment_2
2025-10-23T01:21:31.848Z,40,757,1491,257,978,1725,3522,3096,10490,4104,4853,15947,Day_1,Dark,Intermediate,2.5mm,Experiment_2
2025-10-23T01:21:31.888Z,47,764,1492,265,987,1726,3517,3088,10490,4096,4847,15924,Day_1,Dark,Intermediate,2.5mm,Experiment_2
2025-10-23T01:21:31.928Z,52,767,1489,270,990,1720,3503,3081,10460,4074,4820,15823,Day_1,Dark,Intermediate,2.5mm,Experiment_2
2025-10-23T01:21:31.968Z,50,764,1482,265,985,1705,3485,3071,10366,4037,4748,15579,Day_1,Dark,Intermediate,2.5mm,Experiment_2
2025-10-23T01:21:32.008Z,43,760,1470,255,976,1687,3469,3053,10227,3985,4639,15228,Day_1,Dark,Intermediate,2.5mm,Experiment_2
2025-10-23T01:21:32.048Z,36,754,1460,250,967,1677,3454,3038,10135,3946,4557,14980,Day_1,Dark,Intermediate,2.5mm,Experiment_2
2025-10-23T01:21:32.088Z,30,748,1457,248,962,1678,3450,3042,10142,3947,4560,15005,Day_1,Dark,Intermediate,2.5mm,Experiment_2
2025-10-23T01:21:32.128Z,26,751,1461,247,968,1687,3455,3067,10206,3980,4630,15220,Day_1,Dark,Intermediate,2.5mm,Experiment_2
2025-10-23T01:21:32.168Z,26,766,1466,246,983,1696,3459,3102,10270,4016,4710,15439,Day_1,Dark,Intermediate,2.5mm,Experiment_2
2025-10-23T01:21:32.208Z,27,784,1470,248,1000,1701,3459,3120,10316,4037,4759,15565,Day_1,Dark,Intermediate,2.5mm,Experiment_2
2025-10-23T01:21:32.248Z,26,794,1476,249,1009,1705,3459,3110,10339,4043,4771,15599,Day_1,Dark,Intermediate,2.5mm,Experiment_2
2025-10-23T01:21:32.288Z,27,792,1481,252,1010,1711,3469,3092,10354,4047,4774,15619,Day_1,Dark,Intermediate,2.5mm,Experiment_2
2025-10-23T01:21:32.328Z,37,783,1486,261,1005,1718,3491,3096,10387,4062,4797,15696,Day_1,Dark,Intermediate,2.5mm,Experiment_2
2025-10-23T01:21:32.368Z,50,773,1492,272,998,1724,3511,3121,10428,4083,4837,15811,Day_1,Dark,Intermediate,2.5mm,Experiment_2
2025-10-23T01:21:32.408Z,56,772,1494,278,997,1727,3517,3139,10453,4094,4866,15899,Day_1,Dark,Intermediate,2.5mm,Experiment_2
2025-10-23T01:21:32.448Z,53,781,1491,275,1004,1726,3516,3138,10455,4095,4872,15933,Day_1,Dark,Intermediate,2.5mm,Experiment_2
2025-10-23T01:21:32.488Z,45,789,1487,268,1010,1723,3514,3127,10438,4089,4857,15904,Day_1,Dark,Intermediate,2.5mm,Experiment_2
2025-10-23T01:21:32.528Z,36,784,1483,260,1003,1718,3514,3120,10391,4074,4814,15770,Day_1,Dark,Intermediate,2.5mm,Experiment_2
2025-10-23T01:21:32.568Z,32,771,1476,252,988,1709,3513,3110,10302,4042,4733,15512,Day_1,Dark,Intermediate,2.5mm,Experiment_2
2025-10-23T01:21:32.608Z,38,760,1464,252,975,1697,3505,3091,10222,4009,4649,15262,Day_1,Dark,Intermediate,2.5mm,Experiment_2
2025-10-23T01:21:32.648Z,50,757,1456,260,970,1691,3500,3076,10224,4004,4626,15221,Day_1,Dark,Intermediate,2.5mm,Experiment_2
2025-10-23T01:21:32.688Z,54,757,1456,264,970,1693,3501,3083,10299,4025,4674,15383,Day_1,Dark,Intermediate,2.5mm,Experiment_2
2025-10-23T01:21:32.728Z,45,756,1459,259,969,1698,3497,3106,10370,4048,4742,15573,Day_1,Dark,Intermediate,2.5mm,Experiment_2
2025-10-23T01:21:32.768Z,36,754,1460,253,968,1699,3496,3127,10391,4063,4784,15676,Day_1,Dark,Intermediate,2.5mm,Experiment_2
2025-10-23T01:21:32.808Z,34,753,1461,251,970,1697,3504,3139,10375,4070,4795,15690,Day_1,Dark,Intermediate,2.5mm,Experiment_2
2025-10-23T01:21:32.848Z,35,757,1464,251,980,1698,3510,3140,10360,4069,4793,15677,Day_1,Dark,Intermediate,2.5mm,Experiment_2
2025-10-23T01:21:32.888Z,33,764,1470,250,994,1705,3506,3138,10370,4069,4802,15705,Day_1,Dark,Intermediate,2.5mm,Experiment_2
2025-10-23T01:21:32.928Z,28,770,1476,249,1000,1711,3503,3140,10397,4079,4829,15782,Day_1,Dark,Intermediate,2.5mm,Experiment_2
2025-10-23T01:21:32.968Z,23,775,1481,249,999,1716,3511,3138,10425,4094,4855,15858,Day_1,Dark,Intermediate,2.5mm,Experiment_2
2025-10-23T01:21:33.008Z,19,779,1483,247,998,1718,3522,3131,10446,4104,4866,15902,Day_1,Dark,Intermediate,2.5mm,Experiment_2
2025-10-23T01:21:33.048Z,16,782,1481,242,998,1717,3526,3127,10452,4105,4857,15900,Day_1,Dark,Intermediate,2.5mm,Experiment_2
2025-10-23T01:21:33.088Z,19,778,1474,237,992,1711,3520,3123,10428,4091,4816,15793,Day_1,Dark,Intermediate,2.5mm,Experiment_2
2025-10-23T01:21:33.128Z,30,769,1465,239,978,1700,3505,3105,10345,4051,4728,15518,Day_1,Dark,Intermediate,2.5mm,Experiment_2
2025-10-23T01:21:33.168Z,38,758,1457,244,964,1687,3483,3075,10216,3994,4612,15150,Day_1,Dark,Intermediate,2.5mm,Experiment_2
2025-10-23T01:21:33.208Z,35,753,1453,241,959,1678,3468,3051,10130,3958,4539,14926,Day_1,Dark,Intermediate,2.5mm,Experiment_2
2025-10-23T01:21:33.248Z,27,758,1453,235,965,1680,3470,3053,10152,3965,4557,14992,Day_1,Dark,Intermediate,2.5mm,Experiment_2
2025-10-23T01:21:33.288Z,27,768,1457,237,978,1687,3485,3080,10238,4001,4637,15235,Day_1,Dark,Intermediate,2.5mm,Experiment_2
