time,Unpolarized_A_Green,Unpolarized_A_Red,Unpolarized_A_IR,Unpolarized_B_Green,Unpolarized_B_Red,Unpolarized_B_IR,Co-Polarized_Green,Co-Polarized_Red,Co-Polarized_IR,Cross-Polarized_Green,Cross-Polarized_Red,Cross-Polarized_IR,Day,SkinTone,Speed,Depth,Experiment
2025-10-23T03:00:51.370Z,22,834,1244,250,919,1399,4277,3800,12000,3142,3165,10076,Day_1,Dark,Slow,5mm,Experiment_2
2025-10-23T03:00:51.410Z,24,842,1253,249,925,1404,4295,3806,11989,3149,3159,10070,Day_1,Dark,Slow,5mm,Experiment_2
2025-10-23T03:00:51.450Z,27,837,1262,250,923,1405,4312,3797,11997,3163,3156,10087,Day_1,Dark,Slow,5mm,Experiment_2
2025-10-23T03:00:51.490Z,31,828,1270,253,918,1406,4330,3776,12015,3176,3157,10114,Day_1,Dark,Slow,5mm,Experiment_2
2025-10-23T03:00:51.530Z,35,823,1273,259,917,1406,4356,3749,12025,3186,3155,10125,Day_1,Dark,Slow,5mm,Experiment_2
2025-10-23T03:00:51.570Z,41,822,1264,266,920,1400,4379,3726,12032,3192,3151,10121,Day_1,Dark,Slow,5mm,Experiment_2
2025-10-23T03:00:51.610Z,49,820,1249,273,922,1391,4381,3717,12046,3190,3154,10123,Day_1,Dark,Slow,5mm,Experiment_2
2025-10-23T03:00:51.650Z,58,814,1242,282,917,1387,4362,3720,12059,3179,3161,10131,Day_1,Dark,Slow,5mm,Experiment_2
2025-10-23T03:00:51.690Z,59,804,1247,284,907,1390,4339,3725,12053,3162,3162,10131,Day_1,Dark,Slow,5mm,Experiment_2
2025-10-23T03:00:51.730Z,45,797,1250,273,900,1395,4329,3731,12033,3148,3157,10118,Day_1,Dark,Slow,5mm,Experiment_2
2025-10-23T03:00:51.770Z,26,797,1250,257,896,1395,4334,3735,12010,3145,3152,10094,Day_1,Dark,Slow,5mm,Experiment_2
2025-10-23T03:00:51.810Z,14,802,1251,248,896,1393,4338,3734,11975,3148,3145,10058,Day_1,Dark,Slow,5mm,Experiment_2
2025-10-23T03:00:51.850Z,11,810,1254,249,897,1393,4323,3735,11926,3144,3134,10010,Day_1,Dark,Slow,5mm,Experiment_2
2025-10-23T03:00:51.890Z,14,816,1257,254,899,1396,4294,3736,11879,3131,3123,9965,Day_1,Dark,Slow,5mm,Experiment_2
2025-10-23T03:00:51.930Z,20,818,1260,258,899,1404,4281,3737,11859,3116,3119,9951,Day_1,Dark,Slow,5mm,Experiment_2
2025-10-23T03:00:51.970Z,24,817,1260,254,897,1411,4296,3747,11874,3108,3131,9972,Day_1,Dark,Slow,5mm,Experiment_2
2025-10-23T03:00:52.010Z,21,819,1257,246,897,1411,4312,3761,11909,3112,3150,10007,Day_1,Dark,Slow,5mm,Experiment_2
2025-10-23T03:00:52.050Z,17,819,1252,244,898,1407,4313,3765,11946,3127,3164,10042,Day_1,Dark,Slow,5mm,Experiment_2
2025-10-23T03:00:52.090Z,20,808,1251,253,892,1403,4314,3761,11971,3145,3170,10065,Day_1,Dark,Slow,5mm,Experiment_2
2025-10-23T03:00:52.130Z,25,796,1251,263,886,1398,4318,3756,11982,3159,3166,10071,Day_1,Dark,Slow,5mm,Experiment_2
2025-10-23T03:00:52.170Z,28,796,1248,268,889,1392,4311,3748,11982,3162,3156,10061,Day_1,Dark,Slow,5mm,Experiment_2
2025-10-23T03:00:52.210Z,29,806,1246,267,898,1388,4295,3737,11971,3155,3150,10044,Day_1,Dark,Slow,5mm,Experiment_2
2025-10-23T03:00:52.250Z,29,813,1249,262,903,1390,4281,3731,11954,3146,3149,10035,Day_1,Dark,Slow,5mm,Experiment_2
2025-10-23T03:00:52.290Z,31,812,1256,254,900,1396,4280,3729,11953,3143,3148,10044,Day_1,Dark,Slow,5mm,Experiment_2
2025-10-23T03:00:52.330Z,35,803,1262,248,890,1404,4290,3726,11976,3148,3147,10067,Day_1,Dark,Slow,5mm,Experiment_2
2025-10-23T03:00:52.370Z,38,795,1263,247,881,1409,4310,3719,12005,3158,3148,10087,Day_1,Dark,Slow,5mm,Experiment_2
2025-10-23T03:00:52.410Z,38,797,1259,251,882,1408,4323,3723,12010,3166,3156,10097,Day_1,Dark,Slow,5mm,Experiment_2
2025-10-23T03:00:52.450Z,36,806,1255,256,891,1406,4317,3746,11989,3167,3166,10097,Day_1,Dark,Slow,5mm,Experiment_2
2025-10-23T03:00:52.490Z,35,812,1253,258,898,1404,4301,3768,11963,3161,3172,10092,Day_1,Dark,Slow,5mm,Experiment_2
2025-10-23T03:00:52.530Z,32,814,1254,255,903,1404,4288,3767,11958,3154,3171,10085,Day_1,Dark,Slow,5mm,Experiment_2
2025-10-23T03:00:52.570Z,24,814,1256,247,907,1404,4283,3749,11979,3149,3166,10085,Day_1,Dark,Slow,5mm,Experiment_2
2025-10-23T03:00:52.610Z,16,813,1260,238,910,1406,4289,3736,11991,3147,3158,10079,Day_1,Dark,Slow,5mm,Experiment_2
2025-10-23T03:00:52.650Z,14,810,1267,236,909,1410,4296,3726,11964,3143,3146,10051,Day_1,Dark,Slow,5mm,Experiment_2
2025-10-23T03:00:52.690Z,20,809,1272,246,903,1412,4299,3718,11924,3136,3130,10007,Day_1,Dark,Slow,5mm,Experiment_2
2025-10-23T03:00:52.730Z,32,805,1270,261,892,1411,4313,3714,11910,3135,3118,9977,Day_1,Dark,Slow,5mm,Experiment_2
2025-10-23T03:00:52.770Z,41,795,1266,271,881,1409,4332,3718,11919,3142,3120,9979,Day_1,Dark,Slow,5mm,Experiment_2
2025-10-23T03:00:52.810Z,41,787,1264,269,882,1408,4340,3723,11926,3149,3130,10008,Day_1,Dark,Slow,5mm,Experiment_2
2025-10-23T03:00:52.850Z,35,787,1267,262,892,1411,4343,3724,11926,3156,3139,10039,Day_1,Dark,Slow,5mm,Experiment_2
2025-10-23T03:00:52.890Z,34,795,1271,256,901,1416,4345,3722,11935,3165,3142,10060,Day_1,Dark,Slow,5mm,Experiment_2
2025-10-23T03:00:52.930Z,33,804,1269,255,906,1415,4339,3721,11963,3169,3142,10074,Day_1,Dark,Slow,5mm,Experiment_2
2025-10-23T03:00:52.970Z,30,808,1257,254,907,1406,4331,3726,11987,3169,3145,10081,Day_1,Dark,Slow,5mm,Experiment_2
2025-10-23T03:00:53.010Z,25,805,1243,251,904,1396,4332,3733,11976,3165,3148,10074,Day_1,Dark,Slow,5mm,Experiment_2
2025-10-23T03:00:53.050Z,18,799,1236,245,899,1389,4338,3734,11947,3158,3148,10061,Day_1,Dark,Slow,5mm,Experiment_2
2025-10-23T03:00:53.090Z,13,801,1235,242,900,1387,4339,3735,11944,3152,3151,10057,Day_1,Dark,Slow,5mm,Experiment_2
2025-10-23T03:00:53.130Z,13,806,1241,244,903,1388,4329,3747,11975,3150,3162,10067,Day_1,Dark,Slow,5mm,Experiment_2
2025-10-23T03:00:53.170Z,18,806,1252,251,898,1393,4315,3767,12011,3150,3177,10088,Day_1,Dark,Slow,5mm,Experiment_2
2025-10-23T03:00:53.210Z,24,800,1260,257,888,1399,4297,3790,12031,3147,3190,10108,Day_1,Dark,Slow,5mm,Experiment_2
2025-10-23T03:00:53.250Z,30,801,1259,260,887,1402,4276,3805,12045,3138,3193,10124,Day_1,Dark,Slow,5mm,Experiment_2
2025-10-23T03:00:53.290Z,38,807,1255,261,895,1404,4261,3806,12053,3130,3192,10132,Day_1,Dark,Slow,5mm,Experiment_2
2025-10-23T03:00:53.330Z,40,814,1256,258,905,1405,4265,3799,12041,3132,3190,10129,Day_1,Dark,Slow,5mm,Experiment_2
2025-10-23T03:00:53.370Z,34,818,1259,251,911,1405,4285,3782,12021,3141,3188,10118,Day_1,Dark,Slow,5mm,Experiment_2
2025-10-23T03:00:53.410Z,25,815,1262,246,910,1403,4313,3759,12006,3149,3178,10096,Day_1,Dark,Slow,5mm,Experiment_2
2025-10-23T03:00:53.450Z,21,814,1265,247,906,1402,4322,3736,11986,3147,3159,10055,Day_1,Dark,Slow,5mm,Experiment_2
2025-10-23T03:00:53.490Z,20,820,1270,250,905,1403,4303,3717,11956,3133,3134,10000,Day_1,Dark,Slow,5mm,Experiment_2
2025-10-23T03:00:53.530Z,17,823,1272,248,905,1404,4275,3701,11930,3116,3109,9958,Day_1,Dark,Slow,5mm,Experiment_2
2025-10-23T03:00:53.570Z,15,813,1267,244,899,1403,4260,3686,11931,3109,3098,9954,Day_1,Dark,Slow,5mm,Experiment_2
2025-10-23T03:00:53.610Z,18,798,1259,246,888,1401,4263,3678,11956,3116,3105,9985,Day_1,Dark,Slow,5mm,Experiment_2
2025-10-23T03:00:53.650Z,28,791,1257,254,883,1401,4288,3689,11981,3134,3120,10025,Day_1,Dark,Slow,5mm,Experiment_2
2025-10-23T03:00:53.690Z,37,797,1259,263,888,1400,4325,3717,11987,3156,3135,10053,Day_1,Dark,Slow,5mm,Experiment_2
2025-10-23T03:00:53.730Z,38,802,1259,264,892,1397,4354,3743,11980,3169,3147,10067,Day_1,Dark,Slow,5mm,Experiment_2
2025-10-23T03:00:53.770Z,31,803,1255,257,892,1393,4362,3756,11978,3170,3155,10074,Day_1,Dark,Slow,5mm,Experiment_2
2025-10-23T03:00:53.810Z,25,809,1255,250,895,1392,4353,3755,11988,3164,3159,10073,Day_1,Dark,Slow,5mm,Experiment_2
2025-10-23T03:00:53.850Z,26,814,1258,247,898,1396,4344,3742,11992,3158,3159,10066,Day_1,Dark,Slow,5mm,Experiment_2
2025-10-23T03:00:53.890Z,26,813,1261,248,897,1400,4347,3721,11977,3157,3154,10055,Day_1,Dark,Slow,5mm,Experiment_2
2025-10-23T03:00:53.930Z,23,813,1264,245,898,1405,4351,3715,11959,3158,3152,10051,Day_1,Dark,Slow,5mm,Experiment_2
2025-10-23T03:00:53.970Z,20,818,1266,240,906,1410,4343,3733,11958,3163,3158,10064,Day_1,Dark,Slow,5mm,Experiment_2
2025-10-23T03:00:54.010Z,21,821,1264,239,912,1410,4326,3760,11967,3170,3168,10086,Day_1,Dark,Slow,5mm,Experiment_2
2025-10-23T03:00:54.050Z,24,820,1257,242,912,1402,4312,3775,11975,3173,3173,10100,Day_1,Dark,Slow,5mm,Experiment_2
2025-10-23T03:00:54.090Z,27,819,1251,244,908,1395,4302,3765,11987,3167,3171,10104,Day_1,Dark,Slow,5mm,Experiment_2
2025-10-23T03:00:54.130Z,28,813,1250,245,901,1393,4292,3750,12002,3155,3169,10105,Day_1,Dark,Slow,5mm,Experiment_2
2025-10-23T03:00:54.170Z,28,808,1253,244,896,1395,4289,3746,12010,3147,3168,10105,Day_1,Dark,Slow,5mm,Experiment_2
2025-10-23T03:00:54.210Z,29,806,1259,245,897,1398,4298,3748,12013,3148,3167,10102,Day_1,Dark,Slow,5mm,Experiment_2
2025-10-23T03:00:54.250Z,31,806,1264,248,899,1401,4307,3748,12008,3149,3161,10086,Day_1,Dark,Slow,5mm,Experiment_2
2025-10-23T03:00:54.290Z,34,806,1267,255,899,1405,4298,3741,11983,3141,3147,10046,Day_1,Dark,Slow,5mm,Experiment_2
2025-10-23T03:00:54.330Z,34,813,1266,257,902,1409,4279,3723,11941,3125,3121,9991,Day_1,Dark,Slow,5mm,Experiment_2
2025-10-23T03:00:54.370Z,31,823,1264,255,909,1411,4271,3702,11904,3114,3097,9945,Day_1,Dark,Slow,5mm,Experiment_2
2025-10-23T03:00:54.410Z,28,823,1262,252,911,1409,4281,3701,11891,3116,3092,9932,Day_1,Dark,Slow,5mm,Experiment_2
2025-10-23T03:00:54.450Z,27,811,1261,250,904,1406,4298,3722,11907,3130,3108,9958,Day_1,Dark,Slow,5mm,Experiment_2
2025-10-23T03:00:54.490Z,30,799,1263,251,892,1404,4307,3744,11930,3147,3132,10001,Day_1,Dark,Slow,5mm,Experiment_2
2025-10-23T03:00:54.530Z,36,796,1266,254,885,1403,4303,3757,11950,3158,3152,10041,Day_1,Dark,Slow,5mm,Experiment_2
2025-10-23T03:00:54.570Z,39,801,1264,254,887,1402,4295,3760,11970,3160,3161,10070,Day_1,Dark,Slow,5mm,Experiment_2
2025-10-23T03:00:54.610Z,36,813,1263,251,896,1401,4292,3755,11992,3156,3162,10085,Day_1,Dark,Slow,5mm,Experiment_2
2025-10-23T03:00:54.650Z,32,827,1268,249,908,1402,4294,3746,12000,3153,3162,10084,Day_1,Dark,Slow,5mm,Experiment_2
2025-10-23T03:00:54.690Z,28,834,1275,252,916,1406,4295,3731,11988,3151,3158,10069,Day_1,Dark,Slow,5mm,Experiment_2
2025-10-23T03:00:54.730Z,25,829,1279,254,916,1408,4287,3712,11970,3148,3149,10051,Day_1,Dark,Slow,5mm,Experiment_2
2025-10-23T03:00:54.770Z,25,823,1275,253,913,1409,4276,3705,11966,3145,3144,10050,Day_1,Dark,Slow,5mm,Experiment_2
2025-10-23T03:00:54.810Z,26,819,1268,253,911,1407,4269,3712,11986,3147,3148,10073,Day_1,Dark,Slow,5mm,Experiment_2
2025-10-23T03:00:54.850Z,32,818,1262,259,913,1404,4266,3724,12015,3151,3159,10103,Day_1,Dark,Slow,5mm,Experiment_2
2025-10-23T03:00:54.890Z,41,824,1258,267,918,1404,4267,3738,12029,3153,3168,10119,Day_1,Dark,Slow,5mm,Experiment_2
2025-10-23T03:00:54.930Z,44,835,1259,271,923,1406,4272,3756,12027,3149,3172,10121,Day_1,Dark,Slow,5mm,Experiment_2
2025-10-23T03:00:54.971Z,38,846,1262,265,928,1408,4277,3767,12034,3143,3174,10124,Day_1,Dark,Slow,5mm,Experiment_2
2025-10-23T03:00:55.011Z,27,851,1261,254,930,1405,4287,3770,12054,3141,3177,10131,Day_1,Dark,Slow,5mm,Experiment_2
2025-10-23T03:00:55.051Z,19,847,1259,246,927,1401,4303,3763,12058,3145,3173,10129,Day_1,Dark,Slow,5mm,Experiment_2
2025-10-23T03:00:55.091Z,21,834,1262,247,919,1402,4315,3750,12025,3149,3161,10104,Day_1,Dark,Slow,5mm,Experiment_2
2025-10-23T03:00:55.131Z,28,814,1268,251,906,1407,4317,3743,11973,3149,3147,10057,Day_1,Dark,Slow,5mm,Experiment_2
2025-10-23T03:00:55.171Z,33,792,1267,252,890,1410,4314,3743,11930,3143,3132,9997,Day_1,Dark,Slow,5mm,Experiment_2
2025-10-23T03:00:55.211Z,30,780,1257,247,879,1406,4305,3739,11907,3131,3119,9947,Day_1,Dark,Slow,5mm,Experiment_2
2025-10-23T03:00:55.251Z,24,782,1247,244,878,1400,4291,3733,11906,3122,3118,9935,Day_1,Dark,Slow,5mm,Experiment_2
2025-10-23T03:00:55.291Z,20,791,1250,244,884,1400,4284,3732,11917,3124,3131,9965,Day_1,Dark,Slow,5mm,Experiment_2
2025-10-23T03:00:55.331Z,20,794,1259,246,887,1404,4289,3735,11934,3134,3148,10012,Day_1,Dark,Slow,5mm,Experiment_2
2025-10-23T03:00:55.371Z,23,795,1262,252,891,1405,4301,3747,11951,3148,3161,10049,Day_1,Dark,Slow,5mm,Experiment_2
2025-10-23T03:00:55.411Z,25,801,1258,257,900,1402,4319,3765,11966,3162,3169,10070,Day_1,Dark,Slow,5mm,Experiment_2
2025-10-23T03:00:55.451Z,25,811,1254,259,910,1400,4337,3772,11982,3175,3169,10080,Day_1,Dark,Slow,5mm,Experiment_2
2025-10-23T03:00:55.491Z,26,814,1254,262,910,1403,4338,3763,11993,3183,3161,10079,Day_1,Dark,Slow,5mm,Experiment_2
2025-10-23T03:00:55.531Z,34,808,1255,270,903,1406,4323,3756,11991,3180,3152,10072,Day_1,Dark,Slow,5mm,Experiment_2
2025-10-23T03:00:55.571Z,46,805,1255,280,901,1407,4309,3760,11983,3166,3149,10071,Day_1,Dark,Slow,5mm,Experiment_2
2025-10-23T03:00:55.611Z,55,812,1263,286,908,1408,4303,3759,11982,3153,3155,10085,Day_1,Dark,Slow,5mm,Experiment_2
2025-10-23T03:00:55.651Z,56,815,1277,283,912,1415,4308,3754,11987,3150,3165,10103,Day_1,Dark,Slow,5mm,Experiment_2
2025-10-23T03:00:55.691Z,50,808,1289,273,905,1422,4320,3757,11986,3156,3177,10107,Day_1,Dark,Slow,5mm,Experiment_2
2025-10-23T03:00:55.731Z,39,801,1292,259,898,1422,4324,3768,11985,3160,3182,10103,Day_1,Dark,Slow,5mm,Experiment_2
2025-10-23T03:00:55.771Z,27,801,1284,249,896,1419,4312,3773,11998,3158,3179,10103,Day_1,Dark,Slow,5mm,Experiment_2
2025-10-23T03:00:55.811Z,26,804,1271,250,895,1414,4301,3769,12021,3157,3173,10109,Day_1,Dark,Slow,5mm,Experiment_2
2025-10-23T03:00:55.851Z,32,803,1256,258,891,1407,4310,3760,12036,3158,3166,10112,Day_1,Dark,Slow,5mm,Experiment_2
2025-10-23T03:00:55.891Z,36,801,1246,263,885,1398,4324,3751,12037,3156,3158,10109,Day_1,Dark,Slow,5mm,Experiment_2
2025-10-23T03:00:55.931Z,35,803,1243,265,887,1392,4321,3744,12030,3148,3150,10096,Day_1,Dark,Slow,5mm,Experiment_2
2025-10-23T03:00:55.971Z,32,812,1247,261,896,1392,4311,3748,12020,3137,3146,10067,Day_1,Dark,Slow,5mm,Experiment_2
2025-10-23T03:00:56.011Z,28,820,1249,255,906,1393,4309,3751,11995,3126,3141,10022,Day_1,Dark,Slow,5mm,Experiment_2
2025-10-23T03:00:56.051Z,29,822,1248,253,910,1391,4312,3735,11956,3120,3129,9976,Day_1,Dark,Slow,5mm,Experiment_2
2025-10-23T03:00:56.091Z,37,816,1249,261,907,1393,4311,3710,11934,3123,3120,9965,Day_1,Dark,Slow,5mm,Experiment_2
2025-10-23T03:00:56.131Z,47,808,1256,271,902,1400,4308,3700,11949,3133,3124,9994,Day_1,Dark,Slow,5mm,Experiment_2
2025-10-23T03:00:56.171Z,48,806,1263,270,899,1407,4303,3707,11983,3142,3134,10034,Day_1,Dark,Slow,5mm,Experiment_2
2025-10-23T03:00:56.211Z,39,808,1266,257,898,1410,4298,3719,12006,3149,3141,10062,Day_1,Dark,Slow,5mm,Experiment_2
2025-10-23T03:00:56.251Z,27,805,1266,245,894,1409,4299,3734,12005,3155,3150,10072,Day_1,Dark,Slow,5mm,Experiment_2
2025-10-23T03:00:56.291Z,23,800,1267,243,889,1408,4303,3751,11994,3160,3160,10074,Day_1,Dark,Slow,5mm,Experiment_2
2025-10-23T03:00:56.331Z,26,798,1268,248,886,1410,4304,3771,11993,3164,3165,10075,Day_1,Dark,Slow,5mm,Experiment_2
2025-10-23T03:00:56.371Z,29,797,1265,251,882,1411,4296,3787,12002,3168,3164,10074,Day_1,Dark,Slow,5mm,Experiment_2
2025-10-23T03:00:56.411Z,29,797,1258,251,882,1407,4286,3785,12009,3177,3158,10068,Day_1,Dark,Slow,5mm,Experiment_2
2025-10-23T03:00:56.451Z,21,801,1254,245,887,1401,4276,3758,12010,3181,3146,10066,Day_1,Dark,Slow,5mm,Experiment_2
2025-10-23T03:00:56.491Z,13,805,1251,238,895,1395,4268,3720,12017,3170,3135,10077,Day_1,Dark,Slow,5mm,Experiment_2
2025-10-23T03:00:56.531Z,9,805,1249,234,901,1391,4269,3698,12030,3158,3132,10096,Day_1,Dark,Slow,5mm,Experiment_2
2025-10-23T03:00:56.571Z,11,805,1248,234,903,1391,4279,3708,12033,3156,3145,10110,Day_1,Dark,Slow,5mm,Experiment_2
2025-10-23T03:00:56.611Z,15,806,1248,235,903,1393,4287,3739,12024,3160,3163,10117,Day_1,Dark,Slow,5mm,Experiment_2
2025-10-23T03:00:56.651Z,17,804,1251,239,900,1396,4293,3759,12017,3162,3171,10117,Day_1,Dark,Slow,5mm,Experiment_2
2025-10-23T03:00:56.691Z,22,803,1255,247,898,1399,4299,3761,12009,3161,3168,10109,Day_1,Dark,Slow,5mm,Experiment_2
2025-10-23T03:00:56.731Z,31,805,1263,260,897,1404,4301,3755,11995,3154,3159,10090,Day_1,Dark,Slow,5mm,Experiment_2
2025-10-23T03:00:56.771Z,40,810,1272,270,900,1408,4297,3747,11978,3142,3147,10057,Day_1,Dark,Slow,5mm,Experiment_2
2025-10-23T03:00:56.811Z,45,810,1277,273,904,1408,4280,3740,11945,3127,3133,10008,Day_1,Dark,Slow,5mm,Experiment_2
2025-10-23T03:00:56.851Z,44,806,1270,268,905,1401,4263,3741,11898,3117,3123,9957,Day_1,Dark,Slow,5mm,Experiment_2
2025-10-23T03:00:56.891Z,41,807,1258,262,906,1393,4262,3745,11869,3119,3120,9936,Day_1,Dark,Slow,5mm,Experiment_2
2025-10-23T03:00:56.931Z,38,813,1251,261,911,1393,4278,3744,11876,3131,3126,9954,Day_1,Dark,Slow,5mm,Experiment_2
2025-10-23T03:00:56.971Z,34,820,1250,263,917,1397,4295,3741,11906,3143,3136,9987,Day_1,Dark,Slow,5mm,Experiment_2
2025-10-23T03:00:57.011Z,32,821,1254,262,919,1401,4308,3737,11942,3152,3148,10015,Day_1,Dark,Slow,5mm,Experiment_2
2025-10-23T03:00:57.051Z,34,818,1257,259,919,1402,4313,3736,11976,3157,3158,10041,Day_1,Dark,Slow,5mm,Experiment_2
2025-10-23T03:00:57.091Z,43,816,1256,261,918,1400,4303,3745,11993,3156,3163,10069,Day_1,Dark,Slow,5mm,Experiment_2
2025-10-23T03:00:57.131Z,54,814,1251,269,911,1397,4288,3761,11988,3152,3163,10084,Day_1,Dark,Slow,5mm,Experiment_2
2025-10-23T03:00:57.171Z,60,812,1251,279,902,1395,4285,3772,11982,3149,3157,10080,Day_1,Dark,Slow,5mm,Experiment_2
2025-10-23T03:00:57.211Z,52,814,1257,281,897,1398,4289,3774,12000,3149,3145,10074,Day_1,Dark,Slow,5mm,Experiment_2
2025-10-23T03:00:57.251Z,35,815,1263,271,897,1402,4292,3778,12033,3152,3136,10079,Day_1,Dark,Slow,5mm,Experiment_2
2025-10-23T03:00:57.291Z,22,816,1263,258,898,1402,4295,3781,12049,3159,3137,10092,Day_1,Dark,Slow,5mm,Experiment_2
2025-10-23T03:00:57.331Z,18,818,1262,249,902,1401,4295,3766,12037,3164,3147,10102,Day_1,Dark,Slow,5mm,Experiment_2
2025-10-23T03:00:57.371Z,20,819,1265,244,905,1405,4289,3740,12019,3161,3155,10106,Day_1,Dark,Slow,5mm,Experiment_2
2025-10-23T03:00:57.411Z,20,814,1273,239,904,1412,4279,3724,12008,3155,3156,10102,Day_1,Dark,Slow,5mm,Experiment_2
2025-10-23T03:00:57.451Z,19,807,1278,236,900,1413,4277,3724,11998,3152,3157,10095,Day_1,Dark,Slow,5mm,Experiment_2
2025-10-23T03:00:57.491Z,22,802,1279,238,897,1411,4296,3732,11988,3160,3163,10090,Day_1,Dark,Slow,5mm,Experiment_2
2025-10-23T03:00:57.531Z,31,800,1275,248,894,1407,4327,3738,11980,3174,3166,10088,Day_1,Dark,Slow,5mm,Experiment_2
2025-10-23T03:00:57.571Z,42,799,1263,260,891,1397,4344,3737,11974,3178,3155,10082,Day_1,Dark,Slow,5mm,Experiment_2
2025-10-23T03:00:57.611Z,48,798,1249,264,891,1388,4340,3722,11957,3168,3130,10053,Day_1,Dark,Slow,5mm,Experiment_2
2025-10-23T03:00:57.651Z,46,796,1243,259,891,1390,4322,3700,11916,3153,3103,9994,Day_1,Dark,Slow,5mm,Experiment_2
2025-10-23T03:00:57.691Z,39,794,1247,252,891,1397,4301,3686,11870,3137,3088,9932,Day_1,Dark,Slow,5mm,Experiment_2
2025-10-23T03:00:57.731Z,29,796,1248,249,892,1398,4288,3688,11858,3129,3093,9908,Day_1,Dark,Slow,5mm,Experiment_2
2025-10-23T03:00:57.771Z,22,801,1244,247,897,1394,4292,3698,11885,3137,3109,9935,Day_1,Dark,Slow,5mm,Experiment_2
2025-10-23T03:00:57.811Z,22,805,1242,249,903,1391,4308,3705,11926,3152,3123,9984,Day_1,Dark,Slow,5mm,Experiment_2
2025-10-23T03:00:57.851Z,24,804,1243,252,905,1392,4327,3707,11965,3164,3133,10028,Day_1,Dark,Slow,5mm,Experiment_2
2025-10-23T03:00:57.891Z,22,798,1243,252,900,1391,4332,3706,12001,3168,3138,10060,Day_1,Dark,Slow,5mm,Experiment_2
2025-10-23T03:00:57.931Z,16,796,1243,248,893,1393,4318,3708,12019,3164,3135,10074,Day_1,Dark,Slow,5mm,Experiment_2
2025-10-23T03:00:57.971Z,15,802,1251,248,893,1401,4309,3718,12010,3160,3134,10066,Day_1,Dark,Slow,5mm,Experiment_2
2025-10-23T03:00:58.011Z,21,814,1264,255,899,1412,4320,3735,11994,3160,3140,10048,Day_1,Dark,Slow,5mm,Experiment_2
2025-10-23T03:00:58.051Z,30,821,1271,264,903,1416,4333,3751,11976,3161,3153,10036,Day_1,Dark,Slow,5mm,Experiment_2
2025-10-23T03:00:58.091Z,36,819,1269,267,903,1413,4329,3760,11960,3161,3167,10038,Day_1,Dark,Slow,5mm,Experiment_2
2025-10-23T03:00:58.131Z,37,813,1261,266,902,1408,4321,3765,11969,3165,3179,10058,Day_1,Dark,Slow,5mm,Experiment_2
2025-10-23T03:00:58.171Z,39,802,1255,263,896,1406,4325,3762,12004,3175,3181,10084,Day_1,Dark,Slow,5mm,Experiment_2
2025-10-23T03:00:58.211Z,42,788,1257,263,885,1411,4330,3749,12032,3182,3176,10103,Day_1,Dark,Slow,5mm,Experiment_2
2025-10-23T03:00:58.251Z,44,779,1263,262,875,1416,4322,3739,12031,3181,3172,10108,Day_1,Dark,Slow,5mm,Experiment_2
2025-10-23T03:00:58.291Z,43,779,1264,259,876,1413,4311,3744,12011,3178,3171,10102,Day_1,Dark,Slow,5mm,Experiment_2
2025-10-23T03:00:58.331Z,41,790,1258,257,885,1400,4303,3756,11996,3175,3168,10093,Day_1,Dark,Slow,5mm,Experiment_2
2025-10-23T03:00:58.371Z,40,802,1250,259,895,1384,4298,3758,11992,3169,3163,10082,Day_1,Dark,Slow,5mm,Experiment_2
2025-10-23T03:00:58.411Z,37,810,1247,261,900,1378,4294,3754,11989,3162,3159,10067,Day_1,Dark,Slow,5mm,Experiment_2
2025-10-23T03:00:58.451Z,34,810,1251,261,902,1383,4296,3754,11973,3153,3154,10041,Day_1,Dark,Slow,5mm,Experiment_2
2025-10-23T03:00:58.491Z,30,812,1256,260,902,1392,4297,3752,11938,3139,3139,9996,Day_1,Dark,Slow,5mm,Experiment_2
2025-10-23T03:00:58.531Z,28,820,1256,260,904,1396,4286,3735,11899,3122,3121,9949,Day_1,Dark,Slow,5mm,Experiment_2
2025-10-23T03:00:58.571Z,27,827,1254,260,909,1395,4273,3710,11875,3117,3111,9929,Day_1,Dark,Slow,5mm,Experiment_2
2025-10-23T03:00:58.611Z,30,825,1253,259,910,1394,4268,3691,11875,3122,3113,9952,Day_1,Dark,Slow,5mm,Experiment_2
2025-10-23T03:00:58.651Z,31,817,1254,253,905,1396,4268,3685,11902,3127,3120,10001,Day_1,Dark,Slow,5mm,Experiment_2
2025-10-23T03:00:58.691Z,28,809,1258,244,899,1402,4272,3696,11944,3134,3131,10046,Day_1,Dark,Slow,5mm,Experiment_2
2025-10-23T03:00:58.731Z,24,804,1261,239,897,1408,4283,3712,11981,3146,3140,10073,Day_1,Dark,Slow,5mm,Experiment_2
2025-10-23T03:00:58.771Z,25,802,1262,240,897,1408,4294,3723,11995,3159,3142,10082,Day_1,Dark,Slow,5mm,Experiment_2
2025-10-23T03:00:58.811Z,26,801,1262,243,898,1405,4301,3729,11981,3164,3142,10072,Day_1,Dark,Slow,5mm,Experiment_2
2025-10-23T03:00:58.851Z,29,800,1267,248,895,1404,4310,3744,11958,3162,3146,10050,Day_1,Dark,Slow,5mm,Experiment_2
2025-10-23T03:00:58.891Z,34,799,1269,256,893,1404,4323,3766,11950,3159,3156,10037,Day_1,Dark,Slow,5mm,Experiment_2
2025-10-23T03:00:58.931Z,37,798,1261,259,893,1400,4332,3788,11958,3162,3171,10049,Day_1,Dark,Slow,5mm,Experiment_2
2025-10-23T03:00:58.971Z,37,800,1250,258,895,1394,4332,3803,11965,3168,3187,10069,Day_1,Dark,Slow,5mm,Experiment_2
2025-10-23T03:00:59.011Z,34,805,1247,256,898,1392,4325,3798,11954,3173,3191,10072,Day_1,Dark,Slow,5mm,Experiment_2
2025-10-23T03:00:59.051Z,30,806,1253,253,898,1394,4308,3778,11942,3169,3181,10065,Day_1,Dark,Slow,5mm,Experiment_2
2025-10-23T03:00:59.091Z,26,802,1267,251,895,1401,4288,3765,11953,3160,3171,10067,Day_1,Dark,Slow,5mm,Experiment_2
2025-10-23T03:00:59.131Z,28,801,1281,252,894,1412,4279,3761,11980,3152,3165,10080,Day_1,Dark,Slow,5mm,Experiment_2
2025-10-23T03:00:59.171Z,32,805,1280,255,894,1416,4279,3760,12001,3147,3163,10090,Day_1,Dark,Slow,5mm,Experiment_2
2025-10-23T03:00:59.211Z,30,809,1264,254,893,1410,4283,3758,12012,3142,3162,10093,Day_1,Dark,Slow,5mm,Experiment_2
2025-10-23T03:00:59.251Z,23,806,1250,249,891,1403,4291,3749,12016,3139,3156,10084,Day_1,Dark,Slow,5mm,Experiment_2
2025-10-23T03:00:59.292Z,17,801,1249,243,890,1404,4296,3732,12005,3137,3140,10058,Day_1,Dark,Slow,5mm,Experiment_2
2025-10-23T03:00:59.332Z,17,799,1257,242,889,1408,4287,3714,11971,3129,3116,10015,Day_1,Dark,Slow,5mm,Experiment_2
2025-10-23T03:00:59.372Z,24,798,1262,251,886,1408,4269,3703,11924,3119,3100,9972,Day_1,Dark,Slow,5mm,Experiment_2
2025-10-23T03:00:59.412Z,28,793,1260,257,880,1404,4255,3705,11892,3117,3101,9962,Day_1,Dark,Slow,5mm,Experiment_2
2025-10-23T03:00:59.452Z,24,790,1255,251,878,1401,4255,3711,11888,3124,3113,9985,Day_1,Dark,Slow,5mm,Experiment_2
2025-10-23T03:00:59.492Z,17,794,1256,242,882,1403,4269,3704,11904,3135,3120,10015,Day_1,Dark,Slow,5mm,Experiment_2
2025-10-23T03:00:59.532Z,15,804,1260,239,892,1405,4285,3688,11932,3145,3124,10041,Day_1,Dark,Slow,5mm,Experiment_2
2025-10-23T03:00:59.572Z,14,811,1258,241,899,1401,4290,3686,11958,3151,3134,10062,Day_1,Dark,Slow,5mm,Experiment_2
2025-10-23T03:00:59.612Z,12,810,1258,237,897,1397,4289,3701,11966,3159,3146,10071,Day_1,Dark,Slow,5mm,Experiment_2
2025-10-23T03:00:59.652Z,9,810,1263,232,894,1398,4298,3719,11950,3177,3155,10061,Day_1,Dark,Slow,5mm,Experiment_2
2025-10-23T03:00:59.692Z,10,816,1264,234,899,1397,4311,3733,11932,3189,3159,10044,Day_1,Dark,Slow,5mm,Experiment_2
2025-10-23T03:00:59.732Z,13,825,1256,243,907,1391,4318,3747,11934,3181,3162,10036,Day_1,Dark,Slow,5mm,Experiment_2
2025-10-23T03:00:59.772Z,16,827,1249,249,912,1388,4317,3762,11951,3167,3166,10043,Day_1,Dark,Slow,5mm,Experiment_2
2025-10-23T03:00:59.812Z,16,823,1251,249,910,1391,4313,3773,11975,3158,3172,10061,Day_1,Dark,Slow,5mm,Experiment_2
2025-10-23T03:00:59.852Z,16,817,1257,244,908,1396,4305,3780,12001,3150,3179,10083,Day_1,Dark,Slow,5mm,Experiment_2
2025-10-23T03:00:59.892Z,22,812,1263,244,905,1398,4294,3791,12019,3143,3187,10103,Day_1,Dark,Slow,5mm,Experiment_2
2025-10-23T03:00:59.932Z,31,808,1267,250,900,1402,4295,3798,12017,3144,3195,10110,Day_1,Dark,Slow,5mm,Experiment_2
2025-10-23T03:00:59.972Z,35,806,1272,256,893,1407,4302,3788,12002,3153,3195,10104,Day_1,Dark,Slow,5mm,Experiment_2
2025-10-23T03:01:00.012Z,31,805,1276,258,889,1410,4300,3774,12000,3160,3186,10094,Day_1,Dark,Slow,5mm,Experiment_2
2025-10-23T03:01:00.052Z,24,800,1280,259,884,1411,4297,3776,12007,3164,3176,10082,Day_1,Dark,Slow,5mm,Experiment_2
2025-10-23T03:01:00.092Z,20,795,1280,257,881,1410,4299,3782,11993,3160,3166,10053,Day_1,Dark,Slow,5mm,Experiment_2
2025-10-23T03:01:00.132Z,21,794,1273,256,883,1408,4296,3777,11945,3141,3149,10006,Day_1,Dark,Slow,5mm,Experiment_2
2025-10-23T03:01:00.172Z,28,797,1260,257,888,1403,4283,3770,11885,3116,3133,9956,Day_1,Dark,Slow,5mm,Experiment_2
2025-10-23T03:01:00.212Z,34,798,1248,261,891,1396,4275,3766,11848,3105,3129,9930,Day_1,Dark,Slow,5mm,Experiment_2
2025-10-23T03:01:00.252Z,40,799,1242,264,890,1391,4274,3758,11858,3115,3136,9945,Day_1,Dark,Slow,5mm,Experiment_2
2025-10-23T03:01:00.292Z,44,801,1244,266,890,1391,4274,3745,11904,3130,3145,9986,Day_1,Dark,Slow,5mm,Experiment_2
2025-10-23T03:01:00.332Z,44,803,1252,265,890,1398,4285,3737,11949,3144,3150,10027,Day_1,Dark,Slow,5mm,Experiment_2
2025-10-23T03:01:00.372Z,40,802,1259,261,890,1407,4313,3751,11974,3158,3156,10054,Day_1,Dark,Slow,5mm,Experiment_2
2025-10-23T03:01:00.412Z,34,805,1265,256,894,1411,4337,3779,11980,3171,3166,10067,Day_1,Dark,Slow,5mm,Experiment_2
2025-10-23T03:01:00.452Z,29,810,1266,252,903,1407,4338,3793,11977,3176,3170,10069,Day_1,Dark,Slow,5mm,Experiment_2
2025-10-23T03:01:00.492Z,24,810,1263,252,906,1400,4325,3773,11979,3173,3162,10066,Day_1,Dark,Slow,5mm,Experiment_2
2025-10-23T03:01:00.532Z,23,801,1255,254,899,1397,4311,3735,11988,3165,3146,10063,Day_1,Dark,Slow,5mm,Experiment_2
2025-10-23T03:01:00.572Z,25,794,1250,256,891,1399,4300,3704,11996,3156,3134,10064,Day_1,Dark,Slow,5mm,Experiment_2
2025-10-23T03:01:00.612Z,27,798,1252,256,893,1403,4289,3692,11997,3148,3133,10069,Day_1,Dark,Slow,5mm,Experiment_2
2025-10-23T03:01:00.652Z,27,809,1259,257,902,1409,4281,3696,11991,3142,3143,10075,Day_1,Dark,Slow,5mm,Experiment_2
2025-10-23T03:01:00.692Z,29,823,1271,264,910,1414,4279,3708,11984,3140,3154,10077,Day_1,Dark,Slow,5mm,Experiment_2
2025-10-23T03:01:00.732Z,34,831,1282,272,912,1416,4285,3721,11990,3139,3160,10081,Day_1,Dark,Slow,5mm,Experiment_2
2025-10-23T03:01:00.772Z,40,829,1284,277,908,1415,4300,3728,12013,3141,3162,10092,Day_1,Dark,Slow,5mm,Experiment_2
2025-10-23T03:01:00.812Z,42,819,1275,276,903,1410,4313,3729,12035,3144,3162,10102,Day_1,Dark,Slow,5mm,Experiment_2
2025-10-23T03:01:00.852Z,38,811,1265,265,902,1406,4315,3732,12042,3147,3161,10104,Day_1,Dark,Slow,5mm,Experiment_2
2025-10-23T03:01:00.892Z,28,808,1264,247,901,1405,4308,3738,12033,3149,3157,10092,Day_1,Dark,Slow,5mm,Experiment_2
2025-10-23T03:01:00.932Z,17,806,1270,230,898,1408,4291,3741,12007,3141,3145,10057,Day_1,Dark,Slow,5mm,Experiment_2
2025-10-23T03:01:00.972Z,13,801,1278,226,893,1411,4271,3730,11961,3125,3123,9999,Day_1,Dark,Slow,5mm,Experiment_2
2025-10-23T03:01:01.012Z,16,796,1283,234,889,1414,4265,3705,11917,3115,3097,9943,Day_1,Dark,Slow,5mm,Experiment_2
2025-10-23T03:01:01.052Z,18,797,1278,243,892,1411,4274,3685,11906,3118,3085,9924,Day_1,Dark,Slow,5mm,Experiment_2
2025-10-23T03:01:01.092Z,22,802,1264,249,896,1403,4290,3691,11928,3128,3099,9953,Day_1,Dark,Slow,5mm,Experiment_2
2025-10-23T03:01:01.132Z,30,803,1250,257,896,1398,4306,3710,11953,3138,3123,9998,Day_1,Dark,Slow,5mm,Experiment_2
2025-10-23T03:01:01.172Z,39,801,1245,263,891,1397,4314,3713,11965,3143,3136,10032,Day_1,Dark,Slow,5mm,Experiment_2
2025-10-23T03:01:01.212Z,44,802,1247,262,890,1399,4310,3703,11969,3142,3138,10053,Day_1,Dark,Slow,5mm,Experiment_2
2025-10-23T03:01:01.252Z,41,805,1251,256,894,1400,4303,3703,11970,3142,3141,10064,Day_1,Dark,Slow,5mm,Experiment_2
2025-10-23T03:01:01.292Z,32,807,1253,249,898,1400,4295,3721,11973,3139,3148,10060,Day_1,Dark,Slow,5mm,Experiment_2
2025-10-23T03:01:01.332Z,27,802,1255,248,896,1401,4279,3753,11977,3127,3155,10045,Day_1,Dark,Slow,5mm,Experiment_2
2025-10-23T03:01:01.372Z,30,798,1257,253,892,1401,4253,3777,11974,3112,3158,10033,Day_1,Dark,Slow,5mm,Experiment_2
2025-10-23T03:01:01.412Z,37,801,1257,257,894,1399,4230,3774,11965,3111,3158,10037,Day_1,Dark,Slow,5mm,Experiment_2
2025-10-23T03:01:01.452Z,36,812,1255,254,904,1397,4225,3754,11965,3128,3157,10062,Day_1,Dark,Slow,5mm,Experiment_2
2025-10-23T03:01:01.492Z,29,822,1255,249,915,1397,4249,3739,11987,3150,3158,10092,Day_1,Dark,Slow,5mm,Experiment_2
2025-10-23T03:01:01.532Z,25,826,1258,248,921,1397,4282,3739,12010,3158,3162,10108,Day_1,Dark,Slow,5mm,Experiment_2
2025-10-23T03:01:01.572Z,27,824,1262,250,921,1400,4294,3752,12011,3155,3168,10105,Day_1,Dark,Slow,5mm,Experiment_2
2025-10-23T03:01:01.612Z,30,817,1266,250,914,1404,4287,3771,11992,3153,3172,10093,Day_1,Dark,Slow,5mm,Experiment_2
2025-10-23T03:01:01.652Z,30,809,1266,248,903,1405,4279,3784,11978,3153,3171,10085,Day_1,Dark,Slow,5mm,Experiment_2
2025-10-23T03:01:01.692Z,29,804,1260,247,894,1401,4282,3776,11983,3150,3165,10082,Day_1,Dark,Slow,5mm,Experiment_2
2025-10-23T03:01:01.732Z,30,802,1259,249,890,1397,4298,3755,11989,3145,3155,10069,Day_1,Dark,Slow,5mm,Experiment_2
2025-10-23T03:01:01.772Z,31,806,1265,248,892,1398,4310,3739,11970,3137,3143,10034,Day_1,Dark,Slow,5mm,Experiment_2
2025-10-23T03:01:01.812Z,28,809,1271,244,896,1402,4305,3728,11928,3127,3130,9981,Day_1,Dark,Slow,5mm,Experiment_2
2025-10-23T03:01:01.852Z,25,808,1272,243,896,1406,4296,3713,11890,3121,3114,9938,Day_1,Dark,Slow,5mm,Experiment_2
2025-10-23T03:01:01.892Z,27,806,1268,251,895,1406,4297,3693,11883,3123,3101,9937,Day_1,Dark,Slow,5mm,Experiment_2
2025-10-23T03:01:01.932Z,32,804,1261,262,896,1401,4307,3682,11909,3131,3101,9973,Day_1,Dark,Slow,5mm,Experiment_2
2025-10-23T03:01:01.972Z,35,803,1259,269,897,1399,4314,3690,11949,3144,3112,10016,Day_1,Dark,Slow,5mm,Experiment_2
2025-10-23T03:01:02.012Z,37,799,1262,271,895,1400,4309,3705,11979,3155,3125,10046,Day_1,Dark,Slow,5mm,Experiment_2
2025-10-23T03:01:02.052Z,34,796,1265,268,895,1401,4295,3709,11992,3161,3133,10062,Day_1,Dark,Slow,5mm,Experiment_2
2025-10-23T03:01:02.092Z,27,798,1268,261,900,1404,4289,3708,11986,3161,3136,10067,Day_1,Dark,Slow,5mm,Experiment_2
2025-10-23T03:01:02.132Z,21,805,1271,255,904,1411,4297,3715,11967,3156,3137,10057,Day_1,Dark,Slow,5mm,Experiment_2
2025-10-23T03:01:02.172Z,16,814,1271,252,905,1417,4310,3734,11948,3148,3141,10040,Day_1,Dark,Slow,5mm,Experiment_2
2025-10-23T03:01:02.212Z,15,821,1266,249,905,1417,4322,3747,11943,3144,3147,10036,Day_1,Dark,Slow,5mm,Experiment_2
2025-10-23T03:01:02.252Z,14,825,1261,247,905,1410,4328,3746,11958,3149,3156,10059,Day_1,Dark,Slow,5mm,Experiment_2
2025-10-23T03:01:02.292Z,13,823,1257,244,904,1403,4327,3740,11984,3158,3165,10091,Day_1,Dark,Slow,5mm,Experiment_2
2025-10-23T03:01:02.332Z,17,816,1255,244,902,1399,4325,3749,11995,3166,3172,10103,Day_1,Dark,Slow,5mm,Experiment_2
2025-10-23T03:01:02.372Z,26,810,1255,250,899,1398,4337,3766,11987,3174,3176,10095,Day_1,Dark,Slow,5mm,Experiment_2
2025-10-23T03:01:02.412Z,31,803,1256,254,894,1396,4358,3777,11975,3180,3174,10088,Day_1,Dark,Slow,5mm,Experiment_2
2025-10-23T03:01:02.452Z,26,796,1255,253,889,1395,4376,3790,11979,3183,3169,10089,Day_1,Dark,Slow,5mm,Experiment_2
2025-10-23T03:01:02.492Z,20,795,1253,252,888,1397,4382,3814,11998,3186,3164,10093,Day_1,Dark,Slow,5mm,Experiment_2
2025-10-23T03:01:02.532Z,18,803,1255,255,892,1401,4374,3833,12010,3188,3154,10087,Day_1,Dark,Slow,5mm,Experiment_2
2025-10-23T03:01:02.572Z,19,813,1259,256,897,1401,4355,3823,12004,3185,3143,10069,Day_1,Dark,Slow,5mm,Experiment_2
2025-10-23T03:01:02.612Z,19,816,1258,254,899,1396,4337,3798,11975,3174,3139,10036,Day_1,Dark,Slow,5mm,Experiment_2
2025-10-23T03:01:02.652Z,22,812,1251,254,896,1392,4322,3777,11932,3155,3135,9993,Day_1,Dark,Slow,5mm,Experiment_2
2025-10-23T03:01:02.692Z,33,806,1248,259,894,1393,4310,3762,11897,3139,3122,9959,Day_1,Dark,Slow,5mm,Experiment_2
2025-10-23T03:01:02.732Z,45,801,1253,269,896,1399,4315,3744,11890,3137,3111,9955,Day_1,Dark,Slow,5mm,Experiment_2
2025-10-23T03:01:02.772Z,48,797,1258,275,897,1404,4340,3735,11905,3148,3115,9976,Day_1,Dark,Slow,5mm,Experiment_2
2025-10-23T03:01:02.812Z,46,792,1263,277,894,1405,4358,3749,11922,3161,3131,10003,Day_1,Dark,Slow,5mm,Experiment_2
2025-10-23T03:01:02.852Z,45,789,1268,278,890,1407,4357,3773,11935,3168,3150,10025,Day_1,Dark,Slow,5mm,Experiment_2
2025-10-23T03:01:02.892Z,42,793,1270,273,889,1407,4340,3780,11953,3168,3161,10044,Day_1,Dark,Slow,5mm,Experiment_2
2025-10-23T03:01:02.932Z,34,802,1265,262,892,1401,4316,3762,11977,3160,3162,10061,Day_1,Dark,Slow,5mm,Experiment_2
2025-10-23T03:01:02.972Z,28,810,1259,253,895,1395,4297,3739,11987,3149,3155,10063,Day_1,Dark,Slow,5mm,Experiment_2
2025-10-23T03:01:03.012Z,23,813,1258,251,898,1394,4290,3724,11974,3139,3150,10048,Day_1,Dark,Slow,5mm,Experiment_2
2025-10-23T03:01:03.052Z,21,810,1260,252,899,1396,4293,3717,11965,3136,3149,10036,Day_1,Dark,Slow,5mm,Experiment_2
2025-10-23T03:01:03.092Z,24,805,1262,256,896,1398,4303,3714,11979,3141,3151,10047,Day_1,Dark,Slow,5mm,Experiment_2
2025-10-23T03:01:03.132Z,30,806,1262,261,895,1400,4315,3712,11993,3154,3154,10070,Day_1,Dark,Slow,5mm,Experiment_2
2025-10-23T03:01:03.172Z,35,811,1261,263,899,1402,4320,3714,11989,3163,3159,10084,Day_1,Dark,Slow,5mm,Experiment_2
2025-10-23T03:01:03.212Z,34,812,1258,261,900,1401,4318,3722,11983,3165,3164,10090,Day_1,Dark,Slow,5mm,Experiment_2
2025-10-23T03:01:03.253Z,34,805,1256,258,892,1401,4312,3736,11988,3160,3168,10093,Day_1,Dark,Slow,5mm,Experiment_2
2025-10-23T03:01:03.293Z,38,799,1258,256,887,1402,4307,3747,11998,3154,3171,10091,Day_1,Dark,Slow,5mm,Experiment_2
2025-10-23T03:01:03.333Z,42,801,1263,258,891,1406,4310,3748,12003,3155,3169,10083,Day_1,Dark,Slow,5mm,Experiment_2
2025-10-23T03:01:03.373Z,43,804,1268,260,901,1409,4326,3738,11991,3164,3166,10068,Day_1,Dark,Slow,5mm,Experiment_2
2025-10-23T03:01:03.413Z,37,802,1268,257,905,1411,4345,3725,11965,3173,3159,10044,Day_1,Dark,Slow,5mm,Experiment_2
2025-10-23T03:01:03.453Z,28,798,1264,252,904,1410,4355,3711,11936,3172,3143,10012,Day_1,Dark,Slow,5mm,Experiment_2
2025-10-23T03:01:03.493Z,18,800,1259,244,903,1406,4341,3696,11919,3158,3120,9977,Day_1,Dark,Slow,5mm,Experiment_2
2025-10-23T03:01:03.533Z,12,809,1257,239,905,1403,4308,3693,11922,3137,3106,9957,Day_1,Dark,Slow,5mm,Experiment_2
2025-10-23T03:01:03.573Z,14,817,1257,241,906,1403,4273,3706,11935,3119,3107,9965,Day_1,Dark,Slow,5mm,Experiment_2
2025-10-23T03:01:03.613Z,28,819,1261,252,905,1408,4253,3726,11934,3114,3117,9991,Day_1,Dark,Slow,5mm,Experiment_2
2025-10-23T03:01:03.653Z,45,815,1266,264,901,1412,4252,3740,11923,3121,3129,10014,Day_1,Dark,Slow,5mm,Experiment_2
2025-10-23T03:01:03.693Z,50,806,1264,267,897,1409,4260,3734,11926,3130,3135,10033,Day_1,Dark,Slow,5mm,Experiment_2
2025-10-23T03:01:03.733Z,44,800,1264,263,896,1406,4265,3718,11945,3135,3137,10049,Day_1,Dark,Slow,5mm,Experiment_2
2025-10-23T03:01:03.773Z,43,799,1273,262,896,1412,4279,3714,11963,3144,3138,10058,Day_1,Dark,Slow,5mm,Experiment_2
2025-10-23T03:01:03.813Z,46,804,1284,263,898,1421,4308,3720,11968,3165,3138,10051,Day_1,Dark,Slow,5mm,Experiment_2
2025-10-23T03:01:03.853Z,42,811,1281,258,902,1420,4333,3723,11960,3187,3138,10035,Day_1,Dark,Slow,5mm,Experiment_2
2025-10-23T03:01:03.893Z,32,815,1266,252,905,1409,4342,3724,11950,3196,3140,10028,Day_1,Dark,Slow,5mm,Experiment_2
2025-10-23T03:01:03.933Z,23,814,1253,247,904,1402,4340,3726,11951,3188,3141,10037,Day_1,Dark,Slow,5mm,Experiment_2
2025-10-23T03:01:03.973Z,23,813,1249,247,900,1402,4330,3724,11968,3174,3138,10059,Day_1,Dark,Slow,5mm,Experiment_2
2025-10-23T03:01:04.013Z,31,816,1246,251,901,1400,4317,3723,11993,3168,3134,10078,Day_1,Dark,Slow,5mm,Experiment_2
2025-10-23T03:01:04.053Z,38,817,1244,254,906,1395,4307,3735,12016,3167,3138,10091,Day_1,Dark,Slow,5mm,Experiment_2
2025-10-23T03:01:04.093Z,43,811,1249,257,905,1396,4301,3750,12031,3167,3150,10097,Day_1,Dark,Slow,5mm,Experiment_2
2025-10-23T03:01:04.133Z,46,798,1257,262,895,1402,4303,3753,12033,3169,3161,10094,Day_1,Dark,Slow,5mm,Experiment_2
2025-10-23T03:01:04.173Z,50,782,1259,268,881,1405,4309,3751,12019,3169,3167,10082,Day_1,Dark,Slow,5mm,Experiment_2
2025-10-23T03:01:04.213Z,54,769,1254,271,869,1402,4304,3750,12001,3158,3165,10062,Day_1,Dark,Slow,5mm,Experiment_2
2025-10-23T03:01:04.253Z,50,767,1250,267,863,1397,4291,3740,11983,3143,3147,10031,Day_1,Dark,Slow,5mm,Experiment_2
2025-10-23T03:01:04.293Z,37,776,1248,256,870,1393,4278,3714,11953,3128,3114,9988,Day_1,Dark,Slow,5mm,Experiment_2
2025-10-23T03:01:04.333Z,24,790,1249,247,885,1395,4258,3684,11914,3111,3074,9944,Day_1,Dark,Slow,5mm,Experiment_2
2025-10-23T03:01:04.373Z,19,795,1254,249,892,1400,4234,3673,11896,3097,3046,9927,Day_1,Dark,Slow,5mm,Experiment_2
2025-10-23T03:01:04.413Z,23,793,1261,256,890,1408,4222,3686,11912,3099,3052,9948,Day_1,Dark,Slow,5mm,Experiment_2
2025-10-23T03:01:04.453Z,31,795,1264,261,888,1410,4234,3706,11933,3114,3091,9983,Day_1,Dark,Slow,5mm,Experiment_2
2025-10-23T03:01:04.493Z,38,797,1262,260,888,1406,4257,3723,11930,3130,3132,10008,Day_1,Dark,Slow,5mm,Experiment_2
2025-10-23T03:01:04.533Z,43,796,1259,261,890,1399,4276,3737,11924,3141,3154,10023,Day_1,Dark,Slow,5mm,Experiment_2
2025-10-23T03:01:04.573Z,47,796,1255,264,893,1394,4289,3744,11947,3147,3159,10039,Day_1,Dark,Slow,5mm,Experiment_2
2025-10-23T03:01:04.613Z,49,803,1252,269,900,1394,4295,3744,11992,3147,3155,10056,Day_1,Dark,Slow,5mm,Experiment_2
2025-10-23T03:01:04.653Z,47,813,1250,272,906,1396,4294,3747,12016,3139,3149,10060,Day_1,Dark,Slow,5mm,Experiment_2
2025-10-23T03:01:04.693Z,42,818,1250,272,909,1399,4285,3761,12003,3128,3147,10050,Day_1,Dark,Slow,5mm,Experiment_2
2025-10-23T03:01:04.733Z,35,817,1252,268,908,1402,4275,3777,11981,3125,3151,10042,Day_1,Dark,Slow,5mm,Experiment_2
2025-10-23T03:01:04.773Z,31,816,1258,264,906,1408,4269,3773,11982,3131,3153,10051,Day_1,Dark,Slow,5mm,Experiment_2
2025-10-23T03:01:04.813Z,32,815,1262,261,903,1412,4262,3749,12002,3139,3151,10075,Day_1,Dark,Slow,5mm,Experiment_2
2025-10-23T03:01:04.853Z,37,806,1258,260,898,1412,4254,3730,12017,3143,3151,10095,Day_1,Dark,Slow,5mm,Experiment_2
2025-10-23T03:01:04.893Z,37,799,1250,260,896,1407,4256,3724,12018,3146,3155,10102,Day_1,Dark,Slow,5mm,Experiment_2
2025-10-23T03:01:04.933Z,33,799,1244,259,896,1402,4273,3726,12020,3152,3158,10100,Day_1,Dark,Slow,5mm,Experiment_2
2025-10-23T03:01:04.973Z,31,801,1245,260,897,1399,4291,3730,12024,3156,3157,10093,Day_1,Dark,Slow,5mm,Experiment_2
2025-10-23T03:01:05.013Z,29,803,1251,261,898,1399,4294,3734,12017,3153,3151,10081,Day_1,Dark,Slow,5mm,Experiment_2
2025-10-23T03:01:05.053Z,23,804,1254,253,900,1398,4285,3735,11993,3147,3142,10064,Day_1,Dark,Slow,5mm,Experiment_2
2025-10-23T03:01:05.093Z,17,808,1253,244,904,1397,4279,3732,11958,3139,3130,10032,Day_1,Dark,Slow,5mm,Experiment_2
2025-10-23T03:01:05.133Z,20,817,1247,244,909,1395,4276,3719,11921,3127,3113,9984,Day_1,Dark,Slow,5mm,Experiment_2
2025-10-23T03:01:05.173Z,29,827,1241,251,913,1392,4259,3699,11894,3107,3097,9938,Day_1,Dark,Slow,5mm,Experiment_2
2025-10-23T03:01:05.213Z,34,828,1239,256,910,1390,4235,3696,11885,3086,3096,9920,Day_1,Dark,Slow,5mm,Experiment_2
2025-10-23T03:01:05.253Z,34,819,1245,256,903,1393,4225,3714,11900,3081,3112,9942,Day_1,Dark,Slow,5mm,Experiment_2
2025-10-23T03:01:05.293Z,31,811,1255,258,900,1398,4232,3727,11928,3094,3130,9985,Day_1,Dark,Slow,5mm,Experiment_2
2025-10-23T03:01:05.333Z,29,810,1261,261,900,1400,4241,3726,11949,3110,3139,10023,Day_1,Dark,Slow,5mm,Experiment_2
2025-10-23T03:01:05.373Z,29,816,1266,261,903,1400,4247,3720,11961,3118,3141,10042,Day_1,Dark,Slow,5mm,Experiment_2
2025-10-23T03:01:05.413Z,30,821,1271,259,905,1400,4254,3717,11968,3120,3141,10045,Day_1,Dark,Slow,5mm,Experiment_2
2025-10-23T03:01:05.453Z,31,821,1275,258,902,1404,4259,3719,11978,3121,3140,10040,Day_1,Dark,Slow,5mm,Experiment_2
2025-10-23T03:01:05.493Z,28,813,1273,257,897,1405,4264,3722,11990,3126,3140,10036,Day_1,Dark,Slow,5mm,Experiment_2
2025-10-23T03:01:05.533Z,23,808,1263,256,894,1400,4272,3724,11988,3134,3144,10038,Day_1,Dark,Slow,5mm,Experiment_2
2025-10-23T03:01:05.573Z,23,811,1251,258,897,1394,4286,3732,11972,3143,3153,10047,Day_1,Dark,Slow,5mm,Experiment_2
2025-10-23T03:01:05.613Z,26,817,1244,262,901,1390,4293,3744,11961,3149,3163,10063,Day_1,Dark,Slow,5mm,Experiment_2
2025-10-23T03:01:05.653Z,29,816,1240,265,898,1386,4288,3749,11972,3149,3168,10085,Day_1,Dark,Slow,5mm,Experiment_2
2025-10-23T03:01:05.693Z,34,806,1239,263,889,1381,4280,3747,11991,3148,3167,10104,Day_1,Dark,Slow,5mm,Experiment_2
2025-10-23T03:01:05.733Z,40,797,1242,260,882,1380,4281,3751,11997,3149,3163,10110,Day_1,Dark,Slow,5mm,Experiment_2
2025-10-23T03:01:05.773Z,41,796,1247,254,884,1383,4291,3757,11990,3152,3160,10101,Day_1,Dark,Slow,5mm,Experiment_2
2025-10-23T03:01:05.813Z,37,802,1252,250,889,1387,4299,3748,11981,3158,3157,10086,Day_1,Dark,Slow,5mm,Experiment_2
2025-10-23T03:01:05.853Z,36,809,1253,254,893,1393,4301,3724,11981,3163,3149,10073,Day_1,Dark,Slow,5mm,Experiment_2
2025-10-23T03:01:05.893Z,36,812,1254,256,894,1398,4305,3707,11987,3164,3140,10061,Day_1,Dark,Slow,5mm,Experiment_2
2025-10-23T03:01:05.933Z,29,806,1259,249,891,1403,4310,3707,11983,3159,3132,10038,Day_1,Dark,Slow,5mm,Experiment_2
2025-10-23T03:01:05.973Z,23,793,1269,243,882,1410,4302,3710,11956,3143,3122,9996,Day_1,Dark,Slow,5mm,Experiment_2
2025-10-23T03:01:06.013Z,26,781,1285,246,872,1420,4284,3714,11918,3122,3113,9950,Day_1,Dark,Slow,5mm,Experiment_2
2025-10-23T03:01:06.053Z,35,777,1295,255,870,1427,4278,3731,11890,3112,3115,9928,Day_1,Dark,Slow,5mm,Experiment_2
2025-10-23T03:01:06.093Z,45,783,1292,266,879,1424,4292,3757,11879,3117,3128,9939,Day_1,Dark,Slow,5mm,Experiment_2
2025-10-23T03:01:06.133Z,51,795,1284,272,890,1419,4307,3772,11882,3126,3140,9967,Day_1,Dark,Slow,5mm,Experiment_2
2025-10-23T03:01:06.173Z,50,803,1275,270,896,1415,4305,3780,11902,3131,3150,10001,Day_1,Dark,Slow,5mm,Experiment_2
2025-10-23T03:01:06.213Z,45,802,1264,264,894,1409,4291,3789,11937,3135,3162,10033,Day_1,Dark,Slow,5mm,Experiment_2
2025-10-23T03:01:06.253Z,40,796,1252,258,891,1401,4281,3791,11970,3140,3168,10051,Day_1,Dark,Slow,5mm,Experiment_2
2025-10-23T03:01:06.293Z,34,799,1245,256,893,1395,4280,3781,11987,3143,3164,10051,Day_1,Dark,Slow,5mm,Experiment_2
2025-10-23T03:01:06.333Z,24,809,1247,254,899,1397,4281,3763,11987,3143,3153,10042,Day_1,Dark,Slow,5mm,Experiment_2
2025-10-23T03:01:06.373Z,14,814,1255,251,903,1403,4281,3744,11975,3144,3144,10040,Day_1,Dark,Slow,5mm,Experiment_2
2025-10-23T03:01:06.413Z,8,810,1259,248,900,1404,4279,3740,11969,3150,3142,10051,Day_1,Dark,Slow,5mm,Experiment_2
2025-10-23T03:01:06.453Z,8,802,1252,248,895,1395,4276,3759,11979,3155,3150,10071,Day_1,Dark,Slow,5mm,Experiment_2
2025-10-23T03:01:06.493Z,14,797,1243,251,890,1386,4272,3788,11989,3157,3165,10081,Day_1,Dark,Slow,5mm,Experiment_2
2025-10-23T03:01:06.533Z,23,795,1244,255,886,1386,4277,3801,11991,3157,3177,10083,Day_1,Dark,Slow,5mm,Experiment_2
2025-10-23T03:01:06.573Z,26,798,1249,255,887,1392,4296,3796,11996,3162,3179,10086,Day_1,Dark,Slow,5mm,Experiment_2
2025-10-23T03:01:06.613Z,23,804,1251,250,892,1395,4321,3789,12007,3169,3176,10089,Day_1,Dark,Slow,5mm,Experiment_2
2025-10-23T03:01:06.653Z,20,810,1252,246,898,1392,4333,3783,12010,3171,3171,10080,Day_1,Dark,Slow,5mm,Experiment_2
2025-10-23T03:01:06.693Z,22,810,1255,248,902,1390,4325,3775,11998,3167,3168,10062,Day_1,Dark,Slow,5mm,Experiment_2
2025-10-23T03:01:06.733Z,25,806,1257,253,902,1390,4316,3769,11982,3162,3164,10040,Day_1,Dark,Slow,5mm,Experiment_2
2025-10-23T03:01:06.773Z,27,803,1253,257,901,1390,4316,3760,11963,3154,3150,10011,Day_1,Dark,Slow,5mm,Experiment_2
2025-10-23T03:01:06.813Z,26,801,1249,257,901,1391,4308,3740,11927,3136,3128,9975,Day_1,Dark,Slow,5mm,Experiment_2
2025-10-23T03:01:06.853Z,28,795,1249,254,897,1394,4284,3715,11887,3116,3112,9948,Day_1,Dark,Slow,5mm,Experiment_2
2025-10-23T03:01:06.893Z,31,782,1250,253,884,1397,4259,3696,11876,3103,3112,9951,Day_1,Dark,Slow,5mm,Experiment_2
2025-10-23T03:01:06.933Z,34,768,1252,256,867,1402,4250,3692,11901,3104,3124,9980,Day_1,Dark,Slow,5mm,Experiment_2
2025-10-23T03:01:06.973Z,38,766,1258,261,862,1409,4266,3714,11935,3119,3140,10013,Day_1,Dark,Slow,5mm,Experiment_2
2025-10-23T03:01:07.013Z,35,777,1263,260,871,1413,4300,3748,11959,3138,3152,10041,Day_1,Dark,Slow,5mm,Experiment_2
2025-10-23T03:01:07.053Z,23,794,1263,251,886,1411,4319,3769,11975,3147,3158,10056,Day_1,Dark,Slow,5mm,Experiment_2
2025-10-23T03:01:07.093Z,16,806,1263,242,895,1405,4305,3774,11991,3143,3160,10055,Day_1,Dark,Slow,5mm,Experiment_2
2025-10-23T03:01:07.133Z,22,804,1266,247,893,1401,4283,3769,11997,3137,3159,10039,Day_1,Dark,Slow,5mm,Experiment_2
2025-10-23T03:01:07.173Z,39,798,1270,262,888,1402,4282,3762,11977,3142,3155,10021,Day_1,Dark,Slow,5mm,Experiment_2
2025-10-23T03:01:07.213Z,53,801,1271,276,893,1405,4290,3753,11947,3149,3148,10017,Day_1,Dark,Slow,5mm,Experiment_2
2025-10-23T03:01:07.253Z,52,813,1265,278,907,1404,4291,3737,11934,3149,3142,10031,Day_1,Dark,Slow,5mm,Experiment_2
2025-10-23T03:01:07.293Z,39,818,1260,272,914,1401,4294,3725,11943,3150,3142,10051,Day_1,Dark,Slow,5mm,Experiment_2
2025-10-23T03:01:07.333Z,27,816,1266,265,912,1405,4312,3728,11958,3158,3151,10065,Day_1,Dark,Slow,5mm,Experiment_2
2025-10-23T03:01:07.373Z,25,813,1277,263,907,1411,4328,3740,11969,3165,3162,10074,Day_1,Dark,Slow,5mm,Experiment_2
2025-10-23T03:01:07.413Z,30,812,1281,264,903,1414,4325,3749,11984,3163,3170,10081,Day_1,Dark,Slow,5mm,Experiment_2
2025-10-23T03:01:07.453Z,35,810,1281,267,901,1413,4314,3758,12005,3158,3175,10090,Day_1,Dark,Slow,5mm,Experiment_2
2025-10-23T03:01:07.493Z,40,804,1279,269,896,1413,4315,3772,12021,3160,3176,10091,Day_1,Dark,Slow,5mm,Experiment_2
2025-10-23T03:01:07.533Z,45,798,1275,269,890,1412,4330,3771,12024,3169,3167,10077,Day_1,Dark,Slow,5mm,Experiment_2
2025-10-23T03:01:07.573Z,48,796,1265,268,887,1408,4332,3743,12005,3169,3149,10040,Day_1,Dark,Slow,5mm,Experiment_2
2025-10-23T03:01:07.613Z,43,797,1253,264,886,1400,4305,3705,11953,3148,3124,9983,Day_1,Dark,Slow,5mm,Experiment_2
2025-10-23T03:01:07.653Z,28,799,1244,254,887,1393,4264,3677,11886,3119,3097,9928,Day_1,Dark,Slow,5mm,Experiment_2
2025-10-23T03:01:07.693Z,14,799,1242,242,888,1389,4234,3663,11857,3101,3082,9911,Day_1,Dark,Slow,5mm,Experiment_2
2025-10-23T03:01:07.733Z,10,801,1248,234,888,1393,4225,3664,11877,3101,3088,9941,Day_1,Dark,Slow,5mm,Experiment_2
2025-10-23T03:01:07.773Z,14,804,1257,233,889,1403,4236,3682,11905,3112,3106,9989,Day_1,Dark,Slow,5mm,Experiment_2
2025-10-23T03:01:07.813Z,23,803,1266,240,889,1412,4256,3709,11918,3127,3123,10025,Day_1,Dark,Slow,5mm,Experiment_2
2025-10-23T03:01:07.853Z,29,797,1273,249,888,1418,4273,3730,11931,3139,3134,10041,Day_1,Dark,Slow,5mm,Experiment_2
2025-10-23T03:01:07.893Z,29,795,1279,252,891,1421,4284,3736,11947,3145,3141,10044,Day_1,Dark,Slow,5mm,Experiment_2
2025-10-23T03:01:07.933Z,22,799,1279,247,898,1419,4289,3727,11957,3146,3141,10041,Day_1,Dark,Slow,5mm,Experiment_2
2025-10-23T03:01:07.973Z,16,803,1275,238,902,1414,4286,3717,11953,3140,3139,10033,Day_1,Dark,Slow,5mm,Experiment_2
2025-10-23T03:01:08.013Z,16,807,1272,235,904,1410,4280,3715,11943,3133,3138,10027,Day_1,Dark,Slow,5mm,Experiment_2
2025-10-23T03:01:08.053Z,28,813,1270,249,906,1408,4280,3716,11949,3133,3136,10035,Day_1,Dark,Slow,5mm,Experiment_2
2025-10-23T03:01:08.093Z,51,821,1269,273,910,1408,4285,3720,11971,3140,3138,10055,Day_1,Dark,Slow,5mm,Experiment_2
2025-10-23T03:01:08.133Z,69,823,1270,288,913,1410,4281,3738,11987,3148,3148,10070,Day_1,Dark,Slow,5mm,Experiment_2
2025-10-23T03:01:08.173Z,67,817,1272,283,911,1413,4270,3758,11992,3150,3157,10072,Day_1,Dark,Slow,5mm,Experiment_2
2025-10-23T03:01:08.213Z,49,809,1271,268,904,1411,4269,3764,11991,3151,3161,10066,Day_1,Dark,Slow,5mm,Experiment_2
2025-10-23T03:01:08.253Z,29,808,1266,258,902,1406,4278,3771,11977,3152,3167,10060,Day_1,Dark,Slow,5mm,Experiment_2
2025-10-23T03:01:08.294Z,15,816,1260,255,907,1400,4281,3789,11953,3151,3177,10055,Day_1,Dark,Slow,5mm,Experiment_2
2025-10-23T03:01:08.334Z,11,830,1260,253,913,1397,4278,3797,11939,3148,3177,10051,Day_1,Dark,Slow,5mm,Experiment_2
2025-10-23T03:01:08.374Z,17,844,1265,253,919,1398,4273,3787,11935,3138,3165,10038,Day_1,Dark,Slow,5mm,Experiment_2
2025-10-23T03:01:08.414Z,31,850,1265,259,920,1398,4276,3766,11921,3127,3143,10007,Day_1,Dark,Slow,5mm,Experiment_2
2025-10-23T03:01:08.454Z,45,845,1258,269,918,1395,4283,3739,11889,3119,3114,9961,Day_1,Dark,Slow,5mm,Experiment_2
2025-10-23T03:01:08.494Z,46,833,1250,272,912,1396,4282,3716,11855,3113,3090,9918,Day_1,Dark,Slow,5mm,Experiment_2
2025-10-23T03:01:08.534Z,34,820,1247,266,906,1402,4274,3705,11834,3113,3083,9901,Day_1,Dark,Slow,5mm,Experiment_2
2025-10-23T03:01:08.574Z,24,812,1248,257,904,1408,4274,3707,11843,3121,3096,9922,Day_1,Dark,Slow,5mm,Experiment_2
2025-10-23T03:01:08.614Z,25,812,1249,254,907,1408,4280,3726,11884,3129,3123,9967,Day_1,Dark,Slow,5mm,Experiment_2
2025-10-23T03:01:08.654Z,31,819,1246,256,913,1403,4278,3744,11941,3131,3148,10018,Day_1,Dark,Slow,5mm,Experiment_2
2025-10-23T03:01:08.694Z,36,825,1243,260,917,1398,4267,3742,11985,3129,3159,10058,Day_1,Dark,Slow,5mm,Experiment_2
2025-10-23T03:01:08.734Z,36,822,1245,264,914,1397,4258,3735,11994,3129,3158,10073,Day_1,Dark,Slow,5mm,Experiment_2
2025-10-23T03:01:08.774Z,34,816,1253,262,909,1400,4263,3739,11981,3134,3153,10063,Day_1,Dark,Slow,5mm,Experiment_2
2025-10-23T03:01:08.814Z,30,811,1263,256,904,1404,4284,3747,11970,3143,3149,10043,Day_1,Dark,Slow,5mm,Experiment_2
2025-10-23T03:01:08.854Z,28,808,1269,252,899,1404,4310,3752,11962,3153,3147,10030,Day_1,Dark,Slow,5mm,Experiment_2
2025-10-23T03:01:08.894Z,31,807,1267,250,897,1399,4322,3762,11956,3160,3152,10039,Day_1,Dark,Slow,5mm,Experiment_2
2025-10-23T03:01:08.934Z,35,806,1257,249,899,1390,4320,3782,11961,3167,3164,10062,Day_1,Dark,Slow,5mm,Experiment_2
2025-10-23T03:01:08.974Z,35,800,1249,250,898,1384,4322,3798,11974,3176,3176,10079,Day_1,Dark,Slow,5mm,Experiment_2
2025-10-23T03:01:09.014Z,34,793,1253,249,892,1387,4327,3791,11985,3182,3179,10085,Day_1,Dark,Slow,5mm,Experiment_2
2025-10-23T03:01:09.054Z,36,791,1265,249,887,1398,4328,3766,11985,3180,3171,10089,Day_1,Dark,Slow,5mm,Experiment_2
2025-10-23T03:01:09.094Z,41,795,1273,251,886,1407,4323,3743,11981,3169,3159,10091,Day_1,Dark,Slow,5mm,Experiment_2
2025-10-23T03:01:09.134Z,40,803,1272,252,889,1411,4314,3725,11982,3155,3148,10082,Day_1,Dark,Slow,5mm,Experiment_2
2025-10-23T03:01:09.174Z,35,813,1265,256,895,1406,4305,3704,11991,3146,3140,10065,Day_1,Dark,Slow,5mm,Experiment_2
2025-10-23T03:01:09.214Z,33,828,1255,263,905,1396,4303,3688,12000,3145,3132,10044,Day_1,Dark,Slow,5mm,Experiment_2
2025-10-23T03:01:09.254Z,32,845,1250,266,916,1391,4298,3685,11994,3141,3123,10018,Day_1,Dark,Slow,5mm,Experiment_2
2025-10-23T03:01:09.294Z,27,856,1252,260,925,1392,4275,3687,11961,3123,3111,9982,Day_1,Dark,Slow,5mm,Experiment_2
2025-10-23T03:01:09.334Z,19,854,1255,250,922,1395,4242,3685,11914,3095,3099,9948,Day_1,Dark,Slow,5mm,Experiment_2
2025-10-23T03:01:09.374Z,16,838,1257,248,910,1398,4220,3682,11884,3077,3093,9939,Day_1,Dark,Slow,5mm,Experiment_2
2025-10-23T03:01:09.414Z,19,818,1260,250,897,1400,4225,3690,11886,3084,3101,9958,Day_1,Dark,Slow,5mm,Experiment_2
2025-10-23T03:01:09.454Z,22,801,1265,251,887,1404,4245,3708,11906,3107,3117,9987,Day_1,Dark,Slow,5mm,Experiment_2
2025-10-23T03:01:09.494Z,20,789,1266,248,879,1405,4266,3725,11929,3129,3132,10015,Day_1,Dark,Slow,5mm,Experiment_2
2025-10-23T03:01:09.534Z,17,785,1259,248,874,1399,4286,3729,11946,3142,3139,10038,Day_1,Dark,Slow,5mm,Experiment_2
2025-10-23T03:01:09.574Z,17,784,1250,250,870,1392,4305,3723,11960,3144,3137,10047,Day_1,Dark,Slow,5mm,Experiment_2
2025-10-23T03:01:09.614Z,18,783,1250,250,870,1393,4317,3715,11971,3142,3129,10041,Day_1,Dark,Slow,5mm,Experiment_2
2025-10-23T03:01:09.654Z,18,782,1259,243,876,1399,4329,3711,11983,3142,3117,10030,Day_1,Dark,Slow,5mm,Experiment_2
2025-10-23T03:01:09.694Z,15,788,1264,236,889,1402,4345,3710,11992,3150,3110,10030,Day_1,Dark,Slow,5mm,Experiment_2
2025-10-23T03:01:09.734Z,16,798,1258,242,902,1398,4354,3711,11997,3160,3115,10043,Day_1,Dark,Slow,5mm,Experiment_2
2025-10-23T03:01:09.774Z,22,803,1249,255,906,1395,4348,3717,11993,3166,3131,10060,Day_1,Dark,Slow,5mm,Experiment_2
2025-10-23T03:01:09.814Z,25,802,1247,261,904,1393,4332,3724,11992,3168,3149,10073,Day_1,Dark,Slow,5mm,Experiment_2
2025-10-23T03:01:09.854Z,23,804,1249,256,906,1391,4319,3726,12001,3172,3161,10086,Day_1,Dark,Slow,5mm,Experiment_2
2025-10-23T03:01:09.894Z,20,811,1252,249,913,1390,4320,3726,12012,3180,3167,10097,Day_1,Dark,Slow,5mm,Experiment_2
2025-10-23T03:01:09.934Z,22,817,1253,247,918,1392,4330,3725,12005,3186,3164,10099,Day_1,Dark,Slow,5mm,Experiment_2
2025-10-23T03:01:09.974Z,24,820,1252,247,915,1395,4341,3721,11982,3186,3153,10090,Day_1,Dark,Slow,5mm,Experiment_2
2025-10-23T03:01:10.014Z,24,819,1249,248,908,1399,4348,3715,11966,3179,3139,10070,Day_1,Dark,Slow,5mm,Experiment_2
2025-10-23T03:01:10.054Z,25,818,1247,250,905,1401,4346,3711,11969,3163,3128,10040,Day_1,Dark,Slow,5mm,Experiment_2
2025-10-23T03:01:10.094Z,28,821,1247,255,905,1403,4325,3712,11972,3137,3119,10000,Day_1,Dark,Slow,5mm,Experiment_2
2025-10-23T03:01:10.134Z,29,821,1249,257,904,1404,4286,3711,11950,3108,3108,9957,Day_1,Dark,Slow,5mm,Experiment_2
2025-10-23T03:01:10.174Z,23,812,1253,253,898,1404,4258,3702,11914,3091,3096,9932,Day_1,Dark,Slow,5mm,Experiment_2
2025-10-23T03:01:10.214Z,15,799,1256,247,892,1405,4266,3689,11904,3098,3091,9943,Day_1,Dark,Slow,5mm,Experiment_2
2025-10-23T03:01:10.254Z,13,789,1260,248,888,1408,4298,3685,11937,3124,3098,9977,Day_1,Dark,Slow,5mm,Experiment_2
2025-10-23T03:01:10.294Z,20,786,1261,256,886,1409,4323,3698,11980,3149,3117,10011,Day_1,Dark,Slow,5mm,Experiment_2
2025-10-23T03:01:10.334Z,28,791,1257,264,889,1405,4323,3718,11993,3157,3134,10032,Day_1,Dark,Slow,5mm,Experiment_2
2025-10-23T03:01:10.374Z,31,796,1251,262,891,1399,4309,3731,11973,3153,3141,10040,Day_1,Dark,Slow,5mm,Experiment_2
2025-10-23T03:01:10.414Z,30,794,1245,254,886,1394,4294,3734,11954,3148,3139,10038,Day_1,Dark,Slow,5mm,Experiment_2
2025-10-23T03:01:10.454Z,28,789,1243,248,880,1391,4286,3738,11960,3143,3136,10035,Day_1,Dark,Slow,5mm,Experiment_2
2025-10-23T03:01:10.494Z,29,788,1244,252,880,1388,4287,3740,11972,3141,3134,10033,Day_1,Dark,Slow,5mm,Experiment_2
2025-10-23T03:01:10.534Z,33,792,1244,262,884,1385,4293,3739,11974,3147,3135,10031,Day_1,Dark,Slow,5mm,Experiment_2
2025-10-23T03:01:10.574Z,36,796,1246,269,885,1387,4296,3744,11982,3156,3142,10038,Day_1,Dark,Slow,5mm,Experiment_2
2025-10-23T03:01:10.614Z,35,795,1248,270,882,1389,4294,3746,12007,3161,3147,10056,Day_1,Dark,Slow,5mm,Experiment_2
2025-10-23T03:01:10.654Z,30,797,1246,267,886,1388,4289,3730,12032,3159,3144,10075,Day_1,Dark,Slow,5mm,Experiment_2
2025-10-23T03:01:10.694Z,26,803,1244,261,897,1385,4284,3716,12033,3152,3142,10083,Day_1,Dark,Slow,5mm,Experiment_2
2025-10-23T03:01:10.734Z,23,806,1247,253,904,1385,4289,3722,12015,3146,3146,10079,Day_1,Dark,Slow,5mm,Experiment_2
2025-10-23T03:01:10.774Z,23,806,1252,249,906,1389,4299,3723,11996,3143,3146,10071,Day_1,Dark,Slow,5mm,Experiment_2
2025-10-23T03:01:10.814Z,24,807,1253,249,905,1391,4310,3707,11987,3144,3140,10062,Day_1,Dark,Slow,5mm,Experiment_2
2025-10-23T03:01:10.854Z,28,811,1252,255,906,1390,4325,3691,11981,3147,3131,10050,Day_1,Dark,Slow,5mm,Experiment_2
2025-10-23T03:01:10.894Z,36,814,1254,263,906,1390,4337,3691,11963,3146,3122,10022,Day_1,Dark,Slow,5mm,Experiment_2
2025-10-23T03:01:10.934Z,42,816,1257,269,906,1394,4332,3694,11925,3133,3109,9972,Day_1,Dark,Slow,5mm,Experiment_2
2025-10-23T03:01:10.974Z,44,813,1260,271,904,1398,4311,3687,11881,3115,3091,9922,Day_1,Dark,Slow,5mm,Experiment_2
2025-10-23T03:01:11.014Z,43,809,1258,271,903,1399,4291,3678,11862,3108,3079,9904,Day_1,Dark,Slow,5mm,Experiment_2
2025-10-23T03:01:11.054Z,44,810,1256,270,906,1398,4283,3682,11882,3116,3087,9931,Day_1,Dark,Slow,5mm,Experiment_2
2025-10-23T03:01:11.094Z,44,810,1255,268,908,1398,4291,3706,11919,3129,3114,9978,Day_1,Dark,Slow,5mm,Experiment_2
2025-10-23T03:01:11.134Z,45,804,1258,265,903,1402,4309,3738,11945,3137,3143,10017,Day_1,Dark,Slow,5mm,Experiment_2
2025-10-23T03:01:11.174Z,49,793,1260,264,892,1405,4323,3756,11956,3141,3158,10038,Day_1,Dark,Slow,5mm,Experiment_2
2025-10-23T03:01:11.214Z,49,789,1262,264,887,1406,4332,3748,11963,3147,3156,10043,Day_1,Dark,Slow,5mm,Experiment_2
2025-10-23T03:01:11.254Z,46,792,1266,266,889,1405,4345,3725,11967,3156,3141,10038,Day_1,Dark,Slow,5mm,Experiment_2
2025-10-23T03:01:11.294Z,44,795,1267,266,890,1404,4365,3707,11967,3159,3124,10032,Day_1,Dark,Slow,5mm,Experiment_2
2025-10-23T03:01:11.334Z,39,795,1263,262,890,1401,4376,3715,11971,3152,3118,10029,Day_1,Dark,Slow,5mm,Experiment_2
2025-10-23T03:01:11.374Z,32,796,1257,257,891,1397,4360,3744,11980,3141,3127,10033,Day_1,Dark,Slow,5mm,Experiment_2
2025-10-23T03:01:11.414Z,25,799,1252,251,896,1394,4328,3772,11989,3142,3145,10044,Day_1,Dark,Slow,5mm,Experiment_2
2025-10-23T03:01:11.454Z,20,805,1248,244,901,1390,4311,3782,11997,3155,3160,10059,Day_1,Dark,Slow,5mm,Experiment_2
2025-10-23T03:01:11.494Z,21,813,1244,243,904,1387,4318,3778,12004,3164,3168,10072,Day_1,Dark,Slow,5mm,Experiment_2
2025-10-23T03:01:11.534Z,27,813,1244,251,900,1388,4319,3780,12004,3158,3168,10075,Day_1,Dark,Slow,5mm,Experiment_2
2025-10-23T03:01:11.574Z,33,804,1249,258,893,1394,4303,3788,11995,3143,3166,10071,Day_1,Dark,Slow,5mm,Experiment_2
2025-10-23T03:01:11.614Z,33,795,1255,257,887,1399,4291,3777,11992,3136,3161,10066,Day_1,Dark,Slow,5mm,Experiment_2
2025-10-23T03:01:11.654Z,30,794,1258,251,885,1403,4295,3750,11994,3141,3152,10062,Day_1,Dark,Slow,5mm,Experiment_2
2025-10-23T03:01:11.694Z,27,797,1258,245,888,1405,4296,3733,11989,3144,3145,10051,Day_1,Dark,Slow,5mm,Experiment_2
2025-10-23T03:01:11.734Z,23,804,1257,241,894,1405,4287,3739,11969,3135,3139,10018,Day_1,Dark,Slow,5mm,Experiment_2
2025-10-23T03:01:11.774Z,21,810,1262,241,901,1407,4276,3754,11944,3118,3132,9967,Day_1,Dark,Slow,5mm,Experiment_2
2025-10-23T03:01:11.814Z,27,813,1268,247,905,1409,4277,3760,11918,3105,3122,9921,Day_1,Dark,Slow,5mm,Experiment_2
2025-10-23T03:01:11.854Z,34,816,1272,254,907,1412,4294,3747,11894,3106,3113,9903,Day_1,Dark,Slow,5mm,Experiment_2
2025-10-23T03:01:11.894Z,32,819,1275,258,908,1417,4318,3726,11885,3121,3109,9921,Day_1,Dark,Slow,5mm,Experiment_2
2025-10-23T03:01:11.934Z,29,814,1275,259,904,1422,4333,3706,11896,3138,3108,9961,Day_1,Dark,Slow,5mm,Experiment_2
2025-10-23T03:01:11.974Z,30,801,1271,262,896,1421,4337,3695,11917,3148,3113,10001,Day_1,Dark,Slow,5mm,Experiment_2
2025-10-23T03:01:12.014Z,32,792,1264,262,890,1415,4333,3706,11945,3152,3126,10031,Day_1,Dark,Slow,5mm,Experiment_2
2025-10-23T03:01:12.054Z,29,795,1257,255,894,1407,4323,3731,11973,3147,3142,10046,Day_1,Dark,Slow,5mm,Experiment_2
2025-10-23T03:01:12.094Z,23,807,1255,248,903,1400,4314,3751,11981,3137,3149,10040,Day_1,Dark,Slow,5mm,Experiment_2
2025-10-23T03:01:12.134Z,22,816,1258,248,911,1398,4308,3756,11974,3129,3146,10024,Day_1,Dark,Slow,5mm,Experiment_2
2025-10-23T03:01:12.174Z,25,820,1265,252,914,1402,4309,3756,11969,3131,3143,10023,Day_1,Dark,Slow,5mm,Experiment_2
2025-10-23T03:01:12.214Z,30,824,1269,255,915,1407,4318,3753,11973,3143,3143,10045,Day_1,Dark,Slow,5mm,Experiment_2
2025-10-23T03:01:12.254Z,31,822,1264,253,911,1405,4319,3754,11976,3155,3147,10070,Day_1,Dark,Slow,5mm,Experiment_2
2025-10-23T03:01:12.294Z,29,815,1257,246,903,1399,4309,3762,11979,3157,3153,10079,Day_1,Dark,Slow,5mm,Experiment_2
2025-10-23T03:01:12.334Z,26,807,1253,240,896,1392,4293,3767,11992,3152,3156,10081,Day_1,Dark,Slow,5mm,Experiment_2
2025-10-23T03:01:12.374Z,22,802,1250,239,891,1387,4280,3759,12012,3147,3151,10086,Day_1,Dark,Slow,5mm,Experiment_2
2025-10-23T03:01:12.414Z,23,798,1247,244,888,1385,4277,3749,12023,3143,3143,10091,Day_1,Dark,Slow,5mm,Experiment_2
2025-10-23T03:01:12.454Z,27,799,1247,255,890,1387,4285,3747,12018,3144,3140,10086,Day_1,Dark,Slow,5mm,Experiment_2
2025-10-23T03:01:12.494Z,33,806,1251,264,897,1392,4298,3751,12009,3146,3142,10072,Day_1,Dark,Slow,5mm,Experiment_2
2025-10-23T03:01:12.534Z,36,810,1260,267,900,1399,4305,3746,12002,3143,3139,10047,Day_1,Dark,Slow,5mm,Experiment_2
2025-10-23T03:01:12.574Z,33,811,1270,262,897,1408,4304,3726,11978,3137,3128,10012,Day_1,Dark,Slow,5mm,Experiment_2
2025-10-23T03:01:12.614Z,28,812,1273,255,896,1413,4297,3703,11940,3129,3112,9970,Day_1,Dark,Slow,5mm,Experiment_2
2025-10-23T03:01:12.654Z,24,813,1267,251,899,1410,4293,3687,11911,3124,3097,9940,Day_1,Dark,Slow,5mm,Experiment_2
2025-10-23T03:01:12.694Z,21,813,1259,248,904,1404,4299,3682,11906,3127,3090,9939,Day_1,Dark,Slow,5mm,Experiment_2
2025-10-23T03:01:12.734Z,19,818,1259,246,910,1401,4300,3693,11919,3133,3099,9960,Day_1,Dark,Slow,5mm,Experiment_2
2025-10-23T03:01:12.774Z,24,821,1263,249,915,1400,4286,3723,11938,3137,3120,9987,Day_1,Dark,Slow,5mm,Experiment_2
2025-10-23T03:01:12.814Z,32,819,1269,254,913,1401,4273,3751,11950,3140,3139,10008,Day_1,Dark,Slow,5mm,Experiment_2
2025-10-23T03:01:12.854Z,34,815,1273,255,908,1403,4273,3754,11953,3139,3146,10018,Day_1,Dark,Slow,5mm,Experiment_2
2025-10-23T03:01:12.894Z,29,815,1273,249,906,1402,4278,3736,11949,3136,3142,10015,Day_1,Dark,Slow,5mm,Experiment_2
2025-10-23T03:01:12.934Z,23,814,1271,244,904,1400,4285,3713,11945,3133,3130,10005,Day_1,Dark,Slow,5mm,Experiment_2
2025-10-23T03:01:12.974Z,20,809,1274,244,902,1403,4296,3697,11939,3134,3119,9992,Day_1,Dark,Slow,5mm,Experiment_2
2025-10-23T03:01:13.014Z,20,802,1284,248,899,1412,4304,3698,11928,3139,3119,9985,Day_1,Dark,Slow,5mm,Experiment_2
2025-10-23T03:01:13.054Z,26,802,1291,253,899,1419,4308,3710,11925,3148,3129,9994,Day_1,Dark,Slow,5mm,Experiment_2
2025-10-23T03:01:13.094Z,41,806,1285,263,900,1418,4313,3728,11934,3161,3140,10013,Day_1,Dark,Slow,5mm,Experiment_2
2025-10-23T03:01:13.134Z,55,809,1270,272,901,1409,4321,3747,11949,3172,3150,10036,Day_1,Dark,Slow,5mm,Experiment_2
2025-10-23T03:01:13.174Z,60,810,1255,277,902,1399,4328,3755,11959,3175,3155,10053,Day_1,Dark,Slow,5mm,Experiment_2
2025-10-23T03:01:13.214Z,59,807,1247,279,898,1393,4333,3749,11956,3172,3155,10061,Day_1,Dark,Slow,5mm,Experiment_2
2025-10-23T03:01:13.254Z,56,803,1245,279,892,1393,4336,3738,11955,3171,3153,10063,Day_1,Dark,Slow,5mm,Experiment_2
2025-10-23T03:01:13.294Z,48,805,1247,277,890,1396,4332,3733,11972,3168,3152,10064,Day_1,Dark,Slow,5mm,Experiment_2
2025-10-23T03:01:13.335Z,35,811,1248,269,895,1397,4319,3726,12001,3159,3147,10058,Day_1,Dark,Slow,5mm,Experiment_2
2025-10-23T03:01:13.375Z,26,814,1248,260,900,1395,4303,3714,12009,3149,3138,10030,Day_1,Dark,Slow,5mm,Experiment_2
2025-10-23T03:01:13.415Z,23,811,1251,255,902,1394,4289,3709,11980,3138,3125,9981,Day_1,Dark,Slow,5mm,Experiment_2
2025-10-23T03:01:13.455Z,21,804,1253,255,900,1396,4276,3707,11931,3123,3109,9929,Day_1,Dark,Slow,5mm,Experiment_2
2025-10-23T03:01:13.495Z,19,794,1253,258,892,1399,4266,3702,11894,3112,3095,9907,Day_1,Dark,Slow,5mm,Experiment_2
2025-10-23T03:01:13.535Z,19,782,1255,264,880,1402,4266,3699,11886,3112,3095,9929,Day_1,Dark,Slow,5mm,Experiment_2
2025-10-23T03:01:13.575Z,23,781,1261,269,875,1404,4269,3702,11901,3119,3108,9976,Day_1,Dark,Slow,5mm,Experiment_2
2025-10-23T03:01:13.615Z,25,793,1270,268,886,1405,4270,3710,11918,3125,3125,10015,Day_1,Dark,Slow,5mm,Experiment_2
2025-10-23T03:01:13.655Z,25,808,1275,262,900,1405,4269,3727,11926,3129,3141,10033,Day_1,Dark,Slow,5mm,Experiment_2
2025-10-23T03:01:13.695Z,25,819,1273,252,909,1404,4272,3745,11933,3133,3150,10036,Day_1,Dark,Slow,5mm,Experiment_2
2025-10-23T03:01:13.735Z,23,830,1268,243,914,1402,4275,3754,11951,3138,3151,10037,Day_1,Dark,Slow,5mm,Experiment_2
2025-10-23T03:01:13.775Z,21,840,1262,239,918,1398,4271,3752,11959,3140,3144,10036,Day_1,Dark,Slow,5mm,Experiment_2
2025-10-23T03:01:13.815Z,24,843,1257,244,920,1394,4264,3749,11943,3136,3137,10028,Day_1,Dark,Slow,5mm,Experiment_2
2025-10-23T03:01:13.855Z,30,835,1258,253,917,1395,4271,3744,11926,3134,3136,10020,Day_1,Dark,Slow,5mm,Experiment_2
2025-10-23T03:01:13.895Z,31,825,1261,259,910,1398,4293,3735,11936,3141,3140,10027,Day_1,Dark,Slow,5mm,Experiment_2
2025-10-23T03:01:13.935Z,26,818,1262,258,905,1397,4311,3723,11969,3150,3147,10046,Day_1,Dark,Slow,5mm,Experiment_2
2025-10-23T03:01:13.975Z,20,816,1261,254,902,1397,4312,3719,11992,3151,3152,10062,Day_1,Dark,Slow,5mm,Experiment_2
2025-10-23T03:01:14.015Z,17,815,1259,251,902,1398,4307,3723,11993,3148,3152,10067,Day_1,Dark,Slow,5mm,Experiment_2
2025-10-23T03:01:14.055Z,16,812,1252,248,903,1397,4306,3728,11991,3147,3147,10067,Day_1,Dark,Slow,5mm,Experiment_2
2025-10-23T03:01:14.095Z,14,809,1244,240,904,1394,4311,3735,12002,3147,3143,10069,Day_1,Dark,Slow,5mm,Experiment_2
2025-10-23T03:01:14.135Z,11,807,1244,232,905,1394,4321,3736,12014,3151,3141,10068,Day_1,Dark,Slow,5mm,Experiment_2
2025-10-23T03:01:14.175Z,13,811,1252,231,905,1398,4332,3721,12005,3156,3133,10053,Day_1,Dark,Slow,5mm,Experiment_2
2025-10-23T03:01:14.215Z,19,819,1257,238,907,1401,4332,3702,11968,3154,3121,10011,Day_1,Dark,Slow,5mm,Experiment_2
2025-10-23T03:01:14.255Z,25,825,1253,246,908,1398,4322,3691,11915,3141,3105,9952,Day_1,Dark,Slow,5mm,Experiment_2
2025-10-23T03:01:14.295Z,30,823,1250,253,906,1396,4310,3681,11872,3126,3088,9901,Day_1,Dark,Slow,5mm,Experiment_2
2025-10-23T03:01:14.335Z,36,814,1249,260,898,1397,4291,3682,11862,3116,3085,9889,Day_1,Dark,Slow,5mm,Experiment_2
2025-10-23T03:01:14.375Z,39,806,1245,265,890,1395,4265,3704,11884,3115,3102,9923,Day_1,Dark,Slow,5mm,Experiment_2
2025-10-23T03:01:14.415Z,35,801,1240,264,888,1390,4244,3730,11919,3118,3127,9971,Day_1,Dark,Slow,5mm,Experiment_2
2025-10-23T03:01:14.455Z,28,801,1240,260,891,1384,4238,3737,11948,3121,3141,10007,Day_1,Dark,Slow,5mm,Experiment_2
2025-10-23T03:01:14.495Z,23,801,1242,256,894,1380,4245,3735,11959,3123,3144,10024,Day_1,Dark,Slow,5mm,Experiment_2
2025-10-23T03:01:14.535Z,22,804,1246,256,899,1382,4261,3735,11955,3126,3143,10027,Day_1,Dark,Slow,5mm,Experiment_2
2025-10-23T03:01:14.575Z,23,810,1252,259,908,1387,4278,3729,11952,3132,3141,10024,Day_1,Dark,Slow,5mm,Experiment_2
2025-10-23T03:01:14.615Z,27,818,1253,262,916,1391,4287,3719,11953,3136,3138,10019,Day_1,Dark,Slow,5mm,Experiment_2
2025-10-23T03:01:14.655Z,32,822,1247,262,918,1389,4283,3716,11949,3135,3135,10013,Day_1,Dark,Slow,5mm,Experiment_2
2025-10-23T03:01:14.695Z,35,821,1244,260,913,1387,4273,3714,11946,3130,3133,10015,Day_1,Dark,Slow,5mm,Experiment_2
2025-10-23T03:01:14.735Z,42,815,1246,262,905,1389,4273,3713,11967,3128,3132,10035,Day_1,Dark,Slow,5mm,Experiment_2
2025-10-23T03:01:14.775Z,50,812,1252,267,901,1394,4290,3721,12008,3136,3139,10068,Day_1,Dark,Slow,5mm,Experiment_2
2025-10-23T03:01:14.815Z,48,810,1255,266,901,1397,4310,3745,12036,3149,3153,10092,Day_1,Dark,Slow,5mm,Experiment_2
2025-10-23T03:01:14.855Z,36,812,1252,256,900,1396,4319,3779,12036,3157,3166,10096,Day_1,Dark,Slow,5mm,Experiment_2
2025-10-23T03:01:14.895Z,23,816,1246,246,904,1393,4320,3801,12023,3159,3173,10089,Day_1,Dark,Slow,5mm,Experiment_2
2025-10-23T03:01:14.935Z,16,823,1241,242,910,1390,4319,3803,12009,3161,3174,10082,Day_1,Dark,Slow,5mm,Experiment_2
2025-10-23T03:01:14.975Z,15,826,1240,243,913,1386,4313,3791,11994,3158,3169,10074,Day_1,Dark,Slow,5mm,Experiment_2
2025-10-23T03:01:15.015Z,17,822,1243,241,908,1388,4298,3768,11971,3146,3156,10055,Day_1,Dark,Slow,5mm,Experiment_2
2025-10-23T03:01:15.055Z,18,814,1251,239,902,1395,4281,3736,11937,3128,3134,10017,Day_1,Dark,Slow,5mm,Experiment_2
2025-10-23T03:01:15.095Z,20,807,1256,240,899,1399,4284,3703,11891,3117,3107,9958,Day_1,Dark,Slow,5mm,Experiment_2
2025-10-23T03:01:15.135Z,23,801,1253,243,897,1396,4308,3681,11854,3118,3082,9901,Day_1,Dark,Slow,5mm,Experiment_2
2025-10-23T03:01:15.175Z,27,797,1250,247,894,1393,4332,3673,11854,3126,3072,9886,Day_1,Dark,Slow,5mm,Experiment_2
2025-10-23T03:01:15.215Z,31,792,1252,251,887,1397,4340,3674,11896,3135,3082,9920,Day_1,Dark,Slow,5mm,Experiment_2
2025-10-23T03:01:15.255Z,36,787,1256,256,881,1402,4334,3672,11949,3141,3098,9973,Day_1,Dark,Slow,5mm,Experiment_2
2025-10-23T03:01:15.295Z,37,788,1256,259,881,1401,4335,3668,11985,3146,3110,10015,Day_1,Dark,Slow,5mm,Experiment_2
2025-10-23T03:01:15.335Z,32,799,1257,259,888,1400,4349,3675,11995,3155,3119,10038,Day_1,Dark,Slow,5mm,Experiment_2
2025-10-23T03:01:15.375Z,26,812,1260,255,898,1401,4361,3695,11993,3165,3128,10045,Day_1,Dark,Slow,5mm,Experiment_2
2025-10-23T03:01:15.415Z,19,819,1260,251,905,1399,4363,3716,11984,3170,3135,10039,Day_1,Dark,Slow,5mm,Experiment_2
2025-10-23T03:01:15.455Z,15,819,1257,247,909,1397,4347,3730,11959,3165,3137,10027,Day_1,Dark,Slow,5mm,Experiment_2
2025-10-23T03:01:15.495Z,17,814,1259,246,912,1397,4316,3738,11932,3153,3140,10018,Day_1,Dark,Slow,5mm,Experiment_2
2025-10-23T03:01:15.535Z,21,804,1264,249,907,1397,4297,3745,11927,3149,3152,10029,Day_1,Dark,Slow,5mm,Experiment_2
2025-10-23T03:01:15.575Z,23,791,1265,252,895,1395,4300,3753,11948,3157,3167,10053,Day_1,Dark,Slow,5mm,Experiment_2
2025-10-23T03:01:15.615Z,22,782,1263,250,885,1396,4305,3753,11970,3164,3171,10066,Day_1,Dark,Slow,5mm,Experiment_2
2025-10-23T03:01:15.655Z,24,781,1263,250,880,1403,4302,3747,11976,3161,3168,10058,Day_1,Dark,Slow,5mm,Experiment_2
2025-10-23T03:01:15.695Z,26,782,1267,252,883,1411,4297,3750,11975,3153,3169,10043,Day_1,Dark,Slow,5mm,Experiment_2
2025-10-23T03:01:15.735Z,22,784,1270,249,886,1417,4299,3770,11983,3151,3179,10038,Day_1,Dark,Slow,5mm,Experiment_2
2025-10-23T03:01:15.775Z,14,788,1268,242,888,1416,4305,3786,11999,3155,3186,10045,Day_1,Dark,Slow,5mm,Experiment_2
2025-10-23T03:01:15.815Z,14,793,1261,239,888,1409,4305,3781,12008,3155,3181,10052,Day_1,Dark,Slow,5mm,Experiment_2
2025-10-23T03:01:15.856Z,23,795,1254,243,891,1399,4297,3760,12000,3146,3166,10045,Day_1,Dark,Slow,5mm,Experiment_2
2025-10-23T03:01:15.896Z,33,791,1251,250,896,1393,4285,3743,11971,3132,3146,10013,Day_1,Dark,Slow,5mm,Experiment_2
2025-10-23T03:01:15.936Z,36,784,1253,251,898,1396,4274,3738,11930,3114,3124,9962,Day_1,Dark,Slow,5mm,Experiment_2
2025-10-23T03:01:15.976Z,33,778,1254,250,900,1399,4262,3742,11903,3099,3104,9919,Day_1,Dark,Slow,5mm,Experiment_2
2025-10-23T03:01:16.016Z,30,780,1250,254,901,1399,4255,3742,11907,3096,3095,9918,Day_1,Dark,Slow,5mm,Experiment_2
2025-10-23T03:01:16.056Z,31,792,1249,260,900,1400,4254,3740,11932,3107,3101,9953,Day_1,Dark,Slow,5mm,Experiment_2
2025-10-23T03:01:16.096Z,37,803,1254,267,899,1405,4251,3744,11958,3119,3117,9994,Day_1,Dark,Slow,5mm,Experiment_2
2025-10-23T03:01:16.136Z,50,807,1260,275,898,1411,4246,3749,11978,3126,3135,10021,Day_1,Dark,Slow,5mm,Experiment_2
2025-10-23T03:01:16.176Z,58,809,1263,279,898,1413,4252,3748,11992,3130,3148,10035,Day_1,Dark,Slow,5mm,Experiment_2
2025-10-23T03:01:16.216Z,51,810,1263,273,899,1410,4273,3742,11985,3138,3152,10037,Day_1,Dark,Slow,5mm,Experiment_2
2025-10-23T03:01:16.256Z,37,811,1259,265,900,1405,4288,3730,11954,3144,3146,10028,Day_1,Dark,Slow,5mm,Experiment_2
2025-10-23T03:01:16.296Z,29,813,1254,262,902,1402,4290,3712,11921,3141,3133,10011,Day_1,Dark,Slow,5mm,Experiment_2
2025-10-23T03:01:16.336Z,29,817,1249,262,903,1401,4290,3704,11909,3139,3128,10001,Day_1,Dark,Slow,5mm,Experiment_2
2025-10-23T03:01:16.376Z,30,818,1245,259,905,1398,4305,3710,11917,3149,3136,10007,Day_1,Dark,Slow,5mm,Experiment_2
2025-10-23T03:01:16.416Z,26,818,1245,250,909,1393,4332,3714,11939,3165,3144,10030,Day_1,Dark,Slow,5mm,Experiment_2
2025-10-23T03:01:16.456Z,23,817,1246,242,911,1390,4348,3711,11969,3169,3143,10052,Day_1,Dark,Slow,5mm,Experiment_2
2025-10-23T03:01:16.496Z,24,816,1245,242,912,1385,4336,3715,11998,3158,3140,10062,Day_1,Dark,Slow,5mm,Experiment_2
2025-10-23T03:01:16.536Z,31,818,1240,248,914,1381,4315,3727,12009,3147,3143,10063,Day_1,Dark,Slow,5mm,Experiment_2
2025-10-23T03:01:16.576Z,39,821,1239,257,916,1382,4299,3736,11997,3145,3152,10061,Day_1,Dark,Slow,5mm,Experiment_2
2025-10-23T03:01:16.616Z,40,823,1246,260,915,1388,4289,3738,11977,3147,3157,10056,Day_1,Dark,Slow,5mm,Experiment_2
2025-10-23T03:01:16.656Z,33,825,1253,255,913,1393,4286,3740,11972,3148,3156,10045,Day_1,Dark,Slow,5mm,Experiment_2
2025-10-23T03:01:16.696Z,25,827,1254,252,911,1392,4292,3739,11971,3145,3151,10020,Day_1,Dark,Slow,5mm,Experiment_2
2025-10-23T03:01:16.736Z,24,826,1251,255,909,1389,4292,3730,11949,3135,3138,9976,Day_1,Dark,Slow,5mm,Experiment_2
2025-10-23T03:01:16.776Z,26,821,1246,258,905,1387,4278,3719,11912,3118,3120,9930,Day_1,Dark,Slow,5mm,Experiment_2
2025-10-23T03:01:16.816Z,29,820,1241,260,904,1383,4258,3717,11891,3102,3108,9910,Day_1,Dark,Slow,5mm,Experiment_2
2025-10-23T03:01:16.856Z,34,827,1234,264,911,1380,4247,3729,11895,3094,3109,9925,Day_1,Dark,Slow,5mm,Experiment_2
2025-10-23T03:01:16.896Z,42,833,1233,272,918,1382,4250,3742,11902,3095,3120,9952,Day_1,Dark,Slow,5mm,Experiment_2
2025-10-23T03:01:16.936Z,52,826,1243,282,913,1391,4268,3747,11916,3107,3130,9977,Day_1,Dark,Slow,5mm,Experiment_2
2025-10-23T03:01:16.976Z,55,812,1257,280,901,1401,4291,3741,11950,3127,3134,10005,Day_1,Dark,Slow,5mm,Experiment_2
2025-10-23T03:01:17.016Z,48,802,1263,271,890,1404,4309,3725,11987,3148,3131,10030,Day_1,Dark,Slow,5mm,Experiment_2
2025-10-23T03:01:17.056Z,39,802,1264,265,889,1402,4314,3709,11996,3162,3128,10040,Day_1,Dark,Slow,5mm,Experiment_2
2025-10-23T03:01:17.096Z,34,815,1264,262,897,1397,4305,3704,11983,3163,3130,10035,Day_1,Dark,Slow,5mm,Experiment_2
2025-10-23T03:01:17.136Z,31,830,1261,258,908,1392,4286,3711,11970,3151,3133,10023,Day_1,Dark,Slow,5mm,Experiment_2
2025-10-23T03:01:17.176Z,32,834,1254,256,913,1390,4271,3731,11959,3137,3137,10015,Day_1,Dark,Slow,5mm,Experiment_2
2025-10-23T03:01:17.216Z,37,828,1249,260,912,1394,4271,3760,11947,3134,3145,10016,Day_1,Dark,Slow,5mm,Experiment_2
2025-10-23T03:01:17.256Z,44,820,1251,267,909,1399,4285,3776,11935,3141,3154,10024,Day_1,Dark,Slow,5mm,Experiment_2
2025-10-23T03:01:17.296Z,45,812,1257,270,902,1402,4302,3767,11932,3146,3158,10033,Day_1,Dark,Slow,5mm,Experiment_2
2025-10-23T03:01:17.336Z,37,809,1261,266,895,1402,4311,3748,11945,3146,3158,10042,Day_1,Dark,Slow,5mm,Experiment_2
2025-10-23T03:01:17.376Z,30,809,1265,263,891,1403,4305,3740,11970,3143,3159,10054,Day_1,Dark,Slow,5mm,Experiment_2
2025-10-23T03:01:17.416Z,31,808,1267,263,891,1403,4286,3747,11993,3140,3164,10067,Day_1,Dark,Slow,5mm,Experiment_2
2025-10-23T03:01:17.456Z,35,801,1263,264,890,1401,4269,3762,12007,3135,3168,10072,Day_1,Dark,Slow,5mm,Experiment_2
2025-10-23T03:01:17.496Z,35,794,1254,263,888,1398,4266,3765,12012,3129,3161,10062,Day_1,Dark,Slow,5mm,Experiment_2
2025-10-23T03:01:17.536Z,33,795,1251,265,889,1397,4271,3748,12001,3119,3139,10027,Day_1,Dark,Slow,5mm,Experiment_2
2025-10-23T03:01:17.576Z,32,808,1254,271,896,1400,4265,3724,11966,3105,3110,9971,Day_1,Dark,Slow,5mm,Experiment_2
2025-10-23T03:01:17.616Z,35,825,1261,275,908,1405,4239,3707,11920,3086,3089,9918,Day_1,Dark,Slow,5mm,Experiment_2
2025-10-23T03:01:17.656Z,41,835,1267,277,916,1411,4213,3703,11890,3072,3087,9897,Day_1,Dark,Slow,5mm,Experiment_2
2025-10-23T03:01:17.696Z,48,833,1262,278,914,1412,4211,3704,11886,3075,3098,9915,Day_1,Dark,Slow,5mm,Experiment_2
2025-10-23T03:01:17.736Z,52,823,1251,278,907,1408,4236,3709,11902,3094,3111,9952,Day_1,Dark,Slow,5mm,Experiment_2
2025-10-23T03:01:17.776Z,50,811,1249,276,902,1408,4277,3718,11918,3118,3120,9981,Day_1,Dark,Slow,5mm,Experiment_2
2025-10-23T03:01:17.816Z,48,800,1259,274,896,1413,4310,3723,11922,3137,3129,9992,Day_1,Dark,Slow,5mm,Experiment_2
2025-10-23T03:01:17.856Z,46,789,1271,272,888,1418,4318,3718,11930,3143,3135,9994,Day_1,Dark,Slow,5mm,Experiment_2
2025-10-23T03:01:17.896Z,44,784,1275,270,881,1414,4316,3714,11948,3143,3137,9995,Day_1,Dark,Slow,5mm,Experiment_2
2025-10-23T03:01:17.936Z,43,786,1269,267,880,1404,4321,3719,11960,3143,3136,9995,Day_1,Dark,Slow,5mm,Experiment_2
2025-10-23T03:01:17.976Z,41,791,1261,261,883,1397,4324,3727,11956,3143,3135,9994,Day_1,Dark,Slow,5mm,Experiment_2
2025-10-23T03:01:18.016Z,34,793,1257,249,888,1399,4314,3740,11950,3140,3140,10002,Day_1,Dark,Slow,5mm,Experiment_2
2025-10-23T03:01:18.056Z,30,793,1257,244,893,1402,4307,3761,11965,3143,3151,10025,Day_1,Dark,Slow,5mm,Experiment_2
2025-10-23T03:01:18.096Z,34,795,1260,251,896,1403,4318,3773,12001,3157,3161,10051,Day_1,Dark,Slow,5mm,Experiment_2
2025-10-23T03:01:18.136Z,44,797,1264,261,897,1404,4329,3778,12034,3169,3168,10066,Day_1,Dark,Slow,5mm,Experiment_2
2025-10-23T03:01:18.176Z,50,799,1269,266,896,1407,4318,3789,12046,3170,3174,10070,Day_1,Dark,Slow,5mm,Experiment_2
2025-10-23T03:01:18.216Z,46,797,1271,265,892,1407,4297,3793,12036,3161,3175,10066,Day_1,Dark,Slow,5mm,Experiment_2
2025-10-23T03:01:18.256Z,33,794,1269,257,886,1405,4286,3775,12016,3155,3167,10059,Day_1,Dark,Slow,5mm,Experiment_2
2025-10-23T03:01:18.296Z,20,794,1262,248,884,1400,4292,3762,11996,3155,3158,10049,Day_1,Dark,Slow,5mm,Experiment_2
2025-10-23T03:01:18.336Z,15,795,1260,245,884,1398,4305,3772,11972,3157,3151,10028,Day_1,Dark,Slow,5mm,Experiment_2
2025-10-23T03:01:18.376Z,17,793,1267,254,885,1403,4314,3781,11939,3149,3139,9985,Day_1,Dark,Slow,5mm,Experiment_2
2025-10-23T03:01:18.416Z,21,789,1275,264,885,1412,4308,3767,11897,3127,3119,9927,Day_1,Dark,Slow,5mm,Experiment_2
2025-10-23T03:01:18.456Z,19,794,1275,263,889,1416,4288,3733,11857,3104,3094,9880,Day_1,Dark,Slow,5mm,Experiment_2
2025-10-23T03:01:18.496Z,14,806,1269,254,893,1413,4270,3702,11841,3097,3076,9871,Day_1,Dark,Slow,5mm,Experiment_2
2025-10-23T03:01:18.536Z,12,816,1261,246,897,1404,4269,3685,11858,3108,3078,9905,Day_1,Dark,Slow,5mm,Experiment_2
2025-10-23T03:01:18.576Z,18,821,1251,244,901,1394,4286,3683,11896,3126,3095,9957,Day_1,Dark,Slow,5mm,Experiment_2
2025-10-23T03:01:18.616Z,26,820,1242,246,902,1387,4302,3688,11929,3136,3114,10000,Day_1,Dark,Slow,5mm,Experiment_2
2025-10-23T03:01:18.656Z,33,813,1241,249,900,1387,4307,3698,11949,3137,3126,10026,Day_1,Dark,Slow,5mm,Experiment_2
2025-10-23T03:01:18.696Z,43,806,1247,257,898,1395,4304,3713,11963,3135,3131,10039,Day_1,Dark,Slow,5mm,Experiment_2
2025-10-23T03:01:18.736Z,51,808,1255,264,901,1404,4299,3726,11975,3136,3131,10036,Day_1,Dark,Slow,5mm,Experiment_2
2025-10-23T03:01:18.776Z,48,814,1256,262,904,1407,4299,3724,11988,3135,3126,10024,Day_1,Dark,Slow,5mm,Experiment_2
2025-10-23T03:01:18.816Z,37,815,1254,255,905,1405,4312,3699,12004,3136,3116,10016,Day_1,Dark,Slow,5mm,Experiment_2
2025-10-23T03:01:18.856Z,23,812,1250,251,903,1400,4329,3659,12015,3142,3109,10024,Day_1,Dark,Slow,5mm,Experiment_2
2025-10-23T03:01:18.896Z,14,810,1244,249,904,1391,4339,3628,12015,3154,3117,10046,Day_1,Dark,Slow,5mm,Experiment_2
2025-10-23T03:01:18.936Z,12,811,1238,248,905,1383,4337,3632,12008,3165,3136,10064,Day_1,Dark,Slow,5mm,Experiment_2
2025-10-23T03:01:18.976Z,16,814,1238,247,908,1381,4329,3662,12007,3169,3149,10070,Day_1,Dark,Slow,5mm,Experiment_2
2025-10-23T03:01:19.016Z,21,820,1245,246,913,1385,4323,3693,12007,3166,3151,10068,Day_1,Dark,Slow,5mm,Experiment_2
2025-10-23T03:01:19.056Z,20,826,1253,242,919,1393,4320,3712,12001,3160,3149,10063,Day_1,Dark,Slow,5mm,Experiment_2
2025-10-23T03:01:19.096Z,15,828,1256,237,921,1398,4310,3724,11995,3152,3148,10061,Day_1,Dark,Slow,5mm,Experiment_2
2025-10-23T03:01:19.136Z,11,824,1255,234,919,1398,4295,3735,11994,3143,3145,10061,Day_1,Dark,Slow,5mm,Experiment_2
2025-10-23T03:01:19.176Z,9,814,1256,234,913,1400,4282,3742,11987,3133,3139,10054,Day_1,Dark,Slow,5mm,Experiment_2
2025-10-23T03:01:19.216Z,8,810,1260,237,908,1406,4271,3734,11972,3120,3126,10026,Day_1,Dark,Slow,5mm,Experiment_2
2025-10-23T03:01:19.256Z,9,817,1262,243,908,1411,4251,3714,11943,3104,3107,9974,Day_1,Dark,Slow,5mm,Experiment_2
2025-10-23T03:01:19.296Z,10,831,1261,245,913,1410,4228,3699,11901,3089,3090,9919,Day_1,Dark,Slow,5mm,Experiment_2
2025-10-23T03:01:19.336Z,12,842,1262,244,919,1407,4217,3699,11875,3084,3087,9896,Day_1,Dark,Slow,5mm,Experiment_2
2025-10-23T03:01:19.376Z,17,842,1262,243,921,1405,4225,3708,11877,3092,3097,9916,Day_1,Dark,Slow,5mm,Experiment_2
2025-10-23T03:01:19.416Z,21,828,1260,243,913,1405,4248,3716,11893,3107,3110,9952,Day_1,Dark,Slow,5mm,Experiment_2
2025-10-23T03:01:19.457Z,24,808,1258,245,898,1409,4281,3724,11908,3126,3124,9980,Day_1,Dark,Slow,5mm,Experiment_2
2025-10-23T03:01:19.497Z,27,797,1259,248,887,1414,4312,3737,11922,3146,3138,10000,Day_1,Dark,Slow,5mm,Experiment_2
2025-10-23T03:01:19.537Z,34,800,1257,256,888,1411,4325,3748,11937,3158,3146,10016,Day_1,Dark,Slow,5mm,Experiment_2
2025-10-23T03:01:19.577Z,38,810,1250,263,895,1403,4320,3750,11949,3155,3139,10020,Day_1,Dark,Slow,5mm,Experiment_2
2025-10-23T03:01:19.617Z,37,817,1245,263,899,1397,4318,3748,11961,3148,3127,10012,Day_1,Dark,Slow,5mm,Experiment_2
2025-10-23T03:01:19.657Z,36,821,1246,260,901,1395,4320,3744,11972,3143,3123,10005,Day_1,Dark,Slow,5mm,Experiment_2
2025-10-23T03:01:19.697Z,39,823,1253,258,903,1397,4308,3746,11967,3139,3134,10015,Day_1,Dark,Slow,5mm,Experiment_2
2025-10-23T03:01:19.737Z,39,816,1263,256,901,1401,4297,3749,11957,3138,3150,10040,Day_1,Dark,Slow,5mm,Experiment_2
2025-10-23T03:01:19.777Z,35,800,1270,255,892,1405,4304,3744,11968,3145,3157,10063,Day_1,Dark,Slow,5mm,Experiment_2
2025-10-23T03:01:19.816Z,33,786,1270,255,885,1404,4318,3737,11995,3156,3154,10075,Day_1,Dark,Slow,5mm,Experiment_2
2025-10-23T03:01:19.856Z,31,783,1261,257,887,1396,4327,3733,12009,3164,3150,10076,Day_1,Dark,Slow,5mm,Experiment_2
2025-10-23T03:01:19.896Z,33,790,1253,261,891,1390,4336,3728,11999,3169,3148,10065,Day_1,Dark,Slow,5mm,Experiment_2
2025-10-23T03:01:19.936Z,37,801,1250,268,893,1390,4349,3722,11981,3173,3146,10049,Day_1,Dark,Slow,5mm,Experiment_2
2025-10-23T03:01:19.976Z,37,809,1251,271,896,1394,4346,3724,11968,3170,3146,10035,Day_1,Dark,Slow,5mm,Experiment_2
2025-10-23T03:01:20.016Z,32,812,1257,266,897,1400,4318,3737,11952,3160,3147,10019,Day_1,Dark,Slow,5mm,Experiment_2
2025-10-23T03:01:20.056Z,27,807,1261,260,896,1405,4286,3749,11924,3147,3142,9990,Day_1,Dark,Slow,5mm,Experiment_2
2025-10-23T03:01:20.096Z,24,796,1259,256,892,1403,4274,3744,11885,3132,3125,9948,Day_1,Dark,Slow,5mm,Experiment_2
2025-10-23T03:01:20.136Z,23,785,1252,254,885,1396,4285,3726,11856,3122,3104,9915,Day_1,Dark,Slow,5mm,Experiment_2
2025-10-23T03:01:20.176Z,26,777,1251,256,876,1393,4310,3709,11868,3128,3093,9916,Day_1,Dark,Slow,5mm,Experiment_2
2025-10-23T03:01:20.216Z,30,774,1256,263,870,1396,4327,3706,11918,3140,3101,9951,Day_1,Dark,Slow,5mm,Experiment_2
2025-10-23T03:01:20.256Z,29,782,1258,267,870,1399,4319,3717,11972,3141,3118,9994,Day_1,Dark,Slow,5mm,Experiment_2
2025-10-23T03:01:20.296Z,26,798,1255,265,879,1399,4293,3724,12005,3128,3133,10026,Day_1,Dark,Slow,5mm,Experiment_2
2025-10-23T03:01:20.336Z,26,809,1259,263,888,1403,4268,3723,12012,3116,3138,10044,Day_1,Dark,Slow,5mm,Experiment_2
2025-10-23T03:01:20.376Z,31,808,1269,261,893,1412,4260,3722,12004,3116,3133,10049,Day_1,Dark,Slow,5mm,Experiment_2
2025-10-23T03:01:20.416Z,33,802,1274,260,893,1416,4265,3724,11987,3122,3128,10040,Day_1,Dark,Slow,5mm,Experiment_2
2025-10-23T03:01:20.456Z,30,795,1269,261,891,1412,4279,3721,11967,3123,3128,10024,Day_1,Dark,Slow,5mm,Experiment_2
2025-10-23T03:01:20.496Z,30,794,1259,266,889,1405,4306,3720,11952,3127,3132,10016,Day_1,Dark,Slow,5mm,Experiment_2
2025-10-23T03:01:20.537Z,36,797,1250,272,889,1399,4336,3726,11944,3141,3139,10020,Day_1,Dark,Slow,5mm,Experiment_2
2025-10-23T03:01:20.577Z,41,804,1248,274,892,1399,4342,3736,11944,3155,3150,10031,Day_1,Dark,Slow,5mm,Experiment_2
2025-10-23T03:01:20.617Z,41,812,1253,271,899,1403,4325,3747,11955,3159,3160,10045,Day_1,Dark,Slow,5mm,Experiment_2
2025-10-23T03:01:20.657Z,36,821,1256,267,909,1403,4311,3749,11971,3157,3161,10061,Day_1,Dark,Slow,5mm,Experiment_2
2025-10-23T03:01:20.697Z,35,831,1254,265,919,1397,4306,3738,11981,3152,3153,10072,Day_1,Dark,Slow,5mm,Experiment_2
2025-10-23T03:01:20.737Z,39,841,1251,267,926,1393,4311,3733,11989,3151,3147,10076,Day_1,Dark,Slow,5mm,Experiment_2
2025-10-23T03:01:20.777Z,44,843,1252,268,925,1395,4331,3736,11997,3157,3146,10072,Day_1,Dark,Slow,5mm,Experiment_2
2025-10-23T03:01:20.817Z,43,833,1254,266,917,1399,4349,3738,12000,3166,3144,10056,Day_1,Dark,Slow,5mm,Experiment_2
2025-10-23T03:01:20.857Z,38,816,1253,260,905,1400,4346,3735,11988,3165,3139,10022,Day_1,Dark,Slow,5mm,Experiment_2
2025-10-23T03:01:20.897Z,33,807,1254,255,898,1401,4340,3736,11958,3157,3135,9977,Day_1,Dark,Slow,5mm,Experiment_2
2025-10-23T03:01:20.937Z,30,809,1258,255,900,1407,4342,3744,11915,3146,3133,9933,Day_1,Dark,Slow,5mm,Experiment_2
2025-10-23T03:01:20.977Z,29,809,1261,256,903,1409,4340,3749,11879,3137,3130,9911,Day_1,Dark,Slow,5mm,Experiment_2
2025-10-23T03:01:21.017Z,26,799,1255,254,900,1402,4334,3743,11872,3133,3126,9924,Day_1,Dark,Slow,5mm,Experiment_2
2025-10-23T03:01:21.057Z,21,784,1244,250,895,1391,4323,3737,11892,3133,3128,9959,Day_1,Dark,Slow,5mm,Experiment_2
2025-10-23T03:01:21.097Z,19,776,1240,248,896,1388,4308,3740,11920,3131,3133,9993,Day_1,Dark,Slow,5mm,Experiment_2
2025-10-23T03:01:21.137Z,17,783,1245,245,904,1393,4300,3744,11949,3131,3138,10015,Day_1,Dark,Slow,5mm,Experiment_2
2025-10-23T03:01:21.177Z,14,804,1250,239,915,1399,4304,3746,11980,3137,3141,10029,Day_1,Dark,Slow,5mm,Experiment_2
2025-10-23T03:01:21.217Z,17,824,1250,240,921,1401,4305,3752,12006,3141,3142,10036,Day_1,Dark,Slow,5mm,Experiment_2
2025-10-23T03:01:21.256Z,28,831,1252,252,920,1402,4285,3757,12009,3136,3140,10031,Day_1,Dark,Slow,5mm,Experiment_2
2025-10-23T03:01:21.296Z,37,831,1261,263,918,1407,4256,3755,11990,3124,3134,10016,Day_1,Dark,Slow,5mm,Experiment_2
2025-10-23T03:01:21.336Z,33,833,1269,259,922,1411,4245,3749,11967,3116,3129,10008,Day_1,Dark,Slow,5mm,Experiment_2
2025-10-23T03:01:21.376Z,19,838,1268,246,930,1411,4254,3746,11960,3116,3129,10018,Day_1,Dark,Slow,5mm,Experiment_2
2025-10-23T03:01:21.416Z,10,840,1260,237,932,1406,4266,3745,11964,3117,3134,10037,Day_1,Dark,Slow,5mm,Experiment_2
2025-10-23T03:01:21.456Z,12,835,1251,238,924,1397,4269,3742,11965,3118,3144,10048,Day_1,Dark,Slow,5mm,Experiment_2
2025-10-23T03:01:21.496Z,19,825,1245,248,914,1389,4278,3739,11961,3123,3153,10048,Day_1,Dark,Slow,5mm,Experiment_2
2025-10-23T03:01:21.536Z,26,816,1244,259,906,1388,4299,3740,11960,3130,3155,10042,Day_1,Dark,Slow,5mm,Experiment_2
2025-10-23T03:01:21.576Z,29,811,1249,265,902,1393,4314,3742,11958,3135,3154,10036,Day_1,Dark,Slow,5mm,Experiment_2
2025-10-23T03:01:21.617Z,30,807,1257,264,897,1401,4311,3737,11950,3135,3149,10031,Day_1,Dark,Slow,5mm,Experiment_2
2025-10-23T03:01:21.657Z,27,799,1266,258,888,1407,4295,3728,11939,3130,3139,10018,Day_1,Dark,Slow,5mm,Experiment_2
2025-10-23T03:01:21.697Z,20,794,1272,251,881,1408,4280,3720,11935,3122,3123,9990,Day_1,Dark,Slow,5mm,Experiment_2
2025-10-23T03:01:21.737Z,15,797,1270,249,882,1404,4266,3712,11927,3108,3102,9946,Day_1,Dark,Slow,5mm,Experiment_2
2025-10-23T03:01:21.777Z,14,802,1266,250,887,1400,4245,3701,11907,3092,3083,9901,Day_1,Dark,Slow,5mm,Experiment_2
2025-10-23T03:01:21.817Z,14,803,1263,251,888,1399,4225,3699,11886,3085,3079,9882,Day_1,Dark,Slow,5mm,Experiment_2
2025-10-23T03:01:21.857Z,13,801,1263,252,888,1401,4225,3709,11879,3095,3092,9902,Day_1,Dark,Slow,5mm,Experiment_2
2025-10-23T03:01:21.897Z,12,802,1265,251,890,1405,4247,3719,11892,3113,3110,9945,Day_1,Dark,Slow,5mm,Experiment_2
2025-10-23T03:01:21.937Z,14,808,1267,249,896,1406,4273,3726,11913,3127,3123,9987,Day_1,Dark,Slow,5mm,Experiment_2
2025-10-23T03:01:21.977Z,20,816,1270,251,902,1407,4287,3731,11934,3133,3133,10014,Day_1,Dark,Slow,5mm,Experiment_2
2025-10-23T03:01:22.017Z,28,817,1272,258,902,1406,4293,3734,11954,3139,3139,10028,Day_1,Dark,Slow,5mm,Experiment_2
2025-10-23T03:01:22.057Z,30,813,1270,264,897,1403,4300,3732,11970,3145,3139,10030,Day_1,Dark,Slow,5mm,Experiment_2
2025-10-23T03:01:22.097Z,30,814,1266,266,895,1402,4300,3722,11967,3146,3133,10020,Day_1,Dark,Slow,5mm,Experiment_2
2025-10-23T03:01:22.137Z,30,816,1261,266,896,1402,4291,3707,11945,3139,3125,10005,Day_1,Dark,Slow,5mm,Experiment_2
2025-10-23T03:01:22.177Z,32,814,1257,267,894,1401,4280,3698,11930,3135,3124,9999,Day_1,Dark,Slow,5mm,Experiment_2
2025-10-23T03:01:22.217Z,32,811,1254,266,894,1399,4281,3700,11945,3141,3130,10013,Day_1,Dark,Slow,5mm,Experiment_2
2025-10-23T03:01:22.257Z,31,811,1251,261,898,1396,4299,3704,11982,3154,3140,10038,Day_1,Dark,Slow,5mm,Experiment_2
2025-10-23T03:01:22.297Z,31,809,1247,256,901,1394,4315,3707,12006,3159,3147,10057,Day_1,Dark,Slow,5mm,Experiment_2
2025-10-23T03:01:22.336Z,31,806,1244,254,899,1394,4309,3716,12007,3149,3150,10065,Day_1,Dark,Slow,5mm,Experiment_2
2025-10-23T03:01:22.376Z,27,806,1244,251,896,1394,4287,3738,12013,3134,3151,10073,Day_1,Dark,Slow,5mm,Experiment_2
2025-10-23T03:01:22.416Z,20,806,1245,248,894,1394,4268,3767,12027,3126,3155,10077,Day_1,Dark,Slow,5mm,Experiment_2
2025-10-23T03:01:22.456Z,15,805,1248,247,891,1392,4271,3788,12040,3129,3156,10069,Day_1,Dark,Slow,5mm,Experiment_2
2025-10-23T03:01:22.496Z,18,801,1253,251,885,1390,4289,3781,12042,3135,3146,10047,Day_1,Dark,Slow,5mm,Experiment_2
2025-10-23T03:01:22.536Z,28,799,1259,258,880,1390,4300,3744,12015,3132,3125,10007,Day_1,Dark,Slow,5mm,Experiment_2
2025-10-23T03:01:22.576Z,41,802,1263,264,883,1392,4295,3705,11956,3118,3103,9951,Day_1,Dark,Slow,5mm,Experiment_2
2025-10-23T03:01:22.616Z,44,808,1261,261,891,1393,4288,3692,11889,3104,3093,9897,Day_1,Dark,Slow,5mm,Experiment_2
2025-10-23T03:01:22.656Z,33,813,1258,249,899,1395,4287,3703,11850,3097,3094,9878,Day_1,Dark,Slow,5mm,Experiment_2
2025-10-23T03:01:22.696Z,19,819,1260,238,904,1402,4280,3708,11864,3098,3099,9904,Day_1,Dark,Slow,5mm,Experiment_2
2025-10-23T03:01:22.736Z,12,819,1264,234,902,1407,4275,3696,11915,3106,3103,9952,Day_1,Dark,Slow,5mm,Experiment_2
2025-10-23T03:01:22.776Z,11,814,1262,232,894,1404,4289,3690,11962,3122,3113,9995,Day_1,Dark,Slow,5mm,Experiment_2
2025-10-23T03:01:22.816Z,10,809,1255,230,888,1397,4317,3703,11980,3140,3127,10023,Day_1,Dark,Slow,5mm,Experiment_2
2025-10-23T03:01:22.856Z,10,805,1248,228,888,1393,4332,3722,11975,3149,3135,10033,Day_1,Dark,Slow,5mm,Experiment_2
2025-10-23T03:01:22.896Z,14,797,1244,227,888,1393,4323,3732,11963,3146,3131,10029,Day_1,Dark,Slow,5mm,Experiment_2
2025-10-23T03:01:22.936Z,17,790,1244,227,884,1394,4318,3731,11947,3140,3120,10018,Day_1,Dark,Slow,5mm,Experiment_2
2025-10-23T03:01:22.976Z,14,786,1242,226,879,1394,4336,3732,11935,3142,3116,10012,Day_1,Dark,Slow,5mm,Experiment_2
2025-10-23T03:01:23.016Z,9,791,1240,224,882,1392,4354,3735,11938,3151,3124,10020,Day_1,Dark,Slow,5mm,Experiment_2
2025-10-23T03:01:23.056Z,9,802,1242,226,891,1392,4346,3731,11950,3156,3137,10035,Day_1,Dark,Slow,5mm,Experiment_2
2025-10-23T03:01:23.096Z,13,809,1247,233,898,1395,4324,3720,11955,3154,3146,10043,Day_1,Dark,Slow,5mm,Experiment_2
2025-10-23T03:01:23.136Z,16,809,1251,240,900,1397,4308,3711,11957,3148,3146,10040,Day_1,Dark,Slow,5mm,Experiment_2
2025-10-23T03:01:23.176Z,19,808,1255,243,901,1398,4297,3713,11972,3141,3144,10038,Day_1,Dark,Slow,5mm,Experiment_2
2025-10-23T03:01:23.216Z,25,812,1258,246,906,1404,4287,3728,11992,3141,3147,10042,Day_1,Dark,Slow,5mm,Experiment_2
2025-10-23T03:01:23.256Z,33,819,1260,249,911,1411,4282,3738,12003,3144,3151,10048,Day_1,Dark,Slow,5mm,Experiment_2
2025-10-23T03:01:23.296Z,37,827,1255,253,915,1411,4282,3738,12003,3146,3149,10050,Day_1,Dark,Slow,5mm,Experiment_2
2025-10-23T03:01:23.336Z,36,830,1249,255,914,1405,4280,3739,11991,3141,3145,10035,Day_1,Dark,Slow,5mm,Experiment_2
2025-10-23T03:01:23.376Z,30,822,1248,251,907,1400,4274,3738,11962,3129,3135,9996,Day_1,Dark,Slow,5mm,Experiment_2
2025-10-23T03:01:23.417Z,22,812,1252,245,899,1400,4271,3733,11918,3114,3116,9942,Day_1,Dark,Slow,5mm,Experiment_2
2025-10-23T03:01:23.457Z,15,807,1260,242,897,1405,4269,3725,11878,3100,3098,9897,Day_1,Dark,Slow,5mm,Experiment_2
2025-10-23T03:01:23.497Z,12,808,1267,242,901,1411,4257,3709,11859,3091,3087,9888,Day_1,Dark,Slow,5mm,Experiment_2
2025-10-23T03:01:23.537Z,11,809,1268,243,905,1411,4239,3686,11870,3087,3087,9918,Day_1,Dark,Slow,5mm,Experiment_2
2025-10-23T03:01:23.577Z,15,808,1265,245,908,1406,4236,3678,11900,3095,3096,9960,Day_1,Dark,Slow,5mm,Experiment_2
2025-10-23T03:01:23.617Z,24,810,1263,251,910,1403,4259,3691,11932,3115,3107,9993,Day_1,Dark,Slow,5mm,Experiment_2
2025-10-23T03:01:23.657Z,39,814,1260,260,911,1402,4288,3705,11959,3136,3117,10013,Day_1,Dark,Slow,5mm,Experiment_2
2025-10-23T03:01:23.697Z,51,819,1251,268,912,1397,4298,3708,11978,3144,3123,10025,Day_1,Dark,Slow,5mm,Experiment_2
2025-10-23T03:01:23.737Z,50,823,1239,266,914,1386,4290,3705,11983,3139,3127,10023,Day_1,Dark,Slow,5mm,Experiment_2
2025-10-23T03:01:23.777Z,37,825,1233,256,913,1378,4284,3705,11966,3134,3128,10011,Day_1,Dark,Slow,5mm,Experiment_2
2025-10-23T03:01:23.817Z,25,822,1234,251,909,1377,4284,3710,11948,3136,3131,10000,Day_1,Dark,Slow,5mm,Experiment_2
2025-10-23T03:01:23.857Z,24,816,1239,256,903,1382,4283,3720,11960,3141,3140,10010,Day_1,Dark,Slow,5mm,Experiment_2
2025-10-23T03:01:23.897Z,32,810,1245,264,900,1388,4285,3732,11998,3144,3150,10037,Day_1,Dark,Slow,5mm,Experiment_2
2025-10-23T03:01:23.937Z,43,803,1247,270,896,1389,4288,3740,12019,3142,3153,10055,Day_1,Dark,Slow,5mm,Experiment_2
2025-10-23T03:01:23.977Z,49,797,1245,271,891,1384,4281,3749,12007,3135,3154,10056,Day_1,Dark,Slow,5mm,Experiment_2
2025-10-23T03:01:24.017Z,42,795,1241,265,890,1380,4264,3758,11987,3127,3157,10050,Day_1,Dark,Slow,5mm,Experiment_2
2025-10-23T03:01:24.057Z,31,797,1242,257,890,1383,4260,3755,11980,3125,3158,10048,Day_1,Dark,Slow,5mm,Experiment_2
2025-10-23T03:01:24.097Z,26,797,1253,252,886,1393,4274,3740,11986,3129,3153,10051,Day_1,Dark,Slow,5mm,Experiment_2
2025-10-23T03:01:24.137Z,29,797,1264,251,883,1403,4286,3722,11986,3131,3146,10050,Day_1,Dark,Slow,5mm,Experiment_2
2025-10-23T03:01:24.177Z,33,800,1267,254,885,1405,4285,3710,11972,3127,3138,10033,Day_1,Dark,Slow,5mm,Experiment_2
2025-10-23T03:01:24.217Z,35,801,1260,256,890,1400,4270,3707,11963,3119,3128,10005,Day_1,Dark,Slow,5mm,Experiment_2
2025-10-23T03:01:24.257Z,35,801,1249,255,893,1391,4246,3708,11967,3107,3114,9972,Day_1,Dark,Slow,5mm,Experiment_2
2025-10-23T03:01:24.297Z,30,805,1239,251,897,1383,4226,3709,11965,3097,3103,9941,Day_1,Dark,Slow,5mm,Experiment_2
2025-10-23T03:01:24.337Z,24,809,1238,248,900,1382,4225,3708,11944,3099,3100,9931,Day_1,Dark,Slow,5mm,Experiment_2
2025-10-23T03:01:24.377Z,23,806,1245,251,896,1391,4241,3704,11923,3113,3105,9945,Day_1,Dark,Slow,5mm,Experiment_2
2025-10-23T03:01:24.417Z,27,799,1254,258,888,1401,4262,3707,11923,3128,3117,9968,Day_1,Dark,Slow,5mm,Experiment_2
2025-10-23T03:01:24.457Z,31,798,1262,263,886,1409,4274,3729,11949,3136,3138,9994,Day_1,Dark,Slow,5mm,Experiment_2
2025-10-23T03:01:24.497Z,38,803,1267,267,892,1413,4271,3754,11981,3134,3160,10019,Day_1,Dark,Slow,5mm,Experiment_2
2025-10-23T03:01:24.537Z,48,804,1271,275,896,1414,4259,3758,11993,3126,3167,10032,Day_1,Dark,Slow,5mm,Experiment_2
2025-10-23T03:01:24.577Z,54,801,1277,279,894,1416,4260,3741,11972,3124,3156,10022,Day_1,Dark,Slow,5mm,Experiment_2
2025-10-23T03:01:24.617Z,50,802,1279,272,893,1419,4283,3726,11935,3134,3139,9995,Day_1,Dark,Slow,5mm,Experiment_2
2025-10-23T03:01:24.657Z,36,806,1270,258,896,1415,4312,3724,11906,3148,3133,9973,Day_1,Dark,Slow,5mm,Experiment_2
2025-10-23T03:01:24.697Z,26,809,1257,249,901,1404,4325,3732,11900,3156,3138,9977,Day_1,Dark,Slow,5mm,Experiment_2
2025-10-23T03:01:24.737Z,27,809,1247,249,903,1397,4318,3741,11922,3156,3148,10004,Day_1,Dark,Slow,5mm,Experiment_2
2025-10-23T03:01:24.777Z,29,807,1244,252,902,1397,4299,3741,11955,3152,3154,10035,Day_1,Dark,Slow,5mm,Experiment_2
2025-10-23T03:01:24.817Z,27,806,1250,252,902,1402,4282,3722,11976,3149,3146,10055,Day_1,Dark,Slow,5mm,Experiment_2
2025-10-23T03:01:24.857Z,24,806,1259,250,904,1406,4272,3696,11984,3147,3127,10065,Day_1,Dark,Slow,5mm,Experiment_2
2025-10-23T03:01:24.897Z,24,805,1261,250,904,1403,4266,3697,11985,3141,3121,10061,Day_1,Dark,Slow,5mm,Experiment_2
2025-10-23T03:01:24.937Z,23,801,1255,251,898,1395,4254,3736,11973,3131,3138,10042,Day_1,Dark,Slow,5mm,Experiment_2
2025-10-23T03:01:24.977Z,20,799,1245,250,892,1387,4243,3776,11955,3122,3164,10019,Day_1,Dark,Slow,5mm,Experiment_2
2025-10-23T03:01:25.017Z,16,803,1236,245,891,1383,4245,3776,11950,3121,3178,10003,Day_1,Dark,Slow,5mm,Experiment_2
2025-10-23T03:01:25.057Z,15,809,1234,244,894,1382,4256,3750,11946,3121,3167,9981,Day_1,Dark,Slow,5mm,Experiment_2
2025-10-23T03:01:25.097Z,16,815,1237,248,898,1383,4267,3724,11913,3117,3133,9941,Day_1,Dark,Slow,5mm,Experiment_2
2025-10-23T03:01:25.137Z,18,820,1242,255,900,1387,4271,3705,11861,3110,3099,9905,Day_1,Dark,Slow,5mm,Experiment_2
2025-10-23T03:01:25.177Z,23,820,1248,260,899,1393,4267,3694,11828,3106,3087,9899,Day_1,Dark,Slow,5mm,Experiment_2
2025-10-23T03:01:25.217Z,27,816,1254,259,898,1398,4266,3699,11838,3112,3094,9928,Day_1,Dark,Slow,5mm,Experiment_2
2025-10-23T03:01:25.257Z,27,811,1257,254,899,1400,4273,3714,11891,3123,3109,9972,Day_1,Dark,Slow,5mm,Experiment_2
2025-10-23T03:01:25.297Z,25,809,1258,251,898,1399,4276,3725,11959,3130,3122,10014,Day_1,Dark,Slow,5mm,Experiment_2
2025-10-23T03:01:25.337Z,27,808,1260,251,895,1400,4274,3737,12000,3133,3133,10038,Day_1,Dark,Slow,5mm,Experiment_2
2025-10-23T03:01:25.377Z,29,803,1264,252,890,1405,4282,3755,11997,3137,3142,10038,Day_1,Dark,Slow,5mm,Experiment_2
2025-10-23T03:01:25.417Z,27,791,1266,252,885,1409,4293,3768,11969,3138,3147,10019,Day_1,Dark,Slow,5mm,Experiment_2
2025-10-23T03:01:25.457Z,24,785,1261,252,884,1406,4289,3764,11941,3135,3147,9996,Day_1,Dark,Slow,5mm,Experiment_2
2025-10-23T03:01:25.497Z,25,793,1251,253,889,1398,4267,3752,11932,3127,3146,9988,Day_1,Dark,Slow,5mm,Experiment_2
2025-10-23T03:01:25.537Z,29,801,1244,251,892,1392,4251,3742,11944,3124,3145,10001,Day_1,Dark,Slow,5mm,Experiment_2
2025-10-23T03:01:25.577Z,29,799,1246,247,888,1392,4259,3738,11966,3131,3145,10024,Day_1,Dark,Slow,5mm,Experiment_2
2025-10-23T03:01:25.617Z,27,792,1256,245,879,1397,4281,3736,11985,3141,3146,10044,Day_1,Dark,Slow,5mm,Experiment_2
2025-10-23T03:01:25.657Z,24,787,1262,247,873,1400,4294,3731,11994,3145,3145,10054,Day_1,Dark,Slow,5mm,Experiment_2
2025-10-23T03:01:25.697Z,18,789,1261,250,874,1399,4295,3722,11992,3146,3147,10052,Day_1,Dark,Slow,5mm,Experiment_2
2025-10-23T03:01:25.737Z,14,795,1259,250,880,1396,4298,3720,11984,3150,3152,10045,Day_1,Dark,Slow,5mm,Experiment_2
2025-10-23T03:01:25.777Z,13,796,1257,247,885,1392,4309,3725,11972,3155,3152,10040,Day_1,Dark,Slow,5mm,Experiment_2
2025-10-23T03:01:25.817Z,16,791,1254,243,884,1388,4317,3731,11956,3153,3144,10031,Day_1,Dark,Slow,5mm,Experiment_2
2025-10-23T03:01:25.857Z,19,785,1253,243,883,1388,4318,3740,11936,3141,3131,10002,Day_1,Dark,Slow,5mm,Experiment_2
2025-10-23T03:01:25.897Z,22,787,1256,248,886,1392,4314,3746,11909,3125,3117,9951,Day_1,Dark,Slow,5mm,Experiment_2
2025-10-23T03:01:25.937Z,27,795,1260,257,889,1399,4308,3740,11880,3111,3103,9899,Day_1,Dark,Slow,5mm,Experiment_2
2025-10-23T03:01:25.977Z,29,800,1264,263,890,1406,4297,3734,11856,3104,3096,9875,Day_1,Dark,Slow,5mm,Experiment_2
2025-10-23T03:01:26.017Z,25,800,1270,262,892,1412,4284,3737,11851,3105,3103,9895,Day_1,Dark,Slow,5mm,Experiment_2
2025-10-23T03:01:26.057Z,19,802,1273,255,897,1414,4271,3744,11871,3107,3114,9941,Day_1,Dark,Slow,5mm,Experiment_2
2025-10-23T03:01:26.097Z,18,804,1265,252,900,1408,4257,3751,11898,3105,3118,9977,Day_1,Dark,Slow,5mm,Experiment_2
2025-10-23T03:01:26.137Z,21,804,1254,253,900,1400,4251,3753,11919,3103,3119,9998,Day_1,Dark,Slow,5mm,Experiment_2
2025-10-23T03:01:26.177Z,29,803,1250,255,895,1398,4262,3753,11940,3110,3130,10015,Day_1,Dark,Slow,5mm,Experiment_2
2025-10-23T03:01:26.217Z,36,802,1254,252,892,1401,4289,3747,11964,3123,3150,10031,Day_1,Dark,Slow,5mm,Experiment_2
2025-10-23T03:01:26.257Z,40,800,1258,248,889,1401,4316,3730,11973,3137,3165,10032,Day_1,Dark,Slow,5mm,Experiment_2
2025-10-23T03:01:26.297Z,45,798,1258,248,888,1401,4324,3713,11961,3146,3166,10017,Day_1,Dark,Slow,5mm,Experiment_2
2025-10-23T03:01:26.337Z,52,795,1258,254,888,1403,4311,3717,11943,3144,3158,10002,Day_1,Dark,Slow,5mm,Experiment_2
2025-10-23T03:01:26.377Z,54,792,1258,261,887,1403,4290,3735,11944,3133,3154,10005,Day_1,Dark,Slow,5mm,Experiment_2
2025-10-23T03:01:26.417Z,47,793,1255,263,888,1398,4275,3749,11965,3120,3154,10022,Day_1,Dark,Slow,5mm,Experiment_2
2025-10-23T03:01:26.457Z,37,801,1254,263,892,1395,4263,3753,11990,3113,3153,10038,Day_1,Dark,Slow,5mm,Experiment_2
2025-10-23T03:01:26.497Z,29,806,1258,263,894,1395,4257,3756,12002,3113,3151,10046,Day_1,Dark,Slow,5mm,Experiment_2
2025-10-23T03:01:26.537Z,24,801,1263,261,891,1398,4258,3766,12001,3120,3156,10048,Day_1,Dark,Slow,5mm,Experiment_2
2025-10-23T03:01:26.577Z,22,790,1266,259,880,1402,4265,3781,11994,3130,3163,10047,Day_1,Dark,Slow,5mm,Experiment_2
2025-10-23T03:01:26.617Z,29,780,1266,264,862,1405,4278,3786,11985,3141,3165,10041,Day_1,Dark,Slow,5mm,Experiment_2
2025-10-23T03:01:26.657Z,37,777,1267,271,845,1409,4284,3777,11971,3145,3159,10022,Day_1,Dark,Slow,5mm,Experiment_2
2025-10-23T03:01:26.697Z,35,779,1269,272,842,1412,4270,3765,11948,3137,3148,9981,Day_1,Dark,Slow,5mm,Experiment_2
2025-10-23T03:01:26.737Z,28,780,1269,267,852,1412,4243,3748,11907,3115,3125,9924,Day_1,Dark,Slow,5mm,Experiment_2
2025-10-23T03:01:26.777Z,25,778,1268,263,866,1411,4225,3725,11863,3091,3095,9874,Day_1,Dark,Slow,5mm,Experiment_2
2025-10-23T03:01:26.817Z,25,781,1268,260,876,1412,4228,3714,11844,3082,3082,9861,Day_1,Dark,Slow,5mm,Experiment_2
2025-10-23T03:01:26.857Z,21,792,1263,257,885,1408,4249,3721,11856,3091,3094,9888,Day_1,Dark,Slow,5mm,Experiment_2
2025-10-23T03:01:26.897Z,16,803,1257,253,892,1401,4268,3736,11883,3108,3121,9929,Day_1,Dark,Slow,5mm,Experiment_2
2025-10-23T03:01:26.937Z,17,802,1251,254,889,1395,4282,3751,11911,3123,3143,9960,Day_1,Dark,Slow,5mm,Experiment_2
2025-10-23T03:01:26.977Z,24,795,1248,258,883,1392,4293,3758,11937,3133,3152,9983,Day_1,Dark,Slow,5mm,Experiment_2
2025-10-23T03:01:27.017Z,30,792,1248,257,883,1391,4303,3758,11947,3135,3150,9996,Day_1,Dark,Slow,5mm,Experiment_2
2025-10-23T03:01:27.057Z,31,796,1250,254,890,1390,4319,3760,11932,3138,3140,9990,Day_1,Dark,Slow,5mm,Experiment_2
2025-10-23T03:01:27.097Z,33,802,1254,254,898,1388,4339,3768,11914,3147,3133,9974,Day_1,Dark,Slow,5mm,Experiment_2
2025-10-23T03:01:27.137Z,36,807,1255,257,905,1387,4351,3769,11917,3156,3131,9969,Day_1,Dark,Slow,5mm,Experiment_2
2025-10-23T03:01:27.177Z,36,811,1255,257,909,1387,4345,3768,11935,3157,3136,9988,Day_1,Dark,Slow,5mm,Experiment_2
2025-10-23T03:01:27.217Z,34,814,1255,256,911,1391,4332,3765,11953,3155,3143,10016,Day_1,Dark,Slow,5mm,Experiment_2
2025-10-23T03:01:27.257Z,34,816,1252,256,909,1398,4329,3755,11957,3155,3144,10031,Day_1,Dark,Slow,5mm,Experiment_2
2025-10-23T03:01:27.297Z,36,813,1248,258,902,1401,4326,3740,11950,3151,3140,10027,Day_1,Dark,Slow,5mm,Experiment_2
2025-10-23T03:01:27.337Z,43,809,1242,266,897,1395,4310,3730,11947,3139,3138,10021,Day_1,Dark,Slow,5mm,Experiment_2
2025-10-23T03:01:27.377Z,44,804,1236,270,897,1384,4285,3726,11947,3128,3137,10018,Day_1,Dark,Slow,5mm,Experiment_2
2025-10-23T03:01:27.417Z,36,799,1233,265,895,1377,4271,3730,11948,3127,3139,10019,Day_1,Dark,Slow,5mm,Experiment_2
2025-10-23T03:01:27.457Z,29,795,1233,260,891,1378,4280,3737,11957,3132,3141,10023,Day_1,Dark,Slow,5mm,Experiment_2
2025-10-23T03:01:27.497Z,28,794,1235,260,888,1383,4297,3738,11976,3135,3138,10026,Day_1,Dark,Slow,5mm,Experiment_2
2025-10-23T03:01:27.537Z,30,794,1239,266,887,1389,4302,3735,11980,3130,3126,10011,Day_1,Dark,Slow,5mm,Experiment_2
2025-10-23T03:01:27.577Z,34,792,1244,275,886,1395,4291,3729,11947,3119,3109,9967,Day_1,Dark,Slow,5mm,Experiment_2
2025-10-23T03:01:27.617Z,40,793,1249,283,888,1399,4274,3719,11901,3108,3094,9918,Day_1,Dark,Slow,5mm,Experiment_2
2025-10-23T03:01:27.657Z,44,803,1253,281,896,1402,4259,3708,11880,3105,3088,9901,Day_1,Dark,Slow,5mm,Experiment_2
2025-10-23T03:01:27.697Z,43,817,1259,277,908,1407,4256,3690,11893,3109,3086,9920,Day_1,Dark,Slow,5mm,Experiment_2
2025-10-23T03:01:27.738Z,36,822,1265,273,911,1412,4261,3670,11917,3116,3085,9950,Day_1,Dark,Slow,5mm,Experiment_2
2025-10-23T03:01:27.778Z,25,816,1267,265,904,1415,4258,3673,11937,3122,3095,9977,Day_1,Dark,Slow,5mm,Experiment_2
2025-10-23T03:01:27.818Z,21,807,1266,259,896,1415,4242,3704,11960,3125,3117,10002,Day_1,Dark,Slow,5mm,Experiment_2
2025-10-23T03:01:27.858Z,25,804,1269,258,894,1413,4239,3733,11989,3132,3136,10023,Day_1,Dark,Slow,5mm,Experiment_2
2025-10-23T03:01:27.898Z,30,806,1273,257,898,1413,4262,3734,12007,3139,3138,10028,Day_1,Dark,Slow,5mm,Experiment_2
2025-10-23T03:01:27.938Z,33,814,1271,256,906,1409,4286,3718,12003,3137,3126,10015,Day_1,Dark,Slow,5mm,Experiment_2
2025-10-23T03:01:27.978Z,33,825,1263,255,918,1402,4290,3709,11987,3129,3118,10003,Day_1,Dark,Slow,5mm,Experiment_2
2025-10-23T03:01:28.018Z,33,830,1261,257,923,1402,4277,3716,11972,3126,3123,10007,Day_1,Dark,Slow,5mm,Experiment_2
2025-10-23T03:01:28.058Z,33,826,1268,259,917,1411,4266,3728,11964,3128,3133,10023,Day_1,Dark,Slow,5mm,Experiment_2
2025-10-23T03:01:28.098Z,29,815,1273,254,904,1417,4272,3739,11961,3133,3141,10034,Day_1,Dark,Slow,5mm,Experiment_2
2025-10-23T03:01:28.138Z,22,806,1268,245,894,1410,4292,3741,11963,3140,3145,10037,Day_1,Dark,Slow,5mm,Experiment_2
2025-10-23T03:01:28.178Z,13,803,1259,237,890,1401,4307,3738,11974,3145,3142,10041,Day_1,Dark,Slow,5mm,Experiment_2
2025-10-23T03:01:28.218Z,9,806,1258,236,892,1398,4302,3738,11991,3141,3136,10047,Day_1,Dark,Slow,5mm,Experiment_2
2025-10-23T03:01:28.258Z,10,812,1262,243,898,1401,4292,3740,12000,3135,3133,10047,Day_1,Dark,Slow,5mm,Experiment_2
2025-10-23T03:01:28.298Z,12,818,1262,246,906,1402,4303,3745,11990,3135,3135,10033,Day_1,Dark,Slow,5mm,Experiment_2
2025-10-23T03:01:28.338Z,15,823,1259,245,914,1402,4330,3756,11967,3137,3140,10008,Day_1,Dark,Slow,5mm,Experiment_2
2025-10-23T03:01:28.378Z,17,824,1259,248,916,1401,4344,3762,11937,3135,3139,9974,Day_1,Dark,Slow,5mm,Experiment_2
2025-10-23T03:01:28.418Z,18,819,1259,255,914,1398,4326,3753,11903,3127,3129,9937,Day_1,Dark,Slow,5mm,Experiment_2
2025-10-23T03:01:28.458Z,16,812,1253,260,912,1392,4288,3732,11878,3115,3114,9913,Day_1,Dark,Slow,5mm,Experiment_2
2025-10-23T03:01:28.498Z,14,807,1241,265,909,1387,4259,3712,11879,3107,3103,9919,Day_1,Dark,Slow,5mm,Experiment_2
2025-10-23T03:01:28.538Z,15,805,1233,276,907,1386,4255,3707,11903,3112,3106,9946,Day_1,Dark,Slow,5mm,Experiment_2
2025-10-23T03:01:28.578Z,22,809,1236,286,908,1391,4266,3721,11930,3124,3117,9976,Day_1,Dark,Slow,5mm,Experiment_2
2025-10-23T03:01:28.618Z,43,818,1244,285,911,1399,4269,3742,11949,3133,3128,9999,Day_1,Dark,Slow,5mm,Experiment_2
2025-10-23T03:01:28.658Z,78,826,1253,280,912,1405,4258,3750,11960,3130,3131,10011,Day_1,Dark,Slow,5mm,Experiment_2
2025-10-23T03:01:28.698Z,127,824,1257,278,907,1407,4251,3739,11955,3125,3129,10009,Day_1,Dark,Slow,5mm,Experiment_2
2025-10-23T03:01:28.738Z,229,816,1256,280,902,1404,4264,3723,11936,3127,3127,9996,Day_1,Dark,Slow,5mm,Experiment_2
2025-10-23T03:01:28.778Z,411,811,1256,285,901,1400,4295,3706,11916,3136,3124,9983,Day_1,Dark,Slow,5mm,Experiment_2
2025-10-23T03:01:28.818Z,537,807,1258,286,901,1397,4329,3694,11911,3147,3119,9983,Day_1,Dark,Slow,5mm,Experiment_2
2025-10-23T03:01:28.858Z,505,802,1259,276,897,1396,4347,3701,11923,3156,3120,10001,Day_1,Dark,Slow,5mm,Experiment_2
2025-10-23T03:01:28.898Z,465,800,1259,265,894,1396,4341,3728,11939,3158,3132,10021,Day_1,Dark,Slow,5mm,Experiment_2
2025-10-23T03:01:28.938Z,446,801,1257,260,895,1399,4326,3748,11956,3156,3143,10032,Day_1,Dark,Slow,5mm,Experiment_2
2025-10-23T03:01:28.978Z,315,802,1250,257,894,1397,4323,3749,11978,3154,3147,10034,Day_1,Dark,Slow,5mm,Experiment_2
2025-10-23T03:01:29.018Z,139,804,1241,257,894,1391,4323,3741,11995,3151,3144,10033,Day_1,Dark,Slow,5mm,Experiment_2
2025-10-23T03:01:29.058Z,46,809,1234,263,899,1385,4316,3733,12001,3144,3138,10033,Day_1,Dark,Slow,5mm,Experiment_2
2025-10-23T03:01:29.098Z,25,817,1235,267,904,1384,4315,3729,12000,3143,3133,10033,Day_1,Dark,Slow,5mm,Experiment_2
2025-10-23T03:01:29.138Z,21,821,1242,261,902,1386,4324,3731,11986,3145,3132,10024,Day_1,Dark,Slow,5mm,Experiment_2
2025-10-23T03:01:29.178Z,17,819,1252,250,898,1391,4322,3734,11952,3141,3128,9996,Day_1,Dark,Slow,5mm,Experiment_2
2025-10-23T03:01:29.218Z,15,814,1258,242,895,1396,4299,3725,11908,3125,3115,9950,Day_1,Dark,Slow,5mm,Experiment_2
2025-10-23T03:01:29.258Z,13,812,1258,238,897,1397,4268,3712,11873,3103,3097,9908,Day_1,Dark,Slow,5mm,Experiment_2
2025-10-23T03:01:29.298Z,14,813,1256,235,900,1395,4246,3712,11859,3088,3087,9895,Day_1,Dark,Slow,5mm,Experiment_2
2025-10-23T03:01:29.338Z,27,810,1255,235,900,1393,4236,3725,11873,3089,3094,9916,Day_1,Dark,Slow,5mm,Experiment_2
2025-10-23T03:01:29.378Z,55,801,1257,237,896,1396,4235,3740,11903,3099,3112,9950,Day_1,Dark,Slow,5mm,Experiment_2
2025-10-23T03:01:29.418Z,90,792,1264,243,889,1403,4238,3755,11927,3109,3133,9978,Day_1,Dark,Slow,5mm,Experiment_2
2025-10-23T03:01:29.458Z,147,789,1271,253,883,1409,4251,3759,11937,3118,3145,9995,Day_1,Dark,Slow,5mm,Experiment_2
2025-10-23T03:01:29.498Z,241,790,1271,260,879,1408,4276,3754,11946,3132,3147,10007,Day_1,Dark,Slow,5mm,Experiment_2
2025-10-23T03:01:29.538Z,294,791,1262,260,881,1399,4306,3753,11963,3146,3145,10011,Day_1,Dark,Slow,5mm,Experiment_2
2025-10-23T03:01:29.578Z,231,797,1256,257,888,1393,4329,3760,11978,3153,3143,10001,Day_1,Dark,Slow,5mm,Experiment_2
2025-10-23T03:01:29.618Z,129,806,1256,256,894,1394,4338,3770,11988,3155,3146,9987,Day_1,Dark,Slow,5mm,Experiment_2
2025-10-23T03:01:29.658Z,75,810,1260,257,897,1397,4334,3772,11989,3155,3150,9988,Day_1,Dark,Slow,5mm,Experiment_2
2025-10-23T03:01:29.698Z,61,805,1264,259,895,1399,4316,3768,11982,3150,3154,10006,Day_1,Dark,Slow,5mm,Experiment_2
2025-10-23T03:01:29.738Z,65,798,1268,259,891,1402,4295,3763,11985,3141,3156,10030,Day_1,Dark,Slow,5mm,Experiment_2
2025-10-23T03:01:29.778Z,68,804,1268,257,894,1406,4290,3756,12008,3139,3156,10048,Day_1,Dark,Slow,5mm,Experiment_2
2025-10-23T03:01:29.818Z,53,820,1262,249,904,1404,4302,3742,12027,3145,3155,10058,Day_1,Dark,Slow,5mm,Experiment_2
2025-10-23T03:01:29.858Z,30,834,1257,236,914,1400,4311,3735,12018,3152,3156,10060,Day_1,Dark,Slow,5mm,Experiment_2
2025-10-23T03:01:29.397Z,19,838,1258,231,914,1400,4308,3738,11992,3154,3160,10054,Day_1,Dark,Slow,5mm,Experiment_2
2025-10-23T03:01:29.437Z,22,832,1263,241,907,1401,4304,3741,11970,3150,3159,10040,Day_1,Dark,Slow,5mm,Experiment_2
2025-10-23T03:01:29.477Z,31,822,1267,256,900,1401,4294,3741,11952,3137,3152,10015,Day_1,Dark,Slow,5mm,Experiment_2
2025-10-23T03:01:29.517Z,40,815,1272,267,897,1403,4270,3732,11931,3117,3136,9977,Day_1,Dark,Slow,5mm,Experiment_2
2025-10-23T03:01:29.557Z,45,809,1272,272,894,1405,4242,3716,11906,3097,3111,9926,Day_1,Dark,Slow,5mm,Experiment_2
2025-10-23T03:01:29.597Z,48,806,1265,276,893,1404,4233,3701,11875,3086,3089,9877,Day_1,Dark,Slow,5mm,Experiment_2
2025-10-23T03:01:29.637Z,47,809,1252,277,896,1402,4240,3700,11848,3089,3083,9859,Day_1,Dark,Slow,5mm,Experiment_2
2025-10-23T03:01:29.677Z,45,811,1231,275,898,1399,4243,3718,11857,3098,3098,9885,Day_1,Dark,Slow,5mm,Experiment_2
2025-10-23T03:01:29.717Z,48,807,1200,272,893,1398,4241,3746,11903,3107,3123,9937,Day_1,Dark,Slow,5mm,Experiment_2
2025-10-23T03:01:30.258Z,51,797,1173,267,884,1401,4253,3769,11944,3118,3144,9983,Day_1,Dark,Slow,5mm,Experiment_2
2025-10-23T03:01:30.298Z,44,785,1135,256,878,1407,4287,3776,11959,3138,3154,10007,Day_1,Dark,Slow,5mm,Experiment_2
2025-10-23T03:01:30.338Z,31,777,1052,246,877,1408,4323,3766,11962,3157,3153,10014,Day_1,Dark,Slow,5mm,Experiment_2
2025-10-23T03:01:30.378Z,23,777,999,244,880,1405,4337,3743,11963,3162,3142,10009,Day_1,Dark,Slow,5mm,Experiment_2
2025-10-23T03:01:30.418Z,23,787,1068,245,887,1403,4328,3720,11962,3149,3130,10002,Day_1,Dark,Slow,5mm,Experiment_2
2025-10-23T03:01:30.458Z,27,794,1181,247,891,1401,4318,3707,11965,3139,3124,10003,Day_1,Dark,Slow,5mm,Experiment_2
2025-10-23T03:01:30.498Z,28,793,1255,248,888,1397,4320,3706,11973,3141,3127,10018,Day_1,Dark,Slow,5mm,Experiment_2
2025-10-23T03:01:30.538Z,24,791,1336,244,885,1397,4320,3710,11982,3147,3133,10036,Day_1,Dark,Slow,5mm,Experiment_2
2025-10-23T03:01:30.578Z,22,793,1472,240,886,1405,4313,3708,11985,3150,3136,10041,Day_1,Dark,Slow,5mm,Experiment_2
2025-10-23T03:01:30.617Z,25,792,1600,241,887,1418,4312,3707,11983,3154,3137,10034,Day_1,Dark,Slow,5mm,Experiment_2
2025-10-23T03:01:30.657Z,34,788,1697,248,887,1427,4319,3721,11982,3161,3142,10030,Day_1,Dark,Slow,5mm,Experiment_2
2025-10-23T03:01:30.697Z,43,787,1855,257,887,1431,4324,3741,11993,3164,3151,10038,Day_1,Dark,Slow,5mm,Experiment_2
2025-10-23T03:01:30.737Z,49,792,1962,264,890,1429,4325,3755,12005,3158,3157,10050,Day_1,Dark,Slow,5mm,Experiment_2
2025-10-23T03:01:30.777Z,50,802,1853,268,895,1424,4334,3757,11998,3153,3155,10045,Day_1,Dark,Slow,5mm,Experiment_2
2025-10-23T03:01:30.817Z,42,812,1695,265,898,1423,4349,3755,11974,3151,3148,10019,Day_1,Dark,Slow,5mm,Experiment_2
2025-10-23T03:01:30.857Z,29,818,1580,254,898,1421,4343,3752,11947,3141,3135,9982,Day_1,Dark,Slow,5mm,Experiment_2
2025-10-23T03:01:30.897Z,19,818,1361,247,900,1406,4304,3738,11923,3116,3114,9941,Day_1,Dark,Slow,5mm,Experiment_2
2025-10-23T03:01:30.937Z,18,811,1051,248,901,1385,4260,3717,11899,3091,3091,9904,Day_1,Dark,Slow,5mm,Experiment_2
2025-10-23T03:01:30.977Z,24,798,857,255,894,1372,4235,3704,11877,3082,3084,9890,Day_1,Dark,Slow,5mm,Experiment_2
2025-10-23T03:01:31.017Z,27,784,845,259,885,1372,4224,3707,11871,3086,3095,9909,Day_1,Dark,Slow,5mm,Experiment_2
2025-10-23T03:01:31.057Z,21,777,855,254,878,1375,4221,3714,11882,3097,3110,9946,Day_1,Dark,Slow,5mm,Experiment_2
2025-10-23T03:01:31.097Z,12,776,863,244,875,1378,4232,3723,11906,3115,3122,9983,Day_1,Dark,Slow,5mm,Experiment_2
2025-10-23T03:01:31.137Z,9,781,984,234,873,1382,4251,3737,11928,3132,3132,10008,Day_1,Dark,Slow,5mm,Experiment_2
2025-10-23T03:01:31.177Z,16,789,1156,232,875,1387,4270,3751,11936,3139,3141,10012,Day_1,Dark,Slow,5mm,Experiment_2
2025-10-23T03:01:31.217Z,25,798,1256,238,882,1391,4281,3758,11930,3136,3147,9997,Day_1,Dark,Slow,5mm,Experiment_2
2025-10-23T03:01:31.257Z,29,807,1283,243,889,1395,4276,3761,11918,3123,3149,9978,Day_1,Dark,Slow,5mm,Experiment_2
2025-10-23T03:01:31.297Z,29,817,1276,244,896,1393,4262,3764,11909,3110,3151,9973,Day_1,Dark,Slow,5mm,Experiment_2
2025-10-23T03:01:31.338Z,32,820,1263,244,897,1386,4263,3777,11915,3109,3157,9988,Day_1,Dark,Slow,5mm,Experiment_2
2025-10-23T03:01:31.378Z,34,817,1262,245,897,1382,4282,3796,11937,3121,3165,10012,Day_1,Dark,Slow,5mm,Experiment_2
2025-10-23T03:01:31.418Z,30,820,1277,242,903,1383,4294,3799,11959,3133,3166,10031,Day_1,Dark,Slow,5mm,Experiment_2
2025-10-23T03:01:31.458Z,21,835,1285,234,919,1384,4280,3780,11974,3135,3158,10046,Day_1,Dark,Slow,5mm,Experiment_2
2025-10-23T03:01:31.498Z,14,850,1271,227,932,1382,4263,3757,11990,3131,3146,10060,Day_1,Dark,Slow,5mm,Experiment_2
2025-10-23T03:01:31.538Z,15,848,1250,228,930,1381,4267,3742,12007,3133,3135,10069,Day_1,Dark,Slow,5mm,Experiment_2
2025-10-23T03:01:31.578Z,22,830,1241,238,915,1383,4286,3735,12018,3140,3132,10066,Day_1,Dark,Slow,5mm,Experiment_2
2025-10-23T03:01:31.618Z,29,813,1242,251,900,1387,4304,3732,12016,3148,3138,10052,Day_1,Dark,Slow,5mm,Experiment_2
2025-10-23T03:01:31.658Z,33,810,1244,260,896,1391,4317,3729,12002,3148,3140,10030,Day_1,Dark,Slow,5mm,Experiment_2
2025-10-23T03:01:31.699Z,34,815,1247,265,901,1392,4332,3731,11982,3142,3129,9996,Day_1,Dark,Slow,5mm,Experiment_2
2025-10-23T03:01:31.739Z,41,820,1263,271,905,1391,4344,3736,11955,3135,3110,9954,Day_1,Dark,Slow,5mm,Experiment_2
2025-10-23T03:01:31.779Z,51,820,1293,280,904,1387,4339,3736,11924,3128,3094,9921,Day_1,Dark,Slow,5mm,Experiment_2
2025-10-23T03:01:31.819Z,54,817,1315,281,901,1386,4310,3735,11905,3124,3094,9917,Day_1,Dark,Slow,5mm,Experiment_2
2025-10-23T03:01:31.859Z,44,818,1308,270,902,1390,4275,3734,11905,3121,3105,9942,Day_1,Dark,Slow,5mm,Experiment_2
2025-10-23T03:01:31.899Z,28,822,1282,254,910,1395,4256,3730,11918,3121,3115,9974,Day_1,Dark,Slow,5mm,Experiment_2
2025-10-23T03:01:31.939Z,20,826,1262,246,917,1398,4260,3729,11935,3126,3124,9998,Day_1,Dark,Slow,5mm,Experiment_2
2025-10-23T03:01:31.979Z,24,831,1256,249,920,1403,4275,3737,11921,3133,3132,10007,Day_1,Dark,Slow,5mm,Experiment_2
2025-10-23T03:01:32.019Z,35,829,1256,257,917,1404,4281,3743,11855,3134,3136,9997,Day_1,Dark,Slow,5mm,Experiment_2
2025-10-23T03:01:32.059Z,41,817,1252,260,907,1399,4272,3739,11777,3127,3134,9976,Day_1,Dark,Slow,5mm,Experiment_2
2025-10-23T03:01:32.099Z,36,805,1246,255,896,1395,4266,3726,11701,3122,3132,9951,Day_1,Dark,Slow,5mm,Experiment_2
2025-10-23T03:01:32.139Z,29,800,1244,250,891,1394,4273,3718,11577,3124,3133,9925,Day_1,Dark,Slow,5mm,Experiment_2
2025-10-23T03:01:32.179Z,27,799,1249,252,890,1397,4284,3716,11506,3129,3136,9917,Day_1,Dark,Slow,5mm,Experiment_2
2025-10-23T03:01:32.219Z,29,799,1256,257,889,1401,4287,3713,11623,3130,3139,9947,Day_1,Dark,Slow,5mm,Experiment_2
2025-10-23T03:01:32.259Z,29,800,1263,257,892,1403,4283,3713,11825,3129,3141,9991,Day_1,Dark,Slow,5mm,Experiment_2
2025-10-23T03:01:32.299Z,24,804,1266,252,897,1402,4276,3724,11992,3130,3147,10028,Day_1,Dark,Slow,5mm,Experiment_2
2025-10-23T03:01:32.339Z,20,806,1265,247,899,1399,4266,3742,12198,3129,3155,10070,Day_1,Dark,Slow,5mm,Experiment_2
2025-10-23T03:01:32.379Z,18,805,1261,245,898,1396,4256,3753,12497,3127,3161,10124,Day_1,Dark,Slow,5mm,Experiment_2
2025-10-23T03:01:32.419Z,15,804,1259,246,897,1398,4256,3756,12741,3129,3160,10160,Day_1,Dark,Slow,5mm,Experiment_2
2025-10-23T03:01:32.459Z,11,805,1258,243,895,1402,4267,3758,12915,3135,3153,10165,Day_1,Dark,Slow,5mm,Experiment_2
2025-10-23T03:01:32.499Z,7,808,1252,238,893,1400,4281,3758,13247,3132,3142,10179,Day_1,Dark,Slow,5mm,Experiment_2
2025-10-23T03:01:32.539Z,7,807,1245,236,890,1394,4287,3747,13418,3116,3124,10159,Day_1,Dark,Slow,5mm,Experiment_2
2025-10-23T03:01:32.579Z,9,801,1244,241,887,1392,4286,3731,12941,3102,3104,10045,Day_1,Dark,Slow,5mm,Experiment_2
2025-10-23T03:01:32.619Z,11,792,1247,245,884,1393,4290,3720,12199,3100,3095,9920,Day_1,Dark,Slow,5mm,Experiment_2
2025-10-23T03:01:32.659Z,10,787,1251,244,884,1392,4293,3724,11731,3106,3105,9872,Day_1,Dark,Slow,5mm,Experiment_2
2025-10-23T03:01:32.699Z,9,791,1253,242,890,1390,4287,3736,11429,3110,3122,9859,Day_1,Dark,Slow,5mm,Experiment_2
2025-10-23T03:01:32.739Z,13,802,1252,244,900,1390,4287,3739,11036,3116,3133,9819,Day_1,Dark,Slow,5mm,Experiment_2
2025-10-23T03:01:32.779Z,23,809,1247,253,905,1390,4304,3729,10781,3129,3135,9792,Day_1,Dark,Slow,5mm,Experiment_2
2025-10-23T03:01:32.819Z,33,809,1239,261,901,1387,4315,3726,10891,3143,3139,9824,Day_1,Dark,Slow,5mm,Experiment_2
2025-10-23T03:01:32.859Z,36,806,1236,264,896,1387,4314,3744,11028,3151,3142,9854,Day_1,Dark,Slow,5mm,Experiment_2
2025-10-23T03:01:32.899Z,30,807,1241,262,895,1390,4307,3761,11085,3151,3140,9861,Day_1,Dark,Slow,5mm,Experiment_2
2025-10-23T03:01:32.939Z,21,811,1245,256,899,1391,4302,3757,11345,3147,3134,9900,Day_1,Dark,Slow,5mm,Experiment_2
2025-10-23T03:01:32.979Z,15,812,1245,248,901,1389,4310,3741,11712,3148,3132,9969,Day_1,Dark,Slow,5mm,Experiment_2
2025-10-23T03:01:33.019Z,12,807,1249,242,897,1390,4326,3731,11949,3156,3134,10028,Day_1,Dark,Slow,5mm,Experiment_2
2025-10-23T03:01:33.059Z,14,804,1253,241,892,1393,4327,3727,12097,3162,3138,10068,Day_1,Dark,Slow,5mm,Experiment_2
2025-10-23T03:01:33.099Z,24,806,1249,246,895,1391,4306,3722,12254,3157,3140,10099,Day_1,Dark,Slow,5mm,Experiment_2
2025-10-23T03:01:33.139Z,38,812,1243,256,901,1387,4283,3724,12342,3148,3141,10110,Day_1,Dark,Slow,5mm,Experiment_2
2025-10-23T03:01:33.179Z,48,814,1244,265,904,1387,4273,3730,12276,3144,3143,10094,Day_1,Dark,Slow,5mm,Experiment_2
2025-10-23T03:01:33.219Z,48,810,1249,270,902,1392,4268,3731,12175,3143,3141,10074,Day_1,Dark,Slow,5mm,Experiment_2
2025-10-23T03:01:33.259Z,48,810,1253,275,901,1396,4253,3724,12137,3137,3136,10062,Day_1,Dark,Slow,5mm,Experiment_2
2025-10-23T03:01:33.299Z,48,817,1253,275,904,1396,4232,3713,12152,3125,3127,10047,Day_1,Dark,Slow,5mm,Experiment_2
2025-10-23T03:01:33.339Z,40,821,1250,265,904,1394,4223,3701,12215,3114,3113,10024,Day_1,Dark,Slow,5mm,Experiment_2
2025-10-23T03:01:33.379Z,29,819,1247,253,901,1390,4227,3686,12231,3103,3093,9984,Day_1,Dark,Slow,5mm,Experiment_2
2025-10-23T03:01:33.419Z,26,815,1243,250,902,1390,4224,3671,12104,3089,3072,9930,Day_1,Dark,Slow,5mm,Experiment_2
2025-10-23T03:01:33.459Z,29,811,1238,253,905,1389,4207,3664,11938,3073,3062,9895,Day_1,Dark,Slow,5mm,Experiment_2
2025-10-23T03:01:33.499Z,29,810,1238,256,909,1389,4193,3669,11863,3070,3068,9901,Day_1,Dark,Slow,5mm,Experiment_2
2025-10-23T03:01:33.539Z,28,815,1245,257,913,1391,4202,3692,11858,3088,3085,9930,Day_1,Dark,Slow,5mm,Experiment_2
2025-10-23T03:01:33.579Z,27,821,1252,258,915,1395,4229,3731,11877,3118,3110,9960,Day_1,Dark,Slow,5mm,Experiment_2
2025-10-23T03:01:33.619Z,24,819,1252,255,910,1393,4255,3769,11908,3139,3135,9984,Day_1,Dark,Slow,5mm,Experiment_2
2025-10-23T03:01:33.659Z,19,809,1251,249,901,1389,4270,3787,11945,3143,3150,9996,Day_1,Dark,Slow,5mm,Experiment_2
2025-10-23T03:01:33.699Z,16,799,1253,243,894,1390,4281,3780,11973,3141,3152,9997,Day_1,Dark,Slow,5mm,Experiment_2
2025-10-23T03:01:33.739Z,19,795,1261,240,889,1397,4298,3761,11978,3143,3147,9989,Day_1,Dark,Slow,5mm,Experiment_2
2025-10-23T03:01:33.779Z,27,795,1270,242,884,1405,4309,3754,11966,3146,3145,9984,Day_1,Dark,Slow,5mm,Experiment_2
2025-10-23T03:01:33.819Z,36,794,1275,250,881,1410,4312,3760,11963,3148,3148,9994,Day_1,Dark,Slow,5mm,Experiment_2
2025-10-23T03:01:33.859Z,43,791,1270,261,879,1408,4307,3758,11971,3146,3151,10017,Day_1,Dark,Slow,5mm,Experiment_2
2025-10-23T03:01:33.899Z,45,790,1261,268,877,1403,4293,3745,11973,3140,3149,10030,Day_1,Dark,Slow,5mm,Experiment_2
2025-10-23T03:01:33.939Z,44,792,1254,270,876,1398,4272,3734,11967,3135,3144,10031,Day_1,Dark,Slow,5mm,Experiment_2
2025-10-23T03:01:33.979Z,42,794,1255,270,879,1398,4262,3733,11968,3137,3140,10032,Day_1,Dark,Slow,5mm,Experiment_2
2025-10-23T03:01:34.019Z,37,800,1260,266,885,1402,4268,3734,11985,3145,3137,10033,Day_1,Dark,Slow,5mm,Experiment_2
2025-10-23T03:01:34.059Z,32,815,1267,258,893,1407,4284,3731,12008,3147,3135,10032,Day_1,Dark,Slow,5mm,Experiment_2
2025-10-23T03:01:34.099Z,29,827,1273,251,898,1413,4292,3725,12016,3140,3136,10025,Day_1,Dark,Slow,5mm,Experiment_2
2025-10-23T03:01:34.139Z,31,825,1276,251,905,1416,4282,3730,11996,3126,3136,10007,Day_1,Dark,Slow,5mm,Experiment_2
