time,Unpolarized_A_Green,Unpolarized_A_Red,Unpolarized_A_IR,Unpolarized_B_Green,Unpolarized_B_Red,Unpolarized_B_IR,Co-Polarized_Green,Co-Polarized_Red,Co-Polarized_IR,Cross-Polarized_Green,Cross-Polarized_Red,Cross-Polarized_IR,Day,SkinTone,Speed,Depth,Experiment
2025-10-23T03:08:09.579Z,11,797,1242,232,894,1380,4214,3694,11702,3022,2991,9622,Day_1,Dark,Fast,5mm,Experiment_2
2025-10-23T03:08:09.619Z,6,803,1245,225,892,1383,4222,3677,11700,3031,2983,9621,Day_1,Dark,Fast,5mm,Experiment_2
2025-10-23T03:08:09.659Z,5,806,1242,224,891,1381,4229,3663,11715,3037,2987,9634,Day_1,Dark,Fast,5mm,Experiment_2
2025-10-23T03:08:09.699Z,8,804,1240,230,889,1378,4230,3656,11731,3034,2994,9647,Day_1,Dark,Fast,5mm,Experiment_2
2025-10-23T03:08:09.740Z,13,802,1240,239,890,1378,4218,3653,11737,3020,2994,9645,Day_1,Dark,Fast,5mm,Experiment_2
2025-10-23T03:08:09.780Z,16,811,1243,246,896,1380,4199,3654,11732,3006,2985,9629,Day_1,Dark,Fast,5mm,Experiment_2
2025-10-23T03:08:09.820Z,18,824,1244,250,904,1381,4186,3657,11716,2994,2972,9602,Day_1,Dark,Fast,5mm,Experiment_2
2025-10-23T03:08:09.860Z,21,826,1241,253,908,1378,4184,3654,11693,2983,2960,9571,Day_1,Dark,Fast,5mm,Experiment_2
2025-10-23T03:08:09.900Z,24,821,1237,255,906,1376,4194,3642,11686,2981,2955,9560,Day_1,Dark,Fast,5mm,Experiment_2
2025-10-23T03:08:09.940Z,25,818,1235,255,906,1377,4207,3630,11712,2989,2955,9581,Day_1,Dark,Fast,5mm,Experiment_2
2025-10-23T03:08:09.980Z,22,820,1232,249,906,1376,4215,3624,11748,2998,2958,9607,Day_1,Dark,Fast,5mm,Experiment_2
2025-10-23T03:08:10.020Z,19,821,1226,245,904,1369,4219,3625,11766,3001,2961,9614,Day_1,Dark,Fast,5mm,Experiment_2
2025-10-23T03:08:10.060Z,23,819,1221,249,901,1361,4215,3629,11767,3001,2965,9610,Day_1,Dark,Fast,5mm,Experiment_2
2025-10-23T03:08:10.099Z,31,817,1222,258,902,1362,4205,3631,11761,3003,2973,9612,Day_1,Dark,Fast,5mm,Experiment_2
2025-10-23T03:08:10.139Z,37,810,1229,261,901,1372,4199,3629,11759,3010,2978,9623,Day_1,Dark,Fast,5mm,Experiment_2
2025-10-23T03:08:10.179Z,32,802,1237,255,898,1382,4198,3636,11762,3016,2982,9630,Day_1,Dark,Fast,5mm,Experiment_2
2025-10-23T03:08:10.219Z,23,797,1241,245,894,1385,4193,3654,11756,3013,2989,9621,Day_1,Dark,Fast,5mm,Experiment_2
2025-10-23T03:08:10.259Z,20,795,1242,244,890,1382,4183,3659,11722,3003,2987,9582,Day_1,Dark,Fast,5mm,Experiment_2
2025-10-23T03:08:10.299Z,26,793,1243,252,887,1382,4170,3637,11668,2985,2968,9522,Day_1,Dark,Fast,5mm,Experiment_2
2025-10-23T03:08:10.339Z,34,794,1244,260,888,1387,4158,3616,11632,2969,2953,9485,Day_1,Dark,Fast,5mm,Experiment_2
2025-10-23T03:08:10.379Z,37,802,1248,265,893,1393,4158,3615,11642,2968,2960,9501,Day_1,Dark,Fast,5mm,Experiment_2
2025-10-23T03:08:10.419Z,37,812,1251,265,901,1398,4171,3627,11678,2980,2976,9540,Day_1,Dark,Fast,5mm,Experiment_2
2025-10-23T03:08:10.460Z,32,819,1252,260,906,1401,4186,3635,11704,2992,2982,9560,Day_1,Dark,Fast,5mm,Experiment_2
2025-10-23T03:08:10.500Z,26,820,1248,256,907,1402,4195,3640,11708,2994,2979,9560,Day_1,Dark,Fast,5mm,Experiment_2
2025-10-23T03:08:10.540Z,25,819,1246,256,906,1402,4202,3648,11720,2994,2982,9569,Day_1,Dark,Fast,5mm,Experiment_2
2025-10-23T03:08:10.580Z,26,813,1247,255,901,1401,4213,3659,11752,3003,2992,9600,Day_1,Dark,Fast,5mm,Experiment_2
2025-10-23T03:08:10.620Z,24,804,1249,245,891,1398,4226,3658,11780,3016,2996,9629,Day_1,Dark,Fast,5mm,Experiment_2
2025-10-23T03:08:10.660Z,16,796,1250,230,882,1395,4225,3639,11781,3018,2984,9629,Day_1,Dark,Fast,5mm,Experiment_2
2025-10-23T03:08:10.700Z,10,792,1247,221,881,1390,4213,3614,11749,3003,2960,9589,Day_1,Dark,Fast,5mm,Experiment_2
2025-10-23T03:08:10.740Z,15,795,1240,226,886,1382,4197,3600,11692,2981,2936,9526,Day_1,Dark,Fast,5mm,Experiment_2
2025-10-23T03:08:10.780Z,25,802,1232,240,891,1374,4184,3606,11648,2970,2930,9494,Day_1,Dark,Fast,5mm,Experiment_2
2025-10-23T03:08:10.820Z,32,809,1227,253,895,1368,4184,3623,11649,2978,2949,9522,Day_1,Dark,Fast,5mm,Experiment_2
2025-10-23T03:08:10.860Z,31,814,1227,258,898,1366,4199,3640,11675,2996,2973,9568,Day_1,Dark,Fast,5mm,Experiment_2
2025-10-23T03:08:10.900Z,24,817,1236,255,904,1372,4216,3642,11690,3008,2981,9589,Day_1,Dark,Fast,5mm,Experiment_2
2025-10-23T03:08:10.940Z,15,817,1250,249,908,1384,4222,3632,11696,3011,2979,9594,Day_1,Dark,Fast,5mm,Experiment_2
2025-10-23T03:08:10.980Z,10,815,1261,245,907,1393,4220,3626,11707,3014,2983,9607,Day_1,Dark,Fast,5mm,Experiment_2
2025-10-23T03:08:11.020Z,10,815,1261,244,904,1394,4218,3625,11722,3020,2988,9628,Day_1,Dark,Fast,5mm,Experiment_2
2025-10-23T03:08:11.060Z,11,818,1253,243,904,1390,4212,3624,11727,3022,2987,9639,Day_1,Dark,Fast,5mm,Experiment_2
2025-10-23T03:08:11.100Z,13,819,1242,244,907,1382,4204,3631,11725,3019,2982,9632,Day_1,Dark,Fast,5mm,Experiment_2
2025-10-23T03:08:11.140Z,16,818,1231,245,909,1375,4196,3638,11716,3007,2972,9606,Day_1,Dark,Fast,5mm,Experiment_2
2025-10-23T03:08:11.180Z,18,816,1226,246,909,1375,4185,3634,11697,2990,2955,9566,Day_1,Dark,Fast,5mm,Experiment_2
2025-10-23T03:08:11.220Z,22,814,1232,247,906,1380,4181,3626,11682,2983,2944,9543,Day_1,Dark,Fast,5mm,Experiment_2
2025-10-23T03:08:11.260Z,29,811,1238,250,903,1383,4192,3627,11689,2994,2952,9563,Day_1,Dark,Fast,5mm,Experiment_2
2025-10-23T03:08:11.300Z,37,807,1240,258,900,1382,4209,3634,11710,3009,2969,9600,Day_1,Dark,Fast,5mm,Experiment_2
2025-10-23T03:08:11.340Z,41,804,1244,264,897,1384,4220,3645,11725,3015,2983,9618,Day_1,Dark,Fast,5mm,Experiment_2
2025-10-23T03:08:11.380Z,41,804,1248,263,896,1391,4232,3661,11728,3014,2994,9616,Day_1,Dark,Fast,5mm,Experiment_2
2025-10-23T03:08:11.420Z,41,807,1245,259,897,1393,4246,3677,11724,3016,3003,9614,Day_1,Dark,Fast,5mm,Experiment_2
2025-10-23T03:08:11.460Z,37,815,1239,252,902,1389,4253,3680,11721,3022,3007,9627,Day_1,Dark,Fast,5mm,Experiment_2
2025-10-23T03:08:11.500Z,30,821,1240,245,907,1386,4242,3670,11723,3024,3002,9641,Day_1,Dark,Fast,5mm,Experiment_2
2025-10-23T03:08:11.539Z,26,818,1244,245,904,1386,4216,3660,11724,3017,2992,9640,Day_1,Dark,Fast,5mm,Experiment_2
2025-10-23T03:08:11.579Z,24,809,1243,246,895,1383,4191,3656,11718,3007,2982,9621,Day_1,Dark,Fast,5mm,Experiment_2
2025-10-23T03:08:11.619Z,20,807,1238,245,889,1379,4178,3649,11700,2998,2971,9591,Day_1,Dark,Fast,5mm,Experiment_2
2025-10-23T03:08:11.659Z,18,808,1234,247,888,1379,4172,3636,11678,2992,2961,9561,Day_1,Dark,Fast,5mm,Experiment_2
2025-10-23T03:08:11.699Z,18,807,1236,249,890,1385,4173,3625,11669,2991,2957,9552,Day_1,Dark,Fast,5mm,Experiment_2
2025-10-23T03:08:11.739Z,19,804,1240,248,893,1392,4181,3622,11677,2997,2960,9567,Day_1,Dark,Fast,5mm,Experiment_2
2025-10-23T03:08:11.779Z,24,800,1242,247,897,1392,4185,3623,11690,3003,2966,9586,Day_1,Dark,Fast,5mm,Experiment_2
2025-10-23T03:08:11.819Z,28,795,1243,245,899,1389,4179,3623,11691,3000,2969,9591,Day_1,Dark,Fast,5mm,Experiment_2
2025-10-23T03:08:11.859Z,24,794,1246,236,900,1387,4171,3623,11686,2996,2968,9586,Day_1,Dark,Fast,5mm,Experiment_2
2025-10-23T03:08:11.899Z,16,799,1246,228,901,1388,4180,3627,11695,3000,2970,9589,Day_1,Dark,Fast,5mm,Experiment_2
2025-10-23T03:08:11.939Z,12,802,1242,229,899,1389,4200,3633,11717,3011,2980,9602,Day_1,Dark,Fast,5mm,Experiment_2
2025-10-23T03:08:11.979Z,15,800,1237,239,894,1388,4210,3640,11732,3012,2991,9613,Day_1,Dark,Fast,5mm,Experiment_2
2025-10-23T03:08:12.019Z,26,804,1234,254,893,1385,4201,3643,11723,3003,2991,9608,Day_1,Dark,Fast,5mm,Experiment_2
2025-10-23T03:08:12.059Z,40,816,1235,265,899,1382,4183,3631,11686,2986,2973,9576,Day_1,Dark,Fast,5mm,Experiment_2
2025-10-23T03:08:12.099Z,45,822,1238,266,902,1383,4163,3608,11639,2967,2944,9525,Day_1,Dark,Fast,5mm,Experiment_2
2025-10-23T03:08:12.139Z,39,815,1241,258,898,1388,4148,3597,11611,2955,2928,9491,Day_1,Dark,Fast,5mm,Experiment_2
2025-10-23T03:08:12.179Z,33,805,1242,253,893,1392,4142,3609,11624,2959,2939,9504,Day_1,Dark,Fast,5mm,Experiment_2
2025-10-23T03:08:12.219Z,36,804,1243,255,895,1391,4148,3626,11651,2972,2956,9537,Day_1,Dark,Fast,5mm,Experiment_2
2025-10-23T03:08:12.259Z,36,808,1243,256,899,1388,4163,3635,11658,2983,2963,9550,Day_1,Dark,Fast,5mm,Experiment_2
2025-10-23T03:08:12.299Z,29,807,1240,250,899,1384,4182,3642,11657,2987,2967,9551,Day_1,Dark,Fast,5mm,Experiment_2
2025-10-23T03:08:12.339Z,20,799,1236,240,891,1378,4200,3651,11676,2991,2975,9564,Day_1,Dark,Fast,5mm,Experiment_2
2025-10-23T03:08:12.379Z,15,789,1232,234,883,1374,4219,3649,11717,3004,2982,9593,Day_1,Dark,Fast,5mm,Experiment_2
2025-10-23T03:08:12.419Z,14,782,1233,235,878,1374,4237,3637,11748,3017,2985,9617,Day_1,Dark,Fast,5mm,Experiment_2
2025-10-23T03:08:12.459Z,14,781,1236,240,880,1375,4238,3630,11747,3020,2984,9614,Day_1,Dark,Fast,5mm,Experiment_2
2025-10-23T03:08:12.499Z,17,788,1241,246,884,1377,4216,3629,11708,3008,2974,9571,Day_1,Dark,Fast,5mm,Experiment_2
2025-10-23T03:08:12.539Z,23,795,1243,253,888,1379,4183,3624,11652,2990,2955,9508,Day_1,Dark,Fast,5mm,Experiment_2
2025-10-23T03:08:12.579Z,27,799,1241,260,891,1378,4161,3624,11623,2978,2946,9477,Day_1,Dark,Fast,5mm,Experiment_2
2025-10-23T03:08:12.619Z,27,800,1241,263,896,1378,4160,3638,11642,2983,2959,9504,Day_1,Dark,Fast,5mm,Experiment_2
2025-10-23T03:08:12.659Z,25,802,1247,262,900,1382,4175,3650,11680,2999,2976,9551,Day_1,Dark,Fast,5mm,Experiment_2
2025-10-23T03:08:12.699Z,22,804,1253,258,900,1388,4196,3646,11702,3013,2980,9576,Day_1,Dark,Fast,5mm,Experiment_2
2025-10-23T03:08:12.739Z,18,807,1252,250,899,1388,4208,3639,11705,3021,2979,9581,Day_1,Dark,Fast,5mm,Experiment_2
2025-10-23T03:08:12.779Z,13,810,1244,241,899,1384,4214,3642,11712,3027,2984,9590,Day_1,Dark,Fast,5mm,Experiment_2
2025-10-23T03:08:12.819Z,11,813,1239,236,899,1379,4219,3648,11727,3032,2990,9610,Day_1,Dark,Fast,5mm,Experiment_2
2025-10-23T03:08:12.859Z,15,813,1237,237,900,1376,4224,3652,11734,3028,2991,9621,Day_1,Dark,Fast,5mm,Experiment_2
2025-10-23T03:08:12.899Z,20,812,1237,242,899,1375,4225,3660,11725,3015,2991,9614,Day_1,Dark,Fast,5mm,Experiment_2
2025-10-23T03:08:12.939Z,23,805,1243,245,896,1380,4217,3667,11701,2998,2984,9586,Day_1,Dark,Fast,5mm,Experiment_2
2025-10-23T03:08:12.980Z,21,797,1251,245,891,1389,4198,3658,11668,2979,2965,9543,Day_1,Dark,Fast,5mm,Experiment_2
2025-10-23T03:08:13.020Z,14,797,1252,242,892,1393,4185,3640,11653,2969,2953,9519,Day_1,Dark,Fast,5mm,Experiment_2
2025-10-23T03:08:13.060Z,7,810,1249,238,902,1392,4191,3634,11673,2975,2966,9540,Day_1,Dark,Fast,5mm,Experiment_2
2025-10-23T03:08:13.100Z,3,823,1249,234,912,1392,4196,3641,11708,2987,2988,9583,Day_1,Dark,Fast,5mm,Experiment_2
2025-10-23T03:08:13.140Z,3,827,1252,230,912,1395,4185,3648,11736,2994,2994,9614,Day_1,Dark,Fast,5mm,Experiment_2
2025-10-23T03:08:13.180Z,7,818,1252,233,898,1397,4176,3649,11743,2997,2983,9622,Day_1,Dark,Fast,5mm,Experiment_2
2025-10-23T03:08:13.220Z,13,803,1247,242,876,1395,4190,3652,11738,3008,2975,9624,Day_1,Dark,Fast,5mm,Experiment_2
2025-10-23T03:08:13.260Z,21,797,1239,253,862,1391,4214,3657,11738,3024,2975,9635,Day_1,Dark,Fast,5mm,Experiment_2
2025-10-23T03:08:13.300Z,28,803,1233,260,866,1387,4223,3654,11751,3029,2974,9645,Day_1,Dark,Fast,5mm,Experiment_2
2025-10-23T03:08:13.340Z,30,811,1230,258,882,1382,4219,3646,11761,3024,2971,9642,Day_1,Dark,Fast,5mm,Experiment_2
2025-10-23T03:08:13.380Z,33,814,1232,255,896,1380,4213,3645,11751,3017,2972,9622,Day_1,Dark,Fast,5mm,Experiment_2
2025-10-23T03:08:13.420Z,42,810,1242,259,898,1385,4203,3645,11724,3006,2974,9590,Day_1,Dark,Fast,5mm,Experiment_2
2025-10-23T03:08:13.460Z,49,804,1250,266,895,1391,4182,3644,11696,2992,2971,9560,Day_1,Dark,Fast,5mm,Experiment_2
2025-10-23T03:08:13.500Z,46,800,1250,269,894,1392,4160,3643,11674,2984,2967,9550,Day_1,Dark,Fast,5mm,Experiment_2
2025-10-23T03:08:13.540Z,37,800,1246,264,895,1388,4152,3649,11663,2989,2969,9563,Day_1,Dark,Fast,5mm,Experiment_2
2025-10-23T03:08:13.580Z,27,803,1248,254,896,1387,4156,3659,11661,3001,2973,9575,Day_1,Dark,Fast,5mm,Experiment_2
2025-10-23T03:08:13.620Z,23,808,1255,249,897,1393,4158,3663,11656,3006,2974,9570,Day_1,Dark,Fast,5mm,Experiment_2
2025-10-23T03:08:13.660Z,24,814,1258,251,900,1399,4160,3655,11658,3005,2970,9564,Day_1,Dark,Fast,5mm,Experiment_2
2025-10-23T03:08:13.700Z,23,823,1255,252,909,1398,4179,3643,11678,3005,2966,9575,Day_1,Dark,Fast,5mm,Experiment_2
2025-10-23T03:08:13.740Z,21,826,1251,248,915,1391,4210,3634,11703,3011,2968,9594,Day_1,Dark,Fast,5mm,Experiment_2
2025-10-23T03:08:13.780Z,25,820,1250,248,911,1387,4230,3630,11722,3015,2976,9609,Day_1,Dark,Fast,5mm,Experiment_2
2025-10-23T03:08:13.820Z,37,813,1250,257,902,1387,4224,3628,11733,3009,2983,9610,Day_1,Dark,Fast,5mm,Experiment_2
2025-10-23T03:08:13.860Z,51,808,1248,269,897,1388,4199,3626,11733,2992,2977,9589,Day_1,Dark,Fast,5mm,Experiment_2
2025-10-23T03:08:13.900Z,58,807,1244,275,899,1386,4173,3626,11715,2973,2958,9550,Day_1,Dark,Fast,5mm,Experiment_2
2025-10-23T03:08:13.940Z,55,810,1241,273,903,1381,4158,3630,11694,2965,2940,9526,Day_1,Dark,Fast,5mm,Experiment_2
2025-10-23T03:08:13.980Z,43,814,1238,265,905,1375,4163,3638,11692,2974,2940,9538,Day_1,Dark,Fast,5mm,Experiment_2
2025-10-23T03:08:14.020Z,30,815,1237,259,903,1371,4177,3644,11697,2989,2951,9562,Day_1,Dark,Fast,5mm,Experiment_2
2025-10-23T03:08:14.061Z,25,813,1236,256,901,1371,4182,3647,11693,2996,2962,9568,Day_1,Dark,Fast,5mm,Experiment_2
2025-10-23T03:08:14.101Z,25,813,1237,256,903,1374,4180,3651,11684,2997,2969,9563,Day_1,Dark,Fast,5mm,Experiment_2
2025-10-23T03:08:14.141Z,25,815,1241,255,907,1382,4180,3659,11686,2997,2980,9569,Day_1,Dark,Fast,5mm,Experiment_2
2025-10-23T03:08:14.181Z,22,814,1248,251,906,1389,4183,3666,11702,2996,2994,9591,Day_1,Dark,Fast,5mm,Experiment_2
2025-10-23T03:08:14.221Z,19,812,1250,248,901,1393,4195,3669,11724,3000,3004,9613,Day_1,Dark,Fast,5mm,Experiment_2
2025-10-23T03:08:14.261Z,19,811,1249,248,896,1391,4218,3668,11738,3007,2999,9612,Day_1,Dark,Fast,5mm,Experiment_2
2025-10-23T03:08:14.301Z,23,809,1246,251,892,1386,4230,3665,11721,3004,2979,9572,Day_1,Dark,Fast,5mm,Experiment_2
2025-10-23T03:08:14.341Z,26,803,1241,253,888,1381,4221,3657,11675,2988,2955,9507,Day_1,Dark,Fast,5mm,Experiment_2
2025-10-23T03:08:14.381Z,26,800,1236,253,887,1376,4207,3648,11648,2981,2947,9474,Day_1,Dark,Fast,5mm,Experiment_2
2025-10-23T03:08:14.421Z,25,799,1232,250,887,1374,4199,3644,11665,2990,2962,9504,Day_1,Dark,Fast,5mm,Experiment_2
2025-10-23T03:08:14.461Z,25,797,1234,248,885,1378,4189,3645,11703,2999,2980,9560,Day_1,Dark,Fast,5mm,Experiment_2
2025-10-23T03:08:14.501Z,29,798,1236,254,888,1382,4176,3647,11737,2997,2986,9598,Day_1,Dark,Fast,5mm,Experiment_2
2025-10-23T03:08:14.541Z,33,801,1238,259,893,1384,4169,3658,11759,2993,2985,9613,Day_1,Dark,Fast,5mm,Experiment_2
2025-10-23T03:08:14.581Z,34,800,1243,259,895,1388,4179,3670,11766,2996,2987,9625,Day_1,Dark,Fast,5mm,Experiment_2
2025-10-23T03:08:14.621Z,36,799,1254,259,895,1394,4204,3670,11760,3009,2988,9636,Day_1,Dark,Fast,5mm,Experiment_2
2025-10-23T03:08:14.661Z,40,802,1260,262,897,1397,4227,3663,11748,3021,2985,9637,Day_1,Dark,Fast,5mm,Experiment_2
2025-10-23T03:08:14.701Z,44,805,1258,267,897,1397,4232,3666,11737,3021,2981,9621,Day_1,Dark,Fast,5mm,Experiment_2
2025-10-23T03:08:14.741Z,47,807,1254,271,895,1396,4221,3669,11720,3005,2975,9588,Day_1,Dark,Fast,5mm,Experiment_2
2025-10-23T03:08:14.781Z,46,809,1250,270,894,1393,4204,3651,11690,2984,2961,9543,Day_1,Dark,Fast,5mm,Experiment_2
2025-10-23T03:08:14.821Z,43,811,1245,266,896,1390,4190,3625,11663,2976,2950,9519,Day_1,Dark,Fast,5mm,Experiment_2
2025-10-23T03:08:14.861Z,40,812,1242,267,898,1391,4190,3615,11665,2988,2955,9539,Day_1,Dark,Fast,5mm,Experiment_2
2025-10-23T03:08:14.901Z,36,814,1240,268,899,1393,4203,3621,11687,3006,2971,9581,Day_1,Dark,Fast,5mm,Experiment_2
2025-10-23T03:08:14.941Z,33,812,1240,265,900,1391,4224,3629,11703,3021,2985,9607,Day_1,Dark,Fast,5mm,Experiment_2
2025-10-23T03:08:14.981Z,34,808,1241,265,900,1387,4243,3632,11702,3028,2989,9614,Day_1,Dark,Fast,5mm,Experiment_2
2025-10-23T03:08:15.021Z,35,805,1242,267,899,1382,4245,3638,11699,3030,2988,9618,Day_1,Dark,Fast,5mm,Experiment_2
2025-10-23T03:08:15.061Z,30,808,1239,265,900,1376,4230,3657,11704,3028,2994,9628,Day_1,Dark,Fast,5mm,Experiment_2
2025-10-23T03:08:15.101Z,20,815,1235,254,902,1372,4209,3677,11715,3026,3005,9634,Day_1,Dark,Fast,5mm,Experiment_2
2025-10-23T03:08:15.141Z,13,818,1234,244,903,1373,4195,3678,11721,3024,3006,9626,Day_1,Dark,Fast,5mm,Experiment_2
2025-10-23T03:08:15.181Z,13,820,1234,240,905,1374,4189,3666,11713,3017,2997,9603,Day_1,Dark,Fast,5mm,Experiment_2
2025-10-23T03:08:15.221Z,17,819,1230,241,906,1373,4190,3656,11698,3005,2987,9570,Day_1,Dark,Fast,5mm,Experiment_2
2025-10-23T03:08:15.261Z,17,814,1228,243,902,1374,4199,3656,11691,2998,2981,9549,Day_1,Dark,Fast,5mm,Experiment_2
2025-10-23T03:08:15.301Z,15,807,1231,244,897,1376,4211,3656,11699,3002,2979,9557,Day_1,Dark,Fast,5mm,Experiment_2
2025-10-23T03:08:15.341Z,14,805,1232,246,897,1375,4213,3656,11719,3008,2984,9584,Day_1,Dark,Fast,5mm,Experiment_2
2025-10-23T03:08:15.381Z,13,808,1231,245,899,1372,4201,3659,11730,3009,2994,9605,Day_1,Dark,Fast,5mm,Experiment_2
2025-10-23T03:08:15.421Z,9,812,1234,240,902,1374,4183,3659,11723,3006,3000,9605,Day_1,Dark,Fast,5mm,Experiment_2
2025-10-23T03:08:15.461Z,4,815,1243,235,903,1384,4166,3647,11709,3001,2997,9597,Day_1,Dark,Fast,5mm,Experiment_2
2025-10-23T03:08:15.500Z,1,813,1254,232,900,1395,4164,3634,11707,3001,2990,9598,Day_1,Dark,Fast,5mm,Experiment_2
2025-10-23T03:08:15.540Z,1,809,1258,232,897,1399,4178,3630,11718,3009,2988,9612,Day_1,Dark,Fast,5mm,Experiment_2
2025-10-23T03:08:15.580Z,2,806,1257,233,897,1396,4192,3631,11736,3016,2986,9626,Day_1,Dark,Fast,5mm,Experiment_2
2025-10-23T03:08:15.620Z,4,804,1252,234,895,1390,4190,3628,11747,3012,2975,9626,Day_1,Dark,Fast,5mm,Experiment_2
2025-10-23T03:08:15.660Z,7,804,1248,236,893,1386,4170,3611,11735,2993,2951,9598,Day_1,Dark,Fast,5mm,Experiment_2
2025-10-23T03:08:15.700Z,9,806,1246,237,894,1385,4146,3593,11702,2967,2928,9551,Day_1,Dark,Fast,5mm,Experiment_2
2025-10-23T03:08:15.740Z,11,808,1246,238,899,1386,4136,3590,11682,2951,2923,9524,Day_1,Dark,Fast,5mm,Experiment_2
2025-10-23T03:08:15.780Z,14,811,1248,241,904,1388,4150,3601,11689,2958,2937,9536,Day_1,Dark,Fast,5mm,Experiment_2
2025-10-23T03:08:15.820Z,18,817,1252,244,908,1393,4175,3605,11701,2975,2949,9557,Day_1,Dark,Fast,5mm,Experiment_2
2025-10-23T03:08:15.860Z,18,823,1252,244,911,1395,4189,3605,11701,2984,2951,9561,Day_1,Dark,Fast,5mm,Experiment_2
2025-10-23T03:08:15.900Z,14,825,1245,241,913,1389,4190,3615,11701,2985,2953,9558,Day_1,Dark,Fast,5mm,Experiment_2
2025-10-23T03:08:15.940Z,10,821,1234,237,910,1379,4182,3637,11714,2985,2965,9571,Day_1,Dark,Fast,5mm,Experiment_2
2025-10-23T03:08:15.980Z,11,813,1227,236,902,1373,4176,3650,11742,2990,2976,9598,Day_1,Dark,Fast,5mm,Experiment_2
2025-10-23T03:08:16.020Z,17,806,1228,242,896,1374,4186,3652,11760,3001,2978,9619,Day_1,Dark,Fast,5mm,Experiment_2
2025-10-23T03:08:16.060Z,26,804,1233,251,895,1377,4208,3647,11745,3010,2970,9611,Day_1,Dark,Fast,5mm,Experiment_2
2025-10-23T03:08:16.100Z,28,806,1237,253,895,1377,4216,3626,11702,3006,2948,9568,Day_1,Dark,Fast,5mm,Experiment_2
2025-10-23T03:08:16.140Z,23,811,1236,245,896,1374,4201,3589,11655,2990,2916,9508,Day_1,Dark,Fast,5mm,Experiment_2
2025-10-23T03:08:16.180Z,18,815,1232,239,897,1371,4178,3571,11633,2981,2902,9478,Day_1,Dark,Fast,5mm,Experiment_2
2025-10-23T03:08:16.220Z,18,812,1229,241,896,1371,4166,3594,11646,2987,2924,9505,Day_1,Dark,Fast,5mm,Experiment_2
2025-10-23T03:08:16.260Z,19,802,1231,246,890,1373,4170,3634,11670,3001,2957,9550,Day_1,Dark,Fast,5mm,Experiment_2
2025-10-23T03:08:16.300Z,18,791,1237,248,884,1376,4181,3656,11681,3010,2975,9575,Day_1,Dark,Fast,5mm,Experiment_2
2025-10-23T03:08:16.340Z,14,787,1245,247,883,1381,4193,3660,11690,3015,2978,9583,Day_1,Dark,Fast,5mm,Experiment_2
2025-10-23T03:08:16.380Z,9,789,1250,245,887,1386,4208,3661,11711,3021,2984,9597,Day_1,Dark,Fast,5mm,Experiment_2
2025-10-23T03:08:16.420Z,5,792,1249,242,890,1389,4218,3666,11731,3026,2997,9616,Day_1,Dark,Fast,5mm,Experiment_2
2025-10-23T03:08:16.460Z,4,800,1247,239,894,1391,4214,3669,11729,3020,3008,9623,Day_1,Dark,Fast,5mm,Experiment_2
2025-10-23T03:08:16.500Z,7,809,1248,239,900,1393,4199,3660,11707,3004,3002,9609,Day_1,Dark,Fast,5mm,Experiment_2
2025-10-23T03:08:16.540Z,14,818,1247,244,905,1391,4187,3636,11678,2988,2975,9574,Day_1,Dark,Fast,5mm,Experiment_2
2025-10-23T03:08:16.581Z,24,822,1241,252,911,1384,4185,3608,11655,2981,2940,9532,Day_1,Dark,Fast,5mm,Experiment_2
2025-10-23T03:08:16.621Z,33,822,1238,255,913,1379,4196,3598,11660,2987,2923,9519,Day_1,Dark,Fast,5mm,Experiment_2
2025-10-23T03:08:16.661Z,32,817,1241,252,910,1380,4208,3610,11698,3003,2933,9558,Day_1,Dark,Fast,5mm,Experiment_2
2025-10-23T03:08:16.701Z,26,806,1246,248,902,1383,4208,3624,11738,3016,2953,9608,Day_1,Dark,Fast,5mm,Experiment_2
2025-10-23T03:08:16.741Z,23,794,1245,249,890,1383,4199,3629,11747,3022,2963,9629,Day_1,Dark,Fast,5mm,Experiment_2
2025-10-23T03:08:16.781Z,21,787,1245,250,882,1385,4190,3622,11734,3020,2963,9626,Day_1,Dark,Fast,5mm,Experiment_2
2025-10-23T03:08:16.821Z,17,788,1247,245,883,1390,4177,3615,11726,3012,2962,9628,Day_1,Dark,Fast,5mm,Experiment_2
2025-10-23T03:08:16.861Z,14,797,1249,240,890,1391,4161,3626,11735,3004,2971,9643,Day_1,Dark,Fast,5mm,Experiment_2
2025-10-23T03:08:16.901Z,15,809,1249,241,896,1388,4154,3649,11747,3000,2986,9649,Day_1,Dark,Fast,5mm,Experiment_2
2025-10-23T03:08:16.941Z,17,817,1246,242,898,1384,4155,3668,11746,2994,2996,9636,Day_1,Dark,Fast,5mm,Experiment_2
2025-10-23T03:08:16.981Z,18,820,1241,244,899,1379,4161,3670,11729,2986,2997,9608,Day_1,Dark,Fast,5mm,Experiment_2
2025-10-23T03:08:17.021Z,19,819,1237,250,899,1376,4167,3657,11704,2978,2987,9574,Day_1,Dark,Fast,5mm,Experiment_2
2025-10-23T03:08:17.061Z,20,809,1235,258,894,1375,4168,3639,11680,2974,2971,9548,Day_1,Dark,Fast,5mm,Experiment_2
2025-10-23T03:08:17.101Z,18,796,1234,258,885,1376,4165,3627,11667,2979,2960,9550,Day_1,Dark,Fast,5mm,Experiment_2
2025-10-23T03:08:17.141Z,14,788,1233,253,879,1378,4176,3621,11669,2992,2960,9574,Day_1,Dark,Fast,5mm,Experiment_2
2025-10-23T03:08:17.181Z,12,790,1235,249,881,1382,4201,3614,11678,3004,2962,9591,Day_1,Dark,Fast,5mm,Experiment_2
2025-10-23T03:08:17.221Z,16,797,1238,251,890,1388,4219,3608,11693,3007,2962,9589,Day_1,Dark,Fast,5mm,Experiment_2
2025-10-23T03:08:17.261Z,26,804,1241,257,899,1393,4218,3610,11716,3006,2964,9585,Day_1,Dark,Fast,5mm,Experiment_2
2025-10-23T03:08:17.301Z,34,811,1245,259,906,1395,4213,3619,11740,3011,2973,9601,Day_1,Dark,Fast,5mm,Experiment_2
2025-10-23T03:08:17.341Z,33,816,1252,255,906,1395,4213,3630,11749,3020,2985,9627,Day_1,Dark,Fast,5mm,Experiment_2
2025-10-23T03:08:17.381Z,29,815,1259,251,901,1394,4213,3645,11742,3025,2994,9641,Day_1,Dark,Fast,5mm,Experiment_2
2025-10-23T03:08:17.421Z,25,811,1255,248,895,1390,4211,3665,11733,3022,2996,9633,Day_1,Dark,Fast,5mm,Experiment_2
2025-10-23T03:08:17.461Z,21,807,1246,242,891,1383,4208,3673,11715,3011,2984,9601,Day_1,Dark,Fast,5mm,Experiment_2
2025-10-23T03:08:17.501Z,15,802,1236,236,887,1378,4195,3657,11680,2994,2960,9544,Day_1,Dark,Fast,5mm,Experiment_2
2025-10-23T03:08:17.541Z,9,796,1229,232,882,1374,4172,3633,11645,2980,2943,9498,Day_1,Dark,Fast,5mm,Experiment_2
2025-10-23T03:08:17.581Z,6,792,1226,229,881,1370,4156,3625,11636,2980,2948,9497,Day_1,Dark,Fast,5mm,Experiment_2
2025-10-23T03:08:17.621Z,6,795,1229,227,885,1370,4152,3630,11657,2985,2960,9528,Day_1,Dark,Fast,5mm,Experiment_2
2025-10-23T03:08:17.661Z,7,800,1234,226,889,1374,4156,3641,11689,2984,2968,9554,Day_1,Dark,Fast,5mm,Experiment_2
2025-10-23T03:08:17.701Z,7,805,1238,230,894,1380,4162,3650,11710,2980,2975,9564,Day_1,Dark,Fast,5mm,Experiment_2
2025-10-23T03:08:17.741Z,9,810,1238,235,898,1384,4174,3651,11713,2985,2979,9571,Day_1,Dark,Fast,5mm,Experiment_2
2025-10-23T03:08:17.781Z,15,812,1238,240,899,1385,4197,3643,11716,3001,2980,9586,Day_1,Dark,Fast,5mm,Experiment_2
2025-10-23T03:08:17.821Z,23,810,1243,246,897,1387,4224,3641,11725,3018,2980,9603,Day_1,Dark,Fast,5mm,Experiment_2
2025-10-23T03:08:17.861Z,27,807,1248,250,895,1392,4235,3648,11723,3025,2978,9598,Day_1,Dark,Fast,5mm,Experiment_2
2025-10-23T03:08:17.901Z,25,807,1252,252,894,1399,4227,3644,11703,3015,2964,9563,Day_1,Dark,Fast,5mm,Experiment_2
2025-10-23T03:08:17.941Z,23,808,1252,252,895,1402,4213,3620,11671,2994,2939,9513,Day_1,Dark,Fast,5mm,Experiment_2
2025-10-23T03:08:17.981Z,22,808,1255,253,895,1401,4210,3594,11644,2981,2921,9488,Day_1,Dark,Fast,5mm,Experiment_2
2025-10-23T03:08:18.022Z,19,806,1259,252,896,1400,4221,3589,11638,2986,2931,9509,Day_1,Dark,Fast,5mm,Experiment_2
2025-10-23T03:08:18.062Z,17,804,1257,251,896,1393,4236,3607,11645,3001,2958,9546,Day_1,Dark,Fast,5mm,Experiment_2
2025-10-23T03:08:18.102Z,19,804,1250,251,895,1385,4241,3630,11653,3010,2979,9566,Day_1,Dark,Fast,5mm,Experiment_2
2025-10-23T03:08:18.142Z,21,805,1246,251,895,1382,4236,3642,11662,3013,2987,9572,Day_1,Dark,Fast,5mm,Experiment_2
2025-10-23T03:08:18.182Z,21,809,1247,250,895,1386,4225,3642,11684,3014,2989,9589,Day_1,Dark,Fast,5mm,Experiment_2
2025-10-23T03:08:18.222Z,23,812,1252,253,895,1394,4210,3637,11716,3015,2989,9616,Day_1,Dark,Fast,5mm,Experiment_2
2025-10-23T03:08:18.262Z,26,810,1258,257,890,1401,4199,3624,11739,3014,2981,9633,Day_1,Dark,Fast,5mm,Experiment_2
2025-10-23T03:08:18.302Z,28,804,1258,258,884,1403,4197,3610,11736,3012,2965,9624,Day_1,Dark,Fast,5mm,Experiment_2
2025-10-23T03:08:18.342Z,27,798,1252,256,881,1399,4199,3600,11704,3008,2948,9585,Day_1,Dark,Fast,5mm,Experiment_2
2025-10-23T03:08:18.382Z,21,795,1245,251,883,1393,4189,3602,11657,2994,2938,9533,Day_1,Dark,Fast,5mm,Experiment_2
2025-10-23T03:08:18.422Z,14,795,1243,245,884,1390,4171,3627,11629,2980,2946,9506,Day_1,Dark,Fast,5mm,Experiment_2
2025-10-23T03:08:18.462Z,12,795,1242,242,882,1388,4170,3674,11636,2982,2975,9532,Day_1,Dark,Fast,5mm,Experiment_2
2025-10-23T03:08:18.502Z,18,792,1237,243,876,1381,4192,3710,11665,3002,3004,9579,Day_1,Dark,Fast,5mm,Experiment_2
2025-10-23T03:08:18.542Z,26,785,1231,249,871,1373,4219,3707,11691,3025,3012,9609,Day_1,Dark,Fast,5mm,Experiment_2
2025-10-23T03:08:18.582Z,30,784,1231,254,872,1372,4227,3681,11708,3036,3004,9618,Day_1,Dark,Fast,5mm,Experiment_2
2025-10-23T03:08:18.622Z,30,791,1235,258,879,1376,4215,3667,11719,3033,2998,9628,Day_1,Dark,Fast,5mm,Experiment_2
2025-10-23T03:08:18.662Z,29,799,1238,257,887,1378,4201,3676,11732,3025,3002,9645,Day_1,Dark,Fast,5mm,Experiment_2
2025-10-23T03:08:18.702Z,26,802,1240,254,893,1377,4198,3681,11742,3021,3007,9654,Day_1,Dark,Fast,5mm,Experiment_2
2025-10-23T03:08:18.742Z,30,804,1242,258,896,1376,4203,3663,11742,3021,3001,9642,Day_1,Dark,Fast,5mm,Experiment_2
2025-10-23T03:08:18.782Z,41,803,1246,266,897,1379,4211,3630,11728,3022,2984,9610,Day_1,Dark,Fast,5mm,Experiment_2
2025-10-23T03:08:18.822Z,47,800,1250,267,895,1382,4210,3602,11706,3015,2962,9567,Day_1,Dark,Fast,5mm,Experiment_2
2025-10-23T03:08:18.862Z,44,797,1250,263,894,1382,4197,3588,11685,3000,2945,9538,Day_1,Dark,Fast,5mm,Experiment_2
2025-10-23T03:08:18.902Z,37,797,1249,258,894,1381,4184,3591,11672,2990,2942,9541,Day_1,Dark,Fast,5mm,Experiment_2
2025-10-23T03:08:18.942Z,27,798,1249,254,892,1382,4183,3604,11676,2994,2956,9569,Day_1,Dark,Fast,5mm,Experiment_2
2025-10-23T03:08:18.982Z,20,799,1250,249,888,1383,4188,3622,11691,3003,2974,9595,Day_1,Dark,Fast,5mm,Experiment_2
2025-10-23T03:08:19.022Z,14,802,1251,246,886,1380,4190,3645,11710,3006,2986,9601,Day_1,Dark,Fast,5mm,Experiment_2
2025-10-23T03:08:19.062Z,13,808,1248,245,891,1375,4192,3668,11723,3005,2993,9600,Day_1,Dark,Fast,5mm,Experiment_2
2025-10-23T03:08:19.103Z,21,814,1247,251,896,1376,4200,3681,11728,3010,3002,9608,Day_1,Dark,Fast,5mm,Experiment_2
2025-10-23T03:08:19.143Z,30,816,1254,260,900,1386,4205,3679,11726,3017,3010,9620,Day_1,Dark,Fast,5mm,Experiment_2
2025-10-23T03:08:19.183Z,31,820,1263,262,905,1396,4204,3665,11724,3017,3007,9627,Day_1,Dark,Fast,5mm,Experiment_2
2025-10-23T03:08:19.223Z,29,828,1264,258,912,1398,4196,3644,11727,3007,2989,9622,Day_1,Dark,Fast,5mm,Experiment_2
2025-10-23T03:08:19.263Z,31,831,1255,258,915,1393,4185,3619,11718,2990,2964,9593,Day_1,Dark,Fast,5mm,Experiment_2
2025-10-23T03:08:19.303Z,38,826,1243,264,911,1384,4177,3599,11685,2975,2940,9540,Day_1,Dark,Fast,5mm,Experiment_2
2025-10-23T03:08:19.343Z,45,822,1235,272,907,1379,4175,3586,11648,2971,2926,9502,Day_1,Dark,Fast,5mm,Experiment_2
2025-10-23T03:08:19.383Z,48,823,1233,274,906,1379,4179,3590,11641,2978,2931,9509,Day_1,Dark,Fast,5mm,Experiment_2
2025-10-23T03:08:19.423Z,46,827,1234,270,908,1378,4179,3609,11662,2985,2949,9540,Day_1,Dark,Fast,5mm,Experiment_2
2025-10-23T03:08:19.461Z,44,827,1238,266,906,1378,4177,3631,11679,2985,2965,9556,Day_1,Dark,Fast,5mm,Experiment_2
2025-10-23T03:08:19.501Z,47,821,1242,270,899,1380,4181,3647,11681,2985,2976,9556,Day_1,Dark,Fast,5mm,Experiment_2
2025-10-23T03:08:19.541Z,49,818,1243,275,894,1382,4192,3660,11679,2993,2984,9561,Day_1,Dark,Fast,5mm,Experiment_2
2025-10-23T03:08:19.581Z,47,822,1240,276,896,1384,4205,3671,11689,3007,2990,9582,Day_1,Dark,Fast,5mm,Experiment_2
2025-10-23T03:08:19.621Z,42,822,1237,271,899,1384,4215,3678,11708,3019,2993,9605,Day_1,Dark,Fast,5mm,Experiment_2
2025-10-23T03:08:19.661Z,37,815,1236,265,897,1384,4212,3672,11717,3016,2990,9604,Day_1,Dark,Fast,5mm,Experiment_2
2025-10-23T03:08:19.701Z,35,809,1242,260,894,1385,4196,3641,11701,2995,2971,9567,Day_1,Dark,Fast,5mm,Experiment_2
2025-10-23T03:08:19.741Z,34,810,1249,260,894,1390,4177,3598,11659,2973,2938,9508,Day_1,Dark,Fast,5mm,Experiment_2
2025-10-23T03:08:19.781Z,37,810,1253,264,893,1393,4173,3577,11626,2969,2922,9477,Day_1,Dark,Fast,5mm,Experiment_2
2025-10-23T03:08:19.821Z,45,804,1252,271,889,1392,4182,3592,11637,2983,2937,9505,Day_1,Dark,Fast,5mm,Experiment_2
2025-10-23T03:08:19.861Z,50,803,1254,275,888,1392,4189,3628,11671,2997,2965,9557,Day_1,Dark,Fast,5mm,Experiment_2
2025-10-23T03:08:19.901Z,48,815,1261,272,895,1396,4194,3659,11696,3002,2982,9586,Day_1,Dark,Fast,5mm,Experiment_2
2025-10-23T03:08:19.941Z,40,828,1267,266,906,1401,4204,3673,11706,3008,2986,9592,Day_1,Dark,Fast,5mm,Experiment_2
2025-10-23T03:08:19.981Z,33,829,1262,258,910,1399,4216,3669,11713,3019,2988,9601,Day_1,Dark,Fast,5mm,Experiment_2
2025-10-23T03:08:20.021Z,25,821,1247,252,904,1388,4231,3659,11727,3032,2990,9618,Day_1,Dark,Fast,5mm,Experiment_2
2025-10-23T03:08:20.061Z,18,811,1230,250,894,1375,4239,3655,11745,3037,2991,9629,Day_1,Dark,Fast,5mm,Experiment_2
2025-10-23T03:08:20.101Z,17,807,1223,251,890,1370,4231,3658,11756,3029,2986,9621,Day_1,Dark,Fast,5mm,Experiment_2
2025-10-23T03:08:20.141Z,18,808,1231,244,892,1378,4212,3657,11741,3008,2973,9586,Day_1,Dark,Fast,5mm,Experiment_2
2025-10-23T03:08:20.181Z,17,813,1247,233,897,1391,4194,3644,11699,2986,2953,9532,Day_1,Dark,Fast,5mm,Experiment_2
2025-10-23T03:08:20.221Z,15,817,1258,229,897,1399,4182,3630,11665,2976,2942,9504,Day_1,Dark,Fast,5mm,Experiment_2
2025-10-23T03:08:20.261Z,19,818,1256,241,894,1396,4173,3630,11672,2983,2953,9529,Day_1,Dark,Fast,5mm,Experiment_2
2025-10-23T03:08:20.301Z,32,819,1248,262,892,1391,4166,3638,11706,2997,2971,9574,Day_1,Dark,Fast,5mm,Experiment_2
2025-10-23T03:08:20.341Z,68,816,1242,279,892,1388,4171,3638,11724,3010,2979,9595,Day_1,Dark,Fast,5mm,Experiment_2
2025-10-23T03:08:20.381Z,173,807,1238,293,889,1383,4190,3639,11718,3026,2981,9594,Day_1,Dark,Fast,5mm,Experiment_2
2025-10-23T03:08:20.421Z,350,797,1235,306,886,1374,4214,3651,11714,3041,2987,9602,Day_1,Dark,Fast,5mm,Experiment_2
2025-10-23T03:08:20.461Z,480,794,1235,313,886,1369,4230,3673,11730,3047,2998,9626,Day_1,Dark,Fast,5mm,Experiment_2
2025-10-23T03:08:20.501Z,506,794,1237,312,886,1369,4230,3685,11749,3039,3001,9644,Day_1,Dark,Fast,5mm,Experiment_2
2025-10-23T03:08:20.542Z,560,794,1238,312,884,1371,4228,3676,11754,3029,2995,9638,Day_1,Dark,Fast,5mm,Experiment_2
2025-10-23T03:08:20.582Z,591,798,1241,311,884,1376,4226,3659,11742,3020,2986,9611,Day_1,Dark,Fast,5mm,Experiment_2
2025-10-23T03:08:20.622Z,429,806,1248,293,890,1383,4217,3646,11717,3010,2977,9572,Day_1,Dark,Fast,5mm,Experiment_2
2025-10-23T03:08:20.662Z,194,808,1258,269,894,1392,4213,3640,11690,3001,2970,9546,Day_1,Dark,Fast,5mm,Experiment_2
2025-10-23T03:08:20.702Z,86,804,1267,256,891,1401,4226,3639,11682,3005,2973,9552,Day_1,Dark,Fast,5mm,Experiment_2
2025-10-23T03:08:20.742Z,150,803,1268,266,887,1401,4241,3641,11697,3019,2980,9581,Day_1,Dark,Fast,5mm,Experiment_2
2025-10-23T03:08:20.782Z,325,808,1257,294,888,1390,4243,3645,11721,3028,2982,9605,Day_1,Dark,Fast,5mm,Experiment_2
2025-10-23T03:08:20.822Z,430,814,1241,312,892,1378,4237,3648,11730,3028,2977,9606,Day_1,Dark,Fast,5mm,Experiment_2
2025-10-23T03:08:20.862Z,329,814,1230,296,895,1372,4231,3646,11726,3025,2971,9600,Day_1,Dark,Fast,5mm,Experiment_2
2025-10-23T03:08:20.902Z,148,808,1227,265,893,1374,4220,3644,11734,3021,2973,9608,Day_1,Dark,Fast,5mm,Experiment_2
2025-10-23T03:08:20.942Z,48,802,1229,247,889,1377,4207,3652,11751,3017,2985,9626,Day_1,Dark,Fast,5mm,Experiment_2
2025-10-23T03:08:20.982Z,38,798,1234,244,885,1380,4201,3657,11749,3014,2992,9630,Day_1,Dark,Fast,5mm,Experiment_2
2025-10-23T03:08:21.022Z,71,798,1239,250,887,1383,4203,3655,11721,3012,2990,9613,Day_1,Dark,Fast,5mm,Experiment_2
2025-10-23T03:08:21.062Z,112,802,1245,256,892,1387,4200,3653,11692,3006,2981,9580,Day_1,Dark,Fast,5mm,Experiment_2
2025-10-23T03:08:21.102Z,169,808,1250,261,895,1390,4188,3655,11676,2995,2971,9543,Day_1,Dark,Fast,5mm,Experiment_2
2025-10-23T03:08:21.142Z,266,809,1247,265,893,1387,4179,3656,11671,2988,2963,9521,Day_1,Dark,Fast,5mm,Experiment_2
2025-10-23T03:08:21.182Z,320,806,1240,265,890,1382,4182,3648,11680,2992,2959,9535,Day_1,Dark,Fast,5mm,Experiment_2
2025-10-23T03:08:21.222Z,246,803,1234,261,890,1376,4192,3633,11699,3000,2956,9564,Day_1,Dark,Fast,5mm,Experiment_2
2025-10-23T03:08:21.262Z,127,800,1229,260,887,1371,4192,3620,11706,2999,2953,9579,Day_1,Dark,Fast,5mm,Experiment_2
2025-10-23T03:08:21.302Z,61,797,1227,262,883,1370,4188,3616,11700,2994,2955,9578,Day_1,Dark,Fast,5mm,Experiment_2
2025-10-23T03:08:21.342Z,38,795,1232,261,883,1376,4194,3620,11704,3000,2965,9587,Day_1,Dark,Fast,5mm,Experiment_2
2025-10-23T03:08:21.382Z,28,795,1244,260,887,1386,4204,3631,11727,3014,2983,9612,Day_1,Dark,Fast,5mm,Experiment_2
2025-10-23T03:08:21.422Z,26,798,1254,260,892,1395,4207,3647,11756,3022,2996,9634,Day_1,Dark,Fast,5mm,Experiment_2
2025-10-23T03:08:21.462Z,26,804,1255,259,898,1395,4205,3659,11767,3020,2994,9630,Day_1,Dark,Fast,5mm,Experiment_2
2025-10-23T03:08:21.502Z,26,811,1253,256,903,1393,4197,3658,11742,3005,2977,9590,Day_1,Dark,Fast,5mm,Experiment_2
2025-10-23T03:08:21.542Z,30,819,1255,255,907,1396,4181,3642,11688,2982,2956,9528,Day_1,Dark,Fast,5mm,Experiment_2
2025-10-23T03:08:21.582Z,37,821,1260,259,906,1401,4171,3624,11638,2967,2946,9485,Day_1,Dark,Fast,5mm,Experiment_2
2025-10-23T03:08:21.623Z,42,815,1259,263,899,1400,4184,3615,11623,2973,2952,9497,Day_1,Dark,Fast,5mm,Experiment_2
2025-10-23T03:08:21.663Z,41,802,1252,263,888,1395,4204,3611,11638,2991,2961,9540,Day_1,Dark,Fast,5mm,Experiment_2
2025-10-23T03:08:21.703Z,33,794,1239,259,883,1387,4207,3609,11658,3002,2964,9570,Day_1,Dark,Fast,5mm,Experiment_2
2025-10-23T03:08:21.743Z,23,793,1220,253,883,1377,4196,3619,11676,3005,2970,9582,Day_1,Dark,Fast,5mm,Experiment_2
2025-10-23T03:08:21.783Z,20,794,1198,252,885,1371,4189,3641,11694,3010,2983,9589,Day_1,Dark,Fast,5mm,Experiment_2
2025-10-23T03:08:21.823Z,23,796,1167,255,887,1371,4199,3663,11713,3019,2995,9602,Day_1,Dark,Fast,5mm,Experiment_2
2025-10-23T03:08:21.863Z,31,801,1115,259,890,1372,4213,3673,11729,3025,2998,9614,Day_1,Dark,Fast,5mm,Experiment_2
2025-10-23T03:08:21.903Z,42,810,1080,266,895,1371,4217,3667,11728,3019,2987,9608,Day_1,Dark,Fast,5mm,Experiment_2
2025-10-23T03:08:21.943Z,57,818,1097,276,898,1369,4207,3645,11698,3002,2963,9571,Day_1,Dark,Fast,5mm,Experiment_2
2025-10-23T03:08:21.983Z,67,820,1124,284,897,1368,4188,3621,11649,2978,2938,9513,Day_1,Dark,Fast,5mm,Experiment_2
2025-10-23T03:08:22.023Z,66,817,1146,284,895,1367,4180,3600,11616,2966,2924,9485,Day_1,Dark,Fast,5mm,Experiment_2
2025-10-23T03:08:22.063Z,56,816,1209,279,895,1371,4194,3589,11629,2981,2930,9517,Day_1,Dark,Fast,5mm,Experiment_2
2025-10-23T03:08:22.103Z,48,816,1314,274,897,1377,4215,3591,11669,3005,2946,9570,Day_1,Dark,Fast,5mm,Experiment_2
2025-10-23T03:08:22.143Z,45,812,1414,270,895,1385,4225,3600,11700,3016,2959,9600,Day_1,Dark,Fast,5mm,Experiment_2
2025-10-23T03:08:22.183Z,43,806,1540,266,890,1398,4231,3608,11710,3018,2966,9608,Day_1,Dark,Fast,5mm,Experiment_2
2025-10-23T03:08:22.223Z,40,808,1754,263,888,1419,4236,3624,11718,3024,2977,9618,Day_1,Dark,Fast,5mm,Experiment_2
2025-10-23T03:08:22.263Z,38,817,1891,262,897,1432,4234,3649,11737,3030,2996,9632,Day_1,Dark,Fast,5mm,Experiment_2
2025-10-23T03:08:22.303Z,45,824,1788,265,909,1423,4219,3664,11751,3024,3005,9632,Day_1,Dark,Fast,5mm,Experiment_2
2025-10-23T03:08:22.343Z,68,822,1620,275,915,1409,4204,3665,11743,3012,3000,9613,Day_1,Dark,Fast,5mm,Experiment_2
2025-10-23T03:08:22.383Z,88,817,1508,284,913,1402,4196,3659,11717,3002,2986,9587,Day_1,Dark,Fast,5mm,Experiment_2
2025-10-23T03:08:22.423Z,80,813,1331,280,906,1390,4191,3650,11684,2993,2969,9559,Day_1,Dark,Fast,5mm,Experiment_2
2025-10-23T03:08:22.463Z,57,807,1086,269,898,1371,4181,3648,11662,2981,2961,9545,Day_1,Dark,Fast,5mm,Experiment_2
2025-10-23T03:08:22.503Z,39,798,927,261,892,1356,4172,3651,11665,2975,2967,9556,Day_1,Dark,Fast,5mm,Experiment_2
2025-10-23T03:08:22.543Z,25,790,893,253,890,1350,4178,3646,11688,2985,2979,9583,Day_1,Dark,Fast,5mm,Experiment_2
2025-10-23T03:08:22.583Z,14,793,861,241,893,1349,4197,3630,11713,3004,2985,9605,Day_1,Dark,Fast,5mm,Experiment_2
2025-10-23T03:08:22.623Z,13,803,847,234,897,1352,4209,3616,11725,3017,2981,9611,Day_1,Dark,Fast,5mm,Experiment_2
2025-10-23T03:08:22.663Z,24,809,964,240,897,1370,4210,3619,11735,3023,2979,9613,Day_1,Dark,Fast,5mm,Experiment_2
2025-10-23T03:08:22.703Z,38,808,1130,253,895,1390,4207,3645,11757,3025,2989,9625,Day_1,Dark,Fast,5mm,Experiment_2
2025-10-23T03:08:22.743Z,40,806,1230,259,893,1399,4203,3673,11772,3024,3001,9637,Day_1,Dark,Fast,5mm,Experiment_2
2025-10-23T03:08:22.783Z,29,807,1296,256,895,1398,4194,3681,11763,3017,3003,9634,Day_1,Dark,Fast,5mm,Experiment_2
2025-10-23T03:08:22.823Z,22,812,1373,254,898,1394,4186,3677,11740,3009,2995,9619,Day_1,Dark,Fast,5mm,Experiment_2
2025-10-23T03:08:22.863Z,28,816,1418,259,900,1391,4190,3668,11715,3005,2981,9590,Day_1,Dark,Fast,5mm,Experiment_2
2025-10-23T03:08:22.903Z,38,812,1394,264,898,1388,4198,3650,11699,3000,2964,9553,Day_1,Dark,Fast,5mm,Experiment_2
2025-10-23T03:08:22.943Z,40,805,1354,265,895,1385,4196,3631,11698,2991,2954,9532,Day_1,Dark,Fast,5mm,Experiment_2
2025-10-23T03:08:22.983Z,35,805,1332,261,897,1383,4183,3621,11707,2986,2956,9547,Day_1,Dark,Fast,5mm,Experiment_2
2025-10-23T03:08:23.023Z,36,812,1300,261,903,1381,4175,3614,11703,2986,2958,9568,Day_1,Dark,Fast,5mm,Experiment_2
2025-10-23T03:08:23.064Z,46,818,1262,270,907,1378,4178,3605,11687,2987,2952,9568,Day_1,Dark,Fast,5mm,Experiment_2
2025-10-23T03:08:23.104Z,53,819,1238,278,907,1375,4189,3600,11681,2991,2948,9560,Day_1,Dark,Fast,5mm,Experiment_2
2025-10-23T03:08:23.144Z,43,819,1232,270,906,1373,4204,3606,11699,2997,2955,9567,Day_1,Dark,Fast,5mm,Experiment_2
2025-10-23T03:08:23.184Z,27,821,1232,252,905,1371,4213,3616,11727,3003,2968,9591,Day_1,Dark,Fast,5mm,Experiment_2
2025-10-23T03:08:23.224Z,16,824,1234,238,903,1371,4206,3624,11736,3003,2976,9609,Day_1,Dark,Fast,5mm,Experiment_2
2025-10-23T03:08:23.264Z,17,825,1238,239,899,1372,4191,3627,11718,2999,2976,9600,Day_1,Dark,Fast,5mm,Experiment_2
2025-10-23T03:08:23.304Z,27,821,1241,253,895,1374,4174,3626,11680,2990,2967,9560,Day_1,Dark,Fast,5mm,Experiment_2
2025-10-23T03:08:23.344Z,40,814,1244,267,892,1379,4153,3622,11638,2974,2952,9505,Day_1,Dark,Fast,5mm,Experiment_2
2025-10-23T03:08:23.384Z,54,806,1244,277,891,1383,4144,3624,11617,2963,2944,9476,Day_1,Dark,Fast,5mm,Experiment_2
2025-10-23T03:08:23.422Z,64,800,1240,282,889,1384,4158,3639,11630,2975,2953,9500,Day_1,Dark,Fast,5mm,Experiment_2
2025-10-23T03:08:23.462Z,60,799,1238,276,889,1381,4181,3656,11647,2998,2970,9542,Day_1,Dark,Fast,5mm,Experiment_2
2025-10-23T03:08:23.502Z,41,800,1244,259,892,1381,4200,3659,11628,3013,2977,9559,Day_1,Dark,Fast,5mm,Experiment_2
2025-10-23T03:08:23.542Z,21,803,1252,243,897,1383,4219,3651,11571,3019,2975,9552,Day_1,Dark,Fast,5mm,Experiment_2
2025-10-23T03:08:23.582Z,15,808,1253,241,902,1383,4237,3652,11509,3024,2978,9547,Day_1,Dark,Fast,5mm,Experiment_2
2025-10-23T03:08:23.622Z,23,811,1247,252,904,1382,4250,3663,11410,3030,2984,9543,Day_1,Dark,Fast,5mm,Experiment_2
2025-10-23T03:08:23.662Z,37,809,1240,267,898,1383,4256,3670,11216,3035,2985,9516,Day_1,Dark,Fast,5mm,Experiment_2
2025-10-23T03:08:23.702Z,48,806,1236,278,892,1384,4253,3663,11088,3035,2978,9482,Day_1,Dark,Fast,5mm,Experiment_2
2025-10-23T03:08:23.742Z,57,808,1235,283,890,1382,4237,3640,11207,3026,2961,9467,Day_1,Dark,Fast,5mm,Experiment_2
2025-10-23T03:08:23.782Z,63,812,1233,285,894,1377,4211,3616,11428,3011,2939,9464,Day_1,Dark,Fast,5mm,Experiment_2
2025-10-23T03:08:23.822Z,58,812,1232,280,895,1373,4194,3612,11612,3002,2930,9487,Day_1,Dark,Fast,5mm,Experiment_2
2025-10-23T03:08:23.862Z,40,806,1235,269,891,1375,4198,3634,11869,3006,2945,9568,Day_1,Dark,Fast,5mm,Experiment_2
2025-10-23T03:08:23.902Z,23,796,1238,257,884,1378,4210,3659,12248,3014,2971,9678,Day_1,Dark,Fast,5mm,Experiment_2
2025-10-23T03:08:23.942Z,15,789,1235,249,877,1377,4212,3666,12563,3015,2989,9751,Day_1,Dark,Fast,5mm,Experiment_2
2025-10-23T03:08:23.982Z,15,790,1232,247,876,1374,4210,3652,12846,3012,2991,9797,Day_1,Dark,Fast,5mm,Experiment_2
2025-10-23T03:08:24.022Z,15,795,1234,245,878,1374,4219,3638,13376,3014,2989,9895,Day_1,Dark,Fast,5mm,Experiment_2
2025-10-23T03:08:24.062Z,17,799,1239,243,882,1379,4235,3641,13701,3023,2994,9967,Day_1,Dark,Fast,5mm,Experiment_2
2025-10-23T03:08:24.102Z,26,799,1241,246,885,1385,4243,3657,13197,3028,3001,9887,Day_1,Dark,Fast,5mm,Experiment_2
2025-10-23T03:08:24.143Z,42,797,1239,257,887,1388,4234,3667,12350,3023,3000,9729,Day_1,Dark,Fast,5mm,Experiment_2
2025-10-23T03:08:24.183Z,55,798,1235,269,890,1389,4219,3662,11774,3011,2990,9606,Day_1,Dark,Fast,5mm,Experiment_2
2025-10-23T03:08:24.223Z,54,805,1234,271,896,1388,4206,3647,11281,2998,2974,9491,Day_1,Dark,Fast,5mm,Experiment_2
2025-10-23T03:08:24.263Z,45,815,1239,266,902,1389,4192,3632,10632,2993,2961,9357,Day_1,Dark,Fast,5mm,Experiment_2
2025-10-23T03:08:24.303Z,35,820,1251,260,905,1395,4179,3630,10211,2995,2961,9291,Day_1,Dark,Fast,5mm,Experiment_2
2025-10-23T03:08:24.343Z,27,816,1267,254,903,1405,4171,3638,10293,2999,2972,9330,Day_1,Dark,Fast,5mm,Experiment_2
2025-10-23T03:08:24.383Z,22,811,1279,248,904,1412,4170,3648,10425,3001,2982,9372,Day_1,Dark,Fast,5mm,Experiment_2
2025-10-23T03:08:24.423Z,26,809,1278,245,906,1411,4177,3655,10492,3001,2983,9388,Day_1,Dark,Fast,5mm,Experiment_2
2025-10-23T03:08:24.463Z,46,805,1266,245,903,1401,4191,3658,10850,3003,2982,9456,Day_1,Dark,Fast,5mm,Experiment_2
2025-10-23T03:08:24.503Z,81,799,1251,245,895,1390,4208,3653,11329,3008,2982,9553,Day_1,Dark,Fast,5mm,Experiment_2
2025-10-23T03:08:24.543Z,104,795,1240,247,889,1382,4220,3643,11623,3011,2978,9618,Day_1,Dark,Fast,5mm,Experiment_2
2025-10-23T03:08:24.583Z,90,798,1234,254,890,1376,4221,3638,11839,3010,2971,9661,Day_1,Dark,Fast,5mm,Experiment_2
2025-10-23T03:08:24.623Z,57,804,1230,260,895,1372,4213,3641,12105,3006,2968,9705,Day_1,Dark,Fast,5mm,Experiment_2
2025-10-23T03:08:24.663Z,33,807,1232,261,895,1373,4201,3641,12254,2998,2965,9709,Day_1,Dark,Fast,5mm,Experiment_2
2025-10-23T03:08:24.703Z,22,803,1239,257,891,1378,4191,3631,12125,2987,2958,9643,Day_1,Dark,Fast,5mm,Experiment_2
2025-10-23T03:08:24.743Z,22,804,1246,254,893,1386,4184,3628,11897,2981,2953,9566,Day_1,Dark,Fast,5mm,Experiment_2
2025-10-23T03:08:24.783Z,44,810,1251,255,902,1393,4178,3643,11754,2985,2961,9547,Day_1,Dark,Fast,5mm,Experiment_2
2025-10-23T03:08:24.823Z,109,813,1250,266,907,1392,4180,3662,11637,2997,2975,9569,Day_1,Dark,Fast,5mm,Experiment_2
2025-10-23T03:08:24.863Z,220,811,1244,285,906,1385,4200,3672,11473,3012,2983,9590,Day_1,Dark,Fast,5mm,Experiment_2
2025-10-23T03:08:24.903Z,281,811,1236,293,904,1377,4227,3669,11370,3024,2981,9594,Day_1,Dark,Fast,5mm,Experiment_2
2025-10-23T03:08:24.943Z,214,815,1228,279,904,1372,4244,3664,11445,3029,2977,9594,Day_1,Dark,Fast,5mm,Experiment_2
2025-10-23T03:08:24.983Z,102,823,1221,260,908,1368,4238,3672,11600,3027,2983,9603,Day_1,Dark,Fast,5mm,Experiment_2
2025-10-23T03:08:25.023Z,42,828,1221,253,912,1367,4220,3688,11698,3018,2996,9616,Day_1,Dark,Fast,5mm,Experiment_2
2025-10-23T03:08:25.063Z,25,820,1232,252,907,1372,4207,3691,11724,3010,3002,9613,Day_1,Dark,Fast,5mm,Experiment_2
2025-10-23T03:08:25.103Z,18,809,1251,250,902,1383,4204,3679,11701,3005,2991,9575,Day_1,Dark,Fast,5mm,Experiment_2
2025-10-23T03:08:25.143Z,14,806,1267,250,902,1393,4201,3657,11655,2998,2965,9514,Day_1,Dark,Fast,5mm,Experiment_2
2025-10-23T03:08:25.183Z,19,801,1271,253,902,1397,4195,3632,11629,2992,2941,9479,Day_1,Dark,Fast,5mm,Experiment_2
2025-10-23T03:08:25.223Z,26,787,1264,255,897,1395,4195,3620,11649,2993,2939,9499,Day_1,Dark,Fast,5mm,Experiment_2
2025-10-23T03:08:25.263Z,29,776,1254,253,892,1393,4199,3625,11692,2998,2956,9543,Day_1,Dark,Fast,5mm,Experiment_2
2025-10-23T03:08:25.303Z,28,781,1249,254,890,1394,4206,3631,11725,3004,2970,9568,Day_1,Dark,Fast,5mm,Experiment_2
2025-10-23T03:08:25.343Z,28,793,1246,259,889,1393,4219,3635,11740,3012,2975,9578,Day_1,Dark,Fast,5mm,Experiment_2
2025-10-23T03:08:25.383Z,30,799,1241,262,891,1388,4232,3645,11748,3023,2980,9592,Day_1,Dark,Fast,5mm,Experiment_2
2025-10-23T03:08:25.423Z,33,783,1234,258,900,1379,4241,3658,11755,3029,2987,9613,Day_1,Dark,Fast,5mm,Experiment_2
2025-10-23T03:08:25.463Z,36,744,1231,250,907,1373,4240,3661,11754,3027,2990,9624,Day_1,Dark,Fast,5mm,Experiment_2
2025-10-23T03:08:25.503Z,36,716,1233,244,907,1375,4231,3658,11744,3017,2987,9613,Day_1,Dark,Fast,5mm,Experiment_2
2025-10-23T03:08:25.543Z,32,735,1234,246,903,1379,4216,3655,11725,3001,2975,9577,Day_1,Dark,Fast,5mm,Experiment_2
2025-10-23T03:08:25.584Z,28,796,1229,252,902,1377,4195,3647,11690,2981,2953,9524,Day_1,Dark,Fast,5mm,Experiment_2
2025-10-23T03:08:25.624Z,27,900,1227,255,907,1374,4179,3633,11659,2969,2936,9496,Day_1,Dark,Fast,5mm,Experiment_2
2025-10-23T03:08:25.664Z,25,1135,1240,254,915,1380,4172,3620,11649,2972,2937,9520,Day_1,Dark,Fast,5mm,Experiment_2
2025-10-23T03:08:25.704Z,23,1603,1256,251,919,1392,4175,3613,11661,2988,2952,9563,Day_1,Dark,Fast,5mm,Experiment_2
2025-10-23T03:08:25.744Z,20,2068,1257,249,916,1396,4187,3619,11680,3005,2968,9591,Day_1,Dark,Fast,5mm,Experiment_2
2025-10-23T03:08:25.784Z,17,2061,1245,247,906,1390,4205,3640,11701,3017,2978,9603,Day_1,Dark,Fast,5mm,Experiment_2
2025-10-23T03:08:25.824Z,18,1588,1238,248,897,1382,4216,3667,11719,3024,2988,9619,Day_1,Dark,Fast,5mm,Experiment_2
2025-10-23T03:08:25.864Z,23,1117,1251,251,893,1379,4216,3682,11731,3024,2997,9638,Day_1,Dark,Fast,5mm,Experiment_2
2025-10-23T03:08:25.904Z,27,876,1310,251,893,1383,4209,3681,11732,3019,3000,9644,Day_1,Dark,Fast,5mm,Experiment_2
2025-10-23T03:08:25.944Z,22,773,1418,244,896,1390,4202,3676,11723,3011,2997,9631,Day_1,Dark,Fast,5mm,Experiment_2
2025-10-23T03:08:25.984Z,12,707,1481,231,898,1393,4197,3667,11703,3002,2985,9599,Day_1,Dark,Fast,5mm,Experiment_2
2025-10-23T03:08:26.024Z,5,640,1419,224,896,1388,4193,3648,11677,2990,2962,9555,Day_1,Dark,Fast,5mm,Experiment_2
2025-10-23T03:08:26.064Z,8,563,1311,227,890,1383,4186,3633,11658,2980,2943,9528,Day_1,Dark,Fast,5mm,Experiment_2
2025-10-23T03:08:26.104Z,21,533,1251,240,884,1382,4177,3645,11659,2984,2946,9539,Day_1,Dark,Fast,5mm,Experiment_2
2025-10-23T03:08:26.144Z,35,606,1238,255,881,1382,4176,3674,11675,2997,2969,9571,Day_1,Dark,Fast,5mm,Experiment_2
2025-10-23T03:08:26.184Z,40,723,1237,260,878,1382,4187,3691,11685,3010,2990,9592,Day_1,Dark,Fast,5mm,Experiment_2
2025-10-23T03:08:26.224Z,36,815,1225,256,879,1386,4200,3686,11684,3014,2996,9593,Day_1,Dark,Fast,5mm,Experiment_2
2025-10-23T03:08:26.264Z,32,864,1170,252,885,1389,4206,3670,11688,3015,2992,9592,Day_1,Dark,Fast,5mm,Experiment_2
2025-10-23T03:08:26.304Z,27,864,1066,248,893,1388,4210,3659,11710,3016,2991,9607,Day_1,Dark,Fast,5mm,Experiment_2
2025-10-23T03:08:26.344Z,19,843,1004,244,901,1383,4213,3655,11740,3017,2992,9626,Day_1,Dark,Fast,5mm,Experiment_2
2025-10-23T03:08:26.384Z,14,832,1062,243,907,1380,4214,3654,11751,3016,2987,9630,Day_1,Dark,Fast,5mm,Experiment_2
2025-10-23T03:08:26.424Z,15,831,1167,246,910,1381,4212,3650,11737,3012,2975,9614,Day_1,Dark,Fast,5mm,Experiment_2
2025-10-23T03:08:26.464Z,19,826,1227,247,907,1384,4209,3648,11714,3005,2965,9584,Day_1,Dark,Fast,5mm,Experiment_2
2025-10-23T03:08:26.504Z,20,817,1242,247,897,1388,4202,3646,11693,2993,2957,9551,Day_1,Dark,Fast,5mm,Experiment_2
2025-10-23T03:08:26.544Z,21,812,1240,249,891,1388,4187,3639,11680,2984,2951,9536,Day_1,Dark,Fast,5mm,Experiment_2
2025-10-23T03:08:26.584Z,36,814,1235,254,892,1384,4173,3628,11681,2984,2952,9547,Day_1,Dark,Fast,5mm,Experiment_2
2025-10-23T03:08:26.624Z,79,814,1231,264,894,1379,4172,3623,11691,2992,2959,9566,Day_1,Dark,Fast,5mm,Experiment_2
2025-10-23T03:08:26.665Z,147,810,1231,276,893,1379,4186,3630,11691,3003,2966,9573,Day_1,Dark,Fast,5mm,Experiment_2
2025-10-23T03:08:26.705Z,185,807,1232,282,892,1381,4209,3639,11684,3011,2966,9572,Day_1,Dark,Fast,5mm,Experiment_2
2025-10-23T03:08:26.745Z,149,807,1233,277,894,1377,4225,3643,11687,3014,2964,9584,Day_1,Dark,Fast,5mm,Experiment_2
2025-10-23T03:08:26.785Z,85,809,1232,267,898,1370,4227,3646,11705,3013,2967,9613,Day_1,Dark,Fast,5mm,Experiment_2
2025-10-23T03:08:26.825Z,47,813,1229,258,901,1368,4217,3652,11726,3007,2974,9639,Day_1,Dark,Fast,5mm,Experiment_2
2025-10-23T03:08:26.865Z,32,820,1225,253,906,1372,4199,3654,11736,2994,2977,9638,Day_1,Dark,Fast,5mm,Experiment_2
2025-10-23T03:08:26.905Z,24,827,1222,254,910,1376,4179,3641,11722,2977,2968,9601,Day_1,Dark,Fast,5mm,Experiment_2
2025-10-23T03:08:26.945Z,19,829,1228,256,908,1382,4164,3624,11687,2962,2948,9541,Day_1,Dark,Fast,5mm,Experiment_2
2025-10-23T03:08:26.985Z,21,819,1245,258,899,1388,4159,3618,11657,2955,2935,9504,Day_1,Dark,Fast,5mm,Experiment_2
2025-10-23T03:08:27.025Z,26,800,1264,259,886,1388,4158,3623,11654,2956,2937,9516,Day_1,Dark,Fast,5mm,Experiment_2
2025-10-23T03:08:27.065Z,28,784,1272,259,877,1384,4127,3625,11662,2963,2946,9548,Day_1,Dark,Fast,5mm,Experiment_2
2025-10-23T03:08:27.105Z,26,778,1266,256,877,1384,3995,3626,11658,2977,2955,9557,Day_1,Dark,Fast,5mm,Experiment_2
2025-10-23T03:08:27.145Z,23,784,1256,254,884,1387,3739,3633,11649,2991,2962,9549,Day_1,Dark,Fast,5mm,Experiment_2
2025-10-23T03:08:27.185Z,21,797,1247,253,894,1387,3529,3646,11658,2999,2970,9552,Day_1,Dark,Fast,5mm,Experiment_2
2025-10-23T03:08:27.225Z,16,811,1240,250,901,1385,3522,3662,11683,3003,2980,9570,Day_1,Dark,Fast,5mm,Experiment_2
2025-10-23T03:08:27.265Z,11,819,1238,246,906,1385,3650,3674,11704,3004,2990,9587,Day_1,Dark,Fast,5mm,Experiment_2
2025-10-23T03:08:27.305Z,10,820,1241,243,907,1385,3846,3674,11700,3000,2993,9580,Day_1,Dark,Fast,5mm,Experiment_2
2025-10-23T03:08:27.345Z,13,818,1245,246,907,1386,4108,3661,11662,2998,2979,9535,Day_1,Dark,Fast,5mm,Experiment_2
2025-10-23T03:08:27.385Z,17,813,1250,253,906,1386,4423,3634,11614,3000,2950,9473,Day_1,Dark,Fast,5mm,Experiment_2
2025-10-23T03:08:27.425Z,17,808,1253,256,904,1389,4784,3605,11598,3006,2929,9450,Day_1,Dark,Fast,5mm,Experiment_2
2025-10-23T03:08:27.465Z,12,802,1253,251,898,1392,5251,3592,11621,3013,2932,9488,Day_1,Dark,Fast,5mm,Experiment_2
2025-10-23T03:08:27.505Z,11,795,1248,247,889,1393,5844,3597,11657,3020,2948,9545,Day_1,Dark,Fast,5mm,Experiment_2
2025-10-23T03:08:27.545Z,16,790,1242,249,884,1391,6081,3612,11682,3022,2963,9580,Day_1,Dark,Fast,5mm,Experiment_2
2025-10-23T03:08:27.585Z,21,797,1242,252,889,1392,5476,3636,11691,3012,2974,9592,Day_1,Dark,Fast,5mm,Experiment_2
2025-10-23T03:08:27.625Z,17,809,1246,250,898,1394,4437,3663,11696,2997,2986,9601,Day_1,Dark,Fast,5mm,Experiment_2
2025-10-23T03:08:27.665Z,10,815,1249,244,901,1395,3575,3689,11723,2993,2999,9616,Day_1,Dark,Fast,5mm,Experiment_2
2025-10-23T03:08:27.705Z,10,814,1250,242,900,1397,3183,3703,11809,3002,3009,9630,Day_1,Dark,Fast,5mm,Experiment_2
2025-10-23T03:08:27.744Z,19,813,1251,249,902,1397,3310,3694,11954,3010,3007,9641,Day_1,Dark,Fast,5mm,Experiment_2
2025-10-23T03:08:27.784Z,30,815,1250,259,906,1395,3652,3667,12023,3002,2992,9624,Day_1,Dark,Fast,5mm,Experiment_2
2025-10-23T03:08:27.824Z,39,814,1250,264,907,1393,3928,3638,11914,2971,2971,9570,Day_1,Dark,Fast,5mm,Experiment_2
2025-10-23T03:08:27.864Z,43,812,1251,263,906,1391,4087,3624,11752,2928,2960,9530,Day_1,Dark,Fast,5mm,Experiment_2
2025-10-23T03:08:27.904Z,42,814,1247,260,905,1389,4143,3633,11680,2917,2968,9546,Day_1,Dark,Fast,5mm,Experiment_2
2025-10-23T03:08:27.944Z,38,818,1240,256,905,1385,4094,3655,11683,2961,2986,9588,Day_1,Dark,Fast,5mm,Experiment_2
2025-10-23T03:08:27.984Z,35,821,1233,252,905,1380,3941,3669,11692,3024,2998,9608,Day_1,Dark,Fast,5mm,Experiment_2
2025-10-23T03:08:28.024Z,34,820,1230,253,904,1375,3804,3668,11640,3072,2997,9596,Day_1,Dark,Fast,5mm,Experiment_2
2025-10-23T03:08:28.064Z,36,816,1232,258,903,1375,3806,3660,11444,3087,2993,9559,Day_1,Dark,Fast,5mm,Experiment_2
2025-10-23T03:08:28.104Z,35,813,1236,259,904,1378,3909,3653,11110,3071,2991,9508,Day_1,Dark,Fast,5mm,Experiment_2
2025-10-23T03:08:28.144Z,33,812,1239,257,904,1380,4041,3652,10920,3047,2991,9485,Day_1,Dark,Fast,5mm,Experiment_2
2025-10-23T03:08:28.184Z,31,808,1243,257,898,1383,4158,3657,11111,3033,2992,9517,Day_1,Dark,Fast,5mm,Experiment_2
2025-10-23T03:08:28.224Z,31,799,1244,257,890,1385,4230,3662,11437,3023,2992,9558,Day_1,Dark,Fast,5mm,Experiment_2
2025-10-23T03:08:28.264Z,32,790,1241,259,884,1384,4258,3659,11609,3011,2986,9561,Day_1,Dark,Fast,5mm,Experiment_2
2025-10-23T03:08:28.304Z,36,787,1236,262,884,1381,4250,3644,11646,3003,2971,9540,Day_1,Dark,Fast,5mm,Experiment_2
2025-10-23T03:08:28.344Z,43,791,1238,269,890,1381,4227,3626,11653,2999,2957,9529,Day_1,Dark,Fast,5mm,Experiment_2
2025-10-23T03:08:28.384Z,51,799,1245,277,897,1387,4215,3618,11664,3001,2955,9539,Day_1,Dark,Fast,5mm,Experiment_2
2025-10-23T03:08:28.424Z,48,805,1249,283,901,1391,4210,3624,11670,3003,2963,9551,Day_1,Dark,Fast,5mm,Experiment_2
2025-10-23T03:08:28.464Z,35,807,1245,288,901,1390,4204,3633,11667,2999,2967,9552,Day_1,Dark,Fast,5mm,Experiment_2
2025-10-23T03:08:28.504Z,22,800,1239,285,896,1387,4203,3641,11667,2997,2968,9550,Day_1,Dark,Fast,5mm,Experiment_2
2025-10-23T03:08:28.544Z,18,791,1238,270,890,1388,4214,3648,11679,3007,2972,9560,Day_1,Dark,Fast,5mm,Experiment_2
2025-10-23T03:08:28.584Z,19,789,1242,253,888,1390,4232,3648,11695,3021,2978,9580,Day_1,Dark,Fast,5mm,Experiment_2
2025-10-23T03:08:28.624Z,20,792,1244,244,889,1391,4238,3638,11704,3027,2979,9596,Day_1,Dark,Fast,5mm,Experiment_2
2025-10-23T03:08:28.664Z,18,799,1245,243,893,1390,4223,3616,11699,3023,2969,9594,Day_1,Dark,Fast,5mm,Experiment_2
2025-10-23T03:08:28.704Z,17,805,1249,246,896,1390,4199,3582,11676,3010,2948,9562,Day_1,Dark,Fast,5mm,Experiment_2
2025-10-23T03:08:28.744Z,17,808,1252,248,898,1391,4172,3559,11643,2989,2926,9511,Day_1,Dark,Fast,5mm,Experiment_2
2025-10-23T03:08:28.784Z,15,810,1250,245,899,1390,4151,3572,11623,2969,2915,9480,Day_1,Dark,Fast,5mm,Experiment_2
2025-10-23T03:08:28.824Z,15,811,1249,243,898,1393,4153,3604,11634,2968,2912,9493,Day_1,Dark,Fast,5mm,Experiment_2
2025-10-23T03:08:28.864Z,21,808,1254,247,896,1397,4171,3625,11660,2981,2917,9527,Day_1,Dark,Fast,5mm,Experiment_2
2025-10-23T03:08:28.904Z,27,804,1259,256,891,1399,4187,3637,11679,2994,2937,9548,Day_1,Dark,Fast,5mm,Experiment_2
2025-10-23T03:08:28.944Z,26,800,1258,260,887,1395,4197,3651,11689,3001,2963,9554,Day_1,Dark,Fast,5mm,Experiment_2
2025-10-23T03:08:28.984Z,20,800,1252,253,886,1391,4204,3668,11698,3008,2987,9562,Day_1,Dark,Fast,5mm,Experiment_2
2025-10-23T03:08:29.024Z,15,803,1246,243,891,1389,4207,3685,11707,3013,3013,9577,Day_1,Dark,Fast,5mm,Experiment_2
2025-10-23T03:08:29.064Z,19,806,1242,242,895,1390,4207,3701,11713,3014,3036,9590,Day_1,Dark,Fast,5mm,Experiment_2
2025-10-23T03:08:29.104Z,32,806,1242,252,894,1393,4205,3743,11714,3012,3040,9587,Day_1,Dark,Fast,5mm,Experiment_2
2025-10-23T03:08:29.144Z,42,804,1246,261,889,1395,4202,3904,11702,3005,3015,9555,Day_1,Dark,Fast,5mm,Experiment_2
2025-10-23T03:08:29.185Z,38,800,1248,260,887,1392,4197,4229,11674,2988,2981,9504,Day_1,Dark,Fast,5mm,Experiment_2
2025-10-23T03:08:29.225Z,26,802,1244,254,891,1385,4204,4514,11647,2978,2966,9479,Day_1,Dark,Fast,5mm,Experiment_2
2025-10-23T03:08:29.265Z,17,810,1242,251,897,1382,4227,4581,11644,2990,2984,9506,Day_1,Dark,Fast,5mm,Experiment_2
2025-10-23T03:08:29.305Z,18,820,1245,253,901,1386,4254,4527,11652,3011,3027,9548,Day_1,Dark,Fast,5mm,Experiment_2
2025-10-23T03:08:29.345Z,26,827,1248,255,905,1390,4264,4332,11658,3023,3050,9568,Day_1,Dark,Fast,5mm,Experiment_2
2025-10-23T03:08:29.385Z,31,830,1249,255,912,1392,4262,3886,11673,3028,3008,9575,Day_1,Dark,Fast,5mm,Experiment_2
2025-10-23T03:08:29.425Z,31,829,1251,253,917,1396,4263,3274,11698,3034,2919,9590,Day_1,Dark,Fast,5mm,Experiment_2
2025-10-23T03:08:29.465Z,30,826,1251,252,919,1397,4267,2741,11717,3042,2837,9611,Day_1,Dark,Fast,5mm,Experiment_2
2025-10-23T03:08:29.505Z,29,821,1248,250,918,1392,4260,2537,11724,3041,2809,9622,Day_1,Dark,Fast,5mm,Experiment_2
2025-10-23T03:08:29.545Z,27,818,1246,246,917,1386,4237,2634,11721,3025,2824,9611,Day_1,Dark,Fast,5mm,Experiment_2
2025-10-23T03:08:29.585Z,26,816,1249,244,916,1386,4211,2850,11705,3000,2847,9575,Day_1,Dark,Fast,5mm,Experiment_2
2025-10-23T03:08:29.625Z,29,815,1256,246,911,1391,4185,3142,11683,2975,2878,9529,Day_1,Dark,Fast,5mm,Experiment_2
2025-10-23T03:08:29.665Z,28,813,1257,249,905,1392,4165,3435,11673,2963,2919,9512,Day_1,Dark,Fast,5mm,Experiment_2
2025-10-23T03:08:29.705Z,23,812,1253,252,903,1390,4171,3656,11679,2974,2959,9540,Day_1,Dark,Fast,5mm,Experiment_2
2025-10-23T03:08:29.745Z,21,810,1251,257,901,1390,4197,3821,11691,2997,2998,9584,Day_1,Dark,Fast,5mm,Experiment_2
2025-10-23T03:08:29.785Z,23,805,1253,262,895,1392,4214,3917,11697,3010,3041,9607,Day_1,Dark,Fast,5mm,Experiment_2
2025-10-23T03:08:29.825Z,23,802,1251,260,889,1389,4216,3913,11691,3009,3075,9606,Day_1,Dark,Fast,5mm,Experiment_2
2025-10-23T03:08:29.865Z,19,804,1243,257,885,1382,4215,3808,11687,3009,3074,9604,Day_1,Dark,Fast,5mm,Experiment_2
2025-10-23T03:08:29.905Z,15,805,1237,253,879,1378,4218,3673,11695,3015,3039,9613,Day_1,Dark,Fast,5mm,Experiment_2
2025-10-23T03:08:29.945Z,11,803,1237,250,873,1379,4222,3575,11703,3019,3005,9620,Day_1,Dark,Fast,5mm,Experiment_2
2025-10-23T03:08:29.985Z,11,801,1241,247,875,1383,4227,3540,11701,3020,2990,9612,Day_1,Dark,Fast,5mm,Experiment_2
2025-10-23T03:08:30.025Z,17,801,1246,250,883,1385,4228,3576,11691,3018,2986,9594,Day_1,Dark,Fast,5mm,Experiment_2
2025-10-23T03:08:30.065Z,26,799,1249,257,887,1384,4222,3635,11681,3008,2982,9569,Day_1,Dark,Fast,5mm,Experiment_2
2025-10-23T03:08:30.105Z,32,797,1246,264,886,1382,4212,3665,11676,2995,2975,9546,Day_1,Dark,Fast,5mm,Experiment_2
2025-10-23T03:08:30.145Z,33,801,1244,265,888,1383,4212,3670,11686,2989,2971,9538,Day_1,Dark,Fast,5mm,Experiment_2
2025-10-23T03:08:30.185Z,31,812,1242,262,898,1384,4229,3669,11709,2995,2977,9553,Day_1,Dark,Fast,5mm,Experiment_2
2025-10-23T03:08:30.225Z,28,822,1237,258,905,1382,4243,3661,11727,3004,2983,9575,Day_1,Dark,Fast,5mm,Experiment_2
2025-10-23T03:08:30.265Z,26,822,1229,254,903,1377,4238,3644,11727,3005,2978,9582,Day_1,Dark,Fast,5mm,Experiment_2
2025-10-23T03:08:30.305Z,25,813,1229,251,896,1380,4222,3634,11712,3005,2969,9579,Day_1,Dark,Fast,5mm,Experiment_2
2025-10-23T03:08:30.345Z,28,801,1240,252,889,1389,4211,3642,11701,3012,2970,9580,Day_1,Dark,Fast,5mm,Experiment_2
2025-10-23T03:08:30.385Z,33,796,1254,256,887,1399,4205,3664,11699,3023,2980,9589,Day_1,Dark,Fast,5mm,Experiment_2
2025-10-23T03:08:30.425Z,33,801,1262,255,890,1402,4205,3684,11703,3030,2988,9595,Day_1,Dark,Fast,5mm,Experiment_2
2025-10-23T03:08:30.465Z,32,811,1264,253,897,1402,4206,3689,11705,3025,2986,9589,Day_1,Dark,Fast,5mm,Experiment_2
2025-10-23T03:08:30.505Z,30,816,1261,254,905,1398,4202,3684,11692,3005,2975,9562,Day_1,Dark,Fast,5mm,Experiment_2
2025-10-23T03:08:30.545Z,30,813,1253,259,907,1389,4190,3674,11657,2977,2961,9516,Day_1,Dark,Fast,5mm,Experiment_2
2025-10-23T03:08:30.585Z,30,810,1243,261,901,1381,4182,3658,11611,2961,2951,9482,Day_1,Dark,Fast,5mm,Experiment_2
2025-10-23T03:08:30.626Z,30,814,1239,261,898,1378,4185,3645,11574,2966,2953,9485,Day_1,Dark,Fast,5mm,Experiment_2
2025-10-23T03:08:30.666Z,31,822,1239,262,902,1380,4193,3645,11564,2980,2962,9510,Day_1,Dark,Fast,5mm,Experiment_2
2025-10-23T03:08:30.706Z,33,825,1237,266,905,1383,4195,3651,11584,2989,2967,9525,Day_1,Dark,Fast,5mm,Experiment_2
2025-10-23T03:08:30.746Z,35,820,1233,268,904,1384,4193,3653,11609,2992,2966,9529,Day_1,Dark,Fast,5mm,Experiment_2
2025-10-23T03:08:30.786Z,32,812,1231,261,900,1384,4195,3652,11627,2997,2969,9539,Day_1,Dark,Fast,5mm,Experiment_2
2025-10-23T03:08:30.826Z,26,808,1232,248,897,1386,4199,3652,11652,3007,2978,9564,Day_1,Dark,Fast,5mm,Experiment_2
2025-10-23T03:08:30.866Z,19,808,1237,239,897,1390,4203,3654,11690,3017,2986,9590,Day_1,Dark,Fast,5mm,Experiment_2
2025-10-23T03:08:30.906Z,17,808,1244,239,895,1394,4211,3656,11713,3024,2984,9589,Day_1,Dark,Fast,5mm,Experiment_2
2025-10-23T03:08:30.946Z,19,805,1250,246,891,1396,4210,3653,11694,3016,2969,9546,Day_1,Dark,Fast,5mm,Experiment_2
2025-10-23T03:08:30.986Z,24,806,1253,253,891,1398,4195,3648,11646,2991,2950,9488,Day_1,Dark,Fast,5mm,Experiment_2
2025-10-23T03:08:31.026Z,24,812,1253,253,896,1398,4181,3648,11623,2973,2945,9470,Day_1,Dark,Fast,5mm,Experiment_2
2025-10-23T03:08:31.066Z,18,814,1250,247,902,1394,4177,3660,11645,2976,2960,9513,Day_1,Dark,Fast,5mm,Experiment_2
2025-10-23T03:08:31.106Z,12,812,1246,242,904,1387,4176,3678,11680,2987,2982,9567,Day_1,Dark,Fast,5mm,Experiment_2
2025-10-23T03:08:31.146Z,16,808,1242,245,903,1382,4177,3685,11690,2988,2993,9586,Day_1,Dark,Fast,5mm,Experiment_2
2025-10-23T03:08:31.186Z,28,800,1238,252,897,1380,4182,3680,11686,2986,2993,9583,Day_1,Dark,Fast,5mm,Experiment_2
2025-10-23T03:08:31.226Z,36,797,1235,257,892,1379,4181,3677,11695,2985,2996,9589,Day_1,Dark,Fast,5mm,Experiment_2
2025-10-23T03:08:31.266Z,36,803,1231,256,893,1375,4170,3684,11722,2980,3005,9609,Day_1,Dark,Fast,5mm,Experiment_2
2025-10-23T03:08:31.306Z,37,812,1229,257,899,1373,4160,3690,11752,2970,3009,9625,Day_1,Dark,Fast,5mm,Experiment_2
2025-10-23T03:08:31.346Z,40,814,1231,261,900,1374,4155,3686,11761,2959,2999,9623,Day_1,Dark,Fast,5mm,Experiment_2
2025-10-23T03:08:31.386Z,44,806,1237,265,893,1377,4149,3673,11733,2952,2983,9590,Day_1,Dark,Fast,5mm,Experiment_2
2025-10-23T03:08:31.426Z,45,799,1241,266,886,1381,4147,3659,11686,2952,2967,9538,Day_1,Dark,Fast,5mm,Experiment_2
2025-10-23T03:08:31.466Z,40,799,1240,263,885,1385,4156,3648,11661,2963,2959,9512,Day_1,Dark,Fast,5mm,Experiment_2
2025-10-23T03:08:31.506Z,32,800,1238,259,883,1388,4171,3639,11675,2983,2961,9534,Day_1,Dark,Fast,5mm,Experiment_2
2025-10-23T03:08:31.546Z,26,801,1247,257,882,1394,4188,3639,11699,3003,2973,9575,Day_1,Dark,Fast,5mm,Experiment_2
2025-10-23T03:08:31.586Z,24,809,1262,253,888,1399,4203,3647,11706,3013,2983,9599,Day_1,Dark,Fast,5mm,Experiment_2
2025-10-23T03:08:31.626Z,21,820,1268,244,898,1397,4216,3646,11696,3015,2981,9602,Day_1,Dark,Fast,5mm,Experiment_2
2025-10-23T03:08:31.666Z,17,827,1261,237,903,1392,4231,3632,11693,3017,2973,9603,Day_1,Dark,Fast,5mm,Experiment_2
2025-10-23T03:08:31.705Z,20,827,1250,241,904,1387,4252,3629,11715,3024,2977,9617,Day_1,Dark,Fast,5mm,Experiment_2
2025-10-23T03:08:31.745Z,29,820,1238,250,901,1382,4265,3642,11746,3030,2988,9634,Day_1,Dark,Fast,5mm,Experiment_2
2025-10-23T03:08:31.785Z,32,808,1233,254,895,1379,4259,3656,11752,3028,2993,9635,Day_1,Dark,Fast,5mm,Experiment_2
2025-10-23T03:08:31.825Z,25,796,1234,250,887,1379,4246,3660,11735,3021,2987,9617,Day_1,Dark,Fast,5mm,Experiment_2
2025-10-23T03:08:31.865Z,21,793,1238,249,886,1380,4234,3658,11706,3013,2975,9585,Day_1,Dark,Fast,5mm,Experiment_2
2025-10-23T03:08:31.905Z,23,799,1242,253,890,1381,4216,3654,11676,3004,2964,9553,Day_1,Dark,Fast,5mm,Experiment_2
2025-10-23T03:08:31.945Z,23,805,1241,254,895,1380,4194,3649,11660,2998,2962,9540,Day_1,Dark,Fast,5mm,Experiment_2
2025-10-23T03:08:31.985Z,18,804,1239,250,896,1380,4188,3643,11667,3004,2965,9554,Day_1,Dark,Fast,5mm,Experiment_2
2025-10-23T03:08:32.025Z,13,801,1242,246,894,1382,4208,3630,11680,3033,2961,9574,Day_1,Dark,Fast,5mm,Experiment_2
2025-10-23T03:08:32.065Z,12,801,1249,245,892,1387,4238,3610,11681,3083,2949,9580,Day_1,Dark,Fast,5mm,Experiment_2
2025-10-23T03:08:32.105Z,15,801,1255,245,892,1392,4252,3599,11681,3128,2943,9578,Day_1,Dark,Fast,5mm,Experiment_2
2025-10-23T03:08:32.145Z,17,801,1260,247,892,1397,4242,3608,11696,3124,2951,9583,Day_1,Dark,Fast,5mm,Experiment_2
2025-10-23T03:08:32.185Z,16,800,1266,249,893,1403,4218,3634,11717,3072,2969,9595,Day_1,Dark,Fast,5mm,Experiment_2
2025-10-23T03:08:32.225Z,17,797,1267,252,893,1408,4196,3658,11729,3021,2983,9604,Day_1,Dark,Fast,5mm,Experiment_2
2025-10-23T03:08:32.265Z,21,801,1261,255,894,1406,4191,3663,11729,2999,2986,9601,Day_1,Dark,Fast,5mm,Experiment_2
2025-10-23T03:08:32.305Z,23,812,1249,257,900,1398,4192,3649,11710,2990,2975,9573,Day_1,Dark,Fast,5mm,Experiment_2
2025-10-23T03:08:32.345Z,23,817,1219,257,904,1388,4187,3628,11673,2975,2954,9524,Day_1,Dark,Fast,5mm,Experiment_2
2025-10-23T03:08:32.385Z,26,805,1124,259,898,1377,4181,3620,11650,2962,2942,9492,Day_1,Dark,Fast,5mm,Experiment_2
2025-10-23T03:08:32.425Z,31,790,960,261,888,1366,4193,3624,11658,2964,2945,9506,Day_1,Dark,Fast,5mm,Experiment_2
2025-10-23T03:08:32.465Z,29,787,866,257,884,1361,4216,3628,11673,2979,2950,9536,Day_1,Dark,Fast,5mm,Experiment_2
2025-10-23T03:08:32.505Z,18,794,956,249,887,1367,4222,3625,11672,2993,2948,9547,Day_1,Dark,Fast,5mm,Experiment_2
2025-10-23T03:08:32.545Z,10,801,1114,244,893,1374,4211,3624,11663,2998,2947,9545,Day_1,Dark,Fast,5mm,Experiment_2
2025-10-23T03:08:32.585Z,9,804,1203,244,896,1378,4205,3632,11665,3000,2955,9551,Day_1,Dark,Fast,5mm,Experiment_2
2025-10-23T03:08:32.625Z,15,806,1231,249,898,1380,4209,3648,11682,3002,2969,9570,Day_1,Dark,Fast,5mm,Experiment_2
2025-10-23T03:08:32.665Z,24,808,1238,255,901,1380,4218,3662,11700,3007,2980,9588,Day_1,Dark,Fast,5mm,Experiment_2
2025-10-23T03:08:32.705Z,32,811,1237,260,906,1377,4230,3662,11702,3012,2979,9585,Day_1,Dark,Fast,5mm,Experiment_2
2025-10-23T03:08:32.745Z,38,813,1232,261,909,1370,4227,3645,11678,3005,2962,9549,Day_1,Dark,Fast,5mm,Experiment_2
2025-10-23T03:08:32.786Z,38,811,1225,259,906,1366,4201,3622,11636,2983,2938,9492,Day_1,Dark,Fast,5mm,Experiment_2
2025-10-23T03:08:32.826Z,32,808,1220,255,900,1368,4172,3616,11611,2964,2929,9459,Day_1,Dark,Fast,5mm,Experiment_2
2025-10-23T03:08:32.866Z,24,809,1223,252,896,1376,4169,3634,11623,2968,2946,9480,Day_1,Dark,Fast,5mm,Experiment_2
2025-10-23T03:08:32.906Z,21,811,1234,252,895,1388,4193,3650,11654,2990,2969,9523,Day_1,Dark,Fast,5mm,Experiment_2
2025-10-23T03:08:32.946Z,22,813,1247,255,895,1397,4217,3645,11671,3010,2979,9548,Day_1,Dark,Fast,5mm,Experiment_2
2025-10-23T03:08:32.986Z,20,814,1253,256,896,1397,4227,3633,11676,3018,2978,9557,Day_1,Dark,Fast,5mm,Experiment_2
2025-10-23T03:08:33.026Z,18,817,1251,255,901,1390,4232,3637,11687,3024,2983,9571,Day_1,Dark,Fast,5mm,Experiment_2
2025-10-23T03:08:33.066Z,21,818,1245,254,905,1383,4237,3656,11702,3028,2994,9592,Day_1,Dark,Fast,5mm,Experiment_2
2025-10-23T03:08:33.106Z,26,814,1244,254,904,1381,4232,3679,11711,3022,3002,9604,Day_1,Dark,Fast,5mm,Experiment_2
2025-10-23T03:08:33.146Z,26,810,1248,250,901,1386,4221,3693,11715,3007,3005,9600,Day_1,Dark,Fast,5mm,Experiment_2
2025-10-23T03:08:33.186Z,24,813,1251,248,900,1392,4216,3694,11706,2993,2999,9574,Day_1,Dark,Fast,5mm,Experiment_2
2025-10-23T03:08:33.226Z,26,816,1252,251,899,1395,4219,3679,11674,2985,2982,9530,Day_1,Dark,Fast,5mm,Experiment_2
2025-10-23T03:08:33.266Z,27,815,1251,252,899,1394,4222,3659,11650,2985,2968,9508,Day_1,Dark,Fast,5mm,Experiment_2
2025-10-23T03:08:33.306Z,22,817,1249,246,902,1392,4215,3645,11673,2992,2970,9539,Day_1,Dark,Fast,5mm,Experiment_2
2025-10-23T03:08:33.346Z,14,820,1246,235,907,1390,4200,3638,11716,2996,2979,9589,Day_1,Dark,Fast,5mm,Experiment_2
2025-10-23T03:08:33.386Z,7,818,1244,227,909,1386,4184,3645,11731,2993,2986,9612,Day_1,Dark,Fast,5mm,Experiment_2
2025-10-23T03:08:33.426Z,5,814,1242,227,907,1381,4170,3669,11716,2989,2991,9607,Day_1,Dark,Fast,5mm,Experiment_2
2025-10-23T03:08:33.466Z,5,812,1241,229,903,1381,4162,3702,11707,2991,3002,9605,Day_1,Dark,Fast,5mm,Experiment_2
2025-10-23T03:08:33.506Z,7,805,1244,233,894,1385,4165,3718,11717,2999,3008,9623,Day_1,Dark,Fast,5mm,Experiment_2
2025-10-23T03:08:33.546Z,12,795,1248,238,883,1388,4177,3704,11728,3005,2999,9639,Day_1,Dark,Fast,5mm,Experiment_2
2025-10-23T03:08:33.586Z,17,791,1245,243,880,1385,4196,3671,11731,3009,2984,9639,Day_1,Dark,Fast,5mm,Experiment_2
2025-10-23T03:08:33.626Z,19,798,1236,244,888,1380,4209,3641,11727,3010,2973,9621,Day_1,Dark,Fast,5mm,Experiment_2
2025-10-23T03:08:33.666Z,18,806,1230,241,897,1378,4201,3619,11714,3003,2963,9588,Day_1,Dark,Fast,5mm,Experiment_2
2025-10-23T03:08:33.706Z,18,808,1233,239,899,1381,4182,3600,11696,2991,2952,9557,Day_1,Dark,Fast,5mm,Experiment_2
2025-10-23T03:08:33.746Z,21,805,1242,243,896,1385,4175,3595,11686,2989,2951,9550,Day_1,Dark,Fast,5mm,Experiment_2
2025-10-23T03:08:33.786Z,29,802,1249,252,892,1390,4180,3611,11690,2995,2968,9567,Day_1,Dark,Fast,5mm,Experiment_2
2025-10-23T03:08:33.826Z,34,803,1251,259,891,1395,4179,3638,11701,2994,3000,9583,Day_1,Dark,Fast,5mm,Experiment_2
2025-10-23T03:08:33.866Z,30,808,1253,257,894,1399,4170,3661,11715,2989,3046,9583,Day_1,Dark,Fast,5mm,Experiment_2
2025-10-23T03:08:33.906Z,20,813,1252,248,899,1398,4172,3669,11727,2992,3089,9580,Day_1,Dark,Fast,5mm,Experiment_2
2025-10-23T03:08:33.946Z,15,817,1246,242,902,1393,4190,3668,11742,3005,3094,9590,Day_1,Dark,Fast,5mm,Experiment_2
2025-10-23T03:08:33.986Z,15,819,1236,241,901,1387,4208,3674,11773,3017,3061,9615,Day_1,Dark,Fast,5mm,Experiment_2
2025-10-23T03:08:34.026Z,17,820,1230,243,897,1383,4215,3681,11805,3023,3024,9638,Day_1,Dark,Fast,5mm,Experiment_2
2025-10-23T03:08:34.066Z,20,821,1228,246,895,1378,4215,3679,11807,3021,3000,9638,Day_1,Dark,Fast,5mm,Experiment_2
2025-10-23T03:08:34.106Z,26,818,1229,250,894,1378,4211,3663,11762,3011,2977,9603,Day_1,Dark,Fast,5mm,Experiment_2
2025-10-23T03:08:34.146Z,29,812,1232,252,892,1383,4205,3632,11690,2997,2947,9539,Day_1,Dark,Fast,5mm,Experiment_2
2025-10-23T03:08:34.186Z,30,807,1238,255,891,1389,4202,3598,11633,2989,2932,9492,Day_1,Dark,Fast,5mm,Experiment_2
2025-10-23T03:08:34.227Z,28,806,1242,258,894,1390,4205,3578,11618,2990,2950,9495,Day_1,Dark,Fast,5mm,Experiment_2
2025-10-23T03:08:34.267Z,28,808,1244,262,898,1388,4205,3576,11637,2991,2976,9529,Day_1,Dark,Fast,5mm,Experiment_2
2025-10-23T03:08:34.307Z,30,809,1247,262,899,1389,4206,3596,11667,2992,2985,9555,Day_1,Dark,Fast,5mm,Experiment_2
2025-10-23T03:08:34.347Z,29,805,1251,260,896,1392,4210,3627,11692,2996,2986,9565,Day_1,Dark,Fast,5mm,Experiment_2
2025-10-23T03:08:34.387Z,26,801,1251,259,896,1394,4212,3646,11708,3002,2987,9572,Day_1,Dark,Fast,5mm,Experiment_2
2025-10-23T03:08:34.427Z,27,799,1245,264,897,1392,4210,3643,11716,3008,2986,9583,Day_1,Dark,Fast,5mm,Experiment_2
2025-10-23T03:08:34.467Z,32,800,1243,268,898,1389,4211,3630,11717,3015,2982,9592,Day_1,Dark,Fast,5mm,Experiment_2
2025-10-23T03:08:34.507Z,38,802,1247,270,897,1388,4213,3621,11710,3016,2970,9585,Day_1,Dark,Fast,5mm,Experiment_2
2025-10-23T03:08:34.547Z,39,805,1251,268,896,1389,4204,3614,11679,3002,2951,9545,Day_1,Dark,Fast,5mm,Experiment_2
2025-10-23T03:08:34.587Z,34,806,1253,263,894,1390,4179,3614,11622,2977,2934,9480,Day_1,Dark,Fast,5mm,Experiment_2
2025-10-23T03:08:34.627Z,28,806,1253,259,892,1394,4160,3626,11583,2961,2934,9444,Day_1,Dark,Fast,5mm,Experiment_2
2025-10-23T03:08:34.667Z,28,806,1251,259,891,1398,4161,3648,11594,2968,2953,9471,Day_1,Dark,Fast,5mm,Experiment_2
2025-10-23T03:08:34.707Z,33,807,1246,262,893,1398,4170,3669,11633,2987,2977,9527,Day_1,Dark,Fast,5mm,Experiment_2
2025-10-23T03:08:34.747Z,38,806,1238,266,895,1392,4172,3679,11670,3001,2990,9565,Day_1,Dark,Fast,5mm,Experiment_2
2025-10-23T03:08:34.787Z,42,804,1234,270,895,1386,4177,3671,11693,3007,2991,9581,Day_1,Dark,Fast,5mm,Experiment_2
2025-10-23T03:08:34.827Z,44,800,1238,272,895,1384,4194,3654,11705,3014,2992,9592,Day_1,Dark,Fast,5mm,Experiment_2
2025-10-23T03:08:34.867Z,42,798,1245,270,894,1389,4212,3642,11715,3023,2995,9604,Day_1,Dark,Fast,5mm,Experiment_2
2025-10-23T03:08:34.907Z,39,800,1252,266,894,1396,4225,3630,11725,3029,2992,9608,Day_1,Dark,Fast,5mm,Experiment_2
2025-10-23T03:08:34.947Z,35,804,1257,263,896,1401,4232,3618,11730,3026,2982,9594,Day_1,Dark,Fast,5mm,Experiment_2
2025-10-23T03:08:34.987Z,30,808,1257,259,899,1404,4232,3610,11712,3016,2970,9558,Day_1,Dark,Fast,5mm,Experiment_2
2025-10-23T03:08:35.027Z,24,807,1251,255,898,1403,4216,3604,11671,3000,2953,9511,Day_1,Dark,Fast,5mm,Experiment_2
2025-10-23T03:08:35.067Z,23,800,1245,256,888,1399,4188,3604,11649,2989,2941,9494,Day_1,Dark,Fast,5mm,Experiment_2
2025-10-23T03:08:35.107Z,29,788,1243,262,875,1394,4173,3622,11661,2991,2947,9525,Day_1,Dark,Fast,5mm,Experiment_2
2025-10-23T03:08:35.147Z,35,782,1246,263,870,1392,4178,3642,11681,3000,2962,9570,Day_1,Dark,Fast,5mm,Experiment_2
2025-10-23T03:08:35.187Z,38,785,1246,260,872,1391,4180,3642,11690,3005,2967,9595,Day_1,Dark,Fast,5mm,Experiment_2
2025-10-23T03:08:35.227Z,40,790,1242,261,875,1392,4167,3634,11687,3003,2966,9597,Day_1,Dark,Fast,5mm,Experiment_2
2025-10-23T03:08:35.267Z,36,795,1236,261,877,1391,4158,3639,11686,3004,2971,9599,Day_1,Dark,Fast,5mm,Experiment_2
2025-10-23T03:08:35.307Z,25,797,1229,252,881,1386,4167,3655,11703,3012,2984,9612,Day_1,Dark,Fast,5mm,Experiment_2
2025-10-23T03:08:35.347Z,19,799,1228,245,886,1380,4190,3667,11728,3022,2994,9620,Day_1,Dark,Fast,5mm,Experiment_2
2025-10-23T03:08:35.387Z,20,801,1232,246,889,1379,4217,3665,11739,3029,2995,9613,Day_1,Dark,Fast,5mm,Experiment_2
2025-10-23T03:08:35.427Z,22,803,1239,248,891,1384,4233,3649,11730,3030,2986,9593,Day_1,Dark,Fast,5mm,Experiment_2
2025-10-23T03:08:35.467Z,24,807,1243,249,893,1388,4227,3635,11707,3016,2972,9568,Day_1,Dark,Fast,5mm,Experiment_2
2025-10-23T03:08:35.507Z,28,810,1242,254,897,1385,4207,3635,11682,2997,2962,9546,Day_1,Dark,Fast,5mm,Experiment_2
2025-10-23T03:08:35.547Z,36,809,1238,264,898,1380,4195,3641,11673,2991,2961,9540,Day_1,Dark,Fast,5mm,Experiment_2
2025-10-23T03:08:35.587Z,40,802,1235,269,895,1377,4192,3645,11678,2998,2969,9551,Day_1,Dark,Fast,5mm,Experiment_2
2025-10-23T03:08:35.627Z,33,793,1236,265,889,1375,4185,3646,11676,3004,2977,9561,Day_1,Dark,Fast,5mm,Experiment_2
2025-10-23T03:08:35.668Z,23,792,1240,256,886,1377,4174,3645,11663,3003,2981,9559,Day_1,Dark,Fast,5mm,Experiment_2
2025-10-23T03:08:35.708Z,16,795,1244,250,886,1382,4167,3648,11663,3000,2983,9559,Day_1,Dark,Fast,5mm,Experiment_2
2025-10-23T03:08:35.748Z,13,794,1248,244,887,1387,4167,3658,11688,3002,2988,9575,Day_1,Dark,Fast,5mm,Experiment_2
2025-10-23T03:08:35.788Z,14,790,1253,242,889,1390,4176,3673,11715,3009,2997,9597,Day_1,Dark,Fast,5mm,Experiment_2
2025-10-23T03:08:35.828Z,24,792,1256,251,892,1392,4193,3686,11724,3018,3000,9605,Day_1,Dark,Fast,5mm,Experiment_2
2025-10-23T03:08:35.868Z,35,799,1256,263,896,1392,4207,3689,11728,3022,2994,9599,Day_1,Dark,Fast,5mm,Experiment_2
2025-10-23T03:08:35.908Z,41,802,1256,268,897,1393,4207,3673,11730,3015,2978,9576,Day_1,Dark,Fast,5mm,Experiment_2
2025-10-23T03:08:35.948Z,40,800,1258,265,894,1393,4188,3643,11707,2995,2958,9536,Day_1,Dark,Fast,5mm,Experiment_2
2025-10-23T03:08:35.988Z,36,798,1257,262,891,1393,4166,3621,11673,2975,2947,9507,Day_1,Dark,Fast,5mm,Experiment_2
2025-10-23T03:08:36.026Z,31,798,1251,259,890,1394,4166,3618,11670,2974,2953,9521,Day_1,Dark,Fast,5mm,Experiment_2
2025-10-23T03:08:36.066Z,25,800,1244,255,892,1393,4180,3624,11700,2986,2964,9556,Day_1,Dark,Fast,5mm,Experiment_2
2025-10-23T03:08:36.106Z,21,804,1239,252,896,1388,4193,3629,11723,2993,2968,9572,Day_1,Dark,Fast,5mm,Experiment_2
2025-10-23T03:08:36.146Z,19,808,1234,251,902,1380,4195,3629,11718,2989,2966,9563,Day_1,Dark,Fast,5mm,Experiment_2
2025-10-23T03:08:36.186Z,17,808,1231,249,905,1375,4191,3627,11699,2985,2966,9557,Day_1,Dark,Fast,5mm,Experiment_2
2025-10-23T03:08:36.226Z,17,803,1232,245,903,1377,4192,3628,11690,2992,2974,9567,Day_1,Dark,Fast,5mm,Experiment_2
2025-10-23T03:08:36.266Z,17,795,1239,245,897,1387,4200,3628,11700,3007,2983,9585,Day_1,Dark,Fast,5mm,Experiment_2
2025-10-23T03:08:36.306Z,19,791,1246,248,890,1393,4207,3624,11718,3015,2981,9589,Day_1,Dark,Fast,5mm,Experiment_2
2025-10-23T03:08:36.346Z,22,796,1247,254,889,1393,4202,3615,11717,3009,2966,9561,Day_1,Dark,Fast,5mm,Experiment_2
2025-10-23T03:08:36.386Z,22,805,1244,255,893,1388,4185,3604,11688,2992,2944,9508,Day_1,Dark,Fast,5mm,Experiment_2
2025-10-23T03:08:36.426Z,17,810,1241,249,898,1383,4170,3605,11658,2980,2933,9477,Day_1,Dark,Fast,5mm,Experiment_2
2025-10-23T03:08:36.466Z,15,810,1240,244,899,1382,4167,3625,11660,2982,2945,9496,Day_1,Dark,Fast,5mm,Experiment_2
2025-10-23T03:08:36.506Z,17,807,1242,245,897,1384,4174,3651,11681,2989,2965,9534,Day_1,Dark,Fast,5mm,Experiment_2
2025-10-23T03:08:36.546Z,20,802,1245,248,894,1387,4181,3662,11683,2994,2973,9549,Day_1,Dark,Fast,5mm,Experiment_2
2025-10-23T03:08:36.586Z,23,795,1246,250,888,1387,4185,3655,11664,2997,2970,9545,Day_1,Dark,Fast,5mm,Experiment_2
2025-10-23T03:08:36.626Z,27,788,1248,253,879,1386,4191,3643,11649,3003,2970,9550,Day_1,Dark,Fast,5mm,Experiment_2
2025-10-23T03:08:36.666Z,32,787,1249,258,869,1386,4200,3642,11652,3007,2978,9569,Day_1,Dark,Fast,5mm,Experiment_2
2025-10-23T03:08:36.706Z,35,794,1247,261,862,1385,4205,3650,11667,3006,2986,9584,Day_1,Dark,Fast,5mm,Experiment_2
2025-10-23T03:08:36.746Z,33,805,1245,258,863,1387,4201,3649,11683,2999,2982,9582,Day_1,Dark,Fast,5mm,Experiment_2
2025-10-23T03:08:36.786Z,26,812,1248,252,872,1392,4195,3633,11685,2990,2964,9554,Day_1,Dark,Fast,5mm,Experiment_2
2025-10-23T03:08:36.826Z,21,812,1251,249,882,1396,4191,3617,11667,2980,2941,9509,Day_1,Dark,Fast,5mm,Experiment_2
2025-10-23T03:08:36.866Z,21,808,1251,254,885,1395,4191,3618,11644,2977,2935,9486,Day_1,Dark,Fast,5mm,Experiment_2
2025-10-23T03:08:36.906Z,23,802,1248,261,884,1391,4201,3635,11636,2985,2952,9510,Day_1,Dark,Fast,5mm,Experiment_2
2025-10-23T03:08:36.946Z,19,795,1240,260,883,1387,4215,3644,11650,2998,2972,9555,Day_1,Dark,Fast,5mm,Experiment_2
2025-10-23T03:08:36.986Z,11,791,1232,250,882,1383,4223,3636,11678,3008,2975,9589,Day_1,Dark,Fast,5mm,Experiment_2
2025-10-23T03:08:37.026Z,6,790,1229,241,879,1381,4224,3621,11705,3014,2966,9604,Day_1,Dark,Fast,5mm,Experiment_2
2025-10-23T03:08:37.066Z,8,791,1237,240,876,1385,4216,3615,11721,3015,2963,9617,Day_1,Dark,Fast,5mm,Experiment_2
2025-10-23T03:08:37.107Z,16,791,1251,246,873,1393,4198,3624,11729,3008,2972,9632,Day_1,Dark,Fast,5mm,Experiment_2
2025-10-23T03:08:37.147Z,25,792,1259,253,874,1397,4177,3636,11733,2995,2982,9637,Day_1,Dark,Fast,5mm,Experiment_2
2025-10-23T03:08:37.187Z,32,798,1257,258,878,1396,4171,3641,11736,2988,2985,9629,Day_1,Dark,Fast,5mm,Experiment_2
2025-10-23T03:08:37.227Z,34,804,1247,262,884,1389,4183,3642,11734,2991,2983,9608,Day_1,Dark,Fast,5mm,Experiment_2
2025-10-23T03:08:37.267Z,35,806,1239,264,890,1383,4202,3638,11716,2995,2976,9577,Day_1,Dark,Fast,5mm,Experiment_2
2025-10-23T03:08:37.307Z,33,810,1242,263,898,1385,4210,3637,11687,2994,2969,9551,Day_1,Dark,Fast,5mm,Experiment_2
2025-10-23T03:08:37.347Z,32,818,1252,262,907,1392,4211,3644,11675,2994,2971,9553,Day_1,Dark,Fast,5mm,Experiment_2
2025-10-23T03:08:37.387Z,34,825,1259,262,913,1396,4221,3649,11684,3002,2979,9576,Day_1,Dark,Fast,5mm,Experiment_2
2025-10-23T03:08:37.427Z,37,828,1257,262,912,1393,4238,3645,11697,3011,2983,9586,Day_1,Dark,Fast,5mm,Experiment_2
2025-10-23T03:08:37.467Z,39,826,1247,263,907,1385,4237,3630,11702,3009,2977,9578,Day_1,Dark,Fast,5mm,Experiment_2
2025-10-23T03:08:37.507Z,40,823,1238,267,906,1379,4213,3620,11709,2999,2968,9576,Day_1,Dark,Fast,5mm,Experiment_2
2025-10-23T03:08:37.547Z,41,822,1239,271,908,1385,4186,3624,11720,2996,2966,9592,Day_1,Dark,Fast,5mm,Experiment_2
2025-10-23T03:08:37.587Z,38,817,1248,267,906,1395,4179,3630,11730,3004,2972,9613,Day_1,Dark,Fast,5mm,Experiment_2
2025-10-23T03:08:37.627Z,34,810,1249,262,898,1398,4190,3629,11739,3013,2975,9622,Day_1,Dark,Fast,5mm,Experiment_2
2025-10-23T03:08:37.667Z,32,805,1242,259,893,1391,4206,3623,11738,3013,2971,9611,Day_1,Dark,Fast,5mm,Experiment_2
2025-10-23T03:08:37.707Z,28,807,1233,257,896,1384,4213,3620,11716,3005,2963,9576,Day_1,Dark,Fast,5mm,Experiment_2
2025-10-23T03:08:37.747Z,26,810,1229,256,901,1382,4207,3621,11678,2995,2953,9526,Day_1,Dark,Fast,5mm,Experiment_2
2025-10-23T03:08:37.787Z,28,810,1232,260,903,1386,4205,3628,11645,2995,2949,9493,Day_1,Dark,Fast,5mm,Experiment_2
2025-10-23T03:08:37.827Z,29,804,1236,264,896,1390,4212,3639,11641,3004,2958,9503,Day_1,Dark,Fast,5mm,Experiment_2
2025-10-23T03:08:37.867Z,26,798,1237,262,887,1390,4217,3642,11659,3011,2967,9535,Day_1,Dark,Fast,5mm,Experiment_2
2025-10-23T03:08:37.907Z,20,795,1237,256,882,1388,4217,3632,11670,3009,2966,9552,Day_1,Dark,Fast,5mm,Experiment_2
2025-10-23T03:08:37.947Z,17,798,1237,252,884,1385,4216,3620,11671,3003,2960,9553,Day_1,Dark,Fast,5mm,Experiment_2
2025-10-23T03:08:37.987Z,22,802,1236,252,889,1381,4206,3620,11676,2999,2962,9560,Day_1,Dark,Fast,5mm,Experiment_2
2025-10-23T03:08:38.027Z,28,805,1235,256,895,1377,4194,3633,11692,3001,2971,9583,Day_1,Dark,Fast,5mm,Experiment_2
2025-10-23T03:08:38.067Z,31,807,1234,258,897,1374,4192,3649,11706,3008,2980,9604,Day_1,Dark,Fast,5mm,Experiment_2
2025-10-23T03:08:38.107Z,32,810,1235,257,898,1377,4206,3657,11707,3018,2981,9601,Day_1,Dark,Fast,5mm,Experiment_2
2025-10-23T03:08:38.147Z,35,817,1238,259,900,1382,4223,3645,11681,3019,2966,9562,Day_1,Dark,Fast,5mm,Experiment_2
2025-10-23T03:08:38.188Z,42,821,1239,264,902,1385,4229,3617,11634,3006,2940,9500,Day_1,Dark,Fast,5mm,Experiment_2
2025-10-23T03:08:38.228Z,46,816,1242,268,898,1385,4224,3604,11598,2995,2929,9463,Day_1,Dark,Fast,5mm,Experiment_2
2025-10-23T03:08:38.268Z,47,810,1249,269,892,1388,4218,3622,11601,3001,2947,9481,Day_1,Dark,Fast,5mm,Experiment_2
2025-10-23T03:08:38.308Z,45,809,1253,269,890,1392,4212,3657,11637,3011,2974,9528,Day_1,Dark,Fast,5mm,Experiment_2
2025-10-23T03:08:38.348Z,40,811,1252,268,894,1393,4205,3679,11678,3011,2988,9561,Day_1,Dark,Fast,5mm,Experiment_2
2025-10-23T03:08:38.388Z,35,813,1250,263,900,1393,4196,3674,11709,3005,2987,9577,Day_1,Dark,Fast,5mm,Experiment_2
2025-10-23T03:08:38.428Z,28,814,1248,256,904,1392,4193,3659,11724,3004,2982,9587,Day_1,Dark,Fast,5mm,Experiment_2
2025-10-23T03:08:38.468Z,19,814,1245,247,903,1387,4203,3657,11723,3012,2986,9598,Day_1,Dark,Fast,5mm,Experiment_2
2025-10-23T03:08:38.508Z,13,808,1240,239,898,1379,4216,3662,11723,3021,2993,9608,Day_1,Dark,Fast,5mm,Experiment_2
2025-10-23T03:08:38.548Z,16,801,1235,239,895,1376,4222,3660,11730,3022,2992,9608,Day_1,Dark,Fast,5mm,Experiment_2
2025-10-23T03:08:38.588Z,22,800,1233,244,897,1379,4218,3652,11711,3008,2978,9573,Day_1,Dark,Fast,5mm,Experiment_2
2025-10-23T03:08:38.628Z,25,806,1234,249,904,1386,4200,3642,11659,2982,2959,9512,Day_1,Dark,Fast,5mm,Experiment_2
2025-10-23T03:08:38.668Z,25,809,1238,254,908,1393,4179,3631,11624,2964,2948,9481,Day_1,Dark,Fast,5mm,Experiment_2
2025-10-23T03:08:38.708Z,26,808,1245,259,907,1395,4173,3619,11640,2968,2954,9511,Day_1,Dark,Fast,5mm,Experiment_2
2025-10-23T03:08:38.748Z,24,805,1248,258,902,1393,4181,3610,11678,2984,2966,9564,Day_1,Dark,Fast,5mm,Experiment_2
2025-10-23T03:08:38.788Z,21,805,1247,254,898,1389,4189,3607,11707,2996,2971,9596,Day_1,Dark,Fast,5mm,Experiment_2
2025-10-23T03:08:38.828Z,20,806,1242,252,894,1386,4191,3618,11730,3000,2974,9613,Day_1,Dark,Fast,5mm,Experiment_2
2025-10-23T03:08:38.868Z,23,807,1237,253,893,1381,4192,3642,11760,3006,2981,9634,Day_1,Dark,Fast,5mm,Experiment_2
2025-10-23T03:08:38.908Z,25,810,1234,258,895,1377,4198,3662,11788,3015,2987,9656,Day_1,Dark,Fast,5mm,Experiment_2
2025-10-23T03:08:38.948Z,27,809,1236,263,897,1374,4207,3661,11794,3019,2983,9659,Day_1,Dark,Fast,5mm,Experiment_2
2025-10-23T03:08:38.988Z,28,803,1240,266,894,1374,4215,3648,11775,3016,2975,9641,Day_1,Dark,Fast,5mm,Experiment_2
2025-10-23T03:08:39.028Z,31,797,1244,267,891,1374,4215,3633,11743,3006,2970,9609,Day_1,Dark,Fast,5mm,Experiment_2
2025-10-23T03:08:39.068Z,33,799,1244,265,895,1373,4204,3622,11711,2993,2965,9570,Day_1,Dark,Fast,5mm,Experiment_2
2025-10-23T03:08:39.108Z,33,804,1246,262,901,1378,4188,3619,11691,2986,2961,9544,Day_1,Dark,Fast,5mm,Experiment_2
2025-10-23T03:08:39.148Z,30,810,1252,258,906,1388,4176,3626,11686,2989,2964,9547,Day_1,Dark,Fast,5mm,Experiment_2
2025-10-23T03:08:39.188Z,28,814,1258,256,909,1397,4173,3632,11691,2996,2972,9568,Day_1,Dark,Fast,5mm,Experiment_2
2025-10-23T03:08:39.228Z,29,812,1257,259,908,1398,4182,3628,11709,3000,2971,9587,Day_1,Dark,Fast,5mm,Experiment_2
2025-10-23T03:08:39.268Z,31,804,1250,265,902,1392,4196,3613,11734,3002,2962,9597,Day_1,Dark,Fast,5mm,Experiment_2
2025-10-23T03:08:39.308Z,30,795,1242,268,897,1384,4199,3608,11749,3004,2959,9603,Day_1,Dark,Fast,5mm,Experiment_2
2025-10-23T03:08:39.348Z,27,796,1234,266,898,1379,4189,3622,11748,3006,2972,9612,Day_1,Dark,Fast,5mm,Experiment_2
2025-10-23T03:08:39.388Z,21,805,1229,258,904,1378,4180,3647,11739,3007,2990,9619,Day_1,Dark,Fast,5mm,Experiment_2
2025-10-23T03:08:39.428Z,16,811,1226,251,905,1379,4181,3659,11732,3002,2993,9620,Day_1,Dark,Fast,5mm,Experiment_2
2025-10-23T03:08:39.468Z,19,811,1228,250,902,1382,4186,3654,11723,2991,2981,9605,Day_1,Dark,Fast,5mm,Experiment_2
2025-10-23T03:08:39.508Z,24,809,1237,250,898,1386,4185,3647,11700,2978,2965,9572,Day_1,Dark,Fast,5mm,Experiment_2
2025-10-23T03:08:39.548Z,24,809,1241,245,899,1386,4176,3640,11671,2971,2949,9528,Day_1,Dark,Fast,5mm,Experiment_2
2025-10-23T03:08:39.588Z,18,809,1239,238,899,1383,4172,3625,11654,2973,2939,9501,Day_1,Dark,Fast,5mm,Experiment_2
2025-10-23T03:08:39.629Z,12,807,1236,232,899,1381,4178,3616,11651,2981,2944,9509,Day_1,Dark,Fast,5mm,Experiment_2
2025-10-23T03:08:39.669Z,8,809,1235,228,899,1380,4197,3624,11653,2990,2958,9531,Day_1,Dark,Fast,5mm,Experiment_2
2025-10-23T03:08:39.709Z,5,817,1235,228,901,1379,4218,3638,11663,2993,2969,9546,Day_1,Dark,Fast,5mm,Experiment_2
2025-10-23T03:08:39.749Z,4,825,1235,231,903,1375,4224,3648,11684,2993,2976,9555,Day_1,Dark,Fast,5mm,Experiment_2
2025-10-23T03:08:39.789Z,3,822,1234,235,897,1370,4209,3652,11711,2993,2983,9568,Day_1,Dark,Fast,5mm,Experiment_2
2025-10-23T03:08:39.829Z,5,807,1234,238,885,1367,4196,3656,11727,2996,2992,9585,Day_1,Dark,Fast,5mm,Experiment_2
2025-10-23T03:08:39.869Z,11,792,1239,244,876,1369,4204,3660,11727,3004,2998,9594,Day_1,Dark,Fast,5mm,Experiment_2
2025-10-23T03:08:39.909Z,26,787,1243,257,878,1375,4215,3653,11716,3010,2991,9585,Day_1,Dark,Fast,5mm,Experiment_2
2025-10-23T03:08:39.949Z,43,792,1244,270,885,1381,4202,3632,11688,2999,2967,9548,Day_1,Dark,Fast,5mm,Experiment_2
2025-10-23T03:08:39.987Z,51,800,1245,274,893,1385,4170,3615,11642,2974,2943,9490,Day_1,Dark,Fast,5mm,Experiment_2
2025-10-23T03:08:40.027Z,49,809,1248,272,898,1390,4152,3614,11610,2958,2934,9455,Day_1,Dark,Fast,5mm,Experiment_2
2025-10-23T03:08:40.067Z,42,813,1255,271,900,1397,4161,3617,11617,2966,2940,9474,Day_1,Dark,Fast,5mm,Experiment_2
2025-10-23T03:08:40.107Z,37,810,1263,271,899,1402,4181,3615,11651,2988,2946,9521,Day_1,Dark,Fast,5mm,Experiment_2
2025-10-23T03:08:40.147Z,34,804,1262,270,894,1400,4193,3614,11686,3003,2949,9554,Day_1,Dark,Fast,5mm,Experiment_2
2025-10-23T03:08:40.187Z,32,796,1255,266,889,1394,4196,3623,11707,3006,2956,9565,Day_1,Dark,Fast,5mm,Experiment_2
2025-10-23T03:08:40.227Z,29,794,1246,261,888,1387,4194,3642,11720,3003,2968,9575,Day_1,Dark,Fast,5mm,Experiment_2
2025-10-23T03:08:40.267Z,29,798,1237,260,892,1382,4193,3661,11737,3002,2982,9594,Day_1,Dark,Fast,5mm,Experiment_2
2025-10-23T03:08:40.307Z,32,804,1232,263,897,1380,4192,3670,11750,3002,2991,9608,Day_1,Dark,Fast,5mm,Experiment_2
2025-10-23T03:08:40.347Z,37,808,1239,266,897,1384,4187,3667,11742,2998,2992,9596,Day_1,Dark,Fast,5mm,Experiment_2
2025-10-23T03:08:40.387Z,43,809,1250,270,894,1389,4180,3656,11707,2985,2978,9550,Day_1,Dark,Fast,5mm,Experiment_2
2025-10-23T03:08:40.427Z,51,803,1253,278,888,1388,4180,3641,11663,2969,2956,9490,Day_1,Dark,Fast,5mm,Experiment_2
2025-10-23T03:08:40.467Z,55,793,1247,284,883,1380,4189,3627,11645,2962,2946,9468,Day_1,Dark,Fast,5mm,Experiment_2
2025-10-23T03:08:40.507Z,54,795,1239,285,887,1373,4196,3621,11659,2968,2956,9508,Day_1,Dark,Fast,5mm,Experiment_2
2025-10-23T03:08:40.547Z,50,807,1233,280,898,1370,4192,3626,11685,2980,2971,9565,Day_1,Dark,Fast,5mm,Experiment_2
2025-10-23T03:08:40.587Z,44,818,1232,272,905,1373,4188,3641,11701,2992,2977,9593,Day_1,Dark,Fast,5mm,Experiment_2
2025-10-23T03:08:40.627Z,35,817,1233,263,903,1376,4197,3660,11709,3002,2977,9598,Day_1,Dark,Fast,5mm,Experiment_2
2025-10-23T03:08:40.667Z,26,809,1233,257,896,1376,4217,3676,11718,3014,2979,9606,Day_1,Dark,Fast,5mm,Experiment_2
2025-10-23T03:08:40.708Z,22,802,1230,256,892,1374,4234,3681,11727,3024,2986,9617,Day_1,Dark,Fast,5mm,Experiment_2
2025-10-23T03:08:40.748Z,22,802,1226,254,892,1373,4243,3670,11733,3030,2989,9615,Day_1,Dark,Fast,5mm,Experiment_2
2025-10-23T03:08:40.788Z,24,803,1228,252,894,1376,4252,3641,11737,3032,2980,9604,Day_1,Dark,Fast,5mm,Experiment_2
2025-10-23T03:08:40.828Z,24,801,1235,249,895,1382,4255,3609,11734,3026,2965,9588,Day_1,Dark,Fast,5mm,Experiment_2
2025-10-23T03:08:40.868Z,23,795,1243,248,893,1388,4242,3592,11720,3011,2949,9562,Day_1,Dark,Fast,5mm,Experiment_2
2025-10-23T03:08:40.908Z,25,789,1246,249,889,1391,4223,3591,11707,2997,2941,9544,Day_1,Dark,Fast,5mm,Experiment_2
2025-10-23T03:08:40.948Z,29,791,1248,252,885,1394,4218,3603,11710,2998,2949,9553,Day_1,Dark,Fast,5mm,Experiment_2
2025-10-23T03:08:40.988Z,31,800,1253,255,886,1397,4227,3623,11720,3008,2966,9578,Day_1,Dark,Fast,5mm,Experiment_2
2025-10-23T03:08:41.028Z,28,803,1257,256,887,1398,4236,3647,11720,3015,2982,9593,Day_1,Dark,Fast,5mm,Experiment_2
2025-10-23T03:08:41.068Z,25,795,1259,256,884,1397,4236,3665,11709,3014,2985,9590,Day_1,Dark,Fast,5mm,Experiment_2
2025-10-23T03:08:41.108Z,25,782,1259,258,881,1396,4231,3669,11697,3008,2981,9584,Day_1,Dark,Fast,5mm,Experiment_2
2025-10-23T03:08:41.148Z,26,781,1257,260,883,1393,4228,3667,11694,3005,2981,9586,Day_1,Dark,Fast,5mm,Experiment_2
2025-10-23T03:08:41.188Z,27,794,1255,262,893,1391,4235,3673,11701,3008,2992,9592,Day_1,Dark,Fast,5mm,Experiment_2
2025-10-23T03:08:41.228Z,24,813,1251,261,903,1389,4242,3683,11718,3012,3001,9595,Day_1,Dark,Fast,5mm,Experiment_2
2025-10-23T03:08:41.268Z,17,823,1243,255,909,1384,4237,3684,11733,3010,2998,9589,Day_1,Dark,Fast,5mm,Experiment_2
2025-10-23T03:08:41.308Z,11,819,1231,246,907,1375,4221,3670,11729,3003,2981,9567,Day_1,Dark,Fast,5mm,Experiment_2
2025-10-23T03:08:41.348Z,10,810,1225,239,901,1369,4202,3642,11705,2996,2955,9535,Day_1,Dark,Fast,5mm,Experiment_2
2025-10-23T03:08:41.388Z,15,802,1225,239,895,1369,4194,3615,11689,2993,2936,9522,Day_1,Dark,Fast,5mm,Experiment_2
2025-10-23T03:08:41.428Z,22,798,1227,243,891,1370,4202,3603,11695,2998,2940,9542,Day_1,Dark,Fast,5mm,Experiment_2
2025-10-23T03:08:41.468Z,23,797,1232,245,890,1374,4209,3597,11704,3001,2952,9564,Day_1,Dark,Fast,5mm,Experiment_2
2025-10-23T03:08:41.508Z,19,797,1238,244,891,1379,4209,3592,11692,3001,2952,9561,Day_1,Dark,Fast,5mm,Experiment_2
2025-10-23T03:08:41.548Z,17,797,1241,246,892,1382,4203,3599,11669,2998,2948,9547,Day_1,Dark,Fast,5mm,Experiment_2
2025-10-23T03:08:41.588Z,20,797,1244,250,891,1384,4190,3626,11664,2993,2955,9550,Day_1,Dark,Fast,5mm,Experiment_2
2025-10-23T03:08:41.628Z,25,797,1252,253,888,1386,4180,3656,11687,2992,2971,9573,Day_1,Dark,Fast,5mm,Experiment_2
2025-10-23T03:08:41.668Z,27,792,1264,253,883,1390,4179,3669,11717,2997,2980,9594,Day_1,Dark,Fast,5mm,Experiment_2
2025-10-23T03:08:41.708Z,26,785,1272,249,879,1394,4185,3670,11729,3001,2977,9594,Day_1,Dark,Fast,5mm,Experiment_2
2025-10-23T03:08:41.748Z,28,785,1269,249,880,1394,4193,3661,11705,2996,2962,9558,Day_1,Dark,Fast,5mm,Experiment_2
2025-10-23T03:08:41.788Z,32,794,1258,252,888,1391,4195,3636,11658,2983,2935,9500,Day_1,Dark,Fast,5mm,Experiment_2
2025-10-23T03:08:41.828Z,31,807,1245,252,895,1387,4187,3618,11637,2971,2919,9469,Day_1,Dark,Fast,5mm,Experiment_2
2025-10-23T03:08:41.868Z,24,814,1237,249,897,1384,4178,3629,11664,2973,2932,9494,Day_1,Dark,Fast,5mm,Experiment_2
2025-10-23T03:08:41.908Z,17,817,1235,243,898,1382,4180,3651,11700,2986,2956,9538,Day_1,Dark,Fast,5mm,Experiment_2
2025-10-23T03:08:41.948Z,14,821,1240,238,904,1385,4189,3656,11706,2997,2966,9557,Day_1,Dark,Fast,5mm,Experiment_2
2025-10-23T03:08:41.988Z,19,823,1245,241,908,1389,4200,3652,11686,3000,2968,9552,Day_1,Dark,Fast,5mm,Experiment_2
2025-10-23T03:08:42.028Z,28,822,1245,253,909,1390,4216,3652,11669,3002,2975,9550,Day_1,Dark,Fast,5mm,Experiment_2
2025-10-23T03:08:42.068Z,37,821,1243,264,909,1388,4234,3650,11671,3010,2983,9562,Day_1,Dark,Fast,5mm,Experiment_2
2025-10-23T03:08:42.108Z,43,819,1240,272,908,1384,4244,3640,11685,3017,2984,9576,Day_1,Dark,Fast,5mm,Experiment_2
2025-10-23T03:08:42.149Z,48,814,1239,275,904,1382,4234,3625,11694,3015,2974,9572,Day_1,Dark,Fast,5mm,Experiment_2
2025-10-23T03:08:42.189Z,51,813,1241,274,905,1383,4204,3612,11678,2997,2957,9536,Day_1,Dark,Fast,5mm,Experiment_2
2025-10-23T03:08:42.229Z,53,819,1245,272,910,1388,4174,3604,11639,2975,2936,9481,Day_1,Dark,Fast,5mm,Experiment_2
2025-10-23T03:08:42.269Z,47,823,1247,265,911,1391,4163,3608,11608,2966,2928,9455,Day_1,Dark,Fast,5mm,Experiment_2
2025-10-23T03:08:42.309Z,35,815,1246,257,901,1392,4170,3618,11612,2977,2939,9484,Day_1,Dark,Fast,5mm,Experiment_2
2025-10-23T03:08:42.349Z,26,798,1247,253,884,1393,4181,3620,11645,2996,2955,9538,Day_1,Dark,Fast,5mm,Experiment_2
2025-10-23T03:08:42.389Z,25,784,1253,253,873,1397,4195,3620,11684,3008,2967,9576,Day_1,Dark,Fast,5mm,Experiment_2
2025-10-23T03:08:42.429Z,31,780,1257,257,873,1399,4212,3626,11704,3014,2977,9591,Day_1,Dark,Fast,5mm,Experiment_2
2025-10-23T03:08:42.469Z,34,783,1259,261,878,1397,4229,3636,11702,3020,2987,9598,Day_1,Dark,Fast,5mm,Experiment_2
2025-10-23T03:08:42.509Z,30,786,1261,260,882,1394,4238,3641,11699,3026,2991,9609,Day_1,Dark,Fast,5mm,Experiment_2
2025-10-23T03:08:42.549Z,26,788,1262,256,883,1392,4232,3640,11707,3026,2984,9617,Day_1,Dark,Fast,5mm,Experiment_2
2025-10-23T03:08:42.589Z,26,791,1259,254,883,1391,4221,3643,11720,3020,2977,9609,Day_1,Dark,Fast,5mm,Experiment_2
2025-10-23T03:08:42.629Z,27,795,1252,256,882,1390,4217,3654,11719,3010,2975,9582,Day_1,Dark,Fast,5mm,Experiment_2
2025-10-23T03:08:42.669Z,29,797,1246,259,881,1390,4213,3661,11697,2996,2968,9544,Day_1,Dark,Fast,5mm,Experiment_2
2025-10-23T03:08:42.709Z,33,798,1243,263,883,1387,4198,3650,11671,2980,2956,9519,Day_1,Dark,Fast,5mm,Experiment_2
2025-10-23T03:08:42.749Z,38,797,1241,267,887,1384,4180,3626,11658,2972,2947,9523,Day_1,Dark,Fast,5mm,Experiment_2
2025-10-23T03:08:42.789Z,43,798,1239,269,889,1382,4178,3610,11662,2979,2949,9544,Day_1,Dark,Fast,5mm,Experiment_2
2025-10-23T03:08:42.829Z,40,801,1238,264,890,1381,4190,3617,11680,2992,2961,9563,Day_1,Dark,Fast,5mm,Experiment_2
2025-10-23T03:08:42.869Z,32,804,1241,254,892,1383,4202,3634,11694,2999,2974,9572,Day_1,Dark,Fast,5mm,Experiment_2
2025-10-23T03:08:42.909Z,28,803,1246,248,893,1387,4215,3649,11698,3005,2981,9580,Day_1,Dark,Fast,5mm,Experiment_2
2025-10-23T03:08:42.949Z,32,798,1247,251,891,1388,4230,3656,11709,3016,2984,9598,Day_1,Dark,Fast,5mm,Experiment_2
2025-10-23T03:08:42.989Z,39,795,1245,257,889,1384,4231,3655,11724,3025,2986,9615,Day_1,Dark,Fast,5mm,Experiment_2
2025-10-23T03:08:43.029Z,44,796,1243,261,889,1379,4219,3648,11727,3024,2984,9614,Day_1,Dark,Fast,5mm,Experiment_2
2025-10-23T03:08:43.069Z,41,799,1241,261,889,1375,4206,3643,11715,3015,2980,9596,Day_1,Dark,Fast,5mm,Experiment_2
2025-10-23T03:08:43.109Z,32,800,1237,259,889,1372,4199,3645,11687,3003,2974,9563,Day_1,Dark,Fast,5mm,Experiment_2
2025-10-23T03:08:43.149Z,28,801,1234,260,889,1371,4195,3649,11661,2989,2966,9523,Day_1,Dark,Fast,5mm,Experiment_2
2025-10-23T03:08:43.189Z,33,802,1235,265,891,1374,4196,3640,11663,2983,2957,9509,Day_1,Dark,Fast,5mm,Experiment_2
2025-10-23T03:08:43.230Z,42,802,1237,270,892,1378,4203,3618,11694,2986,2947,9533,Day_1,Dark,Fast,5mm,Experiment_2
2025-10-23T03:08:43.270Z,45,801,1239,269,893,1380,4206,3599,11719,2991,2940,9566,Day_1,Dark,Fast,5mm,Experiment_2
2025-10-23T03:08:43.310Z,40,803,1241,261,897,1382,4200,3603,11709,2992,2942,9575,Day_1,Dark,Fast,5mm,Experiment_2
2025-10-23T03:08:43.350Z,29,810,1246,252,903,1388,4192,3627,11683,2993,2955,9566,Day_1,Dark,Fast,5mm,Experiment_2
2025-10-23T03:08:43.390Z,20,816,1252,248,905,1394,4195,3654,11669,3001,2971,9564,Day_1,Dark,Fast,5mm,Experiment_2
2025-10-23T03:08:43.430Z,17,816,1256,249,904,1396,4211,3668,11678,3011,2985,9575,Day_1,Dark,Fast,5mm,Experiment_2
2025-10-23T03:08:43.470Z,17,813,1257,250,903,1397,4225,3668,11694,3018,2991,9587,Day_1,Dark,Fast,5mm,Experiment_2
2025-10-23T03:08:43.510Z,19,808,1256,251,900,1395,4224,3653,11705,3016,2983,9586,Day_1,Dark,Fast,5mm,Experiment_2
2025-10-23T03:08:43.550Z,19,800,1252,251,892,1390,4206,3628,11700,3002,2953,9557,Day_1,Dark,Fast,5mm,Experiment_2
2025-10-23T03:08:43.590Z,18,791,1246,251,885,1385,4182,3609,11664,2980,2909,9499,Day_1,Dark,Fast,5mm,Experiment_2
2025-10-23T03:08:43.630Z,17,787,1238,251,883,1381,4170,3613,11626,2968,2878,9459,Day_1,Dark,Fast,5mm,Experiment_2
2025-10-23T03:08:43.670Z,20,790,1229,252,887,1378,4183,3627,11630,2978,2880,9479,Day_1,Dark,Fast,5mm,Experiment_2
2025-10-23T03:08:43.710Z,26,798,1225,258,892,1378,4205,3628,11663,2995,2911,9530,Day_1,Dark,Fast,5mm,Experiment_2
2025-10-23T03:08:43.750Z,32,805,1227,265,897,1381,4213,3618,11682,3002,2941,9561,Day_1,Dark,Fast,5mm,Experiment_2
2025-10-23T03:08:43.790Z,33,810,1236,269,900,1387,4205,3618,11680,3001,2959,9567,Day_1,Dark,Fast,5mm,Experiment_2
2025-10-23T03:08:43.830Z,29,809,1246,268,897,1392,4196,3624,11679,3002,2971,9571,Day_1,Dark,Fast,5mm,Experiment_2
2025-10-23T03:08:43.870Z,29,806,1250,266,894,1392,4192,3628,11691,3005,2978,9587,Day_1,Dark,Fast,5mm,Experiment_2
2025-10-23T03:08:43.910Z,36,803,1247,267,892,1390,4189,3628,11703,3005,2973,9600,Day_1,Dark,Fast,5mm,Experiment_2
2025-10-23T03:08:43.949Z,46,802,1244,270,891,1389,4188,3626,11700,3002,2958,9590,Day_1,Dark,Fast,5mm,Experiment_2
2025-10-23T03:08:43.989Z,55,803,1243,272,890,1389,4193,3624,11679,2995,2941,9547,Day_1,Dark,Fast,5mm,Experiment_2
2025-10-23T03:08:44.029Z,55,802,1242,269,887,1388,4198,3628,11651,2985,2929,9489,Day_1,Dark,Fast,5mm,Experiment_2
2025-10-23T03:08:44.069Z,43,795,1238,259,879,1385,4204,3636,11642,2985,2929,9465,Day_1,Dark,Fast,5mm,Experiment_2
2025-10-23T03:08:44.109Z,29,787,1233,251,872,1382,4209,3639,11663,2998,2944,9497,Day_1,Dark,Fast,5mm,Experiment_2
2025-10-23T03:08:44.149Z,23,789,1235,247,876,1382,4205,3636,11693,3006,2961,9549,Day_1,Dark,Fast,5mm,Experiment_2
2025-10-23T03:08:44.189Z,27,802,1243,248,889,1385,4192,3632,11713,3000,2971,9581,Day_1,Dark,Fast,5mm,Experiment_2
2025-10-23T03:08:44.229Z,38,815,1251,255,901,1389,4180,3627,11720,2991,2974,9595,Day_1,Dark,Fast,5mm,Experiment_2
2025-10-23T03:08:44.269Z,50,820,1255,266,906,1392,4172,3623,11723,2990,2978,9607,Day_1,Dark,Fast,5mm,Experiment_2
2025-10-23T03:08:44.309Z,55,820,1252,272,908,1390,4165,3616,11726,2995,2982,9620,Day_1,Dark,Fast,5mm,Experiment_2
2025-10-23T03:08:44.349Z,50,818,1245,269,908,1385,4168,3609,11729,3000,2980,9622,Day_1,Dark,Fast,5mm,Experiment_2
2025-10-23T03:08:44.389Z,39,817,1241,260,906,1381,4189,3611,11730,3004,2974,9608,Day_1,Dark,Fast,5mm,Experiment_2
2025-10-23T03:08:44.429Z,29,816,1242,253,904,1381,4210,3616,11724,3001,2960,9575,Day_1,Dark,Fast,5mm,Experiment_2
2025-10-23T03:08:44.469Z,23,812,1248,249,897,1385,4208,3616,11696,2987,2943,9531,Day_1,Dark,Fast,5mm,Experiment_2
2025-10-23T03:08:44.509Z,21,806,1254,251,890,1392,4189,3619,11653,2975,2934,9504,Day_1,Dark,Fast,5mm,Experiment_2
2025-10-23T03:08:44.549Z,27,806,1256,258,888,1398,4176,3627,11628,2978,2940,9519,Day_1,Dark,Fast,5mm,Experiment_2
2025-10-23T03:08:44.589Z,36,809,1252,264,889,1397,4179,3627,11636,2990,2950,9560,Day_1,Dark,Fast,5mm,Experiment_2
2025-10-23T03:08:44.629Z,35,811,1242,260,889,1389,4193,3614,11654,3000,2952,9586,Day_1,Dark,Fast,5mm,Experiment_2
2025-10-23T03:08:44.669Z,24,812,1235,249,891,1383,4202,3603,11665,3001,2952,9585,Day_1,Dark,Fast,5mm,Experiment_2
2025-10-23T03:08:44.709Z,14,815,1234,241,898,1380,4195,3610,11679,2997,2963,9580,Day_1,Dark,Fast,5mm,Experiment_2
2025-10-23T03:08:44.749Z,11,813,1236,238,902,1381,4179,3627,11714,2999,2982,9594,Day_1,Dark,Fast,5mm,Experiment_2
2025-10-23T03:08:44.789Z,12,806,1237,241,898,1382,4172,3630,11755,3007,2992,9618,Day_1,Dark,Fast,5mm,Experiment_2
2025-10-23T03:08:44.829Z,16,800,1241,247,891,1385,4181,3621,11767,3015,2989,9627,Day_1,Dark,Fast,5mm,Experiment_2
2025-10-23T03:08:44.869Z,22,801,1244,253,890,1386,4197,3623,11746,3013,2986,9612,Day_1,Dark,Fast,5mm,Experiment_2
2025-10-23T03:08:44.909Z,24,805,1244,256,893,1385,4198,3635,11707,3000,2982,9579,Day_1,Dark,Fast,5mm,Experiment_2
2025-10-23T03:08:44.949Z,22,806,1243,254,895,1387,4182,3631,11668,2984,2968,9541,Day_1,Dark,Fast,5mm,Experiment_2
2025-10-23T03:08:44.989Z,15,805,1243,250,894,1389,4170,3617,11652,2976,2956,9524,Day_1,Dark,Fast,5mm,Experiment_2
2025-10-23T03:08:45.029Z,11,804,1239,245,893,1384,4178,3615,11668,2980,2957,9539,Day_1,Dark,Fast,5mm,Experiment_2
2025-10-23T03:08:45.069Z,9,805,1240,244,894,1380,4205,3626,11697,2990,2966,9562,Day_1,Dark,Fast,5mm,Experiment_2
2025-10-23T03:08:45.109Z,9,806,1248,246,894,1383,4242,3634,11706,2997,2973,9568,Day_1,Dark,Fast,5mm,Experiment_2
2025-10-23T03:08:45.149Z,13,807,1252,249,894,1390,4275,3636,11697,2999,2976,9567,Day_1,Dark,Fast,5mm,Experiment_2
2025-10-23T03:08:45.189Z,20,809,1248,256,897,1391,4285,3635,11701,3002,2976,9579,Day_1,Dark,Fast,5mm,Experiment_2
2025-10-23T03:08:45.229Z,31,812,1240,264,900,1389,4280,3633,11721,3015,2977,9600,Day_1,Dark,Fast,5mm,Experiment_2
2025-10-23T03:08:45.269Z,38,811,1240,269,899,1388,4271,3636,11726,3028,2982,9609,Day_1,Dark,Fast,5mm,Experiment_2
2025-10-23T03:08:45.309Z,40,806,1251,270,893,1392,4249,3650,11709,3024,2988,9596,Day_1,Dark,Fast,5mm,Experiment_2
2025-10-23T03:08:45.349Z,41,798,1266,270,889,1398,4213,3663,11679,3003,2981,9559,Day_1,Dark,Fast,5mm,Experiment_2
2025-10-23T03:08:45.389Z,39,794,1275,268,890,1402,4175,3659,11645,2975,2960,9507,Day_1,Dark,Fast,5mm,Experiment_2
2025-10-23T03:08:45.429Z,33,796,1273,261,894,1401,4157,3649,11624,2958,2944,9476,Day_1,Dark,Fast,5mm,Experiment_2
2025-10-23T03:08:45.469Z,30,801,1266,254,898,1401,4168,3646,11629,2964,2948,9487,Day_1,Dark,Fast,5mm,Experiment_2
2025-10-23T03:08:45.509Z,33,807,1260,253,900,1402,4186,3642,11649,2978,2958,9515,Day_1,Dark,Fast,5mm,Experiment_2
2025-10-23T03:08:45.549Z,37,814,1255,256,902,1401,4184,3624,11670,2984,2956,9534,Day_1,Dark,Fast,5mm,Experiment_2
2025-10-23T03:08:45.589Z,37,819,1254,256,903,1400,4172,3604,11686,2984,2948,9544,Day_1,Dark,Fast,5mm,Experiment_2
2025-10-23T03:08:45.629Z,34,820,1255,255,902,1399,4173,3600,11694,2992,2948,9555,Day_1,Dark,Fast,5mm,Experiment_2
2025-10-23T03:08:45.669Z,33,815,1253,259,897,1397,4189,3618,11708,3009,2963,9572,Day_1,Dark,Fast,5mm,Experiment_2
2025-10-23T03:08:45.709Z,32,808,1253,262,891,1394,4206,3643,11726,3022,2981,9588,Day_1,Dark,Fast,5mm,Experiment_2
2025-10-23T03:08:45.750Z,30,803,1256,261,887,1389,4216,3656,11723,3020,2986,9583,Day_1,Dark,Fast,5mm,Experiment_2
2025-10-23T03:08:45.790Z,27,798,1258,254,885,1388,4219,3652,11688,3005,2970,9541,Day_1,Dark,Fast,5mm,Experiment_2
2025-10-23T03:08:45.830Z,21,798,1261,244,884,1393,4209,3639,11647,2983,2943,9482,Day_1,Dark,Fast,5mm,Experiment_2
2025-10-23T03:08:45.870Z,14,802,1262,234,885,1399,4196,3629,11641,2970,2932,9459,Day_1,Dark,Fast,5mm,Experiment_2
2025-10-23T03:08:45.910Z,9,807,1255,232,886,1400,4197,3631,11675,2979,2947,9493,Day_1,Dark,Fast,5mm,Experiment_2
2025-10-23T03:08:45.950Z,11,812,1247,236,889,1395,4207,3639,11703,2996,2966,9542,Day_1,Dark,Fast,5mm,Experiment_2
2025-10-23T03:08:45.990Z,18,816,1245,243,891,1392,4201,3635,11694,3001,2968,9563,Day_1,Dark,Fast,5mm,Experiment_2
2025-10-23T03:08:46.030Z,26,813,1247,249,890,1393,4185,3617,11678,2997,2958,9568,Day_1,Dark,Fast,5mm,Experiment_2
2025-10-23T03:08:46.070Z,28,808,1246,250,888,1392,4180,3599,11696,2997,2950,9589,Day_1,Dark,Fast,5mm,Experiment_2
2025-10-23T03:08:46.110Z,30,806,1240,253,891,1388,4188,3599,11739,3003,2952,9621,Day_1,Dark,Fast,5mm,Experiment_2
2025-10-23T03:08:46.150Z,41,810,1233,263,897,1383,4201,3613,11757,3011,2959,9632,Day_1,Dark,Fast,5mm,Experiment_2
2025-10-23T03:08:46.190Z,56,813,1230,275,902,1383,4214,3620,11735,3015,2961,9607,Day_1,Dark,Fast,5mm,Experiment_2
2025-10-23T03:08:46.230Z,63,812,1230,280,900,1386,4216,3619,11702,3008,2954,9561,Day_1,Dark,Fast,5mm,Experiment_2
2025-10-23T03:08:46.270Z,58,808,1231,278,896,1386,4203,3620,11685,2991,2946,9516,Day_1,Dark,Fast,5mm,Experiment_2
2025-10-23T03:08:46.310Z,46,809,1233,272,898,1384,4178,3623,11687,2978,2946,9504,Day_1,Dark,Fast,5mm,Experiment_2
2025-10-23T03:08:46.350Z,37,816,1237,264,905,1383,4158,3627,11704,2978,2958,9535,Day_1,Dark,Fast,5mm,Experiment_2
2025-10-23T03:08:46.390Z,31,819,1237,258,910,1382,4151,3632,11719,2983,2971,9577,Day_1,Dark,Fast,5mm,Experiment_2
2025-10-23T03:08:46.430Z,25,815,1234,250,909,1380,4154,3631,11713,2988,2970,9594,Day_1,Dark,Fast,5mm,Experiment_2
2025-10-23T03:08:46.470Z,21,807,1232,245,907,1376,4162,3622,11697,2992,2958,9591,Day_1,Dark,Fast,5mm,Experiment_2
2025-10-23T03:08:46.510Z,25,804,1231,249,905,1375,4171,3621,11692,2999,2955,9593,Day_1,Dark,Fast,5mm,Experiment_2
2025-10-23T03:08:46.550Z,29,806,1235,257,904,1377,4177,3633,11697,3007,2964,9603,Day_1,Dark,Fast,5mm,Experiment_2
2025-10-23T03:08:46.590Z,26,812,1243,258,905,1383,4179,3655,11696,3007,2975,9603,Day_1,Dark,Fast,5mm,Experiment_2
2025-10-23T03:08:46.630Z,20,819,1253,254,907,1390,4178,3677,11686,3001,2979,9592,Day_1,Dark,Fast,5mm,Experiment_2
2025-10-23T03:08:46.670Z,21,822,1257,252,908,1393,4174,3682,11684,2991,2973,9578,Day_1,Dark,Fast,5mm,Experiment_2
2025-10-23T03:08:46.710Z,26,821,1250,254,907,1392,4173,3666,11689,2983,2958,9562,Day_1,Dark,Fast,5mm,Experiment_2
2025-10-23T03:08:46.750Z,29,819,1243,256,907,1391,4178,3643,11693,2982,2947,9546,Day_1,Dark,Fast,5mm,Experiment_2
2025-10-23T03:08:46.790Z,28,813,1240,254,904,1393,4189,3623,11691,2991,2945,9543,Day_1,Dark,Fast,5mm,Experiment_2
2025-10-23T03:08:46.831Z,28,803,1237,255,894,1391,4202,3611,11688,3005,2951,9555,Day_1,Dark,Fast,5mm,Experiment_2
2025-10-23T03:08:46.871Z,29,793,1238,258,881,1390,4209,3602,11686,3016,2952,9566,Day_1,Dark,Fast,5mm,Experiment_2
2025-10-23T03:08:46.911Z,26,789,1248,258,869,1393,4208,3591,11686,3016,2944,9565,Day_1,Dark,Fast,5mm,Experiment_2
2025-10-23T03:08:46.951Z,23,786,1258,252,863,1398,4204,3589,11687,3011,2938,9561,Day_1,Dark,Fast,5mm,Experiment_2
2025-10-23T03:08:46.991Z,22,777,1258,246,864,1400,4208,3608,11686,3007,2946,9563,Day_1,Dark,Fast,5mm,Experiment_2
2025-10-23T03:08:47.031Z,21,766,1251,243,872,1398,4223,3641,11683,3009,2963,9571,Day_1,Dark,Fast,5mm,Experiment_2
2025-10-23T03:08:47.071Z,19,764,1246,242,886,1395,4233,3658,11683,3013,2971,9577,Day_1,Dark,Fast,5mm,Experiment_2
2025-10-23T03:08:47.111Z,17,774,1248,242,900,1392,4216,3649,11688,3007,2966,9572,Day_1,Dark,Fast,5mm,Experiment_2
2025-10-23T03:08:47.151Z,18,790,1251,245,905,1391,4187,3633,11680,2992,2954,9549,Day_1,Dark,Fast,5mm,Experiment_2
2025-10-23T03:08:47.191Z,23,803,1255,252,903,1392,4171,3618,11655,2973,2938,9511,Day_1,Dark,Fast,5mm,Experiment_2
2025-10-23T03:08:47.231Z,31,807,1259,261,902,1396,4177,3603,11642,2964,2925,9487,Day_1,Dark,Fast,5mm,Experiment_2
2025-10-23T03:08:47.271Z,38,807,1258,266,900,1396,4193,3597,11663,2972,2928,9503,Day_1,Dark,Fast,5mm,Experiment_2
2025-10-23T03:08:47.311Z,41,806,1253,268,898,1392,4203,3599,11693,2985,2938,9535,Day_1,Dark,Fast,5mm,Experiment_2
2025-10-23T03:08:47.351Z,35,806,1252,264,895,1389,4204,3597,11702,2991,2941,9550,Day_1,Dark,Fast,5mm,Experiment_2
2025-10-23T03:08:47.391Z,26,806,1253,259,894,1389,4200,3597,11694,2990,2938,9552,Day_1,Dark,Fast,5mm,Experiment_2
2025-10-23T03:08:47.431Z,23,805,1250,258,895,1389,4198,3609,11695,2992,2942,9560,Day_1,Dark,Fast,5mm,Experiment_2
2025-10-23T03:08:47.471Z,22,805,1247,257,895,1387,4209,3633,11713,3002,2959,9577,Day_1,Dark,Fast,5mm,Experiment_2
2025-10-23T03:08:47.511Z,21,805,1246,255,895,1385,4225,3657,11733,3014,2979,9589,Day_1,Dark,Fast,5mm,Experiment_2
2025-10-23T03:08:47.551Z,25,808,1245,256,896,1386,4224,3662,11730,3011,2985,9580,Day_1,Dark,Fast,5mm,Experiment_2
2025-10-23T03:08:47.591Z,34,821,1243,261,905,1390,4196,3643,11694,2986,2970,9537,Day_1,Dark,Fast,5mm,Experiment_2
2025-10-23T03:08:47.631Z,38,834,1242,261,915,1393,4163,3618,11643,2958,2946,9476,Day_1,Dark,Fast,5mm,Experiment_2
2025-10-23T03:08:47.671Z,32,833,1246,255,914,1393,4155,3612,11610,2954,2935,9442,Day_1,Dark,Fast,5mm,Experiment_2
2025-10-23T03:08:47.711Z,23,815,1251,250,903,1391,4174,3628,11612,2972,2945,9464,Day_1,Dark,Fast,5mm,Experiment_2
2025-10-23T03:08:47.751Z,21,801,1254,249,894,1387,4194,3644,11633,2990,2962,9510,Day_1,Dark,Fast,5mm,Experiment_2
2025-10-23T03:08:47.791Z,23,800,1254,251,892,1383,4199,3656,11648,2995,2971,9539,Day_1,Dark,Fast,5mm,Experiment_2
2025-10-23T03:08:47.831Z,27,807,1247,253,892,1378,4202,3659,11661,2997,2973,9551,Day_1,Dark,Fast,5mm,Experiment_2
2025-10-23T03:08:47.871Z,26,813,1237,253,893,1372,4213,3647,11690,3008,2970,9569,Day_1,Dark,Fast,5mm,Experiment_2
2025-10-23T03:08:47.910Z,21,812,1231,248,893,1372,4221,3626,11729,3021,2964,9598,Day_1,Dark,Fast,5mm,Experiment_2
2025-10-23T03:08:47.950Z,14,800,1234,239,887,1377,4218,3616,11752,3028,2963,9615,Day_1,Dark,Fast,5mm,Experiment_2
2025-10-23T03:08:47.990Z,9,781,1243,233,876,1383,4206,3623,11744,3026,2967,9603,Day_1,Dark,Fast,5mm,Experiment_2
2025-10-23T03:08:48.030Z,10,764,1251,235,866,1386,4191,3629,11711,3013,2960,9561,Day_1,Dark,Fast,5mm,Experiment_2
2025-10-23T03:08:48.070Z,18,761,1251,245,866,1386,4181,3618,11671,2998,2939,9507,Day_1,Dark,Fast,5mm,Experiment_2
2025-10-23T03:08:48.110Z,32,770,1246,257,875,1385,4178,3605,11644,2990,2924,9483,Day_1,Dark,Fast,5mm,Experiment_2
2025-10-23T03:08:48.150Z,40,779,1243,262,879,1387,4179,3608,11643,2994,2931,9507,Day_1,Dark,Fast,5mm,Experiment_2
2025-10-23T03:08:48.190Z,37,782,1245,256,876,1391,4181,3625,11660,3002,2947,9551,Day_1,Dark,Fast,5mm,Experiment_2
2025-10-23T03:08:48.230Z,29,789,1249,249,874,1395,4188,3641,11683,3007,2957,9583,Day_1,Dark,Fast,5mm,Experiment_2
2025-10-23T03:08:48.270Z,26,798,1249,247,876,1395,4197,3648,11702,3011,2964,9599,Day_1,Dark,Fast,5mm,Experiment_2
2025-10-23T03:08:48.310Z,28,801,1244,249,877,1390,4202,3647,11717,3014,2976,9610,Day_1,Dark,Fast,5mm,Experiment_2
2025-10-23T03:08:48.350Z,26,800,1242,251,879,1387,4207,3641,11727,3019,2990,9620,Day_1,Dark,Fast,5mm,Experiment_2
2025-10-23T03:08:48.390Z,26,801,1242,254,885,1387,4218,3641,11726,3027,2997,9622,Day_1,Dark,Fast,5mm,Experiment_2
2025-10-23T03:08:48.430Z,29,803,1239,258,889,1385,4225,3649,11717,3030,2996,9613,Day_1,Dark,Fast,5mm,Experiment_2
2025-10-23T03:08:48.470Z,28,805,1233,256,892,1380,4217,3652,11712,3023,2987,9596,Day_1,Dark,Fast,5mm,Experiment_2
2025-10-23T03:08:48.510Z,20,810,1232,247,896,1379,4194,3642,11703,3007,2969,9568,Day_1,Dark,Fast,5mm,Experiment_2
2025-10-23T03:08:48.550Z,12,816,1237,237,901,1383,4168,3634,11682,2992,2956,9543,Day_1,Dark,Fast,5mm,Experiment_2
2025-10-23T03:08:48.590Z,10,819,1243,233,903,1389,4166,3645,11666,2992,2960,9537,Day_1,Dark,Fast,5mm,Experiment_2
2025-10-23T03:08:48.630Z,13,818,1243,235,900,1389,4191,3654,11669,3007,2970,9551,Day_1,Dark,Fast,5mm,Experiment_2
2025-10-23T03:08:48.670Z,18,816,1237,238,897,1384,4216,3640,11682,3017,2972,9565,Day_1,Dark,Fast,5mm,Experiment_2
2025-10-23T03:08:48.710Z,23,815,1234,240,899,1382,4224,3624,11688,3014,2973,9568,Day_1,Dark,Fast,5mm,Experiment_2
2025-10-23T03:08:48.750Z,25,813,1238,244,904,1386,4227,3630,11694,3012,2982,9572,Day_1,Dark,Fast,5mm,Experiment_2
2025-10-23T03:08:48.790Z,24,814,1245,248,906,1391,4229,3645,11713,3019,2993,9590,Day_1,Dark,Fast,5mm,Experiment_2
2025-10-23T03:08:48.830Z,18,817,1247,250,904,1392,4224,3648,11739,3027,2993,9611,Day_1,Dark,Fast,5mm,Experiment_2
2025-10-23T03:08:48.870Z,15,812,1248,251,898,1392,4216,3638,11747,3032,2984,9618,Day_1,Dark,Fast,5mm,Experiment_2
2025-10-23T03:08:48.910Z,17,797,1248,253,887,1391,4212,3631,11730,3033,2973,9602,Day_1,Dark,Fast,5mm,Experiment_2
2025-10-23T03:08:48.950Z,20,787,1244,253,880,1387,4215,3627,11694,3028,2962,9565,Day_1,Dark,Fast,5mm,Experiment_2
2025-10-23T03:08:48.991Z,20,793,1234,249,886,1380,4215,3611,11657,3013,2945,9520,Day_1,Dark,Fast,5mm,Experiment_2
2025-10-23T03:08:49.031Z,19,808,1231,246,898,1378,4208,3584,11643,2994,2925,9498,Day_1,Dark,Fast,5mm,Experiment_2
2025-10-23T03:08:49.071Z,21,815,1240,248,904,1386,4197,3566,11658,2984,2916,9516,Day_1,Dark,Fast,5mm,Experiment_2
2025-10-23T03:08:49.111Z,23,812,1251,251,899,1397,4184,3568,11682,2982,2921,9546,Day_1,Dark,Fast,5mm,Experiment_2
2025-10-23T03:08:49.151Z,20,804,1257,248,891,1403,4173,3583,11700,2984,2931,9559,Day_1,Dark,Fast,5mm,Experiment_2
2025-10-23T03:08:49.191Z,16,798,1254,243,886,1400,4172,3604,11709,2987,2941,9559,Day_1,Dark,Fast,5mm,Experiment_2
2025-10-23T03:08:49.231Z,20,794,1247,244,883,1392,4181,3628,11712,2996,2954,9566,Day_1,Dark,Fast,5mm,Experiment_2
2025-10-23T03:08:49.271Z,30,787,1244,252,878,1386,4192,3649,11712,3007,2971,9583,Day_1,Dark,Fast,5mm,Experiment_2
2025-10-23T03:08:49.311Z,37,780,1244,259,874,1384,4191,3659,11711,3011,2984,9593,Day_1,Dark,Fast,5mm,Experiment_2
2025-10-23T03:08:49.351Z,36,785,1242,259,877,1381,4175,3654,11705,3004,2985,9580,Day_1,Dark,Fast,5mm,Experiment_2
2025-10-23T03:08:49.391Z,30,798,1237,256,884,1377,4155,3634,11681,2988,2964,9535,Day_1,Dark,Fast,5mm,Experiment_2
2025-10-23T03:08:49.431Z,29,803,1235,257,885,1377,4147,3604,11644,2970,2933,9477,Day_1,Dark,Fast,5mm,Experiment_2
2025-10-23T03:08:49.471Z,32,801,1236,263,882,1380,4154,3586,11628,2961,2914,9453,Day_1,Dark,Fast,5mm,Experiment_2
2025-10-23T03:08:49.511Z,35,803,1234,267,885,1379,4168,3585,11653,2967,2920,9488,Day_1,Dark,Fast,5mm,Experiment_2
2025-10-23T03:08:49.551Z,34,811,1231,267,895,1375,4178,3589,11690,2982,2936,9540,Day_1,Dark,Fast,5mm,Experiment_2
2025-10-23T03:08:49.591Z,28,817,1232,261,903,1374,4178,3592,11697,2991,2947,9562,Day_1,Dark,Fast,5mm,Experiment_2
2025-10-23T03:08:49.631Z,23,814,1239,256,904,1379,4175,3599,11679,2994,2953,9558,Day_1,Dark,Fast,5mm,Experiment_2
2025-10-23T03:08:49.671Z,21,805,1247,255,897,1385,4180,3612,11672,3000,2961,9559,Day_1,Dark,Fast,5mm,Experiment_2
2025-10-23T03:08:49.711Z,21,797,1246,253,890,1384,4194,3620,11690,3010,2968,9580,Day_1,Dark,Fast,5mm,Experiment_2
2025-10-23T03:08:49.751Z,19,797,1236,246,886,1376,4206,3619,11714,3014,2970,9599,Day_1,Dark,Fast,5mm,Experiment_2
2025-10-23T03:08:49.791Z,17,799,1226,238,884,1368,4206,3617,11724,3008,2963,9594,Day_1,Dark,Fast,5mm,Experiment_2
2025-10-23T03:08:49.831Z,20,797,1225,239,883,1367,4193,3619,11709,2993,2950,9554,Day_1,Dark,Fast,5mm,Experiment_2
2025-10-23T03:08:49.871Z,24,793,1229,247,882,1370,4177,3621,11675,2974,2935,9497,Day_1,Dark,Fast,5mm,Experiment_2
2025-10-23T03:08:49.911Z,24,793,1233,252,881,1372,4176,3619,11650,2971,2929,9469,Day_1,Dark,Fast,5mm,Experiment_2
2025-10-23T03:08:49.951Z,20,800,1239,248,885,1375,4191,3616,11654,2989,2939,9496,Day_1,Dark,Fast,5mm,Experiment_2
2025-10-23T03:08:49.991Z,15,806,1246,239,890,1382,4205,3622,11672,3014,2955,9546,Day_1,Dark,Fast,5mm,Experiment_2
2025-10-23T03:08:50.031Z,12,804,1252,233,894,1389,4210,3632,11688,3026,2966,9579,Day_1,Dark,Fast,5mm,Experiment_2
2025-10-23T03:08:50.071Z,13,800,1252,237,899,1389,4212,3644,11697,3025,2971,9593,Day_1,Dark,Fast,5mm,Experiment_2
2025-10-23T03:08:50.111Z,19,798,1248,248,898,1385,4213,3650,11705,3022,2975,9602,Day_1,Dark,Fast,5mm,Experiment_2
2025-10-23T03:08:50.151Z,24,795,1245,257,889,1384,4210,3647,11716,3020,2979,9610,Day_1,Dark,Fast,5mm,Experiment_2
2025-10-23T03:08:50.191Z,26,794,1245,258,884,1390,4201,3646,11720,3014,2983,9608,Day_1,Dark,Fast,5mm,Experiment_2
2025-10-23T03:08:50.231Z,25,798,1247,252,888,1395,4191,3651,11711,3005,2983,9594,Day_1,Dark,Fast,5mm,Experiment_2
2025-10-23T03:08:50.271Z,23,801,1251,246,891,1394,4182,3654,11686,2996,2974,9566,Day_1,Dark,Fast,5mm,Experiment_2
2025-10-23T03:08:50.311Z,21,798,1254,248,887,1391,4180,3647,11650,2988,2961,9531,Day_1,Dark,Fast,5mm,Experiment_2
2025-10-23T03:08:50.351Z,20,790,1255,251,877,1390,4184,3639,11617,2984,2952,9508,Day_1,Dark,Fast,5mm,Experiment_2
2025-10-23T03:08:50.391Z,18,783,1252,249,869,1388,4182,3644,11605,2986,2956,9514,Day_1,Dark,Fast,5mm,Experiment_2
2025-10-23T03:08:50.432Z,15,783,1247,243,869,1386,4177,3658,11620,2990,2968,9537,Day_1,Dark,Fast,5mm,Experiment_2
2025-10-23T03:08:50.472Z,12,791,1244,239,878,1384,4180,3659,11647,2993,2971,9553,Day_1,Dark,Fast,5mm,Experiment_2
2025-10-23T03:08:50.512Z,13,798,1246,237,889,1385,4196,3643,11678,2997,2961,9561,Day_1,Dark,Fast,5mm,Experiment_2
2025-10-23T03:08:50.552Z,17,801,1251,240,894,1391,4215,3630,11704,3005,2955,9573,Day_1,Dark,Fast,5mm,Experiment_2
2025-10-23T03:08:50.592Z,26,801,1254,247,894,1395,4232,3630,11718,3015,2964,9592,Day_1,Dark,Fast,5mm,Experiment_2
2025-10-23T03:08:50.632Z,37,802,1251,255,895,1394,4247,3637,11720,3022,2977,9610,Day_1,Dark,Fast,5mm,Experiment_2
2025-10-23T03:08:50.672Z,41,807,1246,260,897,1390,4250,3650,11726,3023,2985,9617,Day_1,Dark,Fast,5mm,Experiment_2
2025-10-23T03:08:50.712Z,39,814,1243,262,900,1388,4240,3660,11731,3016,2986,9607,Day_1,Dark,Fast,5mm,Experiment_2
2025-10-23T03:08:50.752Z,38,817,1243,266,900,1389,4233,3655,11715,3008,2974,9573,Day_1,Dark,Fast,5mm,Experiment_2
2025-10-23T03:08:50.792Z,39,815,1243,269,898,1387,4230,3636,11678,3000,2951,9525,Day_1,Dark,Fast,5mm,Experiment_2
2025-10-23T03:08:50.832Z,39,812,1244,270,897,1386,4228,3625,11653,2994,2937,9498,Day_1,Dark,Fast,5mm,Experiment_2
2025-10-23T03:08:50.872Z,37,814,1246,266,898,1387,4233,3630,11655,2994,2944,9508,Day_1,Dark,Fast,5mm,Experiment_2
2025-10-23T03:08:50.912Z,32,816,1243,259,897,1389,4243,3644,11666,3001,2961,9530,Day_1,Dark,Fast,5mm,Experiment_2
2025-10-23T03:08:50.952Z,28,814,1236,251,893,1389,4247,3655,11673,3008,2969,9541,Day_1,Dark,Fast,5mm,Experiment_2
2025-10-23T03:08:50.992Z,31,811,1233,249,888,1387,4240,3660,11673,3011,2973,9540,Day_1,Dark,Fast,5mm,Experiment_2
2025-10-23T03:08:51.032Z,37,803,1238,254,881,1388,4221,3660,11674,3006,2979,9543,Day_1,Dark,Fast,5mm,Experiment_2
2025-10-23T03:08:51.072Z,39,795,1243,258,877,1390,4196,3653,11688,2997,2985,9562,Day_1,Dark,Fast,5mm,Experiment_2
2025-10-23T03:08:51.112Z,37,799,1243,259,883,1389,4184,3644,11708,2996,2986,9585,Day_1,Dark,Fast,5mm,Experiment_2
2025-10-23T03:08:51.152Z,35,811,1242,256,893,1385,4184,3641,11710,3002,2982,9586,Day_1,Dark,Fast,5mm,Experiment_2
2025-10-23T03:08:51.192Z,37,820,1241,253,901,1382,4187,3637,11682,3002,2966,9549,Day_1,Dark,Fast,5mm,Experiment_2
2025-10-23T03:08:51.232Z,40,822,1239,252,903,1380,4189,3629,11640,2992,2940,9491,Day_1,Dark,Fast,5mm,Experiment_2
2025-10-23T03:08:51.272Z,39,819,1237,251,901,1382,4187,3626,11614,2982,2925,9458,Day_1,Dark,Fast,5mm,Experiment_2
2025-10-23T03:08:51.312Z,35,815,1239,250,900,1386,4178,3634,11619,2981,2932,9475,Day_1,Dark,Fast,5mm,Experiment_2
2025-10-23T03:08:51.352Z,29,811,1243,246,901,1388,4170,3640,11645,2986,2948,9515,Day_1,Dark,Fast,5mm,Experiment_2
2025-10-23T03:08:51.392Z,22,810,1241,241,904,1382,4173,3642,11672,2991,2957,9542,Day_1,Dark,Fast,5mm,Experiment_2
2025-10-23T03:08:51.432Z,19,812,1232,239,907,1373,4181,3645,11694,2995,2962,9555,Day_1,Dark,Fast,5mm,Experiment_2
2025-10-23T03:08:51.472Z,21,815,1229,241,908,1368,4192,3654,11714,3001,2974,9571,Day_1,Dark,Fast,5mm,Experiment_2
2025-10-23T03:08:51.512Z,22,816,1232,241,906,1369,4205,3663,11735,3009,2990,9592,Day_1,Dark,Fast,5mm,Experiment_2
2025-10-23T03:08:51.552Z,17,816,1233,239,904,1373,4217,3666,11745,3013,3001,9601,Day_1,Dark,Fast,5mm,Experiment_2
2025-10-23T03:08:51.592Z,13,816,1234,239,901,1377,4219,3659,11731,3009,2995,9583,Day_1,Dark,Fast,5mm,Experiment_2
2025-10-23T03:08:51.632Z,12,816,1238,242,899,1382,4207,3643,11690,2995,2973,9534,Day_1,Dark,Fast,5mm,Experiment_2
2025-10-23T03:08:51.672Z,12,818,1244,242,900,1386,4190,3625,11650,2980,2948,9477,Day_1,Dark,Fast,5mm,Experiment_2
2025-10-23T03:08:51.712Z,14,822,1247,242,903,1387,4184,3620,11641,2976,2939,9458,Day_1,Dark,Fast,5mm,Experiment_2
2025-10-23T03:08:51.752Z,13,828,1245,242,905,1384,4197,3629,11663,2989,2953,9495,Day_1,Dark,Fast,5mm,Experiment_2
2025-10-23T03:08:51.792Z,10,830,1241,242,904,1381,4222,3647,11694,3007,2972,9549,Day_1,Dark,Fast,5mm,Experiment_2
2025-10-23T03:08:51.832Z,7,827,1238,242,902,1381,4240,3663,11709,3016,2983,9577,Day_1,Dark,Fast,5mm,Experiment_2
2025-10-23T03:08:51.872Z,9,824,1235,242,903,1383,4234,3678,11707,3010,2991,9585,Day_1,Dark,Fast,5mm,Experiment_2
2025-10-23T03:08:51.912Z,12,823,1233,242,906,1383,4219,3692,11706,3000,3003,9597,Day_1,Dark,Fast,5mm,Experiment_2
2025-10-23T03:08:51.952Z,11,824,1234,238,909,1382,4216,3701,11718,2999,3010,9617,Day_1,Dark,Fast,5mm,Experiment_2
2025-10-23T03:08:51.992Z,9,824,1236,234,910,1378,4221,3697,11730,3005,3005,9622,Day_1,Dark,Fast,5mm,Experiment_2
2025-10-23T03:08:52.032Z,8,822,1236,236,906,1376,4220,3681,11721,3011,2993,9601,Day_1,Dark,Fast,5mm,Experiment_2
2025-10-23T03:08:52.072Z,10,823,1236,242,903,1377,4205,3666,11694,3010,2981,9564,Day_1,Dark,Fast,5mm,Experiment_2
2025-10-23T03:08:52.112Z,15,826,1237,248,905,1381,4185,3662,11672,2999,2970,9529,Day_1,Dark,Fast,5mm,Experiment_2
2025-10-23T03:08:52.152Z,21,827,1236,254,908,1384,4170,3669,11666,2987,2966,9518,Day_1,Dark,Fast,5mm,Experiment_2
2025-10-23T03:08:52.192Z,28,825,1233,259,911,1383,4167,3679,11676,2985,2975,9538,Day_1,Dark,Fast,5mm,Experiment_2
2025-10-23T03:08:52.231Z,34,824,1235,262,914,1385,4178,3681,11691,2994,2986,9569,Day_1,Dark,Fast,5mm,Experiment_2
2025-10-23T03:08:52.271Z,34,822,1246,259,913,1391,4193,3666,11697,3006,2987,9588,Day_1,Dark,Fast,5mm,Experiment_2
2025-10-23T03:08:52.311Z,27,818,1258,247,909,1399,4198,3647,11694,3014,2978,9589,Day_1,Dark,Fast,5mm,Experiment_2
2025-10-23T03:08:52.351Z,19,814,1262,231,903,1403,4202,3637,11694,3021,2970,9588,Day_1,Dark,Fast,5mm,Experiment_2
2025-10-23T03:08:52.391Z,18,812,1259,226,898,1401,4218,3644,11702,3028,2970,9597,Day_1,Dark,Fast,5mm,Experiment_2
2025-10-23T03:08:52.431Z,25,806,1250,235,893,1393,4235,3658,11706,3032,2975,9603,Day_1,Dark,Fast,5mm,Experiment_2
2025-10-23T03:08:52.471Z,32,798,1239,246,886,1385,4231,3672,11702,3028,2979,9598,Day_1,Dark,Fast,5mm,Experiment_2
2025-10-23T03:08:52.511Z,33,791,1234,251,880,1381,4204,3682,11696,3013,2980,9586,Day_1,Dark,Fast,5mm,Experiment_2
2025-10-23T03:08:52.551Z,31,787,1235,250,878,1384,4174,3675,11688,2994,2972,9564,Day_1,Dark,Fast,5mm,Experiment_2
2025-10-23T03:08:52.591Z,26,787,1240,244,882,1388,4154,3652,11671,2974,2959,9534,Day_1,Dark,Fast,5mm,Experiment_2
2025-10-23T03:08:52.631Z,21,793,1246,238,890,1392,4145,3629,11660,2961,2950,9517,Day_1,Dark,Fast,5mm,Experiment_2
2025-10-23T03:08:52.671Z,23,801,1255,242,898,1395,4151,3617,11664,2964,2952,9530,Day_1,Dark,Fast,5mm,Experiment_2
2025-10-23T03:08:52.711Z,34,810,1261,256,904,1394,4168,3611,11675,2978,2955,9551,Day_1,Dark,Fast,5mm,Experiment_2
2025-10-23T03:08:52.751Z,43,816,1259,269,907,1388,4179,3606,11683,2990,2955,9558,Day_1,Dark,Fast,5mm,Experiment_2
2025-10-23T03:08:52.791Z,41,817,1252,269,905,1382,4178,3607,11694,2993,2956,9560,Day_1,Dark,Fast,5mm,Experiment_2
2025-10-23T03:08:52.831Z,31,813,1248,261,901,1381,4174,3620,11711,2992,2963,9573,Day_1,Dark,Fast,5mm,Experiment_2
2025-10-23T03:08:52.871Z,25,807,1253,252,897,1387,4175,3641,11722,2992,2977,9592,Day_1,Dark,Fast,5mm,Experiment_2
2025-10-23T03:08:52.911Z,24,804,1258,249,896,1394,4175,3664,11725,2990,2990,9603,Day_1,Dark,Fast,5mm,Experiment_2
2025-10-23T03:08:52.952Z,33,802,1255,257,896,1396,4174,3679,11722,2988,2991,9594,Day_1,Dark,Fast,5mm,Experiment_2
2025-10-23T03:08:52.992Z,54,803,1249,277,899,1394,4184,3680,11696,2985,2978,9555,Day_1,Dark,Fast,5mm,Experiment_2
2025-10-23T03:08:53.032Z,69,809,1247,292,904,1394,4198,3666,11648,2977,2956,9496,Day_1,Dark,Fast,5mm,Experiment_2
2025-10-23T03:08:53.072Z,61,814,1248,287,905,1395,4205,3647,11615,2972,2943,9462,Day_1,Dark,Fast,5mm,Experiment_2
2025-10-23T03:08:53.112Z,41,813,1251,272,902,1394,4205,3638,11622,2977,2953,9481,Day_1,Dark,Fast,5mm,Experiment_2
2025-10-23T03:08:53.152Z,29,810,1255,262,902,1393,4202,3637,11655,2986,2968,9526,Day_1,Dark,Fast,5mm,Experiment_2
2025-10-23T03:08:53.192Z,26,812,1254,260,906,1388,4197,3642,11687,2988,2972,9554,Day_1,Dark,Fast,5mm,Experiment_2
2025-10-23T03:08:53.232Z,29,813,1250,258,910,1380,4189,3652,11696,2988,2970,9560,Day_1,Dark,Fast,5mm,Experiment_2
2025-10-23T03:08:53.272Z,33,808,1247,256,906,1375,4188,3666,11691,2992,2975,9562,Day_1,Dark,Fast,5mm,Experiment_2
2025-10-23T03:08:53.312Z,34,800,1244,256,898,1377,4203,3669,11691,3002,2982,9573,Day_1,Dark,Fast,5mm,Experiment_2
2025-10-23T03:08:53.352Z,29,799,1243,254,896,1382,4218,3652,11702,3010,2979,9588,Day_1,Dark,Fast,5mm,Experiment_2
2025-10-23T03:08:53.392Z,22,807,1240,253,900,1383,4213,3622,11710,3008,2961,9587,Day_1,Dark,Fast,5mm,Experiment_2
2025-10-23T03:08:53.432Z,20,813,1241,255,904,1385,4189,3606,11691,2997,2941,9547,Day_1,Dark,Fast,5mm,Experiment_2
2025-10-23T03:08:53.472Z,27,811,1248,262,900,1391,4161,3610,11642,2979,2929,9480,Day_1,Dark,Fast,5mm,Experiment_2
2025-10-23T03:08:53.512Z,37,803,1257,268,891,1395,4146,3623,11607,2969,2935,9449,Day_1,Dark,Fast,5mm,Experiment_2
2025-10-23T03:08:53.552Z,42,800,1262,268,885,1397,4154,3643,11621,2975,2958,9484,Day_1,Dark,Fast,5mm,Experiment_2
2025-10-23T03:08:53.592Z,39,804,1262,263,886,1399,4174,3658,11658,2989,2982,9542,Day_1,Dark,Fast,5mm,Experiment_2
2025-10-23T03:08:53.632Z,34,808,1259,260,888,1399,4194,3651,11681,3002,2987,9570,Day_1,Dark,Fast,5mm,Experiment_2
2025-10-23T03:08:53.672Z,32,810,1253,261,890,1396,4210,3626,11692,3013,2977,9576,Day_1,Dark,Fast,5mm,Experiment_2
2025-10-23T03:08:53.712Z,31,819,1252,261,898,1392,4221,3606,11714,3022,2970,9589,Day_1,Dark,Fast,5mm,Experiment_2
2025-10-23T03:08:53.752Z,29,830,1253,258,908,1387,4220,3605,11737,3026,2974,9609,Day_1,Dark,Fast,5mm,Experiment_2
2025-10-23T03:08:53.792Z,26,834,1249,253,912,1381,4208,3612,11744,3022,2976,9617,Day_1,Dark,Fast,5mm,Experiment_2
2025-10-23T03:08:53.832Z,21,826,1244,248,910,1376,4194,3616,11732,3014,2972,9605,Day_1,Dark,Fast,5mm,Experiment_2
2025-10-23T03:08:53.872Z,15,814,1243,242,905,1376,4191,3616,11699,3007,2965,9571,Day_1,Dark,Fast,5mm,Experiment_2
2025-10-23T03:08:53.912Z,13,806,1245,239,902,1377,4191,3612,11654,2999,2959,9526,Day_1,Dark,Fast,5mm,Experiment_2
2025-10-23T03:08:53.952Z,18,804,1249,246,900,1379,4189,3603,11631,2990,2951,9504,Day_1,Dark,Fast,5mm,Experiment_2
2025-10-23T03:08:53.992Z,28,805,1253,258,898,1383,4186,3593,11654,2990,2948,9527,Day_1,Dark,Fast,5mm,Experiment_2
2025-10-23T03:08:54.032Z,33,811,1254,263,899,1388,4185,3596,11714,2997,2955,9571,Day_1,Dark,Fast,5mm,Experiment_2
2025-10-23T03:08:54.072Z,30,818,1250,258,905,1389,4185,3615,11772,3004,2966,9602,Day_1,Dark,Fast,5mm,Experiment_2
2025-10-23T03:08:54.112Z,23,822,1244,247,912,1386,4184,3626,11806,3009,2969,9612,Day_1,Dark,Fast,5mm,Experiment_2
2025-10-23T03:08:54.152Z,18,820,1238,236,914,1379,4184,3616,11818,3013,2961,9613,Day_1,Dark,Fast,5mm,Experiment_2
2025-10-23T03:08:54.192Z,17,812,1235,233,908,1373,4190,3602,11806,3017,2955,9617,Day_1,Dark,Fast,5mm,Experiment_2
2025-10-23T03:08:54.232Z,21,806,1236,236,900,1372,4197,3607,11773,3016,2963,9618,Day_1,Dark,Fast,5mm,Experiment_2
2025-10-23T03:08:54.272Z,28,806,1241,244,898,1379,4205,3630,11744,3009,2978,9610,Day_1,Dark,Fast,5mm,Experiment_2
2025-10-23T03:08:54.312Z,39,806,1248,252,900,1387,4209,3650,11730,3002,2982,9591,Day_1,Dark,Fast,5mm,Experiment_2
2025-10-23T03:08:54.352Z,46,804,1257,259,899,1395,4202,3650,11713,2994,2971,9562,Day_1,Dark,Fast,5mm,Experiment_2
2025-10-23T03:08:54.393Z,42,799,1263,258,895,1399,4197,3632,11682,2986,2952,9529,Day_1,Dark,Fast,5mm,Experiment_2
2025-10-23T03:08:54.433Z,31,790,1263,251,888,1399,4208,3603,11657,2985,2934,9516,Day_1,Dark,Fast,5mm,Experiment_2
2025-10-23T03:08:54.473Z,25,786,1259,247,882,1395,4226,3578,11656,2991,2926,9533,Day_1,Dark,Fast,5mm,Experiment_2
2025-10-23T03:08:54.513Z,28,790,1254,249,884,1387,4225,3579,11663,2995,2931,9554,Day_1,Dark,Fast,5mm,Experiment_2
2025-10-23T03:08:54.553Z,31,796,1243,250,888,1376,4204,3602,11663,2990,2947,9555,Day_1,Dark,Fast,5mm,Experiment_2
2025-10-23T03:08:54.593Z,25,799,1232,244,889,1369,4187,3625,11666,2986,2965,9553,Day_1,Dark,Fast,5mm,Experiment_2
2025-10-23T03:08:54.633Z,16,801,1228,235,890,1370,4189,3634,11682,2991,2978,9564,Day_1,Dark,Fast,5mm,Experiment_2
2025-10-23T03:08:54.673Z,10,799,1232,230,888,1377,4206,3634,11695,3002,2983,9582,Day_1,Dark,Fast,5mm,Experiment_2
2025-10-23T03:08:54.713Z,8,790,1233,231,881,1379,4226,3630,11694,3013,2978,9592,Day_1,Dark,Fast,5mm,Experiment_2
2025-10-23T03:08:54.753Z,11,783,1230,233,877,1376,4228,3621,11687,3017,2966,9581,Day_1,Dark,Fast,5mm,Experiment_2
2025-10-23T03:08:54.793Z,17,788,1231,238,882,1374,4206,3614,11670,3005,2953,9544,Day_1,Dark,Fast,5mm,Experiment_2
2025-10-23T03:08:54.833Z,21,796,1238,244,890,1376,4183,3616,11645,2984,2943,9492,Day_1,Dark,Fast,5mm,Experiment_2
2025-10-23T03:08:54.873Z,21,802,1246,248,894,1383,4181,3624,11628,2975,2942,9464,Day_1,Dark,Fast,5mm,Experiment_2
2025-10-23T03:08:54.913Z,22,806,1254,251,898,1392,4195,3633,11641,2982,2952,9485,Day_1,Dark,Fast,5mm,Experiment_2
2025-10-23T03:08:54.953Z,24,810,1257,252,905,1396,4214,3638,11671,2992,2964,9525,Day_1,Dark,Fast,5mm,Experiment_2
2025-10-23T03:08:54.993Z,24,813,1253,252,909,1392,4228,3639,11689,2997,2967,9548,Day_1,Dark,Fast,5mm,Experiment_2
2025-10-23T03:08:55.033Z,22,811,1246,251,908,1386,4232,3635,11690,3000,2960,9552,Day_1,Dark,Fast,5mm,Experiment_2
2025-10-23T03:08:55.073Z,19,806,1241,249,903,1382,4224,3630,11696,3005,2953,9559,Day_1,Dark,Fast,5mm,Experiment_2
2025-10-23T03:08:55.113Z,15,800,1238,243,895,1382,4214,3636,11717,3009,2957,9578,Day_1,Dark,Fast,5mm,Experiment_2
2025-10-23T03:08:55.153Z,11,798,1238,237,889,1385,4215,3651,11740,3012,2966,9596,Day_1,Dark,Fast,5mm,Experiment_2
2025-10-23T03:08:55.193Z,11,798,1241,236,887,1387,4222,3660,11742,3012,2966,9592,Day_1,Dark,Fast,5mm,Experiment_2
2025-10-23T03:08:55.233Z,19,799,1243,243,887,1388,4215,3654,11706,3002,2955,9546,Day_1,Dark,Fast,5mm,Experiment_2
2025-10-23T03:08:55.273Z,30,803,1242,253,888,1388,4184,3637,11644,2975,2937,9475,Day_1,Dark,Fast,5mm,Experiment_2
2025-10-23T03:08:55.313Z,36,808,1239,259,891,1389,4152,3622,11602,2943,2931,9439,Day_1,Dark,Fast,5mm,Experiment_2
2025-10-23T03:08:55.353Z,35,809,1235,258,891,1389,4146,3614,11624,2926,2945,9473,Day_1,Dark,Fast,5mm,Experiment_2
2025-10-23T03:08:55.393Z,31,805,1235,254,888,1389,4157,3608,11681,2935,2961,9536,Day_1,Dark,Fast,5mm,Experiment_2
2025-10-23T03:08:55.433Z,24,804,1236,250,887,1388,4165,3609,11719,2962,2968,9574,Day_1,Dark,Fast,5mm,Experiment_2
2025-10-23T03:08:55.474Z,18,807,1236,247,892,1385,4170,3617,11724,2991,2969,9585,Day_1,Dark,Fast,5mm,Experiment_2
2025-10-23T03:08:55.514Z,16,809,1234,246,897,1381,4179,3620,11722,3007,2968,9597,Day_1,Dark,Fast,5mm,Experiment_2
2025-10-23T03:08:55.554Z,16,808,1232,247,898,1379,4191,3618,11725,3011,2968,9613,Day_1,Dark,Fast,5mm,Experiment_2
2025-10-23T03:08:55.594Z,16,807,1233,247,897,1381,4196,3625,11727,3008,2972,9618,Day_1,Dark,Fast,5mm,Experiment_2
2025-10-23T03:08:55.634Z,17,808,1237,247,898,1385,4195,3642,11717,3002,2976,9604,Day_1,Dark,Fast,5mm,Experiment_2
2025-10-23T03:08:55.674Z,25,813,1243,249,902,1389,4190,3644,11687,2995,2966,9568,Day_1,Dark,Fast,5mm,Experiment_2
2025-10-23T03:08:55.714Z,35,820,1245,257,907,1389,4179,3617,11642,2983,2943,9521,Day_1,Dark,Fast,5mm,Experiment_2
2025-10-23T03:08:55.754Z,42,824,1243,265,908,1386,4169,3583,11615,2974,2933,9498,Day_1,Dark,Fast,5mm,Experiment_2
2025-10-23T03:08:55.794Z,46,821,1242,268,904,1387,4177,3563,11632,2982,2947,9525,Day_1,Dark,Fast,5mm,Experiment_2
2025-10-23T03:08:55.834Z,46,816,1246,264,900,1389,4192,3567,11673,2998,2969,9571,Day_1,Dark,Fast,5mm,Experiment_2
2025-10-23T03:08:55.874Z,41,813,1251,257,899,1391,4197,3593,11708,3007,2977,9600,Day_1,Dark,Fast,5mm,Experiment_2
2025-10-23T03:08:55.914Z,34,813,1253,249,901,1393,4197,3616,11720,3011,2969,9603,Day_1,Dark,Fast,5mm,Experiment_2
2025-10-23T03:08:55.954Z,24,811,1255,240,902,1394,4203,3624,11708,3017,2961,9599,Day_1,Dark,Fast,5mm,Experiment_2
2025-10-23T03:08:55.994Z,14,808,1256,235,901,1394,4215,3629,11693,3025,2964,9597,Day_1,Dark,Fast,5mm,Experiment_2
2025-10-23T03:08:56.034Z,12,802,1254,238,894,1389,4230,3644,11688,3033,2977,9593,Day_1,Dark,Fast,5mm,Experiment_2
2025-10-23T03:08:56.074Z,15,798,1247,242,887,1381,4241,3657,11688,3033,2987,9583,Day_1,Dark,Fast,5mm,Experiment_2
2025-10-23T03:08:56.114Z,16,802,1242,242,886,1377,4237,3656,11685,3024,2986,9567,Day_1,Dark,Fast,5mm,Experiment_2
2025-10-23T03:08:56.154Z,14,808,1241,241,892,1380,4215,3644,11677,3005,2974,9545,Day_1,Dark,Fast,5mm,Experiment_2
2025-10-23T03:08:56.192Z,14,811,1243,241,898,1386,4187,3630,11666,2983,2958,9520,Day_1,Dark,Fast,5mm,Experiment_2
2025-10-23T03:08:56.232Z,19,809,1244,247,897,1388,4165,3621,11658,2967,2951,9512,Day_1,Dark,Fast,5mm,Experiment_2
2025-10-23T03:08:56.272Z,29,803,1246,255,893,1389,4156,3620,11657,2965,2956,9526,Day_1,Dark,Fast,5mm,Experiment_2
2025-10-23T03:08:56.312Z,40,798,1252,262,889,1391,4155,3616,11658,2969,2960,9542,Day_1,Dark,Fast,5mm,Experiment_2
2025-10-23T03:08:56.352Z,47,797,1255,267,891,1391,4160,3608,11654,2976,2955,9544,Day_1,Dark,Fast,5mm,Experiment_2
2025-10-23T03:08:56.392Z,48,806,1248,269,900,1387,4169,3604,11658,2984,2951,9543,Day_1,Dark,Fast,5mm,Experiment_2
2025-10-23T03:08:56.432Z,43,817,1238,268,911,1383,4178,3605,11680,2995,2956,9554,Day_1,Dark,Fast,5mm,Experiment_2
2025-10-23T03:08:56.472Z,34,820,1230,261,916,1382,4190,3609,11710,3006,2967,9577,Day_1,Dark,Fast,5mm,Experiment_2
2025-10-23T03:08:56.512Z,25,817,1229,252,916,1382,4208,3616,11732,3016,2976,9595,Day_1,Dark,Fast,5mm,Experiment_2
2025-10-23T03:08:56.553Z,18,811,1234,244,909,1383,4223,3620,11732,3019,2977,9592,Day_1,Dark,Fast,5mm,Experiment_2
2025-10-23T03:08:56.593Z,13,802,1244,240,898,1386,4222,3615,11704,3012,2967,9556,Day_1,Dark,Fast,5mm,Experiment_2
2025-10-23T03:08:56.633Z,10,795,1251,239,888,1391,4212,3607,11653,2996,2946,9496,Day_1,Dark,Fast,5mm,Experiment_2
2025-10-23T03:08:56.673Z,9,797,1251,239,886,1391,4204,3611,11616,2982,2931,9457,Day_1,Dark,Fast,5mm,Experiment_2
2025-10-23T03:08:56.713Z,12,804,1243,242,893,1385,4197,3630,11624,2981,2940,9473,Day_1,Dark,Fast,5mm,Experiment_2
2025-10-23T03:08:56.753Z,17,810,1234,248,900,1378,4192,3649,11656,2989,2961,9512,Day_1,Dark,Fast,5mm,Experiment_2
2025-10-23T03:08:56.793Z,20,813,1227,252,903,1373,4189,3659,11675,2993,2972,9533,Day_1,Dark,Fast,5mm,Experiment_2
2025-10-23T03:08:56.833Z,21,814,1228,251,904,1374,4184,3653,11674,2993,2967,9531,Day_1,Dark,Fast,5mm,Experiment_2
2025-10-23T03:08:56.873Z,19,816,1233,246,906,1377,4177,3637,11673,2990,2962,9535,Day_1,Dark,Fast,5mm,Experiment_2
2025-10-23T03:08:56.913Z,18,815,1237,243,909,1379,4172,3625,11689,2988,2965,9556,Day_1,Dark,Fast,5mm,Experiment_2
2025-10-23T03:08:56.953Z,18,813,1238,244,909,1381,4178,3623,11710,2991,2973,9579,Day_1,Dark,Fast,5mm,Experiment_2
2025-10-23T03:08:56.993Z,22,816,1238,251,908,1384,4190,3623,11714,2993,2973,9580,Day_1,Dark,Fast,5mm,Experiment_2
2025-10-23T03:08:57.033Z,28,819,1234,262,907,1385,4190,3612,11697,2986,2958,9545,Day_1,Dark,Fast,5mm,Experiment_2
2025-10-23T03:08:57.073Z,33,813,1229,271,903,1382,4175,3587,11669,2970,2931,9494,Day_1,Dark,Fast,5mm,Experiment_2
2025-10-23T03:08:57.113Z,34,804,1227,271,898,1379,4162,3564,11649,2960,2911,9471,Day_1,Dark,Fast,5mm,Experiment_2
2025-10-23T03:08:57.153Z,34,802,1228,265,900,1381,4165,3565,11647,2966,2916,9496,Day_1,Dark,Fast,5mm,Experiment_2
2025-10-23T03:08:57.193Z,36,807,1234,260,905,1386,4179,3584,11655,2980,2936,9535,Day_1,Dark,Fast,5mm,Experiment_2
2025-10-23T03:08:57.233Z,38,814,1238,261,910,1390,4191,3603,11665,2991,2949,9558,Day_1,Dark,Fast,5mm,Experiment_2
2025-10-23T03:08:57.273Z,40,818,1237,264,909,1389,4197,3617,11674,2997,2958,9565,Day_1,Dark,Fast,5mm,Experiment_2
2025-10-23T03:08:57.313Z,41,815,1233,266,904,1385,4201,3632,11687,3006,2971,9574,Day_1,Dark,Fast,5mm,Experiment_2
2025-10-23T03:08:57.353Z,39,808,1231,266,897,1382,4209,3650,11707,3018,2988,9589,Day_1,Dark,Fast,5mm,Experiment_2
2025-10-23T03:08:57.393Z,38,805,1233,266,894,1383,4221,3668,11727,3024,3001,9597,Day_1,Dark,Fast,5mm,Experiment_2
2025-10-23T03:08:57.433Z,38,805,1239,268,893,1387,4232,3678,11739,3020,3003,9592,Day_1,Dark,Fast,5mm,Experiment_2
2025-10-23T03:08:57.473Z,39,807,1247,271,894,1390,4231,3679,11733,3006,2991,9567,Day_1,Dark,Fast,5mm,Experiment_2
2025-10-23T03:08:57.513Z,41,808,1253,274,893,1392,4217,3668,11699,2988,2967,9524,Day_1,Dark,Fast,5mm,Experiment_2
2025-10-23T03:08:57.553Z,39,806,1253,272,890,1391,4203,3649,11666,2979,2949,9498,Day_1,Dark,Fast,5mm,Experiment_2
2025-10-23T03:08:57.593Z,30,809,1247,263,892,1388,4201,3639,11668,2989,2952,9519,Day_1,Dark,Fast,5mm,Experiment_2
2025-10-23T03:08:57.634Z,21,817,1237,254,901,1383,4205,3644,11701,3007,2967,9561,Day_1,Dark,Fast,5mm,Experiment_2
2025-10-23T03:08:57.674Z,18,822,1230,250,909,1377,4209,3645,11726,3019,2975,9586,Day_1,Dark,Fast,5mm,Experiment_2
2025-10-23T03:08:57.714Z,19,820,1229,250,909,1372,4210,3638,11719,3021,2976,9585,Day_1,Dark,Fast,5mm,Experiment_2
2025-10-23T03:08:57.754Z,21,814,1231,252,906,1368,4211,3634,11694,3019,2976,9580,Day_1,Dark,Fast,5mm,Experiment_2
2025-10-23T03:08:57.794Z,26,811,1232,256,902,1367,4212,3643,11683,3018,2981,9587,Day_1,Dark,Fast,5mm,Experiment_2
2025-10-23T03:08:57.834Z,30,809,1229,259,900,1366,4210,3660,11690,3015,2991,9599,Day_1,Dark,Fast,5mm,Experiment_2
2025-10-23T03:08:57.874Z,31,808,1231,259,898,1370,4203,3665,11694,3008,2996,9598,Day_1,Dark,Fast,5mm,Experiment_2
2025-10-23T03:08:57.914Z,30,808,1241,254,895,1379,4195,3656,11684,2999,2991,9579,Day_1,Dark,Fast,5mm,Experiment_2
2025-10-23T03:08:57.954Z,27,805,1252,249,890,1387,4184,3640,11666,2990,2977,9547,Day_1,Dark,Fast,5mm,Experiment_2
2025-10-23T03:08:57.994Z,23,800,1252,246,887,1388,4168,3632,11650,2982,2965,9519,Day_1,Dark,Fast,5mm,Experiment_2
2025-10-23T03:08:58.034Z,18,797,1244,243,886,1380,4156,3636,11653,2975,2961,9520,Day_1,Dark,Fast,5mm,Experiment_2
2025-10-23T03:08:58.074Z,15,797,1234,241,887,1373,4158,3643,11680,2977,2966,9547,Day_1,Dark,Fast,5mm,Experiment_2
2025-10-23T03:08:58.114Z,16,805,1231,243,894,1373,4174,3643,11708,2988,2970,9570,Day_1,Dark,Fast,5mm,Experiment_2
2025-10-23T03:08:58.154Z,22,817,1235,250,905,1380,4193,3641,11714,3004,2964,9571,Day_1,Dark,Fast,5mm,Experiment_2
2025-10-23T03:08:58.194Z,29,826,1241,254,912,1386,4211,3639,11711,3022,2953,9569,Day_1,Dark,Fast,5mm,Experiment_2
2025-10-23T03:08:58.234Z,34,826,1246,252,912,1389,4224,3633,11717,3039,2947,9586,Day_1,Dark,Fast,5mm,Experiment_2
2025-10-23T03:08:58.274Z,35,820,1252,253,906,1392,4228,3627,11726,3045,2953,9609,Day_1,Dark,Fast,5mm,Experiment_2
2025-10-23T03:08:58.314Z,36,807,1254,259,892,1391,4222,3628,11726,3037,2966,9617,Day_1,Dark,Fast,5mm,Experiment_2
2025-10-23T03:08:58.355Z,38,792,1252,264,878,1387,4209,3629,11722,3018,2971,9603,Day_1,Dark,Fast,5mm,Experiment_2
2025-10-23T03:08:58.395Z,36,789,1249,265,875,1385,4197,3620,11708,2998,2961,9564,Day_1,Dark,Fast,5mm,Experiment_2
2025-10-23T03:08:58.435Z,33,799,1252,265,885,1391,4193,3607,11670,2984,2944,9505,Day_1,Dark,Fast,5mm,Experiment_2
2025-10-23T03:08:58.475Z,31,811,1250,264,898,1393,4201,3600,11635,2981,2932,9467,Day_1,Dark,Fast,5mm,Experiment_2
2025-10-23T03:08:58.515Z,26,815,1240,259,904,1388,4217,3604,11626,2990,2936,9479,Day_1,Dark,Fast,5mm,Experiment_2
2025-10-23T03:08:58.555Z,22,812,1232,252,904,1382,4235,3616,11630,2999,2949,9512,Day_1,Dark,Fast,5mm,Experiment_2
2025-10-23T03:08:58.595Z,21,807,1231,250,900,1379,4248,3629,11631,2994,2960,9531,Day_1,Dark,Fast,5mm,Experiment_2
2025-10-23T03:08:58.635Z,25,806,1232,252,900,1381,4249,3643,11635,2985,2966,9535,Day_1,Dark,Fast,5mm,Experiment_2
2025-10-23T03:08:58.675Z,30,810,1234,256,902,1384,4240,3654,11649,2988,2972,9543,Day_1,Dark,Fast,5mm,Experiment_2
2025-10-23T03:08:58.714Z,33,814,1233,258,903,1384,4234,3663,11677,2999,2979,9566,Day_1,Dark,Fast,5mm,Experiment_2
2025-10-23T03:08:58.754Z,32,815,1229,256,904,1379,4227,3672,11705,3006,2984,9590,Day_1,Dark,Fast,5mm,Experiment_2
2025-10-23T03:08:58.794Z,28,818,1227,251,904,1377,4212,3674,11717,3002,2981,9592,Day_1,Dark,Fast,5mm,Experiment_2
2025-10-23T03:08:58.834Z,26,821,1229,244,904,1376,4187,3656,11702,2988,2960,9557,Day_1,Dark,Fast,5mm,Experiment_2
2025-10-23T03:08:58.874Z,22,823,1231,236,903,1375,4164,3622,11672,2968,2929,9501,Day_1,Dark,Fast,5mm,Experiment_2
2025-10-23T03:08:58.914Z,20,820,1237,231,901,1379,4156,3590,11662,2958,2911,9475,Day_1,Dark,Fast,5mm,Experiment_2
2025-10-23T03:08:58.954Z,26,815,1249,237,900,1389,4163,3570,11688,2967,2918,9502,Day_1,Dark,Fast,5mm,Experiment_2
2025-10-23T03:08:58.994Z,31,812,1257,250,900,1396,4176,3573,11715,2984,2936,9545,Day_1,Dark,Fast,5mm,Experiment_2
2025-10-23T03:08:59.034Z,29,809,1256,258,901,1394,4195,3600,11715,2997,2950,9566,Day_1,Dark,Fast,5mm,Experiment_2
2025-10-23T03:08:59.075Z,24,804,1252,261,899,1391,4220,3629,11703,3006,2962,9569,Day_1,Dark,Fast,5mm,Experiment_2
2025-10-23T03:08:59.115Z,28,799,1245,264,895,1387,4236,3642,11693,3016,2973,9571,Day_1,Dark,Fast,5mm,Experiment_2
2025-10-23T03:08:59.155Z,35,798,1239,265,890,1384,4238,3645,11693,3025,2983,9580,Day_1,Dark,Fast,5mm,Experiment_2
2025-10-23T03:08:59.195Z,32,802,1235,256,889,1381,4234,3647,11709,3027,2986,9593,Day_1,Dark,Fast,5mm,Experiment_2
2025-10-23T03:08:59.235Z,25,809,1234,243,891,1377,4229,3640,11726,3018,2977,9596,Day_1,Dark,Fast,5mm,Experiment_2
2025-10-23T03:08:59.275Z,22,813,1234,237,894,1372,4214,3620,11713,2998,2955,9566,Day_1,Dark,Fast,5mm,Experiment_2
2025-10-23T03:08:59.315Z,24,813,1234,240,897,1369,4187,3594,11671,2970,2930,9511,Day_1,Dark,Fast,5mm,Experiment_2
2025-10-23T03:08:59.355Z,28,815,1234,247,900,1370,4171,3582,11635,2956,2920,9480,Day_1,Dark,Fast,5mm,Experiment_2
2025-10-23T03:08:59.395Z,32,815,1233,255,901,1376,4180,3598,11628,2969,2934,9499,Day_1,Dark,Fast,5mm,Experiment_2
2025-10-23T03:08:59.435Z,34,811,1233,260,899,1378,4208,3628,11643,2996,2958,9539,Day_1,Dark,Fast,5mm,Experiment_2
2025-10-23T03:08:59.475Z,30,807,1234,262,898,1376,4232,3656,11659,3015,2976,9562,Day_1,Dark,Fast,5mm,Experiment_2
2025-10-23T03:08:59.515Z,27,809,1237,262,901,1375,4234,3679,11671,3021,2987,9571,Day_1,Dark,Fast,5mm,Experiment_2
2025-10-23T03:08:59.555Z,27,812,1240,264,903,1379,4225,3702,11692,3021,2997,9588,Day_1,Dark,Fast,5mm,Experiment_2
2025-10-23T03:08:59.595Z,24,813,1241,262,902,1383,4225,3720,11719,3025,3006,9611,Day_1,Dark,Fast,5mm,Experiment_2
2025-10-23T03:08:59.635Z,17,812,1244,253,902,1387,4232,3717,11734,3027,3005,9620,Day_1,Dark,Fast,5mm,Experiment_2
2025-10-23T03:08:59.675Z,12,815,1253,245,903,1392,4236,3694,11732,3025,2992,9611,Day_1,Dark,Fast,5mm,Experiment_2
2025-10-23T03:08:59.715Z,14,822,1263,244,907,1398,4225,3676,11722,3018,2979,9593,Day_1,Dark,Fast,5mm,Experiment_2
2025-10-23T03:08:59.755Z,18,827,1266,247,910,1399,4203,3673,11710,3003,2973,9569,Day_1,Dark,Fast,5mm,Experiment_2
2025-10-23T03:08:59.795Z,17,823,1261,248,906,1394,4183,3666,11691,2989,2966,9547,Day_1,Dark,Fast,5mm,Experiment_2
2025-10-23T03:08:59.835Z,14,809,1252,245,896,1388,4183,3651,11681,2987,2960,9542,Day_1,Dark,Fast,5mm,Experiment_2
2025-10-23T03:08:59.875Z,13,795,1245,243,887,1388,4197,3640,11691,2998,2963,9558,Day_1,Dark,Fast,5mm,Experiment_2
2025-10-23T03:08:59.915Z,13,793,1242,243,886,1392,4206,3635,11707,3008,2967,9574,Day_1,Dark,Fast,5mm,Experiment_2
2025-10-23T03:08:59.955Z,11,799,1243,243,893,1397,4204,3626,11714,3009,2961,9576,Day_1,Dark,Fast,5mm,Experiment_2
2025-10-23T03:08:59.995Z,9,802,1246,243,897,1399,4200,3620,11724,3008,2956,9576,Day_1,Dark,Fast,5mm,Experiment_2
2025-10-23T03:09:00.035Z,11,800,1247,244,900,1398,4206,3628,11743,3012,2965,9588,Day_1,Dark,Fast,5mm,Experiment_2
2025-10-23T03:09:00.075Z,16,799,1246,245,902,1394,4226,3643,11750,3020,2980,9602,Day_1,Dark,Fast,5mm,Experiment_2
2025-10-23T03:09:00.115Z,19,801,1247,246,902,1393,4248,3653,11736,3026,2987,9600,Day_1,Dark,Fast,5mm,Experiment_2
2025-10-23T03:09:00.154Z,23,805,1250,251,900,1395,4254,3656,11716,3023,2982,9582,Day_1,Dark,Fast,5mm,Experiment_2
2025-10-23T03:09:00.194Z,29,810,1252,256,898,1395,4238,3653,11698,3010,2971,9550,Day_1,Dark,Fast,5mm,Experiment_2
2025-10-23T03:09:00.234Z,31,811,1250,256,898,1394,4209,3644,11669,2992,2958,9506,Day_1,Dark,Fast,5mm,Experiment_2
2025-10-23T03:09:00.274Z,27,808,1251,250,900,1396,4183,3629,11638,2981,2946,9477,Day_1,Dark,Fast,5mm,Experiment_2
2025-10-23T03:09:00.314Z,20,806,1257,243,900,1402,4169,3618,11633,2981,2941,9485,Day_1,Dark,Fast,5mm,Experiment_2
2025-10-23T03:09:00.354Z,16,807,1263,238,899,1407,4171,3616,11646,2987,2946,9508,Day_1,Dark,Fast,5mm,Experiment_2
2025-10-23T03:09:00.394Z,17,808,1262,235,896,1408,4180,3622,11657,2993,2955,9519,Day_1,Dark,Fast,5mm,Experiment_2
2025-10-23T03:09:00.434Z,22,806,1255,240,893,1403,4187,3630,11666,2997,2964,9526,Day_1,Dark,Fast,5mm,Experiment_2
2025-10-23T03:09:00.474Z,29,805,1251,251,892,1395,4190,3637,11682,3002,2973,9541,Day_1,Dark,Fast,5mm,Experiment_2
2025-10-23T03:09:00.514Z,31,806,1250,259,896,1390,4192,3645,11707,3010,2980,9565,Day_1,Dark,Fast,5mm,Experiment_2
2025-10-23T03:09:00.554Z,28,809,1251,261,901,1388,4191,3657,11725,3014,2986,9586,Day_1,Dark,Fast,5mm,Experiment_2
2025-10-23T03:09:00.594Z,30,814,1248,264,904,1387,4195,3668,11721,3012,2986,9582,Day_1,Dark,Fast,5mm,Experiment_2
2025-10-23T03:09:00.634Z,35,820,1241,270,902,1384,4200,3665,11694,3005,2973,9543,Day_1,Dark,Fast,5mm,Experiment_2
2025-10-23T03:09:00.674Z,34,821,1233,269,898,1378,4196,3642,11654,2992,2948,9487,Day_1,Dark,Fast,5mm,Experiment_2
2025-10-23T03:09:00.714Z,25,815,1228,261,895,1372,4185,3618,11625,2981,2931,9459,Day_1,Dark,Fast,5mm,Experiment_2
2025-10-23T03:09:00.754Z,15,811,1229,250,896,1371,4178,3611,11628,2979,2937,9487,Day_1,Dark,Fast,5mm,Experiment_2
2025-10-23T03:09:00.794Z,11,811,1235,244,900,1375,4176,3615,11645,2983,2951,9531,Day_1,Dark,Fast,5mm,Experiment_2
2025-10-23T03:09:00.834Z,14,812,1242,246,901,1382,4183,3613,11651,2990,2953,9549,Day_1,Dark,Fast,5mm,Experiment_2
2025-10-23T03:09:00.874Z,22,810,1244,251,899,1385,4196,3607,11648,2999,2948,9550,Day_1,Dark,Fast,5mm,Experiment_2
2025-10-23T03:09:00.914Z,32,808,1239,257,896,1383,4204,3610,11659,3005,2955,9560,Day_1,Dark,Fast,5mm,Experiment_2
2025-10-23T03:09:00.954Z,37,806,1233,262,894,1377,4209,3623,11689,3010,2972,9584,Day_1,Dark,Fast,5mm,Experiment_2
2025-10-23T03:09:00.994Z,38,804,1230,266,890,1376,4217,3635,11716,3014,2983,9600,Day_1,Dark,Fast,5mm,Experiment_2
2025-10-23T03:09:01.034Z,41,798,1234,271,883,1380,4223,3643,11715,3013,2983,9588,Day_1,Dark,Fast,5mm,Experiment_2
2025-10-23T03:09:01.074Z,44,796,1239,277,881,1383,4221,3638,11684,2999,2969,9544,Day_1,Dark,Fast,5mm,Experiment_2
2025-10-23T03:09:01.114Z,43,804,1242,278,887,1385,4214,3624,11646,2978,2947,9489,Day_1,Dark,Fast,5mm,Experiment_2
2025-10-23T03:09:01.154Z,40,816,1246,275,898,1388,4210,3622,11632,2969,2937,9466,Day_1,Dark,Fast,5mm,Experiment_2
2025-10-23T03:09:01.194Z,39,818,1245,274,902,1388,4209,3637,11651,2980,2951,9499,Day_1,Dark,Fast,5mm,Experiment_2
2025-10-23T03:09:01.235Z,37,812,1238,271,901,1382,4212,3649,11682,2998,2972,9556,Day_1,Dark,Fast,5mm,Experiment_2
