time,Unpolarized_A_Green,Unpolarized_A_Red,Unpolarized_A_IR,Unpolarized_B_Green,Unpolarized_B_Red,Unpolarized_B_IR,Co-Polarized_Green,Co-Polarized_Red,Co-Polarized_IR,Cross-Polarized_Green,Cross-Polarized_Red,Cross-Polarized_IR,Day,SkinTone,Speed,Depth,Experiment
2025-10-23T02:30:04.514Z,30,786,1471,277,903,1212,4044,3442,12281,2664,2452,6968,Day_1,Dark,Fast,3.75mm,Experiment_2
2025-10-23T02:30:04.554Z,29,780,1472,276,896,1212,4056,3438,12294,2661,2448,6971,Day_1,Dark,Fast,3.75mm,Experiment_2
2025-10-23T02:30:04.594Z,25,780,1472,272,890,1209,4058,3435,12254,2652,2444,6963,Day_1,Dark,Fast,3.75mm,Experiment_2
2025-10-23T02:30:04.634Z,24,786,1468,268,884,1204,4047,3435,12181,2645,2442,6949,Day_1,Dark,Fast,3.75mm,Experiment_2
2025-10-23T02:30:04.674Z,24,789,1464,267,880,1199,4031,3442,12125,2646,2446,6940,Day_1,Dark,Fast,3.75mm,Experiment_2
2025-10-23T02:30:04.714Z,29,785,1464,272,882,1198,4017,3448,12084,2651,2452,6938,Day_1,Dark,Fast,3.75mm,Experiment_2
2025-10-23T02:30:04.754Z,34,783,1464,279,889,1200,4005,3450,12047,2653,2458,6936,Day_1,Dark,Fast,3.75mm,Experiment_2
2025-10-23T02:30:04.794Z,34,785,1461,280,897,1199,4001,3458,12034,2654,2467,6936,Day_1,Dark,Fast,3.75mm,Experiment_2
2025-10-23T02:30:04.834Z,27,784,1457,272,899,1197,4013,3471,12053,2656,2475,6941,Day_1,Dark,Fast,3.75mm,Experiment_2
2025-10-23T02:30:04.874Z,22,777,1457,264,896,1197,4026,3475,12075,2658,2475,6941,Day_1,Dark,Fast,3.75mm,Experiment_2
2025-10-23T02:30:04.914Z,24,767,1459,264,888,1199,4026,3466,12078,2654,2467,6934,Day_1,Dark,Fast,3.75mm,Experiment_2
2025-10-23T02:30:04.954Z,34,758,1462,272,881,1203,4017,3453,12070,2648,2457,6928,Day_1,Dark,Fast,3.75mm,Experiment_2
2025-10-23T02:30:04.994Z,46,758,1466,282,882,1206,4012,3451,12074,2646,2454,6930,Day_1,Dark,Fast,3.75mm,Experiment_2
2025-10-23T02:30:05.034Z,53,770,1468,289,891,1208,4013,3464,12101,2649,2463,6940,Day_1,Dark,Fast,3.75mm,Experiment_2
2025-10-23T02:30:05.074Z,51,786,1469,289,902,1209,4017,3475,12139,2654,2472,6953,Day_1,Dark,Fast,3.75mm,Experiment_2
2025-10-23T02:30:05.114Z,41,798,1474,282,907,1211,4028,3471,12153,2662,2470,6959,Day_1,Dark,Fast,3.75mm,Experiment_2
2025-10-23T02:30:05.154Z,31,787,1475,275,909,1209,4042,3459,12118,2671,2464,6953,Day_1,Dark,Fast,3.75mm,Experiment_2
2025-10-23T02:30:05.194Z,27,721,1467,273,908,1204,4048,3447,12042,2673,2458,6934,Day_1,Dark,Fast,3.75mm,Experiment_2
2025-10-23T02:30:05.234Z,27,596,1459,274,900,1199,4047,3442,11969,2670,2457,6913,Day_1,Dark,Fast,3.75mm,Experiment_2
2025-10-23T02:30:05.274Z,30,494,1460,277,891,1200,4046,3447,11952,2666,2459,6903,Day_1,Dark,Fast,3.75mm,Experiment_2
2025-10-23T02:30:05.314Z,33,495,1464,278,888,1202,4044,3456,11981,2661,2461,6905,Day_1,Dark,Fast,3.75mm,Experiment_2
2025-10-23T02:30:05.354Z,35,579,1465,277,889,1202,4034,3464,12001,2657,2461,6910,Day_1,Dark,Fast,3.75mm,Experiment_2
2025-10-23T02:30:05.394Z,37,705,1467,276,892,1205,4023,3472,11998,2654,2460,6910,Day_1,Dark,Fast,3.75mm,Experiment_2
2025-10-23T02:30:05.434Z,36,879,1471,276,896,1209,4018,3472,12003,2655,2457,6913,Day_1,Dark,Fast,3.75mm,Experiment_2
2025-10-23T02:30:05.474Z,32,1132,1472,274,900,1209,4026,3461,12029,2660,2452,6921,Day_1,Dark,Fast,3.75mm,Experiment_2
2025-10-23T02:30:05.514Z,25,1395,1472,269,900,1210,4041,3455,12057,2665,2449,6927,Day_1,Dark,Fast,3.75mm,Experiment_2
2025-10-23T02:30:05.554Z,18,1546,1472,264,896,1211,4048,3459,12073,2665,2455,6931,Day_1,Dark,Fast,3.75mm,Experiment_2
2025-10-23T02:30:05.594Z,14,1605,1469,260,894,1210,4038,3459,12064,2659,2459,6932,Day_1,Dark,Fast,3.75mm,Experiment_2
2025-10-23T02:30:05.634Z,15,1553,1463,259,897,1204,4018,3442,12011,2652,2453,6923,Day_1,Dark,Fast,3.75mm,Experiment_2
2025-10-23T02:30:05.674Z,16,1300,1460,259,903,1201,3998,3423,11953,2650,2443,6909,Day_1,Dark,Fast,3.75mm,Experiment_2
2025-10-23T02:30:05.714Z,15,1000,1463,256,908,1202,3989,3423,11949,2650,2441,6909,Day_1,Dark,Fast,3.75mm,Experiment_2
2025-10-23T02:30:05.754Z,10,834,1467,252,906,1205,3993,3444,11994,2650,2451,6919,Day_1,Dark,Fast,3.75mm,Experiment_2
2025-10-23T02:30:05.794Z,6,765,1467,250,899,1208,4011,3471,12038,2654,2463,6925,Day_1,Dark,Fast,3.75mm,Experiment_2
2025-10-23T02:30:05.834Z,5,715,1469,252,893,1209,4035,3487,12064,2659,2468,6929,Day_1,Dark,Fast,3.75mm,Experiment_2
2025-10-23T02:30:05.874Z,6,672,1475,255,896,1212,4051,3487,12081,2660,2465,6934,Day_1,Dark,Fast,3.75mm,Experiment_2
2025-10-23T02:30:05.914Z,8,623,1485,255,904,1217,4052,3480,12092,2657,2460,6938,Day_1,Dark,Fast,3.75mm,Experiment_2
2025-10-23T02:30:05.954Z,12,547,1489,257,903,1221,4043,3475,12088,2652,2458,6939,Day_1,Dark,Fast,3.75mm,Experiment_2
2025-10-23T02:30:05.994Z,16,512,1489,261,893,1224,4030,3467,12070,2646,2457,6933,Day_1,Dark,Fast,3.75mm,Experiment_2
2025-10-23T02:30:06.034Z,20,594,1486,261,887,1224,4016,3447,12029,2640,2452,6916,Day_1,Dark,Fast,3.75mm,Experiment_2
2025-10-23T02:30:06.074Z,19,734,1482,258,889,1218,4007,3427,11971,2639,2445,6895,Day_1,Dark,Fast,3.75mm,Experiment_2
2025-10-23T02:30:06.114Z,15,855,1477,257,897,1212,4009,3422,11938,2647,2444,6890,Day_1,Dark,Fast,3.75mm,Experiment_2
2025-10-23T02:30:06.154Z,15,938,1475,262,906,1209,4015,3432,11952,2655,2448,6903,Day_1,Dark,Fast,3.75mm,Experiment_2
2025-10-23T02:30:06.194Z,19,972,1475,270,908,1208,4013,3446,11989,2654,2452,6917,Day_1,Dark,Fast,3.75mm,Experiment_2
2025-10-23T02:30:06.234Z,24,950,1471,275,902,1205,4016,3465,12030,2651,2458,6927,Day_1,Dark,Fast,3.75mm,Experiment_2
2025-10-23T02:30:06.274Z,27,877,1463,278,893,1200,4029,3490,12068,2653,2470,6938,Day_1,Dark,Fast,3.75mm,Experiment_2
2025-10-23T02:30:06.314Z,27,807,1456,278,891,1195,4036,3516,12097,2655,2484,6947,Day_1,Dark,Fast,3.75mm,Experiment_2
2025-10-23T02:30:06.354Z,26,784,1455,277,900,1195,4038,3527,12113,2656,2489,6948,Day_1,Dark,Fast,3.75mm,Experiment_2
2025-10-23T02:30:06.395Z,23,792,1459,275,908,1199,4048,3516,12116,2660,2482,6945,Day_1,Dark,Fast,3.75mm,Experiment_2
2025-10-23T02:30:06.435Z,20,797,1467,271,906,1208,4061,3493,12106,2662,2471,6940,Day_1,Dark,Fast,3.75mm,Experiment_2
2025-10-23T02:30:06.475Z,21,792,1473,269,899,1215,4060,3472,12076,2659,2462,6931,Day_1,Dark,Fast,3.75mm,Experiment_2
2025-10-23T02:30:06.515Z,27,787,1473,271,896,1218,4046,3451,12023,2655,2457,6914,Day_1,Dark,Fast,3.75mm,Experiment_2
2025-10-23T02:30:06.555Z,35,784,1472,278,896,1218,4034,3421,11965,2655,2446,6900,Day_1,Dark,Fast,3.75mm,Experiment_2
2025-10-23T02:30:06.595Z,41,780,1476,285,894,1221,4036,3392,11946,2661,2432,6900,Day_1,Dark,Fast,3.75mm,Experiment_2
2025-10-23T02:30:06.635Z,39,779,1483,286,894,1224,4043,3385,11973,2664,2425,6913,Day_1,Dark,Fast,3.75mm,Experiment_2
2025-10-23T02:30:06.675Z,33,781,1487,278,895,1224,4041,3406,12016,2658,2432,6925,Day_1,Dark,Fast,3.75mm,Experiment_2
2025-10-23T02:30:06.715Z,27,779,1483,269,892,1220,4032,3436,12048,2649,2447,6929,Day_1,Dark,Fast,3.75mm,Experiment_2
2025-10-23T02:30:06.755Z,26,774,1476,265,887,1214,4032,3459,12068,2649,2459,6928,Day_1,Dark,Fast,3.75mm,Experiment_2
2025-10-23T02:30:06.795Z,22,773,1471,261,887,1209,4041,3474,12079,2655,2465,6925,Day_1,Dark,Fast,3.75mm,Experiment_2
2025-10-23T02:30:06.835Z,15,776,1470,255,891,1209,4046,3490,12083,2658,2467,6920,Day_1,Dark,Fast,3.75mm,Experiment_2
2025-10-23T02:30:06.875Z,11,780,1471,251,895,1211,4046,3503,12087,2658,2469,6921,Day_1,Dark,Fast,3.75mm,Experiment_2
2025-10-23T02:30:06.915Z,12,790,1472,252,903,1211,4046,3506,12089,2659,2471,6925,Day_1,Dark,Fast,3.75mm,Experiment_2
2025-10-23T02:30:06.955Z,14,800,1472,256,912,1210,4038,3502,12068,2661,2475,6927,Day_1,Dark,Fast,3.75mm,Experiment_2
2025-10-23T02:30:06.995Z,16,798,1469,259,911,1209,4020,3489,12018,2660,2476,6923,Day_1,Dark,Fast,3.75mm,Experiment_2
2025-10-23T02:30:07.035Z,17,788,1465,257,903,1210,4009,3465,11980,2660,2470,6922,Day_1,Dark,Fast,3.75mm,Experiment_2
2025-10-23T02:30:07.075Z,21,783,1464,257,897,1210,4023,3445,11999,2668,2462,6932,Day_1,Dark,Fast,3.75mm,Experiment_2
2025-10-23T02:30:07.115Z,29,782,1468,264,895,1210,4058,3442,12052,2680,2458,6945,Day_1,Dark,Fast,3.75mm,Experiment_2
2025-10-23T02:30:07.155Z,40,776,1471,275,891,1210,4094,3446,12091,2689,2457,6952,Day_1,Dark,Fast,3.75mm,Experiment_2
2025-10-23T02:30:07.195Z,44,767,1469,282,885,1208,4103,3443,12095,2685,2452,6950,Day_1,Dark,Fast,3.75mm,Experiment_2
2025-10-23T02:30:07.235Z,43,767,1465,283,886,1204,4082,3430,12083,2670,2443,6944,Day_1,Dark,Fast,3.75mm,Experiment_2
2025-10-23T02:30:07.275Z,38,778,1469,279,895,1203,4055,3419,12087,2657,2436,6942,Day_1,Dark,Fast,3.75mm,Experiment_2
2025-10-23T02:30:07.315Z,33,790,1479,274,905,1207,4036,3426,12113,2649,2440,6947,Day_1,Dark,Fast,3.75mm,Experiment_2
2025-10-23T02:30:07.355Z,27,796,1486,268,911,1209,4023,3445,12138,2645,2452,6957,Day_1,Dark,Fast,3.75mm,Experiment_2
2025-10-23T02:30:07.395Z,21,795,1479,263,911,1206,4026,3452,12127,2644,2455,6959,Day_1,Dark,Fast,3.75mm,Experiment_2
2025-10-23T02:30:07.435Z,17,791,1468,261,909,1203,4121,3435,12063,2659,2447,6947,Day_1,Dark,Fast,3.75mm,Experiment_2
2025-10-23T02:30:07.475Z,18,790,1462,263,908,1205,4513,3414,12002,2722,2438,6933,Day_1,Dark,Fast,3.75mm,Experiment_2
2025-10-23T02:30:07.515Z,25,794,1464,270,908,1211,5268,3420,11994,2847,2441,6927,Day_1,Dark,Fast,3.75mm,Experiment_2
2025-10-23T02:30:07.555Z,35,794,1471,277,906,1217,5873,3446,12015,2952,2453,6924,Day_1,Dark,Fast,3.75mm,Experiment_2
2025-10-23T02:30:07.595Z,40,785,1479,280,898,1221,5823,3467,12015,2950,2459,6915,Day_1,Dark,Fast,3.75mm,Experiment_2
2025-10-23T02:30:07.635Z,38,774,1486,279,888,1222,5299,3472,11999,2860,2459,6908,Day_1,Dark,Fast,3.75mm,Experiment_2
2025-10-23T02:30:07.675Z,31,768,1490,274,883,1221,4647,3471,12005,2746,2459,6911,Day_1,Dark,Fast,3.75mm,Experiment_2
2025-10-23T02:30:07.715Z,20,768,1486,265,884,1215,4035,3472,12037,2649,2461,6919,Day_1,Dark,Fast,3.75mm,Experiment_2
2025-10-23T02:30:07.755Z,12,771,1480,258,888,1208,3473,3472,12065,2567,2461,6925,Day_1,Dark,Fast,3.75mm,Experiment_2
2025-10-23T02:30:07.795Z,15,775,1479,261,892,1206,3019,3468,12071,2502,2457,6927,Day_1,Dark,Fast,3.75mm,Experiment_2
2025-10-23T02:30:07.835Z,22,778,1482,268,894,1210,2861,3453,12056,2480,2453,6928,Day_1,Dark,Fast,3.75mm,Experiment_2
2025-10-23T02:30:07.875Z,25,780,1485,271,896,1214,2939,3437,12010,2488,2451,6921,Day_1,Dark,Fast,3.75mm,Experiment_2
2025-10-23T02:30:07.915Z,23,782,1485,270,898,1216,3120,3435,11957,2509,2456,6909,Day_1,Dark,Fast,3.75mm,Experiment_2
2025-10-23T02:30:07.955Z,20,783,1482,269,901,1217,3442,3448,11939,2562,2464,6905,Day_1,Dark,Fast,3.75mm,Experiment_2
2025-10-23T02:30:07.995Z,19,780,1482,269,899,1216,3780,3465,11961,2620,2467,6907,Day_1,Dark,Fast,3.75mm,Experiment_2
2025-10-23T02:30:08.035Z,19,776,1483,270,893,1215,3969,3480,11997,2649,2468,6912,Day_1,Dark,Fast,3.75mm,Experiment_2
2025-10-23T02:30:08.075Z,21,775,1484,271,890,1215,4078,3484,12032,2659,2468,6919,Day_1,Dark,Fast,3.75mm,Experiment_2
2025-10-23T02:30:08.115Z,26,777,1482,274,891,1214,4211,3485,12061,2680,2470,6927,Day_1,Dark,Fast,3.75mm,Experiment_2
2025-10-23T02:30:08.155Z,36,778,1477,280,893,1210,4339,3497,12081,2708,2479,6932,Day_1,Dark,Fast,3.75mm,Experiment_2
2025-10-23T02:30:08.195Z,44,781,1473,283,896,1208,4404,3515,12090,2726,2488,6929,Day_1,Dark,Fast,3.75mm,Experiment_2
2025-10-23T02:30:08.235Z,43,783,1479,278,897,1214,4424,3518,12084,2726,2487,6921,Day_1,Dark,Fast,3.75mm,Experiment_2
2025-10-23T02:30:08.275Z,32,782,1488,269,895,1224,4363,3502,12054,2706,2477,6911,Day_1,Dark,Fast,3.75mm,Experiment_2
2025-10-23T02:30:08.315Z,21,781,1489,264,894,1227,4188,3479,11998,2675,2468,6900,Day_1,Dark,Fast,3.75mm,Experiment_2
2025-10-23T02:30:08.355Z,18,781,1480,267,896,1222,3976,3468,11952,2651,2470,6896,Day_1,Dark,Fast,3.75mm,Experiment_2
2025-10-23T02:30:08.395Z,24,780,1476,275,896,1219,3821,3479,11950,2644,2481,6902,Day_1,Dark,Fast,3.75mm,Experiment_2
2025-10-23T02:30:08.435Z,28,774,1481,279,891,1222,3787,3498,11980,2649,2490,6913,Day_1,Dark,Fast,3.75mm,Experiment_2
2025-10-23T02:30:08.475Z,24,771,1488,274,887,1223,3874,3510,12018,2657,2492,6925,Day_1,Dark,Fast,3.75mm,Experiment_2
2025-10-23T02:30:08.515Z,16,772,1483,266,888,1216,3984,3510,12049,2665,2488,6933,Day_1,Dark,Fast,3.75mm,Experiment_2
2025-10-23T02:30:08.555Z,10,777,1470,258,895,1204,4040,3496,12071,2670,2478,6937,Day_1,Dark,Fast,3.75mm,Experiment_2
2025-10-23T02:30:08.595Z,7,785,1462,254,904,1199,4043,3470,12093,2667,2465,6943,Day_1,Dark,Fast,3.75mm,Experiment_2
2025-10-23T02:30:08.635Z,10,795,1462,257,912,1200,4026,3452,12116,2656,2456,6951,Day_1,Dark,Fast,3.75mm,Experiment_2
2025-10-23T02:30:08.675Z,15,800,1463,263,914,1202,4012,3450,12130,2644,2454,6955,Day_1,Dark,Fast,3.75mm,Experiment_2
2025-10-23T02:30:08.715Z,19,800,1462,266,912,1200,4005,3452,12121,2636,2453,6950,Day_1,Dark,Fast,3.75mm,Experiment_2
2025-10-23T02:30:08.755Z,21,799,1456,268,913,1192,4001,3443,12077,2635,2446,6935,Day_1,Dark,Fast,3.75mm,Experiment_2
2025-10-23T02:30:08.795Z,20,802,1448,268,917,1185,3996,3427,12017,2641,2437,6921,Day_1,Dark,Fast,3.75mm,Experiment_2
2025-10-23T02:30:08.835Z,15,802,1448,264,919,1186,3997,3413,11984,2650,2433,6914,Day_1,Dark,Fast,3.75mm,Experiment_2
2025-10-23T02:30:08.875Z,12,796,1453,262,913,1190,4008,3413,11997,2659,2439,6916,Day_1,Dark,Fast,3.75mm,Experiment_2
2025-10-23T02:30:08.915Z,15,789,1454,264,906,1191,4021,3426,12027,2663,2450,6922,Day_1,Dark,Fast,3.75mm,Experiment_2
2025-10-23T02:30:08.955Z,20,786,1452,268,900,1191,4024,3439,12044,2659,2458,6923,Day_1,Dark,Fast,3.75mm,Experiment_2
2025-10-23T02:30:08.995Z,26,788,1455,272,898,1196,4021,3437,12044,2655,2462,6921,Day_1,Dark,Fast,3.75mm,Experiment_2
2025-10-23T02:30:09.035Z,31,792,1464,276,901,1204,4024,3403,12041,2655,2457,6917,Day_1,Dark,Fast,3.75mm,Experiment_2
2025-10-23T02:30:09.075Z,35,793,1471,281,904,1211,4033,3332,12050,2658,2445,6917,Day_1,Dark,Fast,3.75mm,Experiment_2
2025-10-23T02:30:09.115Z,38,797,1475,284,907,1214,4034,3284,12071,2657,2434,6923,Day_1,Dark,Fast,3.75mm,Experiment_2
2025-10-23T02:30:09.155Z,37,805,1479,284,912,1215,4022,3316,12080,2651,2432,6928,Day_1,Dark,Fast,3.75mm,Experiment_2
2025-10-23T02:30:09.195Z,33,812,1482,280,917,1215,4003,3387,12055,2645,2436,6927,Day_1,Dark,Fast,3.75mm,Experiment_2
2025-10-23T02:30:09.235Z,27,809,1481,273,914,1216,3987,3501,12002,2644,2454,6921,Day_1,Dark,Fast,3.75mm,Experiment_2
2025-10-23T02:30:09.275Z,23,799,1480,268,906,1219,3975,3816,11965,2644,2514,6919,Day_1,Dark,Fast,3.75mm,Experiment_2
2025-10-23T02:30:09.315Z,24,795,1476,268,902,1219,3971,4398,11978,2644,2623,6923,Day_1,Dark,Fast,3.75mm,Experiment_2
2025-10-23T02:30:09.355Z,26,798,1470,269,906,1214,3985,4889,12010,2648,2714,6926,Day_1,Dark,Fast,3.75mm,Experiment_2
2025-10-23T02:30:09.395Z,29,803,1465,269,911,1206,4019,4961,12022,2657,2726,6923,Day_1,Dark,Fast,3.75mm,Experiment_2
2025-10-23T02:30:09.435Z,30,802,1463,269,911,1201,4048,4755,12016,2663,2681,6918,Day_1,Dark,Fast,3.75mm,Experiment_2
2025-10-23T02:30:09.475Z,26,799,1466,264,909,1203,4057,4375,12022,2665,2603,6919,Day_1,Dark,Fast,3.75mm,Experiment_2
2025-10-23T02:30:09.515Z,21,795,1473,258,909,1208,4053,3845,12055,2666,2505,6927,Day_1,Dark,Fast,3.75mm,Experiment_2
2025-10-23T02:30:09.555Z,23,791,1477,262,909,1212,4051,3325,12097,2668,2418,6936,Day_1,Dark,Fast,3.75mm,Experiment_2
2025-10-23T02:30:09.595Z,29,788,1480,272,910,1217,4050,2907,12115,2666,2351,6938,Day_1,Dark,Fast,3.75mm,Experiment_2
2025-10-23T02:30:09.635Z,33,790,1481,279,913,1220,4039,2579,12088,2659,2297,6928,Day_1,Dark,Fast,3.75mm,Experiment_2
2025-10-23T02:30:09.675Z,37,789,1474,281,912,1215,4016,2314,12026,2652,2246,6914,Day_1,Dark,Fast,3.75mm,Experiment_2
2025-10-23T02:30:09.715Z,38,780,1463,282,905,1205,3998,2285,11970,2652,2239,6907,Day_1,Dark,Fast,3.75mm,Experiment_2
2025-10-23T02:30:09.755Z,33,773,1458,277,897,1199,4001,2680,11964,2658,2323,6911,Day_1,Dark,Fast,3.75mm,Experiment_2
2025-10-23T02:30:09.795Z,24,775,1461,269,896,1198,4015,3189,11998,2664,2443,6920,Day_1,Dark,Fast,3.75mm,Experiment_2
2025-10-23T02:30:09.835Z,20,784,1464,264,901,1200,4030,3443,12034,2665,2528,6926,Day_1,Dark,Fast,3.75mm,Experiment_2
2025-10-23T02:30:09.875Z,23,790,1466,266,907,1202,4044,3463,12057,2665,2555,6930,Day_1,Dark,Fast,3.75mm,Experiment_2
2025-10-23T02:30:09.915Z,24,790,1467,266,908,1204,4055,3413,12083,2668,2527,6937,Day_1,Dark,Fast,3.75mm,Experiment_2
2025-10-23T02:30:09.955Z,22,785,1469,263,904,1205,4057,3397,12112,2670,2490,6944,Day_1,Dark,Fast,3.75mm,Experiment_2
2025-10-23T02:30:09.995Z,19,781,1474,260,899,1207,4054,3430,12126,2671,2484,6944,Day_1,Dark,Fast,3.75mm,Experiment_2
2025-10-23T02:30:10.035Z,17,779,1481,259,895,1210,4054,3469,12117,2670,2502,6937,Day_1,Dark,Fast,3.75mm,Experiment_2
2025-10-23T02:30:10.075Z,18,775,1484,260,891,1211,4054,3469,12087,2669,2521,6929,Day_1,Dark,Fast,3.75mm,Experiment_2
2025-10-23T02:30:10.115Z,23,774,1482,266,888,1213,4041,3442,12041,2666,2515,6919,Day_1,Dark,Fast,3.75mm,Experiment_2
2025-10-23T02:30:10.155Z,29,779,1483,273,891,1220,4022,3432,12004,2662,2489,6912,Day_1,Dark,Fast,3.75mm,Experiment_2
2025-10-23T02:30:10.195Z,30,787,1486,273,897,1226,4027,3444,11994,2663,2467,6911,Day_1,Dark,Fast,3.75mm,Experiment_2
2025-10-23T02:30:10.235Z,23,786,1481,263,897,1220,4054,3456,12006,2668,2461,6914,Day_1,Dark,Fast,3.75mm,Experiment_2
2025-10-23T02:30:10.275Z,13,781,1467,253,893,1207,4064,3466,12026,2669,2464,6917,Day_1,Dark,Fast,3.75mm,Experiment_2
2025-10-23T02:30:10.315Z,10,778,1461,252,893,1200,4047,3475,12050,2664,2466,6921,Day_1,Dark,Fast,3.75mm,Experiment_2
2025-10-23T02:30:10.356Z,14,783,1466,258,898,1203,4031,3477,12078,2661,2465,6928,Day_1,Dark,Fast,3.75mm,Experiment_2
2025-10-23T02:30:10.396Z,21,791,1474,264,905,1209,4038,3473,12102,2662,2464,6934,Day_1,Dark,Fast,3.75mm,Experiment_2
2025-10-23T02:30:10.436Z,26,796,1476,267,909,1211,4058,3469,12107,2665,2463,6932,Day_1,Dark,Fast,3.75mm,Experiment_2
2025-10-23T02:30:10.476Z,26,797,1473,269,909,1209,4065,3468,12090,2663,2464,6924,Day_1,Dark,Fast,3.75mm,Experiment_2
2025-10-23T02:30:10.516Z,23,798,1469,270,910,1207,4037,3473,12053,2651,2467,6914,Day_1,Dark,Fast,3.75mm,Experiment_2
2025-10-23T02:30:10.556Z,19,799,1466,269,910,1207,3987,3467,12003,2636,2464,6902,Day_1,Dark,Fast,3.75mm,Experiment_2
2025-10-23T02:30:10.596Z,17,795,1465,269,908,1208,3951,3446,11968,2628,2454,6895,Day_1,Dark,Fast,3.75mm,Experiment_2
2025-10-23T02:30:10.636Z,16,787,1468,267,903,1210,3950,3428,11978,2632,2449,6902,Day_1,Dark,Fast,3.75mm,Experiment_2
2025-10-23T02:30:10.676Z,16,776,1471,262,895,1213,3982,3432,12023,2647,2456,6916,Day_1,Dark,Fast,3.75mm,Experiment_2
2025-10-23T02:30:10.716Z,19,768,1470,260,888,1212,4019,3446,12063,2663,2466,6925,Day_1,Dark,Fast,3.75mm,Experiment_2
2025-10-23T02:30:10.756Z,29,769,1465,265,890,1204,4031,3457,12081,2667,2469,6928,Day_1,Dark,Fast,3.75mm,Experiment_2
2025-10-23T02:30:10.796Z,40,780,1463,274,900,1199,4029,3457,12090,2663,2462,6935,Day_1,Dark,Fast,3.75mm,Experiment_2
2025-10-23T02:30:10.836Z,45,792,1468,278,908,1202,4036,3446,12106,2662,2448,6947,Day_1,Dark,Fast,3.75mm,Experiment_2
2025-10-23T02:30:10.876Z,45,795,1474,278,909,1207,4055,3436,12119,2668,2439,6952,Day_1,Dark,Fast,3.75mm,Experiment_2
2025-10-23T02:30:10.916Z,37,791,1478,272,903,1208,4076,3440,12111,2677,2443,6944,Day_1,Dark,Fast,3.75mm,Experiment_2
2025-10-23T02:30:10.956Z,24,787,1480,263,899,1206,4090,3449,12087,2682,2451,6931,Day_1,Dark,Fast,3.75mm,Experiment_2
2025-10-23T02:30:10.996Z,15,785,1477,258,899,1203,4090,3444,12052,2683,2453,6922,Day_1,Dark,Fast,3.75mm,Experiment_2
2025-10-23T02:30:11.036Z,14,785,1469,259,902,1201,4075,3426,12016,2682,2446,6919,Day_1,Dark,Fast,3.75mm,Experiment_2
2025-10-23T02:30:11.076Z,18,783,1465,262,904,1202,4060,3407,12002,2679,2440,6922,Day_1,Dark,Fast,3.75mm,Experiment_2
2025-10-23T02:30:11.116Z,24,778,1469,268,901,1208,4046,3396,12023,2671,2438,6929,Day_1,Dark,Fast,3.75mm,Experiment_2
2025-10-23T02:30:11.156Z,30,774,1476,274,895,1213,4031,3398,12050,2660,2441,6933,Day_1,Dark,Fast,3.75mm,Experiment_2
2025-10-23T02:30:11.196Z,34,777,1477,278,895,1212,4021,3410,12058,2655,2447,6930,Day_1,Dark,Fast,3.75mm,Experiment_2
2025-10-23T02:30:11.236Z,36,787,1470,281,900,1206,4026,3419,12051,2659,2451,6924,Day_1,Dark,Fast,3.75mm,Experiment_2
2025-10-23T02:30:11.276Z,36,798,1461,283,907,1199,4047,3418,12042,2665,2449,6919,Day_1,Dark,Fast,3.75mm,Experiment_2
2025-10-23T02:30:11.316Z,37,800,1456,282,908,1194,4066,3413,12044,2668,2441,6920,Day_1,Dark,Fast,3.75mm,Experiment_2
2025-10-23T02:30:11.356Z,38,793,1454,279,903,1194,4066,3415,12062,2662,2435,6927,Day_1,Dark,Fast,3.75mm,Experiment_2
2025-10-23T02:30:11.396Z,34,781,1456,271,895,1195,4047,3422,12088,2653,2435,6939,Day_1,Dark,Fast,3.75mm,Experiment_2
2025-10-23T02:30:11.436Z,27,772,1460,263,890,1196,4028,3428,12088,2649,2440,6944,Day_1,Dark,Fast,3.75mm,Experiment_2
2025-10-23T02:30:11.476Z,22,775,1467,258,894,1199,4013,3424,12038,2650,2445,6934,Day_1,Dark,Fast,3.75mm,Experiment_2
2025-10-23T02:30:11.516Z,20,784,1472,257,901,1203,3996,3412,11982,2650,2443,6920,Day_1,Dark,Fast,3.75mm,Experiment_2
2025-10-23T02:30:11.556Z,19,787,1472,258,902,1204,3980,3404,11978,2649,2438,6919,Day_1,Dark,Fast,3.75mm,Experiment_2
2025-10-23T02:30:11.596Z,19,780,1466,259,895,1202,3977,3416,12010,2647,2436,6925,Day_1,Dark,Fast,3.75mm,Experiment_2
2025-10-23T02:30:11.636Z,23,773,1461,264,890,1200,3991,3443,12030,2649,2442,6923,Day_1,Dark,Fast,3.75mm,Experiment_2
2025-10-23T02:30:11.676Z,29,774,1463,271,892,1205,4016,3467,12028,2653,2452,6918,Day_1,Dark,Fast,3.75mm,Experiment_2
2025-10-23T02:30:11.716Z,36,778,1467,278,897,1211,4040,3484,12023,2661,2464,6914,Day_1,Dark,Fast,3.75mm,Experiment_2
2025-10-23T02:30:11.756Z,42,780,1469,283,901,1214,4055,3498,12025,2666,2476,6913,Day_1,Dark,Fast,3.75mm,Experiment_2
2025-10-23T02:30:11.796Z,41,777,1467,280,899,1213,4058,3500,12027,2666,2479,6911,Day_1,Dark,Fast,3.75mm,Experiment_2
2025-10-23T02:30:11.836Z,34,774,1461,274,896,1209,4055,3489,12024,2664,2474,6909,Day_1,Dark,Fast,3.75mm,Experiment_2
2025-10-23T02:30:11.876Z,27,778,1455,270,899,1204,4055,3467,12006,2667,2465,6904,Day_1,Dark,Fast,3.75mm,Experiment_2
2025-10-23T02:30:11.916Z,22,783,1455,265,905,1202,4046,3436,11966,2669,2454,6894,Day_1,Dark,Fast,3.75mm,Experiment_2
2025-10-23T02:30:11.956Z,14,781,1463,258,905,1208,4019,3407,11934,2661,2446,6888,Day_1,Dark,Fast,3.75mm,Experiment_2
2025-10-23T02:30:11.996Z,7,775,1473,255,899,1215,3993,3398,11944,2649,2444,6894,Day_1,Dark,Fast,3.75mm,Experiment_2
2025-10-23T02:30:12.036Z,4,771,1478,256,893,1218,3985,3411,11982,2642,2449,6906,Day_1,Dark,Fast,3.75mm,Experiment_2
2025-10-23T02:30:12.076Z,5,771,1478,256,892,1215,3991,3433,12011,2641,2457,6915,Day_1,Dark,Fast,3.75mm,Experiment_2
2025-10-23T02:30:12.116Z,8,776,1472,256,893,1209,4005,3454,12028,2643,2464,6921,Day_1,Dark,Fast,3.75mm,Experiment_2
2025-10-23T02:30:12.156Z,13,783,1461,259,895,1199,4023,3476,12055,2646,2469,6930,Day_1,Dark,Fast,3.75mm,Experiment_2
2025-10-23T02:30:12.196Z,19,785,1452,264,895,1192,4038,3507,12092,2649,2477,6940,Day_1,Dark,Fast,3.75mm,Experiment_2
2025-10-23T02:30:12.236Z,21,781,1451,267,891,1192,4044,3531,12117,2654,2485,6943,Day_1,Dark,Fast,3.75mm,Experiment_2
2025-10-23T02:30:12.276Z,19,779,1459,264,891,1199,4040,3526,12121,2656,2483,6940,Day_1,Dark,Fast,3.75mm,Experiment_2
2025-10-23T02:30:12.316Z,14,784,1467,259,897,1206,4031,3494,12111,2657,2471,6936,Day_1,Dark,Fast,3.75mm,Experiment_2
2025-10-23T02:30:12.356Z,10,791,1469,254,903,1207,4019,3453,12084,2657,2458,6932,Day_1,Dark,Fast,3.75mm,Experiment_2
2025-10-23T02:30:12.396Z,7,792,1467,250,905,1205,4005,3424,12047,2654,2450,6930,Day_1,Dark,Fast,3.75mm,Experiment_2
2025-10-23T02:30:12.436Z,6,790,1466,250,904,1204,3994,3420,12023,2647,2450,6928,Day_1,Dark,Fast,3.75mm,Experiment_2
2025-10-23T02:30:12.476Z,8,786,1468,252,902,1205,3993,3438,12017,2643,2458,6925,Day_1,Dark,Fast,3.75mm,Experiment_2
2025-10-23T02:30:12.516Z,12,780,1474,256,898,1207,3999,3462,12018,2645,2470,6921,Day_1,Dark,Fast,3.75mm,Experiment_2
2025-10-23T02:30:12.556Z,17,780,1480,259,897,1210,4009,3481,12024,2649,2482,6920,Day_1,Dark,Fast,3.75mm,Experiment_2
2025-10-23T02:30:12.596Z,22,788,1483,262,901,1212,4024,3498,12045,2654,2493,6925,Day_1,Dark,Fast,3.75mm,Experiment_2
2025-10-23T02:30:12.636Z,28,796,1486,270,906,1214,4043,3504,12081,2660,2497,6936,Day_1,Dark,Fast,3.75mm,Experiment_2
2025-10-23T02:30:12.676Z,36,795,1482,280,905,1213,4054,3490,12113,2663,2486,6946,Day_1,Dark,Fast,3.75mm,Experiment_2
2025-10-23T02:30:12.716Z,41,786,1470,288,900,1208,4059,3475,12120,2664,2473,6948,Day_1,Dark,Fast,3.75mm,Experiment_2
2025-10-23T02:30:12.756Z,42,779,1460,290,897,1203,4060,3468,12094,2662,2465,6939,Day_1,Dark,Fast,3.75mm,Experiment_2
2025-10-23T02:30:12.796Z,36,780,1455,282,897,1200,4048,3455,12042,2657,2453,6924,Day_1,Dark,Fast,3.75mm,Experiment_2
2025-10-23T02:30:12.836Z,23,786,1457,266,899,1200,4022,3430,11994,2647,2438,6914,Day_1,Dark,Fast,3.75mm,Experiment_2
2025-10-23T02:30:12.876Z,12,790,1462,254,900,1203,4001,3410,11985,2640,2430,6915,Day_1,Dark,Fast,3.75mm,Experiment_2
2025-10-23T02:30:12.916Z,10,791,1466,252,899,1208,3993,3408,12021,2636,2434,6926,Day_1,Dark,Fast,3.75mm,Experiment_2
2025-10-23T02:30:12.956Z,16,790,1469,260,900,1210,3996,3423,12063,2634,2445,6939,Day_1,Dark,Fast,3.75mm,Experiment_2
2025-10-23T02:30:12.996Z,27,790,1468,271,901,1210,4005,3439,12077,2637,2455,6943,Day_1,Dark,Fast,3.75mm,Experiment_2
2025-10-23T02:30:13.036Z,33,788,1467,275,900,1208,4017,3451,12072,2644,2462,6940,Day_1,Dark,Fast,3.75mm,Experiment_2
2025-10-23T02:30:13.076Z,29,784,1469,269,898,1206,4028,3461,12080,2651,2466,6937,Day_1,Dark,Fast,3.75mm,Experiment_2
2025-10-23T02:30:13.116Z,21,780,1474,262,896,1208,4039,3469,12101,2656,2472,6938,Day_1,Dark,Fast,3.75mm,Experiment_2
2025-10-23T02:30:13.156Z,22,776,1481,265,891,1214,4047,3473,12118,2658,2475,6940,Day_1,Dark,Fast,3.75mm,Experiment_2
2025-10-23T02:30:13.196Z,29,771,1485,272,886,1218,4042,3472,12116,2654,2471,6938,Day_1,Dark,Fast,3.75mm,Experiment_2
2025-10-23T02:30:13.236Z,33,771,1483,274,887,1217,4015,3464,12080,2643,2462,6931,Day_1,Dark,Fast,3.75mm,Experiment_2
2025-10-23T02:30:13.276Z,31,776,1478,272,893,1212,3968,3451,12021,2626,2451,6922,Day_1,Dark,Fast,3.75mm,Experiment_2
2025-10-23T02:30:13.316Z,30,781,1473,271,897,1208,3932,3437,11986,2614,2442,6922,Day_1,Dark,Fast,3.75mm,Experiment_2
2025-10-23T02:30:13.356Z,29,779,1469,271,894,1207,3936,3435,11998,2617,2442,6927,Day_1,Dark,Fast,3.75mm,Experiment_2
2025-10-23T02:30:13.396Z,26,776,1466,268,889,1206,3968,3440,12026,2630,2449,6926,Day_1,Dark,Fast,3.75mm,Experiment_2
2025-10-23T02:30:13.436Z,23,773,1467,265,885,1207,3993,3442,12029,2640,2457,6918,Day_1,Dark,Fast,3.75mm,Experiment_2
2025-10-23T02:30:13.476Z,23,773,1468,265,885,1207,3998,3449,12015,2646,2464,6910,Day_1,Dark,Fast,3.75mm,Experiment_2
2025-10-23T02:30:13.516Z,22,776,1467,264,890,1206,3993,3467,12018,2650,2473,6913,Day_1,Dark,Fast,3.75mm,Experiment_2
2025-10-23T02:30:13.556Z,19,783,1467,260,898,1203,3990,3481,12043,2649,2476,6922,Day_1,Dark,Fast,3.75mm,Experiment_2
2025-10-23T02:30:13.596Z,21,792,1468,261,907,1203,3993,3478,12066,2644,2468,6928,Day_1,Dark,Fast,3.75mm,Experiment_2
2025-10-23T02:30:13.636Z,27,797,1473,269,911,1206,4004,3458,12074,2645,2455,6929,Day_1,Dark,Fast,3.75mm,Experiment_2
2025-10-23T02:30:13.676Z,31,799,1478,275,911,1210,4011,3436,12057,2650,2445,6924,Day_1,Dark,Fast,3.75mm,Experiment_2
2025-10-23T02:30:13.716Z,30,798,1479,275,910,1213,4001,3427,12009,2651,2445,6913,Day_1,Dark,Fast,3.75mm,Experiment_2
2025-10-23T02:30:13.756Z,25,795,1475,270,909,1213,3988,3427,11956,2649,2450,6902,Day_1,Dark,Fast,3.75mm,Experiment_2
2025-10-23T02:30:13.796Z,20,790,1472,262,904,1210,3995,3433,11941,2649,2454,6897,Day_1,Dark,Fast,3.75mm,Experiment_2
2025-10-23T02:30:13.836Z,15,782,1469,256,896,1208,4016,3438,11972,2650,2452,6901,Day_1,Dark,Fast,3.75mm,Experiment_2
2025-10-23T02:30:13.876Z,11,775,1469,253,889,1209,4041,3437,12015,2655,2447,6909,Day_1,Dark,Fast,3.75mm,Experiment_2
2025-10-23T02:30:13.916Z,10,775,1470,254,890,1211,4059,3435,12039,2665,2447,6914,Day_1,Dark,Fast,3.75mm,Experiment_2
2025-10-23T02:30:13.956Z,10,780,1469,255,897,1210,4061,3442,12056,2670,2454,6918,Day_1,Dark,Fast,3.75mm,Experiment_2
2025-10-23T02:30:13.996Z,13,783,1464,257,900,1206,4056,3457,12080,2668,2462,6923,Day_1,Dark,Fast,3.75mm,Experiment_2
2025-10-23T02:30:14.036Z,18,783,1456,260,899,1200,4050,3469,12101,2666,2468,6929,Day_1,Dark,Fast,3.75mm,Experiment_2
2025-10-23T02:30:14.076Z,24,784,1451,266,899,1196,4040,3469,12099,2663,2468,6928,Day_1,Dark,Fast,3.75mm,Experiment_2
2025-10-23T02:30:14.116Z,27,787,1452,270,901,1197,4023,3459,12062,2656,2463,6916,Day_1,Dark,Fast,3.75mm,Experiment_2
2025-10-23T02:30:14.156Z,22,790,1459,268,904,1202,4002,3445,12002,2647,2458,6898,Day_1,Dark,Fast,3.75mm,Experiment_2
2025-10-23T02:30:14.196Z,16,794,1468,264,908,1206,3990,3432,11963,2642,2457,6892,Day_1,Dark,Fast,3.75mm,Experiment_2
2025-10-23T02:30:14.236Z,17,799,1471,262,914,1206,3999,3427,11979,2648,2458,6906,Day_1,Dark,Fast,3.75mm,Experiment_2
2025-10-23T02:30:14.276Z,25,799,1468,266,917,1204,4022,3431,12028,2657,2457,6925,Day_1,Dark,Fast,3.75mm,Experiment_2
2025-10-23T02:30:14.316Z,35,794,1465,273,914,1202,4041,3441,12063,2661,2453,6935,Day_1,Dark,Fast,3.75mm,Experiment_2
2025-10-23T02:30:14.356Z,42,787,1463,276,908,1199,4052,3457,12072,2663,2453,6934,Day_1,Dark,Fast,3.75mm,Experiment_2
2025-10-23T02:30:14.396Z,41,785,1461,276,904,1195,4055,3472,12077,2668,2458,6934,Day_1,Dark,Fast,3.75mm,Experiment_2
2025-10-23T02:30:14.436Z,38,787,1459,276,905,1189,4055,3473,12095,2672,2459,6942,Day_1,Dark,Fast,3.75mm,Experiment_2
2025-10-23T02:30:14.476Z,34,789,1459,274,905,1186,4052,3465,12114,2673,2457,6949,Day_1,Dark,Fast,3.75mm,Experiment_2
2025-10-23T02:30:14.516Z,26,785,1458,265,903,1186,4046,3468,12114,2670,2462,6947,Day_1,Dark,Fast,3.75mm,Experiment_2
2025-10-23T02:30:14.556Z,18,780,1457,258,900,1189,4029,3473,12080,2664,2471,6933,Day_1,Dark,Fast,3.75mm,Experiment_2
2025-10-23T02:30:14.596Z,14,778,1455,257,898,1195,4002,3467,12016,2653,2472,6910,Day_1,Dark,Fast,3.75mm,Experiment_2
2025-10-23T02:30:14.636Z,13,780,1456,260,897,1203,3986,3447,11962,2644,2461,6892,Day_1,Dark,Fast,3.75mm,Experiment_2
2025-10-23T02:30:14.676Z,14,780,1461,264,895,1209,3998,3426,11956,2648,2447,6892,Day_1,Dark,Fast,3.75mm,Experiment_2
2025-10-23T02:30:14.716Z,16,777,1464,266,892,1210,4026,3419,11988,2659,2445,6905,Day_1,Dark,Fast,3.75mm,Experiment_2
2025-10-23T02:30:14.756Z,21,770,1465,268,888,1209,4048,3436,12030,2667,2459,6919,Day_1,Dark,Fast,3.75mm,Experiment_2
2025-10-23T02:30:14.796Z,23,760,1466,266,882,1210,4061,3460,12067,2668,2473,6929,Day_1,Dark,Fast,3.75mm,Experiment_2
2025-10-23T02:30:14.836Z,21,755,1470,263,879,1213,4067,3466,12089,2666,2475,6937,Day_1,Dark,Fast,3.75mm,Experiment_2
2025-10-23T02:30:14.876Z,19,758,1475,263,884,1216,4069,3455,12102,2666,2465,6942,Day_1,Dark,Fast,3.75mm,Experiment_2
2025-10-23T02:30:14.916Z,21,765,1477,266,889,1216,4076,3445,12109,2670,2457,6941,Day_1,Dark,Fast,3.75mm,Experiment_2
2025-10-23T02:30:14.956Z,21,771,1475,267,892,1211,4086,3441,12110,2676,2454,6938,Day_1,Dark,Fast,3.75mm,Experiment_2
2025-10-23T02:30:14.996Z,17,776,1469,263,896,1204,4086,3434,12092,2678,2451,6932,Day_1,Dark,Fast,3.75mm,Experiment_2
2025-10-23T02:30:15.036Z,14,777,1463,258,897,1200,4064,3422,12043,2672,2444,6921,Day_1,Dark,Fast,3.75mm,Experiment_2
2025-10-23T02:30:15.076Z,15,775,1462,256,893,1200,4022,3414,11984,2660,2441,6911,Day_1,Dark,Fast,3.75mm,Experiment_2
2025-10-23T02:30:15.116Z,14,772,1461,255,887,1202,3984,3419,11970,2647,2447,6914,Day_1,Dark,Fast,3.75mm,Experiment_2
2025-10-23T02:30:15.156Z,14,770,1457,255,884,1199,3976,3434,12009,2644,2457,6929,Day_1,Dark,Fast,3.75mm,Experiment_2
2025-10-23T02:30:15.196Z,14,768,1455,256,885,1196,4001,3448,12052,2650,2459,6937,Day_1,Dark,Fast,3.75mm,Experiment_2
2025-10-23T02:30:15.236Z,15,768,1458,258,889,1197,4034,3456,12068,2660,2454,6937,Day_1,Dark,Fast,3.75mm,Experiment_2
2025-10-23T02:30:15.276Z,12,773,1465,258,894,1201,4059,3461,12071,2668,2451,6935,Day_1,Dark,Fast,3.75mm,Experiment_2
2025-10-23T02:30:15.316Z,9,780,1471,256,901,1206,4076,3467,12084,2673,2454,6934,Day_1,Dark,Fast,3.75mm,Experiment_2
2025-10-23T02:30:15.356Z,7,784,1476,251,902,1209,4089,3471,12111,2677,2457,6936,Day_1,Dark,Fast,3.75mm,Experiment_2
2025-10-23T02:30:15.397Z,8,782,1479,248,899,1211,4101,3474,12125,2682,2458,6935,Day_1,Dark,Fast,3.75mm,Experiment_2
2025-10-23T02:30:15.437Z,15,779,1476,252,895,1209,4106,3472,12112,2685,2457,6931,Day_1,Dark,Fast,3.75mm,Experiment_2
2025-10-23T02:30:15.477Z,28,778,1470,265,894,1207,4093,3460,12078,2682,2456,6925,Day_1,Dark,Fast,3.75mm,Experiment_2
2025-10-23T02:30:15.517Z,38,775,1466,277,893,1206,4058,3445,12026,2672,2454,6914,Day_1,Dark,Fast,3.75mm,Experiment_2
2025-10-23T02:30:15.557Z,38,766,1464,280,889,1203,4023,3441,11980,2660,2453,6902,Day_1,Dark,Fast,3.75mm,Experiment_2
2025-10-23T02:30:15.597Z,34,758,1464,278,885,1201,4017,3454,11976,2653,2454,6900,Day_1,Dark,Fast,3.75mm,Experiment_2
2025-10-23T02:30:15.637Z,32,758,1466,276,887,1201,4031,3466,12005,2651,2454,6905,Day_1,Dark,Fast,3.75mm,Experiment_2
2025-10-23T02:30:15.677Z,34,768,1470,277,894,1205,4042,3463,12029,2651,2450,6907,Day_1,Dark,Fast,3.75mm,Experiment_2
2025-10-23T02:30:15.717Z,38,779,1475,278,900,1210,4048,3456,12029,2656,2447,6901,Day_1,Dark,Fast,3.75mm,Experiment_2
2025-10-23T02:30:15.757Z,40,785,1477,280,902,1213,4064,3454,12021,2670,2448,6895,Day_1,Dark,Fast,3.75mm,Experiment_2
2025-10-23T02:30:15.797Z,39,782,1477,279,898,1214,4091,3446,12023,2686,2446,6895,Day_1,Dark,Fast,3.75mm,Experiment_2
2025-10-23T02:30:15.837Z,37,775,1475,277,894,1212,4107,3436,12035,2693,2442,6902,Day_1,Dark,Fast,3.75mm,Experiment_2
2025-10-23T02:30:15.877Z,35,774,1473,276,895,1209,4099,3438,12046,2690,2446,6913,Day_1,Dark,Fast,3.75mm,Experiment_2
2025-10-23T02:30:15.917Z,33,773,1471,275,896,1208,4076,3446,12044,2683,2454,6923,Day_1,Dark,Fast,3.75mm,Experiment_2
2025-10-23T02:30:15.957Z,29,768,1471,272,894,1211,4050,3439,12016,2674,2456,6927,Day_1,Dark,Fast,3.75mm,Experiment_2
2025-10-23T02:30:15.997Z,24,765,1474,267,891,1218,4029,3420,11984,2666,2454,6925,Day_1,Dark,Fast,3.75mm,Experiment_2
2025-10-23T02:30:16.037Z,21,766,1476,261,890,1221,4020,3409,11985,2662,2453,6926,Day_1,Dark,Fast,3.75mm,Experiment_2
2025-10-23T02:30:16.077Z,23,770,1471,258,892,1216,4020,3412,12016,2660,2455,6929,Day_1,Dark,Fast,3.75mm,Experiment_2
2025-10-23T02:30:16.117Z,29,773,1466,262,892,1209,4023,3421,12046,2659,2456,6932,Day_1,Dark,Fast,3.75mm,Experiment_2
2025-10-23T02:30:16.157Z,32,773,1465,267,890,1205,4026,3430,12066,2656,2457,6936,Day_1,Dark,Fast,3.75mm,Experiment_2
2025-10-23T02:30:16.197Z,29,771,1463,271,888,1202,4034,3435,12084,2653,2461,6939,Day_1,Dark,Fast,3.75mm,Experiment_2
2025-10-23T02:30:16.237Z,26,770,1459,273,889,1198,4051,3436,12105,2655,2463,6941,Day_1,Dark,Fast,3.75mm,Experiment_2
2025-10-23T02:30:16.277Z,26,772,1458,275,892,1196,4062,3429,12115,2656,2455,6938,Day_1,Dark,Fast,3.75mm,Experiment_2
2025-10-23T02:30:16.317Z,29,775,1462,276,895,1200,4051,3422,12104,2650,2444,6933,Day_1,Dark,Fast,3.75mm,Experiment_2
2025-10-23T02:30:16.357Z,33,774,1469,278,893,1207,4027,3425,12075,2641,2438,6928,Day_1,Dark,Fast,3.75mm,Experiment_2
2025-10-23T02:30:16.397Z,35,773,1473,281,891,1211,4010,3431,12028,2638,2441,6921,Day_1,Dark,Fast,3.75mm,Experiment_2
2025-10-23T02:30:16.437Z,36,776,1471,284,893,1209,4009,3435,11983,2644,2450,6915,Day_1,Dark,Fast,3.75mm,Experiment_2
2025-10-23T02:30:16.477Z,39,782,1470,286,900,1209,4021,3441,11975,2656,2461,6912,Day_1,Dark,Fast,3.75mm,Experiment_2
2025-10-23T02:30:16.517Z,40,787,1470,286,904,1210,4035,3445,11997,2669,2466,6912,Day_1,Dark,Fast,3.75mm,Experiment_2
2025-10-23T02:30:16.557Z,34,786,1469,281,903,1208,4042,3450,12020,2674,2465,6912,Day_1,Dark,Fast,3.75mm,Experiment_2
2025-10-23T02:30:16.597Z,25,782,1468,272,898,1204,4044,3470,12037,2671,2470,6915,Day_1,Dark,Fast,3.75mm,Experiment_2
2025-10-23T02:30:16.637Z,18,778,1466,266,894,1201,4053,3501,12064,2667,2480,6925,Day_1,Dark,Fast,3.75mm,Experiment_2
2025-10-23T02:30:16.677Z,21,776,1464,266,893,1200,4072,3522,12098,2666,2485,6938,Day_1,Dark,Fast,3.75mm,Experiment_2
2025-10-23T02:30:16.717Z,32,779,1466,275,895,1204,4089,3513,12113,2670,2480,6941,Day_1,Dark,Fast,3.75mm,Experiment_2
2025-10-23T02:30:16.757Z,42,784,1470,283,898,1210,4094,3482,12100,2674,2468,6933,Day_1,Dark,Fast,3.75mm,Experiment_2
2025-10-23T02:30:16.797Z,40,786,1472,284,899,1213,4078,3449,12062,2670,2458,6923,Day_1,Dark,Fast,3.75mm,Experiment_2
2025-10-23T02:30:16.837Z,34,784,1469,281,897,1209,4043,3428,12006,2657,2454,6914,Day_1,Dark,Fast,3.75mm,Experiment_2
2025-10-23T02:30:16.877Z,33,783,1466,280,895,1206,4003,3422,11955,2639,2454,6908,Day_1,Dark,Fast,3.75mm,Experiment_2
2025-10-23T02:30:16.917Z,34,786,1469,280,896,1209,3977,3426,11946,2628,2456,6908,Day_1,Dark,Fast,3.75mm,Experiment_2
2025-10-23T02:30:16.957Z,33,791,1474,279,900,1214,3972,3437,11987,2627,2457,6917,Day_1,Dark,Fast,3.75mm,Experiment_2
2025-10-23T02:30:16.997Z,33,793,1476,279,905,1215,3986,3453,12044,2634,2459,6928,Day_1,Dark,Fast,3.75mm,Experiment_2
2025-10-23T02:30:17.037Z,34,794,1476,280,907,1210,4007,3473,12084,2646,2462,6936,Day_1,Dark,Fast,3.75mm,Experiment_2
2025-10-23T02:30:17.077Z,36,795,1477,278,908,1206,4025,3489,12096,2656,2466,6937,Day_1,Dark,Fast,3.75mm,Experiment_2
2025-10-23T02:30:17.117Z,38,795,1479,278,907,1206,4043,3488,12086,2663,2467,6928,Day_1,Dark,Fast,3.75mm,Experiment_2
2025-10-23T02:30:17.157Z,44,792,1475,283,904,1203,4060,3468,12070,2664,2462,6918,Day_1,Dark,Fast,3.75mm,Experiment_2
2025-10-23T02:30:17.197Z,52,787,1465,289,900,1199,4067,3446,12061,2662,2454,6915,Day_1,Dark,Fast,3.75mm,Experiment_2
2025-10-23T02:30:17.237Z,56,787,1454,292,899,1193,4065,3432,12056,2662,2445,6918,Day_1,Dark,Fast,3.75mm,Experiment_2
2025-10-23T02:30:17.277Z,49,789,1447,285,902,1189,4050,3423,12040,2659,2439,6920,Day_1,Dark,Fast,3.75mm,Experiment_2
2025-10-23T02:30:17.317Z,34,790,1447,272,905,1191,4025,3413,12011,2654,2436,6918,Day_1,Dark,Fast,3.75mm,Experiment_2
2025-10-23T02:30:17.357Z,24,787,1454,261,905,1200,4009,3406,11999,2651,2437,6918,Day_1,Dark,Fast,3.75mm,Experiment_2
2025-10-23T02:30:17.397Z,25,783,1466,261,903,1209,4016,3409,12021,2653,2446,6923,Day_1,Dark,Fast,3.75mm,Experiment_2
2025-10-23T02:30:17.437Z,34,781,1474,272,901,1213,4022,3418,12045,2655,2455,6929,Day_1,Dark,Fast,3.75mm,Experiment_2
2025-10-23T02:30:17.477Z,39,783,1474,279,901,1213,4016,3429,12045,2655,2459,6928,Day_1,Dark,Fast,3.75mm,Experiment_2
2025-10-23T02:30:17.517Z,33,789,1470,275,905,1209,4010,3447,12034,2654,2461,6926,Day_1,Dark,Fast,3.75mm,Experiment_2
2025-10-23T02:30:17.557Z,22,792,1467,265,909,1206,4012,3472,12039,2653,2467,6926,Day_1,Dark,Fast,3.75mm,Experiment_2
2025-10-23T02:30:17.597Z,16,792,1468,258,911,1208,4021,3487,12070,2652,2469,6932,Day_1,Dark,Fast,3.75mm,Experiment_2
2025-10-23T02:30:17.637Z,17,791,1471,260,912,1212,4032,3485,12109,2653,2466,6944,Day_1,Dark,Fast,3.75mm,Experiment_2
2025-10-23T02:30:17.677Z,23,790,1474,266,911,1215,4048,3472,12121,2657,2457,6951,Day_1,Dark,Fast,3.75mm,Experiment_2
2025-10-23T02:30:17.717Z,23,788,1473,267,907,1213,4065,3456,12091,2666,2448,6948,Day_1,Dark,Fast,3.75mm,Experiment_2
2025-10-23T02:30:17.757Z,17,786,1470,263,902,1209,4057,3433,12028,2667,2441,6933,Day_1,Dark,Fast,3.75mm,Experiment_2
2025-10-23T02:30:17.797Z,12,785,1466,260,898,1206,4024,3409,11971,2658,2439,6920,Day_1,Dark,Fast,3.75mm,Experiment_2
2025-10-23T02:30:17.837Z,11,787,1466,258,901,1207,3999,3404,11961,2651,2444,6917,Day_1,Dark,Fast,3.75mm,Experiment_2
2025-10-23T02:30:17.877Z,10,791,1473,258,907,1212,4005,3428,11981,2655,2455,6918,Day_1,Dark,Fast,3.75mm,Experiment_2
2025-10-23T02:30:17.917Z,12,792,1482,260,908,1219,4025,3462,11994,2664,2464,6915,Day_1,Dark,Fast,3.75mm,Experiment_2
2025-10-23T02:30:17.957Z,19,785,1483,267,902,1221,4037,3477,11998,2671,2466,6910,Day_1,Dark,Fast,3.75mm,Experiment_2
2025-10-23T02:30:17.997Z,24,778,1477,272,894,1217,4039,3465,12013,2673,2463,6912,Day_1,Dark,Fast,3.75mm,Experiment_2
2025-10-23T02:30:18.037Z,23,776,1471,271,892,1210,4046,3446,12041,2672,2457,6920,Day_1,Dark,Fast,3.75mm,Experiment_2
2025-10-23T02:30:18.077Z,23,779,1467,270,893,1204,4061,3438,12067,2672,2453,6928,Day_1,Dark,Fast,3.75mm,Experiment_2
2025-10-23T02:30:18.117Z,29,781,1465,273,895,1201,4074,3444,12081,2670,2451,6930,Day_1,Dark,Fast,3.75mm,Experiment_2
2025-10-23T02:30:18.157Z,34,778,1463,278,895,1201,4074,3448,12071,2666,2450,6925,Day_1,Dark,Fast,3.75mm,Experiment_2
2025-10-23T02:30:18.197Z,34,771,1462,279,891,1203,4058,3443,12033,2662,2452,6914,Day_1,Dark,Fast,3.75mm,Experiment_2
2025-10-23T02:30:18.237Z,29,765,1464,275,886,1207,4031,3444,11998,2661,2461,6908,Day_1,Dark,Fast,3.75mm,Experiment_2
2025-10-23T02:30:18.277Z,23,764,1465,269,886,1210,4012,3453,12003,2662,2473,6916,Day_1,Dark,Fast,3.75mm,Experiment_2
2025-10-23T02:30:18.317Z,19,765,1465,266,888,1210,4008,3459,12036,2661,2476,6930,Day_1,Dark,Fast,3.75mm,Experiment_2
2025-10-23T02:30:18.357Z,18,768,1469,267,889,1212,4010,3463,12065,2657,2471,6938,Day_1,Dark,Fast,3.75mm,Experiment_2
2025-10-23T02:30:18.397Z,21,768,1477,269,888,1218,4014,3473,12084,2655,2467,6942,Day_1,Dark,Fast,3.75mm,Experiment_2
2025-10-23T02:30:18.437Z,28,767,1483,275,885,1221,4027,3483,12098,2659,2467,6945,Day_1,Dark,Fast,3.75mm,Experiment_2
2025-10-23T02:30:18.477Z,35,770,1482,284,886,1219,4045,3479,12109,2664,2463,6947,Day_1,Dark,Fast,3.75mm,Experiment_2
2025-10-23T02:30:18.517Z,38,777,1478,291,892,1213,4056,3467,12111,2668,2458,6945,Day_1,Dark,Fast,3.75mm,Experiment_2
2025-10-23T02:30:18.557Z,38,784,1471,290,899,1207,4056,3467,12099,2667,2458,6940,Day_1,Dark,Fast,3.75mm,Experiment_2
2025-10-23T02:30:18.597Z,38,786,1460,285,902,1201,4050,3471,12067,2663,2460,6933,Day_1,Dark,Fast,3.75mm,Experiment_2
2025-10-23T02:30:18.637Z,37,783,1451,279,898,1197,4037,3456,12017,2658,2453,6923,Day_1,Dark,Fast,3.75mm,Experiment_2
2025-10-23T02:30:18.677Z,31,779,1453,269,892,1200,4023,3426,11979,2657,2441,6915,Day_1,Dark,Fast,3.75mm,Experiment_2
2025-10-23T02:30:18.717Z,23,775,1462,260,888,1206,4019,3411,11982,2661,2437,6914,Day_1,Dark,Fast,3.75mm,Experiment_2
2025-10-23T02:30:18.757Z,23,775,1466,260,888,1208,4028,3421,12014,2668,2440,6920,Day_1,Dark,Fast,3.75mm,Experiment_2
2025-10-23T02:30:18.797Z,30,782,1463,267,893,1203,4045,3441,12042,2676,2448,6922,Day_1,Dark,Fast,3.75mm,Experiment_2
2025-10-23T02:30:18.837Z,35,792,1458,272,899,1198,4058,3455,12059,2682,2456,6924,Day_1,Dark,Fast,3.75mm,Experiment_2
2025-10-23T02:30:18.877Z,35,794,1460,274,902,1197,4059,3458,12077,2680,2461,6931,Day_1,Dark,Fast,3.75mm,Experiment_2
2025-10-23T02:30:18.917Z,31,787,1463,272,900,1199,4052,3457,12100,2672,2460,6940,Day_1,Dark,Fast,3.75mm,Experiment_2
2025-10-23T02:30:18.957Z,29,778,1462,271,898,1199,4047,3458,12126,2664,2458,6947,Day_1,Dark,Fast,3.75mm,Experiment_2
2025-10-23T02:30:18.997Z,32,775,1459,273,897,1196,4051,3454,12143,2663,2454,6949,Day_1,Dark,Fast,3.75mm,Experiment_2
2025-10-23T02:30:19.037Z,34,775,1460,275,892,1195,4064,3436,12129,2670,2444,6943,Day_1,Dark,Fast,3.75mm,Experiment_2
2025-10-23T02:30:19.077Z,32,770,1466,275,884,1197,4065,3421,12077,2676,2437,6929,Day_1,Dark,Fast,3.75mm,Experiment_2
2025-10-23T02:30:19.117Z,29,769,1468,275,883,1198,4044,3426,12013,2673,2442,6918,Day_1,Dark,Fast,3.75mm,Experiment_2
2025-10-23T02:30:19.157Z,29,776,1466,275,893,1197,4021,3452,11984,2665,2457,6920,Day_1,Dark,Fast,3.75mm,Experiment_2
2025-10-23T02:30:19.197Z,31,787,1464,278,905,1197,4012,3484,12004,2658,2472,6930,Day_1,Dark,Fast,3.75mm,Experiment_2
2025-10-23T02:30:19.237Z,31,789,1463,278,907,1199,4012,3493,12037,2654,2475,6934,Day_1,Dark,Fast,3.75mm,Experiment_2
2025-10-23T02:30:19.277Z,29,783,1466,277,899,1203,4017,3471,12050,2654,2466,6928,Day_1,Dark,Fast,3.75mm,Experiment_2
2025-10-23T02:30:19.317Z,28,778,1474,274,893,1211,4031,3452,12053,2659,2461,6921,Day_1,Dark,Fast,3.75mm,Experiment_2
2025-10-23T02:30:19.357Z,27,782,1480,271,896,1218,4046,3460,12068,2666,2466,6924,Day_1,Dark,Fast,3.75mm,Experiment_2
2025-10-23T02:30:19.397Z,27,791,1478,269,904,1218,4057,3483,12095,2672,2475,6934,Day_1,Dark,Fast,3.75mm,Experiment_2
2025-10-23T02:30:19.437Z,27,797,1471,268,909,1212,4062,3495,12118,2677,2478,6943,Day_1,Dark,Fast,3.75mm,Experiment_2
2025-10-23T02:30:19.477Z,24,796,1470,263,907,1208,4056,3489,12117,2676,2474,6946,Day_1,Dark,Fast,3.75mm,Experiment_2
2025-10-23T02:30:19.517Z,18,790,1475,257,901,1211,4033,3475,12083,2667,2466,6937,Day_1,Dark,Fast,3.75mm,Experiment_2
2025-10-23T02:30:19.557Z,14,782,1478,253,897,1214,4005,3459,12027,2655,2457,6924,Day_1,Dark,Fast,3.75mm,Experiment_2
2025-10-23T02:30:19.597Z,14,779,1476,256,896,1214,3987,3448,11996,2646,2453,6920,Day_1,Dark,Fast,3.75mm,Experiment_2
2025-10-23T02:30:19.637Z,17,780,1475,263,897,1215,3989,3451,12017,2644,2459,6928,Day_1,Dark,Fast,3.75mm,Experiment_2
2025-10-23T02:30:19.677Z,23,781,1477,268,895,1217,4008,3460,12053,2648,2466,6936,Day_1,Dark,Fast,3.75mm,Experiment_2
2025-10-23T02:30:19.717Z,30,779,1478,272,893,1217,4029,3462,12063,2656,2467,6932,Day_1,Dark,Fast,3.75mm,Experiment_2
2025-10-23T02:30:19.757Z,37,780,1475,275,896,1216,4036,3460,12058,2659,2464,6925,Day_1,Dark,Fast,3.75mm,Experiment_2
2025-10-23T02:30:19.797Z,39,780,1470,277,898,1213,4030,3457,12063,2656,2459,6923,Day_1,Dark,Fast,3.75mm,Experiment_2
2025-10-23T02:30:19.837Z,39,771,1469,278,890,1212,4022,3461,12085,2651,2458,6926,Day_1,Dark,Fast,3.75mm,Experiment_2
2025-10-23T02:30:19.877Z,45,764,1474,285,882,1213,4025,3474,12106,2653,2461,6929,Day_1,Dark,Fast,3.75mm,Experiment_2
2025-10-23T02:30:19.917Z,57,766,1478,297,884,1213,4033,3480,12111,2658,2463,6932,Day_1,Dark,Fast,3.75mm,Experiment_2
2025-10-23T02:30:19.957Z,61,774,1476,300,892,1210,4023,3465,12092,2657,2457,6934,Day_1,Dark,Fast,3.75mm,Experiment_2
2025-10-23T02:30:19.997Z,49,779,1471,289,898,1206,3996,3441,12047,2648,2448,6931,Day_1,Dark,Fast,3.75mm,Experiment_2
2025-10-23T02:30:20.037Z,31,784,1466,273,904,1202,3978,3426,11998,2641,2445,6923,Day_1,Dark,Fast,3.75mm,Experiment_2
2025-10-23T02:30:20.077Z,21,791,1465,264,908,1199,3978,3429,11984,2639,2452,6918,Day_1,Dark,Fast,3.75mm,Experiment_2
2025-10-23T02:30:20.117Z,20,793,1468,264,907,1202,3988,3444,12006,2642,2460,6919,Day_1,Dark,Fast,3.75mm,Experiment_2
2025-10-23T02:30:20.157Z,22,790,1473,266,904,1207,4001,3461,12025,2649,2464,6919,Day_1,Dark,Fast,3.75mm,Experiment_2
2025-10-23T02:30:20.197Z,24,787,1475,268,902,1210,4019,3475,12030,2661,2465,6919,Day_1,Dark,Fast,3.75mm,Experiment_2
2025-10-23T02:30:20.237Z,25,785,1471,270,902,1206,4039,3485,12044,2669,2464,6922,Day_1,Dark,Fast,3.75mm,Experiment_2
2025-10-23T02:30:20.277Z,26,781,1462,271,899,1197,4051,3488,12068,2668,2464,6925,Day_1,Dark,Fast,3.75mm,Experiment_2
2025-10-23T02:30:20.317Z,27,775,1460,272,895,1193,4050,3492,12081,2663,2468,6929,Day_1,Dark,Fast,3.75mm,Experiment_2
2025-10-23T02:30:20.357Z,29,771,1472,274,891,1202,4041,3501,12071,2659,2474,6931,Day_1,Dark,Fast,3.75mm,Experiment_2
2025-10-23T02:30:20.397Z,34,770,1485,278,887,1214,4029,3499,12037,2658,2473,6927,Day_1,Dark,Fast,3.75mm,Experiment_2
2025-10-23T02:30:20.437Z,39,768,1484,281,884,1217,4013,3477,11992,2655,2463,6920,Day_1,Dark,Fast,3.75mm,Experiment_2
2025-10-23T02:30:20.477Z,39,765,1473,279,882,1210,4005,3454,11969,2655,2454,6917,Day_1,Dark,Fast,3.75mm,Experiment_2
2025-10-23T02:30:20.517Z,35,765,1464,274,887,1203,4014,3454,11979,2662,2456,6921,Day_1,Dark,Fast,3.75mm,Experiment_2
2025-10-23T02:30:20.557Z,30,776,1462,271,898,1199,4033,3469,12000,2669,2464,6921,Day_1,Dark,Fast,3.75mm,Experiment_2
2025-10-23T02:30:20.597Z,28,789,1464,272,908,1200,4055,3480,12015,2674,2470,6916,Day_1,Dark,Fast,3.75mm,Experiment_2
2025-10-23T02:30:20.637Z,32,793,1461,276,909,1199,4074,3480,12031,2676,2472,6913,Day_1,Dark,Fast,3.75mm,Experiment_2
2025-10-23T02:30:20.677Z,37,789,1454,281,903,1198,4078,3469,12058,2673,2468,6917,Day_1,Dark,Fast,3.75mm,Experiment_2
2025-10-23T02:30:20.717Z,38,782,1453,281,895,1199,4064,3456,12087,2667,2461,6924,Day_1,Dark,Fast,3.75mm,Experiment_2
2025-10-23T02:30:20.757Z,35,782,1461,276,893,1203,4044,3451,12105,2659,2454,6929,Day_1,Dark,Fast,3.75mm,Experiment_2
2025-10-23T02:30:20.797Z,32,786,1472,269,899,1209,4026,3456,12114,2650,2453,6934,Day_1,Dark,Fast,3.75mm,Experiment_2
2025-10-23T02:30:20.837Z,26,791,1479,262,906,1213,4011,3458,12112,2642,2452,6936,Day_1,Dark,Fast,3.75mm,Experiment_2
2025-10-23T02:30:20.877Z,20,794,1476,255,911,1213,3994,3446,12083,2639,2450,6931,Day_1,Dark,Fast,3.75mm,Experiment_2
2025-10-23T02:30:20.917Z,17,796,1469,253,913,1211,3981,3433,12037,2640,2451,6924,Day_1,Dark,Fast,3.75mm,Experiment_2
2025-10-23T02:30:20.957Z,18,799,1468,256,913,1212,3986,3427,12011,2646,2453,6920,Day_1,Dark,Fast,3.75mm,Experiment_2
2025-10-23T02:30:20.997Z,16,800,1473,259,911,1217,4006,3428,12017,2652,2452,6921,Day_1,Dark,Fast,3.75mm,Experiment_2
2025-10-23T02:30:21.037Z,13,798,1475,261,910,1216,4027,3446,12036,2656,2455,6922,Day_1,Dark,Fast,3.75mm,Experiment_2
2025-10-23T02:30:21.077Z,13,800,1473,262,913,1211,4046,3478,12053,2661,2463,6923,Day_1,Dark,Fast,3.75mm,Experiment_2
2025-10-23T02:30:21.117Z,15,805,1471,264,919,1209,4063,3497,12068,2669,2468,6927,Day_1,Dark,Fast,3.75mm,Experiment_2
2025-10-23T02:30:21.157Z,18,808,1468,265,923,1207,4077,3487,12083,2677,2463,6934,Day_1,Dark,Fast,3.75mm,Experiment_2
2025-10-23T02:30:21.197Z,18,807,1462,264,921,1201,4080,3471,12092,2680,2457,6938,Day_1,Dark,Fast,3.75mm,Experiment_2
2025-10-23T02:30:21.237Z,19,801,1456,265,915,1194,4067,3470,12090,2674,2459,6933,Day_1,Dark,Fast,3.75mm,Experiment_2
2025-10-23T02:30:21.277Z,24,797,1451,269,910,1189,4041,3472,12072,2660,2458,6926,Day_1,Dark,Fast,3.75mm,Experiment_2
2025-10-23T02:30:21.317Z,27,794,1448,272,907,1186,4008,3452,12033,2644,2447,6918,Day_1,Dark,Fast,3.75mm,Experiment_2
2025-10-23T02:30:21.357Z,25,793,1449,271,906,1186,3977,3415,11984,2636,2432,6910,Day_1,Dark,Fast,3.75mm,Experiment_2
2025-10-23T02:30:21.397Z,22,793,1454,269,906,1191,3962,3394,11963,2637,2427,6911,Day_1,Dark,Fast,3.75mm,Experiment_2
2025-10-23T02:30:21.437Z,22,790,1465,270,906,1201,3968,3406,11992,2643,2436,6924,Day_1,Dark,Fast,3.75mm,Experiment_2
2025-10-23T02:30:21.477Z,26,784,1475,270,904,1211,3985,3440,12040,2649,2450,6935,Day_1,Dark,Fast,3.75mm,Experiment_2
2025-10-23T02:30:21.518Z,32,778,1480,274,900,1217,4003,3472,12070,2657,2461,6936,Day_1,Dark,Fast,3.75mm,Experiment_2
2025-10-23T02:30:21.558Z,41,775,1480,280,896,1219,4023,3487,12081,2668,2469,6934,Day_1,Dark,Fast,3.75mm,Experiment_2
2025-10-23T02:30:21.598Z,43,778,1475,284,897,1218,4042,3489,12088,2677,2476,6935,Day_1,Dark,Fast,3.75mm,Experiment_2
2025-10-23T02:30:21.638Z,38,782,1469,282,898,1213,4049,3482,12104,2678,2478,6940,Day_1,Dark,Fast,3.75mm,Experiment_2
2025-10-23T02:30:21.678Z,29,782,1466,277,894,1207,4044,3473,12128,2673,2473,6946,Day_1,Dark,Fast,3.75mm,Experiment_2
2025-10-23T02:30:21.718Z,22,778,1465,271,889,1203,4039,3468,12139,2668,2463,6947,Day_1,Dark,Fast,3.75mm,Experiment_2
2025-10-23T02:30:21.758Z,21,779,1465,269,891,1203,4034,3462,12117,2666,2456,6940,Day_1,Dark,Fast,3.75mm,Experiment_2
2025-10-23T02:30:21.798Z,25,787,1467,273,898,1207,4014,3446,12062,2657,2451,6930,Day_1,Dark,Fast,3.75mm,Experiment_2
2025-10-23T02:30:21.838Z,29,789,1469,279,901,1210,3984,3435,12005,2641,2449,6921,Day_1,Dark,Fast,3.75mm,Experiment_2
2025-10-23T02:30:21.878Z,30,784,1469,281,897,1210,3968,3447,11985,2628,2454,6916,Day_1,Dark,Fast,3.75mm,Experiment_2
2025-10-23T02:30:21.918Z,29,782,1468,278,895,1209,3977,3468,11994,2628,2459,6912,Day_1,Dark,Fast,3.75mm,Experiment_2
2025-10-23T02:30:21.958Z,32,783,1464,276,897,1208,3995,3476,11997,2635,2460,6907,Day_1,Dark,Fast,3.75mm,Experiment_2
2025-10-23T02:30:21.998Z,36,786,1462,275,899,1207,4004,3465,11992,2643,2453,6907,Day_1,Dark,Fast,3.75mm,Experiment_2
2025-10-23T02:30:22.038Z,37,790,1463,274,902,1206,4008,3447,12002,2648,2446,6915,Day_1,Dark,Fast,3.75mm,Experiment_2
2025-10-23T02:30:22.078Z,34,792,1466,272,904,1205,4017,3437,12031,2653,2443,6922,Day_1,Dark,Fast,3.75mm,Experiment_2
2025-10-23T02:30:22.118Z,34,789,1466,273,903,1203,4026,3440,12059,2655,2444,6923,Day_1,Dark,Fast,3.75mm,Experiment_2
2025-10-23T02:30:22.158Z,36,782,1462,277,897,1202,4028,3454,12070,2654,2449,6917,Day_1,Dark,Fast,3.75mm,Experiment_2
2025-10-23T02:30:22.198Z,37,775,1458,278,890,1201,4025,3470,12052,2653,2456,6909,Day_1,Dark,Fast,3.75mm,Experiment_2
2025-10-23T02:30:22.238Z,29,773,1455,270,890,1200,4021,3472,12001,2656,2459,6900,Day_1,Dark,Fast,3.75mm,Experiment_2
2025-10-23T02:30:22.278Z,18,781,1454,260,898,1199,4022,3455,11949,2661,2458,6893,Day_1,Dark,Fast,3.75mm,Experiment_2
2025-10-23T02:30:22.318Z,12,792,1457,257,908,1198,4032,3445,11945,2666,2459,6895,Day_1,Dark,Fast,3.75mm,Experiment_2
2025-10-23T02:30:22.358Z,13,797,1462,263,914,1199,4041,3454,11985,2665,2462,6905,Day_1,Dark,Fast,3.75mm,Experiment_2
2025-10-23T02:30:22.398Z,17,792,1466,268,911,1202,4036,3465,12025,2661,2464,6913,Day_1,Dark,Fast,3.75mm,Experiment_2
2025-10-23T02:30:22.438Z,18,780,1468,268,902,1205,4026,3469,12045,2658,2465,6917,Day_1,Dark,Fast,3.75mm,Experiment_2
2025-10-23T02:30:22.478Z,18,770,1471,265,894,1209,4031,3471,12060,2660,2469,6921,Day_1,Dark,Fast,3.75mm,Experiment_2
2025-10-23T02:30:22.518Z,19,764,1476,262,888,1213,4052,3471,12080,2664,2470,6925,Day_1,Dark,Fast,3.75mm,Experiment_2
2025-10-23T02:30:22.558Z,18,761,1481,262,883,1216,4062,3465,12091,2662,2466,6927,Day_1,Dark,Fast,3.75mm,Experiment_2
2025-10-23T02:30:22.598Z,20,765,1483,265,883,1216,4045,3462,12083,2652,2462,6924,Day_1,Dark,Fast,3.75mm,Experiment_2
2025-10-23T02:30:22.638Z,29,779,1477,271,893,1212,4011,3468,12056,2642,2461,6919,Day_1,Dark,Fast,3.75mm,Experiment_2
2025-10-23T02:30:22.678Z,39,795,1466,279,905,1203,3976,3469,12019,2633,2460,6914,Day_1,Dark,Fast,3.75mm,Experiment_2
2025-10-23T02:30:22.718Z,41,803,1456,281,913,1193,3954,3463,11996,2626,2461,6911,Day_1,Dark,Fast,3.75mm,Experiment_2
2025-10-23T02:30:22.758Z,37,801,1452,280,912,1188,3961,3466,12007,2629,2465,6915,Day_1,Dark,Fast,3.75mm,Experiment_2
2025-10-23T02:30:22.798Z,33,793,1458,278,905,1192,3991,3479,12036,2640,2471,6924,Day_1,Dark,Fast,3.75mm,Experiment_2
2025-10-23T02:30:22.838Z,29,789,1471,276,901,1203,4016,3490,12051,2648,2474,6932,Day_1,Dark,Fast,3.75mm,Experiment_2
2025-10-23T02:30:22.878Z,29,792,1481,278,905,1211,4027,3497,12049,2646,2473,6935,Day_1,Dark,Fast,3.75mm,Experiment_2
2025-10-23T02:30:22.918Z,32,798,1486,281,911,1214,4039,3503,12049,2647,2474,6935,Day_1,Dark,Fast,3.75mm,Experiment_2
2025-10-23T02:30:22.458Z,36,799,1486,282,913,1212,4059,3504,12060,2654,2475,6933,Day_1,Dark,Fast,3.75mm,Experiment_2
2025-10-23T02:30:22.498Z,36,796,1480,280,912,1206,4073,3497,12075,2663,2473,6928,Day_1,Dark,Fast,3.75mm,Experiment_2
2025-10-23T02:30:22.538Z,34,793,1469,278,909,1198,4072,3487,12079,2666,2466,6921,Day_1,Dark,Fast,3.75mm,Experiment_2
2025-10-23T02:30:22.578Z,35,788,1462,277,904,1196,4063,3474,12063,2665,2455,6916,Day_1,Dark,Fast,3.75mm,Experiment_2
2025-10-23T02:30:22.618Z,32,782,1459,275,898,1198,4048,3455,12026,2660,2445,6913,Day_1,Dark,Fast,3.75mm,Experiment_2
2025-10-23T02:30:22.658Z,28,782,1456,272,897,1199,4032,3438,11992,2657,2443,6915,Day_1,Dark,Fast,3.75mm,Experiment_2
2025-10-23T02:30:22.698Z,27,788,1453,273,903,1197,4031,3437,11993,2661,2451,6923,Day_1,Dark,Fast,3.75mm,Experiment_2
2025-10-23T02:30:22.738Z,30,791,1451,275,906,1194,4049,3453,12024,2669,2464,6930,Day_1,Dark,Fast,3.75mm,Experiment_2
2025-10-23T02:30:22.778Z,32,790,1451,274,903,1192,4064,3468,12055,2673,2475,6933,Day_1,Dark,Fast,3.75mm,Experiment_2
2025-10-23T02:30:23.318Z,31,792,1454,271,904,1192,4065,3475,12062,2675,2480,6928,Day_1,Dark,Fast,3.75mm,Experiment_2
2025-10-23T02:30:23.358Z,28,794,1462,268,907,1196,4068,3476,12056,2681,2481,6922,Day_1,Dark,Fast,3.75mm,Experiment_2
2025-10-23T02:30:23.398Z,21,791,1470,261,907,1202,4079,3482,12064,2685,2482,6925,Day_1,Dark,Fast,3.75mm,Experiment_2
2025-10-23T02:30:23.438Z,15,783,1474,255,901,1205,4083,3489,12085,2683,2481,6935,Day_1,Dark,Fast,3.75mm,Experiment_2
2025-10-23T02:30:23.478Z,17,775,1472,257,894,1205,4081,3483,12101,2677,2473,6943,Day_1,Dark,Fast,3.75mm,Experiment_2
2025-10-23T02:30:23.518Z,24,770,1468,265,888,1205,4076,3463,12088,2672,2458,6938,Day_1,Dark,Fast,3.75mm,Experiment_2
2025-10-23T02:30:23.558Z,28,767,1464,270,885,1204,4056,3437,12040,2663,2445,6920,Day_1,Dark,Fast,3.75mm,Experiment_2
2025-10-23T02:30:23.598Z,30,765,1458,273,885,1201,4017,3417,11976,2650,2440,6899,Day_1,Dark,Fast,3.75mm,Experiment_2
2025-10-23T02:30:23.638Z,32,766,1452,278,889,1197,3989,3410,11945,2645,2442,6890,Day_1,Dark,Fast,3.75mm,Experiment_2
2025-10-23T02:30:23.678Z,30,770,1451,279,895,1196,3998,3414,11964,2655,2445,6895,Day_1,Dark,Fast,3.75mm,Experiment_2
2025-10-23T02:30:23.718Z,26,771,1459,276,898,1201,4030,3423,12006,2673,2446,6906,Day_1,Dark,Fast,3.75mm,Experiment_2
2025-10-23T02:30:23.758Z,23,770,1467,273,896,1207,4046,3433,12041,2685,2444,6918,Day_1,Dark,Fast,3.75mm,Experiment_2
2025-10-23T02:30:23.798Z,25,772,1467,273,896,1206,4032,3439,12067,2682,2444,6930,Day_1,Dark,Fast,3.75mm,Experiment_2
2025-10-23T02:30:23.838Z,28,781,1460,273,903,1199,4011,3444,12083,2671,2448,6938,Day_1,Dark,Fast,3.75mm,Experiment_2
2025-10-23T02:30:23.878Z,25,791,1455,269,910,1191,4013,3451,12093,2665,2453,6938,Day_1,Dark,Fast,3.75mm,Experiment_2
2025-10-23T02:30:23.918Z,19,792,1456,263,908,1190,4031,3462,12100,2664,2456,6935,Day_1,Dark,Fast,3.75mm,Experiment_2
2025-10-23T02:30:23.958Z,15,784,1462,258,900,1195,4038,3474,12097,2662,2458,6931,Day_1,Dark,Fast,3.75mm,Experiment_2
2025-10-23T02:30:23.998Z,13,773,1468,257,893,1202,4026,3484,12076,2655,2462,6924,Day_1,Dark,Fast,3.75mm,Experiment_2
2025-10-23T02:30:24.038Z,16,766,1469,262,889,1207,4001,3484,12027,2648,2468,6913,Day_1,Dark,Fast,3.75mm,Experiment_2
2025-10-23T02:30:24.078Z,20,765,1465,268,887,1206,3979,3474,11976,2648,2472,6907,Day_1,Dark,Fast,3.75mm,Experiment_2
2025-10-23T02:30:24.118Z,21,766,1460,268,887,1202,3979,3465,11961,2651,2473,6910,Day_1,Dark,Fast,3.75mm,Experiment_2
2025-10-23T02:30:24.158Z,16,768,1462,264,888,1203,4002,3465,11975,2656,2472,6913,Day_1,Dark,Fast,3.75mm,Experiment_2
2025-10-23T02:30:24.198Z,14,769,1469,263,889,1209,4030,3461,11988,2661,2468,6910,Day_1,Dark,Fast,3.75mm,Experiment_2
2025-10-23T02:30:24.238Z,17,771,1473,266,888,1212,4048,3450,11996,2664,2459,6905,Day_1,Dark,Fast,3.75mm,Experiment_2
2025-10-23T02:30:24.278Z,22,772,1472,270,885,1212,4047,3446,12014,2663,2452,6906,Day_1,Dark,Fast,3.75mm,Experiment_2
2025-10-23T02:30:24.318Z,27,774,1470,275,885,1211,4042,3457,12049,2660,2454,6915,Day_1,Dark,Fast,3.75mm,Experiment_2
2025-10-23T02:30:24.358Z,31,779,1468,279,891,1211,4044,3479,12076,2657,2463,6924,Day_1,Dark,Fast,3.75mm,Experiment_2
2025-10-23T02:30:24.398Z,32,784,1466,280,899,1209,4046,3504,12071,2657,2474,6925,Day_1,Dark,Fast,3.75mm,Experiment_2
2025-10-23T02:30:24.438Z,29,785,1465,279,903,1206,4041,3514,12034,2658,2477,6915,Day_1,Dark,Fast,3.75mm,Experiment_2
2025-10-23T02:30:24.478Z,27,786,1469,279,904,1209,4031,3498,11982,2659,2471,6901,Day_1,Dark,Fast,3.75mm,Experiment_2
2025-10-23T02:30:24.518Z,27,788,1476,280,904,1215,4031,3469,11948,2663,2462,6894,Day_1,Dark,Fast,3.75mm,Experiment_2
2025-10-23T02:30:24.558Z,25,790,1478,279,905,1219,4051,3450,11955,2674,2457,6900,Day_1,Dark,Fast,3.75mm,Experiment_2
2025-10-23T02:30:24.598Z,20,790,1475,277,906,1218,4077,3445,11987,2683,2456,6912,Day_1,Dark,Fast,3.75mm,Experiment_2
2025-10-23T02:30:24.638Z,21,783,1466,279,901,1211,4087,3450,12018,2684,2456,6920,Day_1,Dark,Fast,3.75mm,Experiment_2
2025-10-23T02:30:24.678Z,28,774,1457,281,893,1202,4090,3462,12045,2681,2459,6927,Day_1,Dark,Fast,3.75mm,Experiment_2
2025-10-23T02:30:24.718Z,30,765,1452,278,885,1198,4099,3471,12076,2680,2464,6936,Day_1,Dark,Fast,3.75mm,Experiment_2
2025-10-23T02:30:24.758Z,25,760,1455,273,879,1201,4105,3468,12104,2679,2467,6942,Day_1,Dark,Fast,3.75mm,Experiment_2
2025-10-23T02:30:24.798Z,23,759,1458,270,876,1204,4092,3457,12116,2671,2467,6941,Day_1,Dark,Fast,3.75mm,Experiment_2
2025-10-23T02:30:24.838Z,25,761,1458,270,877,1201,4072,3453,12122,2664,2469,6941,Day_1,Dark,Fast,3.75mm,Experiment_2
2025-10-23T02:30:24.878Z,23,762,1455,266,877,1196,4060,3447,12116,2662,2468,6940,Day_1,Dark,Fast,3.75mm,Experiment_2
2025-10-23T02:30:24.918Z,16,761,1452,259,876,1194,4045,3424,12067,2658,2458,6928,Day_1,Dark,Fast,3.75mm,Experiment_2
2025-10-23T02:30:24.958Z,12,760,1451,256,877,1195,4023,3394,11998,2653,2443,6910,Day_1,Dark,Fast,3.75mm,Experiment_2
2025-10-23T02:30:24.998Z,14,762,1454,260,881,1197,4012,3383,11967,2652,2435,6904,Day_1,Dark,Fast,3.75mm,Experiment_2
2025-10-23T02:30:25.038Z,19,765,1458,266,887,1198,4019,3399,11984,2655,2439,6909,Day_1,Dark,Fast,3.75mm,Experiment_2
2025-10-23T02:30:25.078Z,22,766,1463,268,889,1200,4030,3426,12025,2661,2449,6918,Day_1,Dark,Fast,3.75mm,Experiment_2
2025-10-23T02:30:25.118Z,22,763,1469,267,885,1204,4037,3451,12069,2665,2459,6927,Day_1,Dark,Fast,3.75mm,Experiment_2
2025-10-23T02:30:25.158Z,19,761,1474,263,881,1209,4041,3472,12107,2667,2464,6935,Day_1,Dark,Fast,3.75mm,Experiment_2
2025-10-23T02:30:25.198Z,16,764,1480,261,880,1214,4044,3486,12132,2667,2465,6941,Day_1,Dark,Fast,3.75mm,Experiment_2
2025-10-23T02:30:25.238Z,15,768,1488,260,883,1220,4042,3487,12137,2664,2462,6943,Day_1,Dark,Fast,3.75mm,Experiment_2
2025-10-23T02:30:25.278Z,15,772,1494,256,888,1224,4039,3472,12124,2663,2458,6941,Day_1,Dark,Fast,3.75mm,Experiment_2
2025-10-23T02:30:25.318Z,16,775,1493,248,893,1221,4041,3451,12099,2664,2455,6935,Day_1,Dark,Fast,3.75mm,Experiment_2
2025-10-23T02:30:25.358Z,23,775,1487,244,894,1216,4034,3431,12053,2663,2448,6925,Day_1,Dark,Fast,3.75mm,Experiment_2
2025-10-23T02:30:25.398Z,29,772,1482,248,891,1214,4015,3420,11998,2661,2440,6912,Day_1,Dark,Fast,3.75mm,Experiment_2
2025-10-23T02:30:25.438Z,26,773,1478,254,890,1215,4000,3421,11976,2665,2437,6908,Day_1,Dark,Fast,3.75mm,Experiment_2
2025-10-23T02:30:25.479Z,19,779,1475,257,893,1214,4002,3429,12002,2669,2441,6916,Day_1,Dark,Fast,3.75mm,Experiment_2
2025-10-23T02:30:25.519Z,20,782,1478,264,897,1217,4013,3436,12035,2668,2447,6921,Day_1,Dark,Fast,3.75mm,Experiment_2
2025-10-23T02:30:25.559Z,30,782,1486,275,900,1222,4026,3435,12047,2666,2450,6921,Day_1,Dark,Fast,3.75mm,Experiment_2
2025-10-23T02:30:25.599Z,42,785,1489,284,904,1225,4034,3432,12057,2668,2450,6922,Day_1,Dark,Fast,3.75mm,Experiment_2
2025-10-23T02:30:25.639Z,43,789,1485,286,908,1223,4035,3433,12084,2669,2450,6932,Day_1,Dark,Fast,3.75mm,Experiment_2
2025-10-23T02:30:25.679Z,34,789,1478,280,907,1218,4033,3442,12116,2662,2453,6944,Day_1,Dark,Fast,3.75mm,Experiment_2
2025-10-23T02:30:25.719Z,23,787,1472,272,902,1213,4032,3459,12122,2650,2459,6950,Day_1,Dark,Fast,3.75mm,Experiment_2
2025-10-23T02:30:25.759Z,19,785,1468,269,897,1209,4029,3473,12095,2641,2464,6944,Day_1,Dark,Fast,3.75mm,Experiment_2
2025-10-23T02:30:25.799Z,21,779,1465,269,891,1205,4016,3471,12045,2640,2463,6928,Day_1,Dark,Fast,3.75mm,Experiment_2
2025-10-23T02:30:25.839Z,24,773,1463,270,888,1205,3995,3451,11986,2644,2456,6908,Day_1,Dark,Fast,3.75mm,Experiment_2
2025-10-23T02:30:25.879Z,28,772,1469,271,890,1210,3979,3433,11947,2646,2449,6896,Day_1,Dark,Fast,3.75mm,Experiment_2
2025-10-23T02:30:25.919Z,31,777,1480,274,897,1217,3982,3431,11954,2646,2450,6897,Day_1,Dark,Fast,3.75mm,Experiment_2
2025-10-23T02:30:25.959Z,33,785,1488,276,903,1222,3999,3439,11986,2649,2453,6903,Day_1,Dark,Fast,3.75mm,Experiment_2
2025-10-23T02:30:25.999Z,34,790,1488,278,906,1221,4014,3447,12010,2660,2455,6905,Day_1,Dark,Fast,3.75mm,Experiment_2
2025-10-23T02:30:26.039Z,33,791,1479,278,909,1216,4021,3453,12020,2672,2458,6904,Day_1,Dark,Fast,3.75mm,Experiment_2
2025-10-23T02:30:26.079Z,28,790,1469,272,910,1207,4024,3464,12036,2677,2463,6908,Day_1,Dark,Fast,3.75mm,Experiment_2
2025-10-23T02:30:26.119Z,24,790,1464,267,910,1201,4028,3483,12071,2679,2471,6920,Day_1,Dark,Fast,3.75mm,Experiment_2
2025-10-23T02:30:26.159Z,25,790,1464,265,906,1201,4029,3502,12102,2675,2478,6931,Day_1,Dark,Fast,3.75mm,Experiment_2
2025-10-23T02:30:26.199Z,32,788,1468,268,899,1207,4024,3503,12098,2668,2476,6930,Day_1,Dark,Fast,3.75mm,Experiment_2
2025-10-23T02:30:26.239Z,36,788,1473,273,895,1214,4019,3484,12056,2662,2468,6919,Day_1,Dark,Fast,3.75mm,Experiment_2
2025-10-23T02:30:26.279Z,35,788,1472,274,896,1217,4012,3457,12001,2661,2459,6906,Day_1,Dark,Fast,3.75mm,Experiment_2
2025-10-23T02:30:26.319Z,32,788,1466,272,899,1215,4005,3445,11968,2662,2456,6903,Day_1,Dark,Fast,3.75mm,Experiment_2
2025-10-23T02:30:26.359Z,34,785,1463,273,901,1213,4005,3455,11982,2662,2459,6912,Day_1,Dark,Fast,3.75mm,Experiment_2
2025-10-23T02:30:26.399Z,35,778,1462,272,898,1210,4013,3473,12022,2661,2464,6924,Day_1,Dark,Fast,3.75mm,Experiment_2
2025-10-23T02:30:26.439Z,29,776,1458,267,897,1203,4017,3480,12042,2656,2464,6927,Day_1,Dark,Fast,3.75mm,Experiment_2
2025-10-23T02:30:26.479Z,21,788,1455,260,903,1197,4017,3480,12033,2648,2460,6921,Day_1,Dark,Fast,3.75mm,Experiment_2
2025-10-23T02:30:26.519Z,20,808,1461,260,909,1201,4023,3479,12033,2646,2452,6916,Day_1,Dark,Fast,3.75mm,Experiment_2
2025-10-23T02:30:26.559Z,26,825,1472,268,908,1209,4039,3475,12060,2652,2447,6921,Day_1,Dark,Fast,3.75mm,Experiment_2
2025-10-23T02:30:26.599Z,33,828,1480,278,903,1214,4050,3469,12094,2659,2450,6934,Day_1,Dark,Fast,3.75mm,Experiment_2
2025-10-23T02:30:26.639Z,42,817,1477,287,901,1211,4042,3467,12104,2659,2458,6941,Day_1,Dark,Fast,3.75mm,Experiment_2
2025-10-23T02:30:26.679Z,48,800,1467,292,899,1205,4016,3463,12067,2649,2463,6931,Day_1,Dark,Fast,3.75mm,Experiment_2
2025-10-23T02:30:26.719Z,47,787,1460,290,895,1203,3982,3458,11998,2636,2463,6913,Day_1,Dark,Fast,3.75mm,Experiment_2
2025-10-23T02:30:26.759Z,37,781,1459,279,893,1205,3968,3457,11952,2632,2462,6904,Day_1,Dark,Fast,3.75mm,Experiment_2
2025-10-23T02:30:26.799Z,23,779,1463,264,893,1208,3986,3468,11964,2642,2465,6912,Day_1,Dark,Fast,3.75mm,Experiment_2
2025-10-23T02:30:26.839Z,13,779,1468,256,893,1209,4015,3484,12011,2654,2471,6927,Day_1,Dark,Fast,3.75mm,Experiment_2
2025-10-23T02:30:26.879Z,10,779,1468,256,894,1209,4029,3493,12053,2658,2475,6936,Day_1,Dark,Fast,3.75mm,Experiment_2
2025-10-23T02:30:26.919Z,12,780,1465,259,893,1208,4033,3488,12076,2656,2472,6939,Day_1,Dark,Fast,3.75mm,Experiment_2
2025-10-23T02:30:26.959Z,17,779,1464,261,891,1208,4036,3477,12096,2654,2466,6942,Day_1,Dark,Fast,3.75mm,Experiment_2
2025-10-23T02:30:26.999Z,22,774,1469,263,888,1211,4032,3469,12120,2650,2461,6948,Day_1,Dark,Fast,3.75mm,Experiment_2
2025-10-23T02:30:27.039Z,26,770,1477,267,884,1217,4015,3462,12129,2643,2458,6951,Day_1,Dark,Fast,3.75mm,Experiment_2
2025-10-23T02:30:27.079Z,27,771,1483,269,888,1219,3998,3456,12121,2638,2455,6947,Day_1,Dark,Fast,3.75mm,Experiment_2
2025-10-23T02:30:27.119Z,24,777,1479,268,893,1214,3991,3446,12096,2636,2449,6935,Day_1,Dark,Fast,3.75mm,Experiment_2
2025-10-23T02:30:27.159Z,21,781,1468,265,896,1206,3987,3426,12046,2638,2441,6916,Day_1,Dark,Fast,3.75mm,Experiment_2
2025-10-23T02:30:27.199Z,20,789,1460,261,903,1200,3990,3402,11996,2641,2432,6903,Day_1,Dark,Fast,3.75mm,Experiment_2
2025-10-23T02:30:27.239Z,21,801,1460,260,915,1200,4006,3398,11989,2647,2432,6908,Day_1,Dark,Fast,3.75mm,Experiment_2
2025-10-23T02:30:27.279Z,24,808,1464,263,921,1204,4026,3420,12022,2653,2441,6923,Day_1,Dark,Fast,3.75mm,Experiment_2
2025-10-23T02:30:27.319Z,24,808,1469,265,917,1209,4040,3446,12060,2656,2448,6932,Day_1,Dark,Fast,3.75mm,Experiment_2
2025-10-23T02:30:27.359Z,23,804,1472,264,912,1212,4037,3461,12079,2654,2449,6935,Day_1,Dark,Fast,3.75mm,Experiment_2
2025-10-23T02:30:27.399Z,28,797,1473,265,907,1212,4015,3470,12085,2645,2450,6935,Day_1,Dark,Fast,3.75mm,Experiment_2
2025-10-23T02:30:27.439Z,37,790,1477,270,901,1214,3992,3477,12093,2635,2456,6934,Day_1,Dark,Fast,3.75mm,Experiment_2
2025-10-23T02:30:27.479Z,41,785,1487,275,898,1217,3989,3482,12107,2633,2465,6933,Day_1,Dark,Fast,3.75mm,Experiment_2
2025-10-23T02:30:27.519Z,41,786,1496,276,900,1221,4004,3488,12119,2637,2476,6935,Day_1,Dark,Fast,3.75mm,Experiment_2
2025-10-23T02:30:27.559Z,38,787,1498,275,902,1222,4013,3491,12111,2641,2483,6935,Day_1,Dark,Fast,3.75mm,Experiment_2
2025-10-23T02:30:27.599Z,33,778,1495,272,897,1224,4010,3482,12070,2648,2483,6930,Day_1,Dark,Fast,3.75mm,Experiment_2
2025-10-23T02:30:27.639Z,28,765,1491,270,887,1225,4005,3464,12016,2655,2478,6922,Day_1,Dark,Fast,3.75mm,Experiment_2
2025-10-23T02:30:27.679Z,27,758,1487,273,882,1222,4008,3450,11991,2659,2475,6922,Day_1,Dark,Fast,3.75mm,Experiment_2
2025-10-23T02:30:27.719Z,26,761,1483,274,886,1217,4015,3448,12008,2658,2473,6927,Day_1,Dark,Fast,3.75mm,Experiment_2
2025-10-23T02:30:27.759Z,21,771,1482,269,894,1215,4016,3449,12040,2653,2469,6931,Day_1,Dark,Fast,3.75mm,Experiment_2
2025-10-23T02:30:27.799Z,14,779,1482,257,901,1218,4014,3448,12063,2649,2465,6934,Day_1,Dark,Fast,3.75mm,Experiment_2
2025-10-23T02:30:27.839Z,8,786,1481,246,905,1221,4018,3453,12076,2652,2464,6937,Day_1,Dark,Fast,3.75mm,Experiment_2
2025-10-23T02:30:27.879Z,8,787,1480,245,903,1221,4020,3459,12086,2656,2463,6939,Day_1,Dark,Fast,3.75mm,Experiment_2
2025-10-23T02:30:27.919Z,12,782,1478,254,898,1218,4020,3455,12095,2657,2458,6939,Day_1,Dark,Fast,3.75mm,Experiment_2
2025-10-23T02:30:27.959Z,15,775,1477,264,891,1213,4026,3447,12105,2658,2454,6936,Day_1,Dark,Fast,3.75mm,Experiment_2
2025-10-23T02:30:27.999Z,18,772,1475,269,889,1210,4036,3449,12108,2660,2457,6932,Day_1,Dark,Fast,3.75mm,Experiment_2
2025-10-23T02:30:28.039Z,23,774,1471,271,892,1205,4032,3458,12084,2654,2464,6925,Day_1,Dark,Fast,3.75mm,Experiment_2
2025-10-23T02:30:28.079Z,26,779,1465,270,899,1200,4013,3456,12032,2644,2467,6915,Day_1,Dark,Fast,3.75mm,Experiment_2
2025-10-23T02:30:28.119Z,23,785,1459,264,906,1195,3999,3439,11994,2643,2459,6912,Day_1,Dark,Fast,3.75mm,Experiment_2
2025-10-23T02:30:28.159Z,18,788,1457,260,908,1194,3999,3427,11999,2651,2449,6917,Day_1,Dark,Fast,3.75mm,Experiment_2
2025-10-23T02:30:28.199Z,18,784,1456,263,903,1192,4002,3431,12027,2656,2443,6926,Day_1,Dark,Fast,3.75mm,Experiment_2
2025-10-23T02:30:28.239Z,21,778,1454,268,898,1190,4001,3447,12046,2654,2445,6932,Day_1,Dark,Fast,3.75mm,Experiment_2
2025-10-23T02:30:28.279Z,24,774,1454,270,893,1190,3999,3469,12048,2651,2455,6933,Day_1,Dark,Fast,3.75mm,Experiment_2
2025-10-23T02:30:28.319Z,29,774,1456,271,892,1190,4002,3489,12042,2654,2468,6928,Day_1,Dark,Fast,3.75mm,Experiment_2
2025-10-23T02:30:28.359Z,37,784,1454,273,897,1191,4014,3495,12045,2659,2474,6923,Day_1,Dark,Fast,3.75mm,Experiment_2
2025-10-23T02:30:28.399Z,39,795,1454,272,907,1194,4025,3487,12056,2662,2472,6919,Day_1,Dark,Fast,3.75mm,Experiment_2
2025-10-23T02:30:28.439Z,33,799,1459,267,914,1201,4027,3470,12063,2662,2464,6914,Day_1,Dark,Fast,3.75mm,Experiment_2
2025-10-23T02:30:28.479Z,27,796,1463,264,914,1206,4024,3445,12049,2661,2451,6909,Day_1,Dark,Fast,3.75mm,Experiment_2
2025-10-23T02:30:28.519Z,25,790,1459,267,908,1203,4015,3417,12009,2659,2441,6905,Day_1,Dark,Fast,3.75mm,Experiment_2
2025-10-23T02:30:28.559Z,30,781,1453,276,900,1198,4004,3402,11973,2656,2439,6906,Day_1,Dark,Fast,3.75mm,Experiment_2
2025-10-23T02:30:28.599Z,40,776,1453,288,896,1197,3999,3408,11979,2655,2443,6916,Day_1,Dark,Fast,3.75mm,Experiment_2
2025-10-23T02:30:28.639Z,49,775,1459,295,897,1198,4008,3426,12011,2657,2446,6924,Day_1,Dark,Fast,3.75mm,Experiment_2
2025-10-23T02:30:28.679Z,49,781,1466,291,901,1203,4020,3439,12032,2658,2445,6923,Day_1,Dark,Fast,3.75mm,Experiment_2
2025-10-23T02:30:28.719Z,39,790,1474,279,906,1210,4025,3445,12042,2656,2447,6920,Day_1,Dark,Fast,3.75mm,Experiment_2
2025-10-23T02:30:28.759Z,30,791,1479,269,904,1214,4034,3454,12058,2658,2456,6923,Day_1,Dark,Fast,3.75mm,Experiment_2
2025-10-23T02:30:28.799Z,26,779,1481,266,892,1214,4058,3470,12085,2671,2468,6930,Day_1,Dark,Fast,3.75mm,Experiment_2
2025-10-23T02:30:28.839Z,28,768,1483,268,882,1213,4079,3483,12098,2684,2474,6931,Day_1,Dark,Fast,3.75mm,Experiment_2
2025-10-23T02:30:28.879Z,33,765,1485,275,882,1212,4071,3492,12082,2685,2474,6922,Day_1,Dark,Fast,3.75mm,Experiment_2
2025-10-23T02:30:28.919Z,36,767,1482,281,885,1211,4033,3482,12049,2672,2465,6909,Day_1,Dark,Fast,3.75mm,Experiment_2
2025-10-23T02:30:28.959Z,34,770,1475,283,890,1211,3992,3445,12016,2657,2448,6902,Day_1,Dark,Fast,3.75mm,Experiment_2
2025-10-23T02:30:28.999Z,34,778,1472,285,896,1214,3970,3412,12000,2648,2437,6905,Day_1,Dark,Fast,3.75mm,Experiment_2
2025-10-23T02:30:29.039Z,33,787,1476,285,905,1220,3972,3416,12004,2648,2444,6915,Day_1,Dark,Fast,3.75mm,Experiment_2
2025-10-23T02:30:29.079Z,27,798,1481,278,914,1222,3994,3447,12018,2657,2462,6921,Day_1,Dark,Fast,3.75mm,Experiment_2
2025-10-23T02:30:29.119Z,17,811,1483,266,923,1220,4022,3480,12035,2667,2479,6925,Day_1,Dark,Fast,3.75mm,Experiment_2
2025-10-23T02:30:29.159Z,9,821,1481,254,928,1214,4039,3506,12057,2671,2488,6932,Day_1,Dark,Fast,3.75mm,Experiment_2
2025-10-23T02:30:29.199Z,5,819,1475,247,925,1205,4046,3516,12081,2671,2488,6944,Day_1,Dark,Fast,3.75mm,Experiment_2
2025-10-23T02:30:29.239Z,6,806,1467,246,915,1198,4055,3507,12100,2673,2483,6954,Day_1,Dark,Fast,3.75mm,Experiment_2
2025-10-23T02:30:29.279Z,11,791,1465,253,905,1196,4062,3489,12098,2675,2477,6952,Day_1,Dark,Fast,3.75mm,Experiment_2
2025-10-23T02:30:29.319Z,18,783,1468,262,902,1198,4059,3479,12075,2671,2472,6936,Day_1,Dark,Fast,3.75mm,Experiment_2
2025-10-23T02:30:29.359Z,23,784,1471,267,904,1200,4045,3471,12038,2662,2465,6914,Day_1,Dark,Fast,3.75mm,Experiment_2
2025-10-23T02:30:29.399Z,23,791,1472,266,909,1200,4024,3458,11992,2655,2458,6898,Day_1,Dark,Fast,3.75mm,Experiment_2
2025-10-23T02:30:29.440Z,21,799,1469,263,916,1201,4007,3447,11954,2653,2457,6894,Day_1,Dark,Fast,3.75mm,Experiment_2
2025-10-23T02:30:29.480Z,20,802,1468,264,918,1204,4000,3455,11946,2651,2464,6904,Day_1,Dark,Fast,3.75mm,Experiment_2
2025-10-23T02:30:29.520Z,25,799,1470,269,914,1209,4006,3479,11967,2649,2475,6916,Day_1,Dark,Fast,3.75mm,Experiment_2
2025-10-23T02:30:29.560Z,31,794,1472,272,909,1210,4022,3496,12001,2652,2480,6925,Day_1,Dark,Fast,3.75mm,Experiment_2
2025-10-23T02:30:29.600Z,31,789,1471,268,903,1208,4038,3492,12028,2659,2473,6931,Day_1,Dark,Fast,3.75mm,Experiment_2
2025-10-23T02:30:29.640Z,27,786,1470,262,899,1207,4041,3480,12046,2662,2463,6934,Day_1,Dark,Fast,3.75mm,Experiment_2
2025-10-23T02:30:29.680Z,24,786,1470,262,898,1206,4035,3480,12065,2659,2458,6938,Day_1,Dark,Fast,3.75mm,Experiment_2
2025-10-23T02:30:29.720Z,26,785,1470,266,895,1204,4035,3489,12087,2655,2463,6943,Day_1,Dark,Fast,3.75mm,Experiment_2
2025-10-23T02:30:29.760Z,32,783,1468,272,892,1202,4041,3496,12100,2651,2469,6944,Day_1,Dark,Fast,3.75mm,Experiment_2
2025-10-23T02:30:29.800Z,40,784,1464,278,894,1198,4041,3489,12088,2646,2468,6937,Day_1,Dark,Fast,3.75mm,Experiment_2
2025-10-23T02:30:29.840Z,44,786,1460,282,898,1195,4026,3458,12054,2643,2454,6926,Day_1,Dark,Fast,3.75mm,Experiment_2
2025-10-23T02:30:29.880Z,44,783,1459,282,899,1196,4000,3414,12008,2644,2437,6920,Day_1,Dark,Fast,3.75mm,Experiment_2
2025-10-23T02:30:29.920Z,42,777,1462,282,895,1203,3978,3389,11977,2646,2432,6920,Day_1,Dark,Fast,3.75mm,Experiment_2
2025-10-23T02:30:29.960Z,38,771,1465,279,890,1209,3981,3403,11986,2651,2442,6922,Day_1,Dark,Fast,3.75mm,Experiment_2
2025-10-23T02:30:30Z,31,765,1466,273,886,1210,4007,3438,12011,2658,2457,6921,Day_1,Dark,Fast,3.75mm,Experiment_2
2025-10-23T02:30:30.040Z,24,762,1461,268,884,1204,4024,3466,12016,2663,2469,6916,Day_1,Dark,Fast,3.75mm,Experiment_2
2025-10-23T02:30:30.080Z,20,764,1455,267,886,1195,4016,3483,12007,2661,2474,6912,Day_1,Dark,Fast,3.75mm,Experiment_2
2025-10-23T02:30:30.120Z,21,771,1454,267,890,1193,4011,3493,12012,2658,2474,6913,Day_1,Dark,Fast,3.75mm,Experiment_2
2025-10-23T02:30:30.160Z,22,778,1457,266,896,1195,4030,3489,12037,2661,2472,6919,Day_1,Dark,Fast,3.75mm,Experiment_2
2025-10-23T02:30:30.200Z,19,781,1458,263,899,1196,4060,3475,12066,2669,2469,6925,Day_1,Dark,Fast,3.75mm,Experiment_2
2025-10-23T02:30:30.240Z,17,778,1461,262,896,1198,4076,3466,12078,2677,2465,6927,Day_1,Dark,Fast,3.75mm,Experiment_2
2025-10-23T02:30:30.280Z,19,772,1469,267,890,1205,4073,3459,12061,2676,2459,6922,Day_1,Dark,Fast,3.75mm,Experiment_2
2025-10-23T02:30:30.320Z,26,772,1476,276,890,1213,4057,3444,12009,2671,2452,6911,Day_1,Dark,Fast,3.75mm,Experiment_2
2025-10-23T02:30:30.360Z,33,777,1476,283,895,1218,4036,3428,11955,2665,2449,6902,Day_1,Dark,Fast,3.75mm,Experiment_2
2025-10-23T02:30:30.400Z,37,784,1472,284,900,1217,4021,3431,11947,2661,2450,6904,Day_1,Dark,Fast,3.75mm,Experiment_2
2025-10-23T02:30:30.440Z,38,789,1469,284,903,1214,4018,3455,11978,2656,2455,6910,Day_1,Dark,Fast,3.75mm,Experiment_2
2025-10-23T02:30:30.480Z,39,794,1469,286,906,1212,4019,3479,12005,2651,2459,6913,Day_1,Dark,Fast,3.75mm,Experiment_2
2025-10-23T02:30:30.520Z,41,799,1475,289,911,1214,4015,3484,12012,2648,2460,6913,Day_1,Dark,Fast,3.75mm,Experiment_2
2025-10-23T02:30:30.560Z,43,799,1486,291,913,1220,4009,3472,12014,2648,2457,6911,Day_1,Dark,Fast,3.75mm,Experiment_2
2025-10-23T02:30:30.600Z,44,795,1494,292,910,1226,4016,3458,12025,2653,2455,6912,Day_1,Dark,Fast,3.75mm,Experiment_2
2025-10-23T02:30:30.640Z,40,790,1496,290,906,1230,4033,3455,12044,2659,2458,6917,Day_1,Dark,Fast,3.75mm,Experiment_2
2025-10-23T02:30:30.680Z,34,789,1490,283,905,1227,4039,3455,12057,2659,2460,6921,Day_1,Dark,Fast,3.75mm,Experiment_2
2025-10-23T02:30:30.720Z,31,788,1479,277,903,1217,4030,3440,12047,2656,2455,6920,Day_1,Dark,Fast,3.75mm,Experiment_2
2025-10-23T02:30:30.760Z,31,788,1468,273,901,1208,4016,3420,12014,2657,2448,6916,Day_1,Dark,Fast,3.75mm,Experiment_2
2025-10-23T02:30:30.800Z,29,789,1460,268,902,1202,4020,3423,11987,2665,2451,6918,Day_1,Dark,Fast,3.75mm,Experiment_2
2025-10-23T02:30:30.840Z,23,792,1458,262,908,1199,4043,3454,11992,2675,2463,6926,Day_1,Dark,Fast,3.75mm,Experiment_2
2025-10-23T02:30:30.880Z,23,796,1461,263,914,1198,4064,3473,12018,2682,2468,6932,Day_1,Dark,Fast,3.75mm,Experiment_2
2025-10-23T02:30:30.920Z,31,800,1466,272,916,1198,4071,3463,12043,2681,2459,6934,Day_1,Dark,Fast,3.75mm,Experiment_2
2025-10-23T02:30:30.960Z,35,797,1470,279,911,1200,4066,3449,12066,2676,2450,6935,Day_1,Dark,Fast,3.75mm,Experiment_2
2025-10-23T02:30:31Z,28,786,1471,276,899,1201,4057,3458,12096,2670,2457,6938,Day_1,Dark,Fast,3.75mm,Experiment_2
2025-10-23T02:30:31.040Z,19,775,1467,272,890,1199,4053,3479,12122,2670,2472,6939,Day_1,Dark,Fast,3.75mm,Experiment_2
2025-10-23T02:30:31.080Z,18,770,1462,274,889,1199,4055,3487,12121,2674,2478,6934,Day_1,Dark,Fast,3.75mm,Experiment_2
2025-10-23T02:30:31.120Z,21,774,1465,278,892,1206,4059,3475,12090,2678,2469,6923,Day_1,Dark,Fast,3.75mm,Experiment_2
2025-10-23T02:30:31.160Z,22,784,1472,276,899,1213,4054,3455,12044,2674,2455,6912,Day_1,Dark,Fast,3.75mm,Experiment_2
2025-10-23T02:30:31.200Z,21,791,1474,271,906,1215,4034,3438,11993,2666,2447,6902,Day_1,Dark,Fast,3.75mm,Experiment_2
2025-10-23T02:30:31.240Z,22,793,1468,271,908,1209,4015,3432,11964,2662,2450,6905,Day_1,Dark,Fast,3.75mm,Experiment_2
2025-10-23T02:30:31.280Z,24,791,1460,273,906,1200,4010,3439,11978,2666,2460,6918,Day_1,Dark,Fast,3.75mm,Experiment_2
2025-10-23T02:30:31.320Z,24,792,1454,273,905,1193,4020,3449,12010,2670,2468,6927,Day_1,Dark,Fast,3.75mm,Experiment_2
2025-10-23T02:30:31.360Z,24,792,1452,273,905,1190,4037,3451,12034,2670,2470,6928,Day_1,Dark,Fast,3.75mm,Experiment_2
2025-10-23T02:30:31.400Z,23,790,1454,272,904,1192,4051,3451,12049,2666,2469,6929,Day_1,Dark,Fast,3.75mm,Experiment_2
2025-10-23T02:30:31.440Z,26,788,1459,272,904,1199,4062,3460,12066,2662,2474,6934,Day_1,Dark,Fast,3.75mm,Experiment_2
2025-10-23T02:30:31.480Z,33,789,1468,277,905,1208,4074,3479,12088,2665,2482,6943,Day_1,Dark,Fast,3.75mm,Experiment_2
2025-10-23T02:30:31.520Z,39,789,1474,281,903,1214,4083,3492,12103,2673,2481,6944,Day_1,Dark,Fast,3.75mm,Experiment_2
2025-10-23T02:30:31.560Z,40,790,1475,281,902,1213,4077,3494,12102,2674,2473,6938,Day_1,Dark,Fast,3.75mm,Experiment_2
2025-10-23T02:30:31.600Z,37,792,1468,279,904,1208,4061,3488,12087,2668,2467,6931,Day_1,Dark,Fast,3.75mm,Experiment_2
2025-10-23T02:30:31.640Z,32,792,1459,276,905,1203,4047,3478,12053,2666,2465,6924,Day_1,Dark,Fast,3.75mm,Experiment_2
2025-10-23T02:30:31.680Z,25,788,1452,271,904,1201,4042,3470,11996,2673,2466,6910,Day_1,Dark,Fast,3.75mm,Experiment_2
2025-10-23T02:30:31.720Z,19,783,1451,267,902,1203,4043,3468,11952,2684,2467,6898,Day_1,Dark,Fast,3.75mm,Experiment_2
2025-10-23T02:30:31.760Z,19,782,1456,266,900,1206,4044,3468,11957,2689,2464,6898,Day_1,Dark,Fast,3.75mm,Experiment_2
2025-10-23T02:30:31.800Z,21,785,1462,267,898,1208,4039,3456,12001,2682,2455,6911,Day_1,Dark,Fast,3.75mm,Experiment_2
2025-10-23T02:30:31.840Z,24,789,1465,269,899,1208,4029,3439,12043,2671,2449,6925,Day_1,Dark,Fast,3.75mm,Experiment_2
2025-10-23T02:30:31.880Z,27,787,1465,270,898,1204,4023,3436,12070,2663,2452,6931,Day_1,Dark,Fast,3.75mm,Experiment_2
2025-10-23T02:30:31.920Z,25,782,1465,265,897,1202,4030,3444,12096,2661,2458,6935,Day_1,Dark,Fast,3.75mm,Experiment_2
2025-10-23T02:30:31.960Z,21,782,1467,259,898,1203,4045,3447,12123,2664,2459,6941,Day_1,Dark,Fast,3.75mm,Experiment_2
2025-10-23T02:30:32Z,22,787,1469,260,900,1205,4067,3450,12139,2676,2458,6948,Day_1,Dark,Fast,3.75mm,Experiment_2
2025-10-23T02:30:32.040Z,26,788,1468,264,899,1203,4092,3458,12129,2699,2458,6950,Day_1,Dark,Fast,3.75mm,Experiment_2
2025-10-23T02:30:32.080Z,25,783,1466,265,895,1202,4099,3452,12084,2720,2456,6941,Day_1,Dark,Fast,3.75mm,Experiment_2
2025-10-23T02:30:32.120Z,19,776,1468,263,891,1204,4076,3426,12018,2716,2450,6924,Day_1,Dark,Fast,3.75mm,Experiment_2
2025-10-23T02:30:32.160Z,16,773,1474,263,890,1210,4048,3412,11968,2691,2449,6910,Day_1,Dark,Fast,3.75mm,Experiment_2
2025-10-23T02:30:32.200Z,18,773,1479,266,893,1216,4041,3440,11964,2671,2464,6908,Day_1,Dark,Fast,3.75mm,Experiment_2
2025-10-23T02:30:32.240Z,22,774,1478,268,894,1217,4053,3493,11983,2669,2486,6912,Day_1,Dark,Fast,3.75mm,Experiment_2
2025-10-23T02:30:32.280Z,26,773,1473,268,893,1215,4061,3526,11984,2671,2498,6910,Day_1,Dark,Fast,3.75mm,Experiment_2
2025-10-23T02:30:32.320Z,26,773,1467,266,892,1210,4050,3522,11972,2670,2492,6903,Day_1,Dark,Fast,3.75mm,Experiment_2
2025-10-23T02:30:32.360Z,23,778,1462,265,894,1204,4027,3502,11984,2663,2478,6903,Day_1,Dark,Fast,3.75mm,Experiment_2
2025-10-23T02:30:32.400Z,19,786,1458,266,897,1199,4010,3497,12020,2656,2468,6910,Day_1,Dark,Fast,3.75mm,Experiment_2
2025-10-23T02:30:32.440Z,20,792,1459,269,899,1197,4012,3508,12057,2653,2466,6920,Day_1,Dark,Fast,3.75mm,Experiment_2
2025-10-23T02:30:32.480Z,23,789,1460,271,897,1198,4032,3514,12078,2657,2467,6926,Day_1,Dark,Fast,3.75mm,Experiment_2
2025-10-23T02:30:32.520Z,27,778,1459,273,892,1197,4053,3496,12073,2665,2460,6925,Day_1,Dark,Fast,3.75mm,Experiment_2
2025-10-23T02:30:32.560Z,29,770,1458,275,889,1196,4048,3455,12030,2667,2446,6914,Day_1,Dark,Fast,3.75mm,Experiment_2
2025-10-23T02:30:32.600Z,26,768,1460,272,888,1198,4020,3425,11977,2662,2437,6905,Day_1,Dark,Fast,3.75mm,Experiment_2
2025-10-23T02:30:32.640Z,18,773,1466,265,891,1203,3997,3427,11964,2654,2442,6908,Day_1,Dark,Fast,3.75mm,Experiment_2
2025-10-23T02:30:32.680Z,12,780,1469,259,899,1207,4000,3443,11986,2648,2451,6917,Day_1,Dark,Fast,3.75mm,Experiment_2
2025-10-23T02:30:32.720Z,11,789,1468,257,910,1206,4020,3450,12004,2649,2456,6919,Day_1,Dark,Fast,3.75mm,Experiment_2
2025-10-23T02:30:32.760Z,11,795,1467,257,914,1205,4038,3456,12010,2656,2457,6915,Day_1,Dark,Fast,3.75mm,Experiment_2
2025-10-23T02:30:32.800Z,10,796,1468,256,911,1207,4045,3474,12028,2663,2463,6918,Day_1,Dark,Fast,3.75mm,Experiment_2
2025-10-23T02:30:32.840Z,8,791,1470,253,905,1209,4043,3494,12066,2665,2472,6929,Day_1,Dark,Fast,3.75mm,Experiment_2
2025-10-23T02:30:32.880Z,6,787,1474,251,901,1213,4039,3502,12097,2660,2478,6938,Day_1,Dark,Fast,3.75mm,Experiment_2
2025-10-23T02:30:32.920Z,7,785,1479,252,903,1215,4036,3496,12099,2654,2478,6938,Day_1,Dark,Fast,3.75mm,Experiment_2
2025-10-23T02:30:32.960Z,10,788,1480,255,908,1215,4037,3477,12068,2655,2469,6928,Day_1,Dark,Fast,3.75mm,Experiment_2
2025-10-23T02:30:33Z,14,791,1480,260,913,1218,4037,3442,12018,2663,2453,6915,Day_1,Dark,Fast,3.75mm,Experiment_2
2025-10-23T02:30:33.040Z,22,793,1482,266,915,1222,4039,3413,11977,2674,2439,6907,Day_1,Dark,Fast,3.75mm,Experiment_2
2025-10-23T02:30:33.080Z,33,793,1487,275,912,1225,4056,3413,11975,2689,2442,6907,Day_1,Dark,Fast,3.75mm,Experiment_2
2025-10-23T02:30:33.120Z,44,789,1491,284,904,1225,4083,3433,12001,2700,2454,6912,Day_1,Dark,Fast,3.75mm,Experiment_2
2025-10-23T02:30:33.160Z,46,785,1489,287,896,1222,4094,3448,12030,2698,2461,6920,Day_1,Dark,Fast,3.75mm,Experiment_2
2025-10-23T02:30:33.200Z,41,785,1483,284,896,1217,4083,3450,12054,2686,2462,6931,Day_1,Dark,Fast,3.75mm,Experiment_2
2025-10-23T02:30:33.240Z,33,787,1477,278,900,1211,4067,3449,12078,2675,2460,6943,Day_1,Dark,Fast,3.75mm,Experiment_2
2025-10-23T02:30:33.280Z,29,788,1469,275,903,1202,4062,3454,12105,2673,2459,6950,Day_1,Dark,Fast,3.75mm,Experiment_2
2025-10-23T02:30:33.320Z,28,788,1458,271,901,1191,4070,3465,12123,2680,2458,6949,Day_1,Dark,Fast,3.75mm,Experiment_2
2025-10-23T02:30:33.360Z,28,787,1452,267,898,1185,4082,3468,12113,2687,2457,6938,Day_1,Dark,Fast,3.75mm,Experiment_2
2025-10-23T02:30:33.400Z,27,785,1453,262,897,1186,4085,3449,12069,2688,2450,6920,Day_1,Dark,Fast,3.75mm,Experiment_2
2025-10-23T02:30:33.440Z,26,780,1455,263,894,1189,4067,3414,12004,2682,2439,6903,Day_1,Dark,Fast,3.75mm,Experiment_2
2025-10-23T02:30:33.480Z,27,774,1456,268,890,1191,4037,3384,11953,2676,2428,6893,Day_1,Dark,Fast,3.75mm,Experiment_2
2025-10-23T02:30:33.520Z,31,771,1458,275,889,1196,4023,3377,11950,2674,2425,6896,Day_1,Dark,Fast,3.75mm,Experiment_2
2025-10-23T02:30:33.560Z,35,770,1460,279,891,1200,4035,3394,11987,2677,2431,6910,Day_1,Dark,Fast,3.75mm,Experiment_2
2025-10-23T02:30:33.600Z,32,771,1462,277,892,1203,4057,3418,12026,2686,2443,6922,Day_1,Dark,Fast,3.75mm,Experiment_2
2025-10-23T02:30:33.640Z,26,774,1464,272,894,1204,4069,3439,12045,2692,2454,6926,Day_1,Dark,Fast,3.75mm,Experiment_2
2025-10-23T02:30:33.680Z,23,778,1466,270,899,1203,4074,3457,12055,2692,2464,6926,Day_1,Dark,Fast,3.75mm,Experiment_2
2025-10-23T02:30:33.720Z,26,779,1466,270,901,1201,4080,3468,12076,2687,2467,6930,Day_1,Dark,Fast,3.75mm,Experiment_2
2025-10-23T02:30:33.761Z,30,776,1464,272,897,1200,4090,3472,12105,2680,2464,6935,Day_1,Dark,Fast,3.75mm,Experiment_2
2025-10-23T02:30:33.801Z,33,771,1463,273,889,1200,4098,3470,12121,2674,2461,6938,Day_1,Dark,Fast,3.75mm,Experiment_2
2025-10-23T02:30:33.841Z,32,766,1461,274,883,1199,4095,3469,12111,2669,2461,6935,Day_1,Dark,Fast,3.75mm,Experiment_2
2025-10-23T02:30:33.881Z,30,764,1457,273,880,1197,4071,3457,12071,2663,2459,6929,Day_1,Dark,Fast,3.75mm,Experiment_2
2025-10-23T02:30:33.921Z,25,767,1451,270,882,1194,4025,3433,12011,2651,2452,6920,Day_1,Dark,Fast,3.75mm,Experiment_2
2025-10-23T02:30:33.961Z,17,772,1447,265,886,1191,3978,3413,11970,2639,2445,6912,Day_1,Dark,Fast,3.75mm,Experiment_2
2025-10-23T02:30:34.001Z,11,771,1446,260,887,1189,3954,3414,11988,2633,2445,6916,Day_1,Dark,Fast,3.75mm,Experiment_2
2025-10-23T02:30:34.041Z,11,765,1452,260,884,1193,3958,3431,12038,2637,2454,6928,Day_1,Dark,Fast,3.75mm,Experiment_2
2025-10-23T02:30:34.081Z,16,760,1466,265,882,1203,3977,3455,12063,2646,2466,6932,Day_1,Dark,Fast,3.75mm,Experiment_2
2025-10-23T02:30:34.121Z,26,761,1476,273,885,1210,3996,3466,12059,2653,2470,6930,Day_1,Dark,Fast,3.75mm,Experiment_2
2025-10-23T02:30:34.161Z,33,766,1475,276,889,1210,4011,3460,12059,2658,2463,6933,Day_1,Dark,Fast,3.75mm,Experiment_2
2025-10-23T02:30:34.201Z,30,768,1470,269,888,1207,4028,3452,12073,2661,2457,6938,Day_1,Dark,Fast,3.75mm,Experiment_2
2025-10-23T02:30:34.241Z,25,765,1466,260,883,1204,4048,3448,12087,2666,2454,6938,Day_1,Dark,Fast,3.75mm,Experiment_2
2025-10-23T02:30:34.281Z,26,762,1462,258,879,1200,4061,3447,12085,2670,2454,6931,Day_1,Dark,Fast,3.75mm,Experiment_2
2025-10-23T02:30:34.321Z,33,766,1461,265,882,1198,4055,3440,12061,2668,2452,6920,Day_1,Dark,Fast,3.75mm,Experiment_2
2025-10-23T02:30:34.361Z,43,772,1462,276,888,1201,4034,3424,12020,2661,2447,6910,Day_1,Dark,Fast,3.75mm,Experiment_2
2025-10-23T02:30:34.401Z,44,779,1461,282,896,1203,4015,3412,11981,2657,2443,6903,Day_1,Dark,Fast,3.75mm,Experiment_2
2025-10-23T02:30:34.441Z,37,782,1455,279,901,1199,4009,3415,11973,2657,2444,6900,Day_1,Dark,Fast,3.75mm,Experiment_2
2025-10-23T02:30:34.481Z,33,778,1448,278,897,1193,4012,3429,11989,2659,2446,6903,Day_1,Dark,Fast,3.75mm,Experiment_2
2025-10-23T02:30:34.521Z,37,773,1446,283,889,1193,4009,3441,12004,2656,2448,6905,Day_1,Dark,Fast,3.75mm,Experiment_2
2025-10-23T02:30:34.561Z,43,774,1450,287,888,1200,3998,3454,12004,2651,2452,6901,Day_1,Dark,Fast,3.75mm,Experiment_2
2025-10-23T02:30:34.601Z,45,777,1455,289,891,1205,3990,3474,12004,2648,2463,6898,Day_1,Dark,Fast,3.75mm,Experiment_2
2025-10-23T02:30:34.641Z,44,775,1457,287,895,1203,3991,3491,12026,2646,2473,6907,Day_1,Dark,Fast,3.75mm,Experiment_2
2025-10-23T02:30:34.681Z,43,773,1460,283,897,1200,4001,3495,12059,2643,2474,6924,Day_1,Dark,Fast,3.75mm,Experiment_2
2025-10-23T02:30:34.721Z,38,772,1465,277,897,1200,4013,3494,12069,2645,2473,6932,Day_1,Dark,Fast,3.75mm,Experiment_2
2025-10-23T02:30:34.761Z,34,771,1466,274,894,1200,4012,3495,12039,2650,2474,6924,Day_1,Dark,Fast,3.75mm,Experiment_2
2025-10-23T02:30:34.801Z,33,774,1461,277,894,1198,3997,3488,11984,2656,2472,6909,Day_1,Dark,Fast,3.75mm,Experiment_2
2025-10-23T02:30:34.841Z,31,784,1455,278,900,1194,3977,3471,11946,2659,2464,6901,Day_1,Dark,Fast,3.75mm,Experiment_2
2025-10-23T02:30:34.881Z,28,788,1453,275,902,1195,3965,3457,11953,2657,2458,6906,Day_1,Dark,Fast,3.75mm,Experiment_2
2025-10-23T02:30:34.921Z,26,779,1458,268,892,1201,3971,3448,11988,2653,2453,6915,Day_1,Dark,Fast,3.75mm,Experiment_2
2025-10-23T02:30:34.961Z,24,766,1466,262,880,1208,3997,3442,12024,2655,2448,6922,Day_1,Dark,Fast,3.75mm,Experiment_2
2025-10-23T02:30:35.001Z,26,763,1474,263,878,1213,4022,3441,12052,2661,2450,6927,Day_1,Dark,Fast,3.75mm,Experiment_2
2025-10-23T02:30:35.041Z,31,770,1482,271,885,1217,4031,3446,12078,2663,2459,6933,Day_1,Dark,Fast,3.75mm,Experiment_2
2025-10-23T02:30:35.081Z,36,777,1487,281,895,1221,4028,3453,12107,2660,2463,6939,Day_1,Dark,Fast,3.75mm,Experiment_2
2025-10-23T02:30:35.121Z,35,779,1486,284,899,1221,4019,3450,12130,2656,2455,6944,Day_1,Dark,Fast,3.75mm,Experiment_2
2025-10-23T02:30:35.161Z,27,778,1478,276,895,1214,4016,3436,12140,2654,2442,6943,Day_1,Dark,Fast,3.75mm,Experiment_2
2025-10-23T02:30:35.201Z,18,774,1469,263,888,1205,4026,3425,12118,2655,2436,6935,Day_1,Dark,Fast,3.75mm,Experiment_2
2025-10-23T02:30:35.241Z,13,769,1461,253,881,1198,4032,3423,12056,2657,2440,6918,Day_1,Dark,Fast,3.75mm,Experiment_2
2025-10-23T02:30:35.281Z,15,767,1458,253,881,1194,4024,3427,11987,2656,2447,6903,Day_1,Dark,Fast,3.75mm,Experiment_2
2025-10-23T02:30:35.321Z,22,774,1457,264,889,1193,4017,3443,11960,2655,2454,6902,Day_1,Dark,Fast,3.75mm,Experiment_2
2025-10-23T02:30:35.361Z,25,785,1458,271,901,1194,4017,3467,11985,2657,2462,6913,Day_1,Dark,Fast,3.75mm,Experiment_2
2025-10-23T02:30:35.401Z,22,793,1460,269,908,1198,4016,3485,12027,2658,2466,6921,Day_1,Dark,Fast,3.75mm,Experiment_2
2025-10-23T02:30:35.441Z,21,795,1460,265,909,1200,4016,3485,12055,2659,2464,6923,Day_1,Dark,Fast,3.75mm,Experiment_2
2025-10-23T02:30:35.481Z,22,793,1460,263,909,1199,4018,3470,12069,2658,2457,6925,Day_1,Dark,Fast,3.75mm,Experiment_2
2025-10-23T02:30:35.521Z,23,787,1459,264,906,1198,4023,3457,12081,2654,2451,6927,Day_1,Dark,Fast,3.75mm,Experiment_2
2025-10-23T02:30:35.561Z,24,778,1463,269,896,1200,4036,3459,12086,2654,2451,6923,Day_1,Dark,Fast,3.75mm,Experiment_2
2025-10-23T02:30:35.601Z,28,774,1470,276,889,1204,4055,3469,12077,2660,2457,6918,Day_1,Dark,Fast,3.75mm,Experiment_2
2025-10-23T02:30:35.641Z,31,783,1479,279,893,1208,4068,3474,12058,2663,2460,6917,Day_1,Dark,Fast,3.75mm,Experiment_2
2025-10-23T02:30:35.681Z,30,798,1484,278,905,1211,4065,3464,12030,2660,2460,6918,Day_1,Dark,Fast,3.75mm,Experiment_2
2025-10-23T02:30:35.721Z,30,805,1483,276,914,1212,4044,3448,11997,2654,2458,6917,Day_1,Dark,Fast,3.75mm,Experiment_2
2025-10-23T02:30:35.761Z,33,803,1477,276,917,1211,4013,3440,11977,2650,2460,6915,Day_1,Dark,Fast,3.75mm,Experiment_2
2025-10-23T02:30:35.801Z,38,798,1473,277,916,1208,4000,3445,11987,2655,2462,6914,Day_1,Dark,Fast,3.75mm,Experiment_2
2025-10-23T02:30:35.841Z,38,796,1474,276,915,1208,4009,3450,12013,2664,2461,6915,Day_1,Dark,Fast,3.75mm,Experiment_2
2025-10-23T02:30:35.881Z,32,798,1481,269,917,1213,4015,3451,12023,2664,2458,6916,Day_1,Dark,Fast,3.75mm,Experiment_2
2025-10-23T02:30:35.921Z,28,798,1483,263,918,1215,4020,3453,12015,2660,2455,6912,Day_1,Dark,Fast,3.75mm,Experiment_2
2025-10-23T02:30:35.961Z,29,790,1478,263,909,1213,4033,3457,12015,2659,2452,6907,Day_1,Dark,Fast,3.75mm,Experiment_2
2025-10-23T02:30:36.001Z,32,778,1475,263,894,1212,4042,3463,12039,2657,2450,6909,Day_1,Dark,Fast,3.75mm,Experiment_2
2025-10-23T02:30:36.041Z,34,772,1474,263,885,1212,4034,3472,12073,2649,2455,6919,Day_1,Dark,Fast,3.75mm,Experiment_2
2025-10-23T02:30:36.081Z,35,777,1472,269,888,1209,4019,3481,12091,2639,2462,6928,Day_1,Dark,Fast,3.75mm,Experiment_2
2025-10-23T02:30:36.121Z,32,792,1466,274,901,1203,4015,3481,12074,2635,2464,6930,Day_1,Dark,Fast,3.75mm,Experiment_2
2025-10-23T02:30:36.161Z,27,809,1461,274,916,1199,4018,3469,12030,2639,2459,6928,Day_1,Dark,Fast,3.75mm,Experiment_2
2025-10-23T02:30:36.201Z,25,812,1460,273,922,1202,4020,3450,11995,2645,2452,6926,Day_1,Dark,Fast,3.75mm,Experiment_2
2025-10-23T02:30:36.241Z,29,799,1463,274,913,1208,4028,3443,11992,2652,2449,6923,Day_1,Dark,Fast,3.75mm,Experiment_2
2025-10-23T02:30:36.281Z,38,784,1464,281,900,1211,4035,3451,12007,2655,2452,6919,Day_1,Dark,Fast,3.75mm,Experiment_2
2025-10-23T02:30:36.321Z,45,775,1464,286,894,1210,4035,3459,12013,2656,2455,6914,Day_1,Dark,Fast,3.75mm,Experiment_2
2025-10-23T02:30:36.361Z,42,772,1464,282,892,1207,4036,3449,12010,2659,2449,6911,Day_1,Dark,Fast,3.75mm,Experiment_2
2025-10-23T02:30:36.401Z,33,772,1465,276,891,1205,4030,3428,12017,2656,2437,6914,Day_1,Dark,Fast,3.75mm,Experiment_2
2025-10-23T02:30:36.441Z,30,779,1471,279,895,1206,4017,3420,12039,2648,2433,6924,Day_1,Dark,Fast,3.75mm,Experiment_2
2025-10-23T02:30:36.481Z,33,788,1481,286,900,1212,4015,3433,12059,2645,2440,6932,Day_1,Dark,Fast,3.75mm,Experiment_2
2025-10-23T02:30:36.521Z,32,794,1485,285,903,1214,4028,3450,12058,2650,2451,6931,Day_1,Dark,Fast,3.75mm,Experiment_2
2025-10-23T02:30:36.561Z,26,793,1478,279,903,1210,4031,3453,12025,2655,2455,6919,Day_1,Dark,Fast,3.75mm,Experiment_2
2025-10-23T02:30:36.601Z,20,787,1468,270,900,1206,4012,3440,11967,2655,2450,6901,Day_1,Dark,Fast,3.75mm,Experiment_2
2025-10-23T02:30:36.641Z,15,779,1462,263,894,1205,3989,3434,11922,2654,2446,6889,Day_1,Dark,Fast,3.75mm,Experiment_2
2025-10-23T02:30:36.681Z,15,774,1461,259,889,1207,3987,3450,11933,2656,2450,6895,Day_1,Dark,Fast,3.75mm,Experiment_2
2025-10-23T02:30:36.721Z,20,776,1465,263,890,1210,4000,3473,11978,2658,2460,6908,Day_1,Dark,Fast,3.75mm,Experiment_2
2025-10-23T02:30:36.761Z,25,777,1470,270,891,1213,4007,3475,12011,2656,2467,6914,Day_1,Dark,Fast,3.75mm,Experiment_2
2025-10-23T02:30:36.801Z,25,777,1473,273,890,1215,4009,3462,12022,2656,2466,6912,Day_1,Dark,Fast,3.75mm,Experiment_2
2025-10-23T02:30:36.841Z,24,776,1472,272,891,1214,4023,3452,12034,2663,2462,6913,Day_1,Dark,Fast,3.75mm,Experiment_2
2025-10-23T02:30:36.881Z,22,773,1469,269,889,1211,4046,3447,12058,2673,2457,6923,Day_1,Dark,Fast,3.75mm,Experiment_2
2025-10-23T02:30:36.921Z,20,767,1467,264,884,1207,4058,3444,12082,2674,2454,6934,Day_1,Dark,Fast,3.75mm,Experiment_2
2025-10-23T02:30:36.961Z,19,763,1464,262,880,1202,4046,3444,12092,2663,2451,6940,Day_1,Dark,Fast,3.75mm,Experiment_2
2025-10-23T02:30:37.001Z,23,765,1463,265,881,1200,4013,3439,12072,2645,2446,6933,Day_1,Dark,Fast,3.75mm,Experiment_2
2025-10-23T02:30:37.041Z,28,770,1466,271,888,1206,3982,3424,12017,2631,2440,6917,Day_1,Dark,Fast,3.75mm,Experiment_2
2025-10-23T02:30:37.081Z,31,779,1474,276,897,1214,3975,3417,11970,2632,2442,6906,Day_1,Dark,Fast,3.75mm,Experiment_2
2025-10-23T02:30:37.121Z,32,787,1479,279,905,1218,3993,3433,11974,2642,2454,6911,Day_1,Dark,Fast,3.75mm,Experiment_2
2025-10-23T02:30:37.161Z,32,789,1479,278,904,1216,4022,3464,12013,2651,2471,6924,Day_1,Dark,Fast,3.75mm,Experiment_2
2025-10-23T02:30:37.201Z,32,786,1475,276,898,1215,4051,3486,12045,2656,2479,6933,Day_1,Dark,Fast,3.75mm,Experiment_2
2025-10-23T02:30:37.241Z,33,784,1474,275,893,1218,4073,3486,12054,2662,2476,6933,Day_1,Dark,Fast,3.75mm,Experiment_2
2025-10-23T02:30:37.281Z,35,785,1474,274,893,1220,4085,3475,12060,2671,2470,6932,Day_1,Dark,Fast,3.75mm,Experiment_2
2025-10-23T02:30:37.321Z,36,784,1469,276,893,1215,4083,3464,12080,2675,2464,6933,Day_1,Dark,Fast,3.75mm,Experiment_2
2025-10-23T02:30:37.361Z,41,780,1463,280,891,1207,4073,3450,12100,2672,2454,6934,Day_1,Dark,Fast,3.75mm,Experiment_2
2025-10-23T02:30:37.401Z,42,777,1463,282,889,1202,4072,3435,12103,2671,2446,6932,Day_1,Dark,Fast,3.75mm,Experiment_2
2025-10-23T02:30:37.441Z,36,778,1466,276,890,1201,4081,3424,12083,2674,2443,6927,Day_1,Dark,Fast,3.75mm,Experiment_2
2025-10-23T02:30:37.481Z,29,784,1465,271,894,1199,4067,3417,12043,2669,2444,6922,Day_1,Dark,Fast,3.75mm,Experiment_2
2025-10-23T02:30:37.521Z,22,791,1460,269,902,1194,4023,3412,12002,2652,2442,6918,Day_1,Dark,Fast,3.75mm,Experiment_2
2025-10-23T02:30:37.561Z,18,793,1455,269,906,1190,3990,3418,11987,2638,2442,6917,Day_1,Dark,Fast,3.75mm,Experiment_2
2025-10-23T02:30:37.601Z,19,789,1458,270,904,1193,3996,3439,12000,2640,2447,6918,Day_1,Dark,Fast,3.75mm,Experiment_2
2025-10-23T02:30:37.641Z,24,784,1466,273,900,1202,4020,3468,12030,2650,2455,6924,Day_1,Dark,Fast,3.75mm,Experiment_2
2025-10-23T02:30:37.681Z,28,784,1474,274,900,1211,4033,3498,12060,2656,2465,6932,Day_1,Dark,Fast,3.75mm,Experiment_2
2025-10-23T02:30:37.721Z,25,787,1479,272,903,1215,4026,3513,12079,2655,2471,6936,Day_1,Dark,Fast,3.75mm,Experiment_2
2025-10-23T02:30:37.761Z,21,787,1480,267,903,1214,4016,3506,12087,2653,2471,6935,Day_1,Dark,Fast,3.75mm,Experiment_2
2025-10-23T02:30:37.801Z,21,783,1479,264,900,1212,4021,3489,12089,2657,2468,6930,Day_1,Dark,Fast,3.75mm,Experiment_2
2025-10-23T02:30:37.841Z,22,778,1477,263,895,1209,4037,3476,12087,2663,2466,6928,Day_1,Dark,Fast,3.75mm,Experiment_2
2025-10-23T02:30:37.881Z,21,775,1471,261,891,1206,4047,3462,12077,2663,2463,6927,Day_1,Dark,Fast,3.75mm,Experiment_2
2025-10-23T02:30:37.921Z,19,776,1466,260,892,1204,4049,3439,12047,2663,2456,6922,Day_1,Dark,Fast,3.75mm,Experiment_2
2025-10-23T02:30:37.961Z,20,783,1465,264,898,1204,4047,3417,12001,2666,2450,6911,Day_1,Dark,Fast,3.75mm,Experiment_2
2025-10-23T02:30:38.001Z,28,790,1464,271,907,1202,4037,3410,11977,2666,2450,6906,Day_1,Dark,Fast,3.75mm,Experiment_2
2025-10-23T02:30:38.041Z,33,793,1463,275,911,1200,4020,3418,11994,2660,2452,6910,Day_1,Dark,Fast,3.75mm,Experiment_2
2025-10-23T02:30:38.082Z,31,793,1462,274,913,1199,4004,3434,12026,2651,2455,6919,Day_1,Dark,Fast,3.75mm,Experiment_2
2025-10-23T02:30:38.122Z,29,797,1460,274,915,1200,3999,3451,12041,2649,2458,6921,Day_1,Dark,Fast,3.75mm,Experiment_2
2025-10-23T02:30:38.162Z,30,800,1460,275,914,1203,4007,3463,12041,2653,2462,6918,Day_1,Dark,Fast,3.75mm,Experiment_2
2025-10-23T02:30:38.202Z,30,791,1465,277,904,1207,4024,3470,12049,2661,2468,6919,Day_1,Dark,Fast,3.75mm,Experiment_2
2025-10-23T02:30:38.242Z,28,781,1472,276,896,1210,4041,3471,12073,2667,2471,6925,Day_1,Dark,Fast,3.75mm,Experiment_2
2025-10-23T02:30:38.282Z,24,778,1476,275,896,1209,4055,3466,12094,2672,2471,6931,Day_1,Dark,Fast,3.75mm,Experiment_2
2025-10-23T02:30:38.322Z,21,782,1475,273,902,1208,4061,3461,12092,2676,2467,6931,Day_1,Dark,Fast,3.75mm,Experiment_2
2025-10-23T02:30:38.362Z,20,787,1474,272,908,1208,4054,3451,12060,2675,2459,6924,Day_1,Dark,Fast,3.75mm,Experiment_2
2025-10-23T02:30:38.402Z,25,793,1471,274,912,1208,4028,3432,12003,2664,2449,6910,Day_1,Dark,Fast,3.75mm,Experiment_2
2025-10-23T02:30:38.442Z,35,800,1469,280,917,1207,3998,3414,11955,2650,2439,6899,Day_1,Dark,Fast,3.75mm,Experiment_2
2025-10-23T02:30:38.482Z,39,806,1474,282,919,1211,3983,3405,11948,2642,2432,6897,Day_1,Dark,Fast,3.75mm,Experiment_2
2025-10-23T02:30:38.522Z,32,804,1484,275,916,1217,3979,3407,11965,2636,2432,6899,Day_1,Dark,Fast,3.75mm,Experiment_2
2025-10-23T02:30:38.562Z,21,795,1490,264,908,1221,3973,3417,11973,2628,2441,6898,Day_1,Dark,Fast,3.75mm,Experiment_2
2025-10-23T02:30:38.602Z,15,787,1494,258,901,1221,3971,3428,11975,2626,2450,6897,Day_1,Dark,Fast,3.75mm,Experiment_2
2025-10-23T02:30:38.642Z,13,782,1497,258,898,1223,3989,3433,11986,2637,2452,6897,Day_1,Dark,Fast,3.75mm,Experiment_2
2025-10-23T02:30:38.682Z,12,781,1498,260,897,1226,4020,3435,12011,2653,2451,6901,Day_1,Dark,Fast,3.75mm,Experiment_2
2025-10-23T02:30:38.722Z,15,781,1500,264,899,1228,4043,3445,12047,2662,2451,6911,Day_1,Dark,Fast,3.75mm,Experiment_2
2025-10-23T02:30:38.762Z,20,783,1495,268,901,1225,4048,3463,12071,2660,2456,6924,Day_1,Dark,Fast,3.75mm,Experiment_2
2025-10-23T02:30:38.802Z,25,788,1482,272,904,1213,4035,3473,12057,2654,2461,6928,Day_1,Dark,Fast,3.75mm,Experiment_2
2025-10-23T02:30:38.842Z,26,791,1470,275,904,1203,4013,3465,12007,2650,2464,6920,Day_1,Dark,Fast,3.75mm,Experiment_2
2025-10-23T02:30:38.882Z,23,788,1467,276,901,1200,4001,3448,11954,2651,2462,6905,Day_1,Dark,Fast,3.75mm,Experiment_2
2025-10-23T02:30:38.922Z,22,781,1470,277,897,1202,4009,3438,11942,2656,2459,6897,Day_1,Dark,Fast,3.75mm,Experiment_2
2025-10-23T02:30:38.962Z,26,776,1473,280,893,1205,4027,3436,11969,2659,2455,6898,Day_1,Dark,Fast,3.75mm,Experiment_2
2025-10-23T02:30:39.002Z,35,778,1476,283,895,1206,4042,3436,12008,2661,2453,6907,Day_1,Dark,Fast,3.75mm,Experiment_2
2025-10-23T02:30:39.042Z,41,782,1478,284,898,1209,4043,3434,12040,2661,2456,6917,Day_1,Dark,Fast,3.75mm,Experiment_2
2025-10-23T02:30:39.082Z,41,779,1476,280,897,1210,4040,3440,12064,2660,2461,6926,Day_1,Dark,Fast,3.75mm,Experiment_2
2025-10-23T02:30:39.122Z,35,772,1471,273,893,1210,4045,3459,12079,2661,2468,6929,Day_1,Dark,Fast,3.75mm,Experiment_2
2025-10-23T02:30:39.162Z,32,769,1466,271,890,1208,4053,3478,12075,2664,2474,6923,Day_1,Dark,Fast,3.75mm,Experiment_2
2025-10-23T02:30:39.202Z,37,771,1462,277,890,1204,4055,3483,12055,2667,2476,6914,Day_1,Dark,Fast,3.75mm,Experiment_2
2025-10-23T02:30:39.242Z,43,776,1459,285,891,1202,4056,3468,12027,2668,2471,6908,Day_1,Dark,Fast,3.75mm,Experiment_2
2025-10-23T02:30:39.282Z,41,781,1456,285,894,1202,4049,3441,11990,2663,2463,6903,Day_1,Dark,Fast,3.75mm,Experiment_2
2025-10-23T02:30:39.322Z,32,782,1455,278,897,1204,4031,3423,11965,2655,2457,6905,Day_1,Dark,Fast,3.75mm,Experiment_2
2025-10-23T02:30:39.362Z,25,778,1459,272,895,1208,4011,3428,11988,2649,2456,6919,Day_1,Dark,Fast,3.75mm,Experiment_2
2025-10-23T02:30:39.402Z,24,771,1464,270,888,1209,4009,3447,12043,2646,2461,6938,Day_1,Dark,Fast,3.75mm,Experiment_2
2025-10-23T02:30:39.442Z,25,767,1467,269,882,1209,4028,3460,12084,2649,2463,6945,Day_1,Dark,Fast,3.75mm,Experiment_2
2025-10-23T02:30:39.482Z,27,767,1469,267,879,1209,4047,3461,12098,2655,2459,6940,Day_1,Dark,Fast,3.75mm,Experiment_2
2025-10-23T02:30:39.522Z,34,770,1466,270,878,1205,4048,3462,12106,2659,2457,6936,Day_1,Dark,Fast,3.75mm,Experiment_2
2025-10-23T02:30:39.562Z,44,773,1461,281,880,1202,4039,3467,12126,2659,2461,6942,Day_1,Dark,Fast,3.75mm,Experiment_2
2025-10-23T02:30:39.602Z,49,779,1462,289,888,1205,4034,3467,12148,2658,2462,6950,Day_1,Dark,Fast,3.75mm,Experiment_2
2025-10-23T02:30:39.642Z,43,788,1471,286,901,1209,4037,3460,12143,2655,2460,6947,Day_1,Dark,Fast,3.75mm,Experiment_2
2025-10-23T02:30:39.682Z,34,794,1479,279,911,1209,4035,3451,12094,2651,2457,6930,Day_1,Dark,Fast,3.75mm,Experiment_2
2025-10-23T02:30:39.722Z,29,790,1478,276,910,1206,4024,3439,12021,2647,2451,6912,Day_1,Dark,Fast,3.75mm,Experiment_2
2025-10-23T02:30:39.762Z,34,780,1473,281,901,1205,4010,3421,11965,2648,2445,6905,Day_1,Dark,Fast,3.75mm,Experiment_2
2025-10-23T02:30:39.802Z,41,771,1470,288,893,1207,4005,3403,11957,2654,2442,6910,Day_1,Dark,Fast,3.75mm,Experiment_2
2025-10-23T02:30:39.842Z,40,772,1468,287,893,1208,4009,3400,11984,2658,2445,6915,Day_1,Dark,Fast,3.75mm,Experiment_2
2025-10-23T02:30:39.882Z,31,777,1467,280,896,1208,4016,3412,12017,2658,2451,6916,Day_1,Dark,Fast,3.75mm,Experiment_2
2025-10-23T02:30:39.922Z,22,778,1469,272,895,1207,4024,3428,12040,2658,2453,6914,Day_1,Dark,Fast,3.75mm,Experiment_2
2025-10-23T02:30:39.962Z,19,777,1473,265,893,1207,4034,3438,12057,2663,2453,6915,Day_1,Dark,Fast,3.75mm,Experiment_2
2025-10-23T02:30:40.002Z,21,781,1474,260,895,1205,4046,3449,12078,2669,2456,6922,Day_1,Dark,Fast,3.75mm,Experiment_2
2025-10-23T02:30:40.042Z,24,784,1473,259,899,1202,4054,3462,12101,2673,2459,6934,Day_1,Dark,Fast,3.75mm,Experiment_2
2025-10-23T02:30:40.082Z,28,785,1473,262,903,1200,4054,3469,12112,2670,2457,6944,Day_1,Dark,Fast,3.75mm,Experiment_2
2025-10-23T02:30:40.122Z,30,783,1472,265,906,1198,4051,3462,12110,2662,2451,6949,Day_1,Dark,Fast,3.75mm,Experiment_2
2025-10-23T02:30:40.162Z,30,780,1470,266,904,1195,4043,3444,12087,2658,2445,6946,Day_1,Dark,Fast,3.75mm,Experiment_2
2025-10-23T02:30:40.202Z,32,777,1467,271,901,1194,4029,3420,12035,2659,2438,6935,Day_1,Dark,Fast,3.75mm,Experiment_2
2025-10-23T02:30:40.242Z,36,775,1464,280,898,1195,4016,3397,11982,2662,2430,6923,Day_1,Dark,Fast,3.75mm,Experiment_2
2025-10-23T02:30:40.282Z,42,776,1461,288,897,1197,4018,3390,11971,2666,2428,6918,Day_1,Dark,Fast,3.75mm,Experiment_2
2025-10-23T02:30:40.322Z,46,785,1460,290,901,1200,4032,3404,11990,2670,2435,6917,Day_1,Dark,Fast,3.75mm,Experiment_2
2025-10-23T02:30:40.362Z,45,799,1462,287,910,1205,4040,3423,12010,2671,2447,6917,Day_1,Dark,Fast,3.75mm,Experiment_2
2025-10-23T02:30:40.402Z,37,809,1467,277,918,1210,4038,3440,12029,2671,2456,6922,Day_1,Dark,Fast,3.75mm,Experiment_2
2025-10-23T02:30:40.442Z,27,812,1473,265,920,1212,4033,3458,12049,2670,2461,6931,Day_1,Dark,Fast,3.75mm,Experiment_2
2025-10-23T02:30:40.482Z,23,809,1477,260,919,1212,4031,3473,12072,2666,2464,6939,Day_1,Dark,Fast,3.75mm,Experiment_2
2025-10-23T02:30:40.522Z,24,800,1478,260,912,1211,4022,3474,12100,2657,2462,6946,Day_1,Dark,Fast,3.75mm,Experiment_2
2025-10-23T02:30:40.562Z,25,787,1477,262,901,1210,4006,3457,12113,2645,2452,6946,Day_1,Dark,Fast,3.75mm,Experiment_2
2025-10-23T02:30:40.602Z,24,778,1479,263,894,1213,3992,3436,12089,2636,2443,6938,Day_1,Dark,Fast,3.75mm,Experiment_2
2025-10-23T02:30:40.642Z,25,777,1484,267,894,1221,3987,3429,12035,2635,2446,6927,Day_1,Dark,Fast,3.75mm,Experiment_2
2025-10-23T02:30:40.682Z,27,781,1488,272,900,1228,3988,3437,11988,2640,2457,6921,Day_1,Dark,Fast,3.75mm,Experiment_2
2025-10-23T02:30:40.722Z,27,788,1488,272,906,1229,4001,3455,11982,2649,2468,6925,Day_1,Dark,Fast,3.75mm,Experiment_2
2025-10-23T02:30:40.762Z,23,790,1483,267,908,1222,4022,3470,12008,2658,2475,6931,Day_1,Dark,Fast,3.75mm,Experiment_2
2025-10-23T02:30:40.802Z,16,785,1472,260,902,1212,4032,3479,12032,2661,2473,6931,Day_1,Dark,Fast,3.75mm,Experiment_2
2025-10-23T02:30:40.842Z,9,782,1464,252,899,1204,4021,3484,12033,2659,2469,6922,Day_1,Dark,Fast,3.75mm,Experiment_2
2025-10-23T02:30:40.882Z,4,790,1467,245,907,1206,4007,3487,12021,2655,2469,6911,Day_1,Dark,Fast,3.75mm,Experiment_2
2025-10-23T02:30:40.922Z,4,802,1478,244,919,1214,4002,3489,12020,2654,2473,6905,Day_1,Dark,Fast,3.75mm,Experiment_2
2025-10-23T02:30:40.962Z,9,807,1485,250,923,1222,4008,3488,12035,2653,2478,6905,Day_1,Dark,Fast,3.75mm,Experiment_2
2025-10-23T02:30:41.002Z,18,805,1486,259,919,1225,4021,3482,12049,2655,2481,6910,Day_1,Dark,Fast,3.75mm,Experiment_2
2025-10-23T02:30:41.042Z,22,802,1481,264,915,1223,4024,3466,12046,2659,2475,6914,Day_1,Dark,Fast,3.75mm,Experiment_2
2025-10-23T02:30:41.082Z,19,800,1471,260,915,1215,4004,3436,12013,2657,2457,6912,Day_1,Dark,Fast,3.75mm,Experiment_2
2025-10-23T02:30:41.122Z,18,796,1462,259,913,1206,3981,3407,11973,2652,2441,6906,Day_1,Dark,Fast,3.75mm,Experiment_2
2025-10-23T02:30:41.162Z,24,787,1459,265,905,1201,3986,3397,11965,2650,2436,6903,Day_1,Dark,Fast,3.75mm,Experiment_2
2025-10-23T02:30:41.202Z,29,778,1462,270,896,1202,4012,3407,11994,2653,2442,6904,Day_1,Dark,Fast,3.75mm,Experiment_2
2025-10-23T02:30:41.242Z,31,773,1467,271,891,1206,4036,3437,12034,2659,2454,6909,Day_1,Dark,Fast,3.75mm,Experiment_2
2025-10-23T02:30:41.282Z,34,775,1468,272,893,1208,4040,3473,12065,2660,2465,6918,Day_1,Dark,Fast,3.75mm,Experiment_2
2025-10-23T02:30:41.322Z,38,781,1469,278,900,1210,4025,3494,12083,2654,2470,6926,Day_1,Dark,Fast,3.75mm,Experiment_2
2025-10-23T02:30:41.362Z,38,785,1470,278,901,1211,4010,3507,12091,2646,2475,6931,Day_1,Dark,Fast,3.75mm,Experiment_2
2025-10-23T02:30:41.402Z,28,784,1467,268,895,1209,4005,3515,12088,2645,2482,6932,Day_1,Dark,Fast,3.75mm,Experiment_2
2025-10-23T02:30:41.442Z,19,787,1459,257,895,1201,4006,3508,12072,2647,2483,6925,Day_1,Dark,Fast,3.75mm,Experiment_2
2025-10-23T02:30:41.482Z,14,795,1451,253,901,1194,4000,3480,12044,2645,2469,6916,Day_1,Dark,Fast,3.75mm,Experiment_2
2025-10-23T02:30:41.522Z,12,795,1447,254,903,1192,3990,3441,12006,2646,2450,6908,Day_1,Dark,Fast,3.75mm,Experiment_2
2025-10-23T02:30:41.562Z,14,786,1448,259,898,1195,3995,3415,11970,2655,2442,6902,Day_1,Dark,Fast,3.75mm,Experiment_2
2025-10-23T02:30:41.602Z,24,778,1451,271,891,1198,4017,3420,11957,2667,2450,6901,Day_1,Dark,Fast,3.75mm,Experiment_2
2025-10-23T02:30:41.642Z,37,774,1456,285,888,1199,4035,3444,11976,2669,2463,6907,Day_1,Dark,Fast,3.75mm,Experiment_2
2025-10-23T02:30:41.682Z,44,779,1463,292,892,1202,4036,3464,12015,2663,2467,6918,Day_1,Dark,Fast,3.75mm,Experiment_2
2025-10-23T02:30:41.722Z,42,790,1473,289,902,1209,4031,3473,12050,2659,2468,6928,Day_1,Dark,Fast,3.75mm,Experiment_2
2025-10-23T02:30:41.762Z,34,798,1485,279,912,1218,4034,3476,12073,2662,2469,6935,Day_1,Dark,Fast,3.75mm,Experiment_2
2025-10-23T02:30:41.802Z,28,796,1491,269,912,1223,4047,3479,12090,2667,2473,6938,Day_1,Dark,Fast,3.75mm,Experiment_2
2025-10-23T02:30:41.842Z,24,785,1490,263,903,1224,4065,3483,12096,2668,2473,6936,Day_1,Dark,Fast,3.75mm,Experiment_2
2025-10-23T02:30:41.882Z,21,775,1489,260,895,1227,4082,3481,12081,2666,2469,6929,Day_1,Dark,Fast,3.75mm,Experiment_2
2025-10-23T02:30:41.922Z,19,772,1490,260,892,1229,4091,3466,12051,2667,2460,6916,Day_1,Dark,Fast,3.75mm,Experiment_2
2025-10-23T02:30:41.962Z,20,775,1489,262,895,1227,4075,3437,12008,2665,2453,6899,Day_1,Dark,Fast,3.75mm,Experiment_2
2025-10-23T02:30:42.002Z,20,780,1484,265,899,1221,4038,3419,11969,2657,2456,6889,Day_1,Dark,Fast,3.75mm,Experiment_2
2025-10-23T02:30:42.043Z,18,784,1476,267,900,1214,4006,3421,11972,2652,2466,6899,Day_1,Dark,Fast,3.75mm,Experiment_2
2025-10-23T02:30:42.083Z,20,781,1470,271,894,1209,3996,3434,12023,2656,2471,6925,Day_1,Dark,Fast,3.75mm,Experiment_2
2025-10-23T02:30:42.123Z,28,773,1468,277,886,1208,4001,3447,12066,2663,2467,6944,Day_1,Dark,Fast,3.75mm,Experiment_2
2025-10-23T02:30:42.163Z,34,767,1468,278,882,1208,4011,3457,12058,2668,2460,6940,Day_1,Dark,Fast,3.75mm,Experiment_2
2025-10-23T02:30:42.203Z,33,766,1469,273,882,1208,4025,3459,12031,2669,2454,6924,Day_1,Dark,Fast,3.75mm,Experiment_2
2025-10-23T02:30:42.243Z,32,766,1473,270,883,1209,4038,3446,12038,2667,2446,6915,Day_1,Dark,Fast,3.75mm,Experiment_2
2025-10-23T02:30:42.283Z,30,765,1479,269,882,1212,4043,3435,12076,2666,2443,6920,Day_1,Dark,Fast,3.75mm,Experiment_2
2025-10-23T02:30:42.323Z,23,763,1484,265,879,1215,4039,3437,12103,2665,2444,6927,Day_1,Dark,Fast,3.75mm,Experiment_2
2025-10-23T02:30:42.363Z,17,764,1483,262,878,1214,4036,3443,12097,2665,2444,6926,Day_1,Dark,Fast,3.75mm,Experiment_2
2025-10-23T02:30:42.403Z,18,771,1475,265,884,1211,4027,3439,12064,2663,2441,6919,Day_1,Dark,Fast,3.75mm,Experiment_2
2025-10-23T02:30:42.443Z,24,777,1464,271,892,1205,4009,3426,12018,2657,2439,6912,Day_1,Dark,Fast,3.75mm,Experiment_2
2025-10-23T02:30:42.483Z,29,779,1456,276,894,1199,3994,3418,11988,2651,2440,6912,Day_1,Dark,Fast,3.75mm,Experiment_2
2025-10-23T02:30:42.523Z,31,778,1455,278,893,1197,3992,3423,11998,2645,2444,6919,Day_1,Dark,Fast,3.75mm,Experiment_2
2025-10-23T02:30:42.563Z,29,778,1458,276,894,1197,3996,3428,12025,2642,2444,6925,Day_1,Dark,Fast,3.75mm,Experiment_2
2025-10-23T02:30:42.603Z,27,780,1463,272,897,1202,4008,3422,12033,2647,2441,6923,Day_1,Dark,Fast,3.75mm,Experiment_2
2025-10-23T02:30:42.643Z,22,785,1470,267,902,1208,4025,3416,12021,2659,2440,6916,Day_1,Dark,Fast,3.75mm,Experiment_2
2025-10-23T02:30:42.683Z,16,797,1476,260,910,1211,4029,3424,12015,2667,2444,6913,Day_1,Dark,Fast,3.75mm,Experiment_2
2025-10-23T02:30:42.723Z,13,805,1475,258,917,1210,4023,3448,12026,2668,2453,6914,Day_1,Dark,Fast,3.75mm,Experiment_2
2025-10-23T02:30:42.763Z,15,805,1469,261,917,1206,4026,3470,12045,2668,2462,6917,Day_1,Dark,Fast,3.75mm,Experiment_2
2025-10-23T02:30:42.803Z,19,797,1468,264,913,1206,4037,3474,12057,2670,2465,6919,Day_1,Dark,Fast,3.75mm,Experiment_2
2025-10-23T02:30:42.843Z,24,786,1473,267,905,1210,4035,3460,12047,2667,2459,6919,Day_1,Dark,Fast,3.75mm,Experiment_2
2025-10-23T02:30:42.883Z,26,773,1478,269,894,1214,4013,3441,12003,2659,2451,6913,Day_1,Dark,Fast,3.75mm,Experiment_2
2025-10-23T02:30:42.923Z,25,767,1480,269,887,1216,3994,3437,11953,2651,2451,6904,Day_1,Dark,Fast,3.75mm,Experiment_2
2025-10-23T02:30:42.963Z,28,772,1479,272,891,1214,3995,3453,11947,2652,2461,6904,Day_1,Dark,Fast,3.75mm,Experiment_2
2025-10-23T02:30:43.003Z,34,783,1472,276,900,1208,4011,3475,11979,2657,2472,6912,Day_1,Dark,Fast,3.75mm,Experiment_2
2025-10-23T02:30:43.043Z,33,790,1464,273,904,1202,4028,3493,12011,2662,2481,6918,Day_1,Dark,Fast,3.75mm,Experiment_2
2025-10-23T02:30:43.083Z,25,793,1461,267,905,1202,4037,3507,12033,2664,2486,6918,Day_1,Dark,Fast,3.75mm,Experiment_2
2025-10-23T02:30:43.123Z,20,796,1464,264,906,1204,4041,3517,12051,2668,2485,6918,Day_1,Dark,Fast,3.75mm,Experiment_2
2025-10-23T02:30:43.163Z,22,800,1466,269,909,1204,4040,3521,12076,2671,2482,6922,Day_1,Dark,Fast,3.75mm,Experiment_2
2025-10-23T02:30:43.203Z,28,796,1465,276,907,1201,4034,3514,12101,2668,2477,6931,Day_1,Dark,Fast,3.75mm,Experiment_2
2025-10-23T02:30:43.243Z,27,783,1463,278,894,1199,4022,3492,12103,2660,2467,6937,Day_1,Dark,Fast,3.75mm,Experiment_2
2025-10-23T02:30:43.283Z,21,768,1467,274,882,1202,4017,3466,12061,2659,2456,6927,Day_1,Dark,Fast,3.75mm,Experiment_2
2025-10-23T02:30:43.323Z,14,762,1479,268,879,1213,4024,3452,11996,2666,2452,6910,Day_1,Dark,Fast,3.75mm,Experiment_2
2025-10-23T02:30:43.363Z,11,766,1492,262,884,1224,4042,3452,11965,2676,2455,6908,Day_1,Dark,Fast,3.75mm,Experiment_2
2025-10-23T02:30:43.403Z,12,770,1492,261,889,1226,4058,3454,11989,2684,2457,6922,Day_1,Dark,Fast,3.75mm,Experiment_2
2025-10-23T02:30:43.443Z,18,772,1482,267,892,1219,4060,3450,12033,2684,2454,6936,Day_1,Dark,Fast,3.75mm,Experiment_2
2025-10-23T02:30:43.483Z,22,773,1472,270,892,1210,4053,3453,12058,2676,2453,6939,Day_1,Dark,Fast,3.75mm,Experiment_2
2025-10-23T02:30:43.523Z,17,773,1466,263,891,1202,4051,3472,12058,2669,2459,6932,Day_1,Dark,Fast,3.75mm,Experiment_2
2025-10-23T02:30:43.563Z,9,772,1462,254,889,1196,4056,3492,12050,2670,2467,6921,Day_1,Dark,Fast,3.75mm,Experiment_2
2025-10-23T02:30:43.603Z,6,773,1463,249,890,1195,4065,3498,12050,2675,2470,6914,Day_1,Dark,Fast,3.75mm,Experiment_2
2025-10-23T02:30:43.643Z,6,776,1470,247,894,1202,4065,3487,12053,2677,2466,6912,Day_1,Dark,Fast,3.75mm,Experiment_2
2025-10-23T02:30:43.683Z,11,779,1480,250,898,1211,4050,3466,12042,2671,2458,6912,Day_1,Dark,Fast,3.75mm,Experiment_2
2025-10-23T02:30:43.723Z,18,785,1483,259,903,1218,4027,3443,12010,2661,2450,6905,Day_1,Dark,Fast,3.75mm,Experiment_2
2025-10-23T02:30:43.763Z,25,791,1480,267,909,1218,4009,3417,11968,2656,2444,6895,Day_1,Dark,Fast,3.75mm,Experiment_2
2025-10-23T02:30:43.803Z,23,798,1474,270,916,1214,4006,3400,11949,2659,2443,6894,Day_1,Dark,Fast,3.75mm,Experiment_2
2025-10-23T02:30:43.843Z,19,804,1474,269,922,1213,4015,3407,11979,2663,2449,6907,Day_1,Dark,Fast,3.75mm,Experiment_2
2025-10-23T02:30:43.883Z,20,802,1481,271,919,1216,4030,3434,12034,2668,2456,6924,Day_1,Dark,Fast,3.75mm,Experiment_2
2025-10-23T02:30:43.923Z,26,788,1488,275,906,1220,4049,3464,12072,2676,2461,6933,Day_1,Dark,Fast,3.75mm,Experiment_2
2025-10-23T02:30:43.963Z,29,772,1487,276,890,1219,4066,3480,12083,2682,2463,6934,Day_1,Dark,Fast,3.75mm,Experiment_2
2025-10-23T02:30:44.003Z,27,763,1481,273,882,1215,4072,3489,12091,2682,2467,6938,Day_1,Dark,Fast,3.75mm,Experiment_2
2025-10-23T02:30:44.043Z,25,766,1476,269,885,1213,4069,3496,12110,2680,2474,6945,Day_1,Dark,Fast,3.75mm,Experiment_2
2025-10-23T02:30:44.083Z,25,779,1474,267,896,1212,4061,3493,12129,2676,2476,6953,Day_1,Dark,Fast,3.75mm,Experiment_2
2025-10-23T02:30:44.123Z,31,793,1474,271,908,1212,4051,3475,12130,2670,2468,6954,Day_1,Dark,Fast,3.75mm,Experiment_2
2025-10-23T02:30:44.163Z,37,799,1476,279,913,1212,4044,3456,12104,2665,2457,6947,Day_1,Dark,Fast,3.75mm,Experiment_2
2025-10-23T02:30:44.203Z,37,796,1476,281,910,1212,4037,3450,12050,2662,2455,6933,Day_1,Dark,Fast,3.75mm,Experiment_2
2025-10-23T02:30:44.243Z,32,788,1475,277,903,1212,4025,3454,11982,2661,2462,6914,Day_1,Dark,Fast,3.75mm,Experiment_2
2025-10-23T02:30:44.283Z,25,778,1474,273,895,1214,4019,3459,11945,2659,2469,6899,Day_1,Dark,Fast,3.75mm,Experiment_2
2025-10-23T02:30:44.323Z,20,773,1477,270,890,1219,4028,3459,11962,2660,2470,6896,Day_1,Dark,Fast,3.75mm,Experiment_2
2025-10-23T02:30:44.363Z,20,773,1479,271,890,1222,4040,3458,11992,2662,2465,6897,Day_1,Dark,Fast,3.75mm,Experiment_2
2025-10-23T02:30:44.403Z,29,776,1475,276,892,1220,4047,3454,11994,2664,2459,6895,Day_1,Dark,Fast,3.75mm,Experiment_2
2025-10-23T02:30:44.443Z,39,778,1473,282,893,1218,4060,3449,11991,2669,2452,6901,Day_1,Dark,Fast,3.75mm,Experiment_2
2025-10-23T02:30:44.483Z,44,779,1474,283,893,1216,4081,3452,12012,2679,2451,6915,Day_1,Dark,Fast,3.75mm,Experiment_2
2025-10-23T02:30:44.523Z,40,782,1475,279,896,1213,4104,3462,12048,2691,2455,6927,Day_1,Dark,Fast,3.75mm,Experiment_2
2025-10-23T02:30:44.563Z,34,788,1477,274,900,1211,4119,3471,12078,2702,2462,6934,Day_1,Dark,Fast,3.75mm,Experiment_2
2025-10-23T02:30:44.603Z,31,790,1482,273,902,1214,4118,3475,12093,2707,2466,6937,Day_1,Dark,Fast,3.75mm,Experiment_2
2025-10-23T02:30:44.643Z,32,788,1484,275,901,1215,4097,3468,12087,2702,2463,6939,Day_1,Dark,Fast,3.75mm,Experiment_2
2025-10-23T02:30:44.683Z,32,782,1474,275,899,1208,4060,3447,12044,2687,2454,6934,Day_1,Dark,Fast,3.75mm,Experiment_2
2025-10-23T02:30:44.723Z,28,778,1460,271,900,1199,4026,3430,11989,2674,2450,6923,Day_1,Dark,Fast,3.75mm,Experiment_2
2025-10-23T02:30:44.763Z,27,777,1453,269,901,1194,4017,3433,11970,2669,2455,6913,Day_1,Dark,Fast,3.75mm,Experiment_2
2025-10-23T02:30:44.803Z,33,779,1453,274,901,1196,4022,3449,11985,2665,2461,6908,Day_1,Dark,Fast,3.75mm,Experiment_2
2025-10-23T02:30:44.843Z,43,780,1456,282,899,1199,4022,3465,11999,2661,2464,6906,Day_1,Dark,Fast,3.75mm,Experiment_2
2025-10-23T02:30:44.883Z,53,778,1457,290,895,1199,4025,3475,12004,2665,2466,6909,Day_1,Dark,Fast,3.75mm,Experiment_2
2025-10-23T02:30:44.923Z,57,780,1457,296,895,1199,4039,3483,12015,2676,2467,6915,Day_1,Dark,Fast,3.75mm,Experiment_2
2025-10-23T02:30:44.963Z,51,788,1463,294,903,1202,4057,3487,12037,2685,2466,6919,Day_1,Dark,Fast,3.75mm,Experiment_2
2025-10-23T02:30:45.003Z,36,793,1470,282,909,1206,4075,3481,12054,2690,2460,6918,Day_1,Dark,Fast,3.75mm,Experiment_2
2025-10-23T02:30:45.043Z,21,789,1471,269,907,1205,4093,3475,12051,2693,2457,6912,Day_1,Dark,Fast,3.75mm,Experiment_2
2025-10-23T02:30:45.083Z,14,785,1469,263,903,1201,4100,3476,12025,2693,2462,6903,Day_1,Dark,Fast,3.75mm,Experiment_2
2025-10-23T02:30:45.123Z,13,788,1467,263,906,1200,4078,3467,11982,2684,2464,6894,Day_1,Dark,Fast,3.75mm,Experiment_2
2025-10-23T02:30:45.163Z,14,795,1465,263,913,1202,4037,3440,11948,2672,2459,6893,Day_1,Dark,Fast,3.75mm,Experiment_2
2025-10-23T02:30:45.203Z,19,796,1461,266,916,1203,4015,3423,11956,2668,2456,6901,Day_1,Dark,Fast,3.75mm,Experiment_2
2025-10-23T02:30:45.243Z,29,790,1458,275,911,1203,4030,3429,11994,2678,2456,6913,Day_1,Dark,Fast,3.75mm,Experiment_2
2025-10-23T02:30:45.284Z,37,777,1458,282,898,1203,4064,3443,12036,2691,2458,6924,Day_1,Dark,Fast,3.75mm,Experiment_2
2025-10-23T02:30:45.324Z,34,770,1460,279,889,1202,4084,3460,12077,2695,2471,6939,Day_1,Dark,Fast,3.75mm,Experiment_2
2025-10-23T02:30:45.364Z,23,771,1463,270,887,1198,4082,3479,12109,2689,2498,6949,Day_1,Dark,Fast,3.75mm,Experiment_2
2025-10-23T02:30:45.404Z,14,775,1466,261,890,1195,4068,3490,12115,2678,2525,6947,Day_1,Dark,Fast,3.75mm,Experiment_2
2025-10-23T02:30:45.444Z,11,785,1470,256,901,1197,4054,3484,12100,2666,2528,6935,Day_1,Dark,Fast,3.75mm,Experiment_2
2025-10-23T02:30:45.484Z,12,797,1472,254,911,1201,4052,3474,12079,2662,2507,6924,Day_1,Dark,Fast,3.75mm,Experiment_2
2025-10-23T02:30:45.524Z,13,800,1469,255,912,1203,4058,3469,12042,2668,2482,6912,Day_1,Dark,Fast,3.75mm,Experiment_2
2025-10-23T02:30:45.564Z,14,794,1463,258,904,1203,4055,3464,11987,2675,2468,6897,Day_1,Dark,Fast,3.75mm,Experiment_2
2025-10-23T02:30:45.604Z,16,787,1464,262,898,1207,4042,3457,11947,2676,2462,6888,Day_1,Dark,Fast,3.75mm,Experiment_2
2025-10-23T02:30:45.643Z,19,780,1467,267,894,1210,4041,3457,11955,2674,2464,6896,Day_1,Dark,Fast,3.75mm,Experiment_2
2025-10-23T02:30:45.683Z,24,773,1468,272,891,1208,4052,3471,12005,2673,2470,6916,Day_1,Dark,Fast,3.75mm,Experiment_2
2025-10-23T02:30:45.723Z,29,769,1468,276,889,1203,4061,3490,12064,2673,2476,6936,Day_1,Dark,Fast,3.75mm,Experiment_2
2025-10-23T02:30:45.763Z,29,769,1468,274,888,1200,4064,3495,12102,2675,2478,6946,Day_1,Dark,Fast,3.75mm,Experiment_2
2025-10-23T02:30:45.803Z,25,768,1470,269,885,1200,4073,3485,12113,2682,2476,6948,Day_1,Dark,Fast,3.75mm,Experiment_2
2025-10-23T02:30:45.843Z,23,764,1474,266,880,1204,4082,3477,12109,2688,2472,6945,Day_1,Dark,Fast,3.75mm,Experiment_2
2025-10-23T02:30:45.883Z,26,759,1476,268,876,1207,4077,3481,12100,2685,2469,6938,Day_1,Dark,Fast,3.75mm,Experiment_2
2025-10-23T02:30:45.923Z,29,762,1482,270,880,1213,4056,3495,12085,2674,2472,6928,Day_1,Dark,Fast,3.75mm,Experiment_2
2025-10-23T02:30:45.963Z,25,774,1492,267,889,1221,4032,3510,12054,2666,2478,6918,Day_1,Dark,Fast,3.75mm,Experiment_2
2025-10-23T02:30:46.004Z,18,784,1497,261,898,1226,4015,3514,12006,2662,2485,6910,Day_1,Dark,Fast,3.75mm,Experiment_2
2025-10-23T02:30:46.044Z,16,785,1491,261,903,1222,4009,3497,11964,2663,2483,6910,Day_1,Dark,Fast,3.75mm,Experiment_2
2025-10-23T02:30:46.084Z,23,779,1481,269,899,1214,4018,3468,11962,2666,2477,6920,Day_1,Dark,Fast,3.75mm,Experiment_2
2025-10-23T02:30:46.124Z,32,771,1478,277,892,1211,4031,3459,12005,2666,2475,6936,Day_1,Dark,Fast,3.75mm,Experiment_2
2025-10-23T02:30:46.164Z,36,767,1480,281,887,1210,4035,3469,12052,2663,2477,6945,Day_1,Dark,Fast,3.75mm,Experiment_2
2025-10-23T02:30:46.204Z,32,772,1484,278,890,1211,4035,3483,12065,2661,2478,6938,Day_1,Dark,Fast,3.75mm,Experiment_2
2025-10-23T02:30:46.244Z,26,779,1485,272,894,1212,4045,3496,12056,2665,2482,6928,Day_1,Dark,Fast,3.75mm,Experiment_2
2025-10-23T02:30:46.284Z,22,780,1483,267,894,1214,4066,3508,12055,2674,2486,6925,Day_1,Dark,Fast,3.75mm,Experiment_2
2025-10-23T02:30:46.324Z,19,776,1480,262,889,1217,4091,3506,12068,2684,2486,6928,Day_1,Dark,Fast,3.75mm,Experiment_2
2025-10-23T02:30:46.364Z,15,770,1479,258,884,1219,4101,3492,12080,2689,2480,6930,Day_1,Dark,Fast,3.75mm,Experiment_2
2025-10-23T02:30:46.404Z,14,767,1480,257,882,1219,4092,3477,12080,2687,2473,6930,Day_1,Dark,Fast,3.75mm,Experiment_2
2025-10-23T02:30:46.444Z,12,769,1478,255,886,1216,4077,3461,12058,2685,2464,6927,Day_1,Dark,Fast,3.75mm,Experiment_2
2025-10-23T02:30:46.484Z,11,777,1473,255,895,1212,4065,3438,12010,2687,2450,6919,Day_1,Dark,Fast,3.75mm,Experiment_2
2025-10-23T02:30:46.524Z,12,786,1469,257,901,1207,4057,3421,11970,2686,2442,6910,Day_1,Dark,Fast,3.75mm,Experiment_2
2025-10-23T02:30:46.564Z,17,788,1468,261,900,1204,4056,3428,11977,2680,2448,6912,Day_1,Dark,Fast,3.75mm,Experiment_2
2025-10-23T02:30:46.604Z,26,784,1467,267,895,1200,4056,3455,12008,2672,2461,6920,Day_1,Dark,Fast,3.75mm,Experiment_2
2025-10-23T02:30:46.644Z,36,779,1464,276,889,1199,4047,3476,12015,2664,2467,6920,Day_1,Dark,Fast,3.75mm,Experiment_2
2025-10-23T02:30:46.684Z,40,777,1460,282,888,1200,4035,3487,12001,2659,2468,6913,Day_1,Dark,Fast,3.75mm,Experiment_2
2025-10-23T02:30:46.724Z,36,779,1457,281,892,1200,4024,3496,11996,2656,2472,6906,Day_1,Dark,Fast,3.75mm,Experiment_2
2025-10-23T02:30:46.764Z,32,785,1461,278,898,1202,4021,3495,12009,2656,2472,6906,Day_1,Dark,Fast,3.75mm,Experiment_2
2025-10-23T02:30:46.804Z,33,791,1469,277,904,1207,4031,3475,12037,2662,2461,6912,Day_1,Dark,Fast,3.75mm,Experiment_2
2025-10-23T02:30:46.844Z,38,793,1474,282,907,1213,4050,3453,12067,2672,2448,6919,Day_1,Dark,Fast,3.75mm,Experiment_2
2025-10-23T02:30:46.884Z,42,795,1474,287,907,1215,4051,3443,12072,2674,2446,6921,Day_1,Dark,Fast,3.75mm,Experiment_2
2025-10-23T02:30:46.924Z,37,791,1471,285,905,1214,4027,3436,12039,2664,2448,6919,Day_1,Dark,Fast,3.75mm,Experiment_2
2025-10-23T02:30:46.964Z,29,780,1462,276,898,1209,4008,3424,11997,2656,2445,6918,Day_1,Dark,Fast,3.75mm,Experiment_2
2025-10-23T02:30:47.004Z,25,768,1454,267,891,1204,4015,3426,11990,2659,2447,6923,Day_1,Dark,Fast,3.75mm,Experiment_2
2025-10-23T02:30:47.044Z,23,764,1451,261,887,1199,4035,3446,12008,2665,2457,6924,Day_1,Dark,Fast,3.75mm,Experiment_2
2025-10-23T02:30:47.084Z,21,766,1454,258,886,1199,4041,3462,12015,2665,2463,6915,Day_1,Dark,Fast,3.75mm,Experiment_2
2025-10-23T02:30:47.124Z,20,767,1462,258,884,1203,4033,3462,12009,2662,2459,6904,Day_1,Dark,Fast,3.75mm,Experiment_2
2025-10-23T02:30:47.164Z,24,765,1471,263,883,1209,4030,3466,12019,2663,2457,6904,Day_1,Dark,Fast,3.75mm,Experiment_2
2025-10-23T02:30:47.204Z,33,761,1478,271,882,1213,4037,3483,12051,2668,2463,6915,Day_1,Dark,Fast,3.75mm,Experiment_2
2025-10-23T02:30:47.244Z,40,758,1481,277,883,1213,4050,3492,12089,2674,2469,6929,Day_1,Dark,Fast,3.75mm,Experiment_2
2025-10-23T02:30:47.284Z,40,760,1486,280,887,1213,4058,3480,12115,2676,2464,6942,Day_1,Dark,Fast,3.75mm,Experiment_2
2025-10-23T02:30:47.324Z,38,769,1488,281,892,1214,4043,3457,12102,2668,2455,6945,Day_1,Dark,Fast,3.75mm,Experiment_2
2025-10-23T02:30:47.364Z,37,779,1488,283,896,1216,4011,3435,12045,2652,2446,6934,Day_1,Dark,Fast,3.75mm,Experiment_2
2025-10-23T02:30:47.404Z,41,784,1490,287,897,1221,3994,3430,11986,2646,2446,6922,Day_1,Dark,Fast,3.75mm,Experiment_2
2025-10-23T02:30:47.444Z,47,787,1491,292,898,1224,4001,3447,11980,2649,2456,6921,Day_1,Dark,Fast,3.75mm,Experiment_2
2025-10-23T02:30:47.484Z,48,786,1485,294,898,1219,4016,3479,12021,2656,2469,6930,Day_1,Dark,Fast,3.75mm,Experiment_2
2025-10-23T02:30:47.524Z,45,779,1471,293,896,1206,4029,3503,12061,2663,2479,6939,Day_1,Dark,Fast,3.75mm,Experiment_2
2025-10-23T02:30:47.564Z,45,775,1459,293,895,1196,4037,3501,12076,2668,2480,6944,Day_1,Dark,Fast,3.75mm,Experiment_2
2025-10-23T02:30:47.604Z,48,775,1457,293,895,1193,4042,3480,12074,2669,2474,6945,Day_1,Dark,Fast,3.75mm,Experiment_2
2025-10-23T02:30:47.644Z,45,776,1461,286,895,1196,4055,3463,12073,2674,2471,6940,Day_1,Dark,Fast,3.75mm,Experiment_2
2025-10-23T02:30:47.684Z,41,776,1464,279,896,1199,4066,3466,12071,2678,2474,6929,Day_1,Dark,Fast,3.75mm,Experiment_2
2025-10-23T02:30:47.724Z,40,776,1462,279,897,1198,4061,3478,12060,2676,2476,6917,Day_1,Dark,Fast,3.75mm,Experiment_2
2025-10-23T02:30:47.764Z,37,776,1458,281,898,1195,4048,3480,12037,2671,2471,6906,Day_1,Dark,Fast,3.75mm,Experiment_2
2025-10-23T02:30:47.804Z,33,778,1458,278,899,1196,4031,3465,12000,2667,2459,6899,Day_1,Dark,Fast,3.75mm,Experiment_2
2025-10-23T02:30:47.844Z,34,782,1464,276,901,1202,4013,3449,11963,2663,2452,6893,Day_1,Dark,Fast,3.75mm,Experiment_2
2025-10-23T02:30:47.884Z,39,784,1472,275,903,1210,4005,3453,11952,2660,2456,6891,Day_1,Dark,Fast,3.75mm,Experiment_2
2025-10-23T02:30:47.924Z,46,781,1479,280,899,1216,4010,3468,11975,2657,2463,6897,Day_1,Dark,Fast,3.75mm,Experiment_2
2025-10-23T02:30:47.964Z,50,770,1486,284,887,1219,4023,3481,12019,2657,2470,6910,Day_1,Dark,Fast,3.75mm,Experiment_2
2025-10-23T02:30:48.004Z,47,764,1489,282,879,1221,4039,3499,12057,2661,2479,6923,Day_1,Dark,Fast,3.75mm,Experiment_2
2025-10-23T02:30:48.044Z,39,773,1486,275,886,1218,4061,3525,12077,2668,2493,6932,Day_1,Dark,Fast,3.75mm,Experiment_2
2025-10-23T02:30:48.084Z,30,785,1479,267,899,1213,4085,3542,12085,2676,2501,6938,Day_1,Dark,Fast,3.75mm,Experiment_2
2025-10-23T02:30:48.124Z,23,791,1477,260,907,1211,4093,3537,12085,2679,2499,6939,Day_1,Dark,Fast,3.75mm,Experiment_2
2025-10-23T02:30:48.164Z,18,789,1476,255,907,1210,4084,3514,12081,2675,2489,6938,Day_1,Dark,Fast,3.75mm,Experiment_2
2025-10-23T02:30:48.204Z,14,784,1471,251,901,1208,4070,3483,12070,2671,2474,6937,Day_1,Dark,Fast,3.75mm,Experiment_2
2025-10-23T02:30:48.244Z,13,782,1468,252,898,1207,4056,3450,12030,2667,2458,6930,Day_1,Dark,Fast,3.75mm,Experiment_2
2025-10-23T02:30:48.284Z,14,782,1467,254,898,1206,4036,3428,11966,2662,2448,6914,Day_1,Dark,Fast,3.75mm,Experiment_2
2025-10-23T02:30:48.324Z,16,785,1466,259,901,1204,4014,3418,11932,2657,2449,6902,Day_1,Dark,Fast,3.75mm,Experiment_2
2025-10-23T02:30:48.364Z,16,788,1466,266,904,1203,3999,3417,11958,2651,2452,6905,Day_1,Dark,Fast,3.75mm,Experiment_2
2025-10-23T02:30:48.404Z,14,792,1467,277,905,1203,3989,3420,12010,2644,2452,6917,Day_1,Dark,Fast,3.75mm,Experiment_2
2025-10-23T02:30:48.444Z,14,794,1465,286,906,1201,3988,3428,12050,2640,2452,6927,Day_1,Dark,Fast,3.75mm,Experiment_2
2025-10-23T02:30:48.484Z,18,791,1458,289,905,1196,3999,3437,12071,2641,2451,6931,Day_1,Dark,Fast,3.75mm,Experiment_2
2025-10-23T02:30:48.524Z,21,788,1458,287,904,1197,4015,3440,12081,2646,2451,6930,Day_1,Dark,Fast,3.75mm,Experiment_2
2025-10-23T02:30:48.564Z,25,788,1465,286,906,1205,4024,3445,12083,2650,2455,6925,Day_1,Dark,Fast,3.75mm,Experiment_2
2025-10-23T02:30:48.604Z,34,789,1474,288,907,1214,4021,3457,12080,2648,2460,6920,Day_1,Dark,Fast,3.75mm,Experiment_2
2025-10-23T02:30:48.644Z,47,787,1477,292,903,1217,4016,3473,12077,2643,2466,6918,Day_1,Dark,Fast,3.75mm,Experiment_2
2025-10-23T02:30:48.684Z,74,780,1471,293,897,1212,4015,3484,12063,2637,2469,6919,Day_1,Dark,Fast,3.75mm,Experiment_2
2025-10-23T02:30:48.724Z,163,776,1463,293,893,1205,4010,3479,12023,2635,2468,6916,Day_1,Dark,Fast,3.75mm,Experiment_2
2025-10-23T02:30:48.764Z,330,776,1460,296,894,1203,4003,3458,11984,2642,2459,6912,Day_1,Dark,Fast,3.75mm,Experiment_2
2025-10-23T02:30:48.804Z,457,776,1462,300,895,1203,4007,3436,11984,2655,2448,6912,Day_1,Dark,Fast,3.75mm,Experiment_2
2025-10-23T02:30:48.844Z,475,774,1466,299,893,1205,4016,3433,12005,2663,2444,6914,Day_1,Dark,Fast,3.75mm,Experiment_2
2025-10-23T02:30:48.884Z,509,768,1470,300,888,1208,4018,3449,12003,2660,2452,6911,Day_1,Dark,Fast,3.75mm,Experiment_2
2025-10-23T02:30:48.924Z,528,764,1471,301,886,1209,4023,3466,11979,2657,2462,6904,Day_1,Dark,Fast,3.75mm,Experiment_2
2025-10-23T02:30:48.964Z,382,765,1468,295,886,1207,4043,3469,11973,2664,2465,6901,Day_1,Dark,Fast,3.75mm,Experiment_2
2025-10-23T02:30:49.004Z,171,766,1466,285,885,1203,4071,3461,11996,2676,2461,6904,Day_1,Dark,Fast,3.75mm,Experiment_2
2025-10-23T02:30:49.044Z,53,763,1469,277,882,1204,4084,3452,12030,2684,2455,6909,Day_1,Dark,Fast,3.75mm,Experiment_2
2025-10-23T02:30:49.084Z,22,766,1475,266,883,1209,4069,3444,12064,2679,2448,6918,Day_1,Dark,Fast,3.75mm,Experiment_2
2025-10-23T02:30:49.124Z,19,779,1479,255,893,1214,4032,3439,12073,2665,2442,6925,Day_1,Dark,Fast,3.75mm,Experiment_2
2025-10-23T02:30:49.164Z,14,792,1478,248,905,1216,3997,3432,12035,2654,2441,6924,Day_1,Dark,Fast,3.75mm,Experiment_2
2025-10-23T02:30:49.204Z,9,792,1475,255,907,1214,3984,3424,11979,2652,2445,6915,Day_1,Dark,Fast,3.75mm,Experiment_2
2025-10-23T02:30:49.244Z,9,780,1470,277,898,1211,3995,3427,11960,2655,2455,6910,Day_1,Dark,Fast,3.75mm,Experiment_2
2025-10-23T02:30:49.284Z,15,769,1468,293,888,1208,4010,3440,11980,2653,2464,6913,Day_1,Dark,Fast,3.75mm,Experiment_2
2025-10-23T02:30:49.324Z,31,770,1467,288,885,1205,4015,3445,12005,2649,2464,6917,Day_1,Dark,Fast,3.75mm,Experiment_2
2025-10-23T02:30:49.364Z,55,778,1467,277,891,1204,4016,3441,12029,2649,2458,6923,Day_1,Dark,Fast,3.75mm,Experiment_2
2025-10-23T02:30:49.404Z,80,787,1471,273,902,1205,4020,3439,12061,2653,2455,6930,Day_1,Dark,Fast,3.75mm,Experiment_2
2025-10-23T02:30:49.444Z,121,792,1475,274,911,1206,4027,3447,12090,2657,2458,6932,Day_1,Dark,Fast,3.75mm,Experiment_2
2025-10-23T02:30:49.484Z,196,793,1475,277,912,1205,4029,3460,12099,2659,2465,6930,Day_1,Dark,Fast,3.75mm,Experiment_2
2025-10-23T02:30:49.524Z,243,792,1473,281,910,1206,4025,3469,12093,2658,2469,6928,Day_1,Dark,Fast,3.75mm,Experiment_2
2025-10-23T02:30:49.564Z,197,793,1472,286,907,1210,4022,3454,12069,2657,2462,6925,Day_1,Dark,Fast,3.75mm,Experiment_2
2025-10-23T02:30:49.605Z,117,793,1471,294,905,1212,4014,3420,12022,2653,2446,6916,Day_1,Dark,Fast,3.75mm,Experiment_2
2025-10-23T02:30:49.645Z,70,792,1468,297,903,1208,3995,3407,11983,2646,2442,6910,Day_1,Dark,Fast,3.75mm,Experiment_2
2025-10-23T02:30:49.685Z,46,789,1467,289,901,1203,3981,3436,11980,2642,2455,6913,Day_1,Dark,Fast,3.75mm,Experiment_2
2025-10-23T02:30:49.725Z,30,785,1472,275,901,1204,3985,3471,11999,2645,2471,6919,Day_1,Dark,Fast,3.75mm,Experiment_2
2025-10-23T02:30:49.765Z,23,784,1477,265,902,1205,4004,3481,12014,2655,2475,6916,Day_1,Dark,Fast,3.75mm,Experiment_2
2025-10-23T02:30:49.805Z,20,785,1479,263,902,1206,4029,3476,12025,2667,2473,6912,Day_1,Dark,Fast,3.75mm,Experiment_2
2025-10-23T02:30:49.845Z,19,784,1477,264,900,1206,4049,3474,12044,2675,2473,6916,Day_1,Dark,Fast,3.75mm,Experiment_2
2025-10-23T02:30:49.885Z,20,783,1468,264,899,1202,4065,3477,12073,2676,2473,6926,Day_1,Dark,Fast,3.75mm,Experiment_2
2025-10-23T02:30:49.925Z,26,785,1460,268,901,1198,4077,3475,12088,2677,2468,6928,Day_1,Dark,Fast,3.75mm,Experiment_2
2025-10-23T02:30:49.964Z,37,785,1459,277,900,1198,4086,3471,12075,2683,2465,6919,Day_1,Dark,Fast,3.75mm,Experiment_2
2025-10-23T02:30:50.004Z,45,782,1466,286,896,1203,4092,3465,12040,2690,2465,6907,Day_1,Dark,Fast,3.75mm,Experiment_2
2025-10-23T02:30:50.044Z,44,780,1471,287,893,1209,4088,3453,11995,2691,2462,6898,Day_1,Dark,Fast,3.75mm,Experiment_2
2025-10-23T02:30:50.084Z,35,778,1469,279,893,1211,4074,3447,11964,2683,2462,6898,Day_1,Dark,Fast,3.75mm,Experiment_2
2025-10-23T02:30:50.124Z,22,778,1461,266,895,1211,4054,3464,11972,2672,2472,6910,Day_1,Dark,Fast,3.75mm,Experiment_2
2025-10-23T02:30:50.164Z,10,779,1443,253,898,1209,4026,3485,12013,2659,2484,6925,Day_1,Dark,Fast,3.75mm,Experiment_2
2025-10-23T02:30:50.204Z,4,782,1408,246,899,1206,3996,3493,12048,2647,2487,6931,Day_1,Dark,Fast,3.75mm,Experiment_2
2025-10-23T02:30:50.244Z,4,787,1372,248,901,1203,3986,3484,12058,2645,2479,6924,Day_1,Dark,Fast,3.75mm,Experiment_2
2025-10-23T02:30:50.284Z,10,792,1325,257,903,1203,4004,3470,12059,2651,2467,6914,Day_1,Dark,Fast,3.75mm,Experiment_2
2025-10-23T02:30:50.324Z,22,794,1240,269,906,1202,4030,3464,12075,2658,2461,6912,Day_1,Dark,Fast,3.75mm,Experiment_2
2025-10-23T02:30:50.364Z,31,792,1192,273,906,1200,4038,3469,12093,2657,2462,6918,Day_1,Dark,Fast,3.75mm,Experiment_2
2025-10-23T02:30:50.404Z,29,789,1268,268,906,1198,4030,3473,12097,2653,2464,6922,Day_1,Dark,Fast,3.75mm,Experiment_2
2025-10-23T02:30:50.444Z,28,786,1398,266,905,1199,4028,3470,12084,2652,2462,6922,Day_1,Dark,Fast,3.75mm,Experiment_2
2025-10-23T02:30:50.484Z,30,781,1493,271,900,1203,4031,3458,12051,2656,2459,6917,Day_1,Dark,Fast,3.75mm,Experiment_2
2025-10-23T02:30:50.524Z,32,777,1588,276,896,1210,4031,3437,12006,2663,2454,6910,Day_1,Dark,Fast,3.75mm,Experiment_2
2025-10-23T02:30:50.564Z,36,780,1721,281,899,1216,4038,3419,11985,2673,2452,6910,Day_1,Dark,Fast,3.75mm,Experiment_2
2025-10-23T02:30:50.604Z,45,784,1777,287,902,1215,4055,3427,12009,2679,2457,6917,Day_1,Dark,Fast,3.75mm,Experiment_2
2025-10-23T02:30:50.644Z,56,786,1630,293,901,1207,4059,3450,12046,2674,2466,6924,Day_1,Dark,Fast,3.75mm,Experiment_2
2025-10-23T02:30:50.685Z,67,785,1377,300,898,1199,4046,3460,12062,2663,2468,6922,Day_1,Dark,Fast,3.75mm,Experiment_2
2025-10-23T02:30:50.725Z,66,786,1228,300,899,1193,4032,3457,12053,2659,2462,6916,Day_1,Dark,Fast,3.75mm,Experiment_2
2025-10-23T02:30:50.765Z,49,786,1253,288,902,1193,4031,3457,12030,2663,2457,6910,Day_1,Dark,Fast,3.75mm,Experiment_2
2025-10-23T02:30:50.805Z,29,786,1331,274,904,1201,4046,3463,12019,2671,2455,6910,Day_1,Dark,Fast,3.75mm,Experiment_2
2025-10-23T02:30:50.845Z,19,786,1354,266,904,1211,4068,3465,12033,2680,2456,6916,Day_1,Dark,Fast,3.75mm,Experiment_2
2025-10-23T02:30:50.885Z,17,787,1282,263,902,1212,4082,3465,12058,2685,2457,6924,Day_1,Dark,Fast,3.75mm,Experiment_2
2025-10-23T02:30:50.925Z,17,790,1114,261,900,1203,4074,3466,12063,2684,2458,6927,Day_1,Dark,Fast,3.75mm,Experiment_2
2025-10-23T02:30:50.965Z,18,790,996,256,897,1194,4045,3459,12035,2674,2456,6923,Day_1,Dark,Fast,3.75mm,Experiment_2
2025-10-23T02:30:51.005Z,25,783,1049,257,892,1192,4017,3440,11998,2661,2448,6915,Day_1,Dark,Fast,3.75mm,Experiment_2
2025-10-23T02:30:51.045Z,41,772,1143,268,885,1197,4013,3425,11985,2654,2439,6908,Day_1,Dark,Fast,3.75mm,Experiment_2
2025-10-23T02:30:51.085Z,53,768,1204,280,883,1206,4029,3420,11995,2657,2435,6903,Day_1,Dark,Fast,3.75mm,Experiment_2
2025-10-23T02:30:51.125Z,49,773,1306,282,887,1211,4043,3415,12012,2662,2435,6903,Day_1,Dark,Fast,3.75mm,Experiment_2
2025-10-23T02:30:51.165Z,38,778,1427,277,892,1210,4043,3414,12027,2665,2438,6911,Day_1,Dark,Fast,3.75mm,Experiment_2
2025-10-23T02:30:51.205Z,30,782,1499,273,897,1202,4039,3429,12043,2668,2445,6925,Day_1,Dark,Fast,3.75mm,Experiment_2
2025-10-23T02:30:51.245Z,27,786,1550,273,903,1200,4039,3462,12071,2672,2456,6938,Day_1,Dark,Fast,3.75mm,Experiment_2
2025-10-23T02:30:51.285Z,27,790,1626,275,909,1207,4046,3496,12092,2677,2467,6945,Day_1,Dark,Fast,3.75mm,Experiment_2
2025-10-23T02:30:51.325Z,29,789,1670,277,909,1215,4057,3518,12086,2681,2474,6940,Day_1,Dark,Fast,3.75mm,Experiment_2
2025-10-23T02:30:51.365Z,35,781,1617,280,900,1213,4055,3527,12054,2680,2477,6930,Day_1,Dark,Fast,3.75mm,Experiment_2
2025-10-23T02:30:51.405Z,43,774,1525,287,891,1206,4035,3519,12008,2672,2474,6920,Day_1,Dark,Fast,3.75mm,Experiment_2
2025-10-23T02:30:51.445Z,46,774,1469,290,887,1199,4019,3495,11971,2665,2466,6913,Day_1,Dark,Fast,3.75mm,Experiment_2
2025-10-23T02:30:51.485Z,36,774,1452,283,888,1193,4028,3471,11968,2664,2458,6909,Day_1,Dark,Fast,3.75mm,Experiment_2
2025-10-23T02:30:51.525Z,20,772,1453,269,888,1192,4055,3457,11995,2668,2454,6905,Day_1,Dark,Fast,3.75mm,Experiment_2
2025-10-23T02:30:51.565Z,13,769,1463,258,885,1197,4074,3452,12024,2670,2453,6904,Day_1,Dark,Fast,3.75mm,Experiment_2
2025-10-23T02:30:51.605Z,14,771,1470,258,886,1203,4072,3456,12047,2666,2456,6911,Day_1,Dark,Fast,3.75mm,Experiment_2
2025-10-23T02:30:51.645Z,19,777,1470,264,889,1205,4062,3473,12075,2663,2464,6925,Day_1,Dark,Fast,3.75mm,Experiment_2
2025-10-23T02:30:51.685Z,26,779,1466,271,889,1205,4060,3499,12106,2667,2474,6936,Day_1,Dark,Fast,3.75mm,Experiment_2
2025-10-23T02:30:51.725Z,36,778,1464,278,888,1204,4064,3515,12128,2675,2479,6940,Day_1,Dark,Fast,3.75mm,Experiment_2
2025-10-23T02:30:51.765Z,50,779,1464,286,892,1203,4067,3509,12129,2680,2478,6940,Day_1,Dark,Fast,3.75mm,Experiment_2
2025-10-23T02:30:51.805Z,54,780,1466,289,895,1202,4064,3488,12095,2678,2472,6934,Day_1,Dark,Fast,3.75mm,Experiment_2
2025-10-23T02:30:51.845Z,45,778,1464,284,896,1201,4043,3459,12032,2667,2463,6924,Day_1,Dark,Fast,3.75mm,Experiment_2
2025-10-23T02:30:51.885Z,33,780,1460,279,901,1201,4009,3434,11981,2654,2455,6917,Day_1,Dark,Fast,3.75mm,Experiment_2
2025-10-23T02:30:51.925Z,28,787,1462,278,908,1204,3976,3430,11971,2641,2455,6919,Day_1,Dark,Fast,3.75mm,Experiment_2
2025-10-23T02:30:51.965Z,30,789,1469,279,908,1208,3960,3442,11973,2631,2460,6923,Day_1,Dark,Fast,3.75mm,Experiment_2
2025-10-23T02:30:52.005Z,33,781,1474,275,898,1209,3969,3449,11951,2628,2462,6920,Day_1,Dark,Fast,3.75mm,Experiment_2
2025-10-23T02:30:52.045Z,32,770,1473,268,884,1207,3994,3450,11906,2633,2459,6911,Day_1,Dark,Fast,3.75mm,Experiment_2
2025-10-23T02:30:52.085Z,33,764,1472,266,879,1207,4020,3460,11826,2643,2461,6894,Day_1,Dark,Fast,3.75mm,Experiment_2
2025-10-23T02:30:52.125Z,38,767,1471,272,883,1208,4037,3472,11688,2652,2465,6866,Day_1,Dark,Fast,3.75mm,Experiment_2
2025-10-23T02:30:52.165Z,42,773,1471,278,891,1211,4047,3474,11613,2657,2465,6847,Day_1,Dark,Fast,3.75mm,Experiment_2
2025-10-23T02:30:52.205Z,40,776,1472,275,895,1211,4049,3467,11732,2662,2462,6862,Day_1,Dark,Fast,3.75mm,Experiment_2
2025-10-23T02:30:52.245Z,33,775,1471,266,894,1210,4044,3464,11920,2663,2462,6893,Day_1,Dark,Fast,3.75mm,Experiment_2
2025-10-23T02:30:52.285Z,25,779,1469,256,898,1209,4030,3464,12034,2657,2462,6911,Day_1,Dark,Fast,3.75mm,Experiment_2
2025-10-23T02:30:52.325Z,19,789,1465,254,910,1209,4014,3464,12182,2652,2461,6936,Day_1,Dark,Fast,3.75mm,Experiment_2
2025-10-23T02:30:52.365Z,15,801,1458,257,922,1204,4015,3468,12483,2656,2462,6989,Day_1,Dark,Fast,3.75mm,Experiment_2
