time,Unpolarized_A_Green,Unpolarized_A_Red,Unpolarized_A_IR,Unpolarized_B_Green,Unpolarized_B_Red,Unpolarized_B_IR,Co-Polarized_Green,Co-Polarized_Red,Co-Polarized_IR,Cross-Polarized_Green,Cross-Polarized_Red,Cross-Polarized_IR,Day,SkinTone,Speed,Depth,Experiment
2025-10-23T01:26:12.468Z,31,760,1473,251,974,1709,3486,3095,10231,4030,4707,15433,Day_1,Dark,Fast,2.5mm,Experiment_2
2025-10-23T01:26:12.508Z,25,750,1464,246,960,1697,3466,3080,10136,3976,4613,15141,Day_1,Dark,Fast,2.5mm,Experiment_2
2025-10-23T01:26:12.548Z,19,751,1454,240,962,1688,3453,3065,10114,3946,4566,15014,Day_1,Dark,Fast,2.5mm,Experiment_2
2025-10-23T01:26:12.588Z,17,765,1450,237,977,1687,3455,3064,10176,3964,4610,15153,Day_1,Dark,Fast,2.5mm,Experiment_2
2025-10-23T01:26:12.628Z,21,779,1454,240,991,1692,3469,3077,10253,4005,4688,15381,Day_1,Dark,Fast,2.5mm,Experiment_2
2025-10-23T01:26:12.668Z,27,779,1461,246,991,1698,3482,3091,10292,4034,4731,15506,Day_1,Dark,Fast,2.5mm,Experiment_2
2025-10-23T01:26:12.708Z,31,770,1465,250,982,1702,3487,3099,10304,4045,4741,15538,Day_1,Dark,Fast,2.5mm,Experiment_2
2025-10-23T01:26:12.748Z,31,761,1467,253,976,1705,3488,3108,10319,4055,4756,15579,Day_1,Dark,Fast,2.5mm,Experiment_2
2025-10-23T01:26:12.788Z,29,761,1471,253,978,1710,3488,3115,10344,4069,4787,15661,Day_1,Dark,Fast,2.5mm,Experiment_2
2025-10-23T01:26:12.828Z,30,771,1478,255,989,1716,3483,3109,10363,4077,4809,15731,Day_1,Dark,Fast,2.5mm,Experiment_2
2025-10-23T01:26:12.868Z,33,785,1483,257,1002,1718,3470,3092,10356,4066,4797,15719,Day_1,Dark,Fast,2.5mm,Experiment_2
2025-10-23T01:26:12.908Z,35,790,1481,256,1004,1710,3455,3072,10297,4034,4736,15553,Day_1,Dark,Fast,2.5mm,Experiment_2
2025-10-23T01:26:12.948Z,34,783,1469,251,992,1694,3442,3055,10180,3987,4634,15233,Day_1,Dark,Fast,2.5mm,Experiment_2
2025-10-23T01:26:12.988Z,29,774,1457,244,979,1681,3434,3046,10084,3951,4555,14973,Day_1,Dark,Fast,2.5mm,Experiment_2
2025-10-23T01:26:13.028Z,26,772,1452,241,978,1680,3438,3051,10101,3957,4568,15007,Day_1,Dark,Fast,2.5mm,Experiment_2
2025-10-23T01:26:13.068Z,29,776,1456,248,983,1687,3458,3067,10200,3992,4641,15235,Day_1,Dark,Fast,2.5mm,Experiment_2
2025-10-23T01:26:13.108Z,31,776,1464,256,982,1693,3483,3074,10276,4021,4691,15397,Day_1,Dark,Fast,2.5mm,Experiment_2
2025-10-23T01:26:13.148Z,25,774,1468,256,979,1695,3496,3064,10291,4031,4697,15433,Day_1,Dark,Fast,2.5mm,Experiment_2
2025-10-23T01:26:13.188Z,16,775,1469,251,980,1699,3493,3061,10296,4038,4707,15473,Day_1,Dark,Fast,2.5mm,Experiment_2
2025-10-23T01:26:13.228Z,12,775,1469,246,984,1705,3491,3079,10334,4054,4748,15589,Day_1,Dark,Fast,2.5mm,Experiment_2
2025-10-23T01:26:13.268Z,14,771,1469,243,981,1709,3503,3107,10378,4074,4791,15701,Day_1,Dark,Fast,2.5mm,Experiment_2
2025-10-23T01:26:13.308Z,22,768,1470,244,977,1710,3516,3124,10388,4078,4802,15725,Day_1,Dark,Fast,2.5mm,Experiment_2
2025-10-23T01:26:13.348Z,32,770,1471,248,976,1710,3506,3116,10339,4054,4759,15609,Day_1,Dark,Fast,2.5mm,Experiment_2
2025-10-23T01:26:13.388Z,38,772,1468,250,979,1703,3481,3084,10235,4009,4667,15346,Day_1,Dark,Fast,2.5mm,Experiment_2
2025-10-23T01:26:13.428Z,36,771,1458,246,981,1690,3460,3056,10140,3971,4587,15099,Day_1,Dark,Fast,2.5mm,Experiment_2
2025-10-23T01:26:13.468Z,29,774,1449,241,982,1681,3453,3051,10125,3969,4579,15067,Day_1,Dark,Fast,2.5mm,Experiment_2
2025-10-23T01:26:13.508Z,28,781,1452,243,986,1684,3462,3054,10174,3996,4624,15211,Day_1,Dark,Fast,2.5mm,Experiment_2
2025-10-23T01:26:13.548Z,32,788,1459,252,993,1693,3478,3054,10232,4026,4671,15373,Day_1,Dark,Fast,2.5mm,Experiment_2
2025-10-23T01:26:13.588Z,37,793,1462,257,1000,1697,3487,3056,10276,4042,4703,15478,Day_1,Dark,Fast,2.5mm,Experiment_2
2025-10-23T01:26:13.628Z,38,793,1464,258,1004,1699,3488,3064,10315,4051,4730,15563,Day_1,Dark,Fast,2.5mm,Experiment_2
2025-10-23T01:26:13.668Z,34,789,1472,256,1004,1704,3490,3078,10356,4062,4766,15666,Day_1,Dark,Fast,2.5mm,Experiment_2
2025-10-23T01:26:13.708Z,27,783,1480,254,1000,1710,3494,3089,10376,4073,4794,15741,Day_1,Dark,Fast,2.5mm,Experiment_2
2025-10-23T01:26:13.748Z,26,779,1478,255,996,1708,3496,3083,10356,4071,4790,15733,Day_1,Dark,Fast,2.5mm,Experiment_2
2025-10-23T01:26:13.788Z,29,782,1469,256,995,1699,3494,3059,10292,4052,4743,15602,Day_1,Dark,Fast,2.5mm,Experiment_2
2025-10-23T01:26:13.828Z,30,787,1462,256,993,1691,3487,3030,10203,4018,4659,15353,Day_1,Dark,Fast,2.5mm,Experiment_2
2025-10-23T01:26:13.868Z,26,786,1458,253,989,1687,3479,3015,10139,3987,4589,15125,Day_1,Dark,Fast,2.5mm,Experiment_2
2025-10-23T01:26:13.908Z,22,784,1456,252,989,1689,3482,3028,10142,3987,4586,15085,Day_1,Dark,Fast,2.5mm,Experiment_2
2025-10-23T01:26:13.948Z,21,782,1455,253,990,1692,3494,3059,10196,4014,4642,15221,Day_1,Dark,Fast,2.5mm,Experiment_2
2025-10-23T01:26:13.988Z,22,779,1454,255,990,1696,3497,3081,10256,4037,4703,15394,Day_1,Dark,Fast,2.5mm,Experiment_2
2025-10-23T01:26:14.028Z,26,776,1454,258,989,1697,3490,3091,10294,4048,4738,15515,Day_1,Dark,Fast,2.5mm,Experiment_2
2025-10-23T01:26:14.068Z,31,770,1457,260,986,1696,3492,3096,10318,4061,4755,15592,Day_1,Dark,Fast,2.5mm,Experiment_2
2025-10-23T01:26:14.108Z,35,769,1462,262,989,1697,3505,3093,10345,4083,4770,15664,Day_1,Dark,Fast,2.5mm,Experiment_2
2025-10-23T01:26:14.148Z,38,781,1468,264,1001,1702,3517,3085,10374,4101,4785,15729,Day_1,Dark,Fast,2.5mm,Experiment_2
2025-10-23T01:26:14.188Z,42,793,1477,267,1013,1710,3523,3084,10387,4104,4796,15751,Day_1,Dark,Fast,2.5mm,Experiment_2
2025-10-23T01:26:14.228Z,46,791,1484,269,1011,1715,3521,3090,10366,4089,4785,15679,Day_1,Dark,Fast,2.5mm,Experiment_2
2025-10-23T01:26:14.268Z,50,779,1482,271,997,1709,3510,3092,10288,4050,4725,15456,Day_1,Dark,Fast,2.5mm,Experiment_2
2025-10-23T01:26:14.308Z,57,767,1472,276,982,1697,3490,3085,10177,3996,4627,15136,Day_1,Dark,Fast,2.5mm,Experiment_2
2025-10-23T01:26:14.348Z,60,760,1464,278,974,1688,3477,3074,10114,3962,4563,14954,Day_1,Dark,Fast,2.5mm,Experiment_2
2025-10-23T01:26:14.388Z,54,758,1461,275,974,1689,3482,3066,10153,3976,4589,15072,Day_1,Dark,Fast,2.5mm,Experiment_2
2025-10-23T01:26:14.428Z,47,760,1463,270,979,1694,3498,3068,10236,4014,4660,15321,Day_1,Dark,Fast,2.5mm,Experiment_2
2025-10-23T01:26:14.468Z,45,761,1465,266,982,1699,3511,3076,10283,4039,4703,15467,Day_1,Dark,Fast,2.5mm,Experiment_2
2025-10-23T01:26:14.508Z,39,759,1466,258,980,1701,3517,3085,10289,4048,4713,15495,Day_1,Dark,Fast,2.5mm,Experiment_2
2025-10-23T01:26:14.548Z,30,759,1465,247,979,1702,3513,3091,10302,4054,4730,15528,Day_1,Dark,Fast,2.5mm,Experiment_2
2025-10-23T01:26:14.588Z,25,762,1464,242,982,1703,3503,3095,10339,4064,4764,15622,Day_1,Dark,Fast,2.5mm,Experiment_2
2025-10-23T01:26:14.628Z,29,764,1464,246,982,1704,3500,3096,10378,4078,4792,15714,Day_1,Dark,Fast,2.5mm,Experiment_2
2025-10-23T01:26:14.668Z,39,762,1465,256,977,1704,3501,3086,10383,4081,4787,15725,Day_1,Dark,Fast,2.5mm,Experiment_2
2025-10-23T01:26:14.708Z,48,763,1466,265,975,1703,3492,3060,10327,4052,4733,15585,Day_1,Dark,Fast,2.5mm,Experiment_2
2025-10-23T01:26:14.748Z,50,766,1464,268,975,1695,3474,3037,10213,3997,4636,15282,Day_1,Dark,Fast,2.5mm,Experiment_2
2025-10-23T01:26:14.788Z,51,761,1460,267,968,1686,3467,3032,10118,3957,4558,15008,Day_1,Dark,Fast,2.5mm,Experiment_2
2025-10-23T01:26:14.828Z,50,753,1459,266,962,1683,3472,3036,10118,3964,4560,15002,Day_1,Dark,Fast,2.5mm,Experiment_2
2025-10-23T01:26:14.868Z,43,752,1464,260,964,1689,3480,3035,10182,3997,4618,15200,Day_1,Dark,Fast,2.5mm,Experiment_2
2025-10-23T01:26:14.908Z,36,755,1471,257,971,1700,3486,3037,10232,4021,4671,15374,Day_1,Dark,Fast,2.5mm,Experiment_2
2025-10-23T01:26:14.948Z,32,757,1473,257,973,1706,3497,3048,10246,4031,4699,15447,Day_1,Dark,Fast,2.5mm,Experiment_2
2025-10-23T01:26:14.988Z,31,760,1470,258,976,1706,3512,3066,10269,4042,4724,15515,Day_1,Dark,Fast,2.5mm,Experiment_2
2025-10-23T01:26:15.028Z,30,768,1471,255,984,1707,3523,3091,10320,4059,4766,15637,Day_1,Dark,Fast,2.5mm,Experiment_2
2025-10-23T01:26:15.068Z,29,776,1474,253,994,1710,3519,3123,10365,4070,4808,15739,Day_1,Dark,Fast,2.5mm,Experiment_2
2025-10-23T01:26:15.108Z,33,783,1477,258,1000,1712,3508,3146,10375,4067,4822,15749,Day_1,Dark,Fast,2.5mm,Experiment_2
2025-10-23T01:26:15.148Z,45,788,1477,272,1002,1713,3503,3142,10338,4051,4786,15630,Day_1,Dark,Fast,2.5mm,Experiment_2
2025-10-23T01:26:15.188Z,53,791,1472,280,998,1707,3492,3113,10251,4015,4701,15376,Day_1,Dark,Fast,2.5mm,Experiment_2
2025-10-23T01:26:15.228Z,49,788,1466,277,991,1699,3469,3079,10165,3975,4618,15138,Day_1,Dark,Fast,2.5mm,Experiment_2
2025-10-23T01:26:15.268Z,40,779,1465,268,983,1699,3456,3056,10143,3965,4596,15099,Day_1,Dark,Fast,2.5mm,Experiment_2
2025-10-23T01:26:15.308Z,34,771,1467,262,980,1703,3466,3048,10179,3987,4627,15227,Day_1,Dark,Fast,2.5mm,Experiment_2
2025-10-23T01:26:15.348Z,33,764,1470,257,979,1705,3486,3055,10226,4017,4672,15379,Day_1,Dark,Fast,2.5mm,Experiment_2
2025-10-23T01:26:15.388Z,37,759,1473,258,981,1704,3508,3074,10267,4038,4712,15491,Day_1,Dark,Fast,2.5mm,Experiment_2
2025-10-23T01:26:15.428Z,42,757,1475,263,986,1706,3530,3090,10311,4057,4745,15583,Day_1,Dark,Fast,2.5mm,Experiment_2
2025-10-23T01:26:15.468Z,41,759,1477,265,992,1711,3544,3097,10359,4074,4777,15678,Day_1,Dark,Fast,2.5mm,Experiment_2
2025-10-23T01:26:15.508Z,35,764,1478,261,997,1714,3541,3098,10392,4084,4802,15752,Day_1,Dark,Fast,2.5mm,Experiment_2
2025-10-23T01:26:15.548Z,33,767,1472,258,995,1711,3533,3095,10393,4085,4803,15758,Day_1,Dark,Fast,2.5mm,Experiment_2
2025-10-23T01:26:15.588Z,38,763,1466,259,986,1704,3526,3086,10355,4071,4769,15651,Day_1,Dark,Fast,2.5mm,Experiment_2
2025-10-23T01:26:15.628Z,47,757,1462,264,972,1695,3511,3072,10274,4032,4695,15411,Day_1,Dark,Fast,2.5mm,Experiment_2
2025-10-23T01:26:15.668Z,46,753,1459,265,962,1687,3487,3058,10179,3982,4611,15146,Day_1,Dark,Fast,2.5mm,Experiment_2
2025-10-23T01:26:15.708Z,36,754,1457,261,960,1685,3478,3053,10146,3966,4577,15058,Day_1,Dark,Fast,2.5mm,Experiment_2
2025-10-23T01:26:15.748Z,27,762,1459,257,969,1692,3492,3058,10196,3995,4618,15199,Day_1,Dark,Fast,2.5mm,Experiment_2
2025-10-23T01:26:15.788Z,27,768,1464,260,979,1700,3500,3070,10269,4032,4684,15404,Day_1,Dark,Fast,2.5mm,Experiment_2
2025-10-23T01:26:15.828Z,37,765,1469,267,979,1703,3496,3078,10318,4049,4724,15525,Day_1,Dark,Fast,2.5mm,Experiment_2
2025-10-23T01:26:15.868Z,42,761,1470,268,977,1702,3496,3083,10339,4056,4741,15573,Day_1,Dark,Fast,2.5mm,Experiment_2
2025-10-23T01:26:15.908Z,35,766,1468,261,984,1699,3505,3090,10348,4064,4761,15619,Day_1,Dark,Fast,2.5mm,Experiment_2
2025-10-23T01:26:15.948Z,25,774,1467,254,992,1699,3512,3100,10363,4074,4789,15688,Day_1,Dark,Fast,2.5mm,Experiment_2
2025-10-23T01:26:15.988Z,25,773,1468,255,990,1702,3515,3104,10376,4081,4806,15739,Day_1,Dark,Fast,2.5mm,Experiment_2
2025-10-23T01:26:16.028Z,50,768,1467,261,981,1705,3514,3096,10363,4076,4794,15708,Day_1,Dark,Fast,2.5mm,Experiment_2
2025-10-23T01:26:16.068Z,135,766,1462,266,974,1701,3506,3075,10297,4047,4735,15524,Day_1,Dark,Fast,2.5mm,Experiment_2
2025-10-23T01:26:16.108Z,279,770,1457,272,974,1691,3492,3053,10187,3998,4635,15205,Day_1,Dark,Fast,2.5mm,Experiment_2
2025-10-23T01:26:16.148Z,361,772,1458,277,977,1686,3483,3046,10109,3961,4562,14974,Day_1,Dark,Fast,2.5mm,Experiment_2
2025-10-23T01:26:16.188Z,279,771,1462,277,981,1690,3487,3061,10136,3969,4585,15043,Day_1,Dark,Fast,2.5mm,Experiment_2
2025-10-23T01:26:16.228Z,134,769,1462,272,987,1697,3496,3082,10223,4005,4661,15283,Day_1,Dark,Fast,2.5mm,Experiment_2
2025-10-23T01:26:16.268Z,52,770,1459,267,993,1701,3497,3081,10277,4029,4702,15432,Day_1,Dark,Fast,2.5mm,Experiment_2
2025-10-23T01:26:16.308Z,30,776,1460,263,998,1702,3496,3062,10277,4037,4699,15446,Day_1,Dark,Fast,2.5mm,Experiment_2
2025-10-23T01:26:16.348Z,22,779,1462,262,997,1704,3501,3048,10278,4047,4704,15474,Day_1,Dark,Fast,2.5mm,Experiment_2
2025-10-23T01:26:16.388Z,16,772,1463,260,988,1707,3510,3051,10318,4063,4741,15591,Day_1,Dark,Fast,2.5mm,Experiment_2
2025-10-23T01:26:16.429Z,15,759,1467,251,975,1712,3511,3071,10370,4072,4785,15713,Day_1,Dark,Fast,2.5mm,Experiment_2
2025-10-23T01:26:16.469Z,17,754,1474,233,969,1719,3502,3099,10378,4066,4804,15737,Day_1,Dark,Fast,2.5mm,Experiment_2
2025-10-23T01:26:16.509Z,16,757,1480,219,971,1721,3495,3114,10322,4044,4775,15607,Day_1,Dark,Fast,2.5mm,Experiment_2
2025-10-23T01:26:16.549Z,15,761,1474,218,975,1709,3497,3099,10218,4009,4689,15327,Day_1,Dark,Fast,2.5mm,Experiment_2
2025-10-23T01:26:16.589Z,16,765,1460,227,977,1690,3497,3067,10129,3977,4601,15072,Day_1,Dark,Fast,2.5mm,Experiment_2
2025-10-23T01:26:16.629Z,18,769,1451,235,978,1679,3487,3049,10118,3972,4580,15043,Day_1,Dark,Fast,2.5mm,Experiment_2
2025-10-23T01:26:16.669Z,28,769,1453,243,977,1679,3477,3055,10172,3992,4623,15199,Day_1,Dark,Fast,2.5mm,Experiment_2
2025-10-23T01:26:16.709Z,49,768,1460,251,978,1688,3476,3071,10233,4015,4675,15367,Day_1,Dark,Fast,2.5mm,Experiment_2
2025-10-23T01:26:16.749Z,79,765,1468,261,978,1698,3482,3080,10271,4030,4710,15468,Day_1,Dark,Fast,2.5mm,Experiment_2
2025-10-23T01:26:16.789Z,133,760,1475,272,975,1705,3487,3083,10301,4040,4739,15551,Day_1,Dark,Fast,2.5mm,Experiment_2
2025-10-23T01:26:16.829Z,223,761,1480,289,977,1710,3489,3089,10338,4052,4775,15656,Day_1,Dark,Fast,2.5mm,Experiment_2
2025-10-23T01:26:16.869Z,279,772,1478,301,987,1712,3491,3101,10366,4063,4806,15733,Day_1,Dark,Fast,2.5mm,Experiment_2
2025-10-23T01:26:16.909Z,237,789,1470,296,1004,1709,3487,3112,10360,4064,4812,15725,Day_1,Dark,Fast,2.5mm,Experiment_2
2025-10-23T01:26:16.949Z,161,799,1461,277,1017,1700,3479,3114,10311,4046,4776,15600,Day_1,Dark,Fast,2.5mm,Experiment_2
2025-10-23T01:26:16.989Z,115,798,1456,260,1017,1690,3470,3098,10223,4009,4697,15358,Day_1,Dark,Fast,2.5mm,Experiment_2
2025-10-23T01:26:17.029Z,81,791,1460,255,1010,1688,3461,3076,10142,3971,4619,15135,Day_1,Dark,Fast,2.5mm,Experiment_2
2025-10-23T01:26:17.069Z,57,786,1469,260,1005,1695,3462,3061,10133,3962,4600,15101,Day_1,Dark,Fast,2.5mm,Experiment_2
2025-10-23T01:26:17.109Z,49,786,1474,266,1002,1705,3476,3060,10193,3988,4635,15239,Day_1,Dark,Fast,2.5mm,Experiment_2
2025-10-23T01:26:17.149Z,43,781,1475,265,997,1710,3492,3076,10267,4021,4686,15407,Day_1,Dark,Fast,2.5mm,Experiment_2
2025-10-23T01:26:17.189Z,33,772,1476,256,990,1711,3502,3102,10317,4044,4730,15523,Day_1,Dark,Fast,2.5mm,Experiment_2
2025-10-23T01:26:17.229Z,25,766,1479,250,987,1715,3507,3122,10346,4061,4763,15601,Day_1,Dark,Fast,2.5mm,Experiment_2
2025-10-23T01:26:17.269Z,24,765,1485,249,988,1721,3514,3129,10368,4079,4793,15674,Day_1,Dark,Fast,2.5mm,Experiment_2
2025-10-23T01:26:17.309Z,21,768,1486,245,991,1723,3526,3126,10384,4096,4815,15740,Day_1,Dark,Fast,2.5mm,Experiment_2
2025-10-23T01:26:17.349Z,16,777,1478,238,998,1717,3539,3124,10383,4105,4824,15761,Day_1,Dark,Fast,2.5mm,Experiment_2
2025-10-23T01:26:17.389Z,13,788,1466,233,1006,1706,3537,3125,10346,4094,4801,15682,Day_1,Dark,Fast,2.5mm,Experiment_2
2025-10-23T01:26:17.429Z,16,789,1452,235,1005,1690,3516,3111,10265,4054,4725,15459,Day_1,Dark,Fast,2.5mm,Experiment_2
2025-10-23T01:26:17.469Z,21,782,1435,240,996,1674,3492,3071,10172,3996,4612,15157,Day_1,Dark,Fast,2.5mm,Experiment_2
2025-10-23T01:26:17.509Z,24,775,1410,243,989,1668,3481,3031,10134,3963,4541,15005,Day_1,Dark,Fast,2.5mm,Experiment_2
2025-10-23T01:26:17.549Z,24,770,1376,244,988,1672,3487,3022,10178,3980,4571,15128,Day_1,Dark,Fast,2.5mm,Experiment_2
2025-10-23T01:26:17.589Z,25,768,1341,247,987,1677,3503,3046,10246,4022,4656,15354,Day_1,Dark,Fast,2.5mm,Experiment_2
2025-10-23T01:26:17.629Z,28,769,1287,252,988,1670,3517,3078,10274,4051,4717,15478,Day_1,Dark,Fast,2.5mm,Experiment_2
2025-10-23T01:26:17.669Z,27,771,1179,253,991,1646,3518,3099,10275,4059,4740,15509,Day_1,Dark,Fast,2.5mm,Experiment_2
2025-10-23T01:26:17.709Z,24,771,1111,252,993,1631,3507,3110,10293,4060,4758,15555,Day_1,Dark,Fast,2.5mm,Experiment_2
2025-10-23T01:26:17.749Z,23,773,1197,253,995,1650,3499,3119,10334,4064,4787,15648,Day_1,Dark,Fast,2.5mm,Experiment_2
2025-10-23T01:26:17.789Z,23,776,1349,251,996,1685,3494,3126,10373,4068,4810,15732,Day_1,Dark,Fast,2.5mm,Experiment_2
2025-10-23T01:26:17.829Z,19,778,1461,244,996,1704,3486,3121,10385,4061,4805,15734,Day_1,Dark,Fast,2.5mm,Experiment_2
2025-10-23T01:26:17.869Z,14,776,1587,235,991,1710,3473,3099,10343,4036,4751,15585,Day_1,Dark,Fast,2.5mm,Experiment_2
2025-10-23T01:26:17.909Z,13,770,1779,234,979,1714,3460,3067,10240,3993,4646,15275,Day_1,Dark,Fast,2.5mm,Experiment_2
2025-10-23T01:26:17.949Z,23,766,1935,242,972,1719,3449,3042,10146,3955,4556,15006,Day_1,Dark,Fast,2.5mm,Experiment_2
2025-10-23T01:26:17.989Z,37,770,2025,255,976,1724,3447,3043,10145,3956,4559,15013,Day_1,Dark,Fast,2.5mm,Experiment_2
2025-10-23T01:26:18.029Z,47,777,2183,265,984,1733,3457,3066,10210,3987,4634,15218,Day_1,Dark,Fast,2.5mm,Experiment_2
2025-10-23T01:26:18.069Z,48,779,2270,267,987,1737,3468,3083,10252,4014,4697,15376,Day_1,Dark,Fast,2.5mm,Experiment_2
2025-10-23T01:26:18.109Z,42,777,2028,263,985,1724,3474,3076,10255,4027,4716,15423,Day_1,Dark,Fast,2.5mm,Experiment_2
2025-10-23T01:26:18.149Z,34,774,1655,258,983,1707,3487,3066,10266,4045,4733,15478,Day_1,Dark,Fast,2.5mm,Experiment_2
2025-10-23T01:26:18.189Z,32,770,1472,256,981,1703,3516,3070,10305,4077,4773,15602,Day_1,Dark,Fast,2.5mm,Experiment_2
2025-10-23T01:26:18.229Z,34,764,1529,256,979,1709,3540,3082,10346,4099,4808,15715,Day_1,Dark,Fast,2.5mm,Experiment_2
2025-10-23T01:26:18.269Z,35,761,1707,254,980,1714,3537,3092,10367,4093,4812,15737,Day_1,Dark,Fast,2.5mm,Experiment_2
2025-10-23T01:26:18.309Z,35,761,1792,253,982,1710,3513,3096,10348,4063,4773,15624,Day_1,Dark,Fast,2.5mm,Experiment_2
2025-10-23T01:26:18.349Z,34,759,1635,253,978,1694,3492,3085,10277,4020,4689,15373,Day_1,Dark,Fast,2.5mm,Experiment_2
2025-10-23T01:26:18.389Z,34,756,1355,251,971,1674,3488,3067,10196,3986,4606,15135,Day_1,Dark,Fast,2.5mm,Experiment_2
2025-10-23T01:26:18.429Z,32,759,1201,248,974,1666,3500,3059,10175,3983,4587,15097,Day_1,Dark,Fast,2.5mm,Experiment_2
2025-10-23T01:26:18.469Z,26,769,1260,243,984,1675,3511,3064,10212,4006,4628,15230,Day_1,Dark,Fast,2.5mm,Experiment_2
2025-10-23T01:26:18.509Z,22,776,1403,240,989,1689,3512,3071,10263,4031,4681,15391,Day_1,Dark,Fast,2.5mm,Experiment_2
2025-10-23T01:26:18.549Z,25,776,1502,241,989,1700,3509,3075,10297,4047,4716,15506,Day_1,Dark,Fast,2.5mm,Experiment_2
2025-10-23T01:26:18.589Z,32,777,1575,244,990,1711,3512,3082,10318,4060,4743,15590,Day_1,Dark,Fast,2.5mm,Experiment_2
2025-10-23T01:26:18.629Z,33,782,1671,246,999,1724,3521,3090,10344,4075,4773,15678,Day_1,Dark,Fast,2.5mm,Experiment_2
2025-10-23T01:26:18.669Z,31,786,1726,248,1007,1730,3526,3087,10371,4086,4791,15746,Day_1,Dark,Fast,2.5mm,Experiment_2
2025-10-23T01:26:18.709Z,34,780,1668,254,1003,1722,3525,3067,10374,4083,4779,15743,Day_1,Dark,Fast,2.5mm,Experiment_2
2025-10-23T01:26:18.749Z,40,765,1571,259,987,1708,3516,3047,10330,4061,4735,15618,Day_1,Dark,Fast,2.5mm,Experiment_2
2025-10-23T01:26:18.789Z,42,750,1512,258,970,1695,3503,3038,10241,4023,4664,15369,Day_1,Dark,Fast,2.5mm,Experiment_2
2025-10-23T01:26:18.829Z,39,744,1480,254,960,1685,3492,3037,10156,3988,4595,15130,Day_1,Dark,Fast,2.5mm,Experiment_2
2025-10-23T01:26:18.869Z,37,745,1460,254,959,1680,3486,3046,10135,3982,4583,15077,Day_1,Dark,Fast,2.5mm,Experiment_2
2025-10-23T01:26:18.909Z,39,752,1451,259,967,1683,3485,3065,10183,4004,4638,15217,Day_1,Dark,Fast,2.5mm,Experiment_2
2025-10-23T01:26:18.949Z,39,765,1451,261,982,1690,3482,3086,10250,4030,4708,15399,Day_1,Dark,Fast,2.5mm,Experiment_2
2025-10-23T01:26:18.989Z,35,778,1456,258,995,1695,3479,3100,10299,4041,4748,15518,Day_1,Dark,Fast,2.5mm,Experiment_2
2025-10-23T01:26:19.029Z,31,784,1460,253,1001,1696,3477,3108,10327,4041,4763,15586,Day_1,Dark,Fast,2.5mm,Experiment_2
2025-10-23T01:26:19.069Z,27,785,1460,251,999,1695,3473,3106,10342,4043,4776,15648,Day_1,Dark,Fast,2.5mm,Experiment_2
2025-10-23T01:26:19.109Z,26,781,1459,254,993,1696,3471,3097,10351,4050,4793,15707,Day_1,Dark,Fast,2.5mm,Experiment_2
2025-10-23T01:26:19.149Z,29,778,1460,259,988,1699,3481,3092,10354,4061,4806,15735,Day_1,Dark,Fast,2.5mm,Experiment_2
2025-10-23T01:26:19.189Z,34,781,1462,263,989,1701,3502,3092,10334,4067,4794,15680,Day_1,Dark,Fast,2.5mm,Experiment_2
2025-10-23T01:26:19.229Z,38,784,1458,263,991,1694,3515,3088,10259,4050,4733,15474,Day_1,Dark,Fast,2.5mm,Experiment_2
2025-10-23T01:26:19.269Z,36,780,1448,260,986,1680,3504,3079,10134,4003,4632,15149,Day_1,Dark,Fast,2.5mm,Experiment_2
2025-10-23T01:26:19.309Z,32,772,1443,254,981,1671,3483,3075,10025,3963,4566,14938,Day_1,Dark,Fast,2.5mm,Experiment_2
2025-10-23T01:26:19.349Z,29,775,1446,252,988,1675,3478,3081,9984,3971,4597,15021,Day_1,Dark,Fast,2.5mm,Experiment_2
2025-10-23T01:26:19.389Z,27,789,1446,252,1004,1679,3488,3087,10000,4006,4670,15249,Day_1,Dark,Fast,2.5mm,Experiment_2
2025-10-23T01:26:19.429Z,24,797,1444,254,1012,1679,3500,3089,9987,4032,4713,15374,Day_1,Dark,Fast,2.5mm,Experiment_2
2025-10-23T01:26:19.469Z,22,790,1447,256,1005,1679,3505,3094,9881,4042,4721,15370,Day_1,Dark,Fast,2.5mm,Experiment_2
2025-10-23T01:26:19.509Z,23,772,1454,259,989,1687,3497,3100,9826,4049,4730,15393,Day_1,Dark,Fast,2.5mm,Experiment_2
2025-10-23T01:26:19.549Z,27,756,1461,260,975,1699,3490,3096,9954,4059,4756,15525,Day_1,Dark,Fast,2.5mm,Experiment_2
2025-10-23T01:26:19.589Z,32,754,1463,259,973,1706,3494,3081,10120,4068,4778,15663,Day_1,Dark,Fast,2.5mm,Experiment_2
2025-10-23T01:26:19.629Z,34,763,1463,254,981,1707,3505,3076,10234,4070,4780,15707,Day_1,Dark,Fast,2.5mm,Experiment_2
2025-10-23T01:26:19.669Z,30,772,1464,247,990,1706,3515,3085,10423,4055,4746,15626,Day_1,Dark,Fast,2.5mm,Experiment_2
2025-10-23T01:26:19.709Z,24,776,1461,240,992,1699,3516,3084,10706,4016,4662,15415,Day_1,Dark,Fast,2.5mm,Experiment_2
2025-10-23T01:26:19.749Z,18,776,1455,236,988,1690,3507,3068,10833,3978,4578,15192,Day_1,Dark,Fast,2.5mm,Experiment_2
2025-10-23T01:26:19.789Z,16,775,1457,237,984,1691,3492,3062,10658,3971,4568,15135,Day_1,Dark,Fast,2.5mm,Experiment_2
2025-10-23T01:26:19.829Z,20,771,1465,241,979,1698,3476,3076,10402,3990,4624,15246,Day_1,Dark,Fast,2.5mm,Experiment_2
2025-10-23T01:26:19.869Z,30,762,1470,248,972,1703,3468,3095,10260,4007,4684,15374,Day_1,Dark,Fast,2.5mm,Experiment_2
2025-10-23T01:26:19.909Z,38,757,1472,256,967,1705,3471,3108,10154,4015,4719,15425,Day_1,Dark,Fast,2.5mm,Experiment_2
2025-10-23T01:26:19.949Z,39,761,1472,259,970,1707,3482,3114,10009,4028,4746,15454,Day_1,Dark,Fast,2.5mm,Experiment_2
2025-10-23T01:26:19.989Z,33,768,1470,258,978,1708,3501,3114,9880,4053,4782,15532,Day_1,Dark,Fast,2.5mm,Experiment_2
2025-10-23T01:26:20.029Z,26,766,1466,252,981,1703,3520,3111,9696,4072,4811,15585,Day_1,Dark,Fast,2.5mm,Experiment_2
2025-10-23T01:26:20.069Z,23,758,1463,246,978,1698,3527,3111,9302,4074,4815,15507,Day_1,Dark,Fast,2.5mm,Experiment_2
2025-10-23T01:26:20.109Z,29,755,1463,247,976,1693,3515,3106,9014,4054,4778,15335,Day_1,Dark,Fast,2.5mm,Experiment_2
2025-10-23T01:26:20.149Z,41,756,1460,251,975,1684,3492,3088,9211,4016,4696,15156,Day_1,Dark,Fast,2.5mm,Experiment_2
2025-10-23T01:26:20.189Z,45,757,1453,253,972,1675,3478,3065,9590,3982,4615,15030,Day_1,Dark,Fast,2.5mm,Experiment_2
2025-10-23T01:26:20.229Z,37,761,1447,249,974,1674,3472,3051,9813,3975,4596,15041,Day_1,Dark,Fast,2.5mm,Experiment_2
2025-10-23T01:26:20.269Z,23,767,1444,242,984,1679,3465,3049,9922,3990,4630,15176,Day_1,Dark,Fast,2.5mm,Experiment_2
2025-10-23T01:26:20.309Z,13,770,1444,237,992,1684,3462,3053,9966,4011,4675,15328,Day_1,Dark,Fast,2.5mm,Experiment_2
2025-10-23T01:26:20.349Z,10,770,1447,235,994,1688,3466,3063,10033,4029,4714,15453,Day_1,Dark,Fast,2.5mm,Experiment_2
2025-10-23T01:26:20.389Z,12,771,1452,237,996,1693,3474,3077,10281,4043,4748,15590,Day_1,Dark,Fast,2.5mm,Experiment_2
2025-10-23T01:26:20.429Z,16,776,1459,242,1002,1700,3478,3090,10666,4054,4780,15751,Day_1,Dark,Fast,2.5mm,Experiment_2
2025-10-23T01:26:20.469Z,19,781,1468,244,1009,1707,3479,3093,10900,4063,4801,15863,Day_1,Dark,Fast,2.5mm,Experiment_2
2025-10-23T01:26:20.509Z,20,782,1475,242,1008,1713,3478,3088,10814,4064,4801,15852,Day_1,Dark,Fast,2.5mm,Experiment_2
2025-10-23T01:26:20.549Z,21,777,1476,242,999,1715,3473,3085,10581,4050,4769,15709,Day_1,Dark,Fast,2.5mm,Experiment_2
2025-10-23T01:26:20.589Z,22,771,1468,244,988,1707,3469,3078,10380,4016,4693,15447,Day_1,Dark,Fast,2.5mm,Experiment_2
2025-10-23T01:26:20.629Z,22,771,1456,247,985,1693,3475,3062,10231,3981,4597,15161,Day_1,Dark,Fast,2.5mm,Experiment_2
2025-10-23T01:26:20.669Z,25,782,1450,251,994,1685,3489,3053,10166,3973,4555,15054,Day_1,Dark,Fast,2.5mm,Experiment_2
2025-10-23T01:26:20.709Z,32,797,1453,255,1011,1688,3507,3061,10199,4002,4602,15193,Day_1,Dark,Fast,2.5mm,Experiment_2
2025-10-23T01:26:20.749Z,37,802,1459,257,1018,1694,3522,3080,10261,4037,4682,15403,Day_1,Dark,Fast,2.5mm,Experiment_2
2025-10-23T01:26:20.789Z,34,791,1461,254,1010,1697,3527,3098,10295,4056,4731,15518,Day_1,Dark,Fast,2.5mm,Experiment_2
2025-10-23T01:26:20.829Z,31,775,1460,252,995,1697,3523,3104,10306,4061,4744,15558,Day_1,Dark,Fast,2.5mm,Experiment_2
2025-10-23T01:26:20.869Z,30,766,1459,250,987,1696,3518,3105,10323,4065,4756,15606,Day_1,Dark,Fast,2.5mm,Experiment_2
2025-10-23T01:26:20.909Z,29,764,1460,249,983,1698,3518,3111,10346,4075,4782,15679,Day_1,Dark,Fast,2.5mm,Experiment_2
2025-10-23T01:26:20.949Z,27,760,1464,249,979,1704,3521,3115,10354,4084,4806,15727,Day_1,Dark,Fast,2.5mm,Experiment_2
2025-10-23T01:26:20.989Z,27,752,1468,247,973,1708,3525,3115,10332,4080,4802,15696,Day_1,Dark,Fast,2.5mm,Experiment_2
2025-10-23T01:26:21.029Z,26,741,1465,241,970,1704,3518,3112,10265,4050,4751,15521,Day_1,Dark,Fast,2.5mm,Experiment_2
2025-10-23T01:26:21.069Z,24,734,1463,238,968,1699,3495,3094,10157,3998,4649,15205,Day_1,Dark,Fast,2.5mm,Experiment_2
2025-10-23T01:26:21.109Z,25,738,1464,244,964,1699,3471,3061,10081,3956,4559,14961,Day_1,Dark,Fast,2.5mm,Experiment_2
2025-10-23T01:26:21.149Z,27,745,1468,255,962,1702,3466,3034,10108,3960,4560,15013,Day_1,Dark,Fast,2.5mm,Experiment_2
2025-10-23T01:26:21.189Z,27,745,1471,259,964,1705,3479,3032,10199,3994,4628,15250,Day_1,Dark,Fast,2.5mm,Experiment_2
2025-10-23T01:26:21.229Z,30,717,1471,257,970,1705,3487,3046,10263,4015,4684,15409,Day_1,Dark,Fast,2.5mm,Experiment_2
2025-10-23T01:26:21.269Z,33,653,1468,254,974,1702,3481,3060,10276,4019,4702,15439,Day_1,Dark,Fast,2.5mm,Experiment_2
2025-10-23T01:26:21.309Z,33,607,1469,253,979,1703,3475,3069,10283,4026,4718,15475,Day_1,Dark,Fast,2.5mm,Experiment_2
2025-10-23T01:26:21.349Z,33,647,1475,255,994,1711,3477,3078,10314,4044,4751,15589,Day_1,Dark,Fast,2.5mm,Experiment_2
2025-10-23T01:26:21.389Z,33,766,1480,256,1012,1717,3492,3091,10350,4060,4782,15702,Day_1,Dark,Fast,2.5mm,Experiment_2
2025-10-23T01:26:21.429Z,30,916,1477,252,1019,1714,3513,3106,10355,4065,4789,15724,Day_1,Dark,Fast,2.5mm,Experiment_2
2025-10-23T01:26:21.469Z,25,1137,1466,245,1007,1703,3526,3108,10310,4051,4750,15602,Day_1,Dark,Fast,2.5mm,Experiment_2
2025-10-23T01:26:21.509Z,19,1550,1452,241,988,1688,3517,3090,10219,4013,4663,15331,Day_1,Dark,Fast,2.5mm,Experiment_2
2025-10-23T01:26:21.549Z,16,1970,1445,239,973,1677,3489,3073,10137,3971,4584,15079,Day_1,Dark,Fast,2.5mm,Experiment_2
2025-10-23T01:26:21.589Z,16,1963,1448,242,968,1679,3461,3073,10127,3958,4578,15047,Day_1,Dark,Fast,2.5mm,Experiment_2
2025-10-23T01:26:21.629Z,20,1540,1456,248,976,1692,3452,3078,10177,3975,4631,15199,Day_1,Dark,Fast,2.5mm,Experiment_2
2025-10-23T01:26:21.669Z,25,1122,1469,253,987,1708,3464,3078,10238,4006,4685,15368,Day_1,Dark,Fast,2.5mm,Experiment_2
2025-10-23T01:26:21.709Z,27,907,1481,254,994,1718,3486,3072,10280,4035,4715,15468,Day_1,Dark,Fast,2.5mm,Experiment_2
2025-10-23T01:26:21.749Z,25,823,1487,249,992,1718,3502,3066,10305,4055,4733,15543,Day_1,Dark,Fast,2.5mm,Experiment_2
2025-10-23T01:26:21.789Z,21,779,1486,243,986,1711,3504,3066,10333,4069,4756,15643,Day_1,Dark,Fast,2.5mm,Experiment_2
2025-10-23T01:26:21.829Z,24,708,1481,243,978,1706,3498,3067,10361,4074,4776,15728,Day_1,Dark,Fast,2.5mm,Experiment_2
2025-10-23T01:26:21.869Z,29,590,1471,247,970,1700,3494,3069,10371,4071,4780,15737,Day_1,Dark,Fast,2.5mm,Experiment_2
2025-10-23T01:26:21.909Z,31,495,1460,247,966,1692,3493,3069,10338,4054,4750,15621,Day_1,Dark,Fast,2.5mm,Experiment_2
2025-10-23T01:26:21.949Z,29,494,1450,242,972,1680,3488,3054,10252,4019,4676,15376,Day_1,Dark,Fast,2.5mm,Experiment_2
2025-10-23T01:26:21.989Z,23,561,1445,237,980,1672,3479,3030,10168,3980,4598,15144,Day_1,Dark,Fast,2.5mm,Experiment_2
2025-10-23T01:26:22.029Z,19,656,1444,233,985,1672,3481,3018,10150,3972,4575,15105,Day_1,Dark,Fast,2.5mm,Experiment_2
2025-10-23T01:26:22.069Z,16,772,1448,233,990,1679,3499,3025,10199,3999,4612,15243,Day_1,Dark,Fast,2.5mm,Experiment_2
2025-10-23T01:26:22.109Z,14,907,1455,234,1000,1687,3517,3044,10263,4033,4669,15413,Day_1,Dark,Fast,2.5mm,Experiment_2
2025-10-23T01:26:22.149Z,14,1027,1462,237,1008,1694,3518,3065,10302,4050,4717,15525,Day_1,Dark,Fast,2.5mm,Experiment_2
2025-10-23T01:26:22.190Z,16,1065,1466,240,1007,1700,3502,3083,10318,4052,4750,15594,Day_1,Dark,Fast,2.5mm,Experiment_2
2025-10-23T01:26:22.230Z,16,1031,1469,240,1009,1706,3490,3103,10332,4053,4775,15662,Day_1,Dark,Fast,2.5mm,Experiment_2
2025-10-23T01:26:22.270Z,15,971,1470,241,1015,1710,3490,3121,10352,4062,4794,15726,Day_1,Dark,Fast,2.5mm,Experiment_2
2025-10-23T01:26:22.310Z,21,882,1469,248,1013,1711,3493,3119,10362,4070,4797,15747,Day_1,Dark,Fast,2.5mm,Experiment_2
2025-10-23T01:26:22.350Z,30,775,1469,258,1003,1710,3490,3100,10337,4062,4771,15673,Day_1,Dark,Fast,2.5mm,Experiment_2
2025-10-23T01:26:22.390Z,33,689,1465,262,995,1704,3480,3072,10266,4030,4699,15452,Day_1,Dark,Fast,2.5mm,Experiment_2
2025-10-23T01:26:22.430Z,29,662,1455,256,991,1689,3464,3042,10170,3979,4597,15142,Day_1,Dark,Fast,2.5mm,Experiment_2
2025-10-23T01:26:22.470Z,24,698,1446,249,989,1680,3452,3029,10119,3946,4543,14975,Day_1,Dark,Fast,2.5mm,Experiment_2
2025-10-23T01:26:22.510Z,24,749,1449,249,990,1684,3458,3046,10151,3963,4591,15097,Day_1,Dark,Fast,2.5mm,Experiment_2
2025-10-23T01:26:22.550Z,28,773,1456,252,991,1694,3479,3074,10222,4007,4679,15339,Day_1,Dark,Fast,2.5mm,Experiment_2
2025-10-23T01:26:22.590Z,30,775,1459,253,988,1697,3495,3087,10272,4035,4728,15478,Day_1,Dark,Fast,2.5mm,Experiment_2
2025-10-23T01:26:22.630Z,27,773,1461,248,987,1696,3499,3089,10291,4043,4737,15506,Day_1,Dark,Fast,2.5mm,Experiment_2
2025-10-23T01:26:22.670Z,21,779,1468,241,995,1699,3498,3097,10299,4049,4753,15536,Day_1,Dark,Fast,2.5mm,Experiment_2
2025-10-23T01:26:22.710Z,19,785,1478,237,1004,1706,3502,3107,10313,4064,4787,15620,Day_1,Dark,Fast,2.5mm,Experiment_2
2025-10-23T01:26:22.750Z,20,782,1482,239,1003,1708,3515,3104,10333,4082,4812,15708,Day_1,Dark,Fast,2.5mm,Experiment_2
2025-10-23T01:26:22.790Z,24,773,1477,245,993,1705,3528,3097,10343,4082,4809,15725,Day_1,Dark,Fast,2.5mm,Experiment_2
2025-10-23T01:26:22.830Z,30,768,1468,252,985,1699,3524,3091,10306,4049,4763,15591,Day_1,Dark,Fast,2.5mm,Experiment_2
2025-10-23T01:26:22.870Z,33,772,1459,255,984,1690,3477,3080,10209,3984,4668,15292,Day_1,Dark,Fast,2.5mm,Experiment_2
2025-10-23T01:26:22.910Z,31,777,1456,254,987,1684,3343,3067,10119,3907,4583,15021,Day_1,Dark,Fast,2.5mm,Experiment_2
2025-10-23T01:26:22.950Z,30,777,1462,251,989,1690,3121,3064,10116,3832,4577,15010,Day_1,Dark,Fast,2.5mm,Experiment_2
2025-10-23T01:26:22.990Z,31,774,1469,250,990,1701,2953,3069,10175,3780,4633,15200,Day_1,Dark,Fast,2.5mm,Experiment_2
2025-10-23T01:26:23.030Z,30,774,1469,250,993,1705,2942,3078,10226,3798,4685,15370,Day_1,Dark,Fast,2.5mm,Experiment_2
2025-10-23T01:26:23.070Z,27,773,1463,249,993,1701,3013,3081,10249,3882,4709,15447,Day_1,Dark,Fast,2.5mm,Experiment_2
2025-10-23T01:26:23.110Z,24,766,1456,250,987,1695,3157,3076,10284,3977,4725,15521,Day_1,Dark,Fast,2.5mm,Experiment_2
2025-10-23T01:26:23.150Z,21,764,1453,250,987,1692,3456,3077,10340,4069,4756,15643,Day_1,Dark,Fast,2.5mm,Experiment_2
2025-10-23T01:26:23.190Z,19,770,1456,247,993,1697,3913,3080,10379,4173,4783,15739,Day_1,Dark,Fast,2.5mm,Experiment_2
2025-10-23T01:26:23.230Z,17,773,1465,243,996,1706,4404,3070,10378,4273,4781,15741,Day_1,Dark,Fast,2.5mm,Experiment_2
2025-10-23T01:26:23.270Z,17,766,1468,239,988,1709,4805,3051,10333,4339,4739,15616,Day_1,Dark,Fast,2.5mm,Experiment_2
2025-10-23T01:26:23.310Z,17,757,1462,240,975,1703,5122,3035,10246,4368,4659,15363,Day_1,Dark,Fast,2.5mm,Experiment_2
2025-10-23T01:26:23.350Z,22,755,1456,247,968,1696,5131,3030,10162,4333,4588,15131,Day_1,Dark,Fast,2.5mm,Experiment_2
2025-10-23T01:26:23.390Z,33,760,1459,258,971,1694,4558,3036,10142,4206,4582,15096,Day_1,Dark,Fast,2.5mm,Experiment_2
2025-10-23T01:26:23.430Z,41,764,1464,265,977,1695,3719,3049,10188,4047,4630,15232,Day_1,Dark,Fast,2.5mm,Experiment_2
2025-10-23T01:26:23.470Z,42,764,1464,264,978,1693,3021,3056,10253,3922,4681,15396,Day_1,Dark,Fast,2.5mm,Experiment_2
2025-10-23T01:26:23.510Z,39,761,1462,263,976,1693,2597,3058,10298,3853,4715,15511,Day_1,Dark,Fast,2.5mm,Experiment_2
2025-10-23T01:26:23.550Z,41,757,1463,265,974,1697,2485,3067,10322,3845,4747,15593,Day_1,Dark,Fast,2.5mm,Experiment_2
2025-10-23T01:26:23.590Z,47,755,1466,270,973,1704,2642,3088,10349,3892,4786,15683,Day_1,Dark,Fast,2.5mm,Experiment_2
2025-10-23T01:26:23.630Z,52,756,1473,273,976,1713,2988,3109,10374,3979,4815,15758,Day_1,Dark,Fast,2.5mm,Experiment_2
2025-10-23T01:26:23.670Z,48,758,1479,271,981,1720,3321,3110,10374,4057,4815,15765,Day_1,Dark,Fast,2.5mm,Experiment_2
2025-10-23T01:26:23.710Z,33,764,1477,259,986,1716,3476,3089,10334,4075,4774,15654,Day_1,Dark,Fast,2.5mm,Experiment_2
2025-10-23T01:26:23.750Z,16,770,1470,243,987,1702,3489,3058,10251,4032,4691,15411,Day_1,Dark,Fast,2.5mm,Experiment_2
2025-10-23T01:26:23.790Z,6,771,1463,231,982,1689,3453,3038,10161,3974,4602,15147,Day_1,Dark,Fast,2.5mm,Experiment_2
2025-10-23T01:26:23.830Z,5,769,1459,227,980,1687,3429,3044,10133,3951,4574,15061,Day_1,Dark,Fast,2.5mm,Experiment_2
2025-10-23T01:26:23.870Z,8,772,1460,230,988,1695,3429,3067,10181,3973,4625,15197,Day_1,Dark,Fast,2.5mm,Experiment_2
2025-10-23T01:26:23.910Z,12,778,1466,236,999,1703,3434,3080,10244,4009,4692,15393,Day_1,Dark,Fast,2.5mm,Experiment_2
2025-10-23T01:26:23.950Z,20,778,1473,246,999,1710,3443,3078,10275,4034,4727,15510,Day_1,Dark,Fast,2.5mm,Experiment_2
2025-10-23T01:26:23.990Z,31,774,1479,256,992,1715,3462,3073,10287,4051,4739,15559,Day_1,Dark,Fast,2.5mm,Experiment_2
2025-10-23T01:26:24.030Z,36,774,1482,260,989,1719,3482,3071,10303,4069,4751,15610,Day_1,Dark,Fast,2.5mm,Experiment_2
2025-10-23T01:26:24.070Z,32,775,1478,256,990,1717,3488,3069,10329,4084,4765,15680,Day_1,Dark,Fast,2.5mm,Experiment_2
2025-10-23T01:26:24.110Z,28,775,1469,251,992,1711,3482,3065,10348,4083,4772,15731,Day_1,Dark,Fast,2.5mm,Experiment_2
2025-10-23T01:26:24.150Z,32,773,1466,252,991,1708,3475,3062,10341,4065,4763,15699,Day_1,Dark,Fast,2.5mm,Experiment_2
2025-10-23T01:26:24.190Z,38,767,1466,253,981,1703,3474,3063,10284,4030,4718,15516,Day_1,Dark,Fast,2.5mm,Experiment_2
2025-10-23T01:26:24.230Z,41,763,1459,253,969,1691,3470,3058,10185,3981,4627,15198,Day_1,Dark,Fast,2.5mm,Experiment_2
2025-10-23T01:26:24.270Z,43,764,1449,256,966,1680,3468,3047,10121,3950,4553,14974,Day_1,Dark,Fast,2.5mm,Experiment_2
2025-10-23T01:26:24.310Z,45,765,1448,260,972,1681,3480,3051,10150,3972,4571,15048,Day_1,Dark,Fast,2.5mm,Experiment_2
2025-10-23T01:26:24.350Z,45,764,1459,264,977,1694,3502,3073,10219,4030,4647,15280,Day_1,Dark,Fast,2.5mm,Experiment_2
2025-10-23T01:26:24.390Z,45,760,1472,265,977,1706,3523,3086,10254,4080,4697,15416,Day_1,Dark,Fast,2.5mm,Experiment_2
2025-10-23T01:26:24.430Z,42,753,1476,263,972,1706,3540,3084,10256,4099,4707,15434,Day_1,Dark,Fast,2.5mm,Experiment_2
2025-10-23T01:26:24.470Z,38,749,1471,261,969,1701,3549,3087,10275,4094,4723,15472,Day_1,Dark,Fast,2.5mm,Experiment_2
2025-10-23T01:26:24.510Z,38,750,1469,262,972,1703,3542,3097,10324,4086,4763,15591,Day_1,Dark,Fast,2.5mm,Experiment_2
2025-10-23T01:26:24.550Z,40,753,1472,265,974,1710,3529,3098,10367,4084,4796,15709,Day_1,Dark,Fast,2.5mm,Experiment_2
2025-10-23T01:26:24.590Z,38,754,1472,263,974,1712,3521,3090,10375,4080,4796,15737,Day_1,Dark,Fast,2.5mm,Experiment_2
2025-10-23T01:26:24.630Z,30,754,1465,254,973,1703,3511,3079,10337,4060,4750,15612,Day_1,Dark,Fast,2.5mm,Experiment_2
2025-10-23T01:26:24.670Z,24,753,1453,244,971,1689,3490,3058,10248,4016,4651,15327,Day_1,Dark,Fast,2.5mm,Experiment_2
2025-10-23T01:26:24.710Z,24,751,1444,241,967,1677,3470,3032,10155,3974,4541,15058,Day_1,Dark,Fast,2.5mm,Experiment_2
2025-10-23T01:26:24.750Z,26,751,1444,243,966,1676,3466,3016,10131,3967,4486,15024,Day_1,Dark,Fast,2.5mm,Experiment_2
2025-10-23T01:26:24.790Z,26,754,1453,245,970,1680,3475,3018,10173,3988,4512,15185,Day_1,Dark,Fast,2.5mm,Experiment_2
2025-10-23T01:26:24.830Z,23,756,1462,244,974,1685,3482,3032,10226,4013,4595,15358,Day_1,Dark,Fast,2.5mm,Experiment_2
2025-10-23T01:26:24.870Z,21,753,1464,244,975,1687,3480,3043,10266,4031,4676,15462,Day_1,Dark,Fast,2.5mm,Experiment_2
2025-10-23T01:26:24.910Z,21,747,1461,248,974,1686,3479,3045,10314,4047,4735,15554,Day_1,Dark,Fast,2.5mm,Experiment_2
2025-10-23T01:26:24.950Z,24,746,1458,253,976,1688,3486,3050,10368,4068,4797,15675,Day_1,Dark,Fast,2.5mm,Experiment_2
2025-10-23T01:26:24.990Z,24,756,1458,255,985,1692,3495,3072,10396,4082,4865,15763,Day_1,Dark,Fast,2.5mm,Experiment_2
2025-10-23T01:26:25.030Z,20,770,1458,253,993,1697,3500,3179,10380,4080,4907,15755,Day_1,Dark,Fast,2.5mm,Experiment_2
2025-10-23T01:26:25.070Z,15,780,1455,248,994,1697,3497,3545,10325,4060,4915,15617,Day_1,Dark,Fast,2.5mm,Experiment_2
2025-10-23T01:26:25.110Z,11,782,1451,242,991,1690,3487,4218,10237,4020,4921,15359,Day_1,Dark,Fast,2.5mm,Experiment_2
2025-10-23T01:26:25.150Z,11,776,1449,241,985,1683,3477,4748,10160,3982,4898,15128,Day_1,Dark,Fast,2.5mm,Experiment_2
2025-10-23T01:26:25.190Z,18,766,1456,247,977,1687,3478,4692,10144,3979,4807,15092,Day_1,Dark,Fast,2.5mm,Experiment_2
2025-10-23T01:26:25.230Z,29,757,1468,256,973,1699,3490,4216,10182,4006,4716,15225,Day_1,Dark,Fast,2.5mm,Experiment_2
2025-10-23T01:26:25.270Z,44,758,1477,264,976,1708,3503,3610,10235,4035,4681,15392,Day_1,Dark,Fast,2.5mm,Experiment_2
2025-10-23T01:26:25.310Z,55,769,1480,271,987,1709,3507,2963,10277,4051,4662,15514,Day_1,Dark,Fast,2.5mm,Experiment_2
2025-10-23T01:26:25.350Z,56,779,1476,274,997,1707,3508,2245,10308,4060,4619,15599,Day_1,Dark,Fast,2.5mm,Experiment_2
2025-10-23T01:26:25.390Z,50,780,1473,272,999,1709,3517,1613,10335,4073,4595,15676,Day_1,Dark,Fast,2.5mm,Experiment_2
2025-10-23T01:26:25.430Z,42,775,1478,268,993,1716,3531,1434,10361,4089,4622,15741,Day_1,Dark,Fast,2.5mm,Experiment_2
2025-10-23T01:26:25.470Z,38,772,1488,265,989,1725,3537,1664,10379,4097,4639,15759,Day_1,Dark,Fast,2.5mm,Experiment_2
2025-10-23T01:26:25.510Z,37,778,1494,263,990,1727,3528,2021,10360,4084,4621,15677,Day_1,Dark,Fast,2.5mm,Experiment_2
2025-10-23T01:26:25.550Z,36,782,1491,259,991,1719,3508,2455,10279,4043,4599,15446,Day_1,Dark,Fast,2.5mm,Experiment_2
2025-10-23T01:26:25.590Z,31,776,1480,250,983,1703,3487,2890,10161,3987,4569,15139,Day_1,Dark,Fast,2.5mm,Experiment_2
2025-10-23T01:26:25.630Z,24,767,1469,242,976,1692,3479,3229,10094,3958,4566,14986,Day_1,Dark,Fast,2.5mm,Experiment_2
2025-10-23T01:26:25.670Z,20,763,1464,243,977,1692,3488,3469,10127,3981,4641,15113,Day_1,Dark,Fast,2.5mm,Experiment_2
2025-10-23T01:26:25.710Z,25,759,1464,249,978,1700,3499,3588,10202,4020,4754,15348,Day_1,Dark,Fast,2.5mm,Experiment_2
2025-10-23T01:26:25.750Z,30,756,1467,254,978,1704,3505,3554,10242,4040,4813,15480,Day_1,Dark,Fast,2.5mm,Experiment_2
2025-10-23T01:26:25.790Z,29,761,1470,251,985,1703,3510,3378,10247,4047,4799,15508,Day_1,Dark,Fast,2.5mm,Experiment_2
2025-10-23T01:26:25.830Z,22,770,1472,244,995,1703,3509,3188,10262,4053,4776,15542,Day_1,Dark,Fast,2.5mm,Experiment_2
2025-10-23T01:26:25.870Z,16,772,1473,240,998,1707,3502,3115,10306,4061,4787,15631,Day_1,Dark,Fast,2.5mm,Experiment_2
2025-10-23T01:26:25.910Z,15,765,1474,241,992,1712,3493,3190,10348,4067,4819,15719,Day_1,Dark,Fast,2.5mm,Experiment_2
2025-10-23T01:26:25.950Z,21,757,1475,246,984,1713,3486,3377,10351,4064,4849,15722,Day_1,Dark,Fast,2.5mm,Experiment_2
2025-10-23T01:26:25.990Z,30,757,1475,252,979,1707,3478,3531,10301,4043,4821,15576,Day_1,Dark,Fast,2.5mm,Experiment_2
2025-10-23T01:26:26.030Z,36,763,1467,254,979,1695,3464,3523,10206,3998,4704,15279,Day_1,Dark,Fast,2.5mm,Experiment_2
2025-10-23T01:26:26.070Z,35,767,1453,252,978,1681,3445,3396,10124,3951,4581,15025,Day_1,Dark,Fast,2.5mm,Experiment_2
2025-10-23T01:26:26.110Z,29,762,1440,252,972,1676,3433,3241,10125,3943,4560,15036,Day_1,Dark,Fast,2.5mm,Experiment_2
2025-10-23T01:26:26.151Z,24,754,1434,254,967,1676,3437,3129,10186,3972,4625,15234,Day_1,Dark,Fast,2.5mm,Experiment_2
2025-10-23T01:26:26.191Z,27,753,1433,257,968,1676,3448,3089,10237,4002,4688,15385,Day_1,Dark,Fast,2.5mm,Experiment_2
2025-10-23T01:26:26.231Z,36,757,1439,261,973,1677,3462,3084,10256,4021,4715,15430,Day_1,Dark,Fast,2.5mm,Experiment_2
2025-10-23T01:26:26.271Z,44,761,1448,264,979,1685,3482,3081,10281,4042,4738,15484,Day_1,Dark,Fast,2.5mm,Experiment_2
2025-10-23T01:26:26.311Z,42,760,1456,263,979,1697,3505,3079,10334,4071,4775,15612,Day_1,Dark,Fast,2.5mm,Experiment_2
2025-10-23T01:26:26.351Z,31,751,1458,255,972,1702,3521,3080,10387,4091,4803,15736,Day_1,Dark,Fast,2.5mm,Experiment_2
2025-10-23T01:26:26.391Z,22,744,1454,248,968,1699,3525,3079,10400,4089,4801,15764,Day_1,Dark,Fast,2.5mm,Experiment_2
2025-10-23T01:26:26.431Z,19,750,1449,245,971,1693,3516,3070,10349,4063,4758,15642,Day_1,Dark,Fast,2.5mm,Experiment_2
2025-10-23T01:26:26.471Z,21,763,1447,246,979,1689,3500,3056,10243,4021,4674,15366,Day_1,Dark,Fast,2.5mm,Experiment_2
2025-10-23T01:26:26.511Z,26,775,1449,249,984,1686,3492,3051,10143,3989,4599,15103,Day_1,Dark,Fast,2.5mm,Experiment_2
2025-10-23T01:26:26.551Z,26,776,1451,249,985,1685,3499,3060,10123,3986,4588,15060,Day_1,Dark,Fast,2.5mm,Experiment_2
2025-10-23T01:26:26.591Z,23,774,1451,246,984,1686,3507,3071,10176,4003,4631,15205,Day_1,Dark,Fast,2.5mm,Experiment_2
2025-10-23T01:26:26.631Z,21,775,1454,245,987,1689,3507,3080,10238,4022,4682,15376,Day_1,Dark,Fast,2.5mm,Experiment_2
2025-10-23T01:26:26.671Z,24,776,1463,250,990,1698,3505,3090,10274,4037,4718,15493,Day_1,Dark,Fast,2.5mm,Experiment_2
2025-10-23T01:26:26.711Z,32,772,1476,259,989,1709,3505,3104,10304,4049,4744,15581,Day_1,Dark,Fast,2.5mm,Experiment_2
2025-10-23T01:26:26.751Z,38,771,1485,267,991,1717,3511,3118,10347,4064,4769,15676,Day_1,Dark,Fast,2.5mm,Experiment_2
2025-10-23T01:26:26.791Z,39,774,1483,269,996,1715,3520,3122,10381,4079,4787,15746,Day_1,Dark,Fast,2.5mm,Experiment_2
2025-10-23T01:26:26.831Z,40,771,1474,268,996,1707,3522,3110,10374,4079,4789,15739,Day_1,Dark,Fast,2.5mm,Experiment_2
2025-10-23T01:26:26.871Z,41,763,1470,266,986,1702,3512,3090,10313,4057,4757,15612,Day_1,Dark,Fast,2.5mm,Experiment_2
2025-10-23T01:26:26.911Z,38,762,1471,261,978,1702,3497,3066,10214,4015,4682,15364,Day_1,Dark,Fast,2.5mm,Experiment_2
2025-10-23T01:26:26.951Z,33,766,1472,256,974,1702,3486,3042,10133,3975,4598,15126,Day_1,Dark,Fast,2.5mm,Experiment_2
2025-10-23T01:26:26.991Z,33,769,1467,255,974,1701,3486,3033,10128,3968,4573,15078,Day_1,Dark,Fast,2.5mm,Experiment_2
2025-10-23T01:26:27.031Z,33,771,1460,254,975,1699,3493,3051,10188,3995,4625,15226,Day_1,Dark,Fast,2.5mm,Experiment_2
2025-10-23T01:26:27.071Z,29,772,1455,251,978,1699,3499,3082,10256,4028,4699,15411,Day_1,Dark,Fast,2.5mm,Experiment_2
2025-10-23T01:26:27.111Z,25,771,1457,249,981,1703,3498,3104,10299,4048,4746,15525,Day_1,Dark,Fast,2.5mm,Experiment_2
2025-10-23T01:26:27.151Z,25,767,1464,249,983,1709,3493,3107,10330,4057,4761,15588,Day_1,Dark,Fast,2.5mm,Experiment_2
2025-10-23T01:26:27.191Z,28,760,1472,251,981,1713,3487,3094,10366,4061,4764,15654,Day_1,Dark,Fast,2.5mm,Experiment_2
2025-10-23T01:26:27.231Z,28,759,1476,250,982,1713,3484,3076,10399,4066,4765,15725,Day_1,Dark,Fast,2.5mm,Experiment_2
2025-10-23T01:26:27.271Z,25,770,1477,245,992,1713,3487,3058,10411,4073,4765,15761,Day_1,Dark,Fast,2.5mm,Experiment_2
2025-10-23T01:26:27.311Z,21,783,1478,241,1004,1713,3491,3047,10388,4070,4750,15706,Day_1,Dark,Fast,2.5mm,Experiment_2
2025-10-23T01:26:27.351Z,17,790,1473,240,1006,1706,3479,3043,10313,4036,4699,15498,Day_1,Dark,Fast,2.5mm,Experiment_2
2025-10-23T01:26:27.391Z,16,788,1462,238,997,1689,3449,3047,10201,3972,4613,15174,Day_1,Dark,Fast,2.5mm,Experiment_2
2025-10-23T01:26:27.431Z,22,778,1452,241,984,1676,3430,3059,10125,3930,4557,14968,Day_1,Dark,Fast,2.5mm,Experiment_2
2025-10-23T01:26:27.471Z,35,767,1449,252,976,1675,3442,3077,10145,3951,4588,15060,Day_1,Dark,Fast,2.5mm,Experiment_2
2025-10-23T01:26:27.511Z,47,765,1453,265,978,1684,3473,3084,10214,4004,4660,15295,Day_1,Dark,Fast,2.5mm,Experiment_2
2025-10-23T01:26:27.551Z,52,773,1461,271,988,1695,3497,3072,10257,4038,4698,15429,Day_1,Dark,Fast,2.5mm,Experiment_2
2025-10-23T01:26:27.591Z,49,782,1467,268,996,1701,3504,3062,10266,4045,4702,15447,Day_1,Dark,Fast,2.5mm,Experiment_2
2025-10-23T01:26:27.631Z,45,788,1467,263,999,1705,3498,3067,10280,4045,4715,15488,Day_1,Dark,Fast,2.5mm,Experiment_2
2025-10-23T01:26:27.671Z,42,787,1463,259,998,1705,3493,3080,10317,4052,4752,15605,Day_1,Dark,Fast,2.5mm,Experiment_2
2025-10-23T01:26:27.711Z,44,781,1459,260,996,1701,3494,3096,10350,4064,4789,15720,Day_1,Dark,Fast,2.5mm,Experiment_2
2025-10-23T01:26:27.751Z,48,775,1459,262,993,1698,3493,3112,10352,4066,4804,15741,Day_1,Dark,Fast,2.5mm,Experiment_2
2025-10-23T01:26:27.791Z,51,771,1463,264,990,1697,3481,3112,10303,4044,4765,15606,Day_1,Dark,Fast,2.5mm,Experiment_2
2025-10-23T01:26:27.831Z,48,769,1466,263,985,1695,3466,3091,10200,3998,4666,15306,Day_1,Dark,Fast,2.5mm,Experiment_2
2025-10-23T01:26:27.871Z,39,768,1465,256,981,1692,3457,3072,10098,3960,4575,15024,Day_1,Dark,Fast,2.5mm,Experiment_2
2025-10-23T01:26:27.911Z,30,767,1464,249,981,1693,3460,3073,10077,3964,4568,14994,Day_1,Dark,Fast,2.5mm,Experiment_2
2025-10-23T01:26:27.451Z,28,767,1468,246,984,1701,3469,3085,10132,3993,4629,15166,Day_1,Dark,Fast,2.5mm,Experiment_2
2025-10-23T01:26:27.491Z,30,765,1473,246,984,1709,3475,3087,10200,4012,4686,15335,Day_1,Dark,Fast,2.5mm,Experiment_2
2025-10-23T01:26:27.531Z,32,760,1473,248,982,1709,3476,3078,10247,4017,4713,15422,Day_1,Dark,Fast,2.5mm,Experiment_2
2025-10-23T01:26:27.571Z,29,757,1470,249,980,1705,3477,3075,10286,4028,4736,15502,Day_1,Dark,Fast,2.5mm,Experiment_2
2025-10-23T01:26:27.611Z,27,757,1469,249,981,1706,3479,3084,10325,4051,4774,15626,Day_1,Dark,Fast,2.5mm,Experiment_2
2025-10-23T01:26:27.651Z,28,760,1472,252,981,1713,3482,3097,10352,4069,4805,15726,Day_1,Dark,Fast,2.5mm,Experiment_2
2025-10-23T01:26:27.691Z,32,766,1473,256,983,1717,3480,3106,10357,4070,4808,15736,Day_1,Dark,Fast,2.5mm,Experiment_2
2025-10-23T01:26:27.731Z,35,771,1470,257,985,1712,3470,3102,10318,4051,4770,15618,Day_1,Dark,Fast,2.5mm,Experiment_2
2025-10-23T01:26:27.771Z,37,773,1466,256,984,1702,3454,3079,10224,4013,4689,15365,Day_1,Dark,Fast,2.5mm,Experiment_2
2025-10-23T01:26:28.311Z,35,772,1461,254,980,1695,3443,3046,10136,3977,4607,15128,Day_1,Dark,Fast,2.5mm,Experiment_2
2025-10-23T01:26:28.351Z,30,772,1455,253,981,1694,3449,3028,10123,3973,4585,15092,Day_1,Dark,Fast,2.5mm,Experiment_2
2025-10-23T01:26:28.391Z,29,774,1454,254,985,1696,3461,3031,10173,3994,4620,15226,Day_1,Dark,Fast,2.5mm,Experiment_2
2025-10-23T01:26:28.431Z,31,774,1460,253,989,1699,3465,3043,10233,4015,4670,15387,Day_1,Dark,Fast,2.5mm,Experiment_2
2025-10-23T01:26:28.471Z,32,777,1470,251,995,1702,3464,3050,10275,4027,4706,15501,Day_1,Dark,Fast,2.5mm,Experiment_2
2025-10-23T01:26:28.511Z,30,785,1477,250,1004,1704,3468,3052,10302,4038,4730,15584,Day_1,Dark,Fast,2.5mm,Experiment_2
2025-10-23T01:26:28.551Z,26,793,1481,249,1010,1706,3481,3059,10331,4053,4756,15666,Day_1,Dark,Fast,2.5mm,Experiment_2
2025-10-23T01:26:28.591Z,23,797,1479,248,1014,1709,3498,3073,10362,4070,4783,15736,Day_1,Dark,Fast,2.5mm,Experiment_2
2025-10-23T01:26:28.631Z,25,796,1471,251,1015,1707,3507,3085,10379,4079,4795,15751,Day_1,Dark,Fast,2.5mm,Experiment_2
2025-10-23T01:26:28.671Z,29,788,1462,254,1009,1701,3492,3083,10356,4063,4771,15656,Day_1,Dark,Fast,2.5mm,Experiment_2
2025-10-23T01:26:28.711Z,30,775,1458,253,995,1695,3456,3072,10277,4015,4703,15425,Day_1,Dark,Fast,2.5mm,Experiment_2
2025-10-23T01:26:28.751Z,28,761,1460,248,978,1694,3429,3064,10175,3963,4619,15156,Day_1,Dark,Fast,2.5mm,Experiment_2
2025-10-23T01:26:28.791Z,25,756,1464,242,971,1697,3431,3069,10128,3947,4589,15056,Day_1,Dark,Fast,2.5mm,Experiment_2
2025-10-23T01:26:28.831Z,23,763,1469,240,977,1703,3452,3082,10170,3972,4637,15189,Day_1,Dark,Fast,2.5mm,Experiment_2
2025-10-23T01:26:28.871Z,24,773,1471,241,987,1706,3469,3088,10244,4007,4707,15393,Day_1,Dark,Fast,2.5mm,Experiment_2
2025-10-23T01:26:28.911Z,22,778,1468,241,992,1705,3473,3087,10288,4029,4742,15517,Day_1,Dark,Fast,2.5mm,Experiment_2
2025-10-23T01:26:28.951Z,20,776,1463,242,992,1705,3476,3091,10300,4041,4751,15564,Day_1,Dark,Fast,2.5mm,Experiment_2
2025-10-23T01:26:28.991Z,23,771,1461,246,989,1706,3487,3103,10310,4052,4761,15608,Day_1,Dark,Fast,2.5mm,Experiment_2
2025-10-23T01:26:29.031Z,27,770,1458,251,989,1707,3500,3116,10334,4065,4783,15676,Day_1,Dark,Fast,2.5mm,Experiment_2
2025-10-23T01:26:29.071Z,27,771,1456,251,988,1706,3506,3119,10358,4073,4803,15731,Day_1,Dark,Fast,2.5mm,Experiment_2
2025-10-23T01:26:29.111Z,23,767,1457,248,982,1701,3502,3114,10354,4069,4800,15708,Day_1,Dark,Fast,2.5mm,Experiment_2
2025-10-23T01:26:29.151Z,23,761,1459,249,973,1693,3487,3097,10300,4042,4746,15534,Day_1,Dark,Fast,2.5mm,Experiment_2
2025-10-23T01:26:29.191Z,27,758,1460,252,966,1684,3459,3058,10207,3988,4634,15218,Day_1,Dark,Fast,2.5mm,Experiment_2
2025-10-23T01:26:29.231Z,32,759,1460,256,965,1682,3433,3002,10143,3944,4540,14981,Day_1,Dark,Fast,2.5mm,Experiment_2
2025-10-23T01:26:29.271Z,32,759,1463,256,968,1688,3429,2962,10166,3949,4552,15037,Day_1,Dark,Fast,2.5mm,Experiment_2
2025-10-23T01:26:29.311Z,26,761,1465,248,975,1692,3443,2970,10231,3987,4638,15264,Day_1,Dark,Fast,2.5mm,Experiment_2
2025-10-23T01:26:29.351Z,16,768,1465,237,985,1693,3453,3015,10259,4013,4702,15404,Day_1,Dark,Fast,2.5mm,Experiment_2
2025-10-23T01:26:29.391Z,9,780,1465,230,997,1695,3455,3054,10248,4019,4717,15423,Day_1,Dark,Fast,2.5mm,Experiment_2
2025-10-23T01:26:29.431Z,7,791,1469,234,1007,1704,3459,3064,10251,4024,4726,15463,Day_1,Dark,Fast,2.5mm,Experiment_2
2025-10-23T01:26:29.471Z,13,797,1476,245,1011,1716,3468,3061,10287,4042,4753,15584,Day_1,Dark,Fast,2.5mm,Experiment_2
2025-10-23T01:26:29.511Z,22,794,1475,256,1008,1721,3481,3064,10327,4062,4782,15701,Day_1,Dark,Fast,2.5mm,Experiment_2
2025-10-23T01:26:29.551Z,31,784,1468,262,999,1715,3492,3075,10341,4067,4788,15725,Day_1,Dark,Fast,2.5mm,Experiment_2
2025-10-23T01:26:29.591Z,33,776,1459,261,992,1704,3488,3074,10304,4046,4745,15602,Day_1,Dark,Fast,2.5mm,Experiment_2
2025-10-23T01:26:29.631Z,30,775,1453,257,992,1690,3473,3057,10214,4003,4652,15327,Day_1,Dark,Fast,2.5mm,Experiment_2
2025-10-23T01:26:29.671Z,28,780,1452,254,997,1681,3462,3037,10130,3967,4569,15071,Day_1,Dark,Fast,2.5mm,Experiment_2
2025-10-23T01:26:29.711Z,26,782,1461,252,998,1685,3466,3032,10119,3967,4564,15042,Day_1,Dark,Fast,2.5mm,Experiment_2
2025-10-23T01:26:29.751Z,25,778,1470,251,993,1693,3479,3040,10176,3994,4621,15201,Day_1,Dark,Fast,2.5mm,Experiment_2
2025-10-23T01:26:29.791Z,23,771,1471,250,985,1697,3489,3056,10244,4021,4684,15372,Day_1,Dark,Fast,2.5mm,Experiment_2
2025-10-23T01:26:29.831Z,23,764,1464,252,979,1697,3487,3076,10290,4034,4728,15476,Day_1,Dark,Fast,2.5mm,Experiment_2
2025-10-23T01:26:29.871Z,27,767,1459,256,982,1697,3478,3099,10331,4040,4762,15562,Day_1,Dark,Fast,2.5mm,Experiment_2
2025-10-23T01:26:29.911Z,30,780,1460,257,993,1701,3473,3118,10384,4051,4796,15676,Day_1,Dark,Fast,2.5mm,Experiment_2
2025-10-23T01:26:29.951Z,32,790,1462,255,1001,1704,3474,3125,10419,4060,4819,15758,Day_1,Dark,Fast,2.5mm,Experiment_2
2025-10-23T01:26:29.991Z,34,785,1461,255,998,1705,3473,3116,10403,4061,4814,15747,Day_1,Dark,Fast,2.5mm,Experiment_2
2025-10-23T01:26:30.031Z,34,769,1459,255,986,1702,3471,3095,10328,4047,4771,15607,Day_1,Dark,Fast,2.5mm,Experiment_2
2025-10-23T01:26:30.071Z,32,756,1454,251,974,1693,3473,3069,10212,4018,4690,15349,Day_1,Dark,Fast,2.5mm,Experiment_2
2025-10-23T01:26:30.112Z,31,758,1448,248,972,1682,3482,3046,10124,3995,4613,15123,Day_1,Dark,Fast,2.5mm,Experiment_2
2025-10-23T01:26:30.152Z,34,773,1447,249,983,1678,3491,3040,10124,3998,4596,15100,Day_1,Dark,Fast,2.5mm,Experiment_2
2025-10-23T01:26:30.192Z,37,786,1450,252,995,1683,3499,3054,10190,4020,4638,15246,Day_1,Dark,Fast,2.5mm,Experiment_2
2025-10-23T01:26:30.232Z,39,788,1455,256,999,1691,3508,3078,10256,4043,4693,15414,Day_1,Dark,Fast,2.5mm,Experiment_2
2025-10-23T01:26:30.272Z,36,784,1458,257,998,1696,3515,3094,10294,4056,4731,15528,Day_1,Dark,Fast,2.5mm,Experiment_2
2025-10-23T01:26:30.312Z,29,783,1458,255,996,1697,3512,3099,10322,4060,4756,15606,Day_1,Dark,Fast,2.5mm,Experiment_2
2025-10-23T01:26:30.352Z,22,785,1460,251,997,1702,3502,3095,10352,4060,4777,15683,Day_1,Dark,Fast,2.5mm,Experiment_2
2025-10-23T01:26:30.392Z,19,785,1466,250,996,1711,3491,3080,10371,4060,4788,15745,Day_1,Dark,Fast,2.5mm,Experiment_2
2025-10-23T01:26:30.432Z,21,777,1472,249,990,1719,3484,3060,10363,4057,4782,15755,Day_1,Dark,Fast,2.5mm,Experiment_2
2025-10-23T01:26:30.472Z,25,765,1471,251,982,1719,3480,3052,10322,4047,4755,15664,Day_1,Dark,Fast,2.5mm,Experiment_2
2025-10-23T01:26:30.512Z,30,758,1465,255,977,1710,3475,3053,10238,4017,4693,15433,Day_1,Dark,Fast,2.5mm,Experiment_2
2025-10-23T01:26:30.552Z,34,763,1458,258,980,1696,3465,3047,10142,3974,4603,15134,Day_1,Dark,Fast,2.5mm,Experiment_2
2025-10-23T01:26:30.592Z,35,776,1455,258,989,1687,3469,3038,10108,3954,4556,14995,Day_1,Dark,Fast,2.5mm,Experiment_2
2025-10-23T01:26:30.632Z,32,785,1457,258,998,1686,3491,3044,10162,3979,4599,15130,Day_1,Dark,Fast,2.5mm,Experiment_2
2025-10-23T01:26:30.672Z,27,783,1463,257,1000,1692,3510,3060,10236,4017,4677,15362,Day_1,Dark,Fast,2.5mm,Experiment_2
2025-10-23T01:26:30.712Z,24,773,1471,256,994,1699,3517,3074,10264,4035,4721,15488,Day_1,Dark,Fast,2.5mm,Experiment_2
2025-10-23T01:26:30.752Z,24,762,1473,255,986,1702,3518,3083,10265,4042,4732,15519,Day_1,Dark,Fast,2.5mm,Experiment_2
2025-10-23T01:26:30.792Z,23,760,1469,253,985,1702,3518,3092,10281,4054,4743,15562,Day_1,Dark,Fast,2.5mm,Experiment_2
2025-10-23T01:26:30.832Z,21,768,1466,250,993,1704,3519,3099,10319,4074,4767,15650,Day_1,Dark,Fast,2.5mm,Experiment_2
2025-10-23T01:26:30.872Z,20,778,1467,250,1001,1707,3519,3104,10356,4088,4792,15727,Day_1,Dark,Fast,2.5mm,Experiment_2
2025-10-23T01:26:30.912Z,23,783,1472,253,1004,1709,3511,3109,10364,4084,4797,15720,Day_1,Dark,Fast,2.5mm,Experiment_2
2025-10-23T01:26:30.952Z,27,780,1472,255,999,1706,3494,3101,10319,4054,4751,15566,Day_1,Dark,Fast,2.5mm,Experiment_2
2025-10-23T01:26:30.992Z,26,765,1466,251,981,1697,3472,3073,10222,3999,4644,15261,Day_1,Dark,Fast,2.5mm,Experiment_2
2025-10-23T01:26:31.032Z,23,747,1458,246,962,1687,3450,3039,10135,3950,4549,15006,Day_1,Dark,Fast,2.5mm,Experiment_2
2025-10-23T01:26:31.072Z,21,737,1452,243,954,1682,3439,3025,10135,3944,4547,15029,Day_1,Dark,Fast,2.5mm,Experiment_2
2025-10-23T01:26:31.112Z,22,739,1452,242,959,1684,3439,3036,10196,3973,4616,15238,Day_1,Dark,Fast,2.5mm,Experiment_2
2025-10-23T01:26:31.152Z,24,749,1455,243,970,1689,3445,3054,10237,3998,4676,15386,Day_1,Dark,Fast,2.5mm,Experiment_2
2025-10-23T01:26:31.192Z,25,761,1460,245,981,1695,3454,3066,10238,4008,4701,15417,Day_1,Dark,Fast,2.5mm,Experiment_2
2025-10-23T01:26:31.232Z,27,772,1469,247,992,1704,3471,3072,10251,4023,4723,15462,Day_1,Dark,Fast,2.5mm,Experiment_2
2025-10-23T01:26:31.272Z,30,778,1473,249,995,1709,3495,3076,10303,4049,4760,15586,Day_1,Dark,Fast,2.5mm,Experiment_2
2025-10-23T01:26:31.312Z,31,775,1471,252,991,1708,3514,3080,10361,4072,4792,15709,Day_1,Dark,Fast,2.5mm,Experiment_2
2025-10-23T01:26:31.352Z,34,772,1469,255,990,1706,3518,3088,10383,4074,4798,15743,Day_1,Dark,Fast,2.5mm,Experiment_2
2025-10-23T01:26:31.392Z,35,777,1468,256,995,1704,3509,3097,10344,4049,4765,15632,Day_1,Dark,Fast,2.5mm,Experiment_2
2025-10-23T01:26:31.432Z,30,787,1465,250,1000,1699,3491,3092,10242,4003,4687,15370,Day_1,Dark,Fast,2.5mm,Experiment_2
2025-10-23T01:26:31.472Z,23,795,1461,243,1004,1694,3472,3074,10145,3964,4612,15119,Day_1,Dark,Fast,2.5mm,Experiment_2
2025-10-23T01:26:31.512Z,21,797,1456,241,1005,1691,3464,3061,10128,3961,4600,15080,Day_1,Dark,Fast,2.5mm,Experiment_2
2025-10-23T01:26:31.552Z,22,791,1450,243,1001,1688,3464,3065,10180,3983,4643,15218,Day_1,Dark,Fast,2.5mm,Experiment_2
2025-10-23T01:26:31.592Z,23,784,1445,245,994,1685,3464,3080,10233,4006,4695,15375,Day_1,Dark,Fast,2.5mm,Experiment_2
2025-10-23T01:26:31.632Z,24,781,1446,246,991,1687,3461,3092,10260,4020,4729,15478,Day_1,Dark,Fast,2.5mm,Experiment_2
2025-10-23T01:26:31.672Z,24,785,1451,246,997,1693,3459,3091,10284,4028,4753,15561,Day_1,Dark,Fast,2.5mm,Experiment_2
2025-10-23T01:26:31.712Z,23,794,1457,246,1008,1698,3466,3075,10327,4040,4775,15665,Day_1,Dark,Fast,2.5mm,Experiment_2
2025-10-23T01:26:31.752Z,23,803,1460,247,1017,1701,3482,3058,10371,4055,4791,15751,Day_1,Dark,Fast,2.5mm,Experiment_2
2025-10-23T01:26:31.792Z,24,802,1460,249,1015,1701,3501,3056,10384,4066,4792,15758,Day_1,Dark,Fast,2.5mm,Experiment_2
2025-10-23T01:26:31.832Z,24,793,1457,250,1004,1698,3510,3057,10345,4060,4755,15635,Day_1,Dark,Fast,2.5mm,Experiment_2
2025-10-23T01:26:31.872Z,24,778,1454,251,988,1692,3503,3045,10249,4027,4673,15379,Day_1,Dark,Fast,2.5mm,Experiment_2
2025-10-23T01:26:31.912Z,27,763,1453,254,971,1687,3486,3031,10152,3987,4593,15131,Day_1,Dark,Fast,2.5mm,Experiment_2
2025-10-23T01:26:31.952Z,30,752,1454,258,961,1687,3473,3030,10126,3975,4578,15079,Day_1,Dark,Fast,2.5mm,Experiment_2
2025-10-23T01:26:31.992Z,32,755,1457,260,967,1692,3470,3043,10168,3994,4627,15219,Day_1,Dark,Fast,2.5mm,Experiment_2
2025-10-23T01:26:32.032Z,35,773,1462,261,987,1700,3476,3055,10223,4022,4688,15398,Day_1,Dark,Fast,2.5mm,Experiment_2
2025-10-23T01:26:32.072Z,41,788,1468,263,1003,1707,3492,3062,10264,4040,4727,15515,Day_1,Dark,Fast,2.5mm,Experiment_2
2025-10-23T01:26:32.112Z,43,788,1471,265,1004,1710,3509,3066,10296,4049,4749,15586,Day_1,Dark,Fast,2.5mm,Experiment_2
2025-10-23T01:26:32.152Z,40,779,1470,266,996,1710,3519,3075,10329,4056,4772,15654,Day_1,Dark,Fast,2.5mm,Experiment_2
2025-10-23T01:26:32.192Z,32,773,1465,262,990,1706,3515,3082,10357,4062,4795,15717,Day_1,Dark,Fast,2.5mm,Experiment_2
2025-10-23T01:26:32.232Z,26,771,1462,256,989,1702,3501,3077,10368,4062,4801,15745,Day_1,Dark,Fast,2.5mm,Experiment_2
2025-10-23T01:26:32.272Z,27,768,1462,252,985,1697,3488,3065,10351,4051,4776,15689,Day_1,Dark,Fast,2.5mm,Experiment_2
2025-10-23T01:26:32.312Z,31,760,1462,250,975,1690,3478,3057,10284,4019,4709,15486,Day_1,Dark,Fast,2.5mm,Experiment_2
2025-10-23T01:26:32.352Z,33,753,1459,248,964,1682,3467,3056,10173,3972,4614,15167,Day_1,Dark,Fast,2.5mm,Experiment_2
2025-10-23T01:26:32.392Z,31,751,1454,247,960,1681,3459,3060,10098,3946,4556,14965,Day_1,Dark,Fast,2.5mm,Experiment_2
2025-10-23T01:26:32.432Z,27,748,1451,247,960,1687,3468,3070,10123,3969,4589,15062,Day_1,Dark,Fast,2.5mm,Experiment_2
2025-10-23T01:26:32.472Z,25,741,1450,249,958,1693,3486,3081,10205,4014,4665,15306,Day_1,Dark,Fast,2.5mm,Experiment_2
2025-10-23T01:26:32.512Z,30,740,1450,255,959,1695,3489,3082,10258,4038,4709,15449,Day_1,Dark,Fast,2.5mm,Experiment_2
2025-10-23T01:26:32.552Z,36,751,1450,262,969,1695,3476,3074,10265,4036,4711,15470,Day_1,Dark,Fast,2.5mm,Experiment_2
2025-10-23T01:26:32.592Z,39,768,1453,266,986,1698,3468,3074,10271,4036,4718,15504,Day_1,Dark,Fast,2.5mm,Experiment_2
2025-10-23T01:26:32.632Z,39,778,1457,267,994,1704,3474,3089,10309,4053,4752,15610,Day_1,Dark,Fast,2.5mm,Experiment_2
2025-10-23T01:26:32.672Z,38,775,1458,268,988,1705,3485,3101,10353,4073,4788,15713,Day_1,Dark,Fast,2.5mm,Experiment_2
2025-10-23T01:26:32.712Z,38,769,1454,268,981,1699,3492,3090,10361,4079,4787,15723,Day_1,Dark,Fast,2.5mm,Experiment_2
2025-10-23T01:26:32.752Z,37,771,1451,264,982,1692,3486,3062,10315,4056,4733,15586,Day_1,Dark,Fast,2.5mm,Experiment_2
2025-10-23T01:26:32.792Z,33,779,1454,257,988,1688,3465,3036,10219,4002,4637,15299,Day_1,Dark,Fast,2.5mm,Experiment_2
2025-10-23T01:26:32.832Z,28,782,1462,250,991,1691,3438,3022,10127,3954,4556,15037,Day_1,Dark,Fast,2.5mm,Experiment_2
2025-10-23T01:26:32.872Z,24,780,1470,247,992,1695,3426,3024,10114,3958,4551,15020,Day_1,Dark,Fast,2.5mm,Experiment_2
2025-10-23T01:26:32.912Z,22,780,1470,247,993,1696,3437,3040,10175,3999,4606,15202,Day_1,Dark,Fast,2.5mm,Experiment_2
2025-10-23T01:26:32.952Z,23,782,1466,249,994,1695,3458,3063,10235,4026,4664,15370,Day_1,Dark,Fast,2.5mm,Experiment_2
2025-10-23T01:26:32.992Z,26,780,1464,251,992,1694,3462,3083,10261,4029,4701,15444,Day_1,Dark,Fast,2.5mm,Experiment_2
2025-10-23T01:26:33.032Z,30,774,1465,255,991,1698,3457,3093,10287,4030,4730,15514,Day_1,Dark,Fast,2.5mm,Experiment_2
2025-10-23T01:26:33.072Z,35,770,1466,259,992,1705,3461,3084,10334,4044,4760,15635,Day_1,Dark,Fast,2.5mm,Experiment_2
2025-10-23T01:26:33.112Z,41,767,1470,261,993,1711,3475,3060,10370,4062,4774,15733,Day_1,Dark,Fast,2.5mm,Experiment_2
2025-10-23T01:26:33.152Z,43,771,1474,260,995,1713,3483,3042,10369,4069,4767,15737,Day_1,Dark,Fast,2.5mm,Experiment_2
2025-10-23T01:26:33.192Z,41,780,1474,257,1000,1708,3472,3037,10324,4052,4733,15611,Day_1,Dark,Fast,2.5mm,Experiment_2
2025-10-23T01:26:33.232Z,36,787,1470,253,1000,1698,3449,3039,10235,4007,4664,15354,Day_1,Dark,Fast,2.5mm,Experiment_2
2025-10-23T01:26:33.272Z,31,782,1467,249,992,1690,3437,3047,10156,3967,4601,15115,Day_1,Dark,Fast,2.5mm,Experiment_2
2025-10-23T01:26:33.312Z,24,768,1464,246,982,1688,3451,3063,10149,3966,4598,15080,Day_1,Dark,Fast,2.5mm,Experiment_2
2025-10-23T01:26:33.353Z,18,759,1458,244,978,1687,3477,3076,10198,3995,4643,15215,Day_1,Dark,Fast,2.5mm,Experiment_2
2025-10-23T01:26:33.393Z,14,760,1457,243,981,1689,3501,3080,10251,4030,4691,15372,Day_1,Dark,Fast,2.5mm,Experiment_2
2025-10-23T01:26:33.433Z,12,771,1466,243,989,1694,3517,3080,10288,4059,4721,15485,Day_1,Dark,Fast,2.5mm,Experiment_2
2025-10-23T01:26:33.473Z,11,787,1476,243,1002,1701,3525,3085,10321,4075,4743,15574,Day_1,Dark,Fast,2.5mm,Experiment_2
2025-10-23T01:26:33.513Z,13,798,1485,243,1013,1710,3526,3090,10357,4082,4769,15670,Day_1,Dark,Fast,2.5mm,Experiment_2
2025-10-23T01:26:33.553Z,19,794,1489,245,1013,1720,3520,3088,10378,4084,4794,15744,Day_1,Dark,Fast,2.5mm,Experiment_2
2025-10-23T01:26:33.593Z,27,780,1486,250,1001,1724,3510,3084,10367,4081,4800,15742,Day_1,Dark,Fast,2.5mm,Experiment_2
2025-10-23T01:26:33.633Z,33,767,1476,257,989,1719,3499,3082,10315,4066,4770,15623,Day_1,Dark,Fast,2.5mm,Experiment_2
2025-10-23T01:26:33.673Z,34,764,1468,259,984,1708,3486,3076,10221,4029,4695,15380,Day_1,Dark,Fast,2.5mm,Experiment_2
2025-10-23T01:26:33.713Z,31,767,1468,259,983,1702,3471,3064,10130,3985,4610,15127,Day_1,Dark,Fast,2.5mm,Experiment_2
2025-10-23T01:26:33.753Z,29,769,1472,257,982,1703,3464,3058,10119,3971,4582,15058,Day_1,Dark,Fast,2.5mm,Experiment_2
2025-10-23T01:26:33.793Z,28,767,1476,252,979,1707,3471,3065,10192,3996,4630,15206,Day_1,Dark,Fast,2.5mm,Experiment_2
2025-10-23T01:26:33.833Z,26,766,1481,246,977,1712,3485,3072,10274,4032,4700,15402,Day_1,Dark,Fast,2.5mm,Experiment_2
2025-10-23T01:26:33.873Z,22,768,1482,242,978,1712,3491,3070,10313,4050,4737,15515,Day_1,Dark,Fast,2.5mm,Experiment_2
2025-10-23T01:26:33.913Z,21,771,1475,244,981,1707,3489,3062,10322,4054,4744,15565,Day_1,Dark,Fast,2.5mm,Experiment_2
2025-10-23T01:26:33.953Z,24,773,1471,249,988,1703,3487,3054,10323,4058,4750,15616,Day_1,Dark,Fast,2.5mm,Experiment_2
2025-10-23T01:26:33.993Z,28,774,1475,255,994,1707,3492,3057,10324,4071,4768,15680,Day_1,Dark,Fast,2.5mm,Experiment_2
2025-10-23T01:26:34.033Z,32,771,1482,258,995,1713,3503,3073,10333,4086,4787,15721,Day_1,Dark,Fast,2.5mm,Experiment_2
2025-10-23T01:26:34.073Z,36,769,1482,259,994,1713,3508,3084,10335,4082,4779,15683,Day_1,Dark,Fast,2.5mm,Experiment_2
2025-10-23T01:26:34.113Z,41,770,1475,259,994,1706,3497,3073,10290,4047,4719,15501,Day_1,Dark,Fast,2.5mm,Experiment_2
2025-10-23T01:26:34.153Z,45,772,1466,259,992,1696,3472,3053,10199,3989,4618,15193,Day_1,Dark,Fast,2.5mm,Experiment_2
2025-10-23T01:26:34.193Z,45,770,1459,256,985,1689,3452,3041,10133,3945,4550,14978,Day_1,Dark,Fast,2.5mm,Experiment_2
2025-10-23T01:26:34.233Z,40,766,1455,255,980,1691,3454,3043,10152,3953,4578,15050,Day_1,Dark,Fast,2.5mm,Experiment_2
2025-10-23T01:26:34.273Z,36,764,1453,258,979,1697,3470,3052,10220,3994,4656,15275,Day_1,Dark,Fast,2.5mm,Experiment_2
2025-10-23T01:26:34.313Z,38,763,1454,263,978,1701,3481,3062,10266,4024,4705,15413,Day_1,Dark,Fast,2.5mm,Experiment_2
2025-10-23T01:26:34.353Z,45,763,1456,268,977,1703,3479,3071,10272,4031,4713,15432,Day_1,Dark,Fast,2.5mm,Experiment_2
2025-10-23T01:26:34.393Z,52,763,1462,273,979,1708,3475,3082,10274,4035,4723,15464,Day_1,Dark,Fast,2.5mm,Experiment_2
2025-10-23T01:26:34.433Z,53,764,1474,277,983,1716,3484,3102,10298,4052,4760,15571,Day_1,Dark,Fast,2.5mm,Experiment_2
2025-10-23T01:26:34.473Z,47,764,1486,275,986,1724,3498,3118,10331,4073,4800,15684,Day_1,Dark,Fast,2.5mm,Experiment_2
2025-10-23T01:26:34.513Z,39,763,1489,266,985,1724,3500,3120,10348,4076,4807,15715,Day_1,Dark,Fast,2.5mm,Experiment_2
2025-10-23T01:26:34.553Z,34,762,1484,255,980,1715,3489,3108,10315,4051,4763,15593,Day_1,Dark,Fast,2.5mm,Experiment_2
2025-10-23T01:26:34.593Z,33,764,1478,247,976,1704,3470,3086,10219,4000,4670,15308,Day_1,Dark,Fast,2.5mm,Experiment_2
2025-10-23T01:26:34.633Z,33,769,1470,244,975,1697,3454,3069,10121,3956,4588,15041,Day_1,Dark,Fast,2.5mm,Experiment_2
2025-10-23T01:26:34.673Z,31,772,1462,243,978,1695,3458,3076,10099,3955,4584,15011,Day_1,Dark,Fast,2.5mm,Experiment_2
2025-10-23T01:26:34.713Z,28,774,1459,244,985,1696,3477,3102,10145,3984,4641,15173,Day_1,Dark,Fast,2.5mm,Experiment_2
2025-10-23T01:26:34.753Z,24,778,1458,243,997,1695,3493,3120,10206,4010,4695,15348,Day_1,Dark,Fast,2.5mm,Experiment_2
2025-10-23T01:26:34.793Z,17,784,1454,240,1008,1689,3501,3113,10256,4024,4722,15456,Day_1,Dark,Fast,2.5mm,Experiment_2
2025-10-23T01:26:34.833Z,12,783,1450,240,1009,1685,3504,3101,10302,4038,4743,15548,Day_1,Dark,Fast,2.5mm,Experiment_2
2025-10-23T01:26:34.873Z,14,773,1451,248,1001,1688,3503,3097,10348,4058,4776,15663,Day_1,Dark,Fast,2.5mm,Experiment_2
2025-10-23T01:26:34.913Z,25,765,1456,259,994,1696,3497,3087,10376,4072,4797,15743,Day_1,Dark,Fast,2.5mm,Experiment_2
2025-10-23T01:26:34.953Z,36,773,1462,263,999,1703,3492,3071,10372,4068,4792,15734,Day_1,Dark,Fast,2.5mm,Experiment_2
2025-10-23T01:26:34.993Z,41,786,1464,259,1005,1706,3492,3063,10331,4049,4753,15607,Day_1,Dark,Fast,2.5mm,Experiment_2
2025-10-23T01:26:35.033Z,38,791,1460,251,1004,1699,3498,3060,10248,4019,4676,15363,Day_1,Dark,Fast,2.5mm,Experiment_2
2025-10-23T01:26:35.073Z,33,790,1451,245,1001,1688,3510,3059,10169,3995,4607,15139,Day_1,Dark,Fast,2.5mm,Experiment_2
2025-10-23T01:26:35.113Z,28,790,1448,242,1002,1683,3523,3058,10156,3996,4598,15105,Day_1,Dark,Fast,2.5mm,Experiment_2
2025-10-23T01:26:35.153Z,24,792,1455,240,1009,1690,3532,3058,10201,4021,4643,15239,Day_1,Dark,Fast,2.5mm,Experiment_2
2025-10-23T01:26:35.193Z,20,792,1465,240,1013,1702,3531,3066,10251,4048,4696,15401,Day_1,Dark,Fast,2.5mm,Experiment_2
2025-10-23T01:26:35.233Z,20,786,1467,242,1011,1709,3517,3079,10281,4063,4732,15516,Day_1,Dark,Fast,2.5mm,Experiment_2
2025-10-23T01:26:35.273Z,23,782,1458,246,1008,1706,3500,3084,10306,4068,4753,15594,Day_1,Dark,Fast,2.5mm,Experiment_2
2025-10-23T01:26:35.313Z,26,788,1448,250,1012,1700,3492,3082,10341,4071,4772,15673,Day_1,Dark,Fast,2.5mm,Experiment_2
2025-10-23T01:26:35.353Z,29,799,1448,252,1018,1697,3495,3076,10376,4076,4790,15743,Day_1,Dark,Fast,2.5mm,Experiment_2
2025-10-23T01:26:35.393Z,30,801,1454,250,1018,1699,3501,3067,10388,4078,4795,15763,Day_1,Dark,Fast,2.5mm,Experiment_2
2025-10-23T01:26:35.433Z,28,796,1456,246,1010,1699,3506,3057,10354,4069,4771,15677,Day_1,Dark,Fast,2.5mm,Experiment_2
2025-10-23T01:26:35.473Z,27,790,1456,244,1001,1694,3498,3050,10268,4035,4704,15446,Day_1,Dark,Fast,2.5mm,Experiment_2
2025-10-23T01:26:35.513Z,27,789,1458,247,997,1689,3478,3042,10165,3982,4608,15149,Day_1,Dark,Fast,2.5mm,Experiment_2
2025-10-23T01:26:35.553Z,29,791,1462,250,997,1690,3468,3040,10116,3953,4556,15011,Day_1,Dark,Fast,2.5mm,Experiment_2
2025-10-23T01:26:35.593Z,30,794,1468,250,998,1697,3482,3052,10158,3976,4596,15141,Day_1,Dark,Fast,2.5mm,Experiment_2
2025-10-23T01:26:35.633Z,31,796,1470,249,1000,1702,3500,3069,10233,4019,4676,15366,Day_1,Dark,Fast,2.5mm,Experiment_2
2025-10-23T01:26:35.673Z,29,788,1470,245,993,1702,3502,3078,10278,4042,4727,15496,Day_1,Dark,Fast,2.5mm,Experiment_2
2025-10-23T01:26:35.713Z,23,768,1469,239,979,1700,3495,3083,10292,4045,4743,15533,Day_1,Dark,Fast,2.5mm,Experiment_2
2025-10-23T01:26:35.753Z,20,755,1469,239,975,1701,3490,3091,10304,4048,4754,15573,Day_1,Dark,Fast,2.5mm,Experiment_2
2025-10-23T01:26:35.793Z,24,760,1470,247,989,1705,3493,3092,10328,4061,4773,15654,Day_1,Dark,Fast,2.5mm,Experiment_2
2025-10-23T01:26:35.833Z,31,779,1469,255,1009,1708,3506,3087,10352,4078,4789,15729,Day_1,Dark,Fast,2.5mm,Experiment_2
2025-10-23T01:26:35.873Z,37,800,1461,259,1025,1705,3517,3086,10351,4081,4786,15726,Day_1,Dark,Fast,2.5mm,Experiment_2
2025-10-23T01:26:35.913Z,39,810,1451,258,1027,1698,3509,3085,10302,4054,4739,15571,Day_1,Dark,Fast,2.5mm,Experiment_2
2025-10-23T01:26:35.953Z,37,806,1444,254,1018,1690,3483,3074,10203,3997,4641,15259,Day_1,Dark,Fast,2.5mm,Experiment_2
2025-10-23T01:26:35.993Z,28,793,1445,247,1005,1685,3458,3058,10120,3945,4556,15000,Day_1,Dark,Fast,2.5mm,Experiment_2
2025-10-23T01:26:36.033Z,20,785,1451,244,999,1687,3447,3055,10130,3944,4559,15026,Day_1,Dark,Fast,2.5mm,Experiment_2
2025-10-23T01:26:36.073Z,21,785,1456,246,1001,1695,3452,3065,10200,3984,4628,15241,Day_1,Dark,Fast,2.5mm,Experiment_2
2025-10-23T01:26:36.113Z,23,787,1459,248,1003,1703,3465,3074,10242,4023,4684,15395,Day_1,Dark,Fast,2.5mm,Experiment_2
2025-10-23T01:26:36.153Z,20,787,1461,244,1004,1704,3480,3078,10242,4042,4703,15430,Day_1,Dark,Fast,2.5mm,Experiment_2
2025-10-23T01:26:36.193Z,16,786,1464,239,1007,1702,3494,3084,10252,4052,4720,15470,Day_1,Dark,Fast,2.5mm,Experiment_2
2025-10-23T01:26:36.233Z,20,783,1471,244,1007,1705,3505,3087,10298,4066,4753,15581,Day_1,Dark,Fast,2.5mm,Experiment_2
2025-10-23T01:26:36.273Z,30,781,1475,254,1003,1709,3517,3081,10346,4080,4777,15692,Day_1,Dark,Fast,2.5mm,Experiment_2
2025-10-23T01:26:36.313Z,33,786,1470,255,1002,1708,3526,3076,10358,4083,4780,15719,Day_1,Dark,Fast,2.5mm,Experiment_2
2025-10-23T01:26:36.353Z,26,796,1460,245,1005,1702,3522,3074,10312,4061,4749,15606,Day_1,Dark,Fast,2.5mm,Experiment_2
2025-10-23T01:26:36.393Z,18,802,1450,236,1003,1693,3502,3069,10215,4015,4676,15348,Day_1,Dark,Fast,2.5mm,Experiment_2
2025-10-23T01:26:36.433Z,18,798,1446,237,994,1685,3483,3068,10132,3971,4607,15110,Day_1,Dark,Fast,2.5mm,Experiment_2
2025-10-23T01:26:36.473Z,25,786,1446,245,984,1682,3475,3077,10127,3960,4604,15083,Day_1,Dark,Fast,2.5mm,Experiment_2
2025-10-23T01:26:36.513Z,30,776,1448,249,980,1681,3476,3091,10181,3980,4653,15227,Day_1,Dark,Fast,2.5mm,Experiment_2
2025-10-23T01:26:36.553Z,27,772,1450,245,983,1685,3481,3104,10240,4010,4707,15384,Day_1,Dark,Fast,2.5mm,Experiment_2
2025-10-23T01:26:36.593Z,20,775,1454,238,991,1691,3480,3115,10281,4032,4741,15485,Day_1,Dark,Fast,2.5mm,Experiment_2
2025-10-23T01:26:36.633Z,20,780,1458,239,996,1698,3472,3120,10315,4044,4764,15565,Day_1,Dark,Fast,2.5mm,Experiment_2
2025-10-23T01:26:36.673Z,28,787,1462,246,999,1705,3469,3118,10351,4055,4787,15663,Day_1,Dark,Fast,2.5mm,Experiment_2
2025-10-23T01:26:36.713Z,38,797,1463,253,1006,1710,3481,3112,10372,4069,4801,15738,Day_1,Dark,Fast,2.5mm,Experiment_2
2025-10-23T01:26:36.753Z,45,810,1462,256,1016,1708,3496,3103,10362,4075,4798,15736,Day_1,Dark,Fast,2.5mm,Experiment_2
2025-10-23T01:26:36.793Z,48,818,1460,258,1022,1700,3492,3088,10313,4060,4762,15614,Day_1,Dark,Fast,2.5mm,Experiment_2
2025-10-23T01:26:36.833Z,50,815,1461,262,1018,1696,3464,3064,10229,4021,4685,15365,Day_1,Dark,Fast,2.5mm,Experiment_2
2025-10-23T01:26:36.873Z,47,800,1464,264,1006,1695,3431,3042,10157,3984,4606,15128,Day_1,Dark,Fast,2.5mm,Experiment_2
2025-10-23T01:26:36.913Z,39,781,1465,261,991,1694,3410,3038,10155,3982,4585,15087,Day_1,Dark,Fast,2.5mm,Experiment_2
2025-10-23T01:26:36.953Z,31,766,1464,254,979,1694,3414,3050,10214,4008,4630,15236,Day_1,Dark,Fast,2.5mm,Experiment_2
2025-10-23T01:26:36.993Z,25,762,1465,250,975,1698,3439,3062,10273,4034,4690,15417,Day_1,Dark,Fast,2.5mm,Experiment_2
2025-10-23T01:26:37.033Z,20,767,1471,250,980,1706,3462,3064,10301,4047,4726,15533,Day_1,Dark,Fast,2.5mm,Experiment_2
2025-10-23T01:26:37.073Z,17,771,1476,251,986,1712,3474,3062,10316,4059,4742,15598,Day_1,Dark,Fast,2.5mm,Experiment_2
2025-10-23T01:26:37.113Z,18,772,1476,253,987,1714,3480,3071,10345,4072,4762,15660,Day_1,Dark,Fast,2.5mm,Experiment_2
2025-10-23T01:26:37.153Z,26,774,1470,256,989,1711,3485,3087,10375,4080,4789,15721,Day_1,Dark,Fast,2.5mm,Experiment_2
2025-10-23T01:26:37.193Z,34,777,1465,261,994,1707,3488,3093,10382,4080,4804,15745,Day_1,Dark,Fast,2.5mm,Experiment_2
2025-10-23T01:26:37.233Z,37,779,1462,263,999,1704,3489,3076,10353,4069,4785,15680,Day_1,Dark,Fast,2.5mm,Experiment_2
2025-10-23T01:26:37.273Z,35,781,1456,259,1001,1696,3482,3050,10274,4034,4718,15464,Day_1,Dark,Fast,2.5mm,Experiment_2
2025-10-23T01:26:37.313Z,29,781,1449,251,1000,1685,3468,3032,10159,3981,4621,15141,Day_1,Dark,Fast,2.5mm,Experiment_2
2025-10-23T01:26:37.353Z,23,781,1446,244,1000,1680,3454,3030,10093,3947,4559,14949,Day_1,Dark,Fast,2.5mm,Experiment_2
2025-10-23T01:26:37.393Z,20,783,1450,243,1003,1686,3457,3045,10135,3963,4590,15057,Day_1,Dark,Fast,2.5mm,Experiment_2
2025-10-23T01:26:37.433Z,20,783,1455,247,1002,1694,3481,3074,10224,4010,4670,15301,Day_1,Dark,Fast,2.5mm,Experiment_2
2025-10-23T01:26:37.473Z,20,780,1456,253,995,1695,3504,3103,10272,4045,4721,15442,Day_1,Dark,Fast,2.5mm,Experiment_2
2025-10-23T01:26:37.513Z,20,776,1457,257,988,1695,3508,3120,10277,4053,4730,15466,Day_1,Dark,Fast,2.5mm,Experiment_2
2025-10-23T01:26:37.553Z,21,775,1461,258,987,1700,3506,3121,10289,4054,4734,15504,Day_1,Dark,Fast,2.5mm,Experiment_2
2025-10-23T01:26:37.593Z,23,778,1469,260,992,1710,3503,3113,10333,4063,4757,15616,Day_1,Dark,Fast,2.5mm,Experiment_2
2025-10-23T01:26:37.633Z,25,780,1475,260,994,1716,3495,3106,10378,4071,4785,15728,Day_1,Dark,Fast,2.5mm,Experiment_2
2025-10-23T01:26:37.674Z,27,780,1477,256,991,1715,3492,3100,10378,4070,4790,15746,Day_1,Dark,Fast,2.5mm,Experiment_2
2025-10-23T01:26:37.714Z,27,780,1476,253,989,1706,3498,3090,10312,4053,4750,15602,Day_1,Dark,Fast,2.5mm,Experiment_2
2025-10-23T01:26:37.754Z,31,786,1469,255,991,1692,3498,3079,10191,4015,4663,15294,Day_1,Dark,Fast,2.5mm,Experiment_2
2025-10-23T01:26:37.794Z,34,794,1462,256,996,1682,3490,3079,10087,3977,4589,15014,Day_1,Dark,Fast,2.5mm,Experiment_2
2025-10-23T01:26:37.834Z,31,797,1463,251,999,1686,3484,3091,10076,3974,4591,14994,Day_1,Dark,Fast,2.5mm,Experiment_2
2025-10-23T01:26:37.874Z,29,789,1472,247,994,1700,3478,3097,10137,3996,4646,15180,Day_1,Dark,Fast,2.5mm,Experiment_2
2025-10-23T01:26:37.914Z,31,777,1478,247,986,1708,3467,3087,10196,4012,4692,15353,Day_1,Dark,Fast,2.5mm,Experiment_2
2025-10-23T01:26:37.954Z,32,775,1473,249,983,1705,3459,3070,10227,4018,4707,15433,Day_1,Dark,Fast,2.5mm,Experiment_2
2025-10-23T01:26:37.994Z,31,788,1464,253,989,1700,3462,3060,10266,4027,4720,15507,Day_1,Dark,Fast,2.5mm,Experiment_2
2025-10-23T01:26:38.034Z,35,806,1463,261,1001,1702,3476,3065,10322,4046,4752,15630,Day_1,Dark,Fast,2.5mm,Experiment_2
2025-10-23T01:26:38.074Z,37,815,1470,264,1013,1709,3492,3075,10356,4067,4784,15727,Day_1,Dark,Fast,2.5mm,Experiment_2
2025-10-23T01:26:38.114Z,31,812,1475,260,1017,1713,3501,3087,10345,4074,4794,15725,Day_1,Dark,Fast,2.5mm,Experiment_2
2025-10-23T01:26:38.154Z,20,803,1474,253,1011,1711,3496,3091,10293,4056,4761,15594,Day_1,Dark,Fast,2.5mm,Experiment_2
2025-10-23T01:26:38.194Z,14,793,1467,249,1001,1704,3479,3074,10210,4013,4679,15342,Day_1,Dark,Fast,2.5mm,Experiment_2
2025-10-23T01:26:38.234Z,16,784,1458,248,991,1694,3463,3050,10141,3975,4599,15118,Day_1,Dark,Fast,2.5mm,Experiment_2
2025-10-23T01:26:38.274Z,22,777,1452,250,985,1687,3460,3048,10140,3970,4590,15091,Day_1,Dark,Fast,2.5mm,Experiment_2
2025-10-23T01:26:38.314Z,27,776,1449,252,987,1683,3472,3066,10192,3993,4644,15226,Day_1,Dark,Fast,2.5mm,Experiment_2
2025-10-23T01:26:38.354Z,28,786,1450,253,997,1685,3489,3081,10249,4019,4703,15387,Day_1,Dark,Fast,2.5mm,Experiment_2
2025-10-23T01:26:38.394Z,27,793,1455,253,1007,1692,3498,3082,10290,4036,4737,15504,Day_1,Dark,Fast,2.5mm,Experiment_2
2025-10-23T01:26:38.434Z,27,787,1462,256,1006,1701,3501,3081,10319,4052,4756,15591,Day_1,Dark,Fast,2.5mm,Experiment_2
2025-10-23T01:26:38.474Z,30,775,1467,262,998,1709,3507,3079,10347,4071,4775,15676,Day_1,Dark,Fast,2.5mm,Experiment_2
2025-10-23T01:26:38.514Z,35,765,1468,268,992,1713,3516,3070,10368,4087,4788,15741,Day_1,Dark,Fast,2.5mm,Experiment_2
2025-10-23T01:26:38.554Z,41,761,1467,274,989,1711,3517,3059,10361,4084,4783,15744,Day_1,Dark,Fast,2.5mm,Experiment_2
2025-10-23T01:26:38.594Z,47,761,1462,278,985,1704,3496,3049,10316,4056,4750,15638,Day_1,Dark,Fast,2.5mm,Experiment_2
2025-10-23T01:26:38.634Z,47,762,1455,274,980,1692,3460,3039,10236,4008,4679,15403,Day_1,Dark,Fast,2.5mm,Experiment_2
2025-10-23T01:26:38.674Z,43,764,1453,268,978,1687,3435,3036,10155,3963,4600,15141,Day_1,Dark,Fast,2.5mm,Experiment_2
2025-10-23T01:26:38.714Z,37,771,1462,260,985,1696,3439,3047,10134,3949,4574,15051,Day_1,Dark,Fast,2.5mm,Experiment_2
2025-10-23T01:26:38.754Z,31,784,1476,253,999,1711,3465,3064,10184,3976,4620,15186,Day_1,Dark,Fast,2.5mm,Experiment_2
2025-10-23T01:26:38.794Z,29,797,1479,249,1013,1714,3501,3073,10252,4018,4685,15390,Day_1,Dark,Fast,2.5mm,Experiment_2
2025-10-23T01:26:38.834Z,31,805,1468,249,1018,1704,3529,3071,10297,4046,4720,15519,Day_1,Dark,Fast,2.5mm,Experiment_2
2025-10-23T01:26:38.874Z,29,801,1457,246,1012,1695,3533,3065,10322,4057,4729,15579,Day_1,Dark,Fast,2.5mm,Experiment_2
2025-10-23T01:26:38.914Z,22,788,1457,243,1002,1696,3520,3066,10340,4061,4741,15637,Day_1,Dark,Fast,2.5mm,Experiment_2
2025-10-23T01:26:38.954Z,19,776,1464,243,994,1703,3516,3076,10356,4067,4768,15707,Day_1,Dark,Fast,2.5mm,Experiment_2
2025-10-23T01:26:38.994Z,23,776,1474,249,993,1712,3528,3089,10365,4074,4793,15751,Day_1,Dark,Fast,2.5mm,Experiment_2
2025-10-23T01:26:39.034Z,31,781,1482,254,996,1719,3534,3092,10353,4069,4788,15711,Day_1,Dark,Fast,2.5mm,Experiment_2
2025-10-23T01:26:39.074Z,33,784,1483,254,995,1716,3517,3081,10290,4038,4733,15519,Day_1,Dark,Fast,2.5mm,Experiment_2
2025-10-23T01:26:39.114Z,26,782,1476,247,992,1704,3492,3063,10178,3990,4633,15192,Day_1,Dark,Fast,2.5mm,Experiment_2
2025-10-23T01:26:39.154Z,19,778,1470,242,988,1694,3482,3054,10098,3960,4558,14959,Day_1,Dark,Fast,2.5mm,Experiment_2
2025-10-23T01:26:39.194Z,17,775,1468,244,987,1693,3487,3062,10119,3976,4575,15032,Day_1,Dark,Fast,2.5mm,Experiment_2
2025-10-23T01:26:39.234Z,17,777,1469,247,992,1699,3490,3079,10192,4009,4645,15272,Day_1,Dark,Fast,2.5mm,Experiment_2
2025-10-23T01:26:39.274Z,15,782,1470,247,997,1704,3484,3083,10230,4021,4684,15416,Day_1,Dark,Fast,2.5mm,Experiment_2
2025-10-23T01:26:39.314Z,17,786,1469,247,997,1706,3477,3074,10236,4017,4686,15433,Day_1,Dark,Fast,2.5mm,Experiment_2
2025-10-23T01:26:39.354Z,27,785,1464,252,993,1705,3477,3068,10260,4026,4698,15466,Day_1,Dark,Fast,2.5mm,Experiment_2
2025-10-23T01:26:39.394Z,38,784,1462,259,989,1706,3483,3069,10316,4052,4737,15583,Day_1,Dark,Fast,2.5mm,Experiment_2
2025-10-23T01:26:39.434Z,44,784,1466,264,989,1711,3495,3068,10369,4076,4770,15701,Day_1,Dark,Fast,2.5mm,Experiment_2
2025-10-23T01:26:39.474Z,46,787,1472,266,992,1713,3508,3061,10382,4085,4776,15726,Day_1,Dark,Fast,2.5mm,Experiment_2
2025-10-23T01:26:39.514Z,48,792,1474,268,997,1709,3506,3054,10332,4065,4742,15603,Day_1,Dark,Fast,2.5mm,Experiment_2
2025-10-23T01:26:39.554Z,44,798,1465,263,1000,1697,3483,3044,10224,4016,4661,15331,Day_1,Dark,Fast,2.5mm,Experiment_2
2025-10-23T01:26:39.594Z,35,800,1452,252,1000,1683,3464,3031,10126,3972,4580,15077,Day_1,Dark,Fast,2.5mm,Experiment_2
2025-10-23T01:26:39.634Z,29,800,1449,246,1003,1680,3467,3024,10115,3968,4564,15050,Day_1,Dark,Fast,2.5mm,Experiment_2
2025-10-23T01:26:39.674Z,29,798,1460,247,1006,1690,3481,3026,10177,3996,4607,15211,Day_1,Dark,Fast,2.5mm,Experiment_2
2025-10-23T01:26:39.714Z,27,793,1473,249,1006,1703,3492,3032,10237,4026,4660,15377,Day_1,Dark,Fast,2.5mm,Experiment_2
2025-10-23T01:26:39.754Z,26,791,1477,251,1006,1709,3496,3044,10266,4047,4701,15470,Day_1,Dark,Fast,2.5mm,Experiment_2
2025-10-23T01:26:39.794Z,29,789,1472,256,1006,1706,3499,3057,10289,4062,4737,15545,Day_1,Dark,Fast,2.5mm,Experiment_2
2025-10-23T01:26:39.834Z,35,776,1472,258,996,1706,3508,3062,10322,4080,4769,15646,Day_1,Dark,Fast,2.5mm,Experiment_2
2025-10-23T01:26:39.874Z,36,759,1480,256,981,1713,3513,3058,10347,4092,4784,15721,Day_1,Dark,Fast,2.5mm,Experiment_2
2025-10-23T01:26:39.914Z,32,751,1489,253,973,1719,3502,3051,10350,4085,4773,15716,Day_1,Dark,Fast,2.5mm,Experiment_2
2025-10-23T01:26:39.954Z,26,756,1487,251,975,1715,3478,3048,10318,4055,4736,15594,Day_1,Dark,Fast,2.5mm,Experiment_2
2025-10-23T01:26:39.994Z,24,760,1473,249,975,1702,3455,3042,10240,4010,4668,15352,Day_1,Dark,Fast,2.5mm,Experiment_2
2025-10-23T01:26:40.034Z,25,758,1457,250,969,1688,3445,3036,10163,3973,4603,15134,Day_1,Dark,Fast,2.5mm,Experiment_2
2025-10-23T01:26:40.074Z,29,756,1449,254,965,1686,3447,3041,10148,3966,4593,15109,Day_1,Dark,Fast,2.5mm,Experiment_2
2025-10-23T01:26:40.114Z,33,761,1456,259,971,1695,3458,3064,10192,3987,4637,15249,Day_1,Dark,Fast,2.5mm,Experiment_2
2025-10-23T01:26:40.154Z,36,768,1465,262,981,1703,3476,3090,10253,4014,4693,15413,Day_1,Dark,Fast,2.5mm,Experiment_2
2025-10-23T01:26:40.194Z,36,771,1467,262,987,1705,3492,3104,10303,4036,4732,15529,Day_1,Dark,Fast,2.5mm,Experiment_2
2025-10-23T01:26:40.234Z,36,775,1466,261,995,1704,3499,3104,10341,4051,4757,15613,Day_1,Dark,Fast,2.5mm,Experiment_2
2025-10-23T01:26:40.274Z,38,778,1464,261,999,1702,3504,3103,10372,4062,4780,15692,Day_1,Dark,Fast,2.5mm,Experiment_2
2025-10-23T01:26:40.314Z,38,772,1462,259,992,1700,3508,3104,10391,4070,4803,15754,Day_1,Dark,Fast,2.5mm,Experiment_2
2025-10-23T01:26:40.354Z,36,762,1464,254,981,1701,3505,3097,10394,4068,4807,15765,Day_1,Dark,Fast,2.5mm,Experiment_2
2025-10-23T01:26:40.394Z,33,758,1472,249,977,1704,3493,3076,10365,4049,4773,15678,Day_1,Dark,Fast,2.5mm,Experiment_2
2025-10-23T01:26:40.434Z,32,758,1470,246,975,1699,3482,3045,10279,4011,4690,15443,Day_1,Dark,Fast,2.5mm,Experiment_2
2025-10-23T01:26:40.474Z,30,758,1456,247,970,1684,3479,3026,10162,3966,4588,15131,Day_1,Dark,Fast,2.5mm,Experiment_2
2025-10-23T01:26:40.514Z,27,764,1446,246,971,1675,3480,3034,10105,3949,4546,14983,Day_1,Dark,Fast,2.5mm,Experiment_2
2025-10-23T01:26:40.554Z,21,778,1451,244,983,1684,3488,3058,10161,3978,4596,15121,Day_1,Dark,Fast,2.5mm,Experiment_2
2025-10-23T01:26:40.594Z,16,786,1462,244,995,1700,3498,3075,10254,4025,4674,15360,Day_1,Dark,Fast,2.5mm,Experiment_2
2025-10-23T01:26:40.634Z,17,785,1468,246,999,1709,3504,3079,10299,4052,4714,15489,Day_1,Dark,Fast,2.5mm,Experiment_2
2025-10-23T01:26:40.674Z,21,786,1468,249,1001,1709,3511,3079,10299,4061,4724,15516,Day_1,Dark,Fast,2.5mm,Experiment_2
2025-10-23T01:26:40.714Z,23,793,1465,251,1005,1705,3521,3085,10306,4068,4742,15559,Day_1,Dark,Fast,2.5mm,Experiment_2
2025-10-23T01:26:40.754Z,22,794,1463,251,1006,1701,3524,3100,10336,4079,4777,15652,Day_1,Dark,Fast,2.5mm,Experiment_2
2025-10-23T01:26:40.794Z,21,790,1463,250,1003,1702,3518,3112,10361,4087,4805,15733,Day_1,Dark,Fast,2.5mm,Experiment_2
2025-10-23T01:26:40.834Z,20,788,1463,248,1001,1703,3513,3104,10352,4086,4797,15726,Day_1,Dark,Fast,2.5mm,Experiment_2
2025-10-23T01:26:40.874Z,21,785,1462,246,997,1701,3517,3078,10291,4069,4742,15568,Day_1,Dark,Fast,2.5mm,Experiment_2
2025-10-23T01:26:40.914Z,25,778,1457,247,990,1692,3519,3052,10179,4028,4646,15254,Day_1,Dark,Fast,2.5mm,Experiment_2
2025-10-23T01:26:40.954Z,27,775,1452,248,988,1682,3510,3041,10092,3984,4570,14991,Day_1,Dark,Fast,2.5mm,Experiment_2
2025-10-23T01:26:40.994Z,24,780,1450,248,993,1679,3494,3048,10111,3976,4575,15015,Day_1,Dark,Fast,2.5mm,Experiment_2
2025-10-23T01:26:41.034Z,20,780,1453,250,992,1684,3481,3065,10193,3998,4636,15232,Day_1,Dark,Fast,2.5mm,Experiment_2
2025-10-23T01:26:41.074Z,18,771,1457,254,982,1690,3477,3081,10248,4020,4685,15399,Day_1,Dark,Fast,2.5mm,Experiment_2
2025-10-23T01:26:41.114Z,20,761,1460,258,973,1694,3481,3091,10265,4033,4707,15456,Day_1,Dark,Fast,2.5mm,Experiment_2
2025-10-23T01:26:41.154Z,24,754,1460,258,971,1696,3493,3095,10293,4048,4732,15520,Day_1,Dark,Fast,2.5mm,Experiment_2
2025-10-23T01:26:41.194Z,25,752,1459,256,973,1696,3511,3094,10349,4071,4775,15643,Day_1,Dark,Fast,2.5mm,Experiment_2
2025-10-23T01:26:41.234Z,24,753,1461,254,978,1694,3527,3094,10395,4092,4810,15746,Day_1,Dark,Fast,2.5mm,Experiment_2
2025-10-23T01:26:41.274Z,27,756,1466,258,982,1693,3531,3094,10396,4094,4812,15755,Day_1,Dark,Fast,2.5mm,Experiment_2
2025-10-23T01:26:41.314Z,33,764,1467,265,988,1691,3525,3087,10334,4068,4769,15627,Day_1,Dark,Fast,2.5mm,Experiment_2
2025-10-23T01:26:41.354Z,38,773,1460,269,994,1685,3514,3066,10218,4018,4681,15359,Day_1,Dark,Fast,2.5mm,Experiment_2
2025-10-23T01:26:41.394Z,41,782,1450,269,997,1680,3500,3044,10120,3975,4600,15111,Day_1,Dark,Fast,2.5mm,Experiment_2
2025-10-23T01:26:41.434Z,41,792,1449,267,1002,1680,3492,3043,10104,3972,4589,15073,Day_1,Dark,Fast,2.5mm,Experiment_2
2025-10-23T01:26:41.474Z,36,799,1458,260,1007,1687,3493,3062,10157,3997,4638,15212,Day_1,Dark,Fast,2.5mm,Experiment_2
2025-10-23T01:26:41.514Z,31,801,1467,252,1011,1697,3494,3079,10221,4021,4697,15377,Day_1,Dark,Fast,2.5mm,Experiment_2
2025-10-23T01:26:41.554Z,30,799,1470,251,1012,1706,3495,3079,10265,4037,4735,15491,Day_1,Dark,Fast,2.5mm,Experiment_2
2025-10-23T01:26:41.594Z,34,796,1467,254,1011,1708,3493,3068,10296,4049,4754,15575,Day_1,Dark,Fast,2.5mm,Experiment_2
2025-10-23T01:26:41.634Z,36,793,1464,256,1009,1708,3484,3057,10335,4060,4771,15665,Day_1,Dark,Fast,2.5mm,Experiment_2
2025-10-23T01:26:41.674Z,35,796,1464,253,1010,1708,3476,3059,10371,4067,4792,15740,Day_1,Dark,Fast,2.5mm,Experiment_2
2025-10-23T01:26:41.714Z,32,802,1465,248,1014,1705,3476,3075,10380,4070,4805,15750,Day_1,Dark,Fast,2.5mm,Experiment_2
2025-10-23T01:26:41.754Z,29,803,1467,243,1010,1702,3483,3087,10340,4062,4784,15643,Day_1,Dark,Fast,2.5mm,Experiment_2
2025-10-23T01:26:41.794Z,26,791,1468,238,996,1699,3483,3081,10247,4033,4710,15402,Day_1,Dark,Fast,2.5mm,Experiment_2
2025-10-23T01:26:41.834Z,27,770,1464,239,977,1692,3475,3067,10151,3998,4614,15136,Day_1,Dark,Fast,2.5mm,Experiment_2
2025-10-23T01:26:41.874Z,32,751,1459,247,964,1686,3469,3058,10129,3985,4570,15049,Day_1,Dark,Fast,2.5mm,Experiment_2
2025-10-23T01:26:41.914Z,42,743,1464,260,961,1691,3468,3062,10188,4001,4611,15189,Day_1,Dark,Fast,2.5mm,Experiment_2
2025-10-23T01:26:41.954Z,48,746,1471,269,965,1699,3465,3072,10259,4022,4686,15389,Day_1,Dark,Fast,2.5mm,Experiment_2
2025-10-23T01:26:41.994Z,45,757,1471,267,973,1704,3464,3076,10290,4035,4735,15509,Day_1,Dark,Fast,2.5mm,Experiment_2
2025-10-23T01:26:42.034Z,39,771,1471,260,985,1708,3473,3077,10295,4047,4753,15560,Day_1,Dark,Fast,2.5mm,Experiment_2
2025-10-23T01:26:42.074Z,36,778,1474,254,993,1714,3487,3079,10304,4064,4764,15614,Day_1,Dark,Fast,2.5mm,Experiment_2
2025-10-23T01:26:42.114Z,35,778,1479,253,995,1718,3499,3078,10323,4078,4779,15684,Day_1,Dark,Fast,2.5mm,Experiment_2
2025-10-23T01:26:42.154Z,36,777,1482,256,996,1718,3506,3075,10336,4083,4791,15729,Day_1,Dark,Fast,2.5mm,Experiment_2
2025-10-23T01:26:42.194Z,38,778,1483,258,998,1715,3506,3076,10323,4075,4785,15691,Day_1,Dark,Fast,2.5mm,Experiment_2
2025-10-23T01:26:42.234Z,37,780,1480,255,997,1708,3493,3076,10260,4045,4736,15504,Day_1,Dark,Fast,2.5mm,Experiment_2
2025-10-23T01:26:42.274Z,31,781,1471,249,994,1697,3476,3071,10152,3996,4638,15185,Day_1,Dark,Fast,2.5mm,Experiment_2
2025-10-23T01:26:42.314Z,23,776,1463,243,989,1687,3469,3073,10079,3961,4565,14962,Day_1,Dark,Fast,2.5mm,Experiment_2
2025-10-23T01:26:42.354Z,17,769,1463,239,985,1685,3468,3089,10113,3970,4585,15045,Day_1,Dark,Fast,2.5mm,Experiment_2
2025-10-23T01:26:42.394Z,15,765,1466,240,986,1689,3461,3108,10206,3999,4661,15296,Day_1,Dark,Fast,2.5mm,Experiment_2
2025-10-23T01:26:42.434Z,16,771,1464,245,993,1692,3448,3117,10262,4013,4708,15446,Day_1,Dark,Fast,2.5mm,Experiment_2
2025-10-23T01:26:42.474Z,16,781,1460,250,1001,1692,3443,3117,10266,4012,4713,15456,Day_1,Dark,Fast,2.5mm,Experiment_2
2025-10-23T01:26:42.514Z,15,783,1458,250,1000,1691,3457,3121,10266,4020,4721,15469,Day_1,Dark,Fast,2.5mm,Experiment_2
2025-10-23T01:26:42.554Z,18,775,1462,251,992,1697,3479,3123,10291,4041,4755,15564,Day_1,Dark,Fast,2.5mm,Experiment_2
2025-10-23T01:26:42.594Z,27,771,1473,256,988,1708,3500,3114,10324,4064,4790,15675,Day_1,Dark,Fast,2.5mm,Experiment_2
2025-10-23T01:26:42.634Z,37,775,1485,264,993,1718,3519,3094,10333,4078,4795,15709,Day_1,Dark,Fast,2.5mm,Experiment_2
2025-10-23T01:26:42.674Z,41,779,1486,268,996,1718,3530,3076,10287,4065,4752,15587,Day_1,Dark,Fast,2.5mm,Experiment_2
2025-10-23T01:26:42.714Z,39,776,1471,266,990,1707,3527,3066,10186,4023,4660,15299,Day_1,Dark,Fast,2.5mm,Experiment_2
2025-10-23T01:26:42.754Z,34,772,1457,261,984,1698,3515,3062,10098,3982,4576,15032,Day_1,Dark,Fast,2.5mm,Experiment_2
2025-10-23T01:26:42.794Z,27,776,1453,254,986,1698,3503,3061,10098,3978,4566,15009,Day_1,Dark,Fast,2.5mm,Experiment_2
2025-10-23T01:26:42.834Z,21,780,1455,250,991,1702,3499,3065,10169,4005,4619,15185,Day_1,Dark,Fast,2.5mm,Experiment_2
2025-10-23T01:26:42.874Z,20,780,1457,250,993,1700,3500,3072,10235,4033,4676,15361,Day_1,Dark,Fast,2.5mm,Experiment_2
2025-10-23T01:26:42.914Z,22,777,1457,252,993,1695,3500,3075,10260,4049,4710,15454,Day_1,Dark,Fast,2.5mm,Experiment_2
2025-10-23T01:26:42.954Z,25,779,1455,255,997,1691,3500,3075,10274,4059,4737,15531,Day_1,Dark,Fast,2.5mm,Experiment_2
2025-10-23T01:26:42.994Z,30,789,1453,259,1006,1690,3498,3080,10307,4070,4772,15643,Day_1,Dark,Fast,2.5mm,Experiment_2
2025-10-23T01:26:43.034Z,37,797,1456,264,1015,1696,3499,3090,10348,4081,4797,15732,Day_1,Dark,Fast,2.5mm,Experiment_2
2025-10-23T01:26:43.074Z,38,794,1466,266,1015,1707,3510,3094,10366,4086,4792,15736,Day_1,Dark,Fast,2.5mm,Experiment_2
2025-10-23T01:26:43.114Z,31,784,1474,262,1007,1715,3531,3080,10334,4073,4747,15616,Day_1,Dark,Fast,2.5mm,Experiment_2
2025-10-23T01:26:43.154Z,22,773,1473,256,997,1709,3546,3049,10246,4034,4664,15365,Day_1,Dark,Fast,2.5mm,Experiment_2
2025-10-23T01:26:43.194Z,17,769,1467,251,989,1695,3543,3015,10157,3992,4585,15126,Day_1,Dark,Fast,2.5mm,Experiment_2
2025-10-23T01:26:43.234Z,15,775,1464,247,989,1687,3518,2994,10130,3979,4563,15083,Day_1,Dark,Fast,2.5mm,Experiment_2
2025-10-23T01:26:43.274Z,15,786,1467,245,994,1689,3493,2996,10165,3997,4596,15216,Day_1,Dark,Fast,2.5mm,Experiment_2
2025-10-23T01:26:43.314Z,18,792,1469,245,1001,1693,3483,3019,10220,4025,4652,15385,Day_1,Dark,Fast,2.5mm,Experiment_2
2025-10-23T01:26:43.354Z,21,790,1464,244,1004,1697,3481,3049,10268,4044,4704,15510,Day_1,Dark,Fast,2.5mm,Experiment_2
2025-10-23T01:26:43.394Z,24,781,1457,244,1000,1704,3485,3075,10305,4055,4747,15597,Day_1,Dark,Fast,2.5mm,Experiment_2
2025-10-23T01:26:43.435Z,29,770,1460,247,991,1714,3500,3097,10339,4067,4783,15674,Day_1,Dark,Fast,2.5mm,Experiment_2
2025-10-23T01:26:43.475Z,34,762,1471,254,986,1719,3513,3115,10371,4081,4810,15737,Day_1,Dark,Fast,2.5mm,Experiment_2
2025-10-23T01:26:43.515Z,36,760,1482,258,985,1719,3514,3113,10383,4087,4810,15750,Day_1,Dark,Fast,2.5mm,Experiment_2
2025-10-23T01:26:43.555Z,35,762,1486,259,989,1716,3499,3089,10343,4074,4768,15655,Day_1,Dark,Fast,2.5mm,Experiment_2
2025-10-23T01:26:43.595Z,35,766,1484,256,992,1712,3468,3059,10244,4033,4689,15415,Day_1,Dark,Fast,2.5mm,Experiment_2
2025-10-23T01:26:43.635Z,32,768,1475,250,990,1702,3437,3039,10133,3976,4601,15127,Day_1,Dark,Fast,2.5mm,Experiment_2
2025-10-23T01:26:43.675Z,29,768,1462,245,985,1691,3432,3035,10092,3948,4566,15012,Day_1,Dark,Fast,2.5mm,Experiment_2
2025-10-23T01:26:43.715Z,29,770,1457,244,987,1693,3452,3045,10141,3970,4608,15154,Day_1,Dark,Fast,2.5mm,Experiment_2
2025-10-23T01:26:43.755Z,30,771,1464,248,988,1705,3472,3063,10216,4010,4678,15374,Day_1,Dark,Fast,2.5mm,Experiment_2
2025-10-23T01:26:43.795Z,31,760,1473,252,980,1716,3479,3080,10254,4031,4719,15492,Day_1,Dark,Fast,2.5mm,Experiment_2
2025-10-23T01:26:43.835Z,30,750,1474,252,972,1716,3483,3087,10261,4037,4731,15520,Day_1,Dark,Fast,2.5mm,Experiment_2
2025-10-23T01:26:43.875Z,25,754,1468,247,976,1706,3491,3083,10275,4046,4745,15558,Day_1,Dark,Fast,2.5mm,Experiment_2
2025-10-23T01:26:43.915Z,22,768,1459,243,989,1695,3496,3082,10319,4061,4774,15642,Day_1,Dark,Fast,2.5mm,Experiment_2
2025-10-23T01:26:43.955Z,23,782,1449,244,1002,1687,3491,3089,10367,4069,4803,15719,Day_1,Dark,Fast,2.5mm,Experiment_2
2025-10-23T01:26:43.995Z,27,794,1443,246,1011,1682,3481,3094,10378,4063,4805,15714,Day_1,Dark,Fast,2.5mm,Experiment_2
2025-10-23T01:26:44.035Z,30,796,1441,247,1010,1681,3467,3081,10320,4035,4752,15555,Day_1,Dark,Fast,2.5mm,Experiment_2
2025-10-23T01:26:44.075Z,32,789,1442,248,998,1679,3456,3050,10203,3989,4644,15247,Day_1,Dark,Fast,2.5mm,Experiment_2
2025-10-23T01:26:44.115Z,31,783,1444,249,988,1679,3454,3024,10115,3955,4552,14999,Day_1,Dark,Fast,2.5mm,Experiment_2
2025-10-23T01:26:44.155Z,29,780,1449,251,987,1683,3460,3025,10132,3963,4554,15034,Day_1,Dark,Fast,2.5mm,Experiment_2
2025-10-23T01:26:44.195Z,28,773,1454,253,987,1688,3462,3050,10211,3995,4625,15251,Day_1,Dark,Fast,2.5mm,Experiment_2
2025-10-23T01:26:44.235Z,26,764,1458,252,981,1692,3457,3080,10261,4015,4688,15396,Day_1,Dark,Fast,2.5mm,Experiment_2
2025-10-23T01:26:44.275Z,22,764,1463,246,979,1696,3457,3097,10263,4022,4713,15421,Day_1,Dark,Fast,2.5mm,Experiment_2
2025-10-23T01:26:44.315Z,20,775,1470,237,989,1704,3474,3100,10269,4037,4730,15459,Day_1,Dark,Fast,2.5mm,Experiment_2
2025-10-23T01:26:44.355Z,18,789,1477,232,1005,1714,3501,3106,10312,4062,4765,15581,Day_1,Dark,Fast,2.5mm,Experiment_2
2025-10-23T01:26:44.395Z,19,797,1478,233,1018,1720,3520,3115,10361,4081,4802,15702,Day_1,Dark,Fast,2.5mm,Experiment_2
2025-10-23T01:26:44.435Z,24,797,1476,241,1020,1717,3519,3112,10374,4082,4808,15728,Day_1,Dark,Fast,2.5mm,Experiment_2
2025-10-23T01:26:44.475Z,31,790,1469,248,1009,1709,3502,3085,10336,4058,4762,15604,Day_1,Dark,Fast,2.5mm,Experiment_2
2025-10-23T01:26:44.515Z,31,776,1458,246,990,1696,3475,3046,10248,4009,4665,15335,Day_1,Dark,Fast,2.5mm,Experiment_2
2025-10-23T01:26:44.555Z,27,762,1449,240,973,1684,3454,3021,10160,3965,4579,15089,Day_1,Dark,Fast,2.5mm,Experiment_2
2025-10-23T01:26:44.595Z,24,751,1449,238,963,1681,3455,3026,10144,3963,4575,15059,Day_1,Dark,Fast,2.5mm,Experiment_2
2025-10-23T01:26:44.635Z,22,746,1452,240,962,1684,3475,3046,10192,3997,4633,15205,Day_1,Dark,Fast,2.5mm,Experiment_2
2025-10-23T01:26:44.675Z,20,748,1457,243,965,1688,3499,3061,10243,4036,4693,15364,Day_1,Dark,Fast,2.5mm,Experiment_2
2025-10-23T01:26:44.715Z,19,758,1461,247,974,1693,3515,3067,10272,4059,4727,15464,Day_1,Dark,Fast,2.5mm,Experiment_2
2025-10-23T01:26:44.755Z,22,770,1463,252,984,1697,3519,3073,10299,4069,4748,15547,Day_1,Dark,Fast,2.5mm,Experiment_2
2025-10-23T01:26:44.795Z,25,774,1465,258,988,1702,3515,3083,10343,4075,4777,15655,Day_1,Dark,Fast,2.5mm,Experiment_2
2025-10-23T01:26:44.835Z,27,773,1466,260,987,1703,3505,3085,10382,4076,4799,15744,Day_1,Dark,Fast,2.5mm,Experiment_2
2025-10-23T01:26:44.875Z,29,777,1464,257,993,1698,3496,3067,10383,4069,4792,15750,Day_1,Dark,Fast,2.5mm,Experiment_2
2025-10-23T01:26:44.915Z,33,785,1460,257,1004,1691,3493,3047,10332,4050,4749,15626,Day_1,Dark,Fast,2.5mm,Experiment_2
2025-10-23T01:26:44.955Z,35,789,1457,257,1008,1686,3486,3039,10243,4012,4676,15375,Day_1,Dark,Fast,2.5mm,Experiment_2
2025-10-23T01:26:44.995Z,36,786,1457,254,1003,1685,3475,3042,10164,3974,4608,15136,Day_1,Dark,Fast,2.5mm,Experiment_2
2025-10-23T01:26:45.035Z,38,778,1463,255,994,1692,3481,3054,10145,3969,4596,15084,Day_1,Dark,Fast,2.5mm,Experiment_2
2025-10-23T01:26:45.075Z,41,772,1472,259,988,1704,3503,3071,10181,3998,4643,15214,Day_1,Dark,Fast,2.5mm,Experiment_2
2025-10-23T01:26:45.115Z,37,773,1479,260,988,1711,3518,3076,10234,4029,4698,15383,Day_1,Dark,Fast,2.5mm,Experiment_2
2025-10-23T01:26:45.155Z,30,782,1481,256,996,1711,3520,3065,10279,4047,4729,15501,Day_1,Dark,Fast,2.5mm,Experiment_2
2025-10-23T01:26:45.195Z,29,789,1477,255,1006,1709,3518,3057,10314,4057,4743,15579,Day_1,Dark,Fast,2.5mm,Experiment_2
2025-10-23T01:26:45.235Z,34,787,1474,258,1006,1710,3517,3063,10342,4067,4758,15651,Day_1,Dark,Fast,2.5mm,Experiment_2
2025-10-23T01:26:45.275Z,36,778,1471,260,997,1711,3518,3073,10351,4077,4778,15709,Day_1,Dark,Fast,2.5mm,Experiment_2
2025-10-23T01:26:45.315Z,34,770,1468,256,986,1708,3517,3080,10342,4080,4792,15722,Day_1,Dark,Fast,2.5mm,Experiment_2
2025-10-23T01:26:45.355Z,32,766,1465,251,980,1707,3510,3081,10314,4068,4780,15650,Day_1,Dark,Fast,2.5mm,Experiment_2
2025-10-23T01:26:45.395Z,33,764,1463,248,979,1704,3497,3069,10251,4033,4717,15439,Day_1,Dark,Fast,2.5mm,Experiment_2
2025-10-23T01:26:45.435Z,34,766,1457,248,981,1694,3476,3049,10161,3980,4613,15134,Day_1,Dark,Fast,2.5mm,Experiment_2
2025-10-23T01:26:45.475Z,26,773,1450,244,986,1682,3454,3038,10110,3946,4550,14960,Day_1,Dark,Fast,2.5mm,Experiment_2
2025-10-23T01:26:45.515Z,16,777,1446,237,991,1679,3453,3045,10144,3962,4586,15076,Day_1,Dark,Fast,2.5mm,Experiment_2
2025-10-23T01:26:45.555Z,12,773,1447,232,990,1683,3471,3057,10218,4005,4664,15320,Day_1,Dark,Fast,2.5mm,Experiment_2
2025-10-23T01:26:45.595Z,14,769,1453,232,985,1689,3489,3061,10265,4035,4706,15463,Day_1,Dark,Fast,2.5mm,Experiment_2
2025-10-23T01:26:45.635Z,16,772,1465,236,986,1697,3497,3065,10276,4046,4712,15490,Day_1,Dark,Fast,2.5mm,Experiment_2
2025-10-23T01:26:45.675Z,16,779,1480,242,996,1708,3501,3070,10289,4053,4722,15522,Day_1,Dark,Fast,2.5mm,Experiment_2
2025-10-23T01:26:45.715Z,19,784,1490,249,1005,1718,3508,3068,10322,4067,4747,15611,Day_1,Dark,Fast,2.5mm,Experiment_2
2025-10-23T01:26:45.755Z,25,785,1488,255,1008,1719,3509,3059,10349,4078,4768,15696,Day_1,Dark,Fast,2.5mm,Experiment_2
2025-10-23T01:26:45.795Z,29,783,1475,257,1002,1711,3501,3055,10347,4074,4768,15703,Day_1,Dark,Fast,2.5mm,Experiment_2
2025-10-23T01:26:45.835Z,29,778,1461,254,991,1699,3486,3062,10298,4047,4733,15568,Day_1,Dark,Fast,2.5mm,Experiment_2
2025-10-23T01:26:45.875Z,25,776,1453,248,985,1689,3474,3068,10198,4002,4654,15274,Day_1,Dark,Fast,2.5mm,Experiment_2
2025-10-23T01:26:45.915Z,23,781,1447,245,990,1680,3477,3065,10112,3968,4579,15009,Day_1,Dark,Fast,2.5mm,Experiment_2
2025-10-23T01:26:45.955Z,26,788,1442,248,1001,1675,3490,3063,10115,3975,4577,15006,Day_1,Dark,Fast,2.5mm,Experiment_2
2025-10-23T01:26:45.995Z,31,793,1444,256,1009,1677,3499,3064,10180,4005,4628,15200,Day_1,Dark,Fast,2.5mm,Experiment_2
2025-10-23T01:26:46.035Z,37,793,1455,263,1010,1688,3500,3061,10233,4027,4671,15369,Day_1,Dark,Fast,2.5mm,Experiment_2
2025-10-23T01:26:46.075Z,38,790,1468,265,1006,1698,3502,3059,10257,4033,4690,15441,Day_1,Dark,Fast,2.5mm,Experiment_2
2025-10-23T01:26:46.115Z,33,785,1474,258,1000,1701,3509,3065,10291,4043,4716,15511,Day_1,Dark,Fast,2.5mm,Experiment_2
2025-10-23T01:26:46.155Z,24,778,1472,244,995,1701,3522,3074,10351,4065,4760,15636,Day_1,Dark,Fast,2.5mm,Experiment_2
2025-10-23T01:26:46.195Z,18,774,1470,237,992,1704,3536,3086,10397,4088,4796,15737,Day_1,Dark,Fast,2.5mm,Experiment_2
2025-10-23T01:26:46.235Z,21,775,1470,242,994,1709,3538,3097,10397,4091,4803,15742,Day_1,Dark,Fast,2.5mm,Experiment_2
2025-10-23T01:26:46.275Z,32,778,1468,253,996,1708,3527,3097,10342,4067,4765,15616,Day_1,Dark,Fast,2.5mm,Experiment_2
2025-10-23T01:26:46.315Z,41,774,1461,262,990,1700,3505,3082,10242,4018,4683,15361,Day_1,Dark,Fast,2.5mm,Experiment_2
2025-10-23T01:26:46.355Z,41,763,1458,264,976,1695,3476,3060,10155,3971,4603,15126,Day_1,Dark,Fast,2.5mm,Experiment_2
2025-10-23T01:26:46.395Z,39,753,1463,264,967,1702,3456,3047,10140,3958,4587,15092,Day_1,Dark,Fast,2.5mm,Experiment_2
2025-10-23T01:26:46.435Z,40,752,1472,264,967,1714,3452,3051,10181,3976,4630,15223,Day_1,Dark,Fast,2.5mm,Experiment_2
2025-10-23T01:26:46.475Z,40,758,1474,263,976,1715,3453,3066,10238,4000,4688,15376,Day_1,Dark,Fast,2.5mm,Experiment_2
2025-10-23T01:26:46.515Z,37,768,1467,260,987,1707,3454,3075,10284,4016,4732,15484,Day_1,Dark,Fast,2.5mm,Experiment_2
2025-10-23T01:26:46.555Z,35,778,1462,257,998,1700,3456,3070,10317,4029,4758,15570,Day_1,Dark,Fast,2.5mm,Experiment_2
2025-10-23T01:26:46.595Z,35,782,1463,256,1003,1700,3461,3059,10341,4044,4779,15661,Day_1,Dark,Fast,2.5mm,Experiment_2
2025-10-23T01:26:46.635Z,34,779,1468,256,1000,1706,3472,3057,10355,4061,4797,15732,Day_1,Dark,Fast,2.5mm,Experiment_2
2025-10-23T01:26:46.675Z,34,770,1474,259,992,1712,3492,3066,10352,4076,4803,15737,Day_1,Dark,Fast,2.5mm,Experiment_2
2025-10-23T01:26:46.715Z,35,761,1475,264,984,1709,3511,3068,10312,4071,4773,15627,Day_1,Dark,Fast,2.5mm,Experiment_2
2025-10-23T01:26:46.755Z,35,762,1469,265,984,1697,3507,3056,10230,4034,4696,15385,Day_1,Dark,Fast,2.5mm,Experiment_2
2025-10-23T01:26:46.795Z,30,773,1461,258,991,1685,3484,3039,10147,3985,4607,15127,Day_1,Dark,Fast,2.5mm,Experiment_2
2025-10-23T01:26:46.835Z,26,787,1459,249,1002,1684,3465,3030,10123,3960,4576,15049,Day_1,Dark,Fast,2.5mm,Experiment_2
2025-10-23T01:26:46.875Z,27,800,1465,247,1013,1692,3465,3032,10167,3977,4621,15187,Day_1,Dark,Fast,2.5mm,Experiment_2
2025-10-23T01:26:46.915Z,31,806,1473,252,1021,1700,3479,3042,10233,4015,4689,15382,Day_1,Dark,Fast,2.5mm,Experiment_2
2025-10-23T01:26:46.955Z,35,805,1477,257,1023,1705,3500,3051,10277,4047,4726,15500,Day_1,Dark,Fast,2.5mm,Experiment_2
2025-10-23T01:26:46.995Z,36,801,1473,259,1020,1705,3512,3055,10297,4061,4733,15555,Day_1,Dark,Fast,2.5mm,Experiment_2
2025-10-23T01:26:47.035Z,35,795,1467,259,1016,1704,3511,3062,10311,4064,4743,15610,Day_1,Dark,Fast,2.5mm,Experiment_2
2025-10-23T01:26:47.075Z,34,786,1466,260,1009,1708,3505,3074,10327,4070,4768,15678,Day_1,Dark,Fast,2.5mm,Experiment_2
2025-10-23T01:26:47.115Z,33,772,1467,261,997,1712,3500,3077,10336,4074,4789,15720,Day_1,Dark,Fast,2.5mm,Experiment_2
2025-10-23T01:26:47.155Z,31,762,1462,258,984,1708,3495,3067,10316,4068,4777,15674,Day_1,Dark,Fast,2.5mm,Experiment_2
2025-10-23T01:26:47.195Z,26,760,1455,252,977,1699,3490,3053,10249,4041,4717,15478,Day_1,Dark,Fast,2.5mm,Experiment_2
2025-10-23T01:26:47.235Z,18,767,1451,241,978,1689,3482,3044,10147,3990,4620,15160,Day_1,Dark,Fast,2.5mm,Experiment_2
2025-10-23T01:26:47.275Z,12,780,1453,235,989,1684,3472,3053,10084,3950,4557,14950,Day_1,Dark,Fast,2.5mm,Experiment_2
2025-10-23T01:26:47.315Z,11,788,1458,237,998,1686,3474,3079,10117,3959,4588,15042,Day_1,Dark,Fast,2.5mm,Experiment_2
2025-10-23T01:26:47.355Z,15,784,1461,242,1000,1690,3488,3103,10196,3999,4667,15286,Day_1,Dark,Fast,2.5mm,Experiment_2
2025-10-23T01:26:47.395Z,20,779,1464,246,999,1693,3496,3108,10238,4025,4711,15424,Day_1,Dark,Fast,2.5mm,Experiment_2
2025-10-23T01:26:47.435Z,26,777,1470,253,998,1699,3490,3099,10236,4028,4712,15431,Day_1,Dark,Fast,2.5mm,Experiment_2
2025-10-23T01:26:47.475Z,31,772,1477,260,991,1707,3480,3093,10246,4030,4719,15455,Day_1,Dark,Fast,2.5mm,Experiment_2
2025-10-23T01:26:47.515Z,32,765,1478,262,981,1709,3484,3092,10287,4050,4752,15564,Day_1,Dark,Fast,2.5mm,Experiment_2
2025-10-23T01:26:47.555Z,30,762,1474,260,976,1709,3503,3087,10328,4077,4781,15680,Day_1,Dark,Fast,2.5mm,Experiment_2
2025-10-23T01:26:47.595Z,26,767,1471,255,980,1712,3517,3081,10344,4089,4784,15714,Day_1,Dark,Fast,2.5mm,Experiment_2
2025-10-23T01:26:47.635Z,24,774,1469,250,988,1713,3511,3076,10313,4070,4748,15598,Day_1,Dark,Fast,2.5mm,Experiment_2
2025-10-23T01:26:47.675Z,25,779,1463,245,990,1706,3486,3065,10223,4022,4662,15321,Day_1,Dark,Fast,2.5mm,Experiment_2
2025-10-23T01:26:47.715Z,24,777,1455,242,986,1695,3459,3048,10129,3976,4577,15055,Day_1,Dark,Fast,2.5mm,Experiment_2
2025-10-23T01:26:47.756Z,23,774,1455,242,983,1692,3455,3043,10113,3971,4563,15022,Day_1,Dark,Fast,2.5mm,Experiment_2
2025-10-23T01:26:47.796Z,24,777,1463,243,986,1697,3475,3055,10164,4001,4615,15182,Day_1,Dark,Fast,2.5mm,Experiment_2
2025-10-23T01:26:47.836Z,27,785,1470,245,993,1701,3490,3070,10220,4030,4673,15353,Day_1,Dark,Fast,2.5mm,Experiment_2
2025-10-23T01:26:47.876Z,32,786,1472,247,995,1703,3487,3073,10255,4042,4705,15454,Day_1,Dark,Fast,2.5mm,Experiment_2
2025-10-23T01:26:47.916Z,38,777,1472,250,990,1706,3485,3071,10288,4050,4727,15541,Day_1,Dark,Fast,2.5mm,Experiment_2
2025-10-23T01:26:47.956Z,40,769,1473,252,984,1712,3501,3073,10333,4064,4758,15659,Day_1,Dark,Fast,2.5mm,Experiment_2
2025-10-23T01:26:47.996Z,38,767,1475,255,983,1716,3518,3076,10368,4076,4787,15752,Day_1,Dark,Fast,2.5mm,Experiment_2
2025-10-23T01:26:48.036Z,38,770,1474,258,986,1715,3512,3081,10369,4071,4792,15754,Day_1,Dark,Fast,2.5mm,Experiment_2
2025-10-23T01:26:48.076Z,40,775,1470,259,993,1710,3481,3079,10318,4039,4754,15625,Day_1,Dark,Fast,2.5mm,Experiment_2
2025-10-23T01:26:48.116Z,37,775,1461,254,995,1700,3442,3061,10216,3991,4673,15366,Day_1,Dark,Fast,2.5mm,Experiment_2
2025-10-23T01:26:48.156Z,27,770,1454,247,989,1691,3419,3044,10126,3955,4599,15125,Day_1,Dark,Fast,2.5mm,Experiment_2
2025-10-23T01:26:48.196Z,17,767,1454,242,985,1691,3422,3047,10117,3956,4594,15083,Day_1,Dark,Fast,2.5mm,Experiment_2
2025-10-23T01:26:48.236Z,15,775,1461,243,989,1698,3445,3065,10176,3986,4645,15218,Day_1,Dark,Fast,2.5mm,Experiment_2
2025-10-23T01:26:48.276Z,19,784,1465,248,996,1703,3476,3080,10244,4020,4699,15389,Day_1,Dark,Fast,2.5mm,Experiment_2
2025-10-23T01:26:48.316Z,24,783,1464,254,996,1703,3498,3087,10291,4044,4731,15515,Day_1,Dark,Fast,2.5mm,Experiment_2
2025-10-23T01:26:48.356Z,28,774,1464,256,990,1706,3506,3090,10320,4056,4749,15602,Day_1,Dark,Fast,2.5mm,Experiment_2
2025-10-23T01:26:48.396Z,27,768,1469,253,987,1714,3501,3092,10345,4065,4768,15679,Day_1,Dark,Fast,2.5mm,Experiment_2
2025-10-23T01:26:48.436Z,24,764,1478,247,988,1720,3491,3091,10369,4072,4789,15740,Day_1,Dark,Fast,2.5mm,Experiment_2
2025-10-23T01:26:48.476Z,24,764,1478,246,993,1719,3479,3083,10375,4076,4791,15752,Day_1,Dark,Fast,2.5mm,Experiment_2
2025-10-23T01:26:48.516Z,26,767,1465,249,998,1708,3465,3063,10348,4065,4759,15663,Day_1,Dark,Fast,2.5mm,Experiment_2
2025-10-23T01:26:48.556Z,30,769,1452,252,996,1696,3448,3040,10273,4031,4686,15429,Day_1,Dark,Fast,2.5mm,Experiment_2
2025-10-23T01:26:48.596Z,32,765,1449,253,982,1690,3438,3024,10175,3985,4594,15130,Day_1,Dark,Fast,2.5mm,Experiment_2
2025-10-23T01:26:48.636Z,31,759,1456,251,969,1692,3453,3025,10129,3966,4549,14993,Day_1,Dark,Fast,2.5mm,Experiment_2
2025-10-23T01:26:48.676Z,29,759,1464,248,968,1699,3490,3044,10172,3993,4592,15129,Day_1,Dark,Fast,2.5mm,Experiment_2
2025-10-23T01:26:48.716Z,31,767,1467,250,980,1703,3523,3068,10243,4036,4672,15360,Day_1,Dark,Fast,2.5mm,Experiment_2
2025-10-23T01:26:48.756Z,34,777,1465,255,992,1700,3531,3082,10279,4056,4721,15488,Day_1,Dark,Fast,2.5mm,Experiment_2
2025-10-23T01:26:48.796Z,35,782,1465,259,997,1698,3521,3077,10285,4054,4730,15517,Day_1,Dark,Fast,2.5mm,Experiment_2
2025-10-23T01:26:48.836Z,33,781,1466,261,993,1701,3512,3063,10292,4051,4736,15555,Day_1,Dark,Fast,2.5mm,Experiment_2
2025-10-23T01:26:48.876Z,29,775,1469,261,987,1708,3511,3066,10310,4060,4761,15640,Day_1,Dark,Fast,2.5mm,Experiment_2
2025-10-23T01:26:48.916Z,23,768,1470,259,980,1712,3511,3088,10328,4072,4794,15720,Day_1,Dark,Fast,2.5mm,Experiment_2
2025-10-23T01:26:48.956Z,20,767,1466,256,979,1709,3510,3106,10325,4076,4802,15715,Day_1,Dark,Fast,2.5mm,Experiment_2
2025-10-23T01:26:48.996Z,20,777,1460,254,985,1701,3508,3105,10272,4056,4757,15553,Day_1,Dark,Fast,2.5mm,Experiment_2
2025-10-23T01:26:49.036Z,25,792,1453,254,996,1690,3500,3084,10172,4008,4657,15238,Day_1,Dark,Fast,2.5mm,Experiment_2
2025-10-23T01:26:49.076Z,31,804,1447,255,1006,1680,3497,3055,10096,3972,4570,14982,Day_1,Dark,Fast,2.5mm,Experiment_2
2025-10-23T01:26:49.116Z,34,809,1441,253,1014,1678,3503,3046,10111,3983,4576,15013,Day_1,Dark,Fast,2.5mm,Experiment_2
2025-10-23T01:26:49.156Z,32,809,1440,249,1020,1683,3507,3060,10187,4019,4648,15234,Day_1,Dark,Fast,2.5mm,Experiment_2
2025-10-23T01:26:49.196Z,28,806,1442,247,1023,1689,3496,3072,10242,4033,4702,15397,Day_1,Dark,Fast,2.5mm,Experiment_2
2025-10-23T01:26:49.236Z,24,799,1444,248,1020,1690,3482,3069,10252,4027,4716,15439,Day_1,Dark,Fast,2.5mm,Experiment_2
2025-10-23T01:26:49.276Z,19,791,1448,247,1013,1690,3478,3065,10258,4027,4729,15479,Day_1,Dark,Fast,2.5mm,Experiment_2
2025-10-23T01:26:49.316Z,14,787,1457,245,1009,1695,3478,3076,10292,4043,4764,15586,Day_1,Dark,Fast,2.5mm,Experiment_2
2025-10-23T01:26:49.356Z,15,789,1467,247,1010,1701,3478,3091,10330,4058,4796,15692,Day_1,Dark,Fast,2.5mm,Experiment_2
2025-10-23T01:26:49.396Z,26,788,1472,256,1009,1703,3483,3097,10338,4065,4799,15715,Day_1,Dark,Fast,2.5mm,Experiment_2
2025-10-23T01:26:49.436Z,42,782,1469,266,1003,1699,3489,3084,10293,4054,4756,15601,Day_1,Dark,Fast,2.5mm,Experiment_2
2025-10-23T01:26:49.476Z,50,776,1465,270,994,1691,3490,3053,10197,4020,4666,15343,Day_1,Dark,Fast,2.5mm,Experiment_2
2025-10-23T01:26:49.516Z,45,774,1463,265,988,1688,3486,3030,10114,3986,4586,15103,Day_1,Dark,Fast,2.5mm,Experiment_2
2025-10-23T01:26:49.556Z,35,771,1465,258,983,1691,3479,3038,10109,3981,4581,15073,Day_1,Dark,Fast,2.5mm,Experiment_2
2025-10-23T01:26:49.596Z,30,766,1466,255,980,1695,3464,3066,10166,3994,4641,15214,Day_1,Dark,Fast,2.5mm,Experiment_2
2025-10-23T01:26:49.636Z,33,764,1463,258,980,1695,3455,3091,10227,4012,4706,15373,Day_1,Dark,Fast,2.5mm,Experiment_2
2025-10-23T01:26:49.676Z,38,768,1460,260,984,1695,3462,3100,10266,4031,4747,15480,Day_1,Dark,Fast,2.5mm,Experiment_2
2025-10-23T01:26:49.716Z,39,776,1458,260,992,1696,3479,3096,10299,4051,4770,15569,Day_1,Dark,Fast,2.5mm,Experiment_2
2025-10-23T01:26:49.756Z,35,784,1457,260,1000,1696,3493,3081,10339,4067,4786,15670,Day_1,Dark,Fast,2.5mm,Experiment_2
2025-10-23T01:26:49.796Z,31,786,1457,261,1002,1695,3502,3062,10367,4076,4791,15741,Day_1,Dark,Fast,2.5mm,Experiment_2
2025-10-23T01:26:49.836Z,33,781,1454,263,995,1692,3503,3055,10368,4076,4782,15734,Day_1,Dark,Fast,2.5mm,Experiment_2
2025-10-23T01:26:49.876Z,37,779,1449,266,990,1685,3496,3064,10334,4062,4749,15616,Day_1,Dark,Fast,2.5mm,Experiment_2
2025-10-23T01:26:49.916Z,38,788,1443,264,990,1678,3485,3072,10257,4030,4682,15377,Day_1,Dark,Fast,2.5mm,Experiment_2
2025-10-23T01:26:49.956Z,36,800,1444,260,989,1677,3473,3076,10180,3992,4614,15142,Day_1,Dark,Fast,2.5mm,Experiment_2
2025-10-23T01:26:49.996Z,36,806,1453,259,978,1685,3466,3086,10164,3976,4601,15089,Day_1,Dark,Fast,2.5mm,Experiment_2
2025-10-23T01:26:50.036Z,37,799,1461,260,964,1695,3469,3098,10208,3991,4646,15223,Day_1,Dark,Fast,2.5mm,Experiment_2
2025-10-23T01:26:50.076Z,31,783,1462,255,960,1698,3485,3100,10265,4019,4702,15402,Day_1,Dark,Fast,2.5mm,Experiment_2
2025-10-23T01:26:50.116Z,20,774,1461,244,966,1699,3497,3093,10298,4039,4734,15524,Day_1,Dark,Fast,2.5mm,Experiment_2
2025-10-23T01:26:50.156Z,13,773,1463,238,977,1701,3496,3089,10316,4046,4750,15595,Day_1,Dark,Fast,2.5mm,Experiment_2
2025-10-23T01:26:50.196Z,14,777,1464,240,989,1704,3491,3097,10340,4053,4771,15664,Day_1,Dark,Fast,2.5mm,Experiment_2
2025-10-23T01:26:50.236Z,19,779,1463,246,997,1707,3498,3111,10367,4067,4795,15731,Day_1,Dark,Fast,2.5mm,Experiment_2
2025-10-23T01:26:50.276Z,25,774,1465,250,994,1713,3512,3117,10377,4082,4810,15756,Day_1,Dark,Fast,2.5mm,Experiment_2
2025-10-23T01:26:50.316Z,29,767,1469,249,986,1715,3516,3111,10354,4079,4797,15694,Day_1,Dark,Fast,2.5mm,Experiment_2
2025-10-23T01:26:50.356Z,27,764,1468,242,979,1707,3510,3098,10286,4052,4737,15488,Day_1,Dark,Fast,2.5mm,Experiment_2
2025-10-23T01:26:50.396Z,24,766,1462,235,976,1695,3502,3087,10185,4007,4639,15172,Day_1,Dark,Fast,2.5mm,Experiment_2
2025-10-23T01:26:50.436Z,27,774,1459,237,980,1689,3500,3082,10125,3978,4573,14973,Day_1,Dark,Fast,2.5mm,Experiment_2
2025-10-23T01:26:50.476Z,32,783,1462,244,990,1694,3506,3079,10162,3993,4596,15072,Day_1,Dark,Fast,2.5mm,Experiment_2
2025-10-23T01:26:50.516Z,31,785,1468,249,998,1702,3503,3073,10241,4022,4661,15314,Day_1,Dark,Fast,2.5mm,Experiment_2
2025-10-23T01:26:50.556Z,29,781,1471,252,1001,1703,3480,3064,10276,4027,4697,15451,Day_1,Dark,Fast,2.5mm,Experiment_2
2025-10-23T01:26:50.596Z,29,775,1469,255,999,1701,3454,3062,10264,4017,4701,15464,Day_1,Dark,Fast,2.5mm,Experiment_2
2025-10-23T01:26:50.636Z,32,772,1466,258,995,1700,3452,3074,10270,4021,4718,15495,Day_1,Dark,Fast,2.5mm,Experiment_2
2025-10-23T01:26:50.676Z,39,776,1466,262,996,1704,3471,3089,10314,4044,4760,15606,Day_1,Dark,Fast,2.5mm,Experiment_2
2025-10-23T01:26:50.716Z,45,781,1469,266,999,1711,3493,3099,10354,4067,4800,15715,Day_1,Dark,Fast,2.5mm,Experiment_2
2025-10-23T01:26:50.756Z,45,781,1470,266,998,1715,3499,3104,10359,4071,4807,15733,Day_1,Dark,Fast,2.5mm,Experiment_2
2025-10-23T01:26:50.796Z,39,779,1465,258,996,1708,3485,3095,10310,4043,4761,15594,Day_1,Dark,Fast,2.5mm,Experiment_2
2025-10-23T01:26:50.836Z,30,779,1459,246,995,1695,3465,3066,10207,3993,4660,15294,Day_1,Dark,Fast,2.5mm,Experiment_2
2025-10-23T01:26:50.876Z,25,779,1456,240,993,1686,3452,3035,10114,3955,4566,15024,Day_1,Dark,Fast,2.5mm,Experiment_2
2025-10-23T01:26:50.916Z,28,777,1455,244,992,1685,3452,3021,10109,3955,4555,15009,Day_1,Dark,Fast,2.5mm,Experiment_2
2025-10-23T01:26:50.956Z,35,776,1457,253,994,1690,3459,3023,10180,3981,4608,15196,Day_1,Dark,Fast,2.5mm,Experiment_2
2025-10-23T01:26:50.996Z,36,776,1462,254,997,1695,3466,3034,10254,4002,4664,15373,Day_1,Dark,Fast,2.5mm,Experiment_2
2025-10-23T01:26:51.036Z,29,774,1469,248,995,1702,3472,3053,10285,4014,4700,15452,Day_1,Dark,Fast,2.5mm,Experiment_2
2025-10-23T01:26:51.076Z,24,771,1474,244,993,1707,3486,3080,10296,4033,4735,15518,Day_1,Dark,Fast,2.5mm,Experiment_2
2025-10-23T01:26:51.116Z,27,773,1476,250,997,1709,3508,3111,10319,4065,4781,15633,Day_1,Dark,Fast,2.5mm,Experiment_2
2025-10-23T01:26:51.156Z,34,775,1474,258,999,1709,3518,3131,10344,4087,4815,15726,Day_1,Dark,Fast,2.5mm,Experiment_2
2025-10-23T01:26:51.196Z,39,774,1472,262,996,1707,3506,3126,10347,4083,4817,15730,Day_1,Dark,Fast,2.5mm,Experiment_2
2025-10-23T01:26:51.236Z,39,773,1467,261,992,1700,3485,3103,10308,4055,4773,15608,Day_1,Dark,Fast,2.5mm,Experiment_2
2025-10-23T01:26:51.276Z,33,771,1457,254,989,1688,3464,3075,10222,4009,4686,15358,Day_1,Dark,Fast,2.5mm,Experiment_2
2025-10-23T01:26:51.316Z,29,769,1447,246,988,1676,3451,3053,10139,3969,4602,15124,Day_1,Dark,Fast,2.5mm,Experiment_2
2025-10-23T01:26:51.356Z,29,767,1444,241,988,1672,3451,3045,10118,3964,4582,15086,Day_1,Dark,Fast,2.5mm,Experiment_2
2025-10-23T01:26:51.396Z,29,766,1445,239,988,1677,3463,3043,10151,3989,4621,15215,Day_1,Dark,Fast,2.5mm,Experiment_2
2025-10-23T01:26:51.436Z,25,770,1448,240,990,1682,3479,3042,10199,4018,4672,15374,Day_1,Dark,Fast,2.5mm,Experiment_2
2025-10-23T01:26:51.476Z,22,775,1450,246,993,1684,3493,3045,10245,4039,4712,15497,Day_1,Dark,Fast,2.5mm,Experiment_2
2025-10-23T01:26:51.516Z,22,778,1451,251,995,1686,3504,3062,10296,4056,4744,15595,Day_1,Dark,Fast,2.5mm,Experiment_2
2025-10-23T01:26:51.556Z,25,781,1455,252,999,1691,3510,3084,10352,4071,4775,15688,Day_1,Dark,Fast,2.5mm,Experiment_2
2025-10-23T01:26:51.596Z,26,785,1460,249,1006,1696,3513,3097,10392,4081,4798,15757,Day_1,Dark,Fast,2.5mm,Experiment_2
2025-10-23T01:26:51.636Z,25,791,1464,246,1013,1698,3513,3098,10394,4079,4806,15761,Day_1,Dark,Fast,2.5mm,Experiment_2
2025-10-23T01:26:51.676Z,26,796,1466,249,1017,1699,3508,3090,10344,4065,4781,15653,Day_1,Dark,Fast,2.5mm,Experiment_2
2025-10-23T01:26:51.717Z,35,791,1467,257,1011,1695,3496,3072,10249,4030,4709,15410,Day_1,Dark,Fast,2.5mm,Experiment_2
2025-10-23T01:26:51.757Z,46,781,1465,264,1001,1689,3484,3050,10151,3985,4618,15133,Day_1,Dark,Fast,2.5mm,Experiment_2
2025-10-23T01:26:51.797Z,51,779,1462,267,996,1685,3478,3042,10116,3965,4581,15030,Day_1,Dark,Fast,2.5mm,Experiment_2
2025-10-23T01:26:51.837Z,50,787,1459,267,1001,1690,3478,3051,10161,3985,4626,15171,Day_1,Dark,Fast,2.5mm,Experiment_2
2025-10-23T01:26:51.877Z,45,793,1459,266,1005,1695,3479,3065,10237,4018,4695,15390,Day_1,Dark,Fast,2.5mm,Experiment_2
2025-10-23T01:26:51.917Z,41,793,1463,266,1006,1696,3472,3078,10293,4031,4735,15525,Day_1,Dark,Fast,2.5mm,Experiment_2
2025-10-23T01:26:51.957Z,41,794,1470,265,1007,1697,3462,3091,10319,4030,4748,15574,Day_1,Dark,Fast,2.5mm,Experiment_2
2025-10-23T01:26:51.997Z,44,797,1476,263,1010,1699,3468,3109,10336,4037,4764,15617,Day_1,Dark,Fast,2.5mm,Experiment_2
2025-10-23T01:26:52.037Z,43,795,1476,261,1012,1703,3488,3128,10355,4060,4793,15683,Day_1,Dark,Fast,2.5mm,Experiment_2
2025-10-23T01:26:52.077Z,37,790,1474,258,1010,1706,3513,3138,10370,4083,4815,15737,Day_1,Dark,Fast,2.5mm,Experiment_2
2025-10-23T01:26:52.117Z,30,784,1471,254,1006,1707,3534,3132,10357,4090,4803,15716,Day_1,Dark,Fast,2.5mm,Experiment_2
2025-10-23T01:26:52.157Z,28,779,1469,250,998,1702,3538,3106,10288,4065,4741,15543,Day_1,Dark,Fast,2.5mm,Experiment_2
2025-10-23T01:26:52.197Z,30,774,1464,247,989,1694,3517,3066,10168,4008,4633,15222,Day_1,Dark,Fast,2.5mm,Experiment_2
2025-10-23T01:26:52.237Z,29,768,1459,245,978,1688,3490,3034,10077,3962,4547,14972,Day_1,Dark,Fast,2.5mm,Experiment_2
2025-10-23T01:26:52.277Z,23,758,1458,244,969,1693,3482,3025,10092,3967,4555,15017,Day_1,Dark,Fast,2.5mm,Experiment_2
2025-10-23T01:26:52.317Z,16,749,1463,240,963,1702,3486,3031,10179,4004,4627,15244,Day_1,Dark,Fast,2.5mm,Experiment_2
2025-10-23T01:26:52.357Z,12,748,1468,232,964,1706,3486,3038,10247,4027,4677,15397,Day_1,Dark,Fast,2.5mm,Experiment_2
2025-10-23T01:26:52.397Z,13,757,1466,227,972,1700,3481,3039,10268,4030,4685,15430,Day_1,Dark,Fast,2.5mm,Experiment_2
2025-10-23T01:26:52.437Z,18,773,1460,230,986,1695,3481,3047,10287,4038,4696,15478,Day_1,Dark,Fast,2.5mm,Experiment_2
2025-10-23T01:26:52.477Z,26,786,1457,240,999,1697,3496,3070,10335,4064,4736,15607,Day_1,Dark,Fast,2.5mm,Experiment_2
2025-10-23T01:26:52.517Z,30,792,1458,249,1007,1702,3524,3089,10377,4092,4775,15729,Day_1,Dark,Fast,2.5mm,Experiment_2
2025-10-23T01:26:52.557Z,28,792,1461,253,1011,1704,3541,3083,10376,4101,4781,15746,Day_1,Dark,Fast,2.5mm,Experiment_2
2025-10-23T01:26:52.597Z,24,787,1463,252,1009,1698,3525,3060,10316,4077,4739,15612,Day_1,Dark,Fast,2.5mm,Experiment_2
2025-10-23T01:26:52.637Z,21,783,1457,249,1003,1684,3473,3038,10207,4025,4651,15330,Day_1,Dark,Fast,2.5mm,Experiment_2
2025-10-23T01:26:52.677Z,17,778,1446,244,993,1670,3417,3031,10109,3981,4572,15073,Day_1,Dark,Fast,2.5mm,Experiment_2
2025-10-23T01:26:52.717Z,16,774,1443,242,985,1668,3400,3041,10098,3976,4566,15044,Day_1,Dark,Fast,2.5mm,Experiment_2
2025-10-23T01:26:52.757Z,21,779,1448,245,987,1677,3423,3058,10159,3993,4616,15200,Day_1,Dark,Fast,2.5mm,Experiment_2
2025-10-23T01:26:52.797Z,28,791,1454,248,998,1687,3449,3073,10228,4005,4670,15371,Day_1,Dark,Fast,2.5mm,Experiment_2
2025-10-23T01:26:52.837Z,29,800,1454,249,1010,1688,3456,3080,10276,4011,4702,15475,Day_1,Dark,Fast,2.5mm,Experiment_2
2025-10-23T01:26:52.877Z,30,799,1452,251,1016,1686,3463,3082,10315,4025,4725,15558,Day_1,Dark,Fast,2.5mm,Experiment_2
2025-10-23T01:26:52.917Z,35,797,1455,256,1018,1689,3478,3093,10354,4048,4758,15664,Day_1,Dark,Fast,2.5mm,Experiment_2
2025-10-23T01:26:52.957Z,40,796,1462,259,1018,1697,3482,3107,10377,4063,4787,15743,Day_1,Dark,Fast,2.5mm,Experiment_2
2025-10-23T01:26:52.997Z,38,793,1470,256,1015,1705,3473,3113,10372,4061,4790,15737,Day_1,Dark,Fast,2.5mm,Experiment_2
2025-10-23T01:26:53.037Z,31,783,1472,250,1003,1707,3466,3104,10330,4043,4752,15610,Day_1,Dark,Fast,2.5mm,Experiment_2
2025-10-23T01:26:53.077Z,25,771,1466,244,989,1698,3464,3081,10243,4009,4674,15365,Day_1,Dark,Fast,2.5mm,Experiment_2
2025-10-23T01:26:53.117Z,24,767,1455,243,983,1684,3461,3058,10158,3975,4598,15140,Day_1,Dark,Fast,2.5mm,Experiment_2
2025-10-23T01:26:53.157Z,26,772,1448,244,991,1677,3464,3049,10139,3972,4581,15104,Day_1,Dark,Fast,2.5mm,Experiment_2
2025-10-23T01:26:53.197Z,30,783,1449,246,1005,1681,3472,3043,10183,3995,4616,15239,Day_1,Dark,Fast,2.5mm,Experiment_2
2025-10-23T01:26:53.237Z,28,795,1453,243,1018,1689,3476,3030,10245,4021,4661,15402,Day_1,Dark,Fast,2.5mm,Experiment_2
2025-10-23T01:26:53.277Z,21,796,1453,237,1021,1693,3479,3032,10296,4039,4701,15519,Day_1,Dark,Fast,2.5mm,Experiment_2
2025-10-23T01:26:53.317Z,15,782,1451,234,1010,1694,3479,3060,10335,4051,4743,15605,Day_1,Dark,Fast,2.5mm,Experiment_2
2025-10-23T01:26:53.357Z,13,760,1452,235,997,1696,3479,3096,10368,4063,4783,15687,Day_1,Dark,Fast,2.5mm,Experiment_2
2025-10-23T01:26:53.397Z,14,746,1455,236,997,1699,3485,3112,10391,4073,4809,15756,Day_1,Dark,Fast,2.5mm,Experiment_2
2025-10-23T01:26:53.437Z,18,751,1462,239,1008,1702,3490,3110,10387,4071,4811,15771,Day_1,Dark,Fast,2.5mm,Experiment_2
2025-10-23T01:26:53.477Z,25,769,1467,245,1013,1700,3486,3102,10343,4054,4783,15685,Day_1,Dark,Fast,2.5mm,Experiment_2
2025-10-23T01:26:53.517Z,31,782,1464,250,1005,1692,3476,3083,10258,4019,4709,15456,Day_1,Dark,Fast,2.5mm,Experiment_2
2025-10-23T01:26:53.557Z,34,780,1456,252,992,1681,3458,3056,10159,3971,4606,15145,Day_1,Dark,Fast,2.5mm,Experiment_2
2025-10-23T01:26:53.597Z,38,770,1454,258,978,1680,3447,3040,10109,3944,4546,14981,Day_1,Dark,Fast,2.5mm,Experiment_2
2025-10-23T01:26:53.637Z,44,759,1461,267,968,1692,3466,3052,10148,3969,4583,15104,Day_1,Dark,Fast,2.5mm,Experiment_2
2025-10-23T01:26:53.677Z,43,755,1470,268,968,1707,3507,3077,10229,4021,4664,15347,Day_1,Dark,Fast,2.5mm,Experiment_2
2025-10-23T01:26:53.717Z,36,764,1474,261,981,1713,3537,3088,10277,4052,4711,15488,Day_1,Dark,Fast,2.5mm,Experiment_2
2025-10-23T01:26:53.757Z,33,776,1472,259,995,1709,3540,3086,10283,4053,4719,15517,Day_1,Dark,Fast,2.5mm,Experiment_2
2025-10-23T01:26:53.797Z,33,784,1467,262,1001,1704,3528,3094,10292,4050,4733,15549,Day_1,Dark,Fast,2.5mm,Experiment_2
2025-10-23T01:26:53.837Z,29,788,1463,261,1003,1703,3523,3113,10324,4061,4768,15633,Day_1,Dark,Fast,2.5mm,Experiment_2
2025-10-23T01:26:53.877Z,24,787,1463,258,1003,1704,3521,3123,10355,4074,4799,15714,Day_1,Dark,Fast,2.5mm,Experiment_2
2025-10-23T01:26:53.917Z,25,782,1465,260,1001,1704,3508,3115,10356,4073,4798,15717,Day_1,Dark,Fast,2.5mm,Experiment_2
2025-10-23T01:26:53.957Z,32,776,1462,263,1000,1701,3487,3098,10309,4046,4750,15574,Day_1,Dark,Fast,2.5mm,Experiment_2
2025-10-23T01:26:53.997Z,36,773,1455,262,993,1691,3467,3080,10217,3994,4657,15276,Day_1,Dark,Fast,2.5mm,Experiment_2
2025-10-23T01:26:54.037Z,34,770,1449,257,982,1683,3457,3070,10140,3948,4576,15014,Day_1,Dark,Fast,2.5mm,Experiment_2
2025-10-23T01:26:54.077Z,31,774,1449,251,979,1684,3458,3067,10149,3945,4577,15020,Day_1,Dark,Fast,2.5mm,Experiment_2
2025-10-23T01:26:54.117Z,32,782,1452,253,987,1689,3465,3065,10217,3975,4635,15221,Day_1,Dark,Fast,2.5mm,Experiment_2
2025-10-23T01:26:54.157Z,40,786,1453,262,995,1691,3474,3064,10264,4006,4680,15381,Day_1,Dark,Fast,2.5mm,Experiment_2
2025-10-23T01:26:54.197Z,49,786,1455,270,999,1692,3484,3072,10271,4024,4696,15432,Day_1,Dark,Fast,2.5mm,Experiment_2
2025-10-23T01:26:54.237Z,46,789,1459,268,1005,1694,3503,3082,10280,4042,4714,15488,Day_1,Dark,Fast,2.5mm,Experiment_2
2025-10-23T01:26:54.277Z,35,795,1468,260,1011,1703,3528,3081,10311,4068,4748,15611,Day_1,Dark,Fast,2.5mm,Experiment_2
2025-10-23T01:26:54.317Z,25,799,1481,253,1015,1716,3531,3075,10339,4084,4780,15718,Day_1,Dark,Fast,2.5mm,Experiment_2
2025-10-23T01:26:54.357Z,21,799,1487,249,1015,1725,3499,3074,10347,4076,4790,15734,Day_1,Dark,Fast,2.5mm,Experiment_2
2025-10-23T01:26:54.397Z,24,792,1483,250,1007,1724,3457,3069,10320,4043,4758,15617,Day_1,Dark,Fast,2.5mm,Experiment_2
2025-10-23T01:26:54.437Z,28,785,1475,250,996,1714,3433,3050,10240,3997,4679,15361,Day_1,Dark,Fast,2.5mm,Experiment_2
2025-10-23T01:26:54.477Z,32,784,1470,251,993,1703,3431,3034,10154,3966,4602,15118,Day_1,Dark,Fast,2.5mm,Experiment_2
2025-10-23T01:26:54.517Z,32,787,1471,251,996,1701,3443,3038,10137,3970,4593,15079,Day_1,Dark,Fast,2.5mm,Experiment_2
2025-10-23T01:26:54.557Z,30,783,1474,250,995,1705,3456,3054,10184,3994,4639,15212,Day_1,Dark,Fast,2.5mm,Experiment_2
2025-10-23T01:26:54.597Z,29,772,1470,251,988,1706,3466,3063,10239,4015,4689,15374,Day_1,Dark,Fast,2.5mm,Experiment_2
2025-10-23T01:26:54.637Z,30,771,1464,253,988,1707,3479,3063,10275,4029,4718,15490,Day_1,Dark,Fast,2.5mm,Experiment_2
2025-10-23T01:26:54.677Z,29,785,1463,254,1002,1711,3497,3065,10304,4049,4740,15575,Day_1,Dark,Fast,2.5mm,Experiment_2
2025-10-23T01:26:54.717Z,24,798,1461,252,1015,1711,3514,3068,10340,4074,4767,15662,Day_1,Dark,Fast,2.5mm,Experiment_2
2025-10-23T01:26:54.757Z,20,796,1459,250,1013,1706,3520,3067,10367,4091,4787,15730,Day_1,Dark,Fast,2.5mm,Experiment_2
2025-10-23T01:26:54.797Z,19,787,1457,250,1000,1699,3519,3062,10368,4090,4786,15734,Day_1,Dark,Fast,2.5mm,Experiment_2
2025-10-23T01:26:54.837Z,20,781,1454,249,987,1692,3517,3048,10329,4075,4747,15623,Day_1,Dark,Fast,2.5mm,Experiment_2
2025-10-23T01:26:54.877Z,23,780,1452,245,982,1689,3506,3028,10245,4040,4667,15386,Day_1,Dark,Fast,2.5mm,Experiment_2
2025-10-23T01:26:54.917Z,21,780,1454,240,980,1691,3480,3022,10160,3994,4587,15141,Day_1,Dark,Fast,2.5mm,Experiment_2
2025-10-23T01:26:54.957Z,15,777,1458,234,981,1697,3459,3036,10140,3972,4571,15077,Day_1,Dark,Fast,2.5mm,Experiment_2
2025-10-23T01:26:54.997Z,11,774,1464,231,986,1705,3465,3056,10187,3993,4622,15215,Day_1,Dark,Fast,2.5mm,Experiment_2
2025-10-23T01:26:55.037Z,11,771,1469,232,991,1711,3486,3063,10245,4031,4685,15400,Day_1,Dark,Fast,2.5mm,Experiment_2
2025-10-23T01:26:55.077Z,16,767,1472,236,990,1713,3499,3053,10283,4051,4716,15513,Day_1,Dark,Fast,2.5mm,Experiment_2
2025-10-23T01:26:55.117Z,25,770,1469,246,989,1710,3500,3038,10315,4055,4725,15576,Day_1,Dark,Fast,2.5mm,Experiment_2
2025-10-23T01:26:55.157Z,35,783,1464,259,998,1707,3499,3039,10353,4058,4738,15646,Day_1,Dark,Fast,2.5mm,Experiment_2
2025-10-23T01:26:55.197Z,40,799,1461,266,1009,1705,3498,3052,10386,4063,4762,15723,Day_1,Dark,Fast,2.5mm,Experiment_2
2025-10-23T01:26:55.237Z,39,802,1461,265,1011,1706,3495,3063,10397,4064,4777,15762,Day_1,Dark,Fast,2.5mm,Experiment_2
2025-10-23T01:26:55.277Z,38,788,1460,263,999,1704,3494,3071,10373,4059,4767,15706,Day_1,Dark,Fast,2.5mm,Experiment_2
2025-10-23T01:26:55.317Z,40,773,1455,265,987,1696,3489,3082,10300,4036,4713,15498,Day_1,Dark,Fast,2.5mm,Experiment_2
2025-10-23T01:26:55.357Z,42,773,1448,267,986,1684,3476,3089,10190,3991,4621,15172,Day_1,Dark,Fast,2.5mm,Experiment_2
2025-10-23T01:26:55.397Z,38,781,1444,264,995,1676,3466,3087,10118,3957,4556,14958,Day_1,Dark,Fast,2.5mm,Experiment_2
2025-10-23T01:26:55.437Z,31,786,1448,259,1004,1680,3473,3087,10149,3973,4584,15050,Day_1,Dark,Fast,2.5mm,Experiment_2
2025-10-23T01:26:55.477Z,26,786,1456,256,1006,1689,3482,3093,10238,4013,4665,15297,Day_1,Dark,Fast,2.5mm,Experiment_2
2025-10-23T01:26:55.517Z,24,785,1458,255,1004,1690,3475,3095,10289,4029,4712,15445,Day_1,Dark,Fast,2.5mm,Experiment_2
2025-10-23T01:26:55.557Z,25,784,1454,254,997,1687,3466,3088,10283,4024,4713,15458,Day_1,Dark,Fast,2.5mm,Experiment_2
2025-10-23T01:26:55.597Z,29,776,1453,257,986,1689,3483,3077,10276,4032,4714,15472,Day_1,Dark,Fast,2.5mm,Experiment_2
2025-10-23T01:26:55.637Z,33,764,1459,259,980,1698,3522,3069,10307,4064,4741,15563,Day_1,Dark,Fast,2.5mm,Experiment_2
2025-10-23T01:26:55.677Z,33,760,1467,258,984,1706,3549,3064,10348,4092,4770,15670,Day_1,Dark,Fast,2.5mm,Experiment_2
2025-10-23T01:26:55.717Z,32,769,1469,257,995,1706,3538,3059,10360,4089,4773,15702,Day_1,Dark,Fast,2.5mm,Experiment_2
2025-10-23T01:26:55.757Z,32,781,1468,255,1004,1703,3506,3051,10315,4055,4732,15583,Day_1,Dark,Fast,2.5mm,Experiment_2
2025-10-23T01:26:55.797Z,32,786,1473,253,1001,1702,3479,3042,10215,4004,4649,15301,Day_1,Dark,Fast,2.5mm,Experiment_2
2025-10-23T01:26:55.837Z,29,784,1480,248,995,1704,3471,3042,10124,3969,4578,15039,Day_1,Dark,Fast,2.5mm,Experiment_2
2025-10-23T01:26:55.877Z,25,779,1481,245,991,1706,3483,3060,10114,3978,4583,15014,Day_1,Dark,Fast,2.5mm,Experiment_2
2025-10-23T01:26:55.917Z,23,773,1473,244,987,1703,3504,3080,10171,4016,4645,15179,Day_1,Dark,Fast,2.5mm,Experiment_2
2025-10-23T01:26:55.957Z,22,773,1462,246,988,1697,3518,3091,10227,4047,4702,15345,Day_1,Dark,Fast,2.5mm,Experiment_2
2025-10-23T01:26:55.997Z,19,779,1455,246,993,1693,3520,3091,10254,4056,4730,15433,Day_1,Dark,Fast,2.5mm,Experiment_2
2025-10-23T01:26:56.037Z,18,784,1454,245,999,1695,3522,3087,10282,4060,4750,15513,Day_1,Dark,Fast,2.5mm,Experiment_2
2025-10-23T01:26:56.077Z,23,788,1456,249,1005,1699,3534,3085,10326,4074,4782,15634,Day_1,Dark,Fast,2.5mm,Experiment_2
2025-10-23T01:26:56.117Z,33,788,1456,256,1007,1700,3544,3088,10355,4089,4808,15730,Day_1,Dark,Fast,2.5mm,Experiment_2
2025-10-23T01:26:56.157Z,39,782,1456,259,1001,1699,3541,3093,10354,4089,4809,15735,Day_1,Dark,Fast,2.5mm,Experiment_2
2025-10-23T01:26:56.197Z,40,770,1452,256,988,1693,3528,3095,10318,4070,4770,15614,Day_1,Dark,Fast,2.5mm,Experiment_2
2025-10-23T01:26:56.237Z,40,761,1444,255,978,1681,3509,3086,10242,4034,4691,15367,Day_1,Dark,Fast,2.5mm,Experiment_2
2025-10-23T01:26:56.277Z,39,763,1435,257,977,1670,3493,3069,10166,3999,4615,15137,Day_1,Dark,Fast,2.5mm,Experiment_2
2025-10-23T01:26:56.317Z,35,773,1431,259,985,1666,3491,3061,10150,3992,4600,15102,Day_1,Dark,Fast,2.5mm,Experiment_2
2025-10-23T01:26:56.357Z,28,778,1434,254,993,1670,3496,3070,10192,4008,4642,15238,Day_1,Dark,Fast,2.5mm,Experiment_2
2025-10-23T01:26:56.398Z,25,776,1443,249,995,1680,3493,3084,10248,4025,4697,15404,Day_1,Dark,Fast,2.5mm,Experiment_2
2025-10-23T01:26:56.438Z,30,772,1453,252,995,1692,3482,3089,10292,4034,4735,15525,Day_1,Dark,Fast,2.5mm,Experiment_2
2025-10-23T01:26:56.478Z,34,771,1460,258,994,1700,3478,3089,10316,4046,4760,15605,Day_1,Dark,Fast,2.5mm,Experiment_2
2025-10-23T01:26:56.518Z,33,773,1464,260,995,1701,3486,3092,10332,4069,4783,15674,Day_1,Dark,Fast,2.5mm,Experiment_2
2025-10-23T01:26:56.558Z,30,778,1466,258,1002,1700,3501,3094,10350,4091,4800,15728,Day_1,Dark,Fast,2.5mm,Experiment_2
2025-10-23T01:26:56.598Z,32,783,1466,257,1008,1698,3512,3093,10351,4096,4804,15730,Day_1,Dark,Fast,2.5mm,Experiment_2
2025-10-23T01:26:56.638Z,40,780,1461,262,1005,1695,3512,3089,10311,4077,4781,15633,Day_1,Dark,Fast,2.5mm,Experiment_2
2025-10-23T01:26:56.678Z,47,770,1452,270,991,1690,3493,3076,10232,4032,4712,15404,Day_1,Dark,Fast,2.5mm,Experiment_2
2025-10-23T01:26:56.718Z,46,761,1447,270,978,1687,3463,3053,10149,3976,4612,15124,Day_1,Dark,Fast,2.5mm,Experiment_2
2025-10-23T01:26:56.758Z,38,758,1452,262,971,1692,3450,3043,10122,3953,4559,15008,Day_1,Dark,Fast,2.5mm,Experiment_2
2025-10-23T01:26:56.798Z,32,757,1463,253,972,1702,3462,3058,10177,3980,4600,15151,Day_1,Dark,Fast,2.5mm,Experiment_2
2025-10-23T01:26:56.838Z,29,761,1470,248,976,1708,3482,3081,10262,4021,4677,15379,Day_1,Dark,Fast,2.5mm,Experiment_2
2025-10-23T01:26:56.878Z,30,767,1470,249,982,1706,3498,3094,10318,4044,4721,15507,Day_1,Dark,Fast,2.5mm,Experiment_2
2025-10-23T01:26:56.918Z,32,775,1471,254,987,1704,3504,3096,10332,4050,4734,15540,Day_1,Dark,Fast,2.5mm,Experiment_2
2025-10-23T01:26:56.958Z,31,779,1480,256,991,1707,3498,3092,10333,4049,4752,15579,Day_1,Dark,Fast,2.5mm,Experiment_2
2025-10-23T01:26:56.998Z,26,775,1487,253,990,1714,3484,3090,10341,4049,4784,15659,Day_1,Dark,Fast,2.5mm,Experiment_2
2025-10-23T01:26:57.038Z,22,766,1482,248,986,1715,3474,3093,10354,4052,4810,15730,Day_1,Dark,Fast,2.5mm,Experiment_2
2025-10-23T01:26:57.078Z,20,761,1467,244,982,1707,3472,3100,10353,4053,4805,15721,Day_1,Dark,Fast,2.5mm,Experiment_2
2025-10-23T01:26:57.118Z,24,764,1455,243,981,1695,3473,3099,10308,4042,4747,15563,Day_1,Dark,Fast,2.5mm,Experiment_2
2025-10-23T01:26:57.158Z,30,770,1448,247,981,1682,3468,3081,10211,4006,4639,15251,Day_1,Dark,Fast,2.5mm,Experiment_2
2025-10-23T01:26:57.198Z,36,776,1444,253,985,1674,3462,3058,10124,3970,4552,14992,Day_1,Dark,Fast,2.5mm,Experiment_2
2025-10-23T01:26:57.238Z,38,780,1451,262,994,1679,3466,3048,10124,3969,4557,15018,Day_1,Dark,Fast,2.5mm,Experiment_2
2025-10-23T01:26:57.278Z,37,786,1466,267,1003,1692,3479,3052,10196,3995,4623,15235,Day_1,Dark,Fast,2.5mm,Experiment_2
2025-10-23T01:26:57.318Z,33,793,1479,265,1008,1703,3491,3058,10258,4014,4672,15390,Day_1,Dark,Fast,2.5mm,Experiment_2
2025-10-23T01:26:57.358Z,27,797,1483,258,1006,1709,3500,3062,10274,4023,4689,15425,Day_1,Dark,Fast,2.5mm,Experiment_2
2025-10-23T01:26:57.398Z,23,787,1480,254,995,1712,3516,3061,10278,4042,4708,15465,Day_1,Dark,Fast,2.5mm,Experiment_2
2025-10-23T01:26:57.438Z,26,774,1476,257,984,1712,3534,3061,10306,4076,4748,15579,Day_1,Dark,Fast,2.5mm,Experiment_2
2025-10-23T01:26:57.478Z,33,773,1472,264,985,1710,3539,3065,10342,4099,4783,15690,Day_1,Dark,Fast,2.5mm,Experiment_2
2025-10-23T01:26:57.518Z,39,783,1468,268,996,1707,3522,3070,10362,4095,4789,15715,Day_1,Dark,Fast,2.5mm,Experiment_2
2025-10-23T01:26:57.558Z,41,791,1466,265,1000,1706,3490,3069,10341,4065,4755,15602,Day_1,Dark,Fast,2.5mm,Experiment_2
2025-10-23T01:26:57.598Z,37,788,1465,254,990,1701,3461,3058,10266,4016,4679,15347,Day_1,Dark,Fast,2.5mm,Experiment_2
2025-10-23T01:26:57.638Z,30,779,1460,244,979,1691,3448,3042,10181,3976,4603,15107,Day_1,Dark,Fast,2.5mm,Experiment_2
2025-10-23T01:26:57.678Z,29,777,1457,242,981,1687,3452,3032,10155,3972,4587,15073,Day_1,Dark,Fast,2.5mm,Experiment_2
2025-10-23T01:26:57.718Z,37,781,1459,250,991,1690,3460,3039,10193,3995,4629,15212,Day_1,Dark,Fast,2.5mm,Experiment_2
2025-10-23T01:26:57.758Z,48,783,1461,259,998,1693,3464,3057,10249,4020,4682,15368,Day_1,Dark,Fast,2.5mm,Experiment_2
2025-10-23T01:26:57.798Z,52,780,1462,264,997,1694,3473,3075,10291,4038,4720,15471,Day_1,Dark,Fast,2.5mm,Experiment_2
2025-10-23T01:26:57.838Z,52,777,1467,265,996,1697,3490,3090,10325,4054,4749,15558,Day_1,Dark,Fast,2.5mm,Experiment_2
2025-10-23T01:26:57.878Z,50,783,1474,263,1003,1702,3508,3096,10356,4072,4780,15666,Day_1,Dark,Fast,2.5mm,Experiment_2
2025-10-23T01:26:57.918Z,42,794,1475,257,1013,1701,3523,3099,10367,4088,4805,15745,Day_1,Dark,Fast,2.5mm,Experiment_2
2025-10-23T01:26:57.958Z,30,801,1470,248,1017,1697,3527,3105,10349,4091,4805,15735,Day_1,Dark,Fast,2.5mm,Experiment_2
2025-10-23T01:26:57.998Z,19,799,1467,241,1011,1694,3515,3101,10298,4068,4762,15597,Day_1,Dark,Fast,2.5mm,Experiment_2
2025-10-23T01:26:58.038Z,14,794,1466,238,1001,1692,3489,3075,10215,4021,4673,15343,Day_1,Dark,Fast,2.5mm,Experiment_2
2025-10-23T01:26:58.078Z,15,796,1465,240,997,1688,3463,3045,10148,3975,4587,15112,Day_1,Dark,Fast,2.5mm,Experiment_2
2025-10-23T01:26:58.118Z,17,804,1463,243,1004,1686,3457,3036,10148,3961,4569,15077,Day_1,Dark,Fast,2.5mm,Experiment_2
2025-10-23T01:26:58.158Z,20,806,1463,246,1008,1687,3474,3048,10204,3985,4621,15224,Day_1,Dark,Fast,2.5mm,Experiment_2
2025-10-23T01:26:58.198Z,24,795,1464,248,1003,1692,3499,3067,10265,4022,4688,15404,Day_1,Dark,Fast,2.5mm,Experiment_2
2025-10-23T01:26:58.238Z,27,780,1467,252,995,1701,3515,3084,10303,4050,4732,15523,Day_1,Dark,Fast,2.5mm,Experiment_2
2025-10-23T01:26:58.278Z,31,773,1471,257,992,1709,3520,3098,10323,4064,4756,15589,Day_1,Dark,Fast,2.5mm,Experiment_2
2025-10-23T01:26:58.318Z,33,771,1472,261,993,1712,3527,3108,10340,4073,4773,15649,Day_1,Dark,Fast,2.5mm,Experiment_2
2025-10-23T01:26:58.358Z,30,767,1467,259,989,1709,3530,3121,10359,4078,4791,15709,Day_1,Dark,Fast,2.5mm,Experiment_2
2025-10-23T01:26:58.398Z,25,767,1463,254,986,1708,3517,3133,10372,4072,4807,15738,Day_1,Dark,Fast,2.5mm,Experiment_2
2025-10-23T01:26:58.438Z,21,778,1463,249,991,1708,3493,3130,10356,4053,4796,15679,Day_1,Dark,Fast,2.5mm,Experiment_2
2025-10-23T01:26:58.478Z,19,798,1460,243,1001,1702,3474,3108,10294,4016,4731,15468,Day_1,Dark,Fast,2.5mm,Experiment_2
2025-10-23T01:26:58.518Z,17,807,1450,238,1005,1685,3464,3081,10191,3966,4625,15150,Day_1,Dark,Fast,2.5mm,Experiment_2
2025-10-23T01:26:58.558Z,14,802,1440,233,1002,1671,3462,3070,10119,3939,4559,14963,Day_1,Dark,Fast,2.5mm,Experiment_2
2025-10-23T01:26:58.598Z,15,794,1439,234,999,1671,3467,3080,10144,3956,4589,15074,Day_1,Dark,Fast,2.5mm,Experiment_2
2025-10-23T01:26:58.638Z,23,791,1445,245,1002,1680,3477,3092,10223,3995,4661,15320,Day_1,Dark,Fast,2.5mm,Experiment_2
2025-10-23T01:26:58.678Z,32,792,1452,253,1008,1688,3485,3088,10275,4023,4697,15461,Day_1,Dark,Fast,2.5mm,Experiment_2
2025-10-23T01:26:58.718Z,35,791,1458,253,1009,1692,3484,3081,10285,4034,4703,15480,Day_1,Dark,Fast,2.5mm,Experiment_2
2025-10-23T01:26:58.758Z,33,785,1463,250,1002,1696,3475,3088,10293,4042,4723,15506,Day_1,Dark,Fast,2.5mm,Experiment_2
2025-10-23T01:26:58.798Z,32,780,1467,253,994,1703,3474,3103,10322,4059,4765,15602,Day_1,Dark,Fast,2.5mm,Experiment_2
2025-10-23T01:26:58.838Z,33,779,1471,259,993,1710,3487,3114,10357,4080,4800,15704,Day_1,Dark,Fast,2.5mm,Experiment_2
2025-10-23T01:26:58.878Z,35,779,1473,262,998,1714,3499,3113,10366,4087,4803,15723,Day_1,Dark,Fast,2.5mm,Experiment_2
2025-10-23T01:26:58.918Z,35,775,1476,261,998,1712,3497,3099,10323,4065,4761,15584,Day_1,Dark,Fast,2.5mm,Experiment_2
2025-10-23T01:26:58.958Z,34,768,1475,258,988,1703,3482,3077,10222,4014,4670,15283,Day_1,Dark,Fast,2.5mm,Experiment_2
2025-10-23T01:26:58.998Z,31,761,1471,253,975,1695,3471,3060,10126,3970,4584,15014,Day_1,Dark,Fast,2.5mm,Experiment_2
2025-10-23T01:26:59.038Z,27,757,1469,248,969,1694,3467,3063,10117,3967,4578,15005,Day_1,Dark,Fast,2.5mm,Experiment_2
2025-10-23T01:26:59.078Z,23,756,1467,245,971,1696,3454,3081,10177,3991,4637,15193,Day_1,Dark,Fast,2.5mm,Experiment_2
2025-10-23T01:26:59.118Z,20,759,1464,242,976,1697,3442,3093,10230,4010,4695,15363,Day_1,Dark,Fast,2.5mm,Experiment_2
2025-10-23T01:26:59.158Z,19,768,1463,240,983,1697,3454,3094,10250,4024,4724,15440,Day_1,Dark,Fast,2.5mm,Experiment_2
2025-10-23T01:26:59.198Z,21,777,1463,240,991,1701,3484,3093,10274,4044,4747,15513,Day_1,Dark,Fast,2.5mm,Experiment_2
2025-10-23T01:26:59.238Z,25,780,1464,243,994,1706,3504,3094,10322,4067,4780,15634,Day_1,Dark,Fast,2.5mm,Experiment_2
2025-10-23T01:26:59.278Z,27,778,1464,244,992,1708,3499,3093,10362,4078,4803,15730,Day_1,Dark,Fast,2.5mm,Experiment_2
2025-10-23T01:26:59.318Z,30,775,1463,246,989,1705,3483,3089,10368,4074,4799,15733,Day_1,Dark,Fast,2.5mm,Experiment_2
2025-10-23T01:26:59.358Z,38,773,1461,251,987,1700,3474,3082,10326,4054,4761,15607,Day_1,Dark,Fast,2.5mm,Experiment_2
2025-10-23T01:26:59.398Z,45,776,1459,256,989,1694,3468,3067,10241,4012,4685,15357,Day_1,Dark,Fast,2.5mm,Experiment_2
2025-10-23T01:26:59.438Z,43,787,1456,257,995,1687,3462,3052,10168,3970,4614,15134,Day_1,Dark,Fast,2.5mm,Experiment_2
2025-10-23T01:26:59.478Z,34,797,1457,254,1000,1685,3459,3046,10157,3961,4603,15109,Day_1,Dark,Fast,2.5mm,Experiment_2
2025-10-23T01:26:59.518Z,30,800,1464,254,1000,1691,3465,3050,10189,3985,4643,15243,Day_1,Dark,Fast,2.5mm,Experiment_2
2025-10-23T01:26:59.558Z,30,796,1476,257,997,1702,3478,3057,10223,4019,4692,15396,Day_1,Dark,Fast,2.5mm,Experiment_2
2025-10-23T01:26:59.598Z,32,790,1484,259,996,1712,3493,3060,10245,4044,4723,15502,Day_1,Dark,Fast,2.5mm,Experiment_2
2025-10-23T01:26:59.638Z,31,784,1484,259,997,1715,3505,3066,10271,4059,4744,15584,Day_1,Dark,Fast,2.5mm,Experiment_2
2025-10-23T01:26:59.678Z,27,776,1476,255,996,1711,3504,3079,10310,4069,4772,15674,Day_1,Dark,Fast,2.5mm,Experiment_2
2025-10-23T01:26:59.718Z,27,770,1470,252,995,1707,3494,3089,10342,4073,4798,15748,Day_1,Dark,Fast,2.5mm,Experiment_2
2025-10-23T01:26:59.758Z,30,776,1470,253,998,1709,3487,3082,10343,4068,4798,15754,Day_1,Dark,Fast,2.5mm,Experiment_2
2025-10-23T01:26:59.798Z,32,786,1474,256,1000,1713,3489,3062,10300,4050,4761,15644,Day_1,Dark,Fast,2.5mm,Experiment_2
2025-10-23T01:26:59.838Z,32,785,1473,258,994,1708,3488,3040,10212,4012,4685,15400,Day_1,Dark,Fast,2.5mm,Experiment_2
2025-10-23T01:26:59.878Z,32,773,1469,259,982,1700,3477,3027,10122,3968,4601,15127,Day_1,Dark,Fast,2.5mm,Experiment_2
2025-10-23T01:26:59.918Z,30,757,1465,258,971,1697,3469,3034,10098,3954,4573,15031,Day_1,Dark,Fast,2.5mm,Experiment_2
2025-10-23T01:26:59.958Z,24,746,1463,254,965,1699,3477,3057,10156,3980,4624,15170,Day_1,Dark,Fast,2.5mm,Experiment_2
2025-10-23T01:26:59.998Z,16,746,1464,248,966,1706,3488,3079,10234,4018,4698,15383,Day_1,Dark,Fast,2.5mm,Experiment_2
2025-10-23T01:27:00.038Z,14,757,1468,243,976,1713,3491,3091,10281,4042,4741,15514,Day_1,Dark,Fast,2.5mm,Experiment_2
2025-10-23T01:27:00.078Z,20,777,1469,247,993,1713,3486,3095,10303,4054,4756,15569,Day_1,Dark,Fast,2.5mm,Experiment_2
2025-10-23T01:27:00.118Z,32,796,1467,257,1011,1709,3483,3097,10330,4064,4769,15623,Day_1,Dark,Fast,2.5mm,Experiment_2
2025-10-23T01:27:00.158Z,38,805,1465,264,1022,1705,3485,3097,10363,4071,4788,15694,Day_1,Dark,Fast,2.5mm,Experiment_2
2025-10-23T01:27:00.198Z,38,800,1463,267,1018,1706,3488,3094,10379,4073,4799,15742,Day_1,Dark,Fast,2.5mm,Experiment_2
2025-10-23T01:27:00.238Z,33,786,1460,264,1004,1706,3492,3088,10362,4068,4788,15709,Day_1,Dark,Fast,2.5mm,Experiment_2
2025-10-23T01:27:00.278Z,27,775,1455,257,990,1702,3497,3078,10301,4047,4733,15527,Day_1,Dark,Fast,2.5mm,Experiment_2
2025-10-23T01:27:00.318Z,19,772,1451,248,984,1694,3501,3064,10204,4007,4635,15211,Day_1,Dark,Fast,2.5mm,Experiment_2
2025-10-23T01:27:00.359Z,13,776,1447,241,985,1686,3500,3059,10145,3976,4561,14982,Day_1,Dark,Fast,2.5mm,Experiment_2
2025-10-23T01:27:00.399Z,13,782,1446,241,990,1683,3497,3067,10176,3983,4578,15049,Day_1,Dark,Fast,2.5mm,Experiment_2
2025-10-23T01:27:00.439Z,18,782,1447,247,995,1687,3494,3078,10244,4013,4646,15280,Day_1,Dark,Fast,2.5mm,Experiment_2
2025-10-23T01:27:00.479Z,24,775,1450,253,995,1691,3492,3081,10267,4030,4686,15415,Day_1,Dark,Fast,2.5mm,Experiment_2
2025-10-23T01:27:00.519Z,29,765,1457,257,991,1696,3498,3076,10246,4035,4688,15422,Day_1,Dark,Fast,2.5mm,Experiment_2
2025-10-23T01:27:00.559Z,33,761,1466,260,992,1702,3518,3075,10241,4050,4699,15446,Day_1,Dark,Fast,2.5mm,Experiment_2
2025-10-23T01:27:00.599Z,35,765,1470,260,997,1704,3539,3085,10279,4077,4743,15557,Day_1,Dark,Fast,2.5mm,Experiment_2
2025-10-23T01:27:00.639Z,32,772,1469,259,1001,1703,3540,3096,10325,4095,4787,15676,Day_1,Dark,Fast,2.5mm,Experiment_2
2025-10-23T01:27:00.679Z,26,774,1469,256,1000,1703,3523,3099,10341,4089,4797,15710,Day_1,Dark,Fast,2.5mm,Experiment_2
2025-10-23T01:27:00.719Z,22,773,1470,251,994,1703,3502,3089,10304,4060,4754,15590,Day_1,Dark,Fast,2.5mm,Experiment_2
2025-10-23T01:27:00.759Z,21,775,1467,249,990,1697,3487,3065,10218,4014,4661,15314,Day_1,Dark,Fast,2.5mm,Experiment_2
2025-10-23T01:27:00.799Z,22,782,1462,248,991,1690,3483,3041,10139,3979,4577,15061,Day_1,Dark,Fast,2.5mm,Experiment_2
2025-10-23T01:27:00.839Z,24,785,1458,249,994,1688,3488,3037,10132,3979,4567,15039,Day_1,Dark,Fast,2.5mm,Experiment_2
2025-10-23T01:27:00.879Z,27,783,1459,250,994,1693,3495,3049,10185,4006,4617,15202,Day_1,Dark,Fast,2.5mm,Experiment_2
2025-10-23T01:27:00.919Z,27,778,1462,251,991,1698,3502,3060,10236,4030,4673,15370,Day_1,Dark,Fast,2.5mm,Experiment_2
2025-10-23T01:27:00.959Z,23,772,1464,249,985,1701,3503,3069,10262,4043,4708,15466,Day_1,Dark,Fast,2.5mm,Experiment_2
2025-10-23T01:27:00.999Z,20,768,1468,247,978,1704,3501,3083,10288,4052,4735,15544,Day_1,Dark,Fast,2.5mm,Experiment_2
2025-10-23T01:27:01.039Z,21,770,1472,251,978,1708,3507,3102,10332,4068,4769,15648,Day_1,Dark,Fast,2.5mm,Experiment_2
2025-10-23T01:27:01.079Z,26,775,1470,257,984,1709,3518,3113,10372,4082,4799,15731,Day_1,Dark,Fast,2.5mm,Experiment_2
2025-10-23T01:27:01.119Z,32,782,1463,259,994,1707,3515,3108,10381,4081,4800,15731,Day_1,Dark,Fast,2.5mm,Experiment_2
2025-10-23T01:27:01.159Z,34,786,1458,257,1001,1703,3493,3093,10340,4057,4761,15607,Day_1,Dark,Fast,2.5mm,Experiment_2
2025-10-23T01:27:01.199Z,31,782,1454,252,998,1694,3472,3079,10249,4016,4685,15357,Day_1,Dark,Fast,2.5mm,Experiment_2
2025-10-23T01:27:01.239Z,25,771,1450,247,988,1683,3471,3067,10163,3984,4613,15127,Day_1,Dark,Fast,2.5mm,Experiment_2
2025-10-23T01:27:01.279Z,22,762,1444,245,980,1677,3495,3060,10141,3991,4598,15093,Day_1,Dark,Fast,2.5mm,Experiment_2
2025-10-23T01:27:01.319Z,20,758,1440,246,976,1677,3523,3064,10174,4023,4638,15230,Day_1,Dark,Fast,2.5mm,Experiment_2
2025-10-23T01:27:01.359Z,19,758,1440,248,973,1681,3534,3083,10223,4050,4693,15396,Day_1,Dark,Fast,2.5mm,Experiment_2
2025-10-23T01:27:01.399Z,23,761,1441,254,976,1682,3528,3108,10268,4064,4739,15514,Day_1,Dark,Fast,2.5mm,Experiment_2
2025-10-23T01:27:01.439Z,31,764,1442,263,983,1684,3524,3130,10308,4073,4774,15594,Day_1,Dark,Fast,2.5mm,Experiment_2
2025-10-23T01:27:01.479Z,37,763,1448,268,987,1693,3534,3140,10345,4088,4804,15670,Day_1,Dark,Fast,2.5mm,Experiment_2
2025-10-23T01:27:01.519Z,35,767,1458,267,994,1704,3548,3134,10374,4105,4822,15735,Day_1,Dark,Fast,2.5mm,Experiment_2
2025-10-23T01:27:01.559Z,30,781,1462,262,1005,1707,3541,3114,10382,4107,4823,15753,Day_1,Dark,Fast,2.5mm,Experiment_2
2025-10-23T01:27:01.599Z,26,794,1459,257,1009,1703,3509,3085,10349,4082,4794,15666,Day_1,Dark,Fast,2.5mm,Experiment_2
2025-10-23T01:27:01.639Z,25,794,1455,254,1001,1697,3470,3060,10258,4033,4720,15431,Day_1,Dark,Fast,2.5mm,Experiment_2
2025-10-23T01:27:01.679Z,26,784,1453,253,987,1690,3452,3050,10146,3979,4622,15124,Day_1,Dark,Fast,2.5mm,Experiment_2
2025-10-23T01:27:01.719Z,29,771,1448,252,978,1684,3462,3063,10101,3956,4569,14981,Day_1,Dark,Fast,2.5mm,Experiment_2
2025-10-23T01:27:01.759Z,32,761,1444,252,976,1685,3481,3086,10155,3979,4605,15119,Day_1,Dark,Fast,2.5mm,Experiment_2
2025-10-23T01:27:01.799Z,30,753,1440,250,974,1687,3483,3101,10239,4016,4678,15356,Day_1,Dark,Fast,2.5mm,Experiment_2
2025-10-23T01:27:01.839Z,27,754,1438,246,974,1685,3469,3102,10279,4033,4722,15484,Day_1,Dark,Fast,2.5mm,Experiment_2
2025-10-23T01:27:01.879Z,29,764,1442,248,979,1684,3459,3094,10283,4034,4729,15512,Day_1,Dark,Fast,2.5mm,Experiment_2
2025-10-23T01:27:01.919Z,36,772,1452,259,984,1693,3465,3080,10289,4041,4732,15551,Day_1,Dark,Fast,2.5mm,Experiment_2
2025-10-23T01:27:01.959Z,41,771,1464,269,985,1706,3482,3071,10314,4057,4749,15639,Day_1,Dark,Fast,2.5mm,Experiment_2
2025-10-23T01:27:01.999Z,41,769,1474,270,986,1716,3491,3066,10341,4068,4768,15718,Day_1,Dark,Fast,2.5mm,Experiment_2
2025-10-23T01:27:02.039Z,33,774,1480,259,990,1720,3490,3057,10342,4063,4767,15715,Day_1,Dark,Fast,2.5mm,Experiment_2
2025-10-23T01:27:02.079Z,23,781,1480,246,993,1716,3488,3048,10293,4039,4724,15562,Day_1,Dark,Fast,2.5mm,Experiment_2
2025-10-23T01:27:02.119Z,16,780,1471,239,988,1703,3487,3046,10192,3998,4640,15255,Day_1,Dark,Fast,2.5mm,Experiment_2
2025-10-23T01:27:02.159Z,13,771,1457,236,978,1687,3484,3048,10105,3962,4567,14993,Day_1,Dark,Fast,2.5mm,Experiment_2
2025-10-23T01:27:02.199Z,12,763,1451,233,974,1683,3479,3057,10106,3961,4574,15003,Day_1,Dark,Fast,2.5mm,Experiment_2
2025-10-23T01:27:02.239Z,11,762,1455,232,977,1689,3474,3077,10172,3985,4640,15206,Day_1,Dark,Fast,2.5mm,Experiment_2
2025-10-23T01:27:02.279Z,11,766,1455,234,984,1691,3473,3095,10225,4009,4697,15363,Day_1,Dark,Fast,2.5mm,Experiment_2
2025-10-23T01:27:02.319Z,15,773,1452,239,987,1690,3478,3096,10240,4021,4718,15411,Day_1,Dark,Fast,2.5mm,Experiment_2
2025-10-23T01:27:02.359Z,21,775,1453,245,987,1694,3484,3083,10255,4034,4734,15466,Day_1,Dark,Fast,2.5mm,Experiment_2
2025-10-23T01:27:02.399Z,26,773,1460,251,985,1703,3496,3076,10290,4054,4767,15590,Day_1,Dark,Fast,2.5mm,Experiment_2
2025-10-23T01:27:02.439Z,31,775,1466,256,986,1708,3512,3083,10327,4073,4799,15704,Day_1,Dark,Fast,2.5mm,Experiment_2
2025-10-23T01:27:02.479Z,34,782,1463,257,992,1704,3515,3094,10343,4074,4804,15732,Day_1,Dark,Fast,2.5mm,Experiment_2
2025-10-23T01:27:02.519Z,33,792,1458,250,1000,1694,3497,3095,10317,4048,4769,15628,Day_1,Dark,Fast,2.5mm,Experiment_2
2025-10-23T01:27:02.559Z,31,798,1458,243,1007,1687,3473,3083,10234,4002,4692,15378,Day_1,Dark,Fast,2.5mm,Experiment_2
2025-10-23T01:27:02.599Z,30,794,1460,243,1006,1684,3466,3074,10148,3967,4620,15134,Day_1,Dark,Fast,2.5mm,Experiment_2
2025-10-23T01:27:02.639Z,29,780,1461,244,997,1685,3474,3075,10139,3966,4605,15093,Day_1,Dark,Fast,2.5mm,Experiment_2
2025-10-23T01:27:02.679Z,25,772,1459,244,989,1687,3479,3074,10204,3989,4636,15232,Day_1,Dark,Fast,2.5mm,Experiment_2
2025-10-23T01:27:02.719Z,24,775,1460,246,992,1690,3482,3067,10272,4016,4676,15398,Day_1,Dark,Fast,2.5mm,Experiment_2
2025-10-23T01:27:02.759Z,29,780,1464,249,999,1694,3493,3064,10301,4037,4709,15509,Day_1,Dark,Fast,2.5mm,Experiment_2
2025-10-23T01:27:02.799Z,36,779,1468,256,1000,1700,3512,3071,10308,4055,4741,15584,Day_1,Dark,Fast,2.5mm,Experiment_2
2025-10-23T01:27:02.839Z,38,775,1474,263,997,1709,3529,3085,10327,4072,4778,15664,Day_1,Dark,Fast,2.5mm,Experiment_2
2025-10-23T01:27:02.879Z,36,773,1480,266,995,1716,3533,3097,10355,4082,4808,15731,Day_1,Dark,Fast,2.5mm,Experiment_2
2025-10-23T01:27:02.919Z,32,770,1479,262,993,1713,3524,3096,10371,4076,4809,15733,Day_1,Dark,Fast,2.5mm,Experiment_2
2025-10-23T01:27:02.959Z,28,765,1470,255,987,1700,3521,3078,10342,4059,4768,15619,Day_1,Dark,Fast,2.5mm,Experiment_2
2025-10-23T01:27:02.999Z,28,763,1457,251,977,1682,3526,3057,10259,4028,4685,15379,Day_1,Dark,Fast,2.5mm,Experiment_2
2025-10-23T01:27:03.039Z,31,767,1446,249,972,1669,3520,3046,10164,3991,4604,15136,Day_1,Dark,Fast,2.5mm,Experiment_2
2025-10-23T01:27:03.079Z,31,772,1445,248,974,1669,3501,3044,10127,3977,4584,15075,Day_1,Dark,Fast,2.5mm,Experiment_2
2025-10-23T01:27:03.119Z,29,772,1453,250,979,1681,3487,3050,10167,3997,4633,15214,Day_1,Dark,Fast,2.5mm,Experiment_2
2025-10-23T01:27:03.159Z,31,774,1458,255,985,1693,3481,3061,10234,4023,4696,15398,Day_1,Dark,Fast,2.5mm,Experiment_2
2025-10-23T01:27:03.199Z,33,778,1458,257,992,1699,3479,3066,10279,4033,4727,15507,Day_1,Dark,Fast,2.5mm,Experiment_2
2025-10-23T01:27:03.239Z,35,775,1460,257,994,1704,3480,3061,10303,4039,4736,15561,Day_1,Dark,Fast,2.5mm,Experiment_2
2025-10-23T01:27:03.279Z,38,767,1471,258,991,1709,3485,3062,10323,4053,4749,15619,Day_1,Dark,Fast,2.5mm,Experiment_2
2025-10-23T01:27:03.319Z,39,768,1483,260,992,1715,3492,3082,10346,4069,4778,15689,Day_1,Dark,Fast,2.5mm,Experiment_2
2025-10-23T01:27:03.359Z,37,778,1490,260,998,1716,3499,3104,10355,4079,4805,15733,Day_1,Dark,Fast,2.5mm,Experiment_2
2025-10-23T01:27:03.399Z,35,784,1486,258,1002,1712,3503,3106,10333,4073,4797,15688,Day_1,Dark,Fast,2.5mm,Experiment_2
2025-10-23T01:27:03.439Z,37,784,1473,258,999,1702,3498,3087,10266,4040,4732,15488,Day_1,Dark,Fast,2.5mm,Experiment_2
2025-10-23T01:27:03.479Z,42,779,1460,260,989,1691,3480,3062,10169,3984,4626,15167,Day_1,Dark,Fast,2.5mm,Experiment_2
2025-10-23T01:27:03.519Z,44,774,1456,259,980,1685,3463,3045,10109,3946,4552,14956,Day_1,Dark,Fast,2.5mm,Experiment_2
2025-10-23T01:27:03.559Z,37,774,1457,252,980,1687,3467,3038,10137,3963,4569,15042,Day_1,Dark,Fast,2.5mm,Experiment_2
2025-10-23T01:27:03.599Z,28,780,1460,248,988,1692,3490,3036,10206,4009,4635,15278,Day_1,Dark,Fast,2.5mm,Experiment_2
2025-10-23T01:27:03.639Z,24,787,1465,249,997,1695,3508,3035,10245,4040,4676,15420,Day_1,Dark,Fast,2.5mm,Experiment_2
2025-10-23T01:27:03.679Z,25,790,1469,253,998,1696,3513,3033,10247,4047,4680,15442,Day_1,Dark,Fast,2.5mm,Experiment_2
2025-10-23T01:27:03.719Z,27,782,1474,255,991,1700,3518,3034,10258,4050,4686,15475,Day_1,Dark,Fast,2.5mm,Experiment_2
2025-10-23T01:27:03.759Z,29,769,1476,257,982,1704,3525,3042,10299,4062,4716,15579,Day_1,Dark,Fast,2.5mm,Experiment_2
2025-10-23T01:27:03.799Z,30,767,1469,256,983,1702,3526,3057,10345,4075,4755,15688,Day_1,Dark,Fast,2.5mm,Experiment_2
2025-10-23T01:27:03.839Z,32,776,1458,254,993,1697,3524,3079,10355,4080,4778,15713,Day_1,Dark,Fast,2.5mm,Experiment_2
2025-10-23T01:27:03.879Z,31,781,1452,252,998,1693,3521,3092,10303,4066,4751,15583,Day_1,Dark,Fast,2.5mm,Experiment_2
2025-10-23T01:27:03.919Z,25,774,1450,248,992,1689,3510,3086,10197,4025,4666,15292,Day_1,Dark,Fast,2.5mm,Experiment_2
2025-10-23T01:27:03.959Z,16,765,1448,244,981,1683,3493,3071,10109,3984,4583,15029,Day_1,Dark,Fast,2.5mm,Experiment_2
2025-10-23T01:27:03.999Z,13,766,1449,242,982,1681,3482,3062,10104,3976,4576,15011,Day_1,Dark,Fast,2.5mm,Experiment_2
2025-10-23T01:27:04.039Z,18,779,1454,246,995,1686,3475,3060,10151,3994,4627,15184,Day_1,Dark,Fast,2.5mm,Experiment_2
2025-10-23T01:27:04.079Z,30,792,1459,253,1007,1694,3463,3057,10197,4009,4677,15353,Day_1,Dark,Fast,2.5mm,Experiment_2
2025-10-23T01:27:04.119Z,37,795,1464,258,1013,1701,3453,3054,10236,4014,4701,15446,Day_1,Dark,Fast,2.5mm,Experiment_2
2025-10-23T01:27:04.159Z,35,794,1470,259,1016,1706,3453,3058,10285,4022,4723,15531,Day_1,Dark,Fast,2.5mm,Experiment_2
2025-10-23T01:27:04.199Z,30,794,1477,258,1019,1713,3463,3074,10338,4041,4760,15651,Day_1,Dark,Fast,2.5mm,Experiment_2
2025-10-23T01:27:04.239Z,27,794,1480,256,1021,1719,3480,3090,10364,4062,4796,15740,Day_1,Dark,Fast,2.5mm,Experiment_2
2025-10-23T01:27:04.279Z,28,791,1478,252,1019,1717,3491,3093,10353,4068,4802,15737,Day_1,Dark,Fast,2.5mm,Experiment_2
2025-10-23T01:27:04.320Z,32,788,1470,250,1011,1706,3490,3082,10308,4051,4762,15614,Day_1,Dark,Fast,2.5mm,Experiment_2
2025-10-23T01:27:04.360Z,35,788,1458,250,1003,1690,3482,3061,10229,4013,4677,15368,Day_1,Dark,Fast,2.5mm,Experiment_2
2025-10-23T01:27:04.400Z,33,786,1449,252,995,1678,3478,3039,10158,3981,4596,15133,Day_1,Dark,Fast,2.5mm,Experiment_2
2025-10-23T01:27:04.440Z,30,781,1447,257,991,1675,3483,3031,10148,3979,4579,15089,Day_1,Dark,Fast,2.5mm,Experiment_2
2025-10-23T01:27:04.480Z,27,780,1450,261,992,1682,3485,3040,10195,4000,4624,15219,Day_1,Dark,Fast,2.5mm,Experiment_2
2025-10-23T01:27:04.520Z,28,784,1458,261,998,1692,3482,3058,10253,4022,4682,15388,Day_1,Dark,Fast,2.5mm,Experiment_2
2025-10-23T01:27:04.560Z,35,790,1463,263,1006,1696,3486,3071,10294,4039,4720,15511,Day_1,Dark,Fast,2.5mm,Experiment_2
2025-10-23T01:27:04.600Z,45,792,1459,271,1012,1693,3501,3080,10317,4056,4743,15589,Day_1,Dark,Fast,2.5mm,Experiment_2
2025-10-23T01:27:04.640Z,51,791,1455,278,1017,1692,3515,3088,10335,4071,4768,15657,Day_1,Dark,Fast,2.5mm,Experiment_2
2025-10-23T01:27:04.680Z,50,791,1456,280,1020,1695,3515,3088,10355,4077,4788,15716,Day_1,Dark,Fast,2.5mm,Experiment_2
2025-10-23T01:27:04.720Z,46,790,1458,275,1019,1700,3503,3081,10363,4074,4788,15730,Day_1,Dark,Fast,2.5mm,Experiment_2
2025-10-23T01:27:04.760Z,38,784,1456,265,1010,1702,3488,3072,10334,4057,4760,15645,Day_1,Dark,Fast,2.5mm,Experiment_2
2025-10-23T01:27:04.800Z,28,775,1455,256,994,1699,3476,3052,10249,4023,4686,15415,Day_1,Dark,Fast,2.5mm,Experiment_2
2025-10-23T01:27:04.840Z,21,767,1456,252,980,1695,3472,3025,10139,3983,4589,15128,Day_1,Dark,Fast,2.5mm,Experiment_2
2025-10-23T01:27:04.880Z,17,762,1455,252,973,1691,3474,3016,10092,3966,4545,15006,Day_1,Dark,Fast,2.5mm,Experiment_2
2025-10-23T01:27:04.920Z,15,761,1455,251,973,1691,3474,3039,10143,3984,4596,15141,Day_1,Dark,Fast,2.5mm,Experiment_2
2025-10-23T01:27:04.960Z,16,764,1458,250,976,1695,3470,3070,10231,4013,4678,15366,Day_1,Dark,Fast,2.5mm,Experiment_2
2025-10-23T01:27:05Z,29,770,1464,249,980,1702,3464,3093,10291,4029,4723,15500,Day_1,Dark,Fast,2.5mm,Experiment_2
2025-10-23T01:27:05.040Z,62,776,1469,249,986,1710,3462,3105,10315,4036,4737,15545,Day_1,Dark,Fast,2.5mm,Experiment_2
2025-10-23T01:27:05.080Z,134,786,1471,258,995,1712,3467,3111,10330,4048,4754,15588,Day_1,Dark,Fast,2.5mm,Experiment_2
2025-10-23T01:27:05.120Z,320,796,1467,282,1004,1707,3476,3120,10350,4067,4786,15661,Day_1,Dark,Fast,2.5mm,Experiment_2
2025-10-23T01:27:05.160Z,639,800,1462,314,1009,1701,3484,3132,10365,4079,4813,15725,Day_1,Dark,Fast,2.5mm,Experiment_2
2025-10-23T01:27:05.200Z,829,793,1460,329,1004,1701,3479,3131,10352,4067,4808,15710,Day_1,Dark,Fast,2.5mm,Experiment_2
2025-10-23T01:27:05.240Z,673,777,1463,313,990,1702,3460,3107,10290,4029,4749,15541,Day_1,Dark,Fast,2.5mm,Experiment_2
2025-10-23T01:27:05.280Z,407,763,1468,287,976,1699,3450,3068,10182,3979,4639,15219,Day_1,Dark,Fast,2.5mm,Experiment_2
2025-10-23T01:27:05.320Z,256,761,1474,271,971,1697,3466,3043,10096,3950,4553,14965,Day_1,Dark,Fast,2.5mm,Experiment_2
2025-10-23T01:27:05.360Z,162,770,1478,266,978,1699,3493,3053,10103,3964,4569,15006,Day_1,Dark,Fast,2.5mm,Experiment_2
2025-10-23T01:27:05.400Z,87,781,1477,268,991,1703,3502,3083,10168,3999,4648,15231,Day_1,Dark,Fast,2.5mm,Experiment_2
2025-10-23T01:27:05.440Z,49,788,1476,269,1000,1705,3490,3101,10206,4018,4701,15380,Day_1,Dark,Fast,2.5mm,Experiment_2
2025-10-23T01:27:05.480Z,34,789,1473,255,1002,1702,3478,3096,10211,4020,4710,15409,Day_1,Dark,Fast,2.5mm,Experiment_2
2025-10-23T01:27:05.520Z,24,790,1467,232,1001,1698,3482,3083,10231,4027,4721,15452,Day_1,Dark,Fast,2.5mm,Experiment_2
2025-10-23T01:27:05.560Z,17,789,1461,219,999,1698,3492,3077,10277,4046,4753,15572,Day_1,Dark,Fast,2.5mm,Experiment_2
2025-10-23T01:27:05.600Z,17,783,1460,228,993,1700,3503,3074,10323,4067,4782,15689,Day_1,Dark,Fast,2.5mm,Experiment_2
2025-10-23T01:27:05.640Z,19,778,1461,243,989,1701,3510,3075,10347,4073,4787,15717,Day_1,Dark,Fast,2.5mm,Experiment_2
2025-10-23T01:27:05.680Z,21,781,1462,248,995,1698,3501,3077,10330,4050,4754,15603,Day_1,Dark,Fast,2.5mm,Experiment_2
2025-10-23T01:27:05.720Z,28,788,1461,246,1000,1689,3477,3072,10252,4001,4673,15337,Day_1,Dark,Fast,2.5mm,Experiment_2
2025-10-23T01:27:05.760Z,40,787,1458,250,996,1679,3456,3059,10159,3958,4594,15084,Day_1,Dark,Fast,2.5mm,Experiment_2
2025-10-23T01:27:05.800Z,62,781,1454,260,988,1675,3450,3051,10138,3954,4583,15051,Day_1,Dark,Fast,2.5mm,Experiment_2
2025-10-23T01:27:05.840Z,121,774,1454,269,984,1677,3461,3055,10188,3983,4629,15201,Day_1,Dark,Fast,2.5mm,Experiment_2
2025-10-23T01:27:05.880Z,223,772,1457,276,987,1683,3484,3060,10248,4018,4674,15364,Day_1,Dark,Fast,2.5mm,Experiment_2
2025-10-23T01:27:05.920Z,282,779,1460,275,998,1688,3506,3060,10284,4039,4700,15466,Day_1,Dark,Fast,2.5mm,Experiment_2
2025-10-23T01:27:05.960Z,227,789,1463,262,1007,1692,3519,3066,10315,4055,4723,15551,Day_1,Dark,Fast,2.5mm,Experiment_2
2025-10-23T01:27:06Z,135,791,1466,247,1005,1697,3525,3075,10353,4072,4751,15659,Day_1,Dark,Fast,2.5mm,Experiment_2
2025-10-23T01:27:06.040Z,85,785,1468,242,998,1701,3530,3075,10373,4087,4769,15734,Day_1,Dark,Fast,2.5mm,Experiment_2
2025-10-23T01:27:06.080Z,62,779,1469,245,994,1703,3533,3078,10359,4090,4772,15721,Day_1,Dark,Fast,2.5mm,Experiment_2
2025-10-23T01:27:06.120Z,49,778,1470,252,994,1702,3516,3087,10306,4070,4745,15586,Day_1,Dark,Fast,2.5mm,Experiment_2
2025-10-23T01:27:06.160Z,47,779,1465,259,995,1694,3480,3077,10223,4022,4676,15339,Day_1,Dark,Fast,2.5mm,Experiment_2
2025-10-23T01:27:06.200Z,50,779,1454,261,996,1683,3457,3050,10155,3976,4601,15122,Day_1,Dark,Fast,2.5mm,Experiment_2
2025-10-23T01:27:06.240Z,52,773,1448,257,992,1682,3466,3032,10153,3969,4581,15095,Day_1,Dark,Fast,2.5mm,Experiment_2
2025-10-23T01:27:06.280Z,47,763,1454,251,983,1692,3489,3030,10200,3998,4620,15231,Day_1,Dark,Fast,2.5mm,Experiment_2
2025-10-23T01:27:06.320Z,40,756,1466,252,978,1706,3501,3041,10251,4031,4677,15392,Day_1,Dark,Fast,2.5mm,Experiment_2
2025-10-23T01:27:06.360Z,42,755,1476,266,979,1716,3499,3067,10287,4050,4726,15509,Day_1,Dark,Fast,2.5mm,Experiment_2
2025-10-23T01:27:06.400Z,54,759,1482,282,983,1720,3500,3092,10315,4061,4758,15594,Day_1,Dark,Fast,2.5mm,Experiment_2
2025-10-23T01:27:06.440Z,62,768,1488,287,991,1724,3510,3099,10342,4072,4773,15672,Day_1,Dark,Fast,2.5mm,Experiment_2
2025-10-23T01:27:06.480Z,59,779,1488,279,1001,1722,3511,3089,10362,4078,4778,15734,Day_1,Dark,Fast,2.5mm,Experiment_2
2025-10-23T01:27:06.520Z,48,785,1475,264,1007,1712,3497,3086,10365,4075,4779,15753,Day_1,Dark,Fast,2.5mm,Experiment_2
2025-10-23T01:27:06.560Z,36,783,1446,250,1004,1700,3480,3088,10337,4059,4764,15680,Day_1,Dark,Fast,2.5mm,Experiment_2
2025-10-23T01:27:06.600Z,30,781,1407,246,999,1688,3470,3075,10258,4020,4698,15457,Day_1,Dark,Fast,2.5mm,Experiment_2
2025-10-23T01:27:06.640Z,31,783,1383,248,998,1681,3463,3041,10155,3969,4590,15139,Day_1,Dark,Fast,2.5mm,Experiment_2
2025-10-23T01:27:06.680Z,30,786,1399,250,1000,1681,3468,3014,10111,3946,4524,14965,Day_1,Dark,Fast,2.5mm,Experiment_2
2025-10-23T01:27:06.720Z,29,787,1432,253,1001,1689,3489,3017,10164,3974,4561,15088,Day_1,Dark,Fast,2.5mm,Experiment_2
2025-10-23T01:27:06.760Z,30,781,1449,259,997,1695,3510,3036,10247,4017,4648,15334,Day_1,Dark,Fast,2.5mm,Experiment_2
2025-10-23T01:27:06.800Z,33,765,1437,262,987,1692,3517,3051,10281,4041,4703,15475,Day_1,Dark,Fast,2.5mm,Experiment_2
2025-10-23T01:27:06.840Z,38,748,1409,263,975,1687,3517,3063,10274,4044,4719,15498,Day_1,Dark,Fast,2.5mm,Experiment_2
2025-10-23T01:27:06.880Z,40,744,1411,261,973,1687,3515,3079,10277,4042,4732,15525,Day_1,Dark,Fast,2.5mm,Experiment_2
2025-10-23T01:27:06.920Z,35,756,1491,259,985,1696,3503,3093,10306,4043,4762,15605,Day_1,Dark,Fast,2.5mm,Experiment_2
2025-10-23T01:27:06.960Z,28,769,1633,257,996,1709,3481,3098,10340,4045,4789,15687,Day_1,Dark,Fast,2.5mm,Experiment_2
2025-10-23T01:27:07Z,24,768,1742,257,990,1720,3469,3101,10351,4047,4794,15695,Day_1,Dark,Fast,2.5mm,Experiment_2
2025-10-23T01:27:07.040Z,30,758,1795,260,974,1724,3475,3101,10313,4037,4755,15557,Day_1,Dark,Fast,2.5mm,Experiment_2
2025-10-23T01:27:07.080Z,46,750,1879,269,964,1723,3481,3087,10217,4002,4666,15260,Day_1,Dark,Fast,2.5mm,Experiment_2
2025-10-23T01:27:07.120Z,61,752,1927,278,965,1718,3478,3068,10127,3963,4583,14997,Day_1,Dark,Fast,2.5mm,Experiment_2
2025-10-23T01:27:07.160Z,69,763,1812,283,977,1708,3476,3065,10124,3959,4580,14999,Day_1,Dark,Fast,2.5mm,Experiment_2
2025-10-23T01:27:07.200Z,73,775,1639,287,990,1702,3480,3081,10182,3985,4643,15193,Day_1,Dark,Fast,2.5mm,Experiment_2
2025-10-23T01:27:07.240Z,75,782,1528,284,995,1702,3487,3102,10222,4009,4702,15350,Day_1,Dark,Fast,2.5mm,Experiment_2
2025-10-23T01:27:07.280Z,65,785,1420,273,995,1701,3496,3114,10234,4026,4729,15411,Day_1,Dark,Fast,2.5mm,Experiment_2
2025-10-23T01:27:07.320Z,49,787,1270,262,997,1695,3510,3116,10257,4045,4749,15482,Day_1,Dark,Fast,2.5mm,Experiment_2
2025-10-23T01:27:07.360Z,39,783,1158,259,998,1689,3520,3113,10299,4068,4784,15611,Day_1,Dark,Fast,2.5mm,Experiment_2
2025-10-23T01:27:07.400Z,32,776,1116,255,997,1677,3516,3112,10329,4083,4813,15714,Day_1,Dark,Fast,2.5mm,Experiment_2
2025-10-23T01:27:07.440Z,25,770,1045,251,995,1651,3503,3114,10330,4079,4815,15722,Day_1,Dark,Fast,2.5mm,Experiment_2
2025-10-23T01:27:07.480Z,24,765,999,251,990,1630,3491,3116,10288,4053,4778,15600,Day_1,Dark,Fast,2.5mm,Experiment_2
2025-10-23T01:27:07.520Z,28,760,1106,256,981,1632,3482,3112,10205,4014,4702,15346,Day_1,Dark,Fast,2.5mm,Experiment_2
2025-10-23T01:27:07.560Z,32,761,1265,260,973,1643,3477,3100,10138,3984,4630,15112,Day_1,Dark,Fast,2.5mm,Experiment_2
2025-10-23T01:27:07.600Z,32,771,1359,259,975,1656,3483,3090,10139,3988,4618,15079,Day_1,Dark,Fast,2.5mm,Experiment_2
2025-10-23T01:27:07.640Z,29,779,1427,258,983,1674,3499,3086,10181,4017,4657,15210,Day_1,Dark,Fast,2.5mm,Experiment_2
2025-10-23T01:27:07.680Z,26,783,1499,256,993,1693,3514,3082,10221,4045,4699,15366,Day_1,Dark,Fast,2.5mm,Experiment_2
2025-10-23T01:27:07.720Z,23,784,1553,254,999,1705,3520,3076,10256,4060,4723,15481,Day_1,Dark,Fast,2.5mm,Experiment_2
2025-10-23T01:27:07.760Z,22,780,1602,252,999,1717,3518,3072,10294,4063,4741,15574,Day_1,Dark,Fast,2.5mm,Experiment_2
2025-10-23T01:27:07.800Z,25,773,1689,253,994,1740,3511,3077,10331,4068,4768,15668,Day_1,Dark,Fast,2.5mm,Experiment_2
2025-10-23T01:27:07.840Z,34,769,1743,259,990,1759,3503,3094,10349,4075,4797,15734,Day_1,Dark,Fast,2.5mm,Experiment_2
2025-10-23T01:27:07.880Z,42,770,1672,262,990,1750,3500,3114,10340,4076,4809,15727,Day_1,Dark,Fast,2.5mm,Experiment_2
2025-10-23T01:27:07.920Z,43,765,1548,255,986,1724,3497,3126,10301,4062,4783,15613,Day_1,Dark,Fast,2.5mm,Experiment_2
2025-10-23T01:27:07.960Z,38,757,1472,247,977,1699,3488,3119,10233,4029,4713,15381,Day_1,Dark,Fast,2.5mm,Experiment_2
2025-10-23T01:27:08Z,31,756,1449,246,973,1682,3478,3094,10166,3995,4629,15142,Day_1,Dark,Fast,2.5mm,Experiment_2
2025-10-23T01:27:08.040Z,26,766,1447,250,978,1678,3472,3064,10153,3985,4590,15078,Day_1,Dark,Fast,2.5mm,Experiment_2
2025-10-23T01:27:08.080Z,25,779,1452,255,989,1687,3474,3049,10195,4005,4618,15214,Day_1,Dark,Fast,2.5mm,Experiment_2
2025-10-23T01:27:08.120Z,28,788,1460,260,1000,1697,3480,3054,10245,4035,4673,15396,Day_1,Dark,Fast,2.5mm,Experiment_2
2025-10-23T01:27:08.160Z,34,791,1467,263,1005,1702,3491,3073,10275,4053,4717,15508,Day_1,Dark,Fast,2.5mm,Experiment_2
2025-10-23T01:27:08.200Z,42,783,1473,266,1001,1706,3505,3089,10294,4062,4746,15567,Day_1,Dark,Fast,2.5mm,Experiment_2
2025-10-23T01:27:08.240Z,50,767,1474,268,988,1712,3520,3098,10321,4077,4773,15631,Day_1,Dark,Fast,2.5mm,Experiment_2
2025-10-23T01:27:08.280Z,53,754,1472,268,976,1712,3525,3102,10354,4096,4797,15703,Day_1,Dark,Fast,2.5mm,Experiment_2
2025-10-23T01:27:08.320Z,47,752,1468,263,972,1708,3521,3100,10372,4104,4803,15739,Day_1,Dark,Fast,2.5mm,Experiment_2
2025-10-23T01:27:08.360Z,36,759,1467,256,979,1702,3523,3090,10357,4098,4781,15685,Day_1,Dark,Fast,2.5mm,Experiment_2
2025-10-23T01:27:08.400Z,29,769,1465,252,986,1693,3531,3076,10294,4069,4714,15484,Day_1,Dark,Fast,2.5mm,Experiment_2
2025-10-23T01:27:08.440Z,27,774,1461,250,987,1683,3530,3056,10181,4019,4607,15163,Day_1,Dark,Fast,2.5mm,Experiment_2
2025-10-23T01:27:08.480Z,26,775,1457,243,985,1680,3518,3038,10079,3978,4535,14945,Day_1,Dark,Fast,2.5mm,Experiment_2
2025-10-23T01:27:08.520Z,23,773,1454,234,985,1685,3507,3035,10053,3982,4561,15025,Day_1,Dark,Fast,2.5mm,Experiment_2
2025-10-23T01:27:08.560Z,22,773,1457,232,988,1695,3497,3037,10079,4012,4635,15260,Day_1,Dark,Fast,2.5mm,Experiment_2
2025-10-23T01:27:08.600Z,28,781,1459,241,995,1700,3481,3028,10064,4025,4672,15392,Day_1,Dark,Fast,2.5mm,Experiment_2
2025-10-23T01:27:08.640Z,40,794,1457,253,1005,1696,3461,3017,9966,4018,4673,15384,Day_1,Dark,Fast,2.5mm,Experiment_2
2025-10-23T01:27:08.680Z,48,800,1454,261,1011,1691,3450,3029,9920,4017,4687,15397,Day_1,Dark,Fast,2.5mm,Experiment_2
2025-10-23T01:27:08.720Z,43,795,1456,257,1010,1693,3459,3066,10052,4037,4735,15519,Day_1,Dark,Fast,2.5mm,Experiment_2
2025-10-23T01:27:08.760Z,31,786,1459,246,1005,1698,3482,3100,10251,4065,4783,15660,Day_1,Dark,Fast,2.5mm,Experiment_2
2025-10-23T01:27:08.800Z,23,783,1460,239,1004,1701,3499,3113,10369,4075,4800,15707,Day_1,Dark,Fast,2.5mm,Experiment_2
2025-10-23T01:27:08.840Z,23,786,1456,238,1006,1698,3493,3108,10410,4051,4767,15600,Day_1,Dark,Fast,2.5mm,Experiment_2
2025-10-23T01:27:08.880Z,23,789,1446,239,1003,1686,3471,3092,10420,4000,4683,15342,Day_1,Dark,Fast,2.5mm,Experiment_2
2025-10-23T01:27:08.920Z,24,788,1436,242,994,1674,3455,3073,10424,3957,4601,15102,Day_1,Dark,Fast,2.5mm,Experiment_2
2025-10-23T01:27:08.960Z,36,783,1438,258,987,1675,3457,3065,10515,3954,4589,15105,Day_1,Dark,Fast,2.5mm,Experiment_2
2025-10-23T01:27:09Z,57,779,1447,282,986,1687,3463,3069,10770,3980,4639,15324,Day_1,Dark,Fast,2.5mm,Experiment_2
2025-10-23T01:27:09.040Z,69,782,1454,295,994,1697,3465,3076,10975,4006,4693,15529,Day_1,Dark,Fast,2.5mm,Experiment_2
2025-10-23T01:27:09.080Z,60,789,1461,289,1005,1703,3476,3078,10919,4030,4723,15597,Day_1,Dark,Fast,2.5mm,Experiment_2
2025-10-23T01:27:09.120Z,44,790,1469,277,1009,1711,3502,3079,10805,4058,4744,15640,Day_1,Dark,Fast,2.5mm,Experiment_2
2025-10-23T01:27:09.160Z,36,784,1477,270,1007,1722,3530,3087,10749,4086,4777,15735,Day_1,Dark,Fast,2.5mm,Experiment_2
2025-10-23T01:27:09.200Z,36,782,1480,268,1007,1728,3540,3100,10569,4098,4806,15782,Day_1,Dark,Fast,2.5mm,Experiment_2
2025-10-23T01:27:09.240Z,39,789,1479,267,1011,1727,3529,3109,10264,4093,4811,15716,Day_1,Dark,Fast,2.5mm,Experiment_2
2025-10-23T01:27:09.280Z,46,797,1475,263,1015,1723,3508,3103,10019,4069,4774,15546,Day_1,Dark,Fast,2.5mm,Experiment_2
2025-10-23T01:27:09.320Z,67,801,1468,264,1015,1714,3489,3082,9887,4030,4693,15284,Day_1,Dark,Fast,2.5mm,Experiment_2
2025-10-23T01:27:09.361Z,106,800,1458,276,1014,1702,3477,3063,9778,3996,4615,15045,Day_1,Dark,Fast,2.5mm,Experiment_2
2025-10-23T01:27:09.401Z,127,796,1451,286,1011,1692,3475,3054,9733,3992,4598,15001,Day_1,Dark,Fast,2.5mm,Experiment_2
2025-10-23T01:27:09.441Z,99,787,1446,280,1005,1687,3480,3053,9804,4012,4639,15143,Day_1,Dark,Fast,2.5mm,Experiment_2
2025-10-23T01:27:09.481Z,56,780,1443,265,1000,1685,3491,3051,9849,4037,4688,15311,Day_1,Dark,Fast,2.5mm,Experiment_2
2025-10-23T01:27:09.521Z,33,778,1446,256,998,1686,3506,3050,9837,4056,4722,15431,Day_1,Dark,Fast,2.5mm,Experiment_2
2025-10-23T01:27:09.561Z,25,776,1455,251,997,1695,3519,3062,9838,4068,4751,15542,Day_1,Dark,Fast,2.5mm,Experiment_2
2025-10-23T01:27:09.601Z,23,774,1464,246,993,1704,3517,3089,9786,4075,4783,15664,Day_1,Dark,Fast,2.5mm,Experiment_2
2025-10-23T01:27:09.641Z,23,778,1469,242,992,1709,3504,3111,9761,4076,4810,15752,Day_1,Dark,Fast,2.5mm,Experiment_2
2025-10-23T01:27:09.681Z,24,785,1468,239,995,1710,3494,3119,9923,4075,4816,15756,Day_1,Dark,Fast,2.5mm,Experiment_2
2025-10-23T01:27:09.721Z,24,793,1462,230,1001,1707,3491,3113,10126,4067,4790,15647,Day_1,Dark,Fast,2.5mm,Experiment_2
2025-10-23T01:27:09.761Z,24,797,1454,221,1004,1698,3480,3092,10189,4034,4714,15410,Day_1,Dark,Fast,2.5mm,Experiment_2
2025-10-23T01:27:09.801Z,23,798,1450,224,1004,1689,3462,3066,10174,3984,4613,15134,Day_1,Dark,Fast,2.5mm,Experiment_2
2025-10-23T01:27:09.841Z,21,803,1451,233,1007,1686,3453,3055,10218,3956,4565,15028,Day_1,Dark,Fast,2.5mm,Experiment_2
2025-10-23T01:27:09.881Z,20,809,1455,243,1014,1689,3459,3067,10312,3970,4609,15175,Day_1,Dark,Fast,2.5mm,Experiment_2
2025-10-23T01:27:09.921Z,22,808,1461,252,1020,1693,3471,3085,10348,4001,4683,15393,Day_1,Dark,Fast,2.5mm,Experiment_2
2025-10-23T01:27:09.961Z,25,804,1468,256,1025,1698,3483,3086,10320,4023,4719,15510,Day_1,Dark,Fast,2.5mm,Experiment_2
2025-10-23T01:27:10.001Z,27,800,1471,252,1025,1700,3498,3073,10298,4037,4723,15544,Day_1,Dark,Fast,2.5mm,Experiment_2
2025-10-23T01:27:10.041Z,29,793,1469,236,1015,1702,3513,3070,10309,4054,4737,15586,Day_1,Dark,Fast,2.5mm,Experiment_2
2025-10-23T01:27:10.081Z,26,785,1466,206,1003,1703,3521,3082,10340,4072,4772,15662,Day_1,Dark,Fast,2.5mm,Experiment_2
2025-10-23T01:27:10.121Z,21,785,1464,185,999,1704,3522,3097,10368,4083,4802,15724,Day_1,Dark,Fast,2.5mm,Experiment_2
2025-10-23T01:27:10.161Z,20,792,1465,200,1004,1705,3520,3104,10364,4081,4800,15705,Day_1,Dark,Fast,2.5mm,Experiment_2
2025-10-23T01:27:10.201Z,23,801,1465,228,1012,1701,3513,3097,10300,4055,4751,15536,Day_1,Dark,Fast,2.5mm,Experiment_2
2025-10-23T01:27:10.241Z,23,808,1458,243,1015,1691,3495,3078,10190,4002,4652,15221,Day_1,Dark,Fast,2.5mm,Experiment_2
2025-10-23T01:27:10.281Z,22,812,1451,249,1013,1681,3472,3058,10117,3957,4569,14976,Day_1,Dark,Fast,2.5mm,Experiment_2
2025-10-23T01:27:10.321Z,22,812,1453,253,1011,1685,3458,3055,10147,3958,4577,15023,Day_1,Dark,Fast,2.5mm,Experiment_2
2025-10-23T01:27:10.361Z,26,804,1462,254,1008,1699,3458,3063,10224,3992,4647,15249,Day_1,Dark,Fast,2.5mm,Experiment_2
2025-10-23T01:27:10.401Z,38,784,1468,253,996,1707,3463,3063,10264,4019,4695,15399,Day_1,Dark,Fast,2.5mm,Experiment_2
2025-10-23T01:27:10.441Z,58,760,1464,252,982,1702,3467,3055,10261,4026,4700,15429,Day_1,Dark,Fast,2.5mm,Experiment_2
2025-10-23T01:27:10.481Z,73,740,1457,254,981,1695,3469,3053,10267,4032,4708,15470,Day_1,Dark,Fast,2.5mm,Experiment_2
2025-10-23T01:27:10.521Z,70,695,1453,259,993,1693,3468,3062,10305,4046,4741,15591,Day_1,Dark,Fast,2.5mm,Experiment_2
2025-10-23T01:27:10.561Z,54,599,1453,261,1007,1693,3467,3073,10345,4061,4777,15708,Day_1,Dark,Fast,2.5mm,Experiment_2
2025-10-23T01:27:10.601Z,37,515,1455,256,1012,1692,3468,3085,10353,4066,4791,15731,Day_1,Dark,Fast,2.5mm,Experiment_2
2025-10-23T01:27:10.641Z,26,508,1455,249,1003,1691,3466,3093,10309,4050,4761,15608,Day_1,Dark,Fast,2.5mm,Experiment_2
2025-10-23T01:27:10.681Z,24,550,1454,249,988,1689,3457,3082,10216,4010,4681,15341,Day_1,Dark,Fast,2.5mm,Experiment_2
2025-10-23T01:27:10.721Z,29,618,1452,255,982,1689,3454,3054,10132,3974,4601,15094,Day_1,Dark,Fast,2.5mm,Experiment_2
2025-10-23T01:27:10.761Z,36,700,1455,261,990,1694,3466,3027,10121,3975,4582,15062,Day_1,Dark,Fast,2.5mm,Experiment_2
2025-10-23T01:27:10.801Z,45,755,1462,264,997,1701,3480,3018,10166,4003,4619,15202,Day_1,Dark,Fast,2.5mm,Experiment_2
2025-10-23T01:27:10.841Z,50,771,1464,265,997,1703,3484,3030,10220,4030,4667,15359,Day_1,Dark,Fast,2.5mm,Experiment_2
2025-10-23T01:27:10.881Z,53,777,1461,265,996,1699,3481,3048,10258,4044,4700,15463,Day_1,Dark,Fast,2.5mm,Experiment_2
2025-10-23T01:27:10.921Z,54,787,1457,259,1000,1694,3485,3063,10287,4056,4727,15548,Day_1,Dark,Fast,2.5mm,Experiment_2
2025-10-23T01:27:10.961Z,49,800,1454,249,1005,1693,3496,3072,10321,4071,4760,15651,Day_1,Dark,Fast,2.5mm,Experiment_2
2025-10-23T01:27:11.001Z,35,825,1453,241,1010,1694,3502,3077,10350,4079,4787,15732,Day_1,Dark,Fast,2.5mm,Experiment_2
2025-10-23T01:27:11.041Z,25,872,1455,242,1017,1696,3496,3083,10350,4071,4794,15734,Day_1,Dark,Fast,2.5mm,Experiment_2
2025-10-23T01:27:11.081Z,28,910,1459,252,1020,1697,3475,3091,10311,4042,4763,15616,Day_1,Dark,Fast,2.5mm,Experiment_2
2025-10-23T01:27:11.121Z,39,902,1463,264,1009,1696,3446,3092,10235,3995,4688,15372,Day_1,Dark,Fast,2.5mm,Experiment_2
2025-10-23T01:27:11.161Z,52,848,1463,274,990,1692,3428,3084,10160,3955,4608,15135,Day_1,Dark,Fast,2.5mm,Experiment_2
2025-10-23T01:27:11.201Z,57,771,1461,277,979,1690,3432,3082,10138,3954,4584,15084,Day_1,Dark,Fast,2.5mm,Experiment_2
2025-10-23T01:27:11.241Z,52,672,1459,271,981,1692,3449,3091,10178,3985,4623,15221,Day_1,Dark,Fast,2.5mm,Experiment_2
2025-10-23T01:27:11.281Z,41,522,1458,262,987,1695,3465,3092,10237,4017,4678,15399,Day_1,Dark,Fast,2.5mm,Experiment_2
2025-10-23T01:27:11.321Z,35,380,1458,258,990,1700,3479,3080,10278,4036,4715,15515,Day_1,Dark,Fast,2.5mm,Experiment_2
2025-10-23T01:27:11.361Z,31,382,1462,255,990,1706,3495,3068,10305,4050,4736,15578,Day_1,Dark,Fast,2.5mm,Experiment_2
2025-10-23T01:27:11.401Z,26,521,1464,250,987,1711,3505,3069,10336,4060,4760,15641,Day_1,Dark,Fast,2.5mm,Experiment_2
2025-10-23T01:27:11.441Z,23,655,1445,246,982,1711,3504,3082,10372,4067,4789,15709,Day_1,Dark,Fast,2.5mm,Experiment_2
2025-10-23T01:27:11.481Z,23,728,1364,245,985,1707,3494,3093,10386,4068,4803,15740,Day_1,Dark,Fast,2.5mm,Experiment_2
2025-10-23T01:27:11.521Z,23,768,1219,244,999,1693,3483,3087,10353,4056,4779,15680,Day_1,Dark,Fast,2.5mm,Experiment_2
2025-10-23T01:27:11.561Z,23,789,1129,242,1011,1675,3480,3061,10262,4029,4701,15469,Day_1,Dark,Fast,2.5mm,Experiment_2
2025-10-23T01:27:11.601Z,26,792,1200,245,1012,1663,3484,3033,10147,3989,4594,15153,Day_1,Dark,Fast,2.5mm,Experiment_2
2025-10-23T01:27:11.641Z,31,788,1338,250,1009,1665,3488,3018,10088,3959,4532,14966,Day_1,Dark,Fast,2.5mm,Experiment_2
2025-10-23T01:27:11.681Z,32,786,1424,249,1010,1676,3491,3018,10127,3970,4567,15076,Day_1,Dark,Fast,2.5mm,Experiment_2
2025-10-23T01:27:11.721Z,26,792,1455,243,1016,1689,3495,3030,10208,4008,4648,15318,Day_1,Dark,Fast,2.5mm,Experiment_2
2025-10-23T01:27:11.761Z,20,805,1466,238,1023,1696,3493,3040,10254,4035,4697,15453,Day_1,Dark,Fast,2.5mm,Experiment_2
2025-10-23T01:27:11.801Z,15,816,1472,236,1028,1697,3493,3040,10260,4045,4703,15470,Day_1,Dark,Fast,2.5mm,Experiment_2
2025-10-23T01:27:11.841Z,12,817,1486,235,1026,1700,3500,3041,10275,4055,4708,15503,Day_1,Dark,Fast,2.5mm,Experiment_2
2025-10-23T01:27:11.881Z,12,810,1511,235,1021,1710,3507,3053,10321,4070,4737,15608,Day_1,Dark,Fast,2.5mm,Experiment_2
2025-10-23T01:27:11.921Z,13,803,1529,235,1017,1720,3505,3068,10365,4078,4771,15713,Day_1,Dark,Fast,2.5mm,Experiment_2
2025-10-23T01:27:11.961Z,16,800,1520,236,1014,1724,3497,3079,10374,4072,4782,15730,Day_1,Dark,Fast,2.5mm,Experiment_2
2025-10-23T01:27:12.001Z,23,793,1495,242,1007,1719,3491,3082,10337,4048,4745,15595,Day_1,Dark,Fast,2.5mm,Experiment_2
2025-10-23T01:27:12.041Z,29,785,1475,249,997,1707,3493,3069,10248,4008,4654,15299,Day_1,Dark,Fast,2.5mm,Experiment_2
2025-10-23T01:27:12.081Z,28,777,1462,250,986,1694,3504,3049,10154,3977,4566,15027,Day_1,Dark,Fast,2.5mm,Experiment_2
2025-10-23T01:27:12.121Z,25,769,1454,249,976,1689,3516,3041,10137,3981,4554,15012,Day_1,Dark,Fast,2.5mm,Experiment_2
2025-10-23T01:27:12.161Z,28,760,1453,252,970,1692,3520,3051,10189,4005,4607,15201,Day_1,Dark,Fast,2.5mm,Experiment_2
2025-10-23T01:27:12.201Z,38,755,1456,260,970,1698,3514,3069,10239,4010,4666,15375,Day_1,Dark,Fast,2.5mm,Experiment_2
2025-10-23T01:27:12.241Z,45,753,1457,267,971,1697,3500,3089,10263,3987,4704,15455,Day_1,Dark,Fast,2.5mm,Experiment_2
2025-10-23T01:27:12.281Z,43,750,1460,266,971,1695,3456,3108,10293,3981,4738,15528,Day_1,Dark,Fast,2.5mm,Experiment_2
2025-10-23T01:27:12.321Z,34,749,1469,259,973,1701,3301,3121,10342,4022,4777,15652,Day_1,Dark,Fast,2.5mm,Experiment_2
2025-10-23T01:27:12.361Z,24,751,1482,248,977,1714,2996,3126,10378,4071,4801,15750,Day_1,Dark,Fast,2.5mm,Experiment_2
2025-10-23T01:27:12.401Z,23,752,1489,242,978,1721,2740,3125,10372,4083,4800,15751,Day_1,Dark,Fast,2.5mm,Experiment_2
2025-10-23T01:27:12.441Z,30,754,1484,244,979,1714,2747,3120,10319,4060,4765,15621,Day_1,Dark,Fast,2.5mm,Experiment_2
2025-10-23T01:27:12.481Z,39,759,1469,249,978,1697,2958,3104,10225,4025,4691,15363,Day_1,Dark,Fast,2.5mm,Experiment_2
2025-10-23T01:27:12.521Z,43,759,1461,255,971,1687,3256,3085,10143,4003,4618,15129,Day_1,Dark,Fast,2.5mm,Experiment_2
2025-10-23T01:27:12.561Z,46,757,1467,263,967,1694,3614,3076,10131,4001,4604,15096,Day_1,Dark,Fast,2.5mm,Experiment_2
2025-10-23T01:27:12.601Z,45,763,1479,267,974,1707,4057,3079,10180,4008,4642,15228,Day_1,Dark,Fast,2.5mm,Experiment_2
2025-10-23T01:27:12.641Z,37,778,1481,259,991,1712,4472,3083,10242,4026,4687,15383,Day_1,Dark,Fast,2.5mm,Experiment_2
2025-10-23T01:27:12.681Z,26,793,1476,247,1008,1709,4621,3087,10286,4073,4722,15492,Day_1,Dark,Fast,2.5mm,Experiment_2
2025-10-23T01:27:12.721Z,19,801,1476,242,1018,1709,4524,3092,10314,4148,4754,15574,Day_1,Dark,Fast,2.5mm,Experiment_2
2025-10-23T01:27:12.761Z,19,800,1491,243,1019,1714,4311,3096,10342,4198,4785,15663,Day_1,Dark,Fast,2.5mm,Experiment_2
2025-10-23T01:27:12.801Z,22,791,1544,246,1016,1720,3962,3097,10362,4172,4805,15735,Day_1,Dark,Fast,2.5mm,Experiment_2
2025-10-23T01:27:12.841Z,28,779,1635,251,1011,1726,3555,3091,10357,4106,4805,15743,Day_1,Dark,Fast,2.5mm,Experiment_2
2025-10-23T01:27:12.881Z,32,767,1683,256,1004,1725,3183,3077,10312,4050,4774,15636,Day_1,Dark,Fast,2.5mm,Experiment_2
2025-10-23T01:27:12.921Z,31,746,1620,253,991,1712,2806,3058,10226,4007,4702,15396,Day_1,Dark,Fast,2.5mm,Experiment_2
2025-10-23T01:27:12.961Z,25,710,1519,243,975,1695,2433,3042,10140,3975,4615,15135,Day_1,Dark,Fast,2.5mm,Experiment_2
2025-10-23T01:27:13.001Z,21,678,1466,234,972,1688,2323,3040,10118,3970,4579,15050,Day_1,Dark,Fast,2.5mm,Experiment_2
2025-10-23T01:27:13.041Z,23,684,1461,234,982,1695,2671,3050,10171,3990,4620,15190,Day_1,Dark,Fast,2.5mm,Experiment_2
2025-10-23T01:27:13.081Z,27,726,1472,241,993,1712,3149,3061,10241,4011,4686,15392,Day_1,Dark,Fast,2.5mm,Experiment_2
2025-10-23T01:27:13.121Z,25,767,1482,243,997,1727,3407,3066,10282,4022,4725,15514,Day_1,Dark,Fast,2.5mm,Experiment_2
2025-10-23T01:27:13.161Z,23,786,1487,243,997,1733,3499,3071,10302,4040,4739,15570,Day_1,Dark,Fast,2.5mm,Experiment_2
2025-10-23T01:27:13.201Z,27,788,1487,248,999,1731,3577,3079,10323,4077,4755,15626,Day_1,Dark,Fast,2.5mm,Experiment_2
2025-10-23T01:27:13.241Z,32,786,1481,253,1001,1724,3654,3084,10341,4113,4779,15697,Day_1,Dark,Fast,2.5mm,Experiment_2
2025-10-23T01:27:13.281Z,28,785,1471,248,1001,1715,3673,3084,10320,4115,4796,15738,Day_1,Dark,Fast,2.5mm,Experiment_2
2025-10-23T01:27:13.321Z,23,784,1463,241,1000,1705,3631,3080,10241,4086,4788,15688,Day_1,Dark,Fast,2.5mm,Experiment_2
2025-10-23T01:27:13.361Z,27,783,1456,244,997,1695,3561,3074,10139,4041,4734,15492,Day_1,Dark,Fast,2.5mm,Experiment_2
2025-10-23T01:27:13.401Z,36,779,1451,252,992,1685,3501,3062,10069,3984,4633,15175,Day_1,Dark,Fast,2.5mm,Experiment_2
2025-10-23T01:27:13.441Z,35,769,1452,252,984,1682,3481,3054,10057,3945,4557,14955,Day_1,Dark,Fast,2.5mm,Experiment_2
2025-10-23T01:27:13.481Z,28,759,1459,246,977,1692,3491,3060,10119,3955,4576,15030,Day_1,Dark,Fast,2.5mm,Experiment_2
2025-10-23T01:27:13.521Z,24,761,1461,245,980,1702,3501,3073,10211,3996,4650,15267,Day_1,Dark,Fast,2.5mm,Experiment_2
2025-10-23T01:27:13.561Z,22,775,1456,246,992,1702,3499,3078,10274,4026,4699,15413,Day_1,Dark,Fast,2.5mm,Experiment_2
2025-10-23T01:27:13.601Z,20,785,1449,244,1001,1694,3490,3075,10323,4032,4709,15442,Day_1,Dark,Fast,2.5mm,Experiment_2
2025-10-23T01:27:13.641Z,23,787,1451,246,1006,1694,3488,3070,10469,4036,4720,15508,Day_1,Dark,Fast,2.5mm,Experiment_2
2025-10-23T01:27:13.681Z,31,786,1460,254,1012,1701,3504,3072,10744,4055,4754,15679,Day_1,Dark,Fast,2.5mm,Experiment_2
2025-10-23T01:27:13.721Z,36,785,1469,260,1013,1708,3530,3078,10924,4079,4790,15829,Day_1,Dark,Fast,2.5mm,Experiment_2
2025-10-23T01:27:13.761Z,33,781,1470,257,1003,1707,3545,3082,10806,4091,4798,15828,Day_1,Dark,Fast,2.5mm,Experiment_2
2025-10-23T01:27:13.801Z,27,775,1466,250,991,1698,3532,3073,10530,4069,4754,15655,Day_1,Dark,Fast,2.5mm,Experiment_2
2025-10-23T01:27:13.841Z,22,774,1461,244,986,1687,3502,3050,10294,4014,4659,15347,Day_1,Dark,Fast,2.5mm,Experiment_2
2025-10-23T01:27:13.881Z,22,778,1457,244,987,1681,3482,3026,10157,3966,4573,15075,Day_1,Dark,Fast,2.5mm,Experiment_2
2025-10-23T01:27:13.921Z,27,780,1456,252,987,1684,3483,3008,10134,3964,4559,15037,Day_1,Dark,Fast,2.5mm,Experiment_2
2025-10-23T01:27:13.961Z,34,780,1458,262,989,1691,3491,2967,10189,3994,4599,15193,Day_1,Dark,Fast,2.5mm,Experiment_2
2025-10-23T01:27:14.001Z,37,787,1461,267,997,1698,3492,2818,10251,4021,4620,15363,Day_1,Dark,Fast,2.5mm,Experiment_2
2025-10-23T01:27:14.041Z,36,795,1459,263,1006,1698,3487,2522,10286,4033,4590,15464,Day_1,Dark,Fast,2.5mm,Experiment_2
2025-10-23T01:27:14.081Z,33,796,1453,255,1009,1693,3480,2274,10311,4042,4575,15549,Day_1,Dark,Fast,2.5mm,Experiment_2
2025-10-23T01:27:14.121Z,31,791,1449,249,1008,1692,3478,2284,10343,4056,4646,15664,Day_1,Dark,Fast,2.5mm,Experiment_2
2025-10-23T01:27:14.161Z,33,785,1454,249,1006,1698,3483,2487,10370,4069,4744,15748,Day_1,Dark,Fast,2.5mm,Experiment_2
2025-10-23T01:27:14.201Z,33,780,1465,251,1001,1707,3489,2791,10368,4071,4794,15738,Day_1,Dark,Fast,2.5mm,Experiment_2
2025-10-23T01:27:14.241Z,30,775,1473,252,995,1710,3493,3233,10314,4057,4807,15597,Day_1,Dark,Fast,2.5mm,Experiment_2
2025-10-23T01:27:14.281Z,24,773,1469,247,988,1700,3489,3874,10216,4025,4815,15339,Day_1,Dark,Fast,2.5mm,Experiment_2
2025-10-23T01:27:14.321Z,17,773,1457,239,984,1686,3475,4520,10141,3988,4794,15117,Day_1,Dark,Fast,2.5mm,Experiment_2
2025-10-23T01:27:14.361Z,13,773,1452,235,984,1681,3459,4846,10145,3968,4728,15096,Day_1,Dark,Fast,2.5mm,Experiment_2
2025-10-23T01:27:14.402Z,16,772,1458,239,987,1691,3452,4879,10194,3967,4667,15240,Day_1,Dark,Fast,2.5mm,Experiment_2
2025-10-23T01:27:14.442Z,24,775,1469,248,992,1707,3460,4667,10238,3980,4653,15403,Day_1,Dark,Fast,2.5mm,Experiment_2
2025-10-23T01:27:14.482Z,33,780,1478,256,997,1720,3477,4097,10269,4007,4671,15514,Day_1,Dark,Fast,2.5mm,Experiment_2
2025-10-23T01:27:14.522Z,39,780,1479,262,995,1727,3487,3466,10307,4034,4690,15596,Day_1,Dark,Fast,2.5mm,Experiment_2
2025-10-23T01:27:14.562Z,40,775,1475,265,988,1726,3491,3083,10359,4055,4702,15682,Day_1,Dark,Fast,2.5mm,Experiment_2
2025-10-23T01:27:14.602Z,37,770,1468,265,983,1720,3495,2783,10408,4072,4696,15756,Day_1,Dark,Fast,2.5mm,Experiment_2
2025-10-23T01:27:14.642Z,30,769,1460,257,982,1710,3493,2368,10426,4076,4645,15772,Day_1,Dark,Fast,2.5mm,Experiment_2
2025-10-23T01:27:14.682Z,22,763,1455,248,979,1699,3478,2008,10387,4059,4583,15680,Day_1,Dark,Fast,2.5mm,Experiment_2
2025-10-23T01:27:14.722Z,19,754,1457,246,974,1693,3455,1882,10286,4019,4535,15439,Day_1,Dark,Fast,2.5mm,Experiment_2
2025-10-23T01:27:14.762Z,20,749,1464,248,972,1691,3441,1883,10163,3971,4465,15121,Day_1,Dark,Fast,2.5mm,Experiment_2
2025-10-23T01:27:14.802Z,21,757,1471,249,978,1695,3441,2049,10105,3949,4424,14963,Day_1,Dark,Fast,2.5mm,Experiment_2
2025-10-23T01:27:14.842Z,22,774,1475,249,990,1702,3447,2443,10148,3966,4495,15093,Day_1,Dark,Fast,2.5mm,Experiment_2
2025-10-23T01:27:14.882Z,25,792,1474,248,1005,1707,3452,2841,10228,3999,4610,15337,Day_1,Dark,Fast,2.5mm,Experiment_2
2025-10-23T01:27:14.922Z,25,800,1466,245,1014,1705,3454,3128,10278,4017,4681,15482,Day_1,Dark,Fast,2.5mm,Experiment_2
2025-10-23T01:27:14.962Z,22,801,1458,241,1015,1698,3458,3382,10294,4024,4734,15518,Day_1,Dark,Fast,2.5mm,Experiment_2
2025-10-23T01:27:15.002Z,20,799,1452,241,1014,1694,3467,3605,10307,4034,4812,15553,Day_1,Dark,Fast,2.5mm,Experiment_2
2025-10-23T01:27:15.042Z,23,794,1450,247,1012,1697,3480,3662,10339,4052,4876,15638,Day_1,Dark,Fast,2.5mm,Experiment_2
2025-10-23T01:27:15.082Z,26,791,1451,250,1012,1702,3491,3473,10373,4068,4875,15720,Day_1,Dark,Fast,2.5mm,Experiment_2
2025-10-23T01:27:15.122Z,26,792,1451,250,1018,1702,3492,3187,10377,4069,4831,15720,Day_1,Dark,Fast,2.5mm,Experiment_2
2025-10-23T01:27:15.162Z,26,788,1452,248,1017,1695,3490,2958,10321,4048,4762,15565,Day_1,Dark,Fast,2.5mm,Experiment_2
2025-10-23T01:27:15.202Z,32,779,1453,251,1001,1687,3486,2845,10208,4003,4655,15257,Day_1,Dark,Fast,2.5mm,Experiment_2
2025-10-23T01:27:15.242Z,40,769,1455,257,983,1685,3478,2876,10116,3960,4569,14998,Day_1,Dark,Fast,2.5mm,Experiment_2
2025-10-23T01:27:15.282Z,43,763,1460,259,974,1692,3477,2977,10123,3960,4575,15015,Day_1,Dark,Fast,2.5mm,Experiment_2
2025-10-23T01:27:15.322Z,36,762,1467,255,974,1704,3484,3045,10199,3993,4642,15221,Day_1,Dark,Fast,2.5mm,Experiment_2
2025-10-23T01:27:15.362Z,27,772,1468,249,982,1708,3488,3063,10257,4021,4690,15377,Day_1,Dark,Fast,2.5mm,Experiment_2
2025-10-23T01:27:15.402Z,25,785,1460,247,994,1703,3489,3063,10272,4032,4706,15427,Day_1,Dark,Fast,2.5mm,Experiment_2
2025-10-23T01:27:15.442Z,38,791,1452,253,1001,1698,3498,3078,10284,4040,4734,15483,Day_1,Dark,Fast,2.5mm,Experiment_2
2025-10-23T01:27:15.482Z,60,790,1452,262,1003,1698,3511,3103,10316,4054,4786,15604,Day_1,Dark,Fast,2.5mm,Experiment_2
2025-10-23T01:27:15.522Z,69,791,1457,263,1005,1700,3516,3115,10349,4065,4825,15713,Day_1,Dark,Fast,2.5mm,Experiment_2
2025-10-23T01:27:15.562Z,60,798,1468,259,1010,1706,3505,3107,10362,4065,4822,15732,Day_1,Dark,Fast,2.5mm,Experiment_2
2025-10-23T01:27:15.602Z,48,806,1478,257,1014,1713,3479,3085,10333,4046,4773,15616,Day_1,Dark,Fast,2.5mm,Experiment_2
2025-10-23T01:27:15.642Z,42,803,1479,257,1007,1714,3449,3063,10246,4003,4684,15356,Day_1,Dark,Fast,2.5mm,Experiment_2
2025-10-23T01:27:15.682Z,37,787,1473,255,992,1709,3433,3053,10149,3964,4604,15105,Day_1,Dark,Fast,2.5mm,Experiment_2
2025-10-23T01:27:15.722Z,31,770,1468,251,981,1705,3440,3056,10121,3959,4592,15061,Day_1,Dark,Fast,2.5mm,Experiment_2
2025-10-23T01:27:15.762Z,28,764,1466,250,979,1702,3455,3060,10165,3979,4634,15197,Day_1,Dark,Fast,2.5mm,Experiment_2
2025-10-23T01:27:15.802Z,28,768,1468,252,983,1703,3463,3062,10228,4002,4683,15362,Day_1,Dark,Fast,2.5mm,Experiment_2
2025-10-23T01:27:15.842Z,27,773,1469,253,985,1704,3470,3070,10273,4023,4718,15477,Day_1,Dark,Fast,2.5mm,Experiment_2
2025-10-23T01:27:15.882Z,23,775,1470,252,986,1703,3480,3082,10307,4045,4743,15566,Day_1,Dark,Fast,2.5mm,Experiment_2
2025-10-23T01:27:15.922Z,19,778,1473,248,990,1706,3486,3097,10344,4065,4770,15663,Day_1,Dark,Fast,2.5mm,Experiment_2
2025-10-23T01:27:15.962Z,19,783,1474,245,997,1710,3486,3110,10375,4076,4797,15740,Day_1,Dark,Fast,2.5mm,Experiment_2
2025-10-23T01:27:16.002Z,24,785,1468,246,1001,1708,3490,3115,10379,4075,4807,15744,Day_1,Dark,Fast,2.5mm,Experiment_2
2025-10-23T01:27:16.042Z,29,780,1458,250,998,1701,3498,3109,10333,4059,4778,15626,Day_1,Dark,Fast,2.5mm,Experiment_2
2025-10-23T01:27:16.082Z,33,773,1449,253,991,1691,3501,3093,10240,4024,4702,15375,Day_1,Dark,Fast,2.5mm,Experiment_2
2025-10-23T01:27:16.122Z,33,771,1443,255,988,1682,3492,3079,10158,3987,4623,15128,Day_1,Dark,Fast,2.5mm,Experiment_2
2025-10-23T01:27:16.162Z,35,773,1446,261,986,1680,3480,3077,10148,3976,4605,15072,Day_1,Dark,Fast,2.5mm,Experiment_2
2025-10-23T01:27:16.202Z,38,773,1456,266,982,1686,3477,3085,10196,3995,4651,15210,Day_1,Dark,Fast,2.5mm,Experiment_2
2025-10-23T01:27:16.242Z,39,769,1467,267,978,1692,3479,3091,10250,4019,4708,15391,Day_1,Dark,Fast,2.5mm,Experiment_2
2025-10-23T01:27:16.282Z,38,767,1469,266,979,1696,3485,3095,10285,4034,4744,15509,Day_1,Dark,Fast,2.5mm,Experiment_2
2025-10-23T01:27:16.322Z,38,767,1464,266,986,1698,3494,3100,10308,4045,4764,15578,Day_1,Dark,Fast,2.5mm,Experiment_2
2025-10-23T01:27:16.362Z,35,770,1458,266,994,1698,3505,3101,10332,4060,4778,15645,Day_1,Dark,Fast,2.5mm,Experiment_2
2025-10-23T01:27:16.402Z,26,776,1454,261,1001,1697,3515,3089,10356,4076,4787,15714,Day_1,Dark,Fast,2.5mm,Experiment_2
2025-10-23T01:27:16.442Z,17,785,1456,253,1007,1697,3520,3070,10365,4087,4786,15748,Day_1,Dark,Fast,2.5mm,Experiment_2
2025-10-23T01:27:16.482Z,11,791,1463,244,1009,1701,3519,3054,10344,4087,4765,15692,Day_1,Dark,Fast,2.5mm,Experiment_2
2025-10-23T01:27:16.522Z,9,791,1468,236,1005,1700,3512,3046,10277,4073,4706,15484,Day_1,Dark,Fast,2.5mm,Experiment_2
2025-10-23T01:27:16.562Z,10,785,1464,232,991,1689,3504,3053,10179,4054,4614,15159,Day_1,Dark,Fast,2.5mm,Experiment_2
2025-10-23T01:27:16.602Z,12,778,1456,235,970,1678,3503,3071,10120,4040,4558,14950,Day_1,Dark,Fast,2.5mm,Experiment_2
2025-10-23T01:27:16.642Z,16,773,1458,244,952,1681,3509,3086,10150,4034,4593,15043,Day_1,Dark,Fast,2.5mm,Experiment_2
2025-10-23T01:27:16.682Z,20,772,1467,252,947,1694,3510,3082,10214,4034,4665,15282,Day_1,Dark,Fast,2.5mm,Experiment_2
2025-10-23T01:27:16.722Z,23,773,1472,255,957,1702,3498,3065,10244,4033,4698,15417,Day_1,Dark,Fast,2.5mm,Experiment_2
2025-10-23T01:27:16.762Z,22,773,1470,253,972,1701,3483,3056,10246,4031,4696,15431,Day_1,Dark,Fast,2.5mm,Experiment_2
2025-10-23T01:27:16.802Z,19,771,1466,250,983,1697,3483,3071,10269,4037,4713,15467,Day_1,Dark,Fast,2.5mm,Experiment_2
2025-10-23T01:27:16.842Z,21,767,1463,251,986,1696,3491,3101,10325,4056,4758,15581,Day_1,Dark,Fast,2.5mm,Experiment_2
2025-10-23T01:27:16.882Z,28,769,1465,256,989,1700,3494,3117,10377,4079,4795,15691,Day_1,Dark,Fast,2.5mm,Experiment_2
2025-10-23T01:27:16.923Z,34,777,1469,257,995,1704,3497,3110,10390,4101,4798,15713,Day_1,Dark,Fast,2.5mm,Experiment_2
2025-10-23T01:27:16.963Z,34,782,1471,255,996,1704,3505,3090,10344,4117,4755,15584,Day_1,Dark,Fast,2.5mm,Experiment_2
2025-10-23T01:27:17.003Z,28,776,1467,250,987,1698,3509,3070,10240,4117,4666,15301,Day_1,Dark,Fast,2.5mm,Experiment_2
2025-10-23T01:27:17.043Z,23,765,1464,248,976,1694,3506,3057,10143,4093,4583,15040,Day_1,Dark,Fast,2.5mm,Experiment_2
2025-10-23T01:27:17.083Z,23,763,1468,251,977,1699,3506,3062,10132,4055,4576,15020,Day_1,Dark,Fast,2.5mm,Experiment_2
2025-10-23T01:27:17.123Z,26,775,1473,254,992,1707,3504,3077,10186,4028,4629,15192,Day_1,Dark,Fast,2.5mm,Experiment_2
2025-10-23T01:27:17.163Z,22,790,1474,248,1007,1711,3491,3078,10238,4018,4677,15360,Day_1,Dark,Fast,2.5mm,Experiment_2
2025-10-23T01:27:17.203Z,14,795,1470,237,1008,1708,3481,3067,10263,4021,4697,15445,Day_1,Dark,Fast,2.5mm,Experiment_2
2025-10-23T01:27:17.243Z,9,785,1461,232,999,1704,3491,3069,10290,4041,4721,15521,Day_1,Dark,Fast,2.5mm,Experiment_2
2025-10-23T01:27:17.282Z,9,772,1456,235,990,1703,3509,3083,10335,4070,4760,15642,Day_1,Dark,Fast,2.5mm,Experiment_2
2025-10-23T01:27:17.322Z,9,767,1457,242,989,1705,3513,3094,10370,4084,4792,15741,Day_1,Dark,Fast,2.5mm,Experiment_2
2025-10-23T01:27:17.362Z,10,765,1460,245,991,1705,3500,3088,10373,4075,4795,15747,Day_1,Dark,Fast,2.5mm,Experiment_2
2025-10-23T01:27:17.402Z,11,762,1460,244,986,1701,3484,3076,10331,4050,4758,15624,Day_1,Dark,Fast,2.5mm,Experiment_2
2025-10-23T01:27:17.442Z,11,767,1453,240,982,1689,3474,3066,10244,4014,4682,15376,Day_1,Dark,Fast,2.5mm,Experiment_2
2025-10-23T01:27:17.482Z,15,780,1442,239,985,1676,3469,3060,10164,3980,4609,15150,Day_1,Dark,Fast,2.5mm,Experiment_2
2025-10-23T01:27:17.522Z,22,789,1435,245,991,1672,3470,3059,10148,3974,4594,15115,Day_1,Dark,Fast,2.5mm,Experiment_2
2025-10-23T01:27:17.562Z,29,791,1434,253,996,1676,3476,3063,10190,3993,4633,15242,Day_1,Dark,Fast,2.5mm,Experiment_2
2025-10-23T01:27:17.602Z,30,796,1438,255,1005,1684,3487,3070,10245,4018,4683,15397,Day_1,Dark,Fast,2.5mm,Experiment_2
2025-10-23T01:27:17.642Z,29,807,1445,255,1018,1693,3503,3080,10288,4038,4723,15511,Day_1,Dark,Fast,2.5mm,Experiment_2
2025-10-23T01:27:17.682Z,27,811,1454,255,1026,1702,3513,3087,10324,4052,4755,15598,Day_1,Dark,Fast,2.5mm,Experiment_2
2025-10-23T01:27:17.722Z,20,804,1462,248,1025,1708,3513,3094,10356,4063,4784,15679,Day_1,Dark,Fast,2.5mm,Experiment_2
2025-10-23T01:27:17.762Z,10,796,1467,236,1021,1712,3508,3103,10377,4070,4806,15740,Day_1,Dark,Fast,2.5mm,Experiment_2
2025-10-23T01:27:17.802Z,6,790,1470,227,1016,1713,3505,3108,10371,4071,4805,15746,Day_1,Dark,Fast,2.5mm,Experiment_2
2025-10-23T01:27:17.842Z,9,783,1468,231,1006,1710,3499,3100,10329,4058,4767,15651,Day_1,Dark,Fast,2.5mm,Experiment_2
2025-10-23T01:27:17.882Z,17,774,1460,242,992,1701,3477,3078,10248,4024,4686,15422,Day_1,Dark,Fast,2.5mm,Experiment_2
2025-10-23T01:27:17.922Z,26,767,1448,250,983,1687,3439,3046,10161,3979,4596,15153,Day_1,Dark,Fast,2.5mm,Experiment_2
2025-10-23T01:27:17.962Z,33,768,1439,253,983,1675,3408,3016,10135,3965,4572,15052,Day_1,Dark,Fast,2.5mm,Experiment_2
2025-10-23T01:27:18.003Z,35,779,1440,256,994,1675,3409,3001,10186,3991,4646,15199,Day_1,Dark,Fast,2.5mm,Experiment_2
2025-10-23T01:27:18.043Z,35,794,1446,259,1008,1683,3433,3010,10258,4021,4738,15418,Day_1,Dark,Fast,2.5mm,Experiment_2
2025-10-23T01:27:18.083Z,37,803,1452,264,1016,1693,3451,3039,10296,4029,4770,15539,Day_1,Dark,Fast,2.5mm,Experiment_2
2025-10-23T01:27:18.123Z,41,807,1457,268,1018,1702,3457,3070,10304,4028,4762,15568,Day_1,Dark,Fast,2.5mm,Experiment_2
2025-10-23T01:27:18.163Z,43,805,1462,269,1018,1707,3463,3085,10313,4036,4762,15598,Day_1,Dark,Fast,2.5mm,Experiment_2
2025-10-23T01:27:18.203Z,41,800,1465,266,1018,1708,3473,3086,10337,4051,4780,15661,Day_1,Dark,Fast,2.5mm,Experiment_2
2025-10-23T01:27:18.243Z,37,794,1466,262,1016,1708,3482,3078,10361,4063,4799,15717,Day_1,Dark,Fast,2.5mm,Experiment_2
2025-10-23T01:27:18.283Z,32,788,1465,258,1012,1706,3487,3067,10359,4061,4799,15700,Day_1,Dark,Fast,2.5mm,Experiment_2
2025-10-23T01:27:18.323Z,30,779,1465,255,1004,1702,3486,3060,10299,4033,4778,15532,Day_1,Dark,Fast,2.5mm,Experiment_2
2025-10-23T01:27:18.362Z,32,771,1468,256,993,1700,3481,3061,10184,3982,4743,15214,Day_1,Dark,Fast,2.5mm,Experiment_2
2025-10-23T01:27:18.402Z,37,772,1475,258,988,1702,3478,3069,10094,3945,4706,14969,Day_1,Dark,Fast,2.5mm,Experiment_2
2025-10-23T01:27:18.442Z,37,781,1478,258,991,1707,3484,3077,10110,3959,4687,15022,Day_1,Dark,Fast,2.5mm,Experiment_2
2025-10-23T01:27:18.482Z,34,785,1475,255,994,1710,3498,3078,10193,4003,4694,15256,Day_1,Dark,Fast,2.5mm,Experiment_2
2025-10-23T01:27:18.522Z,35,783,1469,254,992,1708,3517,3075,10252,4036,4704,15408,Day_1,Dark,Fast,2.5mm,Experiment_2
2025-10-23T01:27:18.562Z,39,780,1466,257,989,1707,3536,3069,10264,4048,4702,15431,Day_1,Dark,Fast,2.5mm,Experiment_2
2025-10-23T01:27:18.602Z,39,775,1468,259,986,1711,3548,3058,10269,4056,4708,15459,Day_1,Dark,Fast,2.5mm,Experiment_2
2025-10-23T01:27:18.642Z,34,771,1473,259,988,1716,3548,3051,10298,4069,4740,15564,Day_1,Dark,Fast,2.5mm,Experiment_2
2025-10-23T01:27:18.682Z,31,775,1477,259,998,1717,3541,3061,10332,4082,4775,15672,Day_1,Dark,Fast,2.5mm,Experiment_2
2025-10-23T01:27:18.722Z,36,783,1479,258,1008,1714,3533,3096,10349,4086,4790,15701,Day_1,Dark,Fast,2.5mm,Experiment_2
2025-10-23T01:27:18.762Z,41,785,1476,257,1008,1706,3519,3141,10321,4068,4761,15592,Day_1,Dark,Fast,2.5mm,Experiment_2
2025-10-23T01:27:18.802Z,41,780,1469,256,998,1694,3494,3170,10233,4022,4676,15333,Day_1,Dark,Fast,2.5mm,Experiment_2
2025-10-23T01:27:18.842Z,39,778,1460,255,992,1686,3473,3164,10139,3977,4593,15084,Day_1,Dark,Fast,2.5mm,Experiment_2
2025-10-23T01:27:18.882Z,37,779,1455,256,994,1687,3471,3128,10114,3970,4584,15048,Day_1,Dark,Fast,2.5mm,Experiment_2
2025-10-23T01:27:18.922Z,36,778,1454,257,997,1691,3480,3091,10160,3993,4632,15191,Day_1,Dark,Fast,2.5mm,Experiment_2
2025-10-23T01:27:18.962Z,37,772,1456,262,994,1695,3488,3068,10225,4021,4679,15352,Day_1,Dark,Fast,2.5mm,Experiment_2
2025-10-23T01:27:19.002Z,42,767,1461,268,989,1701,3500,3057,10270,4044,4703,15453,Day_1,Dark,Fast,2.5mm,Experiment_2
2025-10-23T01:27:19.042Z,46,770,1469,271,991,1711,3515,3062,10301,4065,4728,15535,Day_1,Dark,Fast,2.5mm,Experiment_2
2025-10-23T01:27:19.083Z,43,775,1474,268,998,1718,3527,3080,10334,4085,4770,15643,Day_1,Dark,Fast,2.5mm,Experiment_2
2025-10-23T01:27:19.123Z,34,777,1473,260,1002,1717,3526,3096,10359,4094,4807,15731,Day_1,Dark,Fast,2.5mm,Experiment_2
2025-10-23T01:27:19.163Z,27,779,1467,254,1002,1710,3516,3096,10357,4087,4810,15734,Day_1,Dark,Fast,2.5mm,Experiment_2
2025-10-23T01:27:19.203Z,27,784,1461,253,1001,1703,3513,3082,10307,4069,4768,15605,Day_1,Dark,Fast,2.5mm,Experiment_2
